TransactionID,CardType,CardTier,AmountUSD,MerchantCategory,DeviceOS,CountryCode,CVV_Result,ThreeDSecureStatus,VelocityLastHour,RiskEngineScore,IsChargeback
CGW_0000001,DEBIT,CLASSIC,4088.16,5812_RESTAURANT,Linux_Firefox,AU,MATCH,SUCCESS_BIOMETRIC,8,0.60,0
CGW_0000002,PREPAID,PLATINUM,4370.12,5812_RESTAURANT,iOS,SG,MATCH,SUCCESS_OTP,4,0.45,0
CGW_0000003,PREPAID,INFINITE,1078.50,4829_MONEY_TRANSFER,MacOS_Safari,SG,MATCH,FAILED,4,0.47,0
CGW_0000004,PREPAID,GOLD,2993.24,4829_MONEY_TRANSFER,Windows_Chrome,DE,MATCH,FAILED,12,0.09,0
CGW_0000005,CREDIT,INFINITE,3923.87,7995_BETTING,Android,IN,MATCH,SUCCESS_OTP,6,0.37,1
CGW_0000006,PREPAID,GOLD,2542.03,5411_GROCERY,Android,DE,MATCH,BYPASSED,3,0.07,0
CGW_0000007,PREPAID,INFINITE,4034.39,4829_MONEY_TRANSFER,Linux_Firefox,GB,MISMATCH,BYPASSED,3,0.86,1
CGW_0000008,CREDIT,CLASSIC,4291.80,5411_GROCERY,iOS,CA,MISMATCH,SUCCESS_OTP,10,0.67,1
CGW_0000009,CORPORATE,CLASSIC,3566.09,4722_TRAVEL,Android,GB,MATCH,FAILED,3,0.97,1
CGW_0000010,DEBIT,GOLD,3980.72,4829_MONEY_TRANSFER,Windows_Chrome,IN,MATCH,BYPASSED,11,0.46,1
CGW_0000011,CREDIT,SIGNATURE,1264.12,5812_RESTAURANT,Android,AU,MATCH,FAILED,6,0.12,0
CGW_0000012,CREDIT,PLATINUM,1266.27,5411_GROCERY,Android,US,MISMATCH,FAILED,1,0.65,1
CGW_0000013,DEBIT,SIGNATURE,3559.87,4722_TRAVEL,MacOS_Safari,SG,MATCH,BYPASSED,6,0.03,1
CGW_0000014,CORPORATE,SIGNATURE,1806.58,4722_TRAVEL,iOS,SG,MATCH,SUCCESS_BIOMETRIC,2,0.15,0
CGW_0000015,PREPAID,PLATINUM,550.80,4829_MONEY_TRANSFER,iOS,SG,MATCH,SUCCESS_BIOMETRIC,9,0.14,0
CGW_0000016,PREPAID,CLASSIC,1354.43,4722_TRAVEL,Windows_Chrome,AE,MATCH,FAILED,5,0.21,0
CGW_0000017,DEBIT,GOLD,228.02,4722_TRAVEL,Windows_Chrome,AU,MISMATCH,SUCCESS_OTP,12,0.27,1
CGW_0000018,CREDIT,PLATINUM,3480.60,7995_BETTING,MacOS_Safari,US,MATCH,FAILED,11,0.92,1
CGW_0000019,DEBIT,SIGNATURE,2195.85,5411_GROCERY,iOS,AE,MATCH,SUCCESS_OTP,8,0.97,1
CGW_0000020,CREDIT,SIGNATURE,664.88,5411_GROCERY,MacOS_Safari,AE,MATCH,SUCCESS_BIOMETRIC,11,0.36,0
CGW_0000021,CREDIT,CLASSIC,4416.32,4722_TRAVEL,Android,GB,MATCH,SUCCESS_BIOMETRIC,4,0.45,1
CGW_0000022,DEBIT,CLASSIC,477.04,5411_GROCERY,Linux_Firefox,CA,MATCH,FAILED,2,0.90,1
CGW_0000023,CREDIT,GOLD,2020.34,4722_TRAVEL,Linux_Firefox,IN,MATCH,FAILED,12,0.75,0
CGW_0000024,CREDIT,GOLD,1300.61,5411_GROCERY,Linux_Firefox,IN,MATCH,BYPASSED,12,0.24,0
CGW_0000025,CORPORATE,INFINITE,685.63,4722_TRAVEL,Windows_Chrome,US,MATCH,BYPASSED,4,0.39,0
CGW_0000026,DEBIT,INFINITE,905.74,7995_BETTING,Android,GB,MISMATCH,FAILED,4,0.49,1
CGW_0000027,CREDIT,SIGNATURE,3403.75,5812_RESTAURANT,Android,US,MATCH,BYPASSED,7,0.53,1
CGW_0000028,PREPAID,PLATINUM,2669.01,5812_RESTAURANT,Linux_Firefox,AU,MATCH,SUCCESS_OTP,5,0.45,0
CGW_0000029,DEBIT,GOLD,2977.39,4829_MONEY_TRANSFER,Windows_Chrome,US,MISMATCH,SUCCESS_OTP,4,0.36,1
CGW_0000030,CORPORATE,GOLD,568.98,5411_GROCERY,MacOS_Safari,GB,MISMATCH,FAILED,12,0.27,1
CGW_0000031,PREPAID,PLATINUM,3842.25,5732_ELECTRONICS,Android,AU,MATCH,SUCCESS_BIOMETRIC,1,0.42,0
CGW_0000032,CREDIT,GOLD,3209.94,4722_TRAVEL,iOS,AU,MATCH,FAILED,3,0.62,0
CGW_0000033,CORPORATE,SIGNATURE,1095.47,4829_MONEY_TRANSFER,Android,IN,MISMATCH,SUCCESS_OTP,8,0.62,1
CGW_0000034,CREDIT,GOLD,3985.08,5812_RESTAURANT,MacOS_Safari,CA,MISMATCH,SUCCESS_BIOMETRIC,9,0.76,1
CGW_0000035,CORPORATE,PLATINUM,3330.71,4722_TRAVEL,Android,US,MATCH,SUCCESS_OTP,12,0.02,1
CGW_0000036,DEBIT,PLATINUM,2533.00,7995_BETTING,Windows_Chrome,SG,MATCH,SUCCESS_BIOMETRIC,9,0.15,1
CGW_0000037,CORPORATE,PLATINUM,541.53,4829_MONEY_TRANSFER,Android,AU,MATCH,SUCCESS_BIOMETRIC,3,0.15,0
CGW_0000038,CORPORATE,INFINITE,2166.93,5732_ELECTRONICS,iOS,CA,MATCH,BYPASSED,1,0.19,0
CGW_0000039,PREPAID,GOLD,173.40,5732_ELECTRONICS,Windows_Chrome,GB,MISMATCH,SUCCESS_BIOMETRIC,4,0.64,1
CGW_0000040,DEBIT,SIGNATURE,3478.26,5812_RESTAURANT,Linux_Firefox,CA,MISMATCH,BYPASSED,5,0.23,1
CGW_0000041,PREPAID,SIGNATURE,2326.03,5732_ELECTRONICS,MacOS_Safari,GB,MATCH,FAILED,7,0.12,0
CGW_0000042,PREPAID,PLATINUM,956.82,7995_BETTING,MacOS_Safari,SG,MATCH,SUCCESS_OTP,11,0.09,1
CGW_0000043,CREDIT,INFINITE,1367.86,5732_ELECTRONICS,Linux_Firefox,DE,MATCH,BYPASSED,11,0.61,0
CGW_0000044,DEBIT,PLATINUM,3550.64,4722_TRAVEL,Linux_Firefox,AE,MATCH,SUCCESS_BIOMETRIC,7,0.90,1
CGW_0000045,DEBIT,SIGNATURE,3581.73,4829_MONEY_TRANSFER,Linux_Firefox,GB,MATCH,BYPASSED,11,0.18,0
CGW_0000046,PREPAID,PLATINUM,3956.30,5411_GROCERY,Windows_Chrome,DE,MISMATCH,BYPASSED,1,0.70,1
CGW_0000047,CORPORATE,SIGNATURE,182.06,5812_RESTAURANT,iOS,CA,MATCH,SUCCESS_OTP,8,0.07,0
CGW_0000048,PREPAID,INFINITE,1007.76,5732_ELECTRONICS,Android,SG,MATCH,BYPASSED,10,0.27,0
CGW_0000049,DEBIT,GOLD,1608.29,5411_GROCERY,Linux_Firefox,GB,MISMATCH,BYPASSED,6,0.59,1
CGW_0000050,PREPAID,CLASSIC,3362.29,4722_TRAVEL,MacOS_Safari,SG,MISMATCH,SUCCESS_OTP,6,0.03,1
CGW_0000051,DEBIT,PLATINUM,3426.98,5411_GROCERY,Android,AE,MATCH,BYPASSED,1,0.54,1
CGW_0000052,DEBIT,PLATINUM,3163.66,5411_GROCERY,Linux_Firefox,AE,MISMATCH,SUCCESS_OTP,2,0.46,1
CGW_0000053,CORPORATE,INFINITE,1745.96,4722_TRAVEL,Windows_Chrome,DE,MATCH,SUCCESS_OTP,9,0.26,0
CGW_0000054,CREDIT,INFINITE,1887.25,5411_GROCERY,Android,SG,MISMATCH,SUCCESS_BIOMETRIC,9,0.12,1
CGW_0000055,PREPAID,PLATINUM,855.90,4829_MONEY_TRANSFER,MacOS_Safari,IN,MATCH,BYPASSED,11,0.34,0
CGW_0000056,CREDIT,PLATINUM,3383.97,4722_TRAVEL,Linux_Firefox,AE,MATCH,SUCCESS_BIOMETRIC,11,0.35,0
CGW_0000057,CORPORATE,GOLD,150.28,4829_MONEY_TRANSFER,Android,US,MATCH,SUCCESS_BIOMETRIC,2,0.20,0
CGW_0000058,DEBIT,INFINITE,1908.32,7995_BETTING,MacOS_Safari,CA,MATCH,SUCCESS_OTP,7,0.51,1
CGW_0000059,CORPORATE,PLATINUM,2993.10,4722_TRAVEL,Android,AE,MISMATCH,SUCCESS_OTP,11,0.19,1
CGW_0000060,DEBIT,INFINITE,4234.34,5411_GROCERY,Android,US,MATCH,BYPASSED,2,0.21,1
CGW_0000061,CREDIT,GOLD,2835.73,4722_TRAVEL,Linux_Firefox,SG,MISMATCH,FAILED,12,0.12,1
CGW_0000062,CREDIT,SIGNATURE,1093.91,5732_ELECTRONICS,Windows_Chrome,US,MISMATCH,SUCCESS_BIOMETRIC,10,0.93,1
CGW_0000063,CREDIT,GOLD,3805.76,4722_TRAVEL,iOS,IN,MATCH,SUCCESS_BIOMETRIC,12,0.96,1
CGW_0000064,CORPORATE,CLASSIC,4096.27,4722_TRAVEL,Windows_Chrome,US,MATCH,SUCCESS_BIOMETRIC,7,0.65,1
CGW_0000065,CREDIT,SIGNATURE,3498.50,5732_ELECTRONICS,Windows_Chrome,CA,MISMATCH,SUCCESS_BIOMETRIC,3,0.33,1
CGW_0000066,CORPORATE,PLATINUM,1917.27,4722_TRAVEL,Windows_Chrome,US,MATCH,SUCCESS_BIOMETRIC,1,0.80,0
CGW_0000067,CORPORATE,PLATINUM,2160.38,7995_BETTING,Linux_Firefox,AE,MATCH,FAILED,6,0.96,1
CGW_0000068,PREPAID,SIGNATURE,1899.22,5812_RESTAURANT,MacOS_Safari,SG,MATCH,SUCCESS_OTP,3,0.94,1
CGW_0000069,DEBIT,SIGNATURE,469.08,7995_BETTING,Linux_Firefox,AU,MATCH,BYPASSED,9,0.26,1
CGW_0000070,CREDIT,GOLD,4265.35,5732_ELECTRONICS,Windows_Chrome,DE,MATCH,BYPASSED,3,0.97,1
CGW_0000071,CREDIT,INFINITE,3293.81,4722_TRAVEL,Android,DE,MATCH,SUCCESS_OTP,12,0.55,0
CGW_0000072,CREDIT,PLATINUM,821.34,5411_GROCERY,MacOS_Safari,SG,MATCH,BYPASSED,5,0.27,0
CGW_0000073,CREDIT,INFINITE,1019.46,4722_TRAVEL,MacOS_Safari,DE,MATCH,SUCCESS_BIOMETRIC,5,0.95,1
CGW_0000074,CORPORATE,CLASSIC,2877.27,4722_TRAVEL,Linux_Firefox,CA,MATCH,FAILED,11,0.95,1
CGW_0000075,DEBIT,GOLD,3988.67,4829_MONEY_TRANSFER,Windows_Chrome,AU,MATCH,SUCCESS_OTP,6,0.28,0
CGW_0000076,CORPORATE,CLASSIC,3232.82,5732_ELECTRONICS,Windows_Chrome,IN,MATCH,SUCCESS_BIOMETRIC,9,0.61,0
CGW_0000077,CORPORATE,CLASSIC,3362.06,5812_RESTAURANT,MacOS_Safari,AE,MATCH,SUCCESS_OTP,6,0.47,1
CGW_0000078,DEBIT,CLASSIC,3376.67,5812_RESTAURANT,MacOS_Safari,AE,MATCH,FAILED,8,0.38,0
CGW_0000079,PREPAID,GOLD,2398.04,4722_TRAVEL,MacOS_Safari,GB,MISMATCH,BYPASSED,10,0.37,1
CGW_0000080,CORPORATE,CLASSIC,2233.70,7995_BETTING,MacOS_Safari,DE,MATCH,SUCCESS_OTP,2,0.02,1
CGW_0000081,CORPORATE,PLATINUM,1001.78,5411_GROCERY,Android,US,MATCH,SUCCESS_OTP,5,0.25,0
CGW_0000082,PREPAID,INFINITE,3949.40,4829_MONEY_TRANSFER,Windows_Chrome,IN,MATCH,SUCCESS_OTP,1,0.14,0
CGW_0000083,DEBIT,INFINITE,3732.44,4829_MONEY_TRANSFER,iOS,AU,MISMATCH,SUCCESS_BIOMETRIC,1,0.62,1
CGW_0000084,DEBIT,PLATINUM,523.86,7995_BETTING,Android,AE,MATCH,BYPASSED,4,0.42,1
CGW_0000085,CREDIT,PLATINUM,1850.53,4829_MONEY_TRANSFER,Linux_Firefox,GB,MISMATCH,FAILED,6,0.87,1
CGW_0000086,DEBIT,SIGNATURE,2900.89,5812_RESTAURANT,Windows_Chrome,AE,MISMATCH,BYPASSED,4,0.50,1
CGW_0000087,CORPORATE,CLASSIC,872.90,4829_MONEY_TRANSFER,iOS,IN,MISMATCH,SUCCESS_OTP,6,0.02,1
CGW_0000088,PREPAID,INFINITE,1815.64,5812_RESTAURANT,Android,US,MATCH,SUCCESS_BIOMETRIC,6,0.03,0
CGW_0000089,DEBIT,PLATINUM,4383.42,7995_BETTING,MacOS_Safari,SG,MATCH,BYPASSED,8,0.50,1
CGW_0000090,DEBIT,PLATINUM,789.97,5812_RESTAURANT,iOS,US,MATCH,BYPASSED,2,0.36,0
CGW_0000091,DEBIT,GOLD,1630.53,5732_ELECTRONICS,Linux_Firefox,SG,MATCH,FAILED,11,0.43,0
CGW_0000092,CORPORATE,GOLD,4316.30,5812_RESTAURANT,Windows_Chrome,DE,MISMATCH,FAILED,8,0.21,1
CGW_0000093,CREDIT,INFINITE,430.47,4829_MONEY_TRANSFER,Android,CA,MATCH,SUCCESS_BIOMETRIC,2,0.61,0
CGW_0000094,CORPORATE,INFINITE,1246.27,4722_TRAVEL,Linux_Firefox,IN,MATCH,SUCCESS_OTP,2,0.72,0
CGW_0000095,CORPORATE,PLATINUM,3692.79,4722_TRAVEL,MacOS_Safari,IN,MATCH,SUCCESS_OTP,2,0.97,1
CGW_0000096,DEBIT,SIGNATURE,1871.70,5411_GROCERY,iOS,CA,MATCH,FAILED,4,0.19,0
CGW_0000097,CREDIT,GOLD,2308.73,4829_MONEY_TRANSFER,Android,US,MATCH,BYPASSED,12,0.29,0
CGW_0000098,DEBIT,GOLD,3087.98,4829_MONEY_TRANSFER,Linux_Firefox,DE,MATCH,BYPASSED,4,0.27,1
CGW_0000099,CORPORATE,GOLD,69.69,4722_TRAVEL,MacOS_Safari,IN,MATCH,SUCCESS_BIOMETRIC,11,0.63,0
CGW_0000100,CORPORATE,GOLD,1509.51,4829_MONEY_TRANSFER,Windows_Chrome,AE,MISMATCH,BYPASSED,9,0.35,1
CGW_0000101,CREDIT,INFINITE,1974.17,4829_MONEY_TRANSFER,iOS,GB,MATCH,SUCCESS_OTP,5,0.32,0
CGW_0000102,DEBIT,CLASSIC,1574.20,4829_MONEY_TRANSFER,Android,IN,MATCH,BYPASSED,10,0.53,0
CGW_0000103,PREPAID,GOLD,3001.94,4829_MONEY_TRANSFER,Linux_Firefox,SG,MATCH,BYPASSED,5,0.03,1
CGW_0000104,DEBIT,INFINITE,546.13,7995_BETTING,MacOS_Safari,DE,MATCH,BYPASSED,1,0.16,1
CGW_0000105,CREDIT,INFINITE,3917.61,5411_GROCERY,Linux_Firefox,US,MATCH,BYPASSED,1,0.35,1
CGW_0000106,DEBIT,PLATINUM,2364.79,4722_TRAVEL,iOS,DE,MATCH,FAILED,2,0.94,1
CGW_0000107,PREPAID,GOLD,1503.63,5732_ELECTRONICS,iOS,SG,MATCH,BYPASSED,12,0.81,0
CGW_0000108,CREDIT,GOLD,624.95,5812_RESTAURANT,Linux_Firefox,DE,MATCH,FAILED,7,0.83,0
CGW_0000109,PREPAID,SIGNATURE,2307.95,7995_BETTING,MacOS_Safari,IN,MATCH,SUCCESS_BIOMETRIC,2,0.94,1
CGW_0000110,CORPORATE,PLATINUM,3656.85,4829_MONEY_TRANSFER,Windows_Chrome,DE,MATCH,BYPASSED,11,0.75,0
CGW_0000111,PREPAID,PLATINUM,2987.56,4829_MONEY_TRANSFER,MacOS_Safari,US,MISMATCH,SUCCESS_BIOMETRIC,6,0.88,1
CGW_0000112,CORPORATE,CLASSIC,3448.48,5411_GROCERY,Windows_Chrome,IN,MISMATCH,SUCCESS_BIOMETRIC,5,0.04,1
CGW_0000113,CORPORATE,CLASSIC,3092.91,4722_TRAVEL,iOS,AE,MATCH,SUCCESS_OTP,4,0.20,1
CGW_0000114,CORPORATE,CLASSIC,3239.13,5411_GROCERY,Linux_Firefox,CA,MATCH,BYPASSED,12,0.45,0
CGW_0000115,CREDIT,SIGNATURE,4215.83,5411_GROCERY,Linux_Firefox,AU,MATCH,BYPASSED,3,0.73,0
CGW_0000116,CORPORATE,GOLD,110.92,4829_MONEY_TRANSFER,Linux_Firefox,GB,MATCH,SUCCESS_OTP,10,0.21,0
CGW_0000117,PREPAID,INFINITE,2988.67,7995_BETTING,Android,DE,MATCH,SUCCESS_OTP,9,0.45,1
CGW_0000118,PREPAID,GOLD,309.60,5812_RESTAURANT,Windows_Chrome,GB,MATCH,FAILED,5,0.55,0
CGW_0000119,CORPORATE,SIGNATURE,3005.68,5411_GROCERY,Linux_Firefox,IN,MATCH,SUCCESS_OTP,5,0.43,0
CGW_0000120,DEBIT,PLATINUM,1183.97,5411_GROCERY,Linux_Firefox,CA,MATCH,FAILED,8,0.38,0
CGW_0000121,PREPAID,PLATINUM,4486.47,5411_GROCERY,iOS,DE,MATCH,BYPASSED,3,0.11,1
CGW_0000122,CORPORATE,CLASSIC,4317.34,4829_MONEY_TRANSFER,iOS,US,MATCH,FAILED,4,0.14,1
CGW_0000123,PREPAID,INFINITE,2619.07,5812_RESTAURANT,Linux_Firefox,SG,MATCH,FAILED,9,0.10,0
CGW_0000124,PREPAID,GOLD,974.30,7995_BETTING,iOS,SG,MATCH,BYPASSED,1,0.61,1
CGW_0000125,CREDIT,PLATINUM,1726.90,4722_TRAVEL,MacOS_Safari,DE,MATCH,SUCCESS_OTP,4,0.38,0
CGW_0000126,CREDIT,PLATINUM,3498.72,4829_MONEY_TRANSFER,Windows_Chrome,CA,MATCH,BYPASSED,7,0.25,1
CGW_0000127,CORPORATE,INFINITE,3290.72,5411_GROCERY,Windows_Chrome,AU,MATCH,FAILED,8,0.77,1
CGW_0000128,CREDIT,SIGNATURE,2049.20,5732_ELECTRONICS,Windows_Chrome,AE,MISMATCH,BYPASSED,2,0.21,1
CGW_0000129,CORPORATE,GOLD,1427.52,4829_MONEY_TRANSFER,iOS,AE,MISMATCH,SUCCESS_BIOMETRIC,4,0.68,1
CGW_0000130,DEBIT,SIGNATURE,2702.63,5812_RESTAURANT,MacOS_Safari,CA,MATCH,FAILED,5,0.53,0
CGW_0000131,PREPAID,PLATINUM,3575.37,5732_ELECTRONICS,Windows_Chrome,CA,MATCH,SUCCESS_BIOMETRIC,5,0.69,0
CGW_0000132,PREPAID,CLASSIC,3880.82,4829_MONEY_TRANSFER,iOS,IN,MATCH,SUCCESS_BIOMETRIC,10,0.61,0
CGW_0000133,CORPORATE,GOLD,2351.61,7995_BETTING,Linux_Firefox,AE,MATCH,SUCCESS_OTP,3,0.09,1
CGW_0000134,CREDIT,INFINITE,1072.30,5732_ELECTRONICS,MacOS_Safari,US,MATCH,BYPASSED,9,0.12,0
CGW_0000135,CORPORATE,CLASSIC,217.29,4722_TRAVEL,Linux_Firefox,DE,MATCH,FAILED,8,0.22,0
CGW_0000136,PREPAID,PLATINUM,4461.99,5812_RESTAURANT,Windows_Chrome,IN,MISMATCH,BYPASSED,8,0.18,1
CGW_0000137,CREDIT,PLATINUM,2019.46,5812_RESTAURANT,Android,AE,MATCH,BYPASSED,10,0.68,0
CGW_0000138,CORPORATE,GOLD,2628.73,5732_ELECTRONICS,Linux_Firefox,IN,MATCH,SUCCESS_BIOMETRIC,7,0.89,1
CGW_0000139,DEBIT,GOLD,1872.87,4829_MONEY_TRANSFER,MacOS_Safari,SG,MISMATCH,SUCCESS_BIOMETRIC,8,0.28,1
CGW_0000140,PREPAID,INFINITE,461.63,7995_BETTING,MacOS_Safari,AU,MISMATCH,SUCCESS_OTP,5,0.96,1
CGW_0000141,CORPORATE,INFINITE,2339.69,5732_ELECTRONICS,Android,GB,MATCH,SUCCESS_OTP,2,0.62,0
CGW_0000142,PREPAID,GOLD,1912.76,4829_MONEY_TRANSFER,Linux_Firefox,GB,MATCH,BYPASSED,6,0.14,0
CGW_0000143,DEBIT,CLASSIC,1834.38,4722_TRAVEL,MacOS_Safari,CA,MATCH,FAILED,8,0.30,0
CGW_0000144,CORPORATE,PLATINUM,1821.55,5411_GROCERY,iOS,SG,MISMATCH,SUCCESS_BIOMETRIC,9,0.73,1
CGW_0000145,PREPAID,GOLD,4424.53,4722_TRAVEL,Android,CA,MATCH,SUCCESS_OTP,8,0.24,1
CGW_0000146,DEBIT,GOLD,2817.89,5812_RESTAURANT,Linux_Firefox,CA,MISMATCH,SUCCESS_BIOMETRIC,6,0.29,1
CGW_0000147,DEBIT,PLATINUM,1980.07,4829_MONEY_TRANSFER,Android,US,MATCH,BYPASSED,7,0.11,0
CGW_0000148,CORPORATE,PLATINUM,1981.66,4829_MONEY_TRANSFER,Android,IN,MISMATCH,BYPASSED,5,0.23,1
CGW_0000149,CREDIT,PLATINUM,671.80,5732_ELECTRONICS,MacOS_Safari,GB,MISMATCH,FAILED,7,0.28,1
CGW_0000150,CORPORATE,GOLD,3908.85,7995_BETTING,iOS,AU,MISMATCH,BYPASSED,7,0.38,1
CGW_0000151,DEBIT,CLASSIC,3647.08,5411_GROCERY,Android,US,MATCH,SUCCESS_OTP,8,0.77,0
CGW_0000152,CREDIT,INFINITE,614.03,5732_ELECTRONICS,MacOS_Safari,IN,MATCH,SUCCESS_BIOMETRIC,8,0.98,1
CGW_0000153,CORPORATE,INFINITE,1561.65,4722_TRAVEL,Android,DE,MATCH,SUCCESS_BIOMETRIC,7,0.62,0
CGW_0000154,CORPORATE,CLASSIC,1724.03,4722_TRAVEL,Windows_Chrome,DE,MATCH,SUCCESS_OTP,3,0.96,1
CGW_0000155,CORPORATE,PLATINUM,651.28,5411_GROCERY,Windows_Chrome,IN,MATCH,SUCCESS_OTP,8,0.44,0
CGW_0000156,DEBIT,SIGNATURE,3866.35,5411_GROCERY,Android,DE,MISMATCH,FAILED,9,0.69,1
CGW_0000157,PREPAID,INFINITE,252.80,4829_MONEY_TRANSFER,Android,AE,MISMATCH,BYPASSED,1,0.30,1
CGW_0000158,CORPORATE,PLATINUM,3598.06,5812_RESTAURANT,MacOS_Safari,AU,MISMATCH,FAILED,6,0.55,1
CGW_0000159,DEBIT,CLASSIC,3835.10,7995_BETTING,Windows_Chrome,IN,MATCH,SUCCESS_BIOMETRIC,6,0.10,1
CGW_0000160,PREPAID,SIGNATURE,2496.58,5411_GROCERY,Windows_Chrome,IN,MATCH,SUCCESS_OTP,7,0.39,0
CGW_0000161,CREDIT,PLATINUM,1534.94,4722_TRAVEL,iOS,AE,MATCH,SUCCESS_OTP,10,0.54,0
CGW_0000162,DEBIT,PLATINUM,1168.83,4722_TRAVEL,Linux_Firefox,IN,MATCH,SUCCESS_BIOMETRIC,4,0.95,1
CGW_0000163,CORPORATE,GOLD,545.82,4829_MONEY_TRANSFER,Android,DE,MATCH,FAILED,1,0.21,0
CGW_0000164,PREPAID,INFINITE,587.09,5411_GROCERY,MacOS_Safari,AU,MATCH,BYPASSED,9,0.37,0
CGW_0000165,CREDIT,PLATINUM,375.53,5812_RESTAURANT,MacOS_Safari,GB,MATCH,SUCCESS_BIOMETRIC,5,0.26,0
CGW_0000166,DEBIT,GOLD,960.17,5732_ELECTRONICS,Linux_Firefox,IN,MATCH,FAILED,12,0.92,1
CGW_0000167,CORPORATE,INFINITE,2551.22,5732_ELECTRONICS,Android,SG,MATCH,BYPASSED,11,0.08,0
CGW_0000168,PREPAID,GOLD,2979.08,7995_BETTING,MacOS_Safari,CA,MISMATCH,SUCCESS_OTP,1,0.74,1
CGW_0000169,CORPORATE,INFINITE,4342.52,4829_MONEY_TRANSFER,Android,US,MATCH,FAILED,7,0.63,1
CGW_0000170,CREDIT,SIGNATURE,3217.19,4829_MONEY_TRANSFER,iOS,CA,MATCH,SUCCESS_OTP,5,0.05,1
CGW_0000171,DEBIT,PLATINUM,1693.74,5812_RESTAURANT,Linux_Firefox,US,MATCH,FAILED,4,0.15,0
CGW_0000172,CORPORATE,SIGNATURE,1408.14,4829_MONEY_TRANSFER,Windows_Chrome,AE,MATCH,SUCCESS_BIOMETRIC,2,0.56,0
CGW_0000173,CORPORATE,PLATINUM,2352.10,5812_RESTAURANT,MacOS_Safari,AE,MATCH,BYPASSED,8,0.23,0
CGW_0000174,CORPORATE,INFINITE,2320.93,5732_ELECTRONICS,Android,GB,MATCH,SUCCESS_OTP,6,0.91,1
CGW_0000175,PREPAID,CLASSIC,1208.84,4829_MONEY_TRANSFER,Android,GB,MATCH,BYPASSED,8,0.86,1
CGW_0000176,CORPORATE,SIGNATURE,4423.79,4829_MONEY_TRANSFER,Android,AU,MATCH,SUCCESS_OTP,1,0.49,0
CGW_0000177,DEBIT,PLATINUM,1646.69,5732_ELECTRONICS,iOS,AE,MATCH,SUCCESS_OTP,12,0.61,0
CGW_0000178,DEBIT,GOLD,4114.50,4829_MONEY_TRANSFER,MacOS_Safari,AE,MISMATCH,BYPASSED,10,0.88,1
CGW_0000179,CREDIT,INFINITE,1782.42,4722_TRAVEL,Android,AU,MATCH,FAILED,12,0.28,0
CGW_0000180,CREDIT,PLATINUM,4442.98,4829_MONEY_TRANSFER,Android,DE,MISMATCH,FAILED,5,0.66,1
CGW_0000181,DEBIT,CLASSIC,3090.37,5812_RESTAURANT,Android,US,MATCH,BYPASSED,10,0.53,0
CGW_0000182,CORPORATE,PLATINUM,4027.18,4829_MONEY_TRANSFER,Android,DE,MATCH,FAILED,1,0.53,0
CGW_0000183,CREDIT,GOLD,3681.58,5411_GROCERY,MacOS_Safari,DE,MISMATCH,SUCCESS_BIOMETRIC,7,0.33,1
CGW_0000184,DEBIT,INFINITE,1022.99,5411_GROCERY,Windows_Chrome,SG,MATCH,SUCCESS_OTP,7,0.72,0
CGW_0000185,CORPORATE,CLASSIC,2520.76,5411_GROCERY,MacOS_Safari,AE,MATCH,SUCCESS_OTP,9,0.23,0
CGW_0000186,CREDIT,INFINITE,2123.28,4722_TRAVEL,Windows_Chrome,CA,MISMATCH,FAILED,7,0.15,1
CGW_0000187,CORPORATE,GOLD,4064.85,4829_MONEY_TRANSFER,Linux_Firefox,AU,MISMATCH,SUCCESS_BIOMETRIC,3,0.96,1
CGW_0000188,PREPAID,CLASSIC,1271.83,5732_ELECTRONICS,Linux_Firefox,SG,MATCH,SUCCESS_OTP,1,0.80,0
CGW_0000189,DEBIT,SIGNATURE,4365.26,5411_GROCERY,Windows_Chrome,GB,MATCH,FAILED,4,0.85,0
CGW_0000190,PREPAID,GOLD,3772.62,5732_ELECTRONICS,iOS,GB,MISMATCH,SUCCESS_OTP,1,0.44,1
CGW_0000191,PREPAID,GOLD,1706.55,5812_RESTAURANT,iOS,US,MATCH,BYPASSED,11,0.79,0
CGW_0000192,PREPAID,SIGNATURE,1519.54,7995_BETTING,MacOS_Safari,AE,MATCH,SUCCESS_BIOMETRIC,10,0.59,1
CGW_0000193,DEBIT,GOLD,2677.68,4722_TRAVEL,MacOS_Safari,CA,MATCH,FAILED,10,0.66,0
CGW_0000194,DEBIT,PLATINUM,2405.76,4722_TRAVEL,Android,IN,MATCH,SUCCESS_OTP,11,0.56,0
CGW_0000195,CREDIT,SIGNATURE,3607.68,4722_TRAVEL,iOS,US,MISMATCH,SUCCESS_BIOMETRIC,9,0.69,1
CGW_0000196,PREPAID,GOLD,2555.84,4722_TRAVEL,MacOS_Safari,SG,MATCH,FAILED,12,0.05,0
CGW_0000197,PREPAID,CLASSIC,2853.38,7995_BETTING,iOS,AU,MISMATCH,FAILED,8,0.06,1
CGW_0000198,DEBIT,INFINITE,1627.59,5812_RESTAURANT,iOS,US,MISMATCH,SUCCESS_OTP,2,0.31,1
CGW_0000199,DEBIT,INFINITE,4010.70,7995_BETTING,Linux_Firefox,IN,MATCH,SUCCESS_BIOMETRIC,8,0.49,1
CGW_0000200,DEBIT,CLASSIC,3777.34,5812_RESTAURANT,iOS,AU,MATCH,SUCCESS_OTP,12,0.93,1
CGW_0000201,PREPAID,PLATINUM,302.70,7995_BETTING,Android,DE,MATCH,SUCCESS_OTP,7,0.19,1
CGW_0000202,DEBIT,GOLD,341.44,7995_BETTING,Android,US,MATCH,BYPASSED,5,0.71,1
CGW_0000203,DEBIT,SIGNATURE,1372.28,5812_RESTAURANT,Linux_Firefox,SG,MISMATCH,BYPASSED,5,0.26,1
CGW_0000204,CREDIT,INFINITE,1318.50,4829_MONEY_TRANSFER,Windows_Chrome,SG,MATCH,SUCCESS_BIOMETRIC,6,0.91,1
CGW_0000205,DEBIT,PLATINUM,1964.75,4722_TRAVEL,iOS,GB,MATCH,SUCCESS_BIOMETRIC,3,0.42,0
CGW_0000206,PREPAID,GOLD,2965.02,4722_TRAVEL,Linux_Firefox,US,MISMATCH,BYPASSED,12,0.03,1
CGW_0000207,CREDIT,GOLD,3132.63,7995_BETTING,iOS,AE,MATCH,SUCCESS_OTP,4,0.62,1
CGW_0000208,PREPAID,INFINITE,2782.32,4722_TRAVEL,Linux_Firefox,IN,MATCH,SUCCESS_BIOMETRIC,7,0.31,0
CGW_0000209,PREPAID,GOLD,608.56,7995_BETTING,MacOS_Safari,DE,MATCH,FAILED,12,0.29,1
CGW_0000210,DEBIT,SIGNATURE,3876.73,4829_MONEY_TRANSFER,Linux_Firefox,US,MATCH,FAILED,5,0.69,0
CGW_0000211,CREDIT,PLATINUM,18.62,5411_GROCERY,MacOS_Safari,AE,MATCH,SUCCESS_BIOMETRIC,12,0.98,1
CGW_0000212,CREDIT,INFINITE,2682.76,5732_ELECTRONICS,iOS,DE,MATCH,SUCCESS_BIOMETRIC,5,0.75,0
CGW_0000213,PREPAID,GOLD,569.96,5411_GROCERY,iOS,AE,MISMATCH,SUCCESS_BIOMETRIC,5,0.42,1
CGW_0000214,DEBIT,SIGNATURE,2877.48,5812_RESTAURANT,MacOS_Safari,US,MATCH,SUCCESS_BIOMETRIC,12,0.28,0
CGW_0000215,CORPORATE,INFINITE,839.61,5812_RESTAURANT,iOS,AU,MATCH,SUCCESS_OTP,5,0.15,0
CGW_0000216,CREDIT,CLASSIC,1273.49,4829_MONEY_TRANSFER,Linux_Firefox,GB,MATCH,SUCCESS_OTP,6,0.20,0
CGW_0000217,DEBIT,GOLD,3595.54,7995_BETTING,Linux_Firefox,US,MATCH,BYPASSED,7,0.27,1
CGW_0000218,CREDIT,CLASSIC,4307.07,5812_RESTAURANT,MacOS_Safari,GB,MATCH,BYPASSED,8,0.73,0
CGW_0000219,DEBIT,GOLD,3815.50,5732_ELECTRONICS,Windows_Chrome,GB,MISMATCH,BYPASSED,8,0.94,1
CGW_0000220,CORPORATE,CLASSIC,2335.89,5411_GROCERY,Android,GB,MATCH,BYPASSED,9,0.10,0
CGW_0000221,CORPORATE,GOLD,2486.59,4829_MONEY_TRANSFER,MacOS_Safari,US,MATCH,BYPASSED,12,0.33,0
CGW_0000222,DEBIT,CLASSIC,2958.03,4829_MONEY_TRANSFER,Linux_Firefox,US,MISMATCH,SUCCESS_BIOMETRIC,1,0.44,1
CGW_0000223,PREPAID,GOLD,1159.80,5732_ELECTRONICS,Linux_Firefox,GB,MATCH,BYPASSED,11,0.09,0
CGW_0000224,PREPAID,INFINITE,405.77,5732_ELECTRONICS,iOS,AE,MATCH,SUCCESS_BIOMETRIC,9,0.02,0
CGW_0000225,PREPAID,INFINITE,2218.74,4722_TRAVEL,Linux_Firefox,DE,MATCH,SUCCESS_BIOMETRIC,5,0.25,0
CGW_0000226,DEBIT,SIGNATURE,447.04,7995_BETTING,iOS,AU,MATCH,BYPASSED,3,0.27,1
CGW_0000227,CORPORATE,GOLD,3807.91,4722_TRAVEL,Windows_Chrome,GB,MATCH,BYPASSED,7,0.65,1
CGW_0000228,CREDIT,SIGNATURE,2934.06,5732_ELECTRONICS,Linux_Firefox,AE,MISMATCH,FAILED,12,0.45,1
CGW_0000229,CORPORATE,PLATINUM,2833.38,7995_BETTING,iOS,IN,MATCH,BYPASSED,2,0.61,1
CGW_0000230,DEBIT,INFINITE,152.39,4722_TRAVEL,Windows_Chrome,CA,MATCH,BYPASSED,2,0.70,0
CGW_0000231,CREDIT,CLASSIC,3587.17,4722_TRAVEL,Linux_Firefox,GB,MATCH,BYPASSED,7,0.82,0
CGW_0000232,CREDIT,PLATINUM,2982.98,4722_TRAVEL,iOS,CA,MATCH,FAILED,11,0.26,0
CGW_0000233,CREDIT,PLATINUM,59.33,4722_TRAVEL,Windows_Chrome,AU,MATCH,FAILED,3,0.35,0
CGW_0000234,CORPORATE,INFINITE,2359.73,5812_RESTAURANT,Android,AU,MATCH,SUCCESS_BIOMETRIC,3,0.55,0
CGW_0000235,CREDIT,PLATINUM,3483.91,5732_ELECTRONICS,Windows_Chrome,AE,MATCH,SUCCESS_OTP,3,0.50,0
CGW_0000236,CREDIT,PLATINUM,3179.45,5812_RESTAURANT,Android,IN,MATCH,SUCCESS_OTP,2,0.45,1
CGW_0000237,PREPAID,SIGNATURE,3370.44,5411_GROCERY,MacOS_Safari,AU,MATCH,BYPASSED,10,0.19,0
CGW_0000238,PREPAID,GOLD,4412.11,5732_ELECTRONICS,iOS,AU,MATCH,FAILED,2,0.20,0
CGW_0000239,CORPORATE,INFINITE,3370.81,7995_BETTING,Linux_Firefox,US,MATCH,FAILED,12,0.87,1
CGW_0000240,PREPAID,INFINITE,3962.49,5732_ELECTRONICS,Android,CA,MATCH,SUCCESS_OTP,1,0.32,0
CGW_0000241,DEBIT,PLATINUM,2719.98,5411_GROCERY,MacOS_Safari,US,MISMATCH,BYPASSED,5,0.40,1
CGW_0000242,CREDIT,CLASSIC,4331.99,7995_BETTING,MacOS_Safari,AE,MISMATCH,SUCCESS_OTP,5,0.21,1
CGW_0000243,PREPAID,CLASSIC,2430.91,7995_BETTING,Android,AE,MISMATCH,SUCCESS_OTP,6,0.57,1
CGW_0000244,CORPORATE,SIGNATURE,1654.15,5732_ELECTRONICS,Android,US,MATCH,FAILED,8,0.97,1
CGW_0000245,CREDIT,INFINITE,3732.30,7995_BETTING,MacOS_Safari,CA,MATCH,FAILED,7,0.34,1
CGW_0000246,DEBIT,INFINITE,1437.97,4829_MONEY_TRANSFER,MacOS_Safari,SG,MATCH,BYPASSED,9,0.84,0
CGW_0000247,CORPORATE,SIGNATURE,3881.89,7995_BETTING,Linux_Firefox,CA,MATCH,FAILED,5,0.54,1
CGW_0000248,PREPAID,SIGNATURE,448.52,5732_ELECTRONICS,Windows_Chrome,GB,MATCH,SUCCESS_OTP,9,0.33,0
CGW_0000249,DEBIT,INFINITE,4153.19,4722_TRAVEL,iOS,GB,MISMATCH,SUCCESS_BIOMETRIC,9,0.78,1
CGW_0000250,CREDIT,CLASSIC,4363.00,5732_ELECTRONICS,Linux_Firefox,IN,MISMATCH,SUCCESS_BIOMETRIC,12,0.48,1
CGW_0000251,CORPORATE,PLATINUM,1966.44,5732_ELECTRONICS,Linux_Firefox,SG,MISMATCH,BYPASSED,10,0.21,1
CGW_0000252,CORPORATE,CLASSIC,2494.64,5732_ELECTRONICS,Windows_Chrome,DE,MATCH,FAILED,11,0.22,0
CGW_0000253,PREPAID,CLASSIC,2409.54,5812_RESTAURANT,iOS,GB,MATCH,BYPASSED,7,0.45,0
CGW_0000254,CORPORATE,INFINITE,237.58,4829_MONEY_TRANSFER,Windows_Chrome,IN,MATCH,SUCCESS_OTP,1,0.59,0
CGW_0000255,CREDIT,PLATINUM,1534.28,5732_ELECTRONICS,Android,AE,MISMATCH,FAILED,8,0.17,1
CGW_0000256,DEBIT,GOLD,685.91,5732_ELECTRONICS,Android,SG,MATCH,FAILED,11,0.05,0
CGW_0000257,PREPAID,CLASSIC,4210.71,5812_RESTAURANT,Linux_Firefox,DE,MATCH,SUCCESS_OTP,3,0.28,0
CGW_0000258,CORPORATE,GOLD,2282.89,5732_ELECTRONICS,Linux_Firefox,CA,MATCH,BYPASSED,11,0.18,0
CGW_0000259,DEBIT,CLASSIC,3466.11,5732_ELECTRONICS,Android,AE,MATCH,SUCCESS_BIOMETRIC,5,0.67,0
CGW_0000260,DEBIT,INFINITE,611.54,5812_RESTAURANT,Windows_Chrome,CA,MATCH,FAILED,11,0.61,0
CGW_0000261,CREDIT,PLATINUM,1372.49,5812_RESTAURANT,Windows_Chrome,DE,MATCH,BYPASSED,5,0.88,1
CGW_0000262,DEBIT,GOLD,2070.70,5411_GROCERY,Windows_Chrome,CA,MATCH,BYPASSED,10,0.03,0
CGW_0000263,PREPAID,SIGNATURE,781.57,4722_TRAVEL,iOS,DE,MATCH,FAILED,8,0.32,0
CGW_0000264,CREDIT,PLATINUM,1121.94,4722_TRAVEL,iOS,SG,MATCH,FAILED,2,0.52,0
CGW_0000265,CORPORATE,SIGNATURE,2308.37,5411_GROCERY,MacOS_Safari,IN,MATCH,FAILED,5,0.14,0
CGW_0000266,CREDIT,SIGNATURE,1306.99,4722_TRAVEL,Linux_Firefox,SG,MATCH,FAILED,5,0.24,0
CGW_0000267,CREDIT,SIGNATURE,3930.09,4829_MONEY_TRANSFER,Android,AE,MATCH,FAILED,4,0.21,0
CGW_0000268,DEBIT,GOLD,3780.77,7995_BETTING,MacOS_Safari,GB,MISMATCH,BYPASSED,11,0.98,1
CGW_0000269,DEBIT,CLASSIC,714.37,4829_MONEY_TRANSFER,Android,AU,MATCH,BYPASSED,6,0.83,0
CGW_0000270,CORPORATE,INFINITE,3792.93,5732_ELECTRONICS,MacOS_Safari,US,MATCH,FAILED,12,0.79,0
CGW_0000271,DEBIT,PLATINUM,526.71,5411_GROCERY,MacOS_Safari,AU,MISMATCH,FAILED,10,0.56,1
CGW_0000272,CORPORATE,INFINITE,1765.18,5411_GROCERY,Android,AU,MATCH,SUCCESS_OTP,4,0.40,0
CGW_0000273,CORPORATE,PLATINUM,1355.33,5732_ELECTRONICS,iOS,AU,MISMATCH,BYPASSED,1,0.04,1
CGW_0000274,CORPORATE,SIGNATURE,3891.01,5411_GROCERY,Windows_Chrome,CA,MISMATCH,SUCCESS_OTP,2,0.51,1
CGW_0000275,DEBIT,INFINITE,3524.47,4829_MONEY_TRANSFER,iOS,IN,MATCH,SUCCESS_BIOMETRIC,12,0.04,0
CGW_0000276,CORPORATE,INFINITE,1006.17,5732_ELECTRONICS,iOS,GB,MATCH,SUCCESS_BIOMETRIC,7,0.47,0
CGW_0000277,CREDIT,PLATINUM,1406.11,4829_MONEY_TRANSFER,Android,AE,MATCH,BYPASSED,11,0.06,0
CGW_0000278,CREDIT,GOLD,3296.90,5411_GROCERY,Windows_Chrome,SG,MISMATCH,SUCCESS_BIOMETRIC,2,0.17,1
CGW_0000279,DEBIT,GOLD,1979.29,7995_BETTING,MacOS_Safari,DE,MATCH,BYPASSED,1,0.18,1
CGW_0000280,PREPAID,GOLD,3560.87,4722_TRAVEL,MacOS_Safari,GB,MATCH,FAILED,8,0.59,0
CGW_0000281,DEBIT,INFINITE,405.92,5812_RESTAURANT,iOS,IN,MATCH,FAILED,11,0.03,0
CGW_0000282,CORPORATE,INFINITE,3556.88,4722_TRAVEL,MacOS_Safari,US,MATCH,SUCCESS_BIOMETRIC,8,0.08,0
CGW_0000283,CORPORATE,GOLD,3578.81,7995_BETTING,iOS,AE,MATCH,BYPASSED,7,0.23,1
CGW_0000284,DEBIT,GOLD,2021.84,4722_TRAVEL,Android,AU,MISMATCH,SUCCESS_OTP,7,0.23,1
CGW_0000285,CORPORATE,GOLD,2876.76,5812_RESTAURANT,MacOS_Safari,DE,MATCH,BYPASSED,12,0.61,0
CGW_0000286,DEBIT,SIGNATURE,4045.36,4829_MONEY_TRANSFER,iOS,GB,MATCH,SUCCESS_BIOMETRIC,10,0.61,1
CGW_0000287,CREDIT,PLATINUM,2610.38,5812_RESTAURANT,MacOS_Safari,AU,MATCH,SUCCESS_OTP,10,0.89,1
CGW_0000288,DEBIT,SIGNATURE,4162.27,4722_TRAVEL,MacOS_Safari,US,MATCH,BYPASSED,12,0.86,1
CGW_0000289,DEBIT,INFINITE,2300.82,5812_RESTAURANT,Linux_Firefox,CA,MISMATCH,SUCCESS_OTP,5,0.17,1
CGW_0000290,PREPAID,INFINITE,3910.09,5411_GROCERY,Windows_Chrome,US,MATCH,FAILED,9,0.73,1
CGW_0000291,DEBIT,GOLD,2513.16,4829_MONEY_TRANSFER,MacOS_Safari,IN,MATCH,SUCCESS_OTP,2,0.10,0
CGW_0000292,CREDIT,CLASSIC,864.61,4722_TRAVEL,Windows_Chrome,GB,MATCH,SUCCESS_OTP,2,0.78,0
CGW_0000293,CORPORATE,PLATINUM,2046.25,5411_GROCERY,MacOS_Safari,GB,MATCH,BYPASSED,4,0.11,0
CGW_0000294,DEBIT,INFINITE,74.48,4722_TRAVEL,iOS,IN,MATCH,FAILED,12,0.72,0
CGW_0000295,DEBIT,SIGNATURE,3880.99,4829_MONEY_TRANSFER,Android,AE,MISMATCH,FAILED,6,0.37,1
CGW_0000296,CREDIT,PLATINUM,1912.67,5732_ELECTRONICS,Android,GB,MISMATCH,BYPASSED,10,0.40,1
CGW_0000297,CREDIT,INFINITE,3362.17,5411_GROCERY,Android,CA,MATCH,SUCCESS_BIOMETRIC,12,0.35,0
CGW_0000298,CORPORATE,SIGNATURE,3233.33,4722_TRAVEL,Android,GB,MATCH,SUCCESS_OTP,10,0.16,1
CGW_0000299,CREDIT,PLATINUM,1024.21,5732_ELECTRONICS,Windows_Chrome,DE,MISMATCH,SUCCESS_BIOMETRIC,2,0.53,1
CGW_0000300,CREDIT,INFINITE,3733.73,5411_GROCERY,Android,SG,MATCH,BYPASSED,10,0.98,1
CGW_0000301,CREDIT,SIGNATURE,3403.06,7995_BETTING,iOS,DE,MATCH,BYPASSED,11,0.89,1
CGW_0000302,DEBIT,GOLD,2872.17,5732_ELECTRONICS,iOS,US,MISMATCH,SUCCESS_BIOMETRIC,12,0.88,1
CGW_0000303,PREPAID,INFINITE,3574.78,5812_RESTAURANT,Android,SG,MATCH,FAILED,9,0.01,0
CGW_0000304,DEBIT,SIGNATURE,1593.09,4829_MONEY_TRANSFER,Linux_Firefox,AU,MATCH,FAILED,6,0.65,0
CGW_0000305,DEBIT,CLASSIC,1751.40,4829_MONEY_TRANSFER,Android,DE,MATCH,BYPASSED,2,0.54,0
CGW_0000306,PREPAID,SIGNATURE,459.77,4722_TRAVEL,Linux_Firefox,DE,MATCH,FAILED,11,0.46,0
CGW_0000307,CORPORATE,GOLD,3565.87,5732_ELECTRONICS,Windows_Chrome,DE,MATCH,SUCCESS_BIOMETRIC,9,0.94,1
CGW_0000308,CORPORATE,SIGNATURE,1979.74,5411_GROCERY,Linux_Firefox,IN,MATCH,BYPASSED,9,0.49,0
CGW_0000309,CORPORATE,SIGNATURE,292.87,7995_BETTING,Linux_Firefox,CA,MATCH,SUCCESS_BIOMETRIC,7,0.79,1
CGW_0000310,PREPAID,CLASSIC,310.83,5411_GROCERY,MacOS_Safari,AU,MATCH,SUCCESS_BIOMETRIC,11,0.82,0
CGW_0000311,DEBIT,CLASSIC,490.04,5732_ELECTRONICS,Windows_Chrome,US,MISMATCH,BYPASSED,7,0.84,1
CGW_0000312,CORPORATE,CLASSIC,685.84,5812_RESTAURANT,Linux_Firefox,US,MATCH,SUCCESS_OTP,8,0.36,0
CGW_0000313,DEBIT,CLASSIC,2427.22,5732_ELECTRONICS,MacOS_Safari,DE,MATCH,FAILED,12,0.60,0
CGW_0000314,DEBIT,INFINITE,192.82,4829_MONEY_TRANSFER,Linux_Firefox,IN,MATCH,SUCCESS_BIOMETRIC,4,0.48,0
CGW_0000315,PREPAID,SIGNATURE,882.01,5411_GROCERY,Windows_Chrome,US,MATCH,SUCCESS_BIOMETRIC,6,0.78,0
CGW_0000316,PREPAID,CLASSIC,773.54,5732_ELECTRONICS,iOS,AE,MATCH,SUCCESS_BIOMETRIC,2,0.45,0
CGW_0000317,DEBIT,SIGNATURE,2517.95,5812_RESTAURANT,Linux_Firefox,AU,MATCH,BYPASSED,5,0.28,0
CGW_0000318,PREPAID,INFINITE,78.45,7995_BETTING,Linux_Firefox,IN,MATCH,SUCCESS_BIOMETRIC,4,0.39,1
CGW_0000319,PREPAID,GOLD,4241.02,5812_RESTAURANT,MacOS_Safari,DE,MATCH,BYPASSED,8,0.46,1
CGW_0000320,CORPORATE,PLATINUM,1009.62,7995_BETTING,Linux_Firefox,CA,MATCH,FAILED,3,0.90,1
CGW_0000321,PREPAID,PLATINUM,348.76,4829_MONEY_TRANSFER,Android,AE,MATCH,SUCCESS_BIOMETRIC,7,0.16,0
CGW_0000322,CORPORATE,CLASSIC,1026.53,4722_TRAVEL,Linux_Firefox,DE,MATCH,SUCCESS_BIOMETRIC,7,0.28,0
CGW_0000323,DEBIT,GOLD,13.81,7995_BETTING,Android,AU,MATCH,BYPASSED,2,0.72,1
CGW_0000324,CORPORATE,CLASSIC,2654.17,5812_RESTAURANT,Android,AE,MATCH,SUCCESS_OTP,8,0.10,0
CGW_0000325,PREPAID,PLATINUM,837.42,5812_RESTAURANT,MacOS_Safari,AE,MATCH,FAILED,5,0.79,0
CGW_0000326,CREDIT,SIGNATURE,1173.05,5812_RESTAURANT,iOS,AE,MISMATCH,SUCCESS_OTP,6,0.93,1
CGW_0000327,CORPORATE,CLASSIC,469.09,5411_GROCERY,Windows_Chrome,CA,MISMATCH,SUCCESS_BIOMETRIC,4,0.84,1
CGW_0000328,CORPORATE,PLATINUM,242.70,5812_RESTAURANT,Android,SG,MISMATCH,SUCCESS_BIOMETRIC,2,0.46,1
CGW_0000329,CORPORATE,SIGNATURE,2970.70,4722_TRAVEL,Android,GB,MATCH,SUCCESS_OTP,7,0.63,0
CGW_0000330,CREDIT,INFINITE,1304.91,5812_RESTAURANT,Linux_Firefox,CA,MATCH,BYPASSED,4,0.13,0
CGW_0000331,PREPAID,GOLD,1082.49,5812_RESTAURANT,Windows_Chrome,DE,MATCH,BYPASSED,3,0.38,0
CGW_0000332,DEBIT,SIGNATURE,2017.24,4722_TRAVEL,Linux_Firefox,GB,MATCH,BYPASSED,3,0.44,0
CGW_0000333,CORPORATE,CLASSIC,3506.87,5411_GROCERY,iOS,AU,MATCH,SUCCESS_BIOMETRIC,10,0.22,0
CGW_0000334,PREPAID,INFINITE,238.99,4722_TRAVEL,MacOS_Safari,AU,MATCH,BYPASSED,11,0.07,0
CGW_0000335,DEBIT,CLASSIC,1756.71,7995_BETTING,Android,DE,MATCH,FAILED,2,0.58,1
CGW_0000336,CREDIT,CLASSIC,2458.98,5812_RESTAURANT,Windows_Chrome,GB,MISMATCH,SUCCESS_BIOMETRIC,7,0.88,1
CGW_0000337,PREPAID,CLASSIC,3378.29,4722_TRAVEL,Android,AE,MATCH,BYPASSED,6,0.86,1
CGW_0000338,PREPAID,SIGNATURE,1648.38,7995_BETTING,Android,AE,MATCH,BYPASSED,4,0.50,1
CGW_0000339,CORPORATE,SIGNATURE,104.87,4722_TRAVEL,Linux_Firefox,GB,MATCH,FAILED,3,0.32,0
CGW_0000340,PREPAID,CLASSIC,4311.50,5411_GROCERY,Windows_Chrome,CA,MATCH,FAILED,7,0.52,1
CGW_0000341,PREPAID,INFINITE,2594.79,5732_ELECTRONICS,Linux_Firefox,CA,MATCH,BYPASSED,8,0.23,0
CGW_0000342,CORPORATE,CLASSIC,127.86,4722_TRAVEL,Linux_Firefox,AE,MATCH,SUCCESS_OTP,8,0.29,0
CGW_0000343,CREDIT,INFINITE,67.22,4722_TRAVEL,Linux_Firefox,IN,MATCH,BYPASSED,11,0.40,0
CGW_0000344,PREPAID,CLASSIC,124.66,5812_RESTAURANT,Windows_Chrome,US,MATCH,SUCCESS_OTP,9,0.19,0
CGW_0000345,CREDIT,GOLD,1361.39,4829_MONEY_TRANSFER,iOS,AU,MATCH,FAILED,8,0.74,0
CGW_0000346,CREDIT,INFINITE,3585.45,4722_TRAVEL,Linux_Firefox,US,MATCH,SUCCESS_BIOMETRIC,10,0.71,1
CGW_0000347,CREDIT,GOLD,1000.71,4722_TRAVEL,iOS,IN,MATCH,SUCCESS_OTP,6,0.36,0
CGW_0000348,PREPAID,CLASSIC,1179.06,5732_ELECTRONICS,MacOS_Safari,IN,MATCH,FAILED,7,0.41,0
CGW_0000349,CORPORATE,INFINITE,3139.43,4722_TRAVEL,Windows_Chrome,AE,MATCH,FAILED,12,0.05,1
CGW_0000350,CREDIT,GOLD,2220.53,4722_TRAVEL,Windows_Chrome,DE,MISMATCH,BYPASSED,5,0.01,1
CGW_0000351,CORPORATE,SIGNATURE,1610.95,5812_RESTAURANT,Windows_Chrome,DE,MATCH,SUCCESS_BIOMETRIC,2,0.65,0
CGW_0000352,PREPAID,PLATINUM,1821.35,5812_RESTAURANT,iOS,GB,MATCH,BYPASSED,9,0.57,0
CGW_0000353,CREDIT,SIGNATURE,1993.00,5411_GROCERY,Linux_Firefox,IN,MISMATCH,SUCCESS_OTP,7,0.80,1
CGW_0000354,CREDIT,INFINITE,615.59,5812_RESTAURANT,iOS,IN,MATCH,BYPASSED,6,0.03,0
CGW_0000355,DEBIT,INFINITE,724.04,5812_RESTAURANT,iOS,IN,MATCH,SUCCESS_BIOMETRIC,4,0.28,0
CGW_0000356,CREDIT,GOLD,3625.56,4829_MONEY_TRANSFER,Android,IN,MATCH,SUCCESS_OTP,7,0.04,0
CGW_0000357,CORPORATE,GOLD,2593.67,5411_GROCERY,Windows_Chrome,US,MATCH,FAILED,8,0.13,0
CGW_0000358,CORPORATE,CLASSIC,2838.92,7995_BETTING,Windows_Chrome,DE,MATCH,SUCCESS_OTP,8,0.12,1
CGW_0000359,CORPORATE,PLATINUM,3638.05,5732_ELECTRONICS,Android,GB,MATCH,BYPASSED,12,0.18,0
CGW_0000360,CORPORATE,CLASSIC,953.47,5812_RESTAURANT,MacOS_Safari,IN,MATCH,BYPASSED,12,0.02,0
CGW_0000361,PREPAID,PLATINUM,3398.49,5732_ELECTRONICS,iOS,GB,MISMATCH,BYPASSED,1,0.79,1
CGW_0000362,DEBIT,INFINITE,2384.02,7995_BETTING,Windows_Chrome,GB,MATCH,BYPASSED,12,0.52,1
CGW_0000363,DEBIT,INFINITE,3806.84,5732_ELECTRONICS,iOS,AE,MATCH,SUCCESS_BIOMETRIC,6,0.75,0
CGW_0000364,PREPAID,INFINITE,3852.06,5411_GROCERY,Windows_Chrome,IN,MATCH,SUCCESS_BIOMETRIC,6,0.60,1
CGW_0000365,CORPORATE,INFINITE,1768.73,4829_MONEY_TRANSFER,MacOS_Safari,AU,MATCH,FAILED,1,0.26,0
CGW_0000366,DEBIT,INFINITE,3307.01,7995_BETTING,iOS,CA,MISMATCH,SUCCESS_OTP,4,0.74,1
CGW_0000367,DEBIT,INFINITE,3707.11,7995_BETTING,Linux_Firefox,AU,MATCH,SUCCESS_OTP,12,0.91,1
CGW_0000368,PREPAID,SIGNATURE,1568.15,5812_RESTAURANT,iOS,AU,MATCH,BYPASSED,1,0.72,0
CGW_0000369,CREDIT,CLASSIC,2233.65,4722_TRAVEL,Linux_Firefox,DE,MATCH,SUCCESS_OTP,4,0.27,0
CGW_0000370,CORPORATE,SIGNATURE,2481.40,5812_RESTAURANT,iOS,AU,MATCH,BYPASSED,5,0.34,0
CGW_0000371,CREDIT,CLASSIC,3179.41,5732_ELECTRONICS,Android,AU,MATCH,SUCCESS_OTP,9,0.98,1
CGW_0000372,PREPAID,SIGNATURE,1712.42,5732_ELECTRONICS,iOS,IN,MATCH,BYPASSED,7,0.89,1
CGW_0000373,CREDIT,PLATINUM,4019.66,5732_ELECTRONICS,Linux_Firefox,US,MATCH,SUCCESS_OTP,7,0.89,1
CGW_0000374,CREDIT,INFINITE,2852.18,5411_GROCERY,Windows_Chrome,CA,MATCH,FAILED,3,0.39,0
CGW_0000375,CREDIT,GOLD,1165.87,5812_RESTAURANT,Windows_Chrome,CA,MATCH,FAILED,4,0.49,0
CGW_0000376,DEBIT,PLATINUM,4317.98,7995_BETTING,MacOS_Safari,AU,MATCH,SUCCESS_BIOMETRIC,1,0.43,1
CGW_0000377,PREPAID,PLATINUM,786.21,7995_BETTING,MacOS_Safari,IN,MATCH,SUCCESS_OTP,12,0.55,1
CGW_0000378,CORPORATE,GOLD,170.51,5812_RESTAURANT,MacOS_Safari,GB,MATCH,FAILED,8,0.72,0
CGW_0000379,DEBIT,SIGNATURE,2099.10,4829_MONEY_TRANSFER,iOS,CA,MATCH,BYPASSED,8,0.65,0
CGW_0000380,DEBIT,CLASSIC,745.99,4722_TRAVEL,Android,SG,MATCH,SUCCESS_BIOMETRIC,5,0.46,0
CGW_0000381,CREDIT,SIGNATURE,4467.82,5732_ELECTRONICS,MacOS_Safari,GB,MISMATCH,SUCCESS_BIOMETRIC,8,0.23,1
CGW_0000382,DEBIT,CLASSIC,4019.66,7995_BETTING,Android,IN,MISMATCH,SUCCESS_BIOMETRIC,11,0.88,1
CGW_0000383,CREDIT,SIGNATURE,75.84,5411_GROCERY,iOS,US,MATCH,SUCCESS_BIOMETRIC,4,0.23,0
CGW_0000384,DEBIT,SIGNATURE,1388.74,5812_RESTAURANT,Android,IN,MATCH,SUCCESS_OTP,3,0.81,0
CGW_0000385,CORPORATE,CLASSIC,2616.44,5411_GROCERY,MacOS_Safari,AE,MATCH,SUCCESS_BIOMETRIC,2,0.39,0
CGW_0000386,DEBIT,PLATINUM,2736.74,5732_ELECTRONICS,Android,AE,MATCH,SUCCESS_BIOMETRIC,8,0.44,0
CGW_0000387,PREPAID,PLATINUM,1742.78,5411_GROCERY,MacOS_Safari,DE,MATCH,SUCCESS_OTP,8,0.57,0
CGW_0000388,DEBIT,PLATINUM,2452.85,4829_MONEY_TRANSFER,MacOS_Safari,GB,MATCH,BYPASSED,3,0.40,0
CGW_0000389,DEBIT,CLASSIC,2889.25,4722_TRAVEL,Linux_Firefox,AU,MATCH,BYPASSED,12,0.31,0
CGW_0000390,DEBIT,GOLD,913.73,5812_RESTAURANT,Windows_Chrome,CA,MATCH,SUCCESS_OTP,5,0.15,0
CGW_0000391,DEBIT,GOLD,705.28,4722_TRAVEL,Linux_Firefox,SG,MATCH,SUCCESS_OTP,12,0.52,0
CGW_0000392,CREDIT,GOLD,2793.26,5732_ELECTRONICS,iOS,DE,MATCH,SUCCESS_OTP,4,0.45,0
CGW_0000393,CREDIT,INFINITE,611.09,7995_BETTING,MacOS_Safari,CA,MISMATCH,SUCCESS_BIOMETRIC,7,0.71,1
CGW_0000394,CREDIT,PLATINUM,2684.72,5732_ELECTRONICS,MacOS_Safari,US,MISMATCH,SUCCESS_OTP,6,0.17,1
CGW_0000395,CREDIT,CLASSIC,3567.58,4722_TRAVEL,Windows_Chrome,IN,MATCH,BYPASSED,2,0.68,0
CGW_0000396,DEBIT,INFINITE,3439.32,5411_GROCERY,iOS,SG,MATCH,BYPASSED,3,0.72,0
CGW_0000397,PREPAID,SIGNATURE,4007.59,4722_TRAVEL,Windows_Chrome,CA,MATCH,BYPASSED,8,0.65,0
CGW_0000398,DEBIT,GOLD,2992.28,5812_RESTAURANT,MacOS_Safari,AE,MATCH,FAILED,2,0.28,0
CGW_0000399,CORPORATE,PLATINUM,4420.36,5812_RESTAURANT,MacOS_Safari,AU,MATCH,FAILED,9,0.17,1
CGW_0000400,CORPORATE,GOLD,161.44,4722_TRAVEL,Windows_Chrome,DE,MATCH,SUCCESS_OTP,2,0.83,0
CGW_0000401,CORPORATE,INFINITE,10.25,7995_BETTING,MacOS_Safari,AE,MATCH,SUCCESS_OTP,5,0.44,1
CGW_0000402,CORPORATE,SIGNATURE,4132.08,4829_MONEY_TRANSFER,iOS,AU,MISMATCH,FAILED,4,0.74,1
CGW_0000403,CORPORATE,GOLD,2517.38,4722_TRAVEL,iOS,US,MISMATCH,SUCCESS_OTP,1,0.38,1
CGW_0000404,CREDIT,GOLD,3198.90,4722_TRAVEL,Linux_Firefox,SG,MATCH,FAILED,11,0.38,0
CGW_0000405,DEBIT,GOLD,1804.83,5732_ELECTRONICS,Linux_Firefox,CA,MISMATCH,BYPASSED,8,0.28,1
CGW_0000406,CORPORATE,CLASSIC,3855.39,5732_ELECTRONICS,Linux_Firefox,GB,MISMATCH,FAILED,3,0.31,1
CGW_0000407,CREDIT,CLASSIC,4163.78,7995_BETTING,Linux_Firefox,IN,MISMATCH,FAILED,8,0.06,1
CGW_0000408,PREPAID,CLASSIC,3096.00,5411_GROCERY,Linux_Firefox,CA,MISMATCH,FAILED,3,0.62,1
CGW_0000409,PREPAID,SIGNATURE,3195.95,7995_BETTING,Android,AE,MATCH,BYPASSED,7,0.90,1
CGW_0000410,CORPORATE,PLATINUM,2084.81,5411_GROCERY,MacOS_Safari,CA,MISMATCH,SUCCESS_OTP,1,0.08,1
CGW_0000411,CREDIT,INFINITE,3113.23,5732_ELECTRONICS,MacOS_Safari,CA,MATCH,BYPASSED,6,0.85,1
CGW_0000412,CORPORATE,CLASSIC,1683.95,5732_ELECTRONICS,Linux_Firefox,AU,MATCH,BYPASSED,7,0.82,0
CGW_0000413,DEBIT,GOLD,1943.26,5732_ELECTRONICS,iOS,AU,MATCH,BYPASSED,7,0.40,0
CGW_0000414,CORPORATE,INFINITE,2945.67,4829_MONEY_TRANSFER,Windows_Chrome,AE,MATCH,BYPASSED,7,0.01,0
CGW_0000415,CREDIT,CLASSIC,2308.19,7995_BETTING,Android,SG,MISMATCH,SUCCESS_OTP,3,0.83,1
CGW_0000416,CORPORATE,INFINITE,3003.18,4829_MONEY_TRANSFER,Windows_Chrome,DE,MATCH,SUCCESS_BIOMETRIC,9,0.47,0
CGW_0000417,CORPORATE,INFINITE,1740.18,4829_MONEY_TRANSFER,Windows_Chrome,US,MATCH,SUCCESS_BIOMETRIC,9,0.93,1
CGW_0000418,CORPORATE,PLATINUM,692.66,5411_GROCERY,Linux_Firefox,DE,MATCH,FAILED,8,0.50,0
CGW_0000419,DEBIT,GOLD,3401.01,5732_ELECTRONICS,Linux_Firefox,GB,MATCH,SUCCESS_OTP,10,0.05,1
CGW_0000420,PREPAID,CLASSIC,4116.33,5812_RESTAURANT,MacOS_Safari,SG,MISMATCH,BYPASSED,5,0.62,1
CGW_0000421,DEBIT,GOLD,3717.33,5812_RESTAURANT,iOS,DE,MATCH,SUCCESS_BIOMETRIC,4,0.83,0
CGW_0000422,PREPAID,CLASSIC,3340.17,7995_BETTING,Windows_Chrome,IN,MATCH,BYPASSED,7,0.80,1
CGW_0000423,CREDIT,SIGNATURE,2673.95,4829_MONEY_TRANSFER,Windows_Chrome,DE,MISMATCH,SUCCESS_BIOMETRIC,10,0.42,1
CGW_0000424,CORPORATE,SIGNATURE,1325.43,5812_RESTAURANT,Windows_Chrome,US,MATCH,BYPASSED,3,0.30,0
CGW_0000425,DEBIT,GOLD,1666.12,4829_MONEY_TRANSFER,Android,DE,MATCH,SUCCESS_OTP,11,0.47,0
CGW_0000426,PREPAID,INFINITE,1135.79,4829_MONEY_TRANSFER,iOS,AU,MATCH,FAILED,8,0.91,1
CGW_0000427,PREPAID,GOLD,2685.09,4722_TRAVEL,Windows_Chrome,CA,MATCH,FAILED,6,0.86,1
CGW_0000428,DEBIT,CLASSIC,3966.50,7995_BETTING,iOS,CA,MATCH,FAILED,6,0.60,1
CGW_0000429,CORPORATE,PLATINUM,1101.92,5812_RESTAURANT,iOS,GB,MATCH,SUCCESS_OTP,1,0.52,0
CGW_0000430,CORPORATE,SIGNATURE,3840.12,4722_TRAVEL,iOS,DE,MATCH,SUCCESS_BIOMETRIC,7,0.09,0
CGW_0000431,PREPAID,GOLD,1069.30,5812_RESTAURANT,iOS,IN,MATCH,SUCCESS_BIOMETRIC,9,0.36,0
CGW_0000432,CORPORATE,CLASSIC,694.87,5732_ELECTRONICS,Linux_Firefox,US,MISMATCH,BYPASSED,12,0.58,1
CGW_0000433,DEBIT,CLASSIC,1667.86,5411_GROCERY,Windows_Chrome,SG,MISMATCH,SUCCESS_OTP,5,0.98,1
CGW_0000434,PREPAID,INFINITE,3482.17,5812_RESTAURANT,MacOS_Safari,SG,MATCH,FAILED,2,0.50,0
CGW_0000435,DEBIT,CLASSIC,1694.84,4829_MONEY_TRANSFER,Android,CA,MISMATCH,BYPASSED,9,0.03,1
CGW_0000436,PREPAID,SIGNATURE,1479.77,4722_TRAVEL,Linux_Firefox,GB,MATCH,SUCCESS_BIOMETRIC,4,0.16,0
CGW_0000437,CORPORATE,CLASSIC,668.56,4829_MONEY_TRANSFER,MacOS_Safari,IN,MATCH,SUCCESS_BIOMETRIC,1,0.43,0
CGW_0000438,CORPORATE,SIGNATURE,3681.99,5812_RESTAURANT,iOS,CA,MATCH,SUCCESS_OTP,1,0.52,0
CGW_0000439,DEBIT,INFINITE,3816.64,5411_GROCERY,Windows_Chrome,IN,MATCH,SUCCESS_OTP,4,0.54,0
CGW_0000440,CREDIT,SIGNATURE,4162.40,7995_BETTING,Windows_Chrome,IN,MATCH,SUCCESS_OTP,8,0.62,1
CGW_0000441,CREDIT,GOLD,2065.69,5812_RESTAURANT,iOS,SG,MATCH,SUCCESS_BIOMETRIC,7,0.33,0
CGW_0000442,PREPAID,INFINITE,2253.00,4722_TRAVEL,Linux_Firefox,AE,MATCH,FAILED,1,0.10,0
CGW_0000443,PREPAID,CLASSIC,3493.01,5812_RESTAURANT,Linux_Firefox,US,MISMATCH,FAILED,1,0.75,1
CGW_0000444,CORPORATE,PLATINUM,3399.85,5812_RESTAURANT,Linux_Firefox,US,MATCH,SUCCESS_OTP,4,0.49,0
CGW_0000445,CORPORATE,GOLD,2906.22,4829_MONEY_TRANSFER,Linux_Firefox,GB,MISMATCH,FAILED,12,0.22,1
CGW_0000446,CREDIT,INFINITE,2199.99,7995_BETTING,iOS,CA,MATCH,SUCCESS_BIOMETRIC,3,0.49,1
CGW_0000447,CREDIT,CLASSIC,717.58,5812_RESTAURANT,Android,AU,MISMATCH,FAILED,2,0.11,1
CGW_0000448,DEBIT,SIGNATURE,1169.02,5812_RESTAURANT,iOS,SG,MISMATCH,FAILED,12,0.40,1
CGW_0000449,PREPAID,GOLD,2915.02,5812_RESTAURANT,Windows_Chrome,SG,MATCH,FAILED,3,0.54,0
CGW_0000450,CREDIT,GOLD,370.45,7995_BETTING,Android,AU,MATCH,SUCCESS_OTP,3,0.17,1
CGW_0000451,CREDIT,SIGNATURE,1488.11,4829_MONEY_TRANSFER,Windows_Chrome,US,MATCH,SUCCESS_OTP,12,0.36,0
CGW_0000452,CORPORATE,SIGNATURE,2162.12,4722_TRAVEL,Windows_Chrome,DE,MISMATCH,FAILED,7,0.14,1
CGW_0000453,PREPAID,SIGNATURE,987.08,4722_TRAVEL,iOS,DE,MATCH,SUCCESS_BIOMETRIC,3,0.55,0
CGW_0000454,DEBIT,SIGNATURE,598.80,5411_GROCERY,Linux_Firefox,SG,MATCH,SUCCESS_OTP,5,0.68,0
CGW_0000455,DEBIT,INFINITE,3537.25,4722_TRAVEL,MacOS_Safari,SG,MATCH,SUCCESS_BIOMETRIC,7,0.70,1
CGW_0000456,CORPORATE,INFINITE,649.30,5812_RESTAURANT,Linux_Firefox,AE,MISMATCH,FAILED,2,0.98,1
CGW_0000457,CREDIT,GOLD,4069.30,7995_BETTING,MacOS_Safari,DE,MISMATCH,SUCCESS_BIOMETRIC,6,0.84,1
CGW_0000458,PREPAID,INFINITE,3247.40,5732_ELECTRONICS,Android,CA,MATCH,SUCCESS_OTP,3,0.48,0
CGW_0000459,PREPAID,GOLD,1715.23,5812_RESTAURANT,iOS,AE,MATCH,BYPASSED,10,0.19,0
CGW_0000460,PREPAID,CLASSIC,1034.03,4829_MONEY_TRANSFER,MacOS_Safari,SG,MATCH,SUCCESS_OTP,2,0.51,0
CGW_0000461,PREPAID,CLASSIC,2007.47,5411_GROCERY,Linux_Firefox,CA,MISMATCH,SUCCESS_OTP,8,0.55,1
CGW_0000462,CREDIT,PLATINUM,2712.01,4722_TRAVEL,MacOS_Safari,AE,MATCH,SUCCESS_BIOMETRIC,7,0.33,0
CGW_0000463,PREPAID,PLATINUM,4014.33,5732_ELECTRONICS,Windows_Chrome,AE,MATCH,BYPASSED,9,0.20,0
CGW_0000464,PREPAID,SIGNATURE,406.14,4722_TRAVEL,Android,GB,MATCH,SUCCESS_BIOMETRIC,12,0.57,0
CGW_0000465,DEBIT,GOLD,681.04,7995_BETTING,Windows_Chrome,IN,MISMATCH,SUCCESS_BIOMETRIC,8,0.93,1
CGW_0000466,CORPORATE,CLASSIC,517.78,5812_RESTAURANT,iOS,DE,MATCH,FAILED,1,0.73,0
CGW_0000467,DEBIT,GOLD,577.24,5411_GROCERY,MacOS_Safari,AE,MATCH,FAILED,7,0.49,0
CGW_0000468,DEBIT,GOLD,1345.25,5812_RESTAURANT,Linux_Firefox,AU,MATCH,SUCCESS_OTP,9,0.13,0
CGW_0000469,DEBIT,PLATINUM,4239.31,7995_BETTING,Android,US,MATCH,SUCCESS_OTP,11,0.91,1
CGW_0000470,DEBIT,INFINITE,1588.54,5812_RESTAURANT,iOS,AU,MATCH,SUCCESS_BIOMETRIC,7,0.13,0
CGW_0000471,CORPORATE,GOLD,1668.82,5411_GROCERY,iOS,AE,MATCH,SUCCESS_OTP,12,0.09,0
CGW_0000472,PREPAID,GOLD,3815.72,5812_RESTAURANT,MacOS_Safari,US,MISMATCH,SUCCESS_BIOMETRIC,12,0.89,1
CGW_0000473,DEBIT,INFINITE,3093.97,5812_RESTAURANT,MacOS_Safari,AU,MISMATCH,FAILED,8,0.71,1
CGW_0000474,CREDIT,PLATINUM,3886.80,5411_GROCERY,iOS,AU,MATCH,BYPASSED,5,0.22,1
CGW_0000475,CREDIT,CLASSIC,1181.33,7995_BETTING,Android,SG,MATCH,SUCCESS_BIOMETRIC,9,0.64,1
CGW_0000476,DEBIT,SIGNATURE,357.84,7995_BETTING,Android,GB,MATCH,SUCCESS_OTP,8,0.28,1
CGW_0000477,CREDIT,PLATINUM,3038.12,4829_MONEY_TRANSFER,iOS,US,MATCH,BYPASSED,6,0.98,1
CGW_0000478,CREDIT,INFINITE,3181.35,5411_GROCERY,Android,DE,MISMATCH,SUCCESS_OTP,3,0.08,1
CGW_0000479,PREPAID,CLASSIC,4014.45,5812_RESTAURANT,Windows_Chrome,CA,MATCH,FAILED,11,0.25,0
CGW_0000480,PREPAID,CLASSIC,3214.63,5812_RESTAURANT,Windows_Chrome,CA,MATCH,FAILED,8,0.21,0
CGW_0000481,CORPORATE,INFINITE,1560.68,4722_TRAVEL,iOS,GB,MISMATCH,FAILED,9,0.20,1
CGW_0000482,DEBIT,CLASSIC,333.94,5732_ELECTRONICS,Windows_Chrome,DE,MISMATCH,SUCCESS_OTP,2,0.60,1
CGW_0000483,DEBIT,PLATINUM,2257.61,5812_RESTAURANT,iOS,AU,MATCH,FAILED,5,0.82,0
CGW_0000484,CREDIT,CLASSIC,298.81,7995_BETTING,Linux_Firefox,DE,MATCH,BYPASSED,2,0.57,1
CGW_0000485,DEBIT,SIGNATURE,2576.45,5411_GROCERY,Android,SG,MATCH,FAILED,5,0.77,0
CGW_0000486,PREPAID,GOLD,3178.51,4722_TRAVEL,MacOS_Safari,SG,MATCH,SUCCESS_BIOMETRIC,12,0.71,1
CGW_0000487,DEBIT,GOLD,2922.19,5812_RESTAURANT,Windows_Chrome,US,MATCH,BYPASSED,9,0.36,0
CGW_0000488,CORPORATE,INFINITE,1789.85,5732_ELECTRONICS,iOS,IN,MATCH,SUCCESS_BIOMETRIC,7,0.86,1
CGW_0000489,CREDIT,SIGNATURE,1111.23,5732_ELECTRONICS,Windows_Chrome,GB,MATCH,SUCCESS_OTP,6,0.09,0
CGW_0000490,DEBIT,GOLD,1367.92,4829_MONEY_TRANSFER,iOS,US,MATCH,BYPASSED,5,0.14,0
CGW_0000491,CREDIT,GOLD,2501.86,4722_TRAVEL,MacOS_Safari,DE,MISMATCH,BYPASSED,6,0.08,1
CGW_0000492,CREDIT,PLATINUM,969.13,5411_GROCERY,iOS,SG,MATCH,SUCCESS_BIOMETRIC,9,0.58,0
CGW_0000493,CORPORATE,CLASSIC,3380.52,5732_ELECTRONICS,MacOS_Safari,AU,MATCH,SUCCESS_BIOMETRIC,6,0.23,0
CGW_0000494,CORPORATE,PLATINUM,8.24,4722_TRAVEL,Windows_Chrome,GB,MATCH,FAILED,12,0.02,0
CGW_0000495,CREDIT,SIGNATURE,844.99,7995_BETTING,Windows_Chrome,AU,MATCH,BYPASSED,3,0.74,1
CGW_0000496,CREDIT,GOLD,723.40,5732_ELECTRONICS,Linux_Firefox,CA,MISMATCH,FAILED,10,0.34,1
CGW_0000497,DEBIT,GOLD,4404.85,5812_RESTAURANT,Linux_Firefox,CA,MATCH,SUCCESS_BIOMETRIC,10,0.53,1
CGW_0000498,DEBIT,SIGNATURE,2774.50,7995_BETTING,Android,AU,MATCH,BYPASSED,2,0.74,1
CGW_0000499,CORPORATE,CLASSIC,2122.12,5732_ELECTRONICS,Windows_Chrome,US,MATCH,BYPASSED,9,0.19,0
CGW_0000500,PREPAID,PLATINUM,3984.73,5812_RESTAURANT,Windows_Chrome,AE,MATCH,SUCCESS_OTP,6,0.57,1
CGW_0000501,PREPAID,PLATINUM,4053.78,7995_BETTING,MacOS_Safari,AE,MATCH,BYPASSED,8,0.51,1
CGW_0000502,DEBIT,PLATINUM,944.90,5812_RESTAURANT,Windows_Chrome,CA,MATCH,SUCCESS_BIOMETRIC,8,0.36,0
CGW_0000503,PREPAID,GOLD,3234.16,5812_RESTAURANT,Linux_Firefox,IN,MISMATCH,SUCCESS_BIOMETRIC,9,0.46,1
CGW_0000504,CREDIT,CLASSIC,49.92,5812_RESTAURANT,MacOS_Safari,DE,MATCH,BYPASSED,8,0.09,0
CGW_0000505,DEBIT,PLATINUM,2552.64,5812_RESTAURANT,Android,AU,MATCH,BYPASSED,10,0.25,0
CGW_0000506,CORPORATE,PLATINUM,1778.47,7995_BETTING,Linux_Firefox,IN,MATCH,SUCCESS_BIOMETRIC,4,0.97,1
CGW_0000507,DEBIT,GOLD,1286.10,4829_MONEY_TRANSFER,Android,DE,MATCH,FAILED,4,0.27,0
CGW_0000508,PREPAID,SIGNATURE,3887.70,7995_BETTING,Windows_Chrome,AU,MATCH,FAILED,10,0.36,1
CGW_0000509,CREDIT,CLASSIC,1648.79,4829_MONEY_TRANSFER,Windows_Chrome,US,MATCH,BYPASSED,1,0.21,0
CGW_0000510,CREDIT,INFINITE,886.69,4829_MONEY_TRANSFER,Linux_Firefox,CA,MATCH,FAILED,2,0.22,0
CGW_0000511,CORPORATE,INFINITE,851.05,7995_BETTING,Windows_Chrome,AE,MATCH,FAILED,5,0.69,1
CGW_0000512,CORPORATE,GOLD,1639.70,5732_ELECTRONICS,MacOS_Safari,US,MATCH,SUCCESS_BIOMETRIC,4,0.57,0
CGW_0000513,PREPAID,INFINITE,3442.38,5411_GROCERY,Linux_Firefox,SG,MISMATCH,FAILED,9,0.34,1
CGW_0000514,PREPAID,GOLD,683.79,4829_MONEY_TRANSFER,Android,US,MATCH,SUCCESS_OTP,11,0.61,0
CGW_0000515,PREPAID,GOLD,1608.33,4722_TRAVEL,Windows_Chrome,SG,MATCH,SUCCESS_BIOMETRIC,6,0.08,0
CGW_0000516,DEBIT,CLASSIC,219.79,5812_RESTAURANT,Android,US,MATCH,BYPASSED,5,0.23,0
CGW_0000517,CREDIT,GOLD,2490.54,4722_TRAVEL,iOS,US,MATCH,BYPASSED,12,0.29,0
CGW_0000518,CORPORATE,INFINITE,886.97,4829_MONEY_TRANSFER,Windows_Chrome,IN,MATCH,SUCCESS_BIOMETRIC,4,0.74,0
CGW_0000519,PREPAID,PLATINUM,2898.51,5411_GROCERY,Android,AU,MATCH,SUCCESS_BIOMETRIC,1,0.91,1
CGW_0000520,CREDIT,PLATINUM,4447.16,5812_RESTAURANT,MacOS_Safari,SG,MATCH,BYPASSED,7,0.69,1
CGW_0000521,CREDIT,PLATINUM,1092.87,5411_GROCERY,Linux_Firefox,US,MATCH,BYPASSED,1,0.52,0
CGW_0000522,PREPAID,CLASSIC,2242.72,5411_GROCERY,iOS,AE,MATCH,SUCCESS_OTP,5,0.22,0
CGW_0000523,CORPORATE,GOLD,263.75,7995_BETTING,Android,IN,MATCH,FAILED,4,0.49,1
CGW_0000524,PREPAID,GOLD,4231.39,7995_BETTING,Android,CA,MISMATCH,FAILED,10,0.38,1
CGW_0000525,PREPAID,CLASSIC,579.89,5732_ELECTRONICS,Windows_Chrome,AE,MATCH,BYPASSED,12,0.98,1
CGW_0000526,CORPORATE,GOLD,2414.27,4722_TRAVEL,Android,SG,MISMATCH,BYPASSED,11,0.98,1
CGW_0000527,CORPORATE,PLATINUM,2689.83,7995_BETTING,iOS,AU,MISMATCH,SUCCESS_BIOMETRIC,1,0.55,1
CGW_0000528,CREDIT,INFINITE,2504.56,7995_BETTING,iOS,SG,MATCH,SUCCESS_OTP,2,0.49,1
CGW_0000529,PREPAID,PLATINUM,3118.59,5732_ELECTRONICS,Linux_Firefox,AU,MATCH,SUCCESS_OTP,10,0.98,1
CGW_0000530,PREPAID,INFINITE,3650.48,5812_RESTAURANT,MacOS_Safari,IN,MATCH,BYPASSED,6,0.51,0
CGW_0000531,CORPORATE,INFINITE,912.09,5411_GROCERY,MacOS_Safari,SG,MATCH,FAILED,10,0.74,0
CGW_0000532,CORPORATE,CLASSIC,3332.90,7995_BETTING,Android,DE,MISMATCH,SUCCESS_BIOMETRIC,6,0.11,1
CGW_0000533,CORPORATE,GOLD,3535.16,4722_TRAVEL,Windows_Chrome,GB,MATCH,SUCCESS_BIOMETRIC,6,0.47,0
CGW_0000534,CREDIT,SIGNATURE,1640.94,7995_BETTING,MacOS_Safari,DE,MISMATCH,SUCCESS_OTP,12,0.34,1
CGW_0000535,DEBIT,PLATINUM,476.77,5411_GROCERY,iOS,GB,MATCH,SUCCESS_BIOMETRIC,10,0.45,0
CGW_0000536,CREDIT,SIGNATURE,497.71,7995_BETTING,iOS,SG,MISMATCH,FAILED,12,0.99,1
CGW_0000537,CORPORATE,CLASSIC,559.15,7995_BETTING,Windows_Chrome,SG,MISMATCH,SUCCESS_OTP,12,0.40,1
CGW_0000538,DEBIT,PLATINUM,803.38,5732_ELECTRONICS,iOS,CA,MATCH,BYPASSED,9,0.69,0
CGW_0000539,CREDIT,CLASSIC,3113.65,4829_MONEY_TRANSFER,iOS,CA,MATCH,SUCCESS_OTP,9,0.38,1
CGW_0000540,PREPAID,PLATINUM,3799.67,5812_RESTAURANT,Android,AU,MATCH,BYPASSED,9,0.86,1
CGW_0000541,PREPAID,GOLD,401.12,4829_MONEY_TRANSFER,Android,AE,MATCH,FAILED,4,0.50,0
CGW_0000542,CREDIT,GOLD,131.76,5812_RESTAURANT,MacOS_Safari,CA,MISMATCH,SUCCESS_BIOMETRIC,4,0.61,1
CGW_0000543,CORPORATE,CLASSIC,2949.80,5411_GROCERY,Android,SG,MATCH,FAILED,1,0.45,0
CGW_0000544,PREPAID,CLASSIC,2556.49,5732_ELECTRONICS,iOS,CA,MISMATCH,FAILED,2,0.71,1
CGW_0000545,CORPORATE,SIGNATURE,277.16,5812_RESTAURANT,iOS,AU,MATCH,SUCCESS_OTP,8,0.67,0
CGW_0000546,CREDIT,SIGNATURE,176.99,5732_ELECTRONICS,MacOS_Safari,AE,MATCH,BYPASSED,11,0.23,0
CGW_0000547,DEBIT,PLATINUM,776.73,4829_MONEY_TRANSFER,Windows_Chrome,AE,MISMATCH,SUCCESS_OTP,12,0.19,1
CGW_0000548,DEBIT,GOLD,2896.57,7995_BETTING,Windows_Chrome,US,MATCH,SUCCESS_OTP,8,0.74,1
CGW_0000549,PREPAID,PLATINUM,1299.84,4722_TRAVEL,Android,US,MATCH,FAILED,9,0.84,0
CGW_0000550,DEBIT,GOLD,1932.41,5411_GROCERY,Windows_Chrome,DE,MISMATCH,BYPASSED,9,0.67,1
CGW_0000551,CORPORATE,SIGNATURE,3309.55,5812_RESTAURANT,iOS,GB,MATCH,BYPASSED,3,0.38,0
CGW_0000552,DEBIT,GOLD,3561.20,4829_MONEY_TRANSFER,Android,AE,MATCH,BYPASSED,11,0.21,0
CGW_0000553,CREDIT,GOLD,3571.15,7995_BETTING,Windows_Chrome,GB,MATCH,BYPASSED,7,0.11,1
CGW_0000554,PREPAID,PLATINUM,2489.51,5812_RESTAURANT,Windows_Chrome,AE,MISMATCH,BYPASSED,11,0.08,1
CGW_0000555,CORPORATE,SIGNATURE,637.78,4722_TRAVEL,iOS,US,MATCH,SUCCESS_OTP,5,0.01,0
CGW_0000556,CREDIT,PLATINUM,3201.91,5732_ELECTRONICS,Windows_Chrome,US,MATCH,FAILED,4,0.17,1
CGW_0000557,DEBIT,PLATINUM,2565.19,4722_TRAVEL,Linux_Firefox,GB,MATCH,BYPASSED,3,0.16,0
CGW_0000558,CREDIT,SIGNATURE,63.26,5411_GROCERY,Linux_Firefox,IN,MATCH,BYPASSED,1,0.42,0
CGW_0000559,DEBIT,PLATINUM,1759.42,4829_MONEY_TRANSFER,MacOS_Safari,AE,MATCH,FAILED,9,0.30,0
CGW_0000560,DEBIT,PLATINUM,3413.73,5411_GROCERY,Android,GB,MATCH,BYPASSED,11,0.33,0
CGW_0000561,CREDIT,GOLD,1120.63,5812_RESTAURANT,iOS,GB,MATCH,SUCCESS_BIOMETRIC,8,0.99,1
CGW_0000562,DEBIT,INFINITE,217.12,5812_RESTAURANT,MacOS_Safari,AE,MATCH,BYPASSED,4,0.93,1
CGW_0000563,CREDIT,INFINITE,4399.66,5732_ELECTRONICS,Android,US,MATCH,BYPASSED,3,0.35,1
CGW_0000564,CREDIT,CLASSIC,4130.24,5732_ELECTRONICS,Android,DE,MATCH,BYPASSED,6,0.02,0
CGW_0000565,PREPAID,CLASSIC,74.38,5812_RESTAURANT,Linux_Firefox,AE,MATCH,SUCCESS_OTP,2,0.14,0
CGW_0000566,CREDIT,SIGNATURE,4185.94,7995_BETTING,Linux_Firefox,DE,MATCH,SUCCESS_OTP,3,0.88,1
CGW_0000567,CORPORATE,SIGNATURE,3557.84,5812_RESTAURANT,iOS,GB,MATCH,SUCCESS_BIOMETRIC,6,0.94,1
CGW_0000568,CREDIT,GOLD,2293.43,4722_TRAVEL,MacOS_Safari,US,MATCH,SUCCESS_OTP,4,0.87,1
CGW_0000569,CORPORATE,PLATINUM,3400.49,4829_MONEY_TRANSFER,Windows_Chrome,AU,MISMATCH,FAILED,5,0.66,1
CGW_0000570,PREPAID,INFINITE,3866.41,4829_MONEY_TRANSFER,Windows_Chrome,GB,MATCH,SUCCESS_BIOMETRIC,1,0.25,1
CGW_0000571,PREPAID,PLATINUM,3409.17,4829_MONEY_TRANSFER,Android,DE,MATCH,SUCCESS_BIOMETRIC,2,0.29,0
CGW_0000572,CREDIT,GOLD,2553.78,5812_RESTAURANT,iOS,CA,MATCH,SUCCESS_BIOMETRIC,10,0.83,0
CGW_0000573,DEBIT,SIGNATURE,1007.03,4722_TRAVEL,Linux_Firefox,US,MISMATCH,SUCCESS_BIOMETRIC,5,0.93,1
CGW_0000574,CORPORATE,CLASSIC,1736.03,4722_TRAVEL,Android,AE,MATCH,SUCCESS_OTP,2,0.98,1
CGW_0000575,PREPAID,SIGNATURE,1099.83,4829_MONEY_TRANSFER,Android,DE,MATCH,SUCCESS_BIOMETRIC,7,0.93,1
CGW_0000576,PREPAID,SIGNATURE,3752.43,7995_BETTING,MacOS_Safari,GB,MISMATCH,FAILED,10,0.54,1
CGW_0000577,PREPAID,PLATINUM,869.97,4722_TRAVEL,MacOS_Safari,US,MATCH,BYPASSED,3,0.74,0
CGW_0000578,CORPORATE,GOLD,2085.49,4829_MONEY_TRANSFER,Android,SG,MISMATCH,BYPASSED,2,0.60,1
CGW_0000579,CREDIT,INFINITE,3589.18,4829_MONEY_TRANSFER,Windows_Chrome,IN,MATCH,SUCCESS_BIOMETRIC,3,0.26,1
CGW_0000580,CREDIT,PLATINUM,459.67,4722_TRAVEL,iOS,IN,MISMATCH,BYPASSED,6,0.90,1
CGW_0000581,DEBIT,INFINITE,2868.07,4722_TRAVEL,Windows_Chrome,AU,MISMATCH,SUCCESS_OTP,4,0.59,1
CGW_0000582,CREDIT,INFINITE,2240.44,7995_BETTING,MacOS_Safari,US,MATCH,SUCCESS_BIOMETRIC,9,0.73,1
CGW_0000583,DEBIT,SIGNATURE,4438.73,4722_TRAVEL,Windows_Chrome,DE,MISMATCH,FAILED,1,0.53,1
CGW_0000584,DEBIT,CLASSIC,987.48,5411_GROCERY,Linux_Firefox,AU,MISMATCH,SUCCESS_BIOMETRIC,1,0.89,1
CGW_0000585,DEBIT,INFINITE,1464.35,5812_RESTAURANT,MacOS_Safari,US,MATCH,SUCCESS_OTP,3,0.62,0
CGW_0000586,CREDIT,PLATINUM,1161.42,4722_TRAVEL,iOS,US,MATCH,BYPASSED,11,0.53,0
CGW_0000587,DEBIT,SIGNATURE,2762.57,5812_RESTAURANT,iOS,AU,MATCH,FAILED,9,0.42,0
CGW_0000588,PREPAID,CLASSIC,1204.69,7995_BETTING,Linux_Firefox,AU,MISMATCH,SUCCESS_OTP,2,0.36,1
CGW_0000589,DEBIT,PLATINUM,411.85,7995_BETTING,iOS,AE,MATCH,BYPASSED,8,0.32,1
CGW_0000590,CORPORATE,CLASSIC,1019.70,5812_RESTAURANT,Android,GB,MISMATCH,FAILED,9,0.16,1
CGW_0000591,DEBIT,PLATINUM,340.53,4829_MONEY_TRANSFER,Linux_Firefox,GB,MATCH,FAILED,11,0.60,0
CGW_0000592,DEBIT,CLASSIC,2491.18,4829_MONEY_TRANSFER,Windows_Chrome,GB,MATCH,BYPASSED,11,0.94,1
CGW_0000593,DEBIT,GOLD,2569.57,4829_MONEY_TRANSFER,Linux_Firefox,IN,MATCH,SUCCESS_OTP,12,0.69,0
CGW_0000594,DEBIT,CLASSIC,2687.25,5732_ELECTRONICS,Linux_Firefox,US,MISMATCH,BYPASSED,2,0.91,1
CGW_0000595,PREPAID,PLATINUM,4487.35,5812_RESTAURANT,Android,DE,MATCH,SUCCESS_BIOMETRIC,2,0.98,1
CGW_0000596,CREDIT,SIGNATURE,4378.07,4722_TRAVEL,Android,US,MATCH,BYPASSED,10,0.87,1
CGW_0000597,CORPORATE,PLATINUM,3282.80,5411_GROCERY,MacOS_Safari,AE,MATCH,FAILED,1,0.64,0
CGW_0000598,PREPAID,PLATINUM,1134.60,5732_ELECTRONICS,Windows_Chrome,AE,MATCH,BYPASSED,2,0.62,0
CGW_0000599,CREDIT,GOLD,2993.42,5411_GROCERY,MacOS_Safari,AE,MATCH,BYPASSED,2,0.05,0
CGW_0000600,CREDIT,SIGNATURE,4453.82,7995_BETTING,Linux_Firefox,AE,MATCH,FAILED,10,0.82,1
CGW_0000601,PREPAID,CLASSIC,1928.50,4722_TRAVEL,Android,DE,MATCH,SUCCESS_OTP,1,0.41,0
CGW_0000602,CREDIT,SIGNATURE,2187.05,5732_ELECTRONICS,Windows_Chrome,SG,MATCH,BYPASSED,2,0.09,0
CGW_0000603,CREDIT,SIGNATURE,1269.77,4829_MONEY_TRANSFER,Linux_Firefox,AU,MATCH,SUCCESS_BIOMETRIC,6,0.88,1
CGW_0000604,PREPAID,PLATINUM,1162.93,4722_TRAVEL,Android,AU,MATCH,SUCCESS_OTP,8,0.23,0
CGW_0000605,CORPORATE,INFINITE,467.05,4722_TRAVEL,MacOS_Safari,IN,MISMATCH,BYPASSED,1,0.24,1
CGW_0000606,CORPORATE,CLASSIC,852.70,4722_TRAVEL,iOS,AU,MISMATCH,FAILED,2,0.33,1
CGW_0000607,CORPORATE,PLATINUM,1592.34,5732_ELECTRONICS,Linux_Firefox,SG,MISMATCH,BYPASSED,1,0.57,1
CGW_0000608,CREDIT,CLASSIC,137.20,5812_RESTAURANT,Windows_Chrome,SG,MATCH,BYPASSED,7,0.10,0
CGW_0000609,DEBIT,GOLD,296.26,4829_MONEY_TRANSFER,Windows_Chrome,AE,MATCH,FAILED,2,0.76,0
CGW_0000610,DEBIT,INFINITE,2879.80,4722_TRAVEL,iOS,US,MATCH,BYPASSED,9,0.45,0
CGW_0000611,CREDIT,PLATINUM,330.96,5812_RESTAURANT,iOS,AU,MISMATCH,SUCCESS_OTP,9,0.34,1
CGW_0000612,DEBIT,INFINITE,471.28,5812_RESTAURANT,Android,US,MATCH,BYPASSED,10,0.94,1
CGW_0000613,CREDIT,INFINITE,971.76,4722_TRAVEL,Android,AU,MATCH,SUCCESS_BIOMETRIC,9,0.44,0
CGW_0000614,PREPAID,GOLD,2208.97,5411_GROCERY,iOS,DE,MATCH,BYPASSED,10,0.23,0
CGW_0000615,CREDIT,SIGNATURE,1304.95,4829_MONEY_TRANSFER,MacOS_Safari,AU,MATCH,FAILED,10,0.25,0
CGW_0000616,DEBIT,INFINITE,1473.06,5411_GROCERY,MacOS_Safari,AU,MATCH,SUCCESS_BIOMETRIC,2,0.12,0
CGW_0000617,CORPORATE,SIGNATURE,3336.01,5812_RESTAURANT,Linux_Firefox,AE,MATCH,FAILED,6,0.24,1
CGW_0000618,CREDIT,GOLD,1866.87,4722_TRAVEL,Linux_Firefox,DE,MATCH,BYPASSED,1,0.78,0
CGW_0000619,PREPAID,GOLD,4459.84,5411_GROCERY,MacOS_Safari,GB,MATCH,SUCCESS_OTP,10,0.93,1
CGW_0000620,CORPORATE,GOLD,1577.08,4722_TRAVEL,Android,AU,MATCH,BYPASSED,3,0.52,0
CGW_0000621,PREPAID,PLATINUM,370.86,4829_MONEY_TRANSFER,Windows_Chrome,IN,MATCH,SUCCESS_OTP,1,0.51,0
CGW_0000622,CREDIT,PLATINUM,738.43,7995_BETTING,Windows_Chrome,CA,MISMATCH,BYPASSED,9,0.32,1
CGW_0000623,PREPAID,INFINITE,984.13,7995_BETTING,iOS,DE,MISMATCH,BYPASSED,8,0.52,1
CGW_0000624,PREPAID,CLASSIC,2548.58,5812_RESTAURANT,Windows_Chrome,SG,MATCH,SUCCESS_OTP,6,0.07,0
CGW_0000625,CORPORATE,SIGNATURE,1043.87,5812_RESTAURANT,iOS,DE,MATCH,SUCCESS_BIOMETRIC,2,0.13,0
CGW_0000626,CREDIT,SIGNATURE,1293.85,5812_RESTAURANT,Windows_Chrome,SG,MATCH,SUCCESS_BIOMETRIC,4,0.22,0
CGW_0000627,DEBIT,GOLD,3552.27,4829_MONEY_TRANSFER,Android,AU,MATCH,SUCCESS_OTP,1,0.31,0
CGW_0000628,PREPAID,PLATINUM,3588.35,7995_BETTING,Linux_Firefox,IN,MISMATCH,BYPASSED,4,0.63,1
CGW_0000629,CORPORATE,SIGNATURE,3910.24,5411_GROCERY,MacOS_Safari,IN,MATCH,SUCCESS_OTP,11,0.39,0
CGW_0000630,CREDIT,SIGNATURE,1957.28,4722_TRAVEL,Linux_Firefox,US,MATCH,SUCCESS_OTP,1,0.29,0
CGW_0000631,DEBIT,PLATINUM,1986.85,4829_MONEY_TRANSFER,Linux_Firefox,CA,MATCH,SUCCESS_OTP,7,0.61,0
CGW_0000632,CORPORATE,GOLD,3542.68,7995_BETTING,Windows_Chrome,AU,MATCH,FAILED,11,0.60,1
CGW_0000633,CORPORATE,SIGNATURE,176.53,5732_ELECTRONICS,iOS,CA,MISMATCH,SUCCESS_OTP,7,0.41,1
CGW_0000634,CORPORATE,INFINITE,1083.96,5732_ELECTRONICS,iOS,GB,MATCH,SUCCESS_BIOMETRIC,2,0.47,0
CGW_0000635,CORPORATE,PLATINUM,2765.97,4829_MONEY_TRANSFER,MacOS_Safari,US,MISMATCH,SUCCESS_BIOMETRIC,2,0.79,1
CGW_0000636,CREDIT,PLATINUM,1832.62,5812_RESTAURANT,Windows_Chrome,SG,MISMATCH,FAILED,5,0.84,1
CGW_0000637,CREDIT,INFINITE,1502.60,4722_TRAVEL,Linux_Firefox,AU,MATCH,SUCCESS_BIOMETRIC,3,0.95,1
CGW_0000638,DEBIT,INFINITE,963.79,7995_BETTING,MacOS_Safari,US,MISMATCH,FAILED,7,0.95,1
CGW_0000639,CORPORATE,CLASSIC,804.40,5732_ELECTRONICS,MacOS_Safari,GB,MISMATCH,SUCCESS_OTP,1,0.92,1
CGW_0000640,CREDIT,PLATINUM,225.12,5732_ELECTRONICS,MacOS_Safari,IN,MISMATCH,BYPASSED,3,0.74,1
CGW_0000641,CORPORATE,PLATINUM,4379.77,4722_TRAVEL,Linux_Firefox,SG,MISMATCH,FAILED,12,0.51,1
CGW_0000642,DEBIT,GOLD,4106.69,4829_MONEY_TRANSFER,MacOS_Safari,US,MATCH,BYPASSED,7,0.76,0
CGW_0000643,CREDIT,GOLD,2395.75,5732_ELECTRONICS,Android,IN,MATCH,BYPASSED,4,0.47,0
CGW_0000644,DEBIT,SIGNATURE,3312.51,4829_MONEY_TRANSFER,Android,AU,MISMATCH,SUCCESS_OTP,7,0.56,1
CGW_0000645,PREPAID,GOLD,3412.09,5411_GROCERY,Windows_Chrome,IN,MATCH,SUCCESS_BIOMETRIC,9,0.88,1
CGW_0000646,DEBIT,PLATINUM,18.91,5732_ELECTRONICS,MacOS_Safari,AU,MISMATCH,BYPASSED,8,0.27,1
CGW_0000647,CREDIT,CLASSIC,145.17,5411_GROCERY,MacOS_Safari,GB,MATCH,BYPASSED,12,0.78,0
CGW_0000648,PREPAID,PLATINUM,4123.06,5732_ELECTRONICS,Android,AE,MISMATCH,SUCCESS_BIOMETRIC,8,0.64,1
CGW_0000649,DEBIT,INFINITE,4136.97,5732_ELECTRONICS,Windows_Chrome,IN,MATCH,FAILED,12,0.53,0
CGW_0000650,DEBIT,INFINITE,907.54,4829_MONEY_TRANSFER,MacOS_Safari,US,MATCH,SUCCESS_BIOMETRIC,6,0.46,0
CGW_0000651,CREDIT,GOLD,1947.26,5812_RESTAURANT,Linux_Firefox,GB,MATCH,SUCCESS_BIOMETRIC,12,0.58,0
CGW_0000652,CORPORATE,INFINITE,4245.91,4722_TRAVEL,Android,US,MATCH,SUCCESS_BIOMETRIC,5,0.31,0
CGW_0000653,CREDIT,SIGNATURE,4270.23,5411_GROCERY,Android,IN,MATCH,SUCCESS_OTP,9,0.59,1
CGW_0000654,PREPAID,GOLD,2822.20,7995_BETTING,iOS,US,MATCH,FAILED,8,0.14,1
CGW_0000655,CREDIT,PLATINUM,1917.67,4722_TRAVEL,Windows_Chrome,IN,MATCH,SUCCESS_OTP,12,0.48,0
CGW_0000656,PREPAID,SIGNATURE,325.74,4722_TRAVEL,Linux_Firefox,GB,MISMATCH,FAILED,2,0.77,1
CGW_0000657,PREPAID,PLATINUM,882.32,5411_GROCERY,Linux_Firefox,DE,MISMATCH,BYPASSED,9,0.66,1
CGW_0000658,CREDIT,PLATINUM,2543.30,5812_RESTAURANT,Linux_Firefox,US,MATCH,BYPASSED,9,0.43,0
CGW_0000659,PREPAID,PLATINUM,4252.33,5812_RESTAURANT,iOS,SG,MISMATCH,SUCCESS_OTP,5,0.28,1
CGW_0000660,CREDIT,SIGNATURE,1987.86,4829_MONEY_TRANSFER,Linux_Firefox,GB,MATCH,FAILED,3,0.13,0
CGW_0000661,DEBIT,GOLD,160.03,7995_BETTING,Android,US,MATCH,BYPASSED,1,0.15,1
CGW_0000662,CORPORATE,CLASSIC,4398.89,7995_BETTING,Android,AE,MATCH,BYPASSED,1,0.44,1
CGW_0000663,CREDIT,GOLD,1102.81,5812_RESTAURANT,Windows_Chrome,CA,MATCH,SUCCESS_BIOMETRIC,11,0.42,0
CGW_0000664,CREDIT,PLATINUM,2894.81,7995_BETTING,Linux_Firefox,SG,MATCH,SUCCESS_BIOMETRIC,3,0.07,1
CGW_0000665,CORPORATE,INFINITE,3637.14,4722_TRAVEL,iOS,CA,MATCH,SUCCESS_BIOMETRIC,7,0.30,0
CGW_0000666,CREDIT,GOLD,2758.15,4722_TRAVEL,Linux_Firefox,IN,MATCH,FAILED,3,0.82,0
CGW_0000667,CORPORATE,PLATINUM,3966.41,4829_MONEY_TRANSFER,Android,IN,MATCH,BYPASSED,12,0.63,0
CGW_0000668,CORPORATE,CLASSIC,126.90,5732_ELECTRONICS,Windows_Chrome,CA,MATCH,SUCCESS_BIOMETRIC,11,0.12,0
CGW_0000669,DEBIT,INFINITE,1700.86,7995_BETTING,Linux_Firefox,DE,MATCH,FAILED,9,0.10,1
CGW_0000670,CORPORATE,SIGNATURE,2224.49,5812_RESTAURANT,Linux_Firefox,US,MATCH,BYPASSED,8,0.02,0
CGW_0000671,CORPORATE,INFINITE,1327.52,5812_RESTAURANT,Android,IN,MISMATCH,SUCCESS_OTP,2,0.02,1
CGW_0000672,PREPAID,INFINITE,2470.63,4829_MONEY_TRANSFER,iOS,GB,MISMATCH,SUCCESS_OTP,9,0.95,1
CGW_0000673,CORPORATE,GOLD,1009.47,4722_TRAVEL,Windows_Chrome,US,MISMATCH,FAILED,12,0.81,1
CGW_0000674,CREDIT,CLASSIC,2525.49,7995_BETTING,Linux_Firefox,AU,MATCH,FAILED,5,0.38,1
CGW_0000675,CORPORATE,SIGNATURE,1136.33,5732_ELECTRONICS,Windows_Chrome,US,MATCH,FAILED,11,0.85,0
CGW_0000676,PREPAID,PLATINUM,3706.24,5812_RESTAURANT,iOS,DE,MATCH,BYPASSED,5,0.57,0
CGW_0000677,DEBIT,PLATINUM,3641.95,5732_ELECTRONICS,Android,GB,MATCH,SUCCESS_BIOMETRIC,4,0.32,0
CGW_0000678,CORPORATE,INFINITE,1388.69,4722_TRAVEL,MacOS_Safari,AE,MATCH,SUCCESS_OTP,4,0.15,0
CGW_0000679,PREPAID,INFINITE,1050.49,4722_TRAVEL,Windows_Chrome,CA,MATCH,FAILED,3,0.22,0
CGW_0000680,PREPAID,INFINITE,247.85,5812_RESTAURANT,Windows_Chrome,GB,MATCH,SUCCESS_BIOMETRIC,12,0.16,0
CGW_0000681,DEBIT,PLATINUM,2708.69,7995_BETTING,Windows_Chrome,DE,MATCH,SUCCESS_BIOMETRIC,6,0.59,1
CGW_0000682,CREDIT,GOLD,2243.63,5812_RESTAURANT,Windows_Chrome,GB,MATCH,FAILED,6,0.77,0
CGW_0000683,DEBIT,GOLD,1112.78,4722_TRAVEL,Linux_Firefox,SG,MATCH,SUCCESS_BIOMETRIC,9,0.89,1
CGW_0000684,CORPORATE,INFINITE,4045.20,5812_RESTAURANT,Android,AE,MATCH,BYPASSED,3,0.22,1
CGW_0000685,CREDIT,PLATINUM,2277.75,4829_MONEY_TRANSFER,MacOS_Safari,CA,MATCH,SUCCESS_BIOMETRIC,6,0.91,1
CGW_0000686,PREPAID,CLASSIC,2099.81,4722_TRAVEL,MacOS_Safari,DE,MATCH,SUCCESS_BIOMETRIC,10,0.78,0
CGW_0000687,CREDIT,INFINITE,314.20,5732_ELECTRONICS,Windows_Chrome,GB,MATCH,SUCCESS_OTP,6,0.52,0
CGW_0000688,CREDIT,SIGNATURE,4450.58,4722_TRAVEL,Android,IN,MATCH,SUCCESS_BIOMETRIC,7,0.59,0
CGW_0000689,CORPORATE,CLASSIC,995.79,5732_ELECTRONICS,iOS,CA,MATCH,SUCCESS_OTP,3,0.58,0
CGW_0000690,PREPAID,CLASSIC,3389.64,4829_MONEY_TRANSFER,Windows_Chrome,IN,MATCH,SUCCESS_BIOMETRIC,7,0.39,0
CGW_0000691,CORPORATE,SIGNATURE,3085.75,4722_TRAVEL,Android,GB,MATCH,SUCCESS_OTP,3,0.14,0
CGW_0000692,CREDIT,GOLD,313.70,7995_BETTING,Windows_Chrome,IN,MATCH,SUCCESS_OTP,7,0.65,1
CGW_0000693,PREPAID,SIGNATURE,400.05,5812_RESTAURANT,Android,CA,MATCH,FAILED,12,0.66,0
CGW_0000694,CREDIT,PLATINUM,578.62,5812_RESTAURANT,iOS,US,MATCH,FAILED,6,0.45,0
CGW_0000695,DEBIT,PLATINUM,3034.41,7995_BETTING,Windows_Chrome,AU,MATCH,SUCCESS_BIOMETRIC,1,0.38,1
CGW_0000696,DEBIT,INFINITE,724.16,5732_ELECTRONICS,Windows_Chrome,SG,MATCH,FAILED,10,0.29,0
CGW_0000697,DEBIT,CLASSIC,491.00,4722_TRAVEL,iOS,AE,MATCH,SUCCESS_BIOMETRIC,7,0.83,0
CGW_0000698,DEBIT,CLASSIC,1212.12,4829_MONEY_TRANSFER,MacOS_Safari,GB,MATCH,FAILED,9,0.94,1
CGW_0000699,PREPAID,PLATINUM,3727.02,5732_ELECTRONICS,Android,AE,MATCH,SUCCESS_OTP,4,0.57,1
CGW_0000700,CREDIT,INFINITE,1327.43,4722_TRAVEL,Android,AU,MATCH,BYPASSED,2,0.73,0
CGW_0000701,PREPAID,PLATINUM,3754.41,5812_RESTAURANT,Windows_Chrome,SG,MISMATCH,SUCCESS_OTP,10,0.91,1
CGW_0000702,DEBIT,SIGNATURE,2227.14,4829_MONEY_TRANSFER,Linux_Firefox,AE,MATCH,BYPASSED,10,0.78,0
CGW_0000703,PREPAID,INFINITE,928.86,5411_GROCERY,Android,CA,MATCH,SUCCESS_BIOMETRIC,6,0.62,0
CGW_0000704,CREDIT,CLASSIC,3643.33,4829_MONEY_TRANSFER,Android,SG,MATCH,FAILED,12,0.10,0
CGW_0000705,DEBIT,INFINITE,3033.67,4829_MONEY_TRANSFER,Linux_Firefox,GB,MISMATCH,SUCCESS_OTP,8,0.82,1
CGW_0000706,CORPORATE,INFINITE,73.13,5732_ELECTRONICS,MacOS_Safari,AE,MATCH,SUCCESS_OTP,11,0.11,0
CGW_0000707,PREPAID,SIGNATURE,3710.93,5732_ELECTRONICS,Android,DE,MISMATCH,SUCCESS_OTP,12,0.83,1
CGW_0000708,CREDIT,SIGNATURE,1115.84,4722_TRAVEL,Linux_Firefox,US,MATCH,BYPASSED,4,0.09,0
CGW_0000709,PREPAID,CLASSIC,3759.77,5732_ELECTRONICS,MacOS_Safari,US,MISMATCH,FAILED,4,0.74,1
CGW_0000710,CREDIT,PLATINUM,2316.47,5732_ELECTRONICS,Linux_Firefox,SG,MATCH,SUCCESS_BIOMETRIC,5,0.38,0
CGW_0000711,CORPORATE,CLASSIC,3632.35,4829_MONEY_TRANSFER,Android,CA,MATCH,BYPASSED,6,0.55,0
CGW_0000712,CREDIT,GOLD,3727.27,5411_GROCERY,Windows_Chrome,IN,MATCH,BYPASSED,7,0.67,0
CGW_0000713,CORPORATE,CLASSIC,562.95,7995_BETTING,MacOS_Safari,IN,MATCH,SUCCESS_OTP,2,0.57,1
CGW_0000714,CORPORATE,SIGNATURE,1491.40,5732_ELECTRONICS,iOS,SG,MATCH,FAILED,6,0.78,0
CGW_0000715,CREDIT,INFINITE,3109.43,5411_GROCERY,iOS,SG,MATCH,SUCCESS_OTP,2,0.87,1
CGW_0000716,CORPORATE,PLATINUM,2215.42,5732_ELECTRONICS,MacOS_Safari,SG,MATCH,SUCCESS_BIOMETRIC,9,0.80,0
CGW_0000717,CORPORATE,INFINITE,721.61,4722_TRAVEL,MacOS_Safari,GB,MATCH,FAILED,12,0.04,0
CGW_0000718,CREDIT,INFINITE,346.95,5411_GROCERY,Linux_Firefox,SG,MATCH,FAILED,4,0.85,1
CGW_0000719,DEBIT,PLATINUM,3743.95,5812_RESTAURANT,iOS,CA,MATCH,SUCCESS_OTP,1,0.83,1
CGW_0000720,PREPAID,GOLD,528.64,4722_TRAVEL,MacOS_Safari,US,MISMATCH,BYPASSED,11,0.22,1
CGW_0000721,CREDIT,CLASSIC,4026.38,5732_ELECTRONICS,MacOS_Safari,AE,MISMATCH,BYPASSED,12,0.33,1
CGW_0000722,DEBIT,SIGNATURE,1420.21,5812_RESTAURANT,Windows_Chrome,DE,MATCH,BYPASSED,10,0.04,0
CGW_0000723,PREPAID,INFINITE,840.79,7995_BETTING,Android,US,MATCH,FAILED,2,0.65,1
CGW_0000724,CORPORATE,CLASSIC,3079.53,5732_ELECTRONICS,MacOS_Safari,CA,MISMATCH,FAILED,11,0.86,1
CGW_0000725,PREPAID,CLASSIC,2229.40,5411_GROCERY,MacOS_Safari,GB,MISMATCH,SUCCESS_OTP,10,0.91,1
CGW_0000726,CORPORATE,PLATINUM,273.56,5812_RESTAURANT,Windows_Chrome,CA,MATCH,SUCCESS_BIOMETRIC,6,0.92,1
CGW_0000727,CORPORATE,GOLD,3041.31,7995_BETTING,iOS,AU,MATCH,SUCCESS_OTP,8,0.05,1
CGW_0000728,DEBIT,GOLD,3876.37,7995_BETTING,Android,GB,MATCH,FAILED,12,0.62,1
CGW_0000729,CORPORATE,INFINITE,4444.29,5812_RESTAURANT,Linux_Firefox,DE,MATCH,BYPASSED,3,0.70,1
CGW_0000730,DEBIT,GOLD,1161.30,5812_RESTAURANT,Android,CA,MATCH,BYPASSED,4,0.50,0
CGW_0000731,CREDIT,PLATINUM,3558.38,5732_ELECTRONICS,MacOS_Safari,CA,MATCH,FAILED,12,0.45,1
CGW_0000732,CREDIT,GOLD,2916.64,4829_MONEY_TRANSFER,Linux_Firefox,AE,MATCH,FAILED,9,0.13,0
CGW_0000733,CORPORATE,INFINITE,1435.55,5812_RESTAURANT,Windows_Chrome,AE,MISMATCH,SUCCESS_BIOMETRIC,9,0.50,1
CGW_0000734,CREDIT,CLASSIC,187.59,5411_GROCERY,MacOS_Safari,GB,MATCH,SUCCESS_BIOMETRIC,3,0.21,0
CGW_0000735,CORPORATE,GOLD,2035.96,4722_TRAVEL,Android,DE,MATCH,SUCCESS_BIOMETRIC,5,0.76,0
CGW_0000736,CORPORATE,PLATINUM,2383.81,5812_RESTAURANT,Android,AE,MATCH,FAILED,1,0.21,0
CGW_0000737,CORPORATE,INFINITE,3215.77,4722_TRAVEL,Android,AU,MATCH,BYPASSED,1,0.08,0
CGW_0000738,PREPAID,PLATINUM,2282.12,5732_ELECTRONICS,Windows_Chrome,GB,MISMATCH,FAILED,12,0.47,1
CGW_0000739,CORPORATE,PLATINUM,137.48,5812_RESTAURANT,Windows_Chrome,SG,MATCH,FAILED,11,0.61,0
CGW_0000740,PREPAID,INFINITE,483.01,5732_ELECTRONICS,MacOS_Safari,DE,MATCH,BYPASSED,1,0.44,0
CGW_0000741,CORPORATE,CLASSIC,1971.74,5812_RESTAURANT,Linux_Firefox,IN,MATCH,FAILED,12,0.10,0
CGW_0000742,DEBIT,CLASSIC,4162.35,5812_RESTAURANT,MacOS_Safari,AU,MISMATCH,BYPASSED,10,0.20,1
CGW_0000743,CORPORATE,CLASSIC,2023.48,5411_GROCERY,Linux_Firefox,SG,MATCH,FAILED,2,0.37,0
CGW_0000744,CREDIT,GOLD,3122.17,5411_GROCERY,Android,CA,MATCH,SUCCESS_OTP,9,0.52,1
CGW_0000745,DEBIT,GOLD,3513.30,5732_ELECTRONICS,iOS,GB,MATCH,SUCCESS_BIOMETRIC,11,0.78,1
CGW_0000746,CREDIT,CLASSIC,1015.59,4722_TRAVEL,Linux_Firefox,SG,MATCH,SUCCESS_OTP,6,0.79,0
CGW_0000747,PREPAID,PLATINUM,71.13,5732_ELECTRONICS,Windows_Chrome,GB,MISMATCH,BYPASSED,12,0.65,1
CGW_0000748,CORPORATE,GOLD,845.34,5411_GROCERY,iOS,AU,MISMATCH,SUCCESS_OTP,6,0.76,1
CGW_0000749,DEBIT,CLASSIC,3879.93,5411_GROCERY,iOS,US,MATCH,SUCCESS_BIOMETRIC,11,0.65,1
CGW_0000750,CREDIT,SIGNATURE,3525.16,5411_GROCERY,iOS,IN,MATCH,SUCCESS_BIOMETRIC,11,0.16,1
CGW_0000751,CREDIT,SIGNATURE,3888.11,5411_GROCERY,iOS,CA,MATCH,SUCCESS_OTP,12,0.95,1
CGW_0000752,CREDIT,SIGNATURE,2031.36,4722_TRAVEL,iOS,IN,MATCH,BYPASSED,10,0.09,0
CGW_0000753,DEBIT,SIGNATURE,244.68,4722_TRAVEL,MacOS_Safari,AU,MATCH,FAILED,7,0.45,0
CGW_0000754,DEBIT,CLASSIC,3868.08,4722_TRAVEL,Android,GB,MATCH,SUCCESS_BIOMETRIC,1,0.55,0
CGW_0000755,DEBIT,PLATINUM,1851.54,4722_TRAVEL,Android,IN,MATCH,FAILED,2,0.12,0
CGW_0000756,PREPAID,SIGNATURE,4430.81,4722_TRAVEL,MacOS_Safari,IN,MATCH,SUCCESS_BIOMETRIC,1,0.03,1
CGW_0000757,CORPORATE,GOLD,2309.76,7995_BETTING,MacOS_Safari,AE,MATCH,BYPASSED,10,0.87,1
CGW_0000758,CREDIT,PLATINUM,2639.00,7995_BETTING,Windows_Chrome,IN,MISMATCH,BYPASSED,9,0.54,1
CGW_0000759,CORPORATE,SIGNATURE,113.99,4722_TRAVEL,Windows_Chrome,IN,MATCH,SUCCESS_OTP,4,0.19,0
CGW_0000760,DEBIT,INFINITE,3623.09,4722_TRAVEL,Android,GB,MISMATCH,SUCCESS_OTP,10,0.89,1
CGW_0000761,CREDIT,CLASSIC,3185.82,5812_RESTAURANT,Windows_Chrome,US,MATCH,SUCCESS_BIOMETRIC,11,0.28,0
CGW_0000762,CREDIT,PLATINUM,1817.13,7995_BETTING,MacOS_Safari,DE,MISMATCH,SUCCESS_BIOMETRIC,10,0.78,1
CGW_0000763,CREDIT,PLATINUM,4368.48,4829_MONEY_TRANSFER,iOS,IN,MISMATCH,BYPASSED,3,0.12,1
CGW_0000764,CORPORATE,CLASSIC,2954.15,5411_GROCERY,Windows_Chrome,DE,MATCH,SUCCESS_OTP,6,0.13,0
CGW_0000765,CORPORATE,GOLD,3238.28,4722_TRAVEL,Linux_Firefox,DE,MISMATCH,SUCCESS_BIOMETRIC,12,0.74,1
CGW_0000766,CORPORATE,PLATINUM,2701.88,4829_MONEY_TRANSFER,Android,US,MISMATCH,SUCCESS_OTP,1,0.22,1
CGW_0000767,CREDIT,CLASSIC,3325.88,4829_MONEY_TRANSFER,Linux_Firefox,SG,MATCH,BYPASSED,8,0.36,0
CGW_0000768,PREPAID,PLATINUM,1826.00,5411_GROCERY,Windows_Chrome,DE,MATCH,FAILED,12,0.82,0
CGW_0000769,PREPAID,CLASSIC,4030.34,4829_MONEY_TRANSFER,Windows_Chrome,SG,MATCH,SUCCESS_BIOMETRIC,5,0.98,1
CGW_0000770,CREDIT,PLATINUM,1554.81,7995_BETTING,Linux_Firefox,IN,MATCH,SUCCESS_BIOMETRIC,5,0.72,1
CGW_0000771,CREDIT,PLATINUM,1710.32,4722_TRAVEL,Windows_Chrome,DE,MATCH,FAILED,7,0.14,0
CGW_0000772,PREPAID,PLATINUM,1331.61,5732_ELECTRONICS,MacOS_Safari,SG,MATCH,SUCCESS_OTP,5,0.45,0
CGW_0000773,PREPAID,SIGNATURE,2461.27,4722_TRAVEL,Android,US,MATCH,BYPASSED,3,0.82,0
CGW_0000774,CORPORATE,GOLD,1921.67,5732_ELECTRONICS,iOS,SG,MISMATCH,SUCCESS_BIOMETRIC,8,0.77,1
CGW_0000775,CREDIT,INFINITE,2081.71,5411_GROCERY,Android,CA,MATCH,FAILED,5,0.44,0
CGW_0000776,PREPAID,GOLD,2402.10,5732_ELECTRONICS,MacOS_Safari,AU,MISMATCH,BYPASSED,7,0.93,1
CGW_0000777,PREPAID,INFINITE,1558.29,7995_BETTING,Linux_Firefox,CA,MATCH,BYPASSED,12,0.16,1
CGW_0000778,DEBIT,INFINITE,862.10,4722_TRAVEL,iOS,AE,MATCH,FAILED,11,0.56,0
CGW_0000779,CORPORATE,INFINITE,841.32,5732_ELECTRONICS,Linux_Firefox,IN,MATCH,FAILED,8,0.91,1
CGW_0000780,DEBIT,CLASSIC,3935.94,4722_TRAVEL,Linux_Firefox,DE,MISMATCH,SUCCESS_BIOMETRIC,5,0.83,1
CGW_0000781,DEBIT,CLASSIC,1990.97,4829_MONEY_TRANSFER,iOS,GB,MATCH,FAILED,12,0.14,0
CGW_0000782,DEBIT,PLATINUM,1775.57,4829_MONEY_TRANSFER,Android,CA,MATCH,FAILED,4,0.18,0
CGW_0000783,PREPAID,PLATINUM,4317.02,5812_RESTAURANT,Windows_Chrome,US,MATCH,BYPASSED,12,0.80,0
CGW_0000784,CORPORATE,CLASSIC,80.01,5812_RESTAURANT,iOS,AU,MATCH,SUCCESS_BIOMETRIC,6,0.62,0
CGW_0000785,PREPAID,INFINITE,4262.58,7995_BETTING,Windows_Chrome,CA,MATCH,FAILED,4,0.38,1
CGW_0000786,CORPORATE,PLATINUM,555.28,5411_GROCERY,Windows_Chrome,AE,MATCH,SUCCESS_BIOMETRIC,5,0.58,0
CGW_0000787,CORPORATE,CLASSIC,3421.64,5812_RESTAURANT,MacOS_Safari,AU,MATCH,FAILED,5,0.78,1
CGW_0000788,DEBIT,PLATINUM,3500.48,7995_BETTING,Linux_Firefox,CA,MISMATCH,SUCCESS_OTP,11,0.64,1
CGW_0000789,DEBIT,GOLD,652.38,5411_GROCERY,Linux_Firefox,GB,MISMATCH,FAILED,2,0.61,1
CGW_0000790,PREPAID,CLASSIC,863.28,5732_ELECTRONICS,iOS,SG,MATCH,FAILED,4,0.98,1
CGW_0000791,CREDIT,PLATINUM,3328.58,4722_TRAVEL,Windows_Chrome,US,MATCH,FAILED,6,0.86,1
CGW_0000792,CORPORATE,INFINITE,3230.43,5411_GROCERY,iOS,US,MATCH,SUCCESS_OTP,8,0.52,0
CGW_0000793,CORPORATE,GOLD,524.02,5732_ELECTRONICS,iOS,AE,MISMATCH,FAILED,12,0.33,1
CGW_0000794,CREDIT,PLATINUM,4273.99,5411_GROCERY,MacOS_Safari,SG,MATCH,FAILED,1,0.50,0
CGW_0000795,CREDIT,CLASSIC,2569.95,4829_MONEY_TRANSFER,Android,SG,MISMATCH,FAILED,9,0.63,1
CGW_0000796,CORPORATE,CLASSIC,1631.41,5732_ELECTRONICS,Windows_Chrome,CA,MATCH,FAILED,11,0.51,0
CGW_0000797,PREPAID,SIGNATURE,221.14,5812_RESTAURANT,iOS,DE,MATCH,BYPASSED,5,0.64,0
CGW_0000798,DEBIT,PLATINUM,2008.27,4722_TRAVEL,Android,US,MATCH,SUCCESS_OTP,7,0.95,1
CGW_0000799,CORPORATE,CLASSIC,306.04,5732_ELECTRONICS,Windows_Chrome,CA,MISMATCH,SUCCESS_OTP,7,0.85,1
CGW_0000800,CREDIT,GOLD,3218.25,5812_RESTAURANT,Android,US,MISMATCH,SUCCESS_OTP,11,0.55,1
CGW_0000801,DEBIT,GOLD,2532.90,5411_GROCERY,Windows_Chrome,AU,MATCH,FAILED,11,0.60,0
CGW_0000802,CORPORATE,INFINITE,4392.42,4829_MONEY_TRANSFER,Windows_Chrome,IN,MATCH,SUCCESS_OTP,8,0.50,0
CGW_0000803,PREPAID,INFINITE,3116.81,7995_BETTING,Android,DE,MATCH,BYPASSED,9,0.24,1
CGW_0000804,CREDIT,INFINITE,1489.03,5732_ELECTRONICS,Linux_Firefox,IN,MISMATCH,BYPASSED,4,0.21,1
CGW_0000805,CORPORATE,SIGNATURE,4444.55,4829_MONEY_TRANSFER,Windows_Chrome,US,MISMATCH,SUCCESS_BIOMETRIC,8,0.46,1
CGW_0000806,CORPORATE,GOLD,625.42,5732_ELECTRONICS,iOS,AU,MATCH,FAILED,3,0.17,0
CGW_0000807,PREPAID,SIGNATURE,3014.61,5812_RESTAURANT,Windows_Chrome,SG,MATCH,BYPASSED,1,0.28,0
CGW_0000808,DEBIT,PLATINUM,1846.82,5812_RESTAURANT,Android,AU,MISMATCH,SUCCESS_OTP,2,0.94,1
CGW_0000809,PREPAID,CLASSIC,2832.60,5411_GROCERY,MacOS_Safari,AU,MATCH,BYPASSED,10,0.81,0
CGW_0000810,CORPORATE,CLASSIC,2491.61,4722_TRAVEL,iOS,DE,MATCH,FAILED,12,0.85,0
CGW_0000811,DEBIT,PLATINUM,1994.79,5812_RESTAURANT,Windows_Chrome,DE,MATCH,FAILED,11,0.23,0
CGW_0000812,CREDIT,PLATINUM,2387.30,5732_ELECTRONICS,iOS,US,MATCH,FAILED,4,0.63,0
CGW_0000813,CREDIT,INFINITE,549.91,4722_TRAVEL,Android,US,MATCH,FAILED,6,0.48,0
CGW_0000814,CORPORATE,GOLD,3489.36,7995_BETTING,iOS,AE,MATCH,BYPASSED,8,0.63,1
CGW_0000815,PREPAID,CLASSIC,3290.04,5812_RESTAURANT,iOS,CA,MISMATCH,SUCCESS_OTP,6,0.10,1
CGW_0000816,DEBIT,PLATINUM,1545.45,4829_MONEY_TRANSFER,Linux_Firefox,GB,MATCH,BYPASSED,2,0.27,0
CGW_0000817,CREDIT,SIGNATURE,1180.84,4722_TRAVEL,Windows_Chrome,IN,MATCH,BYPASSED,7,0.90,1
CGW_0000818,CREDIT,CLASSIC,242.26,5411_GROCERY,Android,AU,MISMATCH,SUCCESS_OTP,3,0.70,1
CGW_0000819,PREPAID,CLASSIC,1872.83,7995_BETTING,Linux_Firefox,AE,MISMATCH,BYPASSED,11,0.64,1
CGW_0000820,CORPORATE,PLATINUM,1147.54,5732_ELECTRONICS,Linux_Firefox,US,MATCH,FAILED,7,0.54,0
CGW_0000821,DEBIT,INFINITE,4490.53,5812_RESTAURANT,iOS,CA,MISMATCH,BYPASSED,3,0.66,1
CGW_0000822,CORPORATE,SIGNATURE,4201.20,4829_MONEY_TRANSFER,iOS,GB,MISMATCH,SUCCESS_OTP,3,0.40,1
CGW_0000823,CORPORATE,SIGNATURE,4185.13,4829_MONEY_TRANSFER,MacOS_Safari,DE,MATCH,SUCCESS_OTP,9,0.82,1
CGW_0000824,CORPORATE,CLASSIC,566.19,5411_GROCERY,iOS,AU,MATCH,BYPASSED,9,0.17,0
CGW_0000825,CREDIT,CLASSIC,3135.54,4722_TRAVEL,Linux_Firefox,AE,MISMATCH,FAILED,2,0.25,1
CGW_0000826,CREDIT,GOLD,439.43,5732_ELECTRONICS,Android,SG,MISMATCH,FAILED,10,0.28,1
CGW_0000827,CREDIT,CLASSIC,1856.03,7995_BETTING,Android,AE,MATCH,SUCCESS_OTP,5,0.96,1
CGW_0000828,DEBIT,SIGNATURE,4279.57,7995_BETTING,Android,GB,MATCH,SUCCESS_OTP,1,0.94,1
CGW_0000829,CREDIT,CLASSIC,446.87,5411_GROCERY,Windows_Chrome,GB,MATCH,FAILED,7,0.33,0
CGW_0000830,PREPAID,GOLD,3059.22,7995_BETTING,iOS,CA,MATCH,FAILED,10,0.43,1
CGW_0000831,DEBIT,GOLD,4224.88,5411_GROCERY,Windows_Chrome,AE,MISMATCH,FAILED,10,0.84,1
CGW_0000832,PREPAID,SIGNATURE,1266.03,5732_ELECTRONICS,Android,GB,MATCH,SUCCESS_OTP,9,0.56,0
CGW_0000833,DEBIT,CLASSIC,1492.79,4722_TRAVEL,Linux_Firefox,CA,MATCH,SUCCESS_OTP,4,0.88,1
CGW_0000834,CREDIT,PLATINUM,1677.63,7995_BETTING,Android,CA,MATCH,FAILED,3,0.20,1
CGW_0000835,DEBIT,INFINITE,1817.24,7995_BETTING,MacOS_Safari,US,MATCH,SUCCESS_BIOMETRIC,4,0.77,1
CGW_0000836,CORPORATE,SIGNATURE,1436.67,7995_BETTING,MacOS_Safari,CA,MATCH,SUCCESS_BIOMETRIC,7,0.22,1
CGW_0000837,CREDIT,CLASSIC,791.90,5812_RESTAURANT,iOS,IN,MATCH,FAILED,1,0.61,0
CGW_0000838,DEBIT,INFINITE,514.61,7995_BETTING,Linux_Firefox,DE,MATCH,SUCCESS_OTP,5,0.75,1
CGW_0000839,CORPORATE,CLASSIC,1879.69,4829_MONEY_TRANSFER,MacOS_Safari,AU,MATCH,SUCCESS_OTP,7,0.56,0
CGW_0000840,CORPORATE,SIGNATURE,1711.21,7995_BETTING,iOS,IN,MATCH,FAILED,10,0.51,1
CGW_0000841,PREPAID,CLASSIC,761.53,4829_MONEY_TRANSFER,MacOS_Safari,AU,MATCH,FAILED,4,0.72,0
CGW_0000842,PREPAID,CLASSIC,1753.62,4829_MONEY_TRANSFER,MacOS_Safari,CA,MATCH,FAILED,3,0.61,0
CGW_0000843,PREPAID,CLASSIC,3936.23,7995_BETTING,Linux_Firefox,GB,MATCH,BYPASSED,12,0.26,1
CGW_0000844,DEBIT,CLASSIC,3531.63,5411_GROCERY,MacOS_Safari,DE,MATCH,FAILED,5,0.24,0
CGW_0000845,CREDIT,CLASSIC,987.05,4829_MONEY_TRANSFER,iOS,AU,MATCH,SUCCESS_BIOMETRIC,1,0.11,0
CGW_0000846,CORPORATE,GOLD,4061.01,5732_ELECTRONICS,Android,IN,MATCH,SUCCESS_OTP,1,0.14,1
CGW_0000847,CORPORATE,PLATINUM,3975.01,5411_GROCERY,Android,CA,MATCH,SUCCESS_BIOMETRIC,4,0.81,0
CGW_0000848,PREPAID,CLASSIC,687.38,4829_MONEY_TRANSFER,iOS,GB,MATCH,SUCCESS_BIOMETRIC,4,0.82,0
CGW_0000849,DEBIT,GOLD,2404.55,5411_GROCERY,MacOS_Safari,AU,MATCH,FAILED,6,0.35,0
CGW_0000850,PREPAID,GOLD,1457.67,5732_ELECTRONICS,Windows_Chrome,DE,MATCH,BYPASSED,4,0.73,0
CGW_0000851,CORPORATE,SIGNATURE,4298.01,5411_GROCERY,Windows_Chrome,DE,MATCH,BYPASSED,5,0.39,0
CGW_0000852,DEBIT,GOLD,2893.10,7995_BETTING,Linux_Firefox,AE,MATCH,SUCCESS_BIOMETRIC,10,0.85,1
CGW_0000853,CREDIT,PLATINUM,1101.63,5812_RESTAURANT,MacOS_Safari,IN,MATCH,FAILED,8,0.52,0
CGW_0000854,CORPORATE,PLATINUM,1280.04,5411_GROCERY,Windows_Chrome,AE,MISMATCH,FAILED,10,0.77,1
CGW_0000855,CORPORATE,CLASSIC,2621.93,5732_ELECTRONICS,iOS,CA,MISMATCH,SUCCESS_OTP,4,0.23,1
CGW_0000856,CORPORATE,SIGNATURE,2734.72,4722_TRAVEL,Linux_Firefox,AE,MISMATCH,SUCCESS_OTP,6,0.42,1
CGW_0000857,DEBIT,SIGNATURE,2655.34,4722_TRAVEL,Linux_Firefox,AE,MATCH,FAILED,12,0.87,1
CGW_0000858,DEBIT,CLASSIC,2020.92,5732_ELECTRONICS,iOS,SG,MATCH,FAILED,5,0.55,0
CGW_0000859,DEBIT,GOLD,724.16,4829_MONEY_TRANSFER,Windows_Chrome,GB,MATCH,BYPASSED,2,0.93,1
CGW_0000860,CREDIT,INFINITE,2034.75,4722_TRAVEL,Android,GB,MATCH,SUCCESS_BIOMETRIC,8,0.79,0
CGW_0000861,CORPORATE,PLATINUM,3622.59,4829_MONEY_TRANSFER,Linux_Firefox,IN,MATCH,SUCCESS_BIOMETRIC,3,0.82,1
CGW_0000862,DEBIT,INFINITE,2314.56,5732_ELECTRONICS,Windows_Chrome,SG,MISMATCH,SUCCESS_BIOMETRIC,3,0.14,1
CGW_0000863,DEBIT,CLASSIC,1762.65,5732_ELECTRONICS,iOS,SG,MISMATCH,SUCCESS_OTP,3,0.56,1
CGW_0000864,PREPAID,CLASSIC,1476.07,5411_GROCERY,Linux_Firefox,GB,MATCH,SUCCESS_OTP,10,0.81,0
CGW_0000865,DEBIT,SIGNATURE,373.30,5732_ELECTRONICS,MacOS_Safari,DE,MATCH,SUCCESS_OTP,2,0.91,1
CGW_0000866,CORPORATE,INFINITE,2654.15,4829_MONEY_TRANSFER,iOS,AU,MATCH,SUCCESS_OTP,1,0.50,0
CGW_0000867,CREDIT,GOLD,2745.62,5411_GROCERY,Linux_Firefox,IN,MATCH,FAILED,8,0.86,1
CGW_0000868,PREPAID,SIGNATURE,3037.11,4722_TRAVEL,MacOS_Safari,CA,MATCH,BYPASSED,8,0.54,1
CGW_0000869,CORPORATE,INFINITE,80.29,5812_RESTAURANT,Linux_Firefox,CA,MATCH,FAILED,2,0.79,0
CGW_0000870,DEBIT,CLASSIC,63.10,5812_RESTAURANT,iOS,SG,MATCH,FAILED,7,0.14,0
CGW_0000871,CREDIT,CLASSIC,2387.68,5732_ELECTRONICS,iOS,US,MATCH,SUCCESS_BIOMETRIC,1,0.31,0
CGW_0000872,CORPORATE,SIGNATURE,3687.90,5812_RESTAURANT,Android,GB,MATCH,BYPASSED,12,0.11,1
CGW_0000873,CORPORATE,PLATINUM,823.64,4722_TRAVEL,Windows_Chrome,GB,MATCH,FAILED,11,0.87,1
CGW_0000874,PREPAID,INFINITE,3105.72,5411_GROCERY,MacOS_Safari,AU,MISMATCH,FAILED,7,0.74,1
CGW_0000875,CREDIT,INFINITE,3509.00,7995_BETTING,iOS,CA,MATCH,SUCCESS_BIOMETRIC,8,0.97,1
CGW_0000876,CORPORATE,INFINITE,750.89,5812_RESTAURANT,Windows_Chrome,SG,MATCH,SUCCESS_BIOMETRIC,4,0.12,0
CGW_0000877,CREDIT,INFINITE,1941.03,5411_GROCERY,MacOS_Safari,GB,MATCH,FAILED,9,0.83,0
CGW_0000878,PREPAID,GOLD,75.07,5732_ELECTRONICS,Linux_Firefox,GB,MATCH,FAILED,11,0.67,0
CGW_0000879,PREPAID,SIGNATURE,459.02,5411_GROCERY,Windows_Chrome,IN,MISMATCH,FAILED,6,0.10,1
CGW_0000880,PREPAID,GOLD,2582.26,5732_ELECTRONICS,Android,AU,MATCH,SUCCESS_OTP,5,0.17,0
CGW_0000881,DEBIT,PLATINUM,1370.13,7995_BETTING,Windows_Chrome,AU,MATCH,BYPASSED,10,0.24,1
CGW_0000882,CORPORATE,SIGNATURE,815.13,4829_MONEY_TRANSFER,iOS,IN,MISMATCH,SUCCESS_OTP,3,0.80,1
CGW_0000883,CORPORATE,INFINITE,1249.24,5812_RESTAURANT,Linux_Firefox,GB,MATCH,BYPASSED,5,0.77,0
CGW_0000884,CORPORATE,SIGNATURE,2445.31,7995_BETTING,MacOS_Safari,SG,MATCH,BYPASSED,11,0.64,1
CGW_0000885,CREDIT,GOLD,1783.05,7995_BETTING,Android,SG,MATCH,SUCCESS_OTP,12,0.09,1
CGW_0000886,PREPAID,GOLD,2807.20,5732_ELECTRONICS,MacOS_Safari,AU,MATCH,SUCCESS_OTP,4,0.86,1
CGW_0000887,PREPAID,GOLD,4308.61,5732_ELECTRONICS,iOS,CA,MATCH,FAILED,7,0.72,0
CGW_0000888,PREPAID,INFINITE,2779.92,5732_ELECTRONICS,Linux_Firefox,IN,MISMATCH,BYPASSED,3,0.21,1
CGW_0000889,PREPAID,GOLD,3293.01,4829_MONEY_TRANSFER,Android,AU,MATCH,SUCCESS_BIOMETRIC,9,0.13,0
CGW_0000890,CREDIT,SIGNATURE,330.90,5732_ELECTRONICS,MacOS_Safari,AE,MATCH,BYPASSED,12,0.33,0
CGW_0000891,CORPORATE,CLASSIC,2861.66,4722_TRAVEL,Windows_Chrome,AU,MATCH,SUCCESS_OTP,6,0.22,0
CGW_0000892,CREDIT,CLASSIC,140.15,4722_TRAVEL,Windows_Chrome,SG,MISMATCH,SUCCESS_OTP,4,0.62,1
CGW_0000893,CREDIT,GOLD,1257.74,5732_ELECTRONICS,Linux_Firefox,CA,MATCH,FAILED,5,0.45,0
CGW_0000894,CREDIT,CLASSIC,3599.64,4829_MONEY_TRANSFER,Windows_Chrome,GB,MISMATCH,FAILED,4,0.48,1
CGW_0000895,CORPORATE,GOLD,36.33,4722_TRAVEL,iOS,CA,MATCH,BYPASSED,10,0.43,0
CGW_0000896,CREDIT,GOLD,4045.08,4829_MONEY_TRANSFER,Linux_Firefox,IN,MATCH,BYPASSED,7,0.18,0
CGW_0000897,PREPAID,SIGNATURE,3876.94,5732_ELECTRONICS,MacOS_Safari,IN,MATCH,SUCCESS_BIOMETRIC,1,0.05,0
CGW_0000898,CREDIT,INFINITE,1200.71,5812_RESTAURANT,MacOS_Safari,IN,MATCH,SUCCESS_BIOMETRIC,4,0.69,0
CGW_0000899,CREDIT,CLASSIC,1190.17,4722_TRAVEL,Android,SG,MATCH,SUCCESS_BIOMETRIC,9,0.95,1
CGW_0000900,PREPAID,SIGNATURE,3930.55,5732_ELECTRONICS,MacOS_Safari,US,MATCH,SUCCESS_OTP,3,0.05,1
CGW_0000901,CREDIT,INFINITE,2593.59,7995_BETTING,Android,SG,MATCH,FAILED,6,0.22,1
CGW_0000902,DEBIT,GOLD,2202.98,7995_BETTING,Android,CA,MATCH,FAILED,11,0.60,1
CGW_0000903,PREPAID,GOLD,3709.81,7995_BETTING,Windows_Chrome,GB,MATCH,SUCCESS_OTP,12,0.54,1
CGW_0000904,CREDIT,GOLD,2880.52,4722_TRAVEL,Windows_Chrome,CA,MATCH,BYPASSED,2,0.76,0
CGW_0000905,PREPAID,GOLD,147.93,7995_BETTING,Linux_Firefox,DE,MATCH,FAILED,1,0.64,1
CGW_0000906,CORPORATE,CLASSIC,2844.77,5411_GROCERY,iOS,SG,MATCH,SUCCESS_OTP,10,0.13,0
CGW_0000907,CORPORATE,CLASSIC,1261.24,4829_MONEY_TRANSFER,MacOS_Safari,GB,MATCH,SUCCESS_BIOMETRIC,6,0.12,0
CGW_0000908,CREDIT,PLATINUM,2525.00,7995_BETTING,Linux_Firefox,AE,MATCH,SUCCESS_BIOMETRIC,6,0.71,1
CGW_0000909,CORPORATE,CLASSIC,1246.49,4722_TRAVEL,MacOS_Safari,CA,MATCH,SUCCESS_BIOMETRIC,12,0.58,0
CGW_0000910,CORPORATE,CLASSIC,3075.38,5732_ELECTRONICS,Windows_Chrome,AE,MATCH,SUCCESS_BIOMETRIC,1,0.71,1
CGW_0000911,PREPAID,SIGNATURE,1075.54,5812_RESTAURANT,MacOS_Safari,DE,MATCH,SUCCESS_BIOMETRIC,3,0.66,0
CGW_0000912,PREPAID,SIGNATURE,3217.45,5732_ELECTRONICS,Linux_Firefox,CA,MATCH,SUCCESS_BIOMETRIC,8,0.78,0
CGW_0000913,CREDIT,GOLD,1436.11,4722_TRAVEL,Windows_Chrome,SG,MATCH,FAILED,6,0.60,0
CGW_0000914,CREDIT,PLATINUM,2628.27,5812_RESTAURANT,Android,DE,MISMATCH,SUCCESS_OTP,3,0.03,1
CGW_0000915,DEBIT,SIGNATURE,560.36,5732_ELECTRONICS,Android,AU,MATCH,SUCCESS_BIOMETRIC,8,0.72,0
CGW_0000916,CREDIT,INFINITE,1659.70,5812_RESTAURANT,Android,GB,MISMATCH,FAILED,6,0.36,1
CGW_0000917,CREDIT,GOLD,2995.48,7995_BETTING,Windows_Chrome,US,MISMATCH,BYPASSED,5,0.80,1
CGW_0000918,PREPAID,GOLD,2893.17,7995_BETTING,MacOS_Safari,US,MISMATCH,SUCCESS_OTP,6,0.14,1
CGW_0000919,CREDIT,GOLD,4184.30,5411_GROCERY,Android,GB,MISMATCH,BYPASSED,9,0.14,1
CGW_0000920,CORPORATE,GOLD,3796.90,4722_TRAVEL,Android,SG,MATCH,SUCCESS_BIOMETRIC,4,0.32,0
CGW_0000921,DEBIT,CLASSIC,2955.00,7995_BETTING,Linux_Firefox,DE,MATCH,SUCCESS_BIOMETRIC,10,0.62,1
CGW_0000922,CORPORATE,CLASSIC,1132.02,5411_GROCERY,iOS,IN,MATCH,BYPASSED,6,0.10,0
CGW_0000923,CREDIT,CLASSIC,1819.48,5732_ELECTRONICS,Linux_Firefox,US,MATCH,FAILED,11,0.77,0
CGW_0000924,CORPORATE,PLATINUM,3294.12,4722_TRAVEL,Linux_Firefox,CA,MATCH,FAILED,11,0.24,0
CGW_0000925,PREPAID,INFINITE,1252.57,5411_GROCERY,MacOS_Safari,GB,MATCH,SUCCESS_OTP,12,0.97,1
CGW_0000926,CORPORATE,GOLD,3210.72,4829_MONEY_TRANSFER,Linux_Firefox,AU,MATCH,FAILED,8,0.51,0
CGW_0000927,CREDIT,PLATINUM,1530.78,4829_MONEY_TRANSFER,Linux_Firefox,AU,MISMATCH,FAILED,6,0.06,1
CGW_0000928,DEBIT,INFINITE,4135.04,5812_RESTAURANT,Linux_Firefox,DE,MATCH,BYPASSED,1,0.97,1
CGW_0000929,DEBIT,INFINITE,3668.30,4722_TRAVEL,MacOS_Safari,AE,MATCH,SUCCESS_OTP,6,0.33,0
CGW_0000930,CORPORATE,PLATINUM,3054.23,4829_MONEY_TRANSFER,Android,GB,MISMATCH,BYPASSED,11,0.19,1
CGW_0000931,CREDIT,CLASSIC,4075.66,5812_RESTAURANT,Windows_Chrome,DE,MATCH,FAILED,8,0.92,1
CGW_0000932,PREPAID,PLATINUM,4378.25,4829_MONEY_TRANSFER,MacOS_Safari,SG,MATCH,BYPASSED,12,0.36,0
CGW_0000933,PREPAID,INFINITE,2560.67,4829_MONEY_TRANSFER,iOS,GB,MATCH,BYPASSED,2,0.98,1
CGW_0000934,DEBIT,CLASSIC,2324.30,4829_MONEY_TRANSFER,Windows_Chrome,DE,MATCH,FAILED,1,0.64,0
CGW_0000935,CORPORATE,PLATINUM,1608.53,4722_TRAVEL,Linux_Firefox,IN,MATCH,FAILED,2,0.33,0
CGW_0000936,CREDIT,INFINITE,937.85,5411_GROCERY,MacOS_Safari,GB,MATCH,SUCCESS_OTP,1,0.35,0
CGW_0000937,PREPAID,GOLD,3969.88,7995_BETTING,Windows_Chrome,DE,MATCH,BYPASSED,6,0.46,1
CGW_0000938,CREDIT,PLATINUM,4141.39,4829_MONEY_TRANSFER,Android,AU,MATCH,BYPASSED,11,0.88,1
CGW_0000939,DEBIT,SIGNATURE,2115.01,4722_TRAVEL,Windows_Chrome,DE,MISMATCH,SUCCESS_OTP,7,0.83,1
CGW_0000940,PREPAID,CLASSIC,945.03,7995_BETTING,Windows_Chrome,SG,MATCH,SUCCESS_OTP,10,0.64,1
CGW_0000941,CREDIT,PLATINUM,1589.78,5411_GROCERY,iOS,CA,MISMATCH,FAILED,7,0.06,1
CGW_0000942,CREDIT,SIGNATURE,1630.72,4722_TRAVEL,Windows_Chrome,SG,MATCH,SUCCESS_BIOMETRIC,4,0.02,0
CGW_0000943,DEBIT,PLATINUM,3423.65,4722_TRAVEL,MacOS_Safari,AU,MATCH,SUCCESS_OTP,7,0.32,0
CGW_0000944,PREPAID,CLASSIC,1832.80,5812_RESTAURANT,iOS,AE,MATCH,FAILED,2,0.19,0
CGW_0000945,DEBIT,PLATINUM,339.66,4722_TRAVEL,Linux_Firefox,AE,MISMATCH,BYPASSED,12,0.42,1
CGW_0000946,DEBIT,GOLD,1323.25,5732_ELECTRONICS,Windows_Chrome,US,MATCH,SUCCESS_BIOMETRIC,9,0.74,0
CGW_0000947,CORPORATE,CLASSIC,1493.00,4722_TRAVEL,Windows_Chrome,GB,MISMATCH,FAILED,4,0.94,1
CGW_0000948,PREPAID,PLATINUM,3260.91,7995_BETTING,Linux_Firefox,US,MISMATCH,BYPASSED,7,0.69,1
CGW_0000949,CORPORATE,PLATINUM,325.92,4829_MONEY_TRANSFER,iOS,AE,MISMATCH,FAILED,2,0.42,1
CGW_0000950,PREPAID,SIGNATURE,552.43,7995_BETTING,Android,CA,MATCH,BYPASSED,6,0.28,1
CGW_0000951,CREDIT,GOLD,2146.88,5732_ELECTRONICS,MacOS_Safari,AU,MISMATCH,FAILED,9,0.09,1
CGW_0000952,CREDIT,PLATINUM,3719.39,5411_GROCERY,Linux_Firefox,CA,MATCH,SUCCESS_BIOMETRIC,4,0.59,0
CGW_0000953,DEBIT,INFINITE,2807.87,4722_TRAVEL,Linux_Firefox,CA,MATCH,FAILED,2,0.18,0
CGW_0000954,CREDIT,SIGNATURE,3576.78,5732_ELECTRONICS,iOS,GB,MISMATCH,BYPASSED,7,0.03,1
CGW_0000955,PREPAID,INFINITE,3352.07,4829_MONEY_TRANSFER,iOS,US,MATCH,BYPASSED,6,0.30,0
CGW_0000956,PREPAID,CLASSIC,7.70,5732_ELECTRONICS,MacOS_Safari,AU,MISMATCH,SUCCESS_OTP,4,0.43,1
CGW_0000957,DEBIT,INFINITE,1684.54,7995_BETTING,iOS,DE,MISMATCH,FAILED,7,0.27,1
CGW_0000958,DEBIT,SIGNATURE,568.76,5411_GROCERY,Android,AE,MATCH,SUCCESS_BIOMETRIC,1,0.77,0
CGW_0000959,PREPAID,CLASSIC,2358.57,5411_GROCERY,Linux_Firefox,IN,MATCH,SUCCESS_BIOMETRIC,3,0.46,0
CGW_0000960,CREDIT,PLATINUM,795.32,5732_ELECTRONICS,Windows_Chrome,IN,MATCH,SUCCESS_BIOMETRIC,10,0.94,1
CGW_0000961,PREPAID,PLATINUM,3582.39,5812_RESTAURANT,Windows_Chrome,CA,MATCH,SUCCESS_OTP,10,0.52,0
CGW_0000962,CREDIT,GOLD,3301.06,5812_RESTAURANT,iOS,AE,MISMATCH,SUCCESS_OTP,11,0.98,1
CGW_0000963,CORPORATE,PLATINUM,597.29,4722_TRAVEL,MacOS_Safari,CA,MATCH,SUCCESS_OTP,6,0.53,0
CGW_0000964,DEBIT,INFINITE,268.72,4829_MONEY_TRANSFER,Windows_Chrome,US,MATCH,FAILED,4,0.13,0
CGW_0000965,CORPORATE,PLATINUM,3914.80,5732_ELECTRONICS,Windows_Chrome,SG,MATCH,SUCCESS_OTP,7,0.71,1
CGW_0000966,CORPORATE,INFINITE,1088.71,5732_ELECTRONICS,MacOS_Safari,DE,MATCH,FAILED,5,0.91,1
CGW_0000967,DEBIT,GOLD,249.46,5411_GROCERY,MacOS_Safari,AU,MATCH,SUCCESS_BIOMETRIC,8,0.67,0
CGW_0000968,DEBIT,SIGNATURE,4400.88,5732_ELECTRONICS,Android,US,MATCH,SUCCESS_BIOMETRIC,3,0.90,1
CGW_0000969,CREDIT,SIGNATURE,610.06,5732_ELECTRONICS,MacOS_Safari,GB,MATCH,SUCCESS_OTP,8,0.35,0
CGW_0000970,CREDIT,INFINITE,4182.58,5411_GROCERY,Windows_Chrome,GB,MATCH,SUCCESS_OTP,12,0.90,1
CGW_0000971,CORPORATE,INFINITE,2185.76,4722_TRAVEL,MacOS_Safari,IN,MATCH,FAILED,8,0.95,1
CGW_0000972,PREPAID,SIGNATURE,686.04,5732_ELECTRONICS,MacOS_Safari,GB,MATCH,SUCCESS_BIOMETRIC,4,0.82,0
CGW_0000973,DEBIT,SIGNATURE,644.40,5411_GROCERY,Android,US,MISMATCH,SUCCESS_BIOMETRIC,11,0.61,1
CGW_0000974,DEBIT,INFINITE,3136.88,4829_MONEY_TRANSFER,Windows_Chrome,IN,MATCH,FAILED,9,0.47,1
CGW_0000975,PREPAID,GOLD,3521.57,5411_GROCERY,Windows_Chrome,GB,MATCH,BYPASSED,2,0.54,1
CGW_0000976,DEBIT,SIGNATURE,397.33,5411_GROCERY,iOS,IN,MATCH,SUCCESS_OTP,1,0.31,0
CGW_0000977,CREDIT,PLATINUM,1554.01,7995_BETTING,Windows_Chrome,DE,MATCH,BYPASSED,8,0.90,1
CGW_0000978,CREDIT,SIGNATURE,2016.14,5732_ELECTRONICS,Windows_Chrome,AU,MATCH,BYPASSED,3,0.33,0
CGW_0000979,CORPORATE,INFINITE,4274.15,5732_ELECTRONICS,iOS,DE,MATCH,SUCCESS_BIOMETRIC,3,0.05,1
CGW_0000980,PREPAID,CLASSIC,750.98,5732_ELECTRONICS,Android,SG,MATCH,FAILED,5,0.78,0
CGW_0000981,CORPORATE,SIGNATURE,2292.73,7995_BETTING,MacOS_Safari,AE,MATCH,BYPASSED,1,0.63,1
CGW_0000982,PREPAID,SIGNATURE,3098.59,5812_RESTAURANT,Windows_Chrome,SG,MATCH,BYPASSED,1,0.37,1
CGW_0000983,DEBIT,CLASSIC,1077.59,5732_ELECTRONICS,Windows_Chrome,US,MATCH,SUCCESS_BIOMETRIC,12,0.27,0
CGW_0000984,DEBIT,GOLD,2877.97,4829_MONEY_TRANSFER,iOS,AU,MATCH,SUCCESS_BIOMETRIC,5,0.42,0
CGW_0000985,CREDIT,SIGNATURE,2253.29,5732_ELECTRONICS,Linux_Firefox,CA,MATCH,SUCCESS_BIOMETRIC,2,0.39,0
CGW_0000986,DEBIT,GOLD,2438.65,4829_MONEY_TRANSFER,iOS,AE,MATCH,FAILED,6,0.36,0
CGW_0000987,DEBIT,INFINITE,1448.74,5812_RESTAURANT,iOS,IN,MATCH,SUCCESS_BIOMETRIC,4,0.78,0
CGW_0000988,CORPORATE,INFINITE,881.03,5732_ELECTRONICS,MacOS_Safari,DE,MATCH,FAILED,12,0.82,0
CGW_0000989,DEBIT,INFINITE,799.04,4829_MONEY_TRANSFER,Android,CA,MATCH,SUCCESS_OTP,1,0.81,0
CGW_0000990,DEBIT,SIGNATURE,917.32,5812_RESTAURANT,Android,AU,MATCH,FAILED,8,0.96,1
CGW_0000991,DEBIT,SIGNATURE,1353.10,5411_GROCERY,MacOS_Safari,SG,MATCH,FAILED,12,0.21,0
CGW_0000992,CREDIT,GOLD,498.52,4829_MONEY_TRANSFER,Android,SG,MATCH,FAILED,7,0.81,0
CGW_0000993,DEBIT,PLATINUM,1729.80,4829_MONEY_TRANSFER,MacOS_Safari,GB,MATCH,FAILED,9,0.60,0
CGW_0000994,PREPAID,SIGNATURE,1835.35,5732_ELECTRONICS,MacOS_Safari,DE,MISMATCH,BYPASSED,5,0.63,1
CGW_0000995,PREPAID,SIGNATURE,2433.16,4722_TRAVEL,Windows_Chrome,SG,MATCH,SUCCESS_OTP,5,0.63,0
CGW_0000996,CORPORATE,CLASSIC,1611.60,5812_RESTAURANT,MacOS_Safari,DE,MATCH,SUCCESS_BIOMETRIC,5,0.11,0
CGW_0000997,CORPORATE,CLASSIC,3610.21,5812_RESTAURANT,MacOS_Safari,AU,MATCH,FAILED,5,0.16,0
CGW_0000998,DEBIT,GOLD,3359.42,5411_GROCERY,iOS,US,MATCH,SUCCESS_OTP,2,0.28,1
CGW_0000999,PREPAID,PLATINUM,2810.35,4722_TRAVEL,MacOS_Safari,US,MATCH,BYPASSED,9,0.96,1
CGW_0001000,DEBIT,SIGNATURE,1344.46,5732_ELECTRONICS,Android,CA,MISMATCH,SUCCESS_OTP,11,0.48,1
CGW_0001001,DEBIT,GOLD,173.78,7995_BETTING,Android,IN,MATCH,SUCCESS_BIOMETRIC,5,0.60,1
CGW_0001002,CORPORATE,CLASSIC,95.51,7995_BETTING,Windows_Chrome,GB,MATCH,SUCCESS_BIOMETRIC,10,0.42,1
CGW_0001003,CREDIT,INFINITE,1508.89,4829_MONEY_TRANSFER,iOS,DE,MATCH,SUCCESS_OTP,11,0.73,0
CGW_0001004,DEBIT,GOLD,313.19,4722_TRAVEL,MacOS_Safari,US,MISMATCH,SUCCESS_OTP,7,0.89,1
CGW_0001005,CORPORATE,CLASSIC,1422.78,7995_BETTING,MacOS_Safari,CA,MISMATCH,SUCCESS_OTP,3,0.47,1
CGW_0001006,PREPAID,GOLD,403.10,5732_ELECTRONICS,Android,DE,MATCH,BYPASSED,2,0.04,0
CGW_0001007,PREPAID,INFINITE,4478.37,5732_ELECTRONICS,Linux_Firefox,IN,MATCH,SUCCESS_BIOMETRIC,7,0.63,0
CGW_0001008,CORPORATE,GOLD,3438.32,7995_BETTING,MacOS_Safari,DE,MATCH,FAILED,6,0.09,1
CGW_0001009,CREDIT,INFINITE,1745.30,4829_MONEY_TRANSFER,Windows_Chrome,CA,MATCH,SUCCESS_OTP,4,0.23,0
CGW_0001010,CREDIT,PLATINUM,3627.15,5812_RESTAURANT,iOS,DE,MATCH,BYPASSED,8,0.19,0
CGW_0001011,CREDIT,INFINITE,90.38,5411_GROCERY,Android,AU,MATCH,SUCCESS_BIOMETRIC,9,0.36,0
CGW_0001012,PREPAID,CLASSIC,2446.96,5411_GROCERY,Android,GB,MATCH,SUCCESS_BIOMETRIC,8,0.86,1
CGW_0001013,DEBIT,CLASSIC,3863.56,7995_BETTING,Linux_Firefox,AE,MATCH,SUCCESS_OTP,12,0.84,1
CGW_0001014,DEBIT,SIGNATURE,600.52,4722_TRAVEL,Windows_Chrome,AU,MATCH,SUCCESS_BIOMETRIC,4,0.26,0
CGW_0001015,PREPAID,SIGNATURE,1445.47,4722_TRAVEL,Windows_Chrome,IN,MISMATCH,SUCCESS_BIOMETRIC,10,0.24,1
CGW_0001016,DEBIT,CLASSIC,4237.59,4722_TRAVEL,MacOS_Safari,AU,MISMATCH,BYPASSED,7,0.13,1
CGW_0001017,DEBIT,GOLD,4132.51,4829_MONEY_TRANSFER,Linux_Firefox,SG,MATCH,SUCCESS_OTP,4,0.10,1
CGW_0001018,DEBIT,CLASSIC,2545.61,4722_TRAVEL,MacOS_Safari,AE,MATCH,SUCCESS_OTP,4,0.93,1
CGW_0001019,CREDIT,SIGNATURE,1175.69,4722_TRAVEL,Windows_Chrome,DE,MATCH,FAILED,10,0.56,0
CGW_0001020,CORPORATE,SIGNATURE,2835.22,5411_GROCERY,Windows_Chrome,AU,MATCH,SUCCESS_BIOMETRIC,10,0.68,0
CGW_0001021,PREPAID,PLATINUM,3520.28,5732_ELECTRONICS,MacOS_Safari,GB,MATCH,SUCCESS_OTP,12,0.95,1
CGW_0001022,PREPAID,GOLD,1622.34,4829_MONEY_TRANSFER,Android,DE,MISMATCH,SUCCESS_BIOMETRIC,12,0.43,1
CGW_0001023,CORPORATE,SIGNATURE,2612.33,4722_TRAVEL,Android,AE,MATCH,BYPASSED,1,0.67,0
CGW_0001024,CREDIT,PLATINUM,3029.69,4829_MONEY_TRANSFER,iOS,CA,MATCH,SUCCESS_OTP,1,0.72,1
CGW_0001025,CORPORATE,GOLD,2553.32,5812_RESTAURANT,MacOS_Safari,AU,MATCH,SUCCESS_OTP,4,0.16,0
CGW_0001026,CORPORATE,PLATINUM,1260.81,4722_TRAVEL,Windows_Chrome,US,MISMATCH,BYPASSED,5,0.12,1
CGW_0001027,DEBIT,PLATINUM,1721.66,5732_ELECTRONICS,MacOS_Safari,CA,MATCH,FAILED,3,0.81,0
CGW_0001028,PREPAID,PLATINUM,1549.15,5812_RESTAURANT,Windows_Chrome,CA,MATCH,SUCCESS_OTP,4,0.61,0
CGW_0001029,CORPORATE,CLASSIC,2553.37,5732_ELECTRONICS,Windows_Chrome,DE,MISMATCH,FAILED,3,0.33,1
CGW_0001030,DEBIT,CLASSIC,347.63,7995_BETTING,Windows_Chrome,SG,MATCH,BYPASSED,12,0.35,1
CGW_0001031,CREDIT,SIGNATURE,140.40,5732_ELECTRONICS,MacOS_Safari,AE,MATCH,SUCCESS_BIOMETRIC,5,0.69,0
CGW_0001032,PREPAID,SIGNATURE,1519.24,5411_GROCERY,Linux_Firefox,US,MATCH,FAILED,8,0.36,0
CGW_0001033,DEBIT,SIGNATURE,4366.27,5732_ELECTRONICS,Windows_Chrome,CA,MATCH,SUCCESS_OTP,6,0.27,0
CGW_0001034,DEBIT,INFINITE,1144.23,5732_ELECTRONICS,Android,CA,MATCH,SUCCESS_BIOMETRIC,10,0.91,1
CGW_0001035,PREPAID,PLATINUM,4493.50,4829_MONEY_TRANSFER,MacOS_Safari,CA,MATCH,SUCCESS_BIOMETRIC,9,0.80,1
CGW_0001036,PREPAID,SIGNATURE,1110.13,4722_TRAVEL,Windows_Chrome,AU,MATCH,SUCCESS_BIOMETRIC,9,0.41,0
CGW_0001037,CORPORATE,SIGNATURE,3189.87,7995_BETTING,Windows_Chrome,AU,MATCH,FAILED,3,0.98,1
CGW_0001038,DEBIT,INFINITE,262.74,4829_MONEY_TRANSFER,Android,SG,MISMATCH,FAILED,3,0.06,1
CGW_0001039,DEBIT,CLASSIC,2671.17,5411_GROCERY,MacOS_Safari,GB,MISMATCH,BYPASSED,8,0.32,1
CGW_0001040,DEBIT,SIGNATURE,3490.56,5732_ELECTRONICS,Windows_Chrome,US,MISMATCH,BYPASSED,7,0.38,1
CGW_0001041,CREDIT,PLATINUM,1071.35,5732_ELECTRONICS,Windows_Chrome,IN,MATCH,FAILED,2,0.77,0
CGW_0001042,CREDIT,INFINITE,4065.55,4829_MONEY_TRANSFER,Android,US,MATCH,SUCCESS_OTP,5,0.67,1
CGW_0001043,PREPAID,INFINITE,4207.90,7995_BETTING,MacOS_Safari,GB,MATCH,SUCCESS_BIOMETRIC,10,0.93,1
CGW_0001044,CREDIT,PLATINUM,1352.34,7995_BETTING,Android,IN,MISMATCH,SUCCESS_OTP,12,0.51,1
CGW_0001045,PREPAID,PLATINUM,899.92,5411_GROCERY,Windows_Chrome,CA,MATCH,FAILED,5,0.75,0
CGW_0001046,CORPORATE,PLATINUM,1702.87,5732_ELECTRONICS,MacOS_Safari,AE,MATCH,SUCCESS_OTP,2,0.04,0
CGW_0001047,CREDIT,INFINITE,3099.86,7995_BETTING,iOS,GB,MATCH,FAILED,12,0.24,1
CGW_0001048,CORPORATE,PLATINUM,1875.67,5732_ELECTRONICS,Linux_Firefox,IN,MISMATCH,SUCCESS_BIOMETRIC,12,0.19,1
CGW_0001049,DEBIT,INFINITE,3502.00,5411_GROCERY,MacOS_Safari,AE,MATCH,SUCCESS_BIOMETRIC,7,0.54,0
CGW_0001050,PREPAID,INFINITE,3765.46,5812_RESTAURANT,Linux_Firefox,CA,MATCH,SUCCESS_OTP,12,0.32,0
CGW_0001051,DEBIT,GOLD,210.99,7995_BETTING,Android,IN,MATCH,BYPASSED,7,0.91,1
CGW_0001052,CORPORATE,INFINITE,2599.96,5812_RESTAURANT,MacOS_Safari,AE,MATCH,SUCCESS_BIOMETRIC,10,0.24,0
CGW_0001053,PREPAID,CLASSIC,3726.42,5732_ELECTRONICS,Windows_Chrome,GB,MATCH,BYPASSED,2,0.37,0
CGW_0001054,CORPORATE,GOLD,435.02,4722_TRAVEL,MacOS_Safari,IN,MATCH,FAILED,3,0.06,0
CGW_0001055,DEBIT,INFINITE,617.72,7995_BETTING,Android,DE,MATCH,SUCCESS_BIOMETRIC,1,0.61,1
CGW_0001056,CORPORATE,PLATINUM,3477.44,5732_ELECTRONICS,Windows_Chrome,IN,MATCH,FAILED,12,0.95,1
CGW_0001057,CORPORATE,SIGNATURE,260.51,4829_MONEY_TRANSFER,Linux_Firefox,SG,MATCH,SUCCESS_OTP,9,0.68,0
CGW_0001058,PREPAID,SIGNATURE,2385.75,4829_MONEY_TRANSFER,MacOS_Safari,US,MATCH,SUCCESS_OTP,3,0.07,0
CGW_0001059,CORPORATE,SIGNATURE,3888.79,7995_BETTING,Windows_Chrome,US,MATCH,BYPASSED,2,0.21,1
CGW_0001060,CREDIT,SIGNATURE,3402.59,5411_GROCERY,Android,IN,MATCH,SUCCESS_OTP,4,0.82,0
CGW_0001061,CREDIT,GOLD,3027.19,7995_BETTING,MacOS_Safari,US,MATCH,FAILED,1,0.98,1
CGW_0001062,DEBIT,CLASSIC,4438.41,5812_RESTAURANT,Windows_Chrome,GB,MATCH,FAILED,6,0.92,1
CGW_0001063,CREDIT,PLATINUM,3803.11,4829_MONEY_TRANSFER,Linux_Firefox,GB,MATCH,FAILED,9,0.83,0
CGW_0001064,CORPORATE,CLASSIC,978.16,7995_BETTING,iOS,IN,MATCH,BYPASSED,8,0.59,1
CGW_0001065,CORPORATE,SIGNATURE,372.02,4722_TRAVEL,Linux_Firefox,AU,MISMATCH,SUCCESS_BIOMETRIC,10,0.42,1
CGW_0001066,DEBIT,GOLD,1635.20,5812_RESTAURANT,iOS,US,MISMATCH,BYPASSED,11,0.17,1
CGW_0001067,PREPAID,SIGNATURE,2989.30,5732_ELECTRONICS,iOS,SG,MATCH,BYPASSED,5,0.35,0
CGW_0001068,DEBIT,CLASSIC,1077.15,4722_TRAVEL,Android,AE,MATCH,SUCCESS_OTP,11,0.29,0
CGW_0001069,CREDIT,GOLD,1573.74,5812_RESTAURANT,MacOS_Safari,GB,MATCH,BYPASSED,5,0.98,1
CGW_0001070,PREPAID,PLATINUM,3863.63,5732_ELECTRONICS,Windows_Chrome,SG,MISMATCH,BYPASSED,1,0.37,1
CGW_0001071,DEBIT,CLASSIC,601.60,5812_RESTAURANT,Android,DE,MATCH,FAILED,11,0.53,0
CGW_0001072,CREDIT,GOLD,1752.82,7995_BETTING,Android,US,MATCH,SUCCESS_BIOMETRIC,2,0.39,1
CGW_0001073,CORPORATE,CLASSIC,3314.65,5812_RESTAURANT,Windows_Chrome,AU,MATCH,BYPASSED,12,0.39,1
CGW_0001074,CORPORATE,SIGNATURE,2185.97,5732_ELECTRONICS,Windows_Chrome,CA,MATCH,BYPASSED,5,0.40,0
CGW_0001075,DEBIT,PLATINUM,4138.21,4722_TRAVEL,Linux_Firefox,AU,MATCH,SUCCESS_OTP,3,0.71,0
CGW_0001076,DEBIT,PLATINUM,512.89,4722_TRAVEL,iOS,CA,MATCH,SUCCESS_BIOMETRIC,7,0.74,0
CGW_0001077,DEBIT,GOLD,3435.82,4829_MONEY_TRANSFER,MacOS_Safari,SG,MATCH,FAILED,2,0.25,0
CGW_0001078,DEBIT,GOLD,3328.07,5411_GROCERY,iOS,GB,MATCH,SUCCESS_BIOMETRIC,4,0.21,0
CGW_0001079,DEBIT,PLATINUM,1013.90,7995_BETTING,Linux_Firefox,CA,MATCH,FAILED,1,0.54,1
CGW_0001080,PREPAID,PLATINUM,3424.63,5812_RESTAURANT,MacOS_Safari,AU,MATCH,SUCCESS_BIOMETRIC,12,0.63,1
CGW_0001081,CREDIT,INFINITE,1096.72,5411_GROCERY,Android,AU,MISMATCH,SUCCESS_OTP,6,0.06,1
CGW_0001082,CORPORATE,GOLD,288.81,5411_GROCERY,Windows_Chrome,IN,MISMATCH,FAILED,9,0.61,1
CGW_0001083,CREDIT,SIGNATURE,827.12,4722_TRAVEL,Linux_Firefox,SG,MATCH,SUCCESS_OTP,7,0.07,0
CGW_0001084,CREDIT,INFINITE,2832.64,5812_RESTAURANT,Android,DE,MISMATCH,FAILED,10,0.82,1
CGW_0001085,CORPORATE,INFINITE,3601.14,4722_TRAVEL,Linux_Firefox,IN,MATCH,SUCCESS_OTP,4,0.68,1
CGW_0001086,CREDIT,INFINITE,2011.52,5812_RESTAURANT,MacOS_Safari,SG,MATCH,SUCCESS_OTP,10,0.52,0
CGW_0001087,CORPORATE,SIGNATURE,3436.22,5732_ELECTRONICS,Android,US,MISMATCH,SUCCESS_OTP,9,0.60,1
CGW_0001088,DEBIT,GOLD,375.24,4722_TRAVEL,Android,US,MATCH,BYPASSED,12,0.45,0
CGW_0001089,DEBIT,GOLD,1852.93,4829_MONEY_TRANSFER,MacOS_Safari,SG,MATCH,BYPASSED,6,0.46,0
CGW_0001090,DEBIT,INFINITE,2672.98,5812_RESTAURANT,Android,AU,MATCH,SUCCESS_BIOMETRIC,9,0.18,0
CGW_0001091,DEBIT,CLASSIC,224.42,5411_GROCERY,Android,AU,MATCH,SUCCESS_OTP,9,0.95,1
CGW_0001092,DEBIT,GOLD,3626.00,5812_RESTAURANT,Android,AU,MATCH,BYPASSED,7,0.42,0
CGW_0001093,DEBIT,GOLD,204.85,5812_RESTAURANT,Linux_Firefox,AU,MATCH,FAILED,2,0.62,0
CGW_0001094,CREDIT,SIGNATURE,4155.30,5411_GROCERY,Windows_Chrome,US,MATCH,SUCCESS_BIOMETRIC,8,0.09,1
CGW_0001095,CREDIT,PLATINUM,1017.64,4829_MONEY_TRANSFER,MacOS_Safari,CA,MATCH,FAILED,5,0.77,0
CGW_0001096,CORPORATE,PLATINUM,3820.13,5732_ELECTRONICS,Android,DE,MATCH,FAILED,2,0.09,1
CGW_0001097,PREPAID,GOLD,4262.38,4722_TRAVEL,Linux_Firefox,SG,MISMATCH,FAILED,10,0.84,1
CGW_0001098,CREDIT,PLATINUM,2587.06,5732_ELECTRONICS,Windows_Chrome,US,MATCH,SUCCESS_BIOMETRIC,6,0.04,0
CGW_0001099,CORPORATE,PLATINUM,176.07,7995_BETTING,Android,DE,MISMATCH,SUCCESS_BIOMETRIC,9,0.94,1
CGW_0001100,DEBIT,GOLD,131.00,4829_MONEY_TRANSFER,Windows_Chrome,GB,MATCH,BYPASSED,9,0.84,0
CGW_0001101,DEBIT,GOLD,4420.48,5411_GROCERY,Android,US,MATCH,BYPASSED,8,0.76,1
CGW_0001102,DEBIT,SIGNATURE,3927.81,4722_TRAVEL,Windows_Chrome,GB,MATCH,SUCCESS_BIOMETRIC,2,0.65,1
CGW_0001103,CORPORATE,GOLD,4190.63,7995_BETTING,Linux_Firefox,AE,MATCH,BYPASSED,1,0.70,1
CGW_0001104,CORPORATE,PLATINUM,1071.70,4829_MONEY_TRANSFER,Linux_Firefox,SG,MATCH,BYPASSED,2,0.93,1
CGW_0001105,CREDIT,GOLD,2355.97,5812_RESTAURANT,Windows_Chrome,US,MISMATCH,FAILED,9,0.17,1
CGW_0001106,PREPAID,GOLD,4038.54,5812_RESTAURANT,Linux_Firefox,CA,MATCH,SUCCESS_OTP,10,0.67,1
CGW_0001107,PREPAID,CLASSIC,1036.69,4722_TRAVEL,Android,AE,MATCH,BYPASSED,11,0.54,0
CGW_0001108,DEBIT,CLASSIC,2487.45,5411_GROCERY,MacOS_Safari,US,MISMATCH,BYPASSED,2,0.57,1
CGW_0001109,PREPAID,GOLD,1521.33,5411_GROCERY,iOS,GB,MATCH,SUCCESS_OTP,4,0.09,0
CGW_0001110,CREDIT,SIGNATURE,359.80,5411_GROCERY,Windows_Chrome,US,MISMATCH,SUCCESS_OTP,3,0.61,1
CGW_0001111,PREPAID,CLASSIC,746.34,4829_MONEY_TRANSFER,Windows_Chrome,DE,MATCH,SUCCESS_BIOMETRIC,2,0.87,1
CGW_0001112,CORPORATE,INFINITE,2285.03,4829_MONEY_TRANSFER,Linux_Firefox,CA,MATCH,FAILED,4,0.47,0
CGW_0001113,CORPORATE,INFINITE,1936.63,7995_BETTING,iOS,IN,MATCH,BYPASSED,3,0.58,1
CGW_0001114,CREDIT,PLATINUM,3753.01,4722_TRAVEL,Linux_Firefox,DE,MATCH,BYPASSED,3,0.17,0
CGW_0001115,PREPAID,CLASSIC,4422.25,4829_MONEY_TRANSFER,Android,IN,MISMATCH,SUCCESS_BIOMETRIC,11,0.67,1
CGW_0001116,DEBIT,GOLD,3569.96,5732_ELECTRONICS,iOS,AE,MISMATCH,SUCCESS_OTP,6,0.27,1
CGW_0001117,CREDIT,INFINITE,1126.66,4829_MONEY_TRANSFER,Linux_Firefox,AU,MATCH,SUCCESS_OTP,5,0.88,1
CGW_0001118,CORPORATE,INFINITE,3054.86,5411_GROCERY,Android,CA,MATCH,SUCCESS_BIOMETRIC,3,0.74,0
CGW_0001119,CREDIT,INFINITE,3490.84,5732_ELECTRONICS,Windows_Chrome,AE,MATCH,FAILED,7,0.09,0
CGW_0001120,CREDIT,INFINITE,1216.09,5732_ELECTRONICS,MacOS_Safari,AE,MATCH,FAILED,7,0.84,0
CGW_0001121,PREPAID,INFINITE,4450.65,4829_MONEY_TRANSFER,Linux_Firefox,SG,MATCH,BYPASSED,3,0.22,0
CGW_0001122,CORPORATE,SIGNATURE,95.93,5732_ELECTRONICS,Android,GB,MATCH,BYPASSED,2,0.74,0
CGW_0001123,CORPORATE,GOLD,1463.12,7995_BETTING,Android,AE,MATCH,FAILED,1,0.58,1
CGW_0001124,CORPORATE,INFINITE,368.29,5732_ELECTRONICS,Android,AU,MATCH,SUCCESS_OTP,12,0.53,0
CGW_0001125,CORPORATE,SIGNATURE,3814.45,5732_ELECTRONICS,Android,IN,MATCH,BYPASSED,7,0.17,0
CGW_0001126,CORPORATE,CLASSIC,2458.76,4722_TRAVEL,Android,US,MISMATCH,BYPASSED,6,0.49,1
CGW_0001127,CREDIT,INFINITE,1068.68,5411_GROCERY,iOS,US,MISMATCH,SUCCESS_OTP,11,0.40,1
CGW_0001128,DEBIT,INFINITE,3662.58,5732_ELECTRONICS,MacOS_Safari,US,MATCH,FAILED,1,0.61,0
CGW_0001129,CREDIT,GOLD,2035.92,5812_RESTAURANT,MacOS_Safari,DE,MISMATCH,BYPASSED,3,0.12,1
CGW_0001130,DEBIT,GOLD,4453.15,5812_RESTAURANT,Windows_Chrome,DE,MATCH,FAILED,12,0.42,0
CGW_0001131,CREDIT,PLATINUM,335.50,5812_RESTAURANT,MacOS_Safari,AU,MATCH,FAILED,6,0.72,0
CGW_0001132,CORPORATE,PLATINUM,207.31,5411_GROCERY,MacOS_Safari,GB,MATCH,FAILED,1,0.86,1
CGW_0001133,CORPORATE,PLATINUM,2180.15,4829_MONEY_TRANSFER,Windows_Chrome,AE,MATCH,BYPASSED,2,0.33,0
CGW_0001134,PREPAID,CLASSIC,398.61,5411_GROCERY,Windows_Chrome,AU,MATCH,BYPASSED,8,0.35,0
CGW_0001135,DEBIT,INFINITE,1787.63,5812_RESTAURANT,iOS,SG,MATCH,FAILED,10,0.73,0
CGW_0001136,PREPAID,CLASSIC,3907.01,5812_RESTAURANT,iOS,US,MATCH,BYPASSED,1,0.72,1
CGW_0001137,PREPAID,SIGNATURE,802.52,4722_TRAVEL,iOS,AU,MISMATCH,FAILED,6,0.04,1
CGW_0001138,CORPORATE,CLASSIC,850.24,7995_BETTING,Windows_Chrome,DE,MATCH,FAILED,7,0.88,1
CGW_0001139,CREDIT,PLATINUM,3578.37,5411_GROCERY,Linux_Firefox,AU,MATCH,SUCCESS_OTP,11,0.94,1
CGW_0001140,DEBIT,SIGNATURE,1141.34,4829_MONEY_TRANSFER,iOS,DE,MATCH,FAILED,9,0.79,0
CGW_0001141,DEBIT,SIGNATURE,1812.42,4722_TRAVEL,MacOS_Safari,SG,MATCH,FAILED,4,0.69,0
CGW_0001142,PREPAID,CLASSIC,4296.42,5732_ELECTRONICS,Android,CA,MISMATCH,SUCCESS_OTP,8,0.39,1
CGW_0001143,DEBIT,PLATINUM,1807.39,7995_BETTING,Linux_Firefox,DE,MISMATCH,SUCCESS_OTP,11,0.03,1
CGW_0001144,DEBIT,CLASSIC,1296.71,5411_GROCERY,Linux_Firefox,IN,MATCH,SUCCESS_BIOMETRIC,1,0.89,1
CGW_0001145,PREPAID,INFINITE,494.09,5411_GROCERY,Android,DE,MATCH,SUCCESS_OTP,9,0.25,0
CGW_0001146,CREDIT,INFINITE,2315.36,4829_MONEY_TRANSFER,Windows_Chrome,US,MATCH,SUCCESS_OTP,3,0.58,0
CGW_0001147,CORPORATE,SIGNATURE,1047.63,4722_TRAVEL,Android,CA,MATCH,BYPASSED,3,0.11,0
CGW_0001148,DEBIT,SIGNATURE,265.24,4722_TRAVEL,Android,AU,MISMATCH,FAILED,3,0.42,1
CGW_0001149,CREDIT,CLASSIC,3447.73,5732_ELECTRONICS,Linux_Firefox,SG,MATCH,SUCCESS_BIOMETRIC,12,0.07,1
CGW_0001150,CORPORATE,CLASSIC,1155.11,5732_ELECTRONICS,MacOS_Safari,SG,MATCH,BYPASSED,5,0.78,0
CGW_0001151,CORPORATE,INFINITE,4275.75,5812_RESTAURANT,Linux_Firefox,AU,MISMATCH,FAILED,12,0.59,1
CGW_0001152,CREDIT,CLASSIC,2973.83,4722_TRAVEL,iOS,IN,MATCH,SUCCESS_OTP,8,0.20,0
CGW_0001153,DEBIT,CLASSIC,1240.28,4722_TRAVEL,Linux_Firefox,SG,MATCH,BYPASSED,12,0.30,0
CGW_0001154,CREDIT,CLASSIC,1680.04,5411_GROCERY,Linux_Firefox,CA,MISMATCH,SUCCESS_BIOMETRIC,1,0.91,1
CGW_0001155,PREPAID,SIGNATURE,1115.24,4829_MONEY_TRANSFER,MacOS_Safari,US,MISMATCH,BYPASSED,2,0.51,1
CGW_0001156,CREDIT,PLATINUM,1846.32,4829_MONEY_TRANSFER,Android,IN,MATCH,SUCCESS_BIOMETRIC,12,0.44,0
CGW_0001157,CORPORATE,INFINITE,4378.92,5812_RESTAURANT,Android,SG,MATCH,BYPASSED,11,0.40,1
CGW_0001158,PREPAID,CLASSIC,3459.37,4829_MONEY_TRANSFER,iOS,AU,MATCH,BYPASSED,9,0.38,1
CGW_0001159,CREDIT,INFINITE,3293.64,4722_TRAVEL,Linux_Firefox,US,MATCH,SUCCESS_BIOMETRIC,8,0.36,0
CGW_0001160,DEBIT,SIGNATURE,321.68,5812_RESTAURANT,Linux_Firefox,CA,MATCH,BYPASSED,8,0.17,0
CGW_0001161,PREPAID,PLATINUM,2368.70,4722_TRAVEL,Android,AU,MATCH,SUCCESS_BIOMETRIC,11,0.32,0
CGW_0001162,CORPORATE,PLATINUM,3704.23,5732_ELECTRONICS,MacOS_Safari,US,MATCH,SUCCESS_BIOMETRIC,8,0.76,0
CGW_0001163,CORPORATE,CLASSIC,2617.23,5411_GROCERY,Windows_Chrome,CA,MATCH,SUCCESS_OTP,2,0.46,0
CGW_0001164,CREDIT,CLASSIC,960.10,5411_GROCERY,iOS,DE,MATCH,SUCCESS_BIOMETRIC,7,0.02,0
CGW_0001165,CREDIT,PLATINUM,1402.20,5812_RESTAURANT,Android,SG,MISMATCH,SUCCESS_OTP,11,0.69,1
CGW_0001166,CREDIT,SIGNATURE,4238.54,7995_BETTING,iOS,GB,MISMATCH,SUCCESS_OTP,4,0.52,1
CGW_0001167,CORPORATE,CLASSIC,2509.49,5732_ELECTRONICS,MacOS_Safari,CA,MATCH,FAILED,8,0.73,0
CGW_0001168,DEBIT,CLASSIC,2246.66,4722_TRAVEL,Linux_Firefox,SG,MATCH,FAILED,1,0.05,0
CGW_0001169,CORPORATE,CLASSIC,3760.67,4829_MONEY_TRANSFER,Android,AE,MATCH,SUCCESS_BIOMETRIC,6,0.94,1
CGW_0001170,CORPORATE,CLASSIC,1447.18,5411_GROCERY,Linux_Firefox,US,MATCH,SUCCESS_BIOMETRIC,9,0.82,0
CGW_0001171,PREPAID,SIGNATURE,4290.64,4722_TRAVEL,iOS,US,MISMATCH,SUCCESS_OTP,8,0.53,1
CGW_0001172,CREDIT,PLATINUM,2676.40,4829_MONEY_TRANSFER,Android,IN,MATCH,SUCCESS_BIOMETRIC,1,0.52,0
CGW_0001173,DEBIT,INFINITE,1150.33,4829_MONEY_TRANSFER,Linux_Firefox,IN,MATCH,FAILED,7,0.58,0
CGW_0001174,CREDIT,GOLD,4351.69,4722_TRAVEL,Linux_Firefox,AU,MISMATCH,BYPASSED,9,0.97,1
CGW_0001175,DEBIT,SIGNATURE,3526.03,4722_TRAVEL,MacOS_Safari,US,MISMATCH,SUCCESS_BIOMETRIC,6,0.50,1
CGW_0001176,CORPORATE,CLASSIC,1590.84,5732_ELECTRONICS,Linux_Firefox,AU,MATCH,FAILED,8,0.17,0
CGW_0001177,CREDIT,CLASSIC,1313.82,7995_BETTING,Linux_Firefox,GB,MATCH,SUCCESS_BIOMETRIC,7,0.22,1
CGW_0001178,CREDIT,PLATINUM,2670.45,4829_MONEY_TRANSFER,Windows_Chrome,AE,MATCH,FAILED,4,0.41,0
CGW_0001179,DEBIT,INFINITE,1765.27,4829_MONEY_TRANSFER,Windows_Chrome,SG,MATCH,SUCCESS_BIOMETRIC,1,0.41,0
CGW_0001180,DEBIT,INFINITE,638.93,7995_BETTING,Windows_Chrome,DE,MATCH,BYPASSED,9,0.48,1
CGW_0001181,CREDIT,INFINITE,1736.31,4722_TRAVEL,Android,DE,MATCH,FAILED,5,0.24,0
CGW_0001182,CREDIT,INFINITE,2346.28,5732_ELECTRONICS,Windows_Chrome,SG,MATCH,SUCCESS_OTP,2,0.48,0
CGW_0001183,DEBIT,CLASSIC,3297.66,4722_TRAVEL,Android,IN,MISMATCH,SUCCESS_BIOMETRIC,7,0.36,1
CGW_0001184,PREPAID,PLATINUM,2638.40,5411_GROCERY,iOS,IN,MISMATCH,BYPASSED,5,0.77,1
CGW_0001185,CORPORATE,CLASSIC,352.11,5411_GROCERY,iOS,GB,MATCH,BYPASSED,5,0.55,0
CGW_0001186,CREDIT,PLATINUM,3294.41,4722_TRAVEL,MacOS_Safari,AU,MATCH,SUCCESS_BIOMETRIC,3,0.96,1
CGW_0001187,CREDIT,SIGNATURE,1021.37,7995_BETTING,MacOS_Safari,CA,MATCH,SUCCESS_OTP,1,0.65,1
CGW_0001188,CORPORATE,CLASSIC,3379.33,4829_MONEY_TRANSFER,Android,CA,MATCH,SUCCESS_BIOMETRIC,11,0.72,0
CGW_0001189,DEBIT,CLASSIC,410.81,5812_RESTAURANT,iOS,CA,MISMATCH,SUCCESS_OTP,1,0.19,1
CGW_0001190,PREPAID,INFINITE,3502.11,4829_MONEY_TRANSFER,Android,SG,MATCH,SUCCESS_OTP,2,0.43,0
CGW_0001191,PREPAID,GOLD,4255.46,5411_GROCERY,iOS,AE,MATCH,SUCCESS_BIOMETRIC,6,0.02,1
CGW_0001192,PREPAID,GOLD,1115.59,5812_RESTAURANT,Android,AE,MATCH,SUCCESS_OTP,11,0.86,1
CGW_0001193,PREPAID,INFINITE,3690.20,5812_RESTAURANT,Windows_Chrome,SG,MATCH,FAILED,12,0.01,1
CGW_0001194,PREPAID,INFINITE,3010.98,4722_TRAVEL,Windows_Chrome,AU,MATCH,BYPASSED,3,0.23,0
CGW_0001195,CORPORATE,INFINITE,4256.49,4829_MONEY_TRANSFER,Android,AU,MATCH,SUCCESS_OTP,2,0.22,0
CGW_0001196,CORPORATE,CLASSIC,1889.58,4829_MONEY_TRANSFER,MacOS_Safari,CA,MATCH,FAILED,2,0.78,0
CGW_0001197,DEBIT,SIGNATURE,3604.14,4829_MONEY_TRANSFER,MacOS_Safari,AE,MATCH,BYPASSED,2,0.94,1
CGW_0001198,CREDIT,PLATINUM,2086.68,5411_GROCERY,iOS,SG,MISMATCH,SUCCESS_BIOMETRIC,8,0.12,1
CGW_0001199,CREDIT,CLASSIC,73.93,4722_TRAVEL,Linux_Firefox,DE,MATCH,SUCCESS_BIOMETRIC,5,0.61,0
CGW_0001200,DEBIT,INFINITE,3164.77,4722_TRAVEL,Linux_Firefox,CA,MATCH,SUCCESS_OTP,3,0.38,0
CGW_0001201,DEBIT,INFINITE,2385.06,4829_MONEY_TRANSFER,MacOS_Safari,DE,MATCH,SUCCESS_BIOMETRIC,4,0.54,0
CGW_0001202,PREPAID,INFINITE,2347.10,5812_RESTAURANT,Android,US,MATCH,SUCCESS_BIOMETRIC,11,0.65,0
CGW_0001203,PREPAID,GOLD,4204.99,5411_GROCERY,Android,CA,MATCH,BYPASSED,4,0.12,0
CGW_0001204,DEBIT,GOLD,296.01,5411_GROCERY,Windows_Chrome,AU,MATCH,SUCCESS_OTP,1,0.61,0
CGW_0001205,CREDIT,GOLD,2001.55,5812_RESTAURANT,iOS,CA,MATCH,SUCCESS_OTP,9,0.43,0
CGW_0001206,CREDIT,SIGNATURE,2409.08,5812_RESTAURANT,Linux_Firefox,IN,MISMATCH,SUCCESS_BIOMETRIC,1,0.04,1
CGW_0001207,CORPORATE,PLATINUM,1591.75,4722_TRAVEL,iOS,US,MATCH,BYPASSED,1,0.74,0
CGW_0001208,DEBIT,CLASSIC,3674.58,7995_BETTING,iOS,GB,MATCH,BYPASSED,4,0.87,1
CGW_0001209,DEBIT,SIGNATURE,1879.18,4829_MONEY_TRANSFER,Linux_Firefox,DE,MISMATCH,BYPASSED,3,0.32,1
CGW_0001210,PREPAID,PLATINUM,4208.17,4829_MONEY_TRANSFER,Windows_Chrome,AE,MISMATCH,SUCCESS_BIOMETRIC,3,0.26,1
CGW_0001211,CORPORATE,CLASSIC,4061.27,5411_GROCERY,Android,US,MATCH,SUCCESS_BIOMETRIC,10,0.28,1
CGW_0001212,CREDIT,INFINITE,1285.77,4722_TRAVEL,iOS,IN,MATCH,BYPASSED,12,0.23,0
CGW_0001213,DEBIT,SIGNATURE,95.07,4722_TRAVEL,Windows_Chrome,IN,MATCH,SUCCESS_BIOMETRIC,9,0.63,0
CGW_0001214,PREPAID,GOLD,1293.93,5411_GROCERY,iOS,SG,MISMATCH,SUCCESS_OTP,7,0.09,1
CGW_0001215,DEBIT,SIGNATURE,70.08,5411_GROCERY,Android,DE,MISMATCH,SUCCESS_BIOMETRIC,6,0.64,1
CGW_0001216,CORPORATE,PLATINUM,1877.29,4722_TRAVEL,Android,AU,MATCH,BYPASSED,7,0.53,0
CGW_0001217,DEBIT,PLATINUM,3904.03,5411_GROCERY,iOS,US,MISMATCH,SUCCESS_BIOMETRIC,7,0.97,1
CGW_0001218,CREDIT,INFINITE,1795.04,7995_BETTING,Android,SG,MATCH,SUCCESS_OTP,4,0.16,1
CGW_0001219,CORPORATE,GOLD,1655.96,5812_RESTAURANT,Android,IN,MISMATCH,SUCCESS_OTP,2,0.68,1
CGW_0001220,CREDIT,INFINITE,189.28,5732_ELECTRONICS,Android,SG,MISMATCH,SUCCESS_OTP,11,0.93,1
CGW_0001221,PREPAID,GOLD,4490.76,5411_GROCERY,MacOS_Safari,CA,MATCH,SUCCESS_OTP,10,0.98,1
CGW_0001222,PREPAID,INFINITE,742.67,5732_ELECTRONICS,Linux_Firefox,US,MATCH,BYPASSED,9,0.31,0
CGW_0001223,DEBIT,SIGNATURE,1625.17,5732_ELECTRONICS,Windows_Chrome,DE,MATCH,SUCCESS_BIOMETRIC,12,0.40,0
CGW_0001224,CREDIT,PLATINUM,2009.62,4722_TRAVEL,iOS,IN,MATCH,FAILED,10,0.85,1
CGW_0001225,CORPORATE,PLATINUM,2469.96,5732_ELECTRONICS,Linux_Firefox,AE,MATCH,FAILED,11,0.44,0
CGW_0001226,PREPAID,GOLD,1480.48,5732_ELECTRONICS,Linux_Firefox,CA,MATCH,SUCCESS_BIOMETRIC,5,0.67,0
CGW_0001227,PREPAID,SIGNATURE,389.60,5732_ELECTRONICS,Windows_Chrome,DE,MATCH,SUCCESS_BIOMETRIC,11,0.02,0
CGW_0001228,DEBIT,CLASSIC,4343.83,5732_ELECTRONICS,Linux_Firefox,SG,MATCH,SUCCESS_OTP,12,0.24,1
CGW_0001229,PREPAID,CLASSIC,3602.20,4829_MONEY_TRANSFER,iOS,IN,MATCH,SUCCESS_OTP,2,0.66,0
CGW_0001230,CREDIT,INFINITE,1010.53,4722_TRAVEL,Android,AU,MISMATCH,FAILED,11,0.26,1
CGW_0001231,CREDIT,CLASSIC,3741.03,7995_BETTING,iOS,SG,MISMATCH,BYPASSED,8,0.33,1
CGW_0001232,CREDIT,PLATINUM,2910.98,4829_MONEY_TRANSFER,Android,AU,MATCH,BYPASSED,2,0.39,0
CGW_0001233,CORPORATE,SIGNATURE,1620.31,5411_GROCERY,MacOS_Safari,SG,MATCH,SUCCESS_OTP,9,0.79,0
CGW_0001234,CORPORATE,CLASSIC,3049.44,4722_TRAVEL,Linux_Firefox,GB,MISMATCH,BYPASSED,6,0.65,1
CGW_0001235,CREDIT,GOLD,3287.02,5732_ELECTRONICS,iOS,AU,MATCH,SUCCESS_OTP,1,0.80,1
CGW_0001236,DEBIT,PLATINUM,3003.97,4722_TRAVEL,Android,AE,MATCH,SUCCESS_OTP,11,0.62,0
CGW_0001237,DEBIT,PLATINUM,4202.98,4722_TRAVEL,iOS,GB,MISMATCH,SUCCESS_OTP,10,0.75,1
CGW_0001238,CORPORATE,INFINITE,1772.08,7995_BETTING,Linux_Firefox,AE,MATCH,SUCCESS_OTP,7,0.75,1
CGW_0001239,DEBIT,CLASSIC,3536.44,4722_TRAVEL,Windows_Chrome,IN,MISMATCH,SUCCESS_BIOMETRIC,6,0.65,1
CGW_0001240,PREPAID,INFINITE,679.07,5411_GROCERY,iOS,AU,MATCH,BYPASSED,9,0.32,0
CGW_0001241,DEBIT,INFINITE,3002.23,5812_RESTAURANT,MacOS_Safari,GB,MATCH,FAILED,6,0.17,0
CGW_0001242,PREPAID,GOLD,1687.80,5812_RESTAURANT,Android,DE,MATCH,SUCCESS_BIOMETRIC,6,0.38,0
CGW_0001243,CREDIT,CLASSIC,3446.58,4829_MONEY_TRANSFER,Linux_Firefox,DE,MATCH,FAILED,5,0.94,1
CGW_0001244,DEBIT,GOLD,2225.53,5411_GROCERY,MacOS_Safari,AE,MATCH,SUCCESS_OTP,3,0.83,0
CGW_0001245,CORPORATE,INFINITE,743.10,7995_BETTING,MacOS_Safari,IN,MATCH,SUCCESS_OTP,2,0.78,1
CGW_0001246,PREPAID,CLASSIC,2394.84,5732_ELECTRONICS,Linux_Firefox,AU,MATCH,SUCCESS_OTP,1,0.29,0
CGW_0001247,CREDIT,GOLD,3997.84,4829_MONEY_TRANSFER,Linux_Firefox,CA,MISMATCH,FAILED,2,0.80,1
CGW_0001248,CREDIT,PLATINUM,2135.35,4722_TRAVEL,MacOS_Safari,AU,MISMATCH,SUCCESS_OTP,5,0.48,1
CGW_0001249,CREDIT,SIGNATURE,4201.11,5411_GROCERY,Android,GB,MATCH,SUCCESS_OTP,8,0.63,0
CGW_0001250,CREDIT,SIGNATURE,1701.46,7995_BETTING,Windows_Chrome,US,MATCH,SUCCESS_BIOMETRIC,8,0.41,1
CGW_0001251,PREPAID,SIGNATURE,930.59,5812_RESTAURANT,Android,US,MATCH,BYPASSED,1,0.43,0
CGW_0001252,DEBIT,SIGNATURE,2389.77,5732_ELECTRONICS,Android,IN,MISMATCH,SUCCESS_BIOMETRIC,10,0.52,1
CGW_0001253,PREPAID,PLATINUM,1407.78,5732_ELECTRONICS,MacOS_Safari,AE,MATCH,SUCCESS_BIOMETRIC,5,0.90,1
CGW_0001254,DEBIT,PLATINUM,1016.72,5732_ELECTRONICS,iOS,CA,MATCH,BYPASSED,2,0.15,0
CGW_0001255,CORPORATE,PLATINUM,1381.72,5732_ELECTRONICS,Windows_Chrome,AE,MISMATCH,SUCCESS_BIOMETRIC,8,0.84,1
CGW_0001256,CORPORATE,GOLD,697.87,5732_ELECTRONICS,MacOS_Safari,US,MATCH,SUCCESS_BIOMETRIC,4,0.40,0
CGW_0001257,DEBIT,SIGNATURE,3564.90,4722_TRAVEL,Android,US,MATCH,SUCCESS_OTP,5,0.97,1
CGW_0001258,DEBIT,CLASSIC,2230.21,5812_RESTAURANT,Linux_Firefox,AE,MATCH,FAILED,11,0.50,0
CGW_0001259,CORPORATE,SIGNATURE,2431.97,4722_TRAVEL,Linux_Firefox,GB,MATCH,SUCCESS_OTP,1,0.32,0
CGW_0001260,PREPAID,GOLD,3374.16,4722_TRAVEL,MacOS_Safari,AU,MISMATCH,SUCCESS_OTP,8,0.90,1
CGW_0001261,PREPAID,GOLD,1894.01,5812_RESTAURANT,Linux_Firefox,AU,MISMATCH,BYPASSED,2,0.02,1
CGW_0001262,PREPAID,SIGNATURE,468.38,5732_ELECTRONICS,MacOS_Safari,SG,MATCH,FAILED,10,0.93,1
CGW_0001263,DEBIT,CLASSIC,3721.52,4829_MONEY_TRANSFER,MacOS_Safari,CA,MISMATCH,FAILED,6,0.70,1
CGW_0001264,DEBIT,CLASSIC,388.56,5812_RESTAURANT,Android,IN,MISMATCH,SUCCESS_BIOMETRIC,1,0.72,1
CGW_0001265,CORPORATE,PLATINUM,1256.82,5812_RESTAURANT,iOS,US,MISMATCH,FAILED,3,0.70,1
CGW_0001266,PREPAID,INFINITE,558.42,7995_BETTING,iOS,CA,MATCH,SUCCESS_OTP,9,0.09,1
CGW_0001267,DEBIT,SIGNATURE,358.02,7995_BETTING,MacOS_Safari,GB,MATCH,BYPASSED,7,0.88,1
CGW_0001268,DEBIT,CLASSIC,4146.86,4829_MONEY_TRANSFER,MacOS_Safari,GB,MATCH,SUCCESS_BIOMETRIC,5,0.58,1
CGW_0001269,DEBIT,INFINITE,354.72,5732_ELECTRONICS,Windows_Chrome,GB,MATCH,SUCCESS_OTP,4,0.68,0
CGW_0001270,PREPAID,SIGNATURE,4038.46,7995_BETTING,Linux_Firefox,US,MATCH,SUCCESS_BIOMETRIC,5,0.33,1
CGW_0001271,PREPAID,SIGNATURE,3150.63,4829_MONEY_TRANSFER,Linux_Firefox,GB,MATCH,BYPASSED,9,0.93,1
CGW_0001272,CORPORATE,INFINITE,2008.34,7995_BETTING,Linux_Firefox,SG,MISMATCH,BYPASSED,9,0.27,1
CGW_0001273,PREPAID,GOLD,3110.51,5732_ELECTRONICS,iOS,AE,MATCH,SUCCESS_BIOMETRIC,10,0.40,0
CGW_0001274,PREPAID,CLASSIC,432.30,5411_GROCERY,iOS,AE,MISMATCH,FAILED,11,0.95,1
CGW_0001275,PREPAID,CLASSIC,2317.24,5732_ELECTRONICS,Windows_Chrome,DE,MATCH,SUCCESS_OTP,3,0.79,0
CGW_0001276,CORPORATE,CLASSIC,1109.12,4829_MONEY_TRANSFER,iOS,GB,MATCH,SUCCESS_BIOMETRIC,12,0.85,0
CGW_0001277,CORPORATE,GOLD,3831.83,5732_ELECTRONICS,Android,US,MATCH,SUCCESS_OTP,9,0.30,0
CGW_0001278,PREPAID,GOLD,2707.10,5411_GROCERY,iOS,IN,MISMATCH,BYPASSED,6,0.97,1
CGW_0001279,PREPAID,GOLD,3086.05,5411_GROCERY,Linux_Firefox,AE,MATCH,BYPASSED,6,0.28,0
CGW_0001280,PREPAID,CLASSIC,3102.91,5411_GROCERY,MacOS_Safari,GB,MATCH,BYPASSED,8,0.28,1
CGW_0001281,CORPORATE,CLASSIC,472.42,7995_BETTING,Windows_Chrome,SG,MATCH,FAILED,10,0.28,1
CGW_0001282,CREDIT,PLATINUM,3818.99,7995_BETTING,iOS,IN,MATCH,SUCCESS_BIOMETRIC,9,0.48,1
CGW_0001283,DEBIT,SIGNATURE,2449.47,5812_RESTAURANT,Linux_Firefox,GB,MATCH,SUCCESS_BIOMETRIC,4,0.96,1
CGW_0001284,CREDIT,CLASSIC,2589.02,7995_BETTING,iOS,US,MATCH,FAILED,10,0.51,1
CGW_0001285,CREDIT,CLASSIC,2224.64,5732_ELECTRONICS,iOS,AE,MATCH,SUCCESS_OTP,3,0.39,0
CGW_0001286,DEBIT,CLASSIC,4151.99,7995_BETTING,Android,GB,MISMATCH,SUCCESS_BIOMETRIC,1,0.74,1
CGW_0001287,DEBIT,CLASSIC,3526.66,4722_TRAVEL,Android,CA,MATCH,SUCCESS_OTP,7,0.41,0
CGW_0001288,PREPAID,SIGNATURE,956.77,5812_RESTAURANT,Linux_Firefox,AE,MATCH,SUCCESS_BIOMETRIC,7,0.32,0
CGW_0001289,CORPORATE,PLATINUM,1438.01,5812_RESTAURANT,Linux_Firefox,IN,MISMATCH,FAILED,12,0.30,1
CGW_0001290,CORPORATE,INFINITE,3697.00,4829_MONEY_TRANSFER,iOS,US,MATCH,SUCCESS_BIOMETRIC,9,0.39,0
CGW_0001291,PREPAID,SIGNATURE,740.40,5411_GROCERY,MacOS_Safari,US,MATCH,SUCCESS_OTP,5,0.87,1
CGW_0001292,DEBIT,INFINITE,2954.45,5732_ELECTRONICS,Windows_Chrome,GB,MATCH,FAILED,10,0.43,0
CGW_0001293,DEBIT,PLATINUM,3951.39,4829_MONEY_TRANSFER,Android,DE,MATCH,SUCCESS_OTP,2,0.28,1
CGW_0001294,CORPORATE,CLASSIC,1896.46,7995_BETTING,iOS,CA,MISMATCH,SUCCESS_OTP,4,0.65,1
CGW_0001295,CREDIT,PLATINUM,772.92,5812_RESTAURANT,Android,DE,MATCH,BYPASSED,1,0.18,0
CGW_0001296,DEBIT,INFINITE,1907.85,4722_TRAVEL,Windows_Chrome,CA,MATCH,FAILED,9,0.12,0
CGW_0001297,DEBIT,GOLD,1038.66,7995_BETTING,Linux_Firefox,SG,MISMATCH,BYPASSED,7,0.72,1
CGW_0001298,CREDIT,PLATINUM,2159.11,5812_RESTAURANT,Windows_Chrome,AU,MATCH,BYPASSED,6,0.56,0
CGW_0001299,CORPORATE,PLATINUM,2088.77,4722_TRAVEL,Linux_Firefox,US,MISMATCH,SUCCESS_OTP,6,0.86,1
CGW_0001300,CREDIT,GOLD,2879.37,5812_RESTAURANT,Android,SG,MATCH,FAILED,2,0.82,0
CGW_0001301,CREDIT,SIGNATURE,231.37,5411_GROCERY,iOS,US,MATCH,SUCCESS_OTP,4,0.24,0
CGW_0001302,CREDIT,INFINITE,1901.05,5411_GROCERY,Android,CA,MATCH,SUCCESS_OTP,6,0.38,0
CGW_0001303,CREDIT,PLATINUM,4364.49,7995_BETTING,MacOS_Safari,US,MATCH,FAILED,3,0.81,1
CGW_0001304,CREDIT,GOLD,4120.36,5812_RESTAURANT,iOS,CA,MATCH,SUCCESS_OTP,10,0.19,0
CGW_0001305,CORPORATE,GOLD,1032.08,4829_MONEY_TRANSFER,Linux_Firefox,IN,MATCH,SUCCESS_OTP,10,0.46,0
CGW_0001306,PREPAID,PLATINUM,806.08,4722_TRAVEL,Windows_Chrome,DE,MATCH,SUCCESS_BIOMETRIC,1,0.37,0
CGW_0001307,CORPORATE,SIGNATURE,3774.78,7995_BETTING,iOS,DE,MATCH,SUCCESS_BIOMETRIC,2,0.27,1
CGW_0001308,CORPORATE,INFINITE,2495.76,5411_GROCERY,Linux_Firefox,DE,MATCH,FAILED,6,0.83,0
CGW_0001309,DEBIT,SIGNATURE,2671.97,4829_MONEY_TRANSFER,Android,IN,MATCH,SUCCESS_BIOMETRIC,1,0.23,0
CGW_0001310,CORPORATE,CLASSIC,3143.35,7995_BETTING,Linux_Firefox,US,MISMATCH,SUCCESS_BIOMETRIC,2,0.51,1
CGW_0001311,DEBIT,INFINITE,522.13,4722_TRAVEL,Linux_Firefox,AU,MATCH,SUCCESS_BIOMETRIC,4,0.84,0
CGW_0001312,PREPAID,SIGNATURE,3844.23,4829_MONEY_TRANSFER,iOS,DE,MATCH,BYPASSED,3,0.23,0
CGW_0001313,CREDIT,INFINITE,3203.87,7995_BETTING,Windows_Chrome,US,MATCH,BYPASSED,9,0.18,1
CGW_0001314,CREDIT,CLASSIC,1144.47,4829_MONEY_TRANSFER,iOS,CA,MATCH,FAILED,7,0.21,0
CGW_0001315,CREDIT,INFINITE,2525.68,5812_RESTAURANT,Linux_Firefox,CA,MATCH,SUCCESS_OTP,8,0.69,0
CGW_0001316,CORPORATE,PLATINUM,4430.30,5732_ELECTRONICS,Android,US,MATCH,BYPASSED,2,0.08,1
CGW_0001317,CORPORATE,GOLD,109.94,4722_TRAVEL,Windows_Chrome,AU,MATCH,SUCCESS_OTP,12,0.77,0
CGW_0001318,DEBIT,GOLD,984.14,5732_ELECTRONICS,MacOS_Safari,IN,MATCH,SUCCESS_BIOMETRIC,8,0.90,1
CGW_0001319,PREPAID,PLATINUM,2916.83,5812_RESTAURANT,Windows_Chrome,US,MISMATCH,SUCCESS_OTP,2,0.09,1
CGW_0001320,CREDIT,PLATINUM,4336.77,5732_ELECTRONICS,MacOS_Safari,GB,MATCH,SUCCESS_OTP,1,0.22,1
CGW_0001321,CREDIT,PLATINUM,1131.95,7995_BETTING,iOS,IN,MATCH,BYPASSED,6,0.48,1
CGW_0001322,PREPAID,SIGNATURE,1379.74,4829_MONEY_TRANSFER,Android,IN,MATCH,BYPASSED,12,0.88,1
CGW_0001323,PREPAID,GOLD,2771.62,4829_MONEY_TRANSFER,Linux_Firefox,GB,MATCH,SUCCESS_BIOMETRIC,1,0.45,0
CGW_0001324,CORPORATE,SIGNATURE,3532.14,5732_ELECTRONICS,Windows_Chrome,DE,MISMATCH,SUCCESS_BIOMETRIC,4,0.88,1
CGW_0001325,CREDIT,CLASSIC,111.41,5411_GROCERY,MacOS_Safari,GB,MISMATCH,SUCCESS_OTP,4,0.55,1
CGW_0001326,PREPAID,INFINITE,972.61,4722_TRAVEL,Linux_Firefox,CA,MATCH,SUCCESS_BIOMETRIC,1,0.05,0
CGW_0001327,DEBIT,PLATINUM,898.01,5812_RESTAURANT,Windows_Chrome,CA,MISMATCH,BYPASSED,1,0.77,1
CGW_0001328,PREPAID,SIGNATURE,2353.45,7995_BETTING,Linux_Firefox,GB,MATCH,FAILED,2,0.67,1
CGW_0001329,CREDIT,CLASSIC,3005.70,4829_MONEY_TRANSFER,MacOS_Safari,US,MATCH,FAILED,4,0.80,0
CGW_0001330,DEBIT,INFINITE,74.41,4722_TRAVEL,iOS,SG,MATCH,SUCCESS_OTP,10,0.67,0
CGW_0001331,CORPORATE,INFINITE,1561.36,4722_TRAVEL,Linux_Firefox,AU,MATCH,SUCCESS_BIOMETRIC,6,0.56,0
CGW_0001332,CREDIT,SIGNATURE,4324.93,5411_GROCERY,iOS,IN,MATCH,BYPASSED,1,0.36,1
CGW_0001333,CREDIT,SIGNATURE,932.21,5732_ELECTRONICS,Linux_Firefox,DE,MATCH,FAILED,6,0.62,0
CGW_0001334,CREDIT,PLATINUM,2266.03,5732_ELECTRONICS,MacOS_Safari,CA,MISMATCH,BYPASSED,12,0.83,1
CGW_0001335,CORPORATE,INFINITE,3332.44,7995_BETTING,iOS,CA,MATCH,SUCCESS_BIOMETRIC,10,0.85,1
CGW_0001336,DEBIT,GOLD,4160.35,4722_TRAVEL,Windows_Chrome,US,MATCH,BYPASSED,12,0.60,1
CGW_0001337,CORPORATE,INFINITE,2170.79,7995_BETTING,Android,US,MATCH,FAILED,8,0.21,1
CGW_0001338,CREDIT,INFINITE,2892.58,5411_GROCERY,Android,SG,MISMATCH,BYPASSED,6,0.10,1
CGW_0001339,CREDIT,GOLD,1300.45,5812_RESTAURANT,Android,GB,MISMATCH,BYPASSED,12,0.55,1
CGW_0001340,CREDIT,CLASSIC,3931.82,7995_BETTING,iOS,AU,MATCH,BYPASSED,4,0.36,1
CGW_0001341,CREDIT,PLATINUM,4182.56,5732_ELECTRONICS,Android,GB,MATCH,BYPASSED,1,0.16,1
CGW_0001342,PREPAID,CLASSIC,3340.25,4722_TRAVEL,iOS,US,MISMATCH,FAILED,11,0.76,1
CGW_0001343,CORPORATE,SIGNATURE,1680.16,4829_MONEY_TRANSFER,Android,SG,MATCH,BYPASSED,8,0.73,0
CGW_0001344,CREDIT,PLATINUM,377.17,5812_RESTAURANT,Windows_Chrome,AE,MATCH,SUCCESS_BIOMETRIC,5,0.41,0
CGW_0001345,CREDIT,CLASSIC,3763.93,4829_MONEY_TRANSFER,Linux_Firefox,US,MATCH,SUCCESS_BIOMETRIC,11,0.14,0
CGW_0001346,CREDIT,PLATINUM,604.84,7995_BETTING,Android,AE,MATCH,BYPASSED,10,0.30,1
CGW_0001347,CORPORATE,PLATINUM,2470.16,4829_MONEY_TRANSFER,Android,CA,MATCH,SUCCESS_BIOMETRIC,1,0.65,0
CGW_0001348,CREDIT,GOLD,3329.75,7995_BETTING,iOS,IN,MISMATCH,FAILED,2,0.77,1
CGW_0001349,DEBIT,SIGNATURE,147.19,4829_MONEY_TRANSFER,Linux_Firefox,CA,MATCH,FAILED,5,0.61,0
CGW_0001350,CORPORATE,CLASSIC,3840.92,5732_ELECTRONICS,Linux_Firefox,CA,MISMATCH,FAILED,12,0.98,1
CGW_0001351,CREDIT,CLASSIC,1828.30,7995_BETTING,iOS,IN,MATCH,SUCCESS_OTP,1,0.95,1
CGW_0001352,PREPAID,CLASSIC,2261.38,4722_TRAVEL,Linux_Firefox,AU,MATCH,BYPASSED,6,0.65,0
CGW_0001353,CREDIT,PLATINUM,1563.72,4829_MONEY_TRANSFER,MacOS_Safari,IN,MISMATCH,SUCCESS_BIOMETRIC,11,0.91,1
CGW_0001354,CREDIT,PLATINUM,316.56,4829_MONEY_TRANSFER,MacOS_Safari,AE,MATCH,FAILED,9,0.39,0
CGW_0001355,DEBIT,PLATINUM,2979.55,5812_RESTAURANT,MacOS_Safari,IN,MISMATCH,SUCCESS_OTP,5,0.66,1
CGW_0001356,DEBIT,CLASSIC,3300.77,5812_RESTAURANT,Windows_Chrome,CA,MATCH,BYPASSED,6,0.47,1
CGW_0001357,CORPORATE,SIGNATURE,3793.39,7995_BETTING,MacOS_Safari,AE,MATCH,BYPASSED,6,0.91,1
CGW_0001358,DEBIT,INFINITE,3188.17,5732_ELECTRONICS,Linux_Firefox,US,MATCH,BYPASSED,10,0.22,0
CGW_0001359,CREDIT,INFINITE,2645.98,7995_BETTING,Linux_Firefox,US,MISMATCH,BYPASSED,7,0.23,1
CGW_0001360,DEBIT,GOLD,203.89,5411_GROCERY,MacOS_Safari,GB,MATCH,FAILED,5,0.84,0
CGW_0001361,DEBIT,PLATINUM,1493.42,5411_GROCERY,Linux_Firefox,AU,MATCH,SUCCESS_BIOMETRIC,3,0.76,0
CGW_0001362,CORPORATE,CLASSIC,1049.75,5411_GROCERY,Android,AE,MISMATCH,SUCCESS_BIOMETRIC,11,0.12,1
CGW_0001363,DEBIT,INFINITE,4147.69,5812_RESTAURANT,iOS,AU,MATCH,BYPASSED,3,0.20,1
CGW_0001364,PREPAID,SIGNATURE,1911.09,7995_BETTING,Android,CA,MATCH,SUCCESS_OTP,8,0.51,1
CGW_0001365,CREDIT,INFINITE,3648.76,5411_GROCERY,Android,GB,MATCH,SUCCESS_OTP,12,0.89,1
CGW_0001366,CREDIT,SIGNATURE,2267.48,5411_GROCERY,iOS,GB,MATCH,BYPASSED,6,0.03,0
CGW_0001367,CREDIT,SIGNATURE,1316.00,4829_MONEY_TRANSFER,Linux_Firefox,IN,MATCH,BYPASSED,3,0.25,0
CGW_0001368,CREDIT,SIGNATURE,3371.10,5411_GROCERY,Android,IN,MISMATCH,BYPASSED,1,0.23,1
CGW_0001369,CREDIT,INFINITE,2848.13,5732_ELECTRONICS,Windows_Chrome,AU,MATCH,SUCCESS_BIOMETRIC,12,0.23,0
CGW_0001370,PREPAID,PLATINUM,2411.98,5411_GROCERY,Windows_Chrome,SG,MATCH,SUCCESS_OTP,9,0.27,0
CGW_0001371,DEBIT,SIGNATURE,2801.57,5732_ELECTRONICS,MacOS_Safari,AE,MISMATCH,BYPASSED,8,0.98,1
CGW_0001372,PREPAID,GOLD,1242.54,7995_BETTING,iOS,CA,MATCH,FAILED,3,0.87,1
CGW_0001373,CORPORATE,GOLD,2874.45,4829_MONEY_TRANSFER,MacOS_Safari,AU,MATCH,SUCCESS_BIOMETRIC,12,0.37,0
CGW_0001374,DEBIT,SIGNATURE,4159.74,4829_MONEY_TRANSFER,Linux_Firefox,AE,MATCH,FAILED,12,0.70,1
CGW_0001375,DEBIT,GOLD,605.67,5732_ELECTRONICS,Windows_Chrome,US,MATCH,FAILED,11,0.68,0
CGW_0001376,PREPAID,CLASSIC,878.75,5732_ELECTRONICS,Windows_Chrome,DE,MISMATCH,SUCCESS_OTP,4,0.30,1
CGW_0001377,CORPORATE,PLATINUM,2112.99,5411_GROCERY,Android,AE,MATCH,BYPASSED,1,0.04,0
CGW_0001378,DEBIT,GOLD,2873.99,4722_TRAVEL,MacOS_Safari,US,MISMATCH,FAILED,12,0.49,1
CGW_0001379,CREDIT,SIGNATURE,3541.54,4829_MONEY_TRANSFER,MacOS_Safari,CA,MATCH,SUCCESS_OTP,3,0.94,1
CGW_0001380,CREDIT,SIGNATURE,1069.92,5812_RESTAURANT,Linux_Firefox,US,MISMATCH,FAILED,12,0.15,1
CGW_0001381,CORPORATE,CLASSIC,4387.15,5732_ELECTRONICS,Linux_Firefox,DE,MATCH,BYPASSED,1,0.10,1
CGW_0001382,CORPORATE,SIGNATURE,3132.11,7995_BETTING,MacOS_Safari,AE,MATCH,FAILED,11,0.56,1
CGW_0001383,PREPAID,GOLD,43.14,4722_TRAVEL,Windows_Chrome,CA,MATCH,FAILED,8,0.49,0
CGW_0001384,CORPORATE,SIGNATURE,2311.91,5812_RESTAURANT,Linux_Firefox,AU,MISMATCH,SUCCESS_OTP,2,0.79,1
CGW_0001385,PREPAID,SIGNATURE,3108.16,5732_ELECTRONICS,MacOS_Safari,US,MATCH,SUCCESS_OTP,9,0.69,0
CGW_0001386,CORPORATE,GOLD,2634.60,7995_BETTING,Windows_Chrome,AE,MATCH,SUCCESS_BIOMETRIC,4,0.44,1
CGW_0001387,CORPORATE,CLASSIC,2260.93,5732_ELECTRONICS,Linux_Firefox,IN,MISMATCH,BYPASSED,6,0.51,1
CGW_0001388,CORPORATE,PLATINUM,3307.17,7995_BETTING,Linux_Firefox,SG,MATCH,BYPASSED,7,0.27,1
CGW_0001389,CORPORATE,CLASSIC,3559.34,5812_RESTAURANT,Linux_Firefox,DE,MATCH,SUCCESS_OTP,8,0.53,1
CGW_0001390,PREPAID,INFINITE,487.12,4722_TRAVEL,Windows_Chrome,US,MISMATCH,SUCCESS_BIOMETRIC,10,0.59,1
CGW_0001391,PREPAID,GOLD,2045.71,5812_RESTAURANT,Linux_Firefox,SG,MISMATCH,FAILED,10,0.59,1
CGW_0001392,DEBIT,GOLD,3878.27,5732_ELECTRONICS,iOS,GB,MATCH,SUCCESS_BIOMETRIC,2,0.59,1
CGW_0001393,CORPORATE,GOLD,885.63,4722_TRAVEL,Android,US,MISMATCH,SUCCESS_BIOMETRIC,9,0.88,1
CGW_0001394,CREDIT,PLATINUM,480.70,7995_BETTING,Windows_Chrome,IN,MISMATCH,SUCCESS_OTP,6,0.36,1
CGW_0001395,CREDIT,SIGNATURE,3350.69,4722_TRAVEL,Android,AU,MATCH,SUCCESS_OTP,7,0.43,1
CGW_0001396,CORPORATE,SIGNATURE,2462.54,4722_TRAVEL,Windows_Chrome,GB,MISMATCH,FAILED,3,0.19,1
CGW_0001397,CORPORATE,PLATINUM,2605.47,5812_RESTAURANT,Linux_Firefox,US,MISMATCH,SUCCESS_BIOMETRIC,1,0.26,1
CGW_0001398,CORPORATE,GOLD,484.13,4722_TRAVEL,iOS,US,MATCH,FAILED,8,0.05,0
CGW_0001399,PREPAID,SIGNATURE,1739.28,5812_RESTAURANT,iOS,IN,MATCH,SUCCESS_BIOMETRIC,12,0.39,0
CGW_0001400,PREPAID,INFINITE,2736.28,4722_TRAVEL,iOS,AE,MATCH,SUCCESS_OTP,6,0.10,0
CGW_0001401,DEBIT,INFINITE,1419.95,5812_RESTAURANT,Windows_Chrome,SG,MATCH,SUCCESS_OTP,2,0.37,0
CGW_0001402,CREDIT,SIGNATURE,2337.38,5732_ELECTRONICS,Linux_Firefox,GB,MATCH,SUCCESS_BIOMETRIC,3,0.47,0
CGW_0001403,CREDIT,INFINITE,889.29,4829_MONEY_TRANSFER,Android,US,MATCH,SUCCESS_BIOMETRIC,8,0.95,1
CGW_0001404,CORPORATE,INFINITE,2167.18,5732_ELECTRONICS,Android,US,MATCH,BYPASSED,2,0.28,0
CGW_0001405,CREDIT,CLASSIC,3431.09,4829_MONEY_TRANSFER,Android,IN,MATCH,FAILED,1,0.03,0
CGW_0001406,DEBIT,INFINITE,439.41,5411_GROCERY,Windows_Chrome,GB,MATCH,BYPASSED,6,0.37,0
CGW_0001407,DEBIT,SIGNATURE,1633.95,5732_ELECTRONICS,iOS,AU,MATCH,SUCCESS_BIOMETRIC,7,0.64,0
CGW_0001408,CORPORATE,CLASSIC,94.45,4722_TRAVEL,Linux_Firefox,AE,MATCH,SUCCESS_BIOMETRIC,2,0.98,1
CGW_0001409,CORPORATE,CLASSIC,3962.77,5411_GROCERY,MacOS_Safari,AU,MATCH,BYPASSED,1,0.99,1
CGW_0001410,PREPAID,INFINITE,4425.90,5732_ELECTRONICS,iOS,GB,MATCH,BYPASSED,11,0.38,0
CGW_0001411,CREDIT,SIGNATURE,2089.10,4829_MONEY_TRANSFER,MacOS_Safari,CA,MATCH,SUCCESS_BIOMETRIC,1,0.60,0
CGW_0001412,DEBIT,GOLD,2324.49,5812_RESTAURANT,Linux_Firefox,AE,MISMATCH,FAILED,2,0.10,1
CGW_0001413,CREDIT,INFINITE,2664.17,5411_GROCERY,Android,CA,MATCH,SUCCESS_BIOMETRIC,10,0.23,0
CGW_0001414,PREPAID,PLATINUM,724.87,4722_TRAVEL,Windows_Chrome,AE,MATCH,FAILED,1,0.29,0
CGW_0001415,CREDIT,INFINITE,1329.79,4722_TRAVEL,iOS,IN,MATCH,BYPASSED,8,0.61,0
CGW_0001416,DEBIT,SIGNATURE,2185.60,4722_TRAVEL,iOS,IN,MATCH,SUCCESS_BIOMETRIC,11,0.71,0
CGW_0001417,CORPORATE,PLATINUM,1650.33,5732_ELECTRONICS,Linux_Firefox,GB,MISMATCH,FAILED,4,0.71,1
CGW_0001418,CREDIT,GOLD,126.64,4829_MONEY_TRANSFER,Windows_Chrome,AE,MATCH,BYPASSED,11,0.34,0
CGW_0001419,CORPORATE,GOLD,1313.62,4722_TRAVEL,Linux_Firefox,DE,MATCH,SUCCESS_OTP,1,0.52,0
CGW_0001420,DEBIT,CLASSIC,327.52,4722_TRAVEL,Android,AU,MATCH,SUCCESS_OTP,7,0.80,0
CGW_0001421,CREDIT,SIGNATURE,1077.36,5812_RESTAURANT,MacOS_Safari,AE,MATCH,BYPASSED,5,0.63,0
CGW_0001422,CREDIT,CLASSIC,3770.75,4829_MONEY_TRANSFER,Linux_Firefox,US,MATCH,SUCCESS_OTP,10,0.26,1
CGW_0001423,CORPORATE,SIGNATURE,3139.34,5411_GROCERY,iOS,AE,MATCH,BYPASSED,12,0.81,1
CGW_0001424,PREPAID,INFINITE,3044.72,5812_RESTAURANT,Android,AU,MATCH,FAILED,6,0.74,1
CGW_0001425,CREDIT,SIGNATURE,2281.68,5411_GROCERY,Windows_Chrome,US,MATCH,SUCCESS_BIOMETRIC,9,0.06,0
CGW_0001426,PREPAID,INFINITE,1865.37,5411_GROCERY,Android,GB,MATCH,SUCCESS_OTP,8,0.50,0
CGW_0001427,DEBIT,INFINITE,3880.56,5411_GROCERY,Android,SG,MATCH,SUCCESS_BIOMETRIC,12,0.32,0
CGW_0001428,CORPORATE,INFINITE,2050.18,4829_MONEY_TRANSFER,Windows_Chrome,IN,MATCH,SUCCESS_OTP,10,0.76,0
CGW_0001429,DEBIT,GOLD,3051.04,4722_TRAVEL,Android,US,MATCH,SUCCESS_OTP,9,0.45,1
CGW_0001430,PREPAID,INFINITE,3613.02,4829_MONEY_TRANSFER,MacOS_Safari,AU,MATCH,SUCCESS_OTP,11,0.71,0
CGW_0001431,DEBIT,PLATINUM,5.68,5812_RESTAURANT,Android,AE,MATCH,SUCCESS_BIOMETRIC,8,0.29,0
CGW_0001432,CORPORATE,INFINITE,540.05,5411_GROCERY,MacOS_Safari,DE,MISMATCH,BYPASSED,6,0.71,1
CGW_0001433,DEBIT,PLATINUM,2307.99,5732_ELECTRONICS,Android,SG,MISMATCH,SUCCESS_OTP,10,0.96,1
CGW_0001434,PREPAID,GOLD,3525.09,5732_ELECTRONICS,Linux_Firefox,SG,MATCH,SUCCESS_BIOMETRIC,10,0.90,1
CGW_0001435,DEBIT,INFINITE,3091.93,7995_BETTING,MacOS_Safari,SG,MATCH,SUCCESS_BIOMETRIC,9,0.84,1
CGW_0001436,PREPAID,CLASSIC,2844.04,5411_GROCERY,Linux_Firefox,US,MATCH,SUCCESS_BIOMETRIC,6,0.77,0
CGW_0001437,DEBIT,SIGNATURE,1141.97,4722_TRAVEL,Android,AU,MATCH,SUCCESS_BIOMETRIC,3,0.27,0
CGW_0001438,CORPORATE,SIGNATURE,1029.47,4722_TRAVEL,Android,AU,MISMATCH,SUCCESS_OTP,11,0.18,1
CGW_0001439,DEBIT,PLATINUM,2521.50,7995_BETTING,MacOS_Safari,GB,MATCH,SUCCESS_BIOMETRIC,4,0.60,1
CGW_0001440,CREDIT,INFINITE,4449.51,4829_MONEY_TRANSFER,iOS,IN,MATCH,BYPASSED,9,0.28,0
CGW_0001441,DEBIT,CLASSIC,4396.53,5812_RESTAURANT,Windows_Chrome,IN,MATCH,BYPASSED,1,0.92,1
CGW_0001442,CREDIT,INFINITE,402.03,5732_ELECTRONICS,Android,GB,MATCH,SUCCESS_OTP,10,0.39,0
CGW_0001443,PREPAID,CLASSIC,397.95,4829_MONEY_TRANSFER,MacOS_Safari,GB,MATCH,FAILED,7,0.17,0
CGW_0001444,PREPAID,GOLD,996.63,5411_GROCERY,Android,AU,MATCH,BYPASSED,9,0.61,0
CGW_0001445,CREDIT,INFINITE,3350.58,4829_MONEY_TRANSFER,MacOS_Safari,IN,MISMATCH,BYPASSED,3,0.60,1
CGW_0001446,CORPORATE,INFINITE,4051.91,5732_ELECTRONICS,MacOS_Safari,SG,MISMATCH,FAILED,6,0.01,1
CGW_0001447,PREPAID,PLATINUM,2798.33,7995_BETTING,iOS,IN,MISMATCH,FAILED,6,0.45,1
CGW_0001448,CREDIT,CLASSIC,1832.13,5812_RESTAURANT,Windows_Chrome,US,MATCH,SUCCESS_OTP,2,0.12,0
CGW_0001449,PREPAID,PLATINUM,1637.69,5732_ELECTRONICS,Windows_Chrome,IN,MATCH,SUCCESS_BIOMETRIC,1,0.34,0
CGW_0001450,PREPAID,INFINITE,3076.58,5812_RESTAURANT,Linux_Firefox,US,MATCH,BYPASSED,6,0.26,0
CGW_0001451,CREDIT,PLATINUM,2928.03,5732_ELECTRONICS,Windows_Chrome,IN,MATCH,FAILED,8,0.82,0
CGW_0001452,PREPAID,GOLD,3057.15,7995_BETTING,Windows_Chrome,US,MISMATCH,SUCCESS_BIOMETRIC,6,0.42,1
CGW_0001453,DEBIT,PLATINUM,2381.68,4829_MONEY_TRANSFER,Windows_Chrome,CA,MISMATCH,BYPASSED,8,0.71,1
CGW_0001454,CREDIT,CLASSIC,426.80,5812_RESTAURANT,Linux_Firefox,GB,MISMATCH,BYPASSED,2,0.41,1
CGW_0001455,PREPAID,INFINITE,1340.41,5411_GROCERY,Windows_Chrome,CA,MATCH,FAILED,2,0.09,0
CGW_0001456,CORPORATE,INFINITE,1190.35,5732_ELECTRONICS,Android,AE,MATCH,BYPASSED,7,0.20,0
CGW_0001457,CORPORATE,GOLD,3577.44,4722_TRAVEL,MacOS_Safari,CA,MISMATCH,SUCCESS_BIOMETRIC,5,0.95,1
CGW_0001458,DEBIT,PLATINUM,1057.00,7995_BETTING,iOS,AU,MATCH,SUCCESS_OTP,1,0.52,1
CGW_0001459,CORPORATE,GOLD,1530.28,5411_GROCERY,Linux_Firefox,US,MATCH,SUCCESS_BIOMETRIC,12,0.28,0
CGW_0001460,CORPORATE,GOLD,2719.61,5812_RESTAURANT,iOS,SG,MATCH,BYPASSED,6,0.55,0
CGW_0001461,CORPORATE,INFINITE,654.03,4722_TRAVEL,iOS,US,MATCH,BYPASSED,7,0.11,0
CGW_0001462,CREDIT,INFINITE,1301.91,5411_GROCERY,Windows_Chrome,US,MISMATCH,FAILED,4,0.73,1
CGW_0001463,CREDIT,SIGNATURE,2685.60,5411_GROCERY,Windows_Chrome,IN,MATCH,SUCCESS_BIOMETRIC,4,0.10,0
CGW_0001464,CREDIT,CLASSIC,3941.19,7995_BETTING,Linux_Firefox,AE,MATCH,SUCCESS_OTP,2,0.35,1
CGW_0001465,DEBIT,CLASSIC,295.86,5812_RESTAURANT,Linux_Firefox,GB,MISMATCH,FAILED,1,0.41,1
CGW_0001466,PREPAID,PLATINUM,295.76,5411_GROCERY,Windows_Chrome,IN,MATCH,SUCCESS_OTP,6,0.51,0
CGW_0001467,DEBIT,PLATINUM,3914.07,4722_TRAVEL,Android,US,MATCH,BYPASSED,9,0.91,1
CGW_0001468,CORPORATE,CLASSIC,3971.76,4829_MONEY_TRANSFER,Windows_Chrome,AE,MATCH,BYPASSED,3,0.71,1
CGW_0001469,PREPAID,GOLD,2737.48,7995_BETTING,Linux_Firefox,IN,MATCH,SUCCESS_OTP,12,0.51,1
CGW_0001470,DEBIT,INFINITE,117.41,4722_TRAVEL,iOS,SG,MISMATCH,BYPASSED,4,0.97,1
CGW_0001471,CREDIT,GOLD,4410.47,7995_BETTING,MacOS_Safari,IN,MATCH,BYPASSED,4,0.27,1
CGW_0001472,CREDIT,PLATINUM,4043.54,5411_GROCERY,iOS,IN,MISMATCH,SUCCESS_BIOMETRIC,5,0.27,1
CGW_0001473,CORPORATE,GOLD,1127.22,4722_TRAVEL,Android,AU,MATCH,FAILED,8,0.70,0
CGW_0001474,CREDIT,CLASSIC,1859.24,5732_ELECTRONICS,Android,DE,MISMATCH,BYPASSED,10,0.04,1
CGW_0001475,CORPORATE,CLASSIC,930.81,4722_TRAVEL,iOS,IN,MATCH,FAILED,2,0.40,0
CGW_0001476,CREDIT,INFINITE,1431.05,7995_BETTING,Linux_Firefox,IN,MATCH,SUCCESS_OTP,5,0.18,1
CGW_0001477,CORPORATE,PLATINUM,482.52,4722_TRAVEL,Android,AE,MATCH,FAILED,10,0.27,0
CGW_0001478,PREPAID,SIGNATURE,3712.01,4829_MONEY_TRANSFER,Android,GB,MATCH,SUCCESS_OTP,9,0.37,1
CGW_0001479,CORPORATE,CLASSIC,539.14,7995_BETTING,MacOS_Safari,AE,MISMATCH,SUCCESS_OTP,5,0.06,1
CGW_0001480,CORPORATE,INFINITE,132.51,5411_GROCERY,Android,DE,MATCH,BYPASSED,10,0.98,1
CGW_0001481,DEBIT,GOLD,1369.89,5411_GROCERY,iOS,SG,MATCH,SUCCESS_OTP,3,0.43,0
CGW_0001482,CREDIT,CLASSIC,2901.85,5411_GROCERY,Windows_Chrome,AE,MATCH,FAILED,6,0.66,0
CGW_0001483,CORPORATE,SIGNATURE,997.22,5411_GROCERY,iOS,CA,MATCH,SUCCESS_OTP,2,0.04,0
CGW_0001484,CORPORATE,GOLD,3184.55,4829_MONEY_TRANSFER,Windows_Chrome,US,MISMATCH,SUCCESS_OTP,2,0.53,1
CGW_0001485,DEBIT,INFINITE,1705.10,5411_GROCERY,Android,SG,MATCH,SUCCESS_OTP,1,0.57,0
CGW_0001486,CORPORATE,INFINITE,461.69,5732_ELECTRONICS,iOS,US,MATCH,SUCCESS_OTP,2,0.46,0
CGW_0001487,DEBIT,CLASSIC,2974.71,5411_GROCERY,iOS,DE,MATCH,SUCCESS_OTP,2,0.42,0
CGW_0001488,CORPORATE,SIGNATURE,3476.39,5732_ELECTRONICS,MacOS_Safari,AU,MISMATCH,SUCCESS_OTP,12,0.20,1
CGW_0001489,CREDIT,PLATINUM,4244.33,7995_BETTING,Android,AE,MATCH,SUCCESS_BIOMETRIC,1,0.10,1
CGW_0001490,DEBIT,PLATINUM,68.63,4722_TRAVEL,MacOS_Safari,AE,MATCH,FAILED,2,0.86,1
CGW_0001491,CORPORATE,SIGNATURE,2308.69,4829_MONEY_TRANSFER,Linux_Firefox,US,MATCH,SUCCESS_OTP,10,0.77,0
CGW_0001492,CREDIT,GOLD,2543.47,5732_ELECTRONICS,Linux_Firefox,US,MISMATCH,SUCCESS_BIOMETRIC,6,0.45,1
CGW_0001493,CREDIT,GOLD,4186.03,4829_MONEY_TRANSFER,Windows_Chrome,CA,MATCH,SUCCESS_OTP,11,0.22,1
CGW_0001494,CORPORATE,CLASSIC,2057.03,7995_BETTING,iOS,US,MATCH,BYPASSED,4,0.88,1
CGW_0001495,DEBIT,INFINITE,4258.31,5812_RESTAURANT,Windows_Chrome,IN,MATCH,SUCCESS_BIOMETRIC,5,0.16,0
CGW_0001496,PREPAID,GOLD,72.16,5732_ELECTRONICS,Windows_Chrome,SG,MATCH,BYPASSED,10,0.64,0
CGW_0001497,DEBIT,INFINITE,727.38,5411_GROCERY,MacOS_Safari,GB,MATCH,SUCCESS_OTP,11,0.23,0
CGW_0001498,PREPAID,GOLD,3489.65,4829_MONEY_TRANSFER,Windows_Chrome,IN,MATCH,FAILED,6,0.38,0
CGW_0001499,CORPORATE,CLASSIC,363.94,5812_RESTAURANT,Android,SG,MATCH,FAILED,7,0.98,1
CGW_0001500,CORPORATE,SIGNATURE,657.64,5812_RESTAURANT,Windows_Chrome,DE,MATCH,SUCCESS_OTP,9,0.44,0
CGW_0001501,CORPORATE,INFINITE,1688.72,5411_GROCERY,Windows_Chrome,US,MATCH,BYPASSED,5,0.94,1
CGW_0001502,CORPORATE,CLASSIC,3644.70,5411_GROCERY,Windows_Chrome,IN,MATCH,SUCCESS_BIOMETRIC,9,0.81,1
CGW_0001503,PREPAID,SIGNATURE,2834.78,5411_GROCERY,iOS,GB,MATCH,SUCCESS_OTP,1,0.35,0
CGW_0001504,CORPORATE,GOLD,722.18,5411_GROCERY,MacOS_Safari,SG,MISMATCH,SUCCESS_OTP,5,0.92,1
CGW_0001505,CREDIT,INFINITE,694.38,5812_RESTAURANT,Android,US,MATCH,SUCCESS_OTP,6,0.29,0
CGW_0001506,DEBIT,CLASSIC,2547.68,4722_TRAVEL,Windows_Chrome,GB,MATCH,SUCCESS_BIOMETRIC,9,0.24,0
CGW_0001507,CORPORATE,INFINITE,1925.64,4722_TRAVEL,MacOS_Safari,CA,MATCH,FAILED,6,0.18,0
CGW_0001508,PREPAID,GOLD,1193.30,5812_RESTAURANT,Windows_Chrome,AU,MISMATCH,SUCCESS_BIOMETRIC,12,0.64,1
CGW_0001509,DEBIT,INFINITE,1377.36,5411_GROCERY,iOS,SG,MISMATCH,FAILED,2,0.70,1
CGW_0001510,CREDIT,GOLD,1996.45,5732_ELECTRONICS,Android,US,MISMATCH,FAILED,12,0.57,1
CGW_0001511,PREPAID,SIGNATURE,1515.97,7995_BETTING,Android,GB,MISMATCH,SUCCESS_OTP,1,0.81,1
CGW_0001512,DEBIT,PLATINUM,3379.41,7995_BETTING,Windows_Chrome,AU,MATCH,SUCCESS_OTP,3,0.82,1
CGW_0001513,CORPORATE,PLATINUM,1455.01,5411_GROCERY,Linux_Firefox,IN,MATCH,SUCCESS_BIOMETRIC,3,0.31,0
CGW_0001514,CORPORATE,CLASSIC,4273.66,5732_ELECTRONICS,Windows_Chrome,SG,MATCH,SUCCESS_BIOMETRIC,7,0.52,0
CGW_0001515,CREDIT,CLASSIC,1328.19,5732_ELECTRONICS,Android,GB,MATCH,FAILED,12,0.83,0
CGW_0001516,PREPAID,INFINITE,620.83,5411_GROCERY,MacOS_Safari,AU,MATCH,SUCCESS_OTP,11,0.63,0
CGW_0001517,DEBIT,INFINITE,1856.76,5411_GROCERY,iOS,AU,MATCH,BYPASSED,9,0.96,1
CGW_0001518,PREPAID,GOLD,1844.67,5812_RESTAURANT,MacOS_Safari,AU,MISMATCH,SUCCESS_OTP,12,0.37,1
CGW_0001519,CREDIT,SIGNATURE,3494.57,5411_GROCERY,iOS,US,MATCH,FAILED,7,0.62,0
CGW_0001520,CORPORATE,PLATINUM,1203.28,4722_TRAVEL,Android,GB,MATCH,SUCCESS_OTP,12,0.47,0
CGW_0001521,CORPORATE,GOLD,3842.11,4829_MONEY_TRANSFER,Windows_Chrome,AE,MATCH,SUCCESS_OTP,5,0.59,0
CGW_0001522,DEBIT,GOLD,3746.50,4722_TRAVEL,MacOS_Safari,CA,MATCH,BYPASSED,8,0.54,0
CGW_0001523,CREDIT,SIGNATURE,1419.53,5732_ELECTRONICS,Linux_Firefox,CA,MATCH,BYPASSED,2,0.30,0
CGW_0001524,PREPAID,SIGNATURE,1589.08,5812_RESTAURANT,iOS,DE,MATCH,SUCCESS_BIOMETRIC,5,0.34,0
CGW_0001525,CREDIT,INFINITE,996.49,5411_GROCERY,Windows_Chrome,DE,MISMATCH,SUCCESS_OTP,3,0.32,1
CGW_0001526,CREDIT,GOLD,1784.78,5411_GROCERY,Windows_Chrome,GB,MISMATCH,SUCCESS_BIOMETRIC,1,0.42,1
CGW_0001527,DEBIT,PLATINUM,1021.00,4722_TRAVEL,Linux_Firefox,AU,MATCH,BYPASSED,4,0.95,1
CGW_0001528,CREDIT,SIGNATURE,2919.94,5411_GROCERY,iOS,DE,MATCH,BYPASSED,12,0.24,0
CGW_0001529,PREPAID,GOLD,867.13,4722_TRAVEL,iOS,IN,MATCH,SUCCESS_BIOMETRIC,8,0.42,0
CGW_0001530,DEBIT,GOLD,451.85,5411_GROCERY,iOS,US,MATCH,SUCCESS_OTP,12,0.82,0
CGW_0001531,CREDIT,SIGNATURE,3658.58,4829_MONEY_TRANSFER,MacOS_Safari,AU,MATCH,SUCCESS_BIOMETRIC,6,0.18,1
CGW_0001532,DEBIT,GOLD,2995.39,5812_RESTAURANT,MacOS_Safari,CA,MATCH,SUCCESS_OTP,3,0.71,0
CGW_0001533,PREPAID,PLATINUM,33.14,7995_BETTING,Android,SG,MATCH,FAILED,9,0.70,1
CGW_0001534,DEBIT,PLATINUM,1540.54,5812_RESTAURANT,Linux_Firefox,AU,MATCH,SUCCESS_BIOMETRIC,6,0.69,0
CGW_0001535,DEBIT,PLATINUM,2020.95,4722_TRAVEL,Windows_Chrome,AU,MISMATCH,BYPASSED,11,0.54,1
CGW_0001536,CREDIT,INFINITE,654.20,4829_MONEY_TRANSFER,Android,SG,MATCH,FAILED,3,0.99,1
CGW_0001537,CREDIT,GOLD,350.60,7995_BETTING,iOS,DE,MATCH,SUCCESS_OTP,8,0.38,1
CGW_0001538,PREPAID,GOLD,3898.45,5732_ELECTRONICS,Linux_Firefox,AE,MATCH,BYPASSED,1,0.12,1
CGW_0001539,CORPORATE,SIGNATURE,749.38,7995_BETTING,Linux_Firefox,CA,MISMATCH,FAILED,10,0.31,1
CGW_0001540,DEBIT,SIGNATURE,2423.21,5411_GROCERY,MacOS_Safari,CA,MATCH,FAILED,5,0.43,0
CGW_0001541,CORPORATE,SIGNATURE,2063.50,4722_TRAVEL,Windows_Chrome,IN,MATCH,BYPASSED,1,0.98,1
CGW_0001542,PREPAID,PLATINUM,3498.02,5812_RESTAURANT,Android,AE,MATCH,SUCCESS_OTP,4,0.84,0
CGW_0001543,DEBIT,SIGNATURE,883.92,4829_MONEY_TRANSFER,Linux_Firefox,US,MATCH,FAILED,3,0.37,0
CGW_0001544,CORPORATE,GOLD,820.59,4722_TRAVEL,Linux_Firefox,DE,MATCH,SUCCESS_BIOMETRIC,8,0.27,0
CGW_0001545,DEBIT,CLASSIC,1848.63,5732_ELECTRONICS,Windows_Chrome,CA,MATCH,SUCCESS_BIOMETRIC,8,0.48,0
CGW_0001546,PREPAID,CLASSIC,3615.72,5812_RESTAURANT,Windows_Chrome,CA,MATCH,SUCCESS_BIOMETRIC,4,0.31,1
CGW_0001547,CORPORATE,SIGNATURE,435.60,4829_MONEY_TRANSFER,MacOS_Safari,AE,MATCH,SUCCESS_BIOMETRIC,7,0.70,0
CGW_0001548,CORPORATE,CLASSIC,2812.92,4829_MONEY_TRANSFER,iOS,US,MISMATCH,BYPASSED,11,0.85,1
CGW_0001549,CORPORATE,CLASSIC,3774.25,5732_ELECTRONICS,MacOS_Safari,US,MISMATCH,BYPASSED,2,0.30,1
CGW_0001550,CORPORATE,PLATINUM,3917.19,4829_MONEY_TRANSFER,Android,SG,MATCH,SUCCESS_BIOMETRIC,2,0.23,0
CGW_0001551,DEBIT,CLASSIC,2781.81,5732_ELECTRONICS,iOS,IN,MISMATCH,FAILED,5,0.22,1
CGW_0001552,DEBIT,PLATINUM,2791.06,4722_TRAVEL,Android,IN,MATCH,FAILED,6,0.52,0
CGW_0001553,PREPAID,PLATINUM,693.17,4829_MONEY_TRANSFER,Linux_Firefox,GB,MISMATCH,SUCCESS_OTP,8,0.92,1
CGW_0001554,CORPORATE,GOLD,4439.91,4722_TRAVEL,iOS,US,MISMATCH,SUCCESS_BIOMETRIC,5,0.75,1
CGW_0001555,PREPAID,SIGNATURE,346.70,7995_BETTING,Android,AU,MISMATCH,SUCCESS_OTP,10,0.42,1
CGW_0001556,PREPAID,GOLD,3841.44,5732_ELECTRONICS,Windows_Chrome,CA,MATCH,FAILED,8,0.90,1
CGW_0001557,CORPORATE,INFINITE,3654.50,5732_ELECTRONICS,Android,AE,MATCH,SUCCESS_OTP,4,0.33,1
CGW_0001558,CORPORATE,SIGNATURE,4141.68,4722_TRAVEL,MacOS_Safari,AE,MISMATCH,BYPASSED,1,0.90,1
CGW_0001559,DEBIT,CLASSIC,4003.44,7995_BETTING,Windows_Chrome,SG,MATCH,SUCCESS_OTP,6,0.17,1
CGW_0001560,PREPAID,PLATINUM,3904.35,5812_RESTAURANT,Windows_Chrome,DE,MATCH,FAILED,1,0.91,1
CGW_0001561,CREDIT,CLASSIC,2903.17,7995_BETTING,Linux_Firefox,DE,MATCH,FAILED,7,0.43,1
CGW_0001562,PREPAID,INFINITE,2739.61,5732_ELECTRONICS,Windows_Chrome,AE,MATCH,SUCCESS_BIOMETRIC,2,0.02,0
CGW_0001563,DEBIT,GOLD,3534.90,5732_ELECTRONICS,Windows_Chrome,US,MATCH,SUCCESS_BIOMETRIC,3,0.38,1
CGW_0001564,PREPAID,SIGNATURE,3773.09,5411_GROCERY,MacOS_Safari,AU,MATCH,FAILED,11,0.88,1
CGW_0001565,CREDIT,PLATINUM,3928.97,4722_TRAVEL,Windows_Chrome,US,MATCH,BYPASSED,1,0.39,1
CGW_0001566,DEBIT,CLASSIC,800.20,4722_TRAVEL,MacOS_Safari,SG,MATCH,SUCCESS_OTP,11,0.67,0
CGW_0001567,PREPAID,INFINITE,3191.98,4722_TRAVEL,iOS,AU,MISMATCH,FAILED,11,0.49,1
CGW_0001568,PREPAID,SIGNATURE,4495.39,4829_MONEY_TRANSFER,MacOS_Safari,GB,MATCH,BYPASSED,11,0.18,0
CGW_0001569,PREPAID,GOLD,1650.90,4722_TRAVEL,Windows_Chrome,US,MATCH,BYPASSED,5,0.69,0
CGW_0001570,DEBIT,SIGNATURE,62.42,4829_MONEY_TRANSFER,iOS,IN,MISMATCH,FAILED,6,0.76,1
CGW_0001571,CORPORATE,CLASSIC,925.47,4722_TRAVEL,Linux_Firefox,IN,MATCH,FAILED,5,0.62,0
CGW_0001572,PREPAID,CLASSIC,2070.93,5732_ELECTRONICS,Android,SG,MATCH,SUCCESS_OTP,3,0.56,0
CGW_0001573,DEBIT,GOLD,2178.13,7995_BETTING,MacOS_Safari,AE,MATCH,BYPASSED,11,0.94,1
CGW_0001574,CREDIT,INFINITE,1202.39,4829_MONEY_TRANSFER,Android,DE,MATCH,SUCCESS_OTP,8,0.43,0
CGW_0001575,CREDIT,INFINITE,1965.52,7995_BETTING,Android,AU,MISMATCH,FAILED,3,0.89,1
CGW_0001576,DEBIT,GOLD,1602.89,4722_TRAVEL,Linux_Firefox,AU,MATCH,SUCCESS_OTP,2,0.93,1
CGW_0001577,PREPAID,PLATINUM,3833.04,5411_GROCERY,Linux_Firefox,CA,MISMATCH,SUCCESS_OTP,5,0.78,1
CGW_0001578,CORPORATE,CLASSIC,3409.48,5411_GROCERY,iOS,AU,MISMATCH,SUCCESS_OTP,9,0.41,1
CGW_0001579,CREDIT,INFINITE,778.38,4829_MONEY_TRANSFER,Linux_Firefox,AE,MATCH,BYPASSED,6,0.88,1
CGW_0001580,PREPAID,CLASSIC,1672.63,4829_MONEY_TRANSFER,Linux_Firefox,CA,MATCH,FAILED,7,0.90,1
CGW_0001581,PREPAID,PLATINUM,1977.81,5411_GROCERY,Android,SG,MATCH,BYPASSED,10,0.97,1
CGW_0001582,PREPAID,CLASSIC,452.35,4722_TRAVEL,Linux_Firefox,AE,MATCH,BYPASSED,8,0.16,0
CGW_0001583,DEBIT,CLASSIC,2488.57,4722_TRAVEL,Windows_Chrome,AU,MATCH,BYPASSED,1,0.90,1
CGW_0001584,CORPORATE,INFINITE,4104.55,5411_GROCERY,iOS,IN,MATCH,SUCCESS_BIOMETRIC,6,0.56,1
CGW_0001585,PREPAID,CLASSIC,1151.19,7995_BETTING,MacOS_Safari,AE,MISMATCH,FAILED,1,0.28,1
CGW_0001586,DEBIT,CLASSIC,3645.18,7995_BETTING,iOS,GB,MATCH,SUCCESS_BIOMETRIC,6,0.98,1
CGW_0001587,PREPAID,PLATINUM,422.40,4829_MONEY_TRANSFER,Windows_Chrome,DE,MATCH,SUCCESS_BIOMETRIC,4,0.22,0
CGW_0001588,PREPAID,SIGNATURE,729.11,5411_GROCERY,Windows_Chrome,SG,MISMATCH,SUCCESS_OTP,12,0.95,1
CGW_0001589,CREDIT,CLASSIC,2723.66,5812_RESTAURANT,Linux_Firefox,AU,MISMATCH,BYPASSED,4,0.42,1
CGW_0001590,CORPORATE,GOLD,1133.53,5411_GROCERY,Android,AE,MATCH,SUCCESS_BIOMETRIC,2,0.32,0
CGW_0001591,CREDIT,CLASSIC,4409.43,5411_GROCERY,Android,DE,MATCH,SUCCESS_BIOMETRIC,6,0.97,1
CGW_0001592,CREDIT,GOLD,3059.73,5411_GROCERY,Linux_Firefox,AE,MATCH,SUCCESS_OTP,12,0.06,1
CGW_0001593,CREDIT,INFINITE,2081.19,5812_RESTAURANT,Android,CA,MATCH,SUCCESS_BIOMETRIC,4,0.23,0
CGW_0001594,CREDIT,PLATINUM,3297.27,5732_ELECTRONICS,Android,GB,MISMATCH,SUCCESS_BIOMETRIC,4,0.22,1
CGW_0001595,CREDIT,PLATINUM,109.53,4722_TRAVEL,iOS,DE,MATCH,SUCCESS_OTP,10,0.55,0
CGW_0001596,CREDIT,SIGNATURE,1312.72,5812_RESTAURANT,Windows_Chrome,AU,MATCH,BYPASSED,11,0.22,0
CGW_0001597,PREPAID,GOLD,4392.43,7995_BETTING,Windows_Chrome,CA,MISMATCH,SUCCESS_BIOMETRIC,4,0.68,1
CGW_0001598,DEBIT,CLASSIC,843.96,7995_BETTING,MacOS_Safari,AE,MATCH,BYPASSED,6,0.08,1
CGW_0001599,DEBIT,CLASSIC,2897.94,4722_TRAVEL,iOS,SG,MATCH,BYPASSED,5,0.25,0
CGW_0001600,CREDIT,SIGNATURE,2313.88,7995_BETTING,Linux_Firefox,AU,MISMATCH,FAILED,1,0.51,1
CGW_0001601,CORPORATE,PLATINUM,2530.18,4829_MONEY_TRANSFER,iOS,AU,MISMATCH,BYPASSED,2,0.23,1
CGW_0001602,CREDIT,SIGNATURE,2859.45,7995_BETTING,Android,DE,MATCH,SUCCESS_OTP,7,0.44,1
CGW_0001603,PREPAID,GOLD,462.51,4722_TRAVEL,Windows_Chrome,SG,MISMATCH,FAILED,12,0.22,1
CGW_0001604,CORPORATE,SIGNATURE,3767.83,5812_RESTAURANT,Android,US,MATCH,SUCCESS_BIOMETRIC,6,0.14,1
CGW_0001605,PREPAID,SIGNATURE,4144.54,4722_TRAVEL,MacOS_Safari,US,MATCH,FAILED,11,0.14,0
CGW_0001606,PREPAID,GOLD,2263.31,5411_GROCERY,Windows_Chrome,AU,MATCH,SUCCESS_OTP,6,0.20,0
CGW_0001607,PREPAID,CLASSIC,3218.58,7995_BETTING,MacOS_Safari,DE,MISMATCH,BYPASSED,1,0.03,1
CGW_0001608,PREPAID,SIGNATURE,345.96,5732_ELECTRONICS,Linux_Firefox,DE,MISMATCH,SUCCESS_OTP,10,0.81,1
CGW_0001609,CORPORATE,PLATINUM,3293.66,5411_GROCERY,Windows_Chrome,CA,MISMATCH,SUCCESS_OTP,1,0.96,1
CGW_0001610,CREDIT,PLATINUM,2111.48,5411_GROCERY,Linux_Firefox,CA,MATCH,FAILED,6,0.56,0
CGW_0001611,CREDIT,INFINITE,845.85,5732_ELECTRONICS,iOS,CA,MISMATCH,SUCCESS_OTP,12,0.41,1
CGW_0001612,CORPORATE,SIGNATURE,2675.70,7995_BETTING,iOS,IN,MATCH,BYPASSED,1,0.36,1
CGW_0001613,CORPORATE,CLASSIC,3528.44,4722_TRAVEL,Linux_Firefox,AU,MATCH,BYPASSED,6,0.91,1
CGW_0001614,CORPORATE,SIGNATURE,2865.64,5732_ELECTRONICS,Linux_Firefox,CA,MISMATCH,FAILED,7,0.42,1
CGW_0001615,DEBIT,CLASSIC,661.76,7995_BETTING,Linux_Firefox,DE,MATCH,SUCCESS_OTP,7,0.10,1
CGW_0001616,PREPAID,CLASSIC,2119.45,7995_BETTING,Android,DE,MATCH,BYPASSED,7,0.17,1
CGW_0001617,CORPORATE,SIGNATURE,66.41,7995_BETTING,Android,DE,MATCH,FAILED,12,0.32,1
CGW_0001618,CORPORATE,GOLD,2819.14,4829_MONEY_TRANSFER,MacOS_Safari,DE,MISMATCH,SUCCESS_OTP,5,0.18,1
CGW_0001619,PREPAID,INFINITE,3087.28,4722_TRAVEL,iOS,GB,MATCH,FAILED,5,0.11,1
CGW_0001620,DEBIT,PLATINUM,4417.44,4829_MONEY_TRANSFER,Windows_Chrome,CA,MATCH,SUCCESS_OTP,6,0.95,1
CGW_0001621,DEBIT,PLATINUM,2259.43,7995_BETTING,MacOS_Safari,IN,MATCH,FAILED,5,0.80,1
CGW_0001622,PREPAID,GOLD,185.71,4722_TRAVEL,Android,US,MATCH,SUCCESS_BIOMETRIC,11,0.78,0
CGW_0001623,CREDIT,GOLD,2117.38,4722_TRAVEL,MacOS_Safari,AE,MATCH,FAILED,2,0.27,0
CGW_0001624,DEBIT,SIGNATURE,2670.01,7995_BETTING,iOS,AE,MATCH,SUCCESS_BIOMETRIC,7,0.88,1
CGW_0001625,CORPORATE,GOLD,2578.95,5732_ELECTRONICS,Windows_Chrome,IN,MATCH,SUCCESS_BIOMETRIC,6,0.60,0
CGW_0001626,DEBIT,SIGNATURE,801.98,5411_GROCERY,Linux_Firefox,DE,MATCH,SUCCESS_OTP,4,0.59,0
CGW_0001627,CREDIT,CLASSIC,1284.07,4722_TRAVEL,Linux_Firefox,CA,MATCH,SUCCESS_OTP,2,0.31,0
CGW_0001628,DEBIT,SIGNATURE,3231.93,4829_MONEY_TRANSFER,Windows_Chrome,AE,MISMATCH,SUCCESS_OTP,10,0.69,1
CGW_0001629,CREDIT,PLATINUM,3416.55,7995_BETTING,MacOS_Safari,CA,MATCH,SUCCESS_OTP,12,0.72,1
CGW_0001630,PREPAID,INFINITE,3876.41,4829_MONEY_TRANSFER,Windows_Chrome,AE,MATCH,FAILED,4,0.65,1
CGW_0001631,PREPAID,PLATINUM,1953.37,7995_BETTING,Android,AE,MISMATCH,BYPASSED,12,0.72,1
CGW_0001632,CREDIT,CLASSIC,2273.59,4829_MONEY_TRANSFER,MacOS_Safari,AE,MISMATCH,SUCCESS_BIOMETRIC,10,0.83,1
CGW_0001633,CORPORATE,GOLD,1348.58,4829_MONEY_TRANSFER,MacOS_Safari,SG,MISMATCH,SUCCESS_BIOMETRIC,4,0.37,1
CGW_0001634,CORPORATE,CLASSIC,3805.11,4829_MONEY_TRANSFER,Android,GB,MATCH,BYPASSED,12,0.68,0
CGW_0001635,DEBIT,CLASSIC,1703.84,7995_BETTING,Windows_Chrome,SG,MATCH,BYPASSED,10,0.58,1
CGW_0001636,CORPORATE,SIGNATURE,264.33,4722_TRAVEL,Linux_Firefox,CA,MATCH,BYPASSED,11,0.97,1
CGW_0001637,CORPORATE,SIGNATURE,2389.13,4722_TRAVEL,MacOS_Safari,US,MISMATCH,FAILED,6,0.84,1
CGW_0001638,PREPAID,INFINITE,1437.61,4722_TRAVEL,Windows_Chrome,US,MATCH,FAILED,8,0.55,0
CGW_0001639,PREPAID,PLATINUM,1280.77,7995_BETTING,Windows_Chrome,AU,MATCH,FAILED,4,0.69,1
CGW_0001640,CREDIT,PLATINUM,3525.19,5812_RESTAURANT,Android,AU,MATCH,SUCCESS_OTP,12,0.89,1
CGW_0001641,PREPAID,INFINITE,1929.54,4829_MONEY_TRANSFER,MacOS_Safari,AE,MATCH,FAILED,1,0.27,0
CGW_0001642,PREPAID,GOLD,226.07,7995_BETTING,Windows_Chrome,SG,MISMATCH,SUCCESS_BIOMETRIC,12,0.73,1
CGW_0001643,DEBIT,INFINITE,3979.82,5732_ELECTRONICS,iOS,GB,MATCH,SUCCESS_BIOMETRIC,7,0.48,1
CGW_0001644,CREDIT,SIGNATURE,793.52,4722_TRAVEL,Linux_Firefox,DE,MATCH,SUCCESS_OTP,9,0.73,0
CGW_0001645,CREDIT,GOLD,3488.76,5411_GROCERY,Windows_Chrome,SG,MATCH,SUCCESS_OTP,9,0.29,1
CGW_0001646,PREPAID,PLATINUM,2134.22,4722_TRAVEL,Linux_Firefox,SG,MATCH,SUCCESS_BIOMETRIC,10,0.95,1
CGW_0001647,DEBIT,GOLD,812.64,7995_BETTING,MacOS_Safari,SG,MATCH,SUCCESS_OTP,6,0.16,1
CGW_0001648,PREPAID,PLATINUM,153.12,5732_ELECTRONICS,iOS,AU,MATCH,BYPASSED,1,0.79,0
CGW_0001649,PREPAID,GOLD,3831.77,4829_MONEY_TRANSFER,Android,AE,MATCH,BYPASSED,11,0.37,0
CGW_0001650,CREDIT,GOLD,3249.44,5411_GROCERY,Android,CA,MISMATCH,SUCCESS_BIOMETRIC,6,0.23,1
CGW_0001651,PREPAID,GOLD,509.25,5732_ELECTRONICS,iOS,SG,MISMATCH,SUCCESS_BIOMETRIC,11,0.63,1
CGW_0001652,CORPORATE,SIGNATURE,2688.77,5812_RESTAURANT,Android,AU,MATCH,SUCCESS_BIOMETRIC,4,0.22,0
CGW_0001653,CORPORATE,CLASSIC,4430.19,4722_TRAVEL,iOS,US,MATCH,FAILED,9,0.88,1
CGW_0001654,DEBIT,GOLD,668.00,4829_MONEY_TRANSFER,Windows_Chrome,DE,MATCH,FAILED,5,0.18,0
CGW_0001655,PREPAID,GOLD,2247.94,4722_TRAVEL,Android,GB,MATCH,BYPASSED,11,0.72,0
CGW_0001656,CORPORATE,GOLD,1878.56,5411_GROCERY,MacOS_Safari,AU,MATCH,SUCCESS_OTP,5,0.52,0
CGW_0001657,PREPAID,INFINITE,3672.80,5411_GROCERY,Windows_Chrome,AE,MATCH,BYPASSED,5,0.95,1
CGW_0001658,PREPAID,CLASSIC,2885.53,4829_MONEY_TRANSFER,Linux_Firefox,AU,MATCH,BYPASSED,11,0.53,0
CGW_0001659,PREPAID,PLATINUM,2175.67,5732_ELECTRONICS,Linux_Firefox,DE,MATCH,SUCCESS_BIOMETRIC,9,0.78,0
CGW_0001660,DEBIT,PLATINUM,2605.81,4829_MONEY_TRANSFER,MacOS_Safari,IN,MATCH,SUCCESS_OTP,8,0.67,0
CGW_0001661,CORPORATE,INFINITE,3557.84,5812_RESTAURANT,Android,US,MATCH,SUCCESS_OTP,7,0.83,0
CGW_0001662,CORPORATE,SIGNATURE,3206.08,5732_ELECTRONICS,iOS,IN,MATCH,SUCCESS_OTP,4,0.32,0
CGW_0001663,CREDIT,CLASSIC,3992.82,7995_BETTING,MacOS_Safari,CA,MATCH,FAILED,1,0.04,1
CGW_0001664,CREDIT,INFINITE,945.63,5411_GROCERY,MacOS_Safari,US,MATCH,SUCCESS_BIOMETRIC,2,0.88,1
CGW_0001665,CORPORATE,GOLD,1535.78,5732_ELECTRONICS,Linux_Firefox,GB,MATCH,SUCCESS_BIOMETRIC,7,0.06,0
CGW_0001666,PREPAID,CLASSIC,2345.50,7995_BETTING,Android,IN,MATCH,SUCCESS_OTP,1,0.92,1
CGW_0001667,CORPORATE,INFINITE,3663.15,5411_GROCERY,iOS,SG,MATCH,BYPASSED,7,0.10,0
CGW_0001668,CREDIT,PLATINUM,2821.78,5812_RESTAURANT,iOS,AU,MATCH,BYPASSED,10,0.16,0
CGW_0001669,PREPAID,INFINITE,3134.72,4829_MONEY_TRANSFER,Windows_Chrome,US,MATCH,FAILED,1,0.26,1
CGW_0001670,CREDIT,CLASSIC,2314.55,4722_TRAVEL,Linux_Firefox,AE,MATCH,SUCCESS_BIOMETRIC,7,0.12,0
CGW_0001671,CREDIT,INFINITE,3831.11,5812_RESTAURANT,MacOS_Safari,CA,MATCH,SUCCESS_BIOMETRIC,5,0.94,1
CGW_0001672,PREPAID,CLASSIC,235.38,5812_RESTAURANT,Windows_Chrome,AU,MISMATCH,FAILED,6,0.58,1
CGW_0001673,CREDIT,INFINITE,375.90,4722_TRAVEL,iOS,CA,MATCH,SUCCESS_OTP,1,0.13,0
CGW_0001674,CREDIT,INFINITE,2594.22,5812_RESTAURANT,Android,AE,MATCH,BYPASSED,7,0.82,0
CGW_0001675,CORPORATE,SIGNATURE,532.26,4722_TRAVEL,MacOS_Safari,DE,MATCH,BYPASSED,8,0.46,0
CGW_0001676,CORPORATE,PLATINUM,1547.64,5732_ELECTRONICS,Windows_Chrome,CA,MATCH,SUCCESS_BIOMETRIC,12,0.96,1
CGW_0001677,CORPORATE,GOLD,1386.21,5411_GROCERY,Android,AU,MATCH,BYPASSED,10,0.04,0
CGW_0001678,DEBIT,GOLD,133.72,4722_TRAVEL,MacOS_Safari,AU,MATCH,FAILED,6,0.95,1
CGW_0001679,PREPAID,GOLD,1426.22,4722_TRAVEL,Windows_Chrome,GB,MATCH,SUCCESS_BIOMETRIC,3,0.76,0
CGW_0001680,DEBIT,INFINITE,3035.47,5732_ELECTRONICS,Linux_Firefox,SG,MATCH,FAILED,3,0.71,1
CGW_0001681,CREDIT,SIGNATURE,4104.02,5411_GROCERY,Android,IN,MATCH,SUCCESS_OTP,4,0.02,0
CGW_0001682,CORPORATE,GOLD,396.64,5812_RESTAURANT,Windows_Chrome,DE,MATCH,SUCCESS_OTP,1,0.52,0
CGW_0001683,CORPORATE,CLASSIC,1785.78,5411_GROCERY,iOS,AE,MATCH,BYPASSED,8,0.89,1
CGW_0001684,CREDIT,CLASSIC,4246.28,4722_TRAVEL,Android,CA,MISMATCH,SUCCESS_OTP,4,0.47,1
CGW_0001685,PREPAID,PLATINUM,692.76,5812_RESTAURANT,MacOS_Safari,DE,MATCH,BYPASSED,1,0.34,0
CGW_0001686,CORPORATE,PLATINUM,1023.83,5732_ELECTRONICS,iOS,AU,MATCH,BYPASSED,11,0.16,0
CGW_0001687,PREPAID,CLASSIC,4126.40,5411_GROCERY,Linux_Firefox,SG,MISMATCH,BYPASSED,7,0.51,1
CGW_0001688,CREDIT,PLATINUM,2006.07,5411_GROCERY,MacOS_Safari,AE,MATCH,BYPASSED,5,0.50,0
CGW_0001689,DEBIT,INFINITE,1427.94,5411_GROCERY,iOS,IN,MATCH,SUCCESS_OTP,12,0.60,0
CGW_0001690,DEBIT,GOLD,141.06,7995_BETTING,MacOS_Safari,DE,MISMATCH,SUCCESS_BIOMETRIC,6,0.16,1
CGW_0001691,CORPORATE,PLATINUM,4339.24,5732_ELECTRONICS,Android,AE,MISMATCH,SUCCESS_BIOMETRIC,11,0.52,1
CGW_0001692,DEBIT,INFINITE,1364.86,5732_ELECTRONICS,Android,US,MATCH,SUCCESS_OTP,10,0.12,0
CGW_0001693,CREDIT,PLATINUM,2747.70,4722_TRAVEL,MacOS_Safari,DE,MATCH,BYPASSED,1,0.04,0
CGW_0001694,CREDIT,GOLD,1909.99,7995_BETTING,Linux_Firefox,DE,MISMATCH,SUCCESS_BIOMETRIC,5,0.09,1
CGW_0001695,PREPAID,SIGNATURE,3959.49,4722_TRAVEL,Windows_Chrome,DE,MATCH,SUCCESS_OTP,7,0.48,1
CGW_0001696,PREPAID,SIGNATURE,4272.84,4829_MONEY_TRANSFER,iOS,DE,MATCH,SUCCESS_BIOMETRIC,6,0.23,1
CGW_0001697,CREDIT,SIGNATURE,1431.58,5812_RESTAURANT,Windows_Chrome,AU,MATCH,BYPASSED,4,0.42,0
CGW_0001698,CORPORATE,CLASSIC,4010.14,5732_ELECTRONICS,Windows_Chrome,IN,MATCH,FAILED,10,0.04,0
CGW_0001699,DEBIT,GOLD,4053.42,7995_BETTING,MacOS_Safari,CA,MISMATCH,SUCCESS_BIOMETRIC,11,0.55,1
CGW_0001700,PREPAID,CLASSIC,1609.67,4722_TRAVEL,Linux_Firefox,SG,MATCH,FAILED,6,0.57,0
CGW_0001701,DEBIT,GOLD,785.78,7995_BETTING,MacOS_Safari,AE,MATCH,SUCCESS_OTP,2,0.23,1
CGW_0001702,PREPAID,INFINITE,3952.58,4722_TRAVEL,MacOS_Safari,AE,MATCH,SUCCESS_BIOMETRIC,8,0.88,1
CGW_0001703,CORPORATE,SIGNATURE,1066.13,5732_ELECTRONICS,Windows_Chrome,CA,MATCH,FAILED,2,0.20,0
CGW_0001704,CORPORATE,INFINITE,4276.26,5732_ELECTRONICS,Windows_Chrome,CA,MATCH,FAILED,3,0.04,0
CGW_0001705,CORPORATE,SIGNATURE,844.88,4722_TRAVEL,iOS,SG,MISMATCH,SUCCESS_BIOMETRIC,8,0.21,1
CGW_0001706,CORPORATE,CLASSIC,1459.59,5732_ELECTRONICS,iOS,DE,MISMATCH,SUCCESS_BIOMETRIC,11,0.97,1
CGW_0001707,DEBIT,GOLD,1779.26,5732_ELECTRONICS,iOS,AE,MISMATCH,BYPASSED,1,0.70,1
CGW_0001708,DEBIT,SIGNATURE,2318.76,5812_RESTAURANT,Windows_Chrome,AE,MATCH,SUCCESS_OTP,11,0.63,0
CGW_0001709,CREDIT,SIGNATURE,1246.25,5411_GROCERY,Windows_Chrome,IN,MATCH,SUCCESS_BIOMETRIC,4,0.08,0
CGW_0001710,PREPAID,CLASSIC,2673.10,5732_ELECTRONICS,iOS,CA,MISMATCH,SUCCESS_BIOMETRIC,9,0.16,1
CGW_0001711,CREDIT,CLASSIC,1783.25,5411_GROCERY,Windows_Chrome,AU,MATCH,SUCCESS_BIOMETRIC,10,0.42,0
CGW_0001712,PREPAID,PLATINUM,2388.47,5812_RESTAURANT,iOS,CA,MATCH,BYPASSED,12,0.83,0
CGW_0001713,CREDIT,INFINITE,851.07,7995_BETTING,Linux_Firefox,SG,MISMATCH,SUCCESS_BIOMETRIC,4,0.02,1
CGW_0001714,CREDIT,CLASSIC,626.51,5732_ELECTRONICS,Linux_Firefox,SG,MATCH,FAILED,12,0.74,0
CGW_0001715,CREDIT,CLASSIC,1459.34,5411_GROCERY,MacOS_Safari,GB,MATCH,FAILED,3,0.65,0
CGW_0001716,PREPAID,CLASSIC,128.10,5411_GROCERY,Windows_Chrome,SG,MISMATCH,BYPASSED,1,0.46,1
CGW_0001717,CORPORATE,CLASSIC,2839.06,4722_TRAVEL,MacOS_Safari,GB,MATCH,BYPASSED,1,0.84,0
CGW_0001718,CORPORATE,PLATINUM,1553.08,5732_ELECTRONICS,Windows_Chrome,SG,MATCH,BYPASSED,2,0.76,0
CGW_0001719,CORPORATE,SIGNATURE,518.95,5812_RESTAURANT,Android,AU,MISMATCH,FAILED,5,0.41,1
CGW_0001720,CREDIT,SIGNATURE,1470.51,5812_RESTAURANT,Android,DE,MATCH,BYPASSED,2,0.02,0
CGW_0001721,CORPORATE,SIGNATURE,2998.76,5411_GROCERY,Windows_Chrome,AU,MISMATCH,SUCCESS_OTP,10,0.43,1
CGW_0001722,CREDIT,INFINITE,1640.60,5411_GROCERY,Android,IN,MATCH,FAILED,2,0.49,0
CGW_0001723,CREDIT,INFINITE,3515.71,7995_BETTING,iOS,US,MISMATCH,SUCCESS_OTP,11,0.46,1
CGW_0001724,DEBIT,PLATINUM,1968.08,5411_GROCERY,MacOS_Safari,IN,MATCH,SUCCESS_BIOMETRIC,11,0.26,0
CGW_0001725,CORPORATE,GOLD,3009.41,5411_GROCERY,iOS,DE,MATCH,SUCCESS_OTP,1,0.55,0
CGW_0001726,DEBIT,CLASSIC,3160.93,7995_BETTING,Windows_Chrome,IN,MISMATCH,SUCCESS_OTP,6,0.44,1
CGW_0001727,PREPAID,GOLD,246.20,5411_GROCERY,Linux_Firefox,SG,MISMATCH,BYPASSED,4,0.94,1
CGW_0001728,PREPAID,SIGNATURE,2326.39,4722_TRAVEL,iOS,SG,MATCH,FAILED,11,0.43,0
CGW_0001729,CORPORATE,GOLD,2032.79,4722_TRAVEL,Android,DE,MATCH,SUCCESS_BIOMETRIC,10,0.72,0
CGW_0001730,CREDIT,CLASSIC,4360.15,7995_BETTING,Windows_Chrome,AU,MISMATCH,SUCCESS_BIOMETRIC,2,0.69,1
CGW_0001731,CORPORATE,INFINITE,3132.37,5411_GROCERY,iOS,IN,MISMATCH,SUCCESS_BIOMETRIC,9,0.29,1
CGW_0001732,CORPORATE,SIGNATURE,2354.18,5812_RESTAURANT,iOS,DE,MISMATCH,SUCCESS_OTP,8,0.28,1
CGW_0001733,CREDIT,GOLD,1565.13,7995_BETTING,Android,AE,MATCH,SUCCESS_OTP,7,0.33,1
CGW_0001734,CREDIT,GOLD,2631.45,5732_ELECTRONICS,Linux_Firefox,SG,MISMATCH,FAILED,3,0.34,1
CGW_0001735,CREDIT,PLATINUM,2891.75,5411_GROCERY,Android,IN,MATCH,SUCCESS_BIOMETRIC,5,0.10,0
CGW_0001736,DEBIT,SIGNATURE,3851.81,4829_MONEY_TRANSFER,iOS,SG,MATCH,BYPASSED,2,0.88,1
CGW_0001737,PREPAID,GOLD,573.06,4829_MONEY_TRANSFER,Linux_Firefox,US,MATCH,SUCCESS_OTP,4,0.60,0
CGW_0001738,CREDIT,SIGNATURE,1014.18,5411_GROCERY,iOS,AE,MISMATCH,BYPASSED,11,0.28,1
CGW_0001739,PREPAID,GOLD,3872.53,5732_ELECTRONICS,Android,CA,MISMATCH,FAILED,10,0.55,1
CGW_0001740,CREDIT,INFINITE,121.13,4722_TRAVEL,Windows_Chrome,AU,MATCH,SUCCESS_BIOMETRIC,5,0.26,0
CGW_0001741,CORPORATE,INFINITE,718.07,4722_TRAVEL,MacOS_Safari,US,MATCH,SUCCESS_BIOMETRIC,7,0.81,0
CGW_0001742,PREPAID,CLASSIC,89.69,7995_BETTING,Android,AE,MATCH,FAILED,5,0.90,1
CGW_0001743,PREPAID,CLASSIC,2331.55,5411_GROCERY,Windows_Chrome,IN,MISMATCH,FAILED,5,0.49,1
CGW_0001744,CORPORATE,INFINITE,1756.38,4722_TRAVEL,Windows_Chrome,US,MISMATCH,FAILED,2,0.24,1
CGW_0001745,CREDIT,INFINITE,3184.01,4829_MONEY_TRANSFER,Windows_Chrome,CA,MATCH,FAILED,3,0.24,0
CGW_0001746,PREPAID,INFINITE,2454.83,4829_MONEY_TRANSFER,iOS,SG,MATCH,BYPASSED,6,0.86,1
CGW_0001747,DEBIT,SIGNATURE,3218.30,5812_RESTAURANT,Windows_Chrome,GB,MISMATCH,SUCCESS_BIOMETRIC,12,0.70,1
CGW_0001748,PREPAID,PLATINUM,4017.91,5411_GROCERY,MacOS_Safari,CA,MATCH,BYPASSED,7,0.14,1
CGW_0001749,PREPAID,CLASSIC,3070.55,4722_TRAVEL,iOS,GB,MISMATCH,SUCCESS_OTP,12,0.58,1
CGW_0001750,CREDIT,INFINITE,2691.34,5732_ELECTRONICS,Linux_Firefox,AE,MISMATCH,SUCCESS_OTP,11,0.98,1
CGW_0001751,CREDIT,PLATINUM,3971.94,5411_GROCERY,Android,DE,MATCH,FAILED,5,0.53,0
CGW_0001752,DEBIT,PLATINUM,1703.33,5812_RESTAURANT,Linux_Firefox,IN,MISMATCH,FAILED,9,0.45,1
CGW_0001753,CREDIT,INFINITE,1701.41,4829_MONEY_TRANSFER,Android,AU,MISMATCH,SUCCESS_OTP,8,0.13,1
CGW_0001754,CORPORATE,INFINITE,3205.88,5411_GROCERY,MacOS_Safari,AE,MATCH,BYPASSED,10,0.51,0
CGW_0001755,DEBIT,PLATINUM,874.39,5411_GROCERY,Android,US,MATCH,SUCCESS_BIOMETRIC,11,0.85,0
CGW_0001756,CREDIT,SIGNATURE,806.25,5732_ELECTRONICS,MacOS_Safari,IN,MATCH,BYPASSED,8,0.42,0
CGW_0001757,PREPAID,SIGNATURE,2058.38,4829_MONEY_TRANSFER,Windows_Chrome,IN,MATCH,BYPASSED,3,0.66,0
CGW_0001758,PREPAID,SIGNATURE,4100.59,5411_GROCERY,Windows_Chrome,CA,MATCH,BYPASSED,7,0.30,0
CGW_0001759,PREPAID,INFINITE,4055.70,5411_GROCERY,iOS,GB,MISMATCH,SUCCESS_BIOMETRIC,7,0.50,1
CGW_0001760,DEBIT,SIGNATURE,1103.15,5812_RESTAURANT,Windows_Chrome,AE,MATCH,BYPASSED,2,0.48,0
CGW_0001761,CREDIT,INFINITE,1191.43,7995_BETTING,iOS,AU,MATCH,BYPASSED,6,0.33,1
CGW_0001762,DEBIT,INFINITE,3295.00,4829_MONEY_TRANSFER,MacOS_Safari,AE,MATCH,FAILED,8,0.14,1
CGW_0001763,CREDIT,GOLD,2441.09,4829_MONEY_TRANSFER,MacOS_Safari,AU,MATCH,SUCCESS_BIOMETRIC,6,0.60,0
CGW_0001764,CREDIT,CLASSIC,2184.31,4722_TRAVEL,iOS,AE,MISMATCH,FAILED,4,0.54,1
CGW_0001765,PREPAID,INFINITE,1033.76,5411_GROCERY,Windows_Chrome,SG,MATCH,SUCCESS_OTP,2,0.87,1
CGW_0001766,PREPAID,PLATINUM,294.52,7995_BETTING,iOS,AE,MATCH,FAILED,12,0.77,1
CGW_0001767,CREDIT,INFINITE,3015.28,4829_MONEY_TRANSFER,Linux_Firefox,AU,MISMATCH,BYPASSED,4,0.40,1
CGW_0001768,CORPORATE,INFINITE,4290.25,4722_TRAVEL,Linux_Firefox,SG,MATCH,FAILED,6,0.80,1
CGW_0001769,PREPAID,SIGNATURE,1719.97,5732_ELECTRONICS,Android,SG,MATCH,FAILED,7,0.10,0
CGW_0001770,PREPAID,PLATINUM,4405.02,5732_ELECTRONICS,Android,IN,MATCH,SUCCESS_OTP,3,0.36,0
CGW_0001771,DEBIT,INFINITE,769.76,5732_ELECTRONICS,iOS,AE,MISMATCH,BYPASSED,7,0.29,1
CGW_0001772,PREPAID,GOLD,1144.06,4829_MONEY_TRANSFER,Android,CA,MATCH,FAILED,6,0.67,0
CGW_0001773,CORPORATE,CLASSIC,1100.90,5732_ELECTRONICS,Android,IN,MATCH,SUCCESS_BIOMETRIC,11,0.89,1
CGW_0001774,CORPORATE,CLASSIC,2900.25,7995_BETTING,MacOS_Safari,AE,MATCH,BYPASSED,8,0.67,1
CGW_0001775,DEBIT,CLASSIC,2953.87,5411_GROCERY,MacOS_Safari,CA,MISMATCH,FAILED,1,0.85,1
CGW_0001776,CORPORATE,GOLD,2524.62,4722_TRAVEL,Linux_Firefox,GB,MATCH,SUCCESS_BIOMETRIC,1,0.14,0
CGW_0001777,PREPAID,GOLD,1182.04,4829_MONEY_TRANSFER,Android,CA,MATCH,FAILED,1,0.04,0
CGW_0001778,DEBIT,SIGNATURE,21.47,5411_GROCERY,iOS,AE,MATCH,SUCCESS_OTP,8,0.17,0
CGW_0001779,DEBIT,INFINITE,2857.26,4829_MONEY_TRANSFER,Windows_Chrome,IN,MATCH,BYPASSED,5,0.97,1
CGW_0001780,DEBIT,SIGNATURE,1667.06,5411_GROCERY,Windows_Chrome,AU,MATCH,FAILED,12,0.72,0
CGW_0001781,PREPAID,GOLD,4025.08,4829_MONEY_TRANSFER,MacOS_Safari,US,MATCH,FAILED,5,0.18,1
CGW_0001782,PREPAID,GOLD,2938.96,5812_RESTAURANT,Android,AU,MATCH,FAILED,11,0.62,0
CGW_0001783,DEBIT,GOLD,328.88,5411_GROCERY,Linux_Firefox,SG,MATCH,SUCCESS_OTP,9,0.81,0
CGW_0001784,CORPORATE,INFINITE,632.11,5411_GROCERY,Linux_Firefox,CA,MATCH,SUCCESS_OTP,10,0.29,0
CGW_0001785,DEBIT,INFINITE,3028.07,5812_RESTAURANT,MacOS_Safari,GB,MISMATCH,SUCCESS_OTP,6,0.78,1
CGW_0001786,CREDIT,CLASSIC,714.24,5812_RESTAURANT,Android,SG,MISMATCH,BYPASSED,4,0.98,1
CGW_0001787,CORPORATE,CLASSIC,2068.86,7995_BETTING,MacOS_Safari,IN,MISMATCH,BYPASSED,2,0.65,1
CGW_0001788,PREPAID,CLASSIC,2034.62,7995_BETTING,Windows_Chrome,GB,MATCH,SUCCESS_OTP,2,0.63,1
CGW_0001789,CORPORATE,GOLD,3530.95,4722_TRAVEL,Linux_Firefox,AE,MATCH,BYPASSED,1,0.23,0
CGW_0001790,CORPORATE,GOLD,3182.07,5812_RESTAURANT,Windows_Chrome,GB,MATCH,SUCCESS_OTP,8,0.59,0
CGW_0001791,DEBIT,GOLD,4379.54,4829_MONEY_TRANSFER,Windows_Chrome,CA,MATCH,SUCCESS_BIOMETRIC,8,0.23,1
CGW_0001792,PREPAID,CLASSIC,2592.87,7995_BETTING,MacOS_Safari,AU,MATCH,FAILED,2,0.44,1
CGW_0001793,CORPORATE,GOLD,3865.44,5411_GROCERY,Linux_Firefox,AU,MISMATCH,SUCCESS_OTP,1,0.33,1
CGW_0001794,CORPORATE,INFINITE,3805.11,7995_BETTING,Windows_Chrome,AU,MATCH,SUCCESS_OTP,2,0.59,1
CGW_0001795,PREPAID,SIGNATURE,124.92,5411_GROCERY,Linux_Firefox,DE,MISMATCH,BYPASSED,12,0.58,1
CGW_0001796,PREPAID,PLATINUM,981.54,5732_ELECTRONICS,Android,US,MISMATCH,BYPASSED,8,0.66,1
CGW_0001797,PREPAID,SIGNATURE,1793.62,5812_RESTAURANT,Windows_Chrome,DE,MATCH,SUCCESS_BIOMETRIC,2,0.41,0
CGW_0001798,CREDIT,CLASSIC,1545.66,4722_TRAVEL,Android,AU,MISMATCH,BYPASSED,6,0.47,1
CGW_0001799,PREPAID,CLASSIC,2581.33,5812_RESTAURANT,MacOS_Safari,IN,MATCH,SUCCESS_OTP,12,0.43,0
CGW_0001800,CORPORATE,GOLD,1979.31,5812_RESTAURANT,Linux_Firefox,AU,MATCH,BYPASSED,5,0.13,0
CGW_0001801,PREPAID,GOLD,1704.07,5411_GROCERY,iOS,AE,MATCH,SUCCESS_BIOMETRIC,9,0.22,0
CGW_0001802,CORPORATE,SIGNATURE,2755.92,5732_ELECTRONICS,Linux_Firefox,US,MATCH,SUCCESS_BIOMETRIC,8,0.86,1
CGW_0001803,DEBIT,GOLD,757.08,5732_ELECTRONICS,Windows_Chrome,US,MATCH,SUCCESS_BIOMETRIC,8,0.39,0
CGW_0001804,PREPAID,PLATINUM,1188.99,5411_GROCERY,iOS,GB,MATCH,SUCCESS_OTP,6,0.52,0
CGW_0001805,DEBIT,GOLD,57.58,5732_ELECTRONICS,Windows_Chrome,IN,MATCH,SUCCESS_BIOMETRIC,2,0.36,0
CGW_0001806,DEBIT,GOLD,3097.68,5411_GROCERY,Windows_Chrome,CA,MATCH,FAILED,2,0.45,1
CGW_0001807,CORPORATE,CLASSIC,269.17,5732_ELECTRONICS,iOS,GB,MISMATCH,SUCCESS_OTP,3,0.78,1
CGW_0001808,CORPORATE,PLATINUM,4104.72,5732_ELECTRONICS,iOS,AU,MATCH,BYPASSED,2,0.53,1
CGW_0001809,CREDIT,PLATINUM,35.29,7995_BETTING,Linux_Firefox,US,MATCH,FAILED,7,0.86,1
CGW_0001810,DEBIT,PLATINUM,670.89,5411_GROCERY,MacOS_Safari,AU,MATCH,SUCCESS_OTP,12,0.62,0
CGW_0001811,CREDIT,GOLD,2071.15,7995_BETTING,Android,AE,MATCH,BYPASSED,12,0.85,1
CGW_0001812,PREPAID,INFINITE,818.76,7995_BETTING,Linux_Firefox,GB,MISMATCH,BYPASSED,9,0.68,1
CGW_0001813,PREPAID,GOLD,1316.92,7995_BETTING,MacOS_Safari,SG,MATCH,BYPASSED,2,0.16,1
CGW_0001814,PREPAID,PLATINUM,2827.01,5812_RESTAURANT,Windows_Chrome,AU,MATCH,SUCCESS_BIOMETRIC,6,0.87,1
CGW_0001815,CREDIT,PLATINUM,1008.57,4722_TRAVEL,Linux_Firefox,AU,MATCH,SUCCESS_BIOMETRIC,10,0.60,0
CGW_0001816,DEBIT,CLASSIC,3595.54,5812_RESTAURANT,Linux_Firefox,SG,MATCH,SUCCESS_OTP,7,0.16,0
CGW_0001817,DEBIT,GOLD,3346.05,5411_GROCERY,MacOS_Safari,US,MATCH,BYPASSED,2,0.64,1
CGW_0001818,CORPORATE,PLATINUM,183.18,5812_RESTAURANT,MacOS_Safari,AU,MISMATCH,FAILED,10,0.59,1
CGW_0001819,CORPORATE,CLASSIC,1274.68,5732_ELECTRONICS,MacOS_Safari,DE,MISMATCH,BYPASSED,7,0.85,1
CGW_0001820,CORPORATE,PLATINUM,326.90,4722_TRAVEL,MacOS_Safari,AE,MATCH,SUCCESS_OTP,7,0.44,0
CGW_0001821,CREDIT,GOLD,1890.53,7995_BETTING,iOS,US,MATCH,SUCCESS_OTP,11,0.09,1
CGW_0001822,PREPAID,GOLD,35.75,5732_ELECTRONICS,Windows_Chrome,AU,MATCH,FAILED,9,0.15,0
CGW_0001823,PREPAID,GOLD,3379.15,4829_MONEY_TRANSFER,Android,AE,MATCH,SUCCESS_BIOMETRIC,1,0.22,0
CGW_0001824,PREPAID,CLASSIC,890.34,5411_GROCERY,MacOS_Safari,AE,MATCH,BYPASSED,1,0.50,0
CGW_0001825,DEBIT,CLASSIC,4183.85,5411_GROCERY,Android,CA,MATCH,BYPASSED,10,0.18,0
CGW_0001826,CREDIT,CLASSIC,3379.05,4722_TRAVEL,MacOS_Safari,GB,MATCH,SUCCESS_OTP,6,0.97,1
CGW_0001827,CORPORATE,GOLD,370.13,5411_GROCERY,Linux_Firefox,SG,MATCH,FAILED,8,0.52,0
CGW_0001828,CORPORATE,INFINITE,2664.71,7995_BETTING,iOS,US,MATCH,BYPASSED,2,0.87,1
CGW_0001829,CORPORATE,INFINITE,4188.20,5812_RESTAURANT,MacOS_Safari,AU,MATCH,FAILED,7,0.08,0
CGW_0001830,DEBIT,INFINITE,1105.59,5411_GROCERY,Linux_Firefox,US,MATCH,SUCCESS_BIOMETRIC,12,0.56,0
CGW_0001831,DEBIT,PLATINUM,3035.51,7995_BETTING,MacOS_Safari,IN,MATCH,BYPASSED,3,0.17,1
CGW_0001832,CORPORATE,INFINITE,2567.98,5812_RESTAURANT,MacOS_Safari,AU,MATCH,BYPASSED,7,0.37,0
CGW_0001833,CORPORATE,PLATINUM,2011.20,4829_MONEY_TRANSFER,Android,AU,MISMATCH,SUCCESS_OTP,10,0.34,1
CGW_0001834,CREDIT,INFINITE,3048.93,5732_ELECTRONICS,MacOS_Safari,CA,MATCH,SUCCESS_BIOMETRIC,7,0.57,0
CGW_0001835,CORPORATE,SIGNATURE,107.97,4829_MONEY_TRANSFER,iOS,CA,MISMATCH,BYPASSED,10,0.04,1
CGW_0001836,DEBIT,INFINITE,3166.78,4829_MONEY_TRANSFER,iOS,CA,MATCH,SUCCESS_OTP,2,0.21,1
CGW_0001837,PREPAID,SIGNATURE,1302.21,5812_RESTAURANT,MacOS_Safari,IN,MATCH,SUCCESS_OTP,12,0.44,0
CGW_0001838,DEBIT,CLASSIC,1448.27,4722_TRAVEL,Windows_Chrome,GB,MISMATCH,SUCCESS_BIOMETRIC,12,0.61,1
CGW_0001839,PREPAID,PLATINUM,4181.39,5411_GROCERY,Windows_Chrome,AU,MATCH,SUCCESS_BIOMETRIC,7,0.73,0
CGW_0001840,PREPAID,SIGNATURE,3402.10,4722_TRAVEL,iOS,SG,MATCH,FAILED,1,0.62,0
CGW_0001841,CORPORATE,SIGNATURE,2787.98,4722_TRAVEL,MacOS_Safari,AU,MATCH,BYPASSED,11,0.08,0
CGW_0001842,CREDIT,INFINITE,1240.74,5411_GROCERY,Android,AU,MATCH,FAILED,2,0.17,0
CGW_0001843,CORPORATE,SIGNATURE,1909.87,4829_MONEY_TRANSFER,Linux_Firefox,DE,MATCH,SUCCESS_BIOMETRIC,4,0.65,0
CGW_0001844,PREPAID,GOLD,1545.53,5411_GROCERY,Linux_Firefox,CA,MISMATCH,BYPASSED,1,0.93,1
CGW_0001845,DEBIT,PLATINUM,4440.06,5732_ELECTRONICS,MacOS_Safari,CA,MATCH,BYPASSED,1,0.15,1
CGW_0001846,PREPAID,GOLD,941.31,4722_TRAVEL,MacOS_Safari,AU,MATCH,SUCCESS_OTP,5,0.66,0
CGW_0001847,DEBIT,SIGNATURE,1319.71,4829_MONEY_TRANSFER,Linux_Firefox,DE,MATCH,FAILED,11,0.51,0
CGW_0001848,DEBIT,CLASSIC,2308.72,4722_TRAVEL,Linux_Firefox,GB,MISMATCH,BYPASSED,2,0.88,1
CGW_0001849,PREPAID,GOLD,586.84,5732_ELECTRONICS,Android,AU,MATCH,SUCCESS_OTP,10,0.81,0
CGW_0001850,CREDIT,CLASSIC,3032.97,4829_MONEY_TRANSFER,MacOS_Safari,DE,MATCH,SUCCESS_BIOMETRIC,6,0.34,0
CGW_0001851,CORPORATE,CLASSIC,1958.27,5411_GROCERY,Android,SG,MATCH,BYPASSED,10,0.50,0
CGW_0001852,CREDIT,INFINITE,2565.12,4722_TRAVEL,Windows_Chrome,US,MATCH,BYPASSED,6,0.18,0
CGW_0001853,DEBIT,INFINITE,1466.93,4722_TRAVEL,Android,IN,MATCH,SUCCESS_BIOMETRIC,11,0.41,0
CGW_0001854,PREPAID,SIGNATURE,2751.02,5732_ELECTRONICS,Linux_Firefox,DE,MATCH,BYPASSED,11,0.81,0
CGW_0001855,CREDIT,SIGNATURE,3202.72,7995_BETTING,iOS,SG,MATCH,SUCCESS_OTP,10,0.36,1
CGW_0001856,DEBIT,CLASSIC,376.26,4722_TRAVEL,Linux_Firefox,GB,MATCH,SUCCESS_BIOMETRIC,3,0.37,0
CGW_0001857,CORPORATE,CLASSIC,1273.42,7995_BETTING,iOS,AE,MATCH,SUCCESS_BIOMETRIC,3,0.07,1
CGW_0001858,CORPORATE,GOLD,2772.37,5812_RESTAURANT,MacOS_Safari,SG,MATCH,SUCCESS_BIOMETRIC,7,0.09,0
CGW_0001859,CREDIT,GOLD,2191.29,4829_MONEY_TRANSFER,MacOS_Safari,US,MISMATCH,FAILED,6,0.30,1
CGW_0001860,DEBIT,PLATINUM,2783.34,5411_GROCERY,Linux_Firefox,DE,MATCH,SUCCESS_BIOMETRIC,12,0.68,0
CGW_0001861,CREDIT,CLASSIC,2879.40,5732_ELECTRONICS,Windows_Chrome,SG,MATCH,BYPASSED,3,0.97,1
CGW_0001862,CREDIT,PLATINUM,1760.27,4722_TRAVEL,MacOS_Safari,CA,MATCH,SUCCESS_OTP,2,0.05,0
CGW_0001863,CREDIT,PLATINUM,3700.13,4829_MONEY_TRANSFER,iOS,AU,MATCH,FAILED,4,0.79,0
CGW_0001864,CORPORATE,SIGNATURE,678.28,4829_MONEY_TRANSFER,Windows_Chrome,DE,MATCH,SUCCESS_BIOMETRIC,4,0.22,0
CGW_0001865,CREDIT,PLATINUM,1763.42,5411_GROCERY,Windows_Chrome,IN,MISMATCH,FAILED,7,0.61,1
CGW_0001866,CORPORATE,SIGNATURE,4426.71,5732_ELECTRONICS,Windows_Chrome,US,MATCH,SUCCESS_OTP,5,0.89,1
CGW_0001867,DEBIT,CLASSIC,3199.88,7995_BETTING,iOS,IN,MISMATCH,SUCCESS_OTP,11,0.19,1
CGW_0001868,DEBIT,SIGNATURE,3210.06,4829_MONEY_TRANSFER,MacOS_Safari,IN,MISMATCH,SUCCESS_BIOMETRIC,8,0.52,1
CGW_0001869,CREDIT,SIGNATURE,3337.44,4722_TRAVEL,iOS,AE,MATCH,SUCCESS_OTP,9,0.69,0
CGW_0001870,PREPAID,GOLD,588.29,5812_RESTAURANT,Linux_Firefox,IN,MATCH,BYPASSED,8,0.37,0
CGW_0001871,CORPORATE,PLATINUM,1787.65,5812_RESTAURANT,Linux_Firefox,CA,MATCH,SUCCESS_OTP,9,0.65,0
CGW_0001872,CORPORATE,INFINITE,97.21,5812_RESTAURANT,iOS,SG,MATCH,BYPASSED,12,0.96,1
CGW_0001873,CORPORATE,PLATINUM,3496.55,5411_GROCERY,Linux_Firefox,DE,MATCH,FAILED,4,0.31,1
CGW_0001874,CORPORATE,INFINITE,879.51,4829_MONEY_TRANSFER,Android,GB,MATCH,BYPASSED,3,0.82,0
CGW_0001875,DEBIT,INFINITE,3084.67,5732_ELECTRONICS,Linux_Firefox,GB,MISMATCH,BYPASSED,1,0.29,1
CGW_0001876,CREDIT,INFINITE,3762.95,5812_RESTAURANT,MacOS_Safari,US,MATCH,FAILED,10,0.44,0
CGW_0001877,CREDIT,GOLD,1236.10,5812_RESTAURANT,Linux_Firefox,CA,MATCH,SUCCESS_OTP,8,0.68,0
CGW_0001878,CORPORATE,CLASSIC,1241.44,5812_RESTAURANT,Android,DE,MATCH,BYPASSED,6,0.47,0
CGW_0001879,DEBIT,GOLD,2911.39,5411_GROCERY,iOS,DE,MISMATCH,SUCCESS_OTP,12,0.77,1
CGW_0001880,PREPAID,CLASSIC,767.04,4722_TRAVEL,iOS,CA,MISMATCH,SUCCESS_OTP,9,0.77,1
CGW_0001881,CORPORATE,PLATINUM,1994.99,7995_BETTING,MacOS_Safari,AE,MATCH,BYPASSED,11,0.81,1
CGW_0001882,PREPAID,PLATINUM,209.46,7995_BETTING,MacOS_Safari,CA,MATCH,BYPASSED,10,0.81,1
CGW_0001883,PREPAID,GOLD,3797.11,5812_RESTAURANT,Windows_Chrome,CA,MISMATCH,BYPASSED,7,0.52,1
CGW_0001884,DEBIT,PLATINUM,2762.97,5812_RESTAURANT,Windows_Chrome,SG,MISMATCH,SUCCESS_BIOMETRIC,4,0.92,1
CGW_0001885,PREPAID,GOLD,1520.59,4829_MONEY_TRANSFER,iOS,SG,MATCH,SUCCESS_OTP,3,0.21,0
CGW_0001886,PREPAID,SIGNATURE,99.16,4722_TRAVEL,Android,IN,MATCH,BYPASSED,2,0.55,0
CGW_0001887,PREPAID,INFINITE,712.51,4829_MONEY_TRANSFER,Linux_Firefox,US,MATCH,SUCCESS_BIOMETRIC,2,0.26,0
CGW_0001888,PREPAID,INFINITE,1533.58,5411_GROCERY,MacOS_Safari,CA,MATCH,SUCCESS_OTP,7,0.17,0
CGW_0001889,PREPAID,CLASSIC,1665.30,5732_ELECTRONICS,MacOS_Safari,AU,MATCH,BYPASSED,1,0.77,0
CGW_0001890,PREPAID,GOLD,3229.30,7995_BETTING,MacOS_Safari,CA,MATCH,SUCCESS_OTP,10,0.30,1
CGW_0001891,PREPAID,CLASSIC,1580.96,7995_BETTING,Windows_Chrome,AU,MATCH,FAILED,4,0.13,1
CGW_0001892,DEBIT,SIGNATURE,2598.33,5411_GROCERY,MacOS_Safari,AE,MATCH,SUCCESS_OTP,2,0.38,0
CGW_0001893,CREDIT,SIGNATURE,3239.53,4829_MONEY_TRANSFER,iOS,SG,MATCH,FAILED,8,0.46,1
CGW_0001894,PREPAID,PLATINUM,2036.54,4829_MONEY_TRANSFER,Linux_Firefox,DE,MATCH,BYPASSED,1,0.37,0
CGW_0001895,CREDIT,PLATINUM,254.53,4829_MONEY_TRANSFER,Linux_Firefox,CA,MATCH,SUCCESS_BIOMETRIC,7,0.09,0
CGW_0001896,DEBIT,CLASSIC,1209.68,7995_BETTING,Android,AU,MISMATCH,BYPASSED,9,0.78,1
CGW_0001897,DEBIT,INFINITE,3646.05,5411_GROCERY,iOS,SG,MATCH,SUCCESS_OTP,11,0.64,0
CGW_0001898,DEBIT,INFINITE,135.95,7995_BETTING,Windows_Chrome,US,MATCH,BYPASSED,2,0.65,1
CGW_0001899,DEBIT,CLASSIC,23.72,5732_ELECTRONICS,iOS,IN,MISMATCH,BYPASSED,8,0.04,1
CGW_0001900,CREDIT,INFINITE,1527.96,7995_BETTING,Windows_Chrome,AE,MATCH,FAILED,8,0.98,1
CGW_0001901,DEBIT,SIGNATURE,3208.11,7995_BETTING,Windows_Chrome,IN,MATCH,FAILED,12,0.75,1
CGW_0001902,DEBIT,SIGNATURE,50.65,4722_TRAVEL,Android,US,MISMATCH,FAILED,4,0.69,1
CGW_0001903,CREDIT,GOLD,2942.71,5411_GROCERY,Linux_Firefox,IN,MISMATCH,BYPASSED,5,0.14,1
CGW_0001904,DEBIT,CLASSIC,2302.18,7995_BETTING,iOS,US,MATCH,SUCCESS_OTP,9,0.67,1
CGW_0001905,DEBIT,GOLD,3261.24,4829_MONEY_TRANSFER,iOS,SG,MATCH,SUCCESS_OTP,3,0.23,0
CGW_0001906,PREPAID,CLASSIC,1006.48,4829_MONEY_TRANSFER,MacOS_Safari,AU,MATCH,SUCCESS_BIOMETRIC,10,0.49,0
CGW_0001907,CORPORATE,SIGNATURE,3802.68,7995_BETTING,iOS,US,MATCH,SUCCESS_OTP,3,0.25,1
CGW_0001908,DEBIT,CLASSIC,2377.12,7995_BETTING,Android,AE,MATCH,SUCCESS_BIOMETRIC,4,0.48,1
CGW_0001909,CREDIT,CLASSIC,803.20,5411_GROCERY,Linux_Firefox,AU,MATCH,SUCCESS_BIOMETRIC,9,0.84,0
CGW_0001910,CORPORATE,GOLD,2955.10,5732_ELECTRONICS,Windows_Chrome,SG,MATCH,SUCCESS_OTP,4,0.08,0
CGW_0001911,CORPORATE,GOLD,2882.46,5732_ELECTRONICS,MacOS_Safari,US,MATCH,SUCCESS_BIOMETRIC,9,0.68,0
CGW_0001912,DEBIT,INFINITE,3184.48,4722_TRAVEL,Linux_Firefox,GB,MATCH,SUCCESS_BIOMETRIC,9,0.98,1
CGW_0001913,PREPAID,INFINITE,518.88,4722_TRAVEL,iOS,SG,MISMATCH,BYPASSED,1,0.82,1
CGW_0001914,DEBIT,INFINITE,1121.31,4829_MONEY_TRANSFER,Android,CA,MATCH,FAILED,6,0.28,0
CGW_0001915,PREPAID,CLASSIC,595.99,5732_ELECTRONICS,Linux_Firefox,IN,MATCH,FAILED,10,0.40,0
CGW_0001916,CORPORATE,INFINITE,4492.75,7995_BETTING,Windows_Chrome,IN,MISMATCH,BYPASSED,4,0.09,1
CGW_0001917,DEBIT,GOLD,2235.69,5411_GROCERY,Windows_Chrome,IN,MATCH,BYPASSED,1,0.64,0
CGW_0001918,CREDIT,CLASSIC,488.82,5411_GROCERY,Android,US,MATCH,BYPASSED,1,0.64,0
CGW_0001919,CREDIT,PLATINUM,74.39,4722_TRAVEL,MacOS_Safari,AE,MATCH,FAILED,2,0.76,0
CGW_0001920,CREDIT,SIGNATURE,2964.95,5732_ELECTRONICS,MacOS_Safari,SG,MATCH,BYPASSED,5,0.66,0
CGW_0001921,PREPAID,GOLD,952.53,4829_MONEY_TRANSFER,MacOS_Safari,SG,MATCH,FAILED,11,0.71,0
CGW_0001922,CORPORATE,SIGNATURE,2221.16,4829_MONEY_TRANSFER,MacOS_Safari,IN,MISMATCH,SUCCESS_BIOMETRIC,8,0.10,1
CGW_0001923,CREDIT,CLASSIC,3054.69,7995_BETTING,iOS,AE,MATCH,FAILED,11,0.86,1
CGW_0001924,DEBIT,CLASSIC,1147.14,7995_BETTING,Linux_Firefox,AU,MISMATCH,SUCCESS_OTP,6,0.79,1
CGW_0001925,CORPORATE,CLASSIC,1670.23,7995_BETTING,Windows_Chrome,SG,MISMATCH,SUCCESS_BIOMETRIC,1,0.03,1
CGW_0001926,CREDIT,GOLD,4454.24,5732_ELECTRONICS,Linux_Firefox,AU,MISMATCH,FAILED,8,0.83,1
CGW_0001927,CORPORATE,INFINITE,1718.07,7995_BETTING,Windows_Chrome,SG,MATCH,BYPASSED,10,0.06,1
CGW_0001928,PREPAID,SIGNATURE,2974.57,4829_MONEY_TRANSFER,Windows_Chrome,US,MATCH,BYPASSED,11,0.36,0
CGW_0001929,DEBIT,PLATINUM,3833.39,4829_MONEY_TRANSFER,iOS,AE,MATCH,BYPASSED,8,0.64,1
CGW_0001930,DEBIT,CLASSIC,2613.34,5732_ELECTRONICS,MacOS_Safari,SG,MATCH,SUCCESS_BIOMETRIC,2,0.11,0
CGW_0001931,PREPAID,GOLD,686.86,4722_TRAVEL,iOS,GB,MISMATCH,SUCCESS_BIOMETRIC,4,0.10,1
CGW_0001932,CREDIT,SIGNATURE,3939.92,5411_GROCERY,Android,US,MATCH,FAILED,8,0.63,0
CGW_0001933,PREPAID,INFINITE,378.06,4722_TRAVEL,Android,AE,MATCH,FAILED,5,0.69,0
CGW_0001934,CORPORATE,PLATINUM,260.76,7995_BETTING,Linux_Firefox,IN,MATCH,FAILED,12,0.96,1
CGW_0001935,CREDIT,CLASSIC,401.09,7995_BETTING,iOS,GB,MISMATCH,SUCCESS_OTP,10,0.86,1
CGW_0001936,CORPORATE,INFINITE,1043.59,7995_BETTING,Windows_Chrome,AU,MATCH,SUCCESS_OTP,10,0.87,1
CGW_0001937,CORPORATE,INFINITE,1809.44,5812_RESTAURANT,Windows_Chrome,AU,MISMATCH,SUCCESS_OTP,5,0.89,1
CGW_0001938,CORPORATE,INFINITE,3144.05,5732_ELECTRONICS,iOS,AU,MISMATCH,BYPASSED,6,0.06,1
CGW_0001939,PREPAID,GOLD,1056.69,4829_MONEY_TRANSFER,Windows_Chrome,AU,MATCH,FAILED,5,0.59,0
CGW_0001940,CREDIT,PLATINUM,1095.19,4829_MONEY_TRANSFER,Windows_Chrome,CA,MATCH,FAILED,9,0.25,0
CGW_0001941,DEBIT,INFINITE,484.59,4829_MONEY_TRANSFER,MacOS_Safari,US,MISMATCH,SUCCESS_OTP,4,0.57,1
CGW_0001942,CORPORATE,GOLD,2205.62,7995_BETTING,iOS,AU,MATCH,SUCCESS_BIOMETRIC,1,0.93,1
CGW_0001943,CREDIT,PLATINUM,1777.76,4722_TRAVEL,Linux_Firefox,IN,MATCH,SUCCESS_OTP,4,0.27,0
CGW_0001944,CORPORATE,GOLD,3783.11,5411_GROCERY,MacOS_Safari,AU,MATCH,FAILED,6,0.81,1
CGW_0001945,DEBIT,SIGNATURE,718.37,5411_GROCERY,Linux_Firefox,AE,MISMATCH,SUCCESS_OTP,5,0.87,1
CGW_0001946,CREDIT,PLATINUM,1629.63,5411_GROCERY,Windows_Chrome,GB,MATCH,SUCCESS_OTP,7,0.25,0
CGW_0001947,CORPORATE,CLASSIC,2372.12,5812_RESTAURANT,MacOS_Safari,IN,MATCH,BYPASSED,3,0.48,0
CGW_0001948,CREDIT,SIGNATURE,3052.67,5732_ELECTRONICS,iOS,DE,MATCH,SUCCESS_OTP,6,0.48,1
CGW_0001949,PREPAID,PLATINUM,3914.63,7995_BETTING,Android,DE,MATCH,SUCCESS_BIOMETRIC,8,0.37,1
CGW_0001950,PREPAID,SIGNATURE,2855.60,5812_RESTAURANT,Windows_Chrome,SG,MATCH,BYPASSED,10,0.42,0
CGW_0001951,DEBIT,GOLD,3333.25,5411_GROCERY,Linux_Firefox,AE,MATCH,SUCCESS_OTP,2,0.10,1
CGW_0001952,CREDIT,INFINITE,799.69,5812_RESTAURANT,MacOS_Safari,IN,MISMATCH,BYPASSED,5,0.43,1
CGW_0001953,PREPAID,GOLD,1079.41,7995_BETTING,Android,GB,MATCH,FAILED,7,0.63,1
CGW_0001954,DEBIT,GOLD,802.79,5732_ELECTRONICS,Android,CA,MATCH,SUCCESS_OTP,6,0.33,0
CGW_0001955,CORPORATE,GOLD,1303.69,5812_RESTAURANT,Linux_Firefox,AU,MATCH,SUCCESS_BIOMETRIC,9,0.28,0
CGW_0001956,CORPORATE,GOLD,225.72,5812_RESTAURANT,Linux_Firefox,CA,MATCH,BYPASSED,9,0.29,0
CGW_0001957,PREPAID,INFINITE,4073.55,7995_BETTING,Windows_Chrome,CA,MATCH,BYPASSED,9,0.66,1
CGW_0001958,CREDIT,CLASSIC,3959.27,5411_GROCERY,MacOS_Safari,AU,MATCH,BYPASSED,3,0.31,0
CGW_0001959,PREPAID,GOLD,3126.04,5812_RESTAURANT,Windows_Chrome,CA,MATCH,FAILED,2,0.78,0
CGW_0001960,DEBIT,SIGNATURE,331.19,5812_RESTAURANT,Windows_Chrome,AE,MATCH,SUCCESS_BIOMETRIC,4,0.03,0
CGW_0001961,PREPAID,PLATINUM,2003.77,4722_TRAVEL,Linux_Firefox,US,MATCH,SUCCESS_OTP,8,0.22,0
CGW_0001962,CREDIT,CLASSIC,3849.11,4829_MONEY_TRANSFER,Android,IN,MATCH,SUCCESS_BIOMETRIC,10,0.46,0
CGW_0001963,CREDIT,CLASSIC,2225.95,7995_BETTING,iOS,SG,MATCH,SUCCESS_OTP,11,0.74,1
CGW_0001964,CORPORATE,CLASSIC,1480.61,7995_BETTING,Windows_Chrome,SG,MISMATCH,SUCCESS_BIOMETRIC,7,0.47,1
CGW_0001965,DEBIT,CLASSIC,3180.50,5732_ELECTRONICS,Windows_Chrome,AE,MATCH,BYPASSED,8,0.72,0
CGW_0001966,PREPAID,CLASSIC,3069.26,5812_RESTAURANT,iOS,DE,MATCH,SUCCESS_BIOMETRIC,10,0.38,0
CGW_0001967,DEBIT,SIGNATURE,2492.76,7995_BETTING,Windows_Chrome,CA,MATCH,BYPASSED,3,0.07,1
CGW_0001968,CREDIT,SIGNATURE,2792.49,4722_TRAVEL,iOS,US,MATCH,SUCCESS_OTP,4,0.69,0
CGW_0001969,CORPORATE,SIGNATURE,2542.49,5411_GROCERY,Linux_Firefox,GB,MATCH,BYPASSED,5,0.49,0
CGW_0001970,CORPORATE,PLATINUM,157.25,7995_BETTING,Windows_Chrome,AU,MATCH,SUCCESS_OTP,7,0.08,1
CGW_0001971,CORPORATE,GOLD,1681.87,7995_BETTING,MacOS_Safari,AU,MATCH,FAILED,4,0.63,1
CGW_0001972,DEBIT,SIGNATURE,540.71,5411_GROCERY,Windows_Chrome,SG,MATCH,SUCCESS_BIOMETRIC,7,0.65,0
CGW_0001973,CREDIT,GOLD,4337.61,5732_ELECTRONICS,Windows_Chrome,GB,MATCH,FAILED,2,0.82,1
CGW_0001974,PREPAID,INFINITE,105.99,5812_RESTAURANT,Windows_Chrome,SG,MATCH,SUCCESS_BIOMETRIC,5,0.53,0
CGW_0001975,CORPORATE,GOLD,3723.96,5812_RESTAURANT,Windows_Chrome,CA,MATCH,FAILED,11,0.50,1
CGW_0001976,CORPORATE,PLATINUM,4491.94,5732_ELECTRONICS,Android,IN,MISMATCH,SUCCESS_OTP,7,0.17,1
CGW_0001977,CREDIT,CLASSIC,481.55,7995_BETTING,Android,AU,MISMATCH,BYPASSED,4,0.31,1
CGW_0001978,CORPORATE,CLASSIC,936.51,4722_TRAVEL,iOS,AE,MISMATCH,FAILED,11,0.98,1
CGW_0001979,CORPORATE,GOLD,2457.78,4829_MONEY_TRANSFER,MacOS_Safari,SG,MATCH,BYPASSED,12,0.10,0
CGW_0001980,CREDIT,PLATINUM,1612.23,5812_RESTAURANT,iOS,US,MISMATCH,SUCCESS_OTP,8,0.31,1
CGW_0001981,DEBIT,PLATINUM,2508.66,5732_ELECTRONICS,Linux_Firefox,AU,MATCH,FAILED,6,0.24,0
CGW_0001982,CREDIT,PLATINUM,2943.64,5732_ELECTRONICS,Android,AE,MATCH,BYPASSED,10,0.06,0
CGW_0001983,DEBIT,CLASSIC,3057.00,5732_ELECTRONICS,Linux_Firefox,IN,MATCH,BYPASSED,12,0.53,0
CGW_0001984,CREDIT,CLASSIC,2083.80,5411_GROCERY,Android,CA,MATCH,SUCCESS_BIOMETRIC,9,0.45,0
CGW_0001985,CORPORATE,GOLD,615.04,5732_ELECTRONICS,iOS,GB,MATCH,SUCCESS_BIOMETRIC,6,0.03,0
CGW_0001986,CREDIT,INFINITE,2778.68,5732_ELECTRONICS,Android,GB,MATCH,BYPASSED,7,0.32,0
CGW_0001987,CORPORATE,INFINITE,3426.28,4722_TRAVEL,Windows_Chrome,IN,MATCH,SUCCESS_BIOMETRIC,9,0.59,0
CGW_0001988,DEBIT,PLATINUM,1369.55,4722_TRAVEL,Linux_Firefox,GB,MATCH,FAILED,6,0.62,0
CGW_0001989,CREDIT,INFINITE,2595.63,5812_RESTAURANT,iOS,IN,MATCH,SUCCESS_BIOMETRIC,3,0.94,1
CGW_0001990,DEBIT,CLASSIC,1100.05,5812_RESTAURANT,Windows_Chrome,AU,MATCH,FAILED,12,0.45,0
CGW_0001991,DEBIT,GOLD,2656.92,7995_BETTING,Linux_Firefox,AE,MATCH,FAILED,1,0.16,1
CGW_0001992,DEBIT,SIGNATURE,982.80,5411_GROCERY,Windows_Chrome,AU,MISMATCH,SUCCESS_OTP,7,0.47,1
CGW_0001993,CREDIT,GOLD,2989.67,7995_BETTING,MacOS_Safari,IN,MATCH,BYPASSED,3,0.77,1
CGW_0001994,DEBIT,CLASSIC,3817.31,7995_BETTING,Android,CA,MISMATCH,BYPASSED,3,0.45,1
CGW_0001995,CORPORATE,INFINITE,1020.73,7995_BETTING,MacOS_Safari,CA,MATCH,SUCCESS_OTP,9,0.38,1
CGW_0001996,CREDIT,CLASSIC,2334.73,5812_RESTAURANT,Linux_Firefox,CA,MATCH,SUCCESS_BIOMETRIC,3,0.19,0
CGW_0001997,DEBIT,SIGNATURE,379.16,5411_GROCERY,Linux_Firefox,IN,MATCH,SUCCESS_BIOMETRIC,2,0.69,0
CGW_0001998,CREDIT,SIGNATURE,149.01,5732_ELECTRONICS,MacOS_Safari,US,MATCH,SUCCESS_BIOMETRIC,2,0.28,0
CGW_0001999,CORPORATE,CLASSIC,2339.22,4829_MONEY_TRANSFER,Windows_Chrome,DE,MATCH,BYPASSED,1,0.80,0
CGW_0002000,PREPAID,PLATINUM,786.04,5812_RESTAURANT,Android,GB,MATCH,SUCCESS_BIOMETRIC,11,0.36,0
CGW_0002001,PREPAID,INFINITE,3387.60,5411_GROCERY,iOS,AU,MISMATCH,SUCCESS_BIOMETRIC,4,0.30,1
CGW_0002002,CREDIT,GOLD,4015.00,4722_TRAVEL,Windows_Chrome,IN,MATCH,SUCCESS_OTP,7,0.96,1
CGW_0002003,DEBIT,GOLD,4397.90,7995_BETTING,Android,AE,MATCH,FAILED,8,0.53,1
CGW_0002004,CORPORATE,INFINITE,3213.45,4722_TRAVEL,Windows_Chrome,US,MATCH,SUCCESS_BIOMETRIC,4,0.03,0
CGW_0002005,CORPORATE,INFINITE,3613.61,5812_RESTAURANT,iOS,GB,MATCH,BYPASSED,9,0.38,0
CGW_0002006,PREPAID,SIGNATURE,2865.60,5812_RESTAURANT,MacOS_Safari,DE,MISMATCH,BYPASSED,11,0.60,1
CGW_0002007,CREDIT,PLATINUM,4311.27,5812_RESTAURANT,Windows_Chrome,CA,MATCH,BYPASSED,8,0.97,1
CGW_0002008,CORPORATE,GOLD,3800.77,4722_TRAVEL,Linux_Firefox,AE,MATCH,SUCCESS_OTP,1,0.71,0
CGW_0002009,PREPAID,PLATINUM,215.96,5732_ELECTRONICS,Android,CA,MISMATCH,BYPASSED,4,0.86,1
CGW_0002010,PREPAID,INFINITE,890.22,5411_GROCERY,Windows_Chrome,GB,MISMATCH,SUCCESS_OTP,4,0.34,1
CGW_0002011,PREPAID,INFINITE,3403.76,5411_GROCERY,Android,SG,MISMATCH,BYPASSED,12,0.91,1
CGW_0002012,CORPORATE,SIGNATURE,353.56,5812_RESTAURANT,MacOS_Safari,US,MATCH,SUCCESS_OTP,5,0.29,0
CGW_0002013,DEBIT,PLATINUM,2311.42,5812_RESTAURANT,Windows_Chrome,DE,MISMATCH,BYPASSED,1,0.58,1
CGW_0002014,PREPAID,INFINITE,4469.18,5812_RESTAURANT,Linux_Firefox,IN,MATCH,SUCCESS_BIOMETRIC,4,0.22,0
CGW_0002015,PREPAID,CLASSIC,170.37,4722_TRAVEL,Android,US,MISMATCH,BYPASSED,2,0.58,1
CGW_0002016,DEBIT,PLATINUM,3391.60,5732_ELECTRONICS,Linux_Firefox,IN,MATCH,FAILED,7,0.16,1
CGW_0002017,CREDIT,CLASSIC,4008.84,5411_GROCERY,Windows_Chrome,GB,MISMATCH,SUCCESS_OTP,1,0.72,1
CGW_0002018,PREPAID,PLATINUM,1667.70,5411_GROCERY,Android,DE,MISMATCH,SUCCESS_OTP,10,0.82,1
CGW_0002019,CREDIT,SIGNATURE,4051.53,5732_ELECTRONICS,Linux_Firefox,DE,MATCH,SUCCESS_BIOMETRIC,9,0.93,1
CGW_0002020,DEBIT,GOLD,3524.99,5812_RESTAURANT,MacOS_Safari,DE,MATCH,BYPASSED,3,0.27,1
CGW_0002021,CREDIT,INFINITE,3180.74,5411_GROCERY,MacOS_Safari,GB,MISMATCH,SUCCESS_OTP,2,0.88,1
CGW_0002022,CORPORATE,CLASSIC,1523.34,5732_ELECTRONICS,iOS,US,MATCH,FAILED,12,0.02,0
CGW_0002023,PREPAID,CLASSIC,2003.17,4829_MONEY_TRANSFER,Linux_Firefox,DE,MATCH,FAILED,10,0.82,0
CGW_0002024,DEBIT,CLASSIC,2579.49,4829_MONEY_TRANSFER,Android,GB,MATCH,SUCCESS_OTP,11,0.25,0
CGW_0002025,DEBIT,PLATINUM,1817.97,7995_BETTING,iOS,AU,MATCH,BYPASSED,10,0.39,1
CGW_0002026,PREPAID,PLATINUM,3714.53,5411_GROCERY,Android,GB,MISMATCH,SUCCESS_BIOMETRIC,11,0.39,1
CGW_0002027,CREDIT,CLASSIC,1839.88,4829_MONEY_TRANSFER,Android,AE,MATCH,BYPASSED,1,0.71,0
CGW_0002028,PREPAID,PLATINUM,2299.01,5411_GROCERY,Android,US,MISMATCH,FAILED,8,0.18,1
CGW_0002029,PREPAID,CLASSIC,3298.52,7995_BETTING,Windows_Chrome,US,MISMATCH,SUCCESS_OTP,5,0.80,1
CGW_0002030,CREDIT,SIGNATURE,4454.17,5732_ELECTRONICS,MacOS_Safari,GB,MATCH,FAILED,7,0.65,0
CGW_0002031,CREDIT,CLASSIC,3485.71,5411_GROCERY,MacOS_Safari,AE,MATCH,BYPASSED,2,0.49,0
CGW_0002032,CORPORATE,GOLD,117.16,5732_ELECTRONICS,MacOS_Safari,US,MATCH,SUCCESS_BIOMETRIC,2,0.97,1
CGW_0002033,DEBIT,PLATINUM,954.24,5411_GROCERY,Android,AE,MATCH,SUCCESS_BIOMETRIC,4,0.62,0
CGW_0002034,CREDIT,CLASSIC,1496.83,5812_RESTAURANT,Linux_Firefox,SG,MATCH,FAILED,9,0.25,0
CGW_0002035,DEBIT,CLASSIC,3265.79,5411_GROCERY,MacOS_Safari,AE,MATCH,SUCCESS_OTP,3,0.32,1
CGW_0002036,DEBIT,PLATINUM,3445.31,4829_MONEY_TRANSFER,Linux_Firefox,SG,MISMATCH,FAILED,12,0.88,1
CGW_0002037,CREDIT,PLATINUM,1580.63,5411_GROCERY,Windows_Chrome,US,MATCH,BYPASSED,9,0.40,0
CGW_0002038,CREDIT,SIGNATURE,3686.70,5732_ELECTRONICS,Windows_Chrome,SG,MATCH,FAILED,10,0.31,0
CGW_0002039,CORPORATE,CLASSIC,3172.86,4829_MONEY_TRANSFER,MacOS_Safari,SG,MISMATCH,FAILED,4,0.15,1
CGW_0002040,CORPORATE,GOLD,3954.62,7995_BETTING,Linux_Firefox,GB,MISMATCH,SUCCESS_BIOMETRIC,12,0.08,1
CGW_0002041,PREPAID,PLATINUM,1456.26,4829_MONEY_TRANSFER,Android,AU,MISMATCH,SUCCESS_OTP,9,0.99,1
CGW_0002042,CREDIT,INFINITE,4256.80,4829_MONEY_TRANSFER,Windows_Chrome,DE,MATCH,FAILED,7,0.96,1
CGW_0002043,DEBIT,PLATINUM,2327.07,7995_BETTING,MacOS_Safari,SG,MATCH,FAILED,6,0.23,1
CGW_0002044,DEBIT,INFINITE,3107.40,7995_BETTING,MacOS_Safari,AE,MISMATCH,SUCCESS_BIOMETRIC,10,0.17,1
CGW_0002045,PREPAID,CLASSIC,176.28,5411_GROCERY,Android,CA,MATCH,FAILED,11,0.02,0
CGW_0002046,PREPAID,PLATINUM,596.32,4829_MONEY_TRANSFER,Windows_Chrome,US,MATCH,SUCCESS_OTP,10,0.69,0
CGW_0002047,DEBIT,INFINITE,2134.80,4829_MONEY_TRANSFER,Windows_Chrome,AU,MATCH,SUCCESS_BIOMETRIC,7,0.58,0
CGW_0002048,CREDIT,GOLD,1326.18,7995_BETTING,Android,AU,MATCH,FAILED,9,0.88,1
CGW_0002049,CORPORATE,GOLD,561.22,5411_GROCERY,Linux_Firefox,CA,MATCH,SUCCESS_BIOMETRIC,5,0.50,0
CGW_0002050,CREDIT,CLASSIC,1175.46,5812_RESTAURANT,Windows_Chrome,CA,MATCH,SUCCESS_BIOMETRIC,1,0.97,1
CGW_0002051,CREDIT,INFINITE,81.82,5732_ELECTRONICS,Linux_Firefox,IN,MATCH,BYPASSED,5,0.16,0
CGW_0002052,DEBIT,INFINITE,3841.96,4722_TRAVEL,Android,US,MATCH,SUCCESS_OTP,10,0.35,0
CGW_0002053,PREPAID,PLATINUM,1619.36,5812_RESTAURANT,MacOS_Safari,AU,MATCH,SUCCESS_BIOMETRIC,10,0.09,0
CGW_0002054,CORPORATE,SIGNATURE,1390.25,4722_TRAVEL,Linux_Firefox,US,MATCH,FAILED,8,0.44,0
CGW_0002055,CORPORATE,SIGNATURE,145.67,5411_GROCERY,Linux_Firefox,AE,MATCH,SUCCESS_BIOMETRIC,8,0.24,0
CGW_0002056,CREDIT,PLATINUM,3747.11,5411_GROCERY,iOS,DE,MATCH,SUCCESS_BIOMETRIC,8,0.38,0
CGW_0002057,CREDIT,SIGNATURE,578.04,5732_ELECTRONICS,Windows_Chrome,DE,MISMATCH,FAILED,11,0.41,1
CGW_0002058,CREDIT,INFINITE,2071.61,4829_MONEY_TRANSFER,Android,CA,MATCH,FAILED,6,0.26,0
CGW_0002059,DEBIT,INFINITE,1410.66,7995_BETTING,Android,US,MATCH,BYPASSED,10,0.89,1
CGW_0002060,CORPORATE,CLASSIC,1583.34,4722_TRAVEL,Linux_Firefox,CA,MATCH,SUCCESS_OTP,9,0.77,0
CGW_0002061,CORPORATE,SIGNATURE,1096.77,5732_ELECTRONICS,iOS,IN,MATCH,FAILED,7,0.98,1
CGW_0002062,CREDIT,INFINITE,3720.76,5732_ELECTRONICS,Android,AE,MATCH,SUCCESS_OTP,6,0.30,0
CGW_0002063,CORPORATE,INFINITE,3829.30,4829_MONEY_TRANSFER,MacOS_Safari,SG,MATCH,SUCCESS_BIOMETRIC,1,0.66,0
CGW_0002064,CORPORATE,PLATINUM,2859.94,4722_TRAVEL,Windows_Chrome,SG,MISMATCH,BYPASSED,1,0.72,1
CGW_0002065,DEBIT,SIGNATURE,1649.37,5411_GROCERY,iOS,IN,MATCH,SUCCESS_OTP,4,0.29,0
CGW_0002066,DEBIT,GOLD,3105.02,7995_BETTING,Linux_Firefox,AU,MATCH,SUCCESS_BIOMETRIC,9,0.40,1
CGW_0002067,DEBIT,SIGNATURE,1385.40,4829_MONEY_TRANSFER,Linux_Firefox,AE,MATCH,BYPASSED,6,0.79,0
CGW_0002068,CORPORATE,SIGNATURE,1516.56,5411_GROCERY,Windows_Chrome,AU,MATCH,SUCCESS_OTP,3,0.54,0
CGW_0002069,CORPORATE,PLATINUM,2301.68,5411_GROCERY,Windows_Chrome,SG,MISMATCH,BYPASSED,11,0.58,1
CGW_0002070,PREPAID,INFINITE,3948.09,4722_TRAVEL,Android,US,MATCH,SUCCESS_BIOMETRIC,4,0.93,1
CGW_0002071,PREPAID,GOLD,961.99,4722_TRAVEL,Android,GB,MISMATCH,FAILED,11,0.21,1
CGW_0002072,PREPAID,CLASSIC,181.94,4722_TRAVEL,MacOS_Safari,IN,MATCH,BYPASSED,9,0.20,0
CGW_0002073,DEBIT,CLASSIC,2618.98,5732_ELECTRONICS,MacOS_Safari,IN,MATCH,BYPASSED,3,0.76,0
CGW_0002074,CREDIT,CLASSIC,3440.39,5732_ELECTRONICS,Linux_Firefox,GB,MATCH,SUCCESS_OTP,8,0.43,0
CGW_0002075,PREPAID,INFINITE,818.92,7995_BETTING,Linux_Firefox,GB,MATCH,SUCCESS_OTP,2,0.92,1
CGW_0002076,CORPORATE,INFINITE,882.01,4722_TRAVEL,Android,IN,MATCH,FAILED,5,0.44,0
CGW_0002077,CORPORATE,PLATINUM,3340.98,4829_MONEY_TRANSFER,iOS,DE,MISMATCH,SUCCESS_OTP,5,0.08,1
CGW_0002078,CREDIT,CLASSIC,3879.96,4829_MONEY_TRANSFER,Windows_Chrome,DE,MATCH,BYPASSED,12,0.76,0
CGW_0002079,DEBIT,CLASSIC,2768.93,5732_ELECTRONICS,Windows_Chrome,AU,MATCH,SUCCESS_BIOMETRIC,1,0.10,0
CGW_0002080,CREDIT,INFINITE,1998.70,5411_GROCERY,Android,CA,MATCH,SUCCESS_BIOMETRIC,8,0.57,0
CGW_0002081,CREDIT,PLATINUM,3571.92,5732_ELECTRONICS,MacOS_Safari,IN,MATCH,SUCCESS_BIOMETRIC,8,0.46,0
CGW_0002082,CREDIT,SIGNATURE,3484.95,4829_MONEY_TRANSFER,MacOS_Safari,AU,MATCH,FAILED,7,0.06,0
CGW_0002083,PREPAID,CLASSIC,1244.97,7995_BETTING,Android,CA,MISMATCH,FAILED,3,0.08,1
CGW_0002084,PREPAID,INFINITE,2489.47,5812_RESTAURANT,MacOS_Safari,US,MISMATCH,FAILED,3,0.21,1
CGW_0002085,CREDIT,CLASSIC,3587.44,5812_RESTAURANT,Linux_Firefox,US,MISMATCH,FAILED,12,0.95,1
CGW_0002086,PREPAID,PLATINUM,201.84,5732_ELECTRONICS,iOS,DE,MATCH,SUCCESS_BIOMETRIC,7,0.13,0
CGW_0002087,PREPAID,CLASSIC,4392.90,5812_RESTAURANT,Linux_Firefox,SG,MATCH,SUCCESS_OTP,8,0.75,1
CGW_0002088,CORPORATE,INFINITE,3664.96,5411_GROCERY,Linux_Firefox,IN,MATCH,FAILED,8,0.30,1
CGW_0002089,CREDIT,INFINITE,3878.94,5411_GROCERY,MacOS_Safari,AU,MATCH,SUCCESS_BIOMETRIC,8,0.95,1
CGW_0002090,CORPORATE,CLASSIC,2236.13,4829_MONEY_TRANSFER,Android,US,MATCH,BYPASSED,6,0.62,0
CGW_0002091,PREPAID,GOLD,4171.84,4722_TRAVEL,Android,CA,MATCH,BYPASSED,6,0.59,0
CGW_0002092,PREPAID,PLATINUM,3259.74,5732_ELECTRONICS,Windows_Chrome,AE,MISMATCH,SUCCESS_BIOMETRIC,10,0.66,1
CGW_0002093,CREDIT,CLASSIC,4268.82,5732_ELECTRONICS,Android,IN,MISMATCH,SUCCESS_OTP,11,0.84,1
CGW_0002094,DEBIT,GOLD,3699.38,7995_BETTING,Android,AE,MATCH,BYPASSED,12,0.65,1
CGW_0002095,CORPORATE,PLATINUM,4268.56,5411_GROCERY,MacOS_Safari,GB,MISMATCH,BYPASSED,2,0.96,1
CGW_0002096,CORPORATE,SIGNATURE,2443.26,5411_GROCERY,Linux_Firefox,GB,MISMATCH,FAILED,3,0.34,1
CGW_0002097,DEBIT,SIGNATURE,4235.63,5732_ELECTRONICS,Android,SG,MATCH,SUCCESS_OTP,10,0.06,0
CGW_0002098,DEBIT,PLATINUM,2407.75,7995_BETTING,Windows_Chrome,AE,MATCH,BYPASSED,8,0.66,1
CGW_0002099,CORPORATE,PLATINUM,219.81,5411_GROCERY,MacOS_Safari,AU,MATCH,BYPASSED,6,0.95,1
CGW_0002100,PREPAID,PLATINUM,1586.97,4829_MONEY_TRANSFER,Windows_Chrome,SG,MATCH,BYPASSED,8,0.68,0
CGW_0002101,CORPORATE,CLASSIC,802.00,4722_TRAVEL,iOS,AE,MATCH,BYPASSED,5,0.03,0
CGW_0002102,CREDIT,PLATINUM,3006.54,4829_MONEY_TRANSFER,MacOS_Safari,IN,MATCH,FAILED,6,0.89,1
CGW_0002103,CORPORATE,SIGNATURE,1269.15,4722_TRAVEL,Linux_Firefox,AU,MISMATCH,BYPASSED,6,0.61,1
CGW_0002104,CREDIT,INFINITE,4201.19,5411_GROCERY,iOS,IN,MATCH,FAILED,12,0.46,0
CGW_0002105,CORPORATE,SIGNATURE,687.29,4722_TRAVEL,Windows_Chrome,SG,MISMATCH,FAILED,4,0.68,1
CGW_0002106,DEBIT,CLASSIC,2238.63,5411_GROCERY,iOS,AU,MATCH,SUCCESS_BIOMETRIC,3,0.12,0
CGW_0002107,PREPAID,INFINITE,1682.60,7995_BETTING,Linux_Firefox,CA,MATCH,SUCCESS_OTP,10,0.12,1
CGW_0002108,CORPORATE,INFINITE,1185.89,4722_TRAVEL,Android,DE,MISMATCH,SUCCESS_OTP,3,0.85,1
CGW_0002109,CORPORATE,PLATINUM,3855.37,5812_RESTAURANT,MacOS_Safari,AE,MATCH,SUCCESS_BIOMETRIC,5,0.65,0
CGW_0002110,CREDIT,SIGNATURE,50.54,4722_TRAVEL,iOS,DE,MATCH,SUCCESS_OTP,7,0.41,0
CGW_0002111,CREDIT,SIGNATURE,3953.46,4722_TRAVEL,MacOS_Safari,SG,MATCH,BYPASSED,2,0.47,1
CGW_0002112,PREPAID,GOLD,2155.84,5732_ELECTRONICS,Windows_Chrome,CA,MATCH,FAILED,3,0.56,0
CGW_0002113,CREDIT,INFINITE,2624.46,4829_MONEY_TRANSFER,MacOS_Safari,SG,MATCH,SUCCESS_BIOMETRIC,10,0.81,0
CGW_0002114,CREDIT,CLASSIC,273.02,5732_ELECTRONICS,Android,IN,MATCH,FAILED,5,0.98,1
CGW_0002115,CREDIT,INFINITE,2566.58,7995_BETTING,iOS,AU,MATCH,SUCCESS_BIOMETRIC,6,0.12,1
CGW_0002116,CORPORATE,PLATINUM,552.87,4722_TRAVEL,iOS,US,MATCH,SUCCESS_OTP,4,0.47,0
CGW_0002117,PREPAID,GOLD,3059.92,5411_GROCERY,Linux_Firefox,AE,MATCH,SUCCESS_BIOMETRIC,7,0.93,1
CGW_0002118,DEBIT,INFINITE,2165.35,7995_BETTING,MacOS_Safari,AE,MATCH,FAILED,8,0.34,1
CGW_0002119,CORPORATE,CLASSIC,2294.36,5812_RESTAURANT,iOS,AE,MISMATCH,SUCCESS_OTP,5,0.89,1
CGW_0002120,DEBIT,SIGNATURE,3351.98,5411_GROCERY,Linux_Firefox,CA,MATCH,SUCCESS_BIOMETRIC,12,0.03,0
CGW_0002121,CORPORATE,GOLD,3432.23,5732_ELECTRONICS,Android,DE,MATCH,SUCCESS_OTP,11,0.62,0
CGW_0002122,PREPAID,GOLD,3503.14,5812_RESTAURANT,Android,CA,MATCH,BYPASSED,3,0.64,1
CGW_0002123,CREDIT,SIGNATURE,1843.11,4722_TRAVEL,Linux_Firefox,CA,MATCH,SUCCESS_BIOMETRIC,5,0.39,0
CGW_0002124,PREPAID,SIGNATURE,1667.17,4829_MONEY_TRANSFER,Windows_Chrome,DE,MATCH,FAILED,7,0.69,0
CGW_0002125,CORPORATE,SIGNATURE,1119.15,7995_BETTING,Linux_Firefox,AU,MATCH,SUCCESS_OTP,8,0.94,1
CGW_0002126,DEBIT,SIGNATURE,454.25,7995_BETTING,MacOS_Safari,US,MATCH,BYPASSED,5,0.84,1
CGW_0002127,CREDIT,CLASSIC,3613.90,5812_RESTAURANT,Windows_Chrome,AU,MATCH,SUCCESS_OTP,2,0.77,0
CGW_0002128,CREDIT,SIGNATURE,3908.21,7995_BETTING,Linux_Firefox,GB,MISMATCH,FAILED,9,0.71,1
CGW_0002129,DEBIT,INFINITE,1439.80,4829_MONEY_TRANSFER,Android,CA,MATCH,FAILED,8,0.52,0
CGW_0002130,CORPORATE,PLATINUM,595.34,5411_GROCERY,Windows_Chrome,CA,MISMATCH,BYPASSED,1,0.56,1
CGW_0002131,CORPORATE,SIGNATURE,4383.93,5732_ELECTRONICS,Android,AU,MATCH,SUCCESS_BIOMETRIC,6,0.06,0
CGW_0002132,PREPAID,SIGNATURE,4229.66,5812_RESTAURANT,iOS,DE,MATCH,SUCCESS_BIOMETRIC,8,0.27,0
CGW_0002133,CORPORATE,GOLD,2941.02,4829_MONEY_TRANSFER,Windows_Chrome,AU,MISMATCH,SUCCESS_OTP,11,0.76,1
CGW_0002134,CORPORATE,PLATINUM,587.88,5732_ELECTRONICS,Linux_Firefox,DE,MATCH,SUCCESS_BIOMETRIC,8,0.67,0
CGW_0002135,DEBIT,CLASSIC,2057.49,4829_MONEY_TRANSFER,Android,AE,MATCH,BYPASSED,5,0.02,0
CGW_0002136,PREPAID,SIGNATURE,438.25,5411_GROCERY,Linux_Firefox,IN,MATCH,FAILED,9,0.47,0
CGW_0002137,CORPORATE,INFINITE,883.62,7995_BETTING,Windows_Chrome,CA,MATCH,SUCCESS_BIOMETRIC,4,0.67,1
CGW_0002138,CORPORATE,PLATINUM,614.44,5732_ELECTRONICS,iOS,GB,MATCH,BYPASSED,8,0.66,0
CGW_0002139,CREDIT,GOLD,995.26,5812_RESTAURANT,MacOS_Safari,AU,MATCH,SUCCESS_OTP,8,0.50,0
CGW_0002140,DEBIT,INFINITE,3565.86,4722_TRAVEL,Linux_Firefox,SG,MISMATCH,BYPASSED,9,0.68,1
CGW_0002141,CREDIT,INFINITE,3431.20,5732_ELECTRONICS,Android,SG,MATCH,SUCCESS_BIOMETRIC,6,0.14,1
CGW_0002142,DEBIT,INFINITE,463.45,5732_ELECTRONICS,Windows_Chrome,CA,MATCH,FAILED,4,0.65,0
CGW_0002143,DEBIT,SIGNATURE,3133.67,5732_ELECTRONICS,Windows_Chrome,SG,MISMATCH,FAILED,4,0.57,1
CGW_0002144,CREDIT,PLATINUM,360.95,7995_BETTING,Android,CA,MATCH,SUCCESS_OTP,4,0.52,1
CGW_0002145,DEBIT,INFINITE,274.83,7995_BETTING,Windows_Chrome,CA,MATCH,FAILED,9,0.95,1
CGW_0002146,CORPORATE,CLASSIC,4174.14,5411_GROCERY,iOS,AU,MATCH,FAILED,1,0.72,0
CGW_0002147,CREDIT,CLASSIC,2862.53,4722_TRAVEL,MacOS_Safari,CA,MATCH,BYPASSED,2,0.91,1
CGW_0002148,PREPAID,PLATINUM,3776.08,4829_MONEY_TRANSFER,Android,AU,MISMATCH,FAILED,5,0.37,1
CGW_0002149,CREDIT,CLASSIC,2328.88,5732_ELECTRONICS,Windows_Chrome,AE,MATCH,SUCCESS_OTP,9,0.97,1
CGW_0002150,CORPORATE,PLATINUM,617.50,5411_GROCERY,Windows_Chrome,US,MATCH,FAILED,5,0.28,0
CGW_0002151,CREDIT,PLATINUM,54.11,7995_BETTING,Android,AE,MISMATCH,FAILED,9,0.48,1
CGW_0002152,CREDIT,GOLD,2471.60,4829_MONEY_TRANSFER,Android,DE,MATCH,SUCCESS_OTP,5,0.94,1
CGW_0002153,PREPAID,CLASSIC,3877.22,5732_ELECTRONICS,Android,AE,MATCH,BYPASSED,7,0.81,1
CGW_0002154,PREPAID,SIGNATURE,2296.50,7995_BETTING,Linux_Firefox,DE,MATCH,SUCCESS_BIOMETRIC,11,0.86,1
CGW_0002155,CORPORATE,PLATINUM,3142.76,5411_GROCERY,MacOS_Safari,GB,MATCH,BYPASSED,12,0.88,1
CGW_0002156,DEBIT,PLATINUM,263.29,7995_BETTING,Windows_Chrome,AU,MATCH,SUCCESS_BIOMETRIC,1,0.77,1
CGW_0002157,PREPAID,INFINITE,2265.77,4722_TRAVEL,Linux_Firefox,AU,MATCH,SUCCESS_BIOMETRIC,6,0.94,1
CGW_0002158,CORPORATE,INFINITE,1795.02,5812_RESTAURANT,MacOS_Safari,IN,MISMATCH,SUCCESS_OTP,10,0.09,1
CGW_0002159,PREPAID,INFINITE,2188.77,5411_GROCERY,MacOS_Safari,AU,MATCH,BYPASSED,1,0.87,1
CGW_0002160,CREDIT,INFINITE,2265.10,4722_TRAVEL,Linux_Firefox,AE,MATCH,SUCCESS_OTP,5,0.80,0
CGW_0002161,CREDIT,INFINITE,4085.81,7995_BETTING,iOS,IN,MATCH,SUCCESS_OTP,4,0.88,1
CGW_0002162,DEBIT,CLASSIC,874.68,5812_RESTAURANT,Android,AU,MATCH,FAILED,7,0.41,0
CGW_0002163,CREDIT,PLATINUM,2427.24,5732_ELECTRONICS,Windows_Chrome,US,MATCH,BYPASSED,5,0.97,1
CGW_0002164,PREPAID,INFINITE,1107.05,5411_GROCERY,Linux_Firefox,SG,MISMATCH,FAILED,1,0.50,1
CGW_0002165,DEBIT,GOLD,470.51,5732_ELECTRONICS,Android,CA,MATCH,FAILED,2,0.03,0
CGW_0002166,DEBIT,PLATINUM,2330.93,5732_ELECTRONICS,MacOS_Safari,GB,MATCH,SUCCESS_OTP,11,0.62,0
CGW_0002167,CREDIT,SIGNATURE,3719.03,5812_RESTAURANT,Windows_Chrome,US,MATCH,SUCCESS_OTP,2,0.07,0
CGW_0002168,PREPAID,INFINITE,2972.89,5812_RESTAURANT,Android,DE,MATCH,SUCCESS_OTP,2,0.61,0
CGW_0002169,CORPORATE,CLASSIC,397.41,5812_RESTAURANT,Android,CA,MATCH,BYPASSED,6,0.19,0
CGW_0002170,PREPAID,SIGNATURE,921.56,5812_RESTAURANT,iOS,IN,MATCH,SUCCESS_BIOMETRIC,1,0.41,0
CGW_0002171,PREPAID,GOLD,1236.99,5411_GROCERY,Android,AE,MATCH,SUCCESS_BIOMETRIC,7,0.86,1
CGW_0002172,DEBIT,GOLD,3796.38,4829_MONEY_TRANSFER,Linux_Firefox,GB,MATCH,FAILED,9,0.51,1
CGW_0002173,PREPAID,CLASSIC,4262.34,4722_TRAVEL,MacOS_Safari,US,MISMATCH,SUCCESS_OTP,9,0.98,1
CGW_0002174,DEBIT,CLASSIC,2897.65,5732_ELECTRONICS,MacOS_Safari,CA,MATCH,FAILED,5,0.91,1
CGW_0002175,PREPAID,PLATINUM,829.91,7995_BETTING,Android,DE,MISMATCH,BYPASSED,1,0.04,1
CGW_0002176,PREPAID,GOLD,714.96,5812_RESTAURANT,MacOS_Safari,IN,MATCH,FAILED,1,0.14,0
CGW_0002177,DEBIT,GOLD,1306.80,7995_BETTING,Windows_Chrome,CA,MATCH,BYPASSED,5,0.69,1
CGW_0002178,PREPAID,PLATINUM,2111.97,7995_BETTING,MacOS_Safari,CA,MATCH,SUCCESS_BIOMETRIC,8,0.66,1
CGW_0002179,PREPAID,GOLD,2623.65,7995_BETTING,Windows_Chrome,GB,MATCH,SUCCESS_BIOMETRIC,4,0.12,1
CGW_0002180,PREPAID,INFINITE,4463.28,4722_TRAVEL,MacOS_Safari,DE,MATCH,SUCCESS_OTP,1,0.73,0
CGW_0002181,PREPAID,INFINITE,3834.22,5732_ELECTRONICS,Android,US,MATCH,BYPASSED,8,0.16,0
CGW_0002182,CORPORATE,CLASSIC,4195.54,5411_GROCERY,MacOS_Safari,DE,MATCH,BYPASSED,11,0.97,1
CGW_0002183,CREDIT,GOLD,2433.47,5411_GROCERY,MacOS_Safari,DE,MATCH,SUCCESS_BIOMETRIC,10,0.59,0
CGW_0002184,PREPAID,PLATINUM,77.50,4722_TRAVEL,Linux_Firefox,CA,MATCH,BYPASSED,11,0.33,0
CGW_0002185,PREPAID,PLATINUM,1612.94,4829_MONEY_TRANSFER,Android,CA,MATCH,SUCCESS_OTP,8,0.49,0
CGW_0002186,CORPORATE,INFINITE,2402.99,4722_TRAVEL,Windows_Chrome,AE,MATCH,FAILED,8,0.91,1
CGW_0002187,CREDIT,CLASSIC,2457.39,5411_GROCERY,MacOS_Safari,DE,MATCH,SUCCESS_BIOMETRIC,5,0.22,0
CGW_0002188,DEBIT,PLATINUM,2292.09,4722_TRAVEL,MacOS_Safari,GB,MATCH,SUCCESS_OTP,1,0.67,0
CGW_0002189,CORPORATE,PLATINUM,3604.24,7995_BETTING,Android,SG,MATCH,SUCCESS_OTP,7,0.04,1
CGW_0002190,CREDIT,CLASSIC,3174.00,5411_GROCERY,Windows_Chrome,US,MISMATCH,BYPASSED,5,0.84,1
CGW_0002191,PREPAID,CLASSIC,1896.07,7995_BETTING,Android,US,MISMATCH,FAILED,12,0.65,1
CGW_0002192,PREPAID,SIGNATURE,3882.06,7995_BETTING,Linux_Firefox,IN,MATCH,SUCCESS_BIOMETRIC,12,0.49,1
CGW_0002193,DEBIT,INFINITE,3455.45,4829_MONEY_TRANSFER,Windows_Chrome,GB,MATCH,BYPASSED,5,0.11,0
CGW_0002194,DEBIT,PLATINUM,3636.61,7995_BETTING,MacOS_Safari,GB,MATCH,BYPASSED,11,0.54,1
CGW_0002195,CORPORATE,GOLD,2403.55,7995_BETTING,iOS,US,MATCH,BYPASSED,1,0.26,1
CGW_0002196,DEBIT,CLASSIC,3396.09,4829_MONEY_TRANSFER,Linux_Firefox,DE,MISMATCH,SUCCESS_BIOMETRIC,8,0.50,1
CGW_0002197,PREPAID,SIGNATURE,1323.48,5812_RESTAURANT,Android,US,MISMATCH,BYPASSED,3,0.75,1
CGW_0002198,CREDIT,INFINITE,3642.25,5411_GROCERY,Windows_Chrome,AE,MATCH,SUCCESS_OTP,6,0.26,0
CGW_0002199,CREDIT,CLASSIC,461.39,7995_BETTING,Android,IN,MATCH,FAILED,3,0.27,1
CGW_0002200,PREPAID,SIGNATURE,3051.68,5732_ELECTRONICS,Windows_Chrome,DE,MISMATCH,SUCCESS_BIOMETRIC,4,0.90,1
CGW_0002201,DEBIT,INFINITE,1699.80,4722_TRAVEL,iOS,AE,MATCH,FAILED,10,0.52,0
CGW_0002202,PREPAID,INFINITE,128.46,5812_RESTAURANT,Android,IN,MISMATCH,BYPASSED,12,0.57,1
CGW_0002203,PREPAID,CLASSIC,4365.79,5732_ELECTRONICS,Android,CA,MATCH,SUCCESS_OTP,3,0.03,1
CGW_0002204,DEBIT,CLASSIC,4020.18,4722_TRAVEL,Windows_Chrome,US,MISMATCH,SUCCESS_BIOMETRIC,5,0.74,1
CGW_0002205,CREDIT,INFINITE,502.42,5812_RESTAURANT,iOS,AE,MATCH,BYPASSED,9,0.77,0
CGW_0002206,CORPORATE,INFINITE,1501.38,4829_MONEY_TRANSFER,Linux_Firefox,DE,MATCH,FAILED,2,0.48,0
CGW_0002207,PREPAID,CLASSIC,3398.25,4829_MONEY_TRANSFER,iOS,GB,MISMATCH,BYPASSED,10,0.87,1
CGW_0002208,PREPAID,PLATINUM,10.24,4829_MONEY_TRANSFER,MacOS_Safari,US,MISMATCH,SUCCESS_BIOMETRIC,11,0.65,1
CGW_0002209,PREPAID,CLASSIC,2564.47,7995_BETTING,MacOS_Safari,GB,MISMATCH,BYPASSED,4,0.28,1
CGW_0002210,DEBIT,INFINITE,500.70,5812_RESTAURANT,iOS,AE,MATCH,SUCCESS_BIOMETRIC,5,0.26,0
CGW_0002211,CORPORATE,INFINITE,1586.80,5411_GROCERY,Android,CA,MATCH,SUCCESS_BIOMETRIC,5,0.61,0
CGW_0002212,CREDIT,SIGNATURE,619.85,4829_MONEY_TRANSFER,Android,AE,MATCH,BYPASSED,5,0.10,0
CGW_0002213,CREDIT,SIGNATURE,1662.69,7995_BETTING,Android,CA,MATCH,SUCCESS_OTP,12,0.09,1
CGW_0002214,CORPORATE,INFINITE,276.43,5411_GROCERY,Windows_Chrome,CA,MATCH,FAILED,5,0.97,1
CGW_0002215,CREDIT,INFINITE,1342.07,7995_BETTING,iOS,AU,MISMATCH,SUCCESS_OTP,9,0.14,1
CGW_0002216,CORPORATE,CLASSIC,27.09,5732_ELECTRONICS,Linux_Firefox,AE,MATCH,FAILED,6,0.23,0
CGW_0002217,PREPAID,SIGNATURE,3855.88,5812_RESTAURANT,Android,AU,MATCH,SUCCESS_BIOMETRIC,3,0.86,1
CGW_0002218,PREPAID,CLASSIC,1790.33,4829_MONEY_TRANSFER,iOS,CA,MATCH,SUCCESS_OTP,4,0.33,0
CGW_0002219,PREPAID,PLATINUM,1407.68,5812_RESTAURANT,Windows_Chrome,GB,MATCH,BYPASSED,8,0.55,0
CGW_0002220,CREDIT,SIGNATURE,2205.64,5812_RESTAURANT,Linux_Firefox,SG,MATCH,FAILED,2,0.76,0
CGW_0002221,CORPORATE,PLATINUM,1839.07,4722_TRAVEL,MacOS_Safari,IN,MATCH,SUCCESS_BIOMETRIC,2,0.68,0
CGW_0002222,CORPORATE,PLATINUM,3371.90,5812_RESTAURANT,iOS,AE,MATCH,SUCCESS_BIOMETRIC,1,0.82,0
CGW_0002223,DEBIT,CLASSIC,4369.24,5732_ELECTRONICS,Android,SG,MATCH,FAILED,3,0.02,1
CGW_0002224,CREDIT,CLASSIC,4437.11,5732_ELECTRONICS,Linux_Firefox,US,MISMATCH,SUCCESS_OTP,7,0.35,1
CGW_0002225,DEBIT,INFINITE,4312.61,5732_ELECTRONICS,Android,US,MATCH,FAILED,1,0.77,1
CGW_0002226,CREDIT,PLATINUM,1121.23,4722_TRAVEL,Android,AU,MATCH,FAILED,8,0.43,0
CGW_0002227,CORPORATE,PLATINUM,2695.88,5411_GROCERY,Android,IN,MATCH,BYPASSED,8,0.79,0
CGW_0002228,DEBIT,SIGNATURE,4202.10,5732_ELECTRONICS,Windows_Chrome,US,MATCH,SUCCESS_BIOMETRIC,3,0.39,0
CGW_0002229,PREPAID,SIGNATURE,453.65,5732_ELECTRONICS,MacOS_Safari,AU,MATCH,BYPASSED,12,0.75,0
CGW_0002230,CREDIT,INFINITE,3411.28,5411_GROCERY,Android,CA,MATCH,FAILED,4,0.26,1
CGW_0002231,CREDIT,PLATINUM,2649.60,7995_BETTING,Windows_Chrome,GB,MATCH,FAILED,2,0.70,1
CGW_0002232,PREPAID,PLATINUM,1147.37,5812_RESTAURANT,Linux_Firefox,GB,MISMATCH,FAILED,11,0.33,1
CGW_0002233,DEBIT,INFINITE,3713.66,5812_RESTAURANT,Linux_Firefox,CA,MISMATCH,SUCCESS_BIOMETRIC,1,0.64,1
CGW_0002234,CREDIT,PLATINUM,1487.96,5732_ELECTRONICS,iOS,AE,MATCH,SUCCESS_OTP,11,0.58,0
CGW_0002235,CORPORATE,SIGNATURE,3537.75,4829_MONEY_TRANSFER,MacOS_Safari,AU,MISMATCH,FAILED,11,0.27,1
CGW_0002236,DEBIT,SIGNATURE,2812.44,4829_MONEY_TRANSFER,iOS,SG,MATCH,BYPASSED,6,0.15,0
CGW_0002237,DEBIT,SIGNATURE,2581.42,4722_TRAVEL,iOS,DE,MATCH,FAILED,9,0.88,1
CGW_0002238,PREPAID,SIGNATURE,3878.92,5411_GROCERY,Android,SG,MATCH,SUCCESS_BIOMETRIC,9,0.95,1
CGW_0002239,DEBIT,CLASSIC,3273.82,4722_TRAVEL,Android,SG,MATCH,SUCCESS_BIOMETRIC,7,0.30,1
CGW_0002240,DEBIT,SIGNATURE,1423.00,5411_GROCERY,MacOS_Safari,CA,MATCH,SUCCESS_BIOMETRIC,2,0.97,1
CGW_0002241,CORPORATE,INFINITE,1860.26,4829_MONEY_TRANSFER,Android,US,MATCH,SUCCESS_BIOMETRIC,11,0.93,1
CGW_0002242,CREDIT,INFINITE,114.73,4829_MONEY_TRANSFER,MacOS_Safari,AE,MATCH,FAILED,10,0.94,1
CGW_0002243,CORPORATE,PLATINUM,3507.27,4722_TRAVEL,Windows_Chrome,SG,MATCH,FAILED,9,0.92,1
CGW_0002244,CORPORATE,INFINITE,3003.49,4829_MONEY_TRANSFER,Android,CA,MATCH,SUCCESS_BIOMETRIC,7,0.42,1
CGW_0002245,DEBIT,CLASSIC,3984.93,5812_RESTAURANT,Linux_Firefox,US,MATCH,SUCCESS_OTP,4,0.36,1
CGW_0002246,CREDIT,INFINITE,2881.01,5812_RESTAURANT,MacOS_Safari,IN,MATCH,SUCCESS_BIOMETRIC,5,0.25,0
CGW_0002247,PREPAID,SIGNATURE,2700.90,7995_BETTING,Windows_Chrome,DE,MISMATCH,SUCCESS_BIOMETRIC,10,0.36,1
CGW_0002248,PREPAID,PLATINUM,4228.13,4829_MONEY_TRANSFER,MacOS_Safari,SG,MISMATCH,FAILED,9,0.13,1
CGW_0002249,CREDIT,SIGNATURE,715.23,4829_MONEY_TRANSFER,iOS,GB,MATCH,SUCCESS_OTP,9,0.47,0
CGW_0002250,PREPAID,SIGNATURE,110.85,5812_RESTAURANT,MacOS_Safari,IN,MATCH,FAILED,11,0.69,0
CGW_0002251,CORPORATE,GOLD,3244.66,4829_MONEY_TRANSFER,iOS,GB,MISMATCH,SUCCESS_OTP,11,0.22,1
CGW_0002252,CREDIT,CLASSIC,3451.18,4722_TRAVEL,Windows_Chrome,CA,MATCH,BYPASSED,12,0.02,1
CGW_0002253,CORPORATE,INFINITE,3319.89,4722_TRAVEL,iOS,IN,MATCH,FAILED,1,0.93,1
CGW_0002254,DEBIT,SIGNATURE,1287.64,5812_RESTAURANT,iOS,SG,MISMATCH,SUCCESS_OTP,3,0.85,1
CGW_0002255,CORPORATE,SIGNATURE,3159.25,7995_BETTING,MacOS_Safari,DE,MISMATCH,SUCCESS_BIOMETRIC,4,0.83,1
CGW_0002256,CREDIT,INFINITE,2140.26,4829_MONEY_TRANSFER,Windows_Chrome,SG,MATCH,FAILED,2,0.52,0
CGW_0002257,CREDIT,GOLD,418.05,4829_MONEY_TRANSFER,Windows_Chrome,SG,MISMATCH,SUCCESS_BIOMETRIC,7,0.09,1
CGW_0002258,CREDIT,PLATINUM,3564.88,4722_TRAVEL,Linux_Firefox,DE,MATCH,BYPASSED,1,0.82,0
CGW_0002259,DEBIT,INFINITE,1788.18,5732_ELECTRONICS,Windows_Chrome,CA,MATCH,FAILED,1,0.41,0
CGW_0002260,PREPAID,INFINITE,3445.40,4829_MONEY_TRANSFER,MacOS_Safari,SG,MATCH,BYPASSED,10,0.49,1
CGW_0002261,CORPORATE,GOLD,1108.91,5812_RESTAURANT,Android,US,MISMATCH,SUCCESS_OTP,4,0.73,1
CGW_0002262,CORPORATE,PLATINUM,4477.53,7995_BETTING,Android,AE,MISMATCH,FAILED,10,0.61,1
CGW_0002263,CORPORATE,INFINITE,2026.14,5411_GROCERY,MacOS_Safari,AE,MATCH,SUCCESS_BIOMETRIC,12,0.36,0
CGW_0002264,CORPORATE,INFINITE,803.68,5732_ELECTRONICS,Windows_Chrome,US,MISMATCH,FAILED,6,0.95,1
CGW_0002265,PREPAID,INFINITE,4195.94,5812_RESTAURANT,iOS,CA,MATCH,FAILED,4,0.07,1
CGW_0002266,DEBIT,INFINITE,661.22,5411_GROCERY,Linux_Firefox,US,MATCH,SUCCESS_OTP,5,0.90,1
CGW_0002267,CORPORATE,GOLD,1776.37,5812_RESTAURANT,Windows_Chrome,GB,MISMATCH,BYPASSED,11,0.71,1
CGW_0002268,CREDIT,INFINITE,2151.31,4722_TRAVEL,MacOS_Safari,GB,MISMATCH,SUCCESS_OTP,10,0.93,1
CGW_0002269,PREPAID,INFINITE,1292.85,4722_TRAVEL,iOS,AU,MISMATCH,SUCCESS_BIOMETRIC,1,0.62,1
CGW_0002270,DEBIT,GOLD,1656.18,5732_ELECTRONICS,iOS,IN,MISMATCH,BYPASSED,6,0.30,1
CGW_0002271,CREDIT,INFINITE,2152.18,7995_BETTING,Windows_Chrome,DE,MATCH,SUCCESS_OTP,9,0.19,1
CGW_0002272,CORPORATE,INFINITE,253.27,4829_MONEY_TRANSFER,iOS,GB,MATCH,FAILED,8,0.80,0
CGW_0002273,CORPORATE,CLASSIC,688.44,5411_GROCERY,Android,AE,MATCH,BYPASSED,3,0.20,0
CGW_0002274,DEBIT,INFINITE,3685.08,7995_BETTING,MacOS_Safari,US,MISMATCH,SUCCESS_BIOMETRIC,7,0.28,1
CGW_0002275,PREPAID,GOLD,4395.43,4829_MONEY_TRANSFER,MacOS_Safari,AE,MISMATCH,SUCCESS_BIOMETRIC,12,0.88,1
CGW_0002276,CORPORATE,SIGNATURE,560.66,5732_ELECTRONICS,Windows_Chrome,AE,MATCH,SUCCESS_BIOMETRIC,11,0.86,1
CGW_0002277,DEBIT,SIGNATURE,4002.29,7995_BETTING,Linux_Firefox,US,MATCH,BYPASSED,8,0.77,1
CGW_0002278,CREDIT,SIGNATURE,2089.20,5732_ELECTRONICS,Linux_Firefox,DE,MATCH,SUCCESS_OTP,12,0.20,0
CGW_0002279,CORPORATE,PLATINUM,1706.05,4829_MONEY_TRANSFER,MacOS_Safari,GB,MISMATCH,FAILED,8,0.75,1
CGW_0002280,PREPAID,INFINITE,2843.52,7995_BETTING,iOS,US,MISMATCH,SUCCESS_BIOMETRIC,10,0.44,1
CGW_0002281,DEBIT,SIGNATURE,4057.82,5411_GROCERY,Android,AE,MATCH,FAILED,3,0.03,0
CGW_0002282,DEBIT,CLASSIC,799.60,5732_ELECTRONICS,Linux_Firefox,GB,MATCH,FAILED,7,0.39,0
CGW_0002283,DEBIT,CLASSIC,4452.57,4722_TRAVEL,MacOS_Safari,US,MATCH,SUCCESS_BIOMETRIC,9,0.73,1
CGW_0002284,PREPAID,GOLD,1880.84,7995_BETTING,Windows_Chrome,GB,MISMATCH,SUCCESS_BIOMETRIC,11,0.46,1
CGW_0002285,DEBIT,SIGNATURE,784.54,4722_TRAVEL,Android,IN,MATCH,FAILED,5,0.62,0
CGW_0002286,PREPAID,INFINITE,1826.45,7995_BETTING,iOS,IN,MATCH,FAILED,8,0.86,1
CGW_0002287,DEBIT,CLASSIC,4240.96,4829_MONEY_TRANSFER,Windows_Chrome,AU,MATCH,SUCCESS_BIOMETRIC,8,0.46,1
CGW_0002288,DEBIT,SIGNATURE,639.97,5411_GROCERY,MacOS_Safari,AU,MATCH,FAILED,2,0.57,0
CGW_0002289,DEBIT,INFINITE,2232.67,5732_ELECTRONICS,iOS,GB,MATCH,SUCCESS_OTP,5,0.10,0
CGW_0002290,CREDIT,PLATINUM,4244.55,5812_RESTAURANT,Linux_Firefox,AU,MATCH,FAILED,11,0.62,1
CGW_0002291,DEBIT,GOLD,168.78,5812_RESTAURANT,Linux_Firefox,CA,MISMATCH,FAILED,12,0.59,1
CGW_0002292,CORPORATE,PLATINUM,1372.83,5411_GROCERY,Linux_Firefox,AU,MATCH,BYPASSED,12,0.54,0
CGW_0002293,PREPAID,INFINITE,2709.28,5732_ELECTRONICS,MacOS_Safari,AU,MISMATCH,SUCCESS_OTP,11,0.53,1
CGW_0002294,CREDIT,SIGNATURE,777.52,7995_BETTING,Linux_Firefox,US,MATCH,SUCCESS_OTP,10,0.49,1
CGW_0002295,DEBIT,GOLD,1477.45,4829_MONEY_TRANSFER,Linux_Firefox,IN,MATCH,FAILED,12,0.62,0
CGW_0002296,PREPAID,SIGNATURE,2233.49,5732_ELECTRONICS,Android,AE,MATCH,FAILED,3,0.57,0
CGW_0002297,DEBIT,SIGNATURE,4320.13,7995_BETTING,MacOS_Safari,IN,MATCH,BYPASSED,5,0.38,1
CGW_0002298,CREDIT,CLASSIC,2705.85,4722_TRAVEL,Windows_Chrome,DE,MATCH,BYPASSED,1,0.85,0
CGW_0002299,CORPORATE,SIGNATURE,1998.69,4722_TRAVEL,Android,GB,MATCH,SUCCESS_OTP,7,0.02,0
CGW_0002300,CORPORATE,INFINITE,2969.63,4722_TRAVEL,MacOS_Safari,AE,MATCH,BYPASSED,8,0.94,1
CGW_0002301,DEBIT,SIGNATURE,511.27,7995_BETTING,iOS,IN,MISMATCH,FAILED,10,0.70,1
CGW_0002302,CREDIT,INFINITE,1715.72,5411_GROCERY,MacOS_Safari,AE,MISMATCH,FAILED,11,0.81,1
CGW_0002303,CREDIT,GOLD,3527.98,5732_ELECTRONICS,Linux_Firefox,US,MATCH,FAILED,5,0.93,1
CGW_0002304,CREDIT,PLATINUM,2549.46,5411_GROCERY,Android,DE,MATCH,SUCCESS_BIOMETRIC,11,0.89,1
CGW_0002305,DEBIT,PLATINUM,3008.81,5411_GROCERY,Android,GB,MATCH,FAILED,9,0.77,0
CGW_0002306,CORPORATE,INFINITE,3555.91,7995_BETTING,Android,SG,MATCH,FAILED,3,0.72,1
CGW_0002307,CORPORATE,SIGNATURE,510.47,5411_GROCERY,Android,AU,MATCH,SUCCESS_BIOMETRIC,3,0.82,0
CGW_0002308,CORPORATE,GOLD,3765.12,5411_GROCERY,Windows_Chrome,AE,MATCH,BYPASSED,6,0.17,0
CGW_0002309,PREPAID,GOLD,3119.95,4829_MONEY_TRANSFER,MacOS_Safari,DE,MATCH,FAILED,11,0.36,1
CGW_0002310,CREDIT,INFINITE,619.95,4722_TRAVEL,iOS,AE,MATCH,FAILED,5,0.21,0
CGW_0002311,CREDIT,INFINITE,363.04,4829_MONEY_TRANSFER,Windows_Chrome,DE,MATCH,SUCCESS_OTP,12,0.81,0
CGW_0002312,PREPAID,SIGNATURE,4196.50,5732_ELECTRONICS,MacOS_Safari,AE,MATCH,SUCCESS_OTP,7,0.05,0
CGW_0002313,CREDIT,INFINITE,4241.34,5732_ELECTRONICS,MacOS_Safari,US,MATCH,BYPASSED,11,0.72,1
CGW_0002314,CORPORATE,INFINITE,18.26,5812_RESTAURANT,iOS,DE,MISMATCH,FAILED,1,0.39,1
CGW_0002315,PREPAID,CLASSIC,4104.15,5732_ELECTRONICS,iOS,GB,MATCH,SUCCESS_BIOMETRIC,9,0.50,1
CGW_0002316,PREPAID,SIGNATURE,3676.16,5732_ELECTRONICS,Linux_Firefox,IN,MATCH,SUCCESS_OTP,9,0.96,1
CGW_0002317,DEBIT,PLATINUM,1519.46,5411_GROCERY,Android,GB,MATCH,BYPASSED,1,0.90,1
CGW_0002318,PREPAID,PLATINUM,4228.66,4829_MONEY_TRANSFER,Linux_Firefox,SG,MATCH,SUCCESS_OTP,6,0.24,1
CGW_0002319,DEBIT,GOLD,4317.45,5411_GROCERY,Android,CA,MISMATCH,SUCCESS_OTP,8,0.67,1
CGW_0002320,PREPAID,PLATINUM,2191.94,7995_BETTING,Windows_Chrome,CA,MISMATCH,SUCCESS_BIOMETRIC,4,0.81,1
CGW_0002321,CREDIT,SIGNATURE,1944.37,5411_GROCERY,Android,GB,MISMATCH,SUCCESS_BIOMETRIC,9,0.78,1
CGW_0002322,DEBIT,PLATINUM,2320.76,4829_MONEY_TRANSFER,MacOS_Safari,GB,MISMATCH,BYPASSED,12,0.41,1
CGW_0002323,DEBIT,GOLD,3766.22,5732_ELECTRONICS,MacOS_Safari,AU,MISMATCH,FAILED,2,0.25,1
CGW_0002324,CREDIT,INFINITE,2717.32,5411_GROCERY,Android,CA,MATCH,SUCCESS_OTP,7,0.95,1
CGW_0002325,CORPORATE,PLATINUM,752.34,5411_GROCERY,iOS,CA,MISMATCH,FAILED,6,0.82,1
CGW_0002326,PREPAID,SIGNATURE,4108.55,7995_BETTING,MacOS_Safari,US,MISMATCH,FAILED,3,0.82,1
CGW_0002327,PREPAID,GOLD,3013.28,5812_RESTAURANT,Linux_Firefox,DE,MATCH,SUCCESS_OTP,3,0.74,0
CGW_0002328,CREDIT,PLATINUM,1985.58,7995_BETTING,Windows_Chrome,AE,MATCH,SUCCESS_OTP,3,0.76,1
CGW_0002329,PREPAID,CLASSIC,4246.85,4829_MONEY_TRANSFER,Windows_Chrome,US,MATCH,SUCCESS_BIOMETRIC,11,0.12,0
CGW_0002330,CREDIT,CLASSIC,3638.92,5732_ELECTRONICS,Android,IN,MATCH,SUCCESS_BIOMETRIC,3,0.18,0
CGW_0002331,CORPORATE,CLASSIC,4291.88,5732_ELECTRONICS,Linux_Firefox,AE,MISMATCH,SUCCESS_BIOMETRIC,6,0.32,1
CGW_0002332,CREDIT,SIGNATURE,3213.60,7995_BETTING,Windows_Chrome,US,MATCH,FAILED,7,0.24,1
CGW_0002333,DEBIT,PLATINUM,1696.30,5812_RESTAURANT,MacOS_Safari,CA,MATCH,SUCCESS_OTP,9,0.60,0
CGW_0002334,PREPAID,GOLD,3778.57,7995_BETTING,Linux_Firefox,AE,MATCH,BYPASSED,8,0.39,1
CGW_0002335,CREDIT,GOLD,4115.86,5812_RESTAURANT,iOS,GB,MISMATCH,SUCCESS_BIOMETRIC,10,0.60,1
CGW_0002336,CREDIT,INFINITE,3228.58,5812_RESTAURANT,Linux_Firefox,SG,MATCH,SUCCESS_BIOMETRIC,5,0.02,0
CGW_0002337,DEBIT,GOLD,3449.04,5411_GROCERY,MacOS_Safari,CA,MATCH,BYPASSED,3,0.56,1
CGW_0002338,PREPAID,PLATINUM,2263.50,4829_MONEY_TRANSFER,Windows_Chrome,AU,MATCH,BYPASSED,3,0.49,0
CGW_0002339,CORPORATE,SIGNATURE,2088.48,4722_TRAVEL,iOS,DE,MATCH,FAILED,4,0.30,0
CGW_0002340,CORPORATE,CLASSIC,3561.01,7995_BETTING,Linux_Firefox,GB,MATCH,BYPASSED,7,0.82,1
CGW_0002341,PREPAID,CLASSIC,261.49,5732_ELECTRONICS,iOS,GB,MISMATCH,BYPASSED,9,0.39,1
CGW_0002342,DEBIT,PLATINUM,1490.14,7995_BETTING,MacOS_Safari,GB,MATCH,FAILED,11,0.99,1
CGW_0002343,CREDIT,SIGNATURE,3554.71,7995_BETTING,iOS,US,MATCH,SUCCESS_BIOMETRIC,2,0.88,1
CGW_0002344,CORPORATE,SIGNATURE,4323.76,4722_TRAVEL,iOS,US,MATCH,SUCCESS_BIOMETRIC,11,0.75,0
CGW_0002345,DEBIT,CLASSIC,825.09,4829_MONEY_TRANSFER,Windows_Chrome,DE,MATCH,SUCCESS_OTP,5,0.89,1
CGW_0002346,DEBIT,PLATINUM,1378.06,4722_TRAVEL,iOS,GB,MISMATCH,FAILED,4,0.01,1
CGW_0002347,PREPAID,CLASSIC,4097.63,4829_MONEY_TRANSFER,MacOS_Safari,IN,MATCH,SUCCESS_BIOMETRIC,1,0.27,1
CGW_0002348,CREDIT,CLASSIC,2648.06,4722_TRAVEL,Windows_Chrome,GB,MATCH,FAILED,7,0.09,0
CGW_0002349,CREDIT,CLASSIC,3421.26,4829_MONEY_TRANSFER,Linux_Firefox,US,MATCH,BYPASSED,12,0.68,0
CGW_0002350,DEBIT,SIGNATURE,1922.61,4829_MONEY_TRANSFER,Windows_Chrome,CA,MATCH,FAILED,7,0.06,0
CGW_0002351,CREDIT,SIGNATURE,1538.14,4829_MONEY_TRANSFER,MacOS_Safari,DE,MISMATCH,FAILED,2,0.83,1
CGW_0002352,DEBIT,PLATINUM,3416.59,7995_BETTING,iOS,CA,MATCH,SUCCESS_BIOMETRIC,4,0.74,1
CGW_0002353,DEBIT,INFINITE,351.57,5411_GROCERY,Linux_Firefox,IN,MISMATCH,BYPASSED,8,0.55,1
CGW_0002354,CREDIT,GOLD,3737.66,7995_BETTING,MacOS_Safari,GB,MISMATCH,SUCCESS_BIOMETRIC,11,0.17,1
CGW_0002355,CORPORATE,GOLD,1918.10,4829_MONEY_TRANSFER,Android,DE,MATCH,SUCCESS_BIOMETRIC,8,0.40,0
CGW_0002356,DEBIT,GOLD,633.18,4722_TRAVEL,MacOS_Safari,AE,MATCH,FAILED,1,0.52,0
CGW_0002357,CORPORATE,PLATINUM,375.31,4829_MONEY_TRANSFER,MacOS_Safari,GB,MISMATCH,FAILED,1,0.61,1
CGW_0002358,DEBIT,SIGNATURE,3235.05,4722_TRAVEL,Linux_Firefox,AU,MATCH,SUCCESS_OTP,11,0.40,1
CGW_0002359,CORPORATE,INFINITE,987.71,4829_MONEY_TRANSFER,MacOS_Safari,AU,MATCH,SUCCESS_BIOMETRIC,7,0.89,1
CGW_0002360,CREDIT,INFINITE,3153.75,7995_BETTING,Android,AE,MATCH,SUCCESS_OTP,9,0.92,1
CGW_0002361,CORPORATE,SIGNATURE,2909.57,5732_ELECTRONICS,iOS,IN,MATCH,BYPASSED,8,0.14,0
CGW_0002362,PREPAID,GOLD,3561.58,5411_GROCERY,Windows_Chrome,AE,MATCH,SUCCESS_BIOMETRIC,5,0.18,0
CGW_0002363,PREPAID,SIGNATURE,880.66,5411_GROCERY,Android,IN,MATCH,SUCCESS_BIOMETRIC,12,0.64,0
CGW_0002364,PREPAID,PLATINUM,3197.52,4722_TRAVEL,Android,GB,MISMATCH,BYPASSED,2,0.96,1
CGW_0002365,CREDIT,INFINITE,1694.31,4722_TRAVEL,Linux_Firefox,GB,MISMATCH,SUCCESS_BIOMETRIC,6,0.44,1
CGW_0002366,CORPORATE,GOLD,3578.65,5411_GROCERY,Android,CA,MATCH,SUCCESS_BIOMETRIC,12,0.48,0
CGW_0002367,PREPAID,CLASSIC,1407.91,4829_MONEY_TRANSFER,MacOS_Safari,GB,MATCH,BYPASSED,3,0.74,0
CGW_0002368,DEBIT,PLATINUM,2508.58,4829_MONEY_TRANSFER,Windows_Chrome,DE,MISMATCH,SUCCESS_OTP,8,0.19,1
CGW_0002369,DEBIT,CLASSIC,4497.69,4829_MONEY_TRANSFER,Linux_Firefox,AU,MATCH,SUCCESS_BIOMETRIC,1,0.35,1
CGW_0002370,CORPORATE,PLATINUM,2204.92,4829_MONEY_TRANSFER,Linux_Firefox,IN,MATCH,SUCCESS_BIOMETRIC,9,0.18,0
CGW_0002371,DEBIT,CLASSIC,1115.23,7995_BETTING,Linux_Firefox,SG,MISMATCH,BYPASSED,11,0.38,1
CGW_0002372,CREDIT,INFINITE,3814.83,5812_RESTAURANT,MacOS_Safari,GB,MISMATCH,SUCCESS_OTP,12,0.15,1
CGW_0002373,PREPAID,INFINITE,1729.27,7995_BETTING,Windows_Chrome,CA,MATCH,FAILED,5,0.53,1
CGW_0002374,CREDIT,PLATINUM,2255.54,4829_MONEY_TRANSFER,Windows_Chrome,SG,MATCH,FAILED,3,0.56,0
CGW_0002375,PREPAID,SIGNATURE,2810.84,7995_BETTING,Windows_Chrome,CA,MISMATCH,FAILED,2,0.49,1
CGW_0002376,CORPORATE,CLASSIC,2384.55,5812_RESTAURANT,iOS,CA,MISMATCH,BYPASSED,10,0.42,1
CGW_0002377,CORPORATE,INFINITE,1077.43,5411_GROCERY,MacOS_Safari,IN,MATCH,SUCCESS_BIOMETRIC,4,0.69,0
CGW_0002378,DEBIT,GOLD,3251.80,4722_TRAVEL,MacOS_Safari,IN,MISMATCH,BYPASSED,3,0.36,1
CGW_0002379,PREPAID,SIGNATURE,1054.00,7995_BETTING,Linux_Firefox,DE,MATCH,SUCCESS_BIOMETRIC,12,0.51,1
CGW_0002380,DEBIT,GOLD,2137.73,7995_BETTING,Android,AE,MATCH,BYPASSED,3,0.90,1
CGW_0002381,CORPORATE,CLASSIC,59.81,4829_MONEY_TRANSFER,Linux_Firefox,SG,MATCH,SUCCESS_OTP,11,0.60,0
CGW_0002382,CREDIT,GOLD,1359.77,5812_RESTAURANT,MacOS_Safari,SG,MATCH,SUCCESS_BIOMETRIC,7,0.48,0
CGW_0002383,CORPORATE,SIGNATURE,100.78,7995_BETTING,Windows_Chrome,US,MATCH,SUCCESS_OTP,6,0.47,1
CGW_0002384,CORPORATE,CLASSIC,1409.18,4829_MONEY_TRANSFER,Windows_Chrome,DE,MATCH,FAILED,8,0.11,0
CGW_0002385,CREDIT,GOLD,1841.44,5732_ELECTRONICS,Linux_Firefox,GB,MISMATCH,SUCCESS_OTP,12,0.98,1
CGW_0002386,PREPAID,INFINITE,538.32,4829_MONEY_TRANSFER,MacOS_Safari,DE,MATCH,SUCCESS_BIOMETRIC,11,0.31,0
CGW_0002387,CORPORATE,PLATINUM,1885.67,5411_GROCERY,iOS,IN,MISMATCH,FAILED,8,0.36,1
CGW_0002388,DEBIT,INFINITE,814.02,5732_ELECTRONICS,Android,GB,MATCH,BYPASSED,4,0.17,0
CGW_0002389,DEBIT,SIGNATURE,1948.59,4829_MONEY_TRANSFER,iOS,AE,MISMATCH,SUCCESS_OTP,6,0.82,1
CGW_0002390,CREDIT,SIGNATURE,198.61,5732_ELECTRONICS,Windows_Chrome,IN,MATCH,FAILED,6,0.15,0
CGW_0002391,CREDIT,PLATINUM,3488.89,5411_GROCERY,Linux_Firefox,AE,MATCH,BYPASSED,7,0.99,1
CGW_0002392,PREPAID,CLASSIC,443.91,7995_BETTING,Windows_Chrome,DE,MISMATCH,FAILED,4,0.94,1
CGW_0002393,CREDIT,INFINITE,1585.46,5732_ELECTRONICS,iOS,AU,MATCH,FAILED,5,0.84,0
CGW_0002394,DEBIT,PLATINUM,30.31,4829_MONEY_TRANSFER,Android,US,MATCH,FAILED,9,0.65,0
CGW_0002395,DEBIT,SIGNATURE,3498.24,4829_MONEY_TRANSFER,MacOS_Safari,CA,MISMATCH,BYPASSED,1,0.52,1
CGW_0002396,DEBIT,SIGNATURE,2206.53,5411_GROCERY,Windows_Chrome,CA,MATCH,BYPASSED,4,0.14,0
CGW_0002397,DEBIT,SIGNATURE,1167.58,5732_ELECTRONICS,iOS,US,MATCH,SUCCESS_BIOMETRIC,10,0.56,0
CGW_0002398,CORPORATE,INFINITE,1331.35,5732_ELECTRONICS,MacOS_Safari,CA,MATCH,BYPASSED,7,0.59,0
CGW_0002399,CREDIT,GOLD,1391.26,5812_RESTAURANT,Linux_Firefox,GB,MATCH,SUCCESS_OTP,11,0.57,0
CGW_0002400,CREDIT,INFINITE,468.64,5411_GROCERY,MacOS_Safari,US,MATCH,FAILED,3,0.69,0
CGW_0002401,CORPORATE,INFINITE,628.73,5812_RESTAURANT,Android,GB,MATCH,FAILED,9,0.14,0
CGW_0002402,CREDIT,CLASSIC,1251.37,5812_RESTAURANT,MacOS_Safari,AE,MATCH,FAILED,7,0.07,0
CGW_0002403,DEBIT,GOLD,1627.37,5411_GROCERY,Linux_Firefox,AE,MATCH,BYPASSED,10,0.38,0
CGW_0002404,CREDIT,CLASSIC,3733.29,7995_BETTING,iOS,CA,MATCH,BYPASSED,4,0.38,1
CGW_0002405,PREPAID,SIGNATURE,4405.12,5411_GROCERY,MacOS_Safari,IN,MATCH,FAILED,11,0.46,0
CGW_0002406,DEBIT,INFINITE,987.94,5411_GROCERY,iOS,SG,MATCH,SUCCESS_BIOMETRIC,7,0.41,0
CGW_0002407,PREPAID,CLASSIC,1150.11,4722_TRAVEL,Android,AU,MATCH,BYPASSED,11,0.83,0
CGW_0002408,CORPORATE,PLATINUM,3777.20,4829_MONEY_TRANSFER,Windows_Chrome,AE,MATCH,BYPASSED,1,0.92,1
CGW_0002409,CREDIT,PLATINUM,2544.77,5812_RESTAURANT,Android,DE,MATCH,FAILED,4,0.13,0
CGW_0002410,PREPAID,SIGNATURE,2739.47,7995_BETTING,MacOS_Safari,CA,MATCH,SUCCESS_OTP,11,0.07,1
CGW_0002411,DEBIT,INFINITE,2275.13,7995_BETTING,Linux_Firefox,US,MISMATCH,SUCCESS_OTP,9,0.83,1
CGW_0002412,PREPAID,INFINITE,3295.02,5812_RESTAURANT,Android,CA,MATCH,SUCCESS_BIOMETRIC,12,0.87,1
CGW_0002413,PREPAID,INFINITE,2004.41,5732_ELECTRONICS,MacOS_Safari,DE,MATCH,FAILED,10,0.54,0
CGW_0002414,DEBIT,PLATINUM,2159.86,5812_RESTAURANT,MacOS_Safari,IN,MATCH,FAILED,6,0.94,1
CGW_0002415,DEBIT,SIGNATURE,1849.61,4829_MONEY_TRANSFER,Android,GB,MISMATCH,BYPASSED,3,0.57,1
CGW_0002416,CREDIT,PLATINUM,780.98,5732_ELECTRONICS,Android,CA,MATCH,BYPASSED,6,0.40,0
CGW_0002417,DEBIT,GOLD,2381.61,7995_BETTING,MacOS_Safari,DE,MATCH,FAILED,6,0.68,1
CGW_0002418,DEBIT,PLATINUM,2883.16,5411_GROCERY,Linux_Firefox,DE,MATCH,BYPASSED,5,0.85,0
CGW_0002419,CREDIT,INFINITE,1759.62,7995_BETTING,Windows_Chrome,CA,MISMATCH,SUCCESS_BIOMETRIC,11,0.88,1
CGW_0002420,DEBIT,GOLD,3235.50,5732_ELECTRONICS,Linux_Firefox,SG,MISMATCH,SUCCESS_OTP,10,0.70,1
CGW_0002421,CREDIT,GOLD,4373.26,4829_MONEY_TRANSFER,Linux_Firefox,CA,MATCH,SUCCESS_OTP,1,0.33,0
CGW_0002422,DEBIT,SIGNATURE,4341.02,4722_TRAVEL,Linux_Firefox,US,MISMATCH,FAILED,5,0.66,1
CGW_0002423,DEBIT,GOLD,1699.29,7995_BETTING,Android,SG,MATCH,BYPASSED,7,0.65,1
CGW_0002424,DEBIT,GOLD,3026.58,7995_BETTING,Linux_Firefox,GB,MATCH,FAILED,7,0.18,1
CGW_0002425,CREDIT,GOLD,2812.25,5812_RESTAURANT,Windows_Chrome,AU,MATCH,BYPASSED,1,0.72,0
CGW_0002426,CORPORATE,CLASSIC,2021.98,5732_ELECTRONICS,Linux_Firefox,IN,MISMATCH,SUCCESS_BIOMETRIC,1,0.79,1
CGW_0002427,CORPORATE,PLATINUM,1444.26,5812_RESTAURANT,MacOS_Safari,IN,MATCH,FAILED,6,0.11,0
CGW_0002428,CORPORATE,INFINITE,3049.52,4829_MONEY_TRANSFER,Windows_Chrome,GB,MATCH,FAILED,6,0.78,0
CGW_0002429,CREDIT,INFINITE,2471.88,7995_BETTING,Windows_Chrome,GB,MATCH,FAILED,7,0.14,1
CGW_0002430,PREPAID,SIGNATURE,3250.61,5812_RESTAURANT,Linux_Firefox,US,MATCH,SUCCESS_OTP,10,0.85,0
CGW_0002431,CORPORATE,SIGNATURE,4099.08,5411_GROCERY,Linux_Firefox,US,MISMATCH,FAILED,1,0.73,1
CGW_0002432,CORPORATE,CLASSIC,1480.76,5812_RESTAURANT,Android,AU,MISMATCH,SUCCESS_OTP,10,0.64,1
CGW_0002433,PREPAID,CLASSIC,2710.32,5411_GROCERY,iOS,IN,MATCH,SUCCESS_OTP,7,0.15,0
CGW_0002434,DEBIT,INFINITE,1085.72,5732_ELECTRONICS,Linux_Firefox,AU,MATCH,BYPASSED,1,0.36,0
CGW_0002435,DEBIT,SIGNATURE,2524.82,5411_GROCERY,Windows_Chrome,CA,MATCH,SUCCESS_BIOMETRIC,2,0.11,0
CGW_0002436,CREDIT,SIGNATURE,481.05,7995_BETTING,MacOS_Safari,IN,MATCH,SUCCESS_BIOMETRIC,2,0.17,1
CGW_0002437,CORPORATE,GOLD,2704.09,4829_MONEY_TRANSFER,MacOS_Safari,US,MATCH,BYPASSED,9,0.23,0
CGW_0002438,DEBIT,CLASSIC,2973.87,4829_MONEY_TRANSFER,Linux_Firefox,AU,MISMATCH,SUCCESS_BIOMETRIC,11,0.04,1
CGW_0002439,DEBIT,SIGNATURE,1024.17,4829_MONEY_TRANSFER,iOS,SG,MATCH,SUCCESS_OTP,12,0.87,1
CGW_0002440,PREPAID,SIGNATURE,976.66,4829_MONEY_TRANSFER,iOS,IN,MATCH,BYPASSED,8,0.62,0
CGW_0002441,CORPORATE,GOLD,2878.89,5732_ELECTRONICS,Android,IN,MISMATCH,FAILED,3,0.27,1
CGW_0002442,PREPAID,GOLD,832.43,4722_TRAVEL,Windows_Chrome,CA,MATCH,FAILED,10,0.04,0
CGW_0002443,CORPORATE,PLATINUM,743.85,5812_RESTAURANT,Linux_Firefox,GB,MISMATCH,FAILED,9,0.47,1
CGW_0002444,PREPAID,INFINITE,3061.64,4722_TRAVEL,Linux_Firefox,IN,MATCH,FAILED,12,0.44,1
CGW_0002445,PREPAID,SIGNATURE,2156.85,5411_GROCERY,MacOS_Safari,CA,MATCH,FAILED,1,0.51,0
CGW_0002446,CORPORATE,INFINITE,205.18,5411_GROCERY,Windows_Chrome,CA,MATCH,SUCCESS_OTP,8,0.38,0
CGW_0002447,CORPORATE,INFINITE,1788.17,4722_TRAVEL,Android,DE,MISMATCH,SUCCESS_BIOMETRIC,3,0.40,1
CGW_0002448,PREPAID,CLASSIC,1854.27,5411_GROCERY,iOS,AE,MATCH,SUCCESS_OTP,5,0.57,0
CGW_0002449,CREDIT,SIGNATURE,1488.84,4829_MONEY_TRANSFER,iOS,DE,MATCH,BYPASSED,4,0.08,0
CGW_0002450,PREPAID,SIGNATURE,3498.15,5732_ELECTRONICS,iOS,DE,MATCH,FAILED,6,0.67,0
CGW_0002451,DEBIT,GOLD,137.46,4829_MONEY_TRANSFER,iOS,AE,MISMATCH,SUCCESS_BIOMETRIC,1,0.63,1
CGW_0002452,CREDIT,PLATINUM,3547.03,7995_BETTING,MacOS_Safari,CA,MATCH,SUCCESS_OTP,1,0.81,1
CGW_0002453,DEBIT,SIGNATURE,1876.19,5732_ELECTRONICS,iOS,GB,MATCH,BYPASSED,12,0.60,0
CGW_0002454,DEBIT,INFINITE,2628.49,4829_MONEY_TRANSFER,iOS,AU,MATCH,SUCCESS_BIOMETRIC,5,0.54,0
CGW_0002455,PREPAID,CLASSIC,3973.94,4829_MONEY_TRANSFER,Windows_Chrome,US,MISMATCH,BYPASSED,4,0.98,1
CGW_0002456,DEBIT,PLATINUM,1627.26,5411_GROCERY,iOS,IN,MISMATCH,SUCCESS_BIOMETRIC,2,0.60,1
CGW_0002457,CORPORATE,CLASSIC,4400.34,5411_GROCERY,Linux_Firefox,US,MATCH,SUCCESS_BIOMETRIC,6,0.29,0
CGW_0002458,CREDIT,PLATINUM,3777.87,4829_MONEY_TRANSFER,Windows_Chrome,CA,MATCH,BYPASSED,9,0.02,0
CGW_0002459,CREDIT,SIGNATURE,2806.36,5411_GROCERY,Windows_Chrome,SG,MISMATCH,SUCCESS_BIOMETRIC,11,0.46,1
CGW_0002460,DEBIT,GOLD,3609.15,7995_BETTING,MacOS_Safari,IN,MATCH,SUCCESS_OTP,4,0.16,1
CGW_0002461,CORPORATE,GOLD,4221.93,5812_RESTAURANT,Windows_Chrome,DE,MISMATCH,FAILED,3,0.14,1
CGW_0002462,CORPORATE,GOLD,2642.78,5411_GROCERY,Windows_Chrome,CA,MATCH,FAILED,4,0.58,0
CGW_0002463,DEBIT,SIGNATURE,367.80,7995_BETTING,Linux_Firefox,US,MATCH,SUCCESS_OTP,10,0.68,1
CGW_0002464,PREPAID,GOLD,36.62,5411_GROCERY,MacOS_Safari,IN,MATCH,BYPASSED,3,0.39,0
CGW_0002465,DEBIT,GOLD,1192.97,5732_ELECTRONICS,MacOS_Safari,GB,MISMATCH,BYPASSED,10,0.26,1
CGW_0002466,CREDIT,GOLD,35.60,5732_ELECTRONICS,Android,DE,MISMATCH,FAILED,11,0.36,1
CGW_0002467,DEBIT,PLATINUM,4382.96,5812_RESTAURANT,iOS,IN,MISMATCH,FAILED,9,0.43,1
CGW_0002468,DEBIT,SIGNATURE,673.23,7995_BETTING,iOS,IN,MATCH,BYPASSED,2,0.47,1
CGW_0002469,CREDIT,INFINITE,3349.79,5411_GROCERY,MacOS_Safari,US,MATCH,FAILED,1,0.39,0
CGW_0002470,CORPORATE,INFINITE,4239.35,4829_MONEY_TRANSFER,Linux_Firefox,GB,MISMATCH,FAILED,8,0.33,1
CGW_0002471,DEBIT,CLASSIC,1345.71,5411_GROCERY,Linux_Firefox,AE,MATCH,SUCCESS_BIOMETRIC,9,0.58,0
CGW_0002472,DEBIT,INFINITE,2304.36,5411_GROCERY,Linux_Firefox,GB,MATCH,FAILED,9,0.83,0
CGW_0002473,CREDIT,CLASSIC,3939.35,5812_RESTAURANT,Windows_Chrome,DE,MISMATCH,SUCCESS_OTP,9,0.88,1
CGW_0002474,CREDIT,SIGNATURE,1525.92,5812_RESTAURANT,MacOS_Safari,CA,MATCH,SUCCESS_OTP,1,0.19,0
CGW_0002475,DEBIT,SIGNATURE,2769.87,7995_BETTING,iOS,AU,MATCH,SUCCESS_BIOMETRIC,4,0.27,1
CGW_0002476,CREDIT,CLASSIC,3517.70,5732_ELECTRONICS,Linux_Firefox,US,MATCH,SUCCESS_BIOMETRIC,12,0.29,0
CGW_0002477,CORPORATE,PLATINUM,540.93,4829_MONEY_TRANSFER,iOS,AE,MATCH,SUCCESS_BIOMETRIC,1,0.78,0
CGW_0002478,CREDIT,PLATINUM,1356.95,5732_ELECTRONICS,Windows_Chrome,GB,MISMATCH,SUCCESS_BIOMETRIC,2,0.92,1
CGW_0002479,DEBIT,GOLD,605.37,4829_MONEY_TRANSFER,iOS,GB,MISMATCH,FAILED,9,0.93,1
CGW_0002480,PREPAID,PLATINUM,3171.21,5732_ELECTRONICS,Android,DE,MATCH,FAILED,3,0.42,0
CGW_0002481,CORPORATE,CLASSIC,2951.92,4829_MONEY_TRANSFER,Linux_Firefox,DE,MATCH,FAILED,9,0.35,0
CGW_0002482,DEBIT,PLATINUM,3917.88,7995_BETTING,iOS,AU,MATCH,SUCCESS_BIOMETRIC,3,0.63,1
CGW_0002483,CREDIT,PLATINUM,627.25,5812_RESTAURANT,MacOS_Safari,GB,MATCH,BYPASSED,8,0.20,0
CGW_0002484,CORPORATE,CLASSIC,2701.39,7995_BETTING,iOS,AU,MATCH,SUCCESS_OTP,11,0.83,1
CGW_0002485,DEBIT,CLASSIC,3844.54,4722_TRAVEL,iOS,AU,MISMATCH,SUCCESS_OTP,10,0.98,1
CGW_0002486,CORPORATE,SIGNATURE,2014.16,7995_BETTING,Linux_Firefox,DE,MATCH,SUCCESS_OTP,10,0.14,1
CGW_0002487,DEBIT,INFINITE,2506.13,4722_TRAVEL,iOS,IN,MATCH,FAILED,6,0.28,0
CGW_0002488,CORPORATE,CLASSIC,2130.60,4722_TRAVEL,Android,GB,MISMATCH,FAILED,3,0.26,1
CGW_0002489,CREDIT,INFINITE,467.93,4722_TRAVEL,Linux_Firefox,AE,MISMATCH,SUCCESS_BIOMETRIC,7,0.14,1
CGW_0002490,DEBIT,INFINITE,1954.97,5812_RESTAURANT,iOS,SG,MATCH,SUCCESS_OTP,8,0.47,0
CGW_0002491,CREDIT,PLATINUM,766.66,5411_GROCERY,Windows_Chrome,CA,MATCH,SUCCESS_OTP,4,0.77,0
CGW_0002492,PREPAID,SIGNATURE,340.60,5411_GROCERY,MacOS_Safari,IN,MISMATCH,BYPASSED,4,0.70,1
CGW_0002493,DEBIT,GOLD,4106.88,5812_RESTAURANT,MacOS_Safari,CA,MATCH,FAILED,2,0.92,1
CGW_0002494,DEBIT,PLATINUM,3994.22,4829_MONEY_TRANSFER,Linux_Firefox,DE,MISMATCH,BYPASSED,8,0.70,1
CGW_0002495,DEBIT,INFINITE,689.74,5411_GROCERY,Windows_Chrome,AU,MATCH,FAILED,1,0.46,0
CGW_0002496,CREDIT,PLATINUM,374.92,5411_GROCERY,Windows_Chrome,AU,MISMATCH,SUCCESS_BIOMETRIC,10,0.14,1
CGW_0002497,DEBIT,GOLD,782.42,7995_BETTING,MacOS_Safari,US,MISMATCH,SUCCESS_OTP,12,0.75,1
CGW_0002498,DEBIT,GOLD,4346.09,4829_MONEY_TRANSFER,Android,AE,MATCH,BYPASSED,5,0.34,0
CGW_0002499,CORPORATE,GOLD,933.69,5812_RESTAURANT,Linux_Firefox,SG,MATCH,BYPASSED,9,0.37,0
CGW_0002500,PREPAID,CLASSIC,2823.15,5732_ELECTRONICS,Android,SG,MATCH,FAILED,10,0.14,0
CGW_0002501,CREDIT,SIGNATURE,865.79,4722_TRAVEL,MacOS_Safari,AU,MATCH,SUCCESS_OTP,6,0.79,0
CGW_0002502,CREDIT,PLATINUM,3274.95,4722_TRAVEL,MacOS_Safari,SG,MISMATCH,BYPASSED,4,0.52,1
CGW_0002503,DEBIT,CLASSIC,1759.70,5411_GROCERY,Linux_Firefox,DE,MATCH,BYPASSED,11,0.03,0
CGW_0002504,CORPORATE,CLASSIC,3486.01,4829_MONEY_TRANSFER,iOS,CA,MATCH,SUCCESS_OTP,10,0.91,1
CGW_0002505,CORPORATE,GOLD,3926.54,7995_BETTING,Android,AE,MATCH,SUCCESS_OTP,6,0.32,1
CGW_0002506,CORPORATE,INFINITE,2431.45,4829_MONEY_TRANSFER,MacOS_Safari,SG,MATCH,SUCCESS_OTP,1,0.17,0
CGW_0002507,PREPAID,CLASSIC,2632.77,4722_TRAVEL,Windows_Chrome,IN,MATCH,SUCCESS_BIOMETRIC,7,0.08,0
CGW_0002508,CREDIT,SIGNATURE,1419.14,5411_GROCERY,MacOS_Safari,IN,MISMATCH,SUCCESS_OTP,12,0.17,1
CGW_0002509,PREPAID,CLASSIC,824.44,5411_GROCERY,Android,AE,MATCH,FAILED,5,0.72,0
CGW_0002510,PREPAID,GOLD,3638.47,5812_RESTAURANT,iOS,AU,MATCH,SUCCESS_BIOMETRIC,6,0.60,0
CGW_0002511,DEBIT,SIGNATURE,3080.43,4829_MONEY_TRANSFER,Linux_Firefox,CA,MATCH,BYPASSED,6,0.28,1
CGW_0002512,PREPAID,SIGNATURE,279.56,7995_BETTING,iOS,AE,MISMATCH,SUCCESS_BIOMETRIC,7,0.09,1
CGW_0002513,DEBIT,INFINITE,116.27,4722_TRAVEL,iOS,DE,MATCH,FAILED,7,0.69,0
CGW_0002514,CORPORATE,GOLD,4149.25,5812_RESTAURANT,MacOS_Safari,US,MATCH,FAILED,6,0.26,1
CGW_0002515,PREPAID,PLATINUM,2113.41,4829_MONEY_TRANSFER,Windows_Chrome,SG,MISMATCH,FAILED,10,0.73,1
CGW_0002516,CORPORATE,SIGNATURE,317.46,5812_RESTAURANT,MacOS_Safari,SG,MISMATCH,BYPASSED,7,0.88,1
CGW_0002517,DEBIT,CLASSIC,1761.58,5812_RESTAURANT,MacOS_Safari,IN,MATCH,BYPASSED,9,0.04,0
CGW_0002518,DEBIT,CLASSIC,2924.69,4722_TRAVEL,Android,CA,MATCH,SUCCESS_OTP,5,0.44,0
CGW_0002519,DEBIT,PLATINUM,2671.67,4722_TRAVEL,MacOS_Safari,DE,MATCH,SUCCESS_OTP,2,0.86,1
CGW_0002520,CORPORATE,GOLD,3314.47,5411_GROCERY,MacOS_Safari,SG,MATCH,FAILED,9,0.52,1
CGW_0002521,PREPAID,PLATINUM,1458.48,5812_RESTAURANT,Android,AE,MATCH,FAILED,2,0.38,0
CGW_0002522,DEBIT,INFINITE,1472.70,5812_RESTAURANT,Android,GB,MATCH,SUCCESS_OTP,3,0.23,0
CGW_0002523,CORPORATE,INFINITE,1533.47,4722_TRAVEL,MacOS_Safari,GB,MATCH,BYPASSED,4,0.82,0
CGW_0002524,CREDIT,GOLD,2038.59,5732_ELECTRONICS,iOS,DE,MATCH,SUCCESS_BIOMETRIC,1,0.88,1
CGW_0002525,CREDIT,GOLD,466.81,7995_BETTING,Linux_Firefox,DE,MATCH,FAILED,9,0.17,1
CGW_0002526,CREDIT,PLATINUM,391.53,4829_MONEY_TRANSFER,Windows_Chrome,DE,MATCH,FAILED,2,0.54,0
CGW_0002527,CREDIT,INFINITE,3070.46,7995_BETTING,Linux_Firefox,AE,MATCH,BYPASSED,7,0.90,1
CGW_0002528,CORPORATE,PLATINUM,4499.25,7995_BETTING,MacOS_Safari,IN,MATCH,BYPASSED,10,0.68,1
CGW_0002529,PREPAID,PLATINUM,2456.08,5732_ELECTRONICS,iOS,US,MATCH,BYPASSED,6,0.70,0
CGW_0002530,CORPORATE,CLASSIC,1103.88,4829_MONEY_TRANSFER,Linux_Firefox,AE,MATCH,BYPASSED,10,0.65,0
CGW_0002531,CREDIT,PLATINUM,2438.10,7995_BETTING,Linux_Firefox,DE,MISMATCH,BYPASSED,9,0.21,1
CGW_0002532,CREDIT,GOLD,3112.88,4722_TRAVEL,Linux_Firefox,GB,MATCH,SUCCESS_OTP,11,0.17,1
CGW_0002533,PREPAID,SIGNATURE,368.94,5812_RESTAURANT,iOS,AU,MATCH,SUCCESS_OTP,9,0.91,1
CGW_0002534,PREPAID,GOLD,2474.45,5732_ELECTRONICS,MacOS_Safari,DE,MATCH,FAILED,3,0.61,0
CGW_0002535,CORPORATE,INFINITE,3082.39,7995_BETTING,Linux_Firefox,GB,MATCH,FAILED,1,0.12,1
CGW_0002536,CREDIT,INFINITE,3690.64,4722_TRAVEL,MacOS_Safari,AE,MISMATCH,SUCCESS_BIOMETRIC,7,0.44,1
CGW_0002537,CORPORATE,SIGNATURE,1488.46,7995_BETTING,MacOS_Safari,SG,MATCH,SUCCESS_OTP,11,0.81,1
CGW_0002538,DEBIT,CLASSIC,2923.58,4829_MONEY_TRANSFER,Android,CA,MISMATCH,FAILED,8,0.28,1
CGW_0002539,PREPAID,CLASSIC,4082.48,4722_TRAVEL,MacOS_Safari,GB,MISMATCH,SUCCESS_OTP,5,0.51,1
CGW_0002540,PREPAID,GOLD,1208.32,7995_BETTING,iOS,SG,MISMATCH,SUCCESS_BIOMETRIC,3,0.73,1
CGW_0002541,CORPORATE,CLASSIC,309.90,5411_GROCERY,Android,AU,MATCH,FAILED,4,0.87,1
CGW_0002542,DEBIT,INFINITE,3096.44,4829_MONEY_TRANSFER,Android,DE,MATCH,SUCCESS_OTP,10,0.09,1
CGW_0002543,DEBIT,GOLD,3709.86,7995_BETTING,Android,IN,MATCH,SUCCESS_BIOMETRIC,3,0.55,1
CGW_0002544,CORPORATE,SIGNATURE,701.22,7995_BETTING,Windows_Chrome,US,MISMATCH,SUCCESS_BIOMETRIC,11,0.98,1
CGW_0002545,CORPORATE,INFINITE,3410.44,4722_TRAVEL,Android,AE,MISMATCH,SUCCESS_OTP,5,0.72,1
CGW_0002546,CORPORATE,PLATINUM,2243.63,7995_BETTING,Android,CA,MATCH,SUCCESS_OTP,10,0.21,1
CGW_0002547,CORPORATE,SIGNATURE,3477.47,5732_ELECTRONICS,Linux_Firefox,AE,MISMATCH,FAILED,8,0.22,1
CGW_0002548,DEBIT,CLASSIC,2220.65,5812_RESTAURANT,iOS,GB,MATCH,SUCCESS_BIOMETRIC,4,0.39,0
CGW_0002549,CREDIT,GOLD,110.42,7995_BETTING,iOS,DE,MATCH,SUCCESS_OTP,1,0.57,1
CGW_0002550,CORPORATE,GOLD,3750.77,5732_ELECTRONICS,Windows_Chrome,CA,MATCH,BYPASSED,6,0.64,1
CGW_0002551,PREPAID,CLASSIC,1696.10,5732_ELECTRONICS,Windows_Chrome,IN,MATCH,BYPASSED,5,0.14,0
CGW_0002552,CORPORATE,GOLD,587.06,4722_TRAVEL,iOS,CA,MATCH,BYPASSED,7,0.84,0
CGW_0002553,CREDIT,INFINITE,163.31,4829_MONEY_TRANSFER,Linux_Firefox,CA,MISMATCH,SUCCESS_OTP,3,0.59,1
CGW_0002554,PREPAID,INFINITE,1465.74,7995_BETTING,MacOS_Safari,AU,MATCH,FAILED,9,0.95,1
CGW_0002555,PREPAID,INFINITE,1070.05,5812_RESTAURANT,Linux_Firefox,US,MATCH,SUCCESS_OTP,7,0.71,0
CGW_0002556,CREDIT,GOLD,1023.91,5812_RESTAURANT,MacOS_Safari,AU,MATCH,SUCCESS_BIOMETRIC,1,0.25,0
CGW_0002557,CREDIT,SIGNATURE,2456.02,7995_BETTING,Linux_Firefox,AE,MISMATCH,SUCCESS_BIOMETRIC,11,0.92,1
CGW_0002558,PREPAID,CLASSIC,3852.33,4722_TRAVEL,Android,DE,MATCH,FAILED,10,0.01,0
CGW_0002559,PREPAID,CLASSIC,24.28,4829_MONEY_TRANSFER,MacOS_Safari,DE,MATCH,FAILED,5,0.06,0
CGW_0002560,PREPAID,PLATINUM,2898.69,4829_MONEY_TRANSFER,Linux_Firefox,US,MATCH,FAILED,9,0.43,0
CGW_0002561,CORPORATE,INFINITE,3477.78,4722_TRAVEL,Windows_Chrome,CA,MATCH,SUCCESS_BIOMETRIC,8,0.09,1
CGW_0002562,DEBIT,SIGNATURE,555.00,5812_RESTAURANT,Linux_Firefox,AU,MISMATCH,FAILED,3,0.97,1
CGW_0002563,PREPAID,CLASSIC,1347.59,4829_MONEY_TRANSFER,Linux_Firefox,CA,MATCH,BYPASSED,6,0.90,1
CGW_0002564,PREPAID,PLATINUM,177.25,5411_GROCERY,iOS,GB,MATCH,SUCCESS_OTP,2,0.61,0
CGW_0002565,DEBIT,GOLD,3881.42,5732_ELECTRONICS,Android,DE,MATCH,FAILED,4,0.02,0
CGW_0002566,CORPORATE,GOLD,1996.54,5411_GROCERY,MacOS_Safari,AE,MATCH,FAILED,12,0.76,0
CGW_0002567,CORPORATE,PLATINUM,4357.16,7995_BETTING,Linux_Firefox,DE,MISMATCH,SUCCESS_OTP,2,0.67,1
CGW_0002568,CORPORATE,SIGNATURE,4464.92,4722_TRAVEL,iOS,SG,MATCH,SUCCESS_BIOMETRIC,11,0.87,1
CGW_0002569,DEBIT,INFINITE,4251.49,7995_BETTING,iOS,AE,MATCH,FAILED,1,0.29,1
CGW_0002570,PREPAID,CLASSIC,469.47,7995_BETTING,Linux_Firefox,AU,MISMATCH,SUCCESS_BIOMETRIC,6,0.21,1
CGW_0002571,PREPAID,GOLD,2798.61,5732_ELECTRONICS,iOS,GB,MATCH,BYPASSED,9,0.89,1
CGW_0002572,CREDIT,INFINITE,3103.86,4722_TRAVEL,Linux_Firefox,SG,MATCH,BYPASSED,6,0.68,1
CGW_0002573,CREDIT,GOLD,4008.07,7995_BETTING,MacOS_Safari,AU,MATCH,SUCCESS_BIOMETRIC,3,0.91,1
CGW_0002574,PREPAID,INFINITE,3602.79,4829_MONEY_TRANSFER,Android,GB,MATCH,FAILED,6,0.12,0
CGW_0002575,PREPAID,PLATINUM,3412.36,5812_RESTAURANT,Windows_Chrome,SG,MATCH,SUCCESS_BIOMETRIC,10,0.66,1
CGW_0002576,DEBIT,GOLD,2991.87,5411_GROCERY,Linux_Firefox,US,MATCH,SUCCESS_OTP,8,0.89,1
CGW_0002577,CORPORATE,INFINITE,3789.45,7995_BETTING,iOS,CA,MATCH,SUCCESS_BIOMETRIC,4,0.93,1
CGW_0002578,PREPAID,PLATINUM,3148.78,5812_RESTAURANT,iOS,US,MATCH,FAILED,4,0.97,1
CGW_0002579,DEBIT,INFINITE,3896.97,4829_MONEY_TRANSFER,Linux_Firefox,US,MATCH,SUCCESS_OTP,3,0.68,0
CGW_0002580,PREPAID,GOLD,3617.95,5411_GROCERY,Windows_Chrome,DE,MISMATCH,BYPASSED,5,0.43,1
CGW_0002581,CORPORATE,PLATINUM,4108.33,5812_RESTAURANT,iOS,AU,MATCH,SUCCESS_OTP,2,0.71,0
CGW_0002582,DEBIT,GOLD,271.94,4722_TRAVEL,Windows_Chrome,CA,MATCH,FAILED,2,0.32,0
CGW_0002583,PREPAID,CLASSIC,3910.94,4829_MONEY_TRANSFER,Windows_Chrome,AU,MATCH,FAILED,12,0.77,1
CGW_0002584,CREDIT,INFINITE,693.17,5812_RESTAURANT,Linux_Firefox,SG,MISMATCH,SUCCESS_BIOMETRIC,11,0.65,1
CGW_0002585,PREPAID,PLATINUM,3430.62,5732_ELECTRONICS,iOS,SG,MISMATCH,FAILED,12,0.92,1
CGW_0002586,CORPORATE,SIGNATURE,555.73,4722_TRAVEL,MacOS_Safari,AE,MATCH,BYPASSED,9,0.60,0
CGW_0002587,CORPORATE,CLASSIC,3054.00,7995_BETTING,Linux_Firefox,SG,MATCH,FAILED,10,0.32,1
CGW_0002588,PREPAID,CLASSIC,1651.33,5732_ELECTRONICS,iOS,US,MATCH,BYPASSED,11,0.62,0
CGW_0002589,CREDIT,SIGNATURE,1498.18,5411_GROCERY,MacOS_Safari,IN,MATCH,SUCCESS_OTP,8,0.36,0
CGW_0002590,PREPAID,INFINITE,2342.13,7995_BETTING,Android,DE,MATCH,SUCCESS_OTP,7,0.84,1
CGW_0002591,CORPORATE,INFINITE,3736.80,4722_TRAVEL,MacOS_Safari,US,MATCH,BYPASSED,2,0.73,0
CGW_0002592,DEBIT,INFINITE,1106.50,5411_GROCERY,Android,AU,MISMATCH,SUCCESS_BIOMETRIC,3,0.90,1
CGW_0002593,CREDIT,GOLD,706.27,4722_TRAVEL,iOS,IN,MISMATCH,SUCCESS_OTP,4,0.86,1
CGW_0002594,CREDIT,CLASSIC,4477.66,4829_MONEY_TRANSFER,Windows_Chrome,SG,MATCH,BYPASSED,2,0.17,0
CGW_0002595,PREPAID,PLATINUM,65.75,4829_MONEY_TRANSFER,Android,DE,MATCH,BYPASSED,8,0.51,0
CGW_0002596,CREDIT,CLASSIC,262.08,5812_RESTAURANT,Linux_Firefox,AU,MATCH,SUCCESS_BIOMETRIC,1,0.55,0
CGW_0002597,PREPAID,PLATINUM,1479.68,5812_RESTAURANT,Android,AU,MATCH,BYPASSED,3,0.67,0
CGW_0002598,DEBIT,INFINITE,4080.09,5732_ELECTRONICS,iOS,AE,MATCH,SUCCESS_BIOMETRIC,2,0.68,0
CGW_0002599,CREDIT,CLASSIC,2626.74,5732_ELECTRONICS,Windows_Chrome,IN,MISMATCH,SUCCESS_OTP,6,0.02,1
CGW_0002600,PREPAID,PLATINUM,3393.85,5812_RESTAURANT,iOS,US,MATCH,FAILED,11,0.21,0
CGW_0002601,PREPAID,CLASSIC,1933.63,4829_MONEY_TRANSFER,Linux_Firefox,AE,MISMATCH,FAILED,4,0.35,1
CGW_0002602,PREPAID,INFINITE,1305.54,5812_RESTAURANT,Android,IN,MATCH,SUCCESS_OTP,9,0.38,0
CGW_0002603,DEBIT,SIGNATURE,3977.07,5411_GROCERY,Android,SG,MATCH,FAILED,11,0.22,1
CGW_0002604,DEBIT,CLASSIC,4366.13,4722_TRAVEL,Linux_Firefox,GB,MISMATCH,BYPASSED,2,0.96,1
CGW_0002605,CORPORATE,SIGNATURE,2344.03,5732_ELECTRONICS,MacOS_Safari,GB,MATCH,BYPASSED,10,0.82,0
CGW_0002606,CORPORATE,CLASSIC,2465.38,5732_ELECTRONICS,Android,SG,MISMATCH,SUCCESS_BIOMETRIC,4,0.08,1
CGW_0002607,CREDIT,CLASSIC,3502.86,5411_GROCERY,iOS,GB,MISMATCH,FAILED,2,0.71,1
CGW_0002608,CREDIT,SIGNATURE,3554.14,4829_MONEY_TRANSFER,Windows_Chrome,IN,MATCH,SUCCESS_BIOMETRIC,2,0.85,1
CGW_0002609,CORPORATE,CLASSIC,2460.74,5812_RESTAURANT,Android,CA,MATCH,SUCCESS_OTP,11,0.43,0
CGW_0002610,CREDIT,PLATINUM,2073.38,5411_GROCERY,iOS,AE,MISMATCH,FAILED,12,0.54,1
CGW_0002611,CREDIT,GOLD,1353.12,5732_ELECTRONICS,Android,US,MATCH,BYPASSED,6,0.32,0
CGW_0002612,PREPAID,SIGNATURE,325.24,7995_BETTING,Windows_Chrome,CA,MATCH,SUCCESS_OTP,12,0.47,1
CGW_0002613,CREDIT,INFINITE,582.53,4722_TRAVEL,Windows_Chrome,CA,MATCH,FAILED,6,0.40,0
CGW_0002614,CORPORATE,PLATINUM,1017.20,4829_MONEY_TRANSFER,iOS,GB,MATCH,FAILED,5,0.26,0
CGW_0002615,DEBIT,CLASSIC,1006.45,7995_BETTING,Windows_Chrome,SG,MISMATCH,BYPASSED,9,0.61,1
CGW_0002616,CREDIT,SIGNATURE,4292.70,5411_GROCERY,Windows_Chrome,SG,MISMATCH,SUCCESS_BIOMETRIC,8,0.37,1
CGW_0002617,DEBIT,SIGNATURE,1943.33,5812_RESTAURANT,Android,US,MATCH,FAILED,2,0.93,1
CGW_0002618,CORPORATE,CLASSIC,3724.58,7995_BETTING,Linux_Firefox,CA,MATCH,SUCCESS_BIOMETRIC,7,0.16,1
CGW_0002619,CORPORATE,GOLD,4190.67,5732_ELECTRONICS,MacOS_Safari,GB,MISMATCH,BYPASSED,2,0.97,1
CGW_0002620,CORPORATE,GOLD,2717.43,5812_RESTAURANT,Linux_Firefox,DE,MATCH,BYPASSED,4,0.70,0
CGW_0002621,CORPORATE,PLATINUM,457.93,5812_RESTAURANT,Windows_Chrome,IN,MATCH,SUCCESS_BIOMETRIC,4,0.43,0
CGW_0002622,CREDIT,CLASSIC,1524.74,4722_TRAVEL,Windows_Chrome,AE,MISMATCH,FAILED,12,0.86,1
CGW_0002623,CORPORATE,INFINITE,2928.67,7995_BETTING,MacOS_Safari,IN,MATCH,BYPASSED,3,0.80,1
CGW_0002624,DEBIT,GOLD,2580.06,5812_RESTAURANT,Linux_Firefox,SG,MATCH,SUCCESS_OTP,1,0.64,0
CGW_0002625,DEBIT,SIGNATURE,1901.17,5812_RESTAURANT,MacOS_Safari,AU,MATCH,SUCCESS_BIOMETRIC,10,0.89,1
CGW_0002626,CORPORATE,GOLD,3899.85,5812_RESTAURANT,MacOS_Safari,GB,MATCH,SUCCESS_BIOMETRIC,11,0.87,1
CGW_0002627,CREDIT,CLASSIC,1152.27,7995_BETTING,Android,GB,MATCH,FAILED,5,0.18,1
CGW_0002628,CORPORATE,PLATINUM,1369.15,5812_RESTAURANT,Linux_Firefox,SG,MATCH,SUCCESS_OTP,2,0.36,0
CGW_0002629,CREDIT,INFINITE,175.12,4722_TRAVEL,Windows_Chrome,IN,MATCH,SUCCESS_BIOMETRIC,7,0.29,0
CGW_0002630,PREPAID,CLASSIC,2330.68,5732_ELECTRONICS,MacOS_Safari,GB,MATCH,BYPASSED,9,0.09,0
CGW_0002631,CREDIT,INFINITE,1563.11,5812_RESTAURANT,Android,SG,MISMATCH,SUCCESS_OTP,9,0.79,1
CGW_0002632,DEBIT,GOLD,96.58,7995_BETTING,iOS,US,MATCH,FAILED,11,0.01,1
CGW_0002633,DEBIT,SIGNATURE,2635.17,5812_RESTAURANT,Linux_Firefox,US,MATCH,BYPASSED,1,0.50,0
CGW_0002634,CREDIT,GOLD,702.50,7995_BETTING,Linux_Firefox,AU,MATCH,BYPASSED,6,0.64,1
CGW_0002635,DEBIT,GOLD,3975.26,5732_ELECTRONICS,Android,GB,MATCH,BYPASSED,6,0.20,0
CGW_0002636,CREDIT,SIGNATURE,392.80,5411_GROCERY,Android,CA,MISMATCH,SUCCESS_BIOMETRIC,2,0.49,1
CGW_0002637,CREDIT,GOLD,3494.05,4829_MONEY_TRANSFER,Linux_Firefox,AE,MISMATCH,SUCCESS_OTP,4,0.84,1
CGW_0002638,PREPAID,PLATINUM,96.85,4829_MONEY_TRANSFER,Android,US,MISMATCH,BYPASSED,11,0.88,1
CGW_0002639,CORPORATE,PLATINUM,983.12,4829_MONEY_TRANSFER,Linux_Firefox,DE,MATCH,BYPASSED,4,0.41,0
CGW_0002640,PREPAID,GOLD,476.70,7995_BETTING,MacOS_Safari,SG,MATCH,BYPASSED,6,0.01,1
CGW_0002641,CORPORATE,INFINITE,3446.48,4722_TRAVEL,MacOS_Safari,CA,MATCH,BYPASSED,2,0.10,0
CGW_0002642,DEBIT,PLATINUM,4369.97,7995_BETTING,iOS,AU,MATCH,SUCCESS_BIOMETRIC,2,0.36,1
CGW_0002643,CREDIT,GOLD,2632.13,5732_ELECTRONICS,Windows_Chrome,AU,MATCH,SUCCESS_OTP,8,0.23,0
CGW_0002644,PREPAID,GOLD,3712.04,5411_GROCERY,MacOS_Safari,AU,MATCH,SUCCESS_BIOMETRIC,7,0.63,0
CGW_0002645,DEBIT,SIGNATURE,1179.77,4829_MONEY_TRANSFER,Android,AU,MATCH,SUCCESS_OTP,3,0.72,0
CGW_0002646,CREDIT,CLASSIC,2212.68,4829_MONEY_TRANSFER,MacOS_Safari,US,MATCH,SUCCESS_BIOMETRIC,9,0.41,0
CGW_0002647,CREDIT,CLASSIC,2258.16,7995_BETTING,Linux_Firefox,AU,MATCH,SUCCESS_BIOMETRIC,4,0.80,1
CGW_0002648,CREDIT,CLASSIC,4437.76,4829_MONEY_TRANSFER,Windows_Chrome,DE,MATCH,SUCCESS_OTP,11,0.77,0
CGW_0002649,CORPORATE,GOLD,1768.58,7995_BETTING,Windows_Chrome,AE,MATCH,SUCCESS_OTP,8,0.52,1
CGW_0002650,CORPORATE,GOLD,2531.14,5732_ELECTRONICS,Android,AU,MATCH,SUCCESS_BIOMETRIC,8,0.38,0
CGW_0002651,PREPAID,SIGNATURE,4474.58,5411_GROCERY,Windows_Chrome,SG,MATCH,SUCCESS_BIOMETRIC,12,0.04,0
CGW_0002652,DEBIT,SIGNATURE,2314.16,5732_ELECTRONICS,iOS,AU,MISMATCH,SUCCESS_OTP,5,0.26,1
CGW_0002653,DEBIT,INFINITE,342.12,4829_MONEY_TRANSFER,Android,IN,MATCH,BYPASSED,10,0.69,0
CGW_0002654,PREPAID,PLATINUM,4096.24,5732_ELECTRONICS,MacOS_Safari,SG,MATCH,SUCCESS_BIOMETRIC,5,0.55,0
CGW_0002655,CORPORATE,PLATINUM,1225.54,5411_GROCERY,MacOS_Safari,AU,MATCH,FAILED,9,0.05,0
CGW_0002656,DEBIT,SIGNATURE,968.04,5411_GROCERY,iOS,US,MATCH,SUCCESS_OTP,1,0.05,0
CGW_0002657,CORPORATE,INFINITE,1210.38,4722_TRAVEL,MacOS_Safari,US,MATCH,FAILED,2,0.04,0
CGW_0002658,CORPORATE,SIGNATURE,436.07,5732_ELECTRONICS,iOS,GB,MISMATCH,FAILED,4,0.18,1
CGW_0002659,CORPORATE,PLATINUM,479.37,5732_ELECTRONICS,Windows_Chrome,IN,MATCH,FAILED,6,0.50,0
CGW_0002660,DEBIT,GOLD,1907.91,5812_RESTAURANT,Windows_Chrome,US,MATCH,BYPASSED,12,0.11,0
CGW_0002661,DEBIT,GOLD,551.81,4722_TRAVEL,iOS,SG,MISMATCH,BYPASSED,4,0.75,1
CGW_0002662,CREDIT,INFINITE,2405.83,5732_ELECTRONICS,Android,IN,MATCH,SUCCESS_OTP,9,0.24,0
CGW_0002663,PREPAID,PLATINUM,2401.17,5812_RESTAURANT,iOS,AE,MISMATCH,SUCCESS_BIOMETRIC,4,0.49,1
CGW_0002664,CREDIT,CLASSIC,131.23,5732_ELECTRONICS,Windows_Chrome,AE,MISMATCH,SUCCESS_BIOMETRIC,7,0.51,1
CGW_0002665,DEBIT,CLASSIC,1368.19,5411_GROCERY,MacOS_Safari,SG,MATCH,BYPASSED,5,0.68,0
CGW_0002666,CORPORATE,GOLD,919.41,4722_TRAVEL,Linux_Firefox,CA,MATCH,FAILED,5,0.77,0
CGW_0002667,PREPAID,CLASSIC,3009.18,5812_RESTAURANT,Linux_Firefox,US,MATCH,BYPASSED,11,0.69,1
CGW_0002668,CREDIT,INFINITE,849.45,4829_MONEY_TRANSFER,MacOS_Safari,IN,MATCH,SUCCESS_BIOMETRIC,5,0.14,0
CGW_0002669,PREPAID,CLASSIC,3544.92,5732_ELECTRONICS,Windows_Chrome,CA,MATCH,SUCCESS_BIOMETRIC,11,0.87,1
CGW_0002670,CORPORATE,INFINITE,3809.99,7995_BETTING,MacOS_Safari,DE,MATCH,FAILED,3,0.76,1
CGW_0002671,PREPAID,INFINITE,840.78,4829_MONEY_TRANSFER,Android,US,MATCH,SUCCESS_BIOMETRIC,5,0.14,0
CGW_0002672,CREDIT,INFINITE,3565.95,4722_TRAVEL,Windows_Chrome,GB,MISMATCH,BYPASSED,7,0.90,1
CGW_0002673,CORPORATE,CLASSIC,4215.02,5411_GROCERY,Linux_Firefox,GB,MISMATCH,BYPASSED,1,0.61,1
CGW_0002674,DEBIT,PLATINUM,2511.80,5732_ELECTRONICS,Android,US,MATCH,SUCCESS_OTP,1,0.10,0
CGW_0002675,CORPORATE,PLATINUM,3313.22,5411_GROCERY,Windows_Chrome,AU,MATCH,BYPASSED,8,0.51,1
CGW_0002676,CORPORATE,CLASSIC,35.71,5812_RESTAURANT,Windows_Chrome,GB,MISMATCH,BYPASSED,7,0.20,1
CGW_0002677,PREPAID,SIGNATURE,1844.79,4722_TRAVEL,Windows_Chrome,CA,MATCH,SUCCESS_OTP,8,0.70,0
CGW_0002678,CORPORATE,SIGNATURE,3300.71,5411_GROCERY,Linux_Firefox,SG,MATCH,SUCCESS_OTP,9,0.60,0
CGW_0002679,CORPORATE,CLASSIC,86.32,7995_BETTING,Android,GB,MISMATCH,SUCCESS_BIOMETRIC,9,0.23,1
CGW_0002680,CREDIT,SIGNATURE,102.34,7995_BETTING,Linux_Firefox,CA,MATCH,SUCCESS_OTP,11,0.49,1
CGW_0002681,DEBIT,GOLD,2435.46,4722_TRAVEL,Android,US,MATCH,FAILED,6,0.50,0
CGW_0002682,DEBIT,CLASSIC,2000.01,4829_MONEY_TRANSFER,MacOS_Safari,IN,MATCH,SUCCESS_BIOMETRIC,5,0.70,0
CGW_0002683,CORPORATE,CLASSIC,42.78,5812_RESTAURANT,Windows_Chrome,AU,MISMATCH,FAILED,10,0.95,1
CGW_0002684,CORPORATE,GOLD,1805.69,5812_RESTAURANT,MacOS_Safari,GB,MATCH,BYPASSED,11,0.29,0
CGW_0002685,CREDIT,GOLD,3871.65,4829_MONEY_TRANSFER,Linux_Firefox,SG,MATCH,SUCCESS_BIOMETRIC,5,0.86,1
CGW_0002686,PREPAID,SIGNATURE,4392.58,4722_TRAVEL,Linux_Firefox,DE,MATCH,SUCCESS_OTP,12,0.36,0
CGW_0002687,CORPORATE,INFINITE,1269.54,5812_RESTAURANT,MacOS_Safari,US,MATCH,SUCCESS_BIOMETRIC,10,0.78,0
CGW_0002688,PREPAID,CLASSIC,3318.29,4722_TRAVEL,Linux_Firefox,AE,MATCH,SUCCESS_OTP,10,0.66,1
CGW_0002689,DEBIT,INFINITE,1448.99,7995_BETTING,Linux_Firefox,AE,MATCH,SUCCESS_OTP,3,0.45,1
CGW_0002690,PREPAID,CLASSIC,2037.36,5411_GROCERY,Android,US,MATCH,SUCCESS_BIOMETRIC,2,0.69,0
CGW_0002691,CORPORATE,SIGNATURE,170.12,4722_TRAVEL,Android,IN,MATCH,SUCCESS_OTP,3,0.21,0
CGW_0002692,PREPAID,INFINITE,4301.90,4722_TRAVEL,MacOS_Safari,DE,MISMATCH,BYPASSED,8,0.97,1
CGW_0002693,PREPAID,INFINITE,1162.70,7995_BETTING,MacOS_Safari,DE,MATCH,FAILED,1,0.05,1
CGW_0002694,CORPORATE,SIGNATURE,1808.41,5812_RESTAURANT,Linux_Firefox,GB,MISMATCH,FAILED,9,0.43,1
CGW_0002695,CREDIT,CLASSIC,4402.64,4722_TRAVEL,iOS,GB,MATCH,BYPASSED,2,0.62,1
CGW_0002696,PREPAID,CLASSIC,2085.62,4829_MONEY_TRANSFER,Android,GB,MATCH,SUCCESS_BIOMETRIC,10,0.96,1
CGW_0002697,CORPORATE,CLASSIC,755.73,7995_BETTING,iOS,CA,MATCH,SUCCESS_OTP,5,0.11,1
CGW_0002698,CREDIT,SIGNATURE,1819.72,4722_TRAVEL,Linux_Firefox,SG,MATCH,SUCCESS_OTP,4,0.13,0
CGW_0002699,CORPORATE,PLATINUM,549.30,5732_ELECTRONICS,MacOS_Safari,AU,MATCH,SUCCESS_OTP,12,0.27,0
CGW_0002700,CORPORATE,INFINITE,306.83,5732_ELECTRONICS,Windows_Chrome,AU,MISMATCH,FAILED,3,0.98,1
CGW_0002701,DEBIT,SIGNATURE,548.03,5812_RESTAURANT,Android,DE,MATCH,SUCCESS_BIOMETRIC,1,0.13,0
CGW_0002702,DEBIT,PLATINUM,402.06,5812_RESTAURANT,Linux_Firefox,CA,MISMATCH,SUCCESS_BIOMETRIC,5,0.12,1
CGW_0002703,DEBIT,SIGNATURE,3241.98,5812_RESTAURANT,Linux_Firefox,US,MATCH,SUCCESS_OTP,2,0.41,0
CGW_0002704,DEBIT,SIGNATURE,816.42,5732_ELECTRONICS,Linux_Firefox,SG,MATCH,BYPASSED,9,0.20,0
CGW_0002705,PREPAID,INFINITE,3535.68,5812_RESTAURANT,Android,US,MATCH,FAILED,1,0.45,0
CGW_0002706,DEBIT,SIGNATURE,3687.12,4722_TRAVEL,iOS,SG,MISMATCH,BYPASSED,2,0.70,1
CGW_0002707,CREDIT,SIGNATURE,1355.40,7995_BETTING,Linux_Firefox,IN,MATCH,BYPASSED,6,0.42,1
CGW_0002708,CORPORATE,CLASSIC,3667.20,5732_ELECTRONICS,Windows_Chrome,DE,MATCH,SUCCESS_BIOMETRIC,6,0.68,1
CGW_0002709,DEBIT,GOLD,201.65,7995_BETTING,Linux_Firefox,AU,MATCH,SUCCESS_BIOMETRIC,10,0.61,1
CGW_0002710,CORPORATE,SIGNATURE,476.83,4722_TRAVEL,iOS,GB,MATCH,SUCCESS_BIOMETRIC,7,0.48,0
CGW_0002711,CREDIT,PLATINUM,3833.91,5411_GROCERY,iOS,IN,MATCH,SUCCESS_OTP,10,0.59,0
CGW_0002712,DEBIT,CLASSIC,997.66,5411_GROCERY,Android,US,MATCH,SUCCESS_OTP,7,0.22,0
CGW_0002713,PREPAID,PLATINUM,263.55,7995_BETTING,iOS,CA,MATCH,BYPASSED,10,0.38,1
CGW_0002714,CORPORATE,PLATINUM,2934.79,4829_MONEY_TRANSFER,iOS,CA,MATCH,FAILED,9,0.13,0
CGW_0002715,DEBIT,PLATINUM,896.31,7995_BETTING,MacOS_Safari,DE,MATCH,SUCCESS_BIOMETRIC,1,0.88,1
CGW_0002716,CREDIT,PLATINUM,1217.69,7995_BETTING,MacOS_Safari,AU,MATCH,FAILED,9,0.13,1
CGW_0002717,PREPAID,SIGNATURE,2122.39,5411_GROCERY,iOS,SG,MATCH,SUCCESS_BIOMETRIC,9,0.90,1
CGW_0002718,PREPAID,PLATINUM,345.09,5411_GROCERY,Android,GB,MATCH,FAILED,8,0.90,1
CGW_0002719,CREDIT,CLASSIC,126.58,5732_ELECTRONICS,Linux_Firefox,GB,MATCH,BYPASSED,7,0.98,1
CGW_0002720,DEBIT,INFINITE,1686.18,7995_BETTING,Linux_Firefox,GB,MATCH,SUCCESS_BIOMETRIC,4,0.89,1
CGW_0002721,PREPAID,GOLD,491.34,7995_BETTING,Android,IN,MATCH,SUCCESS_OTP,11,0.98,1
CGW_0002722,CREDIT,SIGNATURE,3910.47,5812_RESTAURANT,Android,SG,MISMATCH,SUCCESS_BIOMETRIC,7,0.65,1
CGW_0002723,CREDIT,GOLD,3604.25,5411_GROCERY,iOS,US,MATCH,BYPASSED,7,0.15,0
CGW_0002724,CREDIT,CLASSIC,2740.96,5411_GROCERY,MacOS_Safari,SG,MATCH,SUCCESS_BIOMETRIC,6,0.42,0
CGW_0002725,DEBIT,PLATINUM,1742.16,5732_ELECTRONICS,MacOS_Safari,US,MATCH,BYPASSED,12,0.04,0
CGW_0002726,CORPORATE,SIGNATURE,170.06,5411_GROCERY,MacOS_Safari,AU,MATCH,FAILED,7,0.12,0
CGW_0002727,CORPORATE,INFINITE,1677.63,4722_TRAVEL,Windows_Chrome,IN,MISMATCH,SUCCESS_BIOMETRIC,11,0.31,1
CGW_0002728,CREDIT,PLATINUM,1174.68,7995_BETTING,Windows_Chrome,CA,MISMATCH,BYPASSED,4,0.63,1
CGW_0002729,CREDIT,GOLD,3550.13,4722_TRAVEL,Linux_Firefox,US,MISMATCH,SUCCESS_OTP,3,0.17,1
CGW_0002730,CREDIT,PLATINUM,3908.31,4829_MONEY_TRANSFER,Windows_Chrome,AE,MATCH,SUCCESS_BIOMETRIC,12,0.93,1
CGW_0002731,DEBIT,PLATINUM,900.59,5812_RESTAURANT,Windows_Chrome,IN,MISMATCH,BYPASSED,7,0.23,1
CGW_0002732,PREPAID,PLATINUM,3301.54,5732_ELECTRONICS,Android,GB,MATCH,BYPASSED,6,0.78,1
CGW_0002733,PREPAID,CLASSIC,4314.04,7995_BETTING,iOS,AE,MATCH,BYPASSED,1,0.32,1
CGW_0002734,CREDIT,CLASSIC,1079.36,5812_RESTAURANT,Android,IN,MATCH,SUCCESS_OTP,6,0.62,0
CGW_0002735,CREDIT,GOLD,1660.48,5732_ELECTRONICS,Linux_Firefox,US,MISMATCH,SUCCESS_BIOMETRIC,8,0.14,1
CGW_0002736,CORPORATE,GOLD,1596.77,5812_RESTAURANT,MacOS_Safari,DE,MATCH,SUCCESS_OTP,6,0.73,0
CGW_0002737,DEBIT,INFINITE,498.17,4722_TRAVEL,MacOS_Safari,SG,MISMATCH,SUCCESS_OTP,8,0.18,1
CGW_0002738,CORPORATE,GOLD,2374.18,5732_ELECTRONICS,Linux_Firefox,AE,MATCH,SUCCESS_BIOMETRIC,5,0.85,0
CGW_0002739,DEBIT,GOLD,1287.18,5812_RESTAURANT,Linux_Firefox,AU,MATCH,BYPASSED,6,0.45,0
CGW_0002740,DEBIT,SIGNATURE,552.18,5812_RESTAURANT,MacOS_Safari,IN,MISMATCH,FAILED,8,0.35,1
CGW_0002741,PREPAID,CLASSIC,2275.76,5411_GROCERY,Android,IN,MATCH,BYPASSED,4,0.56,0
CGW_0002742,PREPAID,CLASSIC,3271.65,5812_RESTAURANT,iOS,CA,MISMATCH,SUCCESS_BIOMETRIC,7,0.53,1
CGW_0002743,DEBIT,GOLD,776.02,5812_RESTAURANT,MacOS_Safari,AE,MATCH,SUCCESS_OTP,5,0.81,0
CGW_0002744,CREDIT,GOLD,1864.37,4829_MONEY_TRANSFER,Android,AE,MISMATCH,BYPASSED,7,0.06,1
CGW_0002745,PREPAID,GOLD,3185.48,4722_TRAVEL,Windows_Chrome,CA,MISMATCH,FAILED,8,0.92,1
CGW_0002746,DEBIT,CLASSIC,179.81,5732_ELECTRONICS,Android,AE,MISMATCH,SUCCESS_OTP,12,0.48,1
CGW_0002747,DEBIT,PLATINUM,579.41,4829_MONEY_TRANSFER,Android,US,MISMATCH,FAILED,3,0.94,1
CGW_0002748,CORPORATE,CLASSIC,1322.92,5411_GROCERY,Windows_Chrome,DE,MATCH,BYPASSED,1,0.82,0
CGW_0002749,CORPORATE,PLATINUM,40.00,5732_ELECTRONICS,Windows_Chrome,DE,MISMATCH,SUCCESS_OTP,7,0.39,1
CGW_0002750,CREDIT,SIGNATURE,1427.46,5812_RESTAURANT,Linux_Firefox,AE,MATCH,BYPASSED,6,0.39,0
CGW_0002751,PREPAID,PLATINUM,560.94,5732_ELECTRONICS,MacOS_Safari,GB,MATCH,SUCCESS_OTP,3,0.20,0
CGW_0002752,DEBIT,SIGNATURE,1997.36,4829_MONEY_TRANSFER,MacOS_Safari,DE,MATCH,SUCCESS_BIOMETRIC,8,0.61,0
CGW_0002753,DEBIT,PLATINUM,403.40,7995_BETTING,iOS,AE,MISMATCH,SUCCESS_OTP,1,0.56,1
CGW_0002754,DEBIT,INFINITE,672.05,4722_TRAVEL,iOS,CA,MISMATCH,SUCCESS_BIOMETRIC,9,0.36,1
CGW_0002755,CORPORATE,PLATINUM,785.10,5732_ELECTRONICS,iOS,CA,MATCH,FAILED,4,0.62,0
CGW_0002756,PREPAID,PLATINUM,3154.64,4829_MONEY_TRANSFER,Linux_Firefox,AE,MATCH,SUCCESS_OTP,7,0.50,1
CGW_0002757,PREPAID,PLATINUM,2865.43,4722_TRAVEL,Windows_Chrome,US,MISMATCH,FAILED,11,0.91,1
CGW_0002758,PREPAID,PLATINUM,261.27,5411_GROCERY,Linux_Firefox,SG,MATCH,BYPASSED,1,0.56,0
CGW_0002759,DEBIT,CLASSIC,74.27,4722_TRAVEL,iOS,AU,MATCH,SUCCESS_BIOMETRIC,2,0.50,0
CGW_0002760,DEBIT,GOLD,1875.99,5812_RESTAURANT,iOS,US,MATCH,SUCCESS_OTP,1,0.13,0
CGW_0002761,CREDIT,PLATINUM,2502.23,5732_ELECTRONICS,Windows_Chrome,CA,MATCH,SUCCESS_OTP,12,0.89,1
CGW_0002762,DEBIT,INFINITE,1272.94,7995_BETTING,Windows_Chrome,IN,MATCH,SUCCESS_BIOMETRIC,10,0.13,1
CGW_0002763,CREDIT,SIGNATURE,1557.48,4722_TRAVEL,iOS,DE,MISMATCH,FAILED,3,0.17,1
CGW_0002764,DEBIT,GOLD,3524.05,7995_BETTING,Windows_Chrome,US,MATCH,SUCCESS_BIOMETRIC,11,0.56,1
CGW_0002765,DEBIT,GOLD,1515.12,5732_ELECTRONICS,iOS,SG,MATCH,BYPASSED,6,0.28,0
CGW_0002766,CORPORATE,SIGNATURE,2021.25,7995_BETTING,Linux_Firefox,AE,MATCH,BYPASSED,5,0.50,1
CGW_0002767,DEBIT,CLASSIC,1183.16,5812_RESTAURANT,iOS,CA,MATCH,SUCCESS_BIOMETRIC,6,0.08,0
CGW_0002768,PREPAID,SIGNATURE,887.91,7995_BETTING,Windows_Chrome,CA,MATCH,SUCCESS_OTP,8,0.30,1
CGW_0002769,CREDIT,INFINITE,2156.51,5812_RESTAURANT,Linux_Firefox,US,MATCH,SUCCESS_OTP,12,0.87,1
CGW_0002770,CORPORATE,SIGNATURE,3438.20,7995_BETTING,MacOS_Safari,DE,MATCH,FAILED,7,0.39,1
CGW_0002771,CREDIT,CLASSIC,2309.53,5812_RESTAURANT,Linux_Firefox,GB,MATCH,FAILED,8,0.67,0
CGW_0002772,CORPORATE,CLASSIC,1634.01,5812_RESTAURANT,MacOS_Safari,DE,MATCH,FAILED,9,0.11,0
CGW_0002773,CREDIT,INFINITE,2815.61,5411_GROCERY,MacOS_Safari,US,MISMATCH,SUCCESS_OTP,7,0.42,1
CGW_0002774,CREDIT,GOLD,3523.78,5812_RESTAURANT,iOS,AE,MATCH,SUCCESS_BIOMETRIC,6,0.47,0
CGW_0002775,PREPAID,SIGNATURE,2497.69,4829_MONEY_TRANSFER,Android,IN,MISMATCH,FAILED,10,0.52,1
CGW_0002776,CORPORATE,CLASSIC,1681.07,4722_TRAVEL,Linux_Firefox,DE,MATCH,SUCCESS_BIOMETRIC,6,0.05,0
CGW_0002777,DEBIT,GOLD,154.47,5732_ELECTRONICS,iOS,GB,MATCH,BYPASSED,7,0.20,0
CGW_0002778,CREDIT,PLATINUM,1819.08,5732_ELECTRONICS,Linux_Firefox,AE,MATCH,BYPASSED,10,0.33,0
CGW_0002779,CREDIT,GOLD,1663.28,5411_GROCERY,iOS,AU,MATCH,BYPASSED,2,0.88,1
CGW_0002780,PREPAID,INFINITE,134.30,5411_GROCERY,Windows_Chrome,US,MISMATCH,SUCCESS_OTP,3,0.41,1
CGW_0002781,CORPORATE,SIGNATURE,1833.69,5411_GROCERY,Windows_Chrome,SG,MATCH,BYPASSED,12,0.23,0
CGW_0002782,CORPORATE,GOLD,1267.50,7995_BETTING,Windows_Chrome,DE,MATCH,FAILED,7,0.53,1
CGW_0002783,PREPAID,INFINITE,1778.59,4722_TRAVEL,Android,SG,MATCH,SUCCESS_BIOMETRIC,7,0.53,0
CGW_0002784,CREDIT,CLASSIC,602.53,4722_TRAVEL,MacOS_Safari,US,MATCH,SUCCESS_OTP,5,0.87,1
CGW_0002785,CREDIT,PLATINUM,1121.71,4722_TRAVEL,iOS,CA,MATCH,FAILED,11,0.53,0
CGW_0002786,CORPORATE,SIGNATURE,3680.84,7995_BETTING,MacOS_Safari,DE,MATCH,SUCCESS_OTP,2,0.41,1
CGW_0002787,DEBIT,PLATINUM,2441.65,5411_GROCERY,iOS,US,MISMATCH,BYPASSED,12,0.34,1
CGW_0002788,CREDIT,PLATINUM,686.76,5732_ELECTRONICS,iOS,AU,MATCH,FAILED,5,0.47,0
CGW_0002789,DEBIT,INFINITE,413.46,5732_ELECTRONICS,Android,DE,MISMATCH,FAILED,7,0.22,1
CGW_0002790,CORPORATE,GOLD,2244.68,4829_MONEY_TRANSFER,iOS,US,MATCH,FAILED,10,0.90,1
CGW_0002791,CREDIT,CLASSIC,2877.04,5732_ELECTRONICS,Windows_Chrome,SG,MISMATCH,SUCCESS_OTP,6,0.93,1
CGW_0002792,DEBIT,INFINITE,741.30,5812_RESTAURANT,Linux_Firefox,AU,MATCH,BYPASSED,11,0.65,0
CGW_0002793,CREDIT,PLATINUM,2109.97,5812_RESTAURANT,MacOS_Safari,SG,MATCH,FAILED,5,0.38,0
CGW_0002794,CORPORATE,INFINITE,2136.79,4829_MONEY_TRANSFER,MacOS_Safari,GB,MISMATCH,SUCCESS_BIOMETRIC,1,0.84,1
CGW_0002795,DEBIT,CLASSIC,4303.39,5812_RESTAURANT,Windows_Chrome,GB,MATCH,FAILED,8,0.91,1
CGW_0002796,DEBIT,SIGNATURE,1434.46,5411_GROCERY,iOS,AE,MATCH,SUCCESS_OTP,8,0.32,0
CGW_0002797,DEBIT,GOLD,984.13,4829_MONEY_TRANSFER,Windows_Chrome,DE,MISMATCH,SUCCESS_BIOMETRIC,11,0.32,1
CGW_0002798,DEBIT,PLATINUM,3400.82,4722_TRAVEL,Linux_Firefox,AE,MISMATCH,SUCCESS_OTP,8,0.73,1
CGW_0002799,DEBIT,PLATINUM,3053.03,4829_MONEY_TRANSFER,iOS,AE,MATCH,FAILED,8,0.40,1
CGW_0002800,CORPORATE,CLASSIC,4094.45,7995_BETTING,Android,US,MATCH,SUCCESS_OTP,11,0.66,1
CGW_0002801,CORPORATE,GOLD,3147.51,5732_ELECTRONICS,Linux_Firefox,CA,MATCH,BYPASSED,6,0.07,1
CGW_0002802,DEBIT,SIGNATURE,3003.34,4829_MONEY_TRANSFER,Windows_Chrome,GB,MATCH,BYPASSED,8,0.42,1
CGW_0002803,CORPORATE,CLASSIC,1624.96,5732_ELECTRONICS,Linux_Firefox,GB,MISMATCH,BYPASSED,2,0.75,1
CGW_0002804,CORPORATE,GOLD,191.30,5411_GROCERY,Linux_Firefox,CA,MISMATCH,FAILED,4,0.53,1
CGW_0002805,CORPORATE,INFINITE,998.31,4722_TRAVEL,Linux_Firefox,AE,MISMATCH,SUCCESS_OTP,11,0.87,1
CGW_0002806,DEBIT,INFINITE,2194.54,4722_TRAVEL,MacOS_Safari,CA,MISMATCH,SUCCESS_BIOMETRIC,11,0.46,1
CGW_0002807,CORPORATE,PLATINUM,1913.01,5812_RESTAURANT,Windows_Chrome,GB,MATCH,FAILED,1,0.21,0
CGW_0002808,CORPORATE,INFINITE,705.45,5812_RESTAURANT,Android,GB,MATCH,SUCCESS_BIOMETRIC,11,0.45,0
CGW_0002809,DEBIT,SIGNATURE,2506.92,7995_BETTING,Android,GB,MATCH,FAILED,4,0.46,1
CGW_0002810,PREPAID,SIGNATURE,2765.30,7995_BETTING,Windows_Chrome,DE,MISMATCH,BYPASSED,3,0.58,1
CGW_0002811,CORPORATE,GOLD,3461.11,5812_RESTAURANT,iOS,CA,MATCH,BYPASSED,7,0.82,0
CGW_0002812,CORPORATE,GOLD,2445.29,4829_MONEY_TRANSFER,MacOS_Safari,SG,MATCH,BYPASSED,10,0.33,0
CGW_0002813,CORPORATE,INFINITE,3919.24,4829_MONEY_TRANSFER,Windows_Chrome,AU,MISMATCH,SUCCESS_BIOMETRIC,6,0.81,1
CGW_0002814,PREPAID,GOLD,1142.15,7995_BETTING,iOS,AU,MISMATCH,BYPASSED,7,0.88,1
CGW_0002815,DEBIT,SIGNATURE,1114.36,5732_ELECTRONICS,Windows_Chrome,SG,MATCH,SUCCESS_OTP,2,0.19,0
CGW_0002816,DEBIT,INFINITE,4184.07,5812_RESTAURANT,iOS,DE,MISMATCH,SUCCESS_OTP,1,0.18,1
CGW_0002817,DEBIT,CLASSIC,2317.89,4722_TRAVEL,MacOS_Safari,DE,MATCH,BYPASSED,3,0.95,1
CGW_0002818,DEBIT,CLASSIC,2148.22,7995_BETTING,MacOS_Safari,CA,MATCH,BYPASSED,7,0.38,1
CGW_0002819,DEBIT,SIGNATURE,2596.97,5812_RESTAURANT,iOS,IN,MATCH,BYPASSED,1,0.56,0
CGW_0002820,PREPAID,CLASSIC,972.57,5812_RESTAURANT,iOS,SG,MISMATCH,BYPASSED,11,0.28,1
CGW_0002821,CORPORATE,CLASSIC,3939.31,5732_ELECTRONICS,Linux_Firefox,US,MATCH,FAILED,1,0.36,1
CGW_0002822,DEBIT,SIGNATURE,3893.81,4722_TRAVEL,Android,CA,MATCH,FAILED,2,0.84,0
CGW_0002823,CREDIT,INFINITE,1362.38,4722_TRAVEL,Android,SG,MATCH,SUCCESS_BIOMETRIC,7,0.88,1
CGW_0002824,PREPAID,INFINITE,3471.84,5812_RESTAURANT,Windows_Chrome,SG,MATCH,BYPASSED,1,0.55,1
CGW_0002825,DEBIT,SIGNATURE,2734.73,5411_GROCERY,MacOS_Safari,SG,MATCH,SUCCESS_OTP,12,0.63,0
CGW_0002826,CREDIT,CLASSIC,226.45,5411_GROCERY,Linux_Firefox,AE,MATCH,BYPASSED,8,0.78,0
CGW_0002827,PREPAID,GOLD,1321.94,4722_TRAVEL,MacOS_Safari,DE,MISMATCH,SUCCESS_BIOMETRIC,5,0.77,1
CGW_0002828,DEBIT,PLATINUM,4024.14,5812_RESTAURANT,Android,SG,MISMATCH,SUCCESS_BIOMETRIC,10,0.18,1
CGW_0002829,CREDIT,CLASSIC,3116.90,4722_TRAVEL,Android,AE,MATCH,BYPASSED,9,0.12,1
CGW_0002830,CREDIT,PLATINUM,596.83,4722_TRAVEL,Windows_Chrome,IN,MISMATCH,FAILED,3,0.36,1
CGW_0002831,PREPAID,GOLD,35.87,5812_RESTAURANT,Linux_Firefox,SG,MATCH,SUCCESS_OTP,2,0.66,0
CGW_0002832,PREPAID,PLATINUM,2901.20,4829_MONEY_TRANSFER,Windows_Chrome,IN,MATCH,SUCCESS_BIOMETRIC,8,0.65,0
CGW_0002833,PREPAID,GOLD,3768.75,5411_GROCERY,Linux_Firefox,GB,MISMATCH,FAILED,12,0.61,1
CGW_0002834,CORPORATE,SIGNATURE,2627.79,5732_ELECTRONICS,iOS,DE,MATCH,FAILED,11,0.60,0
CGW_0002835,DEBIT,CLASSIC,813.52,4829_MONEY_TRANSFER,Linux_Firefox,DE,MATCH,BYPASSED,12,0.81,0
CGW_0002836,PREPAID,GOLD,1083.12,5411_GROCERY,Android,US,MATCH,SUCCESS_OTP,5,0.98,1
CGW_0002837,DEBIT,CLASSIC,1051.51,4829_MONEY_TRANSFER,Linux_Firefox,GB,MISMATCH,BYPASSED,8,0.87,1
CGW_0002838,CORPORATE,GOLD,4115.01,7995_BETTING,iOS,AU,MATCH,FAILED,1,0.96,1
CGW_0002839,PREPAID,CLASSIC,1717.93,4722_TRAVEL,Android,IN,MATCH,FAILED,11,0.69,0
CGW_0002840,CREDIT,SIGNATURE,3445.76,5411_GROCERY,iOS,CA,MATCH,SUCCESS_BIOMETRIC,1,0.74,0
CGW_0002841,CORPORATE,INFINITE,1649.40,7995_BETTING,Linux_Firefox,US,MATCH,SUCCESS_OTP,4,0.34,1
CGW_0002842,PREPAID,GOLD,462.97,4722_TRAVEL,iOS,AU,MISMATCH,FAILED,12,0.23,1
CGW_0002843,PREPAID,GOLD,217.04,7995_BETTING,Windows_Chrome,AE,MATCH,FAILED,1,0.06,1
CGW_0002844,DEBIT,CLASSIC,3725.68,7995_BETTING,iOS,AE,MATCH,FAILED,10,0.49,1
CGW_0002845,DEBIT,CLASSIC,1697.16,4722_TRAVEL,Linux_Firefox,CA,MISMATCH,BYPASSED,4,0.95,1
CGW_0002846,PREPAID,PLATINUM,3971.10,5732_ELECTRONICS,MacOS_Safari,CA,MATCH,BYPASSED,1,0.45,1
CGW_0002847,CREDIT,INFINITE,774.60,4829_MONEY_TRANSFER,Android,US,MATCH,BYPASSED,2,0.88,1
CGW_0002848,CORPORATE,INFINITE,2571.74,5812_RESTAURANT,iOS,GB,MATCH,FAILED,3,0.79,0
CGW_0002849,CORPORATE,INFINITE,1501.78,5411_GROCERY,Linux_Firefox,IN,MATCH,FAILED,2,0.72,0
CGW_0002850,PREPAID,GOLD,463.87,4829_MONEY_TRANSFER,Android,IN,MISMATCH,BYPASSED,3,0.81,1
CGW_0002851,CREDIT,INFINITE,2163.42,5411_GROCERY,iOS,DE,MISMATCH,BYPASSED,4,0.61,1
CGW_0002852,DEBIT,PLATINUM,3389.89,5732_ELECTRONICS,MacOS_Safari,AU,MISMATCH,BYPASSED,9,0.93,1
CGW_0002853,DEBIT,PLATINUM,2106.72,5732_ELECTRONICS,Android,IN,MISMATCH,SUCCESS_BIOMETRIC,4,0.37,1
CGW_0002854,PREPAID,CLASSIC,1765.44,5411_GROCERY,Android,US,MISMATCH,FAILED,9,0.21,1
CGW_0002855,CORPORATE,CLASSIC,149.16,4829_MONEY_TRANSFER,Windows_Chrome,GB,MATCH,FAILED,11,0.62,0
CGW_0002856,CORPORATE,GOLD,4276.10,4829_MONEY_TRANSFER,MacOS_Safari,AU,MATCH,SUCCESS_OTP,6,0.66,1
CGW_0002857,CORPORATE,PLATINUM,2113.12,4722_TRAVEL,MacOS_Safari,AE,MISMATCH,BYPASSED,6,0.36,1
CGW_0002858,PREPAID,PLATINUM,3308.24,4722_TRAVEL,Android,AU,MATCH,SUCCESS_OTP,3,0.79,0
CGW_0002859,CREDIT,SIGNATURE,1887.02,4829_MONEY_TRANSFER,iOS,DE,MATCH,BYPASSED,12,0.43,0
CGW_0002860,DEBIT,SIGNATURE,3903.79,5812_RESTAURANT,Linux_Firefox,AU,MATCH,SUCCESS_OTP,5,0.49,0
CGW_0002861,PREPAID,CLASSIC,2069.57,5411_GROCERY,MacOS_Safari,SG,MATCH,FAILED,10,0.57,0
CGW_0002862,DEBIT,PLATINUM,3228.40,5411_GROCERY,iOS,DE,MATCH,BYPASSED,4,0.37,1
CGW_0002863,CREDIT,INFINITE,153.50,4829_MONEY_TRANSFER,iOS,US,MISMATCH,BYPASSED,8,0.53,1
CGW_0002864,DEBIT,GOLD,929.70,4829_MONEY_TRANSFER,iOS,AU,MATCH,SUCCESS_BIOMETRIC,2,0.56,0
CGW_0002865,DEBIT,CLASSIC,312.36,4829_MONEY_TRANSFER,Windows_Chrome,DE,MATCH,FAILED,12,0.61,0
CGW_0002866,PREPAID,CLASSIC,13.22,4829_MONEY_TRANSFER,Android,DE,MATCH,BYPASSED,7,0.32,0
CGW_0002867,PREPAID,PLATINUM,2883.34,5812_RESTAURANT,iOS,CA,MATCH,FAILED,10,0.48,0
CGW_0002868,CORPORATE,INFINITE,3726.13,4722_TRAVEL,iOS,AE,MISMATCH,FAILED,12,0.67,1
CGW_0002869,DEBIT,INFINITE,3831.73,4722_TRAVEL,Android,DE,MATCH,SUCCESS_BIOMETRIC,7,0.28,1
CGW_0002870,CREDIT,INFINITE,3514.63,5812_RESTAURANT,Windows_Chrome,CA,MATCH,SUCCESS_BIOMETRIC,3,0.88,1
CGW_0002871,DEBIT,PLATINUM,3013.24,4829_MONEY_TRANSFER,MacOS_Safari,AE,MISMATCH,FAILED,11,0.41,1
CGW_0002872,CORPORATE,INFINITE,2176.74,4722_TRAVEL,iOS,AU,MISMATCH,SUCCESS_OTP,11,0.09,1
CGW_0002873,CORPORATE,GOLD,671.36,4722_TRAVEL,Android,GB,MISMATCH,SUCCESS_OTP,2,0.48,1
CGW_0002874,DEBIT,PLATINUM,1328.65,7995_BETTING,iOS,IN,MISMATCH,SUCCESS_OTP,2,0.43,1
CGW_0002875,CREDIT,INFINITE,761.43,4722_TRAVEL,iOS,US,MATCH,SUCCESS_OTP,5,0.53,0
CGW_0002876,DEBIT,INFINITE,3725.24,4829_MONEY_TRANSFER,Windows_Chrome,AE,MATCH,SUCCESS_OTP,6,0.17,0
CGW_0002877,PREPAID,GOLD,557.66,4722_TRAVEL,iOS,CA,MATCH,BYPASSED,11,0.22,0
CGW_0002878,CREDIT,PLATINUM,4062.61,5732_ELECTRONICS,Linux_Firefox,SG,MISMATCH,BYPASSED,5,0.72,1
CGW_0002879,DEBIT,PLATINUM,3927.59,5812_RESTAURANT,Windows_Chrome,IN,MISMATCH,SUCCESS_OTP,3,0.42,1
CGW_0002880,CORPORATE,INFINITE,1785.81,4722_TRAVEL,iOS,US,MATCH,SUCCESS_OTP,5,0.78,0
CGW_0002881,CORPORATE,GOLD,3524.63,4722_TRAVEL,iOS,SG,MATCH,BYPASSED,4,0.84,0
CGW_0002882,CORPORATE,CLASSIC,2301.11,5812_RESTAURANT,Linux_Firefox,GB,MATCH,BYPASSED,3,0.82,0
CGW_0002883,PREPAID,CLASSIC,2464.18,4722_TRAVEL,iOS,SG,MATCH,FAILED,10,0.93,1
CGW_0002884,PREPAID,CLASSIC,3692.39,4722_TRAVEL,Linux_Firefox,IN,MATCH,SUCCESS_OTP,4,0.30,0
CGW_0002885,CREDIT,GOLD,3998.92,4829_MONEY_TRANSFER,Windows_Chrome,CA,MATCH,SUCCESS_BIOMETRIC,4,0.20,0
CGW_0002886,CREDIT,GOLD,1629.71,4829_MONEY_TRANSFER,Windows_Chrome,GB,MATCH,SUCCESS_OTP,9,0.78,0
CGW_0002887,PREPAID,PLATINUM,3354.29,7995_BETTING,Windows_Chrome,IN,MATCH,SUCCESS_OTP,3,0.44,1
CGW_0002888,CORPORATE,PLATINUM,3681.73,5732_ELECTRONICS,iOS,GB,MISMATCH,SUCCESS_OTP,3,0.66,1
CGW_0002889,CORPORATE,SIGNATURE,341.60,5411_GROCERY,Windows_Chrome,IN,MATCH,SUCCESS_BIOMETRIC,3,0.54,0
CGW_0002890,DEBIT,INFINITE,668.48,5411_GROCERY,Windows_Chrome,AU,MATCH,SUCCESS_BIOMETRIC,3,0.06,0
CGW_0002891,CORPORATE,GOLD,917.61,5812_RESTAURANT,Windows_Chrome,DE,MATCH,FAILED,10,0.55,0
CGW_0002892,CREDIT,PLATINUM,2697.68,4829_MONEY_TRANSFER,MacOS_Safari,SG,MATCH,BYPASSED,8,0.24,0
CGW_0002893,CORPORATE,SIGNATURE,2753.96,7995_BETTING,Android,GB,MATCH,SUCCESS_BIOMETRIC,3,0.50,1
CGW_0002894,PREPAID,GOLD,3926.65,5732_ELECTRONICS,MacOS_Safari,DE,MATCH,SUCCESS_OTP,12,0.31,1
CGW_0002895,CREDIT,GOLD,2079.53,7995_BETTING,iOS,AU,MATCH,FAILED,10,0.28,1
CGW_0002896,DEBIT,PLATINUM,2163.48,4722_TRAVEL,Windows_Chrome,US,MATCH,BYPASSED,8,0.20,0
CGW_0002897,CREDIT,PLATINUM,546.49,5732_ELECTRONICS,MacOS_Safari,AU,MATCH,SUCCESS_BIOMETRIC,1,0.49,0
CGW_0002898,CREDIT,SIGNATURE,3272.53,5812_RESTAURANT,Linux_Firefox,DE,MATCH,SUCCESS_OTP,3,0.63,0
CGW_0002899,PREPAID,GOLD,2803.61,5812_RESTAURANT,MacOS_Safari,DE,MATCH,FAILED,3,0.58,0
CGW_0002900,DEBIT,GOLD,2697.19,5411_GROCERY,iOS,AE,MATCH,BYPASSED,7,0.53,0
CGW_0002901,DEBIT,GOLD,1206.37,5411_GROCERY,Android,AE,MATCH,SUCCESS_OTP,10,0.87,1
CGW_0002902,CREDIT,INFINITE,1920.07,5812_RESTAURANT,iOS,DE,MISMATCH,BYPASSED,9,0.54,1
CGW_0002903,DEBIT,PLATINUM,2117.35,7995_BETTING,Linux_Firefox,CA,MATCH,FAILED,2,0.49,1
CGW_0002904,PREPAID,INFINITE,3068.16,4829_MONEY_TRANSFER,Android,SG,MATCH,SUCCESS_BIOMETRIC,11,0.80,0
CGW_0002905,CREDIT,SIGNATURE,1807.76,4829_MONEY_TRANSFER,Windows_Chrome,GB,MISMATCH,SUCCESS_BIOMETRIC,6,0.62,1
CGW_0002906,DEBIT,SIGNATURE,1252.15,4829_MONEY_TRANSFER,iOS,IN,MISMATCH,BYPASSED,8,0.88,1
CGW_0002907,DEBIT,INFINITE,427.01,5411_GROCERY,Linux_Firefox,DE,MATCH,SUCCESS_OTP,6,0.59,0
CGW_0002908,CREDIT,GOLD,3335.66,5411_GROCERY,MacOS_Safari,US,MATCH,SUCCESS_OTP,4,0.11,0
CGW_0002909,PREPAID,SIGNATURE,261.51,4722_TRAVEL,Windows_Chrome,AU,MATCH,SUCCESS_BIOMETRIC,1,0.36,0
CGW_0002910,CORPORATE,SIGNATURE,4120.46,5812_RESTAURANT,Android,CA,MATCH,SUCCESS_OTP,5,0.11,0
CGW_0002911,PREPAID,CLASSIC,1694.85,5812_RESTAURANT,Android,DE,MATCH,SUCCESS_BIOMETRIC,11,0.26,0
CGW_0002912,CORPORATE,INFINITE,400.00,7995_BETTING,Linux_Firefox,CA,MATCH,BYPASSED,4,0.31,1
CGW_0002913,PREPAID,SIGNATURE,3871.90,5411_GROCERY,iOS,US,MATCH,SUCCESS_BIOMETRIC,9,0.70,0
CGW_0002914,CREDIT,SIGNATURE,1067.56,5812_RESTAURANT,Linux_Firefox,IN,MATCH,SUCCESS_OTP,5,0.02,0
CGW_0002915,DEBIT,SIGNATURE,3639.14,4829_MONEY_TRANSFER,Windows_Chrome,SG,MATCH,SUCCESS_OTP,8,0.56,1
CGW_0002916,DEBIT,GOLD,1843.41,5411_GROCERY,MacOS_Safari,SG,MATCH,SUCCESS_BIOMETRIC,5,0.53,0
CGW_0002917,CREDIT,SIGNATURE,1625.99,4722_TRAVEL,iOS,GB,MATCH,SUCCESS_OTP,1,0.67,0
CGW_0002918,DEBIT,SIGNATURE,2607.47,4829_MONEY_TRANSFER,Linux_Firefox,AU,MATCH,SUCCESS_BIOMETRIC,4,0.64,0
CGW_0002919,CORPORATE,GOLD,3978.70,5732_ELECTRONICS,Linux_Firefox,IN,MISMATCH,FAILED,9,0.93,1
CGW_0002920,PREPAID,CLASSIC,4240.46,4829_MONEY_TRANSFER,MacOS_Safari,CA,MATCH,SUCCESS_OTP,3,0.66,1
CGW_0002921,CORPORATE,INFINITE,2438.15,5812_RESTAURANT,iOS,SG,MATCH,BYPASSED,1,0.17,0
CGW_0002922,CORPORATE,SIGNATURE,246.16,5732_ELECTRONICS,iOS,AE,MATCH,BYPASSED,12,0.64,0
CGW_0002923,DEBIT,CLASSIC,1769.22,7995_BETTING,Android,AE,MATCH,BYPASSED,7,0.21,1
CGW_0002924,DEBIT,SIGNATURE,2360.12,4722_TRAVEL,iOS,IN,MATCH,SUCCESS_OTP,4,0.08,0
CGW_0002925,CORPORATE,INFINITE,2772.17,4829_MONEY_TRANSFER,iOS,AU,MATCH,BYPASSED,8,0.08,0
CGW_0002926,PREPAID,SIGNATURE,953.30,7995_BETTING,iOS,GB,MATCH,FAILED,5,0.45,1
CGW_0002927,CORPORATE,CLASSIC,1565.11,5812_RESTAURANT,Android,DE,MATCH,FAILED,9,0.26,0
CGW_0002928,CREDIT,INFINITE,2603.58,5732_ELECTRONICS,Android,DE,MATCH,SUCCESS_BIOMETRIC,6,0.64,0
CGW_0002929,CREDIT,INFINITE,558.76,5812_RESTAURANT,Linux_Firefox,AE,MATCH,SUCCESS_BIOMETRIC,2,0.43,0
CGW_0002930,DEBIT,CLASSIC,124.77,5411_GROCERY,MacOS_Safari,SG,MATCH,SUCCESS_OTP,4,0.81,0
CGW_0002931,CORPORATE,CLASSIC,1368.09,7995_BETTING,Linux_Firefox,AU,MISMATCH,SUCCESS_BIOMETRIC,6,0.10,1
CGW_0002932,PREPAID,SIGNATURE,1119.11,5732_ELECTRONICS,MacOS_Safari,IN,MATCH,BYPASSED,7,0.64,0
CGW_0002933,PREPAID,SIGNATURE,4003.13,5411_GROCERY,MacOS_Safari,GB,MISMATCH,FAILED,11,0.02,1
CGW_0002934,CREDIT,CLASSIC,2258.85,7995_BETTING,MacOS_Safari,SG,MATCH,BYPASSED,12,0.88,1
CGW_0002935,PREPAID,PLATINUM,2928.05,5732_ELECTRONICS,iOS,SG,MATCH,SUCCESS_BIOMETRIC,10,0.85,0
CGW_0002936,PREPAID,PLATINUM,27.70,5812_RESTAURANT,Android,IN,MATCH,FAILED,7,0.94,1
CGW_0002937,PREPAID,INFINITE,3671.16,5812_RESTAURANT,MacOS_Safari,US,MISMATCH,BYPASSED,2,0.24,1
CGW_0002938,CREDIT,CLASSIC,367.46,5812_RESTAURANT,iOS,GB,MATCH,SUCCESS_BIOMETRIC,5,0.22,0
CGW_0002939,CORPORATE,INFINITE,3703.37,4829_MONEY_TRANSFER,Android,GB,MISMATCH,SUCCESS_OTP,11,0.04,1
CGW_0002940,DEBIT,CLASSIC,3049.87,7995_BETTING,Android,GB,MATCH,SUCCESS_OTP,6,0.37,1
CGW_0002941,CREDIT,SIGNATURE,296.79,5411_GROCERY,Android,CA,MATCH,SUCCESS_OTP,9,0.62,0
CGW_0002942,CREDIT,PLATINUM,2105.05,7995_BETTING,Linux_Firefox,AU,MISMATCH,FAILED,8,0.03,1
CGW_0002943,CREDIT,SIGNATURE,3376.59,7995_BETTING,iOS,CA,MISMATCH,SUCCESS_OTP,3,0.47,1
CGW_0002944,DEBIT,GOLD,300.46,4829_MONEY_TRANSFER,MacOS_Safari,GB,MATCH,SUCCESS_BIOMETRIC,11,0.03,0
CGW_0002945,DEBIT,PLATINUM,1745.13,5812_RESTAURANT,Windows_Chrome,AE,MATCH,SUCCESS_OTP,12,0.46,0
CGW_0002946,PREPAID,INFINITE,908.38,5732_ELECTRONICS,Windows_Chrome,US,MISMATCH,FAILED,1,0.91,1
CGW_0002947,DEBIT,INFINITE,576.13,5411_GROCERY,Windows_Chrome,AU,MISMATCH,FAILED,6,0.37,1
CGW_0002948,DEBIT,SIGNATURE,4190.76,4829_MONEY_TRANSFER,Windows_Chrome,AU,MATCH,SUCCESS_BIOMETRIC,8,0.29,0
CGW_0002949,PREPAID,INFINITE,4204.33,5812_RESTAURANT,Windows_Chrome,IN,MATCH,SUCCESS_BIOMETRIC,3,0.61,0
CGW_0002950,CREDIT,GOLD,1565.35,7995_BETTING,Linux_Firefox,DE,MATCH,BYPASSED,9,0.17,1
CGW_0002951,PREPAID,SIGNATURE,477.77,5812_RESTAURANT,iOS,IN,MISMATCH,BYPASSED,2,0.55,1
CGW_0002952,DEBIT,INFINITE,1840.92,4722_TRAVEL,Android,IN,MATCH,FAILED,12,0.96,1
CGW_0002953,PREPAID,CLASSIC,4350.03,7995_BETTING,Linux_Firefox,AU,MATCH,SUCCESS_BIOMETRIC,8,0.53,1
CGW_0002954,PREPAID,CLASSIC,3531.13,7995_BETTING,Windows_Chrome,SG,MATCH,SUCCESS_OTP,2,0.80,1
CGW_0002955,CORPORATE,GOLD,873.93,4722_TRAVEL,Windows_Chrome,SG,MATCH,FAILED,2,0.69,0
CGW_0002956,CORPORATE,GOLD,2864.80,4722_TRAVEL,MacOS_Safari,US,MATCH,SUCCESS_OTP,6,0.13,0
CGW_0002957,DEBIT,INFINITE,1181.37,5411_GROCERY,Linux_Firefox,DE,MATCH,SUCCESS_BIOMETRIC,6,0.89,1
CGW_0002958,CORPORATE,INFINITE,1758.61,5812_RESTAURANT,Windows_Chrome,SG,MATCH,SUCCESS_BIOMETRIC,10,0.88,1
CGW_0002959,CORPORATE,INFINITE,1238.85,4829_MONEY_TRANSFER,MacOS_Safari,CA,MATCH,BYPASSED,1,0.54,0
CGW_0002960,CREDIT,PLATINUM,3246.77,4829_MONEY_TRANSFER,MacOS_Safari,CA,MATCH,SUCCESS_OTP,10,0.14,1
CGW_0002961,DEBIT,CLASSIC,172.28,5411_GROCERY,Android,AU,MATCH,BYPASSED,2,0.29,0
CGW_0002962,PREPAID,SIGNATURE,1766.00,4829_MONEY_TRANSFER,iOS,SG,MATCH,SUCCESS_BIOMETRIC,1,0.17,0
CGW_0002963,DEBIT,GOLD,3352.86,5812_RESTAURANT,Windows_Chrome,AE,MATCH,SUCCESS_BIOMETRIC,9,0.66,1
CGW_0002964,CORPORATE,PLATINUM,3039.62,5812_RESTAURANT,Linux_Firefox,DE,MATCH,SUCCESS_OTP,7,0.47,1
CGW_0002965,CORPORATE,INFINITE,2982.83,5411_GROCERY,MacOS_Safari,CA,MISMATCH,SUCCESS_BIOMETRIC,2,0.46,1
CGW_0002966,DEBIT,SIGNATURE,2077.45,5411_GROCERY,Android,CA,MISMATCH,BYPASSED,6,0.20,1
CGW_0002967,CREDIT,INFINITE,2446.04,7995_BETTING,iOS,CA,MATCH,BYPASSED,9,0.23,1
CGW_0002968,CORPORATE,PLATINUM,1857.88,7995_BETTING,iOS,AU,MISMATCH,FAILED,5,0.43,1
CGW_0002969,CORPORATE,SIGNATURE,3404.27,5812_RESTAURANT,Linux_Firefox,GB,MATCH,SUCCESS_BIOMETRIC,10,0.38,1
CGW_0002970,DEBIT,PLATINUM,2666.12,5411_GROCERY,MacOS_Safari,DE,MATCH,BYPASSED,3,0.47,0
CGW_0002971,CREDIT,SIGNATURE,2657.96,4829_MONEY_TRANSFER,MacOS_Safari,DE,MATCH,BYPASSED,6,0.34,0
CGW_0002972,PREPAID,GOLD,3947.63,5411_GROCERY,iOS,US,MISMATCH,SUCCESS_OTP,9,0.25,1
CGW_0002973,DEBIT,GOLD,956.93,5732_ELECTRONICS,iOS,US,MISMATCH,BYPASSED,1,0.42,1
CGW_0002974,PREPAID,INFINITE,2805.46,4829_MONEY_TRANSFER,Windows_Chrome,SG,MATCH,SUCCESS_BIOMETRIC,3,0.65,0
CGW_0002975,PREPAID,GOLD,1517.96,5411_GROCERY,MacOS_Safari,CA,MATCH,SUCCESS_BIOMETRIC,10,0.87,1
CGW_0002976,CORPORATE,PLATINUM,2438.54,5411_GROCERY,Android,AU,MISMATCH,FAILED,12,0.75,1
CGW_0002977,CORPORATE,INFINITE,3782.59,7995_BETTING,Windows_Chrome,IN,MATCH,FAILED,7,0.50,1
CGW_0002978,PREPAID,SIGNATURE,4327.32,4829_MONEY_TRANSFER,Android,GB,MATCH,BYPASSED,12,0.69,1
CGW_0002979,PREPAID,INFINITE,1088.30,5411_GROCERY,Android,DE,MATCH,FAILED,9,0.38,0
CGW_0002980,CREDIT,GOLD,1459.81,4722_TRAVEL,iOS,GB,MATCH,FAILED,4,0.62,0
CGW_0002981,CORPORATE,GOLD,1436.29,4722_TRAVEL,Android,CA,MISMATCH,SUCCESS_OTP,1,0.72,1
CGW_0002982,DEBIT,CLASSIC,2733.96,5411_GROCERY,Android,IN,MATCH,FAILED,5,0.59,0
CGW_0002983,CORPORATE,GOLD,3904.08,5732_ELECTRONICS,Windows_Chrome,SG,MISMATCH,FAILED,9,0.13,1
CGW_0002984,CREDIT,CLASSIC,4241.79,4722_TRAVEL,Windows_Chrome,SG,MATCH,FAILED,10,0.88,1
CGW_0002985,CREDIT,INFINITE,571.08,5411_GROCERY,iOS,AE,MATCH,SUCCESS_OTP,10,0.66,0
CGW_0002986,PREPAID,GOLD,3030.44,7995_BETTING,Linux_Firefox,DE,MISMATCH,SUCCESS_OTP,1,0.09,1
CGW_0002987,DEBIT,GOLD,115.55,4722_TRAVEL,Windows_Chrome,SG,MISMATCH,SUCCESS_OTP,2,0.94,1
CGW_0002988,DEBIT,CLASSIC,381.68,4829_MONEY_TRANSFER,Android,AE,MATCH,FAILED,1,0.39,0
CGW_0002989,DEBIT,INFINITE,2081.83,7995_BETTING,MacOS_Safari,AU,MISMATCH,BYPASSED,1,0.08,1
CGW_0002990,PREPAID,SIGNATURE,3915.45,5411_GROCERY,Windows_Chrome,AU,MATCH,SUCCESS_BIOMETRIC,11,0.41,1
CGW_0002991,CREDIT,INFINITE,107.88,4829_MONEY_TRANSFER,Windows_Chrome,AU,MISMATCH,SUCCESS_OTP,1,0.83,1
CGW_0002992,DEBIT,GOLD,3333.11,5411_GROCERY,Windows_Chrome,AE,MISMATCH,BYPASSED,4,0.93,1
CGW_0002993,DEBIT,PLATINUM,853.62,5812_RESTAURANT,Windows_Chrome,GB,MATCH,SUCCESS_BIOMETRIC,8,0.73,0
CGW_0002994,CREDIT,GOLD,1900.57,7995_BETTING,Windows_Chrome,IN,MISMATCH,BYPASSED,2,0.45,1
CGW_0002995,CORPORATE,INFINITE,522.83,5732_ELECTRONICS,Android,DE,MISMATCH,FAILED,5,0.51,1
CGW_0002996,CORPORATE,PLATINUM,2113.06,4829_MONEY_TRANSFER,MacOS_Safari,US,MATCH,BYPASSED,5,0.23,0
CGW_0002997,DEBIT,PLATINUM,979.09,5411_GROCERY,MacOS_Safari,IN,MATCH,FAILED,9,0.24,0
CGW_0002998,CREDIT,INFINITE,960.30,4829_MONEY_TRANSFER,MacOS_Safari,US,MATCH,SUCCESS_OTP,7,0.51,0
CGW_0002999,CORPORATE,GOLD,3277.76,4829_MONEY_TRANSFER,Linux_Firefox,CA,MATCH,SUCCESS_OTP,7,0.35,1
CGW_0003000,CORPORATE,CLASSIC,274.00,5812_RESTAURANT,Windows_Chrome,SG,MATCH,BYPASSED,9,0.83,0
