ApplicationID,ApplicantAge,EmploymentType,YearsOfExperience,MonthlyIncomeINR,RequestedLoanAmount,LoanTenureMonths,DebtToIncomeRatio,CIBIL_CreditScore,ExistingActiveLoansCount,LoanPurpose,HasCoApplicant,LoanDefaultRisk
APP_000001,36,SALARIED_GOVT,9.40,180224.79,1072564.87,48,0.54,785,5,VEHICLE_PURCHASE,NO,0
APP_000002,38,SELF_EMPLOYED_PROFESSIONAL,10.50,61057.17,70568.03,12,0.53,795,2,DEBT_CONSOLIDATION,NO,0
APP_000003,25,CONTRACTUAL,11.90,208739.63,1444648.96,84,0.53,785,5,HOME_RENOVATION,NO,0
APP_000004,53,SALARIED_GOVT,20.50,62383.01,430784.62,60,0.20,817,5,VEHICLE_PURCHASE,YES,0
APP_000005,29,SELF_EMPLOYED_PROFESSIONAL,15.40,159451.71,829739.75,120,0.32,682,1,VEHICLE_PURCHASE,YES,0
APP_000006,58,SALARIED_GOVT,19.00,113816.19,98647.22,120,0.69,836,2,DEBT_CONSOLIDATION,YES,1
APP_000007,43,BUSINESS_OWNER,9.50,103009.59,2104703.37,48,0.26,618,5,HOME_RENOVATION,NO,1
APP_000008,49,BUSINESS_OWNER,13.80,116800.66,87130.93,12,0.70,792,2,HOME_RENOVATION,NO,1
APP_000009,37,SALARIED_MNC,16.20,220421.85,90666.31,120,0.49,618,2,BUSINESS_EXPANSION,NO,1
APP_000010,54,SALARIED_GOVT,15.90,327977.90,2110710.43,12,0.62,598,3,EDUCATION,NO,1
APP_000011,51,SALARIED_GOVT,2.70,297027.97,1580980.42,24,0.13,580,2,MEDICAL_EMERGENCY,NO,1
APP_000012,24,CONTRACTUAL,9.70,323337.66,1426733.85,24,0.59,801,4,VEHICLE_PURCHASE,NO,1
APP_000013,33,SALARIED_MNC,3.00,290067.29,1927587.01,84,0.20,776,2,DEBT_CONSOLIDATION,NO,0
APP_000014,59,SALARIED_GOVT,6.90,240846.40,2109585.09,84,0.12,720,5,EDUCATION,YES,0
APP_000015,41,SALARIED_MNC,0.90,71365.83,1939030.88,60,0.21,633,4,VEHICLE_PURCHASE,NO,1
APP_000016,40,CONTRACTUAL,15.50,339636.07,1154505.08,120,0.72,690,5,DEBT_CONSOLIDATION,NO,1
APP_000017,56,SALARIED_GOVT,4.10,241883.12,1703505.82,84,0.20,662,2,MEDICAL_EMERGENCY,YES,0
APP_000018,38,SELF_EMPLOYED_PROFESSIONAL,22.20,128190.83,197787.36,12,0.12,732,3,BUSINESS_EXPANSION,NO,0
APP_000019,59,SALARIED_GOVT,10.30,194378.49,877331.82,84,0.47,812,2,VEHICLE_PURCHASE,NO,0
APP_000020,61,BUSINESS_OWNER,2.90,96017.81,1989440.13,120,0.48,721,0,MEDICAL_EMERGENCY,NO,0
APP_000021,36,CONTRACTUAL,3.80,60045.84,1821104.76,24,0.34,732,2,HOME_RENOVATION,YES,0
APP_000022,52,SELF_EMPLOYED_PROFESSIONAL,18.80,198257.23,2215203.45,12,0.17,716,3,BUSINESS_EXPANSION,YES,0
APP_000023,37,SALARIED_MNC,9.70,206343.58,697183.78,120,0.25,689,0,MEDICAL_EMERGENCY,YES,0
APP_000024,49,SALARIED_MNC,20.80,276021.11,577589.30,36,0.51,578,2,BUSINESS_EXPANSION,NO,1
APP_000025,44,SALARIED_MNC,19.50,32892.14,883627.44,84,0.27,658,1,VEHICLE_PURCHASE,YES,1
APP_000026,54,SELF_EMPLOYED_PROFESSIONAL,24.00,95917.09,500015.28,84,0.69,733,0,MEDICAL_EMERGENCY,NO,1
APP_000027,37,SALARIED_MNC,8.30,248881.25,1745405.48,12,0.34,781,5,VEHICLE_PURCHASE,YES,0
APP_000028,40,SELF_EMPLOYED_PROFESSIONAL,4.30,335802.76,270183.15,60,0.60,849,3,HOME_RENOVATION,NO,1
APP_000029,61,BUSINESS_OWNER,15.20,163607.65,2108836.02,120,0.59,704,5,MEDICAL_EMERGENCY,NO,1
APP_000030,52,SALARIED_GOVT,12.10,135528.38,2385747.04,24,0.66,796,1,DEBT_CONSOLIDATION,NO,1
APP_000031,44,SELF_EMPLOYED_PROFESSIONAL,2.60,257731.95,2167653.94,24,0.65,573,0,BUSINESS_EXPANSION,NO,1
APP_000032,29,CONTRACTUAL,2.70,267063.00,147832.84,48,0.15,754,2,BUSINESS_EXPANSION,NO,0
APP_000033,26,CONTRACTUAL,7.50,325272.17,2268185.87,36,0.66,754,4,BUSINESS_EXPANSION,YES,1
APP_000034,24,CONTRACTUAL,22.60,121641.77,413905.05,120,0.14,646,4,EDUCATION,YES,0
APP_000035,52,SALARIED_GOVT,3.00,260623.70,1554145.99,36,0.36,821,3,VEHICLE_PURCHASE,NO,0
APP_000036,48,SELF_EMPLOYED_PROFESSIONAL,23.50,142528.78,99489.57,24,0.58,728,4,VEHICLE_PURCHASE,NO,1
APP_000037,45,SELF_EMPLOYED_PROFESSIONAL,2.90,40984.67,1025219.80,60,0.20,822,1,EDUCATION,YES,0
APP_000038,36,SALARIED_MNC,18.50,182763.51,1507460.50,120,0.65,813,5,VEHICLE_PURCHASE,YES,1
APP_000039,56,SELF_EMPLOYED_PROFESSIONAL,17.80,298368.45,1180466.29,60,0.66,669,1,HOME_RENOVATION,YES,1
APP_000040,61,SELF_EMPLOYED_PROFESSIONAL,17.10,296863.82,1268253.02,12,0.30,641,3,BUSINESS_EXPANSION,YES,0
APP_000041,56,BUSINESS_OWNER,17.60,99739.18,219626.93,12,0.11,830,5,HOME_RENOVATION,YES,0
APP_000042,57,CONTRACTUAL,22.80,263339.27,991810.12,12,0.22,585,3,MEDICAL_EMERGENCY,NO,1
APP_000043,33,SALARIED_MNC,15.20,176310.50,1341201.45,48,0.74,746,4,DEBT_CONSOLIDATION,NO,1
APP_000044,24,CONTRACTUAL,23.60,255399.15,526103.92,60,0.46,717,4,MEDICAL_EMERGENCY,YES,0
APP_000045,27,SELF_EMPLOYED_PROFESSIONAL,12.70,219136.58,1293008.44,84,0.53,770,1,HOME_RENOVATION,NO,0
APP_000046,26,SALARIED_GOVT,21.60,293636.13,1647721.03,48,0.56,551,1,DEBT_CONSOLIDATION,YES,1
APP_000047,61,SALARIED_GOVT,11.90,187029.07,461201.03,84,0.33,776,2,VEHICLE_PURCHASE,NO,0
APP_000048,44,SELF_EMPLOYED_PROFESSIONAL,8.50,139583.85,200461.41,36,0.67,801,1,VEHICLE_PURCHASE,NO,1
APP_000049,35,BUSINESS_OWNER,14.80,319070.42,1931076.35,12,0.72,652,2,DEBT_CONSOLIDATION,YES,1
APP_000050,44,CONTRACTUAL,19.10,128726.10,208281.70,12,0.49,802,3,DEBT_CONSOLIDATION,YES,0
APP_000051,57,BUSINESS_OWNER,13.90,225671.44,376525.08,48,0.42,678,4,VEHICLE_PURCHASE,YES,0
APP_000052,28,SALARIED_MNC,8.10,147211.45,1987130.77,36,0.21,553,2,BUSINESS_EXPANSION,YES,1
APP_000053,61,BUSINESS_OWNER,20.30,127899.83,636251.52,24,0.50,573,1,EDUCATION,YES,1
APP_000054,60,CONTRACTUAL,18.10,304150.24,1173912.92,60,0.30,685,3,MEDICAL_EMERGENCY,YES,0
APP_000055,28,SALARIED_GOVT,3.40,89189.79,425796.21,12,0.75,829,3,HOME_RENOVATION,NO,1
APP_000056,51,SELF_EMPLOYED_PROFESSIONAL,6.80,189468.17,1102287.43,36,0.66,797,4,BUSINESS_EXPANSION,NO,1
APP_000057,27,SALARIED_GOVT,21.60,174355.70,1743391.82,60,0.45,848,0,EDUCATION,NO,0
APP_000058,46,SALARIED_GOVT,3.80,111930.84,1990199.00,60,0.16,751,0,BUSINESS_EXPANSION,NO,0
APP_000059,25,SELF_EMPLOYED_PROFESSIONAL,22.20,274976.84,900144.76,48,0.16,558,3,MEDICAL_EMERGENCY,NO,1
APP_000060,57,BUSINESS_OWNER,4.20,50315.46,1985006.25,24,0.18,565,1,DEBT_CONSOLIDATION,YES,1
APP_000061,61,CONTRACTUAL,0.90,226272.96,2411861.31,24,0.20,625,5,VEHICLE_PURCHASE,YES,1
APP_000062,62,SELF_EMPLOYED_PROFESSIONAL,1.50,316220.89,1088799.06,12,0.21,672,0,VEHICLE_PURCHASE,NO,0
APP_000063,43,SALARIED_GOVT,9.60,330568.98,406191.87,60,0.54,644,0,HOME_RENOVATION,NO,0
APP_000064,39,SALARIED_GOVT,4.20,205947.00,1891962.58,60,0.38,574,5,BUSINESS_EXPANSION,NO,1
APP_000065,36,SALARIED_GOVT,8.40,345483.69,65418.15,24,0.30,820,5,HOME_RENOVATION,NO,0
APP_000066,32,SALARIED_GOVT,16.40,193336.63,476137.17,24,0.69,779,5,DEBT_CONSOLIDATION,YES,1
APP_000067,57,SELF_EMPLOYED_PROFESSIONAL,12.50,133510.35,1673932.62,36,0.64,795,3,HOME_RENOVATION,NO,1
APP_000068,55,CONTRACTUAL,8.10,177429.74,1135717.33,120,0.60,646,4,VEHICLE_PURCHASE,NO,1
APP_000069,26,CONTRACTUAL,13.30,195119.68,1432241.89,48,0.72,649,2,EDUCATION,NO,1
APP_000070,48,SALARIED_GOVT,20.00,63016.91,550965.06,36,0.22,850,2,MEDICAL_EMERGENCY,NO,0
APP_000071,41,BUSINESS_OWNER,11.80,230086.00,249066.37,84,0.38,608,4,MEDICAL_EMERGENCY,NO,1
APP_000072,51,BUSINESS_OWNER,2.70,153151.89,2284990.07,36,0.75,575,5,HOME_RENOVATION,YES,1
APP_000073,22,SALARIED_GOVT,3.60,181125.04,2317403.85,36,0.63,784,1,MEDICAL_EMERGENCY,YES,1
APP_000074,30,CONTRACTUAL,12.80,252498.75,1554719.17,60,0.66,722,4,BUSINESS_EXPANSION,NO,1
APP_000075,36,SALARIED_MNC,9.60,294535.97,2340972.23,60,0.33,795,2,DEBT_CONSOLIDATION,YES,0
APP_000076,57,BUSINESS_OWNER,19.80,152511.73,582741.16,120,0.28,616,2,DEBT_CONSOLIDATION,NO,1
APP_000077,47,SALARIED_MNC,23.10,248344.60,1234869.58,48,0.26,713,0,VEHICLE_PURCHASE,YES,0
APP_000078,37,SELF_EMPLOYED_PROFESSIONAL,18.50,329473.62,2369402.06,12,0.53,666,1,MEDICAL_EMERGENCY,NO,0
APP_000079,25,SALARIED_GOVT,13.70,204794.82,2222701.20,48,0.18,614,4,EDUCATION,NO,1
APP_000080,23,SALARIED_GOVT,20.60,174084.64,700692.58,24,0.65,708,3,VEHICLE_PURCHASE,NO,1
APP_000081,33,SALARIED_GOVT,22.00,100437.29,812932.66,84,0.30,573,4,HOME_RENOVATION,YES,1
APP_000082,42,SALARIED_GOVT,22.50,51361.23,2024368.27,84,0.69,563,2,EDUCATION,YES,1
APP_000083,30,SELF_EMPLOYED_PROFESSIONAL,16.50,155029.02,183694.83,24,0.73,579,5,MEDICAL_EMERGENCY,NO,1
APP_000084,49,SALARIED_MNC,16.00,140402.79,1678373.43,120,0.31,719,1,MEDICAL_EMERGENCY,NO,0
APP_000085,42,BUSINESS_OWNER,17.70,108230.83,180086.37,48,0.20,846,4,BUSINESS_EXPANSION,YES,0
APP_000086,47,BUSINESS_OWNER,14.10,205912.70,2303515.02,84,0.21,827,5,DEBT_CONSOLIDATION,YES,0
APP_000087,41,SALARIED_MNC,14.50,206997.60,1546266.54,12,0.19,841,3,DEBT_CONSOLIDATION,YES,0
APP_000088,31,SALARIED_MNC,11.80,281077.86,2466179.12,84,0.34,742,3,MEDICAL_EMERGENCY,YES,0
APP_000089,29,SALARIED_MNC,18.60,235343.88,2413693.74,48,0.17,787,5,EDUCATION,NO,0
APP_000090,30,CONTRACTUAL,9.20,80790.67,2428739.35,24,0.67,688,3,VEHICLE_PURCHASE,YES,1
APP_000091,38,SALARIED_GOVT,23.10,310208.81,1884593.37,60,0.48,754,5,EDUCATION,YES,0
APP_000092,50,SALARIED_MNC,19.10,334766.55,124650.64,24,0.71,779,1,MEDICAL_EMERGENCY,YES,1
APP_000093,44,SALARIED_MNC,21.60,163296.50,1116454.08,84,0.44,623,4,HOME_RENOVATION,NO,1
APP_000094,34,SELF_EMPLOYED_PROFESSIONAL,14.60,66012.90,496754.23,36,0.12,804,2,VEHICLE_PURCHASE,NO,0
APP_000095,42,SALARIED_GOVT,12.10,44846.14,2182927.06,12,0.35,787,1,EDUCATION,YES,0
APP_000096,48,SALARIED_GOVT,22.90,56989.01,878874.89,84,0.66,640,2,EDUCATION,NO,1
APP_000097,33,SELF_EMPLOYED_PROFESSIONAL,8.50,83622.36,1951573.41,24,0.55,587,4,HOME_RENOVATION,NO,1
APP_000098,41,CONTRACTUAL,13.90,287155.29,96950.45,84,0.67,579,5,HOME_RENOVATION,NO,1
APP_000099,40,SALARIED_MNC,7.60,211853.09,1735946.69,24,0.49,721,5,BUSINESS_EXPANSION,NO,0
APP_000100,24,BUSINESS_OWNER,14.80,243056.60,2369154.38,84,0.24,674,3,DEBT_CONSOLIDATION,NO,0
APP_000101,35,SALARIED_GOVT,4.80,231688.87,202334.39,48,0.33,577,1,EDUCATION,YES,1
APP_000102,57,SALARIED_MNC,4.20,271419.63,364882.14,36,0.23,681,2,MEDICAL_EMERGENCY,YES,0
APP_000103,54,SALARIED_GOVT,7.80,25221.50,733990.64,84,0.61,634,3,BUSINESS_EXPANSION,NO,1
APP_000104,46,CONTRACTUAL,6.40,235880.45,1950499.65,36,0.53,701,3,MEDICAL_EMERGENCY,NO,0
APP_000105,43,SALARIED_GOVT,21.70,233327.99,1048791.84,48,0.20,768,1,EDUCATION,YES,0
APP_000106,46,SALARIED_MNC,1.70,317407.65,505154.67,48,0.50,841,5,DEBT_CONSOLIDATION,NO,0
APP_000107,33,CONTRACTUAL,4.40,127023.13,1259530.57,24,0.41,599,2,BUSINESS_EXPANSION,YES,1
APP_000108,50,SALARIED_MNC,11.40,290274.44,2267573.28,24,0.58,556,1,VEHICLE_PURCHASE,YES,1
APP_000109,34,BUSINESS_OWNER,16.20,31023.58,2079389.96,84,0.59,568,2,MEDICAL_EMERGENCY,YES,1
APP_000110,57,BUSINESS_OWNER,17.70,111766.00,513530.09,84,0.41,820,2,BUSINESS_EXPANSION,NO,0
APP_000111,21,SALARIED_MNC,5.60,238457.60,174576.55,36,0.41,770,5,MEDICAL_EMERGENCY,YES,0
APP_000112,29,CONTRACTUAL,17.50,95579.43,1017674.76,84,0.26,816,5,DEBT_CONSOLIDATION,YES,0
APP_000113,29,SALARIED_GOVT,7.30,210613.75,2312147.76,36,0.11,563,1,DEBT_CONSOLIDATION,NO,1
APP_000114,23,BUSINESS_OWNER,24.50,67556.88,2410147.76,120,0.38,620,2,EDUCATION,NO,1
APP_000115,28,SALARIED_MNC,2.60,38359.76,2144682.56,12,0.64,829,1,VEHICLE_PURCHASE,YES,1
APP_000116,57,SALARIED_MNC,2.90,99875.72,2304680.73,24,0.60,579,2,EDUCATION,YES,1
APP_000117,41,SELF_EMPLOYED_PROFESSIONAL,23.50,179969.46,1822745.52,36,0.22,694,0,EDUCATION,NO,0
APP_000118,47,CONTRACTUAL,17.70,122017.25,1868670.40,24,0.22,647,1,EDUCATION,YES,0
APP_000119,29,SELF_EMPLOYED_PROFESSIONAL,8.40,81752.45,1634454.67,120,0.21,812,3,EDUCATION,NO,0
APP_000120,38,SELF_EMPLOYED_PROFESSIONAL,10.90,38843.75,488787.06,48,0.45,849,1,BUSINESS_EXPANSION,NO,0
APP_000121,25,CONTRACTUAL,8.10,147868.74,2116026.08,60,0.39,568,2,MEDICAL_EMERGENCY,NO,1
APP_000122,31,CONTRACTUAL,14.20,142516.58,88000.34,24,0.47,787,3,BUSINESS_EXPANSION,NO,0
APP_000123,55,CONTRACTUAL,24.50,122430.44,1761202.78,36,0.33,673,4,VEHICLE_PURCHASE,YES,0
APP_000124,47,SALARIED_GOVT,19.10,278877.66,1690828.17,24,0.54,741,1,EDUCATION,NO,0
APP_000125,45,SALARIED_GOVT,23.40,72568.36,721153.64,36,0.54,585,3,VEHICLE_PURCHASE,YES,1
APP_000126,49,CONTRACTUAL,15.10,61167.09,1604406.33,84,0.50,810,2,HOME_RENOVATION,YES,0
APP_000127,50,BUSINESS_OWNER,8.00,127779.40,311493.69,12,0.49,660,4,DEBT_CONSOLIDATION,NO,0
APP_000128,57,SELF_EMPLOYED_PROFESSIONAL,19.50,106714.93,523706.12,60,0.25,765,5,HOME_RENOVATION,NO,0
APP_000129,50,CONTRACTUAL,23.20,349183.80,2488717.39,120,0.46,758,5,MEDICAL_EMERGENCY,NO,0
APP_000130,59,SELF_EMPLOYED_PROFESSIONAL,18.10,132422.95,657547.49,120,0.69,848,1,BUSINESS_EXPANSION,YES,1
APP_000131,41,CONTRACTUAL,19.80,117887.96,1309566.12,12,0.32,709,2,BUSINESS_EXPANSION,NO,0
APP_000132,33,SALARIED_MNC,22.20,343410.71,1258909.29,24,0.24,571,5,BUSINESS_EXPANSION,YES,1
APP_000133,42,BUSINESS_OWNER,22.00,168142.49,2293319.25,12,0.34,604,0,DEBT_CONSOLIDATION,YES,1
APP_000134,40,BUSINESS_OWNER,14.20,48109.26,195359.26,36,0.63,830,4,EDUCATION,YES,1
APP_000135,40,BUSINESS_OWNER,10.80,241051.08,1935753.84,120,0.67,661,1,DEBT_CONSOLIDATION,YES,1
APP_000136,42,CONTRACTUAL,14.10,191164.62,2231012.13,60,0.60,836,4,BUSINESS_EXPANSION,YES,1
APP_000137,58,CONTRACTUAL,3.10,40686.95,1583488.69,36,0.26,742,5,BUSINESS_EXPANSION,NO,0
APP_000138,39,CONTRACTUAL,3.90,286124.41,2383103.00,48,0.32,599,1,MEDICAL_EMERGENCY,YES,1
APP_000139,39,SELF_EMPLOYED_PROFESSIONAL,6.70,207825.15,520218.85,48,0.71,828,2,HOME_RENOVATION,YES,1
APP_000140,47,SALARIED_MNC,5.80,129511.18,94373.31,36,0.51,723,3,EDUCATION,YES,0
APP_000141,49,SALARIED_GOVT,12.60,199184.46,1914690.05,24,0.40,778,5,MEDICAL_EMERGENCY,NO,0
APP_000142,22,SELF_EMPLOYED_PROFESSIONAL,6.20,214669.08,2206721.13,48,0.23,806,5,DEBT_CONSOLIDATION,YES,0
APP_000143,55,SELF_EMPLOYED_PROFESSIONAL,5.60,304472.42,1596485.54,48,0.18,583,3,BUSINESS_EXPANSION,NO,1
APP_000144,24,SELF_EMPLOYED_PROFESSIONAL,19.30,29648.08,926397.62,48,0.45,815,0,HOME_RENOVATION,NO,1
APP_000145,58,SELF_EMPLOYED_PROFESSIONAL,20.40,26169.10,2294142.31,84,0.41,794,5,DEBT_CONSOLIDATION,YES,1
APP_000146,57,SELF_EMPLOYED_PROFESSIONAL,7.20,285984.84,749400.41,120,0.63,649,5,BUSINESS_EXPANSION,YES,1
APP_000147,59,BUSINESS_OWNER,18.40,259330.02,247245.55,84,0.24,823,0,DEBT_CONSOLIDATION,YES,0
APP_000148,42,SALARIED_MNC,16.70,262694.14,1100106.86,12,0.58,721,4,EDUCATION,YES,1
APP_000149,56,SALARIED_GOVT,15.60,128943.65,51564.07,24,0.17,611,3,BUSINESS_EXPANSION,YES,1
APP_000150,30,SALARIED_GOVT,13.40,101721.29,1584706.08,24,0.68,698,5,BUSINESS_EXPANSION,YES,1
APP_000151,40,BUSINESS_OWNER,14.40,228792.41,505967.10,60,0.69,823,3,HOME_RENOVATION,YES,1
APP_000152,59,SALARIED_MNC,15.40,203024.77,2184643.44,24,0.34,626,0,DEBT_CONSOLIDATION,NO,1
APP_000153,35,BUSINESS_OWNER,3.70,349543.84,1992490.66,36,0.21,550,5,DEBT_CONSOLIDATION,NO,1
APP_000154,60,SALARIED_GOVT,23.70,218166.65,1470430.18,120,0.31,805,0,EDUCATION,NO,0
APP_000155,41,SALARIED_GOVT,18.70,280020.18,505149.39,120,0.55,574,2,VEHICLE_PURCHASE,NO,1
APP_000156,27,SALARIED_MNC,23.60,256596.70,1245898.17,12,0.34,601,1,EDUCATION,YES,1
APP_000157,57,SALARIED_GOVT,12.60,45138.91,1640988.58,84,0.74,641,2,EDUCATION,NO,1
APP_000158,46,SALARIED_GOVT,10.30,297426.87,219649.02,84,0.62,840,3,DEBT_CONSOLIDATION,NO,1
APP_000159,29,SELF_EMPLOYED_PROFESSIONAL,9.60,84733.80,668079.72,48,0.30,633,3,HOME_RENOVATION,YES,1
APP_000160,58,SALARIED_GOVT,9.00,247585.58,604377.41,36,0.44,674,5,BUSINESS_EXPANSION,NO,0
APP_000161,35,SALARIED_GOVT,18.10,216170.05,562169.32,60,0.50,772,2,MEDICAL_EMERGENCY,YES,0
APP_000162,58,CONTRACTUAL,20.00,268261.65,1880601.85,84,0.64,774,1,VEHICLE_PURCHASE,NO,1
APP_000163,24,CONTRACTUAL,9.50,52228.56,798724.43,36,0.38,694,0,MEDICAL_EMERGENCY,YES,0
APP_000164,26,SELF_EMPLOYED_PROFESSIONAL,17.00,188918.52,128749.43,48,0.42,662,0,EDUCATION,NO,0
APP_000165,51,SALARIED_MNC,17.70,185879.11,1626820.34,60,0.57,665,0,MEDICAL_EMERGENCY,YES,1
APP_000166,44,BUSINESS_OWNER,15.60,188934.38,884640.91,24,0.23,625,4,BUSINESS_EXPANSION,NO,1
APP_000167,26,CONTRACTUAL,24.00,257015.95,2166353.95,120,0.24,645,0,MEDICAL_EMERGENCY,YES,0
APP_000168,32,CONTRACTUAL,13.20,182762.98,1933535.86,120,0.29,801,3,VEHICLE_PURCHASE,YES,0
APP_000169,50,BUSINESS_OWNER,9.50,89923.49,1457326.11,48,0.62,707,5,HOME_RENOVATION,YES,1
APP_000170,21,CONTRACTUAL,14.60,34613.72,1844653.44,60,0.24,663,3,HOME_RENOVATION,YES,1
APP_000171,60,SALARIED_MNC,22.20,115957.48,1430148.91,12,0.24,683,2,HOME_RENOVATION,NO,0
APP_000172,57,SELF_EMPLOYED_PROFESSIONAL,7.90,49624.86,1495060.23,48,0.27,830,1,VEHICLE_PURCHASE,YES,0
APP_000173,52,SALARIED_MNC,17.80,199127.97,409864.93,24,0.45,702,1,HOME_RENOVATION,YES,0
APP_000174,32,SALARIED_GOVT,1.80,228465.48,391732.49,24,0.42,773,0,DEBT_CONSOLIDATION,YES,0
APP_000175,59,BUSINESS_OWNER,3.40,264003.41,1647877.06,120,0.38,555,0,DEBT_CONSOLIDATION,YES,1
APP_000176,41,CONTRACTUAL,24.40,223400.61,985993.67,84,0.69,602,2,MEDICAL_EMERGENCY,YES,1
APP_000177,44,SALARIED_MNC,8.30,226322.03,1037949.69,84,0.42,839,3,VEHICLE_PURCHASE,YES,0
APP_000178,38,CONTRACTUAL,12.70,81267.49,2260151.41,24,0.41,778,3,EDUCATION,NO,0
APP_000179,59,SELF_EMPLOYED_PROFESSIONAL,15.20,119806.65,581294.61,60,0.40,826,4,MEDICAL_EMERGENCY,YES,0
APP_000180,62,BUSINESS_OWNER,21.40,53414.15,1264983.70,36,0.34,614,0,DEBT_CONSOLIDATION,YES,1
APP_000181,30,BUSINESS_OWNER,5.70,323548.33,959670.41,36,0.33,712,4,DEBT_CONSOLIDATION,YES,0
APP_000182,38,CONTRACTUAL,21.20,251796.08,178260.26,60,0.58,639,0,VEHICLE_PURCHASE,YES,1
APP_000183,39,SELF_EMPLOYED_PROFESSIONAL,12.40,328006.94,1479278.15,120,0.62,850,2,HOME_RENOVATION,YES,1
APP_000184,43,CONTRACTUAL,22.10,143321.90,431883.32,60,0.40,737,1,VEHICLE_PURCHASE,YES,0
APP_000185,27,BUSINESS_OWNER,4.10,152684.30,941803.74,120,0.42,748,5,DEBT_CONSOLIDATION,NO,0
APP_000186,37,SELF_EMPLOYED_PROFESSIONAL,15.10,183918.56,618372.18,60,0.17,847,3,DEBT_CONSOLIDATION,YES,0
APP_000187,25,SELF_EMPLOYED_PROFESSIONAL,21.50,286485.72,242794.33,120,0.71,598,0,VEHICLE_PURCHASE,YES,1
APP_000188,46,SALARIED_MNC,1.70,156720.34,105600.59,48,0.70,781,0,VEHICLE_PURCHASE,NO,1
APP_000189,41,CONTRACTUAL,18.20,45402.70,1687111.65,48,0.45,738,2,HOME_RENOVATION,YES,0
APP_000190,43,CONTRACTUAL,3.30,216772.15,921229.55,60,0.21,712,2,EDUCATION,NO,0
APP_000191,34,BUSINESS_OWNER,6.10,245438.90,2090461.52,60,0.41,795,3,VEHICLE_PURCHASE,YES,0
APP_000192,36,SALARIED_MNC,8.30,184918.30,2320000.95,84,0.41,591,3,HOME_RENOVATION,YES,1
APP_000193,34,SELF_EMPLOYED_PROFESSIONAL,17.10,167156.93,848406.32,12,0.60,758,5,HOME_RENOVATION,NO,1
APP_000194,44,SALARIED_GOVT,5.50,108218.00,432751.52,36,0.14,605,3,EDUCATION,YES,1
APP_000195,22,SALARIED_MNC,16.80,313840.36,1418976.94,24,0.49,598,3,EDUCATION,YES,1
APP_000196,51,SALARIED_GOVT,0.50,128117.46,1874362.88,48,0.66,569,3,HOME_RENOVATION,NO,1
APP_000197,61,CONTRACTUAL,8.40,344922.90,874311.02,12,0.57,671,2,VEHICLE_PURCHASE,NO,1
APP_000198,58,SELF_EMPLOYED_PROFESSIONAL,24.30,131940.30,679369.85,48,0.41,675,5,EDUCATION,NO,0
APP_000199,35,BUSINESS_OWNER,10.40,85859.84,1918917.44,84,0.38,698,1,VEHICLE_PURCHASE,NO,0
APP_000200,38,CONTRACTUAL,23.00,143472.71,2007698.04,84,0.62,778,1,HOME_RENOVATION,YES,1
APP_000201,58,SALARIED_MNC,24.40,26154.62,491804.00,84,0.55,818,2,HOME_RENOVATION,NO,0
APP_000202,30,BUSINESS_OWNER,21.20,218206.36,879100.89,36,0.42,647,4,BUSINESS_EXPANSION,YES,0
APP_000203,32,CONTRACTUAL,12.30,309552.17,2146151.08,12,0.14,678,2,HOME_RENOVATION,YES,0
APP_000204,41,SALARIED_MNC,24.70,54300.18,1196159.81,84,0.18,841,5,VEHICLE_PURCHASE,YES,0
APP_000205,21,SALARIED_MNC,24.20,333147.11,2185435.81,12,0.49,694,5,EDUCATION,YES,0
APP_000206,28,SALARIED_GOVT,17.90,309014.36,1245135.54,48,0.27,563,5,EDUCATION,NO,1
APP_000207,27,BUSINESS_OWNER,10.80,173579.18,2314411.94,60,0.67,813,5,BUSINESS_EXPANSION,YES,1
APP_000208,34,SALARIED_GOVT,7.50,234172.09,1028762.68,12,0.67,704,0,BUSINESS_EXPANSION,NO,1
APP_000209,22,SALARIED_GOVT,23.90,92168.40,1974707.89,12,0.13,804,1,VEHICLE_PURCHASE,NO,0
APP_000210,59,CONTRACTUAL,13.80,127985.09,2424052.58,24,0.15,678,5,BUSINESS_EXPANSION,YES,0
APP_000211,46,SALARIED_GOVT,13.00,312260.32,417570.12,12,0.44,676,0,EDUCATION,YES,0
APP_000212,47,CONTRACTUAL,17.10,333326.34,1320719.67,120,0.16,609,0,HOME_RENOVATION,NO,1
APP_000213,54,SALARIED_MNC,12.10,280276.21,133777.18,120,0.47,636,3,BUSINESS_EXPANSION,NO,1
APP_000214,24,CONTRACTUAL,4.30,345834.60,627796.68,84,0.58,830,5,MEDICAL_EMERGENCY,YES,1
APP_000215,35,BUSINESS_OWNER,10.60,319926.53,1902935.30,36,0.47,755,5,DEBT_CONSOLIDATION,YES,0
APP_000216,38,CONTRACTUAL,8.80,160139.36,804857.89,12,0.45,803,0,DEBT_CONSOLIDATION,NO,0
APP_000217,60,BUSINESS_OWNER,6.50,129179.26,2134224.60,60,0.17,596,1,EDUCATION,YES,1
APP_000218,30,SALARIED_MNC,24.80,347380.60,323868.08,24,0.32,848,4,VEHICLE_PURCHASE,YES,0
APP_000219,58,BUSINESS_OWNER,1.60,107913.25,2343217.69,60,0.12,565,2,BUSINESS_EXPANSION,NO,1
APP_000220,41,SALARIED_GOVT,9.40,243650.70,1260298.35,48,0.67,752,1,BUSINESS_EXPANSION,NO,1
APP_000221,51,SELF_EMPLOYED_PROFESSIONAL,15.80,251487.68,1942871.60,84,0.30,697,2,BUSINESS_EXPANSION,YES,0
APP_000222,61,SELF_EMPLOYED_PROFESSIONAL,2.60,205704.08,1393710.49,84,0.49,648,4,HOME_RENOVATION,YES,0
APP_000223,30,SALARIED_GOVT,16.30,248123.15,2389058.87,60,0.74,826,2,BUSINESS_EXPANSION,YES,1
APP_000224,48,BUSINESS_OWNER,14.10,321446.03,1283463.76,36,0.57,732,3,HOME_RENOVATION,YES,1
APP_000225,21,BUSINESS_OWNER,18.30,71770.63,1171642.62,24,0.29,623,5,DEBT_CONSOLIDATION,NO,1
APP_000226,56,SELF_EMPLOYED_PROFESSIONAL,0.70,202857.54,590634.67,84,0.23,581,1,EDUCATION,YES,1
APP_000227,62,SELF_EMPLOYED_PROFESSIONAL,3.40,304523.49,2192846.64,84,0.70,771,4,BUSINESS_EXPANSION,NO,1
APP_000228,53,SALARIED_GOVT,19.50,156747.97,1421212.40,60,0.37,838,5,BUSINESS_EXPANSION,NO,0
APP_000229,60,SALARIED_MNC,4.20,217617.55,1735106.36,84,0.70,795,5,MEDICAL_EMERGENCY,NO,1
APP_000230,48,CONTRACTUAL,22.50,306168.04,65999.62,84,0.54,715,1,MEDICAL_EMERGENCY,NO,0
APP_000231,60,SALARIED_MNC,9.20,292604.00,2104753.83,36,0.19,670,2,HOME_RENOVATION,NO,0
APP_000232,27,CONTRACTUAL,14.70,89410.82,1836443.83,24,0.65,745,5,BUSINESS_EXPANSION,NO,1
APP_000233,30,SALARIED_MNC,22.90,308040.25,1728076.74,24,0.45,846,0,BUSINESS_EXPANSION,YES,0
APP_000234,24,SALARIED_MNC,22.00,180396.68,142728.98,12,0.45,768,4,VEHICLE_PURCHASE,NO,0
APP_000235,27,CONTRACTUAL,10.80,165452.49,1216242.01,120,0.66,801,3,VEHICLE_PURCHASE,YES,1
APP_000236,52,SALARIED_GOVT,17.70,332493.96,1305747.95,60,0.27,771,5,DEBT_CONSOLIDATION,NO,0
APP_000237,59,SELF_EMPLOYED_PROFESSIONAL,2.20,28981.87,1828604.02,120,0.34,829,1,HOME_RENOVATION,YES,1
APP_000238,35,SALARIED_MNC,17.70,219220.97,1079926.82,36,0.14,792,4,VEHICLE_PURCHASE,NO,0
APP_000239,54,SALARIED_MNC,3.00,111067.69,896913.39,36,0.63,731,2,VEHICLE_PURCHASE,NO,1
APP_000240,30,SALARIED_GOVT,15.00,57928.10,769427.56,24,0.17,658,4,DEBT_CONSOLIDATION,YES,0
APP_000241,37,BUSINESS_OWNER,24.50,33207.10,1772866.01,12,0.67,674,2,VEHICLE_PURCHASE,NO,1
APP_000242,37,BUSINESS_OWNER,22.10,99131.36,1037131.53,60,0.56,738,1,DEBT_CONSOLIDATION,NO,1
APP_000243,35,SALARIED_MNC,24.00,228633.91,477988.85,24,0.71,658,2,VEHICLE_PURCHASE,YES,1
APP_000244,39,SELF_EMPLOYED_PROFESSIONAL,20.40,212849.20,1470001.38,24,0.24,592,0,DEBT_CONSOLIDATION,YES,1
APP_000245,25,SELF_EMPLOYED_PROFESSIONAL,24.50,135131.12,1639857.24,120,0.69,575,0,HOME_RENOVATION,NO,1
APP_000246,27,SELF_EMPLOYED_PROFESSIONAL,23.60,339327.71,2490464.47,36,0.74,703,2,EDUCATION,NO,1
APP_000247,34,SELF_EMPLOYED_PROFESSIONAL,23.70,127599.38,505388.23,24,0.51,738,3,EDUCATION,NO,0
APP_000248,55,SALARIED_GOVT,20.70,79880.76,2450361.48,12,0.22,788,5,MEDICAL_EMERGENCY,YES,0
APP_000249,57,SALARIED_GOVT,3.20,282004.34,1554210.50,84,0.47,551,3,VEHICLE_PURCHASE,YES,1
APP_000250,29,SALARIED_MNC,6.70,39433.63,1808009.58,12,0.43,561,3,MEDICAL_EMERGENCY,YES,1
APP_000251,37,SELF_EMPLOYED_PROFESSIONAL,23.00,246007.02,1101663.77,84,0.16,594,4,BUSINESS_EXPANSION,YES,1
APP_000252,51,SALARIED_GOVT,6.50,190129.59,1195523.37,36,0.19,641,3,BUSINESS_EXPANSION,YES,0
APP_000253,57,SALARIED_GOVT,14.10,83454.02,1864316.41,120,0.16,850,1,MEDICAL_EMERGENCY,NO,0
APP_000254,34,SALARIED_GOVT,16.60,284032.84,2154508.42,60,0.57,813,5,EDUCATION,NO,1
APP_000255,29,SELF_EMPLOYED_PROFESSIONAL,2.80,141367.33,1122179.59,60,0.48,568,2,BUSINESS_EXPANSION,YES,1
APP_000256,42,SALARIED_GOVT,18.70,123271.87,1868469.07,24,0.70,684,0,EDUCATION,YES,1
APP_000257,50,BUSINESS_OWNER,11.70,215795.66,803655.69,48,0.45,826,0,HOME_RENOVATION,YES,0
APP_000258,26,BUSINESS_OWNER,5.50,189596.00,2190927.46,12,0.66,686,4,BUSINESS_EXPANSION,YES,1
APP_000259,25,BUSINESS_OWNER,2.40,301098.75,1124729.17,48,0.53,839,5,EDUCATION,YES,0
APP_000260,33,CONTRACTUAL,0.90,266598.92,602523.69,48,0.47,651,4,BUSINESS_EXPANSION,YES,0
APP_000261,51,SELF_EMPLOYED_PROFESSIONAL,15.30,92745.20,846716.57,60,0.60,562,0,VEHICLE_PURCHASE,YES,1
APP_000262,57,CONTRACTUAL,8.80,294845.32,2441456.55,36,0.66,566,1,HOME_RENOVATION,YES,1
APP_000263,42,BUSINESS_OWNER,1.20,208450.22,1506699.33,84,0.11,827,0,MEDICAL_EMERGENCY,NO,0
APP_000264,46,SELF_EMPLOYED_PROFESSIONAL,22.20,282417.34,786011.63,12,0.26,713,1,EDUCATION,NO,0
APP_000265,52,SALARIED_MNC,17.30,180445.04,2343373.74,60,0.22,595,5,DEBT_CONSOLIDATION,YES,1
APP_000266,55,SALARIED_GOVT,5.00,183213.96,1316754.01,36,0.27,732,2,EDUCATION,YES,0
APP_000267,51,SELF_EMPLOYED_PROFESSIONAL,1.20,66502.63,366160.81,84,0.34,815,5,BUSINESS_EXPANSION,YES,0
APP_000268,26,CONTRACTUAL,4.70,173773.27,2404369.99,60,0.44,704,5,MEDICAL_EMERGENCY,NO,0
APP_000269,23,SELF_EMPLOYED_PROFESSIONAL,12.40,95197.10,1913976.00,60,0.53,842,2,DEBT_CONSOLIDATION,YES,0
APP_000270,34,SALARIED_GOVT,8.20,69433.35,2474758.90,84,0.20,821,0,DEBT_CONSOLIDATION,NO,0
APP_000271,55,SELF_EMPLOYED_PROFESSIONAL,17.70,227278.98,640051.69,120,0.52,795,1,MEDICAL_EMERGENCY,NO,0
APP_000272,54,SALARIED_GOVT,16.10,36065.03,797308.43,36,0.58,789,2,HOME_RENOVATION,NO,1
APP_000273,57,SALARIED_MNC,7.70,80666.46,1011511.23,24,0.37,839,0,EDUCATION,YES,0
APP_000274,23,SALARIED_GOVT,6.90,130027.60,464445.36,48,0.67,750,3,VEHICLE_PURCHASE,YES,1
APP_000275,48,SALARIED_GOVT,24.00,84166.63,68046.85,84,0.44,629,5,BUSINESS_EXPANSION,YES,1
APP_000276,25,BUSINESS_OWNER,16.70,192833.16,2433600.87,84,0.68,593,2,VEHICLE_PURCHASE,YES,1
APP_000277,23,SALARIED_GOVT,19.70,189137.14,2026656.23,60,0.54,849,4,BUSINESS_EXPANSION,NO,0
APP_000278,37,SALARIED_MNC,15.60,56409.85,835555.72,60,0.69,705,4,HOME_RENOVATION,NO,1
APP_000279,30,SALARIED_MNC,13.60,75311.41,1218541.55,84,0.55,718,3,VEHICLE_PURCHASE,NO,0
APP_000280,57,BUSINESS_OWNER,16.70,291329.40,2460175.86,24,0.55,620,4,EDUCATION,NO,1
APP_000281,37,BUSINESS_OWNER,20.10,47620.55,967330.68,48,0.32,733,3,HOME_RENOVATION,NO,0
APP_000282,34,SALARIED_MNC,5.90,221895.09,2137201.26,48,0.33,686,0,MEDICAL_EMERGENCY,YES,0
APP_000283,26,BUSINESS_OWNER,2.10,207241.73,994514.79,12,0.57,671,5,EDUCATION,NO,1
APP_000284,31,SALARIED_GOVT,4.00,189554.54,712155.22,48,0.33,787,4,BUSINESS_EXPANSION,YES,0
APP_000285,34,SALARIED_MNC,18.20,238801.29,488522.49,48,0.11,785,3,DEBT_CONSOLIDATION,NO,0
APP_000286,46,SALARIED_MNC,6.30,215738.11,2071871.86,36,0.54,846,2,HOME_RENOVATION,YES,0
APP_000287,46,SALARIED_MNC,6.00,124007.01,595358.39,24,0.29,628,0,EDUCATION,NO,1
APP_000288,60,SELF_EMPLOYED_PROFESSIONAL,17.40,272166.40,1164353.85,48,0.58,701,4,EDUCATION,YES,1
APP_000289,56,CONTRACTUAL,14.60,140453.47,1021078.46,60,0.17,550,5,MEDICAL_EMERGENCY,YES,1
APP_000290,44,SALARIED_GOVT,1.80,300564.50,1184406.69,60,0.35,763,2,DEBT_CONSOLIDATION,NO,0
APP_000291,48,SALARIED_MNC,2.60,50956.11,184129.63,12,0.13,846,3,DEBT_CONSOLIDATION,YES,0
APP_000292,60,BUSINESS_OWNER,9.80,233915.90,459461.87,36,0.21,562,3,BUSINESS_EXPANSION,NO,1
APP_000293,47,SELF_EMPLOYED_PROFESSIONAL,12.10,108983.05,1196902.68,12,0.44,831,1,MEDICAL_EMERGENCY,YES,0
APP_000294,21,SALARIED_GOVT,9.00,142853.63,1342758.21,12,0.48,693,4,DEBT_CONSOLIDATION,NO,0
APP_000295,45,SALARIED_MNC,10.20,97195.87,309763.10,48,0.18,828,3,BUSINESS_EXPANSION,YES,0
APP_000296,27,SALARIED_GOVT,18.60,111625.71,1669606.06,36,0.63,817,2,MEDICAL_EMERGENCY,NO,1
APP_000297,29,BUSINESS_OWNER,17.80,166223.47,1672926.84,48,0.12,624,1,EDUCATION,YES,1
APP_000298,26,SALARIED_GOVT,14.10,200723.17,804578.27,36,0.27,597,3,HOME_RENOVATION,YES,1
APP_000299,48,SALARIED_GOVT,20.00,303018.10,1952618.21,48,0.42,577,3,DEBT_CONSOLIDATION,YES,1
APP_000300,48,BUSINESS_OWNER,20.30,231149.25,1240647.61,36,0.72,737,5,BUSINESS_EXPANSION,YES,1
APP_000301,30,SALARIED_MNC,1.30,328849.10,2100336.10,24,0.11,791,3,HOME_RENOVATION,YES,0
APP_000302,32,SALARIED_MNC,22.50,147116.79,1334875.87,24,0.42,737,4,DEBT_CONSOLIDATION,YES,0
APP_000303,37,SALARIED_GOVT,6.90,82513.91,1860157.32,24,0.53,752,3,DEBT_CONSOLIDATION,YES,0
APP_000304,34,CONTRACTUAL,9.70,106912.03,1360597.05,24,0.12,705,0,HOME_RENOVATION,YES,0
APP_000305,27,SELF_EMPLOYED_PROFESSIONAL,17.30,136504.13,1241992.92,48,0.51,719,2,BUSINESS_EXPANSION,YES,0
APP_000306,46,BUSINESS_OWNER,2.00,221446.98,168406.24,48,0.48,712,1,DEBT_CONSOLIDATION,YES,0
APP_000307,53,SALARIED_GOVT,5.40,194899.18,1873457.89,48,0.40,561,4,EDUCATION,YES,1
APP_000308,62,BUSINESS_OWNER,7.90,158563.44,674516.47,12,0.66,634,3,DEBT_CONSOLIDATION,YES,1
APP_000309,53,SALARIED_MNC,14.40,92413.30,2346627.86,24,0.39,592,5,VEHICLE_PURCHASE,YES,1
APP_000310,47,SALARIED_MNC,12.50,227955.39,460884.04,120,0.50,685,0,BUSINESS_EXPANSION,NO,0
APP_000311,47,SALARIED_MNC,23.00,203168.39,2184245.53,48,0.21,741,1,HOME_RENOVATION,NO,0
APP_000312,29,CONTRACTUAL,4.90,305416.37,1328900.16,24,0.17,619,5,HOME_RENOVATION,YES,1
APP_000313,51,SALARIED_MNC,15.60,246119.84,416884.76,60,0.15,621,5,DEBT_CONSOLIDATION,NO,1
APP_000314,29,SALARIED_GOVT,18.50,139528.43,1037568.10,36,0.34,773,5,HOME_RENOVATION,YES,0
APP_000315,38,SALARIED_MNC,23.50,230107.43,1976986.83,60,0.46,779,0,EDUCATION,NO,0
APP_000316,61,CONTRACTUAL,7.20,175130.16,2431370.95,120,0.65,838,3,BUSINESS_EXPANSION,YES,1
APP_000317,25,SELF_EMPLOYED_PROFESSIONAL,17.80,149334.07,2253229.92,48,0.43,696,3,MEDICAL_EMERGENCY,NO,0
APP_000318,36,SALARIED_GOVT,17.70,68097.65,1946919.92,120,0.19,799,0,MEDICAL_EMERGENCY,YES,0
APP_000319,43,SALARIED_MNC,9.00,90011.99,1792737.59,120,0.62,723,4,DEBT_CONSOLIDATION,NO,1
APP_000320,54,SALARIED_MNC,4.80,69118.34,1339413.81,12,0.53,782,3,EDUCATION,YES,0
APP_000321,24,CONTRACTUAL,21.00,256482.11,983094.57,84,0.33,593,0,HOME_RENOVATION,YES,1
APP_000322,29,SELF_EMPLOYED_PROFESSIONAL,3.90,40491.89,1666958.34,12,0.67,724,2,BUSINESS_EXPANSION,YES,1
APP_000323,60,CONTRACTUAL,2.40,186630.77,957153.32,12,0.40,629,5,VEHICLE_PURCHASE,NO,1
APP_000324,30,SALARIED_GOVT,7.60,244661.31,750042.51,84,0.38,649,4,EDUCATION,YES,0
APP_000325,28,SALARIED_MNC,22.70,220171.38,276339.24,48,0.12,745,5,MEDICAL_EMERGENCY,NO,0
APP_000326,27,SELF_EMPLOYED_PROFESSIONAL,8.00,116933.32,913971.57,60,0.55,742,5,HOME_RENOVATION,NO,0
APP_000327,54,SELF_EMPLOYED_PROFESSIONAL,7.80,43758.96,711506.83,60,0.28,829,4,HOME_RENOVATION,YES,0
APP_000328,34,SALARIED_GOVT,19.00,37097.92,1881037.86,24,0.57,561,3,EDUCATION,NO,1
APP_000329,44,SELF_EMPLOYED_PROFESSIONAL,12.30,178599.51,451218.29,24,0.54,679,2,MEDICAL_EMERGENCY,NO,0
APP_000330,40,CONTRACTUAL,21.00,166179.75,1326698.81,60,0.57,744,5,EDUCATION,YES,1
APP_000331,39,BUSINESS_OWNER,21.50,233535.38,821185.47,120,0.36,740,5,HOME_RENOVATION,YES,0
APP_000332,28,SELF_EMPLOYED_PROFESSIONAL,9.50,189262.88,967309.11,84,0.38,726,1,MEDICAL_EMERGENCY,NO,0
APP_000333,21,SALARIED_GOVT,23.90,239256.88,1245433.41,12,0.45,584,3,VEHICLE_PURCHASE,NO,1
APP_000334,22,SALARIED_GOVT,2.80,121117.46,1262992.89,48,0.24,675,1,BUSINESS_EXPANSION,YES,0
APP_000335,46,CONTRACTUAL,16.40,102830.15,210739.17,60,0.56,729,0,BUSINESS_EXPANSION,NO,1
APP_000336,45,CONTRACTUAL,11.50,56678.95,1222052.08,48,0.46,686,5,EDUCATION,NO,0
APP_000337,23,CONTRACTUAL,4.40,95035.68,1741926.67,12,0.19,684,3,EDUCATION,YES,0
APP_000338,22,CONTRACTUAL,12.10,107320.43,452502.74,84,0.41,734,4,BUSINESS_EXPANSION,YES,0
APP_000339,45,CONTRACTUAL,0.60,205511.83,573039.77,36,0.63,651,1,HOME_RENOVATION,NO,1
APP_000340,32,SALARIED_MNC,8.20,309477.51,2380576.56,120,0.14,754,5,HOME_RENOVATION,NO,0
APP_000341,54,SALARIED_MNC,1.00,270919.52,972931.55,120,0.59,631,1,HOME_RENOVATION,YES,1
APP_000342,32,SALARIED_MNC,19.30,147269.44,1191530.33,12,0.33,696,3,BUSINESS_EXPANSION,YES,0
APP_000343,32,SALARIED_MNC,24.00,265345.41,1643211.35,84,0.53,658,2,DEBT_CONSOLIDATION,NO,0
APP_000344,47,CONTRACTUAL,14.90,241581.42,2018758.33,12,0.46,668,0,HOME_RENOVATION,NO,0
APP_000345,41,SALARIED_MNC,7.20,138769.47,528465.72,36,0.56,789,4,HOME_RENOVATION,YES,1
APP_000346,54,SALARIED_MNC,24.70,266298.30,1587669.96,60,0.17,681,2,HOME_RENOVATION,NO,0
APP_000347,30,SELF_EMPLOYED_PROFESSIONAL,24.30,207365.82,2434432.21,12,0.40,755,0,EDUCATION,NO,0
APP_000348,58,SELF_EMPLOYED_PROFESSIONAL,15.20,319070.07,606612.52,84,0.29,640,3,HOME_RENOVATION,YES,0
APP_000349,46,BUSINESS_OWNER,3.20,151918.47,2438312.47,36,0.74,760,3,EDUCATION,NO,1
APP_000350,60,SALARIED_MNC,18.60,134004.36,129861.57,24,0.57,586,2,BUSINESS_EXPANSION,NO,1
APP_000351,29,SALARIED_MNC,7.40,107739.47,630437.96,120,0.66,755,1,MEDICAL_EMERGENCY,NO,1
APP_000352,21,SELF_EMPLOYED_PROFESSIONAL,20.80,267981.13,1335994.44,120,0.58,592,2,BUSINESS_EXPANSION,YES,1
APP_000353,34,SALARIED_MNC,23.00,322033.70,926933.13,24,0.12,773,3,DEBT_CONSOLIDATION,NO,0
APP_000354,36,SALARIED_GOVT,19.90,42892.23,2078524.65,84,0.59,738,3,MEDICAL_EMERGENCY,YES,1
APP_000355,62,SALARIED_MNC,16.70,155789.41,599654.51,24,0.11,646,1,BUSINESS_EXPANSION,YES,0
APP_000356,39,SALARIED_GOVT,4.00,264873.44,1579194.71,12,0.71,605,5,EDUCATION,YES,1
APP_000357,54,SALARIED_MNC,4.80,274963.55,659261.39,84,0.33,749,2,EDUCATION,YES,0
APP_000358,24,SALARIED_MNC,8.20,206990.87,1888258.44,36,0.30,739,5,HOME_RENOVATION,YES,0
APP_000359,38,CONTRACTUAL,7.50,326900.68,54394.38,24,0.70,751,1,EDUCATION,YES,1
APP_000360,53,CONTRACTUAL,11.10,162105.79,2496978.36,36,0.67,684,4,DEBT_CONSOLIDATION,NO,1
APP_000361,30,BUSINESS_OWNER,8.00,261796.29,2377903.44,60,0.59,843,2,DEBT_CONSOLIDATION,NO,1
APP_000362,58,CONTRACTUAL,8.60,40736.09,412002.77,12,0.50,793,3,VEHICLE_PURCHASE,NO,0
APP_000363,28,SALARIED_MNC,8.50,143456.71,415827.77,48,0.23,827,5,MEDICAL_EMERGENCY,YES,0
APP_000364,40,CONTRACTUAL,16.20,309366.77,2011113.88,36,0.67,811,1,VEHICLE_PURCHASE,NO,1
APP_000365,22,BUSINESS_OWNER,24.00,101854.06,1699670.74,120,0.31,663,3,DEBT_CONSOLIDATION,YES,0
APP_000366,59,SALARIED_GOVT,19.70,51914.48,1929119.43,60,0.61,658,0,BUSINESS_EXPANSION,NO,1
APP_000367,47,CONTRACTUAL,11.90,72060.38,1433852.70,12,0.66,827,5,EDUCATION,YES,1
APP_000368,39,CONTRACTUAL,3.00,332062.67,1627943.30,60,0.19,671,0,VEHICLE_PURCHASE,NO,0
APP_000369,47,SELF_EMPLOYED_PROFESSIONAL,2.30,81498.21,2137061.20,12,0.13,564,1,MEDICAL_EMERGENCY,NO,1
APP_000370,46,BUSINESS_OWNER,19.10,268921.67,102616.27,84,0.51,619,4,HOME_RENOVATION,NO,1
APP_000371,45,CONTRACTUAL,13.20,149044.45,569437.88,24,0.69,748,2,MEDICAL_EMERGENCY,NO,1
APP_000372,36,SALARIED_MNC,21.70,49803.34,491811.85,36,0.34,822,5,DEBT_CONSOLIDATION,YES,0
APP_000373,38,SALARIED_MNC,4.20,180499.39,1749074.21,36,0.56,741,4,EDUCATION,NO,1
APP_000374,45,CONTRACTUAL,9.60,330190.48,1102595.55,60,0.35,849,5,HOME_RENOVATION,NO,0
APP_000375,23,CONTRACTUAL,17.80,199319.03,2137576.23,24,0.63,562,3,VEHICLE_PURCHASE,NO,1
APP_000376,42,CONTRACTUAL,17.60,326276.45,1204153.98,48,0.57,552,4,VEHICLE_PURCHASE,YES,1
APP_000377,29,BUSINESS_OWNER,23.10,225466.98,683915.50,120,0.65,622,5,BUSINESS_EXPANSION,YES,1
APP_000378,48,SALARIED_MNC,12.70,56610.14,1697365.44,24,0.56,840,3,EDUCATION,YES,1
APP_000379,50,BUSINESS_OWNER,3.00,89509.58,1001333.04,60,0.36,565,1,DEBT_CONSOLIDATION,YES,1
APP_000380,27,SELF_EMPLOYED_PROFESSIONAL,12.60,244105.61,876610.28,12,0.65,569,0,VEHICLE_PURCHASE,NO,1
APP_000381,27,SALARIED_GOVT,9.30,218582.68,551953.38,24,0.40,729,5,HOME_RENOVATION,YES,0
APP_000382,47,SELF_EMPLOYED_PROFESSIONAL,7.10,171902.69,2062840.58,12,0.24,629,2,MEDICAL_EMERGENCY,NO,1
APP_000383,48,SELF_EMPLOYED_PROFESSIONAL,16.80,336178.79,1052282.83,48,0.19,623,4,DEBT_CONSOLIDATION,NO,1
APP_000384,41,SALARIED_GOVT,24.90,159681.27,900515.32,36,0.37,820,2,MEDICAL_EMERGENCY,YES,0
APP_000385,53,CONTRACTUAL,22.00,284258.92,1911510.76,48,0.49,732,1,DEBT_CONSOLIDATION,NO,0
APP_000386,22,CONTRACTUAL,8.60,210612.54,2406797.72,60,0.71,831,2,MEDICAL_EMERGENCY,YES,1
APP_000387,60,SELF_EMPLOYED_PROFESSIONAL,11.90,300681.36,312933.54,60,0.15,614,4,EDUCATION,NO,1
APP_000388,57,SALARIED_MNC,7.10,325617.55,1737483.67,84,0.61,765,5,HOME_RENOVATION,NO,1
APP_000389,33,SALARIED_MNC,24.40,260125.20,2132959.75,60,0.56,637,3,VEHICLE_PURCHASE,NO,1
APP_000390,41,SELF_EMPLOYED_PROFESSIONAL,7.10,28339.13,1352558.50,24,0.52,808,5,HOME_RENOVATION,NO,1
APP_000391,34,SELF_EMPLOYED_PROFESSIONAL,20.70,52435.46,592627.33,12,0.57,737,1,DEBT_CONSOLIDATION,YES,1
APP_000392,37,SALARIED_GOVT,12.30,261597.79,69292.87,120,0.43,663,3,HOME_RENOVATION,YES,0
APP_000393,21,SALARIED_MNC,22.90,83144.24,1407779.96,24,0.32,682,0,VEHICLE_PURCHASE,NO,0
APP_000394,62,CONTRACTUAL,2.30,147714.39,1329440.15,60,0.49,590,1,HOME_RENOVATION,YES,1
APP_000395,43,SELF_EMPLOYED_PROFESSIONAL,21.40,39884.00,1291341.94,48,0.31,630,5,DEBT_CONSOLIDATION,YES,1
APP_000396,38,BUSINESS_OWNER,21.00,34306.07,1562143.01,48,0.49,627,1,EDUCATION,NO,1
APP_000397,59,SALARIED_GOVT,13.90,227184.17,189554.89,120,0.61,582,4,DEBT_CONSOLIDATION,YES,1
APP_000398,61,SELF_EMPLOYED_PROFESSIONAL,2.90,175776.66,1358790.43,120,0.16,675,3,VEHICLE_PURCHASE,NO,0
APP_000399,56,SALARIED_MNC,18.50,123072.38,693276.07,24,0.30,573,1,HOME_RENOVATION,YES,1
APP_000400,42,SALARIED_GOVT,14.50,64917.83,1018823.56,84,0.17,792,4,BUSINESS_EXPANSION,NO,0
APP_000401,54,SALARIED_MNC,17.80,65957.31,807449.57,12,0.69,645,4,HOME_RENOVATION,YES,1
APP_000402,38,CONTRACTUAL,3.70,29712.27,976378.64,24,0.68,577,4,DEBT_CONSOLIDATION,NO,1
APP_000403,54,SALARIED_MNC,6.20,285477.09,672002.66,24,0.38,627,2,HOME_RENOVATION,NO,1
APP_000404,38,CONTRACTUAL,7.50,196700.41,607075.04,12,0.43,624,1,DEBT_CONSOLIDATION,NO,1
APP_000405,45,CONTRACTUAL,16.00,293543.21,1928859.10,60,0.45,623,0,EDUCATION,NO,1
APP_000406,23,SALARIED_MNC,22.30,111977.66,249582.04,120,0.45,806,2,VEHICLE_PURCHASE,NO,0
APP_000407,38,CONTRACTUAL,7.40,121816.90,217570.91,12,0.31,824,2,VEHICLE_PURCHASE,YES,0
APP_000408,25,SALARIED_GOVT,21.90,348217.03,2471831.74,84,0.13,810,4,EDUCATION,NO,0
APP_000409,37,BUSINESS_OWNER,3.00,85515.46,211870.33,24,0.34,682,2,BUSINESS_EXPANSION,YES,0
APP_000410,54,CONTRACTUAL,15.40,310663.49,73491.82,36,0.63,629,5,MEDICAL_EMERGENCY,NO,1
APP_000411,26,SELF_EMPLOYED_PROFESSIONAL,23.40,202137.07,1088499.43,24,0.61,822,4,DEBT_CONSOLIDATION,YES,1
APP_000412,31,SALARIED_MNC,23.60,168086.11,1609101.16,120,0.67,685,1,VEHICLE_PURCHASE,YES,1
APP_000413,36,SALARIED_GOVT,6.30,85953.05,1576242.25,84,0.20,669,1,EDUCATION,YES,0
APP_000414,24,BUSINESS_OWNER,21.30,222548.89,1954595.81,120,0.48,820,4,MEDICAL_EMERGENCY,YES,0
APP_000415,47,SELF_EMPLOYED_PROFESSIONAL,9.50,52925.77,1931259.19,48,0.35,764,4,VEHICLE_PURCHASE,NO,0
APP_000416,44,SALARIED_GOVT,11.80,276700.68,303915.54,84,0.57,707,1,EDUCATION,YES,1
APP_000417,40,SALARIED_MNC,11.00,280053.38,977966.68,120,0.35,711,5,BUSINESS_EXPANSION,YES,0
APP_000418,43,CONTRACTUAL,12.70,154623.18,868260.40,120,0.42,812,3,EDUCATION,NO,0
APP_000419,53,CONTRACTUAL,24.40,213430.14,1562989.55,48,0.69,721,4,BUSINESS_EXPANSION,YES,1
APP_000420,59,SALARIED_GOVT,3.20,103365.85,1320951.98,12,0.49,806,0,BUSINESS_EXPANSION,NO,0
APP_000421,35,SALARIED_GOVT,12.20,222404.34,735574.75,12,0.29,572,1,EDUCATION,NO,1
APP_000422,43,SELF_EMPLOYED_PROFESSIONAL,15.50,200570.41,548563.60,120,0.44,841,3,MEDICAL_EMERGENCY,NO,0
APP_000423,60,SALARIED_GOVT,13.30,33715.14,266403.15,60,0.23,641,0,BUSINESS_EXPANSION,YES,0
APP_000424,30,SALARIED_MNC,16.20,55865.62,2209568.20,60,0.30,689,0,MEDICAL_EMERGENCY,YES,0
APP_000425,35,CONTRACTUAL,21.90,178494.00,1741668.76,12,0.58,737,2,MEDICAL_EMERGENCY,YES,1
APP_000426,57,SALARIED_GOVT,7.90,245884.99,2224211.99,48,0.36,850,0,VEHICLE_PURCHASE,YES,0
APP_000427,53,SALARIED_GOVT,4.50,96902.22,1558124.66,120,0.10,836,3,BUSINESS_EXPANSION,NO,0
APP_000428,27,SALARIED_GOVT,20.50,35330.51,389515.12,84,0.69,743,5,BUSINESS_EXPANSION,NO,1
APP_000429,38,SALARIED_GOVT,8.80,169302.67,2206976.39,60,0.45,643,2,VEHICLE_PURCHASE,YES,0
APP_000430,28,CONTRACTUAL,4.10,145848.45,1744609.45,48,0.52,657,5,HOME_RENOVATION,YES,0
APP_000431,31,SALARIED_MNC,1.60,328467.06,1600031.03,48,0.12,703,1,MEDICAL_EMERGENCY,NO,0
APP_000432,54,BUSINESS_OWNER,14.30,65555.91,1490657.87,24,0.51,797,3,DEBT_CONSOLIDATION,NO,0
APP_000433,32,SELF_EMPLOYED_PROFESSIONAL,22.80,145164.83,112997.85,60,0.24,721,4,VEHICLE_PURCHASE,NO,0
APP_000434,38,BUSINESS_OWNER,8.10,306983.98,459971.30,120,0.71,803,3,BUSINESS_EXPANSION,NO,1
APP_000435,46,BUSINESS_OWNER,8.40,80995.66,145402.29,24,0.38,786,1,VEHICLE_PURCHASE,YES,0
APP_000436,62,BUSINESS_OWNER,20.40,243873.74,1845317.46,84,0.71,596,3,DEBT_CONSOLIDATION,NO,1
APP_000437,28,SALARIED_GOVT,19.00,205672.85,2077497.82,12,0.11,839,2,BUSINESS_EXPANSION,YES,0
APP_000438,51,CONTRACTUAL,12.20,342290.62,50724.89,48,0.66,576,5,VEHICLE_PURCHASE,YES,1
APP_000439,60,SALARIED_GOVT,3.70,198567.21,511009.13,24,0.22,560,4,VEHICLE_PURCHASE,NO,1
APP_000440,59,SALARIED_GOVT,14.90,77985.54,144108.66,48,0.70,760,2,EDUCATION,NO,1
APP_000441,33,SALARIED_GOVT,7.80,166240.32,1912093.21,84,0.63,802,4,BUSINESS_EXPANSION,YES,1
APP_000442,45,SALARIED_MNC,24.40,114749.32,140559.39,60,0.43,807,0,DEBT_CONSOLIDATION,NO,0
APP_000443,60,SELF_EMPLOYED_PROFESSIONAL,15.40,84864.78,1963052.47,84,0.30,715,2,DEBT_CONSOLIDATION,YES,0
APP_000444,46,CONTRACTUAL,17.70,302901.56,403490.84,36,0.32,744,2,VEHICLE_PURCHASE,YES,0
APP_000445,26,SELF_EMPLOYED_PROFESSIONAL,2.00,202485.23,2393877.38,84,0.17,570,2,MEDICAL_EMERGENCY,YES,1
APP_000446,27,SALARIED_MNC,24.40,228096.71,697133.80,12,0.31,741,3,BUSINESS_EXPANSION,NO,0
APP_000447,45,SALARIED_MNC,8.20,347992.57,625014.36,12,0.15,650,0,MEDICAL_EMERGENCY,YES,0
APP_000448,49,SALARIED_GOVT,4.10,168103.48,1883024.69,48,0.24,746,2,EDUCATION,YES,0
APP_000449,45,CONTRACTUAL,19.60,296204.75,222169.89,48,0.17,788,0,HOME_RENOVATION,NO,0
APP_000450,21,SELF_EMPLOYED_PROFESSIONAL,0.80,263228.70,1706013.91,120,0.39,831,4,EDUCATION,YES,0
APP_000451,30,SALARIED_MNC,0.80,122604.37,451406.30,120,0.20,560,5,MEDICAL_EMERGENCY,NO,1
APP_000452,36,SALARIED_GOVT,2.10,247458.77,2466109.42,120,0.12,744,1,BUSINESS_EXPANSION,NO,0
APP_000453,45,CONTRACTUAL,19.10,100672.54,207765.86,120,0.49,787,4,VEHICLE_PURCHASE,YES,0
APP_000454,25,SELF_EMPLOYED_PROFESSIONAL,12.60,80315.91,2353891.40,120,0.72,594,3,MEDICAL_EMERGENCY,NO,1
APP_000455,43,SELF_EMPLOYED_PROFESSIONAL,2.90,330697.68,2458326.54,48,0.55,573,5,DEBT_CONSOLIDATION,YES,1
APP_000456,46,BUSINESS_OWNER,24.50,25036.40,2061843.54,36,0.27,668,2,HOME_RENOVATION,NO,1
APP_000457,53,BUSINESS_OWNER,24.10,226467.35,1456116.72,48,0.61,830,1,MEDICAL_EMERGENCY,NO,1
APP_000458,30,CONTRACTUAL,19.30,87528.03,1800100.03,120,0.31,727,3,VEHICLE_PURCHASE,YES,0
APP_000459,31,CONTRACTUAL,10.50,105149.14,2099872.83,24,0.32,593,1,EDUCATION,NO,1
APP_000460,50,SELF_EMPLOYED_PROFESSIONAL,10.50,82623.69,1760724.07,24,0.34,572,3,VEHICLE_PURCHASE,YES,1
APP_000461,60,BUSINESS_OWNER,21.20,222702.42,1740140.07,120,0.50,830,1,BUSINESS_EXPANSION,YES,0
APP_000462,31,SELF_EMPLOYED_PROFESSIONAL,22.50,264549.81,88092.98,12,0.55,580,2,DEBT_CONSOLIDATION,YES,1
APP_000463,50,SELF_EMPLOYED_PROFESSIONAL,4.00,334243.59,837910.36,24,0.69,587,2,EDUCATION,NO,1
APP_000464,31,SALARIED_GOVT,13.20,74227.71,727962.01,24,0.23,628,4,HOME_RENOVATION,NO,1
APP_000465,45,BUSINESS_OWNER,3.60,142660.80,711788.50,48,0.68,726,1,BUSINESS_EXPANSION,YES,1
APP_000466,45,SALARIED_GOVT,3.30,238241.84,1714772.90,24,0.71,605,1,EDUCATION,NO,1
APP_000467,55,CONTRACTUAL,17.10,177546.11,2371954.99,36,0.64,557,3,BUSINESS_EXPANSION,NO,1
APP_000468,54,BUSINESS_OWNER,13.40,344461.50,2072465.80,24,0.50,732,0,HOME_RENOVATION,YES,0
APP_000469,54,SELF_EMPLOYED_PROFESSIONAL,23.90,82245.72,1789081.07,24,0.71,792,0,DEBT_CONSOLIDATION,NO,1
APP_000470,31,BUSINESS_OWNER,2.70,211807.19,311558.03,48,0.41,644,5,DEBT_CONSOLIDATION,NO,0
APP_000471,47,SALARIED_GOVT,4.60,238523.64,72897.89,24,0.50,648,5,EDUCATION,NO,0
APP_000472,28,SELF_EMPLOYED_PROFESSIONAL,2.10,154308.74,1910800.21,120,0.36,660,1,VEHICLE_PURCHASE,NO,0
APP_000473,57,SALARIED_GOVT,11.90,143434.13,1613918.74,120,0.65,786,3,MEDICAL_EMERGENCY,YES,1
APP_000474,24,SELF_EMPLOYED_PROFESSIONAL,12.40,216043.75,2425334.65,84,0.75,753,5,EDUCATION,YES,1
APP_000475,61,CONTRACTUAL,7.30,37809.65,484155.00,60,0.45,808,0,HOME_RENOVATION,NO,0
APP_000476,48,SELF_EMPLOYED_PROFESSIONAL,22.80,225363.34,1421854.22,60,0.28,691,4,EDUCATION,YES,0
APP_000477,38,SALARIED_GOVT,12.10,40447.54,1789735.50,48,0.58,553,2,EDUCATION,NO,1
APP_000478,24,CONTRACTUAL,18.60,278410.03,1113224.94,36,0.45,777,1,EDUCATION,YES,0
APP_000479,49,SALARIED_MNC,16.40,66957.95,1537090.31,12,0.21,597,0,MEDICAL_EMERGENCY,YES,1
APP_000480,32,SALARIED_GOVT,10.00,199059.45,1542360.85,48,0.23,586,0,MEDICAL_EMERGENCY,YES,1
APP_000481,27,SALARIED_GOVT,2.10,272345.47,1887763.82,84,0.69,672,5,BUSINESS_EXPANSION,YES,1
APP_000482,55,SALARIED_GOVT,5.40,62881.02,2072627.32,24,0.64,842,4,BUSINESS_EXPANSION,NO,1
APP_000483,32,CONTRACTUAL,18.20,112243.15,377358.17,24,0.48,816,2,EDUCATION,NO,0
APP_000484,48,BUSINESS_OWNER,3.20,298514.89,1907948.55,48,0.46,652,3,HOME_RENOVATION,NO,0
APP_000485,47,CONTRACTUAL,17.00,144203.29,454270.46,48,0.49,715,3,EDUCATION,YES,0
APP_000486,32,BUSINESS_OWNER,24.90,213809.62,1612563.69,24,0.46,597,5,DEBT_CONSOLIDATION,NO,1
APP_000487,42,SALARIED_MNC,9.30,322904.60,184312.98,48,0.63,850,4,DEBT_CONSOLIDATION,NO,1
APP_000488,27,CONTRACTUAL,7.10,62661.83,2266656.87,60,0.47,579,0,DEBT_CONSOLIDATION,YES,1
APP_000489,60,BUSINESS_OWNER,12.60,173025.26,264206.38,60,0.73,674,3,HOME_RENOVATION,NO,1
APP_000490,35,CONTRACTUAL,22.70,295159.57,416108.50,60,0.72,767,1,VEHICLE_PURCHASE,YES,1
APP_000491,51,SALARIED_GOVT,4.50,39079.43,1254460.03,48,0.74,782,3,HOME_RENOVATION,YES,1
APP_000492,30,CONTRACTUAL,9.60,103101.69,1616253.78,120,0.22,839,1,MEDICAL_EMERGENCY,NO,0
APP_000493,62,SALARIED_GOVT,7.60,153185.71,510317.24,48,0.13,679,3,BUSINESS_EXPANSION,NO,0
APP_000494,61,SELF_EMPLOYED_PROFESSIONAL,23.10,178139.36,178662.87,48,0.50,617,1,DEBT_CONSOLIDATION,NO,1
APP_000495,22,SELF_EMPLOYED_PROFESSIONAL,15.80,321069.68,2274320.34,60,0.30,605,4,VEHICLE_PURCHASE,NO,1
APP_000496,51,SELF_EMPLOYED_PROFESSIONAL,2.40,293355.23,1234896.79,24,0.48,598,5,VEHICLE_PURCHASE,YES,1
APP_000497,46,BUSINESS_OWNER,17.40,191829.54,1078276.17,24,0.25,751,2,BUSINESS_EXPANSION,YES,0
APP_000498,39,SALARIED_MNC,24.20,289187.52,1646848.96,60,0.32,586,5,EDUCATION,YES,1
APP_000499,38,SALARIED_MNC,10.50,188754.13,1505501.18,84,0.33,800,2,VEHICLE_PURCHASE,YES,0
APP_000500,29,BUSINESS_OWNER,8.80,201939.80,147137.49,60,0.70,725,3,MEDICAL_EMERGENCY,YES,1
APP_000501,42,BUSINESS_OWNER,19.80,260979.75,1824176.00,48,0.70,695,3,MEDICAL_EMERGENCY,YES,1
APP_000502,23,SELF_EMPLOYED_PROFESSIONAL,16.60,182382.96,232598.91,12,0.65,797,0,MEDICAL_EMERGENCY,YES,1
APP_000503,45,SELF_EMPLOYED_PROFESSIONAL,6.20,239134.44,412271.00,120,0.73,621,4,HOME_RENOVATION,YES,1
APP_000504,52,CONTRACTUAL,19.90,89319.44,2340373.27,48,0.66,749,0,BUSINESS_EXPANSION,NO,1
APP_000505,47,SALARIED_MNC,12.10,72127.08,1067684.78,36,0.17,746,3,BUSINESS_EXPANSION,NO,0
APP_000506,46,BUSINESS_OWNER,19.90,240757.28,1569419.25,48,0.74,636,4,BUSINESS_EXPANSION,YES,1
APP_000507,24,SALARIED_GOVT,24.10,82452.08,522560.59,84,0.45,644,5,HOME_RENOVATION,YES,0
APP_000508,48,SALARIED_GOVT,18.40,47658.67,388383.83,48,0.27,725,5,VEHICLE_PURCHASE,NO,0
APP_000509,23,SALARIED_MNC,10.20,299933.99,1354774.42,120,0.32,735,0,BUSINESS_EXPANSION,NO,0
APP_000510,31,CONTRACTUAL,5.20,269304.40,741383.10,24,0.53,657,2,VEHICLE_PURCHASE,YES,0
APP_000511,46,SELF_EMPLOYED_PROFESSIONAL,2.10,257892.30,857130.92,84,0.11,664,2,VEHICLE_PURCHASE,NO,0
APP_000512,42,SELF_EMPLOYED_PROFESSIONAL,18.30,283381.54,2291324.40,60,0.52,717,4,DEBT_CONSOLIDATION,YES,0
APP_000513,51,BUSINESS_OWNER,13.30,71088.25,1843894.78,84,0.15,734,5,HOME_RENOVATION,NO,0
APP_000514,24,SALARIED_MNC,20.80,315068.31,1479641.07,84,0.41,641,3,BUSINESS_EXPANSION,NO,0
APP_000515,23,SALARIED_MNC,15.10,328497.21,574407.73,120,0.21,613,4,VEHICLE_PURCHASE,NO,1
APP_000516,25,BUSINESS_OWNER,3.80,96355.07,173984.22,84,0.42,738,0,MEDICAL_EMERGENCY,YES,0
APP_000517,30,SALARIED_MNC,5.00,145457.21,487762.84,60,0.69,652,2,HOME_RENOVATION,YES,1
APP_000518,24,SALARIED_GOVT,13.80,210495.31,810130.89,84,0.73,655,4,MEDICAL_EMERGENCY,YES,1
APP_000519,58,SELF_EMPLOYED_PROFESSIONAL,12.10,254715.74,1762289.66,84,0.61,625,2,HOME_RENOVATION,NO,1
APP_000520,44,BUSINESS_OWNER,1.60,150428.00,1573075.67,36,0.19,700,0,VEHICLE_PURCHASE,YES,0
APP_000521,27,SALARIED_GOVT,24.10,343663.50,1003124.70,36,0.35,580,5,BUSINESS_EXPANSION,NO,1
APP_000522,40,CONTRACTUAL,19.90,55899.36,1664250.48,60,0.72,836,5,BUSINESS_EXPANSION,YES,1
APP_000523,36,SALARIED_GOVT,21.90,345607.06,149687.61,84,0.44,822,2,EDUCATION,YES,0
APP_000524,33,SALARIED_GOVT,3.50,198844.68,1699401.93,24,0.44,701,1,EDUCATION,YES,0
APP_000525,25,BUSINESS_OWNER,24.70,148866.19,2178414.13,48,0.19,847,3,VEHICLE_PURCHASE,NO,0
APP_000526,57,SALARIED_MNC,9.30,44308.21,392198.94,12,0.14,606,1,DEBT_CONSOLIDATION,YES,1
APP_000527,45,SALARIED_MNC,11.00,218041.20,955034.19,60,0.18,642,5,EDUCATION,NO,0
APP_000528,49,SELF_EMPLOYED_PROFESSIONAL,10.20,158845.97,507664.57,48,0.30,602,5,MEDICAL_EMERGENCY,NO,1
APP_000529,26,CONTRACTUAL,15.30,250602.51,936570.23,12,0.69,803,3,HOME_RENOVATION,NO,1
APP_000530,23,CONTRACTUAL,20.80,174362.74,1899385.57,36,0.36,610,3,BUSINESS_EXPANSION,NO,1
APP_000531,44,SELF_EMPLOYED_PROFESSIONAL,13.90,242646.07,741144.14,12,0.23,769,2,EDUCATION,NO,0
APP_000532,27,CONTRACTUAL,21.40,293713.45,1584747.72,60,0.14,591,0,BUSINESS_EXPANSION,YES,1
APP_000533,36,CONTRACTUAL,22.50,41945.50,2282818.71,84,0.75,638,4,EDUCATION,YES,1
APP_000534,25,BUSINESS_OWNER,20.50,274511.92,121202.41,24,0.62,587,1,EDUCATION,YES,1
APP_000535,52,CONTRACTUAL,19.80,198469.67,636411.53,120,0.10,813,2,MEDICAL_EMERGENCY,YES,0
APP_000536,36,CONTRACTUAL,23.40,56170.95,264370.87,84,0.44,753,4,DEBT_CONSOLIDATION,YES,0
APP_000537,27,CONTRACTUAL,13.80,136031.46,1891635.10,84,0.40,591,4,DEBT_CONSOLIDATION,YES,1
APP_000538,48,BUSINESS_OWNER,1.10,122120.63,815952.23,24,0.23,691,4,HOME_RENOVATION,NO,0
APP_000539,41,BUSINESS_OWNER,10.50,255709.60,2119617.94,120,0.74,806,2,EDUCATION,NO,1
APP_000540,59,BUSINESS_OWNER,7.80,168188.93,530644.01,48,0.49,583,0,MEDICAL_EMERGENCY,NO,1
APP_000541,25,SALARIED_MNC,23.20,117190.88,1998789.77,24,0.13,760,2,DEBT_CONSOLIDATION,NO,0
APP_000542,41,SELF_EMPLOYED_PROFESSIONAL,16.80,95607.48,406417.29,12,0.72,785,3,HOME_RENOVATION,YES,1
APP_000543,25,CONTRACTUAL,24.30,143389.47,304197.99,24,0.68,739,2,VEHICLE_PURCHASE,YES,1
APP_000544,24,CONTRACTUAL,18.80,252860.59,1371303.85,36,0.23,621,0,HOME_RENOVATION,NO,1
APP_000545,42,SALARIED_GOVT,20.00,161722.49,2069542.78,12,0.74,625,5,MEDICAL_EMERGENCY,NO,1
APP_000546,34,BUSINESS_OWNER,12.20,246357.75,1841193.38,48,0.19,652,2,DEBT_CONSOLIDATION,NO,0
APP_000547,55,SALARIED_MNC,13.60,26337.92,1383777.52,12,0.37,749,3,EDUCATION,NO,1
APP_000548,56,SELF_EMPLOYED_PROFESSIONAL,10.20,171851.46,1239256.85,120,0.44,671,4,DEBT_CONSOLIDATION,NO,0
APP_000549,30,BUSINESS_OWNER,16.90,115436.97,1152118.70,36,0.57,845,3,HOME_RENOVATION,YES,1
APP_000550,36,CONTRACTUAL,17.50,281825.38,385530.29,60,0.49,748,5,VEHICLE_PURCHASE,NO,0
APP_000551,62,SALARIED_MNC,23.10,255094.86,763851.63,120,0.14,778,1,DEBT_CONSOLIDATION,YES,0
APP_000552,52,SALARIED_GOVT,21.40,206173.43,1785208.31,36,0.43,674,3,EDUCATION,NO,0
APP_000553,52,SELF_EMPLOYED_PROFESSIONAL,17.80,95204.19,1022424.98,12,0.39,769,4,DEBT_CONSOLIDATION,YES,0
APP_000554,42,SALARIED_MNC,2.20,234217.23,2270544.59,84,0.59,652,4,VEHICLE_PURCHASE,NO,1
APP_000555,30,BUSINESS_OWNER,19.10,236092.25,2224746.29,120,0.33,713,2,BUSINESS_EXPANSION,YES,0
APP_000556,31,BUSINESS_OWNER,20.80,309619.43,1382340.61,120,0.66,640,2,VEHICLE_PURCHASE,NO,1
APP_000557,54,CONTRACTUAL,4.10,84426.22,2245259.25,120,0.72,670,2,MEDICAL_EMERGENCY,NO,1
APP_000558,21,SALARIED_GOVT,9.90,127330.98,250805.37,36,0.27,717,2,VEHICLE_PURCHASE,NO,0
APP_000559,21,SALARIED_GOVT,8.90,302725.97,2227564.04,24,0.48,843,5,HOME_RENOVATION,NO,0
APP_000560,50,SALARIED_MNC,3.10,226308.61,1385795.47,84,0.17,587,0,DEBT_CONSOLIDATION,NO,1
APP_000561,33,SALARIED_GOVT,23.20,147858.91,2373012.77,120,0.39,760,2,VEHICLE_PURCHASE,YES,0
APP_000562,57,BUSINESS_OWNER,20.20,336827.90,822776.71,24,0.37,801,1,HOME_RENOVATION,YES,0
APP_000563,38,SALARIED_GOVT,19.50,106299.08,1324832.89,60,0.35,727,3,VEHICLE_PURCHASE,NO,0
APP_000564,62,SALARIED_MNC,14.80,94116.36,1091888.79,48,0.41,607,1,MEDICAL_EMERGENCY,YES,1
APP_000565,36,SALARIED_MNC,12.50,55896.55,2108370.25,60,0.43,617,4,VEHICLE_PURCHASE,NO,1
APP_000566,54,SALARIED_GOVT,4.60,346786.50,1789107.22,120,0.36,631,3,BUSINESS_EXPANSION,YES,1
APP_000567,39,SELF_EMPLOYED_PROFESSIONAL,11.60,214859.33,2010535.94,120,0.51,708,4,EDUCATION,NO,0
APP_000568,26,SELF_EMPLOYED_PROFESSIONAL,16.90,245435.31,2096080.27,60,0.35,758,3,HOME_RENOVATION,YES,0
APP_000569,41,SALARIED_GOVT,18.30,90213.86,1643587.06,36,0.19,700,3,MEDICAL_EMERGENCY,NO,0
APP_000570,36,CONTRACTUAL,6.60,230221.90,2256778.36,48,0.63,734,0,EDUCATION,YES,1
APP_000571,44,SALARIED_GOVT,2.50,175649.41,2428666.47,48,0.32,588,0,MEDICAL_EMERGENCY,NO,1
APP_000572,50,BUSINESS_OWNER,1.60,187085.09,1200037.09,60,0.61,715,2,VEHICLE_PURCHASE,YES,1
APP_000573,37,CONTRACTUAL,17.90,221942.06,1649797.67,36,0.67,751,5,MEDICAL_EMERGENCY,YES,1
APP_000574,35,SALARIED_GOVT,17.80,142558.60,2387356.56,24,0.20,750,2,DEBT_CONSOLIDATION,YES,0
APP_000575,23,SELF_EMPLOYED_PROFESSIONAL,20.40,243464.20,110849.93,120,0.57,761,5,EDUCATION,NO,1
APP_000576,50,SELF_EMPLOYED_PROFESSIONAL,8.80,70986.55,809464.81,120,0.54,792,0,EDUCATION,YES,0
APP_000577,50,SELF_EMPLOYED_PROFESSIONAL,23.50,323715.40,1989464.02,12,0.68,815,5,VEHICLE_PURCHASE,YES,1
APP_000578,51,SELF_EMPLOYED_PROFESSIONAL,2.70,232966.82,1271435.06,36,0.20,839,2,HOME_RENOVATION,NO,0
APP_000579,35,BUSINESS_OWNER,23.90,235286.41,2438657.93,120,0.67,699,3,EDUCATION,YES,1
APP_000580,21,CONTRACTUAL,20.80,235263.02,655055.67,36,0.53,639,4,MEDICAL_EMERGENCY,NO,1
APP_000581,51,CONTRACTUAL,22.30,218747.30,291160.78,60,0.22,827,4,DEBT_CONSOLIDATION,NO,0
APP_000582,35,SELF_EMPLOYED_PROFESSIONAL,22.20,154844.26,51471.23,84,0.24,708,3,HOME_RENOVATION,NO,0
APP_000583,55,BUSINESS_OWNER,1.90,36702.81,979445.09,36,0.58,747,0,HOME_RENOVATION,NO,1
APP_000584,59,SALARIED_MNC,18.60,343246.02,1717440.41,120,0.24,775,3,MEDICAL_EMERGENCY,NO,0
APP_000585,62,SALARIED_MNC,7.90,147676.95,2287745.00,120,0.41,690,2,DEBT_CONSOLIDATION,NO,0
APP_000586,31,SALARIED_GOVT,21.80,182719.99,1306593.78,48,0.40,632,4,MEDICAL_EMERGENCY,YES,1
APP_000587,48,SALARIED_MNC,16.80,97786.88,2485531.74,60,0.42,608,5,BUSINESS_EXPANSION,YES,1
APP_000588,54,SALARIED_GOVT,8.60,273730.16,2380833.71,12,0.31,779,5,HOME_RENOVATION,YES,0
APP_000589,38,SALARIED_MNC,16.80,128623.08,849278.22,84,0.22,736,3,HOME_RENOVATION,YES,0
APP_000590,29,SALARIED_MNC,8.40,25045.44,1408473.72,60,0.71,603,3,EDUCATION,NO,1
APP_000591,32,CONTRACTUAL,1.90,177236.60,982459.22,24,0.71,780,4,MEDICAL_EMERGENCY,YES,1
APP_000592,36,SALARIED_MNC,2.70,246583.48,1007379.79,84,0.44,661,0,VEHICLE_PURCHASE,YES,0
APP_000593,56,CONTRACTUAL,11.60,316848.23,2020936.18,48,0.14,562,4,VEHICLE_PURCHASE,YES,1
APP_000594,31,BUSINESS_OWNER,6.90,210141.29,1921784.22,24,0.60,719,0,VEHICLE_PURCHASE,YES,1
APP_000595,48,SELF_EMPLOYED_PROFESSIONAL,0.60,97212.00,848283.28,36,0.11,727,2,DEBT_CONSOLIDATION,NO,0
APP_000596,45,CONTRACTUAL,13.00,116550.51,741229.07,60,0.48,696,2,VEHICLE_PURCHASE,NO,0
APP_000597,37,SALARIED_GOVT,22.30,27286.48,2172435.37,48,0.41,732,1,DEBT_CONSOLIDATION,NO,1
APP_000598,58,SALARIED_GOVT,9.40,202290.19,1026940.13,24,0.13,838,0,BUSINESS_EXPANSION,YES,0
APP_000599,38,SALARIED_MNC,21.40,175409.82,450403.10,120,0.15,726,2,DEBT_CONSOLIDATION,YES,0
APP_000600,60,BUSINESS_OWNER,2.30,196904.17,1965481.80,12,0.64,829,1,HOME_RENOVATION,NO,1
APP_000601,40,SALARIED_MNC,13.60,184306.95,1433523.21,24,0.27,705,3,DEBT_CONSOLIDATION,YES,0
APP_000602,33,BUSINESS_OWNER,7.60,291680.13,1728109.87,36,0.37,675,2,BUSINESS_EXPANSION,NO,0
APP_000603,29,SELF_EMPLOYED_PROFESSIONAL,23.30,34835.60,1911216.83,12,0.72,772,1,DEBT_CONSOLIDATION,NO,1
APP_000604,62,CONTRACTUAL,4.40,105177.09,1972676.38,24,0.20,758,3,MEDICAL_EMERGENCY,YES,0
APP_000605,36,SALARIED_GOVT,19.30,126911.25,1043754.62,12,0.63,796,0,DEBT_CONSOLIDATION,NO,1
APP_000606,21,BUSINESS_OWNER,23.10,35770.91,85175.04,84,0.55,713,2,EDUCATION,YES,0
APP_000607,40,BUSINESS_OWNER,1.30,213679.29,1345089.84,84,0.48,732,4,MEDICAL_EMERGENCY,NO,0
APP_000608,50,SELF_EMPLOYED_PROFESSIONAL,21.00,230431.83,2173241.09,12,0.48,582,3,DEBT_CONSOLIDATION,NO,1
APP_000609,39,SALARIED_GOVT,16.20,194809.54,1807340.90,84,0.15,808,1,EDUCATION,NO,0
APP_000610,62,SALARIED_MNC,18.70,158686.77,1798794.31,36,0.33,795,5,EDUCATION,NO,0
APP_000611,24,SELF_EMPLOYED_PROFESSIONAL,14.70,346749.30,643248.64,60,0.41,645,4,EDUCATION,YES,0
APP_000612,25,SALARIED_GOVT,25.00,54177.21,1900157.17,36,0.54,560,4,MEDICAL_EMERGENCY,NO,1
APP_000613,41,SALARIED_MNC,2.90,139314.39,1716817.61,24,0.21,732,1,HOME_RENOVATION,NO,0
APP_000614,50,SELF_EMPLOYED_PROFESSIONAL,22.90,327777.50,2166648.04,12,0.40,818,5,VEHICLE_PURCHASE,YES,0
APP_000615,39,SALARIED_MNC,21.30,298181.37,524104.02,120,0.16,738,3,VEHICLE_PURCHASE,YES,0
APP_000616,48,SELF_EMPLOYED_PROFESSIONAL,23.50,344447.61,1448568.00,24,0.30,619,4,HOME_RENOVATION,NO,1
APP_000617,23,BUSINESS_OWNER,16.90,35766.47,986564.76,24,0.71,584,5,VEHICLE_PURCHASE,NO,1
APP_000618,34,SALARIED_GOVT,9.30,151875.17,2420435.19,12,0.21,763,1,MEDICAL_EMERGENCY,NO,0
APP_000619,38,BUSINESS_OWNER,24.60,340659.62,1380703.83,84,0.44,734,5,MEDICAL_EMERGENCY,YES,0
APP_000620,41,SALARIED_MNC,24.30,332860.52,1237134.35,84,0.66,675,0,VEHICLE_PURCHASE,NO,1
APP_000621,24,BUSINESS_OWNER,1.10,208632.48,1184503.66,60,0.17,592,4,BUSINESS_EXPANSION,YES,1
APP_000622,25,BUSINESS_OWNER,15.00,144148.89,1911135.61,84,0.28,750,0,EDUCATION,YES,0
APP_000623,23,SALARIED_MNC,1.80,74011.67,1133509.18,36,0.52,604,1,EDUCATION,NO,1
APP_000624,60,SALARIED_GOVT,19.40,46706.85,2478938.16,48,0.67,732,4,BUSINESS_EXPANSION,YES,1
APP_000625,34,SELF_EMPLOYED_PROFESSIONAL,7.50,189258.49,271206.67,36,0.74,752,1,MEDICAL_EMERGENCY,YES,1
APP_000626,49,SALARIED_GOVT,10.70,280159.61,740647.16,36,0.21,707,2,EDUCATION,YES,0
APP_000627,53,SALARIED_GOVT,19.70,167030.32,1140142.43,60,0.73,674,1,BUSINESS_EXPANSION,YES,1
APP_000628,60,BUSINESS_OWNER,3.40,258208.77,74405.88,60,0.62,796,5,DEBT_CONSOLIDATION,YES,1
APP_000629,60,SALARIED_GOVT,0.70,191396.56,2148616.61,36,0.31,823,1,MEDICAL_EMERGENCY,NO,0
APP_000630,38,BUSINESS_OWNER,5.20,58658.13,273810.88,84,0.58,664,2,EDUCATION,YES,1
APP_000631,27,SELF_EMPLOYED_PROFESSIONAL,21.00,31290.73,613405.84,120,0.62,830,1,MEDICAL_EMERGENCY,YES,1
APP_000632,38,CONTRACTUAL,6.00,292014.05,198918.03,48,0.27,808,3,HOME_RENOVATION,NO,0
APP_000633,59,SALARIED_GOVT,3.90,313243.11,929661.01,36,0.40,715,0,VEHICLE_PURCHASE,YES,0
APP_000634,54,CONTRACTUAL,1.90,121571.83,1999479.46,48,0.58,658,2,BUSINESS_EXPANSION,NO,1
APP_000635,45,BUSINESS_OWNER,24.00,123946.86,1800626.86,84,0.22,710,4,BUSINESS_EXPANSION,YES,0
APP_000636,22,BUSINESS_OWNER,18.10,164464.79,1964675.36,24,0.23,836,1,BUSINESS_EXPANSION,YES,0
APP_000637,39,BUSINESS_OWNER,19.10,84607.30,2209059.56,60,0.45,655,0,BUSINESS_EXPANSION,YES,0
APP_000638,53,CONTRACTUAL,24.80,62861.15,2012810.23,36,0.64,796,5,BUSINESS_EXPANSION,YES,1
APP_000639,49,CONTRACTUAL,1.50,114635.15,1712686.96,120,0.53,681,1,BUSINESS_EXPANSION,NO,0
APP_000640,57,SALARIED_GOVT,14.90,90488.17,1482828.64,36,0.23,752,0,BUSINESS_EXPANSION,NO,0
APP_000641,45,CONTRACTUAL,7.20,149047.98,2223629.60,12,0.23,558,1,EDUCATION,YES,1
APP_000642,58,SALARIED_MNC,24.60,261705.67,956156.23,48,0.56,695,4,EDUCATION,YES,1
APP_000643,60,CONTRACTUAL,7.70,156145.34,1206831.67,12,0.62,709,2,MEDICAL_EMERGENCY,YES,1
APP_000644,38,SALARIED_GOVT,12.40,189693.34,81688.12,48,0.21,811,1,VEHICLE_PURCHASE,NO,0
APP_000645,27,SALARIED_GOVT,7.30,79620.83,1134605.85,120,0.57,721,2,DEBT_CONSOLIDATION,NO,1
APP_000646,61,SELF_EMPLOYED_PROFESSIONAL,13.40,291454.17,2063572.75,48,0.57,623,1,EDUCATION,NO,1
APP_000647,48,BUSINESS_OWNER,17.90,161017.72,688145.46,84,0.51,759,0,VEHICLE_PURCHASE,NO,0
APP_000648,53,SALARIED_MNC,18.50,131935.46,924040.64,48,0.56,570,3,VEHICLE_PURCHASE,YES,1
APP_000649,56,SALARIED_MNC,16.40,32663.37,211682.25,120,0.53,796,2,BUSINESS_EXPANSION,NO,0
APP_000650,23,CONTRACTUAL,2.00,182931.65,1909910.99,120,0.30,736,4,EDUCATION,NO,0
APP_000651,59,SALARIED_MNC,21.80,27411.22,1653070.66,48,0.29,842,3,EDUCATION,YES,1
APP_000652,31,SELF_EMPLOYED_PROFESSIONAL,15.90,96509.63,1808467.05,12,0.69,658,4,MEDICAL_EMERGENCY,YES,1
APP_000653,21,BUSINESS_OWNER,24.40,41517.97,1189604.34,12,0.33,747,2,BUSINESS_EXPANSION,NO,0
APP_000654,23,SELF_EMPLOYED_PROFESSIONAL,3.30,163726.50,1798360.09,120,0.61,629,3,HOME_RENOVATION,NO,1
APP_000655,62,SALARIED_GOVT,20.20,182675.80,1297491.14,12,0.59,648,4,BUSINESS_EXPANSION,NO,1
APP_000656,32,SELF_EMPLOYED_PROFESSIONAL,19.50,62941.12,2259347.41,12,0.62,832,1,VEHICLE_PURCHASE,YES,1
APP_000657,23,CONTRACTUAL,14.40,253235.50,2264347.02,120,0.53,696,2,MEDICAL_EMERGENCY,NO,0
APP_000658,40,SALARIED_MNC,24.10,162327.00,185131.20,120,0.18,813,3,DEBT_CONSOLIDATION,NO,0
APP_000659,59,BUSINESS_OWNER,20.50,134386.32,381651.89,84,0.57,656,4,HOME_RENOVATION,YES,1
APP_000660,25,CONTRACTUAL,21.60,345828.53,689960.14,84,0.39,701,3,EDUCATION,YES,0
APP_000661,48,SALARIED_GOVT,2.00,263777.58,1886903.62,12,0.12,833,4,BUSINESS_EXPANSION,NO,0
APP_000662,42,SELF_EMPLOYED_PROFESSIONAL,16.10,44227.22,2002001.23,48,0.56,779,3,MEDICAL_EMERGENCY,NO,1
APP_000663,27,SELF_EMPLOYED_PROFESSIONAL,17.10,275688.53,1592042.79,48,0.44,691,4,VEHICLE_PURCHASE,YES,0
APP_000664,31,SALARIED_GOVT,21.90,293749.86,989299.67,24,0.59,656,3,HOME_RENOVATION,NO,1
APP_000665,31,SELF_EMPLOYED_PROFESSIONAL,19.00,93987.42,1170518.64,36,0.55,700,4,HOME_RENOVATION,NO,0
APP_000666,62,SELF_EMPLOYED_PROFESSIONAL,13.10,104938.08,1217051.69,24,0.37,644,4,EDUCATION,YES,0
APP_000667,45,SALARIED_MNC,15.90,222505.90,720708.39,120,0.25,813,0,BUSINESS_EXPANSION,NO,0
APP_000668,35,SALARIED_GOVT,19.60,193465.47,1286413.64,60,0.25,586,1,BUSINESS_EXPANSION,NO,1
APP_000669,61,BUSINESS_OWNER,7.60,233040.57,1328350.54,36,0.23,662,1,BUSINESS_EXPANSION,NO,0
APP_000670,58,CONTRACTUAL,21.40,118057.04,737573.87,84,0.17,768,1,MEDICAL_EMERGENCY,NO,0
APP_000671,38,SELF_EMPLOYED_PROFESSIONAL,23.60,141074.78,2013158.41,84,0.71,564,5,VEHICLE_PURCHASE,NO,1
APP_000672,48,BUSINESS_OWNER,2.50,93358.13,684829.08,12,0.22,621,1,VEHICLE_PURCHASE,YES,1
APP_000673,61,BUSINESS_OWNER,1.60,76064.54,1723005.51,84,0.49,684,1,HOME_RENOVATION,NO,0
APP_000674,52,SALARIED_MNC,24.20,223014.65,1414518.91,84,0.48,739,5,DEBT_CONSOLIDATION,NO,0
APP_000675,40,SALARIED_GOVT,5.10,30181.15,101847.40,48,0.14,696,2,DEBT_CONSOLIDATION,YES,0
APP_000676,26,SALARIED_MNC,11.40,301711.23,2227506.35,48,0.69,694,5,EDUCATION,YES,1
APP_000677,34,SALARIED_MNC,16.00,270395.65,2284467.29,36,0.35,845,1,DEBT_CONSOLIDATION,NO,0
APP_000678,41,SALARIED_GOVT,4.40,158086.34,1425281.77,48,0.65,816,5,MEDICAL_EMERGENCY,YES,1
APP_000679,25,SALARIED_GOVT,22.60,144398.77,2029837.04,24,0.50,822,5,EDUCATION,NO,0
APP_000680,43,SELF_EMPLOYED_PROFESSIONAL,20.90,44826.89,1996770.15,48,0.33,806,3,VEHICLE_PURCHASE,NO,0
APP_000681,47,CONTRACTUAL,12.80,197979.69,1575604.50,60,0.64,739,5,VEHICLE_PURCHASE,YES,1
APP_000682,51,CONTRACTUAL,9.80,159301.56,1997167.05,60,0.25,826,3,EDUCATION,YES,0
APP_000683,27,CONTRACTUAL,21.00,130429.41,1691640.78,48,0.24,689,0,VEHICLE_PURCHASE,YES,0
APP_000684,40,SALARIED_GOVT,24.70,263846.07,104690.66,60,0.42,838,4,MEDICAL_EMERGENCY,NO,0
APP_000685,58,SALARIED_MNC,17.70,302423.22,210314.87,48,0.40,641,2,EDUCATION,NO,0
APP_000686,54,SALARIED_MNC,10.80,264353.14,1978027.05,48,0.58,756,3,MEDICAL_EMERGENCY,NO,1
APP_000687,31,SELF_EMPLOYED_PROFESSIONAL,3.70,288664.25,550507.62,60,0.73,709,0,HOME_RENOVATION,YES,1
APP_000688,35,SELF_EMPLOYED_PROFESSIONAL,5.00,146259.63,1086783.21,84,0.26,804,4,EDUCATION,YES,0
APP_000689,38,SALARIED_GOVT,6.70,240209.80,1750455.98,84,0.55,775,3,VEHICLE_PURCHASE,YES,0
APP_000690,52,SALARIED_MNC,23.80,151321.11,2021376.27,120,0.21,619,3,DEBT_CONSOLIDATION,YES,1
APP_000691,46,SALARIED_GOVT,6.30,55744.59,393495.76,12,0.65,635,1,HOME_RENOVATION,NO,1
APP_000692,25,SALARIED_GOVT,19.70,105242.92,675700.80,24,0.25,673,4,HOME_RENOVATION,YES,0
APP_000693,22,BUSINESS_OWNER,17.70,29351.39,2235048.27,84,0.13,759,0,DEBT_CONSOLIDATION,YES,1
APP_000694,53,CONTRACTUAL,11.80,124877.15,602865.51,60,0.19,622,4,EDUCATION,YES,1
APP_000695,50,SELF_EMPLOYED_PROFESSIONAL,2.50,258825.54,2047447.55,36,0.28,754,5,MEDICAL_EMERGENCY,YES,0
APP_000696,47,CONTRACTUAL,21.10,135721.87,1157176.25,36,0.41,817,3,VEHICLE_PURCHASE,NO,0
APP_000697,45,SALARIED_GOVT,1.20,149968.36,1764330.45,120,0.68,672,2,VEHICLE_PURCHASE,YES,1
APP_000698,45,SALARIED_GOVT,23.60,317806.30,74934.04,36,0.48,739,0,MEDICAL_EMERGENCY,YES,0
APP_000699,37,CONTRACTUAL,14.60,90151.83,2424491.10,12,0.24,814,4,BUSINESS_EXPANSION,NO,0
APP_000700,51,SALARIED_MNC,14.40,180371.70,2352352.44,24,0.49,671,2,HOME_RENOVATION,YES,0
APP_000701,28,SALARIED_MNC,0.60,47496.01,1959422.65,36,0.13,747,3,EDUCATION,NO,0
APP_000702,31,BUSINESS_OWNER,21.90,295527.06,1672541.66,48,0.61,639,4,VEHICLE_PURCHASE,NO,1
APP_000703,21,SELF_EMPLOYED_PROFESSIONAL,4.60,317267.00,1224762.02,120,0.17,784,0,VEHICLE_PURCHASE,NO,0
APP_000704,33,CONTRACTUAL,10.30,324180.27,390838.70,60,0.60,668,1,BUSINESS_EXPANSION,NO,1
APP_000705,34,BUSINESS_OWNER,17.00,90283.07,1666105.71,36,0.22,808,2,HOME_RENOVATION,YES,0
APP_000706,55,SALARIED_GOVT,11.40,318949.61,1889202.89,120,0.52,713,2,EDUCATION,YES,0
APP_000707,56,SALARIED_MNC,18.50,113533.73,1847284.29,60,0.54,744,3,VEHICLE_PURCHASE,NO,0
APP_000708,37,SALARIED_MNC,4.80,172918.00,789798.52,12,0.22,665,2,EDUCATION,NO,0
APP_000709,23,CONTRACTUAL,8.40,179138.26,1608027.19,84,0.65,669,3,BUSINESS_EXPANSION,NO,1
APP_000710,44,BUSINESS_OWNER,14.10,35327.81,546437.11,36,0.19,797,5,BUSINESS_EXPANSION,NO,1
APP_000711,30,BUSINESS_OWNER,22.40,129536.24,743137.38,120,0.63,585,2,EDUCATION,NO,1
APP_000712,33,SELF_EMPLOYED_PROFESSIONAL,9.30,53957.51,1110326.32,48,0.46,658,3,VEHICLE_PURCHASE,NO,0
APP_000713,41,CONTRACTUAL,13.70,31767.54,1201699.32,60,0.49,844,3,EDUCATION,YES,1
APP_000714,31,CONTRACTUAL,23.40,120151.41,1456522.52,60,0.71,763,1,HOME_RENOVATION,YES,1
APP_000715,26,SALARIED_GOVT,24.50,220566.54,1009080.39,12,0.35,670,2,DEBT_CONSOLIDATION,YES,0
APP_000716,55,BUSINESS_OWNER,0.80,327320.31,1579520.66,24,0.58,611,0,VEHICLE_PURCHASE,YES,1
APP_000717,29,SALARIED_MNC,8.70,33564.18,980078.00,60,0.40,703,0,EDUCATION,NO,1
APP_000718,33,BUSINESS_OWNER,5.90,75719.66,299992.84,48,0.23,836,4,MEDICAL_EMERGENCY,YES,0
APP_000719,62,SELF_EMPLOYED_PROFESSIONAL,16.80,329140.93,610978.86,60,0.16,848,3,VEHICLE_PURCHASE,NO,0
APP_000720,55,CONTRACTUAL,4.10,264404.70,345519.92,60,0.51,760,5,DEBT_CONSOLIDATION,NO,0
APP_000721,33,CONTRACTUAL,16.80,160162.01,2294897.50,60,0.70,849,1,BUSINESS_EXPANSION,NO,1
APP_000722,29,SALARIED_GOVT,7.30,323566.61,1527348.55,120,0.40,767,0,EDUCATION,YES,0
APP_000723,54,SELF_EMPLOYED_PROFESSIONAL,9.10,47605.50,2289225.98,48,0.74,769,5,HOME_RENOVATION,NO,1
APP_000724,51,SALARIED_GOVT,14.50,333628.78,2234163.52,120,0.70,827,4,BUSINESS_EXPANSION,YES,1
APP_000725,23,CONTRACTUAL,6.90,303680.31,168713.41,24,0.66,620,4,BUSINESS_EXPANSION,NO,1
APP_000726,34,SELF_EMPLOYED_PROFESSIONAL,20.60,64445.69,2396718.40,120,0.20,830,1,EDUCATION,NO,0
APP_000727,47,SELF_EMPLOYED_PROFESSIONAL,8.50,175922.62,2067393.93,84,0.44,595,5,MEDICAL_EMERGENCY,YES,1
APP_000728,42,BUSINESS_OWNER,1.10,159416.36,896365.94,36,0.25,676,1,MEDICAL_EMERGENCY,NO,0
APP_000729,28,SALARIED_MNC,15.40,217517.53,879561.14,60,0.65,553,4,DEBT_CONSOLIDATION,NO,1
APP_000730,56,SALARIED_MNC,9.20,156175.54,171119.08,24,0.47,742,0,MEDICAL_EMERGENCY,YES,0
APP_000731,61,CONTRACTUAL,10.40,97022.97,1386909.51,48,0.72,586,2,EDUCATION,YES,1
APP_000732,27,SELF_EMPLOYED_PROFESSIONAL,21.70,333321.22,2003360.46,24,0.58,581,4,VEHICLE_PURCHASE,YES,1
APP_000733,58,CONTRACTUAL,3.10,175118.98,395668.81,24,0.51,565,2,MEDICAL_EMERGENCY,YES,1
APP_000734,60,BUSINESS_OWNER,23.40,187630.74,1022309.84,24,0.27,752,3,BUSINESS_EXPANSION,NO,0
APP_000735,34,SALARIED_GOVT,1.30,141553.67,2400791.94,84,0.62,566,5,DEBT_CONSOLIDATION,NO,1
APP_000736,49,SELF_EMPLOYED_PROFESSIONAL,6.90,130083.41,1849492.06,12,0.35,661,1,DEBT_CONSOLIDATION,YES,0
APP_000737,24,BUSINESS_OWNER,24.30,216981.48,1008354.58,12,0.61,828,0,MEDICAL_EMERGENCY,NO,1
APP_000738,38,CONTRACTUAL,19.60,53137.29,795198.41,84,0.43,660,0,BUSINESS_EXPANSION,NO,0
APP_000739,53,BUSINESS_OWNER,15.20,44287.08,499870.32,84,0.19,556,2,VEHICLE_PURCHASE,NO,1
APP_000740,24,SALARIED_MNC,12.90,290651.24,1706362.74,48,0.39,836,1,DEBT_CONSOLIDATION,NO,0
APP_000741,54,SELF_EMPLOYED_PROFESSIONAL,4.60,190771.72,1098311.47,60,0.52,682,1,HOME_RENOVATION,NO,0
APP_000742,45,CONTRACTUAL,12.70,247716.41,2222176.10,36,0.60,706,5,EDUCATION,NO,1
APP_000743,60,SALARIED_GOVT,1.90,129421.80,1282233.25,120,0.19,730,0,EDUCATION,NO,0
APP_000744,47,SALARIED_MNC,12.30,124526.92,1745163.61,84,0.28,583,1,VEHICLE_PURCHASE,NO,1
APP_000745,47,BUSINESS_OWNER,11.40,64433.72,1543416.39,120,0.35,679,0,DEBT_CONSOLIDATION,YES,0
APP_000746,24,CONTRACTUAL,3.70,94597.77,1527750.43,60,0.27,803,4,BUSINESS_EXPANSION,NO,0
APP_000747,37,BUSINESS_OWNER,2.60,189157.45,1236670.60,12,0.72,575,1,VEHICLE_PURCHASE,YES,1
APP_000748,58,SELF_EMPLOYED_PROFESSIONAL,6.10,252209.38,1468298.24,36,0.17,641,4,MEDICAL_EMERGENCY,YES,0
APP_000749,28,CONTRACTUAL,21.90,132843.94,1154209.00,60,0.43,825,3,VEHICLE_PURCHASE,YES,0
APP_000750,21,SELF_EMPLOYED_PROFESSIONAL,12.50,327238.29,1519588.26,120,0.28,660,5,BUSINESS_EXPANSION,YES,0
APP_000751,40,SELF_EMPLOYED_PROFESSIONAL,0.90,96951.50,1602086.51,120,0.52,591,1,DEBT_CONSOLIDATION,YES,1
APP_000752,61,SALARIED_GOVT,17.60,181932.49,2285276.49,84,0.42,816,3,BUSINESS_EXPANSION,YES,0
APP_000753,50,BUSINESS_OWNER,9.70,211526.84,1124985.57,60,0.36,602,5,HOME_RENOVATION,NO,1
APP_000754,59,CONTRACTUAL,14.10,146132.75,404031.99,120,0.45,590,0,VEHICLE_PURCHASE,YES,1
APP_000755,42,SALARIED_MNC,21.30,191081.17,336354.23,36,0.23,661,2,MEDICAL_EMERGENCY,NO,0
APP_000756,39,SALARIED_MNC,19.30,61433.24,594347.03,12,0.52,559,5,BUSINESS_EXPANSION,NO,1
APP_000757,50,BUSINESS_OWNER,4.10,227218.39,336856.53,48,0.37,849,5,HOME_RENOVATION,YES,0
APP_000758,46,SALARIED_MNC,15.30,174786.63,1265586.96,60,0.12,574,5,MEDICAL_EMERGENCY,YES,1
APP_000759,35,SELF_EMPLOYED_PROFESSIONAL,11.20,69708.55,2452628.12,60,0.14,825,3,DEBT_CONSOLIDATION,YES,0
APP_000760,28,SALARIED_MNC,17.60,36924.01,158863.56,60,0.74,647,1,DEBT_CONSOLIDATION,YES,1
APP_000761,27,SELF_EMPLOYED_PROFESSIONAL,14.80,130797.86,1870290.07,120,0.18,650,1,BUSINESS_EXPANSION,YES,0
APP_000762,61,SALARIED_GOVT,8.70,175815.31,1291706.41,60,0.65,716,3,VEHICLE_PURCHASE,YES,1
APP_000763,61,CONTRACTUAL,1.00,290686.03,488643.55,12,0.16,689,5,EDUCATION,NO,0
APP_000764,43,SELF_EMPLOYED_PROFESSIONAL,13.20,341748.04,1514781.71,36,0.16,834,3,MEDICAL_EMERGENCY,YES,0
APP_000765,59,SALARIED_GOVT,16.00,78430.14,1324949.70,24,0.23,799,5,BUSINESS_EXPANSION,NO,0
APP_000766,59,SELF_EMPLOYED_PROFESSIONAL,19.20,26480.02,1365400.92,60,0.10,671,0,DEBT_CONSOLIDATION,NO,1
APP_000767,43,SALARIED_GOVT,15.30,34935.51,1453196.27,12,0.61,631,4,BUSINESS_EXPANSION,YES,1
APP_000768,29,SALARIED_GOVT,24.20,304497.39,1331406.60,120,0.26,771,1,VEHICLE_PURCHASE,NO,0
APP_000769,27,BUSINESS_OWNER,22.20,208826.49,424925.64,120,0.68,836,3,DEBT_CONSOLIDATION,YES,1
APP_000770,44,SALARIED_MNC,2.00,193303.42,839529.16,120,0.21,767,5,EDUCATION,NO,0
APP_000771,49,SELF_EMPLOYED_PROFESSIONAL,9.50,244206.76,2302404.68,120,0.22,562,5,MEDICAL_EMERGENCY,YES,1
APP_000772,52,CONTRACTUAL,4.00,130298.03,1563417.20,84,0.16,763,1,DEBT_CONSOLIDATION,NO,0
APP_000773,25,BUSINESS_OWNER,10.60,208686.30,2168320.20,12,0.69,657,5,VEHICLE_PURCHASE,YES,1
APP_000774,41,BUSINESS_OWNER,6.50,273209.34,1338373.07,84,0.19,658,3,EDUCATION,YES,0
APP_000775,30,BUSINESS_OWNER,15.20,129804.08,398834.37,24,0.54,835,2,EDUCATION,YES,0
APP_000776,23,BUSINESS_OWNER,2.50,288320.52,1963058.23,60,0.50,828,3,HOME_RENOVATION,YES,0
APP_000777,35,SELF_EMPLOYED_PROFESSIONAL,25.00,200679.37,1179673.34,12,0.62,621,4,HOME_RENOVATION,YES,1
APP_000778,24,BUSINESS_OWNER,20.20,152782.23,581227.09,12,0.65,599,5,EDUCATION,YES,1
APP_000779,57,SALARIED_GOVT,8.10,274067.46,170323.78,36,0.28,705,1,DEBT_CONSOLIDATION,YES,0
APP_000780,43,SALARIED_MNC,13.60,240517.18,867882.08,48,0.50,840,0,VEHICLE_PURCHASE,YES,0
APP_000781,32,CONTRACTUAL,14.10,81056.99,1468039.27,84,0.13,809,4,HOME_RENOVATION,NO,0
APP_000782,50,SALARIED_MNC,6.00,302366.89,1288291.19,120,0.45,666,5,MEDICAL_EMERGENCY,NO,0
APP_000783,36,BUSINESS_OWNER,13.90,78866.39,2380115.76,24,0.43,710,3,DEBT_CONSOLIDATION,YES,0
APP_000784,59,BUSINESS_OWNER,2.10,334839.54,1586051.08,36,0.31,752,0,HOME_RENOVATION,NO,0
APP_000785,28,SALARIED_MNC,21.30,202698.92,1714123.61,24,0.66,577,2,DEBT_CONSOLIDATION,YES,1
APP_000786,62,BUSINESS_OWNER,15.00,128195.83,107100.09,12,0.29,717,0,EDUCATION,YES,0
APP_000787,49,SALARIED_MNC,23.60,316955.14,1830925.16,60,0.55,756,1,MEDICAL_EMERGENCY,YES,0
APP_000788,44,BUSINESS_OWNER,14.10,150258.10,145933.25,120,0.56,688,0,DEBT_CONSOLIDATION,YES,1
APP_000789,53,BUSINESS_OWNER,12.90,34563.98,1596379.20,60,0.68,655,1,BUSINESS_EXPANSION,NO,1
APP_000790,37,SALARIED_MNC,1.30,53732.09,948106.24,12,0.39,793,2,MEDICAL_EMERGENCY,YES,0
APP_000791,27,SALARIED_GOVT,3.10,108796.95,430962.87,120,0.66,807,3,MEDICAL_EMERGENCY,NO,1
APP_000792,36,SALARIED_GOVT,10.50,113798.08,488283.98,48,0.68,735,0,DEBT_CONSOLIDATION,NO,1
APP_000793,52,SALARIED_MNC,4.90,157741.57,2288491.94,36,0.58,823,5,VEHICLE_PURCHASE,YES,1
APP_000794,53,BUSINESS_OWNER,19.50,199734.76,855314.75,84,0.31,655,5,BUSINESS_EXPANSION,YES,0
APP_000795,30,SALARIED_GOVT,10.20,72650.61,1530629.29,24,0.68,736,1,EDUCATION,YES,1
APP_000796,48,SALARIED_MNC,22.50,252784.24,1901076.69,12,0.50,714,4,HOME_RENOVATION,YES,0
APP_000797,32,SELF_EMPLOYED_PROFESSIONAL,7.00,309220.28,2403039.77,120,0.44,802,5,VEHICLE_PURCHASE,NO,0
APP_000798,53,SALARIED_GOVT,16.30,316674.57,200904.46,60,0.24,713,1,HOME_RENOVATION,YES,0
APP_000799,51,SALARIED_GOVT,15.10,191557.85,248502.47,60,0.57,797,4,DEBT_CONSOLIDATION,YES,1
APP_000800,55,CONTRACTUAL,13.30,202581.81,795085.33,24,0.23,574,2,HOME_RENOVATION,YES,1
APP_000801,52,SALARIED_MNC,9.00,181803.24,931593.31,120,0.20,698,2,DEBT_CONSOLIDATION,NO,0
APP_000802,46,SALARIED_MNC,6.00,57108.52,385687.04,36,0.15,718,5,BUSINESS_EXPANSION,NO,0
APP_000803,23,CONTRACTUAL,3.30,74821.39,1639651.93,36,0.15,583,5,HOME_RENOVATION,YES,1
APP_000804,35,SALARIED_MNC,23.60,230355.15,2493564.69,36,0.64,626,4,BUSINESS_EXPANSION,YES,1
APP_000805,54,SELF_EMPLOYED_PROFESSIONAL,4.30,131429.34,1034817.13,120,0.49,837,0,BUSINESS_EXPANSION,YES,0
APP_000806,52,SALARIED_MNC,19.50,93346.38,1056653.18,48,0.22,662,1,HOME_RENOVATION,YES,0
APP_000807,58,CONTRACTUAL,24.20,128445.21,1431066.42,84,0.69,693,4,EDUCATION,YES,1
APP_000808,29,SALARIED_MNC,11.00,150140.67,137322.62,120,0.37,564,1,HOME_RENOVATION,NO,1
APP_000809,21,SELF_EMPLOYED_PROFESSIONAL,19.40,151357.60,82668.53,24,0.68,723,1,VEHICLE_PURCHASE,YES,1
APP_000810,48,CONTRACTUAL,16.20,192238.59,483263.31,12,0.15,646,1,HOME_RENOVATION,NO,0
APP_000811,42,BUSINESS_OWNER,23.70,32810.31,1115176.26,48,0.11,557,2,EDUCATION,YES,1
APP_000812,26,SELF_EMPLOYED_PROFESSIONAL,18.80,230372.78,1662756.70,84,0.62,605,2,HOME_RENOVATION,YES,1
APP_000813,46,CONTRACTUAL,11.90,68917.46,1130961.39,12,0.45,586,2,DEBT_CONSOLIDATION,YES,1
APP_000814,47,SELF_EMPLOYED_PROFESSIONAL,1.50,86840.29,1299262.76,12,0.27,663,0,VEHICLE_PURCHASE,YES,0
APP_000815,31,SELF_EMPLOYED_PROFESSIONAL,13.90,79251.01,1336898.53,48,0.63,595,2,BUSINESS_EXPANSION,NO,1
APP_000816,45,SALARIED_MNC,9.70,95709.11,1616358.84,60,0.15,849,5,BUSINESS_EXPANSION,NO,0
APP_000817,22,SALARIED_MNC,18.60,301858.40,149461.40,24,0.23,565,5,BUSINESS_EXPANSION,YES,1
APP_000818,53,CONTRACTUAL,23.00,293265.75,2036061.05,36,0.22,750,1,DEBT_CONSOLIDATION,YES,0
APP_000819,37,SELF_EMPLOYED_PROFESSIONAL,9.90,319739.04,827759.54,120,0.28,567,5,DEBT_CONSOLIDATION,NO,1
APP_000820,59,SALARIED_MNC,17.10,178672.38,1263063.34,120,0.71,723,1,VEHICLE_PURCHASE,NO,1
APP_000821,38,SALARIED_GOVT,23.40,208561.58,389574.96,84,0.47,728,3,VEHICLE_PURCHASE,NO,0
APP_000822,52,CONTRACTUAL,21.30,184744.52,1301187.21,24,0.53,741,0,EDUCATION,NO,0
APP_000823,49,CONTRACTUAL,21.40,93422.33,466805.78,36,0.70,610,1,MEDICAL_EMERGENCY,NO,1
APP_000824,51,SALARIED_GOVT,18.90,240664.18,357647.60,24,0.74,733,5,EDUCATION,NO,1
APP_000825,21,SELF_EMPLOYED_PROFESSIONAL,9.10,29891.89,1657754.27,84,0.14,762,0,MEDICAL_EMERGENCY,NO,1
APP_000826,35,SELF_EMPLOYED_PROFESSIONAL,16.50,242665.80,1012301.76,48,0.15,754,5,MEDICAL_EMERGENCY,YES,0
APP_000827,21,SALARIED_GOVT,24.70,279606.97,2023779.53,12,0.32,815,5,MEDICAL_EMERGENCY,YES,0
APP_000828,44,SALARIED_MNC,22.30,278920.71,1065263.07,36,0.36,733,2,VEHICLE_PURCHASE,YES,0
APP_000829,51,CONTRACTUAL,6.20,80520.56,2453285.52,60,0.28,813,1,DEBT_CONSOLIDATION,NO,0
APP_000830,42,SALARIED_MNC,20.90,257891.33,2031825.21,60,0.63,754,0,EDUCATION,NO,1
APP_000831,46,BUSINESS_OWNER,10.50,344331.16,1180893.51,48,0.24,620,1,BUSINESS_EXPANSION,YES,1
APP_000832,45,SALARIED_MNC,17.80,226473.73,162010.86,84,0.73,571,4,MEDICAL_EMERGENCY,NO,1
APP_000833,50,SELF_EMPLOYED_PROFESSIONAL,24.20,30478.13,1844061.70,60,0.33,606,0,VEHICLE_PURCHASE,YES,1
APP_000834,62,SELF_EMPLOYED_PROFESSIONAL,9.20,71012.69,1293066.58,36,0.53,828,2,BUSINESS_EXPANSION,NO,0
APP_000835,29,SALARIED_MNC,9.70,276253.58,1773459.76,60,0.17,555,0,BUSINESS_EXPANSION,NO,1
APP_000836,31,BUSINESS_OWNER,18.80,246419.86,569648.39,84,0.28,638,4,BUSINESS_EXPANSION,YES,1
APP_000837,29,SALARIED_GOVT,21.70,130693.37,87389.04,24,0.45,605,2,MEDICAL_EMERGENCY,YES,1
APP_000838,31,SELF_EMPLOYED_PROFESSIONAL,13.00,279072.39,70418.16,36,0.17,681,1,HOME_RENOVATION,YES,0
APP_000839,56,CONTRACTUAL,1.40,279921.30,1779018.42,24,0.49,675,2,EDUCATION,YES,0
APP_000840,26,SALARIED_MNC,16.30,60822.13,1531802.15,48,0.72,764,1,VEHICLE_PURCHASE,YES,1
APP_000841,34,SELF_EMPLOYED_PROFESSIONAL,20.90,316777.65,937966.28,12,0.43,744,0,MEDICAL_EMERGENCY,YES,0
APP_000842,29,SALARIED_GOVT,19.70,306945.62,553090.94,60,0.38,684,5,BUSINESS_EXPANSION,YES,0
APP_000843,38,SALARIED_MNC,18.70,35875.46,287202.80,48,0.16,723,3,DEBT_CONSOLIDATION,NO,0
APP_000844,28,CONTRACTUAL,9.90,64351.25,1648562.98,120,0.14,563,3,MEDICAL_EMERGENCY,NO,1
APP_000845,45,BUSINESS_OWNER,6.30,340215.68,724393.71,48,0.63,552,2,DEBT_CONSOLIDATION,NO,1
APP_000846,34,SALARIED_MNC,11.30,261376.21,2119070.71,120,0.23,831,1,HOME_RENOVATION,NO,0
APP_000847,26,SALARIED_MNC,11.40,168860.24,2047166.02,12,0.56,721,0,BUSINESS_EXPANSION,NO,1
APP_000848,29,SALARIED_MNC,18.80,261045.59,2053876.94,60,0.14,805,4,HOME_RENOVATION,NO,0
APP_000849,51,CONTRACTUAL,4.90,25419.54,534710.19,36,0.59,687,2,MEDICAL_EMERGENCY,YES,1
APP_000850,38,CONTRACTUAL,7.70,175822.00,1943436.44,84,0.34,745,5,HOME_RENOVATION,YES,0
APP_000851,55,CONTRACTUAL,20.20,297201.16,1486836.19,120,0.11,764,2,EDUCATION,NO,0
APP_000852,32,SALARIED_MNC,15.40,133427.16,2262776.00,60,0.21,845,0,EDUCATION,NO,0
APP_000853,30,SELF_EMPLOYED_PROFESSIONAL,17.30,181946.25,1928347.85,120,0.53,588,4,VEHICLE_PURCHASE,YES,1
APP_000854,62,SALARIED_MNC,13.40,292669.79,2459149.26,36,0.53,756,1,BUSINESS_EXPANSION,YES,0
APP_000855,54,SALARIED_MNC,18.10,221990.02,950061.55,24,0.64,614,5,EDUCATION,NO,1
APP_000856,48,CONTRACTUAL,8.30,311896.61,892597.53,60,0.73,598,5,VEHICLE_PURCHASE,NO,1
APP_000857,26,SALARIED_MNC,11.90,234324.57,2303444.97,60,0.43,620,5,MEDICAL_EMERGENCY,YES,1
APP_000858,36,CONTRACTUAL,20.40,108791.16,2021931.99,12,0.66,781,0,VEHICLE_PURCHASE,YES,1
APP_000859,49,BUSINESS_OWNER,21.80,179023.74,2131140.59,84,0.41,602,1,DEBT_CONSOLIDATION,YES,1
APP_000860,31,SELF_EMPLOYED_PROFESSIONAL,13.30,134652.10,1533665.73,84,0.71,561,3,DEBT_CONSOLIDATION,NO,1
APP_000861,47,CONTRACTUAL,3.40,56464.96,1194811.82,24,0.35,777,5,BUSINESS_EXPANSION,YES,0
APP_000862,24,SALARIED_GOVT,22.20,192356.16,1759423.80,24,0.11,726,3,EDUCATION,NO,0
APP_000863,61,SELF_EMPLOYED_PROFESSIONAL,7.80,168563.65,2454849.28,84,0.45,737,5,EDUCATION,YES,0
APP_000864,38,SALARIED_GOVT,11.10,126366.71,318047.38,60,0.16,849,1,HOME_RENOVATION,YES,0
APP_000865,29,CONTRACTUAL,22.80,280433.75,362303.32,36,0.43,613,4,MEDICAL_EMERGENCY,YES,1
APP_000866,50,BUSINESS_OWNER,7.10,61139.03,961743.68,12,0.55,775,5,VEHICLE_PURCHASE,YES,0
APP_000867,26,SALARIED_MNC,20.20,288512.09,290047.26,60,0.48,743,3,EDUCATION,NO,0
APP_000868,60,BUSINESS_OWNER,11.50,230332.64,1924873.42,120,0.20,804,2,MEDICAL_EMERGENCY,NO,0
APP_000869,38,BUSINESS_OWNER,4.90,336545.34,2303646.32,48,0.56,621,4,BUSINESS_EXPANSION,YES,1
APP_000870,58,BUSINESS_OWNER,8.10,346548.09,738577.63,24,0.40,743,3,DEBT_CONSOLIDATION,YES,0
APP_000871,27,SALARIED_GOVT,16.90,33659.02,2421883.66,120,0.36,647,0,BUSINESS_EXPANSION,YES,1
APP_000872,55,SALARIED_MNC,19.10,109377.06,535939.55,48,0.73,745,1,DEBT_CONSOLIDATION,NO,1
APP_000873,42,BUSINESS_OWNER,10.80,137479.46,2286796.10,84,0.52,557,5,HOME_RENOVATION,NO,1
APP_000874,23,CONTRACTUAL,16.50,121060.51,385836.14,120,0.69,615,5,VEHICLE_PURCHASE,NO,1
APP_000875,36,SALARIED_MNC,7.10,73592.16,2119034.00,24,0.47,691,2,VEHICLE_PURCHASE,YES,0
APP_000876,46,BUSINESS_OWNER,24.50,25773.37,751007.28,24,0.40,698,5,HOME_RENOVATION,YES,1
APP_000877,26,SALARIED_MNC,16.90,168192.98,1156019.52,60,0.47,632,5,HOME_RENOVATION,YES,1
APP_000878,21,SELF_EMPLOYED_PROFESSIONAL,2.50,229215.24,1745350.55,24,0.35,816,1,EDUCATION,NO,0
APP_000879,32,BUSINESS_OWNER,12.90,87010.28,1059289.73,24,0.54,662,2,HOME_RENOVATION,YES,0
APP_000880,45,SALARIED_MNC,7.10,184892.94,449416.71,120,0.33,627,2,BUSINESS_EXPANSION,NO,1
APP_000881,48,SALARIED_GOVT,2.70,167650.96,2274847.60,12,0.35,794,4,HOME_RENOVATION,YES,0
APP_000882,29,BUSINESS_OWNER,1.60,163440.33,191854.03,12,0.68,587,4,EDUCATION,NO,1
APP_000883,48,SELF_EMPLOYED_PROFESSIONAL,6.00,237505.20,1518670.40,48,0.70,573,0,EDUCATION,NO,1
APP_000884,56,BUSINESS_OWNER,15.80,141183.79,2031963.80,60,0.49,697,0,DEBT_CONSOLIDATION,NO,0
APP_000885,23,SALARIED_MNC,15.90,93213.63,1606231.85,24,0.35,713,5,DEBT_CONSOLIDATION,YES,0
APP_000886,26,BUSINESS_OWNER,15.20,229084.36,2050523.16,120,0.42,785,3,BUSINESS_EXPANSION,NO,0
APP_000887,42,CONTRACTUAL,5.60,129894.96,87105.18,120,0.67,735,0,VEHICLE_PURCHASE,YES,1
APP_000888,21,SALARIED_GOVT,21.80,113554.55,893705.08,60,0.48,555,4,VEHICLE_PURCHASE,NO,1
APP_000889,55,SALARIED_GOVT,21.70,155715.76,1403054.82,48,0.63,835,1,DEBT_CONSOLIDATION,NO,1
APP_000890,49,SALARIED_GOVT,23.40,281575.72,300727.43,84,0.62,835,4,BUSINESS_EXPANSION,YES,1
APP_000891,44,SELF_EMPLOYED_PROFESSIONAL,20.90,105428.62,1672408.37,12,0.74,746,2,MEDICAL_EMERGENCY,YES,1
APP_000892,48,SALARIED_GOVT,21.60,97053.12,259450.38,24,0.15,663,4,BUSINESS_EXPANSION,YES,0
APP_000893,52,SELF_EMPLOYED_PROFESSIONAL,3.10,331150.07,1002511.37,120,0.43,683,4,DEBT_CONSOLIDATION,NO,0
APP_000894,29,SALARIED_GOVT,12.80,332334.44,2483698.09,60,0.56,618,1,VEHICLE_PURCHASE,YES,1
APP_000895,30,SALARIED_MNC,14.50,295935.87,861806.29,24,0.17,774,4,EDUCATION,NO,0
APP_000896,34,SELF_EMPLOYED_PROFESSIONAL,21.30,307628.23,277119.07,84,0.69,738,1,VEHICLE_PURCHASE,YES,1
APP_000897,41,CONTRACTUAL,23.00,203376.58,2440919.68,36,0.29,728,2,VEHICLE_PURCHASE,NO,0
APP_000898,45,BUSINESS_OWNER,21.20,204511.52,2175176.60,36,0.20,841,4,MEDICAL_EMERGENCY,NO,0
APP_000899,59,SELF_EMPLOYED_PROFESSIONAL,12.20,144964.82,2280623.33,24,0.21,611,2,MEDICAL_EMERGENCY,YES,1
APP_000900,26,SELF_EMPLOYED_PROFESSIONAL,25.00,217035.12,1663621.12,84,0.35,575,3,VEHICLE_PURCHASE,YES,1
APP_000901,61,SALARIED_MNC,19.80,166997.74,2259150.15,84,0.59,679,3,EDUCATION,NO,1
APP_000902,26,BUSINESS_OWNER,0.60,126128.33,1389241.13,36,0.57,745,4,VEHICLE_PURCHASE,YES,1
APP_000903,56,SALARIED_MNC,21.60,125992.97,2368650.11,12,0.39,716,3,DEBT_CONSOLIDATION,NO,0
APP_000904,49,CONTRACTUAL,11.40,279664.51,1184699.41,84,0.13,682,5,BUSINESS_EXPANSION,NO,0
APP_000905,22,SALARIED_GOVT,3.50,295150.60,995852.42,48,0.44,811,2,MEDICAL_EMERGENCY,YES,0
APP_000906,48,SALARIED_MNC,20.00,84588.24,736975.83,36,0.73,675,3,BUSINESS_EXPANSION,NO,1
APP_000907,51,BUSINESS_OWNER,1.30,79688.37,521668.68,24,0.28,633,3,VEHICLE_PURCHASE,NO,1
APP_000908,23,SALARIED_GOVT,4.80,257577.70,1703694.97,120,0.48,600,1,MEDICAL_EMERGENCY,NO,1
APP_000909,62,SALARIED_MNC,12.60,169008.01,1916496.21,84,0.65,743,5,DEBT_CONSOLIDATION,NO,1
APP_000910,49,SELF_EMPLOYED_PROFESSIONAL,21.70,119862.36,1487002.57,24,0.61,595,2,VEHICLE_PURCHASE,NO,1
APP_000911,56,SALARIED_GOVT,8.60,347054.19,2102282.37,120,0.27,621,2,VEHICLE_PURCHASE,YES,1
APP_000912,34,SELF_EMPLOYED_PROFESSIONAL,3.90,28389.38,1326585.97,48,0.36,845,5,MEDICAL_EMERGENCY,YES,1
APP_000913,50,SALARIED_GOVT,20.90,147642.71,1611030.63,48,0.23,612,2,HOME_RENOVATION,YES,1
APP_000914,53,CONTRACTUAL,16.50,133443.36,2074222.28,120,0.36,657,4,MEDICAL_EMERGENCY,YES,0
APP_000915,36,SALARIED_GOVT,4.00,150444.24,2190905.08,36,0.69,606,0,BUSINESS_EXPANSION,YES,1
APP_000916,57,BUSINESS_OWNER,17.20,85914.90,202601.32,84,0.26,838,3,BUSINESS_EXPANSION,NO,0
APP_000917,31,BUSINESS_OWNER,8.80,106609.37,500199.47,36,0.39,587,2,EDUCATION,YES,1
APP_000918,35,CONTRACTUAL,9.40,187563.44,1526529.54,84,0.21,786,5,HOME_RENOVATION,YES,0
APP_000919,57,CONTRACTUAL,5.20,86834.96,2218800.68,60,0.68,558,2,BUSINESS_EXPANSION,YES,1
APP_000920,36,SALARIED_MNC,14.90,157928.42,2065914.06,120,0.46,809,1,HOME_RENOVATION,YES,0
APP_000921,26,SALARIED_MNC,0.70,161563.04,2047327.88,12,0.72,841,4,HOME_RENOVATION,YES,1
APP_000922,61,SALARIED_MNC,16.50,335307.55,1826581.48,12,0.65,796,3,DEBT_CONSOLIDATION,YES,1
APP_000923,47,BUSINESS_OWNER,14.80,128090.32,1808528.81,36,0.37,789,3,MEDICAL_EMERGENCY,NO,0
APP_000924,24,SALARIED_GOVT,5.30,258003.84,1567704.36,48,0.43,559,0,EDUCATION,NO,1
APP_000925,22,BUSINESS_OWNER,15.90,99849.90,1940670.47,60,0.25,733,3,HOME_RENOVATION,NO,0
APP_000926,39,SALARIED_GOVT,9.90,209944.74,877423.25,120,0.74,670,1,VEHICLE_PURCHASE,NO,1
APP_000927,35,SELF_EMPLOYED_PROFESSIONAL,5.80,209592.87,62536.64,84,0.45,649,0,VEHICLE_PURCHASE,YES,0
APP_000928,52,SALARIED_GOVT,2.20,247191.48,1620759.34,120,0.14,638,4,EDUCATION,YES,1
APP_000929,23,SALARIED_GOVT,9.90,194318.02,2195153.79,84,0.14,588,3,MEDICAL_EMERGENCY,YES,1
APP_000930,48,SELF_EMPLOYED_PROFESSIONAL,13.90,190256.80,614625.11,60,0.25,583,2,HOME_RENOVATION,NO,1
APP_000931,21,CONTRACTUAL,11.40,170062.83,2168408.40,48,0.33,552,1,EDUCATION,YES,1
APP_000932,25,SALARIED_GOVT,18.50,161393.88,926555.27,84,0.43,799,5,MEDICAL_EMERGENCY,NO,0
APP_000933,36,BUSINESS_OWNER,15.90,143682.57,1493092.12,48,0.11,555,2,DEBT_CONSOLIDATION,YES,1
APP_000934,52,SELF_EMPLOYED_PROFESSIONAL,10.50,105768.69,809945.53,84,0.62,631,3,EDUCATION,YES,1
APP_000935,21,BUSINESS_OWNER,8.20,229465.55,1217348.44,48,0.71,606,4,DEBT_CONSOLIDATION,NO,1
APP_000936,28,SALARIED_GOVT,2.40,305641.57,2048277.58,84,0.66,697,3,VEHICLE_PURCHASE,YES,1
APP_000937,39,SALARIED_MNC,9.10,287471.50,507041.55,84,0.29,728,1,BUSINESS_EXPANSION,YES,0
APP_000938,52,CONTRACTUAL,10.10,96736.43,2262746.54,24,0.13,680,1,DEBT_CONSOLIDATION,NO,0
APP_000939,27,CONTRACTUAL,8.40,346234.05,2088648.47,84,0.42,643,3,EDUCATION,NO,0
APP_000940,55,CONTRACTUAL,22.70,201434.40,1618079.48,12,0.62,675,1,VEHICLE_PURCHASE,NO,1
APP_000941,52,BUSINESS_OWNER,8.30,121478.40,1847829.57,12,0.38,735,2,DEBT_CONSOLIDATION,NO,0
APP_000942,22,BUSINESS_OWNER,14.00,220138.64,1916750.44,24,0.74,787,5,EDUCATION,YES,1
APP_000943,24,CONTRACTUAL,7.30,334485.74,1685170.43,24,0.18,744,1,VEHICLE_PURCHASE,YES,0
APP_000944,24,SALARIED_MNC,1.60,294603.96,54207.68,24,0.29,794,2,BUSINESS_EXPANSION,YES,0
APP_000945,36,BUSINESS_OWNER,17.40,256787.59,1898795.17,60,0.49,689,4,BUSINESS_EXPANSION,NO,0
APP_000946,57,SALARIED_MNC,24.50,93274.81,920290.21,36,0.42,791,3,BUSINESS_EXPANSION,YES,0
APP_000947,60,SELF_EMPLOYED_PROFESSIONAL,5.80,266321.25,1909673.57,120,0.31,581,4,VEHICLE_PURCHASE,NO,1
APP_000948,42,SELF_EMPLOYED_PROFESSIONAL,20.50,342422.38,1710839.75,36,0.67,711,2,EDUCATION,YES,1
APP_000949,58,CONTRACTUAL,18.30,265727.14,205035.04,36,0.18,582,0,VEHICLE_PURCHASE,NO,1
APP_000950,53,CONTRACTUAL,9.20,125006.40,252868.45,60,0.47,585,4,VEHICLE_PURCHASE,YES,1
APP_000951,39,BUSINESS_OWNER,1.10,88367.43,1486842.55,12,0.52,742,1,BUSINESS_EXPANSION,NO,0
APP_000952,37,CONTRACTUAL,11.40,32621.31,79115.60,84,0.55,619,2,BUSINESS_EXPANSION,YES,1
APP_000953,21,CONTRACTUAL,10.70,53915.96,811137.56,48,0.33,846,5,VEHICLE_PURCHASE,NO,0
APP_000954,43,BUSINESS_OWNER,6.00,96079.25,785685.30,48,0.32,819,5,DEBT_CONSOLIDATION,YES,0
APP_000955,29,CONTRACTUAL,1.60,49972.96,1864074.83,84,0.65,829,0,VEHICLE_PURCHASE,YES,1
APP_000956,51,BUSINESS_OWNER,23.90,91052.90,1011770.34,120,0.26,841,0,DEBT_CONSOLIDATION,YES,0
APP_000957,30,CONTRACTUAL,3.70,347049.95,1725285.82,84,0.75,703,5,DEBT_CONSOLIDATION,NO,1
APP_000958,54,CONTRACTUAL,3.80,114578.20,260841.18,24,0.35,577,1,VEHICLE_PURCHASE,NO,1
APP_000959,33,CONTRACTUAL,21.80,228111.43,2023403.21,36,0.24,641,3,HOME_RENOVATION,NO,0
APP_000960,45,BUSINESS_OWNER,9.80,189392.45,976369.74,120,0.64,772,5,HOME_RENOVATION,NO,1
APP_000961,38,SELF_EMPLOYED_PROFESSIONAL,1.60,214798.62,196401.23,84,0.26,630,5,VEHICLE_PURCHASE,NO,1
APP_000962,59,CONTRACTUAL,12.70,252683.80,132581.01,12,0.45,678,5,DEBT_CONSOLIDATION,YES,0
APP_000963,47,BUSINESS_OWNER,5.30,31873.68,1398225.22,120,0.39,732,0,DEBT_CONSOLIDATION,YES,1
APP_000964,24,SALARIED_GOVT,10.00,286886.57,1805769.02,84,0.71,771,5,MEDICAL_EMERGENCY,YES,1
APP_000965,46,CONTRACTUAL,6.10,271447.63,2315682.44,12,0.33,683,4,BUSINESS_EXPANSION,NO,0
APP_000966,51,SALARIED_GOVT,11.80,195821.97,2397680.19,84,0.55,634,0,DEBT_CONSOLIDATION,NO,1
APP_000967,54,SELF_EMPLOYED_PROFESSIONAL,5.50,255722.49,2010197.11,60,0.66,586,1,DEBT_CONSOLIDATION,YES,1
APP_000968,51,BUSINESS_OWNER,1.60,280741.14,758339.14,48,0.34,632,5,MEDICAL_EMERGENCY,NO,1
APP_000969,24,SALARIED_GOVT,23.30,221894.17,1279017.95,24,0.59,580,4,DEBT_CONSOLIDATION,YES,1
APP_000970,27,SELF_EMPLOYED_PROFESSIONAL,9.70,275504.25,1501501.76,12,0.35,843,2,MEDICAL_EMERGENCY,NO,0
APP_000971,26,SALARIED_MNC,11.50,88386.92,1433839.70,84,0.58,733,4,EDUCATION,YES,1
APP_000972,46,CONTRACTUAL,24.30,121583.68,1418578.59,120,0.26,672,1,BUSINESS_EXPANSION,NO,0
APP_000973,37,CONTRACTUAL,18.80,49549.79,1317145.20,24,0.23,767,5,HOME_RENOVATION,NO,0
APP_000974,21,CONTRACTUAL,7.40,283917.84,1259723.55,24,0.32,795,3,MEDICAL_EMERGENCY,NO,0
APP_000975,30,BUSINESS_OWNER,13.90,104216.02,2051481.80,60,0.14,731,3,VEHICLE_PURCHASE,NO,0
APP_000976,59,SELF_EMPLOYED_PROFESSIONAL,5.80,193190.68,1072613.76,120,0.69,718,4,HOME_RENOVATION,YES,1
APP_000977,60,SELF_EMPLOYED_PROFESSIONAL,14.70,42070.62,574980.73,84,0.39,603,2,HOME_RENOVATION,YES,1
APP_000978,38,SELF_EMPLOYED_PROFESSIONAL,3.90,232222.00,1999629.41,12,0.13,835,3,EDUCATION,YES,0
APP_000979,43,SELF_EMPLOYED_PROFESSIONAL,2.20,79596.74,1318111.77,84,0.73,740,3,DEBT_CONSOLIDATION,YES,1
APP_000980,57,CONTRACTUAL,9.20,271632.34,2087551.97,24,0.21,718,2,DEBT_CONSOLIDATION,YES,0
APP_000981,50,SALARIED_GOVT,16.10,280277.59,1156897.61,60,0.12,827,3,BUSINESS_EXPANSION,YES,0
APP_000982,38,BUSINESS_OWNER,16.80,45018.16,601232.32,84,0.45,816,1,VEHICLE_PURCHASE,NO,0
APP_000983,53,SALARIED_MNC,8.20,81653.80,288404.70,60,0.20,790,1,VEHICLE_PURCHASE,YES,0
APP_000984,28,SELF_EMPLOYED_PROFESSIONAL,13.10,50316.36,2056888.96,12,0.68,797,5,EDUCATION,YES,1
APP_000985,44,SALARIED_GOVT,8.50,333265.78,423889.16,36,0.25,685,1,MEDICAL_EMERGENCY,NO,0
APP_000986,43,SALARIED_MNC,10.50,204487.56,647637.40,48,0.71,796,0,EDUCATION,NO,1
APP_000987,53,CONTRACTUAL,24.40,270080.83,889650.11,12,0.27,744,2,VEHICLE_PURCHASE,NO,0
APP_000988,41,SALARIED_GOVT,16.90,116586.89,144512.45,120,0.14,767,1,BUSINESS_EXPANSION,NO,0
APP_000989,59,CONTRACTUAL,18.20,250915.88,544609.73,48,0.23,595,0,HOME_RENOVATION,YES,1
APP_000990,46,SALARIED_GOVT,21.10,162493.58,1653035.06,24,0.68,728,3,MEDICAL_EMERGENCY,NO,1
APP_000991,35,SALARIED_MNC,23.90,92216.70,1749556.00,84,0.57,681,1,DEBT_CONSOLIDATION,YES,1
APP_000992,58,SELF_EMPLOYED_PROFESSIONAL,21.00,26343.63,1055880.99,60,0.22,767,0,VEHICLE_PURCHASE,YES,1
APP_000993,37,CONTRACTUAL,1.30,164754.48,1052542.82,24,0.55,689,1,VEHICLE_PURCHASE,NO,0
APP_000994,62,SELF_EMPLOYED_PROFESSIONAL,14.40,124238.31,338427.99,120,0.68,712,1,EDUCATION,YES,1
APP_000995,21,SALARIED_MNC,23.20,104379.04,2296338.53,12,0.61,742,2,VEHICLE_PURCHASE,YES,1
APP_000996,62,SALARIED_GOVT,18.00,112007.23,1094181.93,12,0.22,847,5,VEHICLE_PURCHASE,NO,0
APP_000997,55,BUSINESS_OWNER,14.90,216238.73,1256233.51,48,0.57,720,4,VEHICLE_PURCHASE,NO,1
APP_000998,22,BUSINESS_OWNER,16.30,176917.78,2232935.67,120,0.45,633,4,DEBT_CONSOLIDATION,YES,1
APP_000999,23,SELF_EMPLOYED_PROFESSIONAL,7.70,233109.03,1583295.66,24,0.62,677,3,BUSINESS_EXPANSION,NO,1
APP_001000,54,SALARIED_GOVT,11.70,90092.18,423975.09,84,0.68,784,3,EDUCATION,NO,1
APP_001001,58,CONTRACTUAL,4.00,311541.26,2446208.94,24,0.17,658,5,MEDICAL_EMERGENCY,NO,0
APP_001002,31,BUSINESS_OWNER,24.00,116192.24,1970995.55,48,0.58,699,2,EDUCATION,YES,1
APP_001003,32,CONTRACTUAL,19.20,316488.82,1131107.29,120,0.72,781,0,DEBT_CONSOLIDATION,NO,1
APP_001004,27,SELF_EMPLOYED_PROFESSIONAL,2.40,334887.19,1593811.03,120,0.22,774,0,VEHICLE_PURCHASE,YES,0
APP_001005,47,CONTRACTUAL,8.00,224470.31,467220.95,36,0.32,801,4,BUSINESS_EXPANSION,NO,0
APP_001006,45,SELF_EMPLOYED_PROFESSIONAL,14.00,118022.84,310237.65,60,0.72,635,4,EDUCATION,YES,1
APP_001007,48,SALARIED_MNC,17.30,310690.33,1167304.60,84,0.27,634,2,DEBT_CONSOLIDATION,YES,1
APP_001008,35,SELF_EMPLOYED_PROFESSIONAL,17.10,211151.03,654887.20,48,0.35,829,2,MEDICAL_EMERGENCY,NO,0
APP_001009,51,CONTRACTUAL,16.70,276918.86,2199950.54,60,0.41,670,2,MEDICAL_EMERGENCY,NO,0
APP_001010,56,SELF_EMPLOYED_PROFESSIONAL,12.30,344743.77,2368036.18,24,0.28,732,4,DEBT_CONSOLIDATION,YES,0
APP_001011,51,CONTRACTUAL,14.40,304949.92,2054289.08,24,0.50,814,4,DEBT_CONSOLIDATION,NO,0
APP_001012,33,SALARIED_GOVT,5.40,262645.27,825729.57,36,0.44,654,0,DEBT_CONSOLIDATION,YES,0
APP_001013,56,CONTRACTUAL,23.30,175055.90,1504309.20,12,0.51,659,5,EDUCATION,YES,0
APP_001014,44,SALARIED_MNC,5.10,195580.50,2352917.55,120,0.59,586,3,HOME_RENOVATION,YES,1
APP_001015,40,SELF_EMPLOYED_PROFESSIONAL,12.50,255539.33,2139822.76,24,0.41,555,3,HOME_RENOVATION,NO,1
APP_001016,51,SALARIED_GOVT,14.10,105056.17,1188856.45,24,0.19,732,0,MEDICAL_EMERGENCY,NO,0
APP_001017,37,CONTRACTUAL,14.60,215080.01,2152970.79,60,0.65,792,2,MEDICAL_EMERGENCY,YES,1
APP_001018,57,SALARIED_MNC,15.70,268053.16,588858.62,60,0.22,659,1,HOME_RENOVATION,NO,0
APP_001019,31,BUSINESS_OWNER,9.00,194170.33,1078411.19,48,0.66,777,1,BUSINESS_EXPANSION,NO,1
APP_001020,27,SALARIED_MNC,4.20,224946.28,1079140.63,48,0.31,748,4,EDUCATION,YES,0
APP_001021,22,SELF_EMPLOYED_PROFESSIONAL,14.30,171842.28,887644.49,84,0.18,802,5,VEHICLE_PURCHASE,YES,0
APP_001022,59,SALARIED_MNC,12.00,75470.48,1111524.36,24,0.51,811,5,BUSINESS_EXPANSION,YES,0
APP_001023,39,SALARIED_GOVT,24.20,229142.14,1730219.18,84,0.32,647,0,EDUCATION,YES,0
APP_001024,54,SELF_EMPLOYED_PROFESSIONAL,16.00,27584.54,581272.41,48,0.10,735,0,HOME_RENOVATION,YES,1
APP_001025,43,SALARIED_GOVT,5.10,196742.96,2440129.37,120,0.33,582,0,BUSINESS_EXPANSION,YES,1
APP_001026,29,SALARIED_GOVT,3.20,181661.50,1331060.42,84,0.25,613,0,DEBT_CONSOLIDATION,YES,1
APP_001027,54,BUSINESS_OWNER,9.00,124772.69,1925957.98,36,0.12,755,5,DEBT_CONSOLIDATION,NO,0
APP_001028,54,BUSINESS_OWNER,23.80,317609.30,2180420.84,12,0.32,731,2,DEBT_CONSOLIDATION,NO,0
APP_001029,38,SELF_EMPLOYED_PROFESSIONAL,18.40,69647.67,1360462.72,36,0.18,754,2,EDUCATION,NO,0
APP_001030,42,SALARIED_GOVT,8.60,344386.65,2468405.14,12,0.22,802,1,VEHICLE_PURCHASE,YES,0
APP_001031,58,SALARIED_MNC,9.50,331560.02,1524032.97,120,0.55,657,4,EDUCATION,YES,0
APP_001032,22,SALARIED_GOVT,21.70,64026.56,2387899.14,36,0.48,558,1,MEDICAL_EMERGENCY,NO,1
APP_001033,28,SALARIED_GOVT,21.20,193067.95,2097633.80,60,0.36,799,5,HOME_RENOVATION,NO,0
APP_001034,46,SELF_EMPLOYED_PROFESSIONAL,7.40,330729.65,1596632.70,84,0.30,784,3,HOME_RENOVATION,YES,0
APP_001035,21,CONTRACTUAL,15.30,242080.79,870984.20,48,0.59,642,5,VEHICLE_PURCHASE,YES,1
APP_001036,55,CONTRACTUAL,1.90,115842.53,468932.09,36,0.12,726,2,HOME_RENOVATION,NO,0
APP_001037,21,SALARIED_GOVT,24.00,322514.25,1502966.11,60,0.53,819,2,BUSINESS_EXPANSION,YES,0
APP_001038,26,BUSINESS_OWNER,0.80,207858.14,653213.27,12,0.37,782,0,DEBT_CONSOLIDATION,YES,0
APP_001039,47,CONTRACTUAL,1.90,311356.22,2105659.31,120,0.27,567,2,DEBT_CONSOLIDATION,NO,1
APP_001040,30,SALARIED_GOVT,3.60,338595.00,877549.44,84,0.37,576,0,BUSINESS_EXPANSION,YES,1
APP_001041,35,SALARIED_GOVT,18.80,151178.42,1556296.64,60,0.74,589,5,EDUCATION,YES,1
APP_001042,28,CONTRACTUAL,19.00,143800.93,349216.65,12,0.36,758,5,MEDICAL_EMERGENCY,NO,0
APP_001043,27,SALARIED_GOVT,9.60,301100.10,106489.16,84,0.65,793,5,DEBT_CONSOLIDATION,NO,1
APP_001044,40,SALARIED_GOVT,22.00,170898.73,1837187.55,48,0.24,687,1,BUSINESS_EXPANSION,YES,0
APP_001045,50,SELF_EMPLOYED_PROFESSIONAL,6.20,151897.29,1331476.69,84,0.15,606,0,VEHICLE_PURCHASE,NO,1
APP_001046,58,SELF_EMPLOYED_PROFESSIONAL,6.30,270096.83,295887.78,84,0.35,703,0,BUSINESS_EXPANSION,YES,0
APP_001047,27,CONTRACTUAL,9.30,323826.54,642862.96,36,0.55,828,3,MEDICAL_EMERGENCY,NO,0
APP_001048,42,BUSINESS_OWNER,13.90,221222.85,1164327.20,84,0.23,689,4,VEHICLE_PURCHASE,NO,0
APP_001049,22,SALARIED_GOVT,8.00,114426.04,995338.86,84,0.19,775,2,EDUCATION,NO,0
APP_001050,62,CONTRACTUAL,13.90,242285.67,1154119.06,60,0.32,667,1,HOME_RENOVATION,NO,0
APP_001051,61,SELF_EMPLOYED_PROFESSIONAL,3.60,218343.57,1787813.02,36,0.27,795,1,BUSINESS_EXPANSION,YES,0
APP_001052,47,CONTRACTUAL,7.10,87198.12,385685.58,120,0.52,791,2,MEDICAL_EMERGENCY,YES,0
APP_001053,37,SALARIED_MNC,7.90,28478.10,1692991.37,48,0.15,591,4,MEDICAL_EMERGENCY,YES,1
APP_001054,30,CONTRACTUAL,23.40,96344.53,1940018.12,48,0.68,801,0,EDUCATION,NO,1
APP_001055,61,SELF_EMPLOYED_PROFESSIONAL,13.70,200230.19,2260248.75,24,0.54,578,5,VEHICLE_PURCHASE,YES,1
APP_001056,22,CONTRACTUAL,17.90,326277.76,2236451.87,60,0.34,578,5,EDUCATION,YES,1
APP_001057,54,CONTRACTUAL,6.60,141914.45,1867268.42,36,0.71,666,5,VEHICLE_PURCHASE,NO,1
APP_001058,36,SALARIED_GOVT,7.90,100972.62,1386598.26,24,0.72,812,5,DEBT_CONSOLIDATION,YES,1
APP_001059,38,SALARIED_GOVT,22.80,289265.70,2364456.27,60,0.19,702,2,DEBT_CONSOLIDATION,YES,0
APP_001060,39,CONTRACTUAL,11.00,187168.35,332217.74,12,0.69,704,0,HOME_RENOVATION,YES,1
APP_001061,27,SALARIED_MNC,7.90,69083.29,511994.57,36,0.26,575,2,EDUCATION,NO,1
APP_001062,22,SALARIED_GOVT,12.80,135070.51,155780.97,120,0.51,583,3,BUSINESS_EXPANSION,NO,1
APP_001063,62,SALARIED_GOVT,13.10,322047.46,1298521.99,60,0.67,751,5,DEBT_CONSOLIDATION,NO,1
APP_001064,33,SALARIED_MNC,14.80,94861.42,1955690.50,60,0.54,674,1,HOME_RENOVATION,NO,0
APP_001065,39,SELF_EMPLOYED_PROFESSIONAL,20.80,39684.80,2428220.47,36,0.69,725,4,MEDICAL_EMERGENCY,NO,1
APP_001066,28,SALARIED_GOVT,15.80,99032.79,1671879.41,24,0.62,657,2,VEHICLE_PURCHASE,NO,1
APP_001067,58,BUSINESS_OWNER,2.50,139454.64,335125.15,12,0.22,559,0,EDUCATION,YES,1
APP_001068,38,BUSINESS_OWNER,7.00,273313.98,1487954.41,12,0.43,609,3,MEDICAL_EMERGENCY,NO,1
APP_001069,36,BUSINESS_OWNER,14.70,190619.04,1472752.05,36,0.67,806,2,HOME_RENOVATION,YES,1
APP_001070,36,BUSINESS_OWNER,18.50,191477.29,830466.73,36,0.74,793,0,MEDICAL_EMERGENCY,YES,1
APP_001071,37,SALARIED_MNC,5.20,250765.83,911133.48,24,0.75,633,2,DEBT_CONSOLIDATION,YES,1
APP_001072,42,SELF_EMPLOYED_PROFESSIONAL,3.00,277984.31,1859107.96,24,0.62,832,1,EDUCATION,NO,1
APP_001073,45,CONTRACTUAL,22.90,174782.36,481030.28,120,0.38,669,0,MEDICAL_EMERGENCY,NO,0
APP_001074,33,BUSINESS_OWNER,10.80,82298.88,1111289.83,60,0.50,692,0,MEDICAL_EMERGENCY,YES,0
APP_001075,22,SALARIED_MNC,17.60,307625.53,1126792.11,48,0.55,756,5,MEDICAL_EMERGENCY,YES,0
APP_001076,37,SALARIED_GOVT,15.40,162931.88,1564317.30,84,0.17,789,2,EDUCATION,NO,0
APP_001077,31,SALARIED_GOVT,6.50,53812.85,1668376.46,36,0.17,670,5,BUSINESS_EXPANSION,NO,0
APP_001078,55,SELF_EMPLOYED_PROFESSIONAL,22.90,286721.39,1133679.96,60,0.65,649,2,BUSINESS_EXPANSION,NO,1
APP_001079,40,SELF_EMPLOYED_PROFESSIONAL,19.50,204434.81,1398859.83,36,0.59,596,0,VEHICLE_PURCHASE,YES,1
APP_001080,45,SELF_EMPLOYED_PROFESSIONAL,0.80,105958.51,497681.10,120,0.61,793,1,MEDICAL_EMERGENCY,NO,1
APP_001081,59,SALARIED_MNC,4.20,234443.34,1894876.75,48,0.55,587,4,DEBT_CONSOLIDATION,YES,1
APP_001082,21,SALARIED_GOVT,24.70,84768.29,608649.32,48,0.37,715,2,BUSINESS_EXPANSION,NO,0
APP_001083,48,SELF_EMPLOYED_PROFESSIONAL,7.20,91895.50,2363860.64,84,0.30,645,1,MEDICAL_EMERGENCY,YES,0
APP_001084,23,BUSINESS_OWNER,14.70,192836.15,508042.51,36,0.54,747,3,MEDICAL_EMERGENCY,NO,0
APP_001085,32,CONTRACTUAL,16.90,122379.93,414026.63,24,0.73,740,0,MEDICAL_EMERGENCY,YES,1
APP_001086,24,SELF_EMPLOYED_PROFESSIONAL,7.00,216162.45,942467.75,48,0.22,835,1,BUSINESS_EXPANSION,NO,0
APP_001087,40,BUSINESS_OWNER,23.40,324684.00,2369600.40,84,0.47,798,2,HOME_RENOVATION,NO,0
APP_001088,54,SELF_EMPLOYED_PROFESSIONAL,17.00,56725.18,2349537.21,36,0.28,750,4,DEBT_CONSOLIDATION,YES,0
APP_001089,30,CONTRACTUAL,13.30,298948.08,1289058.89,48,0.30,758,1,VEHICLE_PURCHASE,NO,0
APP_001090,33,BUSINESS_OWNER,17.40,219905.45,1874910.35,12,0.15,579,0,BUSINESS_EXPANSION,NO,1
APP_001091,53,SALARIED_GOVT,15.90,65835.54,595053.01,120,0.23,631,4,MEDICAL_EMERGENCY,YES,1
APP_001092,49,SELF_EMPLOYED_PROFESSIONAL,19.50,306817.84,91278.71,60,0.38,587,1,VEHICLE_PURCHASE,YES,1
APP_001093,61,SALARIED_GOVT,16.30,265774.81,1350007.43,12,0.13,680,1,HOME_RENOVATION,NO,0
APP_001094,38,SELF_EMPLOYED_PROFESSIONAL,24.80,245119.90,777073.63,60,0.59,682,2,MEDICAL_EMERGENCY,NO,1
APP_001095,27,SALARIED_MNC,5.20,284317.71,525404.11,48,0.29,734,4,BUSINESS_EXPANSION,NO,0
APP_001096,26,CONTRACTUAL,19.60,271049.49,1776083.28,48,0.15,595,4,BUSINESS_EXPANSION,NO,1
APP_001097,36,SELF_EMPLOYED_PROFESSIONAL,19.20,148908.82,1058194.17,36,0.33,599,2,HOME_RENOVATION,YES,1
APP_001098,27,SALARIED_MNC,22.00,184689.98,672517.64,36,0.69,771,4,MEDICAL_EMERGENCY,NO,1
APP_001099,32,SELF_EMPLOYED_PROFESSIONAL,10.20,77873.54,416500.37,84,0.63,742,4,HOME_RENOVATION,YES,1
APP_001100,24,BUSINESS_OWNER,5.70,271782.52,197619.65,84,0.69,789,0,HOME_RENOVATION,YES,1
APP_001101,46,BUSINESS_OWNER,24.10,187903.89,706661.75,48,0.30,801,5,HOME_RENOVATION,YES,0
APP_001102,25,CONTRACTUAL,4.30,340908.59,466168.10,120,0.66,747,0,DEBT_CONSOLIDATION,YES,1
APP_001103,42,CONTRACTUAL,11.70,184386.17,2115865.17,12,0.20,812,5,EDUCATION,NO,0
APP_001104,49,SELF_EMPLOYED_PROFESSIONAL,11.00,294231.67,782631.20,36,0.65,575,5,DEBT_CONSOLIDATION,NO,1
APP_001105,35,SALARIED_MNC,8.50,34040.66,342814.80,48,0.63,560,1,BUSINESS_EXPANSION,NO,1
APP_001106,56,SELF_EMPLOYED_PROFESSIONAL,8.40,227148.32,1836519.40,120,0.70,784,5,VEHICLE_PURCHASE,YES,1
APP_001107,45,CONTRACTUAL,23.40,152387.13,1454272.23,12,0.16,771,0,DEBT_CONSOLIDATION,YES,0
APP_001108,60,SELF_EMPLOYED_PROFESSIONAL,10.30,295637.48,285804.11,12,0.12,746,4,EDUCATION,NO,0
APP_001109,30,SALARIED_MNC,14.60,82809.22,1208326.72,60,0.18,638,5,VEHICLE_PURCHASE,YES,1
APP_001110,28,SALARIED_MNC,20.60,92757.78,1629238.21,12,0.28,704,2,VEHICLE_PURCHASE,NO,0
APP_001111,38,SALARIED_GOVT,7.10,147629.54,1335982.34,84,0.67,687,3,BUSINESS_EXPANSION,NO,1
APP_001112,54,SELF_EMPLOYED_PROFESSIONAL,23.10,43088.76,1649767.10,60,0.55,597,4,MEDICAL_EMERGENCY,NO,1
APP_001113,41,CONTRACTUAL,24.20,121522.72,1337462.92,60,0.57,636,1,HOME_RENOVATION,YES,1
APP_001114,61,CONTRACTUAL,21.50,181585.21,2320192.67,60,0.49,661,5,DEBT_CONSOLIDATION,YES,0
APP_001115,43,BUSINESS_OWNER,11.10,333792.54,445649.31,60,0.40,690,4,MEDICAL_EMERGENCY,YES,0
APP_001116,23,BUSINESS_OWNER,22.70,150883.56,2465033.92,36,0.12,836,0,DEBT_CONSOLIDATION,YES,0
APP_001117,21,SALARIED_GOVT,15.60,101354.54,2131486.74,120,0.43,842,0,VEHICLE_PURCHASE,NO,0
APP_001118,50,SALARIED_GOVT,20.70,126333.20,549244.24,24,0.35,673,2,BUSINESS_EXPANSION,NO,0
APP_001119,27,BUSINESS_OWNER,9.30,200448.46,1338795.87,48,0.67,752,3,VEHICLE_PURCHASE,NO,1
APP_001120,32,SALARIED_GOVT,23.50,256544.96,1996443.76,12,0.27,622,2,EDUCATION,YES,1
APP_001121,55,SELF_EMPLOYED_PROFESSIONAL,4.00,114442.66,2418892.82,36,0.18,664,1,HOME_RENOVATION,YES,0
APP_001122,48,BUSINESS_OWNER,23.80,46373.23,1234913.47,120,0.46,752,1,VEHICLE_PURCHASE,NO,0
APP_001123,34,SALARIED_MNC,9.70,259127.83,1972042.07,120,0.32,638,0,HOME_RENOVATION,NO,1
APP_001124,29,CONTRACTUAL,9.00,236757.27,1164639.28,36,0.55,650,4,EDUCATION,NO,0
APP_001125,28,BUSINESS_OWNER,7.00,332135.66,1814902.51,120,0.12,842,1,HOME_RENOVATION,NO,0
APP_001126,55,BUSINESS_OWNER,6.30,297354.52,1040548.55,24,0.54,606,3,DEBT_CONSOLIDATION,YES,1
APP_001127,28,CONTRACTUAL,12.30,146572.57,1941482.64,48,0.47,629,2,EDUCATION,NO,1
APP_001128,57,BUSINESS_OWNER,21.30,299812.79,2069328.22,84,0.47,706,5,EDUCATION,NO,0
APP_001129,52,CONTRACTUAL,4.10,34607.39,1164717.54,12,0.57,619,2,DEBT_CONSOLIDATION,NO,1
APP_001130,60,SALARIED_MNC,22.60,272783.88,262161.73,24,0.48,845,2,HOME_RENOVATION,YES,0
APP_001131,48,SALARIED_MNC,16.70,332046.43,1071810.24,24,0.12,830,1,DEBT_CONSOLIDATION,NO,0
APP_001132,42,SALARIED_MNC,16.00,205107.70,299207.84,12,0.57,691,5,BUSINESS_EXPANSION,NO,1
APP_001133,22,SALARIED_MNC,20.30,324280.26,913749.38,60,0.48,752,2,EDUCATION,NO,0
APP_001134,47,BUSINESS_OWNER,24.70,27861.70,2235610.05,48,0.39,611,1,BUSINESS_EXPANSION,YES,1
APP_001135,57,BUSINESS_OWNER,23.20,217253.43,2045458.11,48,0.55,582,0,EDUCATION,YES,1
APP_001136,26,CONTRACTUAL,10.90,274533.75,1933131.14,12,0.58,624,0,DEBT_CONSOLIDATION,YES,1
APP_001137,39,SALARIED_GOVT,12.00,119099.87,136135.48,48,0.17,840,0,HOME_RENOVATION,NO,0
APP_001138,38,SALARIED_MNC,11.60,238491.16,1848753.83,84,0.44,627,2,VEHICLE_PURCHASE,YES,1
APP_001139,60,SALARIED_MNC,2.00,39187.91,178023.79,60,0.53,773,3,MEDICAL_EMERGENCY,NO,0
APP_001140,27,SELF_EMPLOYED_PROFESSIONAL,19.90,280905.89,1582253.60,84,0.21,569,3,MEDICAL_EMERGENCY,YES,1
APP_001141,22,SALARIED_MNC,13.80,72428.16,1905050.67,84,0.38,725,1,EDUCATION,YES,0
APP_001142,51,SALARIED_GOVT,2.20,305808.34,839500.89,60,0.25,641,1,BUSINESS_EXPANSION,YES,0
APP_001143,22,SALARIED_MNC,17.30,82085.51,2391142.09,84,0.74,792,2,VEHICLE_PURCHASE,NO,1
APP_001144,57,BUSINESS_OWNER,13.20,151577.32,1251248.18,12,0.36,554,3,BUSINESS_EXPANSION,YES,1
APP_001145,56,SALARIED_GOVT,17.10,287773.45,480446.30,84,0.27,642,3,BUSINESS_EXPANSION,YES,0
APP_001146,62,CONTRACTUAL,4.80,150086.94,856276.54,84,0.58,827,5,EDUCATION,YES,1
APP_001147,39,SALARIED_GOVT,17.70,266716.91,992716.36,120,0.20,655,0,HOME_RENOVATION,NO,0
APP_001148,42,CONTRACTUAL,12.80,329219.41,180312.93,60,0.28,707,2,BUSINESS_EXPANSION,YES,0
APP_001149,49,SALARIED_MNC,23.20,180403.73,1527007.40,48,0.65,679,0,BUSINESS_EXPANSION,YES,1
APP_001150,47,SALARIED_GOVT,14.10,224195.77,1905182.19,36,0.65,641,3,EDUCATION,YES,1
APP_001151,22,SELF_EMPLOYED_PROFESSIONAL,7.80,338079.91,705300.04,84,0.15,796,0,BUSINESS_EXPANSION,NO,0
APP_001152,43,SALARIED_GOVT,3.20,337170.83,710391.33,24,0.59,736,3,MEDICAL_EMERGENCY,YES,1
APP_001153,27,BUSINESS_OWNER,12.30,317027.36,2130574.38,12,0.64,642,5,VEHICLE_PURCHASE,YES,1
APP_001154,54,SELF_EMPLOYED_PROFESSIONAL,3.30,223747.08,421861.05,24,0.46,671,0,HOME_RENOVATION,NO,0
APP_001155,25,CONTRACTUAL,23.90,235574.20,1136542.89,84,0.31,737,0,MEDICAL_EMERGENCY,NO,0
APP_001156,33,CONTRACTUAL,7.50,141878.20,1847918.49,60,0.12,601,5,MEDICAL_EMERGENCY,YES,1
APP_001157,22,SELF_EMPLOYED_PROFESSIONAL,7.70,186567.69,1785802.93,120,0.39,759,5,EDUCATION,NO,0
APP_001158,40,CONTRACTUAL,6.10,345844.85,878908.68,60,0.10,771,1,DEBT_CONSOLIDATION,YES,0
APP_001159,30,SALARIED_GOVT,4.80,149540.20,1853064.95,24,0.68,614,4,DEBT_CONSOLIDATION,NO,1
APP_001160,37,SALARIED_GOVT,17.70,245299.41,1565552.93,120,0.62,738,1,BUSINESS_EXPANSION,YES,1
APP_001161,56,CONTRACTUAL,0.90,143813.51,724233.12,12,0.39,706,4,MEDICAL_EMERGENCY,NO,0
APP_001162,31,SALARIED_MNC,24.40,299244.18,808712.70,84,0.49,749,5,HOME_RENOVATION,YES,0
APP_001163,46,SELF_EMPLOYED_PROFESSIONAL,2.00,55187.90,192152.89,12,0.52,722,2,EDUCATION,NO,0
APP_001164,25,CONTRACTUAL,9.60,57767.54,1152999.21,12,0.36,832,4,BUSINESS_EXPANSION,NO,0
APP_001165,45,CONTRACTUAL,24.90,315327.12,1031100.29,12,0.71,768,4,HOME_RENOVATION,YES,1
APP_001166,40,SELF_EMPLOYED_PROFESSIONAL,20.80,182423.53,1291679.18,24,0.50,639,0,DEBT_CONSOLIDATION,YES,1
APP_001167,33,SALARIED_GOVT,20.50,260173.05,2427500.94,48,0.65,671,5,BUSINESS_EXPANSION,YES,1
APP_001168,41,SELF_EMPLOYED_PROFESSIONAL,3.60,67079.54,802543.53,48,0.48,573,5,DEBT_CONSOLIDATION,NO,1
APP_001169,22,SALARIED_MNC,22.60,247328.24,1297204.99,120,0.26,701,0,MEDICAL_EMERGENCY,NO,0
APP_001170,44,SALARIED_GOVT,21.00,243913.68,87946.02,36,0.54,608,5,DEBT_CONSOLIDATION,YES,1
APP_001171,23,SALARIED_MNC,0.60,298273.32,1479985.19,84,0.64,725,1,DEBT_CONSOLIDATION,YES,1
APP_001172,53,SALARIED_MNC,13.20,254130.53,928738.43,48,0.44,724,4,DEBT_CONSOLIDATION,NO,0
APP_001173,47,CONTRACTUAL,8.90,215634.89,2364652.67,36,0.20,646,0,BUSINESS_EXPANSION,YES,0
APP_001174,37,SALARIED_MNC,19.40,309615.92,1842294.12,12,0.29,749,1,EDUCATION,NO,0
APP_001175,43,SALARIED_GOVT,19.40,243289.24,1849591.75,120,0.67,558,1,VEHICLE_PURCHASE,NO,1
APP_001176,40,CONTRACTUAL,17.80,103639.56,2093560.68,120,0.33,746,4,BUSINESS_EXPANSION,NO,0
APP_001177,25,SELF_EMPLOYED_PROFESSIONAL,1.90,60972.70,1713019.23,120,0.36,796,3,HOME_RENOVATION,YES,0
APP_001178,59,BUSINESS_OWNER,1.80,151089.25,1255046.59,120,0.54,633,1,DEBT_CONSOLIDATION,YES,1
APP_001179,46,BUSINESS_OWNER,2.30,342479.60,2231219.28,48,0.73,595,4,MEDICAL_EMERGENCY,YES,1
APP_001180,58,SALARIED_GOVT,14.40,266927.40,2233412.17,120,0.60,794,5,MEDICAL_EMERGENCY,NO,1
APP_001181,45,BUSINESS_OWNER,11.00,270124.59,2352622.20,48,0.75,839,2,DEBT_CONSOLIDATION,YES,1
APP_001182,62,CONTRACTUAL,14.20,44286.05,650128.31,48,0.45,701,0,VEHICLE_PURCHASE,NO,0
APP_001183,30,BUSINESS_OWNER,16.00,169544.67,848219.09,12,0.58,839,0,HOME_RENOVATION,NO,1
APP_001184,23,SALARIED_GOVT,12.00,87635.26,2496752.08,60,0.43,655,5,VEHICLE_PURCHASE,NO,0
APP_001185,31,CONTRACTUAL,11.40,179353.65,2391212.21,12,0.66,838,0,MEDICAL_EMERGENCY,YES,1
APP_001186,29,SALARIED_MNC,20.00,274505.47,2233222.40,84,0.74,621,1,EDUCATION,YES,1
APP_001187,35,BUSINESS_OWNER,18.10,249749.53,2199955.51,84,0.13,738,2,EDUCATION,YES,0
APP_001188,56,SALARIED_MNC,1.00,68735.92,1413243.54,36,0.55,571,5,EDUCATION,NO,1
APP_001189,51,CONTRACTUAL,5.20,93358.97,1312342.24,84,0.30,816,2,EDUCATION,NO,0
APP_001190,37,SELF_EMPLOYED_PROFESSIONAL,1.20,191704.74,532330.33,48,0.15,800,0,DEBT_CONSOLIDATION,YES,0
APP_001191,47,SALARIED_MNC,7.60,318562.20,1113578.87,84,0.14,609,5,HOME_RENOVATION,YES,1
APP_001192,37,CONTRACTUAL,9.70,249527.04,1100821.02,120,0.75,693,3,MEDICAL_EMERGENCY,NO,1
APP_001193,61,CONTRACTUAL,4.90,228115.69,2469795.31,36,0.54,759,1,BUSINESS_EXPANSION,YES,0
APP_001194,27,BUSINESS_OWNER,17.90,272442.08,311662.11,12,0.17,779,3,BUSINESS_EXPANSION,YES,0
APP_001195,41,BUSINESS_OWNER,12.20,83225.57,1307908.65,24,0.53,794,0,EDUCATION,YES,0
APP_001196,48,SALARIED_MNC,0.50,33004.10,1687246.97,48,0.55,805,1,EDUCATION,NO,1
APP_001197,58,SALARIED_GOVT,5.80,128410.02,1057266.64,84,0.49,628,3,HOME_RENOVATION,NO,1
APP_001198,53,SALARIED_MNC,8.00,317652.73,817460.44,84,0.69,846,2,HOME_RENOVATION,YES,1
APP_001199,43,SELF_EMPLOYED_PROFESSIONAL,23.10,92637.65,1910676.97,12,0.34,646,4,MEDICAL_EMERGENCY,NO,0
APP_001200,57,BUSINESS_OWNER,23.40,108792.64,1393286.24,84,0.28,744,5,BUSINESS_EXPANSION,YES,0
APP_001201,29,SALARIED_MNC,11.70,83829.47,2249981.25,36,0.42,715,1,BUSINESS_EXPANSION,NO,0
APP_001202,25,SELF_EMPLOYED_PROFESSIONAL,24.50,320692.56,2327717.31,84,0.75,798,5,VEHICLE_PURCHASE,NO,1
APP_001203,31,BUSINESS_OWNER,0.70,186525.58,578892.56,60,0.32,732,1,BUSINESS_EXPANSION,YES,0
APP_001204,58,SALARIED_MNC,9.80,173096.58,168680.83,120,0.62,786,3,DEBT_CONSOLIDATION,YES,1
APP_001205,62,CONTRACTUAL,12.50,278711.46,2197910.46,24,0.15,784,2,BUSINESS_EXPANSION,YES,0
APP_001206,41,CONTRACTUAL,14.70,167847.45,957921.60,120,0.75,560,2,DEBT_CONSOLIDATION,NO,1
APP_001207,42,SALARIED_GOVT,8.80,223845.52,875710.14,12,0.61,747,5,MEDICAL_EMERGENCY,YES,1
APP_001208,45,CONTRACTUAL,20.50,331927.46,804880.65,84,0.51,764,3,MEDICAL_EMERGENCY,YES,0
APP_001209,24,SALARIED_MNC,2.80,176403.83,1694978.78,84,0.55,737,0,EDUCATION,NO,0
APP_001210,28,SELF_EMPLOYED_PROFESSIONAL,6.60,64415.51,1614339.20,120,0.68,582,4,BUSINESS_EXPANSION,NO,1
APP_001211,32,SELF_EMPLOYED_PROFESSIONAL,20.30,346891.23,1572961.46,120,0.26,571,5,BUSINESS_EXPANSION,NO,1
APP_001212,58,SELF_EMPLOYED_PROFESSIONAL,21.30,294948.24,1036259.62,48,0.50,731,5,EDUCATION,YES,0
APP_001213,49,BUSINESS_OWNER,23.30,346964.16,1319561.95,48,0.31,770,4,HOME_RENOVATION,NO,0
APP_001214,35,BUSINESS_OWNER,3.40,275011.99,638586.49,120,0.63,551,3,VEHICLE_PURCHASE,NO,1
APP_001215,50,BUSINESS_OWNER,9.80,187776.77,1956265.67,120,0.32,692,5,DEBT_CONSOLIDATION,YES,0
APP_001216,52,SALARIED_MNC,1.70,170332.18,1787364.62,12,0.37,822,3,EDUCATION,NO,0
APP_001217,52,SALARIED_MNC,19.00,181896.84,2325140.88,60,0.17,844,3,MEDICAL_EMERGENCY,NO,0
APP_001218,35,SELF_EMPLOYED_PROFESSIONAL,24.70,226298.38,1188579.38,48,0.72,641,3,EDUCATION,NO,1
APP_001219,49,SELF_EMPLOYED_PROFESSIONAL,9.90,236904.23,1088001.10,12,0.11,725,4,VEHICLE_PURCHASE,YES,0
APP_001220,37,SALARIED_MNC,10.20,257434.52,1698736.87,48,0.43,623,5,EDUCATION,NO,1
APP_001221,27,SELF_EMPLOYED_PROFESSIONAL,17.40,330317.83,281217.69,36,0.21,795,2,EDUCATION,YES,0
APP_001222,32,SELF_EMPLOYED_PROFESSIONAL,9.90,341757.74,1428222.85,24,0.54,563,5,BUSINESS_EXPANSION,NO,1
APP_001223,36,BUSINESS_OWNER,2.40,179490.12,1459517.84,36,0.30,726,1,BUSINESS_EXPANSION,NO,0
APP_001224,50,SALARIED_MNC,19.50,247826.31,2177988.31,36,0.70,762,0,VEHICLE_PURCHASE,YES,1
APP_001225,25,SALARIED_GOVT,21.60,177434.20,583079.19,84,0.16,625,3,BUSINESS_EXPANSION,YES,1
APP_001226,34,CONTRACTUAL,23.20,132183.52,1926187.93,12,0.74,652,0,DEBT_CONSOLIDATION,YES,1
APP_001227,55,SELF_EMPLOYED_PROFESSIONAL,14.20,256186.55,1235403.03,36,0.38,558,4,DEBT_CONSOLIDATION,YES,1
APP_001228,23,BUSINESS_OWNER,2.20,42918.36,1645594.66,48,0.70,695,2,EDUCATION,YES,1
APP_001229,50,SALARIED_MNC,15.50,123750.92,1290962.18,24,0.54,830,2,HOME_RENOVATION,NO,0
APP_001230,48,SALARIED_GOVT,2.30,181018.37,2353454.66,84,0.32,665,5,VEHICLE_PURCHASE,NO,0
APP_001231,32,SELF_EMPLOYED_PROFESSIONAL,20.40,95807.85,756758.29,60,0.69,714,3,EDUCATION,YES,1
APP_001232,44,CONTRACTUAL,16.70,111810.45,300522.68,24,0.28,583,2,HOME_RENOVATION,NO,1
APP_001233,35,CONTRACTUAL,9.70,239774.54,2366982.90,12,0.19,609,2,VEHICLE_PURCHASE,YES,1
APP_001234,37,SELF_EMPLOYED_PROFESSIONAL,16.30,264937.78,1082031.91,36,0.52,747,5,BUSINESS_EXPANSION,NO,0
APP_001235,50,BUSINESS_OWNER,21.40,330139.32,239881.83,84,0.65,593,1,VEHICLE_PURCHASE,YES,1
APP_001236,30,CONTRACTUAL,16.60,318768.10,1308848.38,12,0.42,669,1,EDUCATION,YES,0
APP_001237,33,SALARIED_MNC,3.70,286195.96,1560062.38,24,0.41,797,5,BUSINESS_EXPANSION,NO,0
APP_001238,45,SALARIED_GOVT,22.10,317953.98,1911113.97,24,0.67,776,2,HOME_RENOVATION,NO,1
APP_001239,44,SALARIED_MNC,22.00,207162.09,1076897.31,24,0.25,808,4,HOME_RENOVATION,YES,0
APP_001240,37,SELF_EMPLOYED_PROFESSIONAL,19.60,43390.03,668835.52,84,0.23,809,2,HOME_RENOVATION,YES,0
APP_001241,59,SALARIED_GOVT,13.90,347741.34,520692.53,120,0.74,811,3,DEBT_CONSOLIDATION,YES,1
APP_001242,41,BUSINESS_OWNER,0.60,224867.63,924381.64,60,0.67,594,4,HOME_RENOVATION,YES,1
APP_001243,49,SALARIED_GOVT,1.20,35389.48,2199279.34,84,0.62,825,0,DEBT_CONSOLIDATION,NO,1
APP_001244,51,SELF_EMPLOYED_PROFESSIONAL,12.10,36094.91,1751939.23,120,0.19,684,1,VEHICLE_PURCHASE,NO,1
APP_001245,26,SALARIED_GOVT,7.90,288102.91,1953096.63,24,0.41,844,0,BUSINESS_EXPANSION,NO,0
APP_001246,47,SELF_EMPLOYED_PROFESSIONAL,18.90,279368.23,241854.15,12,0.50,602,1,EDUCATION,YES,1
APP_001247,56,SALARIED_MNC,1.70,142277.97,88147.09,60,0.15,731,4,MEDICAL_EMERGENCY,YES,0
APP_001248,58,BUSINESS_OWNER,12.20,62193.81,1107163.98,12,0.54,572,5,MEDICAL_EMERGENCY,NO,1
APP_001249,26,SALARIED_MNC,18.60,334276.43,1805831.03,12,0.51,841,1,VEHICLE_PURCHASE,YES,0
APP_001250,29,CONTRACTUAL,4.80,241715.13,1217344.76,48,0.11,615,1,MEDICAL_EMERGENCY,YES,1
APP_001251,34,CONTRACTUAL,0.60,301097.31,1905489.83,12,0.75,724,4,BUSINESS_EXPANSION,YES,1
APP_001252,26,SELF_EMPLOYED_PROFESSIONAL,2.60,224282.01,1795794.26,60,0.37,617,0,HOME_RENOVATION,YES,1
APP_001253,34,SALARIED_MNC,6.70,181505.44,119621.07,24,0.67,785,3,BUSINESS_EXPANSION,YES,1
APP_001254,26,SALARIED_MNC,7.30,69322.02,815430.41,12,0.53,835,2,VEHICLE_PURCHASE,YES,0
APP_001255,36,SALARIED_MNC,13.70,78466.78,676695.28,48,0.56,672,5,EDUCATION,NO,1
APP_001256,33,BUSINESS_OWNER,19.40,86075.07,995289.05,48,0.48,613,4,MEDICAL_EMERGENCY,NO,1
APP_001257,53,SELF_EMPLOYED_PROFESSIONAL,17.40,144938.40,386800.47,48,0.22,668,2,VEHICLE_PURCHASE,YES,0
APP_001258,54,SELF_EMPLOYED_PROFESSIONAL,7.00,118667.52,1991003.84,60,0.48,738,3,DEBT_CONSOLIDATION,NO,0
APP_001259,43,SALARIED_MNC,7.00,106834.06,2117224.07,24,0.26,803,1,DEBT_CONSOLIDATION,YES,0
APP_001260,41,SALARIED_GOVT,16.80,165843.96,1193543.46,60,0.25,790,4,EDUCATION,YES,0
APP_001261,30,SALARIED_MNC,9.90,260768.81,887308.68,48,0.55,557,2,EDUCATION,NO,1
APP_001262,39,BUSINESS_OWNER,17.00,344097.15,2291863.80,84,0.14,773,4,EDUCATION,YES,0
APP_001263,50,SALARIED_MNC,3.40,102274.93,822166.25,24,0.25,592,4,BUSINESS_EXPANSION,NO,1
APP_001264,33,BUSINESS_OWNER,14.00,64421.39,311442.70,60,0.36,555,1,HOME_RENOVATION,NO,1
APP_001265,52,SALARIED_GOVT,20.30,220643.93,497147.21,48,0.48,788,0,HOME_RENOVATION,YES,0
APP_001266,25,CONTRACTUAL,6.60,162329.11,226895.31,24,0.73,811,4,HOME_RENOVATION,YES,1
APP_001267,58,SALARIED_MNC,23.80,244478.60,2401060.00,84,0.41,623,3,VEHICLE_PURCHASE,YES,1
APP_001268,31,BUSINESS_OWNER,11.70,208143.81,1445469.27,84,0.72,772,5,MEDICAL_EMERGENCY,NO,1
APP_001269,40,SALARIED_MNC,1.70,206078.44,1953417.41,84,0.21,705,0,HOME_RENOVATION,NO,0
APP_001270,25,SALARIED_MNC,19.10,135377.28,616297.12,36,0.71,691,4,HOME_RENOVATION,NO,1
APP_001271,43,SELF_EMPLOYED_PROFESSIONAL,13.40,278200.48,1711906.35,84,0.43,790,0,BUSINESS_EXPANSION,NO,0
APP_001272,52,SALARIED_GOVT,25.00,296700.84,2309925.85,120,0.37,591,1,BUSINESS_EXPANSION,NO,1
APP_001273,54,CONTRACTUAL,1.10,274606.15,567700.92,60,0.13,664,2,DEBT_CONSOLIDATION,NO,0
APP_001274,45,SALARIED_MNC,11.60,58258.17,1222574.64,36,0.53,673,2,HOME_RENOVATION,YES,0
APP_001275,54,CONTRACTUAL,5.10,172728.95,213079.48,84,0.19,827,4,VEHICLE_PURCHASE,YES,0
APP_001276,51,CONTRACTUAL,17.50,91529.21,1829507.43,48,0.28,551,1,BUSINESS_EXPANSION,NO,1
APP_001277,31,SALARIED_GOVT,3.30,315290.41,2462818.96,84,0.65,620,5,VEHICLE_PURCHASE,NO,1
APP_001278,24,BUSINESS_OWNER,8.30,35431.71,1432291.09,60,0.32,668,3,VEHICLE_PURCHASE,YES,1
APP_001279,60,SALARIED_GOVT,2.80,332715.60,1712163.12,84,0.62,590,1,EDUCATION,NO,1
APP_001280,61,SALARIED_MNC,22.50,208085.28,2275889.19,36,0.66,680,2,MEDICAL_EMERGENCY,NO,1
APP_001281,38,CONTRACTUAL,4.50,238174.41,195968.76,36,0.13,794,4,VEHICLE_PURCHASE,NO,0
APP_001282,46,SELF_EMPLOYED_PROFESSIONAL,16.80,226199.87,1561771.43,60,0.61,617,3,BUSINESS_EXPANSION,YES,1
APP_001283,33,SELF_EMPLOYED_PROFESSIONAL,15.60,247372.22,1846583.10,36,0.56,584,1,DEBT_CONSOLIDATION,NO,1
APP_001284,25,CONTRACTUAL,4.40,263314.80,1293012.97,84,0.68,656,4,MEDICAL_EMERGENCY,YES,1
APP_001285,40,SALARIED_GOVT,20.00,254707.30,2049775.45,60,0.67,631,0,MEDICAL_EMERGENCY,YES,1
APP_001286,27,SALARIED_MNC,11.90,172830.51,697029.73,84,0.43,586,0,EDUCATION,YES,1
APP_001287,52,SALARIED_GOVT,11.70,205683.95,1890360.50,120,0.71,778,4,DEBT_CONSOLIDATION,YES,1
APP_001288,44,CONTRACTUAL,1.10,229910.35,768040.66,36,0.45,734,4,DEBT_CONSOLIDATION,NO,0
APP_001289,55,SELF_EMPLOYED_PROFESSIONAL,5.50,164768.36,1878076.46,84,0.63,817,2,DEBT_CONSOLIDATION,NO,1
APP_001290,43,CONTRACTUAL,13.40,106174.37,416326.09,48,0.55,823,2,VEHICLE_PURCHASE,NO,0
APP_001291,22,SALARIED_MNC,15.70,319313.49,753505.21,84,0.21,791,3,DEBT_CONSOLIDATION,NO,0
APP_001292,23,BUSINESS_OWNER,1.50,259510.22,300334.64,36,0.52,762,4,MEDICAL_EMERGENCY,YES,0
APP_001293,39,BUSINESS_OWNER,15.00,285181.32,1340758.50,84,0.66,814,2,HOME_RENOVATION,NO,1
APP_001294,47,SELF_EMPLOYED_PROFESSIONAL,20.60,249068.64,541246.03,120,0.48,613,0,DEBT_CONSOLIDATION,YES,1
APP_001295,49,CONTRACTUAL,24.20,344484.27,992565.76,36,0.45,743,1,MEDICAL_EMERGENCY,NO,0
APP_001296,62,BUSINESS_OWNER,2.70,304020.81,1969131.48,24,0.21,836,0,HOME_RENOVATION,YES,0
APP_001297,37,SALARIED_MNC,12.90,52245.13,674176.22,12,0.66,601,4,BUSINESS_EXPANSION,YES,1
APP_001298,53,BUSINESS_OWNER,5.10,341526.53,140284.95,12,0.15,697,5,VEHICLE_PURCHASE,NO,0
APP_001299,60,BUSINESS_OWNER,15.60,322462.65,243778.87,60,0.26,698,0,DEBT_CONSOLIDATION,NO,0
APP_001300,41,SELF_EMPLOYED_PROFESSIONAL,18.10,194692.42,338442.81,120,0.73,737,3,EDUCATION,NO,1
APP_001301,47,CONTRACTUAL,23.10,317415.08,1553298.93,48,0.67,756,1,MEDICAL_EMERGENCY,NO,1
APP_001302,29,BUSINESS_OWNER,3.70,238833.00,1949026.60,12,0.70,655,0,EDUCATION,NO,1
APP_001303,48,SELF_EMPLOYED_PROFESSIONAL,17.40,139458.63,1561582.41,24,0.70,607,4,HOME_RENOVATION,NO,1
APP_001304,60,CONTRACTUAL,16.30,229506.27,1268468.17,24,0.24,664,4,VEHICLE_PURCHASE,YES,0
APP_001305,25,SALARIED_GOVT,9.90,107921.38,927025.22,24,0.31,842,2,DEBT_CONSOLIDATION,NO,0
APP_001306,42,SALARIED_MNC,10.40,250822.54,56981.51,24,0.23,700,0,BUSINESS_EXPANSION,NO,0
APP_001307,39,CONTRACTUAL,14.90,301555.89,111530.17,36,0.74,733,1,EDUCATION,NO,1
APP_001308,61,SELF_EMPLOYED_PROFESSIONAL,24.40,245803.59,778752.16,48,0.33,703,3,EDUCATION,YES,0
APP_001309,33,SELF_EMPLOYED_PROFESSIONAL,6.30,169529.17,387620.16,12,0.24,634,4,HOME_RENOVATION,NO,1
APP_001310,56,BUSINESS_OWNER,0.90,225766.19,1659203.74,120,0.52,723,3,EDUCATION,YES,0
APP_001311,44,SALARIED_GOVT,12.70,202207.71,518786.33,36,0.23,780,4,MEDICAL_EMERGENCY,NO,0
APP_001312,48,SALARIED_MNC,0.70,59359.33,333700.81,48,0.42,704,0,DEBT_CONSOLIDATION,NO,0
APP_001313,45,BUSINESS_OWNER,2.30,109408.08,657593.53,60,0.70,576,5,MEDICAL_EMERGENCY,YES,1
APP_001314,58,SALARIED_MNC,14.70,336432.61,1387093.81,36,0.37,676,4,MEDICAL_EMERGENCY,YES,0
APP_001315,47,SELF_EMPLOYED_PROFESSIONAL,20.60,210900.94,1438981.51,12,0.45,613,3,HOME_RENOVATION,NO,1
APP_001316,59,SALARIED_GOVT,17.80,154071.59,1386238.17,12,0.69,661,1,HOME_RENOVATION,YES,1
APP_001317,60,SALARIED_GOVT,11.70,25190.57,2019766.65,60,0.58,676,4,BUSINESS_EXPANSION,YES,1
APP_001318,54,SALARIED_GOVT,18.00,67368.80,1290293.84,120,0.28,596,3,DEBT_CONSOLIDATION,YES,1
APP_001319,33,SELF_EMPLOYED_PROFESSIONAL,16.90,227863.29,123587.27,12,0.68,733,5,DEBT_CONSOLIDATION,YES,1
APP_001320,26,SALARIED_GOVT,7.80,134018.25,1276825.63,36,0.47,605,4,HOME_RENOVATION,NO,1
APP_001321,35,BUSINESS_OWNER,15.80,59997.82,1409381.39,24,0.58,687,2,HOME_RENOVATION,NO,1
APP_001322,25,SALARIED_GOVT,1.10,52591.50,404336.46,48,0.32,674,0,VEHICLE_PURCHASE,NO,0
APP_001323,60,SELF_EMPLOYED_PROFESSIONAL,12.00,344696.31,1999378.51,12,0.16,626,3,VEHICLE_PURCHASE,YES,1
APP_001324,45,SELF_EMPLOYED_PROFESSIONAL,23.50,321955.46,1613817.45,120,0.41,631,4,MEDICAL_EMERGENCY,YES,1
APP_001325,26,CONTRACTUAL,9.30,309679.23,427418.21,84,0.69,836,5,VEHICLE_PURCHASE,NO,1
APP_001326,33,BUSINESS_OWNER,11.20,162332.76,958169.69,84,0.19,617,0,EDUCATION,NO,1
APP_001327,53,SELF_EMPLOYED_PROFESSIONAL,8.40,120359.23,1867655.07,24,0.72,803,5,DEBT_CONSOLIDATION,YES,1
APP_001328,42,SELF_EMPLOYED_PROFESSIONAL,12.90,220063.74,2361824.10,60,0.15,775,4,VEHICLE_PURCHASE,NO,0
APP_001329,21,SALARIED_GOVT,3.80,162874.52,1564135.92,36,0.13,713,3,BUSINESS_EXPANSION,NO,0
APP_001330,58,SALARIED_MNC,0.60,217316.04,2296383.34,48,0.65,801,0,EDUCATION,YES,1
APP_001331,31,SALARIED_GOVT,13.90,209434.78,817481.79,48,0.42,708,1,MEDICAL_EMERGENCY,NO,0
APP_001332,57,BUSINESS_OWNER,19.00,227451.65,1081576.70,24,0.40,572,1,DEBT_CONSOLIDATION,NO,1
APP_001333,54,CONTRACTUAL,13.20,255087.05,1471796.30,48,0.48,654,4,DEBT_CONSOLIDATION,NO,0
APP_001334,58,SALARIED_GOVT,11.90,337593.61,341489.85,24,0.54,847,5,HOME_RENOVATION,NO,0
APP_001335,41,CONTRACTUAL,0.90,270806.29,743035.72,12,0.30,632,2,EDUCATION,NO,1
APP_001336,48,BUSINESS_OWNER,2.10,275193.94,2057616.85,120,0.68,786,2,HOME_RENOVATION,NO,1
APP_001337,37,SALARIED_MNC,17.60,296516.54,1807888.60,84,0.29,637,2,BUSINESS_EXPANSION,NO,1
APP_001338,61,SALARIED_MNC,19.80,207591.09,728893.21,48,0.63,630,0,EDUCATION,NO,1
APP_001339,35,BUSINESS_OWNER,24.60,39255.76,1138175.67,12,0.31,664,0,BUSINESS_EXPANSION,YES,1
APP_001340,48,BUSINESS_OWNER,5.90,169906.67,1872998.29,48,0.37,675,4,MEDICAL_EMERGENCY,NO,0
APP_001341,22,CONTRACTUAL,15.30,180375.04,1224511.06,120,0.39,697,3,VEHICLE_PURCHASE,NO,0
APP_001342,46,SELF_EMPLOYED_PROFESSIONAL,2.60,322826.36,1336384.18,24,0.24,850,5,VEHICLE_PURCHASE,YES,0
APP_001343,59,CONTRACTUAL,22.50,124408.33,1923274.66,120,0.22,818,4,MEDICAL_EMERGENCY,YES,0
APP_001344,27,CONTRACTUAL,2.10,124016.55,2474963.41,48,0.31,827,3,HOME_RENOVATION,YES,0
APP_001345,31,SALARIED_GOVT,2.20,81496.53,1932076.87,24,0.34,552,4,VEHICLE_PURCHASE,YES,1
APP_001346,37,SELF_EMPLOYED_PROFESSIONAL,20.80,328143.10,312855.34,120,0.34,775,3,MEDICAL_EMERGENCY,YES,0
APP_001347,47,SALARIED_MNC,2.50,243742.35,694597.19,12,0.14,847,3,VEHICLE_PURCHASE,YES,0
APP_001348,41,SALARIED_MNC,21.40,244677.25,1181267.42,24,0.57,803,2,VEHICLE_PURCHASE,NO,1
APP_001349,33,SALARIED_GOVT,2.40,268097.14,2144570.12,120,0.35,831,4,VEHICLE_PURCHASE,YES,0
APP_001350,27,SELF_EMPLOYED_PROFESSIONAL,3.20,283679.13,787245.62,48,0.62,559,1,BUSINESS_EXPANSION,NO,1
APP_001351,25,SALARIED_GOVT,22.70,201795.95,848772.62,24,0.24,619,0,MEDICAL_EMERGENCY,NO,1
APP_001352,36,SALARIED_GOVT,21.70,60867.86,1434720.78,84,0.13,560,0,VEHICLE_PURCHASE,NO,1
APP_001353,29,SELF_EMPLOYED_PROFESSIONAL,8.10,132432.21,527500.70,60,0.58,843,1,MEDICAL_EMERGENCY,YES,1
APP_001354,30,BUSINESS_OWNER,22.10,178142.50,2270588.15,60,0.68,845,4,EDUCATION,NO,1
APP_001355,31,SELF_EMPLOYED_PROFESSIONAL,2.90,42665.62,976195.83,36,0.64,737,0,VEHICLE_PURCHASE,NO,1
APP_001356,58,CONTRACTUAL,1.90,172358.21,987639.81,84,0.58,752,2,MEDICAL_EMERGENCY,YES,1
APP_001357,27,SALARIED_MNC,21.80,200454.44,329512.84,120,0.57,774,0,BUSINESS_EXPANSION,YES,1
APP_001358,58,SALARIED_GOVT,13.40,330356.77,2156913.80,36,0.43,667,1,HOME_RENOVATION,YES,0
APP_001359,62,SALARIED_MNC,16.30,73137.92,1653964.62,84,0.75,778,2,DEBT_CONSOLIDATION,YES,1
APP_001360,62,SALARIED_GOVT,14.70,57331.39,986592.57,60,0.37,751,5,HOME_RENOVATION,NO,0
APP_001361,50,SELF_EMPLOYED_PROFESSIONAL,10.20,75368.26,2199519.49,36,0.18,786,3,EDUCATION,NO,0
APP_001362,42,SELF_EMPLOYED_PROFESSIONAL,13.90,275790.82,1934041.37,48,0.71,750,4,MEDICAL_EMERGENCY,NO,1
APP_001363,39,CONTRACTUAL,5.40,334335.04,2465140.96,24,0.49,599,0,HOME_RENOVATION,NO,1
APP_001364,35,SALARIED_MNC,17.70,258449.66,1861590.09,120,0.47,567,2,HOME_RENOVATION,NO,1
APP_001365,38,CONTRACTUAL,13.20,147188.04,700727.90,60,0.69,773,0,MEDICAL_EMERGENCY,YES,1
APP_001366,50,SALARIED_MNC,11.80,228427.14,1568426.51,120,0.46,673,1,DEBT_CONSOLIDATION,YES,0
APP_001367,44,SALARIED_MNC,24.30,31070.07,2307965.23,12,0.51,589,5,EDUCATION,YES,1
APP_001368,46,CONTRACTUAL,7.20,223118.45,839447.31,120,0.50,722,0,BUSINESS_EXPANSION,YES,0
APP_001369,25,SALARIED_GOVT,21.00,255697.84,2282899.54,36,0.60,711,1,EDUCATION,NO,1
APP_001370,58,SELF_EMPLOYED_PROFESSIONAL,24.90,230933.02,2017303.59,120,0.26,633,4,EDUCATION,NO,1
APP_001371,61,SELF_EMPLOYED_PROFESSIONAL,14.40,212121.46,279662.28,36,0.27,728,2,HOME_RENOVATION,NO,0
APP_001372,50,SALARIED_MNC,24.40,326800.31,651631.20,48,0.33,705,3,HOME_RENOVATION,YES,0
APP_001373,50,SALARIED_MNC,8.80,134229.39,2258674.56,60,0.27,625,4,MEDICAL_EMERGENCY,YES,1
APP_001374,44,SALARIED_MNC,6.30,66549.10,1773619.18,84,0.11,552,0,BUSINESS_EXPANSION,YES,1
APP_001375,31,SELF_EMPLOYED_PROFESSIONAL,5.30,222612.50,2039635.53,24,0.69,775,1,BUSINESS_EXPANSION,YES,1
APP_001376,23,SELF_EMPLOYED_PROFESSIONAL,10.80,58766.00,727211.28,12,0.15,720,2,VEHICLE_PURCHASE,NO,0
APP_001377,60,CONTRACTUAL,19.30,51510.34,1846064.48,12,0.46,717,0,HOME_RENOVATION,YES,0
APP_001378,27,SALARIED_MNC,11.40,109025.75,673185.30,120,0.69,632,3,DEBT_CONSOLIDATION,YES,1
APP_001379,60,BUSINESS_OWNER,11.80,236254.53,1056083.47,120,0.28,554,1,EDUCATION,NO,1
APP_001380,25,BUSINESS_OWNER,10.10,91616.44,2165513.19,60,0.44,740,2,EDUCATION,YES,0
APP_001381,47,CONTRACTUAL,21.50,272675.99,1980384.88,60,0.50,689,4,HOME_RENOVATION,NO,0
APP_001382,28,SELF_EMPLOYED_PROFESSIONAL,17.10,165331.61,1925632.04,48,0.22,744,5,MEDICAL_EMERGENCY,NO,0
APP_001383,31,SALARIED_MNC,10.10,251711.52,1524671.13,24,0.46,576,0,DEBT_CONSOLIDATION,NO,1
APP_001384,45,SALARIED_GOVT,9.00,305233.16,1101938.93,24,0.54,563,5,DEBT_CONSOLIDATION,YES,1
APP_001385,46,SALARIED_GOVT,8.90,272805.94,1443949.77,84,0.12,742,2,BUSINESS_EXPANSION,YES,0
APP_001386,23,SALARIED_MNC,20.50,321943.95,2015001.57,120,0.49,751,5,MEDICAL_EMERGENCY,YES,0
APP_001387,61,CONTRACTUAL,13.10,154035.89,2462791.44,24,0.42,811,1,BUSINESS_EXPANSION,NO,0
APP_001388,47,SALARIED_MNC,20.30,72687.46,634058.49,84,0.13,795,5,BUSINESS_EXPANSION,NO,0
APP_001389,26,SALARIED_MNC,17.00,228270.84,688096.61,36,0.34,558,4,VEHICLE_PURCHASE,YES,1
APP_001390,45,SELF_EMPLOYED_PROFESSIONAL,3.60,77826.42,786744.79,48,0.11,770,5,HOME_RENOVATION,YES,0
APP_001391,60,CONTRACTUAL,13.00,290515.84,2270144.18,120,0.68,592,5,HOME_RENOVATION,NO,1
APP_001392,55,SELF_EMPLOYED_PROFESSIONAL,17.90,138215.72,1469196.65,24,0.44,783,3,VEHICLE_PURCHASE,NO,0
APP_001393,24,CONTRACTUAL,18.70,41395.83,2197514.58,48,0.49,587,0,VEHICLE_PURCHASE,NO,1
APP_001394,42,SELF_EMPLOYED_PROFESSIONAL,0.50,186412.97,638374.28,60,0.26,570,3,HOME_RENOVATION,NO,1
APP_001395,27,BUSINESS_OWNER,16.10,337226.10,145268.37,48,0.72,730,2,BUSINESS_EXPANSION,YES,1
APP_001396,21,SALARIED_GOVT,22.00,181807.60,685090.96,36,0.72,807,2,DEBT_CONSOLIDATION,NO,1
APP_001397,44,BUSINESS_OWNER,4.80,94096.27,1499685.23,60,0.26,810,0,VEHICLE_PURCHASE,NO,0
APP_001398,45,CONTRACTUAL,20.70,236370.08,2076997.58,24,0.12,609,0,DEBT_CONSOLIDATION,NO,1
APP_001399,57,SALARIED_MNC,21.30,161507.25,1659032.38,24,0.44,754,2,EDUCATION,YES,0
APP_001400,38,SALARIED_MNC,4.70,76703.96,2118798.37,48,0.42,583,1,MEDICAL_EMERGENCY,YES,1
APP_001401,50,SALARIED_GOVT,13.60,174918.71,274894.69,84,0.20,774,5,EDUCATION,YES,0
APP_001402,60,SELF_EMPLOYED_PROFESSIONAL,22.90,61318.61,2403346.56,48,0.49,812,3,MEDICAL_EMERGENCY,NO,0
APP_001403,49,CONTRACTUAL,5.60,180824.54,1150198.05,24,0.68,718,5,VEHICLE_PURCHASE,NO,1
APP_001404,35,SELF_EMPLOYED_PROFESSIONAL,13.80,168256.97,964659.18,84,0.32,742,1,MEDICAL_EMERGENCY,YES,0
APP_001405,39,SELF_EMPLOYED_PROFESSIONAL,21.40,182655.65,738565.79,120,0.59,683,5,EDUCATION,YES,1
APP_001406,49,BUSINESS_OWNER,3.60,232352.69,385756.49,24,0.28,823,5,DEBT_CONSOLIDATION,NO,0
APP_001407,40,SALARIED_MNC,19.50,302672.93,945239.21,24,0.23,570,3,EDUCATION,YES,1
APP_001408,45,CONTRACTUAL,5.70,311416.72,1374580.74,60,0.25,711,4,MEDICAL_EMERGENCY,YES,0
APP_001409,57,CONTRACTUAL,11.40,94074.87,1306483.19,48,0.32,785,4,DEBT_CONSOLIDATION,YES,0
APP_001410,62,SELF_EMPLOYED_PROFESSIONAL,4.30,207787.85,2335702.05,12,0.27,669,3,EDUCATION,NO,0
APP_001411,36,SALARIED_GOVT,16.40,337116.38,1818789.13,120,0.52,607,0,MEDICAL_EMERGENCY,NO,1
APP_001412,29,SALARIED_GOVT,23.90,225569.61,1583483.48,60,0.25,683,3,VEHICLE_PURCHASE,NO,0
APP_001413,31,CONTRACTUAL,10.90,322123.41,1554809.32,24,0.26,709,0,EDUCATION,NO,0
APP_001414,32,BUSINESS_OWNER,24.70,235209.18,2430125.89,84,0.33,654,1,HOME_RENOVATION,NO,0
APP_001415,59,CONTRACTUAL,9.20,307463.77,1083222.08,84,0.31,733,3,EDUCATION,YES,0
APP_001416,39,SELF_EMPLOYED_PROFESSIONAL,23.20,35264.49,1749257.31,24,0.19,797,4,MEDICAL_EMERGENCY,NO,1
APP_001417,48,SALARIED_GOVT,19.50,349966.79,1752938.71,12,0.19,568,0,VEHICLE_PURCHASE,YES,1
APP_001418,61,BUSINESS_OWNER,18.90,184996.62,242876.34,84,0.70,618,3,MEDICAL_EMERGENCY,NO,1
APP_001419,44,SALARIED_MNC,22.90,342952.32,1624738.20,60,0.36,828,1,DEBT_CONSOLIDATION,YES,0
APP_001420,44,SALARIED_GOVT,17.70,173254.58,1306146.67,36,0.39,724,0,DEBT_CONSOLIDATION,YES,0
APP_001421,62,CONTRACTUAL,10.20,98893.82,1067752.56,84,0.13,736,2,VEHICLE_PURCHASE,NO,0
APP_001422,22,BUSINESS_OWNER,14.80,43055.97,2389603.19,12,0.35,635,4,DEBT_CONSOLIDATION,YES,1
APP_001423,40,CONTRACTUAL,22.50,71802.54,1477234.35,84,0.28,631,4,BUSINESS_EXPANSION,NO,1
APP_001424,38,CONTRACTUAL,3.00,61593.43,2110898.45,48,0.25,633,2,EDUCATION,YES,1
APP_001425,54,SELF_EMPLOYED_PROFESSIONAL,4.00,209144.73,2398345.23,120,0.35,582,1,VEHICLE_PURCHASE,YES,1
APP_001426,51,SALARIED_GOVT,21.10,318414.64,687602.61,120,0.27,608,2,EDUCATION,YES,1
APP_001427,53,SALARIED_MNC,20.10,156932.70,1827307.61,84,0.53,618,3,DEBT_CONSOLIDATION,NO,1
APP_001428,31,SALARIED_GOVT,20.20,305329.67,442911.76,12,0.59,802,5,MEDICAL_EMERGENCY,NO,1
APP_001429,28,BUSINESS_OWNER,1.50,235165.38,2270375.37,36,0.70,813,3,HOME_RENOVATION,NO,1
APP_001430,59,BUSINESS_OWNER,4.00,236577.31,224211.46,60,0.64,807,0,VEHICLE_PURCHASE,YES,1
APP_001431,40,CONTRACTUAL,0.80,302392.15,1711585.71,84,0.72,788,1,EDUCATION,NO,1
APP_001432,52,SELF_EMPLOYED_PROFESSIONAL,12.70,230749.60,604516.76,36,0.46,688,2,EDUCATION,NO,0
APP_001433,43,BUSINESS_OWNER,23.10,26156.98,789341.65,60,0.71,558,0,EDUCATION,YES,1
APP_001434,34,BUSINESS_OWNER,10.70,60493.17,1752693.60,48,0.22,766,1,MEDICAL_EMERGENCY,NO,0
APP_001435,23,SALARIED_MNC,10.70,133882.42,2184869.93,60,0.24,744,4,HOME_RENOVATION,YES,0
APP_001436,57,CONTRACTUAL,16.60,198664.17,2369889.23,60,0.52,791,3,VEHICLE_PURCHASE,YES,0
APP_001437,58,BUSINESS_OWNER,19.70,256131.54,1282472.15,24,0.43,712,4,HOME_RENOVATION,YES,0
APP_001438,59,SALARIED_GOVT,1.90,240974.80,1782009.70,84,0.27,651,5,HOME_RENOVATION,YES,0
APP_001439,30,SALARIED_MNC,0.90,30897.10,2189906.83,36,0.12,683,3,HOME_RENOVATION,YES,1
APP_001440,40,BUSINESS_OWNER,9.70,184817.14,160309.40,120,0.11,691,2,HOME_RENOVATION,NO,0
APP_001441,36,SELF_EMPLOYED_PROFESSIONAL,19.50,177730.72,731885.58,24,0.31,715,2,VEHICLE_PURCHASE,YES,0
APP_001442,59,BUSINESS_OWNER,14.90,225226.51,1850134.25,12,0.50,554,0,HOME_RENOVATION,YES,1
APP_001443,30,SALARIED_MNC,9.10,183516.89,1386831.54,36,0.46,571,4,HOME_RENOVATION,NO,1
APP_001444,52,SELF_EMPLOYED_PROFESSIONAL,4.90,58363.87,2252932.02,120,0.46,652,3,HOME_RENOVATION,NO,0
APP_001445,26,SALARIED_GOVT,23.40,280915.19,274483.47,120,0.67,684,0,BUSINESS_EXPANSION,YES,1
APP_001446,59,BUSINESS_OWNER,23.40,110464.34,420524.18,12,0.34,806,0,DEBT_CONSOLIDATION,NO,0
APP_001447,29,BUSINESS_OWNER,11.50,39305.80,2063317.75,84,0.74,627,0,BUSINESS_EXPANSION,YES,1
APP_001448,34,BUSINESS_OWNER,19.50,94345.79,1811261.61,60,0.33,762,2,HOME_RENOVATION,YES,0
APP_001449,47,SALARIED_MNC,16.20,61606.92,1880414.52,120,0.63,685,3,MEDICAL_EMERGENCY,NO,1
APP_001450,41,SALARIED_GOVT,11.10,76859.52,169771.58,120,0.65,712,0,VEHICLE_PURCHASE,NO,1
APP_001451,47,SELF_EMPLOYED_PROFESSIONAL,11.80,277750.64,840074.85,120,0.21,790,4,MEDICAL_EMERGENCY,YES,0
APP_001452,22,SALARIED_GOVT,8.70,175549.90,827511.34,60,0.56,566,2,VEHICLE_PURCHASE,NO,1
APP_001453,32,CONTRACTUAL,15.10,228556.86,1838311.46,48,0.43,643,2,BUSINESS_EXPANSION,NO,0
APP_001454,33,CONTRACTUAL,5.70,208189.81,1593802.18,48,0.68,571,2,HOME_RENOVATION,YES,1
APP_001455,55,BUSINESS_OWNER,9.90,101679.81,2234951.95,60,0.32,838,5,BUSINESS_EXPANSION,YES,0
APP_001456,56,BUSINESS_OWNER,1.80,86669.11,553377.11,24,0.58,657,2,MEDICAL_EMERGENCY,NO,1
APP_001457,53,CONTRACTUAL,2.70,42216.74,605528.73,60,0.69,596,3,BUSINESS_EXPANSION,NO,1
APP_001458,25,SELF_EMPLOYED_PROFESSIONAL,7.50,243580.85,2497372.96,24,0.52,841,0,BUSINESS_EXPANSION,NO,0
APP_001459,26,SALARIED_GOVT,8.80,129771.38,2446201.24,84,0.18,554,2,DEBT_CONSOLIDATION,NO,1
APP_001460,40,BUSINESS_OWNER,4.60,78444.77,2397967.32,60,0.27,719,4,EDUCATION,YES,0
APP_001461,44,SELF_EMPLOYED_PROFESSIONAL,2.50,245982.18,2428877.83,24,0.50,770,3,EDUCATION,YES,0
APP_001462,33,BUSINESS_OWNER,19.70,209950.51,2431722.87,60,0.11,762,5,MEDICAL_EMERGENCY,NO,0
APP_001463,62,SALARIED_MNC,13.00,184771.48,1346173.02,36,0.17,665,2,DEBT_CONSOLIDATION,NO,0
APP_001464,57,SELF_EMPLOYED_PROFESSIONAL,4.40,57445.79,2141252.61,84,0.72,588,5,BUSINESS_EXPANSION,YES,1
APP_001465,52,SELF_EMPLOYED_PROFESSIONAL,20.60,248337.44,1060081.58,48,0.11,564,3,BUSINESS_EXPANSION,YES,1
APP_001466,54,BUSINESS_OWNER,19.00,313753.72,2260711.33,84,0.32,750,5,VEHICLE_PURCHASE,NO,0
APP_001467,21,SELF_EMPLOYED_PROFESSIONAL,16.80,271464.68,274681.19,48,0.57,567,2,EDUCATION,NO,1
APP_001468,35,BUSINESS_OWNER,21.10,153383.71,2033157.58,60,0.46,743,1,VEHICLE_PURCHASE,NO,0
APP_001469,27,SELF_EMPLOYED_PROFESSIONAL,19.60,169737.43,2267805.08,60,0.36,680,3,EDUCATION,NO,0
APP_001470,34,CONTRACTUAL,22.20,172953.98,1517545.23,60,0.68,790,1,VEHICLE_PURCHASE,YES,1
APP_001471,30,SALARIED_GOVT,14.10,249898.07,1518763.72,120,0.70,671,1,BUSINESS_EXPANSION,NO,1
APP_001472,60,SELF_EMPLOYED_PROFESSIONAL,15.10,164614.82,75175.44,24,0.72,698,4,DEBT_CONSOLIDATION,NO,1
APP_001473,60,CONTRACTUAL,24.50,170631.52,779000.16,12,0.59,577,5,VEHICLE_PURCHASE,NO,1
APP_001474,46,BUSINESS_OWNER,20.20,100512.95,615414.15,120,0.61,664,5,VEHICLE_PURCHASE,YES,1
APP_001475,29,SALARIED_GOVT,4.80,65394.06,1812193.85,24,0.34,685,4,BUSINESS_EXPANSION,NO,0
APP_001476,59,CONTRACTUAL,8.80,287427.65,1795441.10,84,0.46,555,4,DEBT_CONSOLIDATION,NO,1
APP_001477,26,BUSINESS_OWNER,9.60,263648.25,1602813.66,12,0.50,700,1,DEBT_CONSOLIDATION,NO,0
APP_001478,58,SELF_EMPLOYED_PROFESSIONAL,11.90,210036.17,1233630.30,36,0.36,744,3,EDUCATION,YES,0
APP_001479,49,SALARIED_MNC,17.00,156652.76,2131870.33,84,0.17,750,1,BUSINESS_EXPANSION,YES,0
APP_001480,40,BUSINESS_OWNER,20.80,33491.56,503692.90,36,0.15,746,5,VEHICLE_PURCHASE,NO,1
APP_001481,46,CONTRACTUAL,1.80,62038.07,1522517.74,48,0.31,606,1,BUSINESS_EXPANSION,YES,1
APP_001482,28,SELF_EMPLOYED_PROFESSIONAL,23.30,133356.90,926711.41,36,0.55,688,3,HOME_RENOVATION,YES,0
APP_001483,41,SALARIED_MNC,19.20,265881.01,2125823.76,120,0.65,668,5,EDUCATION,YES,1
APP_001484,33,SALARIED_MNC,15.20,329954.28,1331605.36,120,0.65,578,1,DEBT_CONSOLIDATION,NO,1
APP_001485,57,BUSINESS_OWNER,10.80,147040.84,283936.62,12,0.12,838,4,DEBT_CONSOLIDATION,YES,0
APP_001486,29,SELF_EMPLOYED_PROFESSIONAL,18.30,255658.97,978639.80,12,0.50,607,2,HOME_RENOVATION,YES,1
APP_001487,32,SALARIED_MNC,17.90,127948.35,240295.44,60,0.59,725,0,MEDICAL_EMERGENCY,YES,1
APP_001488,41,SALARIED_GOVT,7.00,68867.84,315292.50,24,0.65,661,4,MEDICAL_EMERGENCY,NO,1
APP_001489,26,SALARIED_GOVT,24.20,78861.04,875422.15,48,0.59,818,4,VEHICLE_PURCHASE,YES,1
APP_001490,58,SELF_EMPLOYED_PROFESSIONAL,7.50,209935.11,2423984.78,84,0.52,644,0,HOME_RENOVATION,NO,0
APP_001491,42,CONTRACTUAL,15.90,208605.69,1760994.07,120,0.34,615,2,EDUCATION,NO,1
APP_001492,38,SALARIED_GOVT,22.00,204217.24,363367.32,120,0.32,698,2,DEBT_CONSOLIDATION,NO,0
APP_001493,58,SALARIED_GOVT,22.80,70202.64,1195022.86,84,0.52,615,3,DEBT_CONSOLIDATION,YES,1
APP_001494,24,CONTRACTUAL,6.00,189036.71,1957672.73,60,0.66,583,5,MEDICAL_EMERGENCY,NO,1
APP_001495,52,SELF_EMPLOYED_PROFESSIONAL,23.90,105492.75,149878.07,120,0.50,701,1,HOME_RENOVATION,YES,0
APP_001496,22,SALARIED_GOVT,5.00,269386.96,1421316.00,48,0.51,621,0,HOME_RENOVATION,YES,1
APP_001497,58,SALARIED_MNC,10.00,34537.39,1886768.60,36,0.41,803,0,DEBT_CONSOLIDATION,NO,1
APP_001498,34,CONTRACTUAL,16.20,273194.20,2450585.25,120,0.26,585,2,HOME_RENOVATION,YES,1
APP_001499,56,SALARIED_GOVT,22.50,231171.16,195980.35,36,0.16,744,3,VEHICLE_PURCHASE,NO,0
APP_001500,26,SALARIED_GOVT,14.70,29156.94,1833476.91,60,0.38,648,3,MEDICAL_EMERGENCY,NO,1
APP_001501,43,SELF_EMPLOYED_PROFESSIONAL,14.40,328937.52,1212435.01,24,0.52,574,0,EDUCATION,NO,1
APP_001502,56,SALARIED_GOVT,7.20,57735.77,194548.86,24,0.51,809,1,MEDICAL_EMERGENCY,NO,0
APP_001503,49,SALARIED_GOVT,9.10,253053.88,1898517.81,48,0.39,620,4,VEHICLE_PURCHASE,NO,1
APP_001504,38,SALARIED_MNC,11.30,257376.33,929854.66,60,0.37,585,0,BUSINESS_EXPANSION,NO,1
APP_001505,29,SALARIED_MNC,4.20,332314.19,75489.68,12,0.12,807,0,EDUCATION,YES,0
APP_001506,51,SALARIED_MNC,19.10,63725.60,1876737.96,12,0.16,770,0,EDUCATION,YES,0
APP_001507,62,SALARIED_GOVT,22.80,263716.98,565389.95,12,0.18,655,5,DEBT_CONSOLIDATION,NO,0
APP_001508,51,CONTRACTUAL,21.30,81488.36,2065826.25,84,0.66,788,2,HOME_RENOVATION,YES,1
APP_001509,58,SELF_EMPLOYED_PROFESSIONAL,10.00,220676.63,1011461.52,84,0.68,776,5,EDUCATION,NO,1
APP_001510,62,SELF_EMPLOYED_PROFESSIONAL,22.20,174514.57,1334416.40,48,0.17,747,4,EDUCATION,NO,0
APP_001511,42,SALARIED_GOVT,19.50,213855.52,368245.08,24,0.31,583,2,MEDICAL_EMERGENCY,NO,1
APP_001512,47,BUSINESS_OWNER,10.00,129559.15,695358.04,120,0.34,646,2,HOME_RENOVATION,YES,0
APP_001513,53,SALARIED_GOVT,14.60,291806.18,1742634.68,48,0.23,646,3,BUSINESS_EXPANSION,NO,0
APP_001514,41,CONTRACTUAL,2.70,283050.33,50041.04,120,0.26,603,0,VEHICLE_PURCHASE,YES,1
APP_001515,50,SELF_EMPLOYED_PROFESSIONAL,3.20,314248.21,2080778.57,36,0.37,766,5,EDUCATION,NO,0
APP_001516,23,SELF_EMPLOYED_PROFESSIONAL,12.20,325579.00,191650.45,60,0.69,741,1,DEBT_CONSOLIDATION,YES,1
APP_001517,36,SELF_EMPLOYED_PROFESSIONAL,21.20,170778.96,129909.80,60,0.20,799,1,HOME_RENOVATION,YES,0
APP_001518,30,SALARIED_GOVT,15.50,340110.24,2048956.11,48,0.40,765,1,BUSINESS_EXPANSION,YES,0
APP_001519,57,BUSINESS_OWNER,23.80,221351.76,1939009.99,48,0.33,603,2,HOME_RENOVATION,YES,1
APP_001520,58,SELF_EMPLOYED_PROFESSIONAL,23.60,164742.53,1000890.44,60,0.21,748,0,EDUCATION,YES,0
APP_001521,61,CONTRACTUAL,14.10,282652.47,2049342.19,84,0.60,578,4,VEHICLE_PURCHASE,YES,1
APP_001522,45,SALARIED_GOVT,14.20,56843.75,2028072.22,12,0.41,757,1,HOME_RENOVATION,NO,0
APP_001523,59,SALARIED_GOVT,20.30,213532.64,549053.94,48,0.31,634,3,BUSINESS_EXPANSION,YES,1
APP_001524,58,SELF_EMPLOYED_PROFESSIONAL,17.70,181216.41,2222448.19,120,0.37,588,5,HOME_RENOVATION,YES,1
APP_001525,37,SALARIED_MNC,17.90,258168.38,161579.02,24,0.20,817,1,MEDICAL_EMERGENCY,YES,0
APP_001526,35,SALARIED_GOVT,14.80,28958.28,397660.05,60,0.63,703,4,DEBT_CONSOLIDATION,YES,1
APP_001527,53,CONTRACTUAL,12.00,240495.95,1084554.51,60,0.18,669,0,BUSINESS_EXPANSION,YES,0
APP_001528,49,SALARIED_MNC,3.40,68879.98,55386.47,12,0.30,641,2,BUSINESS_EXPANSION,NO,0
APP_001529,53,SALARIED_MNC,17.90,174915.56,884869.53,12,0.42,810,4,DEBT_CONSOLIDATION,YES,0
APP_001530,42,BUSINESS_OWNER,17.50,277559.11,1403781.74,84,0.70,756,4,DEBT_CONSOLIDATION,YES,1
APP_001531,34,SALARIED_GOVT,4.10,226610.44,357730.30,36,0.34,664,5,EDUCATION,NO,0
APP_001532,28,SALARIED_MNC,12.80,312793.40,1036955.88,36,0.10,685,2,HOME_RENOVATION,NO,0
APP_001533,45,SALARIED_MNC,22.10,120696.19,2417922.24,84,0.73,633,5,BUSINESS_EXPANSION,NO,1
APP_001534,27,SALARIED_GOVT,24.40,220495.75,2351441.24,60,0.41,570,4,BUSINESS_EXPANSION,YES,1
APP_001535,53,SALARIED_MNC,6.40,35265.97,1474767.21,12,0.69,770,4,VEHICLE_PURCHASE,NO,1
APP_001536,45,SELF_EMPLOYED_PROFESSIONAL,20.80,305752.90,362352.06,36,0.45,577,3,EDUCATION,NO,1
APP_001537,43,SALARIED_MNC,22.10,238902.84,1880300.78,120,0.67,585,3,HOME_RENOVATION,YES,1
APP_001538,29,BUSINESS_OWNER,11.90,346732.28,218775.69,60,0.69,763,3,DEBT_CONSOLIDATION,NO,1
APP_001539,31,CONTRACTUAL,7.30,335287.26,1564905.86,84,0.23,666,4,VEHICLE_PURCHASE,NO,0
APP_001540,28,SALARIED_MNC,7.40,214047.25,1255584.03,120,0.33,840,3,HOME_RENOVATION,NO,0
APP_001541,55,SELF_EMPLOYED_PROFESSIONAL,14.90,204394.29,2274764.44,12,0.75,550,5,VEHICLE_PURCHASE,NO,1
APP_001542,30,CONTRACTUAL,14.90,179286.56,315095.89,24,0.39,817,4,MEDICAL_EMERGENCY,YES,0
APP_001543,25,CONTRACTUAL,3.40,348361.69,1496307.58,120,0.62,771,5,DEBT_CONSOLIDATION,YES,1
APP_001544,27,SALARIED_GOVT,9.50,137763.52,122786.67,120,0.50,746,1,MEDICAL_EMERGENCY,NO,0
APP_001545,56,SALARIED_MNC,12.70,26232.54,1819306.03,60,0.16,581,3,VEHICLE_PURCHASE,YES,1
APP_001546,45,SALARIED_GOVT,22.60,286002.38,686312.20,48,0.14,771,2,VEHICLE_PURCHASE,YES,0
APP_001547,62,SALARIED_GOVT,4.60,119547.74,1161375.09,24,0.62,569,4,VEHICLE_PURCHASE,YES,1
APP_001548,57,SELF_EMPLOYED_PROFESSIONAL,6.40,25362.87,1228963.25,36,0.74,769,5,HOME_RENOVATION,NO,1
APP_001549,31,SALARIED_GOVT,7.10,63128.72,2331727.70,12,0.13,708,2,MEDICAL_EMERGENCY,YES,0
APP_001550,24,CONTRACTUAL,8.40,120508.66,2104847.61,120,0.37,792,5,DEBT_CONSOLIDATION,YES,0
APP_001551,49,SALARIED_GOVT,5.30,139378.07,2107874.56,84,0.62,559,1,HOME_RENOVATION,YES,1
APP_001552,49,CONTRACTUAL,4.70,145149.81,1567723.54,60,0.36,664,0,HOME_RENOVATION,YES,0
APP_001553,60,SALARIED_GOVT,1.80,204645.82,1473835.71,84,0.47,767,3,HOME_RENOVATION,NO,0
APP_001554,26,SELF_EMPLOYED_PROFESSIONAL,11.20,313615.59,548266.99,12,0.64,811,0,EDUCATION,NO,1
APP_001555,24,SALARIED_MNC,20.90,165115.05,1975510.75,48,0.36,713,2,VEHICLE_PURCHASE,YES,0
APP_001556,48,BUSINESS_OWNER,17.00,58637.84,1680971.06,24,0.41,605,2,HOME_RENOVATION,NO,1
APP_001557,49,SALARIED_GOVT,14.90,262250.08,1339167.38,48,0.63,626,1,MEDICAL_EMERGENCY,NO,1
APP_001558,32,CONTRACTUAL,4.20,325948.93,1635653.91,12,0.49,581,4,DEBT_CONSOLIDATION,NO,1
APP_001559,31,SALARIED_GOVT,7.70,198328.50,2464616.04,84,0.25,611,2,MEDICAL_EMERGENCY,NO,1
APP_001560,62,BUSINESS_OWNER,10.30,95776.31,2359110.98,60,0.69,764,3,MEDICAL_EMERGENCY,NO,1
APP_001561,38,CONTRACTUAL,4.10,134906.27,1082108.21,24,0.62,667,1,BUSINESS_EXPANSION,NO,1
APP_001562,23,SELF_EMPLOYED_PROFESSIONAL,21.20,139071.20,2483663.60,60,0.65,825,5,MEDICAL_EMERGENCY,NO,1
APP_001563,56,BUSINESS_OWNER,17.00,46612.18,1134785.18,84,0.64,725,0,DEBT_CONSOLIDATION,YES,1
APP_001564,23,BUSINESS_OWNER,21.60,331640.79,1457940.82,120,0.11,638,3,VEHICLE_PURCHASE,NO,1
APP_001565,59,CONTRACTUAL,16.50,104956.76,1624654.06,60,0.28,617,1,DEBT_CONSOLIDATION,NO,1
APP_001566,51,CONTRACTUAL,12.10,47687.96,1834638.08,60,0.72,731,4,VEHICLE_PURCHASE,YES,1
APP_001567,28,SALARIED_GOVT,24.20,72608.01,694740.37,48,0.18,601,4,HOME_RENOVATION,NO,1
APP_001568,40,BUSINESS_OWNER,18.50,231733.75,2000009.19,60,0.23,655,2,EDUCATION,YES,0
APP_001569,45,SELF_EMPLOYED_PROFESSIONAL,24.30,267731.72,1022669.12,48,0.57,617,0,MEDICAL_EMERGENCY,YES,1
APP_001570,57,SELF_EMPLOYED_PROFESSIONAL,10.60,302473.12,1560286.17,120,0.21,558,4,EDUCATION,NO,1
APP_001571,56,BUSINESS_OWNER,14.10,199553.80,530820.55,120,0.57,719,5,BUSINESS_EXPANSION,YES,1
APP_001572,31,SELF_EMPLOYED_PROFESSIONAL,8.90,285047.58,624296.93,12,0.14,844,4,VEHICLE_PURCHASE,NO,0
APP_001573,50,BUSINESS_OWNER,6.60,320748.72,585430.67,120,0.24,714,5,EDUCATION,YES,0
APP_001574,37,SALARIED_MNC,9.30,182799.18,2435433.26,24,0.68,753,0,MEDICAL_EMERGENCY,NO,1
APP_001575,33,SELF_EMPLOYED_PROFESSIONAL,21.60,96100.38,1474767.25,24,0.48,674,5,MEDICAL_EMERGENCY,YES,0
APP_001576,59,SALARIED_MNC,5.70,256788.78,1228685.25,12,0.18,827,3,EDUCATION,YES,0
APP_001577,31,SELF_EMPLOYED_PROFESSIONAL,16.30,144665.39,1861533.63,84,0.70,762,2,VEHICLE_PURCHASE,NO,1
APP_001578,25,CONTRACTUAL,24.90,332764.92,1052213.47,84,0.11,739,5,VEHICLE_PURCHASE,NO,0
APP_001579,57,SALARIED_GOVT,20.90,147098.57,654254.61,60,0.18,644,0,BUSINESS_EXPANSION,YES,0
APP_001580,24,SALARIED_MNC,16.50,236649.44,1738183.24,36,0.65,606,4,HOME_RENOVATION,NO,1
APP_001581,30,SALARIED_MNC,17.50,53960.28,284446.16,48,0.54,757,4,HOME_RENOVATION,NO,0
APP_001582,55,CONTRACTUAL,22.70,149577.79,1585055.75,60,0.67,763,2,MEDICAL_EMERGENCY,NO,1
APP_001583,43,SALARIED_GOVT,18.70,94354.26,1900122.07,60,0.20,650,5,HOME_RENOVATION,NO,0
APP_001584,61,CONTRACTUAL,4.70,259159.42,776472.37,12,0.25,613,2,VEHICLE_PURCHASE,YES,1
APP_001585,30,SALARIED_GOVT,12.80,116881.78,1022213.65,60,0.13,633,0,BUSINESS_EXPANSION,NO,1
APP_001586,40,BUSINESS_OWNER,13.20,93876.85,2006138.52,120,0.31,842,4,DEBT_CONSOLIDATION,NO,0
APP_001587,30,SALARIED_GOVT,18.40,251653.96,83084.45,60,0.29,652,3,DEBT_CONSOLIDATION,YES,0
APP_001588,21,SALARIED_MNC,4.20,34630.48,2252384.24,36,0.57,614,2,BUSINESS_EXPANSION,YES,1
APP_001589,39,SALARIED_GOVT,12.70,287005.39,1650440.56,24,0.30,732,1,BUSINESS_EXPANSION,YES,0
APP_001590,33,BUSINESS_OWNER,3.40,58161.64,2347572.16,60,0.67,767,1,VEHICLE_PURCHASE,YES,1
APP_001591,29,SALARIED_MNC,11.60,254827.54,1818457.72,36,0.19,832,0,MEDICAL_EMERGENCY,NO,0
APP_001592,31,SALARIED_MNC,10.80,226262.43,547028.50,60,0.62,641,2,HOME_RENOVATION,YES,1
APP_001593,31,BUSINESS_OWNER,17.70,113609.91,1481624.27,36,0.34,826,0,HOME_RENOVATION,NO,0
APP_001594,60,BUSINESS_OWNER,10.50,53390.34,1333548.64,120,0.21,606,4,EDUCATION,YES,1
APP_001595,34,CONTRACTUAL,19.60,314356.91,1315886.84,120,0.74,688,4,BUSINESS_EXPANSION,YES,1
APP_001596,36,SALARIED_MNC,8.60,92359.40,274686.70,36,0.54,822,2,DEBT_CONSOLIDATION,YES,0
APP_001597,56,SELF_EMPLOYED_PROFESSIONAL,1.80,198680.77,1636101.73,60,0.44,792,4,EDUCATION,YES,0
APP_001598,45,BUSINESS_OWNER,22.00,119471.98,1717265.82,60,0.28,584,3,HOME_RENOVATION,NO,1
APP_001599,49,BUSINESS_OWNER,22.90,114839.65,520157.83,84,0.24,608,4,VEHICLE_PURCHASE,YES,1
APP_001600,57,CONTRACTUAL,16.90,226442.57,1361209.39,48,0.73,813,0,DEBT_CONSOLIDATION,YES,1
APP_001601,53,SELF_EMPLOYED_PROFESSIONAL,7.40,77954.89,1215215.01,48,0.36,792,3,HOME_RENOVATION,NO,0
APP_001602,39,CONTRACTUAL,17.10,173659.16,335529.92,12,0.48,797,5,DEBT_CONSOLIDATION,YES,0
APP_001603,32,SALARIED_MNC,1.20,148724.94,1178832.62,12,0.54,650,4,EDUCATION,YES,0
APP_001604,51,CONTRACTUAL,4.30,201230.37,1494858.17,12,0.16,619,2,HOME_RENOVATION,YES,1
APP_001605,25,CONTRACTUAL,10.20,206954.93,716134.75,36,0.53,699,4,DEBT_CONSOLIDATION,YES,0
APP_001606,54,BUSINESS_OWNER,2.10,72525.61,1403364.20,120,0.62,635,1,DEBT_CONSOLIDATION,YES,1
APP_001607,33,BUSINESS_OWNER,2.90,183900.62,1310683.77,24,0.19,712,3,EDUCATION,NO,0
APP_001608,62,BUSINESS_OWNER,19.20,260679.73,611729.78,36,0.56,758,4,DEBT_CONSOLIDATION,NO,1
APP_001609,62,CONTRACTUAL,7.40,51756.46,1535661.73,24,0.22,711,1,EDUCATION,YES,0
APP_001610,33,SALARIED_MNC,20.40,278018.59,57550.48,24,0.59,605,2,DEBT_CONSOLIDATION,YES,1
APP_001611,41,SELF_EMPLOYED_PROFESSIONAL,21.90,134054.80,1116991.49,24,0.43,789,0,VEHICLE_PURCHASE,NO,0
APP_001612,50,CONTRACTUAL,4.60,321965.98,2064684.68,36,0.54,676,1,BUSINESS_EXPANSION,NO,0
APP_001613,22,SELF_EMPLOYED_PROFESSIONAL,22.80,231196.53,1696471.83,24,0.60,847,0,VEHICLE_PURCHASE,NO,1
APP_001614,49,CONTRACTUAL,9.80,206063.35,324890.40,60,0.31,789,4,HOME_RENOVATION,YES,0
APP_001615,28,CONTRACTUAL,18.30,338442.01,1688510.97,60,0.70,820,2,VEHICLE_PURCHASE,NO,1
APP_001616,53,SALARIED_GOVT,9.30,52485.33,2133976.71,60,0.26,566,5,HOME_RENOVATION,YES,1
APP_001617,25,SALARIED_GOVT,4.60,347588.61,927965.97,84,0.37,686,3,VEHICLE_PURCHASE,NO,0
APP_001618,25,BUSINESS_OWNER,5.60,86015.74,1291165.36,60,0.42,785,5,EDUCATION,NO,0
APP_001619,57,BUSINESS_OWNER,18.90,92584.51,267930.28,120,0.21,551,1,EDUCATION,YES,1
APP_001620,46,CONTRACTUAL,2.70,34650.94,2152559.80,84,0.10,622,1,HOME_RENOVATION,YES,1
APP_001621,59,SALARIED_GOVT,18.50,122477.08,851299.65,36,0.30,578,4,HOME_RENOVATION,NO,1
APP_001622,23,SALARIED_GOVT,21.30,188915.46,461650.10,24,0.36,832,2,VEHICLE_PURCHASE,NO,0
APP_001623,34,SALARIED_GOVT,12.40,298709.85,482344.20,48,0.16,817,0,VEHICLE_PURCHASE,NO,0
APP_001624,46,SALARIED_GOVT,14.10,232225.99,1618596.05,12,0.57,838,3,BUSINESS_EXPANSION,YES,1
APP_001625,32,SALARIED_MNC,17.10,229805.76,1072586.36,48,0.57,749,2,EDUCATION,NO,1
APP_001626,55,SALARIED_MNC,9.80,229531.58,75018.94,12,0.43,798,0,MEDICAL_EMERGENCY,YES,0
APP_001627,47,BUSINESS_OWNER,18.90,333803.70,2102327.86,12,0.63,740,4,EDUCATION,YES,1
APP_001628,56,SALARIED_GOVT,13.50,106298.46,1281946.91,84,0.70,694,5,DEBT_CONSOLIDATION,YES,1
APP_001629,42,BUSINESS_OWNER,23.40,122712.08,955981.97,36,0.60,620,4,DEBT_CONSOLIDATION,NO,1
APP_001630,49,BUSINESS_OWNER,6.80,346394.97,1559367.83,120,0.57,740,5,BUSINESS_EXPANSION,YES,1
APP_001631,49,CONTRACTUAL,21.60,134931.13,195210.33,24,0.31,701,5,HOME_RENOVATION,YES,0
APP_001632,41,SALARIED_GOVT,24.20,338382.88,276361.37,48,0.71,805,5,DEBT_CONSOLIDATION,NO,1
APP_001633,50,SALARIED_GOVT,22.00,229082.65,2069882.68,36,0.28,848,0,DEBT_CONSOLIDATION,YES,0
APP_001634,41,SELF_EMPLOYED_PROFESSIONAL,12.20,73055.83,728768.73,60,0.41,641,0,EDUCATION,NO,0
APP_001635,27,SALARIED_MNC,21.60,266815.52,2343742.97,36,0.34,824,1,HOME_RENOVATION,YES,0
APP_001636,61,SALARIED_MNC,24.70,91861.72,800174.48,24,0.57,788,5,BUSINESS_EXPANSION,NO,1
APP_001637,50,BUSINESS_OWNER,3.20,277826.05,1086365.45,60,0.74,806,3,BUSINESS_EXPANSION,YES,1
APP_001638,35,SELF_EMPLOYED_PROFESSIONAL,24.70,213881.82,1966144.57,24,0.49,694,4,BUSINESS_EXPANSION,YES,0
APP_001639,32,BUSINESS_OWNER,10.80,149684.18,1102924.72,48,0.13,644,2,DEBT_CONSOLIDATION,NO,0
APP_001640,34,CONTRACTUAL,14.40,61279.73,488967.85,120,0.16,693,5,DEBT_CONSOLIDATION,YES,0
APP_001641,24,SALARIED_GOVT,23.50,110917.75,1011845.60,24,0.66,675,5,BUSINESS_EXPANSION,NO,1
APP_001642,36,SELF_EMPLOYED_PROFESSIONAL,23.10,60483.19,2019495.40,12,0.21,795,3,HOME_RENOVATION,YES,0
APP_001643,55,SALARIED_GOVT,7.30,142132.56,1659069.81,84,0.12,751,0,HOME_RENOVATION,NO,0
APP_001644,48,SALARIED_MNC,2.00,249269.47,1125798.12,84,0.55,598,4,VEHICLE_PURCHASE,NO,1
APP_001645,45,CONTRACTUAL,9.10,42071.46,1376879.48,48,0.34,632,5,EDUCATION,NO,1
APP_001646,39,SELF_EMPLOYED_PROFESSIONAL,19.00,214657.26,171100.38,84,0.72,735,3,EDUCATION,YES,1
APP_001647,39,BUSINESS_OWNER,11.70,65046.14,2458187.07,60,0.62,745,4,DEBT_CONSOLIDATION,YES,1
APP_001648,24,SALARIED_GOVT,6.30,64725.86,110299.25,60,0.11,801,3,DEBT_CONSOLIDATION,NO,0
APP_001649,38,SALARIED_MNC,18.40,113432.70,236441.52,48,0.16,745,4,HOME_RENOVATION,NO,0
APP_001650,40,SALARIED_GOVT,18.00,110706.36,2426430.58,120,0.64,801,3,VEHICLE_PURCHASE,NO,1
APP_001651,28,SALARIED_MNC,1.30,49746.53,955157.94,36,0.21,674,2,HOME_RENOVATION,YES,0
APP_001652,61,CONTRACTUAL,8.60,228832.65,1906862.43,36,0.45,602,3,MEDICAL_EMERGENCY,NO,1
APP_001653,53,SELF_EMPLOYED_PROFESSIONAL,5.30,97517.06,1893272.02,12,0.27,555,3,HOME_RENOVATION,YES,1
APP_001654,48,SALARIED_GOVT,14.30,122837.85,1843223.41,36,0.43,616,5,EDUCATION,YES,1
APP_001655,33,SALARIED_GOVT,18.40,298181.93,2318479.86,120,0.39,817,5,BUSINESS_EXPANSION,YES,0
APP_001656,50,SELF_EMPLOYED_PROFESSIONAL,5.80,318238.40,690974.43,48,0.50,659,3,EDUCATION,YES,0
APP_001657,47,BUSINESS_OWNER,9.80,332643.17,1206081.52,24,0.50,776,5,MEDICAL_EMERGENCY,YES,0
APP_001658,21,SELF_EMPLOYED_PROFESSIONAL,17.30,149601.73,2492796.13,60,0.70,841,5,BUSINESS_EXPANSION,YES,1
APP_001659,31,BUSINESS_OWNER,12.50,183763.40,598586.69,120,0.32,714,3,HOME_RENOVATION,YES,0
APP_001660,33,SELF_EMPLOYED_PROFESSIONAL,0.80,124438.83,1796974.80,84,0.70,846,5,EDUCATION,NO,1
APP_001661,25,CONTRACTUAL,20.20,322044.72,1305028.93,48,0.25,721,5,HOME_RENOVATION,YES,0
APP_001662,49,BUSINESS_OWNER,5.10,342209.61,387494.99,120,0.41,811,1,BUSINESS_EXPANSION,YES,0
APP_001663,22,SALARIED_GOVT,13.40,82529.45,209316.38,60,0.60,627,5,BUSINESS_EXPANSION,NO,1
APP_001664,44,SALARIED_GOVT,3.10,208289.25,1459576.02,36,0.34,660,5,BUSINESS_EXPANSION,YES,0
APP_001665,54,SALARIED_GOVT,1.20,337511.28,515931.28,12,0.58,598,5,DEBT_CONSOLIDATION,NO,1
APP_001666,59,CONTRACTUAL,20.20,111448.96,1130280.54,36,0.44,712,0,BUSINESS_EXPANSION,YES,0
APP_001667,46,CONTRACTUAL,18.10,34947.08,2214878.45,12,0.28,595,5,DEBT_CONSOLIDATION,YES,1
APP_001668,62,SALARIED_MNC,25.00,248539.82,892243.94,12,0.35,664,1,BUSINESS_EXPANSION,YES,0
APP_001669,47,SALARIED_GOVT,13.10,274877.97,484979.13,60,0.63,705,2,VEHICLE_PURCHASE,NO,1
APP_001670,52,CONTRACTUAL,6.50,157835.00,2168510.25,48,0.32,575,2,DEBT_CONSOLIDATION,YES,1
APP_001671,51,BUSINESS_OWNER,12.30,87283.79,1425878.28,120,0.57,827,3,HOME_RENOVATION,NO,1
APP_001672,53,SELF_EMPLOYED_PROFESSIONAL,10.60,128735.54,502737.78,60,0.15,603,2,DEBT_CONSOLIDATION,YES,1
APP_001673,53,SALARIED_MNC,21.40,348802.94,2052892.11,120,0.71,631,4,MEDICAL_EMERGENCY,YES,1
APP_001674,34,SELF_EMPLOYED_PROFESSIONAL,19.40,310633.13,1381893.04,36,0.58,566,4,HOME_RENOVATION,YES,1
APP_001675,49,SALARIED_GOVT,10.70,335788.37,205882.27,36,0.74,679,4,HOME_RENOVATION,YES,1
APP_001676,44,BUSINESS_OWNER,5.60,346581.39,2347629.51,120,0.46,602,3,VEHICLE_PURCHASE,NO,1
APP_001677,34,SALARIED_MNC,22.30,132571.52,469056.66,36,0.32,631,3,EDUCATION,YES,1
APP_001678,22,SALARIED_GOVT,19.60,288910.31,465832.65,120,0.56,590,3,EDUCATION,NO,1
APP_001679,55,SELF_EMPLOYED_PROFESSIONAL,22.80,303519.28,1580632.23,12,0.50,555,3,MEDICAL_EMERGENCY,NO,1
APP_001680,60,CONTRACTUAL,11.20,187768.72,1542262.65,24,0.30,721,3,VEHICLE_PURCHASE,YES,0
APP_001681,29,SELF_EMPLOYED_PROFESSIONAL,8.10,273443.38,918698.06,60,0.34,562,3,MEDICAL_EMERGENCY,YES,1
APP_001682,39,CONTRACTUAL,17.80,249859.25,530882.06,48,0.66,705,4,VEHICLE_PURCHASE,NO,1
APP_001683,37,CONTRACTUAL,3.00,224058.00,294324.73,36,0.74,823,0,HOME_RENOVATION,NO,1
APP_001684,38,CONTRACTUAL,4.80,334917.82,1917949.79,36,0.22,741,4,EDUCATION,YES,0
APP_001685,57,SALARIED_MNC,24.10,326869.03,103011.65,36,0.15,605,1,EDUCATION,NO,1
APP_001686,52,BUSINESS_OWNER,20.90,96278.81,1622215.21,36,0.51,823,1,MEDICAL_EMERGENCY,YES,0
APP_001687,51,CONTRACTUAL,11.00,334323.70,918254.46,36,0.59,795,4,HOME_RENOVATION,YES,1
APP_001688,48,BUSINESS_OWNER,21.80,323991.03,1291704.18,120,0.67,710,1,VEHICLE_PURCHASE,YES,1
APP_001689,42,CONTRACTUAL,3.30,274467.39,2466564.28,36,0.58,646,4,HOME_RENOVATION,NO,1
APP_001690,61,SALARIED_MNC,23.20,311604.95,2147527.48,60,0.47,789,1,VEHICLE_PURCHASE,YES,0
APP_001691,23,SALARIED_MNC,23.20,144765.27,1917195.78,84,0.32,580,0,HOME_RENOVATION,YES,1
APP_001692,44,SALARIED_GOVT,19.60,87704.15,2066621.52,12,0.70,581,2,HOME_RENOVATION,NO,1
APP_001693,22,SALARIED_MNC,19.30,330420.28,846554.59,84,0.17,848,3,VEHICLE_PURCHASE,NO,0
APP_001694,57,SALARIED_GOVT,13.20,329597.65,670045.55,84,0.14,739,1,VEHICLE_PURCHASE,YES,0
APP_001695,42,SELF_EMPLOYED_PROFESSIONAL,13.10,280307.84,1313116.98,24,0.12,596,5,EDUCATION,NO,1
APP_001696,35,BUSINESS_OWNER,7.80,32235.77,1052846.90,36,0.10,845,1,DEBT_CONSOLIDATION,YES,1
APP_001697,29,SELF_EMPLOYED_PROFESSIONAL,9.80,228120.61,1372932.87,48,0.41,647,2,DEBT_CONSOLIDATION,NO,0
APP_001698,47,BUSINESS_OWNER,17.00,163265.96,484748.56,60,0.42,624,3,BUSINESS_EXPANSION,YES,1
APP_001699,57,CONTRACTUAL,16.80,25471.64,1009051.36,60,0.20,633,4,HOME_RENOVATION,YES,1
APP_001700,46,SELF_EMPLOYED_PROFESSIONAL,15.60,339870.12,810663.07,48,0.49,652,0,VEHICLE_PURCHASE,NO,0
APP_001701,37,SELF_EMPLOYED_PROFESSIONAL,2.20,62458.31,1530762.95,36,0.44,576,0,MEDICAL_EMERGENCY,YES,1
APP_001702,32,SALARIED_MNC,21.40,122047.76,1900613.87,12,0.16,628,5,EDUCATION,NO,1
APP_001703,24,BUSINESS_OWNER,2.90,175750.07,1586122.86,12,0.22,785,5,HOME_RENOVATION,YES,0
APP_001704,22,CONTRACTUAL,16.50,63264.36,995330.33,24,0.65,721,5,VEHICLE_PURCHASE,NO,1
APP_001705,31,SALARIED_GOVT,8.70,343746.65,2453601.24,36,0.60,751,5,MEDICAL_EMERGENCY,NO,1
APP_001706,26,SALARIED_GOVT,12.00,311613.61,326077.12,84,0.17,746,1,HOME_RENOVATION,NO,0
APP_001707,34,BUSINESS_OWNER,23.80,82459.07,941492.54,84,0.32,660,2,VEHICLE_PURCHASE,NO,0
APP_001708,59,CONTRACTUAL,8.10,254567.43,2409469.26,36,0.18,734,1,DEBT_CONSOLIDATION,YES,0
APP_001709,27,CONTRACTUAL,12.90,320221.79,1386822.61,12,0.57,799,1,BUSINESS_EXPANSION,NO,1
APP_001710,40,SALARIED_MNC,6.00,170313.12,2441039.69,36,0.16,791,0,MEDICAL_EMERGENCY,NO,0
APP_001711,31,BUSINESS_OWNER,7.40,223090.27,1176637.54,36,0.32,615,5,VEHICLE_PURCHASE,YES,1
APP_001712,59,SALARIED_MNC,18.20,50431.65,2128809.51,60,0.19,597,5,HOME_RENOVATION,YES,1
APP_001713,21,SALARIED_MNC,8.90,339629.81,1399185.08,84,0.25,748,2,VEHICLE_PURCHASE,YES,0
APP_001714,55,BUSINESS_OWNER,4.20,111511.31,1731706.70,120,0.20,744,5,BUSINESS_EXPANSION,NO,0
APP_001715,33,SALARIED_GOVT,13.50,321618.76,83619.32,120,0.18,583,1,DEBT_CONSOLIDATION,NO,1
APP_001716,28,SELF_EMPLOYED_PROFESSIONAL,11.20,150695.43,967669.26,60,0.50,760,4,BUSINESS_EXPANSION,NO,0
APP_001717,62,SELF_EMPLOYED_PROFESSIONAL,6.80,287212.16,2284910.93,36,0.36,624,2,EDUCATION,YES,1
APP_001718,40,BUSINESS_OWNER,22.60,130642.05,1305401.54,60,0.23,831,0,EDUCATION,YES,0
APP_001719,45,SALARIED_MNC,8.50,199221.49,2188257.72,12,0.64,758,4,VEHICLE_PURCHASE,NO,1
APP_001720,38,SELF_EMPLOYED_PROFESSIONAL,8.00,264768.45,563925.90,84,0.15,766,2,VEHICLE_PURCHASE,YES,0
APP_001721,27,CONTRACTUAL,16.20,307518.94,2037841.09,60,0.47,563,1,BUSINESS_EXPANSION,NO,1
APP_001722,54,CONTRACTUAL,21.60,243441.96,2426540.87,84,0.62,701,1,HOME_RENOVATION,NO,1
APP_001723,33,SELF_EMPLOYED_PROFESSIONAL,11.40,59425.57,1096665.49,120,0.57,843,1,HOME_RENOVATION,NO,1
APP_001724,39,CONTRACTUAL,1.60,287056.32,1738928.71,48,0.14,711,4,HOME_RENOVATION,NO,0
APP_001725,30,CONTRACTUAL,6.50,89756.77,281900.33,84,0.39,844,4,EDUCATION,YES,0
APP_001726,39,SALARIED_MNC,17.70,303393.78,1103558.63,12,0.48,784,0,DEBT_CONSOLIDATION,YES,0
APP_001727,30,SELF_EMPLOYED_PROFESSIONAL,1.50,275041.49,705067.67,120,0.58,598,4,EDUCATION,YES,1
APP_001728,45,SALARIED_GOVT,24.80,238474.95,2453805.17,120,0.68,611,0,MEDICAL_EMERGENCY,YES,1
APP_001729,37,SELF_EMPLOYED_PROFESSIONAL,23.90,210792.70,2182445.71,84,0.68,696,2,EDUCATION,NO,1
APP_001730,46,CONTRACTUAL,13.90,336102.21,848763.95,24,0.73,649,3,EDUCATION,YES,1
APP_001731,42,SALARIED_MNC,20.00,65764.74,496963.60,48,0.50,849,2,VEHICLE_PURCHASE,YES,0
APP_001732,45,BUSINESS_OWNER,12.30,264540.46,2365802.39,12,0.61,577,5,MEDICAL_EMERGENCY,NO,1
APP_001733,21,SALARIED_MNC,13.50,201286.32,1371052.58,84,0.54,764,4,VEHICLE_PURCHASE,NO,0
APP_001734,45,SELF_EMPLOYED_PROFESSIONAL,12.70,143922.79,1240525.96,12,0.52,563,3,MEDICAL_EMERGENCY,YES,1
APP_001735,44,BUSINESS_OWNER,9.70,54936.39,1048590.33,48,0.12,770,3,MEDICAL_EMERGENCY,NO,0
APP_001736,36,CONTRACTUAL,22.00,267778.85,803540.99,120,0.30,595,3,MEDICAL_EMERGENCY,NO,1
APP_001737,57,SALARIED_GOVT,4.20,74163.87,2011330.71,84,0.56,835,4,EDUCATION,NO,1
APP_001738,61,SALARIED_MNC,20.00,112637.39,701586.30,12,0.34,612,2,HOME_RENOVATION,YES,1
APP_001739,61,SELF_EMPLOYED_PROFESSIONAL,12.40,80744.47,2499668.01,120,0.29,709,4,DEBT_CONSOLIDATION,NO,0
APP_001740,61,SALARIED_MNC,16.40,79642.06,1209077.43,12,0.57,636,1,VEHICLE_PURCHASE,YES,1
APP_001741,39,SALARIED_MNC,3.80,70224.93,50497.20,60,0.53,555,0,MEDICAL_EMERGENCY,YES,1
APP_001742,30,BUSINESS_OWNER,4.50,63217.10,1672534.99,120,0.56,747,0,DEBT_CONSOLIDATION,YES,1
APP_001743,58,BUSINESS_OWNER,6.70,177846.96,2370423.00,24,0.44,731,2,VEHICLE_PURCHASE,YES,0
APP_001744,47,BUSINESS_OWNER,11.20,95661.01,241176.35,84,0.35,802,3,MEDICAL_EMERGENCY,YES,0
APP_001745,26,SELF_EMPLOYED_PROFESSIONAL,21.40,197605.38,900868.30,48,0.42,613,4,EDUCATION,YES,1
APP_001746,59,BUSINESS_OWNER,24.80,200036.02,2495240.57,24,0.56,810,4,MEDICAL_EMERGENCY,NO,1
APP_001747,26,SALARIED_GOVT,21.80,42664.51,2136138.15,24,0.68,755,0,DEBT_CONSOLIDATION,YES,1
APP_001748,56,CONTRACTUAL,13.10,311205.61,1049934.45,12,0.10,700,5,DEBT_CONSOLIDATION,NO,0
APP_001749,37,SELF_EMPLOYED_PROFESSIONAL,20.20,209710.62,1883746.81,84,0.10,566,0,BUSINESS_EXPANSION,NO,1
APP_001750,61,SELF_EMPLOYED_PROFESSIONAL,14.50,217097.59,720018.73,60,0.35,611,1,HOME_RENOVATION,NO,1
APP_001751,40,BUSINESS_OWNER,17.60,49881.04,1273428.09,120,0.59,558,2,EDUCATION,YES,1
APP_001752,29,SELF_EMPLOYED_PROFESSIONAL,3.10,263043.66,1511628.71,48,0.27,578,1,VEHICLE_PURCHASE,NO,1
APP_001753,42,CONTRACTUAL,16.80,81317.35,959624.58,84,0.69,740,5,EDUCATION,NO,1
APP_001754,28,SALARIED_GOVT,3.60,340962.91,1421884.58,12,0.43,777,2,DEBT_CONSOLIDATION,YES,0
APP_001755,55,BUSINESS_OWNER,3.70,113169.45,786531.22,120,0.61,817,5,EDUCATION,YES,1
APP_001756,39,SELF_EMPLOYED_PROFESSIONAL,4.50,342703.96,771342.00,12,0.47,705,1,HOME_RENOVATION,YES,0
APP_001757,41,SALARIED_MNC,18.10,107226.04,1314202.08,60,0.29,667,0,BUSINESS_EXPANSION,YES,0
APP_001758,51,SELF_EMPLOYED_PROFESSIONAL,16.80,137512.33,1929512.82,12,0.19,751,2,BUSINESS_EXPANSION,NO,0
APP_001759,61,CONTRACTUAL,21.50,184819.43,339458.74,24,0.33,676,2,BUSINESS_EXPANSION,NO,0
APP_001760,26,SELF_EMPLOYED_PROFESSIONAL,1.80,177617.75,1430015.05,120,0.55,710,3,BUSINESS_EXPANSION,YES,0
APP_001761,21,BUSINESS_OWNER,6.80,45265.31,469064.70,60,0.24,579,3,MEDICAL_EMERGENCY,NO,1
APP_001762,55,SALARIED_GOVT,11.00,336111.37,392015.92,24,0.68,811,0,DEBT_CONSOLIDATION,NO,1
APP_001763,21,CONTRACTUAL,16.00,268502.96,1165638.42,12,0.40,745,5,DEBT_CONSOLIDATION,NO,0
APP_001764,56,SALARIED_MNC,15.40,312098.57,2148070.95,12,0.50,597,2,DEBT_CONSOLIDATION,NO,1
APP_001765,57,SALARIED_MNC,7.20,127322.90,1333375.91,36,0.43,660,2,BUSINESS_EXPANSION,NO,0
APP_001766,43,SELF_EMPLOYED_PROFESSIONAL,15.90,87407.92,762122.11,24,0.47,724,5,VEHICLE_PURCHASE,NO,0
APP_001767,44,BUSINESS_OWNER,13.30,122893.60,2062110.55,48,0.26,746,1,EDUCATION,NO,0
APP_001768,45,BUSINESS_OWNER,10.60,214238.34,1245280.16,24,0.34,633,1,EDUCATION,YES,1
APP_001769,55,SALARIED_GOVT,7.10,257996.16,1432315.40,60,0.67,719,4,MEDICAL_EMERGENCY,YES,1
APP_001770,24,BUSINESS_OWNER,5.10,251745.25,2452750.70,84,0.52,697,5,VEHICLE_PURCHASE,YES,0
APP_001771,40,BUSINESS_OWNER,5.80,204382.43,971926.38,36,0.63,828,3,VEHICLE_PURCHASE,NO,1
APP_001772,28,SELF_EMPLOYED_PROFESSIONAL,21.50,322763.25,191856.72,120,0.15,640,1,EDUCATION,YES,0
APP_001773,47,SALARIED_GOVT,21.70,86656.61,455496.88,60,0.23,824,2,VEHICLE_PURCHASE,NO,0
APP_001774,55,BUSINESS_OWNER,23.50,149180.98,1507949.54,120,0.25,702,0,VEHICLE_PURCHASE,YES,0
APP_001775,25,BUSINESS_OWNER,24.60,179620.45,576390.21,24,0.65,681,5,VEHICLE_PURCHASE,YES,1
APP_001776,53,SALARIED_MNC,16.90,199824.65,507134.07,24,0.30,642,0,BUSINESS_EXPANSION,NO,0
APP_001777,29,SALARIED_MNC,13.90,131240.04,1264374.34,36,0.52,589,4,BUSINESS_EXPANSION,YES,1
APP_001778,37,SALARIED_MNC,8.70,324687.18,2093158.28,120,0.18,632,2,BUSINESS_EXPANSION,YES,1
APP_001779,27,SALARIED_GOVT,22.60,168980.76,941318.96,120,0.15,820,2,DEBT_CONSOLIDATION,NO,0
APP_001780,34,CONTRACTUAL,1.80,168493.46,1241902.39,24,0.28,652,2,DEBT_CONSOLIDATION,NO,0
APP_001781,62,CONTRACTUAL,21.30,292160.31,1636714.62,60,0.33,718,2,DEBT_CONSOLIDATION,NO,0
APP_001782,58,SALARIED_MNC,3.40,96268.32,2483238.34,84,0.51,838,4,BUSINESS_EXPANSION,NO,0
APP_001783,27,CONTRACTUAL,1.40,232443.90,1629191.29,12,0.28,714,1,HOME_RENOVATION,NO,0
APP_001784,22,SELF_EMPLOYED_PROFESSIONAL,7.10,238530.55,1371473.73,36,0.14,746,4,MEDICAL_EMERGENCY,NO,0
APP_001785,21,SALARIED_MNC,16.80,227414.93,1492451.19,48,0.53,752,3,HOME_RENOVATION,NO,0
APP_001786,44,SALARIED_MNC,12.30,311297.69,787169.63,84,0.65,802,3,BUSINESS_EXPANSION,NO,1
APP_001787,44,CONTRACTUAL,10.90,336278.02,339688.76,48,0.74,740,0,DEBT_CONSOLIDATION,YES,1
APP_001788,41,BUSINESS_OWNER,9.40,215343.58,1483180.15,60,0.39,614,2,MEDICAL_EMERGENCY,NO,1
APP_001789,26,SALARIED_GOVT,4.70,191246.94,924614.62,12,0.45,813,4,MEDICAL_EMERGENCY,NO,0
APP_001790,42,BUSINESS_OWNER,8.90,202154.98,1974088.52,120,0.22,794,0,BUSINESS_EXPANSION,YES,0
APP_001791,39,BUSINESS_OWNER,1.50,72845.56,684523.47,12,0.30,795,0,EDUCATION,YES,0
APP_001792,29,SELF_EMPLOYED_PROFESSIONAL,19.80,34245.97,1250220.27,48,0.20,567,1,BUSINESS_EXPANSION,YES,1
APP_001793,58,BUSINESS_OWNER,12.50,298902.75,370373.48,36,0.31,647,0,VEHICLE_PURCHASE,NO,0
APP_001794,47,SALARIED_GOVT,24.70,270916.49,1469938.97,12,0.26,834,0,EDUCATION,YES,0
APP_001795,43,SALARIED_MNC,24.20,127825.04,2122284.45,48,0.26,632,4,VEHICLE_PURCHASE,YES,1
APP_001796,50,SALARIED_MNC,11.60,264353.04,1981976.15,24,0.51,690,5,BUSINESS_EXPANSION,YES,0
APP_001797,22,BUSINESS_OWNER,22.50,279288.58,299827.37,120,0.37,718,3,EDUCATION,NO,0
APP_001798,46,BUSINESS_OWNER,16.50,111905.09,1548207.75,60,0.57,727,1,VEHICLE_PURCHASE,YES,1
APP_001799,52,SELF_EMPLOYED_PROFESSIONAL,22.30,245573.38,1535973.86,120,0.51,690,4,HOME_RENOVATION,YES,0
APP_001800,38,SALARIED_GOVT,6.50,157776.81,2459124.61,120,0.47,837,5,DEBT_CONSOLIDATION,NO,0
APP_001801,45,SELF_EMPLOYED_PROFESSIONAL,6.00,271412.27,1076079.02,36,0.13,823,4,BUSINESS_EXPANSION,NO,0
APP_001802,41,BUSINESS_OWNER,24.90,268267.67,805958.06,36,0.74,797,0,DEBT_CONSOLIDATION,YES,1
APP_001803,38,SALARIED_MNC,11.60,180325.62,446190.78,12,0.73,673,2,EDUCATION,YES,1
APP_001804,30,BUSINESS_OWNER,22.10,143408.76,113147.77,48,0.39,655,4,VEHICLE_PURCHASE,YES,0
APP_001805,60,SALARIED_GOVT,14.70,171157.50,2482266.53,36,0.65,797,1,VEHICLE_PURCHASE,YES,1
APP_001806,30,SALARIED_MNC,12.10,91782.56,1248155.68,60,0.72,707,4,BUSINESS_EXPANSION,YES,1
APP_001807,51,SALARIED_MNC,7.70,192566.18,1324598.27,12,0.25,609,1,HOME_RENOVATION,NO,1
APP_001808,52,SALARIED_GOVT,11.90,210358.31,2069805.87,12,0.42,841,1,EDUCATION,YES,0
APP_001809,54,SALARIED_GOVT,1.50,246615.97,2353759.21,48,0.71,783,4,DEBT_CONSOLIDATION,YES,1
APP_001810,28,BUSINESS_OWNER,10.20,183402.61,873535.62,24,0.23,691,0,BUSINESS_EXPANSION,NO,0
APP_001811,55,SELF_EMPLOYED_PROFESSIONAL,4.20,261913.29,201904.32,120,0.68,725,3,DEBT_CONSOLIDATION,YES,1
APP_001812,35,SALARIED_GOVT,12.70,123092.00,1539673.00,24,0.65,687,2,DEBT_CONSOLIDATION,NO,1
APP_001813,55,SALARIED_GOVT,19.80,143601.65,1306091.58,36,0.47,757,2,BUSINESS_EXPANSION,YES,0
APP_001814,22,SALARIED_GOVT,4.20,195529.94,78834.07,36,0.27,715,1,EDUCATION,YES,0
APP_001815,44,SALARIED_GOVT,14.70,327592.68,1617847.42,24,0.57,675,5,DEBT_CONSOLIDATION,YES,1
APP_001816,54,BUSINESS_OWNER,11.40,238712.64,731896.49,60,0.64,754,5,EDUCATION,YES,1
APP_001817,57,SALARIED_GOVT,5.90,117707.92,1973723.76,36,0.28,845,1,MEDICAL_EMERGENCY,NO,0
APP_001818,39,CONTRACTUAL,7.50,115610.42,1322874.07,60,0.33,646,4,HOME_RENOVATION,NO,0
APP_001819,57,SELF_EMPLOYED_PROFESSIONAL,8.20,280251.50,2419721.21,12,0.55,571,3,VEHICLE_PURCHASE,YES,1
APP_001820,53,SALARIED_GOVT,22.10,70534.11,677443.77,24,0.24,629,3,BUSINESS_EXPANSION,YES,1
APP_001821,50,BUSINESS_OWNER,22.60,336719.04,204032.97,84,0.44,815,0,DEBT_CONSOLIDATION,NO,0
APP_001822,35,SELF_EMPLOYED_PROFESSIONAL,24.40,232887.06,1406669.67,60,0.18,850,4,MEDICAL_EMERGENCY,NO,0
APP_001823,40,CONTRACTUAL,21.70,173923.76,96277.49,12,0.73,651,1,BUSINESS_EXPANSION,NO,1
APP_001824,33,SALARIED_GOVT,13.40,281618.96,1213635.99,48,0.66,613,2,EDUCATION,YES,1
APP_001825,23,BUSINESS_OWNER,8.80,127920.84,1069016.27,24,0.57,793,2,HOME_RENOVATION,YES,1
APP_001826,32,SALARIED_MNC,3.30,47024.52,1807147.61,60,0.19,627,2,HOME_RENOVATION,NO,1
APP_001827,28,SALARIED_MNC,12.50,120048.58,173065.91,60,0.14,828,2,MEDICAL_EMERGENCY,YES,0
APP_001828,21,BUSINESS_OWNER,16.10,344172.15,1970789.53,12,0.69,737,1,HOME_RENOVATION,YES,1
APP_001829,54,BUSINESS_OWNER,6.20,43398.75,1191591.19,120,0.60,798,3,HOME_RENOVATION,YES,1
APP_001830,31,CONTRACTUAL,23.70,332058.17,486099.76,60,0.14,669,2,DEBT_CONSOLIDATION,YES,0
APP_001831,43,SALARIED_GOVT,7.80,157279.70,2116001.33,24,0.65,634,0,MEDICAL_EMERGENCY,YES,1
APP_001832,41,BUSINESS_OWNER,19.40,320395.71,1770589.05,84,0.13,803,2,EDUCATION,NO,0
APP_001833,50,SALARIED_GOVT,23.10,188530.70,1236885.90,120,0.68,571,3,MEDICAL_EMERGENCY,NO,1
APP_001834,31,SALARIED_MNC,2.10,238362.67,1075030.51,48,0.40,707,2,MEDICAL_EMERGENCY,NO,0
APP_001835,50,SALARIED_MNC,20.30,251698.64,1097052.14,48,0.35,578,1,DEBT_CONSOLIDATION,NO,1
APP_001836,23,SALARIED_MNC,17.30,100748.24,2086828.43,24,0.59,646,0,VEHICLE_PURCHASE,YES,1
APP_001837,62,SELF_EMPLOYED_PROFESSIONAL,3.90,289998.75,882387.61,120,0.25,607,0,EDUCATION,YES,1
APP_001838,38,BUSINESS_OWNER,18.80,336509.76,2031961.19,36,0.39,793,5,DEBT_CONSOLIDATION,YES,0
APP_001839,26,BUSINESS_OWNER,2.20,190389.21,411014.55,120,0.66,738,2,MEDICAL_EMERGENCY,NO,1
APP_001840,39,BUSINESS_OWNER,2.30,215552.08,1865558.48,12,0.49,688,5,VEHICLE_PURCHASE,NO,0
APP_001841,47,CONTRACTUAL,23.10,183648.60,378899.70,24,0.44,793,1,HOME_RENOVATION,YES,0
APP_001842,23,SALARIED_MNC,23.80,229860.47,1585869.99,120,0.66,696,1,BUSINESS_EXPANSION,YES,1
APP_001843,53,SALARIED_GOVT,16.70,277319.25,877780.60,48,0.30,835,4,BUSINESS_EXPANSION,NO,0
APP_001844,55,SALARIED_GOVT,19.30,262643.06,179290.87,24,0.57,553,0,DEBT_CONSOLIDATION,NO,1
APP_001845,44,BUSINESS_OWNER,18.10,28958.83,2352774.73,36,0.40,720,1,HOME_RENOVATION,NO,1
APP_001846,54,SELF_EMPLOYED_PROFESSIONAL,10.70,85671.20,937403.43,84,0.42,603,3,VEHICLE_PURCHASE,NO,1
APP_001847,28,SALARIED_GOVT,5.00,307506.16,981302.84,84,0.31,706,2,DEBT_CONSOLIDATION,NO,0
APP_001848,62,BUSINESS_OWNER,23.80,75072.95,1463052.37,120,0.13,719,2,EDUCATION,NO,0
APP_001849,26,SELF_EMPLOYED_PROFESSIONAL,13.70,203389.43,1498841.57,60,0.69,637,3,BUSINESS_EXPANSION,NO,1
APP_001850,62,BUSINESS_OWNER,9.60,184660.03,2173014.59,12,0.41,729,4,MEDICAL_EMERGENCY,NO,0
APP_001851,40,CONTRACTUAL,22.10,213666.49,384566.29,24,0.65,619,5,EDUCATION,YES,1
APP_001852,22,SELF_EMPLOYED_PROFESSIONAL,9.80,171300.67,1669753.80,12,0.62,635,4,DEBT_CONSOLIDATION,NO,1
APP_001853,29,SELF_EMPLOYED_PROFESSIONAL,4.20,168823.50,1373359.22,24,0.68,578,0,BUSINESS_EXPANSION,NO,1
APP_001854,25,CONTRACTUAL,20.50,33723.10,1179187.26,36,0.33,818,0,MEDICAL_EMERGENCY,NO,1
APP_001855,34,BUSINESS_OWNER,10.70,308373.79,171788.44,36,0.16,813,3,MEDICAL_EMERGENCY,YES,0
APP_001856,62,SELF_EMPLOYED_PROFESSIONAL,12.60,91069.87,1289065.81,120,0.42,783,3,MEDICAL_EMERGENCY,YES,0
APP_001857,51,CONTRACTUAL,18.00,89329.35,2324150.38,60,0.18,723,5,EDUCATION,YES,0
APP_001858,26,BUSINESS_OWNER,8.90,148705.43,1669744.71,84,0.37,770,3,HOME_RENOVATION,NO,0
APP_001859,47,SALARIED_GOVT,16.00,37268.43,2031265.01,36,0.19,763,5,HOME_RENOVATION,NO,1
APP_001860,61,SELF_EMPLOYED_PROFESSIONAL,2.10,162436.88,1088016.04,84,0.33,781,5,HOME_RENOVATION,NO,0
APP_001861,44,SALARIED_MNC,18.40,308037.00,1111213.93,120,0.69,768,3,EDUCATION,NO,1
APP_001862,58,BUSINESS_OWNER,9.00,169347.76,1276239.18,24,0.53,660,3,DEBT_CONSOLIDATION,NO,0
APP_001863,61,SALARIED_MNC,4.10,34163.29,633765.05,36,0.16,742,5,BUSINESS_EXPANSION,NO,1
APP_001864,59,SELF_EMPLOYED_PROFESSIONAL,4.30,229197.56,694757.20,120,0.15,816,5,EDUCATION,NO,0
APP_001865,53,SALARIED_MNC,19.00,153630.26,2229221.61,12,0.39,571,5,EDUCATION,YES,1
APP_001866,28,BUSINESS_OWNER,13.30,151123.31,2029307.91,48,0.47,561,4,MEDICAL_EMERGENCY,YES,1
APP_001867,29,SALARIED_MNC,19.30,60299.85,810115.46,84,0.55,582,0,BUSINESS_EXPANSION,NO,1
APP_001868,35,SALARIED_GOVT,4.20,221141.96,2131303.30,120,0.23,647,2,EDUCATION,YES,0
APP_001869,52,SALARIED_MNC,4.50,275189.66,2387856.36,36,0.44,622,4,DEBT_CONSOLIDATION,YES,1
APP_001870,23,CONTRACTUAL,14.60,166556.92,682301.65,84,0.75,708,0,VEHICLE_PURCHASE,NO,1
APP_001871,62,SALARIED_MNC,7.30,197528.69,201541.03,24,0.50,838,5,DEBT_CONSOLIDATION,YES,0
APP_001872,27,SELF_EMPLOYED_PROFESSIONAL,12.70,81181.47,1799777.69,48,0.74,576,2,VEHICLE_PURCHASE,NO,1
APP_001873,24,SELF_EMPLOYED_PROFESSIONAL,21.00,256657.72,371246.01,48,0.40,574,0,DEBT_CONSOLIDATION,YES,1
APP_001874,36,SALARIED_GOVT,3.90,139812.00,577438.31,60,0.14,823,5,HOME_RENOVATION,NO,0
APP_001875,43,SALARIED_GOVT,6.00,39907.88,105443.38,24,0.25,589,0,VEHICLE_PURCHASE,NO,1
APP_001876,62,SALARIED_MNC,4.10,340818.50,1745407.23,48,0.17,560,1,DEBT_CONSOLIDATION,YES,1
APP_001877,22,SELF_EMPLOYED_PROFESSIONAL,24.50,216547.71,1479809.31,84,0.31,638,1,BUSINESS_EXPANSION,NO,1
APP_001878,27,SALARIED_MNC,12.20,113138.32,1190692.74,84,0.32,633,2,EDUCATION,NO,1
APP_001879,42,CONTRACTUAL,15.40,86727.70,881205.49,84,0.47,754,1,MEDICAL_EMERGENCY,YES,0
APP_001880,51,CONTRACTUAL,16.80,73604.89,1497617.82,24,0.43,589,3,VEHICLE_PURCHASE,NO,1
APP_001881,45,SALARIED_MNC,18.10,245237.11,284247.41,12,0.67,627,3,HOME_RENOVATION,NO,1
APP_001882,29,SALARIED_MNC,21.60,227897.25,676327.27,48,0.56,605,5,EDUCATION,NO,1
APP_001883,41,SELF_EMPLOYED_PROFESSIONAL,21.10,238144.81,1505607.59,36,0.44,799,1,HOME_RENOVATION,NO,0
APP_001884,26,SALARIED_GOVT,6.00,166592.30,692970.31,60,0.45,558,5,EDUCATION,YES,1
APP_001885,46,SELF_EMPLOYED_PROFESSIONAL,19.70,329538.70,2225270.17,24,0.38,758,2,BUSINESS_EXPANSION,YES,0
APP_001886,41,SALARIED_MNC,5.70,25584.60,1192468.66,24,0.64,614,3,MEDICAL_EMERGENCY,NO,1
APP_001887,47,SELF_EMPLOYED_PROFESSIONAL,24.60,209001.50,309902.09,48,0.31,697,2,DEBT_CONSOLIDATION,NO,0
APP_001888,51,SALARIED_GOVT,7.00,272049.43,201488.72,36,0.13,749,0,DEBT_CONSOLIDATION,YES,0
APP_001889,50,CONTRACTUAL,14.50,176522.54,967560.09,24,0.31,774,3,HOME_RENOVATION,YES,0
APP_001890,27,SALARIED_MNC,14.80,36085.25,755055.31,120,0.40,771,3,MEDICAL_EMERGENCY,NO,1
APP_001891,57,CONTRACTUAL,2.70,193474.29,1288530.82,120,0.71,660,3,BUSINESS_EXPANSION,NO,1
APP_001892,55,SALARIED_MNC,1.90,204736.37,956804.75,24,0.55,639,1,HOME_RENOVATION,YES,1
APP_001893,45,SELF_EMPLOYED_PROFESSIONAL,7.60,47062.92,1029179.22,24,0.52,602,5,EDUCATION,NO,1
APP_001894,44,BUSINESS_OWNER,6.50,132685.16,2139931.14,84,0.27,796,4,EDUCATION,YES,0
APP_001895,24,CONTRACTUAL,7.50,342160.69,2079893.55,84,0.49,741,1,DEBT_CONSOLIDATION,YES,0
APP_001896,30,SELF_EMPLOYED_PROFESSIONAL,23.60,141314.99,1408947.30,84,0.19,688,4,HOME_RENOVATION,YES,0
APP_001897,22,SALARIED_GOVT,15.00,208156.39,1590550.66,84,0.14,705,5,HOME_RENOVATION,YES,0
APP_001898,28,CONTRACTUAL,24.10,52097.99,719324.71,120,0.28,666,0,HOME_RENOVATION,NO,0
APP_001899,47,BUSINESS_OWNER,5.30,320685.62,1781917.64,36,0.33,577,1,VEHICLE_PURCHASE,YES,1
APP_001900,38,SALARIED_GOVT,13.40,57197.12,1607979.43,60,0.54,812,3,DEBT_CONSOLIDATION,YES,0
APP_001901,38,BUSINESS_OWNER,12.20,137026.39,2159745.96,24,0.34,570,4,BUSINESS_EXPANSION,YES,1
APP_001902,58,BUSINESS_OWNER,16.30,286507.92,2112499.68,48,0.12,680,5,HOME_RENOVATION,YES,0
APP_001903,51,CONTRACTUAL,5.90,63774.57,1436692.59,12,0.62,804,4,HOME_RENOVATION,NO,1
APP_001904,45,BUSINESS_OWNER,18.20,294806.65,1049148.73,84,0.57,660,4,BUSINESS_EXPANSION,YES,1
APP_001905,60,SALARIED_GOVT,12.40,289969.11,2262548.24,48,0.29,836,2,HOME_RENOVATION,YES,0
APP_001906,25,BUSINESS_OWNER,13.90,31831.39,412544.90,36,0.55,794,2,VEHICLE_PURCHASE,NO,0
APP_001907,43,SALARIED_MNC,2.70,232666.78,1096195.02,36,0.17,696,4,HOME_RENOVATION,NO,0
APP_001908,57,SALARIED_GOVT,5.60,136102.91,2137637.38,84,0.46,846,2,EDUCATION,YES,0
APP_001909,58,SELF_EMPLOYED_PROFESSIONAL,9.70,123441.72,999562.16,12,0.29,846,2,HOME_RENOVATION,YES,0
APP_001910,26,CONTRACTUAL,21.70,84899.44,2224353.79,12,0.32,618,3,BUSINESS_EXPANSION,YES,1
APP_001911,37,BUSINESS_OWNER,5.90,310853.31,637104.44,48,0.35,749,4,DEBT_CONSOLIDATION,NO,0
APP_001912,40,SALARIED_MNC,12.70,93679.60,107449.44,24,0.69,769,4,MEDICAL_EMERGENCY,YES,1
APP_001913,31,SALARIED_GOVT,21.60,313356.17,1148350.13,24,0.51,760,0,HOME_RENOVATION,NO,0
APP_001914,29,SALARIED_MNC,8.60,246551.12,1304101.27,12,0.28,595,4,EDUCATION,YES,1
APP_001915,61,SALARIED_GOVT,7.90,90339.05,1715981.02,120,0.36,850,3,EDUCATION,NO,0
APP_001916,23,BUSINESS_OWNER,18.80,225570.64,1751596.96,84,0.55,690,1,MEDICAL_EMERGENCY,YES,0
APP_001917,62,SALARIED_MNC,18.30,204115.69,950467.30,12,0.15,690,4,EDUCATION,NO,0
APP_001918,34,SALARIED_MNC,10.70,290404.57,2315637.54,24,0.52,602,5,MEDICAL_EMERGENCY,NO,1
APP_001919,26,BUSINESS_OWNER,0.90,163637.36,338049.51,48,0.62,760,1,HOME_RENOVATION,NO,1
APP_001920,52,SALARIED_MNC,8.40,204034.60,2015690.44,12,0.68,685,2,MEDICAL_EMERGENCY,NO,1
APP_001921,45,SELF_EMPLOYED_PROFESSIONAL,19.80,51066.25,265310.97,36,0.41,689,0,DEBT_CONSOLIDATION,YES,0
APP_001922,27,SALARIED_GOVT,14.20,133076.34,2070742.41,36,0.56,830,3,BUSINESS_EXPANSION,NO,1
APP_001923,29,SALARIED_GOVT,23.20,284790.92,378202.54,24,0.59,566,3,BUSINESS_EXPANSION,YES,1
APP_001924,39,CONTRACTUAL,21.80,309232.88,2207246.97,24,0.39,586,5,VEHICLE_PURCHASE,NO,1
APP_001925,44,SELF_EMPLOYED_PROFESSIONAL,17.50,125936.45,1612195.93,24,0.12,556,1,MEDICAL_EMERGENCY,NO,1
APP_001926,43,CONTRACTUAL,18.60,229827.25,2122182.57,120,0.66,791,0,MEDICAL_EMERGENCY,NO,1
APP_001927,54,SALARIED_MNC,14.00,212129.78,2329104.13,84,0.61,617,0,DEBT_CONSOLIDATION,YES,1
APP_001928,29,SALARIED_MNC,13.40,63394.02,291644.34,36,0.19,830,0,VEHICLE_PURCHASE,NO,0
APP_001929,52,SELF_EMPLOYED_PROFESSIONAL,20.60,291804.65,2449970.74,84,0.56,753,4,BUSINESS_EXPANSION,YES,1
APP_001930,36,SELF_EMPLOYED_PROFESSIONAL,8.60,297627.87,1157793.63,48,0.24,833,0,DEBT_CONSOLIDATION,YES,0
APP_001931,28,SALARIED_GOVT,15.50,62799.23,1929613.57,12,0.45,620,0,HOME_RENOVATION,YES,1
APP_001932,51,SELF_EMPLOYED_PROFESSIONAL,4.70,39036.54,1521589.87,12,0.41,607,3,BUSINESS_EXPANSION,NO,1
APP_001933,26,SELF_EMPLOYED_PROFESSIONAL,22.90,34041.47,170116.23,84,0.56,796,4,EDUCATION,YES,1
APP_001934,22,BUSINESS_OWNER,18.20,86246.06,1019681.80,48,0.36,723,1,DEBT_CONSOLIDATION,YES,0
APP_001935,26,BUSINESS_OWNER,15.50,124651.38,66209.08,84,0.18,765,1,HOME_RENOVATION,NO,0
APP_001936,36,SALARIED_GOVT,10.00,168383.70,379991.59,12,0.69,591,4,BUSINESS_EXPANSION,YES,1
APP_001937,53,CONTRACTUAL,18.10,39869.12,1058795.43,48,0.67,634,1,DEBT_CONSOLIDATION,NO,1
APP_001938,36,SELF_EMPLOYED_PROFESSIONAL,1.60,53120.65,1608172.03,84,0.32,759,5,EDUCATION,YES,0
APP_001939,40,SALARIED_MNC,8.20,73136.12,787441.91,48,0.62,843,5,BUSINESS_EXPANSION,YES,1
APP_001940,43,SALARIED_MNC,12.10,220263.12,1760091.14,120,0.27,796,0,DEBT_CONSOLIDATION,YES,0
APP_001941,22,SALARIED_MNC,15.90,322891.63,1106490.17,36,0.19,849,0,BUSINESS_EXPANSION,YES,0
APP_001942,57,CONTRACTUAL,13.40,305592.21,1690589.90,48,0.38,813,4,HOME_RENOVATION,NO,0
APP_001943,33,SALARIED_GOVT,11.70,63562.40,1582688.90,36,0.17,725,4,BUSINESS_EXPANSION,NO,0
APP_001944,53,BUSINESS_OWNER,5.50,242356.85,1078605.22,120,0.44,747,1,VEHICLE_PURCHASE,YES,0
APP_001945,47,SALARIED_GOVT,22.50,184155.52,2335540.95,36,0.34,644,1,MEDICAL_EMERGENCY,YES,0
APP_001946,60,BUSINESS_OWNER,8.90,132142.06,2264042.99,84,0.70,663,5,HOME_RENOVATION,YES,1
APP_001947,48,CONTRACTUAL,12.10,265077.18,1227628.28,36,0.17,602,2,DEBT_CONSOLIDATION,NO,1
APP_001948,39,SELF_EMPLOYED_PROFESSIONAL,24.40,167229.05,2416137.33,48,0.26,567,2,EDUCATION,YES,1
APP_001949,62,SALARIED_MNC,15.40,139950.26,2067187.35,24,0.15,571,1,DEBT_CONSOLIDATION,YES,1
APP_001950,60,SALARIED_GOVT,7.60,252211.07,572041.89,48,0.73,782,4,HOME_RENOVATION,YES,1
APP_001951,51,SELF_EMPLOYED_PROFESSIONAL,13.90,80476.49,628198.17,36,0.35,661,2,EDUCATION,YES,0
APP_001952,26,SALARIED_GOVT,11.30,174729.67,352918.84,24,0.74,834,5,VEHICLE_PURCHASE,YES,1
APP_001953,24,SALARIED_GOVT,23.20,41693.28,182809.89,120,0.28,579,0,BUSINESS_EXPANSION,YES,1
APP_001954,60,SALARIED_GOVT,20.10,249715.22,2211643.37,12,0.69,563,0,BUSINESS_EXPANSION,NO,1
APP_001955,28,SALARIED_MNC,13.70,335709.14,1800773.71,36,0.51,664,5,HOME_RENOVATION,YES,0
APP_001956,25,SELF_EMPLOYED_PROFESSIONAL,10.70,321292.46,138168.68,12,0.56,723,3,BUSINESS_EXPANSION,NO,1
APP_001957,40,BUSINESS_OWNER,1.60,232699.04,138345.61,120,0.68,832,5,VEHICLE_PURCHASE,NO,1
APP_001958,52,SALARIED_GOVT,13.80,321963.57,201647.72,120,0.74,581,4,EDUCATION,NO,1
APP_001959,34,SELF_EMPLOYED_PROFESSIONAL,19.90,306590.31,1224927.93,12,0.24,731,5,EDUCATION,NO,0
APP_001960,62,SELF_EMPLOYED_PROFESSIONAL,18.90,269187.47,450819.20,84,0.48,705,5,DEBT_CONSOLIDATION,NO,0
APP_001961,55,BUSINESS_OWNER,3.20,310316.45,2181801.73,48,0.48,555,5,BUSINESS_EXPANSION,NO,1
APP_001962,51,BUSINESS_OWNER,21.90,54842.97,708338.90,24,0.68,586,4,VEHICLE_PURCHASE,NO,1
APP_001963,36,SALARIED_GOVT,14.70,99209.58,584364.59,12,0.67,571,3,EDUCATION,YES,1
APP_001964,53,SALARIED_GOVT,23.70,117997.47,1208067.86,36,0.35,706,5,DEBT_CONSOLIDATION,YES,0
APP_001965,21,SELF_EMPLOYED_PROFESSIONAL,14.10,188260.76,2396946.98,24,0.26,787,0,HOME_RENOVATION,NO,0
APP_001966,51,BUSINESS_OWNER,7.60,131330.84,1972790.79,24,0.40,825,5,HOME_RENOVATION,YES,0
APP_001967,33,CONTRACTUAL,7.20,285967.47,2234616.11,48,0.36,595,4,VEHICLE_PURCHASE,NO,1
APP_001968,42,SALARIED_GOVT,4.10,263774.96,631558.91,84,0.55,623,1,BUSINESS_EXPANSION,YES,1
APP_001969,27,SELF_EMPLOYED_PROFESSIONAL,7.00,333780.41,2188589.72,84,0.53,800,4,HOME_RENOVATION,NO,0
APP_001970,59,BUSINESS_OWNER,7.60,64986.86,1560257.17,84,0.48,612,0,DEBT_CONSOLIDATION,YES,1
APP_001971,56,SALARIED_MNC,22.60,258623.65,1979808.74,84,0.67,850,0,DEBT_CONSOLIDATION,NO,1
APP_001972,23,SELF_EMPLOYED_PROFESSIONAL,5.40,220365.90,2079646.78,120,0.53,847,0,HOME_RENOVATION,NO,0
APP_001973,54,SALARIED_GOVT,15.50,305790.96,756045.64,24,0.33,836,5,HOME_RENOVATION,NO,0
APP_001974,61,SELF_EMPLOYED_PROFESSIONAL,11.60,233387.43,1407498.56,120,0.13,611,1,VEHICLE_PURCHASE,YES,1
APP_001975,24,CONTRACTUAL,6.40,114965.17,973092.65,24,0.23,552,0,EDUCATION,NO,1
APP_001976,36,SALARIED_MNC,9.10,262518.44,252850.13,84,0.24,748,1,MEDICAL_EMERGENCY,YES,0
APP_001977,62,CONTRACTUAL,4.00,126437.66,572888.34,84,0.38,653,4,HOME_RENOVATION,NO,0
APP_001978,24,CONTRACTUAL,17.90,217337.18,1134394.75,60,0.68,751,2,HOME_RENOVATION,YES,1
APP_001979,43,SELF_EMPLOYED_PROFESSIONAL,14.30,231474.06,1923483.81,120,0.51,555,5,EDUCATION,NO,1
APP_001980,29,CONTRACTUAL,16.40,69858.24,330664.31,60,0.39,629,1,EDUCATION,YES,1
APP_001981,28,CONTRACTUAL,0.60,54568.18,828061.95,12,0.56,585,3,HOME_RENOVATION,YES,1
APP_001982,27,SALARIED_MNC,10.20,109789.50,1818773.00,24,0.70,721,4,EDUCATION,YES,1
APP_001983,61,SELF_EMPLOYED_PROFESSIONAL,2.50,70755.26,628527.37,120,0.37,626,3,BUSINESS_EXPANSION,NO,1
APP_001984,33,SALARIED_MNC,14.20,142330.51,1649713.04,60,0.25,650,2,DEBT_CONSOLIDATION,NO,0
APP_001985,49,SALARIED_GOVT,9.50,66980.46,835243.09,60,0.58,761,0,VEHICLE_PURCHASE,NO,1
APP_001986,36,CONTRACTUAL,7.50,113555.79,2395348.51,84,0.51,768,1,MEDICAL_EMERGENCY,NO,0
APP_001987,23,CONTRACTUAL,5.00,282397.89,1957363.40,84,0.44,713,4,EDUCATION,YES,0
APP_001988,55,SALARIED_GOVT,16.00,187374.18,1221239.87,12,0.39,643,4,VEHICLE_PURCHASE,NO,0
APP_001989,42,SALARIED_GOVT,14.00,61572.88,619697.19,36,0.58,655,5,HOME_RENOVATION,NO,1
APP_001990,46,SELF_EMPLOYED_PROFESSIONAL,10.00,264680.02,1315850.80,60,0.15,657,0,BUSINESS_EXPANSION,NO,0
APP_001991,60,SELF_EMPLOYED_PROFESSIONAL,21.30,66693.74,2349297.38,36,0.20,844,2,BUSINESS_EXPANSION,YES,0
APP_001992,32,SALARIED_GOVT,1.90,153927.96,2142120.20,12,0.34,620,1,DEBT_CONSOLIDATION,NO,1
APP_001993,35,BUSINESS_OWNER,4.90,122810.00,1562999.03,84,0.38,677,1,EDUCATION,YES,0
APP_001994,31,SALARIED_MNC,13.70,82560.01,1075305.95,36,0.49,550,0,EDUCATION,YES,1
APP_001995,28,CONTRACTUAL,9.90,45836.29,1888079.99,12,0.21,849,5,MEDICAL_EMERGENCY,YES,0
APP_001996,28,CONTRACTUAL,18.30,305338.48,681641.92,12,0.65,557,1,HOME_RENOVATION,YES,1
APP_001997,50,SELF_EMPLOYED_PROFESSIONAL,8.90,344475.10,303266.59,48,0.51,642,0,HOME_RENOVATION,NO,0
APP_001998,46,BUSINESS_OWNER,22.80,326186.16,58355.52,60,0.39,716,3,HOME_RENOVATION,NO,0
APP_001999,26,SALARIED_MNC,20.20,61257.08,1287815.83,24,0.53,658,5,HOME_RENOVATION,YES,0
APP_002000,26,SALARIED_MNC,17.30,35870.02,855839.87,12,0.22,842,3,HOME_RENOVATION,NO,1
APP_002001,25,BUSINESS_OWNER,6.60,299118.82,1246535.16,84,0.17,794,3,BUSINESS_EXPANSION,NO,0
APP_002002,56,SALARIED_MNC,0.50,262975.59,2063674.31,120,0.74,751,4,HOME_RENOVATION,YES,1
APP_002003,58,SELF_EMPLOYED_PROFESSIONAL,7.00,341101.37,290991.43,36,0.32,733,4,EDUCATION,NO,0
APP_002004,22,SELF_EMPLOYED_PROFESSIONAL,13.10,55391.36,2162775.24,24,0.11,772,4,DEBT_CONSOLIDATION,NO,0
APP_002005,45,SALARIED_GOVT,17.20,75844.29,1736945.40,24,0.52,682,1,MEDICAL_EMERGENCY,YES,0
APP_002006,60,SELF_EMPLOYED_PROFESSIONAL,16.80,347777.96,2262100.08,60,0.23,660,0,VEHICLE_PURCHASE,NO,0
APP_002007,57,SALARIED_GOVT,14.10,222215.28,1340638.81,120,0.62,738,3,BUSINESS_EXPANSION,YES,1
APP_002008,34,BUSINESS_OWNER,2.80,57803.83,1526346.97,36,0.36,667,4,VEHICLE_PURCHASE,YES,0
APP_002009,31,CONTRACTUAL,16.30,252060.62,1526555.97,120,0.15,651,3,VEHICLE_PURCHASE,YES,0
APP_002010,30,SELF_EMPLOYED_PROFESSIONAL,12.00,287087.92,942403.44,60,0.54,715,2,HOME_RENOVATION,YES,0
APP_002011,45,CONTRACTUAL,10.90,119449.62,65268.27,48,0.26,839,3,HOME_RENOVATION,YES,0
APP_002012,26,SALARIED_MNC,6.00,79862.82,1900825.40,84,0.47,817,5,HOME_RENOVATION,NO,0
APP_002013,60,BUSINESS_OWNER,15.80,37773.39,1871427.14,48,0.64,568,2,HOME_RENOVATION,YES,1
APP_002014,60,SELF_EMPLOYED_PROFESSIONAL,8.20,159205.15,2345123.76,84,0.59,841,1,VEHICLE_PURCHASE,YES,1
APP_002015,34,SELF_EMPLOYED_PROFESSIONAL,24.30,265690.64,1690107.06,12,0.13,657,5,DEBT_CONSOLIDATION,NO,0
APP_002016,54,SALARIED_GOVT,8.30,178587.62,1919029.02,36,0.14,596,3,DEBT_CONSOLIDATION,YES,1
APP_002017,45,SALARIED_MNC,13.00,179052.88,1481929.82,24,0.30,569,1,BUSINESS_EXPANSION,YES,1
APP_002018,52,SALARIED_MNC,12.30,130396.50,2408926.03,24,0.15,704,2,BUSINESS_EXPANSION,YES,0
APP_002019,26,BUSINESS_OWNER,19.20,186102.87,1269342.63,24,0.61,685,3,DEBT_CONSOLIDATION,NO,1
APP_002020,28,CONTRACTUAL,17.00,281949.74,260766.33,36,0.46,617,0,MEDICAL_EMERGENCY,NO,1
APP_002021,27,BUSINESS_OWNER,21.90,79380.04,1239216.49,120,0.52,769,4,MEDICAL_EMERGENCY,YES,0
APP_002022,42,SALARIED_GOVT,11.70,26300.09,507119.82,24,0.54,687,5,BUSINESS_EXPANSION,YES,1
APP_002023,34,SELF_EMPLOYED_PROFESSIONAL,17.70,86949.72,2240991.32,120,0.47,644,3,HOME_RENOVATION,NO,0
APP_002024,58,SALARIED_GOVT,14.20,287228.65,1577509.97,60,0.12,792,0,EDUCATION,YES,0
APP_002025,61,SALARIED_MNC,13.70,86262.04,979437.31,24,0.35,673,5,MEDICAL_EMERGENCY,YES,0
APP_002026,34,SELF_EMPLOYED_PROFESSIONAL,1.20,242456.92,1170032.95,12,0.27,714,0,VEHICLE_PURCHASE,YES,0
APP_002027,40,BUSINESS_OWNER,6.90,318257.48,1222469.45,84,0.63,722,0,VEHICLE_PURCHASE,YES,1
APP_002028,60,SELF_EMPLOYED_PROFESSIONAL,4.90,255836.75,2277430.18,120,0.63,714,3,MEDICAL_EMERGENCY,YES,1
APP_002029,37,SELF_EMPLOYED_PROFESSIONAL,18.30,177665.37,98934.20,60,0.48,649,3,MEDICAL_EMERGENCY,NO,0
APP_002030,22,SALARIED_GOVT,17.70,286028.69,1635460.35,84,0.56,772,4,HOME_RENOVATION,NO,1
APP_002031,31,CONTRACTUAL,15.20,205210.53,1755709.30,84,0.32,815,5,MEDICAL_EMERGENCY,YES,0
APP_002032,32,CONTRACTUAL,1.50,288122.66,1511977.09,84,0.30,717,3,MEDICAL_EMERGENCY,NO,0
APP_002033,44,SELF_EMPLOYED_PROFESSIONAL,8.70,242003.84,1606952.96,48,0.70,766,2,VEHICLE_PURCHASE,NO,1
APP_002034,44,CONTRACTUAL,6.40,103392.69,244230.36,60,0.20,624,5,VEHICLE_PURCHASE,NO,1
APP_002035,48,BUSINESS_OWNER,3.60,68719.47,579351.91,120,0.28,848,1,BUSINESS_EXPANSION,NO,0
APP_002036,55,SELF_EMPLOYED_PROFESSIONAL,3.00,141953.13,145564.56,24,0.41,723,5,BUSINESS_EXPANSION,NO,0
APP_002037,22,SALARIED_GOVT,7.50,72039.88,2369820.80,48,0.37,592,5,EDUCATION,NO,1
APP_002038,54,SALARIED_GOVT,17.90,329453.89,1364031.43,120,0.21,770,0,DEBT_CONSOLIDATION,NO,0
APP_002039,38,BUSINESS_OWNER,16.60,137679.58,876080.81,24,0.74,847,0,EDUCATION,NO,1
APP_002040,50,BUSINESS_OWNER,18.30,149435.48,162498.83,12,0.68,635,4,VEHICLE_PURCHASE,YES,1
APP_002041,62,SALARIED_GOVT,24.60,251062.26,308983.42,48,0.57,656,5,EDUCATION,YES,1
APP_002042,56,SELF_EMPLOYED_PROFESSIONAL,24.50,310482.09,2009952.30,36,0.10,760,2,EDUCATION,YES,0
APP_002043,38,SELF_EMPLOYED_PROFESSIONAL,23.80,312762.62,731026.36,36,0.73,748,5,HOME_RENOVATION,NO,1
APP_002044,42,BUSINESS_OWNER,8.00,104366.45,502250.90,48,0.71,560,4,BUSINESS_EXPANSION,YES,1
APP_002045,62,SALARIED_MNC,22.50,200523.26,1725843.35,48,0.54,649,0,EDUCATION,YES,0
APP_002046,35,SELF_EMPLOYED_PROFESSIONAL,13.60,210985.91,288913.54,84,0.51,831,1,EDUCATION,YES,0
APP_002047,30,SALARIED_MNC,7.70,70406.71,1958322.96,120,0.57,691,5,HOME_RENOVATION,YES,1
APP_002048,44,CONTRACTUAL,18.40,113640.19,1517245.06,24,0.23,568,0,VEHICLE_PURCHASE,YES,1
APP_002049,42,SALARIED_GOVT,4.70,201067.63,1034629.34,48,0.22,581,5,EDUCATION,NO,1
APP_002050,62,SALARIED_GOVT,15.70,104279.11,2477210.13,60,0.47,696,0,MEDICAL_EMERGENCY,NO,0
APP_002051,47,CONTRACTUAL,3.90,48746.72,420130.80,84,0.36,758,0,VEHICLE_PURCHASE,NO,0
APP_002052,27,SALARIED_MNC,19.70,308708.45,2101970.26,120,0.56,804,1,VEHICLE_PURCHASE,YES,1
APP_002053,23,BUSINESS_OWNER,18.60,163548.15,2102858.25,60,0.22,741,5,HOME_RENOVATION,YES,0
APP_002054,62,SALARIED_GOVT,13.60,190283.30,1630658.83,84,0.42,824,3,EDUCATION,NO,0
APP_002055,41,CONTRACTUAL,21.40,296341.97,2075839.86,120,0.59,833,4,DEBT_CONSOLIDATION,YES,1
APP_002056,52,BUSINESS_OWNER,11.20,340473.65,1455220.42,84,0.54,620,3,EDUCATION,NO,1
APP_002057,35,SELF_EMPLOYED_PROFESSIONAL,7.50,205748.47,1593264.21,48,0.28,645,5,HOME_RENOVATION,NO,0
APP_002058,44,SALARIED_GOVT,5.00,320424.92,1946517.06,48,0.15,582,1,VEHICLE_PURCHASE,NO,1
APP_002059,33,BUSINESS_OWNER,13.80,67933.56,415652.56,84,0.70,550,3,EDUCATION,YES,1
APP_002060,25,CONTRACTUAL,15.80,215034.36,534676.86,24,0.14,705,5,BUSINESS_EXPANSION,NO,0
APP_002061,46,SALARIED_MNC,17.40,314093.10,325409.69,24,0.51,761,2,EDUCATION,NO,0
APP_002062,27,SALARIED_GOVT,9.50,148729.53,722216.33,12,0.49,826,2,DEBT_CONSOLIDATION,YES,0
APP_002063,61,SALARIED_MNC,8.70,260345.85,337519.83,120,0.44,567,4,MEDICAL_EMERGENCY,NO,1
APP_002064,24,CONTRACTUAL,4.80,259708.52,459031.33,84,0.35,688,4,HOME_RENOVATION,YES,0
APP_002065,57,SALARIED_GOVT,16.10,279928.22,1387055.55,60,0.61,778,2,EDUCATION,NO,1
APP_002066,41,BUSINESS_OWNER,21.70,82405.96,1832594.71,36,0.64,603,4,BUSINESS_EXPANSION,YES,1
APP_002067,34,BUSINESS_OWNER,14.20,69006.00,618779.72,36,0.35,714,4,BUSINESS_EXPANSION,YES,0
APP_002068,53,BUSINESS_OWNER,11.80,226653.84,541737.29,24,0.42,556,4,MEDICAL_EMERGENCY,YES,1
APP_002069,55,BUSINESS_OWNER,12.00,37982.07,714082.07,120,0.46,780,3,DEBT_CONSOLIDATION,NO,1
APP_002070,28,SELF_EMPLOYED_PROFESSIONAL,19.50,133127.78,1299263.73,60,0.72,803,2,HOME_RENOVATION,YES,1
APP_002071,25,SELF_EMPLOYED_PROFESSIONAL,20.50,45253.11,205485.17,12,0.37,715,5,HOME_RENOVATION,NO,0
APP_002072,55,CONTRACTUAL,19.40,347387.28,854954.78,48,0.57,578,3,MEDICAL_EMERGENCY,YES,1
APP_002073,55,BUSINESS_OWNER,16.40,211248.81,671260.40,48,0.31,649,5,BUSINESS_EXPANSION,NO,0
APP_002074,45,SELF_EMPLOYED_PROFESSIONAL,7.30,331893.44,1323073.29,60,0.60,631,5,HOME_RENOVATION,YES,1
APP_002075,43,SALARIED_MNC,21.70,294276.69,1204243.40,60,0.71,585,1,EDUCATION,YES,1
APP_002076,56,SALARIED_GOVT,8.60,168969.39,589681.01,24,0.24,622,0,MEDICAL_EMERGENCY,YES,1
APP_002077,52,SELF_EMPLOYED_PROFESSIONAL,13.70,103764.08,580248.79,84,0.13,704,1,HOME_RENOVATION,NO,0
APP_002078,45,BUSINESS_OWNER,5.90,131636.83,957520.95,36,0.29,604,4,MEDICAL_EMERGENCY,YES,1
APP_002079,59,BUSINESS_OWNER,0.60,239631.30,1505223.67,60,0.55,733,1,BUSINESS_EXPANSION,NO,0
APP_002080,58,SALARIED_GOVT,14.40,40094.45,1188950.07,36,0.30,768,4,VEHICLE_PURCHASE,NO,0
APP_002081,45,SELF_EMPLOYED_PROFESSIONAL,5.80,56354.21,1306041.31,60,0.55,560,3,VEHICLE_PURCHASE,NO,1
APP_002082,42,SELF_EMPLOYED_PROFESSIONAL,4.60,273653.16,1465611.49,84,0.22,695,3,BUSINESS_EXPANSION,YES,0
APP_002083,45,SELF_EMPLOYED_PROFESSIONAL,14.20,290929.07,2428664.11,84,0.10,738,1,MEDICAL_EMERGENCY,NO,0
APP_002084,25,BUSINESS_OWNER,19.50,339555.47,504873.24,60,0.31,691,0,DEBT_CONSOLIDATION,YES,0
APP_002085,55,CONTRACTUAL,12.20,126413.49,1036885.95,60,0.70,801,5,DEBT_CONSOLIDATION,YES,1
APP_002086,46,CONTRACTUAL,14.80,33705.80,510624.52,84,0.59,657,0,HOME_RENOVATION,YES,1
APP_002087,54,CONTRACTUAL,9.50,299827.40,73552.30,120,0.10,805,3,HOME_RENOVATION,NO,0
APP_002088,53,SELF_EMPLOYED_PROFESSIONAL,2.50,36657.42,763278.72,60,0.54,788,3,DEBT_CONSOLIDATION,NO,1
APP_002089,54,SELF_EMPLOYED_PROFESSIONAL,10.70,167766.46,1941496.86,84,0.29,688,3,MEDICAL_EMERGENCY,YES,0
APP_002090,23,SALARIED_MNC,6.40,179892.67,878007.69,24,0.11,664,3,BUSINESS_EXPANSION,NO,0
APP_002091,51,SELF_EMPLOYED_PROFESSIONAL,23.30,108626.29,1112633.69,12,0.11,793,5,EDUCATION,YES,0
APP_002092,34,SALARIED_MNC,17.70,260441.55,654094.56,60,0.35,832,4,BUSINESS_EXPANSION,NO,0
APP_002093,31,SELF_EMPLOYED_PROFESSIONAL,4.10,292984.24,676529.52,48,0.26,807,5,VEHICLE_PURCHASE,YES,0
APP_002094,50,BUSINESS_OWNER,14.00,310866.09,792235.40,48,0.60,715,3,HOME_RENOVATION,YES,1
APP_002095,28,BUSINESS_OWNER,3.60,256259.56,1846546.44,36,0.21,773,4,HOME_RENOVATION,NO,0
APP_002096,62,BUSINESS_OWNER,1.10,251540.75,1903553.56,36,0.65,553,4,BUSINESS_EXPANSION,YES,1
APP_002097,59,SELF_EMPLOYED_PROFESSIONAL,18.10,162186.01,210706.89,36,0.19,611,2,HOME_RENOVATION,YES,1
APP_002098,34,SELF_EMPLOYED_PROFESSIONAL,13.00,58666.28,560472.32,120,0.49,822,1,BUSINESS_EXPANSION,NO,0
APP_002099,51,SALARIED_MNC,16.90,192623.62,923734.53,60,0.22,700,5,MEDICAL_EMERGENCY,YES,0
APP_002100,43,SELF_EMPLOYED_PROFESSIONAL,3.80,106287.96,1592534.07,84,0.73,719,3,HOME_RENOVATION,YES,1
APP_002101,54,SALARIED_MNC,9.70,45722.93,2348542.91,12,0.35,592,4,BUSINESS_EXPANSION,NO,1
APP_002102,44,BUSINESS_OWNER,15.50,67186.64,471423.93,120,0.24,681,0,MEDICAL_EMERGENCY,YES,0
APP_002103,40,BUSINESS_OWNER,18.80,94359.29,1366197.44,48,0.22,745,5,VEHICLE_PURCHASE,YES,0
APP_002104,59,SALARIED_GOVT,23.10,249587.69,359647.48,48,0.45,679,0,DEBT_CONSOLIDATION,NO,0
APP_002105,44,SALARIED_MNC,3.50,113259.70,693676.61,120,0.36,681,0,HOME_RENOVATION,YES,0
APP_002106,46,SALARIED_MNC,17.30,321802.30,1840089.21,60,0.55,785,2,VEHICLE_PURCHASE,YES,0
APP_002107,52,SELF_EMPLOYED_PROFESSIONAL,16.30,176511.07,419898.50,24,0.24,599,2,HOME_RENOVATION,YES,1
APP_002108,24,CONTRACTUAL,14.10,119126.55,863262.85,120,0.72,753,5,DEBT_CONSOLIDATION,NO,1
APP_002109,61,BUSINESS_OWNER,19.90,125165.89,2400337.15,48,0.46,753,5,VEHICLE_PURCHASE,YES,0
APP_002110,60,SALARIED_MNC,14.40,84692.93,1840112.70,120,0.13,609,3,BUSINESS_EXPANSION,NO,1
APP_002111,46,SALARIED_MNC,9.20,287412.23,1176321.26,84,0.64,757,0,BUSINESS_EXPANSION,NO,1
APP_002112,30,SALARIED_GOVT,15.00,63787.78,2421676.24,84,0.45,715,4,VEHICLE_PURCHASE,YES,0
APP_002113,46,SALARIED_GOVT,22.60,204401.27,600410.13,48,0.22,645,0,BUSINESS_EXPANSION,YES,0
APP_002114,22,CONTRACTUAL,21.40,179458.32,992653.55,60,0.42,619,5,DEBT_CONSOLIDATION,YES,1
APP_002115,26,BUSINESS_OWNER,19.30,240720.10,903880.08,84,0.51,764,0,EDUCATION,NO,0
APP_002116,53,SALARIED_MNC,15.60,168481.03,796099.62,120,0.12,551,5,MEDICAL_EMERGENCY,NO,1
APP_002117,57,SELF_EMPLOYED_PROFESSIONAL,12.80,168925.43,935898.11,120,0.37,756,2,BUSINESS_EXPANSION,NO,0
APP_002118,30,CONTRACTUAL,2.20,214574.36,348383.05,84,0.51,839,1,VEHICLE_PURCHASE,YES,0
APP_002119,49,BUSINESS_OWNER,13.50,195823.28,539739.63,60,0.74,796,2,VEHICLE_PURCHASE,NO,1
APP_002120,42,SALARIED_MNC,20.50,293371.02,667875.32,120,0.16,734,3,EDUCATION,NO,0
APP_002121,39,CONTRACTUAL,14.30,201437.71,2375182.88,24,0.15,658,2,DEBT_CONSOLIDATION,NO,0
APP_002122,28,SALARIED_MNC,9.80,52997.29,2250354.10,120,0.32,705,2,VEHICLE_PURCHASE,YES,0
APP_002123,43,CONTRACTUAL,21.00,127673.04,1226773.72,24,0.72,708,5,DEBT_CONSOLIDATION,NO,1
APP_002124,39,SELF_EMPLOYED_PROFESSIONAL,18.40,53718.38,531517.89,84,0.60,677,3,VEHICLE_PURCHASE,NO,1
APP_002125,26,SALARIED_GOVT,15.80,258492.05,1240711.25,12,0.22,726,1,VEHICLE_PURCHASE,YES,0
APP_002126,42,BUSINESS_OWNER,3.30,35136.74,149906.54,48,0.33,806,1,DEBT_CONSOLIDATION,NO,0
APP_002127,48,SELF_EMPLOYED_PROFESSIONAL,5.50,286165.69,346654.33,36,0.30,597,5,VEHICLE_PURCHASE,YES,1
APP_002128,54,CONTRACTUAL,1.20,254585.03,450777.81,12,0.35,642,4,VEHICLE_PURCHASE,YES,0
APP_002129,24,CONTRACTUAL,14.90,74876.98,83571.90,24,0.23,622,0,EDUCATION,YES,1
APP_002130,61,SALARIED_MNC,17.70,260418.75,2155460.42,120,0.48,552,1,VEHICLE_PURCHASE,YES,1
APP_002131,23,SALARIED_GOVT,10.50,251012.71,2283420.30,24,0.70,778,1,EDUCATION,NO,1
APP_002132,29,BUSINESS_OWNER,13.20,343299.96,1040778.47,60,0.33,637,4,DEBT_CONSOLIDATION,YES,1
APP_002133,25,SALARIED_GOVT,3.30,319573.09,2278346.04,36,0.37,714,3,MEDICAL_EMERGENCY,NO,0
APP_002134,33,SALARIED_GOVT,7.10,284671.81,2337059.10,84,0.16,793,3,BUSINESS_EXPANSION,NO,0
APP_002135,32,SELF_EMPLOYED_PROFESSIONAL,2.40,92631.97,1675157.54,48,0.36,721,4,HOME_RENOVATION,YES,0
APP_002136,56,SELF_EMPLOYED_PROFESSIONAL,5.70,292957.66,1107303.71,120,0.15,792,0,DEBT_CONSOLIDATION,YES,0
APP_002137,31,SALARIED_GOVT,4.70,100306.52,757606.79,12,0.32,829,2,EDUCATION,NO,0
APP_002138,54,CONTRACTUAL,20.10,289314.24,1475327.67,120,0.52,805,1,HOME_RENOVATION,NO,0
APP_002139,62,SALARIED_MNC,19.30,174792.72,1187789.48,24,0.22,613,4,HOME_RENOVATION,YES,1
APP_002140,53,SALARIED_GOVT,19.60,283089.07,2282303.75,120,0.75,803,5,BUSINESS_EXPANSION,NO,1
APP_002141,33,SALARIED_GOVT,15.40,61110.48,1957001.36,36,0.39,728,1,VEHICLE_PURCHASE,NO,0
APP_002142,38,SALARIED_GOVT,6.40,46673.80,1549704.78,36,0.66,553,1,DEBT_CONSOLIDATION,NO,1
APP_002143,59,BUSINESS_OWNER,18.50,226200.09,789180.35,36,0.55,592,5,VEHICLE_PURCHASE,YES,1
APP_002144,22,SALARIED_MNC,9.70,293425.40,2259647.58,120,0.59,842,5,DEBT_CONSOLIDATION,NO,1
APP_002145,58,SALARIED_GOVT,13.70,160200.39,2472913.07,120,0.52,812,1,HOME_RENOVATION,YES,0
APP_002146,29,SALARIED_GOVT,23.50,115578.49,1592750.00,84,0.53,582,4,VEHICLE_PURCHASE,YES,1
APP_002147,24,CONTRACTUAL,24.80,275649.05,2485668.28,24,0.62,577,4,HOME_RENOVATION,NO,1
APP_002148,36,SALARIED_GOVT,15.20,138734.51,174193.53,84,0.39,841,5,EDUCATION,NO,0
APP_002149,52,SELF_EMPLOYED_PROFESSIONAL,17.70,97354.55,844646.07,84,0.54,623,3,VEHICLE_PURCHASE,NO,1
APP_002150,48,CONTRACTUAL,8.20,237504.24,1205988.15,120,0.45,656,1,HOME_RENOVATION,NO,0
APP_002151,33,SELF_EMPLOYED_PROFESSIONAL,4.90,315952.74,1820315.45,60,0.52,789,3,DEBT_CONSOLIDATION,YES,0
APP_002152,30,BUSINESS_OWNER,17.20,38365.16,616836.67,12,0.68,626,1,BUSINESS_EXPANSION,YES,1
APP_002153,46,SELF_EMPLOYED_PROFESSIONAL,10.30,324169.99,966583.35,36,0.52,666,4,EDUCATION,YES,0
APP_002154,33,SALARIED_GOVT,20.20,205063.46,998066.40,48,0.68,673,0,BUSINESS_EXPANSION,YES,1
APP_002155,39,SELF_EMPLOYED_PROFESSIONAL,10.90,43774.34,2081476.13,24,0.39,593,1,DEBT_CONSOLIDATION,NO,1
APP_002156,52,SALARIED_MNC,3.60,260442.03,610807.72,48,0.41,622,1,DEBT_CONSOLIDATION,YES,1
APP_002157,34,SALARIED_MNC,4.30,100305.13,2270567.69,60,0.54,686,5,VEHICLE_PURCHASE,YES,0
APP_002158,43,SALARIED_MNC,12.50,112609.22,2432456.37,48,0.20,687,1,DEBT_CONSOLIDATION,NO,0
APP_002159,61,SELF_EMPLOYED_PROFESSIONAL,1.80,56079.77,732498.19,84,0.30,712,0,MEDICAL_EMERGENCY,YES,0
APP_002160,47,BUSINESS_OWNER,24.90,115325.39,932348.06,12,0.31,588,1,MEDICAL_EMERGENCY,YES,1
APP_002161,36,CONTRACTUAL,20.50,207289.85,1157013.86,36,0.33,847,5,DEBT_CONSOLIDATION,YES,0
APP_002162,62,CONTRACTUAL,14.10,222880.41,1653429.30,120,0.10,587,5,HOME_RENOVATION,YES,1
APP_002163,45,CONTRACTUAL,8.30,251325.84,1917046.00,12,0.48,630,0,HOME_RENOVATION,NO,1
APP_002164,57,SALARIED_GOVT,16.50,252798.10,571675.05,48,0.21,581,5,EDUCATION,NO,1
APP_002165,27,CONTRACTUAL,19.60,322639.32,644437.59,24,0.62,821,3,DEBT_CONSOLIDATION,NO,1
APP_002166,32,SALARIED_MNC,10.20,104442.26,458236.36,84,0.41,736,1,MEDICAL_EMERGENCY,NO,0
APP_002167,50,CONTRACTUAL,16.10,99819.40,1482638.88,24,0.54,790,3,HOME_RENOVATION,YES,0
APP_002168,57,SALARIED_GOVT,13.60,321399.08,1906628.32,84,0.74,789,5,EDUCATION,YES,1
APP_002169,54,CONTRACTUAL,23.70,221171.65,1606486.81,60,0.53,582,0,VEHICLE_PURCHASE,YES,1
APP_002170,54,SALARIED_GOVT,15.10,204187.29,1103956.77,84,0.51,803,3,EDUCATION,YES,0
APP_002171,61,SALARIED_MNC,20.30,245889.95,500189.52,24,0.59,626,3,MEDICAL_EMERGENCY,NO,1
APP_002172,59,SELF_EMPLOYED_PROFESSIONAL,23.00,257428.42,876106.30,24,0.42,807,4,HOME_RENOVATION,NO,0
APP_002173,47,BUSINESS_OWNER,22.60,230303.05,206306.93,48,0.11,766,0,DEBT_CONSOLIDATION,NO,0
APP_002174,25,BUSINESS_OWNER,24.90,214652.81,974924.14,12,0.14,769,2,EDUCATION,NO,0
APP_002175,42,SALARIED_MNC,2.50,328168.18,676051.50,12,0.30,660,2,BUSINESS_EXPANSION,NO,0
APP_002176,26,SALARIED_GOVT,13.60,343858.57,2459651.01,12,0.33,724,1,MEDICAL_EMERGENCY,NO,0
APP_002177,62,SELF_EMPLOYED_PROFESSIONAL,23.80,226026.16,149416.69,48,0.74,721,3,DEBT_CONSOLIDATION,NO,1
APP_002178,45,SALARIED_GOVT,19.60,225669.21,227048.80,48,0.45,794,5,BUSINESS_EXPANSION,YES,0
APP_002179,34,CONTRACTUAL,21.40,283595.79,743822.75,24,0.17,628,4,HOME_RENOVATION,YES,1
APP_002180,29,SALARIED_GOVT,21.10,164502.29,1891858.56,60,0.59,771,2,VEHICLE_PURCHASE,YES,1
APP_002181,46,SELF_EMPLOYED_PROFESSIONAL,2.40,141004.37,356218.91,60,0.31,612,3,EDUCATION,NO,1
APP_002182,28,SELF_EMPLOYED_PROFESSIONAL,6.50,44549.17,564799.22,12,0.23,764,5,HOME_RENOVATION,YES,0
APP_002183,31,SALARIED_GOVT,6.40,55628.15,1708771.56,12,0.59,740,4,VEHICLE_PURCHASE,YES,1
APP_002184,31,BUSINESS_OWNER,23.30,316702.04,289203.02,60,0.61,760,0,BUSINESS_EXPANSION,YES,1
APP_002185,34,BUSINESS_OWNER,5.30,312763.40,1703302.35,120,0.10,758,5,VEHICLE_PURCHASE,YES,0
APP_002186,37,SELF_EMPLOYED_PROFESSIONAL,7.50,300668.38,972904.10,24,0.13,767,4,EDUCATION,NO,0
APP_002187,56,CONTRACTUAL,24.20,168722.78,931890.24,36,0.73,844,3,HOME_RENOVATION,YES,1
APP_002188,48,SELF_EMPLOYED_PROFESSIONAL,3.30,292127.70,1803947.56,12,0.25,756,0,HOME_RENOVATION,YES,0
APP_002189,26,SALARIED_MNC,21.50,213609.92,1697389.78,12,0.46,699,4,EDUCATION,NO,0
APP_002190,21,SALARIED_GOVT,4.40,308861.98,1130058.59,48,0.55,623,0,DEBT_CONSOLIDATION,YES,1
APP_002191,50,BUSINESS_OWNER,14.00,127230.07,1795970.26,12,0.15,790,4,BUSINESS_EXPANSION,NO,0
APP_002192,36,BUSINESS_OWNER,13.90,203112.17,937649.67,12,0.12,621,0,DEBT_CONSOLIDATION,YES,1
APP_002193,61,SELF_EMPLOYED_PROFESSIONAL,11.10,165748.43,794285.63,36,0.40,716,0,MEDICAL_EMERGENCY,NO,0
APP_002194,28,CONTRACTUAL,5.10,94049.06,467938.65,84,0.21,761,1,VEHICLE_PURCHASE,YES,0
APP_002195,57,BUSINESS_OWNER,15.10,123295.80,750079.31,60,0.43,697,3,BUSINESS_EXPANSION,NO,0
APP_002196,31,SALARIED_MNC,19.50,97724.20,1186635.69,84,0.63,626,5,HOME_RENOVATION,NO,1
APP_002197,50,BUSINESS_OWNER,18.60,274758.53,1530270.03,48,0.16,788,3,HOME_RENOVATION,NO,0
APP_002198,24,BUSINESS_OWNER,23.70,242580.62,771509.51,84,0.20,764,1,MEDICAL_EMERGENCY,YES,0
APP_002199,34,SALARIED_MNC,20.80,161717.23,2479371.21,60,0.14,659,5,BUSINESS_EXPANSION,NO,0
APP_002200,33,SALARIED_MNC,16.10,265456.10,1367460.63,48,0.33,752,5,VEHICLE_PURCHASE,YES,0
APP_002201,36,SELF_EMPLOYED_PROFESSIONAL,17.20,340323.50,735452.27,48,0.63,600,3,EDUCATION,NO,1
APP_002202,22,BUSINESS_OWNER,16.60,70182.64,681832.24,84,0.45,835,1,VEHICLE_PURCHASE,NO,0
APP_002203,34,BUSINESS_OWNER,20.70,342073.88,773879.24,84,0.38,706,4,MEDICAL_EMERGENCY,NO,0
APP_002204,54,CONTRACTUAL,16.10,328356.25,126016.52,48,0.70,772,0,HOME_RENOVATION,NO,1
APP_002205,58,SALARIED_GOVT,0.60,299287.41,1911596.58,48,0.38,750,1,EDUCATION,YES,0
APP_002206,62,SALARIED_MNC,22.10,66832.79,1387652.76,36,0.49,588,4,MEDICAL_EMERGENCY,NO,1
APP_002207,21,SALARIED_GOVT,11.80,86355.38,1159669.22,120,0.66,651,0,DEBT_CONSOLIDATION,NO,1
APP_002208,31,SELF_EMPLOYED_PROFESSIONAL,19.10,158662.64,1745893.20,60,0.30,627,4,BUSINESS_EXPANSION,YES,1
APP_002209,22,SALARIED_GOVT,8.50,186421.07,1353169.96,24,0.27,790,2,HOME_RENOVATION,NO,0
APP_002210,36,SALARIED_GOVT,24.60,89060.78,514578.26,24,0.56,693,2,HOME_RENOVATION,YES,1
APP_002211,53,CONTRACTUAL,5.70,180842.01,2356250.46,48,0.20,728,1,BUSINESS_EXPANSION,YES,0
APP_002212,29,SELF_EMPLOYED_PROFESSIONAL,17.10,221283.93,1034399.75,84,0.60,772,4,VEHICLE_PURCHASE,YES,1
APP_002213,22,SALARIED_MNC,8.10,194628.42,1241845.01,24,0.37,652,4,MEDICAL_EMERGENCY,NO,0
APP_002214,39,SALARIED_GOVT,24.70,52543.30,1610386.53,48,0.26,721,3,HOME_RENOVATION,NO,0
APP_002215,54,SALARIED_GOVT,3.70,139817.86,1177578.80,24,0.35,720,0,DEBT_CONSOLIDATION,NO,0
APP_002216,58,BUSINESS_OWNER,16.20,253781.29,423511.91,60,0.41,661,2,BUSINESS_EXPANSION,YES,0
APP_002217,34,BUSINESS_OWNER,23.50,199169.21,906553.62,12,0.73,571,1,MEDICAL_EMERGENCY,NO,1
APP_002218,51,SALARIED_MNC,13.50,138594.90,1830570.69,120,0.74,645,5,EDUCATION,NO,1
APP_002219,38,BUSINESS_OWNER,4.70,148394.80,1192795.87,48,0.58,748,4,HOME_RENOVATION,NO,1
APP_002220,52,SALARIED_GOVT,4.10,53395.01,1013761.15,60,0.65,722,1,MEDICAL_EMERGENCY,YES,1
APP_002221,48,SALARIED_MNC,21.20,247635.29,305795.52,48,0.25,591,1,VEHICLE_PURCHASE,NO,1
APP_002222,39,BUSINESS_OWNER,11.70,270390.13,1195748.79,120,0.48,703,0,DEBT_CONSOLIDATION,YES,0
APP_002223,50,SALARIED_MNC,0.90,90863.34,2418238.26,60,0.31,725,5,VEHICLE_PURCHASE,YES,0
APP_002224,33,SALARIED_GOVT,1.90,265727.41,2334681.21,48,0.59,740,1,HOME_RENOVATION,YES,1
APP_002225,34,BUSINESS_OWNER,16.90,266393.12,2328880.58,24,0.21,579,1,EDUCATION,YES,1
APP_002226,42,SALARIED_GOVT,9.50,264047.26,934370.00,60,0.52,658,1,VEHICLE_PURCHASE,YES,0
APP_002227,21,SALARIED_MNC,7.30,128407.21,1790953.90,60,0.49,593,1,HOME_RENOVATION,NO,1
APP_002228,25,SALARIED_MNC,7.90,260978.70,1612426.68,60,0.31,707,5,MEDICAL_EMERGENCY,YES,0
APP_002229,22,SALARIED_GOVT,5.90,173308.46,1255455.34,120,0.30,642,4,BUSINESS_EXPANSION,NO,0
APP_002230,45,SALARIED_MNC,13.50,319363.14,365387.47,120,0.52,764,1,DEBT_CONSOLIDATION,YES,0
APP_002231,62,SALARIED_MNC,7.10,246274.97,255534.59,36,0.35,809,2,BUSINESS_EXPANSION,NO,0
APP_002232,61,CONTRACTUAL,13.50,198172.75,2010675.34,12,0.70,606,4,DEBT_CONSOLIDATION,YES,1
APP_002233,21,SELF_EMPLOYED_PROFESSIONAL,19.60,193806.68,734994.97,84,0.18,689,1,VEHICLE_PURCHASE,NO,0
APP_002234,42,SALARIED_GOVT,21.60,197821.79,1267608.35,24,0.13,779,0,DEBT_CONSOLIDATION,NO,0
APP_002235,29,SELF_EMPLOYED_PROFESSIONAL,4.40,176018.40,289931.21,60,0.75,707,3,HOME_RENOVATION,NO,1
APP_002236,38,SELF_EMPLOYED_PROFESSIONAL,15.10,330331.23,1686049.64,60,0.43,576,5,DEBT_CONSOLIDATION,YES,1
APP_002237,62,BUSINESS_OWNER,11.80,188899.41,953007.12,24,0.27,719,5,HOME_RENOVATION,YES,0
APP_002238,60,CONTRACTUAL,20.20,61039.32,1228946.29,60,0.25,676,4,HOME_RENOVATION,YES,0
APP_002239,53,BUSINESS_OWNER,2.10,215768.03,2499372.50,84,0.74,631,0,DEBT_CONSOLIDATION,YES,1
APP_002240,34,SALARIED_MNC,15.20,143618.16,1089217.37,12,0.20,688,2,BUSINESS_EXPANSION,NO,0
APP_002241,26,SELF_EMPLOYED_PROFESSIONAL,3.20,113873.31,1154982.82,120,0.42,655,1,VEHICLE_PURCHASE,YES,0
APP_002242,54,SALARIED_GOVT,22.30,201803.67,389744.57,84,0.38,803,0,VEHICLE_PURCHASE,NO,0
APP_002243,41,CONTRACTUAL,20.00,234432.11,484847.70,84,0.30,769,0,DEBT_CONSOLIDATION,YES,0
APP_002244,32,SALARIED_MNC,10.30,293279.96,811719.91,120,0.24,818,5,DEBT_CONSOLIDATION,NO,0
APP_002245,21,SALARIED_GOVT,10.70,278431.48,1786291.69,36,0.24,680,0,VEHICLE_PURCHASE,NO,0
APP_002246,35,SELF_EMPLOYED_PROFESSIONAL,4.50,86184.33,2333019.67,12,0.69,558,3,DEBT_CONSOLIDATION,NO,1
APP_002247,61,SALARIED_MNC,1.20,286135.51,2396644.18,12,0.47,760,3,BUSINESS_EXPANSION,NO,0
APP_002248,47,SELF_EMPLOYED_PROFESSIONAL,3.00,320192.84,2289959.74,60,0.36,810,4,MEDICAL_EMERGENCY,YES,0
APP_002249,42,SELF_EMPLOYED_PROFESSIONAL,23.20,105015.89,1506525.97,12,0.65,776,0,BUSINESS_EXPANSION,YES,1
APP_002250,36,SELF_EMPLOYED_PROFESSIONAL,3.90,146985.01,1817159.90,120,0.38,774,5,EDUCATION,YES,0
APP_002251,55,CONTRACTUAL,17.50,185211.21,1409512.33,84,0.19,738,1,VEHICLE_PURCHASE,YES,0
APP_002252,34,SELF_EMPLOYED_PROFESSIONAL,10.80,51825.15,2404829.87,60,0.62,750,0,EDUCATION,YES,1
APP_002253,21,SALARIED_GOVT,8.40,279024.42,416301.06,36,0.47,762,5,MEDICAL_EMERGENCY,NO,0
APP_002254,32,SALARIED_GOVT,7.00,40996.41,370970.31,84,0.13,685,4,HOME_RENOVATION,NO,0
APP_002255,43,SALARIED_MNC,21.50,288653.26,1942703.50,12,0.71,658,4,VEHICLE_PURCHASE,YES,1
APP_002256,29,BUSINESS_OWNER,14.30,344614.85,937496.72,12,0.70,653,0,VEHICLE_PURCHASE,NO,1
APP_002257,61,SALARIED_GOVT,8.00,154096.22,2146288.22,24,0.26,678,1,HOME_RENOVATION,NO,0
APP_002258,38,SALARIED_MNC,10.70,70462.91,225239.78,60,0.65,821,0,VEHICLE_PURCHASE,NO,1
APP_002259,50,CONTRACTUAL,2.10,290745.48,183731.91,84,0.50,803,3,EDUCATION,YES,0
APP_002260,45,CONTRACTUAL,6.90,294912.11,733373.02,120,0.35,589,5,HOME_RENOVATION,YES,1
APP_002261,45,SELF_EMPLOYED_PROFESSIONAL,7.70,290872.19,592831.26,48,0.23,589,3,EDUCATION,YES,1
APP_002262,34,BUSINESS_OWNER,13.00,69761.08,1022279.55,12,0.61,751,0,HOME_RENOVATION,YES,1
APP_002263,35,BUSINESS_OWNER,3.70,217521.67,1657672.84,36,0.22,766,5,MEDICAL_EMERGENCY,NO,0
APP_002264,34,SALARIED_MNC,20.50,189693.97,1711201.34,36,0.30,565,1,BUSINESS_EXPANSION,NO,1
APP_002265,52,SALARIED_MNC,20.00,163445.19,1749727.14,36,0.54,656,3,MEDICAL_EMERGENCY,NO,0
APP_002266,56,SALARIED_GOVT,1.90,206574.57,2040843.99,60,0.73,622,3,DEBT_CONSOLIDATION,YES,1
APP_002267,59,CONTRACTUAL,24.60,51956.50,2314180.85,84,0.29,585,4,EDUCATION,NO,1
APP_002268,39,SALARIED_MNC,12.80,31679.46,1420554.30,84,0.65,727,1,VEHICLE_PURCHASE,NO,1
APP_002269,61,SALARIED_MNC,9.10,67063.91,2200239.03,36,0.29,818,4,HOME_RENOVATION,YES,0
APP_002270,24,CONTRACTUAL,9.50,316321.94,187575.13,48,0.67,840,4,HOME_RENOVATION,NO,1
APP_002271,21,SALARIED_MNC,5.00,211740.12,1093810.39,48,0.67,613,1,BUSINESS_EXPANSION,YES,1
APP_002272,51,SALARIED_GOVT,13.50,51533.24,975787.91,120,0.55,819,3,DEBT_CONSOLIDATION,YES,0
APP_002273,28,BUSINESS_OWNER,11.00,153083.16,407419.53,12,0.54,801,4,HOME_RENOVATION,YES,0
APP_002274,35,SALARIED_MNC,10.70,300590.84,2259474.64,120,0.13,747,2,DEBT_CONSOLIDATION,YES,0
APP_002275,31,BUSINESS_OWNER,15.50,340562.25,1564406.19,12,0.27,766,4,BUSINESS_EXPANSION,YES,0
APP_002276,26,CONTRACTUAL,8.10,97597.72,458327.83,84,0.24,739,1,EDUCATION,NO,0
APP_002277,30,CONTRACTUAL,11.00,170339.21,747769.21,60,0.49,610,2,EDUCATION,YES,1
APP_002278,24,BUSINESS_OWNER,8.10,266891.33,1087976.60,60,0.42,728,2,HOME_RENOVATION,NO,0
APP_002279,31,CONTRACTUAL,15.90,158584.82,549615.77,60,0.31,764,5,DEBT_CONSOLIDATION,YES,0
APP_002280,44,BUSINESS_OWNER,13.80,288120.24,119169.61,60,0.65,626,3,BUSINESS_EXPANSION,NO,1
APP_002281,59,SALARIED_GOVT,22.80,273020.45,1341807.37,120,0.60,692,0,VEHICLE_PURCHASE,YES,1
APP_002282,59,CONTRACTUAL,6.70,123034.68,446492.22,24,0.58,629,3,BUSINESS_EXPANSION,NO,1
APP_002283,32,BUSINESS_OWNER,15.70,247541.44,1422509.51,12,0.14,777,4,DEBT_CONSOLIDATION,YES,0
APP_002284,40,SALARIED_MNC,8.20,121346.28,382312.02,84,0.12,842,3,BUSINESS_EXPANSION,YES,0
APP_002285,59,SALARIED_MNC,19.60,74136.66,1453248.45,60,0.14,798,2,EDUCATION,NO,0
APP_002286,32,SELF_EMPLOYED_PROFESSIONAL,14.70,64465.36,2217676.64,120,0.58,565,1,VEHICLE_PURCHASE,YES,1
APP_002287,41,SALARIED_GOVT,9.40,190842.10,1705195.17,24,0.62,623,0,VEHICLE_PURCHASE,YES,1
APP_002288,23,SALARIED_MNC,2.10,319609.29,2068935.86,84,0.65,814,0,DEBT_CONSOLIDATION,YES,1
APP_002289,45,BUSINESS_OWNER,19.40,117116.31,398108.88,12,0.23,644,2,HOME_RENOVATION,NO,0
APP_002290,23,CONTRACTUAL,23.20,33648.84,442205.69,84,0.24,623,0,HOME_RENOVATION,YES,1
APP_002291,52,SELF_EMPLOYED_PROFESSIONAL,12.10,259888.53,1454815.99,12,0.27,643,5,MEDICAL_EMERGENCY,YES,0
APP_002292,33,SALARIED_GOVT,7.50,321494.89,1055893.36,120,0.61,807,1,BUSINESS_EXPANSION,NO,1
APP_002293,59,CONTRACTUAL,18.10,116863.24,1856514.53,24,0.73,630,3,EDUCATION,NO,1
APP_002294,54,SALARIED_MNC,11.50,46185.15,393194.45,24,0.32,694,0,VEHICLE_PURCHASE,YES,0
APP_002295,44,SALARIED_GOVT,22.20,198249.29,1389269.52,24,0.44,553,1,HOME_RENOVATION,NO,1
APP_002296,26,BUSINESS_OWNER,22.00,209015.98,265060.46,36,0.57,630,2,EDUCATION,YES,1
APP_002297,56,SALARIED_MNC,11.10,343739.08,2225980.63,12,0.42,571,5,DEBT_CONSOLIDATION,NO,1
APP_002298,45,BUSINESS_OWNER,5.80,209391.33,936452.64,12,0.20,550,1,HOME_RENOVATION,NO,1
APP_002299,53,SELF_EMPLOYED_PROFESSIONAL,3.40,279903.72,2307068.25,12,0.62,679,2,HOME_RENOVATION,NO,1
APP_002300,61,CONTRACTUAL,21.90,89743.37,1066979.90,60,0.27,618,0,DEBT_CONSOLIDATION,NO,1
APP_002301,57,CONTRACTUAL,13.80,41000.19,837044.29,84,0.61,782,0,BUSINESS_EXPANSION,NO,1
APP_002302,42,BUSINESS_OWNER,22.20,94923.58,1211084.83,12,0.15,659,2,EDUCATION,YES,0
APP_002303,32,SALARIED_GOVT,16.60,295168.09,568053.93,60,0.43,743,2,VEHICLE_PURCHASE,YES,0
APP_002304,50,SALARIED_GOVT,3.60,79942.92,206279.26,60,0.47,704,3,EDUCATION,NO,0
APP_002305,24,SALARIED_MNC,2.80,263576.76,2089992.75,48,0.35,709,1,MEDICAL_EMERGENCY,YES,0
APP_002306,30,SALARIED_GOVT,1.00,53528.71,241229.56,36,0.11,675,5,HOME_RENOVATION,NO,0
APP_002307,61,SALARIED_GOVT,24.00,137855.15,2214580.37,60,0.16,842,2,EDUCATION,YES,0
APP_002308,53,CONTRACTUAL,15.70,121632.62,791803.36,48,0.63,649,0,MEDICAL_EMERGENCY,NO,1
APP_002309,36,SELF_EMPLOYED_PROFESSIONAL,25.00,117364.73,435938.16,60,0.27,730,4,DEBT_CONSOLIDATION,YES,0
APP_002310,45,SALARIED_GOVT,7.20,170318.69,1523061.26,84,0.19,637,3,BUSINESS_EXPANSION,YES,1
APP_002311,34,SELF_EMPLOYED_PROFESSIONAL,2.00,33092.46,1719102.16,60,0.71,567,4,DEBT_CONSOLIDATION,NO,1
APP_002312,62,SELF_EMPLOYED_PROFESSIONAL,0.90,134928.58,1444213.47,120,0.43,614,4,HOME_RENOVATION,NO,1
APP_002313,34,SALARIED_GOVT,0.70,341078.96,685860.58,48,0.15,817,5,VEHICLE_PURCHASE,YES,0
APP_002314,52,SELF_EMPLOYED_PROFESSIONAL,8.50,81845.60,123664.80,48,0.12,673,4,MEDICAL_EMERGENCY,NO,0
APP_002315,62,SALARIED_MNC,11.50,349594.43,101869.99,24,0.16,567,5,HOME_RENOVATION,YES,1
APP_002316,36,BUSINESS_OWNER,17.80,28134.16,892381.48,48,0.53,789,0,HOME_RENOVATION,YES,1
APP_002317,34,SELF_EMPLOYED_PROFESSIONAL,8.80,327018.93,1425648.90,36,0.14,567,4,BUSINESS_EXPANSION,YES,1
APP_002318,38,SELF_EMPLOYED_PROFESSIONAL,8.00,232077.21,1563316.79,48,0.42,806,3,MEDICAL_EMERGENCY,YES,0
APP_002319,30,SELF_EMPLOYED_PROFESSIONAL,9.70,108194.76,972083.68,60,0.51,800,2,VEHICLE_PURCHASE,NO,0
APP_002320,29,SALARIED_MNC,9.30,54143.58,2058678.75,84,0.26,639,1,DEBT_CONSOLIDATION,NO,1
APP_002321,31,BUSINESS_OWNER,12.50,46474.26,1275060.89,60,0.66,850,4,HOME_RENOVATION,YES,1
APP_002322,56,CONTRACTUAL,3.80,56825.34,2131677.50,84,0.21,747,4,MEDICAL_EMERGENCY,NO,0
APP_002323,46,SALARIED_MNC,24.30,220420.35,431242.20,48,0.10,574,2,BUSINESS_EXPANSION,YES,1
APP_002324,33,BUSINESS_OWNER,8.90,246592.76,716790.27,36,0.49,842,3,EDUCATION,YES,0
APP_002325,42,SALARIED_MNC,24.90,342063.01,245326.26,36,0.15,677,0,VEHICLE_PURCHASE,NO,0
APP_002326,24,BUSINESS_OWNER,21.60,264799.17,1741089.01,24,0.59,593,1,MEDICAL_EMERGENCY,NO,1
APP_002327,49,SELF_EMPLOYED_PROFESSIONAL,18.50,268268.86,410444.81,120,0.57,718,5,HOME_RENOVATION,NO,1
APP_002328,32,SALARIED_MNC,16.20,197829.85,2139630.82,120,0.54,561,2,DEBT_CONSOLIDATION,NO,1
APP_002329,54,CONTRACTUAL,1.30,200060.49,1761847.53,24,0.45,711,5,BUSINESS_EXPANSION,NO,0
APP_002330,59,BUSINESS_OWNER,22.60,34438.35,1638997.64,36,0.67,824,5,BUSINESS_EXPANSION,YES,1
APP_002331,62,CONTRACTUAL,23.80,211535.55,2117677.47,60,0.31,682,4,DEBT_CONSOLIDATION,NO,0
APP_002332,34,SALARIED_MNC,14.80,145115.31,2369517.46,24,0.68,723,5,BUSINESS_EXPANSION,NO,1
APP_002333,60,SALARIED_GOVT,0.80,295544.41,1446409.64,36,0.61,581,2,HOME_RENOVATION,YES,1
APP_002334,24,BUSINESS_OWNER,7.20,137126.64,1229708.21,48,0.74,790,2,HOME_RENOVATION,YES,1
APP_002335,50,BUSINESS_OWNER,23.20,121142.00,279092.44,12,0.35,776,1,VEHICLE_PURCHASE,NO,0
APP_002336,38,CONTRACTUAL,8.60,111341.91,1862432.74,84,0.53,825,2,DEBT_CONSOLIDATION,NO,0
APP_002337,56,CONTRACTUAL,24.00,93631.95,1895589.57,60,0.59,658,3,MEDICAL_EMERGENCY,YES,1
APP_002338,36,SALARIED_MNC,16.40,287971.74,1249751.62,120,0.20,697,2,VEHICLE_PURCHASE,NO,0
APP_002339,47,BUSINESS_OWNER,11.00,281231.72,568959.73,12,0.54,689,2,BUSINESS_EXPANSION,YES,0
APP_002340,51,BUSINESS_OWNER,22.50,138992.48,1399302.74,84,0.73,806,0,DEBT_CONSOLIDATION,YES,1
APP_002341,52,CONTRACTUAL,11.20,32667.27,476071.54,60,0.65,667,1,BUSINESS_EXPANSION,YES,1
APP_002342,39,SALARIED_MNC,18.40,256786.76,1070156.39,48,0.36,701,5,EDUCATION,NO,0
APP_002343,54,CONTRACTUAL,15.70,148833.30,1565344.42,24,0.37,569,2,MEDICAL_EMERGENCY,NO,1
APP_002344,56,SELF_EMPLOYED_PROFESSIONAL,19.10,122533.59,1051335.23,48,0.52,772,3,DEBT_CONSOLIDATION,NO,0
APP_002345,37,SALARIED_GOVT,11.30,207670.81,2145601.90,12,0.55,844,3,EDUCATION,YES,0
APP_002346,25,SELF_EMPLOYED_PROFESSIONAL,6.50,345597.99,977008.24,24,0.61,642,1,HOME_RENOVATION,NO,1
APP_002347,32,SALARIED_MNC,14.60,300482.65,1651743.23,24,0.41,774,2,MEDICAL_EMERGENCY,NO,0
APP_002348,33,CONTRACTUAL,5.60,247735.47,714170.47,12,0.38,748,0,DEBT_CONSOLIDATION,NO,0
APP_002349,43,SALARIED_MNC,5.90,89740.20,221057.25,12,0.53,820,1,EDUCATION,YES,0
APP_002350,48,SALARIED_MNC,2.20,157190.75,1541606.63,60,0.32,721,2,HOME_RENOVATION,NO,0
APP_002351,44,BUSINESS_OWNER,19.50,46790.47,1973485.34,24,0.12,803,4,EDUCATION,YES,0
APP_002352,35,SALARIED_GOVT,2.50,344012.82,593396.73,12,0.41,658,0,EDUCATION,YES,0
APP_002353,49,SALARIED_GOVT,1.50,347159.83,2247275.61,24,0.73,699,0,BUSINESS_EXPANSION,YES,1
APP_002354,28,SELF_EMPLOYED_PROFESSIONAL,22.70,228020.06,2119104.66,60,0.51,799,2,MEDICAL_EMERGENCY,NO,0
APP_002355,24,SALARIED_MNC,12.80,230078.39,364549.82,12,0.61,625,5,EDUCATION,NO,1
APP_002356,61,CONTRACTUAL,13.70,184067.21,2071230.86,60,0.71,671,1,HOME_RENOVATION,YES,1
APP_002357,39,CONTRACTUAL,16.60,178755.93,2293285.46,84,0.41,659,0,HOME_RENOVATION,YES,0
APP_002358,58,BUSINESS_OWNER,24.00,239305.82,321693.76,60,0.16,658,2,VEHICLE_PURCHASE,NO,0
APP_002359,54,SALARIED_MNC,24.80,125792.90,552070.49,120,0.55,599,4,EDUCATION,YES,1
APP_002360,54,SELF_EMPLOYED_PROFESSIONAL,17.90,263845.05,1248926.69,36,0.74,570,4,BUSINESS_EXPANSION,YES,1
APP_002361,32,BUSINESS_OWNER,6.50,255510.34,1415446.06,120,0.47,752,0,HOME_RENOVATION,NO,0
APP_002362,49,SELF_EMPLOYED_PROFESSIONAL,10.40,228426.01,130402.51,24,0.28,787,0,HOME_RENOVATION,NO,0
APP_002363,45,CONTRACTUAL,24.80,117553.30,452881.07,48,0.10,706,3,MEDICAL_EMERGENCY,NO,0
APP_002364,23,CONTRACTUAL,4.10,86728.30,668115.15,12,0.28,761,3,MEDICAL_EMERGENCY,YES,0
APP_002365,52,SALARIED_MNC,1.10,90979.10,735331.24,84,0.70,676,0,VEHICLE_PURCHASE,YES,1
APP_002366,58,SALARIED_GOVT,9.20,118625.65,1669616.54,84,0.59,673,5,HOME_RENOVATION,NO,1
APP_002367,41,CONTRACTUAL,21.90,46399.61,303569.23,12,0.61,718,2,EDUCATION,NO,1
APP_002368,29,SELF_EMPLOYED_PROFESSIONAL,11.00,286963.95,279863.59,120,0.71,757,4,MEDICAL_EMERGENCY,YES,1
APP_002369,27,BUSINESS_OWNER,1.50,208193.28,1776162.95,36,0.57,581,3,DEBT_CONSOLIDATION,YES,1
APP_002370,21,SELF_EMPLOYED_PROFESSIONAL,24.00,120710.93,1795096.28,84,0.20,833,1,EDUCATION,NO,0
APP_002371,26,CONTRACTUAL,3.50,48303.43,437162.51,120,0.19,550,5,VEHICLE_PURCHASE,YES,1
APP_002372,59,SALARIED_GOVT,23.50,189312.83,1019925.93,60,0.35,644,2,MEDICAL_EMERGENCY,YES,0
APP_002373,57,CONTRACTUAL,13.00,278871.96,1867666.34,120,0.56,612,4,MEDICAL_EMERGENCY,NO,1
APP_002374,27,BUSINESS_OWNER,6.10,50432.84,789354.09,36,0.32,740,1,BUSINESS_EXPANSION,NO,0
APP_002375,53,SALARIED_GOVT,24.80,104066.44,1490306.16,12,0.37,731,0,DEBT_CONSOLIDATION,YES,0
APP_002376,35,SALARIED_GOVT,1.80,109753.32,1503784.98,48,0.29,576,0,DEBT_CONSOLIDATION,NO,1
APP_002377,39,BUSINESS_OWNER,8.40,176737.58,874545.28,12,0.21,807,5,EDUCATION,NO,0
APP_002378,40,SELF_EMPLOYED_PROFESSIONAL,3.40,102297.26,1484340.31,48,0.17,773,4,DEBT_CONSOLIDATION,NO,0
APP_002379,24,SALARIED_GOVT,17.00,310272.60,386022.01,60,0.31,814,3,DEBT_CONSOLIDATION,YES,0
APP_002380,40,SALARIED_MNC,6.40,92632.86,1147910.42,24,0.36,767,0,EDUCATION,NO,0
APP_002381,22,SELF_EMPLOYED_PROFESSIONAL,7.60,258983.12,2195832.58,60,0.45,850,0,HOME_RENOVATION,NO,0
APP_002382,25,BUSINESS_OWNER,22.00,123535.41,832702.89,120,0.33,848,3,DEBT_CONSOLIDATION,YES,0
APP_002383,56,SALARIED_GOVT,18.90,349430.21,900675.15,24,0.40,558,2,HOME_RENOVATION,NO,1
APP_002384,52,SALARIED_GOVT,23.70,298501.75,1456662.66,36,0.68,557,3,MEDICAL_EMERGENCY,NO,1
APP_002385,48,SELF_EMPLOYED_PROFESSIONAL,14.20,104644.56,850388.69,120,0.49,702,3,DEBT_CONSOLIDATION,YES,0
APP_002386,35,CONTRACTUAL,15.60,106687.44,206565.47,120,0.18,703,3,HOME_RENOVATION,YES,0
APP_002387,32,SALARIED_GOVT,8.10,28180.57,2013197.81,84,0.25,819,1,EDUCATION,YES,1
APP_002388,38,SELF_EMPLOYED_PROFESSIONAL,2.90,302549.87,1733648.78,24,0.28,640,1,DEBT_CONSOLIDATION,YES,0
APP_002389,32,SALARIED_MNC,14.30,281121.15,1314126.38,48,0.21,824,0,VEHICLE_PURCHASE,YES,0
APP_002390,51,SALARIED_GOVT,1.10,316616.38,2362504.15,48,0.60,740,4,HOME_RENOVATION,NO,1
APP_002391,36,BUSINESS_OWNER,13.70,159124.41,1904991.30,24,0.47,816,1,DEBT_CONSOLIDATION,NO,0
APP_002392,28,SALARIED_MNC,18.90,155831.98,2052653.20,60,0.60,685,2,HOME_RENOVATION,NO,1
APP_002393,54,BUSINESS_OWNER,4.60,157776.99,1729899.49,120,0.66,800,5,MEDICAL_EMERGENCY,YES,1
APP_002394,48,CONTRACTUAL,14.20,229962.09,1148730.17,84,0.39,575,1,EDUCATION,YES,1
APP_002395,21,SELF_EMPLOYED_PROFESSIONAL,17.20,82481.05,482803.47,48,0.32,560,1,BUSINESS_EXPANSION,YES,1
APP_002396,27,SELF_EMPLOYED_PROFESSIONAL,3.90,289861.68,1465974.35,120,0.26,690,0,EDUCATION,NO,0
APP_002397,46,CONTRACTUAL,15.50,253229.13,436649.48,120,0.67,773,1,EDUCATION,NO,1
APP_002398,56,SALARIED_GOVT,9.40,219104.49,2374485.40,48,0.24,601,2,BUSINESS_EXPANSION,NO,1
APP_002399,34,SALARIED_GOVT,10.00,280297.62,1818709.18,60,0.57,786,1,HOME_RENOVATION,YES,1
APP_002400,46,CONTRACTUAL,13.10,186363.20,1363800.73,36,0.17,848,5,DEBT_CONSOLIDATION,YES,0
APP_002401,28,CONTRACTUAL,7.30,320188.41,182001.49,12,0.35,731,1,HOME_RENOVATION,NO,0
APP_002402,46,BUSINESS_OWNER,8.10,281503.01,1136978.75,48,0.11,773,2,HOME_RENOVATION,YES,0
APP_002403,46,SELF_EMPLOYED_PROFESSIONAL,23.60,240464.13,1044401.61,120,0.75,758,3,DEBT_CONSOLIDATION,YES,1
APP_002404,55,SELF_EMPLOYED_PROFESSIONAL,14.20,32901.75,1036238.34,24,0.25,679,2,EDUCATION,NO,1
APP_002405,28,BUSINESS_OWNER,2.60,160983.11,1458221.30,36,0.54,841,3,DEBT_CONSOLIDATION,NO,0
APP_002406,52,CONTRACTUAL,24.80,226349.47,2439115.33,84,0.73,588,2,VEHICLE_PURCHASE,NO,1
APP_002407,57,BUSINESS_OWNER,14.40,139293.22,1808977.92,84,0.46,779,5,HOME_RENOVATION,NO,0
APP_002408,50,SALARIED_GOVT,16.90,26719.57,2229905.13,48,0.43,681,0,MEDICAL_EMERGENCY,YES,1
APP_002409,36,SALARIED_GOVT,12.10,229029.72,1879209.63,60,0.49,616,4,HOME_RENOVATION,YES,1
APP_002410,45,BUSINESS_OWNER,24.20,290582.30,2261851.14,48,0.25,573,1,BUSINESS_EXPANSION,NO,1
APP_002411,37,CONTRACTUAL,9.50,93514.84,1864222.30,84,0.70,757,1,VEHICLE_PURCHASE,YES,1
APP_002412,33,SELF_EMPLOYED_PROFESSIONAL,4.10,28681.91,956409.06,84,0.31,561,3,DEBT_CONSOLIDATION,YES,1
APP_002413,39,SALARIED_GOVT,19.00,133742.54,263816.63,84,0.11,827,1,HOME_RENOVATION,NO,0
APP_002414,40,SALARIED_GOVT,17.60,193507.93,318144.57,60,0.38,781,4,MEDICAL_EMERGENCY,YES,0
APP_002415,27,CONTRACTUAL,14.30,246104.98,2306769.59,84,0.11,585,2,HOME_RENOVATION,YES,1
APP_002416,34,CONTRACTUAL,13.60,319816.71,593553.75,48,0.58,560,5,EDUCATION,YES,1
APP_002417,33,CONTRACTUAL,5.10,325284.57,611798.95,48,0.73,566,1,HOME_RENOVATION,YES,1
APP_002418,23,SELF_EMPLOYED_PROFESSIONAL,2.00,114700.42,796736.44,36,0.58,761,2,EDUCATION,YES,1
APP_002419,61,CONTRACTUAL,9.50,180495.17,2368648.97,24,0.43,562,0,BUSINESS_EXPANSION,NO,1
APP_002420,44,SALARIED_GOVT,9.00,291511.41,1333764.24,84,0.18,779,1,BUSINESS_EXPANSION,YES,0
APP_002421,53,SALARIED_GOVT,18.60,223189.85,1340151.14,12,0.53,820,4,HOME_RENOVATION,YES,0
APP_002422,40,BUSINESS_OWNER,6.60,29628.91,805972.81,36,0.59,633,4,BUSINESS_EXPANSION,NO,1
APP_002423,61,SALARIED_MNC,14.90,287744.82,1013529.37,12,0.34,658,4,MEDICAL_EMERGENCY,YES,0
APP_002424,59,BUSINESS_OWNER,7.70,302468.74,2043324.61,48,0.33,625,2,EDUCATION,YES,1
APP_002425,44,SELF_EMPLOYED_PROFESSIONAL,3.30,57010.74,1706212.03,48,0.34,627,4,MEDICAL_EMERGENCY,YES,1
APP_002426,23,SALARIED_GOVT,3.00,180649.84,1418931.74,84,0.22,832,4,EDUCATION,YES,0
APP_002427,29,CONTRACTUAL,24.60,249206.58,2004499.24,36,0.40,715,4,MEDICAL_EMERGENCY,NO,0
APP_002428,62,SALARIED_GOVT,17.00,37290.72,2328523.20,36,0.20,550,2,MEDICAL_EMERGENCY,NO,1
APP_002429,43,BUSINESS_OWNER,5.80,335897.36,1593185.53,48,0.21,676,3,HOME_RENOVATION,YES,0
APP_002430,21,SELF_EMPLOYED_PROFESSIONAL,15.10,132465.61,1496870.71,84,0.66,584,0,VEHICLE_PURCHASE,NO,1
APP_002431,41,SALARIED_MNC,17.70,50921.01,1229586.42,12,0.44,769,5,MEDICAL_EMERGENCY,YES,0
APP_002432,50,CONTRACTUAL,11.80,52755.01,1635118.33,36,0.52,650,4,MEDICAL_EMERGENCY,YES,0
APP_002433,62,BUSINESS_OWNER,16.90,203452.14,332466.70,84,0.75,739,1,DEBT_CONSOLIDATION,YES,1
APP_002434,55,SALARIED_GOVT,24.90,90465.40,1313516.82,120,0.58,738,0,EDUCATION,NO,1
APP_002435,32,BUSINESS_OWNER,2.80,34713.11,1821713.39,48,0.50,745,2,VEHICLE_PURCHASE,NO,1
APP_002436,38,BUSINESS_OWNER,5.60,332932.25,1492511.33,60,0.68,653,4,HOME_RENOVATION,YES,1
APP_002437,56,SALARIED_MNC,9.70,290822.94,118253.50,36,0.27,719,0,VEHICLE_PURCHASE,YES,0
APP_002438,44,SALARIED_MNC,7.90,202955.69,2301301.62,60,0.40,715,5,VEHICLE_PURCHASE,YES,0
APP_002439,48,SALARIED_GOVT,17.40,156545.12,541268.10,48,0.10,695,0,DEBT_CONSOLIDATION,YES,0
APP_002440,43,BUSINESS_OWNER,20.50,118308.74,1750024.74,48,0.22,624,4,BUSINESS_EXPANSION,NO,1
APP_002441,44,SALARIED_GOVT,13.90,148700.53,608807.28,48,0.70,690,1,VEHICLE_PURCHASE,NO,1
APP_002442,43,CONTRACTUAL,21.70,229661.26,537181.32,12,0.50,820,4,MEDICAL_EMERGENCY,NO,0
APP_002443,50,BUSINESS_OWNER,13.20,222543.66,1911611.39,60,0.61,619,1,DEBT_CONSOLIDATION,YES,1
APP_002444,34,SALARIED_GOVT,12.60,218590.80,1569532.74,12,0.47,796,2,VEHICLE_PURCHASE,NO,0
APP_002445,27,CONTRACTUAL,5.50,347776.89,1662626.34,36,0.29,750,3,HOME_RENOVATION,YES,0
APP_002446,40,BUSINESS_OWNER,7.80,236903.40,803227.99,48,0.74,631,2,MEDICAL_EMERGENCY,NO,1
APP_002447,47,BUSINESS_OWNER,4.10,84501.98,1667391.79,84,0.26,747,1,VEHICLE_PURCHASE,YES,0
APP_002448,55,BUSINESS_OWNER,24.00,33311.58,820530.63,60,0.29,805,2,HOME_RENOVATION,YES,1
APP_002449,60,CONTRACTUAL,6.40,196589.73,1967562.77,12,0.52,636,4,HOME_RENOVATION,NO,1
APP_002450,27,BUSINESS_OWNER,18.50,185619.47,888781.67,120,0.30,790,0,BUSINESS_EXPANSION,NO,0
APP_002451,32,SALARIED_MNC,4.50,73197.66,634157.68,36,0.70,685,1,BUSINESS_EXPANSION,YES,1
APP_002452,41,SELF_EMPLOYED_PROFESSIONAL,4.20,117429.09,1850350.92,36,0.19,731,0,VEHICLE_PURCHASE,NO,0
APP_002453,59,CONTRACTUAL,6.60,178450.57,1430540.49,84,0.64,821,0,DEBT_CONSOLIDATION,NO,1
APP_002454,34,CONTRACTUAL,10.20,118303.67,329571.09,12,0.63,659,1,VEHICLE_PURCHASE,YES,1
APP_002455,29,CONTRACTUAL,1.70,167568.68,578412.26,24,0.57,836,3,MEDICAL_EMERGENCY,NO,1
APP_002456,40,SALARIED_MNC,16.30,320430.21,2339908.71,84,0.72,605,3,MEDICAL_EMERGENCY,YES,1
APP_002457,28,CONTRACTUAL,11.00,306267.62,1287036.29,36,0.56,582,0,DEBT_CONSOLIDATION,NO,1
APP_002458,33,CONTRACTUAL,17.10,94506.13,310669.48,24,0.16,836,3,DEBT_CONSOLIDATION,YES,0
APP_002459,61,SALARIED_GOVT,4.10,83512.89,1605578.14,120,0.71,601,1,DEBT_CONSOLIDATION,YES,1
APP_002460,56,BUSINESS_OWNER,6.70,131388.23,1425366.82,24,0.55,669,4,HOME_RENOVATION,YES,0
APP_002461,36,BUSINESS_OWNER,18.50,188564.96,368931.10,60,0.21,730,2,EDUCATION,NO,0
APP_002462,49,CONTRACTUAL,13.50,282806.96,343235.10,36,0.26,748,3,BUSINESS_EXPANSION,YES,0
APP_002463,21,SALARIED_MNC,22.40,318084.74,939326.41,48,0.12,610,4,VEHICLE_PURCHASE,NO,1
APP_002464,53,CONTRACTUAL,7.80,38879.11,2106570.83,24,0.56,776,5,HOME_RENOVATION,NO,1
APP_002465,60,BUSINESS_OWNER,10.90,328041.44,403170.24,84,0.23,635,4,EDUCATION,NO,1
APP_002466,39,SELF_EMPLOYED_PROFESSIONAL,5.30,284456.73,142118.77,84,0.50,685,4,VEHICLE_PURCHASE,YES,0
APP_002467,41,SELF_EMPLOYED_PROFESSIONAL,21.30,257123.68,1455379.44,120,0.70,615,3,VEHICLE_PURCHASE,YES,1
APP_002468,60,SALARIED_GOVT,0.70,310272.57,1206628.93,12,0.48,789,5,HOME_RENOVATION,NO,0
APP_002469,52,SALARIED_GOVT,18.60,235153.90,1626200.61,12,0.36,617,1,HOME_RENOVATION,YES,1
APP_002470,55,SALARIED_MNC,15.20,150176.36,2061534.00,24,0.24,594,0,HOME_RENOVATION,NO,1
APP_002471,24,SALARIED_MNC,20.60,346176.91,1501756.99,120,0.60,782,0,DEBT_CONSOLIDATION,NO,1
APP_002472,36,SALARIED_GOVT,9.70,78420.90,326186.53,84,0.37,584,2,DEBT_CONSOLIDATION,NO,1
APP_002473,30,SELF_EMPLOYED_PROFESSIONAL,23.20,202768.35,1212273.14,48,0.17,678,4,BUSINESS_EXPANSION,NO,0
APP_002474,32,BUSINESS_OWNER,21.40,228437.48,2019629.99,60,0.38,784,3,BUSINESS_EXPANSION,YES,0
APP_002475,27,SELF_EMPLOYED_PROFESSIONAL,10.60,152294.56,1091280.63,84,0.59,643,4,DEBT_CONSOLIDATION,NO,1
APP_002476,21,SALARIED_GOVT,7.70,318247.63,795115.69,48,0.17,753,0,BUSINESS_EXPANSION,NO,0
APP_002477,31,SALARIED_GOVT,22.40,330501.28,1488527.11,12,0.58,712,1,VEHICLE_PURCHASE,NO,1
APP_002478,30,CONTRACTUAL,23.90,272205.85,1065685.16,24,0.15,620,2,DEBT_CONSOLIDATION,YES,1
APP_002479,33,SALARIED_MNC,22.20,247306.99,2296207.04,48,0.23,617,1,BUSINESS_EXPANSION,NO,1
APP_002480,54,SELF_EMPLOYED_PROFESSIONAL,19.40,161796.18,194541.16,120,0.57,567,2,EDUCATION,NO,1
APP_002481,55,SALARIED_GOVT,14.90,74270.97,2310161.84,12,0.43,663,1,BUSINESS_EXPANSION,NO,0
APP_002482,30,CONTRACTUAL,20.80,234669.73,1324359.13,120,0.59,763,3,EDUCATION,NO,1
APP_002483,40,BUSINESS_OWNER,5.10,220588.87,294030.22,48,0.54,585,3,MEDICAL_EMERGENCY,YES,1
APP_002484,33,CONTRACTUAL,6.20,318512.01,987946.20,120,0.67,656,0,HOME_RENOVATION,YES,1
APP_002485,62,BUSINESS_OWNER,20.50,140844.65,2388741.88,12,0.37,701,5,BUSINESS_EXPANSION,YES,0
APP_002486,32,SELF_EMPLOYED_PROFESSIONAL,0.90,76681.37,669421.30,60,0.42,671,2,HOME_RENOVATION,NO,0
APP_002487,43,SELF_EMPLOYED_PROFESSIONAL,24.30,163055.89,881808.27,48,0.51,800,0,DEBT_CONSOLIDATION,NO,0
APP_002488,47,BUSINESS_OWNER,15.50,75582.39,1922932.99,48,0.15,788,3,BUSINESS_EXPANSION,YES,0
APP_002489,41,SELF_EMPLOYED_PROFESSIONAL,16.50,193537.08,237043.03,120,0.17,614,3,VEHICLE_PURCHASE,YES,1
APP_002490,60,SALARIED_GOVT,5.60,67726.27,1179442.01,12,0.33,618,0,VEHICLE_PURCHASE,YES,1
APP_002491,46,SALARIED_MNC,18.50,63469.51,1114147.26,48,0.27,674,2,VEHICLE_PURCHASE,YES,0
APP_002492,35,CONTRACTUAL,23.70,55543.73,712170.86,120,0.67,676,4,DEBT_CONSOLIDATION,YES,1
APP_002493,25,CONTRACTUAL,6.20,97894.69,387624.04,48,0.49,616,1,EDUCATION,YES,1
APP_002494,58,SELF_EMPLOYED_PROFESSIONAL,17.80,29395.62,877047.56,84,0.27,844,5,BUSINESS_EXPANSION,NO,1
APP_002495,43,SALARIED_GOVT,10.70,124481.54,1364870.77,84,0.11,655,1,BUSINESS_EXPANSION,YES,0
APP_002496,41,CONTRACTUAL,4.30,205956.16,1784354.82,120,0.59,729,3,VEHICLE_PURCHASE,NO,1
APP_002497,49,CONTRACTUAL,4.80,165761.85,530721.92,36,0.54,571,0,BUSINESS_EXPANSION,NO,1
APP_002498,46,SALARIED_GOVT,4.40,266896.11,2392186.98,12,0.44,638,1,HOME_RENOVATION,NO,1
APP_002499,42,SALARIED_GOVT,16.10,106693.30,918709.90,60,0.56,623,2,MEDICAL_EMERGENCY,YES,1
APP_002500,33,CONTRACTUAL,9.90,49756.29,850332.52,24,0.66,607,1,HOME_RENOVATION,YES,1
APP_002501,57,SELF_EMPLOYED_PROFESSIONAL,5.50,75039.77,1070197.52,48,0.53,821,3,HOME_RENOVATION,NO,0
APP_002502,22,SELF_EMPLOYED_PROFESSIONAL,19.40,118674.99,2474234.29,120,0.13,808,3,VEHICLE_PURCHASE,YES,0
APP_002503,57,BUSINESS_OWNER,3.60,127504.60,2334382.42,84,0.42,551,1,MEDICAL_EMERGENCY,NO,1
APP_002504,31,BUSINESS_OWNER,5.50,135590.51,1935642.47,12,0.47,773,3,EDUCATION,NO,0
APP_002505,36,BUSINESS_OWNER,16.90,343065.17,1735963.76,12,0.49,621,1,VEHICLE_PURCHASE,YES,1
APP_002506,59,SALARIED_MNC,12.30,200042.16,351165.94,12,0.54,662,3,HOME_RENOVATION,YES,0
APP_002507,24,BUSINESS_OWNER,1.60,328384.53,1225079.70,24,0.42,560,4,EDUCATION,NO,1
APP_002508,24,CONTRACTUAL,13.00,84846.51,672441.84,84,0.17,665,4,BUSINESS_EXPANSION,YES,0
APP_002509,40,SALARIED_GOVT,20.50,223357.03,1645695.02,36,0.52,844,5,MEDICAL_EMERGENCY,YES,0
APP_002510,60,SELF_EMPLOYED_PROFESSIONAL,3.50,165592.16,793502.14,48,0.75,796,4,MEDICAL_EMERGENCY,YES,1
APP_002511,42,SALARIED_MNC,12.30,207308.67,1766066.54,12,0.52,751,4,EDUCATION,YES,0
APP_002512,30,SALARIED_GOVT,23.90,64529.54,2063454.47,120,0.55,701,3,BUSINESS_EXPANSION,YES,0
APP_002513,25,SELF_EMPLOYED_PROFESSIONAL,5.30,149585.67,1752666.51,84,0.70,822,3,VEHICLE_PURCHASE,YES,1
APP_002514,29,SELF_EMPLOYED_PROFESSIONAL,24.20,189928.56,255527.99,48,0.70,672,1,VEHICLE_PURCHASE,NO,1
APP_002515,29,SELF_EMPLOYED_PROFESSIONAL,7.60,48349.52,492214.19,60,0.75,682,0,MEDICAL_EMERGENCY,NO,1
APP_002516,56,CONTRACTUAL,1.70,343797.85,1571435.64,24,0.35,602,4,MEDICAL_EMERGENCY,NO,1
APP_002517,37,CONTRACTUAL,3.10,266782.76,1860199.81,60,0.73,596,3,EDUCATION,NO,1
APP_002518,49,SALARIED_MNC,4.80,53232.30,2410488.91,24,0.58,618,0,DEBT_CONSOLIDATION,YES,1
APP_002519,29,BUSINESS_OWNER,24.70,268517.85,202950.93,48,0.40,640,4,HOME_RENOVATION,NO,0
APP_002520,47,SELF_EMPLOYED_PROFESSIONAL,13.30,179179.35,1008811.76,24,0.19,582,1,MEDICAL_EMERGENCY,NO,1
APP_002521,22,SELF_EMPLOYED_PROFESSIONAL,11.50,55039.47,280346.47,12,0.64,681,1,VEHICLE_PURCHASE,NO,1
APP_002522,59,SALARIED_MNC,12.60,220724.27,596669.65,12,0.47,760,3,BUSINESS_EXPANSION,YES,0
APP_002523,21,BUSINESS_OWNER,9.00,75269.76,489749.98,60,0.70,557,4,DEBT_CONSOLIDATION,YES,1
APP_002524,29,BUSINESS_OWNER,16.40,63083.31,2239143.22,36,0.41,580,0,DEBT_CONSOLIDATION,YES,1
APP_002525,43,SALARIED_GOVT,17.50,337478.17,564969.97,12,0.44,653,2,BUSINESS_EXPANSION,NO,0
APP_002526,41,SALARIED_GOVT,20.30,331520.02,1853840.90,12,0.61,687,1,MEDICAL_EMERGENCY,NO,1
APP_002527,48,BUSINESS_OWNER,5.70,169405.93,1132602.02,24,0.38,643,2,EDUCATION,NO,0
APP_002528,42,CONTRACTUAL,4.70,171182.38,474994.01,60,0.24,774,2,VEHICLE_PURCHASE,YES,0
APP_002529,43,SALARIED_GOVT,16.00,164794.30,1712481.86,12,0.47,633,1,MEDICAL_EMERGENCY,YES,1
APP_002530,35,SELF_EMPLOYED_PROFESSIONAL,24.50,177802.57,187937.96,48,0.59,647,4,VEHICLE_PURCHASE,YES,1
APP_002531,55,SALARIED_MNC,13.80,125599.60,1504932.32,12,0.52,551,4,EDUCATION,NO,1
APP_002532,50,CONTRACTUAL,21.20,268976.18,502645.89,24,0.16,721,3,DEBT_CONSOLIDATION,NO,0
APP_002533,24,SALARIED_GOVT,12.90,30538.29,737816.85,48,0.74,782,2,EDUCATION,YES,1
APP_002534,37,CONTRACTUAL,20.80,125905.38,2260968.13,24,0.20,634,4,EDUCATION,NO,1
APP_002535,50,BUSINESS_OWNER,21.80,193774.28,957167.86,60,0.28,740,1,MEDICAL_EMERGENCY,NO,0
APP_002536,53,BUSINESS_OWNER,21.70,164212.05,241656.02,36,0.29,689,3,MEDICAL_EMERGENCY,NO,0
APP_002537,24,BUSINESS_OWNER,21.90,54645.83,689676.21,36,0.36,584,5,MEDICAL_EMERGENCY,YES,1
APP_002538,34,SELF_EMPLOYED_PROFESSIONAL,1.20,28250.31,850786.72,24,0.62,788,5,HOME_RENOVATION,NO,1
APP_002539,55,BUSINESS_OWNER,18.60,133135.15,529215.61,84,0.23,588,3,HOME_RENOVATION,NO,1
APP_002540,54,CONTRACTUAL,5.20,84909.67,477090.90,120,0.37,696,4,MEDICAL_EMERGENCY,NO,0
APP_002541,36,BUSINESS_OWNER,19.50,266965.45,1534924.93,36,0.15,800,5,DEBT_CONSOLIDATION,NO,0
APP_002542,55,SALARIED_GOVT,8.90,59257.58,1069060.81,60,0.52,671,0,EDUCATION,NO,0
APP_002543,50,SALARIED_MNC,1.50,36517.01,331441.40,36,0.19,792,2,BUSINESS_EXPANSION,YES,0
APP_002544,45,SALARIED_GOVT,1.80,198802.55,203196.96,24,0.17,728,1,EDUCATION,YES,0
APP_002545,38,CONTRACTUAL,17.50,314764.93,379308.14,120,0.38,630,0,MEDICAL_EMERGENCY,YES,1
APP_002546,42,CONTRACTUAL,14.30,295750.07,1484708.45,36,0.47,640,0,BUSINESS_EXPANSION,NO,0
APP_002547,62,BUSINESS_OWNER,9.10,253996.39,2216904.70,60,0.71,736,4,VEHICLE_PURCHASE,YES,1
APP_002548,49,SELF_EMPLOYED_PROFESSIONAL,0.90,282259.40,946179.77,24,0.28,840,5,HOME_RENOVATION,NO,0
APP_002549,48,SELF_EMPLOYED_PROFESSIONAL,2.20,255894.62,1553522.56,24,0.57,577,3,HOME_RENOVATION,YES,1
APP_002550,42,SALARIED_GOVT,10.40,51686.64,1173020.60,36,0.49,776,2,BUSINESS_EXPANSION,YES,0
APP_002551,60,SALARIED_GOVT,21.70,32644.04,1804234.96,84,0.34,717,2,HOME_RENOVATION,NO,1
APP_002552,43,CONTRACTUAL,23.00,345569.21,705049.07,48,0.31,564,4,EDUCATION,NO,1
APP_002553,61,BUSINESS_OWNER,12.00,266054.23,2038661.65,12,0.42,794,5,BUSINESS_EXPANSION,NO,0
APP_002554,37,SELF_EMPLOYED_PROFESSIONAL,19.60,289830.60,1617277.11,12,0.35,814,3,BUSINESS_EXPANSION,NO,0
APP_002555,41,BUSINESS_OWNER,6.20,329156.52,2462560.77,120,0.17,814,1,MEDICAL_EMERGENCY,YES,0
APP_002556,24,BUSINESS_OWNER,9.20,279150.40,326317.79,60,0.55,558,3,HOME_RENOVATION,NO,1
APP_002557,50,BUSINESS_OWNER,3.60,335708.10,978502.29,48,0.40,794,2,EDUCATION,YES,0
APP_002558,51,SELF_EMPLOYED_PROFESSIONAL,14.10,98259.73,1554766.92,120,0.36,606,3,VEHICLE_PURCHASE,NO,1
APP_002559,41,CONTRACTUAL,16.80,299024.95,1065569.38,24,0.21,766,4,BUSINESS_EXPANSION,NO,0
APP_002560,47,BUSINESS_OWNER,3.10,212904.00,1947793.80,36,0.30,554,1,VEHICLE_PURCHASE,YES,1
APP_002561,25,CONTRACTUAL,17.10,41248.01,1224784.45,84,0.75,697,5,MEDICAL_EMERGENCY,NO,1
APP_002562,44,BUSINESS_OWNER,14.20,132624.57,1578803.18,60,0.53,750,5,BUSINESS_EXPANSION,YES,0
APP_002563,32,SELF_EMPLOYED_PROFESSIONAL,3.20,332444.64,1203835.53,12,0.63,576,1,VEHICLE_PURCHASE,NO,1
APP_002564,37,SELF_EMPLOYED_PROFESSIONAL,10.40,212124.21,1709027.21,12,0.70,821,4,EDUCATION,NO,1
APP_002565,33,BUSINESS_OWNER,0.50,83274.82,370355.17,24,0.73,585,4,HOME_RENOVATION,NO,1
APP_002566,54,CONTRACTUAL,10.00,159757.97,1050052.73,12,0.70,840,4,MEDICAL_EMERGENCY,NO,1
APP_002567,56,BUSINESS_OWNER,16.20,93455.74,295908.12,12,0.11,611,5,HOME_RENOVATION,NO,1
APP_002568,43,SELF_EMPLOYED_PROFESSIONAL,6.80,275602.64,2093302.72,36,0.53,740,5,BUSINESS_EXPANSION,YES,0
APP_002569,56,SALARIED_MNC,12.80,111219.60,2390322.68,60,0.35,788,5,VEHICLE_PURCHASE,NO,0
APP_002570,55,SELF_EMPLOYED_PROFESSIONAL,4.60,121734.47,1609651.92,24,0.69,844,2,MEDICAL_EMERGENCY,NO,1
APP_002571,31,SALARIED_GOVT,23.70,270885.30,717883.70,24,0.26,586,1,HOME_RENOVATION,NO,1
APP_002572,41,SALARIED_MNC,3.00,230356.57,1212115.52,120,0.28,750,0,DEBT_CONSOLIDATION,YES,0
APP_002573,49,SALARIED_GOVT,8.20,116167.44,1506178.01,12,0.26,613,1,VEHICLE_PURCHASE,NO,1
APP_002574,43,SELF_EMPLOYED_PROFESSIONAL,6.60,39270.50,94120.59,120,0.62,559,1,MEDICAL_EMERGENCY,NO,1
APP_002575,21,SALARIED_GOVT,22.00,304111.82,885894.78,48,0.63,791,4,DEBT_CONSOLIDATION,NO,1
APP_002576,48,BUSINESS_OWNER,16.80,217753.59,1877052.61,120,0.63,658,3,MEDICAL_EMERGENCY,YES,1
APP_002577,28,SELF_EMPLOYED_PROFESSIONAL,5.40,281372.81,2184449.76,120,0.25,586,0,MEDICAL_EMERGENCY,YES,1
APP_002578,57,SALARIED_MNC,4.30,187138.43,2492263.06,24,0.58,559,5,EDUCATION,NO,1
APP_002579,27,SALARIED_GOVT,15.80,83350.35,247971.24,60,0.15,726,4,EDUCATION,NO,0
APP_002580,37,SALARIED_MNC,23.00,290856.21,429505.58,12,0.54,823,2,HOME_RENOVATION,YES,0
APP_002581,54,SALARIED_MNC,23.30,232827.45,2332785.65,60,0.57,622,3,VEHICLE_PURCHASE,NO,1
APP_002582,35,SELF_EMPLOYED_PROFESSIONAL,10.00,153084.66,1988216.35,24,0.12,673,0,BUSINESS_EXPANSION,NO,0
APP_002583,50,SELF_EMPLOYED_PROFESSIONAL,15.20,232750.45,2277399.02,12,0.12,625,3,VEHICLE_PURCHASE,NO,1
APP_002584,48,BUSINESS_OWNER,24.10,167779.44,851561.05,12,0.61,586,0,MEDICAL_EMERGENCY,YES,1
APP_002585,46,SALARIED_GOVT,2.00,349566.60,518276.41,60,0.70,672,2,EDUCATION,NO,1
APP_002586,27,BUSINESS_OWNER,24.80,256804.41,1038481.92,24,0.72,781,2,HOME_RENOVATION,YES,1
APP_002587,53,BUSINESS_OWNER,11.80,299693.30,2221733.87,60,0.16,782,2,MEDICAL_EMERGENCY,NO,0
APP_002588,50,CONTRACTUAL,18.90,299621.68,995582.40,36,0.22,754,1,BUSINESS_EXPANSION,NO,0
APP_002589,46,SALARIED_MNC,8.70,226222.73,969081.88,12,0.71,647,4,MEDICAL_EMERGENCY,NO,1
APP_002590,50,SALARIED_GOVT,12.80,214106.59,243404.11,60,0.63,649,2,HOME_RENOVATION,YES,1
APP_002591,47,SALARIED_GOVT,22.20,226170.48,2448768.85,48,0.16,768,3,VEHICLE_PURCHASE,NO,0
APP_002592,51,CONTRACTUAL,22.90,39496.65,511279.96,48,0.39,737,5,VEHICLE_PURCHASE,YES,1
APP_002593,42,SALARIED_GOVT,24.60,141283.85,1352739.39,12,0.49,718,2,EDUCATION,NO,0
APP_002594,34,SALARIED_GOVT,13.30,217095.45,232102.14,84,0.29,689,2,MEDICAL_EMERGENCY,NO,0
APP_002595,24,SALARIED_MNC,0.60,46855.62,1609617.44,84,0.23,824,0,DEBT_CONSOLIDATION,YES,0
APP_002596,55,SALARIED_MNC,19.50,277327.86,2377438.27,36,0.74,817,2,VEHICLE_PURCHASE,YES,1
APP_002597,54,CONTRACTUAL,22.00,269745.14,2271266.81,120,0.15,641,2,MEDICAL_EMERGENCY,YES,0
APP_002598,44,SALARIED_GOVT,20.50,191522.58,93874.09,24,0.71,779,0,DEBT_CONSOLIDATION,YES,1
APP_002599,47,SALARIED_MNC,22.40,125016.75,1100204.16,60,0.40,687,3,HOME_RENOVATION,NO,0
APP_002600,32,CONTRACTUAL,12.00,285516.96,827597.95,120,0.63,721,1,HOME_RENOVATION,YES,1
APP_002601,59,BUSINESS_OWNER,18.80,182551.60,871924.97,84,0.73,616,3,HOME_RENOVATION,YES,1
APP_002602,23,CONTRACTUAL,18.60,145890.00,2307243.14,12,0.61,559,4,MEDICAL_EMERGENCY,YES,1
APP_002603,34,SALARIED_MNC,12.10,271612.24,288957.81,120,0.27,709,0,MEDICAL_EMERGENCY,YES,0
APP_002604,41,BUSINESS_OWNER,15.30,215546.24,779556.98,120,0.11,633,4,HOME_RENOVATION,YES,1
APP_002605,45,SALARIED_GOVT,21.20,187292.49,168918.73,24,0.51,703,3,DEBT_CONSOLIDATION,NO,0
APP_002606,37,SALARIED_MNC,5.70,184249.76,2364301.60,12,0.71,655,4,HOME_RENOVATION,NO,1
APP_002607,53,SALARIED_MNC,14.40,209354.49,2342606.14,24,0.67,737,4,VEHICLE_PURCHASE,YES,1
APP_002608,32,SALARIED_GOVT,14.10,75706.39,2434405.04,120,0.61,835,1,EDUCATION,NO,1
APP_002609,34,SALARIED_MNC,24.00,54048.04,1843556.72,48,0.38,554,4,EDUCATION,YES,1
APP_002610,61,SELF_EMPLOYED_PROFESSIONAL,0.80,54377.73,1910817.51,24,0.16,578,5,HOME_RENOVATION,YES,1
APP_002611,30,BUSINESS_OWNER,17.60,204457.38,491800.67,120,0.11,705,4,EDUCATION,YES,0
APP_002612,21,CONTRACTUAL,24.30,339125.97,1894988.31,60,0.14,741,0,EDUCATION,NO,0
APP_002613,31,SELF_EMPLOYED_PROFESSIONAL,14.00,251052.24,2249384.04,84,0.49,788,5,MEDICAL_EMERGENCY,NO,0
APP_002614,45,CONTRACTUAL,17.60,97265.27,1403090.12,48,0.71,831,1,DEBT_CONSOLIDATION,YES,1
APP_002615,36,BUSINESS_OWNER,13.60,313985.42,2358047.82,12,0.43,823,4,DEBT_CONSOLIDATION,YES,0
APP_002616,58,CONTRACTUAL,8.80,195832.24,1395746.19,84,0.43,707,1,EDUCATION,YES,0
APP_002617,56,CONTRACTUAL,9.40,210266.27,2096543.35,36,0.12,835,3,HOME_RENOVATION,NO,0
APP_002618,42,SELF_EMPLOYED_PROFESSIONAL,8.20,323946.65,1438854.24,12,0.33,642,5,DEBT_CONSOLIDATION,NO,0
APP_002619,37,BUSINESS_OWNER,8.10,62189.12,550824.83,48,0.30,574,5,HOME_RENOVATION,YES,1
APP_002620,31,SELF_EMPLOYED_PROFESSIONAL,1.50,184921.95,544033.07,36,0.54,660,4,BUSINESS_EXPANSION,NO,0
APP_002621,47,SALARIED_MNC,0.70,148110.77,1340867.38,36,0.44,639,5,DEBT_CONSOLIDATION,NO,1
APP_002622,50,SALARIED_GOVT,16.10,48376.89,2351647.76,12,0.18,786,5,EDUCATION,NO,0
APP_002623,25,CONTRACTUAL,21.80,51798.87,439331.29,24,0.19,821,3,DEBT_CONSOLIDATION,NO,0
APP_002624,51,SELF_EMPLOYED_PROFESSIONAL,8.00,54216.00,1094224.02,24,0.59,712,2,VEHICLE_PURCHASE,NO,1
APP_002625,37,CONTRACTUAL,19.90,325310.69,747966.81,120,0.31,742,1,VEHICLE_PURCHASE,YES,0
APP_002626,52,CONTRACTUAL,20.40,154854.44,983659.20,120,0.17,699,0,EDUCATION,YES,0
APP_002627,58,SALARIED_GOVT,18.40,55226.16,1451687.67,24,0.42,697,4,DEBT_CONSOLIDATION,NO,0
APP_002628,26,SALARIED_MNC,20.20,87317.37,360643.74,48,0.30,631,3,MEDICAL_EMERGENCY,NO,1
APP_002629,28,SALARIED_MNC,5.10,95325.37,1555314.87,60,0.53,748,1,DEBT_CONSOLIDATION,NO,0
APP_002630,47,BUSINESS_OWNER,2.20,168591.38,1229660.90,84,0.40,634,1,HOME_RENOVATION,NO,1
APP_002631,49,SELF_EMPLOYED_PROFESSIONAL,6.60,204106.65,790277.69,84,0.34,589,3,HOME_RENOVATION,YES,1
APP_002632,34,BUSINESS_OWNER,22.90,155689.06,1376718.40,12,0.67,683,1,MEDICAL_EMERGENCY,YES,1
APP_002633,48,SELF_EMPLOYED_PROFESSIONAL,7.50,273425.89,865225.79,36,0.51,698,4,MEDICAL_EMERGENCY,YES,0
APP_002634,50,CONTRACTUAL,6.90,167794.28,2273806.47,120,0.43,613,3,HOME_RENOVATION,YES,1
APP_002635,32,SALARIED_GOVT,17.00,277359.61,1389812.92,36,0.69,797,0,EDUCATION,NO,1
APP_002636,45,SALARIED_MNC,15.60,245058.79,2431302.77,84,0.61,699,0,BUSINESS_EXPANSION,YES,1
APP_002637,56,SALARIED_MNC,4.70,43505.70,74775.31,36,0.21,625,2,BUSINESS_EXPANSION,YES,1
APP_002638,42,SELF_EMPLOYED_PROFESSIONAL,19.20,204214.34,1275128.06,84,0.53,572,0,MEDICAL_EMERGENCY,NO,1
APP_002639,59,CONTRACTUAL,2.60,131834.11,841880.85,60,0.52,816,1,VEHICLE_PURCHASE,NO,0
APP_002640,28,SALARIED_GOVT,5.90,106356.41,1212512.65,120,0.60,592,0,EDUCATION,YES,1
APP_002641,39,CONTRACTUAL,15.10,66388.80,2078338.17,24,0.63,560,0,DEBT_CONSOLIDATION,YES,1
APP_002642,25,CONTRACTUAL,9.30,220441.68,608223.80,120,0.25,700,0,DEBT_CONSOLIDATION,YES,0
APP_002643,30,CONTRACTUAL,5.80,124137.80,1096628.36,48,0.42,610,4,DEBT_CONSOLIDATION,NO,1
APP_002644,56,SALARIED_GOVT,16.30,179557.68,1828089.24,24,0.49,701,0,BUSINESS_EXPANSION,NO,0
APP_002645,59,CONTRACTUAL,3.70,28261.47,203790.87,12,0.52,781,3,MEDICAL_EMERGENCY,YES,0
APP_002646,38,SALARIED_GOVT,2.10,96159.87,1213059.12,48,0.61,687,0,EDUCATION,NO,1
APP_002647,33,CONTRACTUAL,19.60,228679.05,2055990.22,84,0.47,753,3,EDUCATION,YES,0
APP_002648,31,SELF_EMPLOYED_PROFESSIONAL,16.70,90939.41,1377884.15,60,0.58,679,3,VEHICLE_PURCHASE,YES,1
APP_002649,38,SELF_EMPLOYED_PROFESSIONAL,24.70,177524.81,905474.75,84,0.65,729,3,BUSINESS_EXPANSION,NO,1
APP_002650,21,SALARIED_GOVT,17.30,280869.17,1534923.52,84,0.74,802,2,HOME_RENOVATION,NO,1
APP_002651,37,SALARIED_GOVT,1.70,29858.78,1914344.08,84,0.63,739,5,EDUCATION,YES,1
APP_002652,32,CONTRACTUAL,23.80,121975.63,2442486.81,48,0.58,745,3,BUSINESS_EXPANSION,NO,1
APP_002653,33,CONTRACTUAL,13.60,167106.28,272151.57,120,0.42,711,1,BUSINESS_EXPANSION,NO,0
APP_002654,22,SALARIED_MNC,22.10,202530.60,1583418.62,24,0.60,644,4,BUSINESS_EXPANSION,NO,1
APP_002655,57,BUSINESS_OWNER,13.70,104432.94,560808.59,24,0.61,551,4,DEBT_CONSOLIDATION,YES,1
APP_002656,25,SALARIED_GOVT,10.20,337905.77,2493389.45,84,0.30,656,1,DEBT_CONSOLIDATION,NO,0
APP_002657,24,SALARIED_MNC,12.40,157213.33,2132990.82,48,0.37,799,0,EDUCATION,YES,0
APP_002658,27,BUSINESS_OWNER,23.40,274604.51,534636.09,60,0.56,590,1,DEBT_CONSOLIDATION,NO,1
APP_002659,62,SALARIED_GOVT,23.90,56505.49,1133862.81,36,0.16,774,4,BUSINESS_EXPANSION,YES,0
APP_002660,39,SALARIED_GOVT,24.80,208781.41,2203422.49,48,0.63,622,4,MEDICAL_EMERGENCY,YES,1
APP_002661,22,SELF_EMPLOYED_PROFESSIONAL,7.30,306923.25,1932962.59,84,0.63,720,1,EDUCATION,NO,1
APP_002662,53,SELF_EMPLOYED_PROFESSIONAL,8.20,171901.61,1162503.32,24,0.53,725,0,MEDICAL_EMERGENCY,YES,0
APP_002663,25,SELF_EMPLOYED_PROFESSIONAL,7.40,347887.51,211791.07,84,0.53,562,2,BUSINESS_EXPANSION,YES,1
APP_002664,41,SELF_EMPLOYED_PROFESSIONAL,23.50,275388.92,913972.79,36,0.71,766,4,VEHICLE_PURCHASE,YES,1
APP_002665,55,BUSINESS_OWNER,24.80,337253.64,2087687.12,36,0.50,559,2,EDUCATION,YES,1
APP_002666,21,SALARIED_MNC,18.40,93806.26,2339405.80,36,0.69,785,1,BUSINESS_EXPANSION,NO,1
APP_002667,44,CONTRACTUAL,14.30,337577.65,1997556.40,120,0.17,588,2,EDUCATION,YES,1
APP_002668,34,CONTRACTUAL,24.50,185038.05,881382.08,36,0.24,848,1,MEDICAL_EMERGENCY,NO,0
APP_002669,54,BUSINESS_OWNER,3.20,255723.70,2427469.50,12,0.71,777,5,BUSINESS_EXPANSION,YES,1
APP_002670,50,SELF_EMPLOYED_PROFESSIONAL,16.10,167639.39,581837.64,84,0.52,566,3,HOME_RENOVATION,NO,1
APP_002671,26,SALARIED_GOVT,12.90,213802.96,307773.27,84,0.70,782,0,BUSINESS_EXPANSION,YES,1
APP_002672,40,BUSINESS_OWNER,5.20,33716.86,2323292.66,36,0.64,787,5,DEBT_CONSOLIDATION,NO,1
APP_002673,33,SELF_EMPLOYED_PROFESSIONAL,10.30,345816.82,270080.37,48,0.24,816,3,MEDICAL_EMERGENCY,YES,0
APP_002674,58,CONTRACTUAL,22.20,213975.37,1987052.41,84,0.73,608,2,HOME_RENOVATION,YES,1
APP_002675,44,CONTRACTUAL,15.30,209445.72,1020859.50,12,0.18,690,2,HOME_RENOVATION,YES,0
APP_002676,21,SALARIED_MNC,7.90,120909.70,2137028.28,120,0.23,790,4,MEDICAL_EMERGENCY,NO,0
APP_002677,56,SELF_EMPLOYED_PROFESSIONAL,6.50,277925.70,2427024.93,12,0.24,665,4,BUSINESS_EXPANSION,NO,0
APP_002678,48,CONTRACTUAL,17.70,180077.58,975900.87,120,0.40,624,2,DEBT_CONSOLIDATION,NO,1
APP_002679,60,SELF_EMPLOYED_PROFESSIONAL,12.60,240918.36,1317525.99,60,0.71,616,1,DEBT_CONSOLIDATION,YES,1
APP_002680,28,SELF_EMPLOYED_PROFESSIONAL,22.00,272045.53,922456.55,84,0.70,736,3,MEDICAL_EMERGENCY,NO,1
APP_002681,36,SALARIED_GOVT,12.60,325127.96,2049639.39,24,0.35,647,4,DEBT_CONSOLIDATION,YES,0
APP_002682,57,SALARIED_MNC,6.00,184855.11,1361902.25,84,0.13,622,2,EDUCATION,YES,1
APP_002683,29,BUSINESS_OWNER,14.70,319302.12,1653740.33,84,0.40,786,2,MEDICAL_EMERGENCY,NO,0
APP_002684,57,CONTRACTUAL,4.70,295744.91,898654.34,84,0.35,607,0,VEHICLE_PURCHASE,YES,1
APP_002685,33,BUSINESS_OWNER,14.70,48208.90,1874866.56,60,0.70,841,3,MEDICAL_EMERGENCY,NO,1
APP_002686,30,SALARIED_GOVT,20.10,78140.15,112649.53,120,0.55,805,1,MEDICAL_EMERGENCY,YES,0
APP_002687,57,BUSINESS_OWNER,12.80,174098.77,990269.14,60,0.21,696,4,VEHICLE_PURCHASE,NO,0
APP_002688,61,BUSINESS_OWNER,14.00,26369.57,831512.89,12,0.47,820,3,MEDICAL_EMERGENCY,YES,1
APP_002689,31,SELF_EMPLOYED_PROFESSIONAL,3.50,41690.65,867318.04,36,0.29,737,4,MEDICAL_EMERGENCY,NO,0
APP_002690,62,SALARIED_MNC,19.80,269473.70,806312.65,36,0.67,561,4,BUSINESS_EXPANSION,YES,1
APP_002691,62,SALARIED_GOVT,7.40,103410.81,732294.54,84,0.65,554,0,BUSINESS_EXPANSION,YES,1
APP_002692,34,CONTRACTUAL,19.30,326936.17,980890.85,84,0.51,789,3,EDUCATION,YES,0
APP_002693,46,BUSINESS_OWNER,11.20,331407.52,470619.22,48,0.24,666,1,BUSINESS_EXPANSION,NO,0
APP_002694,39,SALARIED_MNC,10.70,285671.19,1798325.52,120,0.64,836,5,EDUCATION,YES,1
APP_002695,34,BUSINESS_OWNER,1.70,285409.50,1713653.00,24,0.34,670,1,EDUCATION,YES,0
APP_002696,58,SALARIED_MNC,16.70,173067.06,1813202.16,48,0.73,661,1,MEDICAL_EMERGENCY,NO,1
APP_002697,61,BUSINESS_OWNER,18.80,247720.91,334605.36,84,0.18,660,4,EDUCATION,YES,0
APP_002698,54,SELF_EMPLOYED_PROFESSIONAL,6.60,194363.39,1540515.26,48,0.24,567,0,EDUCATION,YES,1
APP_002699,47,BUSINESS_OWNER,18.10,250622.77,477399.10,24,0.37,788,0,DEBT_CONSOLIDATION,YES,0
APP_002700,36,CONTRACTUAL,16.80,107282.46,141902.82,84,0.71,578,5,EDUCATION,NO,1
APP_002701,29,BUSINESS_OWNER,17.70,189925.32,875397.50,36,0.35,647,1,VEHICLE_PURCHASE,NO,0
APP_002702,42,CONTRACTUAL,5.60,260191.10,1400757.49,60,0.23,652,4,HOME_RENOVATION,NO,0
APP_002703,41,SELF_EMPLOYED_PROFESSIONAL,4.00,84762.96,1160481.08,24,0.28,789,0,MEDICAL_EMERGENCY,YES,0
APP_002704,31,SELF_EMPLOYED_PROFESSIONAL,23.20,79415.46,1921690.79,48,0.10,663,2,HOME_RENOVATION,NO,0
APP_002705,41,SALARIED_MNC,19.00,111356.98,215971.89,84,0.33,579,0,VEHICLE_PURCHASE,NO,1
APP_002706,45,SALARIED_MNC,20.00,205752.78,81914.97,12,0.48,791,4,BUSINESS_EXPANSION,YES,0
APP_002707,24,CONTRACTUAL,1.10,273930.25,742763.41,36,0.19,653,3,DEBT_CONSOLIDATION,NO,0
APP_002708,31,SALARIED_GOVT,8.90,122455.75,1397738.66,120,0.13,820,4,DEBT_CONSOLIDATION,YES,0
APP_002709,37,SALARIED_GOVT,20.90,217240.67,442940.87,84,0.41,658,1,BUSINESS_EXPANSION,YES,0
APP_002710,54,CONTRACTUAL,9.70,335221.49,2109143.54,36,0.54,657,3,BUSINESS_EXPANSION,NO,0
APP_002711,39,SALARIED_MNC,14.70,284710.20,1265588.42,48,0.32,835,5,EDUCATION,NO,0
APP_002712,50,SALARIED_MNC,1.50,292706.40,1481786.89,84,0.61,561,2,BUSINESS_EXPANSION,NO,1
APP_002713,47,SELF_EMPLOYED_PROFESSIONAL,15.00,96371.59,449947.00,12,0.51,792,4,EDUCATION,NO,0
APP_002714,62,CONTRACTUAL,24.70,62336.84,1650825.17,24,0.41,754,3,VEHICLE_PURCHASE,YES,0
APP_002715,22,SALARIED_GOVT,23.30,82327.95,2497844.28,120,0.53,811,3,MEDICAL_EMERGENCY,YES,0
APP_002716,55,BUSINESS_OWNER,24.60,78321.71,1559859.98,84,0.32,645,5,DEBT_CONSOLIDATION,NO,0
APP_002717,40,SELF_EMPLOYED_PROFESSIONAL,23.00,334565.12,231976.04,120,0.40,595,0,MEDICAL_EMERGENCY,NO,1
APP_002718,50,SALARIED_MNC,12.40,290911.62,915798.13,84,0.73,707,4,VEHICLE_PURCHASE,YES,1
APP_002719,57,CONTRACTUAL,18.10,246823.45,1162936.30,12,0.14,704,5,VEHICLE_PURCHASE,YES,0
APP_002720,28,SELF_EMPLOYED_PROFESSIONAL,4.10,26509.21,2366067.88,36,0.22,802,4,MEDICAL_EMERGENCY,YES,1
APP_002721,47,SELF_EMPLOYED_PROFESSIONAL,23.20,281786.67,1521041.69,12,0.31,553,3,HOME_RENOVATION,NO,1
APP_002722,52,SELF_EMPLOYED_PROFESSIONAL,6.00,75465.95,1136399.58,36,0.19,560,4,HOME_RENOVATION,NO,1
APP_002723,45,SELF_EMPLOYED_PROFESSIONAL,23.10,311960.93,1370474.64,60,0.64,847,3,HOME_RENOVATION,YES,1
APP_002724,39,SALARIED_GOVT,0.70,213888.28,1672072.54,48,0.75,616,2,BUSINESS_EXPANSION,YES,1
APP_002725,50,BUSINESS_OWNER,19.80,263853.15,1656050.55,24,0.40,716,5,VEHICLE_PURCHASE,YES,0
APP_002726,56,SALARIED_MNC,19.80,272487.40,616315.34,36,0.65,671,2,BUSINESS_EXPANSION,YES,1
APP_002727,43,SELF_EMPLOYED_PROFESSIONAL,19.80,308006.01,196897.08,120,0.17,775,1,MEDICAL_EMERGENCY,NO,0
APP_002728,36,SELF_EMPLOYED_PROFESSIONAL,0.70,97000.01,942541.85,120,0.71,563,5,HOME_RENOVATION,NO,1
APP_002729,60,CONTRACTUAL,15.30,275255.19,284636.14,12,0.47,647,1,HOME_RENOVATION,YES,0
APP_002730,44,CONTRACTUAL,20.50,202461.04,280050.22,60,0.34,704,5,DEBT_CONSOLIDATION,NO,0
APP_002731,39,CONTRACTUAL,7.10,173600.79,1814055.47,36,0.24,611,0,BUSINESS_EXPANSION,YES,1
APP_002732,33,CONTRACTUAL,4.50,80344.37,1048849.57,60,0.61,776,3,EDUCATION,YES,1
APP_002733,42,SALARIED_MNC,7.90,27057.57,2073583.22,24,0.53,618,2,MEDICAL_EMERGENCY,NO,1
APP_002734,32,SELF_EMPLOYED_PROFESSIONAL,2.70,327676.64,828086.26,48,0.43,719,1,MEDICAL_EMERGENCY,YES,0
APP_002735,22,CONTRACTUAL,22.20,284947.17,219950.22,60,0.15,694,4,BUSINESS_EXPANSION,NO,0
APP_002736,40,CONTRACTUAL,4.10,60406.04,1702390.00,48,0.65,637,3,HOME_RENOVATION,NO,1
APP_002737,58,SALARIED_GOVT,4.10,260812.79,836340.22,84,0.73,704,3,HOME_RENOVATION,YES,1
APP_002738,24,SALARIED_GOVT,8.60,224826.35,2393591.89,24,0.67,624,1,VEHICLE_PURCHASE,YES,1
APP_002739,39,SALARIED_GOVT,3.20,339403.93,1703140.47,48,0.73,812,5,DEBT_CONSOLIDATION,NO,1
APP_002740,32,SALARIED_GOVT,19.50,36413.69,206677.26,84,0.50,667,5,MEDICAL_EMERGENCY,NO,0
APP_002741,54,SALARIED_MNC,8.30,263947.68,2202790.79,84,0.67,815,1,HOME_RENOVATION,YES,1
APP_002742,43,SELF_EMPLOYED_PROFESSIONAL,21.00,229952.94,1012533.79,36,0.54,629,2,EDUCATION,YES,1
APP_002743,23,BUSINESS_OWNER,4.90,299962.45,1579881.04,60,0.38,744,4,BUSINESS_EXPANSION,YES,0
APP_002744,61,SELF_EMPLOYED_PROFESSIONAL,15.30,343630.52,859057.69,84,0.61,839,4,VEHICLE_PURCHASE,NO,1
APP_002745,22,SALARIED_MNC,7.60,188060.12,2451258.27,84,0.31,554,1,DEBT_CONSOLIDATION,YES,1
APP_002746,44,SALARIED_GOVT,13.80,171420.20,336767.83,24,0.67,739,3,EDUCATION,YES,1
APP_002747,23,SALARIED_GOVT,14.30,102367.22,1693865.09,48,0.67,840,3,VEHICLE_PURCHASE,YES,1
APP_002748,33,BUSINESS_OWNER,10.00,332495.71,1861638.99,84,0.39,690,3,BUSINESS_EXPANSION,YES,0
APP_002749,43,SALARIED_MNC,16.10,320038.36,336278.55,60,0.32,824,1,EDUCATION,YES,0
APP_002750,45,SELF_EMPLOYED_PROFESSIONAL,5.20,177802.57,2436652.60,48,0.56,692,3,EDUCATION,YES,1
APP_002751,22,BUSINESS_OWNER,10.80,182350.13,360956.64,84,0.51,816,2,BUSINESS_EXPANSION,NO,0
APP_002752,55,SALARIED_GOVT,3.70,180073.15,2245887.45,24,0.44,667,2,MEDICAL_EMERGENCY,NO,0
APP_002753,40,SELF_EMPLOYED_PROFESSIONAL,21.60,281164.00,2418839.05,120,0.23,767,4,DEBT_CONSOLIDATION,YES,0
APP_002754,48,BUSINESS_OWNER,24.50,29552.50,1825461.15,24,0.24,661,0,HOME_RENOVATION,YES,1
APP_002755,51,SALARIED_MNC,6.90,216327.87,1973613.97,24,0.35,673,2,DEBT_CONSOLIDATION,NO,0
APP_002756,56,SELF_EMPLOYED_PROFESSIONAL,8.80,168879.74,617962.50,48,0.71,741,3,MEDICAL_EMERGENCY,NO,1
APP_002757,44,SALARIED_MNC,11.50,61711.68,1577694.31,120,0.75,755,3,VEHICLE_PURCHASE,NO,1
APP_002758,44,SALARIED_MNC,19.70,112004.76,1391877.43,24,0.14,597,4,BUSINESS_EXPANSION,NO,1
APP_002759,26,CONTRACTUAL,18.00,88253.91,1834566.55,60,0.47,839,4,BUSINESS_EXPANSION,YES,0
APP_002760,49,CONTRACTUAL,8.30,279890.93,1201692.17,60,0.29,770,4,DEBT_CONSOLIDATION,YES,0
APP_002761,43,BUSINESS_OWNER,13.90,238402.41,1403045.10,120,0.12,649,5,HOME_RENOVATION,YES,0
APP_002762,60,SALARIED_GOVT,12.90,167907.19,63743.96,12,0.12,677,0,BUSINESS_EXPANSION,NO,0
APP_002763,52,BUSINESS_OWNER,13.20,45193.00,511844.95,48,0.43,831,0,MEDICAL_EMERGENCY,YES,0
APP_002764,56,CONTRACTUAL,3.50,96951.96,137160.64,12,0.23,821,0,VEHICLE_PURCHASE,YES,0
APP_002765,24,SALARIED_MNC,17.20,222316.63,2043348.08,12,0.20,611,1,BUSINESS_EXPANSION,YES,1
APP_002766,53,BUSINESS_OWNER,11.30,85691.28,458092.67,84,0.61,571,5,EDUCATION,YES,1
APP_002767,58,SALARIED_GOVT,23.90,68667.86,1239849.17,36,0.73,788,0,EDUCATION,NO,1
APP_002768,49,SALARIED_GOVT,11.90,184832.29,70728.39,48,0.23,754,2,BUSINESS_EXPANSION,NO,0
APP_002769,26,SALARIED_MNC,1.40,289499.72,1387183.09,120,0.69,785,5,DEBT_CONSOLIDATION,YES,1
APP_002770,31,CONTRACTUAL,7.40,265466.68,2064307.85,36,0.14,707,5,VEHICLE_PURCHASE,YES,0
APP_002771,24,CONTRACTUAL,16.40,94362.94,1447341.75,60,0.53,765,2,MEDICAL_EMERGENCY,YES,0
APP_002772,30,CONTRACTUAL,18.60,219136.27,830441.55,36,0.16,670,1,MEDICAL_EMERGENCY,NO,0
APP_002773,35,CONTRACTUAL,9.60,127410.75,1346281.77,36,0.39,782,0,MEDICAL_EMERGENCY,YES,0
APP_002774,24,SALARIED_GOVT,5.60,60917.93,1600057.83,24,0.54,706,3,VEHICLE_PURCHASE,NO,0
APP_002775,37,SALARIED_MNC,15.60,83154.46,402100.38,12,0.58,729,3,VEHICLE_PURCHASE,NO,1
APP_002776,54,SALARIED_GOVT,2.60,228520.07,1781719.98,120,0.38,703,4,HOME_RENOVATION,NO,0
APP_002777,22,SALARIED_MNC,5.00,126202.96,178772.19,48,0.27,646,2,BUSINESS_EXPANSION,NO,0
APP_002778,54,SELF_EMPLOYED_PROFESSIONAL,3.40,149418.64,229598.36,60,0.29,568,4,BUSINESS_EXPANSION,YES,1
APP_002779,56,SALARIED_MNC,7.30,295147.60,100873.85,24,0.51,691,4,MEDICAL_EMERGENCY,YES,0
APP_002780,27,SALARIED_GOVT,11.30,201877.46,2314629.01,120,0.39,785,1,HOME_RENOVATION,NO,0
APP_002781,42,SALARIED_GOVT,22.50,184328.78,2459392.98,60,0.70,662,4,EDUCATION,NO,1
APP_002782,59,SALARIED_GOVT,7.30,82648.99,129483.49,24,0.56,576,3,HOME_RENOVATION,NO,1
APP_002783,50,CONTRACTUAL,16.70,345347.80,82243.09,12,0.75,774,5,BUSINESS_EXPANSION,YES,1
APP_002784,51,SALARIED_GOVT,8.30,155671.17,1078388.63,120,0.70,713,4,MEDICAL_EMERGENCY,NO,1
APP_002785,36,SELF_EMPLOYED_PROFESSIONAL,16.90,273348.08,2343354.84,120,0.28,824,1,EDUCATION,YES,0
APP_002786,38,BUSINESS_OWNER,20.80,186656.05,924377.96,36,0.54,849,4,BUSINESS_EXPANSION,YES,0
APP_002787,23,BUSINESS_OWNER,16.30,203696.38,2254135.19,84,0.40,718,0,EDUCATION,NO,0
APP_002788,31,CONTRACTUAL,19.60,287367.37,1161667.79,12,0.52,753,5,DEBT_CONSOLIDATION,NO,0
APP_002789,50,BUSINESS_OWNER,7.20,293086.44,1092610.69,120,0.20,609,1,DEBT_CONSOLIDATION,NO,1
APP_002790,31,CONTRACTUAL,5.10,267709.29,1741098.01,84,0.14,555,0,VEHICLE_PURCHASE,YES,1
APP_002791,52,CONTRACTUAL,11.40,117089.12,1803717.54,24,0.73,640,4,BUSINESS_EXPANSION,YES,1
APP_002792,41,SALARIED_GOVT,19.40,298752.56,182579.47,84,0.24,763,3,BUSINESS_EXPANSION,YES,0
APP_002793,60,CONTRACTUAL,24.80,282956.89,1260586.57,12,0.46,644,5,BUSINESS_EXPANSION,NO,0
APP_002794,23,SELF_EMPLOYED_PROFESSIONAL,1.10,199005.31,2258616.40,12,0.44,567,0,BUSINESS_EXPANSION,NO,1
APP_002795,52,SELF_EMPLOYED_PROFESSIONAL,22.00,173095.91,2392961.60,120,0.70,813,4,HOME_RENOVATION,YES,1
APP_002796,45,SALARIED_MNC,6.00,338915.19,1370165.85,24,0.29,650,5,EDUCATION,NO,0
APP_002797,54,SELF_EMPLOYED_PROFESSIONAL,3.80,142865.42,251154.79,60,0.49,713,3,EDUCATION,NO,0
APP_002798,38,BUSINESS_OWNER,12.40,346976.41,1024179.06,60,0.31,560,0,BUSINESS_EXPANSION,YES,1
APP_002799,60,SALARIED_MNC,8.10,198970.41,937480.79,24,0.28,577,1,MEDICAL_EMERGENCY,NO,1
APP_002800,39,SALARIED_GOVT,14.50,247061.40,50376.66,120,0.23,594,5,DEBT_CONSOLIDATION,NO,1
APP_002801,43,SALARIED_MNC,16.80,339440.27,356278.17,120,0.18,720,2,DEBT_CONSOLIDATION,NO,0
APP_002802,49,SALARIED_MNC,19.10,92994.36,1924884.62,24,0.63,563,4,VEHICLE_PURCHASE,NO,1
APP_002803,40,SALARIED_GOVT,13.70,223454.58,979681.12,48,0.38,759,4,MEDICAL_EMERGENCY,NO,0
APP_002804,34,BUSINESS_OWNER,6.70,300626.00,1603850.87,120,0.24,626,1,MEDICAL_EMERGENCY,NO,1
APP_002805,25,SALARIED_MNC,2.60,219817.52,909980.02,24,0.49,805,3,HOME_RENOVATION,NO,0
APP_002806,36,SELF_EMPLOYED_PROFESSIONAL,8.50,241133.57,429141.42,48,0.43,768,2,HOME_RENOVATION,NO,0
APP_002807,61,SALARIED_MNC,22.70,259014.40,688985.04,36,0.60,782,4,BUSINESS_EXPANSION,NO,1
APP_002808,37,SALARIED_GOVT,12.00,165616.82,2055225.85,84,0.68,597,4,EDUCATION,YES,1
APP_002809,61,CONTRACTUAL,13.60,144872.78,1653783.71,120,0.54,694,5,VEHICLE_PURCHASE,NO,0
APP_002810,41,SALARIED_GOVT,11.40,321035.09,1786727.85,12,0.17,687,5,EDUCATION,YES,0
APP_002811,56,SALARIED_GOVT,14.30,241462.48,1274117.80,48,0.31,596,2,DEBT_CONSOLIDATION,NO,1
APP_002812,36,BUSINESS_OWNER,10.40,275924.91,1828633.54,60,0.38,719,1,MEDICAL_EMERGENCY,NO,0
APP_002813,58,CONTRACTUAL,5.00,348388.26,2400224.03,48,0.44,771,3,MEDICAL_EMERGENCY,YES,0
APP_002814,47,CONTRACTUAL,2.10,82404.81,1865398.75,84,0.74,555,0,EDUCATION,YES,1
APP_002815,47,BUSINESS_OWNER,6.20,128651.21,2427301.57,48,0.29,656,2,BUSINESS_EXPANSION,YES,0
APP_002816,32,SALARIED_GOVT,6.50,88390.19,1959151.27,60,0.13,626,0,EDUCATION,YES,1
APP_002817,52,SALARIED_MNC,12.60,161507.85,1000194.30,36,0.33,658,2,HOME_RENOVATION,NO,0
APP_002818,57,SELF_EMPLOYED_PROFESSIONAL,19.30,317182.72,875746.29,120,0.10,799,0,BUSINESS_EXPANSION,NO,0
APP_002819,46,SELF_EMPLOYED_PROFESSIONAL,7.40,278384.13,1764906.47,84,0.12,640,2,EDUCATION,YES,0
APP_002820,39,SALARIED_GOVT,9.80,341413.82,1959279.83,12,0.46,675,5,MEDICAL_EMERGENCY,NO,0
APP_002821,47,BUSINESS_OWNER,5.70,179741.87,1475167.01,36,0.48,744,5,MEDICAL_EMERGENCY,NO,0
APP_002822,24,SALARIED_MNC,10.10,116045.52,2357970.58,120,0.74,753,1,MEDICAL_EMERGENCY,NO,1
APP_002823,21,CONTRACTUAL,20.80,203410.00,929471.00,12,0.46,673,0,DEBT_CONSOLIDATION,YES,0
APP_002824,55,CONTRACTUAL,10.60,301117.64,283433.42,48,0.36,593,4,EDUCATION,NO,1
APP_002825,31,SALARIED_MNC,20.00,270076.23,1518382.36,48,0.60,689,1,DEBT_CONSOLIDATION,YES,1
APP_002826,23,CONTRACTUAL,14.20,88284.07,1346724.94,60,0.71,694,1,DEBT_CONSOLIDATION,YES,1
APP_002827,31,CONTRACTUAL,5.80,178638.82,2452798.37,48,0.25,565,1,MEDICAL_EMERGENCY,YES,1
APP_002828,27,SALARIED_GOVT,2.70,68002.52,1400666.59,120,0.10,781,5,EDUCATION,NO,0
APP_002829,43,BUSINESS_OWNER,11.30,337630.54,2265217.27,12,0.13,699,3,HOME_RENOVATION,NO,0
APP_002830,37,SELF_EMPLOYED_PROFESSIONAL,11.50,327805.44,1785374.77,48,0.73,689,2,HOME_RENOVATION,NO,1
APP_002831,53,SELF_EMPLOYED_PROFESSIONAL,24.70,82534.63,2254379.56,84,0.68,652,0,MEDICAL_EMERGENCY,NO,1
APP_002832,26,SALARIED_GOVT,16.90,290270.26,510751.89,48,0.63,645,0,EDUCATION,YES,1
APP_002833,43,SELF_EMPLOYED_PROFESSIONAL,22.20,238547.85,2071958.77,12,0.19,760,4,VEHICLE_PURCHASE,YES,0
APP_002834,34,BUSINESS_OWNER,9.90,261660.26,2246643.60,12,0.50,810,4,EDUCATION,YES,0
APP_002835,29,SELF_EMPLOYED_PROFESSIONAL,10.50,78243.83,968574.42,60,0.58,837,2,EDUCATION,NO,1
APP_002836,52,CONTRACTUAL,14.70,137981.43,2236570.55,24,0.29,704,3,MEDICAL_EMERGENCY,NO,0
APP_002837,54,BUSINESS_OWNER,8.20,46454.74,2075842.27,84,0.48,730,1,HOME_RENOVATION,NO,0
APP_002838,23,BUSINESS_OWNER,24.50,301948.53,639687.68,60,0.59,721,3,BUSINESS_EXPANSION,NO,1
APP_002839,45,SELF_EMPLOYED_PROFESSIONAL,3.00,117308.23,369731.36,12,0.45,810,5,VEHICLE_PURCHASE,YES,0
APP_002840,53,SALARIED_GOVT,12.60,218286.58,641219.68,84,0.49,816,3,HOME_RENOVATION,NO,0
APP_002841,56,BUSINESS_OWNER,16.00,26257.99,341884.27,36,0.65,816,0,VEHICLE_PURCHASE,NO,1
APP_002842,33,BUSINESS_OWNER,24.40,252289.83,652444.32,48,0.72,711,4,MEDICAL_EMERGENCY,NO,1
APP_002843,41,CONTRACTUAL,9.30,319372.16,1975199.35,24,0.12,754,3,MEDICAL_EMERGENCY,YES,0
APP_002844,50,SELF_EMPLOYED_PROFESSIONAL,23.30,344121.94,123724.45,60,0.41,616,1,BUSINESS_EXPANSION,NO,1
APP_002845,62,SALARIED_MNC,5.70,223929.34,519269.55,60,0.55,589,2,VEHICLE_PURCHASE,YES,1
APP_002846,52,SALARIED_GOVT,11.20,236317.05,1759718.09,36,0.46,569,5,DEBT_CONSOLIDATION,NO,1
APP_002847,44,SALARIED_MNC,2.70,96697.13,658602.82,12,0.40,633,0,BUSINESS_EXPANSION,YES,1
APP_002848,47,CONTRACTUAL,14.10,295501.44,1937674.63,60,0.41,759,2,VEHICLE_PURCHASE,YES,0
APP_002849,58,SALARIED_GOVT,8.00,257030.02,1607087.24,36,0.18,775,4,HOME_RENOVATION,YES,0
APP_002850,39,SALARIED_GOVT,25.00,73681.64,213375.02,24,0.71,775,3,BUSINESS_EXPANSION,YES,1
APP_002851,55,SALARIED_GOVT,6.20,309048.26,1615181.00,60,0.13,745,0,EDUCATION,NO,0
APP_002852,56,SELF_EMPLOYED_PROFESSIONAL,18.90,43241.57,1831004.88,24,0.54,844,0,HOME_RENOVATION,YES,0
APP_002853,33,CONTRACTUAL,20.40,255288.92,52207.36,60,0.67,638,3,HOME_RENOVATION,NO,1
APP_002854,59,SALARIED_GOVT,17.50,114101.95,2495485.89,12,0.12,560,5,HOME_RENOVATION,YES,1
APP_002855,40,SELF_EMPLOYED_PROFESSIONAL,11.60,224723.33,776285.33,36,0.14,715,0,DEBT_CONSOLIDATION,YES,0
APP_002856,43,SELF_EMPLOYED_PROFESSIONAL,9.10,26891.35,1229305.34,120,0.61,752,2,BUSINESS_EXPANSION,NO,1
APP_002857,49,SELF_EMPLOYED_PROFESSIONAL,8.10,221981.61,1666293.08,84,0.24,715,5,BUSINESS_EXPANSION,YES,0
APP_002858,39,SALARIED_GOVT,22.00,269840.27,2153434.85,48,0.74,604,4,HOME_RENOVATION,YES,1
APP_002859,38,SALARIED_GOVT,16.40,225305.87,692326.52,12,0.21,808,3,EDUCATION,NO,0
APP_002860,53,SALARIED_GOVT,1.70,243311.49,704482.84,12,0.46,788,4,VEHICLE_PURCHASE,NO,0
APP_002861,45,CONTRACTUAL,7.70,76710.88,1169951.27,12,0.49,652,4,EDUCATION,NO,0
APP_002862,30,CONTRACTUAL,11.50,56259.39,2399687.05,36,0.69,826,1,VEHICLE_PURCHASE,YES,1
APP_002863,55,SALARIED_GOVT,10.30,341979.83,2216144.48,120,0.63,786,0,BUSINESS_EXPANSION,NO,1
APP_002864,61,SALARIED_GOVT,14.10,201988.17,116634.20,24,0.39,783,5,DEBT_CONSOLIDATION,NO,0
APP_002865,61,CONTRACTUAL,3.10,335726.40,359902.91,48,0.30,808,1,EDUCATION,NO,0
APP_002866,50,CONTRACTUAL,21.70,177696.33,552676.47,120,0.42,638,4,DEBT_CONSOLIDATION,NO,1
APP_002867,23,CONTRACTUAL,16.10,273927.13,1812375.98,60,0.24,573,0,BUSINESS_EXPANSION,NO,1
APP_002868,41,BUSINESS_OWNER,2.50,48846.24,2202248.92,84,0.37,763,5,HOME_RENOVATION,YES,0
APP_002869,55,SELF_EMPLOYED_PROFESSIONAL,19.30,143620.92,335944.24,24,0.71,679,4,EDUCATION,NO,1
APP_002870,25,SALARIED_MNC,16.60,225047.83,2285511.25,84,0.49,562,5,DEBT_CONSOLIDATION,NO,1
APP_002871,43,SALARIED_GOVT,18.90,162616.42,1592714.13,12,0.31,626,1,VEHICLE_PURCHASE,NO,1
APP_002872,21,SELF_EMPLOYED_PROFESSIONAL,7.10,145705.54,568715.71,60,0.31,587,4,HOME_RENOVATION,YES,1
APP_002873,32,SALARIED_GOVT,2.00,255807.07,1630887.03,36,0.69,552,0,VEHICLE_PURCHASE,YES,1
APP_002874,24,SALARIED_MNC,20.60,78185.26,1138090.72,12,0.67,775,1,HOME_RENOVATION,NO,1
APP_002875,26,SALARIED_MNC,11.80,281583.06,756292.75,120,0.17,830,5,BUSINESS_EXPANSION,YES,0
APP_002876,52,SALARIED_GOVT,12.70,307963.36,1107736.24,12,0.12,839,5,MEDICAL_EMERGENCY,YES,0
APP_002877,27,SALARIED_MNC,11.10,200477.07,757129.00,60,0.74,669,4,MEDICAL_EMERGENCY,NO,1
APP_002878,46,SALARIED_MNC,24.20,41784.09,750144.72,60,0.32,701,0,EDUCATION,YES,0
APP_002879,39,SALARIED_MNC,6.50,241858.57,1192821.52,120,0.27,718,1,MEDICAL_EMERGENCY,NO,0
APP_002880,44,BUSINESS_OWNER,2.80,345474.66,1070462.59,36,0.46,620,1,HOME_RENOVATION,YES,1
APP_002881,55,BUSINESS_OWNER,1.00,50114.18,1998302.65,12,0.70,651,4,EDUCATION,NO,1
APP_002882,32,SELF_EMPLOYED_PROFESSIONAL,19.30,225586.13,645442.63,36,0.33,848,3,EDUCATION,YES,0
APP_002883,52,SALARIED_GOVT,5.20,302099.15,54957.42,84,0.29,674,3,HOME_RENOVATION,NO,0
APP_002884,37,CONTRACTUAL,6.10,131165.68,2426643.83,84,0.18,745,4,EDUCATION,NO,0
APP_002885,61,CONTRACTUAL,12.00,349331.13,2473765.63,120,0.67,686,5,HOME_RENOVATION,YES,1
APP_002886,33,SALARIED_GOVT,19.90,200225.22,920796.41,12,0.22,559,0,EDUCATION,NO,1
APP_002887,43,SALARIED_GOVT,20.30,324964.96,1966944.71,24,0.66,594,5,BUSINESS_EXPANSION,NO,1
APP_002888,41,SALARIED_GOVT,14.00,258685.57,816965.92,24,0.62,645,2,HOME_RENOVATION,NO,1
APP_002889,56,CONTRACTUAL,12.00,218611.23,116206.68,24,0.11,792,4,BUSINESS_EXPANSION,YES,0
APP_002890,24,BUSINESS_OWNER,3.80,113833.50,1650916.00,84,0.34,833,4,HOME_RENOVATION,YES,0
APP_002891,53,SELF_EMPLOYED_PROFESSIONAL,4.70,336078.60,373466.73,120,0.51,682,1,DEBT_CONSOLIDATION,YES,0
APP_002892,34,SELF_EMPLOYED_PROFESSIONAL,24.90,339053.54,1172566.88,12,0.21,732,5,BUSINESS_EXPANSION,NO,0
APP_002893,21,SELF_EMPLOYED_PROFESSIONAL,20.80,275207.47,1664378.16,48,0.60,841,0,BUSINESS_EXPANSION,YES,1
APP_002894,29,SALARIED_MNC,20.40,187325.77,1998271.80,24,0.48,832,3,EDUCATION,YES,0
APP_002895,57,BUSINESS_OWNER,6.30,264007.49,2063316.89,84,0.71,640,4,DEBT_CONSOLIDATION,NO,1
APP_002896,49,BUSINESS_OWNER,4.80,152743.21,1316757.69,60,0.63,759,4,DEBT_CONSOLIDATION,NO,1
APP_002897,32,SALARIED_GOVT,10.80,131648.44,1803686.01,36,0.74,773,5,DEBT_CONSOLIDATION,YES,1
APP_002898,31,SALARIED_MNC,12.20,134245.34,1121942.33,120,0.16,619,4,EDUCATION,YES,1
APP_002899,25,SALARIED_GOVT,22.10,282231.92,952741.04,48,0.40,678,1,MEDICAL_EMERGENCY,YES,0
APP_002900,48,CONTRACTUAL,0.70,317824.06,902217.33,84,0.28,621,5,MEDICAL_EMERGENCY,YES,1
APP_002901,28,SALARIED_GOVT,2.60,83488.68,913597.67,48,0.35,615,0,VEHICLE_PURCHASE,YES,1
APP_002902,21,SELF_EMPLOYED_PROFESSIONAL,10.10,297336.02,1775521.04,60,0.37,696,2,HOME_RENOVATION,NO,0
APP_002903,33,SALARIED_GOVT,18.00,259369.20,2322496.21,24,0.53,599,0,HOME_RENOVATION,YES,1
APP_002904,51,SELF_EMPLOYED_PROFESSIONAL,3.70,272337.65,1512884.78,60,0.26,713,2,MEDICAL_EMERGENCY,YES,0
APP_002905,48,SALARIED_GOVT,19.30,235740.85,834295.56,48,0.37,561,2,DEBT_CONSOLIDATION,NO,1
APP_002906,57,SELF_EMPLOYED_PROFESSIONAL,7.70,250160.90,549165.76,48,0.62,683,3,DEBT_CONSOLIDATION,NO,1
APP_002907,59,SALARIED_MNC,7.50,305160.91,1916618.09,12,0.38,808,0,BUSINESS_EXPANSION,YES,0
APP_002908,27,SALARIED_GOVT,18.80,294979.66,138230.29,12,0.39,806,4,BUSINESS_EXPANSION,YES,0
APP_002909,45,CONTRACTUAL,17.20,68418.02,2153776.69,36,0.32,618,3,DEBT_CONSOLIDATION,YES,1
APP_002910,43,SALARIED_MNC,5.30,56197.81,1722113.62,120,0.25,694,2,VEHICLE_PURCHASE,NO,0
APP_002911,39,SELF_EMPLOYED_PROFESSIONAL,18.80,112447.08,529899.04,24,0.17,727,0,BUSINESS_EXPANSION,NO,0
APP_002912,50,SALARIED_GOVT,19.50,295149.54,2309194.51,12,0.65,601,0,DEBT_CONSOLIDATION,YES,1
APP_002913,44,SALARIED_MNC,5.30,250018.44,1932725.56,120,0.19,789,4,DEBT_CONSOLIDATION,NO,0
APP_002914,52,BUSINESS_OWNER,19.90,118380.92,2184991.78,36,0.21,595,3,BUSINESS_EXPANSION,YES,1
APP_002915,36,SALARIED_MNC,18.30,171506.32,1258446.16,60,0.42,772,5,VEHICLE_PURCHASE,NO,0
APP_002916,57,BUSINESS_OWNER,18.00,196986.08,1065768.32,24,0.70,811,5,VEHICLE_PURCHASE,NO,1
APP_002917,37,SALARIED_MNC,6.20,305722.32,254235.97,84,0.17,690,4,BUSINESS_EXPANSION,NO,0
APP_002918,23,SELF_EMPLOYED_PROFESSIONAL,18.70,64362.79,471037.19,120,0.31,697,2,EDUCATION,YES,0
APP_002919,52,CONTRACTUAL,23.90,172911.86,553072.38,84,0.36,602,0,VEHICLE_PURCHASE,NO,1
APP_002920,47,SALARIED_MNC,21.30,256622.96,890525.07,120,0.34,779,1,VEHICLE_PURCHASE,YES,0
APP_002921,22,SALARIED_GOVT,9.80,123441.37,1221688.58,12,0.67,643,1,DEBT_CONSOLIDATION,YES,1
APP_002922,53,SALARIED_MNC,18.10,38950.39,2253070.12,36,0.69,740,4,BUSINESS_EXPANSION,NO,1
APP_002923,25,SALARIED_GOVT,3.00,136595.77,527663.80,84,0.55,601,1,DEBT_CONSOLIDATION,NO,1
APP_002924,49,BUSINESS_OWNER,2.10,97172.40,2066000.05,48,0.37,756,0,HOME_RENOVATION,YES,0
APP_002925,55,BUSINESS_OWNER,17.00,179422.69,1334869.64,60,0.48,794,2,BUSINESS_EXPANSION,NO,0
APP_002926,42,SALARIED_GOVT,21.90,144199.82,214443.23,120,0.60,695,3,BUSINESS_EXPANSION,YES,1
APP_002927,50,CONTRACTUAL,13.80,327400.30,2386433.46,36,0.67,842,4,MEDICAL_EMERGENCY,YES,1
APP_002928,41,BUSINESS_OWNER,24.10,51253.05,2136535.93,36,0.60,707,1,DEBT_CONSOLIDATION,NO,1
APP_002929,53,SALARIED_GOVT,9.90,99890.92,992783.78,60,0.49,610,4,MEDICAL_EMERGENCY,YES,1
APP_002930,23,SALARIED_GOVT,17.30,59090.87,1540089.83,60,0.67,568,1,VEHICLE_PURCHASE,NO,1
APP_002931,23,BUSINESS_OWNER,24.00,195415.17,94407.02,36,0.55,719,2,BUSINESS_EXPANSION,YES,0
APP_002932,35,SELF_EMPLOYED_PROFESSIONAL,10.30,37758.31,1474444.77,120,0.32,803,4,DEBT_CONSOLIDATION,YES,1
APP_002933,61,SALARIED_GOVT,1.00,155299.86,118441.55,48,0.48,618,0,MEDICAL_EMERGENCY,YES,1
APP_002934,29,SELF_EMPLOYED_PROFESSIONAL,14.40,243007.52,710177.87,12,0.71,646,5,DEBT_CONSOLIDATION,YES,1
APP_002935,60,SALARIED_MNC,23.70,102285.61,546679.10,36,0.60,765,3,BUSINESS_EXPANSION,NO,1
APP_002936,50,SELF_EMPLOYED_PROFESSIONAL,21.50,49855.87,1688221.56,36,0.28,756,5,VEHICLE_PURCHASE,NO,0
APP_002937,24,BUSINESS_OWNER,11.70,169221.57,731213.64,120,0.35,565,1,EDUCATION,NO,1
APP_002938,48,SALARIED_GOVT,12.70,260333.29,2030510.55,48,0.72,777,3,BUSINESS_EXPANSION,NO,1
APP_002939,40,SALARIED_MNC,16.90,237560.10,2027415.77,120,0.23,666,4,HOME_RENOVATION,YES,0
APP_002940,28,SALARIED_MNC,12.80,167457.34,2367730.96,36,0.16,640,4,HOME_RENOVATION,YES,0
APP_002941,56,BUSINESS_OWNER,19.50,271786.07,1065932.84,84,0.27,552,4,VEHICLE_PURCHASE,YES,1
APP_002942,43,CONTRACTUAL,24.90,33174.41,1689454.59,24,0.38,597,0,VEHICLE_PURCHASE,NO,1
APP_002943,34,CONTRACTUAL,12.00,91753.93,2068206.48,24,0.18,751,0,BUSINESS_EXPANSION,YES,0
APP_002944,62,CONTRACTUAL,13.60,149766.23,1185401.24,60,0.26,814,1,EDUCATION,YES,0
APP_002945,46,CONTRACTUAL,15.40,262208.72,956178.68,120,0.63,563,3,EDUCATION,NO,1
APP_002946,62,SALARIED_GOVT,14.20,108658.33,655242.91,84,0.11,712,4,HOME_RENOVATION,NO,0
APP_002947,59,BUSINESS_OWNER,16.20,225142.55,2228611.82,84,0.31,723,5,BUSINESS_EXPANSION,YES,0
APP_002948,30,SELF_EMPLOYED_PROFESSIONAL,21.70,84900.92,1519001.03,36,0.17,814,5,VEHICLE_PURCHASE,YES,0
APP_002949,46,CONTRACTUAL,20.60,279247.11,1767901.77,12,0.39,701,3,EDUCATION,YES,0
APP_002950,21,BUSINESS_OWNER,16.70,261739.05,91469.22,120,0.66,836,4,DEBT_CONSOLIDATION,YES,1
APP_002951,35,SELF_EMPLOYED_PROFESSIONAL,4.20,308449.23,568937.28,60,0.72,609,1,MEDICAL_EMERGENCY,NO,1
APP_002952,35,SALARIED_MNC,10.40,309459.07,1456221.25,24,0.75,805,5,HOME_RENOVATION,NO,1
APP_002953,51,BUSINESS_OWNER,1.40,44415.76,2473949.88,36,0.28,810,4,VEHICLE_PURCHASE,NO,0
APP_002954,47,CONTRACTUAL,1.80,122906.65,275812.29,24,0.53,765,4,BUSINESS_EXPANSION,NO,0
APP_002955,29,SALARIED_MNC,24.80,260547.32,914329.69,120,0.20,624,3,VEHICLE_PURCHASE,YES,1
APP_002956,42,SELF_EMPLOYED_PROFESSIONAL,2.80,86865.89,930220.22,24,0.53,708,4,EDUCATION,NO,0
APP_002957,31,SALARIED_GOVT,15.70,95103.49,1827136.84,48,0.25,804,3,EDUCATION,YES,0
APP_002958,21,SELF_EMPLOYED_PROFESSIONAL,8.70,91149.58,621643.27,48,0.14,796,4,HOME_RENOVATION,YES,0
APP_002959,23,BUSINESS_OWNER,18.20,340658.79,2114564.27,48,0.22,657,2,MEDICAL_EMERGENCY,NO,0
APP_002960,55,SELF_EMPLOYED_PROFESSIONAL,20.10,175869.96,748338.51,36,0.33,818,2,EDUCATION,NO,0
APP_002961,39,SALARIED_MNC,14.00,282051.16,1346169.18,36,0.40,672,2,EDUCATION,NO,0
APP_002962,30,BUSINESS_OWNER,24.30,233934.78,2381444.66,60,0.22,576,2,VEHICLE_PURCHASE,NO,1
APP_002963,55,SELF_EMPLOYED_PROFESSIONAL,14.20,69283.62,73016.23,120,0.25,702,2,VEHICLE_PURCHASE,YES,0
APP_002964,54,BUSINESS_OWNER,1.90,265253.82,1345601.66,60,0.56,788,4,EDUCATION,YES,1
APP_002965,23,CONTRACTUAL,5.90,287025.32,2244009.99,48,0.56,682,2,EDUCATION,NO,1
APP_002966,39,SALARIED_MNC,21.30,347047.37,1978869.60,84,0.41,622,0,DEBT_CONSOLIDATION,YES,1
APP_002967,51,SALARIED_GOVT,4.20,136389.13,697542.34,120,0.73,770,1,DEBT_CONSOLIDATION,YES,1
APP_002968,21,CONTRACTUAL,6.70,80207.25,260558.54,48,0.18,565,3,HOME_RENOVATION,YES,1
APP_002969,42,SALARIED_MNC,19.90,292374.52,2217960.78,24,0.64,807,3,MEDICAL_EMERGENCY,NO,1
APP_002970,29,CONTRACTUAL,3.20,325076.65,1290194.69,60,0.40,693,5,HOME_RENOVATION,YES,0
APP_002971,32,SALARIED_GOVT,24.80,74341.13,2035357.68,60,0.42,627,4,HOME_RENOVATION,NO,1
APP_002972,49,SELF_EMPLOYED_PROFESSIONAL,16.30,298318.95,1880421.06,12,0.47,591,1,VEHICLE_PURCHASE,NO,1
APP_002973,28,CONTRACTUAL,23.50,130973.27,2493194.20,24,0.38,726,3,VEHICLE_PURCHASE,NO,0
APP_002974,40,BUSINESS_OWNER,12.20,206065.00,1134887.53,120,0.21,695,0,BUSINESS_EXPANSION,YES,0
APP_002975,60,CONTRACTUAL,21.10,63928.83,995419.64,24,0.70,566,3,VEHICLE_PURCHASE,YES,1
APP_002976,27,CONTRACTUAL,16.40,270290.04,1889147.81,24,0.62,817,1,DEBT_CONSOLIDATION,NO,1
APP_002977,50,SALARIED_GOVT,23.50,336910.52,2013942.23,12,0.39,794,5,MEDICAL_EMERGENCY,YES,0
APP_002978,32,SELF_EMPLOYED_PROFESSIONAL,21.60,72084.57,2012776.78,60,0.22,718,2,EDUCATION,YES,0
APP_002979,29,SALARIED_GOVT,10.40,145951.71,1080620.45,48,0.74,632,4,MEDICAL_EMERGENCY,YES,1
APP_002980,48,BUSINESS_OWNER,23.30,283735.03,1707492.56,12,0.19,693,1,BUSINESS_EXPANSION,NO,0
APP_002981,34,SELF_EMPLOYED_PROFESSIONAL,2.20,47463.58,1608960.88,120,0.34,790,0,HOME_RENOVATION,NO,0
APP_002982,38,CONTRACTUAL,0.80,213248.34,165132.26,120,0.15,761,4,VEHICLE_PURCHASE,NO,0
APP_002983,40,SALARIED_GOVT,16.10,126197.51,2350358.37,36,0.38,674,5,DEBT_CONSOLIDATION,NO,0
APP_002984,58,SALARIED_MNC,23.20,348188.83,609580.25,84,0.48,582,3,DEBT_CONSOLIDATION,YES,1
APP_002985,61,CONTRACTUAL,1.40,155722.72,2006803.29,60,0.54,673,2,HOME_RENOVATION,YES,0
APP_002986,48,SALARIED_MNC,11.90,146594.36,360625.46,12,0.56,577,1,EDUCATION,NO,1
APP_002987,47,SALARIED_MNC,3.80,312062.39,1655466.67,36,0.31,616,1,BUSINESS_EXPANSION,NO,1
APP_002988,24,SALARIED_MNC,9.30,88183.26,1527440.69,12,0.54,646,2,BUSINESS_EXPANSION,YES,0
APP_002989,33,CONTRACTUAL,17.70,338620.10,310132.14,48,0.61,630,1,HOME_RENOVATION,NO,1
APP_002990,49,SALARIED_GOVT,20.30,103190.06,232921.45,12,0.53,750,0,DEBT_CONSOLIDATION,YES,0
APP_002991,51,BUSINESS_OWNER,19.00,309954.81,1185569.27,24,0.61,599,3,DEBT_CONSOLIDATION,YES,1
APP_002992,40,SALARIED_MNC,2.50,279062.25,640053.14,84,0.20,709,4,DEBT_CONSOLIDATION,YES,0
APP_002993,32,SALARIED_MNC,23.70,320797.16,68514.92,12,0.22,561,0,BUSINESS_EXPANSION,NO,1
APP_002994,52,CONTRACTUAL,1.70,310453.31,2083834.07,24,0.48,621,1,BUSINESS_EXPANSION,YES,1
APP_002995,41,SELF_EMPLOYED_PROFESSIONAL,9.10,254589.39,866456.35,120,0.28,555,5,MEDICAL_EMERGENCY,YES,1
APP_002996,44,SELF_EMPLOYED_PROFESSIONAL,18.40,156596.14,1308666.39,36,0.72,626,3,MEDICAL_EMERGENCY,YES,1
APP_002997,51,SALARIED_MNC,22.70,330713.11,2262889.00,120,0.34,736,1,BUSINESS_EXPANSION,YES,0
APP_002998,52,SALARIED_GOVT,4.10,165253.94,577726.20,12,0.62,681,4,VEHICLE_PURCHASE,YES,1
APP_002999,31,SALARIED_MNC,5.80,240749.70,1453333.83,24,0.33,804,3,BUSINESS_EXPANSION,YES,0
APP_003000,56,BUSINESS_OWNER,8.30,198729.51,987404.61,36,0.39,807,3,DEBT_CONSOLIDATION,YES,0
