transaction_id,customer_id,age,account_type,transaction_type,merchant_category,amount,balance_before,balance_after,transaction_hour,location,device_type,payment_method,is_international,is_fraud
TXN-100000,CUST-1287,56,Savings,Withdrawal,Entertainment,61.48,10304.98,10243.5,11,Toronto,ATM,Wire Transfer,0,0
TXN-100001,CUST-1104,69,Savings,Transfer,Travel,27.95,24770.95,24743.0,18,Singapore,ATM,Debit Card,0,0
TXN-100002,CUST-1468,46,Business,Deposit,Utilities,41.08,11859.8,11900.88,14,London,ATM,Debit Card,0,0
TXN-100003,CUST-1024,32,Business,Transfer,Utilities,21.73,13890.52,13868.79,13,London,Mobile App,Credit Card,0,0
TXN-100004,CUST-1052,60,Savings,Payment,Retail,177.36,13291.4,13114.04,15,New York,Web Browser,Wire Transfer,1,0
TXN-100005,CUST-1246,25,Business,Payment,Utilities,167.14,8111.25,7944.11,13,Singapore,Mobile App,Debit Card,0,0
TXN-100006,CUST-1336,38,Checking,Payment,Electronics,456.19,1968.05,1511.86,2,Singapore,ATM,UPI / Wallet,1,0
TXN-100007,CUST-1280,56,Credit,Transfer,Travel,201.22,22401.72,22200.5,17,Mumbai,Web Browser,UPI / Wallet,0,0
TXN-100008,CUST-1032,36,Checking,Deposit,Retail,13.02,20086.63,20099.65,21,Berlin,POS Terminal,Credit Card,0,0
TXN-100009,CUST-1286,40,Checking,Transfer,Utilities,328.44,3574.22,3245.78,5,New York,Mobile App,UPI / Wallet,0,0
TXN-100010,CUST-1035,28,Checking,Payment,Travel,302.81,19441.53,19138.72,16,London,Web Browser,UPI / Wallet,0,0
TXN-100011,CUST-1342,28,Checking,Transfer,Groceries,92.86,15683.58,15590.72,22,Toronto,POS Terminal,UPI / Wallet,0,0
TXN-100012,CUST-1378,41,Savings,Transfer,Utilities,137.23,10287.68,10150.45,13,London,POS Terminal,Debit Card,1,0
TXN-100013,CUST-1238,70,Savings,Payment,Entertainment,564.95,6425.13,5860.18,13,Tokyo,ATM,Wire Transfer,1,1
TXN-100014,CUST-1491,53,Savings,Payment,Travel,118.99,21507.25,21388.26,19,Berlin,POS Terminal,Credit Card,1,0
TXN-100015,CUST-1216,57,Checking,Transfer,Retail,358.59,17534.69,17176.1,12,London,POS Terminal,Wire Transfer,0,0
TXN-100016,CUST-1176,41,Savings,Transfer,Groceries,18.0,13738.72,13720.72,2,Singapore,ATM,Wire Transfer,1,0
TXN-100017,CUST-1043,20,Checking,Payment,Electronics,36.8,15278.26,15241.46,12,London,Web Browser,Wire Transfer,0,0
TXN-100018,CUST-1303,39,Business,Withdrawal,Groceries,92.18,2367.55,2275.37,23,Singapore,Web Browser,Debit Card,0,0
TXN-100019,CUST-1157,70,Savings,Withdrawal,Utilities,136.83,11900.6,11763.77,1,Singapore,ATM,UPI / Wallet,0,0
TXN-100020,CUST-1268,19,Checking,Transfer,Entertainment,259.11,4923.14,4664.03,8,New York,Mobile App,Credit Card,0,0
TXN-100021,CUST-1170,41,Checking,Payment,Groceries,671.74,5288.75,4617.01,12,London,ATM,Wire Transfer,1,1
TXN-100022,CUST-1494,61,Credit,Transfer,Electronics,78.86,16566.47,16487.61,7,New York,Web Browser,UPI / Wallet,1,0
TXN-100023,CUST-1220,47,Savings,Transfer,Retail,12.29,22790.28,22777.99,15,Toronto,Mobile App,Debit Card,0,0
TXN-100024,CUST-1399,55,Checking,Payment,Travel,247.3,10153.54,9906.24,23,Toronto,ATM,Wire Transfer,0,0
TXN-100025,CUST-1229,19,Credit,Payment,Entertainment,144.1,5272.96,5128.86,2,Berlin,Web Browser,UPI / Wallet,0,0
TXN-100026,CUST-1090,38,Credit,Transfer,Electronics,38.2,16253.8,16215.6,12,Singapore,Web Browser,Debit Card,0,0
TXN-100027,CUST-1409,50,Checking,Transfer,Utilities,107.43,21792.56,21685.13,3,Toronto,Web Browser,UPI / Wallet,0,0
TXN-100028,CUST-1458,29,Checking,Transfer,Utilities,208.4,18733.14,18524.74,17,Berlin,POS Terminal,Credit Card,0,0
TXN-100029,CUST-1430,39,Checking,Withdrawal,Utilities,225.72,21732.06,21506.34,1,London,POS Terminal,UPI / Wallet,0,0
TXN-100030,CUST-1420,61,Credit,Deposit,Entertainment,108.86,13460.21,13569.07,19,Berlin,Mobile App,UPI / Wallet,0,0
TXN-100031,CUST-1130,42,Checking,Transfer,Groceries,59.62,18821.72,18762.1,21,Berlin,Mobile App,Credit Card,0,0
TXN-100032,CUST-1409,66,Savings,Transfer,Entertainment,550.97,3587.61,3036.64,20,London,Mobile App,Credit Card,0,1
TXN-100033,CUST-1225,44,Credit,Withdrawal,Utilities,168.31,8772.04,8603.73,14,New York,POS Terminal,UPI / Wallet,0,0
TXN-100034,CUST-1224,59,Checking,Deposit,Electronics,83.7,9799.77,9883.47,16,New York,Mobile App,Credit Card,0,0
TXN-100035,CUST-1142,45,Checking,Payment,Travel,54.37,12831.26,12776.89,9,Singapore,Web Browser,UPI / Wallet,0,0
TXN-100036,CUST-1065,33,Savings,Transfer,Travel,202.01,23234.0,23031.99,0,Singapore,Web Browser,Wire Transfer,0,0
TXN-100037,CUST-1027,32,Checking,Transfer,Entertainment,46.6,21869.98,21823.38,5,London,Mobile App,UPI / Wallet,0,0
TXN-100038,CUST-1124,64,Savings,Payment,Utilities,33.26,3449.68,3416.42,2,London,Mobile App,Debit Card,0,0
TXN-100039,CUST-1211,68,Checking,Payment,Retail,118.2,4402.46,4284.26,18,Mumbai,POS Terminal,Credit Card,0,0
TXN-100040,CUST-1421,61,Savings,Transfer,Entertainment,56.37,9005.25,8948.88,6,Mumbai,Web Browser,Wire Transfer,0,0
TXN-100041,CUST-1427,72,Checking,Payment,Utilities,153.69,7339.52,7185.83,12,Tokyo,ATM,Credit Card,0,0
TXN-100042,CUST-1436,69,Business,Transfer,Groceries,23.82,15407.8,15383.98,12,Toronto,ATM,Credit Card,0,0
TXN-100043,CUST-1079,74,Savings,Withdrawal,Travel,164.61,22579.12,22414.51,16,Singapore,POS Terminal,Credit Card,0,0
TXN-100044,CUST-1237,20,Business,Transfer,Travel,54.96,24061.06,24006.1,0,Berlin,POS Terminal,Debit Card,0,0
TXN-100045,CUST-1131,54,Checking,Transfer,Travel,5.04,16374.71,16369.67,13,Toronto,POS Terminal,Debit Card,0,0
TXN-100046,CUST-1327,68,Credit,Payment,Retail,25.36,20970.16,20944.8,2,Tokyo,Web Browser,UPI / Wallet,0,0
TXN-100047,CUST-1299,24,Credit,Payment,Utilities,411.84,13177.53,12765.69,13,Toronto,Mobile App,Debit Card,0,0
TXN-100048,CUST-1118,38,Checking,Deposit,Utilities,308.01,5287.34,5595.35,23,Tokyo,Mobile App,Credit Card,0,0
TXN-100049,CUST-1045,26,Checking,Payment,Utilities,44.91,13164.74,13119.83,0,New York,POS Terminal,Wire Transfer,0,0
TXN-100050,CUST-1083,56,Credit,Transfer,Utilities,231.01,13921.56,13690.55,15,Berlin,Web Browser,Wire Transfer,0,0
TXN-100051,CUST-1281,35,Checking,Withdrawal,Retail,145.69,18587.19,18441.5,9,New York,ATM,Wire Transfer,0,0
TXN-100052,CUST-1351,21,Savings,Transfer,Electronics,535.58,5575.09,5039.51,12,Mumbai,POS Terminal,Credit Card,0,0
TXN-100053,CUST-1012,42,Checking,Deposit,Entertainment,75.17,9270.93,9346.1,3,Tokyo,Web Browser,Debit Card,1,0
TXN-100054,CUST-1124,31,Credit,Payment,Entertainment,176.6,9164.28,8987.68,8,Toronto,POS Terminal,Wire Transfer,0,0
TXN-100055,CUST-1324,67,Credit,Payment,Utilities,14.85,23990.05,23975.2,13,Mumbai,Web Browser,Credit Card,0,0
TXN-100056,CUST-1171,26,Credit,Transfer,Groceries,80.69,11154.23,11073.54,3,Berlin,Web Browser,Credit Card,0,0
TXN-100057,CUST-1233,43,Checking,Payment,Travel,502.88,18901.84,18398.96,9,Berlin,POS Terminal,Wire Transfer,1,1
TXN-100058,CUST-1180,70,Credit,Withdrawal,Retail,121.15,18795.2,18674.05,7,Singapore,Mobile App,Wire Transfer,0,0
TXN-100059,CUST-1050,19,Savings,Withdrawal,Groceries,55.93,6712.05,6656.12,22,London,POS Terminal,UPI / Wallet,0,0
TXN-100060,CUST-1268,37,Checking,Transfer,Groceries,24.22,14339.56,14315.34,2,New York,Mobile App,UPI / Wallet,0,0
TXN-100061,CUST-1168,45,Savings,Transfer,Utilities,187.37,22368.14,22180.77,22,Singapore,Mobile App,Credit Card,0,0
TXN-100062,CUST-1394,64,Savings,Withdrawal,Retail,160.28,11932.42,11772.14,6,Toronto,ATM,UPI / Wallet,0,0
TXN-100063,CUST-1420,24,Savings,Deposit,Entertainment,75.25,23633.43,23708.68,9,Singapore,Web Browser,UPI / Wallet,0,0
TXN-100064,CUST-1315,61,Savings,Transfer,Travel,457.21,5440.01,4982.8,2,Toronto,POS Terminal,Wire Transfer,1,0
TXN-100065,CUST-1287,25,Checking,Payment,Entertainment,8.37,1946.56,1938.19,1,New York,Web Browser,UPI / Wallet,1,0
TXN-100066,CUST-1428,64,Savings,Transfer,Groceries,59.3,22297.2,22237.9,14,New York,ATM,Credit Card,0,0
TXN-100067,CUST-1489,52,Checking,Withdrawal,Travel,385.88,21207.26,20821.38,8,Berlin,Mobile App,Wire Transfer,1,0
TXN-100068,CUST-1273,31,Savings,Transfer,Electronics,63.06,24815.49,24752.43,14,Berlin,POS Terminal,UPI / Wallet,0,0
TXN-100069,CUST-1348,34,Savings,Transfer,Groceries,48.6,17016.9,16968.3,16,Tokyo,Web Browser,UPI / Wallet,0,0
TXN-100070,CUST-1206,53,Savings,Withdrawal,Entertainment,119.61,23423.53,23303.92,6,Mumbai,ATM,UPI / Wallet,0,0
TXN-100071,CUST-1147,67,Savings,Transfer,Entertainment,265.42,20691.03,20425.61,19,Berlin,Mobile App,Debit Card,0,0
TXN-100072,CUST-1299,57,Checking,Payment,Utilities,21.33,21126.22,21104.89,17,Singapore,Mobile App,UPI / Wallet,0,0
TXN-100073,CUST-1419,21,Checking,Payment,Entertainment,434.76,14271.63,13836.87,14,Tokyo,Web Browser,UPI / Wallet,0,0
TXN-100074,CUST-1452,19,Checking,Transfer,Retail,242.77,9620.88,9378.11,17,Toronto,Mobile App,Credit Card,0,0
TXN-100075,CUST-1487,23,Checking,Payment,Groceries,35.0,23370.5,23335.5,23,Tokyo,ATM,UPI / Wallet,0,0
TXN-100076,CUST-1036,71,Savings,Payment,Travel,191.72,10859.72,10668.0,22,Singapore,Mobile App,Debit Card,0,0
TXN-100077,CUST-1160,59,Credit,Transfer,Entertainment,77.91,13516.6,13438.69,11,Berlin,POS Terminal,Wire Transfer,0,0
TXN-100078,CUST-1465,21,Checking,Payment,Utilities,82.2,11208.25,11126.05,22,Toronto,POS Terminal,UPI / Wallet,1,0
TXN-100079,CUST-1382,71,Checking,Withdrawal,Utilities,234.38,14163.98,13929.6,20,Singapore,Web Browser,UPI / Wallet,0,0
TXN-100080,CUST-1274,46,Savings,Withdrawal,Entertainment,498.66,11815.58,11316.92,7,London,ATM,Credit Card,1,0
TXN-100081,CUST-1434,35,Savings,Transfer,Retail,25.31,1294.39,1269.08,1,Berlin,Mobile App,UPI / Wallet,0,0
TXN-100082,CUST-1287,43,Savings,Transfer,Utilities,86.87,22063.0,21976.13,1,Mumbai,Mobile App,UPI / Wallet,0,1
TXN-100083,CUST-1105,61,Savings,Transfer,Travel,103.36,11165.41,11062.05,4,Toronto,Mobile App,UPI / Wallet,1,0
TXN-100084,CUST-1021,51,Checking,Payment,Groceries,75.82,14764.7,14688.88,0,Singapore,POS Terminal,UPI / Wallet,0,0
TXN-100085,CUST-1232,27,Checking,Payment,Electronics,72.69,3565.78,3493.09,21,Berlin,ATM,Wire Transfer,0,0
TXN-100086,CUST-1121,53,Checking,Payment,Retail,13.05,184.36,171.31,3,New York,Mobile App,Credit Card,0,0
TXN-100087,CUST-1128,31,Credit,Transfer,Utilities,178.53,6207.72,6029.19,5,London,Web Browser,Wire Transfer,0,1
TXN-100088,CUST-1309,48,Credit,Transfer,Groceries,90.96,17644.19,17553.23,22,Toronto,ATM,Debit Card,1,0
TXN-100089,CUST-1216,65,Checking,Payment,Electronics,37.5,2569.94,2532.44,12,Toronto,ATM,UPI / Wallet,0,0
TXN-100090,CUST-1147,32,Business,Payment,Entertainment,258.95,22731.3,22472.35,18,Mumbai,Mobile App,Debit Card,1,0
TXN-100091,CUST-1057,25,Savings,Transfer,Entertainment,248.35,5454.06,5205.71,10,Berlin,POS Terminal,Wire Transfer,0,0
TXN-100092,CUST-1418,31,Savings,Payment,Travel,104.94,5194.38,5089.44,12,New York,ATM,Debit Card,0,0
TXN-100093,CUST-1236,40,Savings,Transfer,Electronics,58.17,4619.55,4561.38,7,Berlin,Web Browser,UPI / Wallet,0,0
TXN-100094,CUST-1069,74,Checking,Withdrawal,Entertainment,157.46,448.14,290.68,6,New York,ATM,Debit Card,0,0
TXN-100095,CUST-1453,57,Credit,Withdrawal,Entertainment,55.98,19317.96,19261.98,12,Mumbai,POS Terminal,Wire Transfer,0,0
TXN-100096,CUST-1188,38,Savings,Transfer,Utilities,45.38,21888.36,21842.98,0,London,Web Browser,UPI / Wallet,0,1
TXN-100097,CUST-1241,33,Credit,Transfer,Travel,201.69,15392.65,15190.96,5,Toronto,POS Terminal,Credit Card,0,0
TXN-100098,CUST-1062,62,Savings,Payment,Groceries,11.17,4786.18,4775.01,6,New York,Mobile App,Wire Transfer,0,0
TXN-100099,CUST-1484,35,Credit,Transfer,Entertainment,19.93,7203.42,7183.49,15,Tokyo,ATM,UPI / Wallet,0,0
TXN-100100,CUST-1240,64,Savings,Payment,Retail,6.02,11950.57,11944.55,14,Mumbai,Web Browser,Credit Card,0,0
TXN-100101,CUST-1444,70,Savings,Withdrawal,Retail,29.9,23863.21,23833.31,19,Mumbai,POS Terminal,Debit Card,0,0
TXN-100102,CUST-1184,41,Checking,Payment,Groceries,15.72,6259.05,6243.33,1,Singapore,Mobile App,Debit Card,0,0
TXN-100103,CUST-1258,43,Savings,Withdrawal,Electronics,825.99,18317.98,17491.99,22,London,Web Browser,Debit Card,0,0
TXN-100104,CUST-1228,42,Savings,Payment,Travel,56.12,11042.26,10986.14,15,Tokyo,ATM,UPI / Wallet,0,0
TXN-100105,CUST-1222,62,Savings,Transfer,Utilities,29.25,7516.4,7487.15,16,Tokyo,ATM,Debit Card,0,0
TXN-100106,CUST-1098,58,Credit,Withdrawal,Retail,46.36,11452.31,11405.95,23,Singapore,POS Terminal,Debit Card,0,0
TXN-100107,CUST-1246,46,Checking,Payment,Retail,417.63,1873.05,1455.42,14,New York,Web Browser,Credit Card,0,0
TXN-100108,CUST-1044,32,Savings,Payment,Groceries,115.15,19987.32,19872.17,2,New York,Mobile App,Credit Card,0,0
TXN-100109,CUST-1398,62,Checking,Transfer,Electronics,73.08,6158.22,6085.14,3,Tokyo,Mobile App,Credit Card,1,0
TXN-100110,CUST-1272,18,Checking,Transfer,Electronics,315.0,18162.76,17847.76,11,London,Mobile App,UPI / Wallet,0,0
TXN-100111,CUST-1398,42,Savings,Deposit,Groceries,80.38,1801.87,1882.25,4,New York,POS Terminal,Wire Transfer,0,0
TXN-100112,CUST-1004,24,Checking,Transfer,Retail,66.2,23881.95,23815.75,16,Mumbai,Mobile App,Debit Card,0,0
TXN-100113,CUST-1469,26,Savings,Deposit,Travel,39.84,4906.07,4945.91,5,Berlin,Web Browser,Debit Card,0,0
TXN-100114,CUST-1429,41,Savings,Deposit,Retail,76.17,22080.28,22156.45,9,Singapore,POS Terminal,UPI / Wallet,0,0
TXN-100115,CUST-1010,18,Checking,Withdrawal,Electronics,62.12,20255.88,20193.76,21,London,ATM,Debit Card,0,0
TXN-100116,CUST-1447,61,Savings,Payment,Utilities,174.66,24199.71,24025.05,17,New York,POS Terminal,UPI / Wallet,0,0
TXN-100117,CUST-1347,25,Checking,Payment,Retail,56.29,11999.48,11943.19,9,Berlin,POS Terminal,UPI / Wallet,0,0
TXN-100118,CUST-1397,41,Checking,Withdrawal,Travel,134.13,18212.19,18078.06,5,Tokyo,POS Terminal,UPI / Wallet,0,0
TXN-100119,CUST-1038,28,Savings,Transfer,Entertainment,15.22,9330.7,9315.48,23,Singapore,Web Browser,Wire Transfer,0,0
TXN-100120,CUST-1450,68,Checking,Payment,Retail,36.85,4690.77,4653.92,5,New York,ATM,UPI / Wallet,0,0
TXN-100121,CUST-1438,34,Savings,Payment,Groceries,83.49,11132.59,11049.1,19,Tokyo,ATM,Wire Transfer,0,0
TXN-100122,CUST-1499,25,Business,Payment,Entertainment,419.57,4227.15,3807.58,14,New York,POS Terminal,Wire Transfer,0,0
TXN-100123,CUST-1041,52,Checking,Payment,Groceries,76.04,24552.91,24476.87,3,Singapore,POS Terminal,Debit Card,0,0
TXN-100124,CUST-1202,52,Credit,Transfer,Groceries,168.63,2496.54,2327.91,15,Mumbai,POS Terminal,Credit Card,0,0
TXN-100125,CUST-1093,50,Checking,Payment,Groceries,49.17,14771.37,14722.2,21,Toronto,Web Browser,Wire Transfer,0,0
TXN-100126,CUST-1485,22,Savings,Withdrawal,Retail,25.38,15698.95,15673.57,23,Mumbai,Web Browser,Wire Transfer,0,0
TXN-100127,CUST-1004,59,Checking,Transfer,Electronics,14.05,13498.18,13484.13,7,Toronto,Mobile App,Credit Card,0,0
TXN-100128,CUST-1051,56,Business,Deposit,Entertainment,59.67,16588.43,16648.1,6,Berlin,ATM,Wire Transfer,0,0
TXN-100129,CUST-1149,58,Checking,Payment,Travel,30.74,2992.9,2962.16,18,Tokyo,Mobile App,Credit Card,1,0
TXN-100130,CUST-1204,45,Credit,Withdrawal,Electronics,33.68,13919.96,13886.28,16,Toronto,Mobile App,Debit Card,0,0
TXN-100131,CUST-1299,24,Credit,Payment,Retail,219.54,7251.59,7032.05,20,Mumbai,POS Terminal,UPI / Wallet,0,0
TXN-100132,CUST-1498,26,Savings,Withdrawal,Groceries,7.39,23510.38,23502.99,12,Singapore,Web Browser,Credit Card,1,0
TXN-100133,CUST-1370,25,Savings,Transfer,Travel,127.4,19075.58,18948.18,14,Tokyo,Mobile App,UPI / Wallet,1,0
TXN-100134,CUST-1468,29,Checking,Withdrawal,Entertainment,76.58,24315.61,24239.03,1,New York,Mobile App,Credit Card,0,0
TXN-100135,CUST-1186,51,Checking,Transfer,Electronics,110.95,1035.15,924.2,9,Toronto,Mobile App,UPI / Wallet,0,0
TXN-100136,CUST-1484,50,Credit,Withdrawal,Utilities,129.12,7199.82,7070.7,12,Toronto,POS Terminal,Debit Card,0,0
TXN-100137,CUST-1152,65,Credit,Deposit,Electronics,61.39,4966.02,5027.41,17,London,POS Terminal,Wire Transfer,0,0
TXN-100138,CUST-1382,72,Savings,Transfer,Travel,57.46,377.75,320.29,22,Toronto,Web Browser,Debit Card,1,0
TXN-100139,CUST-1115,40,Savings,Transfer,Retail,203.3,6133.91,5930.61,10,Toronto,Mobile App,Wire Transfer,0,0
TXN-100140,CUST-1148,41,Credit,Withdrawal,Entertainment,312.51,17001.52,16689.01,12,New York,Mobile App,UPI / Wallet,0,0
TXN-100141,CUST-1219,54,Savings,Transfer,Travel,37.09,5854.11,5817.02,18,Singapore,Web Browser,UPI / Wallet,0,0
TXN-100142,CUST-1191,52,Credit,Withdrawal,Groceries,20.41,12774.19,12753.78,23,Berlin,Web Browser,Wire Transfer,1,0
TXN-100143,CUST-1232,61,Checking,Transfer,Entertainment,347.12,22206.67,21859.55,23,Tokyo,Web Browser,Credit Card,0,0
TXN-100144,CUST-1323,57,Checking,Transfer,Electronics,69.59,17374.57,17304.98,21,New York,ATM,Debit Card,1,0
TXN-100145,CUST-1220,39,Savings,Deposit,Travel,125.22,9926.26,10051.48,4,Tokyo,Web Browser,Credit Card,0,0
TXN-100146,CUST-1046,44,Checking,Payment,Electronics,71.84,9374.48,9302.64,2,Mumbai,POS Terminal,UPI / Wallet,0,0
TXN-100147,CUST-1126,52,Checking,Withdrawal,Electronics,25.17,11447.82,11422.65,18,London,ATM,Debit Card,0,0
TXN-100148,CUST-1290,18,Checking,Transfer,Electronics,138.5,4508.33,4369.83,22,Singapore,Web Browser,Debit Card,0,0
TXN-100149,CUST-1214,52,Savings,Payment,Retail,116.71,15886.62,15769.91,12,New York,POS Terminal,Credit Card,0,0
TXN-100150,CUST-1006,54,Checking,Payment,Electronics,39.03,9167.41,9128.38,4,London,Web Browser,Wire Transfer,0,0
TXN-100151,CUST-1183,64,Credit,Payment,Groceries,95.19,21323.9,21228.71,11,Toronto,Web Browser,Wire Transfer,1,0
TXN-100152,CUST-1115,31,Savings,Payment,Groceries,244.14,18938.16,18694.02,13,Singapore,ATM,Debit Card,0,0
TXN-100153,CUST-1051,20,Savings,Payment,Entertainment,138.9,15301.78,15162.88,5,Singapore,POS Terminal,Wire Transfer,0,0
TXN-100154,CUST-1365,18,Savings,Payment,Utilities,20.29,9168.64,9148.35,21,Berlin,Mobile App,UPI / Wallet,0,0
TXN-100155,CUST-1045,22,Checking,Transfer,Electronics,124.12,5327.3,5203.18,8,Mumbai,Web Browser,Credit Card,0,0
TXN-100156,CUST-1392,43,Checking,Withdrawal,Electronics,186.97,19426.18,19239.21,16,Berlin,ATM,Credit Card,1,0
TXN-100157,CUST-1441,72,Checking,Transfer,Travel,241.04,12211.59,11970.55,7,Berlin,POS Terminal,Credit Card,0,0
TXN-100158,CUST-1022,31,Savings,Payment,Retail,153.78,5696.28,5542.5,12,Tokyo,Web Browser,Debit Card,0,0
TXN-100159,CUST-1130,56,Savings,Transfer,Utilities,29.85,4959.85,4930.0,4,Tokyo,Mobile App,Debit Card,0,0
TXN-100160,CUST-1126,44,Checking,Payment,Entertainment,190.77,4218.48,4027.71,21,Toronto,POS Terminal,Wire Transfer,0,0
TXN-100161,CUST-1444,26,Checking,Withdrawal,Utilities,174.67,19451.31,19276.64,21,London,POS Terminal,Credit Card,0,0
TXN-100162,CUST-1264,32,Business,Transfer,Electronics,8.71,5801.78,5793.07,16,Mumbai,ATM,UPI / Wallet,0,0
TXN-100163,CUST-1308,32,Savings,Transfer,Travel,84.59,13213.39,13128.8,2,Singapore,Web Browser,UPI / Wallet,0,0
TXN-100164,CUST-1195,43,Checking,Transfer,Retail,65.73,11343.5,11277.77,5,Toronto,Web Browser,Credit Card,0,0
TXN-100165,CUST-1432,59,Checking,Payment,Entertainment,171.03,14532.31,14361.28,13,Mumbai,POS Terminal,Debit Card,1,0
TXN-100166,CUST-1472,30,Checking,Withdrawal,Utilities,41.53,21941.16,21899.63,14,Mumbai,Web Browser,Debit Card,0,0
TXN-100167,CUST-1453,68,Checking,Transfer,Entertainment,139.06,21706.91,21567.85,13,London,POS Terminal,Debit Card,0,0
TXN-100168,CUST-1047,49,Checking,Withdrawal,Electronics,371.63,11331.79,10960.16,10,Tokyo,Mobile App,UPI / Wallet,1,0
TXN-100169,CUST-1378,56,Business,Transfer,Entertainment,244.78,482.62,237.84,10,Mumbai,ATM,Credit Card,0,0
TXN-100170,CUST-1081,66,Savings,Payment,Travel,386.62,10718.45,10331.83,8,Mumbai,Web Browser,UPI / Wallet,0,0
TXN-100171,CUST-1108,69,Savings,Deposit,Entertainment,581.0,15194.22,15775.22,5,Mumbai,Web Browser,Credit Card,0,0
TXN-100172,CUST-1262,49,Checking,Transfer,Groceries,6.61,13988.34,13981.73,14,New York,ATM,UPI / Wallet,0,0
TXN-100173,CUST-1354,21,Checking,Payment,Travel,151.22,16318.27,16167.05,11,Mumbai,Mobile App,UPI / Wallet,0,0
TXN-100174,CUST-1030,47,Savings,Transfer,Utilities,84.87,3936.49,3851.62,5,Mumbai,Mobile App,Wire Transfer,0,0
TXN-100175,CUST-1357,54,Savings,Transfer,Retail,299.76,16198.72,15898.96,0,Singapore,Mobile App,UPI / Wallet,1,0
TXN-100176,CUST-1055,40,Savings,Transfer,Retail,48.52,4648.03,4599.51,15,Berlin,Mobile App,Credit Card,0,0
TXN-100177,CUST-1479,56,Credit,Transfer,Electronics,599.73,18788.05,18188.32,19,New York,Mobile App,UPI / Wallet,0,0
TXN-100178,CUST-1354,62,Savings,Payment,Electronics,147.67,8543.28,8395.61,14,Mumbai,POS Terminal,Wire Transfer,1,0
TXN-100179,CUST-1188,32,Savings,Payment,Groceries,241.65,17776.4,17534.75,1,Berlin,Web Browser,Wire Transfer,0,0
TXN-100180,CUST-1475,60,Savings,Payment,Utilities,18.42,1291.85,1273.43,16,Mumbai,Web Browser,Credit Card,1,0
TXN-100181,CUST-1491,46,Savings,Transfer,Retail,35.4,10255.71,10220.31,2,London,Web Browser,Wire Transfer,0,0
TXN-100182,CUST-1004,53,Savings,Transfer,Retail,218.07,17655.36,17437.29,2,London,POS Terminal,Wire Transfer,0,0
TXN-100183,CUST-1285,30,Checking,Payment,Retail,8.33,5749.08,5740.75,4,Berlin,ATM,Debit Card,1,0
TXN-100184,CUST-1277,49,Savings,Deposit,Retail,259.64,19902.65,20162.29,16,New York,Mobile App,Credit Card,0,0
TXN-100185,CUST-1144,24,Credit,Transfer,Entertainment,7.11,15806.42,15799.31,22,Singapore,ATM,Wire Transfer,1,0
TXN-100186,CUST-1393,68,Savings,Withdrawal,Utilities,165.56,14730.29,14564.73,16,New York,Mobile App,Wire Transfer,1,0
TXN-100187,CUST-1454,39,Checking,Payment,Travel,73.14,8903.37,8830.23,19,New York,Mobile App,Wire Transfer,1,0
TXN-100188,CUST-1195,45,Credit,Payment,Travel,146.82,12113.04,11966.22,5,London,ATM,Credit Card,0,0
TXN-100189,CUST-1425,19,Checking,Payment,Groceries,183.62,14974.0,14790.38,0,London,Web Browser,Debit Card,0,0
TXN-100190,CUST-1026,59,Checking,Transfer,Entertainment,67.89,11864.31,11796.42,6,Singapore,POS Terminal,UPI / Wallet,0,0
TXN-100191,CUST-1126,62,Savings,Transfer,Retail,22.14,17488.0,17465.86,14,Toronto,ATM,Debit Card,0,0
TXN-100192,CUST-1134,74,Savings,Payment,Retail,15.83,10899.05,10883.22,6,Toronto,Web Browser,Credit Card,0,0
TXN-100193,CUST-1022,70,Checking,Transfer,Electronics,138.35,5136.6,4998.25,18,Toronto,Mobile App,Credit Card,1,0
TXN-100194,CUST-1330,23,Business,Deposit,Electronics,115.3,5426.95,5542.25,19,Mumbai,Web Browser,Credit Card,0,0
TXN-100195,CUST-1116,45,Checking,Payment,Groceries,208.34,244.51,36.17,21,Singapore,Mobile App,UPI / Wallet,1,0
TXN-100196,CUST-1391,45,Checking,Transfer,Retail,111.92,7593.85,7481.93,10,Mumbai,Mobile App,Credit Card,0,0
TXN-100197,CUST-1007,61,Checking,Withdrawal,Groceries,87.34,18748.05,18660.71,22,Berlin,Web Browser,Debit Card,0,0
TXN-100198,CUST-1100,61,Checking,Transfer,Entertainment,81.15,19874.65,19793.5,13,Berlin,Mobile App,Wire Transfer,0,0
TXN-100199,CUST-1260,37,Savings,Payment,Travel,9.02,5141.44,5132.42,12,Tokyo,POS Terminal,Wire Transfer,0,0
TXN-100200,CUST-1198,47,Checking,Payment,Retail,66.32,23980.2,23913.88,19,Toronto,Web Browser,Credit Card,0,0
TXN-100201,CUST-1085,28,Business,Deposit,Utilities,564.58,12609.83,13174.41,8,London,ATM,Credit Card,0,0
TXN-100202,CUST-1227,72,Savings,Withdrawal,Entertainment,315.19,22932.77,22617.58,8,Tokyo,Mobile App,UPI / Wallet,1,0
TXN-100203,CUST-1385,45,Checking,Payment,Retail,64.93,17698.46,17633.53,15,Tokyo,Mobile App,Wire Transfer,0,0
TXN-100204,CUST-1471,42,Savings,Payment,Utilities,137.94,18088.59,17950.65,11,London,POS Terminal,UPI / Wallet,0,0
TXN-100205,CUST-1178,56,Checking,Deposit,Electronics,286.89,2217.59,2504.48,9,Tokyo,POS Terminal,UPI / Wallet,0,0
TXN-100206,CUST-1449,50,Savings,Transfer,Groceries,92.31,5577.78,5485.47,5,Toronto,ATM,UPI / Wallet,0,0
TXN-100207,CUST-1239,18,Checking,Transfer,Electronics,7.72,319.49,311.77,17,New York,Mobile App,UPI / Wallet,0,0
TXN-100208,CUST-1011,74,Credit,Transfer,Travel,16.61,17931.58,17914.97,1,Mumbai,ATM,Debit Card,0,0
TXN-100209,CUST-1302,44,Savings,Transfer,Electronics,112.12,8676.51,8564.39,19,Toronto,ATM,Credit Card,0,0
TXN-100210,CUST-1233,74,Checking,Payment,Retail,528.21,19687.65,19159.44,8,Singapore,Mobile App,Credit Card,0,0
TXN-100211,CUST-1182,69,Credit,Payment,Utilities,182.24,8539.51,8357.27,18,London,ATM,UPI / Wallet,0,0
TXN-100212,CUST-1281,30,Credit,Payment,Electronics,16.03,20501.41,20485.38,5,New York,ATM,UPI / Wallet,0,0
TXN-100213,CUST-1357,58,Savings,Transfer,Retail,36.49,3354.39,3317.9,1,Berlin,POS Terminal,Debit Card,0,0
TXN-100214,CUST-1375,20,Savings,Withdrawal,Travel,226.32,4416.99,4190.67,14,Singapore,POS Terminal,UPI / Wallet,0,0
TXN-100215,CUST-1428,56,Savings,Transfer,Utilities,281.24,8587.83,8306.59,16,Singapore,ATM,Debit Card,0,0
TXN-100216,CUST-1189,23,Business,Payment,Electronics,149.23,10271.34,10122.11,15,Singapore,Mobile App,Debit Card,0,0
TXN-100217,CUST-1325,25,Credit,Payment,Groceries,160.1,8782.7,8622.6,20,Tokyo,POS Terminal,UPI / Wallet,0,0
TXN-100218,CUST-1214,44,Checking,Transfer,Groceries,9.31,19114.81,19105.5,7,Tokyo,ATM,Credit Card,0,0
TXN-100219,CUST-1257,26,Credit,Transfer,Utilities,269.5,2514.09,2244.59,9,Tokyo,Web Browser,Debit Card,1,0
TXN-100220,CUST-1025,54,Checking,Transfer,Groceries,237.87,8845.3,8607.43,9,Toronto,Web Browser,Credit Card,1,0
TXN-100221,CUST-1269,50,Checking,Withdrawal,Electronics,49.97,20947.28,20897.31,17,Tokyo,ATM,Credit Card,0,0
TXN-100222,CUST-1081,68,Savings,Deposit,Electronics,190.0,1763.25,1953.25,9,New York,Web Browser,Debit Card,1,0
TXN-100223,CUST-1357,59,Credit,Payment,Utilities,41.28,23564.35,23523.07,8,Tokyo,POS Terminal,Wire Transfer,0,0
TXN-100224,CUST-1184,61,Savings,Transfer,Electronics,11.17,24659.29,24648.12,23,London,Mobile App,Debit Card,0,0
TXN-100225,CUST-1287,41,Credit,Payment,Retail,38.68,2305.35,2266.67,18,Singapore,ATM,Wire Transfer,0,0
TXN-100226,CUST-1061,32,Credit,Withdrawal,Travel,34.52,7352.69,7318.17,0,New York,POS Terminal,Debit Card,0,0
TXN-100227,CUST-1370,71,Checking,Withdrawal,Groceries,66.82,9372.78,9305.96,3,Berlin,Mobile App,Debit Card,0,0
TXN-100228,CUST-1461,49,Savings,Transfer,Retail,86.31,19432.15,19345.84,23,Tokyo,Web Browser,Credit Card,0,0
TXN-100229,CUST-1029,49,Savings,Transfer,Utilities,111.56,14938.58,14827.02,2,Berlin,Web Browser,Credit Card,0,0
TXN-100230,CUST-1396,41,Savings,Withdrawal,Groceries,102.16,16144.71,16042.55,9,Singapore,Web Browser,UPI / Wallet,0,0
TXN-100231,CUST-1423,58,Savings,Payment,Retail,52.35,18961.99,18909.64,11,New York,Web Browser,Credit Card,0,0
TXN-100232,CUST-1030,69,Savings,Transfer,Electronics,9.44,3037.68,3028.24,17,Singapore,POS Terminal,Credit Card,0,1
TXN-100233,CUST-1292,66,Credit,Transfer,Utilities,144.37,20846.92,20702.55,22,Berlin,POS Terminal,Credit Card,1,0
TXN-100234,CUST-1172,66,Checking,Payment,Utilities,80.56,17669.93,17589.37,19,Toronto,Mobile App,Credit Card,0,0
TXN-100235,CUST-1101,69,Savings,Withdrawal,Groceries,58.22,14475.81,14417.59,5,New York,ATM,UPI / Wallet,0,0
TXN-100236,CUST-1127,29,Savings,Deposit,Electronics,307.54,22254.41,22561.95,20,Mumbai,Mobile App,Credit Card,0,0
TXN-100237,CUST-1085,56,Checking,Payment,Groceries,211.0,17537.63,17326.63,1,Toronto,ATM,Wire Transfer,0,0
TXN-100238,CUST-1314,19,Checking,Payment,Entertainment,297.54,5122.33,4824.79,9,New York,Web Browser,Wire Transfer,0,0
TXN-100239,CUST-1027,20,Checking,Transfer,Retail,107.47,10800.66,10693.19,1,Tokyo,Web Browser,UPI / Wallet,0,0
TXN-100240,CUST-1121,66,Credit,Payment,Entertainment,26.05,12401.67,12375.62,8,Berlin,Web Browser,Credit Card,0,0
TXN-100241,CUST-1250,54,Checking,Payment,Retail,183.72,1474.92,1291.2,9,Singapore,Web Browser,Wire Transfer,0,0
TXN-100242,CUST-1060,66,Business,Payment,Travel,39.61,23870.47,23830.86,1,Singapore,POS Terminal,Debit Card,0,1
TXN-100243,CUST-1402,73,Credit,Payment,Utilities,92.3,3301.57,3209.27,7,Singapore,Mobile App,Wire Transfer,0,0
TXN-100244,CUST-1170,34,Savings,Transfer,Groceries,15.08,17466.79,17451.71,23,London,ATM,Credit Card,0,0
TXN-100245,CUST-1442,66,Credit,Transfer,Travel,266.71,12705.15,12438.44,16,London,ATM,Wire Transfer,0,0
TXN-100246,CUST-1271,19,Savings,Transfer,Travel,25.19,738.24,713.05,16,Tokyo,POS Terminal,Debit Card,0,0
TXN-100247,CUST-1324,19,Credit,Transfer,Utilities,355.11,23126.21,22771.1,3,Mumbai,Web Browser,Wire Transfer,1,0
TXN-100248,CUST-1299,45,Savings,Transfer,Utilities,304.52,21310.74,21006.22,17,London,Mobile App,Credit Card,0,0
TXN-100249,CUST-1112,71,Credit,Deposit,Retail,98.71,13154.02,13252.73,11,New York,Web Browser,Debit Card,0,0
TXN-100250,CUST-1193,40,Credit,Payment,Entertainment,209.6,5800.66,5591.06,16,Toronto,POS Terminal,UPI / Wallet,0,0
TXN-100251,CUST-1393,54,Credit,Payment,Electronics,149.92,3128.41,2978.49,8,Berlin,ATM,Debit Card,0,0
TXN-100252,CUST-1430,49,Credit,Withdrawal,Retail,248.74,9148.47,8899.73,18,Tokyo,POS Terminal,Wire Transfer,0,0
TXN-100253,CUST-1018,50,Savings,Deposit,Electronics,89.79,6460.16,6549.95,13,Toronto,ATM,UPI / Wallet,0,0
TXN-100254,CUST-1339,18,Savings,Payment,Travel,236.13,12716.61,12480.48,13,Mumbai,Mobile App,Debit Card,0,0
TXN-100255,CUST-1092,36,Checking,Withdrawal,Electronics,98.11,24163.59,24065.48,16,Toronto,ATM,Debit Card,0,0
TXN-100256,CUST-1216,19,Savings,Transfer,Entertainment,429.45,14416.34,13986.89,1,New York,Mobile App,Debit Card,0,0
TXN-100257,CUST-1464,70,Checking,Transfer,Retail,104.94,22259.28,22154.34,7,Singapore,Web Browser,Credit Card,1,0
TXN-100258,CUST-1178,61,Savings,Payment,Utilities,98.16,16306.88,16208.72,4,London,Web Browser,UPI / Wallet,0,0
TXN-100259,CUST-1498,43,Business,Payment,Entertainment,235.62,11933.64,11698.02,6,New York,POS Terminal,UPI / Wallet,0,1
TXN-100260,CUST-1396,49,Checking,Payment,Entertainment,263.54,21379.73,21116.19,21,Mumbai,Mobile App,Debit Card,0,0
TXN-100261,CUST-1190,23,Credit,Transfer,Retail,126.28,11837.07,11710.79,15,Tokyo,Web Browser,UPI / Wallet,0,1
TXN-100262,CUST-1492,49,Savings,Transfer,Utilities,34.73,21728.84,21694.11,15,Toronto,Mobile App,Wire Transfer,0,0
TXN-100263,CUST-1399,72,Credit,Payment,Entertainment,99.6,7360.26,7260.66,16,New York,Web Browser,Wire Transfer,0,0
TXN-100264,CUST-1436,21,Credit,Transfer,Utilities,521.64,3307.45,2785.81,21,Tokyo,Web Browser,Debit Card,1,1
TXN-100265,CUST-1162,72,Checking,Payment,Groceries,214.75,21397.33,21182.58,6,Singapore,ATM,Wire Transfer,0,0
TXN-100266,CUST-1099,28,Checking,Payment,Groceries,255.03,14726.64,14471.61,19,Mumbai,POS Terminal,Debit Card,0,0
TXN-100267,CUST-1186,73,Credit,Withdrawal,Groceries,10.01,22238.4,22228.39,7,Mumbai,ATM,Wire Transfer,0,0
TXN-100268,CUST-1294,34,Savings,Withdrawal,Electronics,99.63,23451.9,23352.27,7,Toronto,Mobile App,Debit Card,0,0
TXN-100269,CUST-1066,55,Checking,Withdrawal,Entertainment,161.03,1435.35,1274.32,22,London,Web Browser,Debit Card,0,0
TXN-100270,CUST-1072,41,Savings,Payment,Retail,270.82,12574.14,12303.32,10,Berlin,POS Terminal,UPI / Wallet,0,0
TXN-100271,CUST-1231,22,Savings,Withdrawal,Retail,12.58,9436.62,9424.04,14,Mumbai,Web Browser,UPI / Wallet,0,0
TXN-100272,CUST-1188,69,Savings,Payment,Electronics,292.03,15683.87,15391.84,17,New York,Web Browser,Debit Card,0,0
TXN-100273,CUST-1049,51,Savings,Transfer,Retail,124.24,19860.42,19736.18,5,New York,ATM,UPI / Wallet,0,0
TXN-100274,CUST-1308,23,Savings,Transfer,Groceries,37.97,7086.7,7048.73,21,New York,Mobile App,UPI / Wallet,0,0
TXN-100275,CUST-1301,39,Savings,Transfer,Entertainment,62.25,13964.28,13902.03,11,Singapore,POS Terminal,Credit Card,0,0
TXN-100276,CUST-1307,28,Business,Payment,Retail,54.68,17747.34,17692.66,14,Mumbai,POS Terminal,Wire Transfer,1,0
TXN-100277,CUST-1123,65,Checking,Payment,Retail,118.53,3447.33,3328.8,22,Mumbai,POS Terminal,UPI / Wallet,0,0
TXN-100278,CUST-1156,33,Business,Withdrawal,Travel,12.96,20370.27,20357.31,5,New York,Mobile App,Debit Card,0,0
TXN-100279,CUST-1260,50,Checking,Transfer,Travel,30.89,15192.13,15161.24,17,Toronto,POS Terminal,Credit Card,0,0
TXN-100280,CUST-1194,26,Savings,Transfer,Travel,256.25,23743.48,23487.23,23,London,Mobile App,Credit Card,0,0
TXN-100281,CUST-1329,23,Checking,Deposit,Entertainment,26.34,8554.27,8580.61,19,Toronto,POS Terminal,UPI / Wallet,0,0
TXN-100282,CUST-1350,33,Checking,Transfer,Groceries,44.87,2792.83,2747.96,8,London,Web Browser,Debit Card,1,0
TXN-100283,CUST-1330,46,Savings,Payment,Utilities,95.6,12711.88,12616.28,7,Mumbai,Mobile App,Debit Card,0,0
TXN-100284,CUST-1255,20,Checking,Payment,Groceries,114.2,2236.69,2122.49,13,Toronto,ATM,Debit Card,0,0
TXN-100285,CUST-1464,37,Savings,Payment,Groceries,221.34,24241.21,24019.87,18,Mumbai,POS Terminal,Debit Card,0,0
TXN-100286,CUST-1423,53,Checking,Transfer,Entertainment,93.95,1063.26,969.31,18,Tokyo,ATM,Debit Card,0,0
TXN-100287,CUST-1488,36,Checking,Transfer,Entertainment,239.0,18862.25,18623.25,7,Mumbai,Mobile App,Wire Transfer,0,0
TXN-100288,CUST-1199,43,Savings,Transfer,Travel,149.49,13175.05,13025.56,1,Toronto,Web Browser,Debit Card,1,0
TXN-100289,CUST-1371,20,Savings,Payment,Retail,23.0,9278.65,9255.65,3,New York,ATM,Debit Card,0,0
TXN-100290,CUST-1385,36,Credit,Payment,Electronics,30.5,1739.47,1708.97,5,Berlin,ATM,Wire Transfer,1,0
TXN-100291,CUST-1067,37,Checking,Transfer,Electronics,91.18,15591.96,15500.78,2,Singapore,Web Browser,UPI / Wallet,0,0
TXN-100292,CUST-1445,49,Savings,Payment,Utilities,80.85,14671.99,14591.14,2,Mumbai,Web Browser,Credit Card,0,0
TXN-100293,CUST-1079,24,Business,Withdrawal,Retail,209.12,7093.99,6884.87,18,Mumbai,Mobile App,Wire Transfer,0,0
TXN-100294,CUST-1232,69,Savings,Transfer,Utilities,135.39,22764.52,22629.13,10,New York,POS Terminal,Credit Card,0,0
TXN-100295,CUST-1185,58,Checking,Payment,Travel,78.69,7672.34,7593.65,9,Tokyo,ATM,Credit Card,1,0
TXN-100296,CUST-1104,50,Business,Payment,Utilities,33.09,11298.16,11265.07,11,Berlin,ATM,Wire Transfer,0,0
TXN-100297,CUST-1468,57,Savings,Transfer,Retail,43.59,13639.69,13596.1,13,Mumbai,Mobile App,Debit Card,1,0
TXN-100298,CUST-1324,56,Savings,Transfer,Retail,133.53,2595.77,2462.24,17,London,POS Terminal,Credit Card,0,0
TXN-100299,CUST-1441,35,Savings,Payment,Electronics,87.6,23310.83,23223.23,23,London,Mobile App,Debit Card,0,0
TXN-100300,CUST-1418,57,Savings,Withdrawal,Travel,113.52,9425.95,9312.43,8,London,ATM,UPI / Wallet,1,0
TXN-100301,CUST-1141,18,Savings,Withdrawal,Entertainment,33.07,2111.4,2078.33,14,Singapore,ATM,Wire Transfer,0,0
TXN-100302,CUST-1398,28,Checking,Payment,Utilities,168.11,9743.55,9575.44,23,Singapore,Web Browser,Credit Card,0,0
TXN-100303,CUST-1389,45,Savings,Withdrawal,Electronics,292.13,15045.04,14752.91,2,Berlin,Web Browser,Debit Card,0,0
TXN-100304,CUST-1271,74,Checking,Payment,Utilities,49.75,12889.95,12840.2,22,Mumbai,POS Terminal,Credit Card,0,0
TXN-100305,CUST-1342,42,Business,Payment,Utilities,106.45,17394.1,17287.65,10,Mumbai,ATM,UPI / Wallet,0,0
TXN-100306,CUST-1123,67,Credit,Payment,Entertainment,561.53,1481.55,920.02,9,Mumbai,ATM,UPI / Wallet,0,0
TXN-100307,CUST-1222,40,Checking,Transfer,Travel,65.8,7185.06,7119.26,17,Singapore,Web Browser,Credit Card,0,0
TXN-100308,CUST-1489,48,Savings,Withdrawal,Retail,140.6,20498.84,20358.24,3,Berlin,Mobile App,Wire Transfer,0,0
TXN-100309,CUST-1173,47,Checking,Payment,Groceries,19.18,2089.35,2070.17,12,Mumbai,Mobile App,UPI / Wallet,0,0
TXN-100310,CUST-1190,59,Checking,Payment,Utilities,144.72,21401.6,21256.88,5,New York,ATM,Debit Card,0,0
TXN-100311,CUST-1139,52,Checking,Deposit,Groceries,19.09,2388.21,2407.3,20,Tokyo,ATM,UPI / Wallet,0,1
TXN-100312,CUST-1296,24,Savings,Transfer,Travel,484.99,20877.91,20392.92,12,Toronto,POS Terminal,Debit Card,0,0
TXN-100313,CUST-1118,33,Credit,Transfer,Groceries,193.64,9083.63,8889.99,19,London,POS Terminal,Credit Card,0,0
TXN-100314,CUST-1274,43,Checking,Transfer,Utilities,237.79,15344.01,15106.22,4,London,Web Browser,Debit Card,0,0
TXN-100315,CUST-1075,65,Savings,Withdrawal,Entertainment,187.66,3906.89,3719.23,19,New York,ATM,Credit Card,0,0
TXN-100316,CUST-1108,74,Savings,Withdrawal,Groceries,138.64,1747.6,1608.96,13,Mumbai,Mobile App,UPI / Wallet,0,0
TXN-100317,CUST-1118,69,Checking,Transfer,Travel,94.65,5476.86,5382.21,12,Berlin,POS Terminal,Wire Transfer,0,0
TXN-100318,CUST-1460,66,Credit,Payment,Travel,298.18,3283.56,2985.38,13,Berlin,Web Browser,UPI / Wallet,0,0
TXN-100319,CUST-1368,19,Checking,Payment,Entertainment,476.41,7878.91,7402.5,7,Singapore,Web Browser,UPI / Wallet,0,0
TXN-100320,CUST-1257,18,Credit,Withdrawal,Groceries,108.68,12908.14,12799.46,15,Mumbai,Mobile App,UPI / Wallet,1,0
TXN-100321,CUST-1019,65,Savings,Payment,Groceries,407.21,14760.11,14352.9,12,Berlin,POS Terminal,UPI / Wallet,0,0
TXN-100322,CUST-1118,29,Checking,Payment,Retail,136.32,19767.72,19631.4,23,Mumbai,Mobile App,Wire Transfer,0,0
TXN-100323,CUST-1350,22,Checking,Deposit,Electronics,120.95,16440.37,16561.32,14,London,Web Browser,UPI / Wallet,0,0
TXN-100324,CUST-1136,54,Savings,Transfer,Travel,95.9,15258.08,15162.18,18,Toronto,ATM,Debit Card,0,0
TXN-100325,CUST-1276,49,Savings,Transfer,Retail,40.22,10353.37,10313.15,0,Toronto,Mobile App,Wire Transfer,0,0
TXN-100326,CUST-1254,72,Credit,Payment,Travel,5.56,11897.83,11892.27,21,Toronto,Web Browser,Wire Transfer,0,0
TXN-100327,CUST-1263,26,Savings,Deposit,Retail,46.46,10421.57,10468.03,1,London,ATM,Debit Card,0,0
TXN-100328,CUST-1166,58,Checking,Payment,Electronics,111.92,21069.93,20958.01,17,Singapore,ATM,Credit Card,0,0
TXN-100329,CUST-1164,52,Savings,Transfer,Retail,76.7,5827.01,5750.31,18,Toronto,POS Terminal,UPI / Wallet,0,0
TXN-100330,CUST-1028,36,Savings,Transfer,Travel,94.26,242.45,148.19,7,London,POS Terminal,Wire Transfer,0,0
TXN-100331,CUST-1466,65,Savings,Payment,Groceries,596.75,16317.87,15721.12,2,Mumbai,Web Browser,UPI / Wallet,0,0
TXN-100332,CUST-1034,33,Business,Transfer,Travel,69.68,5141.31,5071.63,22,Toronto,Mobile App,UPI / Wallet,0,0
TXN-100333,CUST-1236,20,Credit,Payment,Utilities,95.27,22263.87,22168.6,13,New York,ATM,Debit Card,0,0
TXN-100334,CUST-1293,37,Business,Deposit,Entertainment,26.5,21490.25,21516.75,8,Singapore,POS Terminal,Debit Card,0,0
TXN-100335,CUST-1089,41,Checking,Payment,Entertainment,12.37,2010.51,1998.14,7,New York,POS Terminal,Debit Card,0,0
TXN-100336,CUST-1202,71,Savings,Payment,Utilities,229.02,2749.07,2520.05,16,Mumbai,Mobile App,UPI / Wallet,0,0
TXN-100337,CUST-1227,73,Checking,Payment,Entertainment,131.83,12429.77,12297.94,22,Singapore,POS Terminal,Wire Transfer,1,0
TXN-100338,CUST-1418,50,Checking,Transfer,Entertainment,219.51,15269.64,15050.13,22,New York,Web Browser,Wire Transfer,0,0
TXN-100339,CUST-1067,41,Credit,Withdrawal,Electronics,29.35,6945.22,6915.87,23,Singapore,Mobile App,Credit Card,0,0
TXN-100340,CUST-1130,69,Savings,Payment,Groceries,132.23,17948.26,17816.03,15,Mumbai,ATM,UPI / Wallet,0,0
TXN-100341,CUST-1364,28,Checking,Payment,Groceries,48.88,14913.41,14864.53,9,Berlin,Web Browser,Credit Card,0,0
TXN-100342,CUST-1110,66,Savings,Payment,Travel,43.83,8188.12,8144.29,20,Toronto,ATM,Credit Card,0,0
TXN-100343,CUST-1011,25,Savings,Payment,Utilities,6.74,731.75,725.01,9,Singapore,ATM,Credit Card,0,0
TXN-100344,CUST-1287,53,Checking,Payment,Retail,25.95,18778.74,18752.79,23,Toronto,POS Terminal,Credit Card,0,0
TXN-100345,CUST-1174,55,Checking,Transfer,Travel,60.5,5447.37,5386.87,5,Toronto,Web Browser,Credit Card,0,0
TXN-100346,CUST-1318,57,Savings,Withdrawal,Travel,23.64,20878.4,20854.76,21,Berlin,Web Browser,UPI / Wallet,0,0
TXN-100347,CUST-1153,37,Savings,Deposit,Travel,643.8,10565.23,11209.03,16,Mumbai,Mobile App,Debit Card,0,0
TXN-100348,CUST-1042,52,Checking,Payment,Travel,60.36,14469.23,14408.87,15,Singapore,Web Browser,Credit Card,0,1
TXN-100349,CUST-1362,65,Credit,Deposit,Groceries,25.95,21836.42,21862.37,14,Singapore,Mobile App,Wire Transfer,0,0
TXN-100350,CUST-1204,42,Credit,Transfer,Retail,38.3,21604.21,21565.91,21,Berlin,Web Browser,UPI / Wallet,0,0
TXN-100351,CUST-1171,52,Business,Payment,Travel,137.9,9350.84,9212.94,13,London,ATM,Credit Card,0,0
TXN-100352,CUST-1293,42,Credit,Payment,Groceries,14.93,5301.33,5286.4,3,Berlin,Mobile App,Wire Transfer,0,0
TXN-100353,CUST-1284,46,Savings,Payment,Travel,302.55,19401.14,19098.59,3,Berlin,Web Browser,Credit Card,0,0
TXN-100354,CUST-1310,35,Checking,Payment,Entertainment,493.56,10883.7,10390.14,1,Berlin,Mobile App,Debit Card,0,0
TXN-100355,CUST-1051,63,Checking,Transfer,Travel,47.5,4881.85,4834.35,10,Mumbai,POS Terminal,UPI / Wallet,0,0
TXN-100356,CUST-1114,35,Savings,Transfer,Utilities,94.7,22620.19,22525.49,3,Tokyo,POS Terminal,Debit Card,0,0
TXN-100357,CUST-1018,19,Credit,Payment,Utilities,8.36,5032.79,5024.43,20,Berlin,Mobile App,Wire Transfer,0,0
TXN-100358,CUST-1034,71,Savings,Transfer,Travel,158.54,742.6,584.06,20,Singapore,Mobile App,Credit Card,0,0
TXN-100359,CUST-1047,52,Credit,Withdrawal,Electronics,85.15,604.97,519.82,15,New York,ATM,Debit Card,0,0
TXN-100360,CUST-1232,33,Checking,Transfer,Entertainment,52.22,15595.65,15543.43,20,London,Web Browser,Debit Card,0,0
TXN-100361,CUST-1218,58,Checking,Transfer,Retail,39.76,16575.71,16535.95,3,Berlin,POS Terminal,Credit Card,0,0
TXN-100362,CUST-1109,53,Checking,Payment,Travel,164.21,7844.94,7680.73,0,Berlin,POS Terminal,UPI / Wallet,0,0
TXN-100363,CUST-1253,50,Credit,Payment,Retail,85.73,8068.27,7982.54,23,London,Web Browser,Wire Transfer,0,0
TXN-100364,CUST-1187,21,Checking,Withdrawal,Entertainment,34.71,8553.4,8518.69,18,Berlin,POS Terminal,UPI / Wallet,0,0
TXN-100365,CUST-1030,50,Checking,Payment,Travel,180.25,17035.95,16855.7,1,Singapore,POS Terminal,Wire Transfer,0,0
TXN-100366,CUST-1258,31,Savings,Transfer,Electronics,129.89,1547.53,1417.64,8,Tokyo,Mobile App,Wire Transfer,1,0
TXN-100367,CUST-1162,38,Checking,Withdrawal,Groceries,298.5,23235.0,22936.5,22,Berlin,POS Terminal,Debit Card,0,0
TXN-100368,CUST-1343,65,Savings,Payment,Electronics,23.75,5640.77,5617.02,12,London,POS Terminal,Credit Card,1,0
TXN-100369,CUST-1307,37,Checking,Transfer,Electronics,236.03,24991.86,24755.83,17,Berlin,POS Terminal,UPI / Wallet,0,0
TXN-100370,CUST-1070,73,Checking,Payment,Groceries,172.91,4370.92,4198.01,15,Mumbai,Web Browser,Debit Card,0,0
TXN-100371,CUST-1306,25,Checking,Deposit,Groceries,23.33,19311.51,19334.84,15,Singapore,ATM,Debit Card,0,0
TXN-100372,CUST-1055,24,Savings,Payment,Utilities,183.03,5662.97,5479.94,9,Singapore,Mobile App,Debit Card,0,0
TXN-100373,CUST-1098,20,Savings,Transfer,Groceries,92.39,2113.09,2020.7,8,Tokyo,ATM,UPI / Wallet,0,0
TXN-100374,CUST-1020,34,Checking,Transfer,Travel,440.02,21885.84,21445.82,10,Mumbai,POS Terminal,Debit Card,0,0
TXN-100375,CUST-1384,50,Savings,Transfer,Retail,27.9,21482.91,21455.01,3,Mumbai,POS Terminal,Credit Card,1,0
TXN-100376,CUST-1107,65,Savings,Payment,Utilities,159.43,10148.9,9989.47,9,Tokyo,POS Terminal,Debit Card,0,0
TXN-100377,CUST-1052,29,Savings,Payment,Utilities,77.19,17589.66,17512.47,2,Toronto,ATM,Debit Card,1,0
TXN-100378,CUST-1005,68,Business,Transfer,Retail,476.34,13970.94,13494.6,5,Toronto,Web Browser,Wire Transfer,0,0
TXN-100379,CUST-1230,39,Checking,Deposit,Utilities,65.07,21338.61,21403.68,2,New York,Web Browser,Debit Card,0,0
TXN-100380,CUST-1481,72,Savings,Withdrawal,Groceries,496.26,7944.89,7448.63,8,Toronto,Mobile App,UPI / Wallet,0,0
TXN-100381,CUST-1081,39,Savings,Payment,Electronics,352.63,13139.44,12786.81,2,Berlin,ATM,UPI / Wallet,0,0
TXN-100382,CUST-1445,63,Savings,Withdrawal,Entertainment,52.29,12185.77,12133.48,17,Mumbai,Web Browser,Credit Card,0,0
TXN-100383,CUST-1216,47,Credit,Transfer,Groceries,249.1,8912.26,8663.16,7,New York,Mobile App,UPI / Wallet,1,0
TXN-100384,CUST-1334,55,Checking,Payment,Electronics,819.07,22297.23,21478.16,21,New York,POS Terminal,UPI / Wallet,0,0
TXN-100385,CUST-1046,55,Savings,Payment,Electronics,48.69,4230.36,4181.67,7,Singapore,POS Terminal,Debit Card,0,0
TXN-100386,CUST-1351,62,Savings,Withdrawal,Utilities,91.11,3822.77,3731.66,14,Berlin,Mobile App,Credit Card,0,0
TXN-100387,CUST-1361,68,Savings,Withdrawal,Travel,115.15,14465.05,14349.9,12,Singapore,Web Browser,UPI / Wallet,0,0
TXN-100388,CUST-1240,71,Checking,Transfer,Travel,57.42,16471.61,16414.19,6,London,ATM,Credit Card,0,0
TXN-100389,CUST-1177,25,Credit,Deposit,Utilities,7.31,4946.02,4953.33,18,Toronto,Mobile App,Credit Card,0,0
TXN-100390,CUST-1081,44,Savings,Transfer,Utilities,42.29,9828.86,9786.57,7,Singapore,Web Browser,Wire Transfer,0,0
TXN-100391,CUST-1286,44,Savings,Withdrawal,Retail,54.68,23669.44,23614.76,9,Mumbai,Mobile App,Wire Transfer,0,0
TXN-100392,CUST-1191,51,Savings,Deposit,Retail,92.94,6240.77,6333.71,16,Mumbai,Web Browser,Debit Card,0,0
TXN-100393,CUST-1412,38,Business,Transfer,Entertainment,33.15,16742.18,16709.03,0,Berlin,POS Terminal,UPI / Wallet,0,0
TXN-100394,CUST-1142,47,Savings,Withdrawal,Entertainment,314.84,18529.72,18214.88,12,New York,Mobile App,Debit Card,0,0
TXN-100395,CUST-1313,50,Credit,Transfer,Entertainment,188.07,11258.4,11070.33,12,Mumbai,ATM,Debit Card,0,0
TXN-100396,CUST-1278,45,Checking,Payment,Entertainment,18.36,23444.4,23426.04,23,Toronto,Mobile App,Credit Card,0,0
TXN-100397,CUST-1421,64,Savings,Payment,Electronics,162.51,18442.75,18280.24,15,Singapore,POS Terminal,Credit Card,1,0
TXN-100398,CUST-1040,50,Savings,Payment,Electronics,164.05,11502.32,11338.27,8,Toronto,POS Terminal,Credit Card,1,0
TXN-100399,CUST-1458,22,Savings,Deposit,Retail,474.29,14276.45,14750.74,9,Singapore,Web Browser,Debit Card,0,0
TXN-100400,CUST-1270,65,Checking,Payment,Travel,5.45,17346.07,17340.62,5,Berlin,POS Terminal,UPI / Wallet,1,0
TXN-100401,CUST-1086,36,Credit,Payment,Utilities,47.74,14845.54,14797.8,4,Toronto,Web Browser,Debit Card,0,0
TXN-100402,CUST-1002,21,Checking,Withdrawal,Travel,399.23,21979.57,21580.34,1,Singapore,POS Terminal,Debit Card,0,0
TXN-100403,CUST-1210,52,Checking,Deposit,Groceries,408.53,8986.53,9395.06,10,Toronto,Web Browser,Debit Card,0,0
TXN-100404,CUST-1000,66,Savings,Transfer,Electronics,196.26,7567.15,7370.89,8,Tokyo,ATM,Wire Transfer,1,0
TXN-100405,CUST-1471,34,Business,Deposit,Entertainment,222.71,5424.59,5647.3,5,Berlin,Web Browser,Wire Transfer,0,0
TXN-100406,CUST-1496,61,Credit,Transfer,Entertainment,19.39,1040.8,1021.41,7,Berlin,Web Browser,UPI / Wallet,0,0
TXN-100407,CUST-1074,45,Savings,Withdrawal,Groceries,113.19,1171.05,1057.86,8,Mumbai,ATM,Wire Transfer,1,0
TXN-100408,CUST-1477,47,Business,Transfer,Travel,44.51,21764.37,21719.86,8,Berlin,Web Browser,Debit Card,0,0
TXN-100409,CUST-1497,46,Checking,Transfer,Entertainment,34.99,16991.99,16957.0,7,London,Web Browser,Wire Transfer,0,0
TXN-100410,CUST-1394,63,Checking,Payment,Travel,254.35,16547.26,16292.91,11,Mumbai,ATM,Wire Transfer,0,0
TXN-100411,CUST-1443,70,Checking,Payment,Utilities,26.76,15404.61,15377.85,7,Mumbai,POS Terminal,Debit Card,0,0
TXN-100412,CUST-1230,23,Credit,Payment,Groceries,99.85,21245.56,21145.71,2,Toronto,Mobile App,UPI / Wallet,0,0
TXN-100413,CUST-1448,52,Checking,Transfer,Travel,423.5,12058.65,11635.15,12,Tokyo,Web Browser,Wire Transfer,0,0
TXN-100414,CUST-1075,58,Savings,Payment,Utilities,35.84,21773.23,21737.39,18,Mumbai,POS Terminal,Debit Card,0,0
TXN-100415,CUST-1259,54,Savings,Deposit,Travel,577.46,9050.18,9627.64,1,New York,Mobile App,Debit Card,0,0
TXN-100416,CUST-1024,41,Credit,Payment,Travel,779.78,23175.02,22395.24,16,Singapore,ATM,Debit Card,0,1
TXN-100417,CUST-1199,46,Savings,Transfer,Entertainment,126.66,17496.56,17369.9,15,Singapore,Web Browser,Credit Card,0,0
TXN-100418,CUST-1462,66,Savings,Payment,Retail,32.98,6503.71,6470.73,3,Berlin,Web Browser,Debit Card,0,0
TXN-100419,CUST-1426,63,Checking,Transfer,Electronics,61.99,14145.71,14083.72,17,Toronto,ATM,Wire Transfer,0,0
TXN-100420,CUST-1093,70,Checking,Withdrawal,Travel,87.88,13372.46,13284.58,13,Tokyo,Web Browser,Wire Transfer,0,0
TXN-100421,CUST-1423,48,Checking,Withdrawal,Travel,60.51,3533.68,3473.17,1,Singapore,Mobile App,Debit Card,1,0
TXN-100422,CUST-1351,52,Credit,Payment,Travel,54.41,14821.95,14767.54,12,New York,Mobile App,Credit Card,0,0
TXN-100423,CUST-1107,50,Savings,Payment,Retail,542.57,7938.16,7395.59,20,Tokyo,ATM,Credit Card,0,0
TXN-100424,CUST-1354,69,Savings,Withdrawal,Utilities,29.97,1403.48,1373.51,19,London,Web Browser,Credit Card,0,0
TXN-100425,CUST-1468,38,Savings,Payment,Groceries,203.26,23721.54,23518.28,16,Singapore,POS Terminal,Wire Transfer,0,0
TXN-100426,CUST-1094,49,Credit,Withdrawal,Entertainment,5.06,16073.11,16068.05,14,Mumbai,Web Browser,Credit Card,0,0
TXN-100427,CUST-1355,40,Checking,Payment,Retail,141.02,21935.28,21794.26,19,New York,ATM,UPI / Wallet,0,0
TXN-100428,CUST-1090,50,Savings,Withdrawal,Utilities,376.44,16933.79,16557.35,4,Toronto,POS Terminal,UPI / Wallet,0,0
TXN-100429,CUST-1043,20,Credit,Payment,Travel,55.94,8988.89,8932.95,6,Toronto,Mobile App,Credit Card,1,0
TXN-100430,CUST-1455,35,Credit,Payment,Utilities,35.78,12865.93,12830.15,17,New York,Mobile App,UPI / Wallet,0,1
TXN-100431,CUST-1442,42,Credit,Deposit,Retail,163.19,16926.09,17089.28,23,Singapore,POS Terminal,Debit Card,0,0
TXN-100432,CUST-1383,59,Credit,Payment,Retail,192.03,24010.28,23818.25,10,Berlin,POS Terminal,Credit Card,1,0
TXN-100433,CUST-1022,48,Savings,Payment,Retail,179.73,6416.37,6236.64,17,London,ATM,Credit Card,0,0
TXN-100434,CUST-1189,71,Credit,Transfer,Groceries,62.7,21886.93,21824.23,4,Mumbai,Web Browser,Credit Card,0,0
TXN-100435,CUST-1022,20,Checking,Payment,Electronics,48.59,23109.54,23060.95,12,London,Mobile App,Debit Card,0,0
TXN-100436,CUST-1233,57,Credit,Payment,Entertainment,473.26,16793.35,16320.09,17,London,Web Browser,Debit Card,0,0
TXN-100437,CUST-1185,63,Checking,Transfer,Groceries,390.18,23288.54,22898.36,1,Singapore,Mobile App,Credit Card,0,0
TXN-100438,CUST-1310,41,Credit,Transfer,Groceries,96.68,10007.18,9910.5,19,Mumbai,Web Browser,Wire Transfer,0,0
TXN-100439,CUST-1416,67,Checking,Payment,Electronics,285.81,23830.1,23544.29,3,Singapore,Mobile App,Wire Transfer,0,0
TXN-100440,CUST-1332,49,Savings,Withdrawal,Groceries,95.31,17599.29,17503.98,12,Singapore,Web Browser,UPI / Wallet,0,0
TXN-100441,CUST-1062,64,Checking,Payment,Retail,87.85,1145.94,1058.09,23,Berlin,ATM,Debit Card,0,0
TXN-100442,CUST-1102,39,Business,Transfer,Retail,30.58,22681.13,22650.55,15,New York,Mobile App,UPI / Wallet,0,0
TXN-100443,CUST-1499,40,Credit,Payment,Utilities,88.38,12163.37,12074.99,5,Toronto,ATM,UPI / Wallet,0,0
TXN-100444,CUST-1315,19,Savings,Transfer,Travel,120.64,11562.14,11441.5,7,Berlin,Mobile App,Credit Card,0,0
TXN-100445,CUST-1482,44,Savings,Payment,Groceries,8.41,14205.02,14196.61,15,Toronto,Mobile App,Wire Transfer,1,0
TXN-100446,CUST-1188,59,Savings,Transfer,Travel,93.08,3819.68,3726.6,12,Berlin,Mobile App,UPI / Wallet,0,0
TXN-100447,CUST-1335,19,Checking,Transfer,Entertainment,233.05,11782.23,11549.18,22,Singapore,Web Browser,Credit Card,0,0
TXN-100448,CUST-1459,43,Credit,Transfer,Retail,175.94,20795.07,20619.13,3,Berlin,Mobile App,Debit Card,0,0
TXN-100449,CUST-1188,34,Savings,Payment,Utilities,156.24,485.51,329.27,1,Toronto,ATM,UPI / Wallet,0,0
TXN-100450,CUST-1350,57,Checking,Transfer,Entertainment,365.45,6895.64,6530.19,8,Berlin,Web Browser,Wire Transfer,0,0
TXN-100451,CUST-1068,50,Credit,Payment,Utilities,7.73,161.12,153.39,17,Tokyo,Web Browser,Debit Card,0,0
TXN-100452,CUST-1113,26,Checking,Payment,Electronics,127.14,10451.21,10324.07,16,Mumbai,Mobile App,Credit Card,0,0
TXN-100453,CUST-1103,60,Checking,Payment,Retail,237.22,18235.06,17997.84,7,New York,POS Terminal,Debit Card,1,0
TXN-100454,CUST-1107,71,Checking,Payment,Entertainment,121.92,19989.42,19867.5,14,Toronto,Web Browser,UPI / Wallet,0,0
TXN-100455,CUST-1344,65,Checking,Withdrawal,Electronics,63.71,23635.23,23571.52,8,Mumbai,Mobile App,Debit Card,0,0
TXN-100456,CUST-1020,56,Savings,Transfer,Entertainment,26.97,15251.76,15224.79,16,New York,ATM,Debit Card,0,0
TXN-100457,CUST-1386,46,Checking,Payment,Utilities,332.8,6440.21,6107.41,22,Tokyo,POS Terminal,Debit Card,0,0
TXN-100458,CUST-1431,59,Checking,Transfer,Electronics,100.45,23111.28,23010.83,1,Singapore,Web Browser,Wire Transfer,0,0
TXN-100459,CUST-1265,72,Credit,Transfer,Electronics,320.7,19405.36,19084.66,5,Toronto,POS Terminal,UPI / Wallet,0,0
TXN-100460,CUST-1342,43,Checking,Payment,Retail,137.23,14403.27,14266.04,4,New York,Web Browser,Credit Card,0,0
TXN-100461,CUST-1208,52,Credit,Payment,Travel,173.22,17421.44,17248.22,16,New York,POS Terminal,Wire Transfer,0,0
TXN-100462,CUST-1169,67,Savings,Withdrawal,Utilities,249.65,23115.48,22865.83,1,New York,POS Terminal,UPI / Wallet,0,0
TXN-100463,CUST-1482,42,Checking,Payment,Utilities,166.45,17838.61,17672.16,17,Tokyo,ATM,Credit Card,0,1
TXN-100464,CUST-1472,41,Savings,Deposit,Electronics,81.14,9272.53,9353.67,9,Mumbai,POS Terminal,Credit Card,0,0
TXN-100465,CUST-1193,30,Savings,Transfer,Electronics,113.12,17854.4,17741.28,9,Tokyo,ATM,Credit Card,0,0
TXN-100466,CUST-1346,24,Checking,Transfer,Retail,248.72,1102.93,854.21,5,New York,Mobile App,UPI / Wallet,0,0
TXN-100467,CUST-1429,74,Business,Transfer,Travel,75.18,9721.75,9646.57,11,Berlin,Web Browser,Credit Card,0,0
TXN-100468,CUST-1392,53,Savings,Transfer,Utilities,78.68,10217.44,10138.76,16,New York,ATM,Credit Card,1,0
TXN-100469,CUST-1122,62,Checking,Payment,Groceries,20.09,4254.27,4234.18,12,Berlin,Web Browser,Wire Transfer,0,0
TXN-100470,CUST-1176,37,Credit,Payment,Groceries,374.03,674.83,300.8,19,Singapore,ATM,Credit Card,0,0
TXN-100471,CUST-1003,18,Savings,Transfer,Travel,19.32,3421.19,3401.87,15,Tokyo,Web Browser,Debit Card,1,0
TXN-100472,CUST-1187,25,Checking,Deposit,Entertainment,161.71,16400.08,16561.79,9,Berlin,ATM,Wire Transfer,0,0
TXN-100473,CUST-1345,63,Checking,Withdrawal,Retail,84.96,20076.99,19992.03,20,Tokyo,Web Browser,Wire Transfer,1,0
TXN-100474,CUST-1351,33,Checking,Transfer,Travel,83.04,24706.27,24623.23,1,London,Mobile App,UPI / Wallet,0,0
TXN-100475,CUST-1028,31,Savings,Transfer,Groceries,175.71,8724.45,8548.74,1,Mumbai,Web Browser,Credit Card,0,0
TXN-100476,CUST-1085,29,Savings,Transfer,Electronics,15.42,15024.54,15009.12,22,London,Mobile App,Debit Card,0,0
TXN-100477,CUST-1046,68,Credit,Transfer,Groceries,140.1,23434.91,23294.81,6,Berlin,Mobile App,Debit Card,0,0
TXN-100478,CUST-1076,40,Checking,Transfer,Electronics,226.78,4259.34,4032.56,5,London,Mobile App,Credit Card,0,0
TXN-100479,CUST-1342,32,Savings,Payment,Retail,269.22,17969.38,17700.16,0,Toronto,POS Terminal,Credit Card,0,0
TXN-100480,CUST-1190,45,Credit,Transfer,Electronics,33.05,18898.97,18865.92,11,Mumbai,Web Browser,UPI / Wallet,0,0
TXN-100481,CUST-1030,51,Savings,Payment,Travel,346.57,2315.49,1968.92,12,Berlin,POS Terminal,Debit Card,0,1
TXN-100482,CUST-1306,19,Checking,Deposit,Electronics,165.13,21545.11,21710.24,11,Singapore,POS Terminal,Wire Transfer,0,0
TXN-100483,CUST-1168,49,Savings,Payment,Entertainment,325.38,20346.32,20020.94,18,Singapore,Web Browser,UPI / Wallet,1,0
TXN-100484,CUST-1035,40,Business,Deposit,Travel,104.62,931.73,1036.35,8,Mumbai,Mobile App,UPI / Wallet,1,0
TXN-100485,CUST-1244,39,Savings,Transfer,Retail,122.14,2368.0,2245.86,9,Mumbai,POS Terminal,Wire Transfer,1,0
TXN-100486,CUST-1423,68,Savings,Payment,Travel,382.07,1323.26,941.19,16,Berlin,POS Terminal,UPI / Wallet,0,0
TXN-100487,CUST-1350,42,Savings,Payment,Entertainment,350.25,8435.11,8084.86,17,Tokyo,ATM,Credit Card,0,0
TXN-100488,CUST-1187,39,Savings,Transfer,Retail,94.17,12781.3,12687.13,7,Toronto,Web Browser,Wire Transfer,0,0
TXN-100489,CUST-1014,39,Credit,Transfer,Groceries,53.12,13355.46,13302.34,6,Berlin,POS Terminal,Wire Transfer,0,0
TXN-100490,CUST-1333,66,Business,Payment,Entertainment,79.93,6764.9,6684.97,8,Tokyo,Web Browser,Debit Card,0,0
TXN-100491,CUST-1482,69,Savings,Payment,Retail,78.6,22798.76,22720.16,9,Tokyo,Web Browser,Wire Transfer,0,0
TXN-100492,CUST-1215,59,Checking,Payment,Electronics,55.71,9269.74,9214.03,11,Tokyo,POS Terminal,UPI / Wallet,1,0
TXN-100493,CUST-1157,23,Checking,Payment,Travel,51.92,1234.2,1182.28,14,Berlin,Web Browser,Debit Card,0,0
TXN-100494,CUST-1413,32,Credit,Payment,Retail,301.06,7575.66,7274.6,14,New York,Mobile App,UPI / Wallet,1,0
TXN-100495,CUST-1154,71,Checking,Transfer,Travel,15.86,13324.62,13308.76,3,New York,POS Terminal,Credit Card,0,0
TXN-100496,CUST-1240,60,Savings,Transfer,Electronics,174.8,10264.72,10089.92,3,Singapore,POS Terminal,Credit Card,0,0
TXN-100497,CUST-1295,54,Checking,Transfer,Retail,33.46,6918.68,6885.22,22,New York,POS Terminal,Debit Card,0,0
TXN-100498,CUST-1461,50,Checking,Transfer,Groceries,68.35,3369.95,3301.6,0,New York,ATM,Debit Card,0,0
TXN-100499,CUST-1044,25,Savings,Deposit,Entertainment,14.53,20497.2,20511.73,11,Tokyo,ATM,UPI / Wallet,1,0
TXN-100500,CUST-1494,70,Checking,Payment,Retail,52.2,24904.02,24851.82,1,Tokyo,ATM,Credit Card,0,0
TXN-100501,CUST-1458,61,Savings,Withdrawal,Electronics,224.43,8305.6,8081.17,14,Mumbai,ATM,Debit Card,0,0
TXN-100502,CUST-1174,61,Credit,Transfer,Retail,329.44,9602.36,9272.92,16,Tokyo,POS Terminal,Credit Card,0,1
TXN-100503,CUST-1491,22,Savings,Payment,Travel,42.56,15489.13,15446.57,6,Berlin,Mobile App,Credit Card,0,0
TXN-100504,CUST-1345,56,Checking,Transfer,Utilities,98.42,17989.19,17890.77,5,Mumbai,Web Browser,Credit Card,0,0
TXN-100505,CUST-1055,21,Checking,Transfer,Retail,100.32,9861.54,9761.22,11,Toronto,Web Browser,UPI / Wallet,0,0
TXN-100506,CUST-1053,23,Checking,Transfer,Groceries,315.22,22632.74,22317.52,18,Mumbai,POS Terminal,UPI / Wallet,0,0
TXN-100507,CUST-1340,62,Savings,Withdrawal,Retail,220.83,14044.1,13823.27,0,New York,Mobile App,Credit Card,0,0
TXN-100508,CUST-1264,49,Checking,Payment,Entertainment,112.95,11314.71,11201.76,20,Tokyo,Web Browser,Credit Card,0,0
TXN-100509,CUST-1373,69,Checking,Payment,Retail,171.64,16202.15,16030.51,13,New York,Mobile App,Credit Card,0,0
TXN-100510,CUST-1238,47,Checking,Payment,Utilities,286.95,23824.82,23537.87,3,Tokyo,POS Terminal,Wire Transfer,0,0
TXN-100511,CUST-1320,64,Checking,Deposit,Travel,6.44,19884.35,19890.79,4,New York,ATM,Wire Transfer,0,0
TXN-100512,CUST-1107,52,Checking,Transfer,Retail,82.35,1096.33,1013.98,0,Toronto,Mobile App,UPI / Wallet,0,0
TXN-100513,CUST-1197,72,Credit,Transfer,Groceries,361.67,8374.52,8012.85,0,New York,Web Browser,Credit Card,0,0
TXN-100514,CUST-1384,57,Savings,Transfer,Electronics,207.24,11816.56,11609.32,20,New York,Web Browser,Wire Transfer,0,0
TXN-100515,CUST-1213,69,Credit,Withdrawal,Retail,122.41,7931.49,7809.08,5,Berlin,Web Browser,Debit Card,0,0
TXN-100516,CUST-1498,33,Checking,Deposit,Retail,118.14,17534.67,17652.81,4,Toronto,ATM,Debit Card,1,0
TXN-100517,CUST-1245,30,Savings,Transfer,Entertainment,69.1,20674.1,20605.0,1,Singapore,Mobile App,Credit Card,0,0
TXN-100518,CUST-1396,67,Savings,Withdrawal,Groceries,115.26,18310.49,18195.23,20,Toronto,Mobile App,Wire Transfer,0,0
TXN-100519,CUST-1037,59,Savings,Withdrawal,Utilities,164.8,24734.4,24569.6,4,New York,Web Browser,Debit Card,0,0
TXN-100520,CUST-1496,47,Credit,Transfer,Electronics,86.29,6886.44,6800.15,8,London,Mobile App,UPI / Wallet,0,0
TXN-100521,CUST-1172,36,Checking,Payment,Travel,192.84,21887.24,21694.4,18,London,Web Browser,Debit Card,0,0
TXN-100522,CUST-1104,34,Credit,Payment,Retail,301.24,19188.9,18887.66,20,London,Mobile App,UPI / Wallet,0,0
TXN-100523,CUST-1039,73,Checking,Deposit,Utilities,30.21,9118.25,9148.46,14,Berlin,ATM,Debit Card,0,0
TXN-100524,CUST-1478,36,Checking,Transfer,Electronics,95.1,18379.7,18284.6,12,Mumbai,ATM,Debit Card,0,0
TXN-100525,CUST-1398,45,Savings,Withdrawal,Travel,83.64,2691.49,2607.85,11,New York,POS Terminal,Wire Transfer,0,0
TXN-100526,CUST-1433,72,Savings,Transfer,Utilities,179.46,19754.4,19574.94,4,Toronto,POS Terminal,Debit Card,0,0
TXN-100527,CUST-1129,43,Checking,Withdrawal,Groceries,48.13,13355.03,13306.9,1,London,POS Terminal,Debit Card,1,0
TXN-100528,CUST-1180,54,Savings,Payment,Groceries,158.35,7378.03,7219.68,3,Berlin,Mobile App,UPI / Wallet,1,1
TXN-100529,CUST-1478,43,Savings,Payment,Electronics,319.93,16428.85,16108.92,17,Mumbai,ATM,UPI / Wallet,1,0
TXN-100530,CUST-1409,70,Checking,Withdrawal,Travel,86.23,16076.34,15990.11,20,London,ATM,Debit Card,0,0
TXN-100531,CUST-1193,40,Checking,Withdrawal,Groceries,367.89,5316.21,4948.32,9,Tokyo,ATM,Credit Card,0,0
TXN-100532,CUST-1330,26,Business,Withdrawal,Electronics,752.83,856.9,104.07,12,Singapore,Web Browser,Debit Card,0,0
TXN-100533,CUST-1288,29,Credit,Transfer,Groceries,21.82,10897.2,10875.38,11,New York,Mobile App,Debit Card,0,0
TXN-100534,CUST-1465,70,Checking,Payment,Groceries,44.8,14280.85,14236.05,1,Singapore,Mobile App,Wire Transfer,0,0
TXN-100535,CUST-1340,18,Checking,Transfer,Utilities,455.5,21927.47,21471.97,14,Singapore,POS Terminal,Debit Card,0,0
TXN-100536,CUST-1058,18,Checking,Payment,Utilities,481.69,23212.6,22730.91,13,Tokyo,Web Browser,Debit Card,1,0
TXN-100537,CUST-1350,64,Credit,Payment,Groceries,20.42,13267.25,13246.83,9,Tokyo,Web Browser,UPI / Wallet,0,0
TXN-100538,CUST-1025,51,Savings,Payment,Entertainment,7.27,18869.71,18862.44,21,Tokyo,ATM,UPI / Wallet,0,0
TXN-100539,CUST-1477,49,Checking,Payment,Utilities,31.35,11038.65,11007.3,7,Mumbai,POS Terminal,UPI / Wallet,0,0
TXN-100540,CUST-1102,71,Credit,Deposit,Travel,833.7,18677.45,19511.15,14,London,Mobile App,UPI / Wallet,1,1
TXN-100541,CUST-1020,65,Savings,Transfer,Electronics,34.77,5199.56,5164.79,12,Toronto,Web Browser,Debit Card,0,0
TXN-100542,CUST-1432,42,Checking,Payment,Electronics,109.74,9339.51,9229.77,7,New York,ATM,Credit Card,0,0
TXN-100543,CUST-1079,57,Checking,Payment,Travel,287.99,15892.28,15604.29,20,Tokyo,Mobile App,Wire Transfer,0,0
TXN-100544,CUST-1326,62,Savings,Transfer,Travel,8.09,552.13,544.04,20,Berlin,ATM,Wire Transfer,0,0
TXN-100545,CUST-1469,70,Savings,Transfer,Travel,144.14,18089.29,17945.15,21,New York,Mobile App,Credit Card,0,0
TXN-100546,CUST-1198,18,Savings,Deposit,Travel,53.66,20904.83,20958.49,13,Toronto,ATM,Credit Card,0,0
TXN-100547,CUST-1321,33,Savings,Withdrawal,Retail,302.44,10038.63,9736.19,0,New York,Mobile App,Wire Transfer,0,0
TXN-100548,CUST-1036,56,Savings,Deposit,Electronics,55.0,11253.77,11308.77,12,New York,POS Terminal,Debit Card,0,0
TXN-100549,CUST-1013,22,Credit,Deposit,Retail,179.12,21296.93,21476.05,7,Tokyo,Mobile App,Wire Transfer,0,0
TXN-100550,CUST-1455,39,Savings,Transfer,Groceries,173.23,19413.8,19240.57,17,Tokyo,Mobile App,Credit Card,0,0
TXN-100551,CUST-1220,46,Checking,Payment,Groceries,42.56,7274.92,7232.36,21,London,Mobile App,Debit Card,1,0
TXN-100552,CUST-1363,72,Savings,Payment,Electronics,10.31,8167.01,8156.7,8,Toronto,ATM,Wire Transfer,1,0
TXN-100553,CUST-1390,20,Credit,Payment,Groceries,83.95,17004.07,16920.12,12,Tokyo,Web Browser,Debit Card,0,0
TXN-100554,CUST-1165,29,Savings,Payment,Travel,56.2,14123.63,14067.43,2,Tokyo,Mobile App,Debit Card,1,0
TXN-100555,CUST-1172,43,Checking,Payment,Retail,253.3,4139.52,3886.22,17,New York,Mobile App,Credit Card,0,0
TXN-100556,CUST-1149,33,Credit,Payment,Travel,246.69,7817.25,7570.56,9,London,POS Terminal,UPI / Wallet,0,0
TXN-100557,CUST-1171,68,Credit,Payment,Groceries,96.6,22509.58,22412.98,4,Singapore,Mobile App,Wire Transfer,0,0
TXN-100558,CUST-1080,54,Savings,Transfer,Utilities,144.91,17235.54,17090.63,5,Tokyo,POS Terminal,Credit Card,0,0
TXN-100559,CUST-1335,39,Credit,Payment,Retail,144.05,24650.76,24506.71,7,Berlin,Mobile App,Wire Transfer,0,0
TXN-100560,CUST-1224,74,Checking,Payment,Travel,268.31,19198.61,18930.3,23,Tokyo,ATM,UPI / Wallet,0,0
TXN-100561,CUST-1358,46,Checking,Payment,Electronics,88.01,23555.16,23467.15,6,Singapore,Web Browser,UPI / Wallet,0,0
TXN-100562,CUST-1034,31,Savings,Transfer,Travel,53.33,5483.1,5429.77,20,New York,Web Browser,UPI / Wallet,0,0
TXN-100563,CUST-1357,45,Savings,Withdrawal,Utilities,51.19,19309.97,19258.78,17,Toronto,Web Browser,UPI / Wallet,0,0
TXN-100564,CUST-1187,22,Checking,Transfer,Groceries,120.24,603.42,483.18,13,London,ATM,Wire Transfer,0,0
TXN-100565,CUST-1223,64,Checking,Payment,Retail,94.44,16801.92,16707.48,14,New York,POS Terminal,Debit Card,0,0
TXN-100566,CUST-1130,66,Checking,Withdrawal,Electronics,92.01,11785.13,11693.12,9,Toronto,Web Browser,Debit Card,1,0
TXN-100567,CUST-1373,47,Checking,Payment,Retail,19.33,8734.33,8715.0,20,Mumbai,ATM,UPI / Wallet,0,0
TXN-100568,CUST-1450,63,Credit,Transfer,Electronics,195.2,21573.87,21378.67,11,Tokyo,ATM,UPI / Wallet,1,0
TXN-100569,CUST-1455,69,Savings,Payment,Retail,41.07,21371.27,21330.2,6,Toronto,Mobile App,Debit Card,0,0
TXN-100570,CUST-1493,22,Checking,Payment,Groceries,37.9,655.31,617.41,6,Berlin,POS Terminal,Credit Card,0,0
TXN-100571,CUST-1350,29,Savings,Withdrawal,Electronics,84.85,15276.68,15191.83,10,Toronto,ATM,UPI / Wallet,0,0
TXN-100572,CUST-1310,33,Credit,Withdrawal,Entertainment,43.77,9259.02,9215.25,12,Mumbai,POS Terminal,Debit Card,0,0
TXN-100573,CUST-1008,43,Checking,Payment,Retail,136.51,10449.96,10313.45,14,Tokyo,Web Browser,Credit Card,0,0
TXN-100574,CUST-1068,43,Business,Payment,Retail,74.65,20817.81,20743.16,17,Mumbai,Web Browser,Debit Card,0,0
TXN-100575,CUST-1027,65,Savings,Transfer,Travel,94.38,7815.01,7720.63,6,Singapore,Web Browser,Credit Card,0,0
TXN-100576,CUST-1398,38,Savings,Transfer,Electronics,120.56,23581.92,23461.36,5,Tokyo,Mobile App,Wire Transfer,0,0
TXN-100577,CUST-1368,56,Savings,Payment,Utilities,39.14,4572.88,4533.74,22,Berlin,Mobile App,Credit Card,0,0
TXN-100578,CUST-1474,53,Savings,Payment,Entertainment,30.4,16601.79,16571.39,10,Tokyo,POS Terminal,UPI / Wallet,0,0
TXN-100579,CUST-1233,50,Savings,Payment,Groceries,323.57,16835.42,16511.85,7,Mumbai,POS Terminal,Credit Card,0,0
TXN-100580,CUST-1030,47,Credit,Transfer,Travel,90.3,6379.66,6289.36,19,London,Mobile App,Credit Card,0,0
TXN-100581,CUST-1314,54,Savings,Transfer,Entertainment,84.68,8186.29,8101.61,0,Mumbai,ATM,UPI / Wallet,0,0
TXN-100582,CUST-1231,40,Savings,Payment,Electronics,10.44,20886.48,20876.04,7,Tokyo,POS Terminal,Wire Transfer,0,0
TXN-100583,CUST-1337,27,Credit,Transfer,Entertainment,108.37,19068.95,18960.58,7,Tokyo,POS Terminal,Credit Card,1,0
TXN-100584,CUST-1485,71,Checking,Withdrawal,Retail,126.17,8294.49,8168.32,18,Toronto,Web Browser,Wire Transfer,1,0
TXN-100585,CUST-1496,22,Credit,Transfer,Retail,127.75,13395.52,13267.77,2,London,POS Terminal,Debit Card,0,0
TXN-100586,CUST-1053,53,Savings,Payment,Travel,189.15,1635.84,1446.69,4,New York,POS Terminal,Debit Card,0,0
TXN-100587,CUST-1451,51,Checking,Deposit,Electronics,34.31,5297.77,5332.08,2,London,ATM,UPI / Wallet,0,0
TXN-100588,CUST-1468,69,Savings,Transfer,Electronics,48.6,12196.93,12148.33,14,New York,POS Terminal,Wire Transfer,0,0
TXN-100589,CUST-1174,48,Savings,Payment,Entertainment,254.69,2240.75,1986.06,13,Berlin,ATM,UPI / Wallet,1,0
TXN-100590,CUST-1297,27,Credit,Transfer,Travel,446.1,21098.98,20652.88,20,Tokyo,Web Browser,UPI / Wallet,1,0
TXN-100591,CUST-1278,36,Savings,Payment,Electronics,26.92,17978.35,17951.43,14,Toronto,Mobile App,Credit Card,0,0
TXN-100592,CUST-1364,49,Checking,Payment,Utilities,108.27,23596.48,23488.21,23,Singapore,Web Browser,Debit Card,0,0
TXN-100593,CUST-1085,18,Checking,Payment,Utilities,41.15,17367.33,17326.18,16,Singapore,ATM,UPI / Wallet,1,0
TXN-100594,CUST-1064,73,Savings,Payment,Retail,14.29,23515.99,23501.7,17,Mumbai,ATM,Credit Card,0,0
TXN-100595,CUST-1088,22,Credit,Withdrawal,Entertainment,64.07,13907.36,13843.29,1,London,POS Terminal,Credit Card,0,0
TXN-100596,CUST-1053,62,Savings,Transfer,Groceries,28.27,15045.44,15017.17,11,London,POS Terminal,Wire Transfer,0,0
TXN-100597,CUST-1117,21,Checking,Transfer,Retail,190.65,24426.58,24235.93,15,Singapore,Mobile App,Debit Card,0,0
TXN-100598,CUST-1360,33,Business,Withdrawal,Travel,119.45,16089.02,15969.57,3,New York,ATM,Wire Transfer,0,0
TXN-100599,CUST-1475,41,Checking,Payment,Electronics,28.29,866.59,838.3,1,London,ATM,Wire Transfer,0,0
TXN-100600,CUST-1228,33,Credit,Withdrawal,Retail,6.39,18122.69,18116.3,13,New York,Web Browser,UPI / Wallet,0,1
TXN-100601,CUST-1266,72,Savings,Payment,Groceries,252.66,22646.17,22393.51,10,New York,Mobile App,Wire Transfer,0,0
TXN-100602,CUST-1318,19,Checking,Withdrawal,Groceries,34.07,19909.95,19875.88,12,New York,Web Browser,UPI / Wallet,0,0
TXN-100603,CUST-1021,66,Savings,Payment,Utilities,144.79,14637.45,14492.66,6,New York,POS Terminal,Wire Transfer,0,0
TXN-100604,CUST-1437,45,Checking,Withdrawal,Travel,66.63,16815.46,16748.83,9,Toronto,POS Terminal,Credit Card,0,0
TXN-100605,CUST-1246,49,Business,Deposit,Retail,137.1,24755.78,24892.88,23,Mumbai,Web Browser,Debit Card,0,0
TXN-100606,CUST-1472,44,Savings,Payment,Entertainment,61.89,2357.49,2295.6,0,Mumbai,POS Terminal,Debit Card,1,0
TXN-100607,CUST-1372,37,Checking,Transfer,Retail,18.64,16714.4,16695.76,20,Toronto,Web Browser,Debit Card,0,0
TXN-100608,CUST-1468,41,Savings,Transfer,Utilities,42.84,7156.6,7113.76,3,Singapore,ATM,Credit Card,0,0
TXN-100609,CUST-1419,29,Checking,Transfer,Groceries,36.25,16038.25,16002.0,17,Mumbai,ATM,Credit Card,1,0
TXN-100610,CUST-1313,67,Checking,Transfer,Travel,88.8,15229.83,15141.03,5,Berlin,POS Terminal,Wire Transfer,1,0
TXN-100611,CUST-1019,52,Business,Transfer,Travel,166.07,3921.08,3755.01,1,Toronto,Mobile App,Wire Transfer,0,0
TXN-100612,CUST-1399,50,Checking,Payment,Entertainment,50.94,5247.99,5197.05,2,London,ATM,Wire Transfer,0,0
TXN-100613,CUST-1475,50,Savings,Payment,Travel,6.82,15578.58,15571.76,13,Berlin,POS Terminal,Wire Transfer,0,0
TXN-100614,CUST-1183,68,Savings,Payment,Utilities,114.76,3292.93,3178.17,7,Toronto,Mobile App,Debit Card,0,0
TXN-100615,CUST-1348,60,Savings,Payment,Utilities,144.62,6703.0,6558.38,15,Mumbai,POS Terminal,Wire Transfer,0,0
TXN-100616,CUST-1049,54,Savings,Transfer,Utilities,499.0,20897.61,20398.61,18,London,Web Browser,Credit Card,1,0
TXN-100617,CUST-1089,29,Savings,Transfer,Travel,138.55,8244.58,8106.03,17,London,POS Terminal,Credit Card,0,0
TXN-100618,CUST-1103,20,Credit,Transfer,Travel,100.56,12252.7,12152.14,5,New York,Web Browser,Credit Card,0,0
TXN-100619,CUST-1193,18,Checking,Payment,Utilities,132.79,23534.39,23401.6,13,Singapore,ATM,UPI / Wallet,0,1
TXN-100620,CUST-1382,50,Checking,Transfer,Travel,399.46,5756.01,5356.55,2,New York,ATM,UPI / Wallet,0,0
TXN-100621,CUST-1368,57,Savings,Transfer,Travel,269.37,9801.69,9532.32,15,Toronto,POS Terminal,UPI / Wallet,1,0
TXN-100622,CUST-1073,27,Credit,Payment,Groceries,63.51,15200.8,15137.29,0,New York,Mobile App,Wire Transfer,0,0
TXN-100623,CUST-1268,60,Checking,Withdrawal,Retail,45.62,18907.94,18862.32,11,Berlin,POS Terminal,Debit Card,0,0
TXN-100624,CUST-1014,61,Savings,Transfer,Electronics,50.7,22551.17,22500.47,13,Mumbai,POS Terminal,Debit Card,0,0
TXN-100625,CUST-1328,46,Checking,Payment,Travel,110.3,22895.28,22784.98,18,Berlin,ATM,Wire Transfer,0,0
TXN-100626,CUST-1282,30,Checking,Payment,Electronics,209.42,19438.34,19228.92,21,Mumbai,ATM,Wire Transfer,1,0
TXN-100627,CUST-1391,29,Savings,Withdrawal,Electronics,109.94,5785.44,5675.5,18,Berlin,POS Terminal,UPI / Wallet,0,0
TXN-100628,CUST-1197,48,Checking,Deposit,Groceries,15.53,717.75,733.28,8,London,ATM,Credit Card,0,0
TXN-100629,CUST-1483,63,Checking,Transfer,Travel,197.88,9655.97,9458.09,6,Mumbai,Web Browser,Credit Card,0,0
TXN-100630,CUST-1433,19,Savings,Transfer,Utilities,250.96,3624.57,3373.61,13,Mumbai,POS Terminal,UPI / Wallet,0,0
TXN-100631,CUST-1343,68,Credit,Withdrawal,Electronics,56.27,17788.65,17732.38,4,Berlin,ATM,UPI / Wallet,0,0
TXN-100632,CUST-1194,67,Credit,Payment,Travel,168.65,16562.15,16393.5,17,Tokyo,POS Terminal,Debit Card,0,0
TXN-100633,CUST-1409,52,Checking,Payment,Entertainment,88.42,1194.89,1106.47,8,London,ATM,UPI / Wallet,0,0
TXN-100634,CUST-1035,40,Checking,Payment,Utilities,334.9,20931.19,20596.29,20,Toronto,Web Browser,Credit Card,0,0
TXN-100635,CUST-1404,34,Checking,Payment,Entertainment,284.87,6293.71,6008.84,6,London,Web Browser,Credit Card,0,0
TXN-100636,CUST-1204,43,Checking,Deposit,Entertainment,116.8,10862.45,10979.25,8,Toronto,POS Terminal,Wire Transfer,1,0
TXN-100637,CUST-1307,25,Checking,Deposit,Electronics,181.41,16731.55,16912.96,3,Tokyo,Web Browser,Debit Card,0,0
TXN-100638,CUST-1138,46,Savings,Withdrawal,Entertainment,327.29,10792.53,10465.24,16,Berlin,Web Browser,Wire Transfer,0,0
TXN-100639,CUST-1263,43,Checking,Transfer,Groceries,107.69,11088.07,10980.38,11,Berlin,ATM,Debit Card,1,0
TXN-100640,CUST-1056,27,Credit,Withdrawal,Groceries,61.37,1734.14,1672.77,5,London,POS Terminal,Wire Transfer,0,0
TXN-100641,CUST-1109,43,Checking,Transfer,Electronics,215.16,10095.94,9880.78,17,Berlin,ATM,Debit Card,0,0
TXN-100642,CUST-1173,51,Savings,Transfer,Travel,42.28,19144.71,19102.43,7,Singapore,ATM,UPI / Wallet,0,0
TXN-100643,CUST-1495,68,Credit,Withdrawal,Retail,78.78,22887.89,22809.11,20,Singapore,Mobile App,Credit Card,0,0
TXN-100644,CUST-1205,58,Savings,Transfer,Travel,306.18,10396.08,10089.9,14,Toronto,Web Browser,UPI / Wallet,0,0
TXN-100645,CUST-1224,24,Savings,Transfer,Travel,198.33,10647.29,10448.96,2,Tokyo,ATM,Debit Card,0,0
TXN-100646,CUST-1385,21,Savings,Transfer,Travel,82.58,17595.41,17512.83,1,Mumbai,ATM,Debit Card,0,0
TXN-100647,CUST-1063,70,Savings,Withdrawal,Travel,41.26,23575.02,23533.76,23,Singapore,ATM,Wire Transfer,1,0
TXN-100648,CUST-1251,67,Credit,Payment,Utilities,71.0,6749.82,6678.82,22,Toronto,Web Browser,Debit Card,0,0
TXN-100649,CUST-1435,62,Checking,Payment,Retail,55.13,11059.59,11004.46,8,Berlin,Web Browser,UPI / Wallet,0,0
TXN-100650,CUST-1448,28,Savings,Transfer,Utilities,34.05,19919.73,19885.68,7,Tokyo,Web Browser,Debit Card,0,0
TXN-100651,CUST-1266,46,Credit,Withdrawal,Entertainment,209.0,15281.37,15072.37,3,Toronto,POS Terminal,Debit Card,0,1
TXN-100652,CUST-1389,73,Credit,Withdrawal,Travel,48.57,2853.6,2805.03,1,Toronto,ATM,Wire Transfer,0,0
TXN-100653,CUST-1351,53,Credit,Transfer,Groceries,95.82,15730.55,15634.73,13,Singapore,Web Browser,Debit Card,1,0
TXN-100654,CUST-1462,42,Savings,Payment,Electronics,78.13,4749.98,4671.85,1,New York,ATM,Wire Transfer,0,0
TXN-100655,CUST-1331,38,Checking,Transfer,Electronics,608.25,12804.38,12196.13,1,Tokyo,POS Terminal,Credit Card,0,1
TXN-100656,CUST-1319,74,Business,Deposit,Utilities,79.41,13274.67,13354.08,21,London,Mobile App,Wire Transfer,0,0
TXN-100657,CUST-1356,53,Credit,Payment,Utilities,17.5,21917.46,21899.96,6,Toronto,POS Terminal,Debit Card,0,0
TXN-100658,CUST-1092,27,Savings,Deposit,Groceries,19.12,11616.11,11635.23,11,Singapore,Web Browser,Credit Card,0,0
TXN-100659,CUST-1182,54,Savings,Transfer,Travel,139.02,7058.12,6919.1,5,London,Web Browser,Debit Card,0,0
TXN-100660,CUST-1299,26,Checking,Withdrawal,Retail,142.21,5851.06,5708.85,17,Tokyo,POS Terminal,Wire Transfer,1,0
TXN-100661,CUST-1213,41,Credit,Withdrawal,Entertainment,86.39,21868.87,21782.48,3,Singapore,ATM,UPI / Wallet,0,0
TXN-100662,CUST-1493,52,Checking,Payment,Electronics,89.8,4358.17,4268.37,18,London,Web Browser,Credit Card,1,0
TXN-100663,CUST-1141,66,Checking,Deposit,Entertainment,13.32,10704.13,10717.45,12,Mumbai,Web Browser,UPI / Wallet,1,0
TXN-100664,CUST-1082,52,Savings,Payment,Retail,114.02,4760.61,4646.59,19,Toronto,POS Terminal,UPI / Wallet,1,0
TXN-100665,CUST-1388,65,Checking,Transfer,Utilities,110.4,19355.27,19244.87,20,Mumbai,ATM,Credit Card,0,1
TXN-100666,CUST-1098,53,Credit,Payment,Electronics,29.3,11911.88,11882.58,22,New York,POS Terminal,UPI / Wallet,1,0
TXN-100667,CUST-1280,35,Savings,Withdrawal,Entertainment,21.45,8843.48,8822.03,1,Berlin,POS Terminal,UPI / Wallet,0,0
TXN-100668,CUST-1433,66,Credit,Payment,Utilities,24.79,9091.38,9066.59,7,Tokyo,ATM,UPI / Wallet,0,0
TXN-100669,CUST-1101,56,Business,Transfer,Retail,20.98,21320.13,21299.15,18,Berlin,ATM,UPI / Wallet,0,0
TXN-100670,CUST-1328,49,Savings,Payment,Entertainment,146.13,13888.97,13742.84,8,Berlin,Mobile App,Credit Card,1,0
TXN-100671,CUST-1377,41,Checking,Transfer,Travel,37.81,17974.91,17937.1,3,London,POS Terminal,Debit Card,0,0
TXN-100672,CUST-1070,40,Savings,Payment,Utilities,48.44,22436.26,22387.82,15,New York,ATM,UPI / Wallet,0,0
TXN-100673,CUST-1372,49,Credit,Payment,Retail,33.6,22553.37,22519.77,18,Tokyo,Web Browser,Credit Card,0,0
TXN-100674,CUST-1337,54,Checking,Withdrawal,Entertainment,479.93,8279.88,7799.95,9,Mumbai,Mobile App,Credit Card,0,0
TXN-100675,CUST-1385,29,Checking,Transfer,Travel,294.26,23816.04,23521.78,5,Berlin,POS Terminal,Credit Card,0,0
TXN-100676,CUST-1371,66,Credit,Payment,Travel,44.3,719.41,675.11,15,London,ATM,Credit Card,0,0
TXN-100677,CUST-1265,72,Savings,Transfer,Retail,64.53,9483.21,9418.68,9,Berlin,Mobile App,Wire Transfer,0,0
TXN-100678,CUST-1491,30,Credit,Transfer,Groceries,40.34,22405.39,22365.05,12,Singapore,Mobile App,Debit Card,1,0
TXN-100679,CUST-1129,40,Checking,Withdrawal,Electronics,106.55,6938.46,6831.91,8,Mumbai,Web Browser,Debit Card,0,0
TXN-100680,CUST-1059,42,Savings,Deposit,Retail,7.97,6899.73,6907.7,6,Berlin,Mobile App,UPI / Wallet,1,0
TXN-100681,CUST-1300,52,Checking,Payment,Travel,171.92,7635.29,7463.37,3,Singapore,POS Terminal,Credit Card,0,0
TXN-100682,CUST-1391,58,Credit,Withdrawal,Travel,116.09,15346.6,15230.51,18,Singapore,ATM,Wire Transfer,0,0
TXN-100683,CUST-1441,47,Savings,Withdrawal,Retail,348.36,11014.49,10666.13,3,London,Mobile App,Credit Card,0,0
TXN-100684,CUST-1118,34,Credit,Withdrawal,Groceries,31.94,18195.7,18163.76,18,London,Mobile App,UPI / Wallet,0,0
TXN-100685,CUST-1262,66,Credit,Transfer,Electronics,249.53,22383.27,22133.74,18,Singapore,POS Terminal,Debit Card,0,0
TXN-100686,CUST-1482,37,Savings,Deposit,Entertainment,240.5,16887.56,17128.06,11,New York,Web Browser,UPI / Wallet,0,0
TXN-100687,CUST-1470,65,Business,Payment,Retail,25.4,5191.22,5165.82,12,Berlin,Web Browser,UPI / Wallet,0,0
TXN-100688,CUST-1327,42,Savings,Transfer,Electronics,81.26,23323.78,23242.52,3,Singapore,ATM,UPI / Wallet,0,0
TXN-100689,CUST-1020,39,Savings,Transfer,Electronics,32.98,6685.87,6652.89,9,Singapore,POS Terminal,UPI / Wallet,0,0
TXN-100690,CUST-1096,30,Savings,Payment,Utilities,49.1,3832.37,3783.27,20,London,Web Browser,UPI / Wallet,0,0
TXN-100691,CUST-1302,36,Credit,Transfer,Travel,50.83,2340.19,2289.36,6,Berlin,ATM,UPI / Wallet,0,0
TXN-100692,CUST-1000,66,Checking,Transfer,Entertainment,126.87,14128.26,14001.39,4,Tokyo,ATM,UPI / Wallet,0,0
TXN-100693,CUST-1395,53,Savings,Transfer,Retail,84.5,2932.69,2848.19,16,Mumbai,Web Browser,Debit Card,0,0
TXN-100694,CUST-1202,29,Checking,Withdrawal,Travel,447.71,3555.52,3107.81,17,London,POS Terminal,Debit Card,1,0
TXN-100695,CUST-1431,58,Checking,Withdrawal,Utilities,25.26,7570.76,7545.5,10,Berlin,Mobile App,Credit Card,0,0
TXN-100696,CUST-1127,36,Savings,Transfer,Utilities,550.68,7113.16,6562.48,14,Berlin,Web Browser,Credit Card,0,0
TXN-100697,CUST-1349,29,Credit,Withdrawal,Travel,44.33,15145.56,15101.23,20,Toronto,Mobile App,Wire Transfer,0,0
TXN-100698,CUST-1131,26,Credit,Withdrawal,Groceries,227.34,20436.96,20209.62,21,New York,Mobile App,Wire Transfer,0,0
TXN-100699,CUST-1033,24,Checking,Withdrawal,Electronics,67.09,19057.61,18990.52,6,Mumbai,POS Terminal,Debit Card,0,0
TXN-100700,CUST-1086,45,Business,Transfer,Retail,28.16,6635.86,6607.7,17,London,POS Terminal,Debit Card,0,0
TXN-100701,CUST-1031,31,Checking,Payment,Retail,297.67,6208.23,5910.56,5,London,ATM,Wire Transfer,0,0
TXN-100702,CUST-1258,48,Business,Deposit,Retail,60.41,24148.21,24208.62,17,Tokyo,POS Terminal,Debit Card,1,0
TXN-100703,CUST-1475,69,Checking,Payment,Travel,166.32,305.08,138.76,15,Toronto,ATM,Wire Transfer,0,0
TXN-100704,CUST-1323,36,Checking,Transfer,Groceries,130.36,22005.04,21874.68,1,Toronto,Web Browser,Credit Card,0,0
TXN-100705,CUST-1312,64,Savings,Payment,Entertainment,100.73,5073.24,4972.51,18,New York,Mobile App,Debit Card,0,0
TXN-100706,CUST-1369,33,Credit,Payment,Utilities,107.72,23687.38,23579.66,0,Toronto,POS Terminal,Debit Card,0,0
TXN-100707,CUST-1459,70,Checking,Payment,Travel,202.65,8623.45,8420.8,10,New York,Web Browser,Wire Transfer,0,0
TXN-100708,CUST-1407,22,Savings,Transfer,Entertainment,18.78,11064.76,11045.98,19,Berlin,ATM,UPI / Wallet,0,0
TXN-100709,CUST-1032,52,Savings,Transfer,Utilities,170.47,17707.3,17536.83,4,Berlin,POS Terminal,UPI / Wallet,0,0
TXN-100710,CUST-1386,29,Checking,Withdrawal,Utilities,344.23,14732.96,14388.73,15,London,Mobile App,Credit Card,0,0
TXN-100711,CUST-1387,42,Checking,Withdrawal,Groceries,13.93,8016.69,8002.76,22,Tokyo,Web Browser,Debit Card,1,0
TXN-100712,CUST-1285,69,Checking,Transfer,Electronics,27.74,13890.39,13862.65,0,London,POS Terminal,Debit Card,0,0
TXN-100713,CUST-1325,38,Credit,Deposit,Retail,194.15,18294.6,18488.75,18,Toronto,POS Terminal,Wire Transfer,0,0
TXN-100714,CUST-1048,53,Savings,Transfer,Entertainment,91.25,1154.14,1062.89,13,Singapore,Web Browser,UPI / Wallet,0,0
TXN-100715,CUST-1285,70,Checking,Payment,Travel,82.51,378.86,296.35,2,Berlin,ATM,UPI / Wallet,0,0
TXN-100716,CUST-1455,40,Savings,Withdrawal,Entertainment,27.1,11505.87,11478.77,1,Singapore,ATM,Credit Card,0,0
TXN-100717,CUST-1081,33,Credit,Withdrawal,Electronics,111.02,3382.73,3271.71,23,Toronto,POS Terminal,UPI / Wallet,0,0
TXN-100718,CUST-1143,74,Credit,Deposit,Retail,25.29,16642.17,16667.46,4,Tokyo,ATM,UPI / Wallet,0,0
TXN-100719,CUST-1436,56,Checking,Transfer,Entertainment,102.12,5429.91,5327.79,16,London,ATM,UPI / Wallet,0,0
TXN-100720,CUST-1389,62,Checking,Withdrawal,Electronics,221.34,10877.99,10656.65,17,Berlin,Web Browser,Wire Transfer,0,0
TXN-100721,CUST-1279,70,Savings,Transfer,Travel,49.81,5022.01,4972.2,0,Tokyo,ATM,UPI / Wallet,0,0
TXN-100722,CUST-1370,59,Checking,Withdrawal,Groceries,103.32,13757.24,13653.92,14,London,ATM,Credit Card,0,0
TXN-100723,CUST-1091,56,Credit,Withdrawal,Utilities,729.55,2989.73,2260.18,21,London,Web Browser,UPI / Wallet,0,0
TXN-100724,CUST-1223,31,Checking,Payment,Travel,179.07,675.36,496.29,8,Singapore,POS Terminal,Credit Card,0,0
TXN-100725,CUST-1216,48,Savings,Transfer,Retail,281.16,1373.18,1092.02,22,Mumbai,POS Terminal,Wire Transfer,0,0
TXN-100726,CUST-1155,22,Checking,Withdrawal,Utilities,85.38,23861.04,23775.66,4,Toronto,Web Browser,Wire Transfer,0,0
TXN-100727,CUST-1276,52,Credit,Transfer,Travel,224.06,3642.93,3418.87,12,New York,Mobile App,Credit Card,1,0
TXN-100728,CUST-1007,40,Savings,Transfer,Travel,11.2,17741.11,17729.91,18,Berlin,Web Browser,Wire Transfer,0,0
TXN-100729,CUST-1035,46,Savings,Withdrawal,Travel,24.67,1791.36,1766.69,23,New York,Mobile App,Debit Card,0,0
TXN-100730,CUST-1123,60,Checking,Payment,Travel,39.05,2793.19,2754.14,9,Tokyo,ATM,Debit Card,1,0
TXN-100731,CUST-1008,28,Credit,Withdrawal,Utilities,82.11,12771.02,12688.91,19,New York,POS Terminal,Debit Card,0,0
TXN-100732,CUST-1039,35,Savings,Payment,Retail,285.37,11675.29,11389.92,20,Singapore,Mobile App,Debit Card,0,0
TXN-100733,CUST-1468,64,Savings,Transfer,Electronics,68.76,23794.35,23725.59,13,Mumbai,Mobile App,Debit Card,0,0
TXN-100734,CUST-1178,29,Savings,Withdrawal,Entertainment,164.47,23626.4,23461.93,21,Berlin,ATM,Wire Transfer,0,0
TXN-100735,CUST-1128,26,Savings,Payment,Groceries,190.33,19512.26,19321.93,20,Toronto,POS Terminal,Credit Card,1,0
TXN-100736,CUST-1446,27,Checking,Transfer,Entertainment,137.35,15092.34,14954.99,11,London,ATM,Wire Transfer,0,0
TXN-100737,CUST-1372,61,Checking,Withdrawal,Entertainment,71.3,11428.51,11357.21,10,London,POS Terminal,UPI / Wallet,0,0
TXN-100738,CUST-1067,34,Checking,Payment,Groceries,134.08,8968.85,8834.77,22,Toronto,POS Terminal,Debit Card,0,0
TXN-100739,CUST-1457,55,Checking,Payment,Utilities,67.84,23682.48,23614.64,6,Singapore,ATM,Debit Card,1,0
TXN-100740,CUST-1153,24,Savings,Payment,Retail,18.14,15112.43,15094.29,16,Berlin,Mobile App,Wire Transfer,0,0
TXN-100741,CUST-1423,63,Credit,Withdrawal,Groceries,745.13,14518.91,13773.78,17,New York,Web Browser,UPI / Wallet,0,0
TXN-100742,CUST-1002,30,Checking,Withdrawal,Retail,25.4,5874.34,5848.94,6,Toronto,POS Terminal,Wire Transfer,0,0
TXN-100743,CUST-1363,57,Business,Withdrawal,Utilities,16.26,1262.78,1246.52,23,London,POS Terminal,Credit Card,0,0
TXN-100744,CUST-1377,59,Checking,Transfer,Entertainment,321.21,23635.2,23313.99,19,New York,Web Browser,Debit Card,0,0
TXN-100745,CUST-1264,26,Savings,Withdrawal,Retail,58.89,7912.01,7853.12,5,Singapore,Web Browser,Wire Transfer,0,0
TXN-100746,CUST-1415,67,Checking,Payment,Utilities,162.6,11120.47,10957.87,10,London,ATM,Credit Card,0,0
TXN-100747,CUST-1450,44,Savings,Payment,Utilities,64.85,2954.53,2889.68,11,Tokyo,POS Terminal,Debit Card,0,0
TXN-100748,CUST-1003,19,Checking,Payment,Electronics,79.5,20939.42,20859.92,15,Mumbai,ATM,Debit Card,0,0
TXN-100749,CUST-1261,22,Savings,Withdrawal,Groceries,50.59,788.03,737.44,18,New York,Web Browser,Debit Card,0,0
TXN-100750,CUST-1328,46,Savings,Withdrawal,Electronics,68.02,20866.37,20798.35,22,Toronto,ATM,UPI / Wallet,0,0
TXN-100751,CUST-1281,54,Credit,Transfer,Entertainment,84.32,3593.1,3508.78,18,Berlin,POS Terminal,Wire Transfer,0,0
TXN-100752,CUST-1385,55,Savings,Payment,Groceries,196.17,22175.45,21979.28,10,New York,Mobile App,Debit Card,0,0
TXN-100753,CUST-1449,36,Credit,Withdrawal,Entertainment,112.47,18271.34,18158.87,15,New York,Mobile App,Debit Card,0,0
TXN-100754,CUST-1369,25,Savings,Transfer,Electronics,436.2,4200.29,3764.09,22,New York,POS Terminal,Credit Card,0,0
TXN-100755,CUST-1084,65,Checking,Deposit,Utilities,11.42,14188.87,14200.29,11,Toronto,ATM,Wire Transfer,0,0
TXN-100756,CUST-1341,62,Checking,Payment,Entertainment,109.9,7885.14,7775.24,7,Singapore,Web Browser,Credit Card,0,0
TXN-100757,CUST-1386,18,Checking,Payment,Groceries,136.64,4538.0,4401.36,2,Singapore,Web Browser,Wire Transfer,0,0
TXN-100758,CUST-1034,39,Savings,Transfer,Groceries,384.23,21493.64,21109.41,1,Berlin,Mobile App,Debit Card,0,0
TXN-100759,CUST-1113,69,Savings,Transfer,Entertainment,12.56,10147.72,10135.16,5,Singapore,ATM,UPI / Wallet,0,0
TXN-100760,CUST-1058,34,Savings,Deposit,Groceries,132.82,10023.74,10156.56,15,Toronto,Web Browser,Credit Card,0,0
TXN-100761,CUST-1037,24,Savings,Transfer,Utilities,293.24,4330.18,4036.94,19,Berlin,Web Browser,UPI / Wallet,0,0
TXN-100762,CUST-1032,42,Checking,Withdrawal,Utilities,46.55,9638.34,9591.79,23,Berlin,POS Terminal,UPI / Wallet,1,0
TXN-100763,CUST-1376,62,Credit,Payment,Groceries,318.48,21803.26,21484.78,14,Singapore,ATM,UPI / Wallet,0,0
TXN-100764,CUST-1398,21,Credit,Transfer,Entertainment,7.88,9141.9,9134.02,13,London,ATM,Wire Transfer,0,0
TXN-100765,CUST-1202,53,Credit,Transfer,Electronics,202.77,23794.93,23592.16,1,Singapore,Web Browser,Wire Transfer,1,0
TXN-100766,CUST-1201,23,Credit,Payment,Groceries,410.71,23663.09,23252.38,19,London,ATM,UPI / Wallet,0,0
TXN-100767,CUST-1099,48,Checking,Deposit,Groceries,165.59,3707.98,3873.57,17,Tokyo,ATM,Debit Card,0,0
TXN-100768,CUST-1397,36,Savings,Payment,Groceries,91.71,4515.05,4423.34,13,Singapore,ATM,Debit Card,0,0
TXN-100769,CUST-1449,61,Credit,Payment,Groceries,11.89,21580.58,21568.69,17,Tokyo,POS Terminal,UPI / Wallet,0,0
TXN-100770,CUST-1300,71,Checking,Transfer,Entertainment,384.07,9879.75,9495.68,1,Singapore,Web Browser,Credit Card,0,0
TXN-100771,CUST-1303,56,Checking,Payment,Electronics,100.32,208.91,108.59,0,Tokyo,Mobile App,Credit Card,0,0
TXN-100772,CUST-1427,44,Savings,Payment,Electronics,9.41,6919.41,6910.0,19,Mumbai,ATM,Wire Transfer,0,0
TXN-100773,CUST-1117,27,Checking,Withdrawal,Retail,180.59,14980.96,14800.37,1,Tokyo,Web Browser,Credit Card,0,0
TXN-100774,CUST-1420,43,Checking,Payment,Groceries,103.62,20001.72,19898.1,8,London,Mobile App,Debit Card,0,0
TXN-100775,CUST-1242,36,Credit,Payment,Groceries,24.92,3421.38,3396.46,8,New York,POS Terminal,UPI / Wallet,1,0
TXN-100776,CUST-1028,56,Checking,Transfer,Retail,41.17,2852.48,2811.31,15,Berlin,Web Browser,Credit Card,0,0
TXN-100777,CUST-1226,20,Savings,Deposit,Electronics,15.0,23060.11,23075.11,10,Tokyo,POS Terminal,UPI / Wallet,0,1
TXN-100778,CUST-1339,62,Business,Transfer,Travel,133.1,18803.59,18670.49,22,New York,Web Browser,Credit Card,0,0
TXN-100779,CUST-1212,30,Savings,Transfer,Utilities,150.94,14785.51,14634.57,5,Toronto,POS Terminal,Wire Transfer,0,0
TXN-100780,CUST-1417,67,Checking,Payment,Travel,110.7,19252.75,19142.05,11,Mumbai,Web Browser,Debit Card,0,0
TXN-100781,CUST-1186,45,Savings,Payment,Electronics,259.82,10778.47,10518.65,2,Mumbai,POS Terminal,Wire Transfer,0,0
TXN-100782,CUST-1112,37,Checking,Payment,Groceries,301.0,18985.55,18684.55,11,Toronto,Mobile App,UPI / Wallet,0,0
TXN-100783,CUST-1372,45,Credit,Payment,Travel,148.42,9357.89,9209.47,22,Toronto,Web Browser,Debit Card,0,0
TXN-100784,CUST-1298,25,Savings,Withdrawal,Entertainment,6.93,6177.95,6171.02,0,Toronto,Mobile App,Debit Card,1,0
TXN-100785,CUST-1160,58,Credit,Transfer,Entertainment,183.23,18252.43,18069.2,8,London,ATM,Wire Transfer,0,0
TXN-100786,CUST-1018,56,Savings,Withdrawal,Retail,86.19,10549.84,10463.65,19,Toronto,Mobile App,Credit Card,0,0
TXN-100787,CUST-1263,18,Credit,Payment,Electronics,130.05,24536.29,24406.24,21,London,Web Browser,Wire Transfer,0,0
TXN-100788,CUST-1158,20,Credit,Payment,Electronics,162.08,8802.18,8640.1,5,Tokyo,Mobile App,UPI / Wallet,0,0
TXN-100789,CUST-1010,30,Credit,Payment,Travel,69.67,23051.01,22981.34,10,Singapore,Web Browser,Credit Card,0,0
TXN-100790,CUST-1007,45,Savings,Transfer,Groceries,378.52,23330.77,22952.25,2,Toronto,POS Terminal,Wire Transfer,0,1
TXN-100791,CUST-1152,74,Business,Withdrawal,Electronics,26.58,6122.14,6095.56,3,Toronto,ATM,Wire Transfer,1,0
TXN-100792,CUST-1112,66,Checking,Payment,Travel,171.99,19975.71,19803.72,9,Mumbai,Mobile App,Credit Card,0,0
TXN-100793,CUST-1147,42,Savings,Transfer,Travel,5.66,10883.56,10877.9,18,New York,ATM,Credit Card,0,0
TXN-100794,CUST-1037,73,Credit,Payment,Utilities,392.84,22946.37,22553.53,5,Singapore,Mobile App,Credit Card,0,0
TXN-100795,CUST-1134,50,Savings,Deposit,Utilities,22.9,11308.09,11330.99,0,Mumbai,Web Browser,Wire Transfer,0,0
TXN-100796,CUST-1372,55,Credit,Payment,Electronics,19.95,18633.16,18613.21,7,Tokyo,Mobile App,Credit Card,0,0
TXN-100797,CUST-1460,70,Savings,Deposit,Travel,65.75,11727.49,11793.24,7,Toronto,ATM,Credit Card,0,0
TXN-100798,CUST-1422,23,Checking,Transfer,Retail,75.16,5772.24,5697.08,5,Mumbai,Mobile App,Credit Card,0,0
TXN-100799,CUST-1234,61,Checking,Transfer,Retail,41.18,5063.82,5022.64,16,London,ATM,Debit Card,0,0
TXN-100800,CUST-1254,62,Savings,Transfer,Utilities,136.97,10693.24,10556.27,18,New York,ATM,UPI / Wallet,0,0
TXN-100801,CUST-1073,49,Savings,Payment,Electronics,92.76,18911.82,18819.06,0,New York,Web Browser,Credit Card,0,0
TXN-100802,CUST-1327,62,Savings,Transfer,Groceries,10.22,15166.28,15156.06,14,London,POS Terminal,UPI / Wallet,0,0
TXN-100803,CUST-1361,64,Checking,Transfer,Retail,62.77,17246.87,17184.1,12,Toronto,POS Terminal,Credit Card,0,0
TXN-100804,CUST-1373,38,Savings,Deposit,Retail,254.45,7129.93,7384.38,20,Toronto,Mobile App,Credit Card,0,0
TXN-100805,CUST-1490,33,Checking,Withdrawal,Utilities,180.53,12087.74,11907.21,2,Singapore,ATM,Debit Card,0,0
TXN-100806,CUST-1275,71,Savings,Withdrawal,Utilities,198.58,1205.44,1006.86,1,London,Web Browser,Debit Card,0,0
TXN-100807,CUST-1208,38,Savings,Transfer,Electronics,184.66,20456.56,20271.9,2,Toronto,POS Terminal,Credit Card,0,0
TXN-100808,CUST-1266,28,Checking,Transfer,Utilities,60.87,24748.31,24687.44,8,New York,Web Browser,Credit Card,0,0
TXN-100809,CUST-1143,54,Savings,Transfer,Entertainment,20.75,10231.29,10210.54,15,Toronto,Web Browser,Credit Card,0,0
TXN-100810,CUST-1484,53,Credit,Withdrawal,Travel,52.71,372.99,320.28,23,Tokyo,ATM,UPI / Wallet,0,0
TXN-100811,CUST-1041,52,Credit,Deposit,Retail,272.38,4327.84,4600.22,12,Toronto,Mobile App,Credit Card,1,0
TXN-100812,CUST-1223,36,Checking,Payment,Entertainment,595.38,16347.92,15752.54,18,Singapore,ATM,UPI / Wallet,0,0
TXN-100813,CUST-1345,37,Checking,Transfer,Groceries,107.14,15340.78,15233.64,17,Berlin,POS Terminal,Debit Card,0,0
TXN-100814,CUST-1051,74,Credit,Payment,Entertainment,6.46,19717.83,19711.37,20,Mumbai,POS Terminal,UPI / Wallet,0,0
TXN-100815,CUST-1420,35,Savings,Transfer,Electronics,27.63,6421.71,6394.08,11,Berlin,Web Browser,Credit Card,0,0
TXN-100816,CUST-1307,64,Savings,Payment,Groceries,63.31,19114.43,19051.12,11,Tokyo,ATM,Debit Card,1,0
TXN-100817,CUST-1136,58,Savings,Payment,Groceries,134.62,17230.8,17096.18,0,Berlin,ATM,Wire Transfer,0,0
TXN-100818,CUST-1418,66,Credit,Withdrawal,Utilities,16.71,8138.08,8121.37,19,Toronto,Web Browser,Debit Card,0,0
TXN-100819,CUST-1194,31,Savings,Transfer,Entertainment,435.65,13682.65,13247.0,7,Singapore,Mobile App,Wire Transfer,0,0
TXN-100820,CUST-1094,32,Checking,Transfer,Electronics,73.14,3767.12,3693.98,16,New York,Web Browser,UPI / Wallet,0,0
TXN-100821,CUST-1489,48,Business,Deposit,Retail,370.56,11368.86,11739.42,20,New York,Web Browser,Debit Card,0,0
TXN-100822,CUST-1390,18,Credit,Transfer,Utilities,232.48,22041.81,21809.33,19,Tokyo,POS Terminal,Debit Card,0,0
TXN-100823,CUST-1257,70,Checking,Transfer,Entertainment,216.24,10587.67,10371.43,21,Berlin,ATM,Debit Card,0,0
TXN-100824,CUST-1024,71,Savings,Transfer,Retail,144.98,21005.21,20860.23,6,Singapore,POS Terminal,UPI / Wallet,0,0
TXN-100825,CUST-1231,71,Credit,Transfer,Entertainment,152.84,14797.31,14644.47,8,Mumbai,Web Browser,Credit Card,0,0
TXN-100826,CUST-1331,20,Checking,Payment,Utilities,157.42,4877.73,4720.31,16,Toronto,ATM,UPI / Wallet,0,0
TXN-100827,CUST-1093,33,Savings,Withdrawal,Retail,153.62,14569.55,14415.93,9,Berlin,Web Browser,Debit Card,0,0
TXN-100828,CUST-1349,40,Savings,Transfer,Utilities,126.02,12698.98,12572.96,3,Berlin,Web Browser,Credit Card,1,0
TXN-100829,CUST-1220,74,Credit,Payment,Entertainment,649.81,10026.17,9376.36,21,Mumbai,Mobile App,Debit Card,0,0
TXN-100830,CUST-1296,28,Checking,Payment,Groceries,202.68,3078.8,2876.12,6,London,POS Terminal,Debit Card,0,0
TXN-100831,CUST-1202,29,Credit,Payment,Travel,230.05,10476.05,10246.0,6,Toronto,POS Terminal,Wire Transfer,1,0
TXN-100832,CUST-1498,27,Credit,Withdrawal,Groceries,313.9,1911.78,1597.88,7,Tokyo,Web Browser,Debit Card,0,0
TXN-100833,CUST-1435,49,Checking,Withdrawal,Utilities,41.43,2559.35,2517.92,23,Toronto,Mobile App,UPI / Wallet,0,0
TXN-100834,CUST-1342,33,Checking,Transfer,Utilities,18.13,10456.32,10438.19,23,Singapore,Web Browser,UPI / Wallet,0,0
TXN-100835,CUST-1080,25,Checking,Withdrawal,Utilities,103.93,7704.0,7600.07,7,Tokyo,Web Browser,UPI / Wallet,1,0
TXN-100836,CUST-1204,55,Savings,Payment,Retail,113.26,23146.05,23032.79,15,Mumbai,Web Browser,Credit Card,1,0
TXN-100837,CUST-1480,29,Checking,Deposit,Electronics,270.07,9455.07,9725.14,11,Singapore,Mobile App,Wire Transfer,0,0
TXN-100838,CUST-1448,41,Credit,Payment,Utilities,92.99,18970.67,18877.68,14,New York,ATM,Wire Transfer,0,0
TXN-100839,CUST-1379,45,Checking,Deposit,Groceries,131.89,13303.16,13435.05,7,New York,Mobile App,Debit Card,0,0
TXN-100840,CUST-1487,70,Credit,Withdrawal,Travel,117.32,17631.73,17514.41,21,Toronto,Web Browser,Debit Card,0,0
TXN-100841,CUST-1076,25,Checking,Transfer,Utilities,10.84,6576.89,6566.05,8,Singapore,ATM,Wire Transfer,1,0
TXN-100842,CUST-1037,45,Checking,Payment,Utilities,148.26,23553.43,23405.17,2,Tokyo,Web Browser,Credit Card,1,0
TXN-100843,CUST-1194,53,Checking,Deposit,Utilities,269.08,13299.2,13568.28,21,Tokyo,Mobile App,UPI / Wallet,0,0
TXN-100844,CUST-1463,43,Checking,Withdrawal,Retail,30.71,20799.97,20769.26,20,New York,Mobile App,Debit Card,0,0
TXN-100845,CUST-1041,25,Checking,Transfer,Utilities,140.33,9189.64,9049.31,15,New York,ATM,Wire Transfer,0,0
TXN-100846,CUST-1454,67,Savings,Withdrawal,Groceries,140.07,2595.26,2455.19,14,Mumbai,Mobile App,Credit Card,0,1
TXN-100847,CUST-1181,45,Checking,Transfer,Entertainment,31.9,16875.42,16843.52,23,Singapore,Web Browser,UPI / Wallet,0,0
TXN-100848,CUST-1244,45,Savings,Transfer,Electronics,24.77,293.22,268.45,3,Tokyo,ATM,Debit Card,0,0
TXN-100849,CUST-1194,54,Savings,Payment,Utilities,592.19,11934.8,11342.61,19,Mumbai,POS Terminal,UPI / Wallet,0,0
TXN-100850,CUST-1077,58,Checking,Transfer,Retail,80.06,4900.77,4820.71,15,Tokyo,Web Browser,UPI / Wallet,0,0
TXN-100851,CUST-1319,53,Checking,Withdrawal,Groceries,43.7,15721.65,15677.95,9,New York,POS Terminal,Wire Transfer,0,0
TXN-100852,CUST-1463,44,Business,Transfer,Utilities,33.19,24487.55,24454.36,10,Singapore,ATM,Wire Transfer,1,0
TXN-100853,CUST-1387,71,Checking,Withdrawal,Retail,170.21,11663.63,11493.42,4,London,ATM,UPI / Wallet,1,0
TXN-100854,CUST-1414,34,Checking,Transfer,Entertainment,146.03,20455.71,20309.68,10,Singapore,Web Browser,UPI / Wallet,0,0
TXN-100855,CUST-1124,26,Checking,Transfer,Travel,159.74,12743.83,12584.09,12,Berlin,Mobile App,Debit Card,0,0
TXN-100856,CUST-1140,50,Checking,Transfer,Utilities,18.82,12446.42,12427.6,14,London,Web Browser,Credit Card,0,0
TXN-100857,CUST-1026,70,Savings,Transfer,Groceries,340.99,23267.54,22926.55,5,Toronto,Mobile App,Credit Card,1,0
TXN-100858,CUST-1314,37,Savings,Transfer,Retail,78.96,22260.15,22181.19,15,Toronto,Mobile App,UPI / Wallet,0,0
TXN-100859,CUST-1320,30,Savings,Transfer,Retail,61.39,19666.43,19605.04,14,Mumbai,Web Browser,Wire Transfer,0,0
TXN-100860,CUST-1447,45,Checking,Payment,Utilities,98.09,7476.77,7378.68,10,London,ATM,Credit Card,0,0
TXN-100861,CUST-1280,65,Savings,Transfer,Retail,79.16,13670.71,13591.55,19,London,Web Browser,UPI / Wallet,0,0
TXN-100862,CUST-1292,46,Savings,Payment,Travel,303.8,5675.04,5371.24,1,Mumbai,POS Terminal,Wire Transfer,0,0
TXN-100863,CUST-1241,30,Savings,Payment,Retail,402.31,11153.53,10751.22,1,Singapore,ATM,Debit Card,0,0
TXN-100864,CUST-1235,63,Business,Withdrawal,Electronics,59.24,12156.91,12097.67,11,Mumbai,Mobile App,Credit Card,0,0
TXN-100865,CUST-1202,52,Savings,Deposit,Electronics,304.19,20807.84,21112.03,15,Berlin,ATM,Debit Card,1,0
TXN-100866,CUST-1456,23,Checking,Payment,Retail,233.16,22411.11,22177.95,18,New York,Web Browser,Wire Transfer,0,0
TXN-100867,CUST-1379,35,Savings,Transfer,Utilities,405.63,10424.04,10018.41,1,Toronto,ATM,UPI / Wallet,0,0
TXN-100868,CUST-1326,68,Checking,Transfer,Electronics,47.3,540.84,493.54,16,New York,Mobile App,Debit Card,0,0
TXN-100869,CUST-1141,22,Savings,Deposit,Groceries,134.04,21558.17,21692.21,13,Toronto,Mobile App,UPI / Wallet,0,0
TXN-100870,CUST-1093,64,Savings,Transfer,Electronics,53.14,4439.54,4386.4,23,London,ATM,Credit Card,0,0
TXN-100871,CUST-1151,42,Checking,Transfer,Retail,265.67,15584.86,15319.19,15,Mumbai,POS Terminal,Debit Card,0,0
TXN-100872,CUST-1252,19,Savings,Transfer,Utilities,5.8,721.78,715.98,4,Mumbai,Mobile App,Credit Card,0,0
TXN-100873,CUST-1066,27,Savings,Transfer,Entertainment,129.8,10047.71,9917.91,9,Mumbai,POS Terminal,Credit Card,1,0
TXN-100874,CUST-1175,73,Savings,Transfer,Utilities,67.15,24650.41,24583.26,16,Berlin,Mobile App,Credit Card,0,0
TXN-100875,CUST-1102,47,Savings,Withdrawal,Utilities,63.44,2607.27,2543.83,12,Berlin,ATM,Credit Card,0,0
TXN-100876,CUST-1090,67,Savings,Transfer,Utilities,160.31,10649.96,10489.65,15,Singapore,Mobile App,Credit Card,0,0
TXN-100877,CUST-1192,62,Savings,Payment,Groceries,291.06,7748.03,7456.97,8,Tokyo,POS Terminal,Wire Transfer,0,0
TXN-100878,CUST-1165,22,Credit,Transfer,Travel,145.93,22636.69,22490.76,23,Toronto,POS Terminal,Debit Card,0,0
TXN-100879,CUST-1089,72,Checking,Transfer,Retail,292.78,21746.57,21453.79,3,Tokyo,ATM,UPI / Wallet,0,0
TXN-100880,CUST-1325,73,Checking,Deposit,Travel,51.1,6018.7,6069.8,23,Tokyo,POS Terminal,UPI / Wallet,0,0
TXN-100881,CUST-1314,50,Savings,Transfer,Entertainment,114.94,2121.58,2006.64,15,Toronto,POS Terminal,Wire Transfer,0,0
TXN-100882,CUST-1489,71,Credit,Withdrawal,Travel,94.82,15715.75,15620.93,22,Singapore,ATM,UPI / Wallet,0,0
TXN-100883,CUST-1267,18,Savings,Payment,Retail,6.76,8475.58,8468.82,10,Mumbai,Mobile App,UPI / Wallet,0,0
TXN-100884,CUST-1437,35,Savings,Transfer,Retail,127.06,16834.9,16707.84,6,Tokyo,ATM,UPI / Wallet,0,0
TXN-100885,CUST-1050,49,Checking,Deposit,Entertainment,167.5,899.78,1067.28,16,Mumbai,Mobile App,Debit Card,1,0
TXN-100886,CUST-1165,64,Savings,Transfer,Retail,139.44,3421.64,3282.2,21,London,Mobile App,UPI / Wallet,0,0
TXN-100887,CUST-1173,66,Savings,Withdrawal,Entertainment,204.93,17190.67,16985.74,12,Tokyo,Mobile App,Debit Card,0,0
TXN-100888,CUST-1226,28,Checking,Transfer,Entertainment,132.06,5388.03,5255.97,3,London,Web Browser,UPI / Wallet,0,0
TXN-100889,CUST-1265,38,Credit,Withdrawal,Retail,15.36,21453.93,21438.57,13,Singapore,Mobile App,UPI / Wallet,1,0
TXN-100890,CUST-1008,43,Checking,Transfer,Electronics,23.57,1558.91,1535.34,9,New York,ATM,Debit Card,0,0
TXN-100891,CUST-1086,42,Checking,Payment,Entertainment,141.13,5465.5,5324.37,9,Berlin,ATM,Wire Transfer,0,0
TXN-100892,CUST-1093,39,Business,Withdrawal,Retail,53.23,24964.15,24910.92,9,Toronto,ATM,UPI / Wallet,0,0
TXN-100893,CUST-1051,44,Savings,Deposit,Electronics,17.45,10883.59,10901.04,11,Singapore,Web Browser,Credit Card,1,0
TXN-100894,CUST-1178,66,Savings,Deposit,Entertainment,89.21,17603.85,17693.06,1,Singapore,POS Terminal,Credit Card,0,0
TXN-100895,CUST-1277,30,Savings,Withdrawal,Electronics,126.22,4648.31,4522.09,22,Singapore,Web Browser,Wire Transfer,0,0
TXN-100896,CUST-1238,50,Checking,Withdrawal,Groceries,64.79,15285.73,15220.94,8,Tokyo,ATM,Credit Card,0,0
TXN-100897,CUST-1072,51,Checking,Transfer,Utilities,196.18,18180.04,17983.86,4,London,ATM,Debit Card,0,0
TXN-100898,CUST-1338,58,Credit,Transfer,Groceries,159.83,7930.47,7770.64,7,Berlin,POS Terminal,UPI / Wallet,0,0
TXN-100899,CUST-1071,52,Checking,Transfer,Electronics,65.7,20739.54,20673.84,20,Tokyo,Web Browser,UPI / Wallet,1,0
TXN-100900,CUST-1373,18,Checking,Payment,Entertainment,215.9,15125.1,14909.2,13,New York,ATM,UPI / Wallet,0,0
TXN-100901,CUST-1067,38,Savings,Payment,Retail,161.92,9789.16,9627.24,6,Toronto,Mobile App,UPI / Wallet,0,0
TXN-100902,CUST-1004,65,Credit,Payment,Travel,157.19,13985.3,13828.11,6,Toronto,Mobile App,Credit Card,0,0
TXN-100903,CUST-1338,72,Business,Transfer,Retail,125.92,14461.35,14335.43,8,Berlin,ATM,Credit Card,0,0
TXN-100904,CUST-1237,23,Credit,Payment,Travel,6.72,4221.83,4215.11,2,Toronto,Mobile App,Credit Card,0,0
TXN-100905,CUST-1465,45,Savings,Transfer,Travel,183.86,10128.04,9944.18,13,Toronto,POS Terminal,Debit Card,0,0
TXN-100906,CUST-1120,34,Checking,Transfer,Entertainment,75.75,8651.42,8575.67,16,Singapore,ATM,Credit Card,0,0
TXN-100907,CUST-1412,22,Savings,Payment,Electronics,433.68,10082.48,9648.8,17,Mumbai,Web Browser,Credit Card,0,0
TXN-100908,CUST-1210,48,Savings,Withdrawal,Retail,260.55,19051.65,18791.1,11,New York,ATM,UPI / Wallet,0,0
TXN-100909,CUST-1261,22,Savings,Withdrawal,Electronics,137.9,12115.21,11977.31,21,London,POS Terminal,Credit Card,0,0
TXN-100910,CUST-1324,55,Checking,Payment,Groceries,48.59,23513.87,23465.28,13,New York,Web Browser,Wire Transfer,1,0
TXN-100911,CUST-1057,20,Checking,Transfer,Entertainment,39.17,7412.54,7373.37,12,Tokyo,POS Terminal,Wire Transfer,0,0
TXN-100912,CUST-1042,70,Savings,Payment,Entertainment,67.41,10451.02,10383.61,13,Toronto,Mobile App,UPI / Wallet,0,0
TXN-100913,CUST-1196,40,Savings,Transfer,Groceries,102.1,19695.22,19593.12,8,Mumbai,Mobile App,Credit Card,0,0
TXN-100914,CUST-1071,54,Checking,Payment,Retail,57.66,13696.01,13638.35,18,Tokyo,Mobile App,Wire Transfer,0,0
TXN-100915,CUST-1090,70,Savings,Payment,Utilities,113.52,13721.0,13607.48,1,Berlin,POS Terminal,Wire Transfer,0,0
TXN-100916,CUST-1036,54,Savings,Transfer,Groceries,32.12,1428.17,1396.05,10,Singapore,POS Terminal,Debit Card,1,0
TXN-100917,CUST-1490,27,Checking,Transfer,Retail,575.56,10025.13,9449.57,16,Toronto,ATM,UPI / Wallet,0,0
TXN-100918,CUST-1313,27,Credit,Deposit,Travel,22.13,6841.27,6863.4,1,Singapore,Web Browser,Wire Transfer,0,1
TXN-100919,CUST-1236,36,Savings,Deposit,Entertainment,408.11,24983.44,25391.55,18,New York,Web Browser,Wire Transfer,0,0
TXN-100920,CUST-1485,34,Savings,Payment,Retail,372.28,7778.04,7405.76,6,Singapore,POS Terminal,UPI / Wallet,0,0
TXN-100921,CUST-1382,38,Savings,Transfer,Electronics,116.78,22123.96,22007.18,17,Singapore,POS Terminal,Credit Card,0,0
TXN-100922,CUST-1292,31,Credit,Transfer,Electronics,198.6,16938.22,16739.62,12,Berlin,Mobile App,UPI / Wallet,0,0
TXN-100923,CUST-1465,26,Checking,Payment,Entertainment,90.92,8588.82,8497.9,4,London,POS Terminal,Debit Card,0,0
TXN-100924,CUST-1153,63,Checking,Deposit,Groceries,154.15,13634.01,13788.16,17,London,Mobile App,Debit Card,0,0
TXN-100925,CUST-1169,18,Savings,Transfer,Utilities,67.46,21029.34,20961.88,22,Tokyo,POS Terminal,Debit Card,0,0
TXN-100926,CUST-1271,68,Checking,Withdrawal,Groceries,58.75,22095.87,22037.12,23,Toronto,Web Browser,Wire Transfer,0,0
TXN-100927,CUST-1405,62,Savings,Transfer,Retail,134.49,4093.81,3959.32,23,Tokyo,ATM,Credit Card,0,0
TXN-100928,CUST-1109,30,Checking,Deposit,Groceries,108.41,8555.37,8663.78,15,London,POS Terminal,Debit Card,0,0
TXN-100929,CUST-1150,21,Credit,Payment,Entertainment,134.96,8447.06,8312.1,14,New York,Mobile App,UPI / Wallet,0,0
TXN-100930,CUST-1430,18,Checking,Withdrawal,Retail,55.67,1146.92,1091.25,7,London,ATM,Debit Card,0,0
TXN-100931,CUST-1450,66,Credit,Transfer,Travel,73.58,14996.12,14922.54,14,Tokyo,Mobile App,Wire Transfer,0,0
TXN-100932,CUST-1130,57,Checking,Payment,Groceries,18.14,21385.02,21366.88,0,Mumbai,Mobile App,Debit Card,1,0
TXN-100933,CUST-1267,49,Savings,Transfer,Groceries,13.05,9601.2,9588.15,16,Toronto,ATM,Credit Card,0,0
TXN-100934,CUST-1022,51,Credit,Transfer,Utilities,48.85,18526.9,18478.05,14,Singapore,ATM,Debit Card,0,0
TXN-100935,CUST-1366,45,Savings,Deposit,Retail,16.57,15729.74,15746.31,13,Berlin,ATM,Credit Card,0,0
TXN-100936,CUST-1138,48,Checking,Deposit,Electronics,21.43,9453.65,9475.08,13,Mumbai,POS Terminal,Credit Card,0,0
TXN-100937,CUST-1489,25,Savings,Withdrawal,Groceries,256.44,3612.39,3355.95,9,Mumbai,ATM,UPI / Wallet,0,0
TXN-100938,CUST-1307,56,Savings,Payment,Entertainment,10.95,17762.16,17751.21,1,Singapore,POS Terminal,Credit Card,0,0
TXN-100939,CUST-1238,43,Checking,Withdrawal,Groceries,166.36,21378.67,21212.31,5,London,Web Browser,Wire Transfer,0,0
TXN-100940,CUST-1433,51,Savings,Transfer,Utilities,52.73,17177.78,17125.05,16,Toronto,Web Browser,Wire Transfer,0,0
TXN-100941,CUST-1440,71,Checking,Transfer,Travel,312.83,545.17,232.34,4,New York,Mobile App,Credit Card,1,0
TXN-100942,CUST-1191,71,Checking,Transfer,Utilities,104.54,5484.2,5379.66,4,Mumbai,Mobile App,Credit Card,0,0
TXN-100943,CUST-1126,20,Savings,Payment,Groceries,59.7,1830.05,1770.35,14,New York,POS Terminal,Debit Card,0,0
TXN-100944,CUST-1429,67,Savings,Payment,Electronics,114.36,14302.61,14188.25,14,Berlin,Mobile App,Debit Card,0,0
TXN-100945,CUST-1028,29,Checking,Transfer,Groceries,77.18,18936.29,18859.11,19,Berlin,Web Browser,UPI / Wallet,0,0
TXN-100946,CUST-1120,18,Savings,Payment,Retail,129.62,2853.42,2723.8,10,Berlin,POS Terminal,Debit Card,0,0
TXN-100947,CUST-1197,71,Checking,Withdrawal,Groceries,23.25,20974.61,20951.36,4,Tokyo,POS Terminal,Wire Transfer,0,0
TXN-100948,CUST-1173,61,Checking,Payment,Electronics,875.9,13932.17,13056.27,0,Mumbai,ATM,Debit Card,0,1
TXN-100949,CUST-1143,22,Credit,Transfer,Retail,88.15,17280.23,17192.08,10,Berlin,POS Terminal,UPI / Wallet,1,0
TXN-100950,CUST-1481,47,Checking,Transfer,Entertainment,69.21,24287.91,24218.7,10,Tokyo,Mobile App,UPI / Wallet,0,0
TXN-100951,CUST-1178,47,Checking,Transfer,Retail,190.79,2183.66,1992.87,5,Berlin,Web Browser,Credit Card,1,0
TXN-100952,CUST-1356,74,Checking,Transfer,Utilities,72.86,22540.48,22467.62,22,London,Mobile App,UPI / Wallet,0,0
TXN-100953,CUST-1010,34,Savings,Payment,Travel,273.71,3239.96,2966.25,7,Mumbai,Web Browser,Credit Card,0,0
TXN-100954,CUST-1138,65,Savings,Payment,Utilities,95.84,9884.67,9788.83,1,Tokyo,ATM,Wire Transfer,0,0
TXN-100955,CUST-1446,64,Credit,Payment,Retail,195.71,21300.82,21105.11,14,Berlin,Web Browser,Wire Transfer,0,0
TXN-100956,CUST-1436,40,Checking,Payment,Entertainment,22.05,22665.73,22643.68,22,Toronto,ATM,Debit Card,0,0
TXN-100957,CUST-1252,32,Credit,Withdrawal,Groceries,285.74,12708.65,12422.91,21,Tokyo,Mobile App,UPI / Wallet,0,0
TXN-100958,CUST-1344,54,Credit,Transfer,Retail,204.61,14893.21,14688.6,8,Berlin,ATM,Wire Transfer,0,0
TXN-100959,CUST-1313,38,Credit,Payment,Utilities,40.68,17732.87,17692.19,14,London,POS Terminal,Credit Card,0,0
TXN-100960,CUST-1018,31,Credit,Withdrawal,Retail,28.55,20835.69,20807.14,7,New York,POS Terminal,UPI / Wallet,0,0
TXN-100961,CUST-1159,19,Checking,Transfer,Retail,62.03,3125.63,3063.6,15,Berlin,Web Browser,UPI / Wallet,0,0
TXN-100962,CUST-1305,28,Savings,Transfer,Retail,564.9,20270.73,19705.83,13,New York,Mobile App,Credit Card,0,0
TXN-100963,CUST-1121,68,Checking,Withdrawal,Entertainment,49.52,12083.78,12034.26,14,Mumbai,Mobile App,UPI / Wallet,0,0
TXN-100964,CUST-1071,56,Savings,Transfer,Electronics,96.36,11320.52,11224.16,19,London,Web Browser,UPI / Wallet,0,0
TXN-100965,CUST-1054,55,Checking,Payment,Electronics,9.57,10655.1,10645.53,12,Toronto,POS Terminal,Wire Transfer,0,0
TXN-100966,CUST-1459,51,Checking,Transfer,Retail,80.93,12779.37,12698.44,8,Mumbai,ATM,Credit Card,0,1
TXN-100967,CUST-1168,55,Checking,Payment,Entertainment,132.06,23631.76,23499.7,0,Toronto,Web Browser,Wire Transfer,0,0
TXN-100968,CUST-1098,67,Savings,Transfer,Entertainment,464.04,13750.27,13286.23,5,New York,ATM,Credit Card,0,0
TXN-100969,CUST-1069,51,Savings,Transfer,Retail,114.08,23834.12,23720.04,7,London,ATM,Debit Card,0,0
TXN-100970,CUST-1148,35,Checking,Payment,Utilities,261.48,4589.22,4327.74,19,Singapore,Mobile App,UPI / Wallet,0,0
TXN-100971,CUST-1116,47,Savings,Transfer,Utilities,123.82,18130.99,18007.17,17,London,POS Terminal,UPI / Wallet,0,0
TXN-100972,CUST-1025,32,Credit,Payment,Travel,11.25,20324.76,20313.51,17,London,ATM,Wire Transfer,0,0
TXN-100973,CUST-1247,44,Savings,Transfer,Retail,61.75,17010.31,16948.56,16,Toronto,POS Terminal,UPI / Wallet,0,0
TXN-100974,CUST-1384,68,Savings,Transfer,Travel,133.54,15212.36,15078.82,20,Singapore,Mobile App,UPI / Wallet,0,0
TXN-100975,CUST-1208,51,Savings,Transfer,Utilities,456.15,14163.84,13707.69,15,Tokyo,Web Browser,Wire Transfer,0,0
TXN-100976,CUST-1226,69,Checking,Transfer,Utilities,298.99,21537.17,21238.18,12,Tokyo,Web Browser,Wire Transfer,0,0
TXN-100977,CUST-1410,74,Checking,Deposit,Retail,43.88,20559.0,20602.88,21,Tokyo,Mobile App,Credit Card,1,0
TXN-100978,CUST-1433,55,Savings,Transfer,Travel,42.29,3144.99,3102.7,3,New York,Mobile App,Debit Card,0,0
TXN-100979,CUST-1113,50,Savings,Payment,Travel,38.69,21229.83,21191.14,3,London,ATM,Wire Transfer,0,0
TXN-100980,CUST-1193,41,Checking,Transfer,Retail,388.62,10410.31,10021.69,20,Berlin,Mobile App,Credit Card,0,0
TXN-100981,CUST-1483,32,Savings,Transfer,Travel,292.26,6417.05,6124.79,13,Singapore,Web Browser,Wire Transfer,0,0
TXN-100982,CUST-1320,47,Checking,Deposit,Groceries,228.67,21757.24,21985.91,4,Berlin,POS Terminal,Credit Card,0,0
TXN-100983,CUST-1009,72,Checking,Transfer,Utilities,79.82,10857.42,10777.6,15,New York,POS Terminal,Debit Card,0,0
TXN-100984,CUST-1094,59,Savings,Deposit,Electronics,110.29,20228.28,20338.57,13,Singapore,POS Terminal,Credit Card,0,0
TXN-100985,CUST-1120,68,Savings,Transfer,Entertainment,98.64,6658.75,6560.11,13,Berlin,POS Terminal,Credit Card,0,0
TXN-100986,CUST-1125,34,Business,Withdrawal,Travel,48.83,197.84,149.01,13,Toronto,Mobile App,UPI / Wallet,1,0
TXN-100987,CUST-1036,22,Checking,Payment,Travel,110.49,12436.93,12326.44,23,New York,Mobile App,Wire Transfer,0,0
TXN-100988,CUST-1068,46,Checking,Withdrawal,Entertainment,9.65,2595.68,2586.03,13,New York,POS Terminal,Credit Card,0,0
TXN-100989,CUST-1296,21,Savings,Payment,Travel,26.2,18883.96,18857.76,18,New York,Mobile App,Wire Transfer,0,0
TXN-100990,CUST-1173,27,Checking,Payment,Entertainment,331.51,6974.27,6642.76,2,Singapore,ATM,Credit Card,1,0
TXN-100991,CUST-1460,73,Savings,Transfer,Retail,213.96,11146.78,10932.82,16,Berlin,Mobile App,UPI / Wallet,0,0
TXN-100992,CUST-1044,34,Checking,Transfer,Groceries,87.45,2267.14,2179.69,13,Berlin,ATM,UPI / Wallet,0,0
TXN-100993,CUST-1122,27,Business,Deposit,Groceries,114.21,7237.82,7352.03,9,Mumbai,ATM,Debit Card,0,0
TXN-100994,CUST-1381,34,Savings,Transfer,Utilities,74.31,19559.11,19484.8,12,New York,Mobile App,Credit Card,0,0
TXN-100995,CUST-1471,37,Savings,Payment,Electronics,207.51,3874.54,3667.03,21,Tokyo,POS Terminal,UPI / Wallet,0,0
TXN-100996,CUST-1026,41,Savings,Withdrawal,Travel,235.0,16214.27,15979.27,3,London,ATM,Wire Transfer,0,0
TXN-100997,CUST-1192,22,Savings,Transfer,Electronics,221.13,22943.9,22722.77,10,Toronto,Mobile App,Credit Card,0,0
TXN-100998,CUST-1496,51,Savings,Deposit,Retail,197.35,17027.94,17225.29,14,Toronto,Web Browser,Credit Card,0,0
TXN-100999,CUST-1339,23,Savings,Withdrawal,Groceries,39.32,20294.44,20255.12,14,Mumbai,POS Terminal,Debit Card,0,0
TXN-101000,CUST-1135,70,Credit,Payment,Retail,66.87,2813.39,2746.52,23,Mumbai,Web Browser,Wire Transfer,0,0
TXN-101001,CUST-1194,19,Checking,Withdrawal,Retail,100.19,6343.22,6243.03,1,Singapore,ATM,Debit Card,0,0
TXN-101002,CUST-1048,30,Savings,Transfer,Travel,65.25,22374.02,22308.77,10,Mumbai,Web Browser,Credit Card,0,0
TXN-101003,CUST-1095,60,Credit,Transfer,Retail,215.94,17906.13,17690.19,1,Berlin,Mobile App,Debit Card,0,0
TXN-101004,CUST-1491,60,Savings,Payment,Groceries,64.93,16024.89,15959.96,22,Singapore,POS Terminal,Credit Card,0,0
TXN-101005,CUST-1120,65,Business,Transfer,Electronics,27.32,16627.79,16600.47,4,Singapore,ATM,Credit Card,1,0
TXN-101006,CUST-1248,28,Savings,Withdrawal,Groceries,81.38,10413.59,10332.21,12,Toronto,Mobile App,Debit Card,0,0
TXN-101007,CUST-1472,68,Credit,Deposit,Travel,591.16,1209.46,1800.62,0,Toronto,POS Terminal,Debit Card,0,0
TXN-101008,CUST-1216,64,Checking,Payment,Groceries,43.4,19632.59,19589.19,6,Tokyo,ATM,Credit Card,0,0
TXN-101009,CUST-1113,74,Credit,Transfer,Entertainment,147.07,16999.96,16852.89,6,New York,ATM,Debit Card,0,0
TXN-101010,CUST-1013,40,Business,Deposit,Electronics,90.1,11872.83,11962.93,9,Mumbai,ATM,Debit Card,0,0
TXN-101011,CUST-1061,72,Savings,Payment,Entertainment,16.05,22504.01,22487.96,5,New York,ATM,Credit Card,0,0
TXN-101012,CUST-1042,33,Business,Payment,Entertainment,105.38,8470.38,8365.0,19,New York,Web Browser,Wire Transfer,0,0
TXN-101013,CUST-1410,48,Savings,Payment,Utilities,186.68,7428.61,7241.93,11,New York,Web Browser,Debit Card,0,0
TXN-101014,CUST-1239,28,Savings,Deposit,Travel,112.99,21832.63,21945.62,12,Singapore,Web Browser,Debit Card,0,0
TXN-101015,CUST-1095,71,Savings,Payment,Retail,313.48,19944.99,19631.51,23,New York,ATM,UPI / Wallet,0,0
TXN-101016,CUST-1026,33,Checking,Withdrawal,Entertainment,56.15,12923.0,12866.85,10,Mumbai,Web Browser,Wire Transfer,0,0
TXN-101017,CUST-1323,25,Savings,Withdrawal,Groceries,18.53,3355.3,3336.77,17,Singapore,POS Terminal,Debit Card,0,0
TXN-101018,CUST-1382,21,Checking,Transfer,Retail,418.66,5455.28,5036.62,1,Mumbai,ATM,Credit Card,0,0
TXN-101019,CUST-1241,57,Checking,Payment,Groceries,76.27,16440.08,16363.81,15,Singapore,POS Terminal,UPI / Wallet,0,0
TXN-101020,CUST-1486,21,Credit,Withdrawal,Groceries,133.85,9687.53,9553.68,1,London,POS Terminal,UPI / Wallet,0,0
TXN-101021,CUST-1458,73,Credit,Payment,Retail,240.53,20928.18,20687.65,18,London,Web Browser,UPI / Wallet,0,0
TXN-101022,CUST-1239,42,Checking,Withdrawal,Retail,63.8,23753.88,23690.08,5,London,ATM,Debit Card,0,0
TXN-101023,CUST-1303,20,Savings,Deposit,Groceries,193.9,20160.36,20354.26,0,London,Web Browser,Credit Card,0,0
TXN-101024,CUST-1066,49,Savings,Payment,Travel,26.83,9500.88,9474.05,10,Singapore,Web Browser,UPI / Wallet,1,0
TXN-101025,CUST-1280,20,Savings,Withdrawal,Electronics,56.65,19738.29,19681.64,17,New York,Web Browser,Wire Transfer,0,0
TXN-101026,CUST-1191,44,Savings,Withdrawal,Utilities,28.45,8850.9,8822.45,9,Tokyo,ATM,UPI / Wallet,0,0
TXN-101027,CUST-1118,46,Savings,Withdrawal,Electronics,255.08,4260.79,4005.71,17,Toronto,ATM,UPI / Wallet,0,0
TXN-101028,CUST-1151,49,Savings,Payment,Travel,42.78,931.49,888.71,0,Berlin,Web Browser,Wire Transfer,1,0
TXN-101029,CUST-1264,67,Business,Transfer,Utilities,194.56,9704.35,9509.79,18,Tokyo,POS Terminal,UPI / Wallet,0,0
TXN-101030,CUST-1391,68,Checking,Payment,Retail,435.49,22598.63,22163.14,15,London,POS Terminal,UPI / Wallet,0,0
TXN-101031,CUST-1230,36,Savings,Payment,Utilities,117.54,6050.77,5933.23,6,New York,ATM,Wire Transfer,0,0
TXN-101032,CUST-1350,38,Checking,Payment,Groceries,121.49,5242.18,5120.69,14,Mumbai,Mobile App,Debit Card,0,0
TXN-101033,CUST-1248,22,Savings,Withdrawal,Electronics,97.72,24248.54,24150.82,0,New York,Web Browser,Wire Transfer,0,0
TXN-101034,CUST-1058,35,Checking,Payment,Utilities,64.15,722.6,658.45,22,Mumbai,Web Browser,Debit Card,0,0
TXN-101035,CUST-1016,45,Checking,Payment,Groceries,101.84,19665.98,19564.14,20,Tokyo,Mobile App,Debit Card,0,0
TXN-101036,CUST-1170,59,Checking,Transfer,Travel,143.5,8102.11,7958.61,8,New York,ATM,Debit Card,0,0
TXN-101037,CUST-1350,39,Checking,Withdrawal,Utilities,645.21,1033.45,388.24,1,New York,POS Terminal,Wire Transfer,0,0
TXN-101038,CUST-1451,38,Business,Payment,Groceries,421.52,22953.28,22531.76,16,Berlin,ATM,Wire Transfer,0,0
TXN-101039,CUST-1131,23,Credit,Transfer,Travel,302.24,3577.09,3274.85,23,Tokyo,POS Terminal,Debit Card,0,0
TXN-101040,CUST-1356,18,Checking,Transfer,Retail,334.91,13839.3,13504.39,9,New York,POS Terminal,Wire Transfer,0,0
TXN-101041,CUST-1135,22,Checking,Withdrawal,Travel,99.62,6923.95,6824.33,5,Mumbai,ATM,Debit Card,0,0
TXN-101042,CUST-1041,58,Checking,Payment,Travel,165.7,1723.3,1557.6,4,Toronto,Web Browser,Wire Transfer,0,0
TXN-101043,CUST-1304,29,Savings,Transfer,Electronics,343.16,1343.07,999.91,7,New York,Web Browser,Credit Card,0,0
TXN-101044,CUST-1005,43,Savings,Deposit,Groceries,79.87,2977.36,3057.23,7,Mumbai,Web Browser,Wire Transfer,0,0
TXN-101045,CUST-1328,63,Savings,Withdrawal,Utilities,494.59,1877.04,1382.45,4,London,POS Terminal,Wire Transfer,0,0
TXN-101046,CUST-1169,51,Checking,Deposit,Electronics,85.62,19037.9,19123.52,11,New York,Web Browser,Wire Transfer,0,0
TXN-101047,CUST-1455,66,Checking,Payment,Entertainment,142.85,12190.6,12047.75,6,Mumbai,POS Terminal,Debit Card,0,0
TXN-101048,CUST-1287,31,Savings,Payment,Travel,190.58,8638.01,8447.43,12,Toronto,Web Browser,Debit Card,0,0
TXN-101049,CUST-1398,43,Business,Withdrawal,Entertainment,456.15,10517.39,10061.24,12,Tokyo,ATM,Credit Card,1,0
TXN-101050,CUST-1337,62,Credit,Payment,Electronics,47.08,23230.77,23183.69,16,London,Mobile App,Credit Card,0,0
TXN-101051,CUST-1214,44,Checking,Withdrawal,Groceries,210.64,22777.72,22567.08,3,New York,POS Terminal,UPI / Wallet,0,0
TXN-101052,CUST-1068,26,Checking,Transfer,Electronics,115.35,17920.34,17804.99,17,Berlin,ATM,Credit Card,0,0
TXN-101053,CUST-1369,43,Credit,Payment,Groceries,51.91,22128.59,22076.68,9,Mumbai,POS Terminal,Debit Card,0,0
TXN-101054,CUST-1026,74,Savings,Transfer,Groceries,229.82,8059.24,7829.42,2,Toronto,POS Terminal,Credit Card,0,0
TXN-101055,CUST-1224,64,Credit,Transfer,Retail,125.52,9589.62,9464.1,11,Berlin,ATM,Credit Card,0,0
TXN-101056,CUST-1321,74,Savings,Transfer,Travel,167.25,15381.43,15214.18,0,New York,Web Browser,Wire Transfer,0,0
TXN-101057,CUST-1233,39,Credit,Transfer,Electronics,63.49,15628.29,15564.8,10,Mumbai,POS Terminal,Credit Card,0,0
TXN-101058,CUST-1485,64,Savings,Deposit,Groceries,103.46,12094.33,12197.79,17,New York,Mobile App,UPI / Wallet,0,0
TXN-101059,CUST-1442,73,Credit,Transfer,Electronics,149.1,10076.38,9927.28,12,London,Mobile App,Wire Transfer,0,0
TXN-101060,CUST-1411,47,Credit,Payment,Electronics,82.86,24655.89,24573.03,16,Toronto,ATM,Debit Card,0,0
TXN-101061,CUST-1407,60,Savings,Withdrawal,Groceries,38.17,20545.98,20507.81,7,Toronto,Mobile App,UPI / Wallet,0,0
TXN-101062,CUST-1050,65,Checking,Payment,Utilities,494.11,10931.01,10436.9,19,London,ATM,Debit Card,0,0
TXN-101063,CUST-1148,34,Business,Transfer,Entertainment,112.45,18209.58,18097.13,18,New York,ATM,UPI / Wallet,1,0
TXN-101064,CUST-1414,43,Checking,Withdrawal,Travel,203.59,6812.09,6608.5,16,New York,POS Terminal,Wire Transfer,0,0
TXN-101065,CUST-1074,53,Credit,Payment,Travel,84.41,2594.22,2509.81,1,Singapore,ATM,UPI / Wallet,0,0
TXN-101066,CUST-1305,18,Checking,Withdrawal,Utilities,70.81,8875.53,8804.72,2,New York,ATM,UPI / Wallet,0,0
TXN-101067,CUST-1091,25,Savings,Withdrawal,Retail,83.43,10134.02,10050.59,2,Toronto,Web Browser,Credit Card,0,0
TXN-101068,CUST-1367,66,Savings,Deposit,Utilities,83.94,511.77,595.71,5,New York,POS Terminal,Debit Card,0,0
TXN-101069,CUST-1423,52,Savings,Payment,Retail,122.85,20388.32,20265.47,9,Berlin,Mobile App,Wire Transfer,0,0
TXN-101070,CUST-1067,69,Credit,Transfer,Retail,122.62,9043.92,8921.3,23,Berlin,Web Browser,UPI / Wallet,0,0
TXN-101071,CUST-1234,32,Savings,Payment,Utilities,108.12,14552.41,14444.29,21,London,Web Browser,Debit Card,0,0
TXN-101072,CUST-1361,64,Checking,Transfer,Travel,26.72,1941.68,1914.96,17,Berlin,POS Terminal,Debit Card,0,0
TXN-101073,CUST-1143,73,Checking,Withdrawal,Entertainment,107.8,4457.42,4349.62,17,New York,POS Terminal,Credit Card,0,0
TXN-101074,CUST-1075,39,Checking,Transfer,Travel,32.79,22253.37,22220.58,13,Tokyo,Web Browser,Debit Card,0,0
TXN-101075,CUST-1085,31,Credit,Transfer,Travel,25.22,15256.32,15231.1,15,New York,POS Terminal,Wire Transfer,0,0
TXN-101076,CUST-1226,43,Business,Withdrawal,Travel,409.67,23762.07,23352.4,6,Toronto,POS Terminal,Credit Card,0,0
TXN-101077,CUST-1362,45,Checking,Payment,Utilities,144.31,24968.88,24824.57,0,Singapore,ATM,UPI / Wallet,0,0
TXN-101078,CUST-1446,40,Credit,Payment,Utilities,166.6,9359.32,9192.72,16,Mumbai,POS Terminal,Wire Transfer,0,0
TXN-101079,CUST-1055,31,Credit,Payment,Utilities,82.07,7540.2,7458.13,22,Toronto,ATM,Wire Transfer,0,0
TXN-101080,CUST-1079,41,Checking,Withdrawal,Travel,364.5,21473.07,21108.57,4,London,Web Browser,Wire Transfer,0,0
TXN-101081,CUST-1023,19,Business,Transfer,Entertainment,157.39,24965.42,24808.03,0,Berlin,Web Browser,Credit Card,0,0
TXN-101082,CUST-1226,62,Savings,Withdrawal,Retail,224.91,15778.07,15553.16,20,Tokyo,Mobile App,Debit Card,0,0
TXN-101083,CUST-1027,43,Savings,Transfer,Electronics,73.96,19899.0,19825.04,16,Toronto,POS Terminal,Wire Transfer,0,0
TXN-101084,CUST-1120,31,Credit,Withdrawal,Retail,487.88,19565.47,19077.59,9,Mumbai,Web Browser,Debit Card,0,0
TXN-101085,CUST-1489,73,Checking,Withdrawal,Retail,262.6,8947.96,8685.36,11,Tokyo,ATM,Debit Card,0,0
TXN-101086,CUST-1092,68,Credit,Transfer,Electronics,293.57,14399.33,14105.76,19,London,Web Browser,Wire Transfer,0,0
TXN-101087,CUST-1340,24,Credit,Payment,Travel,33.35,20843.12,20809.77,1,Berlin,POS Terminal,Debit Card,0,0
TXN-101088,CUST-1111,20,Savings,Transfer,Entertainment,52.4,17234.04,17181.64,22,Singapore,Mobile App,Credit Card,0,0
TXN-101089,CUST-1377,64,Credit,Withdrawal,Entertainment,55.45,626.98,571.53,15,Toronto,Mobile App,Credit Card,1,0
TXN-101090,CUST-1344,40,Checking,Payment,Retail,52.39,8483.97,8431.58,14,Toronto,Web Browser,UPI / Wallet,0,0
TXN-101091,CUST-1486,63,Checking,Payment,Electronics,295.08,3697.44,3402.36,12,Toronto,Mobile App,Debit Card,1,0
TXN-101092,CUST-1030,60,Checking,Transfer,Groceries,9.86,5901.01,5891.15,17,London,POS Terminal,Debit Card,0,0
TXN-101093,CUST-1142,64,Credit,Transfer,Travel,16.87,22646.69,22629.82,19,Tokyo,POS Terminal,UPI / Wallet,1,0
TXN-101094,CUST-1366,62,Savings,Transfer,Retail,53.01,1018.64,965.63,21,Tokyo,Mobile App,Credit Card,0,0
TXN-101095,CUST-1297,35,Checking,Transfer,Entertainment,38.45,5573.04,5534.59,13,London,ATM,UPI / Wallet,1,0
TXN-101096,CUST-1226,55,Checking,Payment,Utilities,44.57,7808.28,7763.71,17,Toronto,Mobile App,UPI / Wallet,0,0
TXN-101097,CUST-1357,52,Checking,Withdrawal,Utilities,244.88,15460.41,15215.53,1,New York,Mobile App,UPI / Wallet,0,0
TXN-101098,CUST-1249,68,Checking,Payment,Electronics,129.22,13399.13,13269.91,1,London,Web Browser,Debit Card,0,0
TXN-101099,CUST-1049,32,Savings,Payment,Electronics,5.87,5534.91,5529.04,2,Berlin,ATM,Debit Card,1,0
TXN-101100,CUST-1213,42,Savings,Deposit,Retail,89.14,4189.6,4278.74,4,Berlin,Mobile App,Debit Card,0,0
TXN-101101,CUST-1379,72,Savings,Withdrawal,Groceries,83.61,5996.27,5912.66,15,Singapore,Web Browser,Debit Card,0,0
TXN-101102,CUST-1388,54,Credit,Deposit,Entertainment,23.15,12612.99,12636.14,21,London,Web Browser,Wire Transfer,0,0
TXN-101103,CUST-1431,45,Savings,Payment,Retail,174.12,6852.33,6678.21,14,Mumbai,Web Browser,UPI / Wallet,0,0
TXN-101104,CUST-1268,27,Savings,Transfer,Groceries,186.65,23695.3,23508.65,11,Berlin,POS Terminal,UPI / Wallet,0,0
TXN-101105,CUST-1287,56,Business,Transfer,Electronics,196.42,11650.24,11453.82,8,Berlin,Web Browser,Debit Card,0,0
TXN-101106,CUST-1194,74,Savings,Withdrawal,Utilities,200.55,1564.02,1363.47,13,Berlin,Web Browser,Credit Card,1,0
TXN-101107,CUST-1253,34,Business,Transfer,Travel,5.01,18258.73,18253.72,20,New York,POS Terminal,Wire Transfer,1,0
TXN-101108,CUST-1078,56,Checking,Transfer,Utilities,466.61,8288.25,7821.64,15,Mumbai,POS Terminal,Wire Transfer,0,1
TXN-101109,CUST-1474,39,Credit,Payment,Entertainment,257.47,16371.87,16114.4,10,Toronto,Web Browser,Credit Card,0,0
TXN-101110,CUST-1243,43,Savings,Payment,Entertainment,356.48,7061.9,6705.42,5,Toronto,Mobile App,Debit Card,0,0
TXN-101111,CUST-1090,61,Savings,Payment,Utilities,7.37,14311.52,14304.15,9,London,ATM,Wire Transfer,0,0
TXN-101112,CUST-1413,42,Checking,Transfer,Utilities,412.39,19326.6,18914.21,7,New York,POS Terminal,Wire Transfer,0,0
TXN-101113,CUST-1005,34,Credit,Payment,Groceries,253.94,23207.42,22953.48,15,Berlin,ATM,UPI / Wallet,0,0
TXN-101114,CUST-1280,30,Checking,Payment,Retail,277.3,6602.07,6324.77,2,Toronto,POS Terminal,UPI / Wallet,0,0
TXN-101115,CUST-1411,37,Savings,Deposit,Electronics,19.69,8437.94,8457.63,1,Mumbai,Web Browser,Debit Card,0,0
TXN-101116,CUST-1445,42,Credit,Withdrawal,Groceries,206.36,11660.23,11453.87,15,Toronto,POS Terminal,Debit Card,1,0
TXN-101117,CUST-1149,21,Credit,Deposit,Travel,487.52,23186.65,23674.17,18,Mumbai,Web Browser,UPI / Wallet,0,0
TXN-101118,CUST-1323,27,Checking,Withdrawal,Utilities,175.24,22544.53,22369.29,8,New York,ATM,UPI / Wallet,1,0
TXN-101119,CUST-1398,20,Credit,Payment,Travel,131.79,2337.97,2206.18,15,Toronto,Mobile App,UPI / Wallet,0,0
TXN-101120,CUST-1281,58,Credit,Transfer,Travel,441.79,3385.05,2943.26,21,Berlin,Web Browser,Credit Card,0,0
TXN-101121,CUST-1190,62,Checking,Payment,Groceries,92.76,12438.18,12345.42,3,New York,ATM,Wire Transfer,0,0
TXN-101122,CUST-1273,35,Savings,Payment,Electronics,142.18,2754.82,2612.64,9,Tokyo,ATM,Debit Card,0,0
TXN-101123,CUST-1072,64,Checking,Payment,Entertainment,102.04,8704.96,8602.92,18,Berlin,POS Terminal,Debit Card,0,0
TXN-101124,CUST-1446,53,Savings,Payment,Retail,410.12,3794.8,3384.68,12,New York,Web Browser,Credit Card,0,0
TXN-101125,CUST-1317,64,Checking,Payment,Entertainment,16.87,15937.4,15920.53,17,London,ATM,UPI / Wallet,0,0
TXN-101126,CUST-1499,39,Checking,Transfer,Electronics,109.31,23742.44,23633.13,14,Toronto,Mobile App,Wire Transfer,0,0
TXN-101127,CUST-1067,51,Savings,Payment,Entertainment,179.21,24918.67,24739.46,3,Berlin,POS Terminal,UPI / Wallet,0,0
TXN-101128,CUST-1303,64,Savings,Transfer,Utilities,240.47,9443.5,9203.03,8,Singapore,POS Terminal,Debit Card,0,0
TXN-101129,CUST-1433,25,Savings,Withdrawal,Utilities,136.21,15015.41,14879.2,3,Berlin,ATM,Credit Card,0,0
TXN-101130,CUST-1062,57,Credit,Transfer,Groceries,364.4,21421.06,21056.66,15,Tokyo,Web Browser,Wire Transfer,0,0
TXN-101131,CUST-1452,66,Credit,Transfer,Travel,432.07,3024.81,2592.74,20,New York,POS Terminal,Wire Transfer,0,0
TXN-101132,CUST-1492,61,Savings,Payment,Electronics,14.97,17270.15,17255.18,14,Singapore,Web Browser,Wire Transfer,0,0
TXN-101133,CUST-1133,36,Business,Payment,Electronics,82.22,10280.21,10197.99,23,Tokyo,ATM,Wire Transfer,1,0
TXN-101134,CUST-1441,59,Checking,Payment,Entertainment,8.56,5233.04,5224.48,1,London,ATM,Credit Card,0,0
TXN-101135,CUST-1306,58,Savings,Transfer,Groceries,64.94,10128.57,10063.63,13,Berlin,Web Browser,Debit Card,0,0
TXN-101136,CUST-1267,54,Savings,Payment,Entertainment,120.46,1991.41,1870.95,2,Toronto,Mobile App,Wire Transfer,0,0
TXN-101137,CUST-1222,23,Checking,Transfer,Entertainment,367.52,17415.64,17048.12,21,Singapore,POS Terminal,Wire Transfer,0,0
TXN-101138,CUST-1430,69,Credit,Deposit,Electronics,286.16,6393.29,6679.45,22,Toronto,ATM,Debit Card,0,0
TXN-101139,CUST-1125,43,Checking,Deposit,Entertainment,25.46,7854.0,7879.46,3,New York,Mobile App,UPI / Wallet,0,0
TXN-101140,CUST-1264,51,Savings,Payment,Travel,19.65,3114.92,3095.27,0,New York,Mobile App,Wire Transfer,0,0
TXN-101141,CUST-1006,73,Savings,Transfer,Entertainment,138.47,21630.01,21491.54,22,London,Web Browser,Wire Transfer,0,0
TXN-101142,CUST-1412,62,Checking,Withdrawal,Travel,118.93,12386.76,12267.83,8,Tokyo,Web Browser,UPI / Wallet,0,0
TXN-101143,CUST-1205,23,Savings,Transfer,Electronics,51.46,14346.46,14295.0,16,Singapore,Web Browser,Debit Card,0,0
TXN-101144,CUST-1178,54,Savings,Payment,Groceries,349.57,14278.87,13929.3,13,London,Mobile App,Debit Card,0,0
TXN-101145,CUST-1467,74,Savings,Transfer,Utilities,398.35,10321.28,9922.93,16,Tokyo,POS Terminal,Wire Transfer,1,0
TXN-101146,CUST-1495,50,Credit,Deposit,Travel,82.28,4893.99,4976.27,0,Mumbai,Web Browser,Debit Card,0,0
TXN-101147,CUST-1182,70,Credit,Transfer,Groceries,336.5,18653.81,18317.31,9,Mumbai,POS Terminal,UPI / Wallet,0,0
TXN-101148,CUST-1479,39,Checking,Payment,Groceries,77.66,3263.7,3186.04,22,Tokyo,Web Browser,Credit Card,0,0
TXN-101149,CUST-1442,38,Credit,Withdrawal,Travel,205.24,2686.46,2481.22,15,New York,Mobile App,UPI / Wallet,0,0
TXN-101150,CUST-1439,23,Savings,Payment,Electronics,101.92,17782.61,17680.69,18,New York,POS Terminal,UPI / Wallet,0,0
TXN-101151,CUST-1405,23,Checking,Transfer,Retail,24.62,5300.04,5275.42,23,Mumbai,POS Terminal,Credit Card,0,0
TXN-101152,CUST-1227,72,Savings,Deposit,Groceries,399.53,7738.64,8138.17,2,New York,Mobile App,UPI / Wallet,0,0
TXN-101153,CUST-1235,65,Checking,Payment,Groceries,95.8,11933.16,11837.36,11,Toronto,POS Terminal,Wire Transfer,0,0
TXN-101154,CUST-1145,21,Business,Payment,Electronics,203.91,11288.85,11084.94,2,New York,Mobile App,Wire Transfer,0,0
TXN-101155,CUST-1057,47,Checking,Transfer,Electronics,73.63,17743.62,17669.99,14,Tokyo,Mobile App,Debit Card,0,0
TXN-101156,CUST-1295,28,Savings,Payment,Entertainment,7.86,15623.45,15615.59,16,Berlin,ATM,Debit Card,1,0
TXN-101157,CUST-1240,47,Checking,Payment,Electronics,20.89,16145.46,16124.57,17,Tokyo,Web Browser,UPI / Wallet,1,0
TXN-101158,CUST-1344,48,Savings,Transfer,Groceries,107.84,17879.95,17772.11,6,New York,ATM,Wire Transfer,0,0
TXN-101159,CUST-1286,41,Credit,Transfer,Travel,180.66,7386.06,7205.4,18,Tokyo,Mobile App,Wire Transfer,0,0
TXN-101160,CUST-1439,72,Checking,Withdrawal,Retail,66.14,8126.1,8059.96,6,Singapore,Mobile App,Credit Card,0,0
TXN-101161,CUST-1162,26,Checking,Transfer,Entertainment,183.36,11006.14,10822.78,4,Mumbai,POS Terminal,Debit Card,0,0
TXN-101162,CUST-1025,72,Checking,Transfer,Travel,184.92,7755.81,7570.89,7,Berlin,Mobile App,Wire Transfer,1,0
TXN-101163,CUST-1451,20,Checking,Payment,Retail,187.58,24624.95,24437.37,20,Singapore,Mobile App,UPI / Wallet,0,0
TXN-101164,CUST-1105,68,Savings,Withdrawal,Retail,106.75,20369.89,20263.14,15,Singapore,Mobile App,Wire Transfer,0,0
TXN-101165,CUST-1239,48,Checking,Transfer,Retail,374.56,4199.9,3825.34,15,New York,Web Browser,Debit Card,0,0
TXN-101166,CUST-1339,57,Savings,Payment,Utilities,105.77,239.29,133.52,18,New York,ATM,UPI / Wallet,0,0
TXN-101167,CUST-1417,54,Checking,Transfer,Travel,94.75,1165.3,1070.55,14,Singapore,ATM,Debit Card,1,0
TXN-101168,CUST-1331,53,Credit,Transfer,Entertainment,38.36,6177.18,6138.82,6,Singapore,Web Browser,Wire Transfer,0,0
TXN-101169,CUST-1399,41,Credit,Transfer,Entertainment,60.15,2945.85,2885.7,4,London,Web Browser,Wire Transfer,0,0
TXN-101170,CUST-1378,48,Checking,Withdrawal,Retail,11.49,13380.12,13368.63,22,London,Web Browser,Wire Transfer,0,0
TXN-101171,CUST-1041,23,Checking,Transfer,Travel,155.58,21464.08,21308.5,10,Toronto,ATM,Debit Card,0,0
TXN-101172,CUST-1132,19,Savings,Transfer,Utilities,47.86,18445.08,18397.22,9,Mumbai,ATM,UPI / Wallet,0,0
TXN-101173,CUST-1316,37,Credit,Payment,Retail,59.39,5468.67,5409.28,20,Singapore,Mobile App,Wire Transfer,1,1
TXN-101174,CUST-1043,45,Savings,Withdrawal,Electronics,225.98,10042.55,9816.57,22,Tokyo,ATM,Wire Transfer,0,0
TXN-101175,CUST-1034,28,Checking,Transfer,Entertainment,64.45,12746.57,12682.12,8,Berlin,POS Terminal,Wire Transfer,0,0
TXN-101176,CUST-1363,21,Savings,Payment,Groceries,46.6,20274.13,20227.53,0,London,ATM,Credit Card,0,0
TXN-101177,CUST-1346,32,Savings,Transfer,Retail,32.78,20994.13,20961.35,19,New York,Web Browser,Credit Card,0,0
TXN-101178,CUST-1383,23,Checking,Payment,Electronics,228.65,22751.99,22523.34,0,Singapore,ATM,UPI / Wallet,1,0
TXN-101179,CUST-1000,71,Savings,Payment,Entertainment,25.84,12780.21,12754.37,7,Tokyo,Mobile App,Debit Card,0,0
TXN-101180,CUST-1225,66,Checking,Payment,Utilities,95.7,17387.44,17291.74,2,Berlin,ATM,Wire Transfer,0,0
TXN-101181,CUST-1298,47,Savings,Transfer,Travel,111.07,2883.83,2772.76,1,Tokyo,Web Browser,Wire Transfer,0,0
TXN-101182,CUST-1287,73,Savings,Transfer,Entertainment,179.42,14175.7,13996.28,3,Toronto,POS Terminal,Debit Card,0,0
TXN-101183,CUST-1235,55,Checking,Transfer,Travel,155.47,6292.43,6136.96,18,Tokyo,Web Browser,Debit Card,0,0
TXN-101184,CUST-1358,68,Savings,Payment,Travel,254.68,10849.75,10595.07,10,New York,POS Terminal,UPI / Wallet,1,0
TXN-101185,CUST-1446,74,Savings,Transfer,Utilities,11.87,15887.86,15875.99,4,London,Mobile App,Debit Card,1,0
TXN-101186,CUST-1032,19,Checking,Withdrawal,Utilities,57.74,6498.95,6441.21,23,Tokyo,Mobile App,Wire Transfer,0,0
TXN-101187,CUST-1094,32,Savings,Deposit,Retail,54.3,1399.41,1453.71,9,Berlin,ATM,UPI / Wallet,0,0
TXN-101188,CUST-1204,28,Credit,Deposit,Retail,28.68,354.82,383.5,23,London,Mobile App,Credit Card,0,0
TXN-101189,CUST-1108,25,Savings,Withdrawal,Entertainment,56.2,651.77,595.57,22,Toronto,Mobile App,UPI / Wallet,0,0
TXN-101190,CUST-1321,43,Savings,Payment,Utilities,60.61,307.91,247.3,7,Toronto,Web Browser,UPI / Wallet,0,0
TXN-101191,CUST-1029,68,Checking,Withdrawal,Electronics,115.69,2847.84,2732.15,12,Mumbai,Web Browser,UPI / Wallet,0,0
TXN-101192,CUST-1265,62,Savings,Transfer,Entertainment,168.46,6063.27,5894.81,4,New York,ATM,Debit Card,0,0
TXN-101193,CUST-1022,61,Savings,Payment,Groceries,76.97,5608.42,5531.45,11,London,ATM,Wire Transfer,0,0
TXN-101194,CUST-1096,22,Savings,Payment,Travel,195.66,24671.24,24475.58,12,Toronto,ATM,Debit Card,0,0
TXN-101195,CUST-1038,23,Savings,Payment,Travel,66.46,7719.55,7653.09,21,Toronto,ATM,Wire Transfer,0,0
TXN-101196,CUST-1172,43,Credit,Withdrawal,Retail,56.43,3272.78,3216.35,7,London,Web Browser,Debit Card,0,0
TXN-101197,CUST-1247,71,Savings,Transfer,Electronics,121.87,13684.51,13562.64,14,Tokyo,ATM,UPI / Wallet,0,0
TXN-101198,CUST-1378,21,Credit,Transfer,Utilities,8.6,21463.14,21454.54,12,Berlin,ATM,Wire Transfer,0,0
TXN-101199,CUST-1412,36,Credit,Deposit,Utilities,17.47,16983.7,17001.17,0,Tokyo,Mobile App,Debit Card,0,0
TXN-101200,CUST-1413,37,Checking,Transfer,Retail,86.18,7472.44,7386.26,21,Berlin,ATM,UPI / Wallet,0,0
TXN-101201,CUST-1161,50,Credit,Payment,Groceries,434.48,14084.24,13649.76,5,Toronto,POS Terminal,Credit Card,0,0
TXN-101202,CUST-1179,37,Savings,Deposit,Entertainment,196.76,17899.91,18096.67,10,Toronto,Mobile App,Debit Card,0,0
TXN-101203,CUST-1102,66,Business,Payment,Entertainment,18.84,18229.8,18210.96,12,New York,Web Browser,Debit Card,1,0
TXN-101204,CUST-1208,29,Savings,Payment,Electronics,285.93,16696.81,16410.88,20,London,POS Terminal,Credit Card,0,0
TXN-101205,CUST-1021,64,Checking,Transfer,Retail,202.68,21783.18,21580.5,19,Singapore,ATM,Debit Card,0,0
TXN-101206,CUST-1004,18,Checking,Transfer,Retail,146.61,21765.63,21619.02,0,Toronto,Mobile App,Credit Card,1,0
TXN-101207,CUST-1138,43,Savings,Withdrawal,Groceries,262.46,14515.52,14253.06,10,Berlin,ATM,Wire Transfer,0,0
TXN-101208,CUST-1213,31,Checking,Payment,Entertainment,82.65,10803.42,10720.77,10,Berlin,Mobile App,Credit Card,1,0
TXN-101209,CUST-1159,55,Checking,Payment,Retail,42.56,16075.1,16032.54,7,Tokyo,ATM,UPI / Wallet,0,0
TXN-101210,CUST-1407,54,Savings,Transfer,Utilities,112.62,20473.48,20360.86,21,Tokyo,POS Terminal,Credit Card,0,0
TXN-101211,CUST-1394,28,Savings,Transfer,Electronics,124.39,240.74,116.35,2,Toronto,Web Browser,Wire Transfer,0,0
TXN-101212,CUST-1138,53,Checking,Deposit,Entertainment,120.93,24800.73,24921.66,18,Toronto,POS Terminal,Credit Card,0,0
TXN-101213,CUST-1144,30,Checking,Payment,Groceries,129.89,4654.05,4524.16,11,Mumbai,POS Terminal,Credit Card,0,0
TXN-101214,CUST-1159,60,Business,Payment,Electronics,450.52,11809.2,11358.68,5,Berlin,Web Browser,Wire Transfer,0,0
TXN-101215,CUST-1082,20,Credit,Transfer,Travel,353.79,21813.54,21459.75,22,New York,Mobile App,Debit Card,0,0
TXN-101216,CUST-1154,50,Business,Payment,Utilities,317.78,5703.51,5385.73,7,London,Mobile App,Debit Card,0,0
TXN-101217,CUST-1287,23,Checking,Deposit,Groceries,247.48,11972.2,12219.68,4,London,Web Browser,UPI / Wallet,0,0
TXN-101218,CUST-1316,67,Savings,Payment,Electronics,435.84,3401.3,2965.46,9,London,ATM,UPI / Wallet,0,0
TXN-101219,CUST-1280,73,Savings,Transfer,Retail,20.55,9937.4,9916.85,21,Berlin,Mobile App,Credit Card,0,0
TXN-101220,CUST-1063,27,Credit,Payment,Travel,51.21,4510.67,4459.46,15,Tokyo,POS Terminal,Debit Card,0,0
TXN-101221,CUST-1191,22,Checking,Withdrawal,Groceries,107.5,9154.33,9046.83,11,New York,Web Browser,Debit Card,0,0
TXN-101222,CUST-1155,40,Savings,Payment,Retail,286.14,9399.26,9113.12,16,London,POS Terminal,Credit Card,0,0
TXN-101223,CUST-1423,27,Savings,Withdrawal,Utilities,110.53,24829.95,24719.42,5,Berlin,Mobile App,Wire Transfer,0,0
TXN-101224,CUST-1499,61,Business,Payment,Travel,211.77,24870.84,24659.07,8,Singapore,Web Browser,Debit Card,0,0
TXN-101225,CUST-1090,19,Checking,Withdrawal,Entertainment,27.44,2958.18,2930.74,9,Toronto,Web Browser,UPI / Wallet,1,0
TXN-101226,CUST-1141,30,Checking,Payment,Retail,48.64,18176.62,18127.98,19,Mumbai,Mobile App,Credit Card,0,0
TXN-101227,CUST-1041,57,Checking,Transfer,Electronics,202.39,1388.46,1186.07,13,Mumbai,Mobile App,Wire Transfer,0,0
TXN-101228,CUST-1248,19,Savings,Transfer,Groceries,32.0,851.78,819.78,13,London,Web Browser,UPI / Wallet,0,0
TXN-101229,CUST-1294,37,Savings,Transfer,Travel,69.93,2722.81,2652.88,16,Tokyo,ATM,Debit Card,0,0
TXN-101230,CUST-1257,18,Savings,Deposit,Retail,51.16,24140.59,24191.75,15,Mumbai,Web Browser,Wire Transfer,0,0
TXN-101231,CUST-1336,54,Savings,Withdrawal,Entertainment,69.59,23527.5,23457.91,3,Mumbai,ATM,UPI / Wallet,1,0
TXN-101232,CUST-1000,26,Credit,Payment,Groceries,189.82,4928.8,4738.98,1,Mumbai,POS Terminal,Credit Card,0,0
TXN-101233,CUST-1108,34,Checking,Transfer,Groceries,73.79,4125.64,4051.85,15,Mumbai,ATM,Wire Transfer,0,0
TXN-101234,CUST-1415,26,Credit,Transfer,Retail,126.54,6089.32,5962.78,0,London,ATM,Wire Transfer,0,1
TXN-101235,CUST-1466,28,Credit,Withdrawal,Entertainment,20.79,12937.12,12916.33,2,Berlin,Mobile App,Credit Card,0,1
TXN-101236,CUST-1124,32,Savings,Payment,Utilities,250.23,14285.65,14035.42,22,New York,Web Browser,Debit Card,0,0
TXN-101237,CUST-1063,41,Checking,Transfer,Utilities,74.28,5617.68,5543.4,10,New York,POS Terminal,Debit Card,0,0
TXN-101238,CUST-1205,55,Checking,Payment,Travel,161.85,18939.91,18778.06,15,Tokyo,Web Browser,Wire Transfer,0,0
TXN-101239,CUST-1414,72,Credit,Transfer,Retail,198.86,7807.87,7609.01,17,Berlin,ATM,Wire Transfer,0,0
TXN-101240,CUST-1441,52,Savings,Transfer,Travel,40.29,23061.07,23020.78,14,Toronto,ATM,Wire Transfer,0,0
TXN-101241,CUST-1337,47,Checking,Payment,Utilities,329.0,16452.4,16123.4,8,Singapore,ATM,UPI / Wallet,0,0
TXN-101242,CUST-1243,48,Checking,Transfer,Groceries,148.65,10965.14,10816.49,11,New York,Web Browser,Wire Transfer,0,1
TXN-101243,CUST-1077,66,Savings,Deposit,Travel,88.98,19768.81,19857.79,17,Singapore,ATM,Debit Card,1,0
TXN-101244,CUST-1110,22,Savings,Transfer,Entertainment,35.2,20466.07,20430.87,4,New York,Web Browser,Credit Card,0,0
TXN-101245,CUST-1141,61,Checking,Transfer,Electronics,432.88,7332.99,6900.11,23,New York,POS Terminal,Credit Card,0,0
TXN-101246,CUST-1215,67,Checking,Transfer,Utilities,216.02,8558.89,8342.87,7,Tokyo,POS Terminal,Credit Card,0,0
TXN-101247,CUST-1452,31,Savings,Withdrawal,Utilities,39.98,23405.28,23365.3,2,Mumbai,Web Browser,Wire Transfer,0,0
TXN-101248,CUST-1015,70,Checking,Payment,Entertainment,66.81,4202.05,4135.24,1,Tokyo,POS Terminal,Wire Transfer,0,0
TXN-101249,CUST-1452,73,Savings,Payment,Travel,253.85,1149.55,895.7,18,New York,Mobile App,Credit Card,0,0
TXN-101250,CUST-1053,28,Checking,Transfer,Retail,183.45,11405.98,11222.53,7,Berlin,ATM,UPI / Wallet,0,0
TXN-101251,CUST-1140,26,Savings,Transfer,Groceries,222.73,20050.13,19827.4,1,Mumbai,ATM,UPI / Wallet,0,0
TXN-101252,CUST-1379,51,Credit,Payment,Electronics,92.29,19314.54,19222.25,18,Berlin,ATM,UPI / Wallet,0,0
TXN-101253,CUST-1335,29,Savings,Withdrawal,Retail,194.07,22996.31,22802.24,0,Berlin,Mobile App,UPI / Wallet,0,0
TXN-101254,CUST-1078,52,Savings,Withdrawal,Retail,78.28,13376.7,13298.42,21,Berlin,ATM,Debit Card,0,0
TXN-101255,CUST-1414,52,Savings,Transfer,Entertainment,40.6,2591.61,2551.01,12,Mumbai,Web Browser,Credit Card,0,0
TXN-101256,CUST-1452,18,Savings,Payment,Travel,155.23,14758.36,14603.13,22,Berlin,ATM,Debit Card,0,0
TXN-101257,CUST-1148,57,Checking,Deposit,Utilities,564.54,19482.05,20046.59,19,Mumbai,Web Browser,Wire Transfer,0,0
TXN-101258,CUST-1126,39,Savings,Payment,Utilities,60.79,2423.87,2363.08,16,Singapore,POS Terminal,UPI / Wallet,0,0
TXN-101259,CUST-1157,46,Credit,Withdrawal,Entertainment,97.7,4399.17,4301.47,2,Toronto,Web Browser,UPI / Wallet,0,0
TXN-101260,CUST-1278,25,Savings,Transfer,Travel,173.13,406.04,232.91,8,New York,Web Browser,Credit Card,0,0
TXN-101261,CUST-1037,28,Savings,Deposit,Entertainment,121.97,14881.95,15003.92,4,London,Web Browser,UPI / Wallet,0,0
TXN-101262,CUST-1156,58,Savings,Withdrawal,Utilities,283.14,22179.69,21896.55,5,Berlin,ATM,Credit Card,0,0
TXN-101263,CUST-1332,54,Savings,Deposit,Retail,220.16,16799.52,17019.68,3,Tokyo,Mobile App,Wire Transfer,0,0
TXN-101264,CUST-1287,31,Savings,Payment,Groceries,14.01,24552.8,24538.79,16,Singapore,Mobile App,UPI / Wallet,1,0
TXN-101265,CUST-1111,47,Checking,Payment,Travel,972.67,1669.54,696.87,20,Tokyo,Web Browser,UPI / Wallet,0,0
TXN-101266,CUST-1189,52,Checking,Deposit,Electronics,214.39,22584.73,22799.12,20,London,ATM,Debit Card,0,0
TXN-101267,CUST-1105,38,Checking,Transfer,Electronics,304.16,20370.3,20066.14,20,Mumbai,Mobile App,Credit Card,0,0
TXN-101268,CUST-1090,54,Checking,Transfer,Retail,162.99,7924.61,7761.62,15,London,POS Terminal,Credit Card,0,0
TXN-101269,CUST-1353,22,Checking,Withdrawal,Entertainment,295.99,24340.81,24044.82,15,Tokyo,POS Terminal,UPI / Wallet,0,0
TXN-101270,CUST-1300,36,Savings,Withdrawal,Entertainment,22.88,7269.65,7246.77,21,London,ATM,Debit Card,0,0
TXN-101271,CUST-1048,31,Checking,Deposit,Utilities,69.1,22243.69,22312.79,10,New York,POS Terminal,UPI / Wallet,1,0
TXN-101272,CUST-1160,43,Business,Transfer,Retail,318.63,22030.64,21712.01,1,London,POS Terminal,Credit Card,0,0
TXN-101273,CUST-1003,21,Checking,Withdrawal,Utilities,38.78,18965.67,18926.89,16,Berlin,POS Terminal,Credit Card,1,0
TXN-101274,CUST-1401,42,Checking,Withdrawal,Utilities,17.22,14130.41,14113.19,14,New York,Mobile App,UPI / Wallet,1,0
TXN-101275,CUST-1197,62,Savings,Transfer,Electronics,237.76,3088.07,2850.31,17,Berlin,POS Terminal,Wire Transfer,0,0
TXN-101276,CUST-1319,59,Credit,Payment,Utilities,275.71,13346.1,13070.39,9,Toronto,Web Browser,UPI / Wallet,0,0
TXN-101277,CUST-1411,42,Credit,Transfer,Utilities,31.63,8984.23,8952.6,5,Toronto,Web Browser,Debit Card,0,1
TXN-101278,CUST-1363,35,Checking,Transfer,Electronics,293.98,19826.2,19532.22,20,London,POS Terminal,Credit Card,0,0
TXN-101279,CUST-1376,57,Business,Deposit,Entertainment,179.12,18977.42,19156.54,15,New York,Web Browser,Credit Card,0,0
TXN-101280,CUST-1441,25,Savings,Payment,Travel,115.12,22774.25,22659.13,4,New York,Mobile App,UPI / Wallet,0,0
TXN-101281,CUST-1474,56,Savings,Withdrawal,Groceries,271.01,469.27,198.26,11,Toronto,ATM,Wire Transfer,0,0
TXN-101282,CUST-1253,57,Credit,Deposit,Utilities,86.52,20246.67,20333.19,5,London,Web Browser,Credit Card,0,0
TXN-101283,CUST-1089,31,Credit,Payment,Travel,37.35,23467.71,23430.36,13,Singapore,POS Terminal,UPI / Wallet,0,0
TXN-101284,CUST-1311,49,Savings,Withdrawal,Electronics,55.29,19753.58,19698.29,22,Mumbai,ATM,Wire Transfer,0,0
TXN-101285,CUST-1019,68,Savings,Payment,Travel,110.53,3341.84,3231.31,15,Mumbai,ATM,UPI / Wallet,0,0
TXN-101286,CUST-1076,55,Savings,Withdrawal,Groceries,118.68,2123.85,2005.17,6,Mumbai,POS Terminal,UPI / Wallet,0,0
TXN-101287,CUST-1219,50,Savings,Transfer,Travel,250.66,619.05,368.39,1,New York,Web Browser,UPI / Wallet,1,0
TXN-101288,CUST-1161,40,Credit,Deposit,Travel,240.07,15755.76,15995.83,5,Toronto,Mobile App,Credit Card,0,0
TXN-101289,CUST-1496,32,Checking,Transfer,Travel,135.61,15778.85,15643.24,8,Mumbai,Web Browser,Wire Transfer,0,0
TXN-101290,CUST-1342,50,Savings,Transfer,Travel,232.66,24674.15,24441.49,6,Toronto,Web Browser,Debit Card,0,0
TXN-101291,CUST-1393,42,Savings,Withdrawal,Retail,36.94,10011.28,9974.34,1,New York,Mobile App,Debit Card,0,0
TXN-101292,CUST-1114,34,Savings,Payment,Utilities,12.7,8364.47,8351.77,18,Toronto,ATM,Credit Card,0,0
TXN-101293,CUST-1093,50,Savings,Payment,Electronics,315.29,15648.18,15332.89,7,Singapore,Mobile App,Credit Card,0,0
TXN-101294,CUST-1405,64,Checking,Payment,Groceries,16.78,20657.66,20640.88,10,London,Mobile App,UPI / Wallet,0,0
TXN-101295,CUST-1132,72,Business,Withdrawal,Electronics,47.49,23425.67,23378.18,3,Toronto,POS Terminal,UPI / Wallet,0,0
TXN-101296,CUST-1171,19,Credit,Transfer,Retail,183.27,20097.79,19914.52,15,Toronto,POS Terminal,Wire Transfer,1,0
TXN-101297,CUST-1113,31,Savings,Transfer,Retail,84.0,10724.18,10640.18,17,London,Web Browser,UPI / Wallet,0,0
TXN-101298,CUST-1008,70,Credit,Transfer,Retail,318.5,15909.36,15590.86,12,New York,POS Terminal,Wire Transfer,0,0
TXN-101299,CUST-1298,57,Credit,Payment,Utilities,58.07,21421.85,21363.78,4,New York,Mobile App,UPI / Wallet,0,0
TXN-101300,CUST-1259,57,Credit,Transfer,Retail,6.79,12316.18,12309.39,1,Toronto,Mobile App,UPI / Wallet,1,0
TXN-101301,CUST-1169,68,Checking,Payment,Travel,58.64,5495.5,5436.86,10,Singapore,POS Terminal,Debit Card,0,0
TXN-101302,CUST-1320,56,Savings,Payment,Electronics,134.44,4326.11,4191.67,0,Mumbai,POS Terminal,Credit Card,0,0
TXN-101303,CUST-1097,68,Savings,Transfer,Entertainment,75.73,103.93,28.2,12,Singapore,POS Terminal,Wire Transfer,0,0
TXN-101304,CUST-1168,23,Savings,Payment,Groceries,119.82,17984.13,17864.31,4,London,Mobile App,Debit Card,0,0
TXN-101305,CUST-1447,23,Savings,Withdrawal,Retail,318.85,2866.32,2547.47,17,London,ATM,UPI / Wallet,0,0
TXN-101306,CUST-1310,20,Savings,Transfer,Electronics,370.39,6171.59,5801.2,13,Berlin,ATM,Debit Card,0,0
TXN-101307,CUST-1217,24,Checking,Payment,Retail,51.38,7517.12,7465.74,12,Mumbai,POS Terminal,Wire Transfer,0,0
TXN-101308,CUST-1401,68,Checking,Payment,Utilities,98.02,14053.46,13955.44,6,Toronto,Web Browser,Credit Card,1,0
TXN-101309,CUST-1399,25,Checking,Payment,Retail,124.49,10009.14,9884.65,7,London,Web Browser,Debit Card,0,0
TXN-101310,CUST-1342,59,Savings,Withdrawal,Retail,451.72,16899.38,16447.66,17,Berlin,ATM,Wire Transfer,0,0
TXN-101311,CUST-1429,69,Business,Payment,Retail,992.56,1485.4,492.84,6,New York,POS Terminal,UPI / Wallet,0,0
TXN-101312,CUST-1419,32,Credit,Payment,Retail,45.26,3186.09,3140.83,19,London,Mobile App,Debit Card,0,0
TXN-101313,CUST-1345,64,Credit,Transfer,Groceries,199.73,12530.37,12330.64,16,Tokyo,Web Browser,Credit Card,0,0
TXN-101314,CUST-1449,46,Business,Payment,Electronics,76.23,8490.42,8414.19,15,Mumbai,Web Browser,Wire Transfer,0,0
TXN-101315,CUST-1043,50,Checking,Payment,Utilities,6.22,7465.75,7459.53,10,Berlin,Mobile App,Credit Card,0,0
TXN-101316,CUST-1499,69,Business,Transfer,Retail,6.39,1769.0,1762.61,18,Mumbai,Mobile App,UPI / Wallet,0,0
TXN-101317,CUST-1260,47,Savings,Payment,Retail,97.59,22403.41,22305.82,0,Mumbai,POS Terminal,Credit Card,0,0
TXN-101318,CUST-1284,56,Savings,Deposit,Retail,105.51,17326.28,17431.79,20,Tokyo,Mobile App,UPI / Wallet,0,0
TXN-101319,CUST-1125,44,Savings,Payment,Retail,8.42,3128.29,3119.87,7,Singapore,Mobile App,UPI / Wallet,0,0
TXN-101320,CUST-1259,53,Savings,Payment,Travel,179.2,1719.64,1540.44,0,New York,Mobile App,Debit Card,0,0
TXN-101321,CUST-1494,46,Savings,Deposit,Travel,57.22,24374.33,24431.55,8,Mumbai,ATM,UPI / Wallet,0,0
TXN-101322,CUST-1354,55,Checking,Withdrawal,Entertainment,128.11,17061.2,16933.09,18,London,Mobile App,Credit Card,0,0
TXN-101323,CUST-1213,74,Credit,Payment,Retail,58.7,10494.66,10435.96,20,New York,Web Browser,Debit Card,0,0
TXN-101324,CUST-1304,50,Checking,Withdrawal,Entertainment,32.43,17573.1,17540.67,8,London,POS Terminal,UPI / Wallet,0,0
TXN-101325,CUST-1199,54,Savings,Withdrawal,Groceries,83.43,18932.66,18849.23,20,New York,POS Terminal,Wire Transfer,1,0
TXN-101326,CUST-1235,44,Credit,Payment,Entertainment,44.65,19521.06,19476.41,9,Toronto,POS Terminal,Wire Transfer,0,0
TXN-101327,CUST-1340,72,Checking,Payment,Electronics,119.79,11999.14,11879.35,23,New York,ATM,UPI / Wallet,0,0
TXN-101328,CUST-1135,50,Savings,Payment,Travel,38.25,10804.08,10765.83,22,Berlin,Web Browser,Debit Card,0,0
TXN-101329,CUST-1377,21,Checking,Deposit,Travel,111.52,374.6,486.12,10,London,Mobile App,Debit Card,0,0
TXN-101330,CUST-1435,39,Savings,Payment,Retail,30.69,23171.27,23140.58,0,London,Web Browser,Debit Card,1,0
TXN-101331,CUST-1115,19,Savings,Transfer,Retail,171.74,15122.37,14950.63,19,Toronto,POS Terminal,Credit Card,0,0
TXN-101332,CUST-1452,27,Credit,Withdrawal,Groceries,215.33,5158.53,4943.2,7,New York,Mobile App,Wire Transfer,0,0
TXN-101333,CUST-1404,22,Savings,Payment,Utilities,22.55,22998.13,22975.58,19,Mumbai,POS Terminal,UPI / Wallet,0,0
TXN-101334,CUST-1154,27,Checking,Transfer,Groceries,99.61,22881.8,22782.19,11,London,POS Terminal,UPI / Wallet,1,0
TXN-101335,CUST-1421,50,Credit,Payment,Electronics,16.03,24730.69,24714.66,0,Toronto,POS Terminal,Wire Transfer,0,0
TXN-101336,CUST-1388,71,Checking,Payment,Retail,141.76,21864.01,21722.25,9,Tokyo,Web Browser,Credit Card,0,0
TXN-101337,CUST-1340,55,Savings,Withdrawal,Retail,51.06,24944.83,24893.77,3,Tokyo,Web Browser,Debit Card,0,0
TXN-101338,CUST-1316,30,Savings,Transfer,Groceries,117.5,6192.69,6075.19,14,New York,POS Terminal,Wire Transfer,0,0
TXN-101339,CUST-1391,48,Savings,Withdrawal,Groceries,114.3,21072.01,20957.71,18,Singapore,POS Terminal,UPI / Wallet,1,0
TXN-101340,CUST-1341,64,Checking,Payment,Groceries,392.25,20593.4,20201.15,5,New York,Mobile App,Credit Card,0,0
TXN-101341,CUST-1017,53,Checking,Transfer,Travel,124.47,5850.41,5725.94,4,Toronto,POS Terminal,UPI / Wallet,0,0
TXN-101342,CUST-1387,62,Savings,Deposit,Entertainment,136.2,2551.09,2687.29,4,New York,POS Terminal,Debit Card,0,0
TXN-101343,CUST-1003,41,Business,Payment,Entertainment,82.04,24487.57,24405.53,17,Mumbai,POS Terminal,Wire Transfer,0,0
TXN-101344,CUST-1164,69,Checking,Transfer,Retail,451.62,7471.01,7019.39,2,Mumbai,POS Terminal,Debit Card,0,0
TXN-101345,CUST-1126,73,Savings,Payment,Travel,230.21,21785.21,21555.0,21,Berlin,Web Browser,Credit Card,0,0
TXN-101346,CUST-1398,32,Checking,Withdrawal,Groceries,55.41,202.77,147.36,1,Toronto,POS Terminal,Wire Transfer,0,0
TXN-101347,CUST-1421,46,Checking,Transfer,Retail,283.89,623.52,339.63,3,Singapore,ATM,Debit Card,0,0
TXN-101348,CUST-1410,25,Savings,Transfer,Travel,89.95,11700.2,11610.25,17,Toronto,POS Terminal,Debit Card,0,0
TXN-101349,CUST-1212,22,Savings,Transfer,Electronics,269.62,6044.0,5774.38,8,Toronto,Web Browser,Debit Card,0,0
TXN-101350,CUST-1047,46,Credit,Transfer,Utilities,264.65,17277.05,17012.4,18,Singapore,ATM,Credit Card,0,0
TXN-101351,CUST-1045,64,Checking,Withdrawal,Travel,36.4,14182.55,14146.15,9,Toronto,ATM,Debit Card,1,0
TXN-101352,CUST-1045,21,Checking,Payment,Retail,186.17,2029.4,1843.23,21,Singapore,POS Terminal,UPI / Wallet,0,0
TXN-101353,CUST-1047,29,Checking,Transfer,Entertainment,56.51,4149.44,4092.93,14,Singapore,POS Terminal,Wire Transfer,0,0
TXN-101354,CUST-1186,62,Savings,Transfer,Groceries,57.96,9762.43,9704.47,0,Singapore,Web Browser,Wire Transfer,0,0
TXN-101355,CUST-1119,19,Savings,Transfer,Utilities,57.72,4721.54,4663.82,10,Toronto,ATM,Debit Card,0,0
TXN-101356,CUST-1131,44,Checking,Deposit,Electronics,198.96,19826.34,20025.3,13,Toronto,ATM,Credit Card,0,0
TXN-101357,CUST-1458,48,Savings,Transfer,Utilities,44.17,10460.15,10415.98,9,New York,Web Browser,UPI / Wallet,0,0
TXN-101358,CUST-1018,68,Savings,Deposit,Utilities,5.14,2426.45,2431.59,18,Toronto,POS Terminal,UPI / Wallet,0,0
TXN-101359,CUST-1440,68,Credit,Payment,Travel,193.41,12160.14,11966.73,23,New York,Mobile App,Wire Transfer,0,0
TXN-101360,CUST-1274,53,Business,Transfer,Retail,33.16,2361.87,2328.71,20,Berlin,Mobile App,Wire Transfer,1,0
TXN-101361,CUST-1474,53,Credit,Withdrawal,Retail,21.55,3310.54,3288.99,15,Tokyo,ATM,UPI / Wallet,0,0
TXN-101362,CUST-1231,43,Credit,Payment,Utilities,45.68,6066.28,6020.6,7,Tokyo,ATM,Wire Transfer,1,0
TXN-101363,CUST-1041,60,Savings,Withdrawal,Groceries,76.68,21502.24,21425.56,1,Berlin,POS Terminal,Debit Card,0,0
TXN-101364,CUST-1091,44,Business,Deposit,Retail,101.91,23122.85,23224.76,22,Berlin,Mobile App,UPI / Wallet,0,0
TXN-101365,CUST-1260,22,Savings,Transfer,Utilities,11.84,20673.82,20661.98,6,London,ATM,Wire Transfer,0,0
TXN-101366,CUST-1047,37,Business,Transfer,Retail,533.88,8418.52,7884.64,18,New York,POS Terminal,Debit Card,0,0
TXN-101367,CUST-1408,28,Business,Withdrawal,Groceries,193.85,6883.92,6690.07,6,Singapore,Mobile App,Debit Card,0,0
TXN-101368,CUST-1450,27,Checking,Transfer,Electronics,63.56,13773.98,13710.42,14,London,Web Browser,UPI / Wallet,0,0
TXN-101369,CUST-1281,57,Business,Transfer,Utilities,62.56,18074.14,18011.58,7,Mumbai,ATM,Debit Card,0,0
TXN-101370,CUST-1073,55,Checking,Transfer,Entertainment,94.28,24834.98,24740.7,13,New York,Web Browser,UPI / Wallet,0,0
TXN-101371,CUST-1215,23,Savings,Transfer,Entertainment,152.62,3376.11,3223.49,0,Toronto,Mobile App,Debit Card,0,0
TXN-101372,CUST-1445,25,Checking,Withdrawal,Utilities,28.74,1327.37,1298.63,12,Berlin,POS Terminal,UPI / Wallet,0,0
TXN-101373,CUST-1220,40,Checking,Transfer,Travel,36.41,17389.46,17353.05,2,Tokyo,POS Terminal,UPI / Wallet,0,0
TXN-101374,CUST-1108,64,Savings,Payment,Electronics,299.31,20822.42,20523.11,20,New York,Mobile App,UPI / Wallet,0,0
TXN-101375,CUST-1134,43,Checking,Payment,Travel,49.41,21174.08,21124.67,5,Berlin,Web Browser,UPI / Wallet,0,0
TXN-101376,CUST-1427,63,Business,Payment,Entertainment,76.75,16993.74,16916.99,18,New York,POS Terminal,Debit Card,0,0
TXN-101377,CUST-1342,60,Savings,Transfer,Groceries,312.51,23854.99,23542.48,14,Toronto,ATM,UPI / Wallet,0,0
TXN-101378,CUST-1237,29,Credit,Withdrawal,Utilities,168.22,12824.02,12655.8,3,New York,Web Browser,Wire Transfer,0,0
TXN-101379,CUST-1154,43,Credit,Transfer,Retail,67.72,22853.99,22786.27,20,Toronto,Web Browser,Debit Card,0,0
TXN-101380,CUST-1425,30,Credit,Withdrawal,Entertainment,177.66,24198.52,24020.86,2,New York,ATM,UPI / Wallet,0,0
TXN-101381,CUST-1328,57,Business,Withdrawal,Electronics,7.98,21194.22,21186.24,3,Mumbai,Mobile App,Debit Card,0,0
TXN-101382,CUST-1491,35,Checking,Payment,Entertainment,204.57,7812.99,7608.42,4,Tokyo,POS Terminal,Debit Card,0,0
TXN-101383,CUST-1055,42,Business,Payment,Electronics,105.13,4985.77,4880.64,17,New York,Web Browser,Debit Card,1,0
TXN-101384,CUST-1386,50,Credit,Payment,Electronics,256.64,13748.19,13491.55,9,Berlin,POS Terminal,Debit Card,0,1
TXN-101385,CUST-1381,64,Savings,Payment,Utilities,468.96,11380.07,10911.11,7,Mumbai,POS Terminal,UPI / Wallet,0,0
TXN-101386,CUST-1396,57,Checking,Withdrawal,Electronics,395.13,21956.18,21561.05,11,London,Web Browser,Debit Card,0,0
TXN-101387,CUST-1197,60,Checking,Withdrawal,Travel,364.97,2590.79,2225.82,21,New York,Mobile App,Wire Transfer,0,0
TXN-101388,CUST-1314,29,Savings,Transfer,Groceries,112.67,6517.73,6405.06,2,Toronto,Web Browser,Debit Card,0,0
TXN-101389,CUST-1037,61,Checking,Payment,Entertainment,71.98,18819.79,18747.81,17,Mumbai,Mobile App,Debit Card,0,0
TXN-101390,CUST-1340,53,Checking,Deposit,Groceries,98.83,2465.17,2564.0,22,Singapore,ATM,Wire Transfer,0,0
TXN-101391,CUST-1338,65,Savings,Deposit,Retail,180.63,8087.03,8267.66,7,London,Mobile App,UPI / Wallet,0,0
TXN-101392,CUST-1216,21,Checking,Payment,Entertainment,328.12,9740.17,9412.05,0,Tokyo,Mobile App,Wire Transfer,0,0
TXN-101393,CUST-1230,22,Credit,Payment,Groceries,39.79,15602.59,15562.8,13,New York,Web Browser,Credit Card,0,0
TXN-101394,CUST-1451,73,Checking,Transfer,Groceries,380.51,4037.5,3656.99,21,New York,POS Terminal,Wire Transfer,1,0
TXN-101395,CUST-1341,54,Savings,Deposit,Utilities,258.26,21529.05,21787.31,22,Mumbai,POS Terminal,UPI / Wallet,0,0
TXN-101396,CUST-1452,25,Savings,Transfer,Utilities,583.46,11243.8,10660.34,12,Tokyo,Mobile App,Wire Transfer,0,0
TXN-101397,CUST-1256,59,Savings,Payment,Retail,323.35,22933.84,22610.49,11,Singapore,Mobile App,Debit Card,0,0
TXN-101398,CUST-1433,66,Credit,Transfer,Electronics,54.26,11749.96,11695.7,2,London,Web Browser,UPI / Wallet,0,0
TXN-101399,CUST-1208,45,Savings,Transfer,Entertainment,21.8,6948.5,6926.7,17,Berlin,Mobile App,Credit Card,0,0
TXN-101400,CUST-1200,48,Checking,Payment,Utilities,22.86,3631.54,3608.68,20,Tokyo,Web Browser,UPI / Wallet,1,0
TXN-101401,CUST-1136,26,Savings,Deposit,Entertainment,56.63,193.25,249.88,12,New York,ATM,Debit Card,0,0
TXN-101402,CUST-1127,71,Savings,Transfer,Retail,147.86,13350.72,13202.86,14,Mumbai,Mobile App,Credit Card,0,0
TXN-101403,CUST-1052,68,Credit,Payment,Utilities,249.69,2768.2,2518.51,9,Singapore,ATM,UPI / Wallet,1,0
TXN-101404,CUST-1343,46,Checking,Transfer,Utilities,349.27,9854.02,9504.75,0,Mumbai,Mobile App,UPI / Wallet,0,0
TXN-101405,CUST-1393,31,Savings,Transfer,Electronics,151.63,14772.87,14621.24,5,London,Mobile App,Debit Card,0,0
TXN-101406,CUST-1083,57,Checking,Payment,Entertainment,5.85,6964.58,6958.73,8,Toronto,ATM,Wire Transfer,0,0
TXN-101407,CUST-1208,58,Savings,Payment,Entertainment,35.93,4463.08,4427.15,9,Toronto,ATM,Wire Transfer,0,0
TXN-101408,CUST-1332,39,Checking,Transfer,Entertainment,20.76,19390.57,19369.81,14,Tokyo,Web Browser,Credit Card,0,0
TXN-101409,CUST-1284,28,Checking,Transfer,Electronics,72.72,23675.1,23602.38,8,Mumbai,Web Browser,Debit Card,1,0
TXN-101410,CUST-1035,40,Savings,Transfer,Utilities,109.38,2600.97,2491.59,22,Berlin,ATM,Debit Card,0,0
TXN-101411,CUST-1214,18,Savings,Transfer,Retail,11.66,3974.2,3962.54,13,Berlin,Mobile App,Wire Transfer,0,0
TXN-101412,CUST-1026,63,Savings,Deposit,Entertainment,69.27,24004.32,24073.59,10,Toronto,Web Browser,Wire Transfer,0,0
TXN-101413,CUST-1145,54,Credit,Deposit,Groceries,34.62,1040.83,1075.45,6,Toronto,Mobile App,Credit Card,0,0
TXN-101414,CUST-1017,38,Business,Transfer,Electronics,161.22,24443.05,24281.83,23,Mumbai,POS Terminal,Wire Transfer,0,0
TXN-101415,CUST-1117,43,Savings,Payment,Travel,98.62,215.65,117.03,1,New York,Web Browser,Credit Card,0,0
TXN-101416,CUST-1136,63,Credit,Deposit,Retail,107.57,21854.35,21961.92,13,Mumbai,Web Browser,UPI / Wallet,0,0
TXN-101417,CUST-1066,53,Savings,Transfer,Groceries,88.71,7752.4,7663.69,5,Singapore,Web Browser,Credit Card,0,0
TXN-101418,CUST-1390,71,Savings,Withdrawal,Entertainment,473.6,23470.86,22997.26,4,Tokyo,POS Terminal,Credit Card,0,0
TXN-101419,CUST-1313,40,Credit,Deposit,Travel,41.26,7991.94,8033.2,4,London,ATM,Credit Card,0,0
TXN-101420,CUST-1462,74,Credit,Transfer,Retail,114.06,16392.23,16278.17,18,Berlin,Mobile App,UPI / Wallet,0,0
TXN-101421,CUST-1029,18,Business,Transfer,Electronics,204.78,2092.81,1888.03,18,Mumbai,POS Terminal,Wire Transfer,0,0
TXN-101422,CUST-1072,71,Checking,Deposit,Travel,127.08,6134.01,6261.09,5,Singapore,ATM,Credit Card,0,0
TXN-101423,CUST-1122,72,Savings,Payment,Utilities,401.81,19364.62,18962.81,9,Toronto,Web Browser,Wire Transfer,0,0
TXN-101424,CUST-1444,68,Credit,Transfer,Travel,76.21,13264.28,13188.07,22,Berlin,ATM,Credit Card,0,0
TXN-101425,CUST-1488,57,Savings,Transfer,Groceries,98.45,23206.43,23107.98,13,Berlin,ATM,Wire Transfer,0,0
TXN-101426,CUST-1474,32,Checking,Payment,Retail,18.9,10775.91,10757.01,16,London,ATM,Credit Card,0,0
TXN-101427,CUST-1227,38,Savings,Payment,Groceries,145.86,21758.33,21612.47,2,Berlin,Mobile App,Wire Transfer,0,0
TXN-101428,CUST-1337,64,Checking,Withdrawal,Groceries,56.0,11278.99,11222.99,0,Singapore,ATM,Debit Card,0,0
TXN-101429,CUST-1478,26,Savings,Deposit,Entertainment,31.21,24483.28,24514.49,9,Berlin,ATM,UPI / Wallet,0,0
TXN-101430,CUST-1272,70,Savings,Transfer,Electronics,122.96,23999.88,23876.92,2,Berlin,ATM,Credit Card,0,0
TXN-101431,CUST-1245,26,Credit,Payment,Travel,118.99,8295.5,8176.51,4,Mumbai,ATM,UPI / Wallet,0,0
TXN-101432,CUST-1436,27,Savings,Payment,Retail,16.84,22159.5,22142.66,18,Mumbai,POS Terminal,Credit Card,0,0
TXN-101433,CUST-1389,69,Checking,Payment,Utilities,184.71,21205.52,21020.81,9,Toronto,POS Terminal,Debit Card,0,0
TXN-101434,CUST-1038,74,Savings,Transfer,Electronics,151.63,5345.94,5194.31,15,Tokyo,ATM,Debit Card,0,0
TXN-101435,CUST-1408,70,Savings,Deposit,Electronics,36.43,15644.83,15681.26,0,New York,ATM,UPI / Wallet,0,0
TXN-101436,CUST-1169,43,Savings,Withdrawal,Retail,100.07,1909.79,1809.72,5,Singapore,ATM,Credit Card,0,0
TXN-101437,CUST-1425,58,Savings,Payment,Electronics,196.12,20934.1,20737.98,8,New York,Web Browser,Wire Transfer,0,0
TXN-101438,CUST-1314,52,Credit,Payment,Entertainment,118.07,4446.19,4328.12,4,New York,ATM,Credit Card,0,0
TXN-101439,CUST-1101,69,Savings,Transfer,Electronics,80.5,1863.29,1782.79,13,Berlin,ATM,Wire Transfer,0,0
TXN-101440,CUST-1293,42,Business,Payment,Entertainment,63.37,10065.46,10002.09,9,Toronto,POS Terminal,UPI / Wallet,0,0
TXN-101441,CUST-1414,43,Checking,Payment,Travel,146.39,14465.36,14318.97,1,London,POS Terminal,UPI / Wallet,0,0
TXN-101442,CUST-1242,28,Checking,Payment,Travel,424.8,21387.43,20962.63,4,London,POS Terminal,Debit Card,0,0
TXN-101443,CUST-1156,55,Checking,Deposit,Groceries,172.09,24358.64,24530.73,0,Berlin,Mobile App,Wire Transfer,1,0
TXN-101444,CUST-1359,19,Checking,Payment,Entertainment,16.65,11043.36,11026.71,9,Toronto,Web Browser,Credit Card,0,0
TXN-101445,CUST-1264,24,Credit,Payment,Utilities,97.62,1605.13,1507.51,21,Singapore,ATM,Debit Card,1,0
TXN-101446,CUST-1256,35,Savings,Withdrawal,Travel,337.22,18752.98,18415.76,8,New York,POS Terminal,UPI / Wallet,0,0
TXN-101447,CUST-1463,44,Savings,Transfer,Electronics,19.88,14172.81,14152.93,2,Tokyo,Mobile App,Debit Card,0,0
TXN-101448,CUST-1357,51,Credit,Payment,Retail,679.79,11252.49,10572.7,14,Toronto,ATM,Credit Card,0,0
TXN-101449,CUST-1342,44,Credit,Transfer,Retail,451.59,7800.8,7349.21,3,New York,ATM,Credit Card,0,0
TXN-101450,CUST-1122,34,Credit,Payment,Entertainment,17.23,12609.72,12592.49,12,London,POS Terminal,UPI / Wallet,0,0
TXN-101451,CUST-1455,60,Checking,Withdrawal,Utilities,411.39,8533.12,8121.73,5,New York,ATM,Debit Card,1,0
TXN-101452,CUST-1046,61,Credit,Payment,Groceries,72.68,18949.6,18876.92,19,Mumbai,ATM,Wire Transfer,0,0
TXN-101453,CUST-1331,68,Checking,Withdrawal,Electronics,284.37,13642.95,13358.58,16,Mumbai,ATM,Wire Transfer,0,0
TXN-101454,CUST-1009,71,Checking,Payment,Entertainment,86.29,21933.51,21847.22,22,Tokyo,POS Terminal,Wire Transfer,0,0
TXN-101455,CUST-1143,41,Savings,Transfer,Retail,92.2,13634.24,13542.04,4,Singapore,Mobile App,Credit Card,1,0
TXN-101456,CUST-1430,42,Checking,Withdrawal,Entertainment,155.87,6032.73,5876.86,14,New York,ATM,Debit Card,0,0
TXN-101457,CUST-1298,24,Savings,Transfer,Electronics,228.4,21292.19,21063.79,7,Mumbai,Mobile App,Wire Transfer,0,0
TXN-101458,CUST-1151,69,Savings,Transfer,Utilities,10.16,13974.75,13964.59,4,Singapore,ATM,Debit Card,0,1
TXN-101459,CUST-1486,23,Credit,Payment,Utilities,139.9,5250.34,5110.44,23,Toronto,POS Terminal,UPI / Wallet,0,0
TXN-101460,CUST-1135,70,Savings,Transfer,Travel,36.0,15625.34,15589.34,12,Toronto,Mobile App,Wire Transfer,0,0
TXN-101461,CUST-1074,41,Savings,Transfer,Electronics,68.69,9007.15,8938.46,0,Mumbai,POS Terminal,Debit Card,0,0
TXN-101462,CUST-1360,50,Savings,Payment,Travel,69.15,21125.7,21056.55,0,Singapore,Web Browser,Credit Card,0,0
TXN-101463,CUST-1025,66,Credit,Payment,Travel,99.97,11387.16,11287.19,6,Singapore,ATM,UPI / Wallet,0,0
TXN-101464,CUST-1006,46,Checking,Payment,Travel,66.0,18188.39,18122.39,21,Mumbai,Web Browser,UPI / Wallet,0,0
TXN-101465,CUST-1078,60,Checking,Deposit,Entertainment,22.04,2478.85,2500.89,4,Berlin,Web Browser,UPI / Wallet,0,0
TXN-101466,CUST-1014,39,Credit,Payment,Retail,28.61,9961.01,9932.4,13,London,Web Browser,UPI / Wallet,1,0
TXN-101467,CUST-1431,43,Credit,Withdrawal,Utilities,10.1,24582.71,24572.61,14,Singapore,ATM,Credit Card,1,0
TXN-101468,CUST-1386,45,Savings,Transfer,Entertainment,100.3,20230.66,20130.36,20,Toronto,POS Terminal,Credit Card,0,0
TXN-101469,CUST-1399,67,Checking,Payment,Retail,468.33,4082.53,3614.2,16,Berlin,Web Browser,Wire Transfer,0,0
TXN-101470,CUST-1206,38,Credit,Withdrawal,Utilities,23.44,7016.32,6992.88,23,New York,Mobile App,Credit Card,0,0
TXN-101471,CUST-1088,66,Checking,Payment,Electronics,443.55,8312.41,7868.86,17,Berlin,ATM,Credit Card,0,0
TXN-101472,CUST-1096,24,Savings,Withdrawal,Utilities,203.28,16294.1,16090.82,6,Mumbai,POS Terminal,UPI / Wallet,0,0
TXN-101473,CUST-1397,34,Credit,Payment,Utilities,157.21,18949.17,18791.96,21,Berlin,POS Terminal,Credit Card,0,0
TXN-101474,CUST-1215,37,Checking,Transfer,Utilities,160.46,18763.21,18602.75,17,London,Web Browser,UPI / Wallet,0,0
TXN-101475,CUST-1458,58,Savings,Payment,Groceries,267.93,12795.86,12527.93,18,Mumbai,ATM,Debit Card,0,0
TXN-101476,CUST-1258,66,Checking,Payment,Electronics,21.96,20289.43,20267.47,19,Tokyo,Web Browser,Debit Card,0,0
TXN-101477,CUST-1328,37,Savings,Withdrawal,Entertainment,110.41,10983.24,10872.83,6,New York,Mobile App,Debit Card,0,0
TXN-101478,CUST-1453,71,Savings,Transfer,Entertainment,184.15,3184.63,3000.48,7,Toronto,POS Terminal,Debit Card,0,0
TXN-101479,CUST-1286,39,Credit,Deposit,Retail,137.58,14154.6,14292.18,12,Tokyo,POS Terminal,Debit Card,0,0
TXN-101480,CUST-1374,45,Savings,Deposit,Entertainment,273.27,23812.3,24085.57,17,Berlin,ATM,Debit Card,0,0
TXN-101481,CUST-1463,57,Checking,Transfer,Travel,16.25,19845.54,19829.29,23,Singapore,POS Terminal,Debit Card,0,0
TXN-101482,CUST-1074,66,Checking,Transfer,Utilities,181.02,14509.65,14328.63,10,Berlin,ATM,UPI / Wallet,0,0
TXN-101483,CUST-1241,24,Savings,Withdrawal,Entertainment,119.54,16205.46,16085.92,8,Toronto,Web Browser,UPI / Wallet,0,0
TXN-101484,CUST-1016,18,Business,Deposit,Retail,76.5,23270.99,23347.49,22,Toronto,Mobile App,UPI / Wallet,0,0
TXN-101485,CUST-1176,49,Savings,Payment,Retail,67.39,10765.74,10698.35,0,Singapore,ATM,UPI / Wallet,0,0
TXN-101486,CUST-1258,30,Savings,Transfer,Travel,150.47,8351.71,8201.24,21,Tokyo,Web Browser,Credit Card,0,0
TXN-101487,CUST-1122,47,Savings,Payment,Retail,337.45,24433.31,24095.86,7,Tokyo,Mobile App,Credit Card,0,0
TXN-101488,CUST-1466,40,Savings,Payment,Groceries,107.83,21599.73,21491.9,20,Singapore,POS Terminal,Wire Transfer,0,0
TXN-101489,CUST-1471,68,Savings,Transfer,Utilities,266.21,8143.79,7877.58,11,London,Mobile App,Credit Card,0,0
TXN-101490,CUST-1310,73,Checking,Withdrawal,Utilities,82.16,11648.14,11565.98,1,New York,Mobile App,UPI / Wallet,0,0
TXN-101491,CUST-1110,36,Business,Transfer,Utilities,21.2,10435.45,10414.25,14,Mumbai,Mobile App,UPI / Wallet,1,0
TXN-101492,CUST-1255,49,Savings,Transfer,Electronics,14.52,3812.48,3797.96,20,Tokyo,POS Terminal,Debit Card,0,0
TXN-101493,CUST-1233,47,Checking,Payment,Entertainment,12.9,23949.7,23936.8,23,New York,ATM,Debit Card,0,0
TXN-101494,CUST-1455,46,Checking,Payment,Groceries,76.74,10167.38,10090.64,17,Mumbai,ATM,Wire Transfer,1,0
TXN-101495,CUST-1496,66,Credit,Transfer,Entertainment,66.7,21895.69,21828.99,16,Berlin,Mobile App,Credit Card,0,0
TXN-101496,CUST-1355,62,Checking,Payment,Groceries,194.84,4814.97,4620.13,14,Mumbai,Web Browser,UPI / Wallet,0,0
TXN-101497,CUST-1039,46,Savings,Transfer,Entertainment,208.7,13741.98,13533.28,19,Tokyo,Web Browser,Credit Card,0,0
TXN-101498,CUST-1121,47,Savings,Transfer,Travel,12.83,696.64,683.81,19,London,Mobile App,Wire Transfer,0,0
TXN-101499,CUST-1449,33,Checking,Transfer,Retail,42.49,19129.09,19086.6,8,London,Mobile App,Debit Card,0,0
TXN-101500,CUST-1214,57,Credit,Deposit,Retail,53.08,14564.76,14617.84,2,New York,Web Browser,UPI / Wallet,0,0
TXN-101501,CUST-1295,36,Savings,Payment,Travel,123.98,15677.18,15553.2,19,Berlin,Mobile App,Debit Card,0,0
TXN-101502,CUST-1285,35,Savings,Payment,Groceries,28.41,1387.85,1359.44,18,New York,Mobile App,UPI / Wallet,0,0
TXN-101503,CUST-1280,18,Credit,Payment,Electronics,26.57,5354.85,5328.28,17,Singapore,ATM,Debit Card,0,0
TXN-101504,CUST-1006,31,Credit,Deposit,Groceries,436.8,1950.84,2387.64,19,London,ATM,Debit Card,0,0
TXN-101505,CUST-1091,68,Business,Transfer,Retail,249.6,7293.97,7044.37,7,New York,Mobile App,Wire Transfer,0,0
TXN-101506,CUST-1360,64,Credit,Payment,Electronics,34.89,15723.23,15688.34,0,Singapore,Mobile App,Credit Card,1,0
TXN-101507,CUST-1433,67,Savings,Withdrawal,Entertainment,83.27,14198.03,14114.76,23,Berlin,POS Terminal,Debit Card,0,0
TXN-101508,CUST-1122,19,Checking,Payment,Electronics,70.92,15342.53,15271.61,23,Toronto,ATM,UPI / Wallet,0,0
TXN-101509,CUST-1336,71,Checking,Transfer,Groceries,239.82,13776.36,13536.54,14,Mumbai,Mobile App,Credit Card,0,0
TXN-101510,CUST-1095,45,Savings,Payment,Travel,112.07,6898.42,6786.35,18,New York,POS Terminal,Credit Card,0,0
TXN-101511,CUST-1000,66,Checking,Transfer,Entertainment,25.52,6188.24,6162.72,9,Singapore,POS Terminal,Debit Card,0,0
TXN-101512,CUST-1090,67,Checking,Payment,Groceries,206.48,3512.79,3306.31,11,London,POS Terminal,Debit Card,0,0
TXN-101513,CUST-1427,47,Savings,Withdrawal,Entertainment,80.85,21241.86,21161.01,5,Mumbai,POS Terminal,Debit Card,0,0
TXN-101514,CUST-1483,55,Credit,Transfer,Electronics,50.76,15450.34,15399.58,12,New York,ATM,Credit Card,0,0
TXN-101515,CUST-1432,68,Checking,Withdrawal,Retail,75.62,4744.12,4668.5,3,London,POS Terminal,Wire Transfer,1,0
TXN-101516,CUST-1006,21,Business,Transfer,Groceries,108.3,4512.51,4404.21,12,Toronto,ATM,Debit Card,0,0
TXN-101517,CUST-1119,18,Savings,Withdrawal,Travel,68.04,21838.59,21770.55,16,Mumbai,POS Terminal,Credit Card,0,0
TXN-101518,CUST-1386,25,Savings,Payment,Electronics,46.54,18594.0,18547.46,0,Tokyo,POS Terminal,Credit Card,0,0
TXN-101519,CUST-1349,46,Checking,Transfer,Groceries,81.25,16519.04,16437.79,4,London,Web Browser,UPI / Wallet,0,0
TXN-101520,CUST-1128,72,Savings,Transfer,Travel,7.9,10230.92,10223.02,23,Tokyo,ATM,Debit Card,0,0
TXN-101521,CUST-1178,56,Checking,Deposit,Groceries,227.09,6623.19,6850.28,16,Berlin,Web Browser,Wire Transfer,0,0
TXN-101522,CUST-1097,20,Credit,Transfer,Electronics,33.12,24488.32,24455.2,17,New York,Web Browser,UPI / Wallet,0,0
TXN-101523,CUST-1421,49,Savings,Transfer,Groceries,11.73,19951.27,19939.54,6,Toronto,POS Terminal,Debit Card,0,0
TXN-101524,CUST-1042,27,Checking,Transfer,Entertainment,164.07,7614.3,7450.23,15,Singapore,ATM,UPI / Wallet,0,0
TXN-101525,CUST-1182,27,Checking,Payment,Electronics,228.04,21204.36,20976.32,7,New York,Mobile App,Debit Card,1,0
TXN-101526,CUST-1184,36,Savings,Payment,Groceries,257.16,18997.41,18740.25,11,London,POS Terminal,UPI / Wallet,0,0
TXN-101527,CUST-1052,63,Credit,Transfer,Retail,107.04,7497.31,7390.27,13,Tokyo,ATM,Wire Transfer,1,0
TXN-101528,CUST-1227,51,Credit,Transfer,Groceries,39.48,10721.17,10681.69,18,Tokyo,Web Browser,UPI / Wallet,1,0
TXN-101529,CUST-1160,50,Checking,Transfer,Entertainment,205.47,4730.24,4524.77,10,Mumbai,ATM,UPI / Wallet,0,0
TXN-101530,CUST-1234,40,Checking,Transfer,Travel,185.45,2865.21,2679.76,11,New York,POS Terminal,UPI / Wallet,0,0
TXN-101531,CUST-1463,72,Checking,Payment,Travel,47.41,18096.77,18049.36,12,New York,ATM,Debit Card,0,0
TXN-101532,CUST-1445,45,Credit,Withdrawal,Travel,355.59,6761.05,6405.46,7,London,Web Browser,Debit Card,0,0
TXN-101533,CUST-1357,49,Checking,Transfer,Retail,21.53,20519.48,20497.95,0,Tokyo,ATM,Wire Transfer,0,0
TXN-101534,CUST-1394,67,Checking,Payment,Entertainment,613.46,24890.66,24277.2,8,London,ATM,UPI / Wallet,0,0
TXN-101535,CUST-1199,24,Credit,Payment,Electronics,300.18,2007.83,1707.65,1,London,Web Browser,Credit Card,0,0
TXN-101536,CUST-1435,46,Savings,Deposit,Travel,179.66,11878.57,12058.23,13,Berlin,POS Terminal,UPI / Wallet,0,0
TXN-101537,CUST-1000,25,Credit,Deposit,Entertainment,423.92,20071.36,20495.28,12,Tokyo,Mobile App,Credit Card,0,0
TXN-101538,CUST-1013,18,Savings,Withdrawal,Groceries,197.19,19744.88,19547.69,15,London,Web Browser,Credit Card,0,0
TXN-101539,CUST-1477,74,Savings,Transfer,Retail,36.69,19023.93,18987.24,1,Tokyo,Web Browser,UPI / Wallet,0,0
TXN-101540,CUST-1212,72,Savings,Transfer,Entertainment,92.55,8789.97,8697.42,3,London,POS Terminal,Credit Card,0,0
TXN-101541,CUST-1377,20,Business,Transfer,Entertainment,16.13,11400.95,11384.82,11,Singapore,POS Terminal,Credit Card,0,0
TXN-101542,CUST-1276,41,Credit,Transfer,Electronics,79.06,14914.71,14835.65,15,London,ATM,UPI / Wallet,0,0
TXN-101543,CUST-1033,40,Checking,Payment,Entertainment,207.99,24351.12,24143.13,9,London,Web Browser,Debit Card,0,0
TXN-101544,CUST-1485,25,Checking,Withdrawal,Electronics,78.27,8255.93,8177.66,2,Toronto,ATM,UPI / Wallet,1,0
TXN-101545,CUST-1473,71,Checking,Withdrawal,Retail,65.14,23086.28,23021.14,3,Singapore,ATM,Wire Transfer,0,0
TXN-101546,CUST-1360,74,Credit,Withdrawal,Retail,140.71,6806.99,6666.28,5,New York,POS Terminal,Credit Card,0,0
TXN-101547,CUST-1269,64,Checking,Payment,Groceries,313.6,24727.95,24414.35,22,Tokyo,POS Terminal,Wire Transfer,0,0
TXN-101548,CUST-1167,54,Savings,Payment,Electronics,12.31,16789.57,16777.26,4,Toronto,ATM,Credit Card,0,0
TXN-101549,CUST-1377,20,Savings,Transfer,Electronics,78.03,11641.44,11563.41,17,Mumbai,Web Browser,Debit Card,0,0
TXN-101550,CUST-1418,68,Credit,Transfer,Travel,30.84,15373.42,15342.58,2,Singapore,Web Browser,Credit Card,0,0
TXN-101551,CUST-1169,50,Checking,Withdrawal,Travel,183.29,6886.03,6702.74,9,Toronto,ATM,UPI / Wallet,0,0
TXN-101552,CUST-1081,45,Savings,Transfer,Groceries,21.76,6926.93,6905.17,10,New York,Mobile App,Credit Card,0,0
TXN-101553,CUST-1403,64,Savings,Payment,Retail,168.96,2927.51,2758.55,18,London,Mobile App,Wire Transfer,0,0
TXN-101554,CUST-1315,25,Credit,Transfer,Utilities,55.57,2939.85,2884.28,13,Berlin,POS Terminal,UPI / Wallet,0,0
TXN-101555,CUST-1136,51,Savings,Payment,Travel,38.27,8757.03,8718.76,20,New York,Web Browser,Wire Transfer,0,0
TXN-101556,CUST-1232,52,Checking,Withdrawal,Entertainment,418.16,19095.1,18676.94,10,Singapore,ATM,Debit Card,0,0
TXN-101557,CUST-1114,49,Business,Transfer,Retail,7.8,15238.48,15230.68,20,Berlin,ATM,Wire Transfer,0,0
TXN-101558,CUST-1251,41,Checking,Withdrawal,Utilities,91.38,2654.36,2562.98,3,London,Web Browser,Wire Transfer,0,0
TXN-101559,CUST-1492,31,Savings,Transfer,Entertainment,8.28,21320.69,21312.41,23,New York,POS Terminal,Wire Transfer,0,0
TXN-101560,CUST-1288,49,Checking,Payment,Electronics,104.13,15074.05,14969.92,21,Mumbai,POS Terminal,UPI / Wallet,0,0
TXN-101561,CUST-1048,73,Credit,Withdrawal,Retail,109.29,24025.3,23916.01,5,Tokyo,Mobile App,Debit Card,0,0
TXN-101562,CUST-1451,63,Checking,Payment,Groceries,63.22,16787.62,16724.4,16,Tokyo,Web Browser,Debit Card,0,0
TXN-101563,CUST-1003,60,Business,Deposit,Electronics,26.26,4461.85,4488.11,21,Singapore,Web Browser,Debit Card,0,0
TXN-101564,CUST-1378,33,Savings,Transfer,Electronics,75.83,11897.21,11821.38,18,Toronto,ATM,Wire Transfer,1,0
TXN-101565,CUST-1175,21,Checking,Payment,Entertainment,172.33,16247.59,16075.26,12,London,Web Browser,UPI / Wallet,0,0
TXN-101566,CUST-1271,69,Checking,Payment,Electronics,233.76,803.79,570.03,21,London,Mobile App,UPI / Wallet,0,0
TXN-101567,CUST-1430,54,Credit,Deposit,Travel,118.49,471.27,589.76,9,Tokyo,Web Browser,UPI / Wallet,0,0
TXN-101568,CUST-1025,71,Savings,Transfer,Retail,138.68,3322.13,3183.45,10,New York,ATM,Wire Transfer,0,0
TXN-101569,CUST-1069,38,Credit,Withdrawal,Travel,38.59,6366.44,6327.85,5,London,Mobile App,Debit Card,0,0
TXN-101570,CUST-1292,31,Checking,Payment,Entertainment,55.81,10795.77,10739.96,1,Mumbai,ATM,Wire Transfer,0,0
TXN-101571,CUST-1405,48,Savings,Transfer,Utilities,31.49,12237.27,12205.78,0,Mumbai,Web Browser,UPI / Wallet,0,0
TXN-101572,CUST-1233,72,Savings,Payment,Entertainment,48.01,3536.89,3488.88,10,London,POS Terminal,Wire Transfer,0,0
TXN-101573,CUST-1230,65,Credit,Transfer,Retail,43.21,16867.45,16824.24,15,London,Web Browser,Credit Card,0,0
TXN-101574,CUST-1262,35,Savings,Payment,Electronics,114.92,14943.84,14828.92,2,Tokyo,Web Browser,Debit Card,1,0
TXN-101575,CUST-1425,24,Savings,Withdrawal,Groceries,129.07,7432.16,7303.09,4,Singapore,ATM,Debit Card,0,0
TXN-101576,CUST-1285,27,Savings,Payment,Entertainment,439.92,440.13,0.21,14,Tokyo,POS Terminal,UPI / Wallet,0,0
TXN-101577,CUST-1073,24,Credit,Payment,Retail,37.64,2033.43,1995.79,14,Singapore,Web Browser,Wire Transfer,0,0
TXN-101578,CUST-1120,50,Checking,Payment,Groceries,158.95,9853.2,9694.25,3,Mumbai,Mobile App,UPI / Wallet,0,0
TXN-101579,CUST-1462,40,Credit,Transfer,Electronics,259.95,3933.96,3674.01,22,Singapore,Mobile App,Wire Transfer,0,0
TXN-101580,CUST-1005,38,Savings,Transfer,Utilities,128.23,9482.81,9354.58,3,Tokyo,ATM,Credit Card,0,0
TXN-101581,CUST-1023,36,Checking,Payment,Entertainment,49.16,15741.75,15692.59,7,London,ATM,Debit Card,0,0
TXN-101582,CUST-1193,65,Checking,Transfer,Utilities,50.68,13726.21,13675.53,6,Singapore,POS Terminal,Debit Card,0,0
TXN-101583,CUST-1167,36,Credit,Transfer,Retail,11.01,5856.28,5845.27,16,Tokyo,ATM,Wire Transfer,0,1
TXN-101584,CUST-1376,53,Credit,Payment,Utilities,59.67,8661.18,8601.51,14,Mumbai,POS Terminal,Debit Card,0,0
TXN-101585,CUST-1499,46,Savings,Transfer,Utilities,209.74,15389.38,15179.64,4,Berlin,Web Browser,Wire Transfer,0,0
TXN-101586,CUST-1398,35,Checking,Transfer,Retail,12.3,21535.29,21522.99,12,Singapore,Mobile App,UPI / Wallet,0,0
TXN-101587,CUST-1436,19,Savings,Payment,Retail,42.13,18855.01,18812.88,3,Mumbai,Mobile App,Credit Card,1,0
TXN-101588,CUST-1340,18,Checking,Transfer,Entertainment,188.74,13879.66,13690.92,21,Mumbai,Mobile App,Wire Transfer,0,0
TXN-101589,CUST-1209,64,Savings,Deposit,Utilities,233.94,9121.1,9355.04,16,New York,ATM,Credit Card,0,0
TXN-101590,CUST-1132,22,Savings,Withdrawal,Groceries,96.13,9189.78,9093.65,21,Berlin,ATM,UPI / Wallet,0,0
TXN-101591,CUST-1344,37,Savings,Withdrawal,Retail,184.64,21997.49,21812.85,16,Singapore,Web Browser,UPI / Wallet,0,0
TXN-101592,CUST-1291,28,Checking,Transfer,Electronics,78.64,1077.17,998.53,13,Tokyo,ATM,UPI / Wallet,0,0
TXN-101593,CUST-1457,59,Savings,Withdrawal,Utilities,31.14,24700.77,24669.63,13,Singapore,POS Terminal,Wire Transfer,0,0
TXN-101594,CUST-1498,19,Checking,Withdrawal,Retail,81.16,16642.95,16561.79,16,Singapore,Mobile App,Credit Card,0,0
TXN-101595,CUST-1173,20,Checking,Withdrawal,Groceries,135.11,17060.33,16925.22,7,Berlin,Web Browser,Credit Card,0,0
TXN-101596,CUST-1150,40,Savings,Transfer,Entertainment,448.63,1046.15,597.52,1,Toronto,POS Terminal,Debit Card,0,0
TXN-101597,CUST-1087,72,Credit,Payment,Utilities,15.68,15177.68,15162.0,12,Mumbai,POS Terminal,Wire Transfer,0,0
TXN-101598,CUST-1300,29,Savings,Withdrawal,Retail,111.21,12170.97,12059.76,21,Mumbai,ATM,Debit Card,0,0
TXN-101599,CUST-1265,37,Checking,Payment,Retail,64.83,2733.89,2669.06,15,Mumbai,ATM,Debit Card,0,0
TXN-101600,CUST-1309,22,Checking,Payment,Electronics,111.49,7020.26,6908.77,15,Mumbai,Mobile App,Wire Transfer,0,0
TXN-101601,CUST-1069,54,Savings,Payment,Electronics,8.64,22268.83,22260.19,5,Berlin,Web Browser,Debit Card,0,0
TXN-101602,CUST-1204,55,Savings,Payment,Utilities,61.32,13794.71,13733.39,21,Tokyo,POS Terminal,Debit Card,1,0
TXN-101603,CUST-1340,47,Savings,Transfer,Retail,262.11,10394.07,10131.96,23,London,ATM,Debit Card,0,1
TXN-101604,CUST-1031,26,Credit,Payment,Utilities,126.1,1909.79,1783.69,3,New York,ATM,UPI / Wallet,0,0
TXN-101605,CUST-1042,51,Checking,Transfer,Retail,94.83,17881.63,17786.8,2,Toronto,Web Browser,Wire Transfer,0,0
TXN-101606,CUST-1117,70,Checking,Payment,Electronics,55.43,17600.99,17545.56,5,Toronto,Web Browser,UPI / Wallet,0,0
TXN-101607,CUST-1376,61,Checking,Transfer,Groceries,58.08,15389.69,15331.61,3,Mumbai,ATM,Debit Card,0,0
TXN-101608,CUST-1014,52,Savings,Payment,Travel,77.46,12805.54,12728.08,17,Mumbai,ATM,Debit Card,1,0
TXN-101609,CUST-1321,69,Checking,Transfer,Travel,275.79,10901.23,10625.44,5,New York,Mobile App,UPI / Wallet,0,0
TXN-101610,CUST-1398,39,Credit,Payment,Retail,517.66,14872.45,14354.79,4,Mumbai,Web Browser,Debit Card,0,0
TXN-101611,CUST-1114,61,Savings,Withdrawal,Electronics,91.61,5911.55,5819.94,8,London,POS Terminal,Wire Transfer,0,1
TXN-101612,CUST-1336,41,Savings,Transfer,Entertainment,79.97,23537.35,23457.38,10,Toronto,ATM,Credit Card,0,1
TXN-101613,CUST-1019,34,Savings,Transfer,Entertainment,286.16,14760.98,14474.82,5,Singapore,ATM,UPI / Wallet,0,0
TXN-101614,CUST-1177,27,Checking,Transfer,Travel,88.51,7848.69,7760.18,15,New York,ATM,Credit Card,0,0
TXN-101615,CUST-1261,47,Business,Withdrawal,Groceries,125.45,11297.03,11171.58,18,Toronto,ATM,Credit Card,0,0
TXN-101616,CUST-1078,73,Savings,Payment,Travel,44.39,20161.55,20117.16,10,Tokyo,Mobile App,Credit Card,0,0
TXN-101617,CUST-1380,63,Checking,Payment,Retail,209.1,4124.24,3915.14,20,Toronto,Web Browser,UPI / Wallet,0,0
TXN-101618,CUST-1400,40,Savings,Transfer,Groceries,118.89,7391.61,7272.72,14,New York,ATM,Debit Card,1,0
TXN-101619,CUST-1119,49,Business,Payment,Entertainment,253.35,17019.75,16766.4,23,London,Web Browser,Wire Transfer,0,0
TXN-101620,CUST-1025,34,Savings,Withdrawal,Electronics,232.62,7955.68,7723.06,8,Berlin,POS Terminal,Debit Card,0,0
TXN-101621,CUST-1021,67,Checking,Withdrawal,Electronics,41.31,19833.29,19791.98,23,Tokyo,POS Terminal,Wire Transfer,0,0
TXN-101622,CUST-1200,68,Checking,Payment,Retail,193.62,3348.29,3154.67,18,Singapore,POS Terminal,Debit Card,0,0
TXN-101623,CUST-1063,34,Checking,Transfer,Travel,246.46,19090.89,18844.43,18,Mumbai,POS Terminal,Credit Card,0,0
TXN-101624,CUST-1459,31,Checking,Transfer,Retail,68.72,1801.96,1733.24,23,New York,Web Browser,Credit Card,0,0
TXN-101625,CUST-1213,26,Savings,Transfer,Electronics,33.42,413.56,380.14,8,Tokyo,POS Terminal,Wire Transfer,0,0
TXN-101626,CUST-1313,57,Savings,Transfer,Entertainment,5.4,22465.77,22460.37,22,New York,POS Terminal,UPI / Wallet,1,0
TXN-101627,CUST-1470,19,Savings,Transfer,Electronics,94.92,14575.35,14480.43,3,Singapore,ATM,Debit Card,0,0
TXN-101628,CUST-1292,62,Savings,Transfer,Groceries,70.18,8860.49,8790.31,9,New York,ATM,Credit Card,0,0
TXN-101629,CUST-1077,42,Checking,Payment,Utilities,126.42,5891.61,5765.19,8,Toronto,ATM,Wire Transfer,0,0
TXN-101630,CUST-1215,56,Savings,Deposit,Electronics,36.25,15460.46,15496.71,18,Toronto,Mobile App,Debit Card,0,0
TXN-101631,CUST-1455,26,Savings,Payment,Electronics,299.56,12774.15,12474.59,14,Tokyo,ATM,Wire Transfer,1,0
TXN-101632,CUST-1473,71,Checking,Withdrawal,Utilities,49.71,24790.78,24741.07,18,London,POS Terminal,UPI / Wallet,0,0
TXN-101633,CUST-1223,39,Business,Withdrawal,Groceries,43.51,24582.08,24538.57,1,Berlin,Web Browser,UPI / Wallet,0,0
TXN-101634,CUST-1376,60,Checking,Transfer,Travel,103.3,15912.11,15808.81,9,Tokyo,POS Terminal,Debit Card,0,0
TXN-101635,CUST-1027,63,Savings,Withdrawal,Electronics,108.63,11127.48,11018.85,18,New York,Web Browser,UPI / Wallet,0,0
TXN-101636,CUST-1479,21,Savings,Transfer,Retail,41.33,12329.41,12288.08,16,Singapore,POS Terminal,Debit Card,0,0
TXN-101637,CUST-1469,43,Business,Payment,Electronics,52.59,17093.73,17041.14,19,Toronto,Mobile App,Debit Card,0,0
TXN-101638,CUST-1304,46,Savings,Transfer,Retail,32.9,2629.21,2596.31,23,Mumbai,ATM,UPI / Wallet,1,0
TXN-101639,CUST-1200,62,Savings,Deposit,Groceries,195.12,8275.97,8471.09,20,Mumbai,POS Terminal,Wire Transfer,0,0
TXN-101640,CUST-1066,51,Checking,Transfer,Electronics,225.51,1974.28,1748.77,1,Singapore,ATM,Wire Transfer,0,0
TXN-101641,CUST-1472,40,Checking,Transfer,Groceries,98.08,1926.68,1828.6,18,New York,Mobile App,Debit Card,0,0
TXN-101642,CUST-1358,54,Checking,Deposit,Groceries,192.81,4976.4,5169.21,16,Berlin,Mobile App,Credit Card,0,1
TXN-101643,CUST-1125,28,Savings,Transfer,Travel,204.73,12182.81,11978.08,17,Singapore,ATM,Debit Card,0,0
TXN-101644,CUST-1459,23,Savings,Payment,Electronics,27.32,19640.88,19613.56,16,New York,ATM,Wire Transfer,0,0
TXN-101645,CUST-1348,35,Business,Withdrawal,Retail,513.0,12188.85,11675.85,1,Tokyo,Web Browser,Debit Card,0,1
TXN-101646,CUST-1194,38,Savings,Withdrawal,Retail,263.08,8453.37,8190.29,18,Berlin,ATM,Wire Transfer,0,0
TXN-101647,CUST-1424,59,Checking,Deposit,Electronics,39.31,2150.59,2189.9,0,London,ATM,UPI / Wallet,0,0
TXN-101648,CUST-1173,53,Checking,Deposit,Utilities,35.9,13802.36,13838.26,10,New York,Web Browser,Debit Card,0,0
TXN-101649,CUST-1086,58,Checking,Transfer,Travel,25.14,6854.59,6829.45,9,Mumbai,POS Terminal,Debit Card,0,0
TXN-101650,CUST-1342,55,Savings,Withdrawal,Travel,27.34,15411.86,15384.52,4,Mumbai,Web Browser,UPI / Wallet,0,0
TXN-101651,CUST-1310,51,Savings,Payment,Travel,211.85,24431.97,24220.12,15,Toronto,POS Terminal,UPI / Wallet,0,0
TXN-101652,CUST-1465,34,Checking,Payment,Retail,100.13,2871.73,2771.6,23,Berlin,POS Terminal,Credit Card,0,0
TXN-101653,CUST-1394,54,Credit,Transfer,Groceries,234.13,5381.92,5147.79,4,London,POS Terminal,UPI / Wallet,0,0
TXN-101654,CUST-1483,42,Credit,Payment,Utilities,210.71,11880.05,11669.34,23,New York,Web Browser,Credit Card,0,0
TXN-101655,CUST-1153,55,Savings,Deposit,Travel,144.18,24218.48,24362.66,22,London,Web Browser,UPI / Wallet,0,0
TXN-101656,CUST-1455,29,Savings,Deposit,Retail,178.93,19318.06,19496.99,11,Toronto,Mobile App,Wire Transfer,0,0
TXN-101657,CUST-1475,40,Credit,Payment,Retail,7.78,22465.91,22458.13,3,Tokyo,POS Terminal,Debit Card,0,0
TXN-101658,CUST-1209,70,Checking,Transfer,Groceries,61.05,8409.5,8348.45,22,London,Web Browser,UPI / Wallet,1,0
TXN-101659,CUST-1012,59,Credit,Payment,Electronics,157.34,24801.76,24644.42,5,Tokyo,Mobile App,Wire Transfer,0,0
TXN-101660,CUST-1163,39,Savings,Withdrawal,Electronics,6.41,2660.54,2654.13,18,Mumbai,POS Terminal,UPI / Wallet,0,0
TXN-101661,CUST-1489,38,Checking,Withdrawal,Travel,10.03,1419.03,1409.0,8,Tokyo,Web Browser,Debit Card,0,0
TXN-101662,CUST-1487,44,Checking,Payment,Travel,291.47,21404.51,21113.04,11,New York,Web Browser,UPI / Wallet,0,0
TXN-101663,CUST-1254,74,Checking,Transfer,Utilities,177.81,23188.9,23011.09,14,Berlin,Web Browser,UPI / Wallet,0,0
TXN-101664,CUST-1383,48,Checking,Payment,Groceries,51.26,2355.58,2304.32,15,Berlin,ATM,Debit Card,1,0
TXN-101665,CUST-1491,23,Savings,Payment,Travel,179.69,2924.34,2744.65,12,New York,Mobile App,UPI / Wallet,0,0
TXN-101666,CUST-1063,44,Checking,Deposit,Groceries,240.86,926.04,1166.9,20,New York,Web Browser,Debit Card,0,0
TXN-101667,CUST-1306,57,Savings,Payment,Retail,59.96,2702.24,2642.28,23,New York,ATM,Credit Card,0,0
TXN-101668,CUST-1075,51,Checking,Transfer,Travel,10.51,5314.55,5304.04,6,Singapore,Mobile App,UPI / Wallet,1,0
TXN-101669,CUST-1021,29,Business,Payment,Retail,409.97,24254.91,23844.94,22,Toronto,Mobile App,Wire Transfer,0,0
TXN-101670,CUST-1059,62,Savings,Transfer,Entertainment,68.51,16729.72,16661.21,19,Tokyo,ATM,UPI / Wallet,0,0
TXN-101671,CUST-1385,74,Credit,Deposit,Groceries,21.89,19485.97,19507.86,3,New York,Mobile App,Debit Card,0,0
TXN-101672,CUST-1055,70,Savings,Payment,Entertainment,106.55,19425.87,19319.32,10,Berlin,ATM,Debit Card,0,0
TXN-101673,CUST-1167,24,Checking,Payment,Travel,224.46,13423.34,13198.88,7,London,POS Terminal,Wire Transfer,0,0
TXN-101674,CUST-1411,27,Business,Payment,Retail,42.59,19957.48,19914.89,5,London,Web Browser,Wire Transfer,0,0
TXN-101675,CUST-1204,62,Savings,Payment,Travel,52.1,14935.61,14883.51,9,Singapore,ATM,Debit Card,0,0
TXN-101676,CUST-1352,34,Savings,Payment,Entertainment,46.7,7932.2,7885.5,6,Tokyo,Mobile App,Credit Card,0,0
TXN-101677,CUST-1258,43,Checking,Withdrawal,Travel,723.24,14071.64,13348.4,6,Tokyo,Mobile App,Credit Card,0,0
TXN-101678,CUST-1190,38,Savings,Transfer,Utilities,37.99,13384.36,13346.37,3,Toronto,POS Terminal,Debit Card,0,0
TXN-101679,CUST-1481,45,Checking,Transfer,Electronics,133.53,20603.98,20470.45,2,Tokyo,POS Terminal,Credit Card,0,0
TXN-101680,CUST-1406,63,Credit,Transfer,Entertainment,394.07,24545.01,24150.94,23,Berlin,POS Terminal,Wire Transfer,0,0
TXN-101681,CUST-1054,19,Checking,Payment,Travel,28.83,10334.96,10306.13,6,Berlin,POS Terminal,Credit Card,0,0
TXN-101682,CUST-1415,71,Savings,Transfer,Retail,535.32,19108.43,18573.11,3,Toronto,POS Terminal,Wire Transfer,0,0
TXN-101683,CUST-1339,60,Checking,Payment,Travel,446.98,2584.1,2137.12,12,Singapore,Web Browser,UPI / Wallet,0,0
TXN-101684,CUST-1283,18,Checking,Withdrawal,Retail,328.87,19443.1,19114.23,19,Tokyo,ATM,Wire Transfer,1,0
TXN-101685,CUST-1379,68,Savings,Withdrawal,Electronics,41.23,9348.28,9307.05,16,Tokyo,POS Terminal,UPI / Wallet,1,0
TXN-101686,CUST-1263,70,Checking,Payment,Travel,155.79,1080.82,925.03,6,New York,POS Terminal,Wire Transfer,0,0
TXN-101687,CUST-1258,53,Checking,Payment,Electronics,219.63,9144.83,8925.2,16,Tokyo,Web Browser,Wire Transfer,0,0
TXN-101688,CUST-1349,68,Checking,Transfer,Entertainment,645.6,15305.0,14659.4,3,Berlin,ATM,Credit Card,0,0
TXN-101689,CUST-1088,43,Savings,Payment,Retail,34.85,3069.33,3034.48,10,New York,POS Terminal,Wire Transfer,0,0
TXN-101690,CUST-1436,46,Checking,Withdrawal,Utilities,222.88,23108.46,22885.58,2,New York,ATM,Debit Card,0,0
TXN-101691,CUST-1221,38,Savings,Transfer,Entertainment,67.06,2034.04,1966.98,10,Tokyo,ATM,UPI / Wallet,0,0
TXN-101692,CUST-1412,28,Savings,Payment,Retail,33.97,23257.17,23223.2,2,London,Web Browser,UPI / Wallet,0,0
TXN-101693,CUST-1494,57,Credit,Withdrawal,Electronics,87.07,17707.72,17620.65,11,Mumbai,Web Browser,Wire Transfer,1,0
TXN-101694,CUST-1349,28,Checking,Withdrawal,Groceries,241.86,8309.83,8067.97,0,Berlin,POS Terminal,Debit Card,0,0
TXN-101695,CUST-1481,53,Savings,Transfer,Travel,98.78,9829.68,9730.9,3,London,Mobile App,Wire Transfer,0,0
TXN-101696,CUST-1088,66,Savings,Payment,Electronics,120.67,18546.15,18425.48,13,Tokyo,Web Browser,Wire Transfer,0,0
TXN-101697,CUST-1464,56,Savings,Transfer,Retail,804.61,15076.63,14272.02,0,Tokyo,ATM,Credit Card,0,1
TXN-101698,CUST-1058,57,Savings,Transfer,Retail,81.4,16823.91,16742.51,13,London,ATM,Wire Transfer,0,0
TXN-101699,CUST-1151,52,Savings,Deposit,Retail,148.33,9790.2,9938.53,12,Tokyo,POS Terminal,Wire Transfer,1,0
TXN-101700,CUST-1421,71,Savings,Withdrawal,Retail,73.18,12246.56,12173.38,12,Berlin,POS Terminal,Credit Card,0,0
TXN-101701,CUST-1027,51,Checking,Withdrawal,Travel,79.83,24747.7,24667.87,23,Toronto,POS Terminal,Credit Card,0,0
TXN-101702,CUST-1224,72,Checking,Transfer,Entertainment,183.43,5426.68,5243.25,14,New York,ATM,Debit Card,0,0
TXN-101703,CUST-1317,64,Checking,Withdrawal,Utilities,421.82,10504.62,10082.8,16,Singapore,Web Browser,Credit Card,0,0
TXN-101704,CUST-1483,41,Checking,Payment,Groceries,122.25,7366.4,7244.15,11,Tokyo,Mobile App,UPI / Wallet,0,0
TXN-101705,CUST-1050,71,Savings,Transfer,Travel,224.41,19151.28,18926.87,21,Tokyo,Web Browser,UPI / Wallet,1,0
TXN-101706,CUST-1262,39,Business,Payment,Retail,19.02,19123.91,19104.89,22,London,Mobile App,Debit Card,0,0
TXN-101707,CUST-1278,22,Credit,Transfer,Travel,40.58,7381.89,7341.31,13,New York,Web Browser,Wire Transfer,0,0
TXN-101708,CUST-1045,73,Credit,Withdrawal,Electronics,109.61,2126.62,2017.01,11,London,POS Terminal,Debit Card,1,0
TXN-101709,CUST-1473,50,Credit,Payment,Utilities,8.03,384.67,376.64,17,Toronto,ATM,Credit Card,0,0
TXN-101710,CUST-1333,53,Credit,Transfer,Retail,48.72,10743.52,10694.8,3,Berlin,Mobile App,Wire Transfer,0,0
TXN-101711,CUST-1105,64,Checking,Transfer,Groceries,114.29,10317.41,10203.12,13,London,Web Browser,Debit Card,1,0
TXN-101712,CUST-1283,37,Savings,Transfer,Retail,7.26,24710.91,24703.65,18,Tokyo,ATM,Debit Card,0,0
TXN-101713,CUST-1023,36,Checking,Transfer,Utilities,51.09,11798.07,11746.98,12,New York,Mobile App,UPI / Wallet,0,0
TXN-101714,CUST-1006,52,Checking,Payment,Groceries,113.24,6484.82,6371.58,22,Berlin,Mobile App,Debit Card,0,0
TXN-101715,CUST-1367,69,Checking,Withdrawal,Utilities,132.7,22291.61,22158.91,17,Tokyo,ATM,Wire Transfer,0,0
TXN-101716,CUST-1483,60,Checking,Transfer,Groceries,395.05,12327.59,11932.54,10,Berlin,POS Terminal,Debit Card,0,0
TXN-101717,CUST-1486,34,Savings,Transfer,Entertainment,160.49,15019.47,14858.98,5,Tokyo,ATM,Debit Card,0,0
TXN-101718,CUST-1334,62,Savings,Payment,Entertainment,85.35,2482.15,2396.8,8,Tokyo,POS Terminal,Credit Card,0,0
TXN-101719,CUST-1432,60,Credit,Withdrawal,Travel,404.64,9634.62,9229.98,11,Tokyo,Web Browser,Debit Card,0,0
TXN-101720,CUST-1002,51,Checking,Transfer,Travel,235.49,23611.17,23375.68,18,Singapore,Web Browser,Wire Transfer,0,0
TXN-101721,CUST-1495,26,Checking,Transfer,Groceries,38.47,14778.68,14740.21,13,Mumbai,ATM,UPI / Wallet,0,0
TXN-101722,CUST-1257,43,Savings,Payment,Retail,26.03,8678.1,8652.07,14,New York,POS Terminal,UPI / Wallet,0,0
TXN-101723,CUST-1262,19,Savings,Transfer,Electronics,173.96,15679.11,15505.15,10,Toronto,Web Browser,UPI / Wallet,0,0
TXN-101724,CUST-1120,70,Credit,Transfer,Electronics,128.11,22769.24,22641.13,5,Singapore,POS Terminal,UPI / Wallet,0,0
TXN-101725,CUST-1207,26,Checking,Withdrawal,Retail,238.86,6922.37,6683.51,13,Mumbai,POS Terminal,Credit Card,0,0
TXN-101726,CUST-1020,26,Credit,Payment,Retail,206.37,12677.41,12471.04,2,Berlin,POS Terminal,Wire Transfer,0,0
TXN-101727,CUST-1392,57,Checking,Payment,Entertainment,152.21,23971.4,23819.19,18,Mumbai,ATM,Credit Card,0,0
TXN-101728,CUST-1139,34,Checking,Withdrawal,Electronics,649.46,4392.66,3743.2,19,Mumbai,POS Terminal,UPI / Wallet,0,0
TXN-101729,CUST-1476,18,Savings,Payment,Groceries,119.4,18019.63,17900.23,10,Singapore,ATM,Credit Card,0,0
TXN-101730,CUST-1279,42,Checking,Transfer,Utilities,23.0,15400.58,15377.58,23,New York,Web Browser,Debit Card,0,0
TXN-101731,CUST-1288,60,Checking,Payment,Travel,269.28,17023.91,16754.63,16,London,Web Browser,Wire Transfer,1,0
TXN-101732,CUST-1205,57,Checking,Transfer,Utilities,48.52,8845.37,8796.85,16,Mumbai,Mobile App,Debit Card,0,0
TXN-101733,CUST-1042,59,Checking,Transfer,Entertainment,230.29,7915.6,7685.31,22,London,Mobile App,Credit Card,1,0
TXN-101734,CUST-1337,42,Credit,Payment,Electronics,477.36,17136.82,16659.46,2,London,Web Browser,Debit Card,0,0
TXN-101735,CUST-1117,56,Savings,Withdrawal,Retail,184.0,5467.03,5283.03,13,Tokyo,POS Terminal,Credit Card,0,0
TXN-101736,CUST-1004,52,Credit,Deposit,Electronics,140.96,10549.4,10690.36,6,London,POS Terminal,Credit Card,0,0
TXN-101737,CUST-1206,20,Savings,Payment,Groceries,97.54,4785.55,4688.01,18,Berlin,Web Browser,Wire Transfer,0,0
TXN-101738,CUST-1122,67,Checking,Transfer,Entertainment,72.98,306.79,233.81,2,Berlin,Web Browser,Wire Transfer,0,0
TXN-101739,CUST-1326,54,Savings,Transfer,Retail,70.31,24254.43,24184.12,1,Tokyo,Mobile App,Wire Transfer,0,0
TXN-101740,CUST-1344,61,Savings,Withdrawal,Utilities,156.74,10849.4,10692.66,16,New York,POS Terminal,UPI / Wallet,0,0
TXN-101741,CUST-1141,61,Checking,Payment,Groceries,213.71,24236.81,24023.1,8,Toronto,Web Browser,Wire Transfer,0,0
TXN-101742,CUST-1371,68,Savings,Payment,Utilities,175.22,3594.06,3418.84,21,New York,Mobile App,Debit Card,0,0
TXN-101743,CUST-1231,47,Checking,Withdrawal,Travel,38.17,14725.43,14687.26,5,Berlin,Mobile App,Wire Transfer,0,1
TXN-101744,CUST-1163,55,Credit,Withdrawal,Entertainment,107.18,5104.25,4997.07,23,Toronto,POS Terminal,Wire Transfer,0,0
TXN-101745,CUST-1034,51,Savings,Withdrawal,Groceries,240.27,19772.85,19532.58,20,Tokyo,Mobile App,Wire Transfer,0,0
TXN-101746,CUST-1363,29,Credit,Transfer,Groceries,101.85,19614.2,19512.35,8,New York,Mobile App,Credit Card,0,0
TXN-101747,CUST-1433,36,Checking,Withdrawal,Utilities,120.38,2903.92,2783.54,4,Toronto,ATM,Credit Card,1,0
TXN-101748,CUST-1471,54,Checking,Withdrawal,Retail,226.19,22810.4,22584.21,1,Toronto,Web Browser,Wire Transfer,0,0
TXN-101749,CUST-1334,61,Savings,Transfer,Travel,167.38,4946.28,4778.9,21,Mumbai,POS Terminal,Credit Card,0,0
TXN-101750,CUST-1010,66,Savings,Payment,Utilities,83.98,15363.14,15279.16,14,New York,Web Browser,Credit Card,0,0
TXN-101751,CUST-1407,34,Savings,Transfer,Groceries,343.66,24642.28,24298.62,8,Tokyo,ATM,UPI / Wallet,1,0
TXN-101752,CUST-1074,27,Savings,Deposit,Entertainment,31.61,22071.67,22103.28,18,Toronto,POS Terminal,Debit Card,0,0
TXN-101753,CUST-1299,74,Savings,Transfer,Groceries,816.1,23918.44,23102.34,9,Berlin,Web Browser,Credit Card,0,0
TXN-101754,CUST-1434,72,Checking,Payment,Electronics,23.98,8630.71,8606.73,3,Mumbai,Mobile App,Debit Card,0,0
TXN-101755,CUST-1400,66,Credit,Transfer,Entertainment,7.26,2728.83,2721.57,9,London,POS Terminal,Credit Card,0,0
TXN-101756,CUST-1380,64,Credit,Withdrawal,Entertainment,336.12,4789.84,4453.72,7,London,ATM,Wire Transfer,0,0
TXN-101757,CUST-1197,29,Checking,Transfer,Groceries,47.15,12562.32,12515.17,21,London,Mobile App,Credit Card,0,0
TXN-101758,CUST-1340,33,Savings,Transfer,Retail,201.23,19851.42,19650.19,12,Berlin,ATM,Credit Card,0,0
TXN-101759,CUST-1263,41,Savings,Payment,Entertainment,254.91,3838.83,3583.92,6,Toronto,Mobile App,Debit Card,0,0
TXN-101760,CUST-1334,36,Savings,Deposit,Electronics,298.83,16527.32,16826.15,6,Tokyo,Web Browser,Wire Transfer,0,0
TXN-101761,CUST-1373,25,Savings,Transfer,Utilities,721.83,8157.08,7435.25,3,London,Web Browser,UPI / Wallet,0,0
TXN-101762,CUST-1499,48,Checking,Transfer,Retail,57.23,8595.93,8538.7,14,New York,Web Browser,Debit Card,1,0
TXN-101763,CUST-1223,38,Checking,Withdrawal,Retail,190.81,16581.75,16390.94,11,London,ATM,Wire Transfer,1,0
TXN-101764,CUST-1121,34,Savings,Payment,Retail,23.39,11728.29,11704.9,15,Toronto,POS Terminal,Wire Transfer,0,0
TXN-101765,CUST-1073,40,Savings,Deposit,Entertainment,83.34,20319.63,20402.97,5,Singapore,Web Browser,Debit Card,0,0
TXN-101766,CUST-1027,54,Credit,Transfer,Retail,287.55,3982.37,3694.82,8,Berlin,ATM,Credit Card,0,0
TXN-101767,CUST-1462,71,Credit,Payment,Groceries,73.75,19769.71,19695.96,2,Singapore,Mobile App,Wire Transfer,0,0
TXN-101768,CUST-1395,33,Savings,Transfer,Retail,139.14,1699.46,1560.32,7,London,Web Browser,UPI / Wallet,0,0
TXN-101769,CUST-1170,23,Credit,Transfer,Electronics,110.11,4931.94,4821.83,6,Toronto,Mobile App,Credit Card,1,0
TXN-101770,CUST-1465,25,Business,Payment,Travel,160.75,16438.13,16277.38,3,London,Web Browser,Debit Card,0,0
TXN-101771,CUST-1375,42,Savings,Payment,Electronics,546.2,21387.65,20841.45,12,Singapore,Mobile App,Debit Card,0,0
TXN-101772,CUST-1420,35,Savings,Withdrawal,Entertainment,13.6,6391.72,6378.12,18,Toronto,ATM,Debit Card,0,0
TXN-101773,CUST-1363,42,Checking,Transfer,Retail,132.98,8247.07,8114.09,6,Berlin,Web Browser,Debit Card,0,0
TXN-101774,CUST-1382,29,Credit,Payment,Retail,303.2,13474.31,13171.11,9,Berlin,ATM,UPI / Wallet,0,0
TXN-101775,CUST-1215,32,Credit,Payment,Groceries,103.49,5368.16,5264.67,11,London,ATM,UPI / Wallet,1,0
TXN-101776,CUST-1318,43,Savings,Deposit,Utilities,17.27,20297.79,20315.06,2,Berlin,Mobile App,Wire Transfer,0,0
TXN-101777,CUST-1100,58,Savings,Transfer,Retail,128.33,19363.55,19235.22,23,Mumbai,Web Browser,UPI / Wallet,0,0
TXN-101778,CUST-1245,62,Checking,Transfer,Electronics,65.54,3717.76,3652.22,11,Toronto,POS Terminal,Debit Card,0,0
TXN-101779,CUST-1092,43,Checking,Payment,Entertainment,30.25,11649.36,11619.11,18,Toronto,POS Terminal,UPI / Wallet,0,0
TXN-101780,CUST-1062,64,Savings,Payment,Travel,288.61,19393.21,19104.6,14,Berlin,ATM,Credit Card,0,0
TXN-101781,CUST-1265,49,Credit,Transfer,Retail,115.6,8499.51,8383.91,7,Toronto,Mobile App,Credit Card,0,0
TXN-101782,CUST-1205,27,Checking,Deposit,Travel,411.08,15864.36,16275.44,11,Singapore,Mobile App,Wire Transfer,0,0
TXN-101783,CUST-1079,33,Credit,Transfer,Retail,251.0,1350.31,1099.31,19,Tokyo,Mobile App,Debit Card,0,0
TXN-101784,CUST-1036,24,Credit,Withdrawal,Entertainment,182.12,15256.35,15074.23,5,Singapore,Web Browser,UPI / Wallet,0,0
TXN-101785,CUST-1010,34,Checking,Transfer,Utilities,5.76,3901.06,3895.3,9,New York,Web Browser,Wire Transfer,0,0
TXN-101786,CUST-1114,40,Checking,Payment,Electronics,88.75,20781.52,20692.77,1,Mumbai,Mobile App,Wire Transfer,0,0
TXN-101787,CUST-1089,43,Checking,Deposit,Entertainment,38.0,8950.69,8988.69,23,Tokyo,POS Terminal,UPI / Wallet,0,0
TXN-101788,CUST-1231,38,Savings,Transfer,Travel,367.53,7110.69,6743.16,12,London,POS Terminal,Wire Transfer,0,0
TXN-101789,CUST-1018,39,Checking,Deposit,Retail,33.78,21038.14,21071.92,6,Toronto,Web Browser,Debit Card,0,0
TXN-101790,CUST-1051,24,Savings,Payment,Travel,55.54,1348.59,1293.05,7,New York,Mobile App,UPI / Wallet,0,0
TXN-101791,CUST-1373,31,Checking,Deposit,Electronics,114.11,9975.56,10089.67,22,New York,POS Terminal,Credit Card,0,0
TXN-101792,CUST-1273,32,Savings,Payment,Entertainment,50.85,9313.09,9262.24,15,Mumbai,POS Terminal,Credit Card,0,0
TXN-101793,CUST-1093,70,Savings,Transfer,Travel,40.33,7191.53,7151.2,10,Tokyo,Web Browser,UPI / Wallet,0,0
TXN-101794,CUST-1031,24,Savings,Transfer,Travel,142.11,22802.68,22660.57,3,New York,Web Browser,Wire Transfer,1,0
TXN-101795,CUST-1150,26,Savings,Transfer,Electronics,18.97,18798.12,18779.15,16,Tokyo,POS Terminal,Wire Transfer,0,0
TXN-101796,CUST-1139,68,Checking,Transfer,Retail,13.99,1691.69,1677.7,15,Tokyo,Mobile App,Credit Card,1,0
TXN-101797,CUST-1057,65,Checking,Transfer,Travel,74.84,17895.72,17820.88,18,Berlin,POS Terminal,Credit Card,0,0
TXN-101798,CUST-1460,25,Checking,Transfer,Electronics,196.3,13229.75,13033.45,22,New York,POS Terminal,Debit Card,0,0
TXN-101799,CUST-1020,67,Savings,Payment,Retail,126.39,22531.61,22405.22,10,Tokyo,Mobile App,Wire Transfer,0,0
TXN-101800,CUST-1148,40,Savings,Withdrawal,Utilities,87.45,7892.35,7804.9,6,Mumbai,Web Browser,Debit Card,0,0
TXN-101801,CUST-1220,46,Savings,Transfer,Retail,130.12,14396.63,14266.51,12,New York,Mobile App,Credit Card,0,0
TXN-101802,CUST-1220,35,Savings,Transfer,Utilities,73.23,12568.81,12495.58,18,Mumbai,Mobile App,Credit Card,0,0
TXN-101803,CUST-1241,48,Credit,Payment,Entertainment,417.67,12290.07,11872.4,16,Mumbai,Mobile App,Credit Card,0,0
TXN-101804,CUST-1218,47,Savings,Transfer,Electronics,13.47,11457.02,11443.55,21,Tokyo,Mobile App,Credit Card,0,0
TXN-101805,CUST-1028,69,Savings,Transfer,Retail,172.85,5220.17,5047.32,12,Tokyo,Web Browser,Debit Card,0,0
TXN-101806,CUST-1462,56,Savings,Transfer,Utilities,337.85,18917.18,18579.33,11,Berlin,POS Terminal,Credit Card,0,0
TXN-101807,CUST-1046,52,Savings,Deposit,Utilities,249.36,11338.27,11587.63,6,Toronto,ATM,UPI / Wallet,0,0
TXN-101808,CUST-1395,35,Checking,Withdrawal,Entertainment,35.51,23967.06,23931.55,0,Berlin,Web Browser,Wire Transfer,0,0
TXN-101809,CUST-1057,59,Checking,Payment,Groceries,57.63,6594.13,6536.5,0,New York,Mobile App,Credit Card,1,0
TXN-101810,CUST-1424,56,Savings,Payment,Electronics,194.37,17100.32,16905.95,19,Berlin,POS Terminal,Wire Transfer,0,0
TXN-101811,CUST-1274,34,Savings,Payment,Groceries,18.21,23523.86,23505.65,22,London,POS Terminal,Credit Card,0,0
TXN-101812,CUST-1139,31,Savings,Payment,Retail,255.59,16620.11,16364.52,13,New York,Mobile App,Debit Card,1,0
TXN-101813,CUST-1022,48,Savings,Payment,Electronics,195.36,21794.7,21599.34,14,Mumbai,Web Browser,Wire Transfer,0,0
TXN-101814,CUST-1388,41,Savings,Payment,Entertainment,201.18,20704.28,20503.1,10,Berlin,Mobile App,Debit Card,0,0
TXN-101815,CUST-1377,52,Business,Transfer,Retail,20.84,9066.93,9046.09,23,Berlin,POS Terminal,Credit Card,0,0
TXN-101816,CUST-1409,61,Checking,Transfer,Electronics,194.75,15043.09,14848.34,8,Toronto,POS Terminal,UPI / Wallet,0,0
TXN-101817,CUST-1372,62,Checking,Payment,Electronics,175.83,3990.91,3815.08,16,Berlin,Web Browser,UPI / Wallet,0,0
TXN-101818,CUST-1062,51,Checking,Withdrawal,Groceries,271.61,13434.59,13162.98,3,Tokyo,ATM,UPI / Wallet,0,0
TXN-101819,CUST-1051,20,Checking,Payment,Retail,11.37,5837.51,5826.14,19,Mumbai,Mobile App,UPI / Wallet,0,0
TXN-101820,CUST-1265,54,Checking,Withdrawal,Entertainment,8.51,18619.05,18610.54,18,Berlin,ATM,UPI / Wallet,0,0
TXN-101821,CUST-1341,60,Checking,Deposit,Entertainment,75.02,13248.65,13323.67,6,Singapore,POS Terminal,Debit Card,0,0
TXN-101822,CUST-1166,57,Checking,Transfer,Retail,29.16,10339.56,10310.4,0,Singapore,ATM,UPI / Wallet,0,0
TXN-101823,CUST-1150,43,Savings,Payment,Retail,127.6,6793.05,6665.45,8,Mumbai,Mobile App,Credit Card,0,0
TXN-101824,CUST-1010,72,Checking,Payment,Utilities,378.97,24967.59,24588.62,12,Berlin,Mobile App,Debit Card,0,0
TXN-101825,CUST-1475,40,Checking,Deposit,Travel,79.51,1885.59,1965.1,23,Toronto,POS Terminal,Debit Card,0,0
TXN-101826,CUST-1094,61,Credit,Deposit,Groceries,284.6,1184.66,1469.26,1,London,Web Browser,UPI / Wallet,0,0
TXN-101827,CUST-1071,56,Checking,Payment,Retail,5.04,5509.71,5504.67,1,Toronto,Web Browser,Wire Transfer,0,0
TXN-101828,CUST-1383,32,Checking,Transfer,Retail,32.68,24279.7,24247.02,23,London,POS Terminal,Credit Card,0,0
TXN-101829,CUST-1486,73,Savings,Withdrawal,Travel,9.63,24483.03,24473.4,14,New York,Mobile App,Debit Card,0,0
TXN-101830,CUST-1047,66,Checking,Transfer,Travel,64.66,16407.7,16343.04,16,New York,Web Browser,Credit Card,0,0
TXN-101831,CUST-1347,21,Savings,Withdrawal,Electronics,363.2,22014.66,21651.46,12,Toronto,ATM,Wire Transfer,0,0
TXN-101832,CUST-1271,46,Savings,Deposit,Entertainment,20.3,5427.65,5447.95,6,Berlin,POS Terminal,Debit Card,0,0
TXN-101833,CUST-1429,39,Savings,Payment,Groceries,144.87,24303.85,24158.98,8,Toronto,ATM,Credit Card,0,0
TXN-101834,CUST-1430,42,Checking,Payment,Electronics,95.08,3655.34,3560.26,11,New York,Mobile App,UPI / Wallet,0,0
TXN-101835,CUST-1499,30,Savings,Payment,Retail,423.23,2618.02,2194.79,2,Tokyo,Web Browser,Debit Card,1,0
TXN-101836,CUST-1094,35,Savings,Payment,Travel,24.61,2894.07,2869.46,22,London,Mobile App,Debit Card,0,0
TXN-101837,CUST-1232,50,Credit,Transfer,Utilities,40.74,14370.89,14330.15,21,Mumbai,ATM,Debit Card,0,1
TXN-101838,CUST-1047,33,Savings,Withdrawal,Entertainment,9.5,19546.26,19536.76,14,Toronto,Mobile App,Debit Card,0,0
TXN-101839,CUST-1207,62,Checking,Deposit,Electronics,90.36,9230.01,9320.37,6,Berlin,Mobile App,UPI / Wallet,0,0
TXN-101840,CUST-1452,59,Checking,Deposit,Utilities,53.82,24449.61,24503.43,22,Berlin,POS Terminal,Wire Transfer,1,0
TXN-101841,CUST-1226,61,Savings,Transfer,Entertainment,310.92,10917.06,10606.14,0,Singapore,POS Terminal,Wire Transfer,0,0
TXN-101842,CUST-1408,19,Credit,Withdrawal,Utilities,144.31,3846.17,3701.86,13,London,Mobile App,Credit Card,0,0
TXN-101843,CUST-1076,72,Savings,Withdrawal,Travel,147.82,11702.57,11554.75,18,London,POS Terminal,UPI / Wallet,0,0
TXN-101844,CUST-1348,52,Checking,Transfer,Electronics,118.86,17008.03,16889.17,15,London,Mobile App,UPI / Wallet,0,0
TXN-101845,CUST-1218,59,Checking,Transfer,Electronics,19.45,20822.42,20802.97,9,Toronto,ATM,Credit Card,0,0
TXN-101846,CUST-1359,51,Checking,Transfer,Entertainment,93.32,11523.33,11430.01,0,New York,POS Terminal,UPI / Wallet,0,0
TXN-101847,CUST-1080,47,Checking,Deposit,Utilities,1146.7,14880.81,16027.51,4,Tokyo,Mobile App,UPI / Wallet,0,1
TXN-101848,CUST-1036,72,Savings,Payment,Travel,275.48,6756.88,6481.4,2,Toronto,POS Terminal,Debit Card,0,0
TXN-101849,CUST-1101,30,Savings,Withdrawal,Retail,340.88,16183.32,15842.44,16,Mumbai,Mobile App,Debit Card,0,0
TXN-101850,CUST-1190,30,Checking,Transfer,Electronics,264.93,24650.7,24385.77,17,New York,POS Terminal,Debit Card,0,0
TXN-101851,CUST-1028,35,Checking,Withdrawal,Retail,21.31,1321.43,1300.12,20,Toronto,Web Browser,UPI / Wallet,0,0
TXN-101852,CUST-1313,49,Credit,Transfer,Travel,43.71,22174.61,22130.9,18,Tokyo,Mobile App,UPI / Wallet,0,0
TXN-101853,CUST-1252,49,Credit,Payment,Electronics,5.47,14100.83,14095.36,21,London,Web Browser,Wire Transfer,0,0
TXN-101854,CUST-1250,52,Credit,Payment,Electronics,59.26,6377.26,6318.0,21,Tokyo,Mobile App,Debit Card,0,0
TXN-101855,CUST-1225,56,Checking,Transfer,Utilities,22.25,23876.75,23854.5,17,New York,Web Browser,Credit Card,0,0
TXN-101856,CUST-1093,63,Savings,Withdrawal,Retail,101.02,12135.52,12034.5,15,Toronto,Mobile App,UPI / Wallet,0,0
TXN-101857,CUST-1414,69,Credit,Transfer,Utilities,174.57,8359.09,8184.52,1,London,POS Terminal,Debit Card,1,0
TXN-101858,CUST-1085,46,Checking,Payment,Groceries,316.32,4619.29,4302.97,14,Toronto,Web Browser,Wire Transfer,0,0
TXN-101859,CUST-1109,66,Savings,Payment,Retail,212.48,6186.86,5974.38,12,New York,POS Terminal,Debit Card,0,0
TXN-101860,CUST-1216,46,Credit,Payment,Retail,423.52,20837.94,20414.42,12,Mumbai,Mobile App,Wire Transfer,0,0
TXN-101861,CUST-1195,70,Credit,Transfer,Groceries,13.31,15398.81,15385.5,15,London,POS Terminal,Wire Transfer,0,0
TXN-101862,CUST-1482,61,Checking,Transfer,Travel,6.84,22839.82,22832.98,7,Tokyo,Mobile App,UPI / Wallet,1,0
TXN-101863,CUST-1296,74,Savings,Deposit,Travel,167.41,5876.01,6043.42,10,New York,POS Terminal,Wire Transfer,1,0
TXN-101864,CUST-1433,33,Savings,Transfer,Electronics,56.24,3116.35,3060.11,7,Singapore,Web Browser,Wire Transfer,0,0
TXN-101865,CUST-1043,73,Credit,Withdrawal,Entertainment,48.85,251.58,202.73,21,Tokyo,Mobile App,Credit Card,0,0
TXN-101866,CUST-1392,61,Credit,Deposit,Utilities,65.27,12745.76,12811.03,9,Tokyo,POS Terminal,Wire Transfer,0,0
TXN-101867,CUST-1442,64,Savings,Transfer,Entertainment,52.16,24957.84,24905.68,22,London,Mobile App,Credit Card,0,0
TXN-101868,CUST-1089,74,Savings,Transfer,Electronics,112.44,17404.64,17292.2,0,Toronto,Mobile App,Credit Card,0,0
TXN-101869,CUST-1474,27,Credit,Payment,Entertainment,92.01,7779.03,7687.02,11,Berlin,Mobile App,Debit Card,0,0
TXN-101870,CUST-1154,47,Savings,Deposit,Retail,112.75,21933.78,22046.53,8,Tokyo,ATM,Debit Card,0,0
TXN-101871,CUST-1465,42,Checking,Deposit,Retail,172.54,19564.88,19737.42,4,New York,Mobile App,UPI / Wallet,1,0
TXN-101872,CUST-1477,56,Business,Payment,Groceries,78.44,483.84,405.4,8,Singapore,POS Terminal,UPI / Wallet,1,0
TXN-101873,CUST-1108,37,Savings,Withdrawal,Groceries,48.41,20439.83,20391.42,15,Mumbai,ATM,UPI / Wallet,1,1
TXN-101874,CUST-1058,22,Checking,Transfer,Electronics,32.26,7583.12,7550.86,17,Singapore,POS Terminal,Wire Transfer,0,0
TXN-101875,CUST-1109,18,Savings,Deposit,Electronics,69.5,3826.87,3896.37,7,New York,ATM,Debit Card,0,0
TXN-101876,CUST-1478,47,Savings,Deposit,Electronics,208.11,5735.64,5943.75,22,London,Mobile App,Wire Transfer,0,0
TXN-101877,CUST-1105,66,Credit,Transfer,Retail,217.02,11767.64,11550.62,10,New York,Web Browser,Debit Card,0,0
TXN-101878,CUST-1386,20,Checking,Transfer,Entertainment,169.9,10679.21,10509.31,19,Berlin,Web Browser,Wire Transfer,0,0
TXN-101879,CUST-1220,62,Business,Transfer,Utilities,44.99,7293.29,7248.3,18,Berlin,Mobile App,UPI / Wallet,0,0
TXN-101880,CUST-1262,31,Checking,Transfer,Electronics,138.04,4388.24,4250.2,3,Berlin,ATM,Debit Card,0,0
TXN-101881,CUST-1081,73,Savings,Withdrawal,Electronics,131.84,19079.55,18947.71,19,Tokyo,POS Terminal,Debit Card,0,0
TXN-101882,CUST-1271,47,Savings,Payment,Retail,104.32,24753.73,24649.41,9,London,Web Browser,Credit Card,0,0
TXN-101883,CUST-1048,67,Savings,Transfer,Utilities,124.77,19467.01,19342.24,23,Toronto,Mobile App,Debit Card,0,0
TXN-101884,CUST-1376,21,Savings,Transfer,Retail,106.53,7468.83,7362.3,12,Berlin,Mobile App,Debit Card,0,0
TXN-101885,CUST-1031,35,Savings,Deposit,Utilities,130.02,6195.74,6325.76,19,Toronto,ATM,Wire Transfer,0,0
TXN-101886,CUST-1485,54,Savings,Payment,Retail,193.56,5519.88,5326.32,13,Mumbai,Web Browser,UPI / Wallet,0,0
TXN-101887,CUST-1088,42,Checking,Payment,Entertainment,22.42,3503.71,3481.29,20,Mumbai,Mobile App,Credit Card,1,0
TXN-101888,CUST-1427,65,Checking,Transfer,Electronics,212.72,13828.13,13615.41,1,Toronto,Web Browser,Wire Transfer,0,0
TXN-101889,CUST-1479,18,Checking,Deposit,Travel,26.91,15174.47,15201.38,3,New York,POS Terminal,Debit Card,0,0
TXN-101890,CUST-1018,70,Checking,Withdrawal,Travel,15.34,17667.02,17651.68,6,Berlin,Mobile App,Wire Transfer,0,0
TXN-101891,CUST-1002,63,Savings,Transfer,Electronics,564.95,17037.31,16472.36,18,Tokyo,Mobile App,UPI / Wallet,0,0
TXN-101892,CUST-1377,32,Savings,Transfer,Electronics,476.95,7379.1,6902.15,16,Mumbai,POS Terminal,Credit Card,0,0
TXN-101893,CUST-1059,26,Checking,Transfer,Electronics,14.35,8324.74,8310.39,15,Singapore,Mobile App,Wire Transfer,1,0
TXN-101894,CUST-1418,32,Checking,Transfer,Electronics,92.85,17069.71,16976.86,12,London,ATM,Debit Card,1,0
TXN-101895,CUST-1241,66,Savings,Payment,Utilities,35.91,8801.25,8765.34,23,Singapore,POS Terminal,Wire Transfer,0,0
TXN-101896,CUST-1028,74,Credit,Deposit,Entertainment,104.64,5394.32,5498.96,23,Toronto,ATM,Debit Card,0,0
TXN-101897,CUST-1074,41,Credit,Payment,Travel,270.95,9420.97,9150.02,21,Mumbai,POS Terminal,Credit Card,0,0
TXN-101898,CUST-1069,21,Checking,Withdrawal,Groceries,456.21,6874.9,6418.69,22,Mumbai,POS Terminal,Credit Card,0,0
TXN-101899,CUST-1082,29,Savings,Payment,Travel,155.87,2298.99,2143.12,17,New York,ATM,Wire Transfer,0,0
TXN-101900,CUST-1356,54,Credit,Withdrawal,Travel,70.52,20770.46,20699.94,20,New York,POS Terminal,Credit Card,0,0
TXN-101901,CUST-1172,54,Checking,Withdrawal,Retail,143.7,21342.47,21198.77,11,Berlin,Web Browser,UPI / Wallet,0,0
TXN-101902,CUST-1410,60,Credit,Transfer,Electronics,61.1,5571.78,5510.68,22,Toronto,ATM,Wire Transfer,0,0
TXN-101903,CUST-1196,23,Credit,Payment,Electronics,365.9,1712.83,1346.93,0,London,POS Terminal,Debit Card,0,0
TXN-101904,CUST-1345,56,Credit,Payment,Electronics,311.5,18496.8,18185.3,14,Berlin,ATM,Wire Transfer,0,0
TXN-101905,CUST-1418,73,Checking,Transfer,Retail,127.55,5367.06,5239.51,2,New York,POS Terminal,Debit Card,0,0
TXN-101906,CUST-1146,63,Savings,Payment,Entertainment,63.91,9896.54,9832.63,5,Tokyo,POS Terminal,Credit Card,0,0
TXN-101907,CUST-1272,41,Checking,Payment,Entertainment,57.09,1696.97,1639.88,13,London,Web Browser,Debit Card,0,0
TXN-101908,CUST-1034,28,Checking,Deposit,Groceries,10.1,5734.11,5744.21,22,Tokyo,Web Browser,Debit Card,0,0
TXN-101909,CUST-1494,30,Checking,Payment,Entertainment,258.78,19843.27,19584.49,5,Berlin,Web Browser,Debit Card,0,0
TXN-101910,CUST-1112,51,Savings,Withdrawal,Entertainment,94.78,20129.47,20034.69,0,New York,POS Terminal,Debit Card,0,0
TXN-101911,CUST-1460,42,Savings,Payment,Electronics,63.99,5256.41,5192.42,19,London,Web Browser,UPI / Wallet,0,0
TXN-101912,CUST-1205,24,Credit,Withdrawal,Utilities,100.55,8464.25,8363.7,5,Berlin,ATM,Debit Card,0,0
TXN-101913,CUST-1157,69,Checking,Payment,Travel,261.17,3442.54,3181.37,7,Mumbai,POS Terminal,Wire Transfer,0,0
TXN-101914,CUST-1252,21,Credit,Withdrawal,Entertainment,24.96,1946.9,1921.94,14,Berlin,ATM,UPI / Wallet,0,0
TXN-101915,CUST-1121,25,Credit,Payment,Entertainment,297.43,24805.08,24507.65,13,Toronto,Web Browser,Debit Card,0,0
TXN-101916,CUST-1047,37,Checking,Payment,Retail,346.7,16424.29,16077.59,15,Singapore,POS Terminal,Debit Card,0,0
TXN-101917,CUST-1184,46,Checking,Payment,Groceries,444.8,13598.2,13153.4,19,Mumbai,ATM,Debit Card,0,0
TXN-101918,CUST-1490,71,Credit,Payment,Utilities,81.0,19160.91,19079.91,22,Tokyo,Mobile App,UPI / Wallet,0,0
TXN-101919,CUST-1272,70,Checking,Transfer,Retail,41.72,21017.92,20976.2,15,Mumbai,ATM,Debit Card,1,0
TXN-101920,CUST-1100,68,Checking,Transfer,Electronics,75.17,20187.2,20112.03,18,Berlin,POS Terminal,Debit Card,0,0
TXN-101921,CUST-1014,62,Savings,Transfer,Travel,65.73,511.83,446.1,23,Mumbai,Mobile App,Debit Card,0,0
TXN-101922,CUST-1127,63,Checking,Withdrawal,Groceries,34.07,4751.52,4717.45,0,Singapore,Web Browser,Credit Card,0,0
TXN-101923,CUST-1209,27,Checking,Transfer,Retail,145.19,16407.14,16261.95,3,Toronto,Web Browser,Wire Transfer,0,0
TXN-101924,CUST-1111,60,Savings,Transfer,Entertainment,102.12,9456.41,9354.29,23,Berlin,ATM,Debit Card,0,0
TXN-101925,CUST-1269,51,Savings,Withdrawal,Entertainment,306.15,24563.82,24257.67,9,Singapore,Web Browser,Wire Transfer,0,0
TXN-101926,CUST-1141,74,Savings,Transfer,Groceries,9.9,16668.58,16658.68,19,Mumbai,ATM,Credit Card,0,0
TXN-101927,CUST-1172,43,Savings,Payment,Entertainment,159.87,23918.07,23758.2,17,Singapore,ATM,Credit Card,0,0
TXN-101928,CUST-1352,58,Savings,Transfer,Retail,220.92,5116.02,4895.1,1,Mumbai,ATM,Debit Card,0,0
TXN-101929,CUST-1165,66,Checking,Deposit,Retail,218.75,21612.53,21831.28,3,London,ATM,Wire Transfer,0,0
TXN-101930,CUST-1446,20,Credit,Withdrawal,Entertainment,330.83,8101.67,7770.84,14,Mumbai,POS Terminal,UPI / Wallet,1,0
TXN-101931,CUST-1118,73,Checking,Withdrawal,Entertainment,200.86,24740.16,24539.3,3,New York,POS Terminal,Debit Card,0,0
TXN-101932,CUST-1202,23,Savings,Payment,Electronics,399.27,4026.45,3627.18,15,Singapore,Mobile App,UPI / Wallet,0,0
TXN-101933,CUST-1010,22,Savings,Withdrawal,Travel,65.67,12956.86,12891.19,14,Toronto,Mobile App,Credit Card,0,0
TXN-101934,CUST-1248,22,Checking,Transfer,Groceries,109.94,19841.83,19731.89,17,Singapore,Web Browser,Credit Card,0,0
TXN-101935,CUST-1303,71,Savings,Transfer,Retail,7.13,10872.8,10865.67,6,Tokyo,POS Terminal,Wire Transfer,0,0
TXN-101936,CUST-1247,64,Credit,Transfer,Groceries,6.05,11755.29,11749.24,14,Toronto,Mobile App,UPI / Wallet,0,1
TXN-101937,CUST-1153,40,Checking,Payment,Electronics,46.19,24660.26,24614.07,21,Toronto,POS Terminal,UPI / Wallet,0,0
TXN-101938,CUST-1322,66,Credit,Payment,Retail,20.94,10690.17,10669.23,10,Tokyo,POS Terminal,Debit Card,0,0
TXN-101939,CUST-1024,26,Savings,Payment,Electronics,50.21,15141.4,15091.19,18,New York,Web Browser,Wire Transfer,0,0
TXN-101940,CUST-1464,52,Checking,Transfer,Electronics,34.23,1458.04,1423.81,7,Singapore,Web Browser,Wire Transfer,0,0
TXN-101941,CUST-1444,37,Savings,Payment,Utilities,9.34,21071.03,21061.69,23,Toronto,ATM,UPI / Wallet,0,0
TXN-101942,CUST-1341,66,Credit,Withdrawal,Entertainment,365.04,16239.38,15874.34,0,Singapore,POS Terminal,Credit Card,0,0
TXN-101943,CUST-1220,59,Checking,Payment,Utilities,6.24,10160.1,10153.86,2,Toronto,ATM,Wire Transfer,1,0
TXN-101944,CUST-1109,52,Savings,Withdrawal,Groceries,204.82,502.62,297.8,4,Tokyo,ATM,Credit Card,1,0
TXN-101945,CUST-1409,67,Savings,Transfer,Groceries,29.76,14832.55,14802.79,17,Tokyo,ATM,Debit Card,0,0
TXN-101946,CUST-1417,35,Savings,Withdrawal,Entertainment,369.95,415.18,45.23,11,Mumbai,POS Terminal,Wire Transfer,0,0
TXN-101947,CUST-1089,34,Checking,Payment,Utilities,339.95,129.97,0.0,11,Berlin,POS Terminal,Wire Transfer,1,0
TXN-101948,CUST-1264,41,Savings,Transfer,Groceries,164.15,15440.85,15276.7,20,Singapore,ATM,Debit Card,0,0
TXN-101949,CUST-1039,20,Checking,Transfer,Utilities,172.32,4806.52,4634.2,18,Singapore,POS Terminal,Wire Transfer,0,0
TXN-101950,CUST-1458,49,Savings,Payment,Entertainment,5.8,4878.0,4872.2,8,Toronto,ATM,UPI / Wallet,0,0
TXN-101951,CUST-1262,52,Checking,Withdrawal,Retail,633.68,16366.46,15732.78,10,Mumbai,Mobile App,UPI / Wallet,0,0
TXN-101952,CUST-1157,55,Credit,Payment,Electronics,320.35,1437.06,1116.71,16,Singapore,POS Terminal,Debit Card,0,0
TXN-101953,CUST-1117,30,Credit,Transfer,Electronics,343.22,7903.8,7560.58,15,Toronto,Web Browser,Credit Card,0,0
TXN-101954,CUST-1449,73,Credit,Withdrawal,Utilities,166.49,3820.85,3654.36,3,New York,Web Browser,Credit Card,0,0
TXN-101955,CUST-1255,64,Savings,Payment,Groceries,68.42,14546.39,14477.97,9,Tokyo,ATM,Wire Transfer,0,0
TXN-101956,CUST-1413,42,Savings,Payment,Utilities,341.15,16577.95,16236.8,21,Tokyo,Mobile App,Credit Card,0,0
TXN-101957,CUST-1195,26,Checking,Payment,Utilities,56.69,18056.28,17999.59,14,Berlin,POS Terminal,Credit Card,1,0
TXN-101958,CUST-1313,21,Savings,Transfer,Travel,129.07,6455.26,6326.19,18,Tokyo,ATM,Debit Card,0,0
TXN-101959,CUST-1310,31,Checking,Payment,Electronics,20.76,2322.32,2301.56,2,London,Mobile App,Credit Card,0,0
TXN-101960,CUST-1013,54,Savings,Payment,Entertainment,387.57,2059.22,1671.65,20,New York,Mobile App,Credit Card,0,0
TXN-101961,CUST-1460,51,Savings,Deposit,Utilities,27.76,10711.17,10738.93,22,New York,POS Terminal,Credit Card,0,0
TXN-101962,CUST-1117,28,Savings,Payment,Travel,43.21,23651.53,23608.32,4,Mumbai,Web Browser,UPI / Wallet,1,0
TXN-101963,CUST-1216,58,Credit,Payment,Travel,127.51,5521.45,5393.94,10,London,Web Browser,UPI / Wallet,0,0
TXN-101964,CUST-1204,73,Savings,Payment,Electronics,221.65,6492.87,6271.22,23,Singapore,Mobile App,Debit Card,0,0
TXN-101965,CUST-1076,20,Checking,Deposit,Electronics,149.88,2612.13,2762.01,4,Berlin,Web Browser,Wire Transfer,0,0
TXN-101966,CUST-1420,45,Savings,Withdrawal,Electronics,44.62,15178.7,15134.08,6,New York,Mobile App,Debit Card,1,0
TXN-101967,CUST-1379,46,Checking,Payment,Entertainment,5.14,17028.83,17023.69,5,London,Mobile App,Wire Transfer,0,0
TXN-101968,CUST-1171,26,Savings,Withdrawal,Travel,217.3,16108.99,15891.69,12,London,Mobile App,Wire Transfer,0,0
TXN-101969,CUST-1389,20,Credit,Payment,Groceries,637.04,21542.14,20905.1,1,Toronto,Web Browser,Credit Card,0,1
TXN-101970,CUST-1025,42,Credit,Payment,Entertainment,254.04,12212.0,11957.96,18,New York,ATM,Credit Card,0,0
TXN-101971,CUST-1127,51,Savings,Transfer,Retail,97.49,3447.98,3350.49,10,Toronto,Web Browser,Debit Card,1,0
TXN-101972,CUST-1373,29,Credit,Payment,Utilities,356.15,7306.19,6950.04,19,Mumbai,ATM,Debit Card,1,0
TXN-101973,CUST-1141,59,Business,Transfer,Electronics,84.11,16594.51,16510.4,4,London,Web Browser,Debit Card,1,0
TXN-101974,CUST-1391,26,Credit,Deposit,Travel,116.65,15366.74,15483.39,8,Tokyo,POS Terminal,UPI / Wallet,1,0
TXN-101975,CUST-1023,32,Credit,Transfer,Utilities,102.26,13321.98,13219.72,5,London,POS Terminal,UPI / Wallet,0,0
TXN-101976,CUST-1469,57,Savings,Deposit,Entertainment,94.03,17105.81,17199.84,16,Singapore,Web Browser,UPI / Wallet,0,0
TXN-101977,CUST-1231,42,Checking,Payment,Retail,228.88,15971.03,15742.15,18,New York,POS Terminal,UPI / Wallet,0,0
TXN-101978,CUST-1422,22,Savings,Payment,Entertainment,117.23,22044.99,21927.76,22,Singapore,POS Terminal,UPI / Wallet,0,0
TXN-101979,CUST-1176,28,Savings,Payment,Entertainment,62.13,14691.81,14629.68,7,Mumbai,POS Terminal,Credit Card,0,0
TXN-101980,CUST-1340,51,Business,Transfer,Groceries,49.79,19487.17,19437.38,6,Berlin,POS Terminal,Wire Transfer,0,0
TXN-101981,CUST-1234,41,Savings,Payment,Utilities,10.77,6292.81,6282.04,4,Tokyo,ATM,UPI / Wallet,1,0
TXN-101982,CUST-1318,32,Checking,Transfer,Groceries,136.27,16986.75,16850.48,14,New York,Mobile App,Debit Card,0,0
TXN-101983,CUST-1025,55,Credit,Payment,Entertainment,44.2,22564.63,22520.43,9,London,ATM,Wire Transfer,0,0
TXN-101984,CUST-1265,25,Credit,Payment,Retail,29.05,9704.73,9675.68,23,Tokyo,Mobile App,UPI / Wallet,0,0
TXN-101985,CUST-1460,22,Business,Withdrawal,Travel,164.12,19499.69,19335.57,15,London,Mobile App,UPI / Wallet,0,0
TXN-101986,CUST-1361,65,Savings,Transfer,Travel,176.48,18147.25,17970.77,8,Mumbai,Web Browser,Credit Card,0,0
TXN-101987,CUST-1116,43,Savings,Transfer,Utilities,214.24,1582.2,1367.96,6,Berlin,Web Browser,Credit Card,0,0
TXN-101988,CUST-1057,35,Checking,Payment,Electronics,110.05,14579.56,14469.51,10,New York,Web Browser,Credit Card,0,0
TXN-101989,CUST-1269,23,Savings,Deposit,Electronics,341.72,3341.71,3683.43,8,Mumbai,Web Browser,UPI / Wallet,0,0
TXN-101990,CUST-1328,54,Savings,Withdrawal,Travel,418.14,24186.25,23768.11,16,Mumbai,Web Browser,Credit Card,0,0
TXN-101991,CUST-1454,65,Savings,Payment,Entertainment,252.05,20304.05,20052.0,8,Berlin,ATM,UPI / Wallet,0,0
TXN-101992,CUST-1294,30,Credit,Payment,Entertainment,156.42,2832.12,2675.7,2,Mumbai,ATM,Wire Transfer,0,0
TXN-101993,CUST-1121,45,Checking,Transfer,Groceries,59.3,3131.62,3072.32,21,Mumbai,POS Terminal,Wire Transfer,0,0
TXN-101994,CUST-1158,22,Savings,Deposit,Utilities,615.7,14902.4,15518.1,7,London,ATM,UPI / Wallet,0,0
TXN-101995,CUST-1177,30,Checking,Payment,Groceries,53.06,8687.74,8634.68,18,Toronto,ATM,Debit Card,0,0
TXN-101996,CUST-1143,34,Savings,Transfer,Electronics,38.97,969.16,930.19,19,Singapore,Web Browser,UPI / Wallet,0,0
TXN-101997,CUST-1327,67,Savings,Payment,Travel,92.55,13586.87,13494.32,15,London,POS Terminal,Wire Transfer,0,0
TXN-101998,CUST-1367,57,Credit,Transfer,Entertainment,13.78,9757.34,9743.56,6,Berlin,ATM,Wire Transfer,0,0
TXN-101999,CUST-1306,62,Checking,Deposit,Travel,580.92,2616.8,3197.72,6,Tokyo,ATM,UPI / Wallet,0,0
TXN-102000,CUST-1398,49,Credit,Transfer,Retail,138.17,20067.82,19929.65,19,Berlin,POS Terminal,UPI / Wallet,0,0
TXN-102001,CUST-1088,46,Savings,Payment,Travel,127.11,22885.41,22758.3,12,Berlin,Mobile App,UPI / Wallet,0,0
TXN-102002,CUST-1238,68,Credit,Transfer,Retail,164.98,18939.19,18774.21,2,Berlin,Web Browser,Wire Transfer,0,0
TXN-102003,CUST-1037,20,Checking,Withdrawal,Groceries,108.08,20578.32,20470.24,11,Berlin,ATM,Debit Card,0,0
TXN-102004,CUST-1360,73,Checking,Withdrawal,Groceries,9.89,5490.62,5480.73,23,Mumbai,ATM,UPI / Wallet,0,0
TXN-102005,CUST-1078,57,Checking,Payment,Electronics,147.13,6662.97,6515.84,7,Berlin,POS Terminal,Wire Transfer,0,0
TXN-102006,CUST-1344,51,Credit,Payment,Travel,193.91,5292.34,5098.43,12,Tokyo,ATM,UPI / Wallet,0,0
TXN-102007,CUST-1326,57,Checking,Withdrawal,Travel,85.87,19150.08,19064.21,19,Berlin,Web Browser,Wire Transfer,0,0
TXN-102008,CUST-1345,44,Checking,Transfer,Retail,217.39,23703.14,23485.75,15,London,ATM,UPI / Wallet,0,0
TXN-102009,CUST-1251,30,Business,Transfer,Groceries,43.62,17949.25,17905.63,6,Mumbai,Mobile App,Wire Transfer,1,0
TXN-102010,CUST-1327,62,Credit,Transfer,Retail,42.51,22048.52,22006.01,3,London,Web Browser,UPI / Wallet,0,0
TXN-102011,CUST-1465,50,Checking,Deposit,Groceries,31.41,16003.61,16035.02,11,Mumbai,Mobile App,Credit Card,0,0
TXN-102012,CUST-1148,23,Checking,Payment,Retail,74.78,9752.73,9677.95,16,London,POS Terminal,UPI / Wallet,0,0
TXN-102013,CUST-1015,41,Savings,Withdrawal,Groceries,286.61,10701.46,10414.85,0,New York,Web Browser,Wire Transfer,0,0
TXN-102014,CUST-1366,36,Savings,Payment,Retail,268.96,1975.5,1706.54,16,Singapore,ATM,UPI / Wallet,0,0
TXN-102015,CUST-1322,33,Checking,Transfer,Groceries,77.39,883.28,805.89,1,Singapore,Web Browser,Debit Card,0,0
TXN-102016,CUST-1320,57,Credit,Transfer,Utilities,138.42,17417.34,17278.92,5,Mumbai,Web Browser,UPI / Wallet,0,0
TXN-102017,CUST-1268,45,Credit,Transfer,Retail,196.38,11016.88,10820.5,11,New York,Web Browser,UPI / Wallet,0,0
TXN-102018,CUST-1117,50,Savings,Payment,Travel,46.4,13850.16,13803.76,10,Tokyo,Mobile App,UPI / Wallet,0,0
TXN-102019,CUST-1191,65,Checking,Transfer,Electronics,32.61,13985.77,13953.16,20,New York,POS Terminal,Debit Card,0,0
TXN-102020,CUST-1316,58,Savings,Transfer,Utilities,541.85,7006.66,6464.81,10,Toronto,Web Browser,Debit Card,0,0
TXN-102021,CUST-1287,30,Business,Withdrawal,Utilities,149.18,11949.72,11800.54,17,Mumbai,ATM,Debit Card,0,0
TXN-102022,CUST-1395,60,Business,Deposit,Retail,602.82,11821.93,12424.75,7,New York,Web Browser,Credit Card,0,0
TXN-102023,CUST-1350,62,Checking,Transfer,Electronics,66.82,9771.84,9705.02,6,Tokyo,Web Browser,Debit Card,0,0
TXN-102024,CUST-1296,42,Credit,Transfer,Travel,187.12,20534.82,20347.7,13,Mumbai,POS Terminal,Credit Card,0,0
TXN-102025,CUST-1193,70,Checking,Transfer,Utilities,42.77,11333.98,11291.21,15,Singapore,ATM,UPI / Wallet,0,0
TXN-102026,CUST-1488,59,Checking,Payment,Travel,50.41,15130.75,15080.34,11,Berlin,ATM,Credit Card,0,0
TXN-102027,CUST-1391,53,Savings,Withdrawal,Groceries,112.59,22398.45,22285.86,8,New York,Mobile App,UPI / Wallet,0,0
TXN-102028,CUST-1442,44,Checking,Transfer,Electronics,62.77,21669.22,21606.45,19,Singapore,ATM,Credit Card,0,0
TXN-102029,CUST-1280,55,Checking,Transfer,Entertainment,32.52,22271.51,22238.99,22,Singapore,ATM,Debit Card,0,0
TXN-102030,CUST-1388,24,Checking,Withdrawal,Groceries,50.75,6823.12,6772.37,20,London,ATM,Debit Card,0,0
TXN-102031,CUST-1300,22,Savings,Payment,Electronics,10.46,971.06,960.6,15,Tokyo,Web Browser,Credit Card,0,0
TXN-102032,CUST-1385,60,Credit,Transfer,Retail,187.82,6600.56,6412.74,20,Toronto,Mobile App,Credit Card,0,0
TXN-102033,CUST-1425,62,Savings,Payment,Retail,106.63,7039.81,6933.18,18,Berlin,ATM,Debit Card,0,0
TXN-102034,CUST-1249,74,Checking,Transfer,Travel,19.85,22743.07,22723.22,15,New York,ATM,UPI / Wallet,0,0
TXN-102035,CUST-1421,68,Checking,Payment,Utilities,33.26,16266.14,16232.88,8,Singapore,ATM,UPI / Wallet,0,0
TXN-102036,CUST-1230,48,Checking,Withdrawal,Entertainment,21.23,2134.43,2113.2,12,Singapore,Web Browser,UPI / Wallet,1,0
TXN-102037,CUST-1002,40,Checking,Withdrawal,Retail,147.24,3470.93,3323.69,4,Toronto,Web Browser,UPI / Wallet,0,0
TXN-102038,CUST-1173,59,Savings,Payment,Electronics,19.84,3976.34,3956.5,21,Tokyo,Mobile App,Wire Transfer,1,0
TXN-102039,CUST-1239,27,Savings,Deposit,Utilities,215.54,15797.5,16013.04,18,Berlin,POS Terminal,UPI / Wallet,0,0
TXN-102040,CUST-1485,49,Checking,Payment,Utilities,8.11,18411.81,18403.7,9,Berlin,Mobile App,Wire Transfer,0,0
TXN-102041,CUST-1405,60,Checking,Withdrawal,Electronics,48.03,21505.13,21457.1,6,Toronto,Web Browser,Wire Transfer,0,0
TXN-102042,CUST-1103,70,Savings,Payment,Utilities,337.0,23521.85,23184.85,8,Singapore,ATM,Debit Card,0,0
TXN-102043,CUST-1288,47,Checking,Withdrawal,Retail,195.16,5122.44,4927.28,13,Singapore,ATM,Debit Card,1,0
TXN-102044,CUST-1243,56,Checking,Deposit,Electronics,16.37,7813.33,7829.7,14,Singapore,Mobile App,Credit Card,0,0
TXN-102045,CUST-1287,48,Checking,Transfer,Electronics,263.16,6084.04,5820.88,12,Singapore,ATM,UPI / Wallet,1,0
TXN-102046,CUST-1366,35,Credit,Deposit,Travel,106.9,9033.16,9140.06,9,London,Web Browser,UPI / Wallet,0,0
TXN-102047,CUST-1272,53,Savings,Withdrawal,Entertainment,286.39,22875.16,22588.77,13,London,Mobile App,Debit Card,0,0
TXN-102048,CUST-1119,19,Savings,Withdrawal,Travel,142.72,14420.3,14277.58,20,Toronto,POS Terminal,Debit Card,1,0
TXN-102049,CUST-1337,31,Credit,Transfer,Entertainment,176.78,18480.98,18304.2,22,Berlin,Web Browser,Debit Card,0,0
TXN-102050,CUST-1439,30,Checking,Withdrawal,Electronics,760.43,12303.97,11543.54,11,Mumbai,Web Browser,Credit Card,1,1
TXN-102051,CUST-1258,46,Checking,Withdrawal,Utilities,44.66,818.56,773.9,18,New York,ATM,UPI / Wallet,0,0
TXN-102052,CUST-1069,29,Credit,Transfer,Entertainment,151.7,1698.47,1546.77,5,Tokyo,Web Browser,Credit Card,0,0
TXN-102053,CUST-1432,56,Credit,Deposit,Electronics,97.52,13494.28,13591.8,11,Mumbai,Web Browser,Wire Transfer,0,0
TXN-102054,CUST-1182,19,Business,Transfer,Electronics,11.04,17997.85,17986.81,23,London,POS Terminal,Wire Transfer,1,0
TXN-102055,CUST-1460,49,Checking,Transfer,Travel,7.19,5461.73,5454.54,12,London,ATM,UPI / Wallet,0,0
TXN-102056,CUST-1246,30,Checking,Payment,Travel,24.04,18075.55,18051.51,7,London,Web Browser,Debit Card,0,0
TXN-102057,CUST-1117,63,Checking,Payment,Utilities,162.08,20285.58,20123.5,15,Mumbai,ATM,Debit Card,0,0
TXN-102058,CUST-1030,44,Savings,Payment,Groceries,130.61,10356.25,10225.64,1,London,Web Browser,Credit Card,0,0
TXN-102059,CUST-1464,66,Checking,Transfer,Retail,125.92,18685.84,18559.92,21,Mumbai,POS Terminal,Wire Transfer,0,0
TXN-102060,CUST-1148,58,Savings,Deposit,Groceries,9.86,10160.35,10170.21,6,London,ATM,Wire Transfer,0,0
TXN-102061,CUST-1015,34,Credit,Transfer,Groceries,100.03,16990.93,16890.9,11,Singapore,ATM,UPI / Wallet,0,0
TXN-102062,CUST-1272,57,Checking,Transfer,Utilities,392.79,19123.53,18730.74,6,Singapore,POS Terminal,Wire Transfer,0,0
TXN-102063,CUST-1351,48,Checking,Transfer,Entertainment,81.02,24798.97,24717.95,18,New York,Mobile App,Debit Card,0,1
TXN-102064,CUST-1384,51,Savings,Payment,Utilities,152.09,8700.38,8548.29,13,London,Web Browser,Debit Card,0,0
TXN-102065,CUST-1367,41,Savings,Deposit,Utilities,232.0,10334.92,10566.92,8,Toronto,Web Browser,Debit Card,0,0
TXN-102066,CUST-1101,62,Savings,Payment,Electronics,234.82,4223.94,3989.12,17,New York,Mobile App,UPI / Wallet,0,0
TXN-102067,CUST-1071,52,Checking,Withdrawal,Electronics,114.87,5181.42,5066.55,10,Mumbai,ATM,Credit Card,1,0
TXN-102068,CUST-1192,65,Savings,Transfer,Electronics,297.74,17365.54,17067.8,15,New York,ATM,Wire Transfer,0,0
TXN-102069,CUST-1321,23,Checking,Payment,Retail,79.48,22934.44,22854.96,18,London,POS Terminal,UPI / Wallet,0,0
TXN-102070,CUST-1110,36,Credit,Payment,Entertainment,334.32,9925.66,9591.34,10,Mumbai,POS Terminal,Credit Card,0,0
TXN-102071,CUST-1292,47,Credit,Payment,Entertainment,46.21,4578.13,4531.92,17,Toronto,POS Terminal,UPI / Wallet,0,0
TXN-102072,CUST-1407,24,Checking,Transfer,Electronics,54.32,7198.98,7144.66,10,Mumbai,Mobile App,Wire Transfer,0,0
TXN-102073,CUST-1346,27,Savings,Payment,Groceries,13.19,11430.79,11417.6,3,Singapore,Mobile App,Debit Card,1,0
TXN-102074,CUST-1339,58,Credit,Payment,Retail,243.14,7337.19,7094.05,17,Mumbai,ATM,Credit Card,0,0
TXN-102075,CUST-1366,49,Credit,Withdrawal,Groceries,85.95,5916.12,5830.17,18,Mumbai,POS Terminal,Credit Card,1,0
TXN-102076,CUST-1317,51,Savings,Payment,Travel,44.03,18426.01,18381.98,12,New York,ATM,UPI / Wallet,0,0
TXN-102077,CUST-1276,45,Checking,Transfer,Entertainment,44.55,295.34,250.79,3,Toronto,Mobile App,UPI / Wallet,0,0
TXN-102078,CUST-1105,32,Savings,Payment,Entertainment,352.5,13526.84,13174.34,9,Berlin,Web Browser,Debit Card,0,0
TXN-102079,CUST-1036,47,Credit,Transfer,Groceries,274.29,19864.79,19590.5,21,Mumbai,ATM,UPI / Wallet,0,0
TXN-102080,CUST-1290,54,Business,Withdrawal,Retail,125.96,6729.08,6603.12,4,Tokyo,Mobile App,Wire Transfer,0,0
TXN-102081,CUST-1421,46,Savings,Payment,Entertainment,148.61,15121.96,14973.35,2,Berlin,POS Terminal,Wire Transfer,0,0
TXN-102082,CUST-1180,39,Credit,Transfer,Groceries,101.46,16755.61,16654.15,15,Singapore,Web Browser,Wire Transfer,0,0
TXN-102083,CUST-1142,21,Checking,Deposit,Utilities,79.55,16410.11,16489.66,7,Toronto,Web Browser,Wire Transfer,0,0
TXN-102084,CUST-1113,37,Business,Payment,Utilities,375.61,11201.66,10826.05,23,Toronto,Web Browser,Debit Card,0,0
TXN-102085,CUST-1237,49,Checking,Transfer,Retail,25.13,8729.79,8704.66,6,Singapore,POS Terminal,Debit Card,0,0
TXN-102086,CUST-1425,53,Credit,Payment,Groceries,86.31,20914.51,20828.2,18,Mumbai,Web Browser,Debit Card,0,0
TXN-102087,CUST-1093,67,Savings,Transfer,Utilities,68.37,18985.3,18916.93,13,New York,Mobile App,UPI / Wallet,0,0
TXN-102088,CUST-1259,21,Savings,Withdrawal,Retail,108.42,8099.25,7990.83,14,Berlin,ATM,Debit Card,1,0
TXN-102089,CUST-1106,44,Savings,Withdrawal,Electronics,96.77,2665.18,2568.41,16,Singapore,Web Browser,Credit Card,0,0
TXN-102090,CUST-1243,34,Business,Deposit,Retail,114.75,1888.01,2002.76,20,Singapore,Web Browser,Credit Card,1,0
TXN-102091,CUST-1422,29,Credit,Payment,Travel,27.61,2447.47,2419.86,0,Tokyo,Mobile App,Credit Card,0,0
TXN-102092,CUST-1334,39,Credit,Payment,Electronics,112.97,14613.45,14500.48,5,Mumbai,POS Terminal,UPI / Wallet,0,0
TXN-102093,CUST-1022,34,Credit,Withdrawal,Groceries,46.64,1386.39,1339.75,22,Berlin,Web Browser,UPI / Wallet,0,0
TXN-102094,CUST-1360,27,Savings,Transfer,Electronics,35.56,8489.48,8453.92,14,Singapore,Mobile App,Debit Card,0,0
TXN-102095,CUST-1270,71,Savings,Payment,Electronics,15.05,18854.67,18839.62,11,Toronto,Mobile App,Wire Transfer,1,0
TXN-102096,CUST-1473,18,Savings,Payment,Groceries,220.73,7429.27,7208.54,20,Singapore,POS Terminal,Credit Card,0,0
TXN-102097,CUST-1139,39,Savings,Transfer,Groceries,88.65,19106.37,19017.72,19,Singapore,POS Terminal,UPI / Wallet,0,0
TXN-102098,CUST-1465,43,Savings,Payment,Utilities,152.78,18662.13,18509.35,1,Singapore,ATM,Credit Card,0,0
TXN-102099,CUST-1453,73,Checking,Withdrawal,Travel,200.07,6221.1,6021.03,4,New York,Web Browser,Debit Card,0,0
TXN-102100,CUST-1383,35,Savings,Withdrawal,Groceries,175.6,18247.67,18072.07,8,London,ATM,UPI / Wallet,0,0
TXN-102101,CUST-1081,67,Savings,Transfer,Entertainment,100.37,18719.64,18619.27,19,Tokyo,Mobile App,Wire Transfer,0,0
TXN-102102,CUST-1376,31,Savings,Transfer,Entertainment,78.63,9996.6,9917.97,13,Toronto,Web Browser,Wire Transfer,1,0
TXN-102103,CUST-1497,64,Savings,Transfer,Travel,75.73,5339.47,5263.74,17,New York,Mobile App,UPI / Wallet,0,0
TXN-102104,CUST-1437,46,Business,Withdrawal,Retail,158.27,13079.64,12921.37,21,Tokyo,Mobile App,Wire Transfer,0,0
TXN-102105,CUST-1343,29,Credit,Transfer,Retail,107.42,23042.8,22935.38,7,Singapore,Mobile App,Debit Card,0,0
TXN-102106,CUST-1421,53,Business,Withdrawal,Entertainment,288.7,16026.46,15737.76,1,Tokyo,POS Terminal,Wire Transfer,0,0
TXN-102107,CUST-1155,52,Checking,Transfer,Groceries,316.56,4405.77,4089.21,8,Mumbai,POS Terminal,Credit Card,0,0
TXN-102108,CUST-1334,69,Savings,Payment,Travel,33.05,17100.65,17067.6,6,Mumbai,Web Browser,Credit Card,0,0
TXN-102109,CUST-1018,29,Credit,Payment,Retail,26.97,10737.36,10710.39,17,London,Mobile App,Credit Card,0,0
TXN-102110,CUST-1068,24,Savings,Withdrawal,Retail,154.3,14829.07,14674.77,15,London,Mobile App,UPI / Wallet,0,0
TXN-102111,CUST-1447,46,Savings,Transfer,Electronics,58.76,18378.19,18319.43,20,Tokyo,Web Browser,UPI / Wallet,1,0
TXN-102112,CUST-1131,28,Savings,Payment,Entertainment,7.81,12922.19,12914.38,4,New York,ATM,UPI / Wallet,0,0
TXN-102113,CUST-1255,50,Savings,Transfer,Groceries,334.25,20368.2,20033.95,22,New York,Mobile App,UPI / Wallet,0,0
TXN-102114,CUST-1208,23,Savings,Withdrawal,Travel,43.6,18081.67,18038.07,14,Singapore,POS Terminal,UPI / Wallet,0,0
TXN-102115,CUST-1009,64,Savings,Withdrawal,Retail,402.36,15415.33,15012.97,4,New York,ATM,Debit Card,0,0
TXN-102116,CUST-1139,32,Checking,Transfer,Electronics,194.58,3854.74,3660.16,10,London,ATM,UPI / Wallet,0,0
TXN-102117,CUST-1452,49,Savings,Withdrawal,Entertainment,220.74,20915.13,20694.39,21,New York,ATM,Wire Transfer,0,0
TXN-102118,CUST-1134,68,Savings,Payment,Entertainment,38.75,23404.05,23365.3,13,Singapore,ATM,Debit Card,0,0
TXN-102119,CUST-1254,28,Credit,Transfer,Travel,45.02,3510.43,3465.41,18,Mumbai,ATM,UPI / Wallet,0,0
TXN-102120,CUST-1299,40,Savings,Payment,Retail,115.49,12257.2,12141.71,2,New York,ATM,Wire Transfer,1,0
TXN-102121,CUST-1406,43,Savings,Transfer,Travel,33.33,6546.33,6513.0,23,New York,Web Browser,Debit Card,0,0
TXN-102122,CUST-1257,51,Credit,Withdrawal,Travel,59.67,18887.63,18827.96,9,London,Web Browser,Credit Card,0,0
TXN-102123,CUST-1093,63,Savings,Withdrawal,Utilities,63.17,18068.58,18005.41,5,Tokyo,ATM,Debit Card,0,0
TXN-102124,CUST-1371,51,Savings,Transfer,Electronics,31.09,3608.04,3576.95,2,Mumbai,POS Terminal,UPI / Wallet,1,0
TXN-102125,CUST-1240,46,Checking,Payment,Entertainment,39.45,21937.98,21898.53,1,Tokyo,Web Browser,Debit Card,1,0
TXN-102126,CUST-1236,21,Savings,Withdrawal,Utilities,238.07,4606.23,4368.16,12,Singapore,Web Browser,Debit Card,0,0
TXN-102127,CUST-1164,34,Checking,Deposit,Groceries,32.44,19951.75,19984.19,17,Singapore,ATM,Credit Card,0,0
TXN-102128,CUST-1324,52,Credit,Payment,Entertainment,9.33,11478.81,11469.48,1,Tokyo,POS Terminal,Debit Card,0,0
TXN-102129,CUST-1147,30,Savings,Deposit,Entertainment,153.88,8273.98,8427.86,14,London,ATM,Debit Card,0,0
TXN-102130,CUST-1217,58,Checking,Payment,Electronics,564.35,4040.16,3475.81,4,Berlin,POS Terminal,Credit Card,0,0
TXN-102131,CUST-1427,56,Checking,Payment,Groceries,65.34,4273.59,4208.25,14,London,POS Terminal,UPI / Wallet,0,0
TXN-102132,CUST-1107,32,Savings,Withdrawal,Retail,23.95,16581.07,16557.12,20,Berlin,Mobile App,Wire Transfer,0,0
TXN-102133,CUST-1230,72,Checking,Payment,Groceries,131.73,13805.72,13673.99,16,Berlin,Web Browser,Debit Card,0,0
TXN-102134,CUST-1069,46,Savings,Payment,Retail,360.24,3139.93,2779.69,1,London,ATM,Credit Card,0,0
TXN-102135,CUST-1220,46,Checking,Payment,Groceries,234.91,2906.18,2671.27,17,Berlin,Web Browser,Debit Card,0,0
TXN-102136,CUST-1073,28,Savings,Withdrawal,Travel,151.13,1900.53,1749.4,14,Berlin,Web Browser,UPI / Wallet,0,0
TXN-102137,CUST-1178,69,Checking,Withdrawal,Groceries,61.76,18619.81,18558.05,19,Berlin,POS Terminal,UPI / Wallet,0,0
TXN-102138,CUST-1079,49,Savings,Payment,Utilities,122.09,17825.86,17703.77,22,Mumbai,Web Browser,Credit Card,0,0
TXN-102139,CUST-1353,19,Credit,Transfer,Utilities,19.35,1554.93,1535.58,2,Singapore,Mobile App,Wire Transfer,0,0
TXN-102140,CUST-1158,64,Savings,Payment,Electronics,175.42,14050.72,13875.3,4,Berlin,ATM,Wire Transfer,0,0
TXN-102141,CUST-1355,31,Checking,Payment,Retail,198.7,2208.44,2009.74,10,Singapore,Web Browser,Debit Card,1,0
TXN-102142,CUST-1168,37,Checking,Transfer,Entertainment,508.0,22603.27,22095.27,8,Toronto,ATM,Credit Card,0,1
TXN-102143,CUST-1313,39,Checking,Withdrawal,Electronics,50.25,22687.22,22636.97,4,Singapore,Web Browser,Wire Transfer,0,0
TXN-102144,CUST-1388,28,Checking,Payment,Utilities,7.79,17486.0,17478.21,0,Toronto,ATM,UPI / Wallet,0,0
TXN-102145,CUST-1160,44,Checking,Transfer,Utilities,123.32,23162.1,23038.78,13,Mumbai,ATM,Wire Transfer,0,0
TXN-102146,CUST-1426,20,Credit,Transfer,Retail,189.03,20305.18,20116.15,4,Singapore,ATM,Credit Card,1,0
TXN-102147,CUST-1402,34,Credit,Transfer,Utilities,239.39,20730.61,20491.22,7,Tokyo,Web Browser,UPI / Wallet,0,0
TXN-102148,CUST-1031,61,Savings,Deposit,Utilities,37.3,14285.73,14323.03,20,New York,Mobile App,Debit Card,0,0
TXN-102149,CUST-1120,73,Checking,Transfer,Retail,50.52,7720.87,7670.35,13,Mumbai,ATM,UPI / Wallet,0,0
TXN-102150,CUST-1214,45,Credit,Transfer,Utilities,112.8,5523.2,5410.4,15,New York,POS Terminal,Wire Transfer,0,0
TXN-102151,CUST-1002,46,Business,Payment,Entertainment,65.21,8247.28,8182.07,5,Tokyo,POS Terminal,Wire Transfer,1,0
TXN-102152,CUST-1384,38,Credit,Transfer,Travel,300.47,15749.54,15449.07,7,London,POS Terminal,Wire Transfer,0,0
TXN-102153,CUST-1227,64,Savings,Transfer,Electronics,101.3,4399.15,4297.85,1,London,Mobile App,Debit Card,0,0
TXN-102154,CUST-1424,33,Savings,Transfer,Entertainment,246.1,6540.14,6294.04,18,Berlin,ATM,Wire Transfer,0,0
TXN-102155,CUST-1475,54,Checking,Payment,Entertainment,135.35,11754.72,11619.37,8,London,Mobile App,Credit Card,0,0
TXN-102156,CUST-1047,37,Checking,Payment,Travel,227.48,5902.95,5675.47,4,Mumbai,ATM,Debit Card,0,0
TXN-102157,CUST-1166,23,Checking,Payment,Electronics,65.67,14757.23,14691.56,4,London,Mobile App,UPI / Wallet,0,0
TXN-102158,CUST-1388,36,Checking,Payment,Entertainment,272.05,23087.08,22815.03,18,Mumbai,ATM,Wire Transfer,0,0
TXN-102159,CUST-1332,74,Credit,Deposit,Utilities,53.15,18727.43,18780.58,3,Mumbai,POS Terminal,Credit Card,0,0
TXN-102160,CUST-1010,22,Savings,Payment,Travel,123.48,16694.02,16570.54,15,New York,ATM,Credit Card,0,0
TXN-102161,CUST-1237,20,Credit,Transfer,Electronics,41.12,14609.76,14568.64,15,London,Mobile App,Debit Card,0,0
TXN-102162,CUST-1277,18,Checking,Transfer,Groceries,101.8,12249.9,12148.1,15,Singapore,ATM,Credit Card,0,0
TXN-102163,CUST-1240,55,Savings,Payment,Retail,62.45,4745.44,4682.99,6,Toronto,Web Browser,Debit Card,0,0
TXN-102164,CUST-1470,32,Checking,Withdrawal,Utilities,51.53,22378.29,22326.76,17,London,ATM,Debit Card,0,0
TXN-102165,CUST-1191,51,Credit,Transfer,Travel,516.62,6288.55,5771.93,23,London,POS Terminal,Debit Card,1,1
TXN-102166,CUST-1011,52,Savings,Withdrawal,Retail,31.17,2373.59,2342.42,20,London,ATM,UPI / Wallet,0,0
TXN-102167,CUST-1052,66,Savings,Transfer,Groceries,237.2,18775.38,18538.18,0,Berlin,Web Browser,UPI / Wallet,0,0
TXN-102168,CUST-1054,42,Business,Payment,Entertainment,626.83,4472.83,3846.0,2,Singapore,Web Browser,Credit Card,0,0
TXN-102169,CUST-1308,41,Savings,Withdrawal,Entertainment,8.02,9360.21,9352.19,20,Singapore,Web Browser,UPI / Wallet,0,0
TXN-102170,CUST-1020,29,Checking,Transfer,Electronics,185.11,804.29,619.18,7,Mumbai,Mobile App,Debit Card,0,0
TXN-102171,CUST-1018,35,Checking,Payment,Travel,48.74,3512.99,3464.25,0,Singapore,Web Browser,Debit Card,1,0
TXN-102172,CUST-1452,32,Checking,Transfer,Travel,11.2,4412.77,4401.57,6,Mumbai,Mobile App,UPI / Wallet,0,0
TXN-102173,CUST-1343,61,Checking,Withdrawal,Electronics,82.35,1454.81,1372.46,6,Toronto,Web Browser,Credit Card,0,0
TXN-102174,CUST-1349,33,Savings,Transfer,Retail,415.51,16450.76,16035.25,7,New York,Mobile App,Debit Card,1,0
TXN-102175,CUST-1455,44,Checking,Withdrawal,Entertainment,6.78,20941.49,20934.71,18,Mumbai,Web Browser,UPI / Wallet,1,0
TXN-102176,CUST-1321,25,Savings,Transfer,Entertainment,137.97,9395.55,9257.58,16,London,Web Browser,Wire Transfer,0,0
TXN-102177,CUST-1314,63,Checking,Withdrawal,Travel,109.39,21876.95,21767.56,10,Tokyo,ATM,Credit Card,1,0
TXN-102178,CUST-1432,42,Savings,Payment,Travel,314.99,5412.33,5097.34,14,Tokyo,Web Browser,Credit Card,0,0
TXN-102179,CUST-1481,34,Checking,Withdrawal,Electronics,18.16,8202.22,8184.06,8,Berlin,ATM,Credit Card,0,0
TXN-102180,CUST-1058,46,Savings,Transfer,Groceries,176.63,3853.35,3676.72,16,London,Web Browser,Wire Transfer,0,0
TXN-102181,CUST-1150,70,Savings,Deposit,Retail,175.97,15551.92,15727.89,10,Mumbai,Web Browser,Debit Card,0,0
TXN-102182,CUST-1258,25,Savings,Transfer,Utilities,170.88,10554.75,10383.87,5,London,ATM,Credit Card,0,0
TXN-102183,CUST-1439,32,Savings,Transfer,Groceries,432.96,15370.76,14937.8,8,Berlin,ATM,UPI / Wallet,0,0
TXN-102184,CUST-1371,44,Credit,Payment,Groceries,264.82,19065.71,18800.89,17,Singapore,Mobile App,Credit Card,0,0
TXN-102185,CUST-1057,63,Savings,Transfer,Travel,11.43,13688.01,13676.58,19,Mumbai,POS Terminal,UPI / Wallet,0,0
TXN-102186,CUST-1215,67,Credit,Transfer,Travel,100.54,15728.0,15627.46,1,Toronto,ATM,Credit Card,0,0
TXN-102187,CUST-1061,69,Business,Deposit,Travel,81.11,23387.73,23468.84,3,London,Mobile App,UPI / Wallet,0,0
TXN-102188,CUST-1145,24,Checking,Deposit,Groceries,60.69,7546.7,7607.39,17,Singapore,Web Browser,UPI / Wallet,1,0
TXN-102189,CUST-1444,20,Savings,Payment,Retail,95.04,9043.18,8948.14,0,Berlin,ATM,UPI / Wallet,1,0
TXN-102190,CUST-1381,46,Savings,Deposit,Travel,77.72,17970.81,18048.53,10,Singapore,ATM,Wire Transfer,1,0
TXN-102191,CUST-1238,61,Credit,Payment,Entertainment,89.93,15321.51,15231.58,2,Mumbai,Web Browser,Wire Transfer,0,0
TXN-102192,CUST-1292,70,Savings,Transfer,Retail,586.37,4545.47,3959.1,7,Berlin,Web Browser,Wire Transfer,0,0
TXN-102193,CUST-1181,41,Savings,Withdrawal,Entertainment,18.92,9466.07,9447.15,4,Berlin,Web Browser,Debit Card,0,0
TXN-102194,CUST-1368,20,Checking,Payment,Retail,388.1,11749.17,11361.07,19,Berlin,Web Browser,UPI / Wallet,0,0
TXN-102195,CUST-1094,37,Credit,Deposit,Travel,103.16,10542.81,10645.97,20,New York,POS Terminal,Debit Card,0,0
TXN-102196,CUST-1077,63,Credit,Transfer,Utilities,151.62,4539.04,4387.42,21,Berlin,ATM,Wire Transfer,0,0
TXN-102197,CUST-1448,32,Savings,Payment,Electronics,270.96,23118.31,22847.35,21,New York,Web Browser,UPI / Wallet,0,0
TXN-102198,CUST-1141,42,Checking,Transfer,Travel,72.05,19081.74,19009.69,4,Singapore,Web Browser,Debit Card,1,0
TXN-102199,CUST-1104,47,Savings,Transfer,Groceries,89.43,12085.76,11996.33,10,Toronto,POS Terminal,Wire Transfer,1,0
TXN-102200,CUST-1260,31,Savings,Transfer,Utilities,84.02,17033.52,16949.5,11,New York,ATM,Debit Card,0,0
TXN-102201,CUST-1094,24,Credit,Deposit,Groceries,75.44,22442.34,22517.78,21,Singapore,Mobile App,Debit Card,0,1
TXN-102202,CUST-1222,34,Savings,Withdrawal,Retail,394.6,3490.74,3096.14,8,New York,ATM,Wire Transfer,0,1
TXN-102203,CUST-1477,61,Savings,Withdrawal,Groceries,269.85,6334.29,6064.44,20,Singapore,Mobile App,UPI / Wallet,1,0
TXN-102204,CUST-1483,37,Savings,Payment,Utilities,22.31,13613.26,13590.95,12,Singapore,POS Terminal,Credit Card,0,0
TXN-102205,CUST-1189,53,Credit,Transfer,Utilities,22.16,19995.36,19973.2,21,Toronto,Web Browser,Credit Card,0,0
TXN-102206,CUST-1128,26,Credit,Transfer,Travel,88.76,1002.75,913.99,19,Berlin,POS Terminal,Debit Card,0,1
TXN-102207,CUST-1318,55,Checking,Transfer,Entertainment,20.58,24602.05,24581.47,2,Toronto,ATM,Debit Card,0,0
TXN-102208,CUST-1194,65,Credit,Payment,Travel,149.78,11427.17,11277.39,12,Toronto,Web Browser,Debit Card,1,0
TXN-102209,CUST-1019,74,Savings,Withdrawal,Retail,28.27,9044.86,9016.59,21,Berlin,ATM,UPI / Wallet,0,0
TXN-102210,CUST-1298,39,Checking,Payment,Groceries,115.84,7388.84,7273.0,10,Singapore,Mobile App,Debit Card,0,0
TXN-102211,CUST-1239,71,Savings,Transfer,Entertainment,6.09,4441.48,4435.39,10,Berlin,ATM,Debit Card,1,0
TXN-102212,CUST-1234,70,Savings,Transfer,Electronics,62.1,19810.19,19748.09,20,Singapore,POS Terminal,Debit Card,1,1
TXN-102213,CUST-1084,70,Checking,Transfer,Utilities,174.6,23889.81,23715.21,19,Berlin,POS Terminal,Wire Transfer,0,0
TXN-102214,CUST-1093,19,Credit,Payment,Entertainment,104.26,10399.75,10295.49,20,Tokyo,POS Terminal,Credit Card,0,0
TXN-102215,CUST-1041,41,Savings,Deposit,Entertainment,579.36,23815.28,24394.64,6,New York,Web Browser,Credit Card,0,0
TXN-102216,CUST-1363,25,Savings,Payment,Travel,315.84,20612.56,20296.72,16,Toronto,ATM,Wire Transfer,0,0
TXN-102217,CUST-1349,28,Savings,Withdrawal,Electronics,71.73,12078.17,12006.44,15,Singapore,Web Browser,UPI / Wallet,0,0
TXN-102218,CUST-1452,30,Savings,Payment,Utilities,11.98,16883.25,16871.27,13,London,ATM,UPI / Wallet,0,0
TXN-102219,CUST-1073,34,Credit,Payment,Retail,285.26,10931.11,10645.85,0,Berlin,Mobile App,UPI / Wallet,0,0
TXN-102220,CUST-1471,25,Checking,Transfer,Retail,368.26,14012.21,13643.95,10,Berlin,ATM,Wire Transfer,0,0
TXN-102221,CUST-1364,38,Checking,Withdrawal,Entertainment,262.74,1545.35,1282.61,12,Mumbai,ATM,Credit Card,1,0
TXN-102222,CUST-1114,35,Credit,Withdrawal,Entertainment,25.54,17436.96,17411.42,0,London,ATM,Credit Card,0,0
TXN-102223,CUST-1422,47,Savings,Transfer,Groceries,930.96,1415.33,484.37,1,London,ATM,Debit Card,1,1
TXN-102224,CUST-1189,35,Checking,Payment,Electronics,49.88,20445.42,20395.54,8,Toronto,Mobile App,Credit Card,0,0
TXN-102225,CUST-1431,63,Checking,Payment,Utilities,198.21,20641.18,20442.97,12,Tokyo,Web Browser,UPI / Wallet,0,0
TXN-102226,CUST-1124,64,Checking,Payment,Entertainment,362.95,6003.22,5640.27,4,New York,POS Terminal,UPI / Wallet,0,0
TXN-102227,CUST-1005,48,Business,Deposit,Groceries,45.32,8159.2,8204.52,8,Tokyo,ATM,Debit Card,0,0
TXN-102228,CUST-1457,55,Credit,Payment,Electronics,363.32,12084.63,11721.31,12,New York,POS Terminal,Debit Card,0,0
TXN-102229,CUST-1378,49,Savings,Payment,Utilities,60.55,14956.91,14896.36,4,Singapore,POS Terminal,Credit Card,1,0
TXN-102230,CUST-1041,28,Credit,Transfer,Retail,567.06,7255.11,6688.05,14,Toronto,POS Terminal,Debit Card,0,0
TXN-102231,CUST-1057,62,Savings,Transfer,Groceries,54.54,14852.91,14798.37,6,Tokyo,POS Terminal,Debit Card,1,0
TXN-102232,CUST-1426,42,Savings,Transfer,Electronics,465.04,7514.9,7049.86,13,Mumbai,ATM,Wire Transfer,0,0
TXN-102233,CUST-1009,50,Savings,Transfer,Groceries,13.25,1481.72,1468.47,15,New York,POS Terminal,Credit Card,1,0
TXN-102234,CUST-1088,55,Savings,Withdrawal,Entertainment,190.31,162.94,0.0,5,Tokyo,ATM,UPI / Wallet,0,0
TXN-102235,CUST-1333,58,Checking,Withdrawal,Travel,118.93,2618.66,2499.73,1,Toronto,Mobile App,Wire Transfer,0,0
TXN-102236,CUST-1110,25,Checking,Transfer,Retail,102.48,19827.04,19724.56,15,Mumbai,Web Browser,UPI / Wallet,0,0
TXN-102237,CUST-1038,28,Credit,Withdrawal,Entertainment,42.94,24039.64,23996.7,18,Toronto,Web Browser,Debit Card,0,0
TXN-102238,CUST-1396,39,Checking,Transfer,Entertainment,188.42,10731.46,10543.04,4,London,ATM,Debit Card,1,0
TXN-102239,CUST-1458,68,Checking,Transfer,Electronics,36.76,12865.83,12829.07,3,Berlin,ATM,UPI / Wallet,0,0
TXN-102240,CUST-1166,41,Savings,Transfer,Groceries,125.73,3756.52,3630.79,13,Singapore,Web Browser,Wire Transfer,0,0
TXN-102241,CUST-1010,58,Savings,Payment,Retail,48.8,13820.68,13771.88,5,Toronto,POS Terminal,Wire Transfer,0,0
TXN-102242,CUST-1109,34,Checking,Transfer,Entertainment,472.25,3701.91,3229.66,7,Singapore,ATM,Wire Transfer,0,0
TXN-102243,CUST-1496,29,Checking,Payment,Electronics,9.36,15319.24,15309.88,23,Toronto,POS Terminal,Debit Card,0,0
TXN-102244,CUST-1015,74,Credit,Payment,Retail,38.42,23338.14,23299.72,2,London,ATM,Credit Card,0,0
TXN-102245,CUST-1032,63,Savings,Deposit,Groceries,46.62,4972.89,5019.51,3,Toronto,ATM,Debit Card,0,0
TXN-102246,CUST-1232,49,Savings,Transfer,Entertainment,85.18,19137.64,19052.46,0,Toronto,Mobile App,UPI / Wallet,0,0
TXN-102247,CUST-1488,32,Checking,Transfer,Utilities,44.74,685.21,640.47,1,Tokyo,Mobile App,Wire Transfer,0,0
TXN-102248,CUST-1187,33,Savings,Transfer,Entertainment,106.4,9449.88,9343.48,12,Berlin,Web Browser,Credit Card,0,0
TXN-102249,CUST-1223,71,Savings,Payment,Entertainment,313.91,2857.64,2543.73,8,London,Mobile App,Wire Transfer,0,0
TXN-102250,CUST-1058,39,Checking,Transfer,Retail,191.75,8876.64,8684.89,11,Mumbai,Mobile App,Debit Card,1,0
TXN-102251,CUST-1457,45,Savings,Withdrawal,Retail,135.11,4421.07,4285.96,9,Berlin,Web Browser,Credit Card,0,0
TXN-102252,CUST-1050,37,Checking,Payment,Retail,18.98,9395.29,9376.31,9,New York,POS Terminal,Credit Card,0,0
TXN-102253,CUST-1270,50,Savings,Payment,Retail,182.62,10496.32,10313.7,17,Tokyo,Mobile App,Debit Card,0,0
TXN-102254,CUST-1463,27,Savings,Payment,Electronics,32.3,7584.72,7552.42,11,Berlin,POS Terminal,Wire Transfer,0,0
TXN-102255,CUST-1042,57,Savings,Transfer,Travel,236.52,16449.89,16213.37,21,New York,Web Browser,Wire Transfer,0,0
TXN-102256,CUST-1026,49,Credit,Transfer,Electronics,48.16,22979.42,22931.26,15,London,ATM,Wire Transfer,1,0
TXN-102257,CUST-1055,67,Savings,Transfer,Entertainment,85.95,10074.82,9988.87,22,Toronto,POS Terminal,Debit Card,0,0
TXN-102258,CUST-1120,50,Credit,Payment,Electronics,69.73,4889.34,4819.61,5,Singapore,Web Browser,UPI / Wallet,0,0
TXN-102259,CUST-1112,19,Savings,Transfer,Groceries,298.65,6841.0,6542.35,23,Berlin,POS Terminal,UPI / Wallet,0,0
TXN-102260,CUST-1315,50,Credit,Transfer,Utilities,25.29,21364.62,21339.33,23,Berlin,Web Browser,Wire Transfer,0,0
TXN-102261,CUST-1114,50,Savings,Deposit,Retail,130.08,14333.83,14463.91,20,New York,Web Browser,Credit Card,0,0
TXN-102262,CUST-1108,58,Checking,Transfer,Groceries,27.98,11429.77,11401.79,23,New York,ATM,UPI / Wallet,0,0
TXN-102263,CUST-1479,30,Checking,Withdrawal,Utilities,188.01,3825.95,3637.94,9,Singapore,POS Terminal,Wire Transfer,0,0
TXN-102264,CUST-1453,47,Credit,Withdrawal,Groceries,358.21,11298.21,10940.0,14,New York,ATM,UPI / Wallet,0,0
TXN-102265,CUST-1174,50,Savings,Transfer,Entertainment,90.54,7034.45,6943.91,8,New York,ATM,Wire Transfer,1,0
TXN-102266,CUST-1111,30,Savings,Transfer,Retail,105.44,23584.76,23479.32,23,Berlin,POS Terminal,UPI / Wallet,0,0
TXN-102267,CUST-1099,69,Savings,Transfer,Groceries,398.47,22113.35,21714.88,1,Singapore,POS Terminal,UPI / Wallet,0,0
TXN-102268,CUST-1007,43,Credit,Payment,Entertainment,115.41,2189.17,2073.76,17,Singapore,Web Browser,Credit Card,0,0
TXN-102269,CUST-1446,39,Checking,Payment,Retail,105.3,12964.67,12859.37,11,Toronto,POS Terminal,Credit Card,1,0
TXN-102270,CUST-1472,56,Credit,Withdrawal,Travel,134.53,5703.95,5569.42,2,Berlin,Web Browser,UPI / Wallet,1,0
TXN-102271,CUST-1134,19,Savings,Deposit,Entertainment,180.31,10328.35,10508.66,6,Toronto,Web Browser,Wire Transfer,0,0
TXN-102272,CUST-1250,55,Savings,Payment,Electronics,21.96,21933.52,21911.56,8,London,Web Browser,Credit Card,0,0
TXN-102273,CUST-1336,56,Savings,Transfer,Retail,263.15,13235.11,12971.96,7,London,Web Browser,Debit Card,0,0
TXN-102274,CUST-1239,43,Business,Transfer,Groceries,90.77,8421.96,8331.19,5,Berlin,Web Browser,Credit Card,0,0
TXN-102275,CUST-1221,63,Checking,Withdrawal,Utilities,16.26,5276.42,5260.16,0,New York,Web Browser,UPI / Wallet,0,0
TXN-102276,CUST-1385,67,Credit,Transfer,Groceries,236.39,20028.09,19791.7,13,Tokyo,POS Terminal,UPI / Wallet,0,0
TXN-102277,CUST-1144,32,Savings,Transfer,Electronics,75.97,15650.5,15574.53,15,London,POS Terminal,Debit Card,0,0
TXN-102278,CUST-1376,51,Checking,Withdrawal,Electronics,20.87,11754.83,11733.96,15,London,Mobile App,Credit Card,0,0
TXN-102279,CUST-1003,59,Checking,Payment,Groceries,155.68,5515.36,5359.68,3,Berlin,POS Terminal,UPI / Wallet,0,0
TXN-102280,CUST-1281,72,Savings,Deposit,Utilities,323.2,8422.73,8745.93,5,Toronto,ATM,Debit Card,0,0
TXN-102281,CUST-1333,61,Credit,Payment,Retail,333.06,24000.1,23667.04,14,Berlin,Mobile App,Debit Card,0,0
TXN-102282,CUST-1327,66,Credit,Transfer,Entertainment,479.32,13050.24,12570.92,21,Tokyo,POS Terminal,Wire Transfer,0,0
TXN-102283,CUST-1196,57,Credit,Deposit,Electronics,308.41,10077.41,10385.82,7,Tokyo,ATM,Credit Card,0,0
TXN-102284,CUST-1388,28,Checking,Transfer,Electronics,5.32,13083.41,13078.09,0,Singapore,POS Terminal,Credit Card,0,0
TXN-102285,CUST-1127,20,Savings,Transfer,Electronics,76.76,19496.81,19420.05,12,Berlin,Web Browser,Credit Card,0,0
TXN-102286,CUST-1260,23,Savings,Payment,Utilities,261.01,8568.71,8307.7,17,London,Mobile App,UPI / Wallet,0,0
TXN-102287,CUST-1090,26,Business,Transfer,Travel,73.42,4549.78,4476.36,17,Toronto,Web Browser,Debit Card,0,0
TXN-102288,CUST-1324,23,Savings,Payment,Utilities,143.03,14664.91,14521.88,12,Toronto,Mobile App,Wire Transfer,0,0
TXN-102289,CUST-1258,26,Checking,Transfer,Retail,144.83,16663.58,16518.75,21,Mumbai,Mobile App,Credit Card,0,0
TXN-102290,CUST-1421,56,Checking,Payment,Retail,73.13,17846.68,17773.55,13,Mumbai,Web Browser,Wire Transfer,0,0
TXN-102291,CUST-1093,48,Checking,Payment,Retail,357.25,22061.49,21704.24,10,New York,Mobile App,Wire Transfer,1,0
TXN-102292,CUST-1256,49,Business,Withdrawal,Retail,109.94,9342.24,9232.3,6,London,Mobile App,Debit Card,0,0
TXN-102293,CUST-1135,58,Savings,Withdrawal,Retail,98.76,1976.34,1877.58,17,Mumbai,POS Terminal,Credit Card,0,0
TXN-102294,CUST-1012,67,Savings,Transfer,Groceries,904.55,23962.88,23058.33,20,Toronto,ATM,Wire Transfer,0,0
TXN-102295,CUST-1467,29,Savings,Payment,Electronics,107.03,10931.8,10824.77,21,London,Web Browser,Credit Card,1,0
TXN-102296,CUST-1197,25,Checking,Payment,Utilities,34.47,15619.11,15584.64,3,Berlin,POS Terminal,Credit Card,1,0
TXN-102297,CUST-1497,25,Savings,Transfer,Groceries,112.95,16691.0,16578.05,16,London,POS Terminal,Credit Card,0,1
TXN-102298,CUST-1177,67,Savings,Withdrawal,Utilities,257.31,13708.19,13450.88,18,Mumbai,Web Browser,Wire Transfer,0,0
TXN-102299,CUST-1111,45,Credit,Withdrawal,Travel,229.99,5210.91,4980.92,13,Toronto,Mobile App,Debit Card,0,0
TXN-102300,CUST-1263,37,Credit,Transfer,Entertainment,238.09,18903.06,18664.97,9,London,Web Browser,Debit Card,1,0
TXN-102301,CUST-1413,64,Savings,Payment,Electronics,189.66,20113.42,19923.76,5,Tokyo,ATM,Wire Transfer,0,0
TXN-102302,CUST-1368,24,Savings,Transfer,Travel,49.0,13869.09,13820.09,17,New York,ATM,UPI / Wallet,1,0
TXN-102303,CUST-1423,28,Credit,Payment,Groceries,302.17,12265.17,11963.0,3,Singapore,Web Browser,Credit Card,0,0
TXN-102304,CUST-1078,37,Savings,Transfer,Entertainment,340.86,2937.06,2596.2,10,Toronto,POS Terminal,Credit Card,0,0
TXN-102305,CUST-1377,33,Savings,Deposit,Travel,37.38,2190.4,2227.78,12,Mumbai,Web Browser,Debit Card,0,0
TXN-102306,CUST-1255,21,Savings,Withdrawal,Utilities,25.97,8555.16,8529.19,7,Berlin,ATM,Wire Transfer,0,0
TXN-102307,CUST-1073,23,Checking,Payment,Entertainment,562.01,7840.07,7278.06,9,Singapore,Web Browser,Wire Transfer,1,1
TXN-102308,CUST-1382,39,Savings,Payment,Utilities,309.11,23846.05,23536.94,22,New York,Mobile App,UPI / Wallet,0,0
TXN-102309,CUST-1160,43,Business,Deposit,Travel,340.57,19612.21,19952.78,10,Toronto,Web Browser,UPI / Wallet,1,0
TXN-102310,CUST-1200,20,Checking,Payment,Groceries,331.23,16532.11,16200.88,2,Toronto,POS Terminal,Debit Card,0,0
TXN-102311,CUST-1368,58,Checking,Transfer,Utilities,122.03,12989.44,12867.41,14,Tokyo,Mobile App,UPI / Wallet,0,0
TXN-102312,CUST-1307,59,Savings,Payment,Entertainment,160.94,4267.45,4106.51,7,Tokyo,ATM,UPI / Wallet,0,0
TXN-102313,CUST-1376,31,Checking,Withdrawal,Travel,123.24,24463.57,24340.33,19,Tokyo,Web Browser,Wire Transfer,0,0
TXN-102314,CUST-1032,28,Checking,Payment,Utilities,12.88,9438.51,9425.63,17,Tokyo,POS Terminal,Wire Transfer,0,0
TXN-102315,CUST-1072,35,Credit,Payment,Groceries,210.27,2762.45,2552.18,20,Mumbai,POS Terminal,UPI / Wallet,1,0
TXN-102316,CUST-1461,71,Credit,Withdrawal,Electronics,110.58,12395.59,12285.01,0,Toronto,ATM,Debit Card,0,0
TXN-102317,CUST-1351,29,Checking,Withdrawal,Groceries,161.49,21862.55,21701.06,23,Mumbai,Web Browser,UPI / Wallet,0,0
TXN-102318,CUST-1292,40,Credit,Deposit,Groceries,109.77,22193.55,22303.32,7,London,POS Terminal,Debit Card,1,0
TXN-102319,CUST-1197,29,Credit,Transfer,Electronics,106.54,373.05,266.51,2,Berlin,Mobile App,UPI / Wallet,0,0
TXN-102320,CUST-1324,30,Credit,Payment,Groceries,33.27,22168.76,22135.49,0,London,Web Browser,Wire Transfer,0,0
TXN-102321,CUST-1387,42,Savings,Withdrawal,Electronics,54.01,6859.96,6805.95,19,Berlin,ATM,Wire Transfer,0,0
TXN-102322,CUST-1315,62,Savings,Withdrawal,Electronics,30.95,1070.41,1039.46,15,New York,Mobile App,Debit Card,1,0
TXN-102323,CUST-1239,68,Savings,Payment,Utilities,37.66,21209.98,21172.32,8,London,Web Browser,UPI / Wallet,0,0
TXN-102324,CUST-1463,36,Checking,Transfer,Utilities,546.66,21610.28,21063.62,16,New York,POS Terminal,UPI / Wallet,0,0
TXN-102325,CUST-1073,72,Checking,Withdrawal,Electronics,29.93,14946.15,14916.22,15,New York,ATM,Debit Card,1,0
TXN-102326,CUST-1030,63,Checking,Withdrawal,Travel,52.06,14403.4,14351.34,22,New York,ATM,UPI / Wallet,0,0
TXN-102327,CUST-1478,53,Credit,Transfer,Entertainment,138.96,20346.69,20207.73,5,Tokyo,Web Browser,Credit Card,0,0
TXN-102328,CUST-1013,62,Credit,Payment,Travel,146.31,19679.11,19532.8,22,Singapore,ATM,Wire Transfer,0,0
TXN-102329,CUST-1204,25,Credit,Transfer,Electronics,30.08,22263.63,22233.55,6,Singapore,Mobile App,Wire Transfer,1,0
TXN-102330,CUST-1315,46,Savings,Transfer,Entertainment,241.78,13863.41,13621.63,23,Mumbai,Web Browser,Debit Card,0,0
TXN-102331,CUST-1067,72,Checking,Transfer,Utilities,235.71,24194.41,23958.7,15,New York,Mobile App,UPI / Wallet,0,0
TXN-102332,CUST-1127,70,Savings,Payment,Entertainment,45.64,24904.06,24858.42,7,Tokyo,ATM,Debit Card,0,0
TXN-102333,CUST-1493,72,Savings,Payment,Electronics,56.09,3001.96,2945.87,9,London,ATM,Credit Card,0,0
TXN-102334,CUST-1025,49,Savings,Payment,Utilities,422.06,21253.64,20831.58,13,London,ATM,UPI / Wallet,0,0
TXN-102335,CUST-1407,68,Savings,Payment,Entertainment,267.02,12545.57,12278.55,10,Mumbai,Mobile App,Credit Card,0,0
TXN-102336,CUST-1183,61,Checking,Withdrawal,Entertainment,184.5,9750.4,9565.9,1,Mumbai,ATM,Debit Card,0,0
TXN-102337,CUST-1136,35,Credit,Transfer,Travel,17.87,15365.5,15347.63,11,New York,Web Browser,Wire Transfer,0,0
TXN-102338,CUST-1290,23,Savings,Transfer,Entertainment,86.26,1493.54,1407.28,19,New York,POS Terminal,Credit Card,0,0
TXN-102339,CUST-1105,35,Checking,Withdrawal,Electronics,127.91,12710.88,12582.97,19,London,Web Browser,UPI / Wallet,0,0
TXN-102340,CUST-1462,36,Checking,Transfer,Retail,36.13,21785.18,21749.05,12,London,POS Terminal,Debit Card,0,0
TXN-102341,CUST-1023,39,Savings,Deposit,Retail,94.19,5415.19,5509.38,14,London,ATM,Debit Card,0,0
TXN-102342,CUST-1414,54,Checking,Withdrawal,Retail,142.83,10717.11,10574.28,11,London,Web Browser,Debit Card,0,0
TXN-102343,CUST-1338,49,Savings,Payment,Electronics,64.49,23493.07,23428.58,12,Singapore,Mobile App,Wire Transfer,0,0
TXN-102344,CUST-1449,73,Checking,Deposit,Retail,232.76,10771.24,11004.0,7,New York,POS Terminal,Debit Card,0,0
TXN-102345,CUST-1193,58,Checking,Transfer,Travel,280.31,9023.35,8743.04,15,New York,Mobile App,Debit Card,0,0
TXN-102346,CUST-1168,20,Savings,Transfer,Electronics,63.65,11069.36,11005.71,2,London,POS Terminal,Wire Transfer,0,0
TXN-102347,CUST-1035,45,Savings,Payment,Utilities,278.63,13034.37,12755.74,12,Tokyo,ATM,Debit Card,0,0
TXN-102348,CUST-1100,27,Checking,Payment,Electronics,21.4,15836.58,15815.18,11,London,Web Browser,Debit Card,0,0
TXN-102349,CUST-1033,68,Credit,Deposit,Electronics,277.77,20037.25,20315.02,18,Berlin,POS Terminal,Credit Card,0,0
TXN-102350,CUST-1376,52,Savings,Transfer,Entertainment,29.86,11357.34,11327.48,1,Toronto,Web Browser,Debit Card,0,0
TXN-102351,CUST-1038,46,Checking,Payment,Entertainment,17.99,20455.28,20437.29,0,Toronto,POS Terminal,Wire Transfer,1,0
TXN-102352,CUST-1210,71,Checking,Payment,Entertainment,158.99,13389.64,13230.65,7,Mumbai,POS Terminal,Credit Card,0,0
TXN-102353,CUST-1229,32,Credit,Payment,Groceries,100.78,8528.16,8427.38,8,Berlin,ATM,Debit Card,0,0
TXN-102354,CUST-1278,50,Credit,Transfer,Travel,362.72,16482.98,16120.26,7,Tokyo,POS Terminal,Wire Transfer,0,0
TXN-102355,CUST-1079,24,Checking,Payment,Electronics,72.69,17971.28,17898.59,20,Mumbai,Mobile App,UPI / Wallet,0,0
TXN-102356,CUST-1237,29,Checking,Withdrawal,Electronics,55.77,13995.42,13939.65,16,Toronto,POS Terminal,Debit Card,0,0
TXN-102357,CUST-1171,66,Credit,Transfer,Entertainment,109.19,1509.71,1400.52,8,Tokyo,POS Terminal,UPI / Wallet,0,0
TXN-102358,CUST-1325,47,Savings,Withdrawal,Electronics,96.31,4330.08,4233.77,5,Mumbai,POS Terminal,Credit Card,0,0
TXN-102359,CUST-1441,38,Savings,Payment,Utilities,68.34,7203.91,7135.57,14,London,ATM,Wire Transfer,0,0
TXN-102360,CUST-1058,48,Savings,Withdrawal,Electronics,182.5,7137.38,6954.88,22,London,Web Browser,Credit Card,0,0
TXN-102361,CUST-1409,41,Credit,Withdrawal,Retail,218.79,16868.18,16649.39,23,Tokyo,Web Browser,UPI / Wallet,0,0
TXN-102362,CUST-1021,37,Credit,Transfer,Utilities,292.58,556.88,264.3,12,Mumbai,ATM,UPI / Wallet,0,0
TXN-102363,CUST-1364,54,Savings,Payment,Utilities,545.99,18916.48,18370.49,20,Singapore,Mobile App,UPI / Wallet,0,0
TXN-102364,CUST-1366,21,Checking,Withdrawal,Electronics,51.52,6707.03,6655.51,21,Tokyo,Mobile App,Wire Transfer,1,0
TXN-102365,CUST-1343,45,Checking,Payment,Groceries,193.87,7819.54,7625.67,11,Tokyo,ATM,UPI / Wallet,0,0
TXN-102366,CUST-1237,61,Savings,Deposit,Entertainment,80.2,13244.95,13325.15,12,Berlin,Web Browser,UPI / Wallet,0,0
TXN-102367,CUST-1295,37,Business,Payment,Travel,174.55,5476.55,5302.0,6,New York,Mobile App,Wire Transfer,0,0
TXN-102368,CUST-1340,41,Savings,Transfer,Travel,101.93,22123.34,22021.41,22,Tokyo,ATM,UPI / Wallet,0,0
TXN-102369,CUST-1093,67,Savings,Payment,Retail,766.83,2225.68,1458.85,17,Singapore,Web Browser,Debit Card,0,0
TXN-102370,CUST-1243,66,Checking,Deposit,Travel,200.79,11165.12,11365.91,13,London,Mobile App,UPI / Wallet,0,0
TXN-102371,CUST-1010,68,Checking,Transfer,Travel,462.03,21250.61,20788.58,10,Mumbai,Mobile App,Wire Transfer,0,0
TXN-102372,CUST-1116,49,Savings,Withdrawal,Entertainment,275.24,15434.51,15159.27,13,New York,ATM,UPI / Wallet,0,0
TXN-102373,CUST-1264,58,Checking,Withdrawal,Entertainment,354.8,7379.0,7024.2,16,Mumbai,Web Browser,Wire Transfer,0,0
TXN-102374,CUST-1011,53,Checking,Payment,Groceries,257.64,10576.93,10319.29,23,London,Mobile App,UPI / Wallet,0,0
TXN-102375,CUST-1153,70,Savings,Transfer,Retail,97.19,17696.69,17599.5,20,Tokyo,ATM,Debit Card,0,1
TXN-102376,CUST-1037,51,Savings,Withdrawal,Travel,48.51,24334.19,24285.68,1,Berlin,Mobile App,Wire Transfer,0,0
TXN-102377,CUST-1498,53,Checking,Transfer,Groceries,74.38,22339.15,22264.77,18,Singapore,Web Browser,Wire Transfer,0,0
TXN-102378,CUST-1130,19,Savings,Withdrawal,Retail,8.07,8626.58,8618.51,15,New York,POS Terminal,Wire Transfer,0,0
TXN-102379,CUST-1381,32,Credit,Payment,Utilities,116.35,24955.13,24838.78,21,Singapore,Mobile App,Wire Transfer,0,0
TXN-102380,CUST-1224,51,Credit,Payment,Travel,110.5,187.27,76.77,9,Toronto,Web Browser,UPI / Wallet,0,0
TXN-102381,CUST-1142,53,Business,Withdrawal,Travel,116.75,787.98,671.23,21,Singapore,Mobile App,UPI / Wallet,0,0
TXN-102382,CUST-1430,23,Savings,Payment,Entertainment,552.63,20613.63,20061.0,7,Singapore,POS Terminal,Debit Card,0,0
TXN-102383,CUST-1388,56,Business,Payment,Electronics,368.63,5066.62,4697.99,20,Singapore,POS Terminal,Debit Card,0,1
TXN-102384,CUST-1053,59,Checking,Payment,Retail,31.46,1613.15,1581.69,4,London,Mobile App,UPI / Wallet,0,0
TXN-102385,CUST-1023,68,Savings,Payment,Travel,74.04,6004.99,5930.95,6,Singapore,ATM,Credit Card,0,0
TXN-102386,CUST-1394,68,Savings,Payment,Retail,87.74,10709.89,10622.15,12,Berlin,Mobile App,Wire Transfer,0,0
TXN-102387,CUST-1120,71,Savings,Withdrawal,Groceries,72.07,18291.1,18219.03,15,Singapore,Web Browser,UPI / Wallet,1,0
TXN-102388,CUST-1118,29,Checking,Payment,Groceries,245.29,15645.95,15400.66,4,London,ATM,Debit Card,1,0
TXN-102389,CUST-1160,20,Checking,Payment,Electronics,116.36,6016.77,5900.41,15,Mumbai,Web Browser,Wire Transfer,0,0
TXN-102390,CUST-1470,62,Savings,Payment,Travel,132.33,12631.43,12499.1,14,London,Web Browser,Debit Card,0,0
TXN-102391,CUST-1073,35,Checking,Transfer,Entertainment,292.61,23162.73,22870.12,8,Toronto,ATM,Credit Card,0,0
TXN-102392,CUST-1184,57,Savings,Transfer,Travel,250.93,20393.69,20142.76,21,Toronto,POS Terminal,Wire Transfer,0,0
TXN-102393,CUST-1435,38,Checking,Deposit,Retail,26.27,8147.43,8173.7,22,Berlin,Web Browser,Credit Card,1,0
TXN-102394,CUST-1191,32,Savings,Withdrawal,Utilities,192.72,24558.39,24365.67,11,Berlin,Mobile App,Credit Card,0,0
TXN-102395,CUST-1426,50,Credit,Payment,Groceries,90.76,17744.65,17653.89,7,Tokyo,POS Terminal,Credit Card,0,0
TXN-102396,CUST-1219,52,Credit,Payment,Retail,57.36,1654.99,1597.63,12,London,POS Terminal,UPI / Wallet,0,0
TXN-102397,CUST-1486,43,Checking,Transfer,Electronics,12.7,975.5,962.8,4,Mumbai,ATM,Debit Card,0,0
TXN-102398,CUST-1120,25,Savings,Payment,Groceries,105.19,4293.36,4188.17,13,Tokyo,Mobile App,Wire Transfer,0,0
TXN-102399,CUST-1208,53,Savings,Payment,Entertainment,70.88,18223.61,18152.73,15,Tokyo,Mobile App,UPI / Wallet,0,0
TXN-102400,CUST-1383,65,Credit,Payment,Groceries,48.46,4675.1,4626.64,10,New York,POS Terminal,Debit Card,0,0
TXN-102401,CUST-1299,47,Savings,Payment,Utilities,182.96,12836.02,12653.06,19,Singapore,Web Browser,UPI / Wallet,1,0
TXN-102402,CUST-1345,40,Savings,Transfer,Travel,225.12,2422.18,2197.06,11,Tokyo,Web Browser,Debit Card,0,0
TXN-102403,CUST-1472,59,Savings,Transfer,Utilities,47.11,23030.07,22982.96,14,Tokyo,Mobile App,Wire Transfer,0,0
TXN-102404,CUST-1163,61,Checking,Deposit,Utilities,12.61,8664.62,8677.23,23,Berlin,POS Terminal,Wire Transfer,0,0
TXN-102405,CUST-1267,31,Checking,Payment,Travel,288.33,22712.49,22424.16,11,Mumbai,POS Terminal,Wire Transfer,0,0
TXN-102406,CUST-1439,31,Credit,Payment,Groceries,6.5,23627.4,23620.9,8,Tokyo,POS Terminal,Wire Transfer,0,0
TXN-102407,CUST-1002,19,Savings,Transfer,Electronics,419.96,252.6,0.0,0,Toronto,ATM,Debit Card,0,0
TXN-102408,CUST-1049,72,Savings,Transfer,Travel,153.18,11656.97,11503.79,2,Mumbai,Mobile App,UPI / Wallet,0,0
TXN-102409,CUST-1412,54,Credit,Withdrawal,Travel,63.26,713.94,650.68,11,Singapore,Mobile App,Wire Transfer,0,0
TXN-102410,CUST-1363,22,Credit,Payment,Entertainment,47.45,22726.45,22679.0,19,Toronto,Web Browser,Wire Transfer,0,0
TXN-102411,CUST-1471,55,Savings,Payment,Groceries,6.36,13008.35,13001.99,12,Berlin,Web Browser,Wire Transfer,0,0
TXN-102412,CUST-1210,62,Checking,Transfer,Travel,45.27,1966.11,1920.84,22,Toronto,Mobile App,Credit Card,0,0
TXN-102413,CUST-1460,58,Savings,Withdrawal,Electronics,27.23,2845.89,2818.66,5,New York,Mobile App,Wire Transfer,0,0
TXN-102414,CUST-1015,71,Credit,Transfer,Retail,147.08,9649.37,9502.29,9,New York,Web Browser,Wire Transfer,0,0
TXN-102415,CUST-1167,64,Savings,Transfer,Groceries,32.33,23511.83,23479.5,9,Singapore,Mobile App,Debit Card,0,0
TXN-102416,CUST-1282,31,Credit,Payment,Entertainment,117.82,17353.44,17235.62,15,Singapore,Web Browser,Credit Card,0,0
TXN-102417,CUST-1378,73,Checking,Transfer,Utilities,138.78,21703.71,21564.93,0,Toronto,Mobile App,Debit Card,0,0
TXN-102418,CUST-1325,56,Checking,Transfer,Travel,58.08,9224.77,9166.69,15,Berlin,ATM,UPI / Wallet,0,0
TXN-102419,CUST-1297,42,Savings,Payment,Electronics,10.35,1176.02,1165.67,3,Berlin,ATM,Credit Card,0,0
TXN-102420,CUST-1184,37,Checking,Payment,Groceries,10.69,24360.51,24349.82,5,London,POS Terminal,Debit Card,0,0
TXN-102421,CUST-1137,19,Checking,Withdrawal,Electronics,9.01,527.61,518.6,18,Tokyo,Mobile App,Debit Card,0,0
TXN-102422,CUST-1124,56,Savings,Payment,Electronics,206.56,23696.53,23489.97,1,Tokyo,Web Browser,UPI / Wallet,0,0
TXN-102423,CUST-1421,23,Checking,Transfer,Utilities,62.41,9280.07,9217.66,17,Tokyo,Mobile App,UPI / Wallet,0,0
TXN-102424,CUST-1391,34,Business,Transfer,Entertainment,243.67,351.25,107.58,9,Mumbai,Mobile App,Wire Transfer,0,0
TXN-102425,CUST-1401,42,Checking,Deposit,Groceries,89.77,17260.02,17349.79,3,London,POS Terminal,Wire Transfer,1,0
TXN-102426,CUST-1479,74,Checking,Payment,Travel,95.5,24515.45,24419.95,0,Toronto,Web Browser,Credit Card,0,0
TXN-102427,CUST-1400,45,Savings,Withdrawal,Entertainment,112.89,24144.08,24031.19,14,Tokyo,Mobile App,Credit Card,0,0
TXN-102428,CUST-1057,19,Checking,Transfer,Travel,192.26,4107.33,3915.07,9,Mumbai,Web Browser,UPI / Wallet,1,0
TXN-102429,CUST-1361,52,Savings,Payment,Retail,52.93,4613.07,4560.14,17,Mumbai,Mobile App,Credit Card,0,0
TXN-102430,CUST-1065,54,Checking,Transfer,Electronics,24.45,14181.92,14157.47,15,New York,POS Terminal,Wire Transfer,0,0
TXN-102431,CUST-1427,22,Credit,Payment,Retail,126.81,15968.89,15842.08,12,Mumbai,Web Browser,UPI / Wallet,1,0
TXN-102432,CUST-1339,18,Checking,Deposit,Electronics,64.4,18511.51,18575.91,14,Singapore,Mobile App,Debit Card,0,0
TXN-102433,CUST-1201,57,Savings,Deposit,Utilities,92.64,4608.15,4700.79,1,Berlin,ATM,UPI / Wallet,0,0
TXN-102434,CUST-1008,29,Savings,Payment,Entertainment,161.17,23979.28,23818.11,19,Mumbai,Web Browser,Credit Card,0,0
TXN-102435,CUST-1431,73,Checking,Payment,Travel,107.22,16004.61,15897.39,3,Singapore,POS Terminal,Wire Transfer,0,0
TXN-102436,CUST-1422,53,Checking,Deposit,Utilities,150.25,21191.47,21341.72,0,Singapore,ATM,Wire Transfer,0,0
TXN-102437,CUST-1104,62,Credit,Payment,Travel,122.86,13547.64,13424.78,6,New York,Web Browser,Debit Card,0,0
TXN-102438,CUST-1088,40,Credit,Transfer,Entertainment,206.94,10415.49,10208.55,22,Toronto,Web Browser,Debit Card,0,0
TXN-102439,CUST-1088,64,Checking,Payment,Groceries,188.59,24431.85,24243.26,10,New York,Web Browser,UPI / Wallet,1,0
TXN-102440,CUST-1343,48,Savings,Transfer,Retail,119.6,14594.82,14475.22,9,Mumbai,Web Browser,Wire Transfer,0,0
TXN-102441,CUST-1005,28,Savings,Payment,Retail,175.4,21685.15,21509.75,0,New York,Mobile App,Debit Card,0,1
TXN-102442,CUST-1157,27,Savings,Payment,Travel,315.2,23836.98,23521.78,10,New York,Mobile App,Debit Card,0,0
TXN-102443,CUST-1378,20,Savings,Payment,Travel,89.92,16916.33,16826.41,23,Toronto,Web Browser,UPI / Wallet,0,0
TXN-102444,CUST-1329,71,Checking,Payment,Travel,84.85,13768.57,13683.72,9,Berlin,POS Terminal,UPI / Wallet,0,0
TXN-102445,CUST-1102,31,Checking,Transfer,Entertainment,221.74,187.42,0.0,13,Tokyo,Mobile App,Wire Transfer,0,0
TXN-102446,CUST-1222,33,Checking,Payment,Groceries,136.04,1096.49,960.45,13,Mumbai,Web Browser,Credit Card,0,0
TXN-102447,CUST-1401,27,Savings,Withdrawal,Retail,16.05,5101.2,5085.15,6,Toronto,Web Browser,Credit Card,0,0
TXN-102448,CUST-1170,46,Savings,Payment,Utilities,339.0,4731.61,4392.61,22,Mumbai,POS Terminal,Wire Transfer,0,0
TXN-102449,CUST-1032,27,Savings,Transfer,Electronics,9.69,6443.49,6433.8,10,Mumbai,POS Terminal,Credit Card,0,0
TXN-102450,CUST-1180,29,Savings,Deposit,Entertainment,211.99,7692.87,7904.86,21,New York,POS Terminal,Wire Transfer,0,0
TXN-102451,CUST-1183,47,Credit,Deposit,Retail,218.32,9065.63,9283.95,3,Berlin,ATM,Wire Transfer,0,0
TXN-102452,CUST-1402,58,Savings,Transfer,Groceries,464.0,10571.39,10107.39,23,New York,Web Browser,Debit Card,0,0
TXN-102453,CUST-1086,18,Checking,Transfer,Entertainment,13.35,2561.77,2548.42,1,Singapore,POS Terminal,Credit Card,0,0
TXN-102454,CUST-1068,22,Savings,Withdrawal,Utilities,141.27,1154.81,1013.54,6,London,Web Browser,Wire Transfer,0,0
TXN-102455,CUST-1379,37,Credit,Withdrawal,Retail,88.75,16881.22,16792.47,18,London,Mobile App,Credit Card,1,1
TXN-102456,CUST-1025,25,Checking,Deposit,Entertainment,65.21,13479.64,13544.85,13,Toronto,Web Browser,Credit Card,0,0
TXN-102457,CUST-1412,60,Savings,Withdrawal,Retail,19.2,11159.19,11139.99,18,London,Web Browser,UPI / Wallet,0,0
TXN-102458,CUST-1407,29,Checking,Payment,Retail,129.05,15897.55,15768.5,6,Toronto,ATM,Credit Card,0,0
TXN-102459,CUST-1005,18,Checking,Payment,Groceries,102.81,20709.22,20606.41,11,Tokyo,Mobile App,Wire Transfer,0,0
TXN-102460,CUST-1255,74,Business,Transfer,Electronics,21.57,10749.55,10727.98,2,New York,Mobile App,Debit Card,0,0
TXN-102461,CUST-1181,71,Savings,Transfer,Groceries,147.2,16063.87,15916.67,14,Singapore,ATM,Credit Card,0,0
TXN-102462,CUST-1294,37,Credit,Payment,Retail,205.88,23843.95,23638.07,4,Singapore,POS Terminal,Wire Transfer,0,0
TXN-102463,CUST-1259,45,Credit,Payment,Entertainment,223.69,21006.65,20782.96,7,London,POS Terminal,UPI / Wallet,0,0
TXN-102464,CUST-1383,74,Credit,Payment,Utilities,358.67,10707.42,10348.75,13,Berlin,Web Browser,Credit Card,0,0
TXN-102465,CUST-1313,60,Checking,Withdrawal,Groceries,84.01,16153.45,16069.44,3,Tokyo,ATM,Debit Card,0,0
TXN-102466,CUST-1303,54,Checking,Transfer,Electronics,463.87,4509.07,4045.2,6,Toronto,POS Terminal,Credit Card,0,0
TXN-102467,CUST-1315,64,Checking,Payment,Retail,305.85,14057.0,13751.15,6,Tokyo,Mobile App,Wire Transfer,0,0
TXN-102468,CUST-1233,54,Credit,Transfer,Utilities,57.75,24535.07,24477.32,17,London,ATM,Credit Card,0,0
TXN-102469,CUST-1281,29,Checking,Payment,Groceries,31.03,13006.05,12975.02,13,Toronto,POS Terminal,Credit Card,0,0
TXN-102470,CUST-1206,54,Checking,Withdrawal,Groceries,90.74,23198.19,23107.45,7,Toronto,Mobile App,UPI / Wallet,0,0
TXN-102471,CUST-1076,66,Checking,Payment,Groceries,82.1,10242.64,10160.54,11,London,ATM,Credit Card,0,0
TXN-102472,CUST-1167,66,Checking,Deposit,Groceries,133.6,24971.24,25104.84,9,New York,Web Browser,Debit Card,0,0
TXN-102473,CUST-1341,73,Credit,Transfer,Utilities,136.34,14522.58,14386.24,13,Berlin,Web Browser,Credit Card,0,0
TXN-102474,CUST-1378,61,Savings,Payment,Entertainment,212.94,1152.5,939.56,8,Tokyo,Mobile App,UPI / Wallet,0,0
TXN-102475,CUST-1460,73,Credit,Transfer,Electronics,111.97,14710.19,14598.22,5,Singapore,POS Terminal,Wire Transfer,1,0
TXN-102476,CUST-1055,45,Checking,Payment,Electronics,21.61,6936.86,6915.25,4,London,POS Terminal,Credit Card,0,0
TXN-102477,CUST-1294,64,Credit,Withdrawal,Retail,298.1,908.78,610.68,0,New York,ATM,Credit Card,0,0
TXN-102478,CUST-1080,32,Checking,Payment,Travel,60.61,20539.25,20478.64,0,Singapore,Mobile App,UPI / Wallet,0,0
TXN-102479,CUST-1483,23,Savings,Withdrawal,Entertainment,537.62,6965.67,6428.05,19,Tokyo,POS Terminal,UPI / Wallet,0,0
TXN-102480,CUST-1166,61,Credit,Transfer,Retail,23.81,19934.06,19910.25,16,London,Web Browser,UPI / Wallet,0,0
TXN-102481,CUST-1175,37,Savings,Withdrawal,Retail,481.41,7276.62,6795.21,10,Toronto,Mobile App,Credit Card,1,0
TXN-102482,CUST-1280,67,Credit,Transfer,Groceries,19.31,4938.73,4919.42,11,Berlin,Web Browser,Debit Card,0,0
TXN-102483,CUST-1417,31,Checking,Withdrawal,Travel,44.41,24351.0,24306.59,2,London,Mobile App,UPI / Wallet,0,0
TXN-102484,CUST-1382,19,Checking,Transfer,Travel,12.15,9104.97,9092.82,5,Berlin,ATM,Wire Transfer,0,0
TXN-102485,CUST-1148,26,Savings,Transfer,Entertainment,188.17,15074.27,14886.1,10,New York,POS Terminal,Credit Card,0,0
TXN-102486,CUST-1255,54,Checking,Payment,Travel,289.87,15288.54,14998.67,12,New York,POS Terminal,Wire Transfer,0,0
TXN-102487,CUST-1280,37,Savings,Deposit,Retail,90.39,14055.79,14146.18,10,Tokyo,POS Terminal,Wire Transfer,0,0
TXN-102488,CUST-1344,43,Savings,Transfer,Travel,400.75,22875.92,22475.17,7,Berlin,Web Browser,Debit Card,0,0
TXN-102489,CUST-1277,46,Savings,Payment,Travel,138.85,16893.58,16754.73,9,London,POS Terminal,Wire Transfer,0,0
TXN-102490,CUST-1278,18,Savings,Withdrawal,Electronics,154.14,10152.95,9998.81,1,New York,Mobile App,UPI / Wallet,0,0
TXN-102491,CUST-1408,72,Business,Payment,Retail,285.06,21573.27,21288.21,23,London,Web Browser,UPI / Wallet,0,0
TXN-102492,CUST-1205,52,Business,Transfer,Utilities,57.82,4608.47,4550.65,13,Tokyo,ATM,Credit Card,0,0
TXN-102493,CUST-1461,23,Savings,Payment,Travel,70.61,13651.5,13580.89,15,Berlin,Web Browser,Debit Card,1,0
TXN-102494,CUST-1409,54,Checking,Payment,Travel,359.59,23768.7,23409.11,16,London,ATM,Debit Card,0,0
TXN-102495,CUST-1487,70,Savings,Deposit,Groceries,351.84,15672.4,16024.24,10,Singapore,Web Browser,Wire Transfer,0,0
TXN-102496,CUST-1029,22,Checking,Withdrawal,Travel,567.5,20442.51,19875.01,1,London,POS Terminal,Debit Card,1,1
TXN-102497,CUST-1217,50,Credit,Payment,Travel,353.17,16373.66,16020.49,23,Mumbai,ATM,Wire Transfer,0,0
TXN-102498,CUST-1421,66,Credit,Deposit,Electronics,25.44,21000.33,21025.77,22,Mumbai,POS Terminal,Wire Transfer,0,0
TXN-102499,CUST-1469,68,Checking,Payment,Retail,265.36,23617.75,23352.39,4,Toronto,Web Browser,Debit Card,0,0
