PaymentID,CardNetwork,CardType,TransactionAmount_USD,MerchantCategory,CardholderCountry,MerchantCountry,CVV_Match,ThreeDSecure_Status,DeviceType,UserAccountAge_Days,IsChargeback
PAY_000001,American Express,Debit,104.51,Digital_Gaming,AU,AU,Match,Authenticated_Success,Desktop_Windows,2319,0
PAY_000002,Mastercard,Debit,50.73,Electronics,US,US,Match,Authenticated_Success,Mobile_iOS,2245,0
PAY_000003,American Express,Credit,162.98,Digital_Gaming,GB,GB,Match,Authenticated_Success,Mobile_iOS,3069,0
PAY_000004,Mastercard,Debit,2037.12,Electronics,US,GB,Match,Authenticated_Success,Desktop_Windows,192,0
PAY_000005,Visa,Credit,46.55,Electronics,US,US,NotProvided,Attempted_NoAuth,Mobile_Android,824,1
PAY_000006,RuPay,Debit,98.46,Digital_Gaming,DE,DE,Match,Authenticated_Success,Desktop_Windows,1566,0
PAY_000007,Mastercard,Debit,182.72,Luxury_Goods,US,US,Match,Authenticated_Success,Mobile_iOS,3211,0
PAY_000008,American Express,Credit,1285.07,Food_Beverage,GB,JP,Match,Authenticated_Success,Mobile_iOS,868,0
PAY_000009,Visa,Credit,1043.04,Travel_Airlines,DE,DE,Match,Exempt_LowRisk,Mobile_Android,3548,0
PAY_000010,Mastercard,Debit,90.95,Food_Beverage,US,US,Match,Exempt_LowRisk,Mobile_iOS,3490,0
PAY_000011,Visa,Credit,69.11,Travel_Airlines,GB,JP,Match,Authenticated_Success,Mobile_iOS,347,1
PAY_000012,Discover,Corporate,90.16,Travel_Airlines,DE,DE,Match,Authenticated_Success,Mobile_iOS,1326,0
PAY_000013,Mastercard,Debit,424.33,Electronics,AU,AE,Match,Exempt_LowRisk,Mobile_iOS,945,0
PAY_000014,American Express,Debit,96.84,Luxury_Goods,US,US,Match,Authenticated_Success,Desktop_Windows,1786,0
PAY_000015,Mastercard,Credit,43.18,Electronics,JP,JP,Match,Authenticated_Success,Mobile_iOS,3373,0
PAY_000016,Visa,Debit,188.54,Electronics,IN,IN,Match,Authenticated_Success,Mobile_Android,1371,0
PAY_000017,Mastercard,Corporate,216.24,Electronics,DE,AU,Match,Exempt_LowRisk,Mobile_Android,2420,0
PAY_000018,Visa,Credit,101.29,Food_Beverage,US,FR,Match,Authenticated_Success,Mobile_Android,501,0
PAY_000019,American Express,Credit,164.48,Travel_Airlines,DE,DE,Match,Authenticated_Success,Mobile_Android,2081,0
PAY_000020,Mastercard,Credit,183.49,Subscription,IN,IN,Match,Authenticated_Success,Mobile_Android,1287,0
PAY_000021,Mastercard,Credit,25.84,Subscription,US,US,Match,Authenticated_Success,Desktop_Windows,3350,0
PAY_000022,Visa,Debit,132.86,Food_Beverage,AE,AE,Match,Authenticated_Success,Mobile_iOS,2843,0
PAY_000023,RuPay,Credit,236.31,Electronics,AU,AU,Match,Authenticated_Success,Desktop_Windows,786,0
PAY_000024,Discover,Debit,129.12,Food_Beverage,GB,GB,Match,Authenticated_Success,Mobile_iOS,2267,0
PAY_000025,American Express,Credit,244.74,Food_Beverage,DE,DE,Match,Authenticated_Success,Mobile_Android,1249,0
PAY_000026,Visa,Credit,40.41,Food_Beverage,GB,GB,Match,Authenticated_Success,Mobile_Android,1597,0
PAY_000027,Mastercard,Credit,90.24,Electronics,FR,CA,Match,Authenticated_Success,Mobile_iOS,1689,0
PAY_000028,Visa,Debit,29.15,Electronics,IN,IN,Match,Authenticated_Success,Mobile_iOS,2995,0
PAY_000029,Visa,Debit,7.24,Subscription,US,US,Match,Authenticated_Success,Mobile_iOS,1059,0
PAY_000030,Mastercard,Credit,153.86,Electronics,US,US,Match,Attempted_NoAuth,Mobile_iOS,16,0
PAY_000031,Mastercard,Debit,59.25,Apparel,US,US,Match,Authenticated_Success,Mobile_Android,704,0
PAY_000032,RuPay,Credit,20.19,Digital_Gaming,SG,SG,Match,Authenticated_Success,Mobile_iOS,3017,0
PAY_000033,Visa,Credit,71.62,Electronics,US,US,Match,Authenticated_Success,Desktop_Windows,1083,0
PAY_000034,Visa,Credit,997.67,Electronics,AU,AU,Match,Authenticated_Success,Desktop_macOS,218,0
PAY_000035,Mastercard,Prepaid,174.76,Subscription,GB,GB,Match,Authenticated_Success,Mobile_iOS,1461,0
PAY_000036,Visa,Debit,16.65,Food_Beverage,US,JP,Match,Exempt_LowRisk,Mobile_iOS,3176,0
PAY_000037,Visa,Debit,40.99,Food_Beverage,AU,AU,Match,Authenticated_Success,Mobile_Android,3187,0
PAY_000038,Mastercard,Credit,104.23,Apparel,CA,CA,Match,Authenticated_Success,Desktop_macOS,3458,0
PAY_000039,Visa,Credit,33.48,Apparel,US,US,Match,Authenticated_Success,Mobile_Android,2496,0
PAY_000040,Mastercard,Debit,27.40,Digital_Gaming,US,US,Match,Authenticated_Success,Mobile_iOS,2990,0
PAY_000041,Mastercard,Credit,45.97,Digital_Gaming,US,US,Match,Authenticated_Success,Tablet,2821,0
PAY_000042,American Express,Corporate,619.77,Electronics,US,JP,Match,Authenticated_Success,Mobile_Android,72,0
PAY_000043,Mastercard,Debit,978.32,Travel_Airlines,US,GB,Match,Authenticated_Success,Mobile_iOS,1526,0
PAY_000044,Visa,Credit,29.70,Subscription,CA,CA,Match,Authenticated_Success,Desktop_macOS,1921,0
PAY_000045,American Express,Debit,110.68,Digital_Gaming,US,US,Match,Authenticated_Success,Desktop_macOS,1693,0
PAY_000046,American Express,Prepaid,66.22,Apparel,US,US,Mismatch,Exempt_LowRisk,Mobile_Android,3025,0
PAY_000047,Visa,Credit,22.00,Apparel,US,US,Match,Authenticated_Success,Mobile_iOS,3584,0
PAY_000048,Visa,Debit,134.67,Electronics,GB,GB,Match,Authenticated_Success,Mobile_Android,1989,1
PAY_000049,Mastercard,Corporate,16.60,Apparel,AE,AE,Match,Authenticated_Success,Mobile_iOS,352,0
PAY_000050,Visa,Credit,239.69,Digital_Gaming,US,US,Match,Authenticated_Success,Mobile_Android,1314,0
PAY_000051,Visa,Corporate,367.87,Digital_Gaming,US,US,Match,Failed,Mobile_iOS,722,1
PAY_000052,Visa,Credit,42.45,Digital_Gaming,CA,CA,Match,Exempt_LowRisk,Mobile_Android,1718,0
PAY_000053,American Express,Debit,32.66,Food_Beverage,SG,SG,Match,Authenticated_Success,Desktop_Windows,855,0
PAY_000054,Mastercard,Debit,212.74,Apparel,FR,FR,Match,Authenticated_Success,Tablet,295,0
PAY_000055,Mastercard,Debit,711.51,Electronics,IN,AU,Match,Authenticated_Success,Desktop_Windows,627,0
PAY_000056,American Express,Credit,54.80,Electronics,SG,SG,Mismatch,Exempt_LowRisk,Mobile_iOS,1812,0
PAY_000057,Mastercard,Debit,158.66,Electronics,CA,CA,Mismatch,Authenticated_Success,Mobile_iOS,517,0
PAY_000058,Mastercard,Credit,62.50,Digital_Gaming,AE,AU,Match,Attempted_NoAuth,Mobile_Android,102,1
PAY_000059,Visa,Credit,28.56,Food_Beverage,US,US,NotProvided,Exempt_LowRisk,Mobile_iOS,1024,0
PAY_000060,Visa,Credit,101.96,Food_Beverage,IN,IN,Match,Authenticated_Success,Mobile_iOS,2351,0
PAY_000061,Mastercard,Debit,200.71,Luxury_Goods,IN,IN,Match,Exempt_LowRisk,Desktop_Windows,2302,0
PAY_000062,Mastercard,Credit,36.81,Apparel,SG,SG,Match,Authenticated_Success,Mobile_iOS,1425,0
PAY_000063,Mastercard,Credit,167.02,Electronics,GB,GB,Match,Authenticated_Success,Mobile_iOS,2421,0
PAY_000064,Mastercard,Corporate,12.96,Apparel,FR,FR,Match,Authenticated_Success,Mobile_Android,699,0
PAY_000065,Mastercard,Credit,6.94,Apparel,US,US,Match,Exempt_LowRisk,Tablet,2637,0
PAY_000066,Mastercard,Credit,183.11,Food_Beverage,CA,CA,Match,Authenticated_Success,Mobile_Android,64,0
PAY_000067,Mastercard,Credit,29.54,Digital_Gaming,US,US,Match,Authenticated_Success,Mobile_iOS,494,0
PAY_000068,Visa,Credit,698.09,Apparel,CA,CA,Mismatch,Authenticated_Success,Mobile_Android,3365,1
PAY_000069,Visa,Debit,583.49,Apparel,DE,DE,Match,Authenticated_Success,Desktop_macOS,1708,0
PAY_000070,Mastercard,Credit,106.96,Electronics,US,US,Match,Authenticated_Success,Mobile_iOS,2031,0
PAY_000071,Visa,Credit,873.89,Food_Beverage,US,US,Match,Authenticated_Success,Mobile_Android,1451,0
PAY_000072,Visa,Prepaid,523.72,Electronics,US,US,Match,Authenticated_Success,Desktop_Windows,2361,0
PAY_000073,American Express,Debit,91.81,Electronics,DE,DE,Match,Authenticated_Success,Desktop_Windows,2730,0
PAY_000074,Visa,Debit,10.91,Electronics,DE,DE,Match,Authenticated_Success,Mobile_iOS,2844,0
PAY_000075,Visa,Debit,142.16,Food_Beverage,FR,FR,Match,Exempt_LowRisk,Desktop_macOS,910,0
PAY_000076,Visa,Corporate,69.02,Digital_Gaming,US,US,Match,Authenticated_Success,Mobile_iOS,2287,0
PAY_000077,Visa,Credit,696.66,Luxury_Goods,IN,IN,Match,Authenticated_Success,Mobile_iOS,2863,0
PAY_000078,Mastercard,Debit,51.85,Apparel,DE,DE,Mismatch,Exempt_LowRisk,Mobile_iOS,1508,0
PAY_000079,Mastercard,Debit,53.06,Electronics,US,US,Match,Authenticated_Success,Mobile_Android,1394,0
PAY_000080,American Express,Credit,41.69,Food_Beverage,US,US,Mismatch,Exempt_LowRisk,Mobile_iOS,2291,0
PAY_000081,Mastercard,Credit,406.23,Electronics,GB,SG,Match,Authenticated_Success,Desktop_Windows,2094,0
PAY_000082,Visa,Credit,126.44,Electronics,US,FR,Match,Authenticated_Success,Desktop_Windows,922,0
PAY_000083,American Express,Debit,44.86,Digital_Gaming,US,US,Match,Authenticated_Success,Mobile_iOS,3496,0
PAY_000084,Visa,Debit,35.10,Electronics,US,US,Match,Exempt_LowRisk,Desktop_Windows,2049,0
PAY_000085,Visa,Debit,206.43,Electronics,US,GB,Match,Authenticated_Success,Tablet,2060,0
PAY_000086,Visa,Credit,19.63,Food_Beverage,US,US,Match,Authenticated_Success,Mobile_iOS,751,0
PAY_000087,Mastercard,Credit,183.16,Digital_Gaming,US,US,Match,Authenticated_Success,Desktop_Windows,2465,0
PAY_000088,Mastercard,Credit,29.74,Apparel,IN,IN,Match,Exempt_LowRisk,Tablet,3348,0
PAY_000089,Visa,Credit,48.17,Apparel,GB,GB,Match,Authenticated_Success,Desktop_Windows,2650,0
PAY_000090,Mastercard,Corporate,2883.26,Travel_Airlines,GB,GB,Match,Authenticated_Success,Mobile_Android,1860,0
PAY_000091,Visa,Corporate,133.27,Electronics,DE,DE,Match,Authenticated_Success,Desktop_macOS,2323,0
PAY_000092,Mastercard,Corporate,115.01,Electronics,GB,GB,Match,Authenticated_Success,Desktop_Windows,854,0
PAY_000093,Mastercard,Debit,825.50,Luxury_Goods,US,US,Match,Authenticated_Success,Mobile_iOS,221,0
PAY_000094,Visa,Prepaid,60.83,Luxury_Goods,US,US,Match,Exempt_LowRisk,Mobile_iOS,2335,0
PAY_000095,Visa,Credit,263.98,Subscription,US,US,Match,Authenticated_Success,Mobile_Android,664,0
PAY_000096,Mastercard,Credit,199.01,Apparel,CA,CA,Match,Authenticated_Success,Mobile_iOS,330,0
PAY_000097,Visa,Credit,332.46,Electronics,GB,GB,Match,Exempt_LowRisk,Mobile_iOS,2828,0
PAY_000098,Visa,Credit,3.50,Digital_Gaming,US,US,Match,Attempted_NoAuth,Mobile_iOS,1584,0
PAY_000099,Visa,Credit,325.85,Luxury_Goods,CA,AE,Mismatch,Failed,Desktop_Windows,3114,1
PAY_000100,RuPay,Credit,46.04,Electronics,JP,JP,Match,Authenticated_Success,Desktop_Windows,3160,0
PAY_000101,Discover,Corporate,229.64,Digital_Gaming,US,US,Match,Attempted_NoAuth,Mobile_iOS,449,0
PAY_000102,Mastercard,Credit,594.33,Electronics,GB,GB,Match,Authenticated_Success,Mobile_iOS,2802,0
PAY_000103,Visa,Corporate,102.19,Food_Beverage,GB,GB,Match,Exempt_LowRisk,Mobile_iOS,1222,0
PAY_000104,RuPay,Debit,17.75,Food_Beverage,DE,DE,Match,Authenticated_Success,Mobile_iOS,2567,0
PAY_000105,American Express,Debit,345.06,Digital_Gaming,FR,FR,Match,Authenticated_Success,Mobile_Android,161,0
PAY_000106,Mastercard,Debit,49.97,Subscription,DE,DE,Match,Authenticated_Success,Mobile_iOS,1718,0
PAY_000107,Mastercard,Credit,485.85,Subscription,US,US,Match,Authenticated_Success,Tablet,2294,0
PAY_000108,Visa,Debit,250.02,Electronics,GB,GB,Match,Exempt_LowRisk,Mobile_iOS,1631,0
PAY_000109,Visa,Credit,116.45,Apparel,IN,IN,Match,Exempt_LowRisk,Mobile_iOS,2014,0
PAY_000110,Discover,Corporate,261.25,Luxury_Goods,US,US,Match,Authenticated_Success,Desktop_Windows,42,0
PAY_000111,Mastercard,Credit,877.67,Electronics,AE,AE,Match,Exempt_LowRisk,Mobile_iOS,27,0
PAY_000112,Visa,Credit,130.23,Apparel,US,US,Match,Exempt_LowRisk,Mobile_iOS,2190,0
PAY_000113,Visa,Debit,326.09,Apparel,GB,GB,Match,Authenticated_Success,Mobile_iOS,1518,0
PAY_000114,Mastercard,Debit,81.07,Subscription,GB,GB,Match,Authenticated_Success,Mobile_Android,2106,0
PAY_000115,Visa,Credit,63.32,Apparel,GB,GB,Match,Authenticated_Success,Mobile_iOS,1313,0
PAY_000116,American Express,Debit,513.34,Travel_Airlines,IN,IN,Match,Authenticated_Success,Desktop_Windows,20,0
PAY_000117,Mastercard,Credit,325.97,Apparel,US,US,Match,Authenticated_Success,Mobile_Android,2556,0
PAY_000118,Mastercard,Debit,571.36,Electronics,CA,CA,Match,Exempt_LowRisk,Desktop_Windows,501,0
PAY_000119,Mastercard,Credit,77.64,Food_Beverage,CA,CA,Match,Authenticated_Success,Mobile_Android,2865,0
PAY_000120,Mastercard,Credit,24.21,Electronics,IN,IN,Mismatch,Authenticated_Success,Desktop_Windows,46,0
PAY_000121,Mastercard,Credit,455.34,Electronics,CA,CA,Match,Authenticated_Success,Mobile_Android,3390,0
PAY_000122,Mastercard,Credit,13.70,Apparel,JP,JP,Match,Authenticated_Success,Mobile_Android,924,0
PAY_000123,Visa,Credit,277.22,Travel_Airlines,AU,AU,Match,Exempt_LowRisk,Mobile_Android,3258,0
PAY_000124,Visa,Credit,58.71,Apparel,US,AE,Match,Authenticated_Success,Mobile_Android,15,0
PAY_000125,Visa,Credit,39.25,Electronics,IN,AU,Match,Exempt_LowRisk,Mobile_iOS,1643,0
PAY_000126,Mastercard,Credit,100.46,Apparel,JP,IN,Mismatch,Authenticated_Success,Mobile_Android,1523,0
PAY_000127,Visa,Credit,713.19,Apparel,US,US,Match,Authenticated_Success,Mobile_iOS,600,0
PAY_000128,Visa,Credit,132.39,Electronics,CA,CA,Match,Authenticated_Success,Mobile_Android,1739,0
PAY_000129,Visa,Debit,154.85,Digital_Gaming,US,US,Match,Authenticated_Success,Mobile_iOS,786,0
PAY_000130,Mastercard,Corporate,2492.09,Electronics,CA,IN,Match,Authenticated_Success,Mobile_iOS,1595,0
PAY_000131,Visa,Credit,172.24,Apparel,US,US,Match,Authenticated_Success,Mobile_iOS,1367,0
PAY_000132,Discover,Corporate,213.25,Luxury_Goods,FR,FR,Match,Authenticated_Success,Mobile_iOS,728,0
PAY_000133,Mastercard,Credit,346.20,Travel_Airlines,GB,GB,Match,Exempt_LowRisk,Mobile_iOS,2878,0
PAY_000134,Visa,Credit,113.17,Apparel,CA,JP,Match,Exempt_LowRisk,Mobile_iOS,1911,0
PAY_000135,Mastercard,Debit,322.85,Apparel,US,JP,Match,Attempted_NoAuth,Mobile_Android,3060,1
PAY_000136,Visa,Debit,253.52,Apparel,DE,DE,Match,Exempt_LowRisk,Mobile_Android,2971,0
PAY_000137,RuPay,Debit,3.50,Subscription,GB,GB,Match,Attempted_NoAuth,Tablet,958,0
PAY_000138,Mastercard,Credit,72.81,Electronics,CA,CA,Match,Authenticated_Success,Desktop_Windows,1063,0
PAY_000139,American Express,Debit,172.88,Electronics,US,AE,Mismatch,Authenticated_Success,Mobile_iOS,3473,0
PAY_000140,Visa,Credit,21.83,Digital_Gaming,US,US,Mismatch,Attempted_NoAuth,Mobile_Android,1141,1
PAY_000141,Mastercard,Credit,3.50,Electronics,GB,GB,Match,Exempt_LowRisk,Mobile_Android,346,0
PAY_000142,Mastercard,Credit,84.05,Electronics,SG,SG,Match,Authenticated_Success,Mobile_iOS,1981,0
PAY_000143,Discover,Prepaid,185.98,Electronics,US,JP,Match,Exempt_LowRisk,Mobile_Android,3528,0
PAY_000144,Mastercard,Credit,243.23,Luxury_Goods,DE,DE,Match,Authenticated_Success,Mobile_Android,853,0
PAY_000145,Mastercard,Debit,144.77,Luxury_Goods,US,US,Match,Authenticated_Success,Mobile_Android,2327,0
PAY_000146,Visa,Debit,453.69,Luxury_Goods,DE,DE,Match,Exempt_LowRisk,Mobile_iOS,1233,0
PAY_000147,Visa,Debit,389.04,Travel_Airlines,US,US,Match,Authenticated_Success,Desktop_Windows,1405,0
PAY_000148,Mastercard,Debit,39.83,Apparel,GB,GB,Match,Exempt_LowRisk,Mobile_iOS,1651,0
PAY_000149,Mastercard,Debit,301.54,Food_Beverage,US,US,Match,Authenticated_Success,Desktop_Windows,523,0
PAY_000150,Visa,Credit,284.23,Travel_Airlines,US,US,Match,Authenticated_Success,Tablet,1410,0
PAY_000151,American Express,Credit,25.57,Food_Beverage,US,US,Match,Authenticated_Success,Mobile_iOS,997,0
PAY_000152,Discover,Debit,77.42,Travel_Airlines,US,AU,Mismatch,Attempted_NoAuth,Desktop_Windows,2986,1
PAY_000153,Visa,Credit,52.76,Apparel,GB,US,Match,Authenticated_Success,Desktop_Windows,832,0
PAY_000154,Mastercard,Credit,226.96,Apparel,JP,JP,Match,Authenticated_Success,Mobile_Android,3098,0
PAY_000155,Visa,Credit,26.95,Digital_Gaming,GB,GB,Match,Attempted_NoAuth,Mobile_iOS,62,1
PAY_000156,Mastercard,Credit,359.63,Electronics,SG,SG,Match,Authenticated_Success,Desktop_Windows,1471,0
PAY_000157,Visa,Credit,74.00,Digital_Gaming,GB,SG,Mismatch,Authenticated_Success,Mobile_Android,980,1
PAY_000158,Mastercard,Credit,1672.67,Electronics,US,US,Match,Authenticated_Success,Mobile_iOS,1634,0
PAY_000159,Mastercard,Corporate,286.83,Electronics,US,US,Mismatch,Authenticated_Success,Mobile_Android,2814,0
PAY_000160,Mastercard,Credit,30.94,Subscription,GB,US,Match,Exempt_LowRisk,Mobile_Android,3492,0
PAY_000161,Visa,Prepaid,599.62,Travel_Airlines,US,US,Match,Authenticated_Success,Mobile_iOS,2657,0
PAY_000162,Discover,Prepaid,155.56,Digital_Gaming,IN,IN,Match,Authenticated_Success,Tablet,1836,0
PAY_000163,Visa,Credit,43.09,Apparel,DE,DE,Match,Authenticated_Success,Mobile_iOS,1870,0
PAY_000164,Visa,Debit,18.53,Digital_Gaming,CA,CA,Match,Exempt_LowRisk,Mobile_Android,3624,0
PAY_000165,Mastercard,Debit,120.26,Food_Beverage,GB,GB,Match,Authenticated_Success,Mobile_Android,3619,0
PAY_000166,Visa,Debit,464.83,Luxury_Goods,US,US,Match,Authenticated_Success,Mobile_iOS,2784,0
PAY_000167,American Express,Credit,81.74,Luxury_Goods,CA,CA,Mismatch,Failed,Desktop_Windows,600,1
PAY_000168,American Express,Credit,88.23,Digital_Gaming,US,SG,Match,Exempt_LowRisk,Mobile_Android,965,0
PAY_000169,Visa,Credit,33.09,Apparel,US,US,Match,Exempt_LowRisk,Mobile_Android,994,0
PAY_000170,RuPay,Debit,50.36,Travel_Airlines,US,US,Match,Authenticated_Success,Mobile_Android,836,0
PAY_000171,Visa,Prepaid,45.27,Subscription,US,US,Mismatch,Authenticated_Success,Desktop_macOS,3531,0
PAY_000172,Mastercard,Debit,273.48,Digital_Gaming,DE,JP,Match,Authenticated_Success,Desktop_macOS,581,0
PAY_000173,Visa,Debit,251.86,Apparel,US,US,Mismatch,Authenticated_Success,Mobile_iOS,3113,0
PAY_000174,Discover,Prepaid,188.94,Digital_Gaming,US,US,NotProvided,Authenticated_Success,Mobile_iOS,2942,0
PAY_000175,Visa,Debit,89.67,Digital_Gaming,AU,DE,Match,Authenticated_Success,Mobile_Android,1929,0
PAY_000176,Visa,Credit,128.43,Subscription,AE,AE,Match,Authenticated_Success,Desktop_macOS,1120,0
PAY_000177,Mastercard,Debit,297.32,Travel_Airlines,GB,GB,Match,Authenticated_Success,Desktop_Windows,970,0
PAY_000178,RuPay,Credit,19.78,Apparel,GB,GB,Match,Authenticated_Success,Mobile_Android,2466,0
PAY_000179,Discover,Credit,24.63,Apparel,FR,FR,Match,Authenticated_Success,Desktop_macOS,2450,0
PAY_000180,Mastercard,Credit,34.20,Digital_Gaming,US,US,Match,Exempt_LowRisk,Mobile_iOS,1971,0
PAY_000181,Discover,Corporate,872.28,Electronics,GB,GB,Mismatch,Authenticated_Success,Mobile_iOS,2075,0
PAY_000182,Discover,Credit,217.97,Digital_Gaming,US,DE,Match,Authenticated_Success,Mobile_Android,3015,0
PAY_000183,Mastercard,Credit,20.33,Food_Beverage,GB,GB,Match,Exempt_LowRisk,Mobile_iOS,2754,0
PAY_000184,Visa,Credit,459.68,Luxury_Goods,AE,AE,Match,Authenticated_Success,Mobile_Android,2740,0
PAY_000185,American Express,Credit,119.91,Electronics,FR,FR,Match,Exempt_LowRisk,Mobile_Android,1023,0
PAY_000186,Mastercard,Credit,224.91,Travel_Airlines,AE,AE,Match,Exempt_LowRisk,Desktop_Windows,233,0
PAY_000187,Visa,Debit,147.92,Travel_Airlines,FR,FR,Match,Attempted_NoAuth,Desktop_macOS,1674,0
PAY_000188,Visa,Debit,313.02,Apparel,CA,CA,Match,Authenticated_Success,Mobile_iOS,1235,0
PAY_000189,Mastercard,Credit,424.54,Luxury_Goods,FR,FR,Match,Authenticated_Success,Mobile_Android,1223,0
PAY_000190,Visa,Credit,549.81,Luxury_Goods,DE,DE,Match,Authenticated_Success,Desktop_Windows,1898,0
PAY_000191,Discover,Credit,85.34,Food_Beverage,GB,GB,Match,Exempt_LowRisk,Mobile_iOS,3377,0
PAY_000192,Visa,Credit,60.28,Electronics,US,US,Mismatch,Authenticated_Success,Desktop_Windows,2933,0
PAY_000193,Visa,Debit,210.40,Electronics,GB,GB,Match,Authenticated_Success,Mobile_Android,2464,0
PAY_000194,American Express,Debit,214.55,Digital_Gaming,US,US,Match,Attempted_NoAuth,Mobile_iOS,2606,0
PAY_000195,Visa,Debit,943.48,Electronics,GB,GB,Match,Authenticated_Success,Desktop_Windows,1510,0
PAY_000196,Visa,Credit,18.87,Apparel,US,US,Match,Authenticated_Success,Mobile_Android,2005,0
PAY_000197,Mastercard,Debit,50.19,Travel_Airlines,CA,CA,Match,Exempt_LowRisk,Mobile_iOS,1583,0
PAY_000198,American Express,Credit,199.93,Electronics,US,US,Match,Authenticated_Success,Mobile_iOS,2950,0
PAY_000199,Visa,Credit,225.90,Digital_Gaming,US,US,Mismatch,Authenticated_Success,Desktop_Windows,3614,0
PAY_000200,Visa,Corporate,99.04,Subscription,GB,GB,Match,Authenticated_Success,Desktop_macOS,1588,0
PAY_000201,American Express,Debit,140.94,Digital_Gaming,US,CA,Match,Authenticated_Success,Mobile_iOS,2631,0
PAY_000202,RuPay,Corporate,14.94,Digital_Gaming,JP,JP,Match,Authenticated_Success,Mobile_iOS,204,0
PAY_000203,Mastercard,Corporate,35.55,Digital_Gaming,GB,GB,Match,Exempt_LowRisk,Mobile_iOS,1467,0
PAY_000204,Visa,Debit,16.67,Electronics,US,DE,Match,Authenticated_Success,Mobile_Android,3177,0
PAY_000205,Visa,Corporate,159.63,Electronics,US,US,Match,Authenticated_Success,Mobile_iOS,2505,0
PAY_000206,Visa,Credit,40.09,Luxury_Goods,IN,IN,Match,Attempted_NoAuth,Mobile_Android,1922,0
PAY_000207,Visa,Credit,288.86,Apparel,CA,CA,Match,Exempt_LowRisk,Mobile_iOS,781,0
PAY_000208,Mastercard,Credit,368.82,Apparel,GB,GB,Match,Authenticated_Success,Mobile_Android,2950,0
PAY_000209,Visa,Credit,217.96,Electronics,US,US,Match,Exempt_LowRisk,Mobile_Android,3542,0
PAY_000210,Mastercard,Credit,12.63,Food_Beverage,FR,FR,Match,Authenticated_Success,Mobile_Android,1431,0
PAY_000211,Mastercard,Credit,282.28,Electronics,SG,GB,Match,Authenticated_Success,Mobile_iOS,2955,0
PAY_000212,Mastercard,Debit,2061.81,Travel_Airlines,US,US,Match,Exempt_LowRisk,Mobile_Android,2148,0
PAY_000213,Visa,Debit,112.54,Apparel,US,US,Match,Authenticated_Success,Mobile_Android,1451,0
PAY_000214,American Express,Debit,245.55,Digital_Gaming,US,FR,Match,Authenticated_Success,Mobile_Android,1209,0
PAY_000215,Mastercard,Credit,39.11,Apparel,US,US,Match,Exempt_LowRisk,Mobile_iOS,1836,0
PAY_000216,Mastercard,Debit,71.61,Electronics,FR,FR,Match,Authenticated_Success,Mobile_iOS,1495,0
PAY_000217,Visa,Credit,61.69,Digital_Gaming,AE,AE,Match,Authenticated_Success,Mobile_Android,2252,0
PAY_000218,Visa,Credit,32.04,Travel_Airlines,AE,AE,Match,Authenticated_Success,Mobile_iOS,538,0
PAY_000219,Discover,Credit,2253.22,Electronics,FR,AE,Match,Authenticated_Success,Mobile_Android,1741,0
PAY_000220,Visa,Credit,77.76,Digital_Gaming,US,US,Match,Authenticated_Success,Mobile_iOS,2707,0
PAY_000221,Visa,Credit,173.03,Digital_Gaming,JP,JP,Match,Authenticated_Success,Mobile_iOS,3084,0
PAY_000222,Mastercard,Debit,112.39,Electronics,US,US,Match,Authenticated_Success,Mobile_Android,1023,0
PAY_000223,Mastercard,Debit,12.21,Digital_Gaming,US,US,Match,Authenticated_Success,Mobile_Android,2191,0
PAY_000224,RuPay,Debit,896.07,Electronics,DE,DE,Match,Authenticated_Success,Mobile_iOS,1102,0
PAY_000225,Visa,Credit,19.37,Digital_Gaming,US,US,Match,Authenticated_Success,Desktop_Windows,2883,0
PAY_000226,Discover,Debit,274.06,Electronics,IN,IN,Match,Authenticated_Success,Mobile_Android,1293,0
PAY_000227,Visa,Debit,108.57,Digital_Gaming,AE,AE,Match,Authenticated_Success,Desktop_macOS,2458,0
PAY_000228,Mastercard,Credit,72.34,Apparel,FR,FR,Match,Authenticated_Success,Mobile_iOS,1577,0
PAY_000229,Mastercard,Debit,28.13,Digital_Gaming,FR,IN,Match,Attempted_NoAuth,Desktop_Windows,975,0
PAY_000230,Visa,Credit,56.57,Digital_Gaming,US,US,Match,Authenticated_Success,Desktop_Windows,2103,0
PAY_000231,Visa,Credit,23.45,Food_Beverage,US,US,Mismatch,Authenticated_Success,Mobile_iOS,2277,0
PAY_000232,Visa,Credit,162.41,Digital_Gaming,IN,IN,Match,Attempted_NoAuth,Mobile_Android,2492,0
PAY_000233,RuPay,Credit,125.05,Food_Beverage,CA,CA,Match,Authenticated_Success,Mobile_Android,2888,0
PAY_000234,Mastercard,Credit,65.13,Apparel,AU,AU,Match,Authenticated_Success,Mobile_Android,2466,0
PAY_000235,Discover,Credit,35.69,Apparel,US,SG,Match,Authenticated_Success,Mobile_Android,3107,0
PAY_000236,American Express,Credit,1896.32,Electronics,US,AE,Match,Authenticated_Success,Desktop_macOS,1547,0
PAY_000237,Mastercard,Corporate,15.92,Digital_Gaming,US,US,Mismatch,Authenticated_Success,Desktop_Windows,1857,0
PAY_000238,American Express,Credit,79.26,Luxury_Goods,DE,DE,NotProvided,Failed,Tablet,1759,1
PAY_000239,Visa,Credit,60.93,Food_Beverage,FR,DE,Match,Exempt_LowRisk,Desktop_Windows,2110,0
PAY_000240,Visa,Credit,50.21,Digital_Gaming,JP,JP,NotProvided,Authenticated_Success,Desktop_Windows,513,1
PAY_000241,American Express,Corporate,1449.74,Luxury_Goods,US,US,Mismatch,Failed,Desktop_Windows,3117,1
PAY_000242,American Express,Debit,380.07,Electronics,GB,GB,Match,Authenticated_Success,Mobile_Android,1903,0
PAY_000243,Visa,Corporate,192.89,Electronics,US,US,Match,Exempt_LowRisk,Desktop_macOS,2020,0
PAY_000244,Mastercard,Credit,462.51,Travel_Airlines,US,IN,Match,Exempt_LowRisk,Mobile_Android,3201,0
PAY_000245,Mastercard,Credit,317.35,Electronics,US,CA,Match,Authenticated_Success,Mobile_iOS,1697,0
PAY_000246,American Express,Debit,1888.49,Electronics,CA,CA,Match,Authenticated_Success,Mobile_Android,1681,0
PAY_000247,Mastercard,Credit,88.12,Subscription,GB,GB,Match,Authenticated_Success,Mobile_iOS,2063,0
PAY_000248,Visa,Debit,31.53,Subscription,US,US,Match,Exempt_LowRisk,Desktop_macOS,3423,0
PAY_000249,Visa,Corporate,539.24,Luxury_Goods,CA,CA,Match,Exempt_LowRisk,Mobile_Android,925,0
PAY_000250,Mastercard,Credit,3.74,Apparel,IN,IN,Match,Authenticated_Success,Mobile_Android,569,0
PAY_000251,Mastercard,Prepaid,64.33,Food_Beverage,US,US,Match,Authenticated_Success,Mobile_iOS,394,0
PAY_000252,American Express,Debit,621.35,Electronics,US,US,Match,Exempt_LowRisk,Mobile_Android,2689,0
PAY_000253,Mastercard,Credit,129.33,Digital_Gaming,DE,DE,Match,Exempt_LowRisk,Mobile_iOS,40,0
PAY_000254,Visa,Credit,92.61,Apparel,FR,FR,Match,Authenticated_Success,Mobile_Android,2584,0
PAY_000255,Visa,Credit,136.21,Food_Beverage,IN,IN,Mismatch,Authenticated_Success,Mobile_Android,3228,0
PAY_000256,Mastercard,Debit,224.43,Food_Beverage,US,GB,Match,Authenticated_Success,Mobile_Android,2487,0
PAY_000257,American Express,Credit,2078.83,Luxury_Goods,GB,GB,Match,Authenticated_Success,Mobile_iOS,623,0
PAY_000258,Visa,Credit,305.46,Electronics,AU,AU,Match,Exempt_LowRisk,Mobile_Android,2419,0
PAY_000259,Visa,Debit,47.10,Digital_Gaming,US,US,Match,Authenticated_Success,Mobile_Android,1617,0
PAY_000260,Mastercard,Credit,5.23,Apparel,GB,GB,Match,Exempt_LowRisk,Desktop_Windows,82,0
PAY_000261,Visa,Credit,195.58,Food_Beverage,AE,AE,Match,Authenticated_Success,Desktop_macOS,722,0
PAY_000262,American Express,Debit,329.09,Electronics,US,US,Match,Authenticated_Success,Desktop_Windows,2709,0
PAY_000263,Visa,Credit,220.86,Electronics,DE,DE,Match,Authenticated_Success,Mobile_iOS,2048,0
PAY_000264,Visa,Credit,125.14,Travel_Airlines,IN,IN,Match,Authenticated_Success,Mobile_iOS,1824,0
PAY_000265,Discover,Credit,192.80,Digital_Gaming,US,US,Match,Authenticated_Success,Desktop_macOS,2833,0
PAY_000266,Visa,Credit,50.25,Food_Beverage,DE,DE,Match,Authenticated_Success,Tablet,1913,0
PAY_000267,Visa,Credit,179.78,Electronics,GB,GB,Match,Authenticated_Success,Mobile_iOS,3534,0
PAY_000268,Visa,Debit,62.70,Food_Beverage,IN,IN,Match,Attempted_NoAuth,Mobile_Android,186,0
PAY_000269,Visa,Corporate,306.27,Electronics,AU,AU,Match,Authenticated_Success,Mobile_Android,1045,0
PAY_000270,Visa,Credit,52.78,Electronics,AU,AU,Match,Authenticated_Success,Mobile_iOS,688,0
PAY_000271,Visa,Corporate,123.82,Digital_Gaming,US,CA,Match,Exempt_LowRisk,Tablet,1511,0
PAY_000272,Visa,Debit,30.18,Apparel,FR,FR,Mismatch,Authenticated_Success,Desktop_macOS,3325,0
PAY_000273,Visa,Debit,31.36,Digital_Gaming,SG,SG,Match,Authenticated_Success,Tablet,1494,0
PAY_000274,Mastercard,Debit,494.42,Electronics,CA,CA,Match,Exempt_LowRisk,Mobile_iOS,1152,0
PAY_000275,Mastercard,Debit,62.50,Electronics,CA,CA,Match,Authenticated_Success,Mobile_Android,309,0
PAY_000276,Visa,Debit,704.92,Travel_Airlines,US,US,Match,Authenticated_Success,Desktop_macOS,1438,0
PAY_000277,Visa,Credit,208.75,Electronics,IN,US,Match,Authenticated_Success,Mobile_Android,836,0
PAY_000278,Mastercard,Credit,70.72,Luxury_Goods,US,US,Match,Failed,Mobile_Android,691,1
PAY_000279,American Express,Credit,1196.57,Travel_Airlines,US,US,Match,Authenticated_Success,Mobile_Android,489,0
PAY_000280,American Express,Credit,262.67,Electronics,SG,SG,Match,Authenticated_Success,Mobile_iOS,2307,0
PAY_000281,Visa,Debit,411.51,Travel_Airlines,SG,SG,Match,Authenticated_Success,Mobile_Android,2587,0
PAY_000282,Visa,Credit,201.94,Apparel,AE,IN,Match,Authenticated_Success,Desktop_Windows,2703,0
PAY_000283,Visa,Credit,346.94,Apparel,GB,AU,Match,Authenticated_Success,Mobile_iOS,196,0
PAY_000284,Visa,Credit,232.93,Electronics,US,US,NotProvided,Exempt_LowRisk,Mobile_iOS,3362,0
PAY_000285,Mastercard,Credit,131.50,Food_Beverage,GB,GB,Match,Exempt_LowRisk,Mobile_Android,1851,0
PAY_000286,Visa,Debit,100.31,Digital_Gaming,US,US,Match,Exempt_LowRisk,Mobile_Android,2051,0
PAY_000287,Visa,Debit,45.73,Digital_Gaming,AU,AU,Match,Authenticated_Success,Mobile_iOS,3202,0
PAY_000288,Visa,Credit,11.68,Subscription,CA,CA,Match,Authenticated_Success,Mobile_iOS,1006,0
PAY_000289,Mastercard,Credit,84.47,Apparel,GB,FR,Match,Authenticated_Success,Desktop_Windows,1837,0
PAY_000290,Visa,Credit,303.94,Food_Beverage,US,US,Match,Authenticated_Success,Mobile_iOS,259,0
PAY_000291,American Express,Credit,506.72,Travel_Airlines,GB,GB,Match,Authenticated_Success,Mobile_Android,1797,0
PAY_000292,Visa,Debit,20.61,Subscription,IN,IN,Match,Authenticated_Success,Mobile_Android,972,0
PAY_000293,Discover,Debit,223.02,Food_Beverage,DE,DE,Match,Authenticated_Success,Mobile_Android,666,0
PAY_000294,Visa,Credit,47.45,Subscription,US,US,Match,Authenticated_Success,Mobile_Android,2257,0
PAY_000295,American Express,Credit,18.70,Electronics,US,US,Match,Authenticated_Success,Mobile_Android,475,0
PAY_000296,Discover,Prepaid,817.29,Travel_Airlines,US,US,Match,Authenticated_Success,Mobile_Android,3555,0
PAY_000297,RuPay,Debit,23.57,Food_Beverage,US,DE,Match,Authenticated_Success,Mobile_Android,849,0
PAY_000298,American Express,Credit,3073.60,Luxury_Goods,SG,SG,Match,Attempted_NoAuth,Mobile_Android,289,0
PAY_000299,American Express,Credit,235.70,Apparel,DE,DE,Match,Exempt_LowRisk,Mobile_Android,1630,0
PAY_000300,Mastercard,Credit,51.91,Subscription,US,US,Match,Failed,Mobile_Android,1418,1
PAY_000301,American Express,Corporate,309.49,Electronics,FR,FR,Match,Exempt_LowRisk,Mobile_Android,2401,0
PAY_000302,Visa,Credit,959.40,Digital_Gaming,US,US,Match,Authenticated_Success,Mobile_Android,2435,0
PAY_000303,Mastercard,Credit,200.34,Digital_Gaming,US,CA,Match,Authenticated_Success,Mobile_iOS,2161,0
PAY_000304,Mastercard,Prepaid,242.65,Electronics,CA,CA,Match,Authenticated_Success,Desktop_Windows,2097,0
PAY_000305,American Express,Debit,6401.99,Travel_Airlines,US,US,Match,Attempted_NoAuth,Mobile_iOS,2836,0
PAY_000306,Mastercard,Credit,212.50,Electronics,GB,GB,Match,Authenticated_Success,Desktop_macOS,2379,0
PAY_000307,Visa,Credit,505.88,Travel_Airlines,IN,IN,Match,Authenticated_Success,Mobile_Android,509,0
PAY_000308,Mastercard,Credit,23.81,Food_Beverage,SG,CA,Match,Exempt_LowRisk,Mobile_iOS,1691,0
PAY_000309,Visa,Debit,10.57,Apparel,US,US,Match,Authenticated_Success,Mobile_Android,2510,0
PAY_000310,Visa,Credit,194.36,Travel_Airlines,CA,CA,Match,Authenticated_Success,Mobile_iOS,975,0
PAY_000311,Mastercard,Corporate,194.78,Electronics,US,SG,Match,Authenticated_Success,Desktop_macOS,3152,0
PAY_000312,Visa,Corporate,95.79,Food_Beverage,CA,CA,Match,Authenticated_Success,Desktop_macOS,1762,0
PAY_000313,Visa,Credit,13.99,Subscription,US,US,Match,Authenticated_Success,Desktop_Windows,1173,0
PAY_000314,Visa,Debit,386.20,Electronics,CA,CA,Match,Exempt_LowRisk,Mobile_Android,1393,0
PAY_000315,Visa,Credit,107.00,Travel_Airlines,US,US,Match,Authenticated_Success,Desktop_macOS,2260,0
PAY_000316,Visa,Credit,130.27,Digital_Gaming,SG,SG,Match,Exempt_LowRisk,Mobile_Android,2589,0
PAY_000317,Visa,Debit,186.50,Digital_Gaming,AU,CA,Match,Authenticated_Success,Desktop_Windows,934,0
PAY_000318,Mastercard,Credit,172.64,Travel_Airlines,US,US,Match,Authenticated_Success,Mobile_iOS,627,0
PAY_000319,Visa,Credit,23.10,Digital_Gaming,FR,FR,Match,Authenticated_Success,Desktop_macOS,335,0
PAY_000320,Discover,Credit,2368.04,Luxury_Goods,US,GB,Match,Authenticated_Success,Mobile_Android,1811,0
PAY_000321,Discover,Credit,174.20,Apparel,FR,FR,Match,Exempt_LowRisk,Mobile_iOS,3384,0
PAY_000322,Mastercard,Credit,78.82,Apparel,US,US,Mismatch,Authenticated_Success,Tablet,3500,0
PAY_000323,Visa,Debit,335.38,Food_Beverage,US,US,Match,Authenticated_Success,Mobile_Android,2043,0
PAY_000324,Mastercard,Debit,204.63,Electronics,DE,DE,Match,Authenticated_Success,Desktop_macOS,1941,0
PAY_000325,American Express,Debit,33.70,Digital_Gaming,GB,GB,Match,Attempted_NoAuth,Mobile_iOS,1837,1
PAY_000326,Mastercard,Debit,62.04,Electronics,GB,GB,Match,Authenticated_Success,Mobile_Android,866,0
PAY_000327,American Express,Credit,59.23,Food_Beverage,GB,GB,Match,Authenticated_Success,Desktop_Windows,1518,0
PAY_000328,Mastercard,Debit,155.85,Digital_Gaming,US,US,Match,Authenticated_Success,Mobile_iOS,3415,0
PAY_000329,Mastercard,Credit,307.58,Apparel,US,US,Match,Authenticated_Success,Desktop_Windows,2249,0
PAY_000330,Visa,Credit,68.43,Apparel,CA,CA,Mismatch,Authenticated_Success,Mobile_Android,891,0
PAY_000331,Mastercard,Corporate,253.27,Digital_Gaming,CA,CA,Match,Authenticated_Success,Mobile_iOS,320,0
PAY_000332,Visa,Credit,52.68,Subscription,US,US,Match,Authenticated_Success,Mobile_Android,2742,0
PAY_000333,Mastercard,Credit,28.23,Digital_Gaming,US,US,Match,Authenticated_Success,Mobile_iOS,3295,0
PAY_000334,American Express,Credit,15.85,Digital_Gaming,CA,CA,Mismatch,Attempted_NoAuth,Desktop_Windows,400,1
PAY_000335,Visa,Credit,152.85,Travel_Airlines,DE,DE,Match,Authenticated_Success,Desktop_Windows,1370,0
PAY_000336,Mastercard,Credit,16.52,Apparel,IN,IN,Match,Authenticated_Success,Mobile_Android,3110,0
PAY_000337,Visa,Credit,608.18,Digital_Gaming,GB,GB,Match,Authenticated_Success,Mobile_Android,924,0
PAY_000338,Mastercard,Corporate,108.12,Apparel,GB,GB,Match,Exempt_LowRisk,Mobile_Android,659,0
PAY_000339,Visa,Credit,168.08,Electronics,CA,CA,Match,Authenticated_Success,Mobile_iOS,1439,0
PAY_000340,Discover,Credit,1773.12,Travel_Airlines,US,US,Match,Authenticated_Success,Desktop_Windows,1439,0
PAY_000341,Visa,Credit,15.92,Food_Beverage,US,US,Match,Authenticated_Success,Mobile_iOS,1757,0
PAY_000342,RuPay,Debit,57.35,Food_Beverage,US,FR,NotProvided,Attempted_NoAuth,Mobile_Android,3524,1
PAY_000343,American Express,Credit,601.63,Food_Beverage,IN,IN,Match,Authenticated_Success,Mobile_iOS,3549,0
PAY_000344,Mastercard,Credit,56.91,Digital_Gaming,US,AU,Mismatch,Failed,Mobile_Android,2115,1
PAY_000345,American Express,Credit,983.87,Apparel,CA,SG,Match,Exempt_LowRisk,Desktop_Windows,275,0
PAY_000346,American Express,Debit,1028.61,Luxury_Goods,CA,CA,Match,Authenticated_Success,Mobile_iOS,964,0
PAY_000347,Discover,Debit,280.48,Subscription,US,US,Match,Authenticated_Success,Mobile_iOS,660,0
PAY_000348,Visa,Debit,1158.27,Travel_Airlines,IN,IN,Match,Exempt_LowRisk,Mobile_iOS,3,0
PAY_000349,Mastercard,Debit,66.80,Digital_Gaming,DE,JP,Match,Authenticated_Success,Mobile_iOS,1397,0
PAY_000350,Visa,Credit,155.91,Travel_Airlines,US,US,Match,Authenticated_Success,Mobile_Android,25,0
PAY_000351,Mastercard,Credit,234.94,Travel_Airlines,FR,JP,Match,Authenticated_Success,Desktop_Windows,2096,0
PAY_000352,Visa,Credit,22.52,Food_Beverage,GB,GB,Match,Authenticated_Success,Mobile_Android,1002,0
PAY_000353,Mastercard,Credit,248.08,Travel_Airlines,US,US,Match,Authenticated_Success,Mobile_iOS,2645,0
PAY_000354,Mastercard,Credit,66.36,Digital_Gaming,DE,DE,Match,Authenticated_Success,Mobile_Android,1923,0
PAY_000355,Mastercard,Credit,427.59,Apparel,DE,DE,Match,Exempt_LowRisk,Desktop_Windows,3470,0
PAY_000356,Mastercard,Credit,128.07,Digital_Gaming,US,US,Match,Attempted_NoAuth,Mobile_Android,1770,0
PAY_000357,Mastercard,Debit,896.84,Apparel,AE,GB,Match,Authenticated_Success,Mobile_iOS,572,0
PAY_000358,American Express,Credit,6.20,Subscription,CA,CA,Match,Exempt_LowRisk,Desktop_Windows,3364,0
PAY_000359,Mastercard,Debit,17.48,Digital_Gaming,CA,CA,Match,Authenticated_Success,Mobile_iOS,1128,0
PAY_000360,Mastercard,Debit,45.11,Digital_Gaming,US,CA,Match,Attempted_NoAuth,Desktop_Windows,2789,0
PAY_000361,Discover,Credit,344.38,Apparel,US,US,Match,Authenticated_Success,Desktop_Windows,2857,0
PAY_000362,Visa,Credit,384.24,Luxury_Goods,GB,GB,Match,Authenticated_Success,Desktop_macOS,3375,0
PAY_000363,Visa,Debit,13.27,Digital_Gaming,CA,CA,Match,Authenticated_Success,Mobile_iOS,2336,0
PAY_000364,Visa,Debit,142.59,Electronics,GB,GB,Match,Authenticated_Success,Mobile_iOS,1868,0
PAY_000365,Mastercard,Credit,17.86,Food_Beverage,FR,AU,Match,Exempt_LowRisk,Desktop_Windows,1405,0
PAY_000366,Visa,Credit,14.40,Apparel,US,SG,Match,Authenticated_Success,Mobile_Android,1630,0
PAY_000367,American Express,Debit,601.07,Digital_Gaming,DE,AE,Match,Authenticated_Success,Mobile_Android,2848,0
PAY_000368,Mastercard,Debit,126.83,Electronics,IN,IN,Match,Exempt_LowRisk,Mobile_Android,2066,0
PAY_000369,Visa,Credit,80.68,Digital_Gaming,FR,FR,Match,Authenticated_Success,Mobile_iOS,180,0
PAY_000370,Discover,Credit,240.82,Travel_Airlines,FR,FR,Match,Authenticated_Success,Mobile_Android,1358,0
PAY_000371,Mastercard,Corporate,50.57,Food_Beverage,AU,IN,Mismatch,Failed,Desktop_macOS,3336,1
PAY_000372,Visa,Credit,74.06,Electronics,US,US,Match,Authenticated_Success,Mobile_Android,770,0
PAY_000373,Visa,Debit,47.38,Subscription,DE,DE,Mismatch,Authenticated_Success,Mobile_Android,1724,0
PAY_000374,Visa,Credit,386.55,Travel_Airlines,JP,JP,Match,Authenticated_Success,Tablet,3053,0
PAY_000375,Visa,Credit,317.51,Apparel,CA,CA,Match,Authenticated_Success,Mobile_Android,1060,0
PAY_000376,Visa,Credit,529.43,Electronics,US,US,Mismatch,Authenticated_Success,Mobile_iOS,2484,0
PAY_000377,Discover,Credit,17.44,Apparel,AE,AE,Match,Authenticated_Success,Mobile_Android,2865,0
PAY_000378,Mastercard,Corporate,197.83,Food_Beverage,US,CA,Match,Authenticated_Success,Mobile_iOS,1189,0
PAY_000379,Visa,Credit,112.50,Apparel,US,US,Match,Authenticated_Success,Mobile_iOS,3269,0
PAY_000380,Mastercard,Corporate,33.54,Digital_Gaming,US,US,Match,Authenticated_Success,Mobile_Android,1629,0
PAY_000381,Mastercard,Credit,325.90,Travel_Airlines,GB,CA,Match,Authenticated_Success,Mobile_iOS,1081,0
PAY_000382,Discover,Debit,125.15,Food_Beverage,GB,GB,NotProvided,Authenticated_Success,Mobile_iOS,823,0
PAY_000383,American Express,Corporate,456.49,Luxury_Goods,GB,GB,Match,Authenticated_Success,Mobile_Android,974,0
PAY_000384,Mastercard,Debit,452.40,Travel_Airlines,SG,SG,Match,Exempt_LowRisk,Mobile_iOS,2054,0
PAY_000385,Visa,Credit,72.27,Electronics,GB,GB,Match,Authenticated_Success,Mobile_Android,823,0
PAY_000386,RuPay,Debit,597.12,Food_Beverage,GB,GB,Match,Exempt_LowRisk,Mobile_iOS,1308,0
PAY_000387,Mastercard,Credit,7.99,Apparel,AU,AU,Match,Authenticated_Success,Mobile_Android,2594,0
PAY_000388,RuPay,Corporate,352.57,Electronics,IN,IN,Match,Authenticated_Success,Desktop_macOS,3195,0
PAY_000389,Visa,Credit,99.83,Subscription,US,US,Match,Authenticated_Success,Mobile_iOS,2478,0
PAY_000390,American Express,Credit,378.74,Electronics,US,US,Match,Authenticated_Success,Desktop_Windows,1928,0
PAY_000391,Mastercard,Credit,85.66,Electronics,CA,CA,Mismatch,Authenticated_Success,Mobile_iOS,2541,0
PAY_000392,Visa,Debit,1568.57,Luxury_Goods,IN,IN,Match,Authenticated_Success,Mobile_iOS,1503,0
PAY_000393,Mastercard,Prepaid,59.22,Apparel,CA,CA,Match,Authenticated_Success,Mobile_iOS,989,0
PAY_000394,Mastercard,Credit,50.64,Electronics,US,US,Match,Exempt_LowRisk,Mobile_iOS,2736,0
PAY_000395,Visa,Debit,130.00,Luxury_Goods,FR,FR,Match,Authenticated_Success,Mobile_iOS,493,0
PAY_000396,Mastercard,Corporate,305.96,Travel_Airlines,DE,DE,Match,Exempt_LowRisk,Desktop_Windows,3303,0
PAY_000397,American Express,Credit,46.07,Travel_Airlines,CA,CA,Match,Exempt_LowRisk,Desktop_Windows,1564,0
PAY_000398,Visa,Credit,1353.13,Electronics,IN,IN,Mismatch,Failed,Tablet,2983,1
PAY_000399,Mastercard,Debit,211.41,Digital_Gaming,FR,FR,Match,Authenticated_Success,Desktop_macOS,361,0
PAY_000400,Mastercard,Debit,497.47,Food_Beverage,DE,DE,Match,Authenticated_Success,Mobile_Android,1806,0
PAY_000401,Visa,Credit,1240.40,Electronics,DE,DE,Match,Authenticated_Success,Mobile_iOS,1540,0
PAY_000402,Discover,Debit,126.79,Electronics,DE,US,Match,Authenticated_Success,Mobile_iOS,1301,0
PAY_000403,American Express,Credit,71.76,Electronics,GB,GB,Match,Authenticated_Success,Mobile_Android,1869,0
PAY_000404,Visa,Corporate,3.51,Digital_Gaming,GB,GB,Match,Authenticated_Success,Desktop_Windows,2417,0
PAY_000405,RuPay,Corporate,119.43,Electronics,DE,JP,Match,Authenticated_Success,Mobile_iOS,3438,0
PAY_000406,American Express,Debit,1860.34,Travel_Airlines,CA,CA,Match,Exempt_LowRisk,Mobile_iOS,2981,0
PAY_000407,Visa,Credit,26.83,Subscription,GB,GB,Match,Authenticated_Success,Mobile_Android,845,0
PAY_000408,American Express,Credit,148.22,Electronics,US,US,Match,Authenticated_Success,Desktop_macOS,3572,0
PAY_000409,Visa,Credit,235.52,Luxury_Goods,DE,DE,Match,Authenticated_Success,Mobile_Android,1819,0
PAY_000410,RuPay,Credit,282.06,Electronics,CA,CA,Match,Exempt_LowRisk,Desktop_Windows,1669,0
PAY_000411,Mastercard,Debit,768.40,Electronics,US,US,Match,Exempt_LowRisk,Mobile_Android,41,0
PAY_000412,Mastercard,Credit,49.07,Travel_Airlines,US,AU,Match,Authenticated_Success,Mobile_iOS,2439,0
PAY_000413,Visa,Credit,15.14,Digital_Gaming,US,CA,Match,Authenticated_Success,Mobile_Android,3237,0
PAY_000414,Discover,Credit,342.16,Subscription,JP,AU,Match,Authenticated_Success,Desktop_Windows,1070,0
PAY_000415,Visa,Credit,149.36,Digital_Gaming,IN,IN,Match,Authenticated_Success,Desktop_Windows,3165,0
PAY_000416,Visa,Credit,140.37,Electronics,CA,JP,Match,Authenticated_Success,Mobile_Android,320,0
PAY_000417,Visa,Debit,436.06,Digital_Gaming,GB,IN,Match,Exempt_LowRisk,Mobile_iOS,3529,0
PAY_000418,American Express,Debit,41.60,Electronics,FR,FR,Match,Authenticated_Success,Mobile_iOS,924,0
PAY_000419,Visa,Credit,185.74,Food_Beverage,GB,GB,Match,Authenticated_Success,Mobile_iOS,1757,0
PAY_000420,Discover,Debit,247.46,Travel_Airlines,JP,JP,Match,Authenticated_Success,Mobile_iOS,53,0
PAY_000421,Mastercard,Debit,129.96,Apparel,US,US,Match,Exempt_LowRisk,Mobile_iOS,3278,0
PAY_000422,Visa,Credit,4.83,Digital_Gaming,US,US,Match,Attempted_NoAuth,Mobile_Android,1859,0
PAY_000423,Visa,Debit,325.39,Luxury_Goods,CA,CA,Match,Authenticated_Success,Desktop_Windows,3543,0
PAY_000424,Visa,Credit,599.90,Travel_Airlines,US,US,NotProvided,Authenticated_Success,Desktop_Windows,1362,0
PAY_000425,Mastercard,Credit,174.16,Electronics,CA,CA,Match,Authenticated_Success,Desktop_Windows,219,0
PAY_000426,American Express,Credit,742.81,Electronics,FR,FR,Match,Attempted_NoAuth,Tablet,2476,0
PAY_000427,Visa,Credit,715.95,Electronics,US,US,Match,Authenticated_Success,Tablet,596,0
PAY_000428,American Express,Corporate,23.23,Apparel,GB,AU,Match,Authenticated_Success,Mobile_iOS,2246,0
PAY_000429,Visa,Corporate,165.07,Digital_Gaming,DE,DE,Match,Authenticated_Success,Mobile_iOS,128,0
PAY_000430,American Express,Debit,62.66,Electronics,IN,IN,NotProvided,Authenticated_Success,Mobile_iOS,613,0
PAY_000431,Discover,Debit,70.77,Apparel,GB,GB,Match,Authenticated_Success,Desktop_macOS,2328,0
PAY_000432,American Express,Debit,137.24,Digital_Gaming,US,FR,Match,Authenticated_Success,Mobile_iOS,2459,0
PAY_000433,Mastercard,Prepaid,74.50,Electronics,CA,CA,Match,Exempt_LowRisk,Mobile_iOS,557,0
PAY_000434,American Express,Credit,158.48,Food_Beverage,GB,FR,Match,Exempt_LowRisk,Mobile_Android,684,0
PAY_000435,Visa,Credit,38.25,Digital_Gaming,FR,FR,Match,Authenticated_Success,Mobile_Android,3133,0
PAY_000436,Visa,Debit,35.21,Apparel,CA,CA,Match,Authenticated_Success,Mobile_Android,22,0
PAY_000437,Visa,Credit,145.08,Digital_Gaming,US,US,Match,Authenticated_Success,Desktop_Windows,840,0
PAY_000438,Mastercard,Credit,26.59,Apparel,FR,FR,Match,Authenticated_Success,Mobile_Android,3541,0
PAY_000439,Mastercard,Credit,25.14,Food_Beverage,GB,GB,Match,Authenticated_Success,Desktop_Windows,1998,0
PAY_000440,Mastercard,Debit,209.61,Digital_Gaming,US,US,Match,Authenticated_Success,Mobile_iOS,99,0
PAY_000441,American Express,Credit,75.14,Digital_Gaming,CA,IN,Match,Authenticated_Success,Desktop_Windows,3257,0
PAY_000442,Visa,Credit,13.47,Food_Beverage,SG,SG,Match,Attempted_NoAuth,Mobile_Android,1248,0
PAY_000443,Mastercard,Credit,170.92,Food_Beverage,DE,DE,Match,Authenticated_Success,Mobile_iOS,2610,0
PAY_000444,Visa,Credit,42.64,Food_Beverage,US,US,Match,Authenticated_Success,Tablet,2327,0
PAY_000445,Visa,Corporate,14.25,Apparel,DE,DE,Match,Authenticated_Success,Desktop_macOS,1340,0
PAY_000446,Mastercard,Credit,11.84,Electronics,US,US,Match,Exempt_LowRisk,Desktop_Windows,1352,0
PAY_000447,RuPay,Debit,720.58,Travel_Airlines,GB,GB,Match,Authenticated_Success,Desktop_macOS,2008,0
PAY_000448,Mastercard,Debit,25.90,Digital_Gaming,GB,GB,Match,Authenticated_Success,Mobile_Android,1392,0
PAY_000449,Visa,Credit,67.90,Travel_Airlines,US,FR,Match,Authenticated_Success,Mobile_iOS,635,0
PAY_000450,Mastercard,Debit,538.96,Travel_Airlines,US,US,Match,Authenticated_Success,Mobile_iOS,2638,0
PAY_000451,Visa,Debit,161.80,Apparel,SG,SG,Match,Authenticated_Success,Desktop_Windows,2461,0
PAY_000452,American Express,Debit,28.06,Apparel,US,DE,Match,Authenticated_Success,Desktop_Windows,2198,0
PAY_000453,Mastercard,Credit,181.98,Digital_Gaming,IN,IN,Match,Authenticated_Success,Tablet,2707,0
PAY_000454,Visa,Credit,639.31,Apparel,DE,DE,Match,Authenticated_Success,Desktop_Windows,1892,0
PAY_000455,Visa,Prepaid,1906.70,Luxury_Goods,GB,GB,Match,Authenticated_Success,Mobile_Android,3388,0
PAY_000456,Visa,Debit,988.77,Travel_Airlines,US,SG,Match,Authenticated_Success,Mobile_iOS,3235,0
PAY_000457,RuPay,Corporate,94.21,Digital_Gaming,US,US,Match,Attempted_NoAuth,Mobile_iOS,3581,0
PAY_000458,Mastercard,Corporate,163.73,Travel_Airlines,US,US,Match,Authenticated_Success,Mobile_Android,395,0
PAY_000459,American Express,Credit,62.71,Digital_Gaming,CA,DE,Match,Exempt_LowRisk,Desktop_Windows,373,0
PAY_000460,Mastercard,Debit,433.16,Travel_Airlines,JP,JP,Mismatch,Authenticated_Success,Mobile_iOS,1715,0
PAY_000461,Mastercard,Credit,16.72,Apparel,AU,FR,Match,Authenticated_Success,Desktop_macOS,2528,0
PAY_000462,Visa,Debit,114.43,Travel_Airlines,US,US,Match,Authenticated_Success,Mobile_Android,873,0
PAY_000463,Discover,Credit,55.47,Travel_Airlines,US,US,Match,Attempted_NoAuth,Mobile_iOS,421,0
PAY_000464,Visa,Credit,86.38,Apparel,US,US,Match,Authenticated_Success,Desktop_macOS,135,0
PAY_000465,Mastercard,Debit,73.07,Digital_Gaming,JP,CA,Match,Authenticated_Success,Mobile_Android,2025,0
PAY_000466,Mastercard,Debit,32.53,Food_Beverage,US,US,Match,Authenticated_Success,Desktop_Windows,3573,0
PAY_000467,Mastercard,Debit,164.44,Apparel,US,US,NotProvided,Authenticated_Success,Mobile_Android,1696,0
PAY_000468,Discover,Credit,84.54,Travel_Airlines,CA,CA,NotProvided,Authenticated_Success,Mobile_Android,2679,0
PAY_000469,Visa,Credit,31.22,Subscription,CA,CA,Mismatch,Authenticated_Success,Mobile_iOS,189,0
PAY_000470,Mastercard,Prepaid,157.37,Food_Beverage,US,US,Match,Authenticated_Success,Mobile_Android,789,0
PAY_000471,Visa,Credit,185.25,Apparel,DE,DE,Match,Authenticated_Success,Desktop_Windows,2483,0
PAY_000472,Mastercard,Credit,180.64,Luxury_Goods,US,US,Match,Authenticated_Success,Tablet,1469,0
PAY_000473,Visa,Debit,86.08,Subscription,US,US,Match,Exempt_LowRisk,Desktop_macOS,97,0
PAY_000474,Visa,Credit,28.31,Digital_Gaming,US,US,Match,Authenticated_Success,Mobile_iOS,825,0
PAY_000475,Visa,Debit,150.29,Electronics,US,US,Match,Authenticated_Success,Tablet,2895,0
PAY_000476,Visa,Credit,218.73,Electronics,JP,JP,Mismatch,Authenticated_Success,Mobile_iOS,2500,0
PAY_000477,Mastercard,Debit,494.08,Travel_Airlines,GB,GB,Match,Authenticated_Success,Mobile_iOS,2954,0
PAY_000478,Mastercard,Corporate,94.57,Digital_Gaming,FR,FR,Match,Authenticated_Success,Desktop_Windows,1279,0
PAY_000479,Mastercard,Corporate,90.06,Apparel,US,US,Match,Attempted_NoAuth,Desktop_macOS,3390,0
PAY_000480,Visa,Debit,20.36,Apparel,DE,DE,Match,Authenticated_Success,Desktop_macOS,3357,0
PAY_000481,Visa,Credit,408.87,Travel_Airlines,JP,AU,Match,Authenticated_Success,Desktop_Windows,1342,0
PAY_000482,Visa,Debit,122.26,Digital_Gaming,US,US,Match,Authenticated_Success,Mobile_iOS,758,0
PAY_000483,Mastercard,Debit,142.28,Food_Beverage,AE,AE,Match,Authenticated_Success,Mobile_iOS,3510,0
PAY_000484,Visa,Debit,120.88,Travel_Airlines,CA,JP,Match,Authenticated_Success,Mobile_iOS,1277,0
PAY_000485,Visa,Debit,182.57,Subscription,FR,FR,Match,Exempt_LowRisk,Mobile_Android,1811,0
PAY_000486,Visa,Debit,15.66,Food_Beverage,US,US,Match,Authenticated_Success,Mobile_Android,3401,0
PAY_000487,Mastercard,Debit,41.52,Apparel,CA,CA,Match,Authenticated_Success,Mobile_iOS,982,0
PAY_000488,Visa,Debit,320.13,Luxury_Goods,GB,GB,Mismatch,Attempted_NoAuth,Mobile_Android,3229,1
PAY_000489,Mastercard,Credit,46.57,Electronics,JP,FR,Match,Authenticated_Success,Mobile_Android,587,0
PAY_000490,Mastercard,Credit,48.43,Subscription,AU,AU,Match,Authenticated_Success,Desktop_Windows,1070,0
PAY_000491,Mastercard,Debit,85.08,Apparel,US,US,Match,Authenticated_Success,Mobile_Android,1418,0
PAY_000492,Mastercard,Credit,58.17,Luxury_Goods,SG,SG,Match,Authenticated_Success,Mobile_iOS,1763,0
PAY_000493,Mastercard,Debit,43.20,Food_Beverage,AU,AU,Match,Authenticated_Success,Mobile_Android,888,0
PAY_000494,Visa,Debit,27.29,Electronics,CA,JP,Match,Authenticated_Success,Mobile_Android,3225,0
PAY_000495,American Express,Credit,629.98,Food_Beverage,US,US,Match,Authenticated_Success,Mobile_iOS,2426,0
PAY_000496,Mastercard,Debit,235.89,Electronics,US,CA,Match,Exempt_LowRisk,Mobile_iOS,2448,0
PAY_000497,Mastercard,Debit,76.59,Digital_Gaming,US,US,Match,Authenticated_Success,Desktop_macOS,2671,0
PAY_000498,Mastercard,Debit,86.08,Digital_Gaming,US,US,Match,Authenticated_Success,Desktop_Windows,2326,0
PAY_000499,Visa,Credit,129.67,Apparel,JP,JP,Match,Authenticated_Success,Mobile_iOS,2349,0
PAY_000500,Mastercard,Debit,195.58,Digital_Gaming,US,US,Match,Authenticated_Success,Mobile_Android,2411,0
PAY_000501,Mastercard,Credit,11.94,Food_Beverage,DE,DE,Match,Authenticated_Success,Mobile_Android,2630,0
PAY_000502,American Express,Debit,281.80,Apparel,CA,CA,Match,Authenticated_Success,Mobile_iOS,3361,0
PAY_000503,Discover,Credit,262.54,Digital_Gaming,CA,CA,Match,Authenticated_Success,Mobile_iOS,718,0
PAY_000504,Mastercard,Debit,61.99,Food_Beverage,US,GB,Match,Authenticated_Success,Desktop_macOS,1888,0
PAY_000505,Mastercard,Debit,234.09,Travel_Airlines,CA,CA,Match,Authenticated_Success,Mobile_Android,673,0
PAY_000506,American Express,Debit,6.15,Electronics,CA,CA,Match,Authenticated_Success,Mobile_iOS,664,0
PAY_000507,Visa,Credit,16.97,Subscription,CA,CA,Match,Exempt_LowRisk,Desktop_Windows,3466,0
PAY_000508,American Express,Debit,330.42,Electronics,US,US,Mismatch,Attempted_NoAuth,Mobile_Android,1725,1
PAY_000509,Mastercard,Debit,249.80,Digital_Gaming,DE,AU,Match,Exempt_LowRisk,Mobile_Android,2570,0
PAY_000510,Visa,Credit,148.67,Digital_Gaming,US,US,Match,Authenticated_Success,Mobile_iOS,2660,0
PAY_000511,Visa,Corporate,245.43,Travel_Airlines,CA,CA,Match,Authenticated_Success,Mobile_iOS,116,0
PAY_000512,American Express,Debit,1553.21,Electronics,GB,GB,Match,Authenticated_Success,Mobile_iOS,1796,0
PAY_000513,Visa,Prepaid,564.15,Electronics,US,US,Match,Authenticated_Success,Tablet,658,0
PAY_000514,Visa,Prepaid,172.96,Travel_Airlines,IN,IN,Match,Authenticated_Success,Mobile_Android,1144,0
PAY_000515,Visa,Corporate,2058.93,Electronics,US,US,Match,Authenticated_Success,Desktop_Windows,687,0
PAY_000516,Visa,Debit,19.97,Digital_Gaming,SG,SG,Match,Authenticated_Success,Mobile_iOS,2432,0
PAY_000517,Visa,Debit,52.84,Travel_Airlines,AU,AU,Match,Authenticated_Success,Desktop_Windows,482,0
PAY_000518,Mastercard,Credit,272.76,Luxury_Goods,US,US,Match,Authenticated_Success,Mobile_Android,1643,0
PAY_000519,Visa,Credit,81.05,Electronics,US,US,Match,Authenticated_Success,Mobile_Android,1116,0
PAY_000520,American Express,Debit,44.64,Apparel,US,US,Match,Authenticated_Success,Mobile_iOS,3514,0
PAY_000521,American Express,Credit,160.44,Subscription,SG,SG,NotProvided,Authenticated_Success,Mobile_Android,2876,0
PAY_000522,Visa,Debit,64.24,Digital_Gaming,CA,CA,Match,Authenticated_Success,Mobile_iOS,1285,0
PAY_000523,Visa,Credit,185.03,Electronics,US,CA,Match,Authenticated_Success,Mobile_iOS,1071,0
PAY_000524,Mastercard,Credit,199.20,Electronics,GB,GB,Match,Authenticated_Success,Desktop_Windows,2619,0
PAY_000525,Visa,Credit,5.24,Apparel,US,US,Match,Authenticated_Success,Mobile_iOS,2305,0
PAY_000526,Visa,Credit,12.59,Subscription,CA,CA,Match,Authenticated_Success,Mobile_iOS,2026,0
PAY_000527,RuPay,Credit,43.65,Apparel,GB,GB,Mismatch,Exempt_LowRisk,Desktop_macOS,264,0
PAY_000528,RuPay,Credit,73.88,Electronics,US,US,Match,Authenticated_Success,Mobile_iOS,284,0
PAY_000529,American Express,Debit,51.68,Digital_Gaming,IN,IN,Match,Authenticated_Success,Mobile_Android,2323,0
PAY_000530,Visa,Credit,874.94,Electronics,US,US,Match,Authenticated_Success,Desktop_Windows,1715,0
PAY_000531,Mastercard,Credit,61.44,Apparel,GB,GB,Match,Exempt_LowRisk,Desktop_Windows,3028,0
PAY_000532,Mastercard,Credit,15.57,Subscription,CA,CA,Match,Authenticated_Success,Mobile_iOS,107,0
PAY_000533,Visa,Credit,111.48,Travel_Airlines,JP,JP,Match,Authenticated_Success,Mobile_Android,680,0
PAY_000534,Mastercard,Credit,1225.68,Electronics,GB,GB,Match,Attempted_NoAuth,Mobile_Android,2883,0
PAY_000535,Visa,Debit,359.87,Digital_Gaming,SG,SG,Match,Authenticated_Success,Mobile_iOS,3573,0
PAY_000536,Visa,Debit,359.63,Electronics,US,GB,Match,Attempted_NoAuth,Desktop_Windows,2681,0
PAY_000537,Mastercard,Credit,33.48,Electronics,IN,IN,Match,Authenticated_Success,Tablet,47,0
PAY_000538,Visa,Debit,93.46,Digital_Gaming,US,US,Match,Authenticated_Success,Mobile_iOS,185,0
PAY_000539,Visa,Credit,101.70,Digital_Gaming,DE,GB,Match,Authenticated_Success,Mobile_iOS,3205,0
PAY_000540,American Express,Credit,274.35,Travel_Airlines,US,US,Match,Authenticated_Success,Desktop_Windows,1824,0
PAY_000541,RuPay,Corporate,35.62,Food_Beverage,AE,AE,Match,Authenticated_Success,Mobile_Android,1813,0
PAY_000542,Mastercard,Credit,44.75,Apparel,JP,JP,Match,Authenticated_Success,Desktop_Windows,3509,0
PAY_000543,American Express,Corporate,32.99,Subscription,GB,GB,Match,Authenticated_Success,Mobile_iOS,905,0
PAY_000544,RuPay,Credit,18.92,Digital_Gaming,GB,GB,Match,Authenticated_Success,Mobile_iOS,1039,0
PAY_000545,Visa,Credit,299.64,Apparel,CA,CA,Match,Attempted_NoAuth,Mobile_Android,2504,0
PAY_000546,Mastercard,Credit,176.01,Food_Beverage,US,US,Match,Attempted_NoAuth,Tablet,3300,0
PAY_000547,Visa,Credit,136.48,Electronics,DE,GB,Match,Authenticated_Success,Mobile_iOS,1335,0
PAY_000548,Visa,Prepaid,98.24,Digital_Gaming,DE,DE,Match,Authenticated_Success,Desktop_Windows,552,0
PAY_000549,Mastercard,Credit,409.51,Travel_Airlines,GB,GB,Match,Authenticated_Success,Mobile_Android,206,0
PAY_000550,Mastercard,Debit,877.58,Apparel,US,US,Match,Authenticated_Success,Mobile_iOS,25,0
PAY_000551,Mastercard,Debit,174.13,Food_Beverage,SG,SG,Match,Attempted_NoAuth,Mobile_Android,1366,0
PAY_000552,Visa,Debit,167.04,Apparel,US,US,Match,Exempt_LowRisk,Mobile_iOS,1936,0
PAY_000553,Visa,Credit,69.53,Food_Beverage,CA,CA,Match,Authenticated_Success,Mobile_Android,1786,0
PAY_000554,Discover,Credit,115.79,Electronics,US,US,Match,Authenticated_Success,Mobile_iOS,873,0
PAY_000555,Visa,Credit,854.57,Electronics,US,GB,Match,Exempt_LowRisk,Mobile_Android,2469,0
PAY_000556,Visa,Debit,136.66,Apparel,US,US,Match,Attempted_NoAuth,Mobile_iOS,3209,0
PAY_000557,Visa,Credit,26.78,Food_Beverage,US,US,Match,Attempted_NoAuth,Desktop_Windows,850,0
PAY_000558,Mastercard,Corporate,307.62,Electronics,CA,CA,Match,Authenticated_Success,Desktop_macOS,2460,0
PAY_000559,Mastercard,Debit,167.52,Food_Beverage,GB,GB,Match,Authenticated_Success,Mobile_Android,1989,0
PAY_000560,Mastercard,Credit,6.65,Apparel,DE,DE,Match,Attempted_NoAuth,Mobile_Android,2507,0
PAY_000561,Visa,Debit,24.18,Digital_Gaming,DE,DE,Match,Authenticated_Success,Tablet,54,0
PAY_000562,Visa,Credit,99.39,Apparel,US,US,Match,Authenticated_Success,Mobile_iOS,2457,0
PAY_000563,American Express,Corporate,22.48,Electronics,US,US,Match,Authenticated_Success,Desktop_Windows,2728,0
PAY_000564,Mastercard,Credit,9.56,Subscription,CA,GB,Match,Authenticated_Success,Mobile_Android,2478,0
PAY_000565,Mastercard,Prepaid,49.53,Digital_Gaming,DE,DE,Match,Exempt_LowRisk,Desktop_macOS,3067,0
PAY_000566,Mastercard,Debit,458.06,Travel_Airlines,CA,CA,Match,Exempt_LowRisk,Mobile_iOS,2727,0
PAY_000567,Mastercard,Debit,120.49,Digital_Gaming,US,US,Match,Exempt_LowRisk,Mobile_iOS,3594,0
PAY_000568,Visa,Credit,380.18,Digital_Gaming,IN,IN,NotProvided,Authenticated_Success,Mobile_iOS,2445,0
PAY_000569,Visa,Debit,474.51,Luxury_Goods,US,DE,Match,Attempted_NoAuth,Mobile_iOS,1629,0
PAY_000570,Mastercard,Credit,44.26,Food_Beverage,CA,CA,Match,Authenticated_Success,Mobile_iOS,3045,0
PAY_000571,Visa,Debit,63.32,Travel_Airlines,US,US,Match,Authenticated_Success,Tablet,2536,0
PAY_000572,American Express,Credit,43.68,Digital_Gaming,DE,GB,Match,Attempted_NoAuth,Mobile_iOS,2037,1
PAY_000573,Mastercard,Credit,943.96,Luxury_Goods,GB,GB,Match,Exempt_LowRisk,Mobile_iOS,2112,0
PAY_000574,Mastercard,Credit,992.07,Luxury_Goods,DE,DE,Match,Exempt_LowRisk,Mobile_iOS,1280,0
PAY_000575,American Express,Credit,89.22,Digital_Gaming,US,US,Match,Exempt_LowRisk,Mobile_Android,2240,0
PAY_000576,Mastercard,Credit,791.26,Luxury_Goods,CA,CA,NotProvided,Exempt_LowRisk,Mobile_Android,1704,0
PAY_000577,Discover,Debit,271.52,Digital_Gaming,US,US,Match,Authenticated_Success,Mobile_iOS,479,0
PAY_000578,Mastercard,Credit,289.77,Travel_Airlines,DE,SG,Match,Exempt_LowRisk,Desktop_Windows,1607,0
PAY_000579,American Express,Debit,300.08,Subscription,US,US,Mismatch,Authenticated_Success,Desktop_Windows,3467,0
PAY_000580,Visa,Credit,29.98,Subscription,US,US,Match,Exempt_LowRisk,Mobile_iOS,1214,0
PAY_000581,Mastercard,Debit,61.52,Food_Beverage,DE,DE,Match,Exempt_LowRisk,Desktop_Windows,2472,0
PAY_000582,Mastercard,Debit,255.41,Luxury_Goods,US,US,Match,Authenticated_Success,Mobile_iOS,1517,0
PAY_000583,Visa,Credit,637.96,Travel_Airlines,US,US,Mismatch,Authenticated_Success,Mobile_Android,1043,0
PAY_000584,Visa,Debit,61.17,Electronics,IN,IN,Match,Authenticated_Success,Desktop_macOS,1405,0
PAY_000585,Discover,Corporate,46.81,Digital_Gaming,IN,IN,Match,Exempt_LowRisk,Desktop_macOS,3500,0
PAY_000586,Mastercard,Debit,8.62,Apparel,IN,IN,Match,Authenticated_Success,Mobile_iOS,406,0
PAY_000587,Visa,Credit,359.04,Electronics,US,US,Match,Authenticated_Success,Mobile_Android,2438,0
PAY_000588,Visa,Credit,262.82,Subscription,GB,GB,Match,Exempt_LowRisk,Mobile_iOS,3031,0
PAY_000589,Visa,Debit,181.59,Food_Beverage,FR,FR,Match,Authenticated_Success,Mobile_Android,676,0
PAY_000590,Visa,Credit,163.02,Digital_Gaming,US,US,Match,Authenticated_Success,Mobile_Android,2761,0
PAY_000591,Discover,Debit,167.90,Apparel,DE,DE,Match,Exempt_LowRisk,Mobile_iOS,2324,0
PAY_000592,Mastercard,Credit,575.91,Travel_Airlines,US,GB,Match,Authenticated_Success,Desktop_macOS,1232,0
PAY_000593,Visa,Debit,131.08,Digital_Gaming,SG,IN,Match,Authenticated_Success,Desktop_Windows,645,0
PAY_000594,Mastercard,Credit,140.72,Food_Beverage,CA,CA,Match,Authenticated_Success,Mobile_iOS,3449,0
PAY_000595,Visa,Credit,32.42,Subscription,GB,GB,Match,Authenticated_Success,Desktop_Windows,720,0
PAY_000596,Visa,Prepaid,53.51,Apparel,GB,GB,Match,Authenticated_Success,Desktop_Windows,3465,0
PAY_000597,Mastercard,Debit,72.04,Apparel,US,AU,Match,Authenticated_Success,Mobile_iOS,2366,0
PAY_000598,Mastercard,Corporate,46.10,Apparel,US,US,Match,Exempt_LowRisk,Mobile_Android,3127,0
PAY_000599,RuPay,Corporate,33.34,Electronics,DE,DE,Match,Authenticated_Success,Desktop_Windows,1082,0
PAY_000600,Mastercard,Credit,17.14,Apparel,GB,GB,Match,Exempt_LowRisk,Tablet,108,0
PAY_000601,Mastercard,Credit,240.47,Electronics,GB,GB,Match,Authenticated_Success,Mobile_iOS,2392,0
PAY_000602,Mastercard,Credit,505.71,Electronics,US,GB,Match,Attempted_NoAuth,Mobile_Android,1355,1
PAY_000603,Discover,Credit,67.38,Apparel,DE,AU,Match,Authenticated_Success,Desktop_Windows,2008,0
PAY_000604,Mastercard,Credit,3908.56,Electronics,US,US,Match,Authenticated_Success,Tablet,1669,0
PAY_000605,RuPay,Corporate,96.98,Travel_Airlines,US,US,Match,Authenticated_Success,Mobile_iOS,1174,0
PAY_000606,American Express,Credit,304.62,Electronics,SG,SG,Match,Authenticated_Success,Mobile_Android,2623,0
PAY_000607,American Express,Credit,275.98,Food_Beverage,GB,GB,Match,Authenticated_Success,Desktop_Windows,1828,0
PAY_000608,Visa,Credit,215.35,Apparel,GB,CA,Match,Exempt_LowRisk,Mobile_iOS,2317,0
PAY_000609,Mastercard,Credit,383.83,Electronics,AE,AE,Match,Authenticated_Success,Mobile_Android,2453,0
PAY_000610,Mastercard,Credit,606.01,Electronics,US,CA,Match,Exempt_LowRisk,Mobile_Android,2476,0
PAY_000611,Mastercard,Debit,283.50,Travel_Airlines,SG,SG,Match,Authenticated_Success,Mobile_Android,1206,0
PAY_000612,Mastercard,Credit,415.37,Apparel,DE,DE,Match,Authenticated_Success,Desktop_Windows,2800,0
PAY_000613,RuPay,Debit,273.55,Digital_Gaming,CA,CA,Match,Authenticated_Success,Mobile_iOS,802,1
PAY_000614,RuPay,Corporate,73.12,Electronics,US,US,Mismatch,Authenticated_Success,Desktop_Windows,3461,0
PAY_000615,Visa,Debit,94.99,Subscription,US,US,Match,Authenticated_Success,Mobile_iOS,2954,0
PAY_000616,Mastercard,Debit,34.04,Electronics,GB,JP,Match,Authenticated_Success,Desktop_Windows,2013,0
PAY_000617,Mastercard,Credit,355.66,Apparel,US,US,Match,Exempt_LowRisk,Mobile_Android,658,0
PAY_000618,Visa,Credit,85.34,Food_Beverage,US,US,Match,Authenticated_Success,Mobile_iOS,3299,0
PAY_000619,Visa,Credit,294.02,Apparel,CA,CA,Match,Authenticated_Success,Tablet,2024,0
PAY_000620,Visa,Prepaid,59.13,Apparel,DE,CA,Match,Authenticated_Success,Desktop_Windows,2974,0
PAY_000621,American Express,Debit,8.65,Food_Beverage,US,US,Match,Exempt_LowRisk,Mobile_iOS,101,0
PAY_000622,Mastercard,Credit,1213.31,Apparel,FR,FR,Match,Exempt_LowRisk,Mobile_iOS,1234,0
PAY_000623,RuPay,Credit,215.68,Electronics,SG,SG,Match,Authenticated_Success,Mobile_Android,1094,0
PAY_000624,Mastercard,Debit,22.19,Digital_Gaming,FR,FR,Match,Authenticated_Success,Tablet,2970,0
PAY_000625,RuPay,Debit,658.50,Electronics,FR,IN,Match,Exempt_LowRisk,Mobile_iOS,1695,0
PAY_000626,Visa,Debit,626.06,Food_Beverage,DE,DE,Match,Authenticated_Success,Desktop_macOS,429,0
PAY_000627,American Express,Corporate,346.93,Luxury_Goods,US,US,Match,Authenticated_Success,Mobile_iOS,2245,0
PAY_000628,Visa,Debit,59.79,Digital_Gaming,US,US,Match,Attempted_NoAuth,Desktop_Windows,580,0
PAY_000629,Mastercard,Debit,242.61,Electronics,SG,SG,Match,Authenticated_Success,Mobile_Android,1630,0
PAY_000630,American Express,Credit,78.59,Travel_Airlines,DE,DE,Match,Attempted_NoAuth,Mobile_iOS,3622,0
PAY_000631,Discover,Credit,202.77,Luxury_Goods,FR,FR,Match,Authenticated_Success,Desktop_macOS,1586,0
PAY_000632,American Express,Prepaid,1325.76,Electronics,JP,JP,Match,Authenticated_Success,Mobile_iOS,1565,0
PAY_000633,Visa,Debit,57.66,Food_Beverage,US,FR,Mismatch,Authenticated_Success,Desktop_macOS,147,0
PAY_000634,Visa,Credit,26.54,Digital_Gaming,US,US,Match,Authenticated_Success,Mobile_iOS,1681,0
PAY_000635,Visa,Debit,162.24,Travel_Airlines,CA,CA,Match,Exempt_LowRisk,Mobile_iOS,3496,0
PAY_000636,Visa,Credit,217.05,Apparel,US,US,Match,Authenticated_Success,Desktop_macOS,3471,0
PAY_000637,Mastercard,Debit,21.25,Electronics,CA,CA,Match,Exempt_LowRisk,Mobile_Android,3516,0
PAY_000638,Mastercard,Credit,352.98,Travel_Airlines,IN,FR,Match,Authenticated_Success,Mobile_iOS,1321,0
PAY_000639,American Express,Debit,4002.74,Travel_Airlines,CA,CA,Match,Attempted_NoAuth,Mobile_Android,239,0
PAY_000640,American Express,Credit,622.76,Apparel,US,US,Match,Authenticated_Success,Mobile_iOS,865,0
PAY_000641,Mastercard,Credit,350.77,Electronics,DE,DE,Match,Authenticated_Success,Desktop_Windows,772,0
PAY_000642,American Express,Credit,283.75,Food_Beverage,US,US,Match,Authenticated_Success,Mobile_iOS,284,0
PAY_000643,Visa,Debit,786.13,Electronics,AU,AU,Match,Authenticated_Success,Mobile_Android,2589,0
PAY_000644,Visa,Credit,58.06,Apparel,US,US,Match,Authenticated_Success,Mobile_iOS,1908,0
PAY_000645,Mastercard,Credit,1198.80,Luxury_Goods,IN,IN,Match,Exempt_LowRisk,Mobile_Android,2634,0
PAY_000646,American Express,Debit,1335.50,Electronics,GB,DE,Match,Failed,Desktop_macOS,729,1
PAY_000647,Visa,Credit,46.50,Electronics,GB,GB,Match,Authenticated_Success,Desktop_Windows,2540,0
PAY_000648,Mastercard,Credit,352.11,Electronics,GB,GB,Match,Authenticated_Success,Mobile_iOS,237,0
PAY_000649,Mastercard,Credit,99.25,Food_Beverage,US,US,Match,Authenticated_Success,Mobile_iOS,2633,0
PAY_000650,Visa,Debit,74.70,Apparel,GB,GB,Match,Exempt_LowRisk,Mobile_iOS,2967,0
PAY_000651,Visa,Credit,440.49,Luxury_Goods,IN,IN,Match,Authenticated_Success,Desktop_Windows,926,0
PAY_000652,Discover,Credit,86.04,Subscription,IN,IN,Match,Authenticated_Success,Mobile_iOS,1200,0
PAY_000653,Mastercard,Credit,613.35,Luxury_Goods,US,US,Match,Authenticated_Success,Mobile_Android,1590,0
PAY_000654,Visa,Credit,228.26,Digital_Gaming,DE,DE,Match,Attempted_NoAuth,Mobile_iOS,2115,0
PAY_000655,American Express,Credit,112.64,Digital_Gaming,IN,IN,Match,Authenticated_Success,Tablet,1930,0
PAY_000656,Visa,Credit,54.84,Apparel,IN,IN,Match,Authenticated_Success,Mobile_Android,382,0
PAY_000657,American Express,Credit,26.47,Digital_Gaming,GB,GB,Match,Authenticated_Success,Mobile_Android,1383,0
PAY_000658,Visa,Credit,39.66,Subscription,US,US,Match,Attempted_NoAuth,Desktop_macOS,1845,0
PAY_000659,Mastercard,Corporate,355.52,Travel_Airlines,SG,AE,Match,Authenticated_Success,Tablet,2240,0
PAY_000660,Visa,Credit,30.67,Digital_Gaming,US,US,Match,Exempt_LowRisk,Mobile_Android,2306,0
PAY_000661,Visa,Credit,188.76,Apparel,US,FR,Match,Exempt_LowRisk,Desktop_Windows,2430,0
PAY_000662,American Express,Corporate,107.02,Food_Beverage,FR,FR,Match,Authenticated_Success,Mobile_Android,1642,0
PAY_000663,Visa,Corporate,656.88,Electronics,US,US,Match,Authenticated_Success,Mobile_Android,1834,0
PAY_000664,Visa,Debit,33.03,Food_Beverage,IN,IN,Match,Exempt_LowRisk,Mobile_iOS,1232,0
PAY_000665,Visa,Credit,26.73,Apparel,US,US,Match,Authenticated_Success,Desktop_Windows,992,0
PAY_000666,Mastercard,Credit,930.72,Travel_Airlines,FR,FR,Match,Authenticated_Success,Desktop_Windows,1135,0
PAY_000667,American Express,Credit,76.93,Food_Beverage,JP,JP,Match,Authenticated_Success,Mobile_iOS,1600,0
PAY_000668,RuPay,Credit,53.37,Digital_Gaming,AE,AE,Match,Exempt_LowRisk,Mobile_iOS,400,0
PAY_000669,Visa,Credit,402.68,Electronics,SG,SG,Match,Authenticated_Success,Desktop_Windows,799,0
PAY_000670,Visa,Debit,138.05,Food_Beverage,AU,CA,Match,Authenticated_Success,Mobile_iOS,423,0
PAY_000671,Visa,Credit,16.75,Apparel,US,US,Match,Authenticated_Success,Mobile_Android,1492,0
PAY_000672,Mastercard,Debit,305.85,Apparel,JP,US,Match,Authenticated_Success,Desktop_Windows,1809,0
PAY_000673,RuPay,Credit,42.46,Digital_Gaming,SG,SG,Match,Authenticated_Success,Mobile_iOS,596,0
PAY_000674,Mastercard,Credit,432.69,Digital_Gaming,GB,GB,Mismatch,Attempted_NoAuth,Mobile_iOS,507,1
PAY_000675,Mastercard,Debit,61.52,Travel_Airlines,GB,GB,Match,Exempt_LowRisk,Mobile_iOS,1919,0
PAY_000676,Visa,Corporate,264.74,Electronics,US,US,Match,Attempted_NoAuth,Mobile_iOS,816,0
PAY_000677,Discover,Credit,54.37,Digital_Gaming,CA,CA,Match,Authenticated_Success,Mobile_Android,3168,0
PAY_000678,Mastercard,Debit,7.59,Food_Beverage,DE,DE,Match,Authenticated_Success,Desktop_Windows,602,0
PAY_000679,Visa,Credit,385.16,Electronics,GB,GB,Match,Authenticated_Success,Desktop_Windows,1758,0
PAY_000680,Visa,Credit,8.03,Digital_Gaming,GB,GB,Match,Authenticated_Success,Mobile_iOS,2929,0
PAY_000681,Visa,Debit,314.50,Luxury_Goods,CA,US,Match,Authenticated_Success,Desktop_Windows,379,0
PAY_000682,Visa,Credit,224.69,Food_Beverage,US,US,Match,Authenticated_Success,Mobile_iOS,1642,0
PAY_000683,Visa,Credit,37.22,Digital_Gaming,JP,JP,Mismatch,Authenticated_Success,Desktop_Windows,1722,1
PAY_000684,Mastercard,Credit,24.68,Food_Beverage,US,US,Match,Authenticated_Success,Mobile_iOS,2017,0
PAY_000685,Mastercard,Credit,160.84,Apparel,US,US,NotProvided,Authenticated_Success,Mobile_Android,3233,0
PAY_000686,Visa,Credit,50.68,Apparel,US,US,Match,Authenticated_Success,Mobile_Android,2128,0
PAY_000687,Mastercard,Credit,42.71,Subscription,IN,IN,Match,Authenticated_Success,Mobile_iOS,1377,0
PAY_000688,RuPay,Corporate,271.10,Food_Beverage,IN,IN,Match,Authenticated_Success,Tablet,1447,0
PAY_000689,Mastercard,Debit,18.47,Digital_Gaming,US,US,Match,Authenticated_Success,Mobile_iOS,2278,0
PAY_000690,Mastercard,Credit,40.22,Digital_Gaming,US,US,Match,Authenticated_Success,Mobile_iOS,1089,0
PAY_000691,Visa,Credit,172.97,Digital_Gaming,GB,GB,Match,Authenticated_Success,Mobile_Android,2499,0
PAY_000692,Discover,Debit,48.16,Electronics,US,US,Match,Authenticated_Success,Mobile_Android,1396,0
PAY_000693,Visa,Credit,470.07,Food_Beverage,FR,US,Match,Authenticated_Success,Mobile_iOS,221,0
PAY_000694,Visa,Credit,52.53,Food_Beverage,US,US,Match,Authenticated_Success,Mobile_iOS,1952,0
PAY_000695,Discover,Debit,174.51,Digital_Gaming,GB,GB,Match,Authenticated_Success,Mobile_iOS,918,0
PAY_000696,Mastercard,Credit,174.11,Apparel,US,FR,Match,Authenticated_Success,Desktop_Windows,1309,0
PAY_000697,Mastercard,Credit,56.40,Apparel,GB,GB,Match,Authenticated_Success,Mobile_Android,1182,0
PAY_000698,Mastercard,Credit,110.25,Electronics,GB,GB,Match,Authenticated_Success,Mobile_iOS,499,0
PAY_000699,Mastercard,Credit,254.43,Travel_Airlines,US,US,Match,Authenticated_Success,Mobile_Android,1056,0
PAY_000700,Visa,Credit,146.05,Digital_Gaming,US,US,Match,Authenticated_Success,Desktop_macOS,3335,0
PAY_000701,Visa,Corporate,22.53,Apparel,US,US,Match,Authenticated_Success,Desktop_macOS,1169,0
PAY_000702,Visa,Credit,115.38,Luxury_Goods,US,US,Match,Authenticated_Success,Mobile_iOS,2673,0
PAY_000703,Visa,Debit,341.25,Subscription,JP,JP,Match,Authenticated_Success,Mobile_Android,1492,0
PAY_000704,American Express,Debit,83.20,Electronics,US,US,Match,Exempt_LowRisk,Mobile_iOS,242,0
PAY_000705,Visa,Credit,98.44,Digital_Gaming,US,US,Match,Authenticated_Success,Mobile_iOS,3057,0
PAY_000706,Mastercard,Credit,53.39,Digital_Gaming,US,JP,Mismatch,Failed,Desktop_Windows,3305,1
PAY_000707,American Express,Credit,156.96,Electronics,FR,FR,Match,Authenticated_Success,Desktop_macOS,860,0
PAY_000708,American Express,Debit,321.64,Digital_Gaming,SG,SG,Match,Authenticated_Success,Mobile_iOS,623,0
PAY_000709,Mastercard,Credit,394.70,Luxury_Goods,FR,FR,Mismatch,Authenticated_Success,Desktop_Windows,3397,1
PAY_000710,Mastercard,Debit,126.10,Electronics,CA,CA,Match,Authenticated_Success,Desktop_Windows,357,0
PAY_000711,RuPay,Debit,138.79,Electronics,IN,IN,Match,Authenticated_Success,Desktop_Windows,3244,0
PAY_000712,Mastercard,Debit,38.33,Food_Beverage,GB,GB,Match,Authenticated_Success,Desktop_Windows,633,0
PAY_000713,American Express,Prepaid,31.91,Apparel,IN,IN,Match,Attempted_NoAuth,Mobile_Android,3163,0
PAY_000714,Discover,Debit,250.24,Luxury_Goods,IN,IN,Match,Exempt_LowRisk,Desktop_macOS,3405,0
PAY_000715,American Express,Debit,2700.88,Luxury_Goods,US,US,Match,Authenticated_Success,Mobile_iOS,877,0
PAY_000716,Visa,Debit,145.86,Food_Beverage,GB,GB,Match,Authenticated_Success,Mobile_Android,808,0
PAY_000717,Mastercard,Debit,182.47,Travel_Airlines,US,US,Match,Authenticated_Success,Mobile_iOS,388,0
PAY_000718,Visa,Debit,196.33,Food_Beverage,US,US,Match,Exempt_LowRisk,Desktop_Windows,2872,0
PAY_000719,Mastercard,Corporate,75.63,Luxury_Goods,IN,IN,Match,Authenticated_Success,Mobile_iOS,1276,0
PAY_000720,RuPay,Credit,302.85,Digital_Gaming,US,US,Match,Authenticated_Success,Mobile_Android,2347,0
PAY_000721,Mastercard,Debit,277.18,Apparel,FR,FR,Match,Exempt_LowRisk,Desktop_Windows,2242,0
PAY_000722,Mastercard,Credit,780.53,Apparel,AE,AE,Match,Authenticated_Success,Mobile_iOS,1891,0
PAY_000723,Visa,Debit,202.90,Apparel,GB,GB,Match,Exempt_LowRisk,Mobile_iOS,886,0
PAY_000724,RuPay,Credit,302.05,Electronics,US,FR,Match,Exempt_LowRisk,Mobile_iOS,1335,0
PAY_000725,Visa,Debit,275.96,Digital_Gaming,CA,CA,Match,Exempt_LowRisk,Desktop_Windows,1828,0
PAY_000726,Visa,Debit,33.50,Apparel,IN,IN,Match,Authenticated_Success,Mobile_iOS,340,0
PAY_000727,Visa,Prepaid,120.86,Electronics,US,US,Mismatch,Authenticated_Success,Mobile_Android,1474,0
PAY_000728,Visa,Credit,62.14,Apparel,US,US,Match,Authenticated_Success,Mobile_Android,2594,0
PAY_000729,Mastercard,Debit,1202.39,Travel_Airlines,CA,CA,Match,Exempt_LowRisk,Desktop_macOS,1540,0
PAY_000730,Mastercard,Debit,26.01,Digital_Gaming,SG,SG,Match,Authenticated_Success,Desktop_Windows,1441,0
PAY_000731,Visa,Corporate,23.14,Food_Beverage,US,CA,Match,Exempt_LowRisk,Mobile_iOS,3067,0
PAY_000732,Visa,Corporate,86.50,Digital_Gaming,US,US,Match,Attempted_NoAuth,Desktop_macOS,1953,0
PAY_000733,Visa,Debit,146.83,Food_Beverage,AE,AE,Match,Authenticated_Success,Desktop_Windows,2691,0
PAY_000734,Visa,Debit,123.09,Travel_Airlines,US,JP,Mismatch,Exempt_LowRisk,Desktop_Windows,189,0
PAY_000735,Visa,Credit,390.36,Electronics,US,AU,Match,Authenticated_Success,Mobile_Android,3387,0
PAY_000736,Mastercard,Prepaid,300.44,Subscription,CA,IN,NotProvided,Authenticated_Success,Mobile_iOS,2832,1
PAY_000737,Visa,Credit,699.33,Electronics,US,US,Match,Exempt_LowRisk,Desktop_Windows,3018,0
PAY_000738,Visa,Debit,98.36,Digital_Gaming,US,CA,Match,Authenticated_Success,Mobile_Android,2527,0
PAY_000739,Visa,Debit,241.44,Travel_Airlines,CA,CA,Match,Authenticated_Success,Mobile_iOS,1965,0
PAY_000740,Visa,Credit,449.97,Apparel,DE,DE,Match,Authenticated_Success,Mobile_iOS,1932,0
PAY_000741,Visa,Credit,67.83,Digital_Gaming,GB,GB,NotProvided,Failed,Mobile_iOS,2279,1
PAY_000742,Visa,Credit,187.61,Apparel,US,US,Match,Authenticated_Success,Mobile_Android,1812,0
PAY_000743,American Express,Debit,1609.58,Electronics,CA,CA,Match,Authenticated_Success,Mobile_iOS,2663,0
PAY_000744,Visa,Credit,467.97,Electronics,CA,CA,Match,Authenticated_Success,Mobile_Android,1230,0
PAY_000745,Mastercard,Credit,62.35,Electronics,IN,JP,Mismatch,Authenticated_Success,Desktop_Windows,2808,0
PAY_000746,Mastercard,Debit,47.78,Electronics,IN,IN,Match,Attempted_NoAuth,Mobile_iOS,1250,0
PAY_000747,Visa,Credit,312.44,Luxury_Goods,DE,AU,Match,Authenticated_Success,Mobile_iOS,1737,0
PAY_000748,Mastercard,Corporate,145.54,Digital_Gaming,AU,AU,Match,Authenticated_Success,Mobile_iOS,250,0
PAY_000749,American Express,Credit,108.77,Digital_Gaming,IN,IN,Match,Exempt_LowRisk,Mobile_iOS,3286,0
PAY_000750,American Express,Credit,3023.24,Travel_Airlines,US,US,Match,Authenticated_Success,Desktop_Windows,2506,0
PAY_000751,Visa,Credit,301.32,Electronics,JP,CA,Mismatch,Authenticated_Success,Mobile_Android,911,0
PAY_000752,Visa,Credit,46.52,Apparel,AU,AU,Mismatch,Attempted_NoAuth,Desktop_Windows,165,1
PAY_000753,Visa,Credit,76.68,Travel_Airlines,US,US,Match,Exempt_LowRisk,Tablet,3109,0
PAY_000754,Mastercard,Debit,244.32,Food_Beverage,US,US,Match,Exempt_LowRisk,Mobile_iOS,6,0
PAY_000755,Mastercard,Credit,66.24,Digital_Gaming,CA,AU,Match,Authenticated_Success,Mobile_Android,1759,0
PAY_000756,Visa,Credit,35.62,Electronics,GB,US,Match,Authenticated_Success,Mobile_Android,114,0
PAY_000757,Visa,Credit,273.36,Travel_Airlines,FR,FR,Match,Authenticated_Success,Mobile_Android,2531,0
PAY_000758,Discover,Credit,22.30,Food_Beverage,GB,GB,NotProvided,Authenticated_Success,Mobile_iOS,743,0
PAY_000759,Visa,Corporate,41.75,Apparel,US,US,Match,Authenticated_Success,Mobile_iOS,1559,0
PAY_000760,Mastercard,Credit,67.14,Apparel,US,US,Match,Authenticated_Success,Mobile_Android,2081,0
PAY_000761,Mastercard,Prepaid,68.99,Electronics,AU,JP,Match,Authenticated_Success,Mobile_Android,1353,0
PAY_000762,Visa,Credit,39.00,Digital_Gaming,US,US,Match,Exempt_LowRisk,Mobile_iOS,2486,0
PAY_000763,Visa,Credit,29.41,Food_Beverage,FR,FR,Match,Authenticated_Success,Mobile_iOS,1855,0
PAY_000764,Visa,Credit,196.92,Luxury_Goods,US,US,Match,Authenticated_Success,Mobile_Android,1536,0
PAY_000765,Discover,Credit,22.00,Apparel,GB,GB,Match,Attempted_NoAuth,Desktop_Windows,1176,0
PAY_000766,Visa,Debit,254.87,Luxury_Goods,GB,GB,Match,Authenticated_Success,Mobile_Android,1492,0
PAY_000767,Visa,Credit,24.92,Food_Beverage,US,US,Match,Authenticated_Success,Mobile_iOS,1172,0
PAY_000768,Visa,Credit,127.13,Digital_Gaming,DE,DE,Match,Authenticated_Success,Mobile_iOS,2105,0
PAY_000769,Visa,Debit,83.17,Food_Beverage,DE,DE,Match,Exempt_LowRisk,Desktop_Windows,2790,0
PAY_000770,Mastercard,Debit,248.19,Apparel,US,US,Match,Authenticated_Success,Desktop_Windows,2178,0
PAY_000771,Visa,Corporate,531.32,Apparel,US,US,Match,Attempted_NoAuth,Mobile_iOS,118,0
PAY_000772,Mastercard,Prepaid,140.48,Digital_Gaming,FR,FR,Match,Authenticated_Success,Mobile_Android,3084,0
PAY_000773,Mastercard,Debit,109.35,Digital_Gaming,DE,DE,Match,Failed,Mobile_Android,2869,1
PAY_000774,American Express,Debit,150.56,Subscription,GB,GB,Match,Authenticated_Success,Mobile_Android,2989,0
PAY_000775,Visa,Debit,111.41,Digital_Gaming,FR,FR,Match,Exempt_LowRisk,Mobile_iOS,182,0
PAY_000776,American Express,Credit,70.47,Apparel,US,US,NotProvided,Authenticated_Success,Mobile_Android,3006,0
PAY_000777,Mastercard,Debit,64.57,Apparel,US,US,Match,Authenticated_Success,Desktop_macOS,1705,0
PAY_000778,Visa,Credit,21.68,Digital_Gaming,DE,DE,Match,Authenticated_Success,Mobile_iOS,3081,0
PAY_000779,American Express,Debit,167.81,Apparel,DE,DE,Match,Authenticated_Success,Mobile_iOS,2852,0
PAY_000780,American Express,Prepaid,257.72,Travel_Airlines,IN,IN,Match,Authenticated_Success,Mobile_iOS,3211,0
PAY_000781,Visa,Credit,328.48,Apparel,US,US,Mismatch,Authenticated_Success,Mobile_iOS,445,0
PAY_000782,Discover,Debit,182.48,Apparel,GB,GB,Match,Authenticated_Success,Desktop_macOS,2027,0
PAY_000783,Mastercard,Corporate,217.73,Luxury_Goods,DE,DE,Match,Authenticated_Success,Tablet,2659,0
PAY_000784,Mastercard,Credit,735.82,Electronics,US,US,Match,Authenticated_Success,Mobile_iOS,2172,0
PAY_000785,RuPay,Credit,25.92,Luxury_Goods,GB,GB,Match,Attempted_NoAuth,Desktop_macOS,2962,0
PAY_000786,Visa,Corporate,557.38,Digital_Gaming,CA,CA,Match,Authenticated_Success,Mobile_iOS,2654,0
PAY_000787,American Express,Prepaid,15.30,Digital_Gaming,US,US,Match,Authenticated_Success,Mobile_Android,131,0
PAY_000788,Visa,Credit,459.86,Travel_Airlines,US,US,Match,Authenticated_Success,Mobile_Android,727,0
PAY_000789,American Express,Credit,426.86,Travel_Airlines,US,US,Match,Exempt_LowRisk,Mobile_iOS,2316,0
PAY_000790,Mastercard,Debit,229.54,Food_Beverage,AU,AU,Match,Authenticated_Success,Mobile_Android,1316,0
PAY_000791,Visa,Credit,46.45,Apparel,US,US,Match,Authenticated_Success,Mobile_Android,1302,0
PAY_000792,Visa,Credit,6.30,Apparel,US,US,Match,Authenticated_Success,Mobile_iOS,3331,0
PAY_000793,Visa,Credit,186.10,Travel_Airlines,US,US,Match,Authenticated_Success,Tablet,327,0
PAY_000794,Visa,Credit,52.40,Digital_Gaming,US,US,Match,Exempt_LowRisk,Mobile_iOS,1908,0
PAY_000795,Visa,Debit,45.50,Luxury_Goods,US,US,Match,Authenticated_Success,Mobile_iOS,1137,0
PAY_000796,Visa,Debit,70.10,Digital_Gaming,CA,CA,Match,Exempt_LowRisk,Desktop_macOS,189,0
PAY_000797,Visa,Debit,81.68,Travel_Airlines,US,JP,Match,Authenticated_Success,Mobile_Android,1369,0
PAY_000798,Visa,Debit,381.31,Electronics,US,US,Match,Authenticated_Success,Mobile_Android,1480,0
PAY_000799,Mastercard,Credit,50.87,Digital_Gaming,US,US,Match,Authenticated_Success,Mobile_iOS,1660,0
PAY_000800,Mastercard,Credit,1614.57,Electronics,GB,GB,Match,Authenticated_Success,Mobile_iOS,587,0
PAY_000801,Mastercard,Credit,50.31,Apparel,US,IN,Match,Attempted_NoAuth,Mobile_iOS,2658,0
PAY_000802,Visa,Credit,695.92,Luxury_Goods,CA,CA,Match,Authenticated_Success,Mobile_Android,1301,0
PAY_000803,Discover,Credit,52.75,Digital_Gaming,DE,DE,Match,Authenticated_Success,Mobile_Android,2093,0
PAY_000804,Mastercard,Credit,11.18,Apparel,FR,FR,Match,Authenticated_Success,Mobile_Android,1989,0
PAY_000805,Visa,Credit,53.24,Food_Beverage,US,US,Match,Exempt_LowRisk,Desktop_Windows,2060,0
PAY_000806,Visa,Credit,610.97,Travel_Airlines,IN,IN,Match,Exempt_LowRisk,Desktop_macOS,1844,0
PAY_000807,Mastercard,Debit,129.31,Digital_Gaming,DE,IN,Match,Authenticated_Success,Mobile_iOS,1099,0
PAY_000808,Visa,Debit,48.30,Subscription,US,AU,Match,Authenticated_Success,Desktop_macOS,1790,0
PAY_000809,Mastercard,Corporate,13.43,Digital_Gaming,GB,CA,Match,Authenticated_Success,Desktop_Windows,1936,0
PAY_000810,RuPay,Debit,541.96,Travel_Airlines,FR,FR,Match,Authenticated_Success,Desktop_macOS,67,0
PAY_000811,Visa,Debit,296.21,Electronics,US,US,Match,Authenticated_Success,Desktop_Windows,2642,0
PAY_000812,Visa,Credit,168.64,Apparel,US,US,Match,Authenticated_Success,Mobile_iOS,1625,0
PAY_000813,RuPay,Debit,49.33,Apparel,CA,CA,Match,Authenticated_Success,Mobile_iOS,1069,0
PAY_000814,Mastercard,Credit,29.28,Electronics,US,US,Match,Authenticated_Success,Desktop_macOS,106,0
PAY_000815,Visa,Credit,119.96,Digital_Gaming,JP,JP,Match,Authenticated_Success,Mobile_Android,1113,0
PAY_000816,Discover,Credit,184.85,Electronics,US,US,Match,Authenticated_Success,Desktop_macOS,1478,0
PAY_000817,American Express,Credit,2003.51,Luxury_Goods,US,GB,Match,Authenticated_Success,Desktop_Windows,3053,0
PAY_000818,Mastercard,Credit,192.72,Electronics,US,DE,Match,Attempted_NoAuth,Mobile_iOS,2361,0
PAY_000819,Mastercard,Debit,177.61,Electronics,US,US,Match,Authenticated_Success,Mobile_Android,1527,0
PAY_000820,Visa,Debit,105.53,Subscription,AU,AU,Match,Authenticated_Success,Tablet,460,0
PAY_000821,Visa,Debit,224.79,Luxury_Goods,IN,IN,Match,Exempt_LowRisk,Mobile_iOS,1003,0
PAY_000822,Mastercard,Debit,32.80,Subscription,SG,SG,Match,Attempted_NoAuth,Desktop_Windows,3346,0
PAY_000823,Visa,Credit,59.88,Digital_Gaming,GB,GB,Match,Exempt_LowRisk,Tablet,467,0
PAY_000824,Mastercard,Credit,67.84,Electronics,GB,GB,Match,Authenticated_Success,Mobile_iOS,2301,0
PAY_000825,American Express,Debit,51.83,Digital_Gaming,US,US,Match,Authenticated_Success,Mobile_iOS,1887,0
PAY_000826,Visa,Credit,563.13,Digital_Gaming,US,SG,Mismatch,Failed,Mobile_Android,795,1
PAY_000827,Mastercard,Credit,587.88,Electronics,AU,DE,Match,Exempt_LowRisk,Desktop_Windows,3188,0
PAY_000828,Visa,Credit,93.58,Food_Beverage,GB,GB,Match,Authenticated_Success,Mobile_Android,1439,0
PAY_000829,American Express,Corporate,2389.04,Luxury_Goods,GB,GB,Match,Authenticated_Success,Mobile_iOS,2413,0
PAY_000830,Visa,Debit,107.65,Travel_Airlines,GB,GB,Match,Authenticated_Success,Mobile_iOS,354,0
PAY_000831,Mastercard,Credit,1032.24,Digital_Gaming,IN,IN,Match,Authenticated_Success,Mobile_iOS,3524,0
PAY_000832,Mastercard,Debit,261.19,Luxury_Goods,US,US,Match,Authenticated_Success,Mobile_iOS,81,0
PAY_000833,Visa,Credit,604.37,Apparel,DE,DE,Match,Authenticated_Success,Mobile_iOS,1133,0
PAY_000834,Mastercard,Credit,601.45,Subscription,DE,DE,Match,Authenticated_Success,Desktop_Windows,3342,0
PAY_000835,Mastercard,Credit,9.69,Apparel,IN,IN,Match,Exempt_LowRisk,Mobile_iOS,2328,0
PAY_000836,Mastercard,Credit,937.69,Electronics,US,US,Match,Exempt_LowRisk,Desktop_Windows,2464,0
PAY_000837,Mastercard,Debit,136.64,Electronics,US,GB,Match,Authenticated_Success,Desktop_macOS,1148,0
PAY_000838,RuPay,Credit,232.07,Luxury_Goods,GB,GB,NotProvided,Failed,Mobile_Android,2845,1
PAY_000839,Visa,Debit,118.76,Subscription,IN,IN,Match,Exempt_LowRisk,Mobile_Android,3400,0
PAY_000840,Mastercard,Credit,22.01,Food_Beverage,JP,US,Match,Authenticated_Success,Mobile_iOS,2271,0
PAY_000841,Visa,Debit,463.35,Travel_Airlines,CA,CA,Match,Authenticated_Success,Mobile_Android,797,0
PAY_000842,American Express,Debit,23.69,Subscription,US,US,Match,Authenticated_Success,Mobile_iOS,3309,0
PAY_000843,Mastercard,Debit,324.11,Travel_Airlines,US,FR,Match,Authenticated_Success,Mobile_iOS,16,0
PAY_000844,Visa,Debit,289.72,Apparel,CA,CA,Match,Authenticated_Success,Mobile_Android,3270,0
PAY_000845,Visa,Corporate,663.13,Luxury_Goods,US,US,Match,Authenticated_Success,Mobile_iOS,35,0
PAY_000846,American Express,Credit,125.69,Electronics,CA,CA,Match,Authenticated_Success,Mobile_iOS,213,0
PAY_000847,Visa,Debit,120.97,Apparel,IN,IN,Match,Authenticated_Success,Mobile_Android,154,0
PAY_000848,Mastercard,Debit,14.19,Apparel,US,US,Match,Authenticated_Success,Mobile_Android,692,0
PAY_000849,Visa,Credit,74.21,Electronics,US,US,Match,Authenticated_Success,Mobile_iOS,2655,0
PAY_000850,RuPay,Credit,41.54,Subscription,US,US,Match,Authenticated_Success,Mobile_iOS,1445,0
PAY_000851,Visa,Credit,158.47,Subscription,US,US,NotProvided,Exempt_LowRisk,Mobile_iOS,289,0
PAY_000852,Visa,Credit,104.21,Apparel,DE,DE,Match,Authenticated_Success,Mobile_Android,1245,0
PAY_000853,American Express,Credit,480.57,Travel_Airlines,US,US,Match,Authenticated_Success,Mobile_Android,3641,0
PAY_000854,Discover,Credit,64.71,Apparel,US,US,Match,Authenticated_Success,Mobile_iOS,1918,0
PAY_000855,Visa,Debit,78.47,Electronics,US,FR,Mismatch,Authenticated_Success,Mobile_Android,2661,0
PAY_000856,Mastercard,Credit,342.73,Apparel,US,US,Match,Exempt_LowRisk,Tablet,973,0
PAY_000857,Mastercard,Debit,30.95,Apparel,DE,DE,Mismatch,Failed,Mobile_Android,1901,1
PAY_000858,American Express,Credit,105.74,Apparel,CA,CA,Match,Exempt_LowRisk,Mobile_Android,2910,0
PAY_000859,Visa,Debit,165.06,Electronics,GB,US,NotProvided,Authenticated_Success,Mobile_Android,2462,0
PAY_000860,Mastercard,Credit,346.86,Electronics,GB,GB,Match,Exempt_LowRisk,Desktop_Windows,28,0
PAY_000861,Mastercard,Credit,95.93,Electronics,US,US,Match,Authenticated_Success,Desktop_macOS,2216,0
PAY_000862,Mastercard,Credit,212.29,Food_Beverage,GB,SG,Match,Authenticated_Success,Mobile_iOS,2889,0
PAY_000863,American Express,Debit,850.42,Electronics,US,US,Mismatch,Failed,Mobile_iOS,494,1
PAY_000864,Mastercard,Credit,198.43,Apparel,SG,SG,Match,Authenticated_Success,Mobile_iOS,1436,0
PAY_000865,Visa,Corporate,79.31,Digital_Gaming,US,US,Mismatch,Failed,Desktop_Windows,2354,1
PAY_000866,Discover,Credit,41.32,Apparel,GB,AE,NotProvided,Failed,Mobile_iOS,19,1
PAY_000867,American Express,Debit,1486.71,Digital_Gaming,US,US,Match,Exempt_LowRisk,Desktop_macOS,2594,0
PAY_000868,American Express,Credit,62.73,Electronics,FR,FR,Match,Authenticated_Success,Mobile_iOS,3091,0
PAY_000869,Visa,Debit,1142.71,Luxury_Goods,US,US,Mismatch,Attempted_NoAuth,Mobile_Android,1921,1
PAY_000870,Visa,Credit,96.16,Digital_Gaming,SG,SG,Match,Exempt_LowRisk,Mobile_iOS,1631,0
PAY_000871,Mastercard,Credit,249.01,Travel_Airlines,US,GB,Mismatch,Exempt_LowRisk,Mobile_Android,336,0
PAY_000872,Visa,Credit,81.75,Digital_Gaming,IN,IN,Match,Authenticated_Success,Mobile_Android,2645,0
PAY_000873,RuPay,Credit,38.04,Digital_Gaming,DE,DE,Match,Authenticated_Success,Desktop_Windows,3442,0
PAY_000874,Visa,Credit,106.67,Apparel,US,US,Match,Exempt_LowRisk,Mobile_Android,3206,0
PAY_000875,Mastercard,Prepaid,94.49,Apparel,US,US,Match,Authenticated_Success,Mobile_Android,2006,0
PAY_000876,American Express,Credit,1268.28,Digital_Gaming,US,US,Match,Authenticated_Success,Desktop_Windows,126,0
PAY_000877,Visa,Credit,606.39,Electronics,IN,FR,Match,Authenticated_Success,Desktop_macOS,1044,0
PAY_000878,Visa,Corporate,117.62,Apparel,IN,IN,Match,Authenticated_Success,Desktop_Windows,957,0
PAY_000879,Mastercard,Credit,816.41,Luxury_Goods,US,US,Match,Authenticated_Success,Desktop_Windows,28,0
PAY_000880,Mastercard,Credit,1412.49,Electronics,US,US,Mismatch,Attempted_NoAuth,Mobile_Android,434,1
PAY_000881,Visa,Debit,64.21,Electronics,US,US,Match,Authenticated_Success,Desktop_macOS,2098,0
PAY_000882,Mastercard,Corporate,354.53,Luxury_Goods,US,US,Match,Authenticated_Success,Mobile_Android,358,1
PAY_000883,Discover,Debit,8.18,Apparel,CA,CA,Match,Authenticated_Success,Desktop_macOS,142,0
PAY_000884,Mastercard,Credit,123.30,Food_Beverage,US,AE,Match,Authenticated_Success,Desktop_Windows,3451,0
PAY_000885,Visa,Prepaid,169.52,Subscription,US,GB,Match,Authenticated_Success,Mobile_iOS,2207,0
PAY_000886,Visa,Credit,22.31,Subscription,IN,SG,Match,Authenticated_Success,Mobile_iOS,2940,0
PAY_000887,Visa,Prepaid,323.30,Digital_Gaming,FR,FR,Match,Authenticated_Success,Desktop_Windows,907,0
PAY_000888,Visa,Debit,30.24,Apparel,FR,FR,Match,Exempt_LowRisk,Mobile_Android,1331,0
PAY_000889,Visa,Corporate,297.40,Luxury_Goods,US,FR,Match,Authenticated_Success,Mobile_Android,2228,0
PAY_000890,Mastercard,Credit,494.39,Luxury_Goods,SG,SG,Match,Authenticated_Success,Tablet,2508,0
PAY_000891,Visa,Credit,2503.43,Luxury_Goods,CA,CA,Match,Authenticated_Success,Mobile_Android,1344,0
PAY_000892,RuPay,Debit,25.95,Apparel,GB,DE,Match,Authenticated_Success,Mobile_iOS,3356,0
PAY_000893,Visa,Credit,257.24,Electronics,US,US,Match,Authenticated_Success,Mobile_Android,2567,0
PAY_000894,Visa,Credit,437.88,Electronics,AU,AU,Match,Authenticated_Success,Mobile_iOS,806,0
PAY_000895,Mastercard,Corporate,348.95,Electronics,GB,GB,Match,Authenticated_Success,Mobile_Android,359,0
PAY_000896,American Express,Debit,363.42,Electronics,IN,IN,Match,Authenticated_Success,Desktop_macOS,52,0
PAY_000897,Visa,Credit,154.11,Subscription,DE,DE,Match,Authenticated_Success,Mobile_iOS,3083,0
PAY_000898,Visa,Credit,101.44,Electronics,IN,IN,Match,Authenticated_Success,Desktop_Windows,3008,0
PAY_000899,Visa,Credit,2774.87,Luxury_Goods,DE,DE,Match,Authenticated_Success,Desktop_Windows,1748,0
PAY_000900,Mastercard,Credit,59.01,Subscription,SG,SG,Match,Exempt_LowRisk,Mobile_iOS,2638,0
PAY_000901,Mastercard,Credit,51.00,Apparel,US,US,Match,Authenticated_Success,Desktop_Windows,3224,0
PAY_000902,Visa,Debit,293.65,Digital_Gaming,US,US,Match,Authenticated_Success,Desktop_Windows,585,0
PAY_000903,Visa,Debit,133.31,Travel_Airlines,DE,IN,Mismatch,Failed,Mobile_Android,3579,1
PAY_000904,Mastercard,Credit,94.85,Apparel,GB,AU,Match,Authenticated_Success,Mobile_iOS,1787,0
PAY_000905,RuPay,Credit,30.11,Digital_Gaming,CA,CA,Match,Authenticated_Success,Mobile_iOS,1600,0
PAY_000906,Mastercard,Debit,1065.46,Food_Beverage,DE,JP,Match,Authenticated_Success,Mobile_Android,586,0
PAY_000907,Mastercard,Debit,3380.62,Travel_Airlines,GB,GB,Match,Authenticated_Success,Mobile_iOS,2454,0
PAY_000908,Visa,Corporate,59.07,Food_Beverage,FR,FR,Match,Authenticated_Success,Mobile_iOS,2199,0
PAY_000909,Visa,Credit,118.14,Subscription,US,US,Match,Authenticated_Success,Desktop_macOS,110,0
PAY_000910,Visa,Debit,67.07,Apparel,IN,IN,Match,Exempt_LowRisk,Desktop_Windows,2363,0
PAY_000911,Mastercard,Credit,181.79,Travel_Airlines,US,US,Match,Authenticated_Success,Desktop_Windows,516,0
PAY_000912,American Express,Credit,494.43,Luxury_Goods,CA,CA,Match,Authenticated_Success,Desktop_macOS,1010,0
PAY_000913,Discover,Debit,414.53,Luxury_Goods,AU,AU,Match,Authenticated_Success,Mobile_iOS,2232,0
PAY_000914,RuPay,Credit,50.08,Travel_Airlines,US,SG,Match,Authenticated_Success,Mobile_iOS,2850,0
PAY_000915,RuPay,Credit,356.25,Travel_Airlines,US,US,Match,Authenticated_Success,Mobile_Android,490,0
PAY_000916,RuPay,Credit,63.65,Food_Beverage,US,DE,Match,Authenticated_Success,Mobile_Android,1729,0
PAY_000917,Visa,Credit,94.01,Apparel,CA,CA,Match,Authenticated_Success,Mobile_iOS,1041,0
PAY_000918,Visa,Credit,398.03,Luxury_Goods,GB,DE,Match,Authenticated_Success,Desktop_Windows,2578,0
PAY_000919,Visa,Debit,44.86,Apparel,US,US,Match,Authenticated_Success,Mobile_iOS,3022,0
PAY_000920,Mastercard,Credit,174.58,Digital_Gaming,AU,AU,Match,Authenticated_Success,Mobile_Android,2335,0
PAY_000921,Visa,Credit,479.50,Travel_Airlines,US,US,Match,Authenticated_Success,Mobile_Android,2901,0
PAY_000922,American Express,Debit,1238.86,Travel_Airlines,GB,AU,Match,Exempt_LowRisk,Mobile_Android,1645,0
PAY_000923,Mastercard,Credit,114.92,Digital_Gaming,CA,CA,Match,Authenticated_Success,Mobile_iOS,2182,0
PAY_000924,Mastercard,Corporate,53.66,Digital_Gaming,US,US,Match,Exempt_LowRisk,Mobile_iOS,1069,0
PAY_000925,Visa,Credit,131.43,Apparel,US,SG,Match,Exempt_LowRisk,Desktop_macOS,3607,0
PAY_000926,Visa,Debit,21.14,Electronics,JP,JP,Match,Exempt_LowRisk,Desktop_macOS,746,0
PAY_000927,Visa,Credit,674.55,Apparel,DE,DE,Match,Authenticated_Success,Mobile_Android,3362,0
PAY_000928,American Express,Debit,90.18,Food_Beverage,US,US,Match,Exempt_LowRisk,Mobile_iOS,2722,0
PAY_000929,Mastercard,Credit,737.23,Apparel,IN,IN,Match,Authenticated_Success,Mobile_Android,3602,0
PAY_000930,Mastercard,Corporate,25.63,Subscription,GB,GB,Match,Attempted_NoAuth,Mobile_iOS,2343,1
PAY_000931,Visa,Credit,19.50,Apparel,US,US,Match,Authenticated_Success,Mobile_iOS,1285,0
PAY_000932,Visa,Debit,398.90,Travel_Airlines,DE,DE,NotProvided,Failed,Mobile_iOS,1026,1
PAY_000933,Visa,Credit,99.36,Digital_Gaming,GB,GB,Match,Exempt_LowRisk,Mobile_iOS,656,0
PAY_000934,Mastercard,Credit,386.98,Travel_Airlines,US,US,Match,Authenticated_Success,Mobile_iOS,3529,0
PAY_000935,American Express,Credit,531.77,Luxury_Goods,AU,CA,Mismatch,Authenticated_Success,Mobile_iOS,389,1
PAY_000936,Visa,Credit,133.67,Travel_Airlines,US,US,Match,Authenticated_Success,Desktop_Windows,2957,0
PAY_000937,Discover,Credit,13.02,Food_Beverage,US,US,Match,Authenticated_Success,Mobile_Android,2549,0
PAY_000938,Visa,Debit,91.06,Digital_Gaming,US,US,Match,Exempt_LowRisk,Mobile_Android,463,0
PAY_000939,Discover,Credit,45.55,Electronics,FR,FR,Match,Exempt_LowRisk,Mobile_iOS,3342,0
PAY_000940,Visa,Credit,14.66,Apparel,DE,DE,Match,Authenticated_Success,Desktop_Windows,594,0
PAY_000941,Visa,Credit,175.49,Travel_Airlines,AU,AU,Match,Authenticated_Success,Mobile_iOS,587,0
PAY_000942,American Express,Credit,107.10,Digital_Gaming,US,US,Match,Authenticated_Success,Mobile_iOS,1986,0
PAY_000943,Visa,Credit,593.80,Digital_Gaming,FR,FR,Match,Authenticated_Success,Mobile_Android,377,0
PAY_000944,Visa,Debit,195.82,Digital_Gaming,CA,FR,Match,Authenticated_Success,Desktop_Windows,374,0
PAY_000945,Mastercard,Credit,322.64,Apparel,US,US,Match,Authenticated_Success,Desktop_Windows,2278,0
PAY_000946,Visa,Corporate,547.48,Travel_Airlines,US,US,Match,Authenticated_Success,Mobile_Android,3519,0
PAY_000947,Mastercard,Credit,399.35,Travel_Airlines,IN,IN,Mismatch,Authenticated_Success,Mobile_iOS,195,0
PAY_000948,American Express,Credit,4199.26,Travel_Airlines,US,US,Match,Authenticated_Success,Mobile_iOS,2329,0
PAY_000949,American Express,Corporate,62.25,Travel_Airlines,CA,CA,Match,Authenticated_Success,Mobile_Android,2196,0
PAY_000950,Visa,Credit,42.33,Food_Beverage,GB,IN,Match,Authenticated_Success,Mobile_iOS,242,0
PAY_000951,Mastercard,Credit,46.12,Digital_Gaming,US,US,Match,Failed,Mobile_iOS,546,1
PAY_000952,Visa,Corporate,178.20,Subscription,AE,AE,Match,Exempt_LowRisk,Mobile_iOS,1619,0
PAY_000953,Visa,Corporate,63.62,Electronics,IN,IN,Match,Authenticated_Success,Desktop_macOS,2530,0
PAY_000954,Visa,Debit,1003.83,Luxury_Goods,GB,GB,Match,Exempt_LowRisk,Mobile_iOS,810,0
PAY_000955,Discover,Credit,504.67,Travel_Airlines,DE,AE,Match,Authenticated_Success,Mobile_iOS,1585,0
PAY_000956,American Express,Debit,163.15,Digital_Gaming,GB,GB,Match,Authenticated_Success,Desktop_macOS,1790,0
PAY_000957,American Express,Prepaid,159.93,Apparel,FR,FR,Match,Authenticated_Success,Desktop_Windows,2598,0
PAY_000958,Mastercard,Corporate,362.18,Digital_Gaming,US,US,Match,Authenticated_Success,Mobile_Android,902,0
PAY_000959,Mastercard,Credit,63.17,Apparel,GB,AU,Match,Authenticated_Success,Mobile_Android,2515,0
PAY_000960,Mastercard,Credit,119.48,Food_Beverage,US,DE,Match,Authenticated_Success,Mobile_iOS,3036,0
PAY_000961,Mastercard,Credit,29.66,Apparel,GB,GB,Match,Authenticated_Success,Desktop_Windows,2127,0
PAY_000962,Mastercard,Credit,64.61,Electronics,GB,GB,NotProvided,Exempt_LowRisk,Mobile_iOS,2632,0
PAY_000963,Visa,Debit,464.66,Digital_Gaming,US,CA,Match,Authenticated_Success,Desktop_macOS,612,0
PAY_000964,Visa,Credit,27.29,Apparel,JP,JP,Match,Exempt_LowRisk,Mobile_iOS,3309,0
PAY_000965,RuPay,Credit,378.06,Electronics,US,US,Match,Authenticated_Success,Mobile_Android,1100,0
PAY_000966,Mastercard,Credit,119.60,Digital_Gaming,US,US,Match,Attempted_NoAuth,Mobile_Android,723,0
PAY_000967,RuPay,Credit,242.86,Digital_Gaming,US,US,Match,Authenticated_Success,Mobile_iOS,2002,0
PAY_000968,Visa,Credit,30.13,Electronics,CA,CA,Match,Attempted_NoAuth,Mobile_iOS,1407,0
PAY_000969,Mastercard,Credit,177.74,Digital_Gaming,US,US,Match,Authenticated_Success,Desktop_Windows,1684,0
PAY_000970,Visa,Credit,62.56,Digital_Gaming,GB,GB,Mismatch,Authenticated_Success,Mobile_iOS,2940,0
PAY_000971,Visa,Corporate,137.88,Travel_Airlines,DE,DE,Match,Authenticated_Success,Tablet,1956,0
PAY_000972,Visa,Credit,50.61,Apparel,US,US,Match,Authenticated_Success,Mobile_iOS,1365,0
PAY_000973,Visa,Credit,208.61,Apparel,AE,DE,Match,Authenticated_Success,Mobile_Android,2920,0
PAY_000974,Discover,Credit,149.06,Subscription,US,GB,Match,Authenticated_Success,Mobile_Android,1384,0
PAY_000975,Visa,Credit,57.93,Digital_Gaming,CA,CA,Match,Exempt_LowRisk,Mobile_Android,3497,0
PAY_000976,Mastercard,Credit,53.34,Electronics,US,US,Match,Attempted_NoAuth,Mobile_Android,3599,1
PAY_000977,Mastercard,Credit,20.59,Food_Beverage,DE,DE,Match,Authenticated_Success,Desktop_Windows,1713,0
PAY_000978,Visa,Credit,427.50,Electronics,IN,IN,Match,Authenticated_Success,Mobile_Android,2813,0
PAY_000979,Mastercard,Credit,65.42,Travel_Airlines,US,US,Match,Authenticated_Success,Mobile_Android,2585,0
PAY_000980,Visa,Debit,234.23,Travel_Airlines,US,JP,Match,Authenticated_Success,Mobile_Android,3142,0
PAY_000981,RuPay,Credit,1273.06,Subscription,US,US,Match,Authenticated_Success,Mobile_Android,1684,0
PAY_000982,American Express,Credit,110.56,Subscription,US,US,Match,Authenticated_Success,Mobile_iOS,1486,0
PAY_000983,Mastercard,Debit,150.88,Apparel,AE,AE,Match,Authenticated_Success,Mobile_iOS,1010,0
PAY_000984,Mastercard,Credit,83.03,Travel_Airlines,CA,CA,Match,Authenticated_Success,Mobile_Android,2139,0
PAY_000985,Visa,Credit,17.29,Apparel,CA,CA,Match,Authenticated_Success,Desktop_macOS,2247,0
PAY_000986,Discover,Credit,1040.24,Luxury_Goods,JP,JP,Match,Authenticated_Success,Mobile_iOS,1645,0
PAY_000987,Visa,Credit,48.88,Digital_Gaming,IN,JP,Match,Authenticated_Success,Mobile_Android,1133,0
PAY_000988,Visa,Credit,678.99,Electronics,IN,IN,Match,Authenticated_Success,Mobile_iOS,1644,0
PAY_000989,Visa,Prepaid,218.56,Electronics,US,US,Match,Authenticated_Success,Mobile_Android,1833,0
PAY_000990,American Express,Prepaid,9335.86,Electronics,US,US,NotProvided,Authenticated_Success,Desktop_Windows,466,1
PAY_000991,Mastercard,Prepaid,111.06,Electronics,US,US,Match,Failed,Desktop_Windows,2409,1
PAY_000992,Mastercard,Credit,102.31,Apparel,US,US,Match,Authenticated_Success,Desktop_Windows,3073,0
PAY_000993,American Express,Credit,27.84,Food_Beverage,US,US,Match,Authenticated_Success,Desktop_Windows,1175,0
PAY_000994,Visa,Credit,231.66,Digital_Gaming,US,US,Match,Attempted_NoAuth,Mobile_iOS,1426,0
PAY_000995,Discover,Credit,483.41,Travel_Airlines,US,GB,NotProvided,Attempted_NoAuth,Mobile_Android,340,1
PAY_000996,Mastercard,Credit,25.86,Food_Beverage,GB,GB,Match,Exempt_LowRisk,Mobile_iOS,2124,0
PAY_000997,Mastercard,Credit,210.04,Travel_Airlines,US,FR,Match,Exempt_LowRisk,Desktop_macOS,1561,0
PAY_000998,Visa,Credit,336.64,Apparel,US,US,Match,Attempted_NoAuth,Desktop_Windows,3128,0
PAY_000999,RuPay,Credit,294.97,Food_Beverage,US,AU,Mismatch,Authenticated_Success,Mobile_iOS,3310,1
PAY_001000,Visa,Credit,62.83,Travel_Airlines,GB,GB,Match,Authenticated_Success,Mobile_iOS,2823,0
PAY_001001,Visa,Debit,178.35,Travel_Airlines,DE,DE,Match,Authenticated_Success,Mobile_Android,767,0
PAY_001002,Mastercard,Credit,551.99,Food_Beverage,DE,DE,Match,Attempted_NoAuth,Tablet,724,0
PAY_001003,Visa,Debit,61.94,Digital_Gaming,US,DE,Match,Authenticated_Success,Mobile_iOS,1773,0
PAY_001004,Visa,Credit,91.08,Digital_Gaming,US,US,Match,Exempt_LowRisk,Mobile_Android,2257,0
PAY_001005,Mastercard,Credit,230.36,Food_Beverage,US,US,Match,Exempt_LowRisk,Mobile_iOS,116,0
PAY_001006,Visa,Credit,17.20,Digital_Gaming,US,US,Match,Authenticated_Success,Mobile_Android,1809,0
PAY_001007,Discover,Credit,26.48,Food_Beverage,US,US,NotProvided,Authenticated_Success,Mobile_Android,317,0
PAY_001008,Visa,Credit,145.99,Electronics,JP,JP,Match,Authenticated_Success,Mobile_iOS,950,0
PAY_001009,Mastercard,Credit,784.23,Electronics,US,US,Match,Authenticated_Success,Desktop_Windows,1310,0
PAY_001010,Mastercard,Debit,228.55,Digital_Gaming,US,US,Match,Authenticated_Success,Mobile_iOS,150,0
PAY_001011,Mastercard,Credit,460.06,Electronics,DE,DE,Match,Authenticated_Success,Desktop_Windows,958,0
PAY_001012,Mastercard,Credit,63.87,Subscription,GB,GB,Match,Attempted_NoAuth,Mobile_iOS,2299,0
PAY_001013,Mastercard,Corporate,722.09,Electronics,US,FR,Match,Exempt_LowRisk,Mobile_Android,3642,0
PAY_001014,RuPay,Credit,251.74,Travel_Airlines,US,US,Match,Authenticated_Success,Mobile_iOS,2846,0
PAY_001015,Visa,Debit,140.58,Apparel,SG,SG,Match,Exempt_LowRisk,Mobile_Android,1119,0
PAY_001016,Visa,Credit,203.01,Subscription,US,US,Match,Authenticated_Success,Mobile_iOS,3437,0
PAY_001017,Mastercard,Credit,481.31,Apparel,CA,CA,Match,Authenticated_Success,Mobile_Android,1606,0
PAY_001018,American Express,Credit,195.91,Electronics,IN,IN,NotProvided,Attempted_NoAuth,Mobile_iOS,1296,1
PAY_001019,Visa,Credit,139.87,Electronics,US,US,Match,Attempted_NoAuth,Mobile_iOS,3092,0
PAY_001020,Mastercard,Debit,309.38,Digital_Gaming,DE,DE,Match,Authenticated_Success,Desktop_Windows,1457,0
PAY_001021,Discover,Credit,336.65,Subscription,US,AE,Match,Authenticated_Success,Mobile_Android,2696,0
PAY_001022,Mastercard,Credit,40.95,Subscription,US,US,Match,Authenticated_Success,Mobile_Android,595,0
PAY_001023,RuPay,Credit,22.08,Apparel,US,US,Match,Authenticated_Success,Mobile_Android,1213,0
PAY_001024,Mastercard,Corporate,284.56,Digital_Gaming,AE,AE,Match,Authenticated_Success,Mobile_Android,3593,0
PAY_001025,Mastercard,Debit,34.25,Electronics,US,US,Match,Authenticated_Success,Desktop_Windows,890,0
PAY_001026,Visa,Corporate,11.56,Digital_Gaming,US,US,Match,Exempt_LowRisk,Mobile_Android,3101,0
PAY_001027,Discover,Debit,55.42,Digital_Gaming,SG,SG,Match,Authenticated_Success,Desktop_macOS,1703,0
PAY_001028,Visa,Debit,74.64,Apparel,US,US,NotProvided,Attempted_NoAuth,Desktop_Windows,3495,1
PAY_001029,Mastercard,Credit,135.08,Luxury_Goods,AU,AU,Match,Authenticated_Success,Mobile_Android,1518,0
PAY_001030,Visa,Corporate,85.12,Food_Beverage,DE,DE,Match,Authenticated_Success,Mobile_iOS,1808,0
PAY_001031,Mastercard,Credit,250.32,Electronics,CA,CA,Match,Authenticated_Success,Mobile_Android,1440,0
PAY_001032,Mastercard,Credit,39.31,Apparel,FR,FR,Match,Authenticated_Success,Desktop_Windows,766,0
PAY_001033,Mastercard,Debit,1748.35,Electronics,DE,DE,Match,Authenticated_Success,Mobile_iOS,3080,0
PAY_001034,Discover,Credit,299.57,Electronics,US,US,Match,Authenticated_Success,Mobile_iOS,2092,0
PAY_001035,Visa,Credit,646.10,Electronics,AE,AE,Match,Authenticated_Success,Mobile_iOS,1844,0
PAY_001036,Mastercard,Credit,87.35,Luxury_Goods,SG,SG,Match,Authenticated_Success,Desktop_Windows,1358,0
PAY_001037,Visa,Credit,37.27,Electronics,AU,FR,NotProvided,Exempt_LowRisk,Desktop_Windows,2819,0
PAY_001038,Visa,Debit,442.47,Travel_Airlines,CA,CA,Match,Exempt_LowRisk,Mobile_iOS,1270,0
PAY_001039,Mastercard,Credit,513.03,Food_Beverage,GB,GB,Match,Authenticated_Success,Mobile_Android,868,0
PAY_001040,Visa,Debit,21.96,Subscription,GB,SG,Match,Authenticated_Success,Desktop_Windows,301,0
PAY_001041,Visa,Credit,507.51,Luxury_Goods,US,AU,NotProvided,Authenticated_Success,Desktop_macOS,3187,0
PAY_001042,Mastercard,Debit,47.99,Electronics,GB,GB,Match,Authenticated_Success,Mobile_iOS,267,0
PAY_001043,Mastercard,Credit,84.70,Electronics,CA,CA,Match,Authenticated_Success,Mobile_iOS,3084,0
PAY_001044,Mastercard,Corporate,82.47,Apparel,DE,DE,Match,Authenticated_Success,Mobile_iOS,1383,0
PAY_001045,Visa,Credit,38.79,Subscription,US,AU,Match,Authenticated_Success,Mobile_Android,10,0
PAY_001046,Visa,Credit,15.86,Subscription,GB,GB,Match,Authenticated_Success,Mobile_iOS,3380,0
PAY_001047,Visa,Credit,15.48,Apparel,CA,CA,Match,Attempted_NoAuth,Mobile_iOS,2704,0
PAY_001048,American Express,Credit,8.38,Apparel,GB,GB,Match,Authenticated_Success,Desktop_Windows,2639,0
PAY_001049,American Express,Credit,112.65,Digital_Gaming,JP,DE,Match,Authenticated_Success,Mobile_Android,2000,0
PAY_001050,Visa,Debit,128.68,Apparel,DE,DE,Match,Authenticated_Success,Mobile_iOS,2776,0
PAY_001051,Mastercard,Corporate,127.97,Subscription,US,US,Match,Exempt_LowRisk,Mobile_Android,486,0
PAY_001052,Visa,Debit,24.53,Apparel,US,AU,Match,Authenticated_Success,Mobile_iOS,855,0
PAY_001053,Visa,Credit,201.65,Apparel,DE,DE,Match,Authenticated_Success,Mobile_iOS,1985,0
PAY_001054,Visa,Credit,145.10,Digital_Gaming,GB,GB,Match,Authenticated_Success,Mobile_Android,2681,0
PAY_001055,Visa,Debit,188.23,Electronics,IN,IN,Match,Authenticated_Success,Mobile_iOS,2148,0
PAY_001056,Mastercard,Debit,56.12,Apparel,US,US,Match,Exempt_LowRisk,Mobile_iOS,1483,0
PAY_001057,Discover,Credit,32.65,Food_Beverage,US,US,Match,Exempt_LowRisk,Desktop_macOS,2452,0
PAY_001058,Visa,Corporate,230.67,Electronics,US,US,NotProvided,Authenticated_Success,Desktop_macOS,217,0
PAY_001059,Mastercard,Credit,395.03,Digital_Gaming,FR,FR,Match,Authenticated_Success,Mobile_iOS,1855,0
PAY_001060,Mastercard,Debit,233.14,Apparel,JP,JP,Match,Authenticated_Success,Mobile_Android,1441,0
PAY_001061,RuPay,Prepaid,140.86,Electronics,AU,AU,Match,Authenticated_Success,Mobile_iOS,1818,0
PAY_001062,Mastercard,Debit,337.68,Electronics,GB,AE,Match,Exempt_LowRisk,Desktop_Windows,479,0
PAY_001063,Visa,Credit,19.85,Apparel,IN,IN,Match,Authenticated_Success,Desktop_Windows,3297,0
PAY_001064,Mastercard,Debit,416.84,Electronics,US,AE,NotProvided,Exempt_LowRisk,Mobile_Android,3116,0
PAY_001065,Visa,Credit,26.74,Apparel,CA,CA,Match,Exempt_LowRisk,Mobile_Android,3440,0
PAY_001066,RuPay,Debit,142.49,Food_Beverage,SG,SG,Match,Authenticated_Success,Mobile_iOS,3067,0
PAY_001067,Visa,Credit,6990.27,Travel_Airlines,US,AE,Match,Authenticated_Success,Mobile_iOS,2425,0
PAY_001068,Mastercard,Debit,35.62,Subscription,JP,AE,Match,Authenticated_Success,Mobile_Android,1049,0
PAY_001069,Visa,Corporate,1660.85,Digital_Gaming,US,US,Match,Authenticated_Success,Mobile_iOS,417,0
PAY_001070,Visa,Credit,457.60,Travel_Airlines,US,US,Match,Authenticated_Success,Mobile_Android,2233,0
PAY_001071,American Express,Credit,190.04,Luxury_Goods,GB,GB,Match,Authenticated_Success,Mobile_Android,3455,0
PAY_001072,Mastercard,Debit,77.84,Electronics,AU,AU,Match,Authenticated_Success,Mobile_iOS,1328,0
PAY_001073,Mastercard,Credit,899.15,Apparel,US,US,Match,Authenticated_Success,Mobile_Android,3624,0
PAY_001074,Discover,Credit,114.70,Digital_Gaming,IN,IN,Mismatch,Attempted_NoAuth,Desktop_Windows,563,0
PAY_001075,American Express,Credit,143.10,Travel_Airlines,US,US,Match,Authenticated_Success,Mobile_Android,1034,0
PAY_001076,Visa,Credit,53.31,Digital_Gaming,FR,US,Match,Authenticated_Success,Mobile_Android,2370,0
PAY_001077,Mastercard,Debit,107.11,Apparel,CA,CA,Match,Authenticated_Success,Desktop_Windows,1799,0
PAY_001078,Mastercard,Debit,66.05,Subscription,US,IN,Match,Authenticated_Success,Mobile_iOS,2774,0
PAY_001079,Mastercard,Credit,273.17,Electronics,DE,DE,Match,Exempt_LowRisk,Mobile_Android,1259,0
PAY_001080,Visa,Credit,469.17,Subscription,DE,AE,Match,Authenticated_Success,Mobile_Android,2827,0
PAY_001081,Visa,Credit,19.28,Food_Beverage,GB,GB,Match,Authenticated_Success,Mobile_iOS,1099,0
PAY_001082,Discover,Credit,135.52,Food_Beverage,US,US,Match,Authenticated_Success,Tablet,545,0
PAY_001083,Discover,Debit,246.19,Travel_Airlines,US,US,Match,Attempted_NoAuth,Mobile_Android,2076,0
PAY_001084,American Express,Credit,107.84,Electronics,JP,JP,Match,Authenticated_Success,Mobile_iOS,1871,0
PAY_001085,RuPay,Credit,1409.79,Luxury_Goods,DE,DE,Match,Exempt_LowRisk,Mobile_iOS,2070,0
PAY_001086,Mastercard,Corporate,53.45,Travel_Airlines,IN,IN,Match,Authenticated_Success,Tablet,88,0
PAY_001087,Mastercard,Credit,19.75,Travel_Airlines,DE,DE,Match,Exempt_LowRisk,Desktop_Windows,1501,0
PAY_001088,Mastercard,Debit,85.37,Apparel,IN,IN,Match,Authenticated_Success,Mobile_iOS,330,0
PAY_001089,Mastercard,Credit,160.39,Electronics,US,JP,Match,Exempt_LowRisk,Mobile_Android,2937,0
PAY_001090,Mastercard,Credit,15.06,Apparel,GB,JP,Match,Authenticated_Success,Mobile_iOS,296,0
PAY_001091,Visa,Credit,10.16,Digital_Gaming,DE,DE,Match,Authenticated_Success,Desktop_Windows,3400,0
PAY_001092,Mastercard,Debit,557.63,Digital_Gaming,US,US,Match,Authenticated_Success,Mobile_Android,209,0
PAY_001093,Visa,Debit,110.98,Food_Beverage,US,US,Match,Authenticated_Success,Mobile_iOS,2229,0
PAY_001094,Visa,Credit,272.57,Travel_Airlines,CA,CA,Match,Authenticated_Success,Mobile_Android,1218,0
PAY_001095,Mastercard,Credit,4849.21,Luxury_Goods,IN,IN,Mismatch,Attempted_NoAuth,Desktop_macOS,404,1
PAY_001096,Visa,Credit,205.26,Apparel,DE,DE,Match,Exempt_LowRisk,Mobile_iOS,1306,0
PAY_001097,Visa,Debit,466.94,Digital_Gaming,US,US,Match,Authenticated_Success,Mobile_iOS,146,0
PAY_001098,American Express,Debit,18.21,Apparel,JP,JP,Match,Authenticated_Success,Desktop_macOS,2547,0
PAY_001099,American Express,Debit,17.48,Apparel,US,AU,NotProvided,Authenticated_Success,Mobile_iOS,3178,0
PAY_001100,Visa,Corporate,368.12,Electronics,US,US,Match,Authenticated_Success,Mobile_Android,1204,0
PAY_001101,Visa,Credit,105.21,Apparel,JP,JP,Match,Authenticated_Success,Mobile_Android,1603,0
PAY_001102,Visa,Debit,263.65,Apparel,FR,FR,Match,Authenticated_Success,Mobile_iOS,513,0
PAY_001103,American Express,Debit,11.09,Digital_Gaming,SG,SG,Match,Authenticated_Success,Mobile_iOS,1760,0
PAY_001104,American Express,Credit,404.87,Electronics,IN,IN,Match,Exempt_LowRisk,Mobile_iOS,3456,0
PAY_001105,Visa,Corporate,197.99,Apparel,DE,DE,Match,Authenticated_Success,Mobile_iOS,1965,0
PAY_001106,American Express,Credit,522.91,Electronics,US,US,Match,Authenticated_Success,Mobile_Android,3195,0
PAY_001107,Visa,Debit,277.12,Luxury_Goods,US,JP,Mismatch,Failed,Desktop_Windows,2847,1
PAY_001108,Visa,Debit,117.98,Digital_Gaming,SG,SG,Match,Authenticated_Success,Mobile_iOS,454,0
PAY_001109,RuPay,Corporate,28.41,Apparel,IN,AE,Match,Exempt_LowRisk,Desktop_Windows,193,0
PAY_001110,Visa,Credit,135.28,Electronics,US,US,Match,Exempt_LowRisk,Mobile_Android,1324,0
PAY_001111,Visa,Credit,21.17,Subscription,US,US,Match,Exempt_LowRisk,Mobile_iOS,3431,0
PAY_001112,Mastercard,Debit,28.95,Digital_Gaming,US,US,Match,Authenticated_Success,Mobile_Android,614,0
PAY_001113,Mastercard,Debit,332.53,Luxury_Goods,US,US,Match,Authenticated_Success,Mobile_iOS,163,0
PAY_001114,Discover,Credit,38.86,Digital_Gaming,IN,IN,NotProvided,Failed,Mobile_Android,3500,1
PAY_001115,RuPay,Debit,28.94,Food_Beverage,US,US,NotProvided,Authenticated_Success,Mobile_iOS,723,0
PAY_001116,Visa,Credit,15.97,Food_Beverage,GB,CA,Match,Authenticated_Success,Mobile_Android,1299,0
PAY_001117,Visa,Debit,576.63,Apparel,SG,SG,Match,Authenticated_Success,Desktop_macOS,2847,0
PAY_001118,American Express,Debit,153.80,Travel_Airlines,GB,US,Match,Authenticated_Success,Mobile_iOS,359,0
PAY_001119,Visa,Credit,95.87,Apparel,GB,GB,Match,Authenticated_Success,Desktop_macOS,625,0
PAY_001120,American Express,Credit,62.61,Luxury_Goods,US,US,Match,Authenticated_Success,Mobile_iOS,2653,0
PAY_001121,Mastercard,Corporate,296.91,Apparel,US,US,Match,Authenticated_Success,Mobile_iOS,25,0
PAY_001122,Visa,Debit,224.41,Electronics,US,US,Match,Authenticated_Success,Mobile_iOS,2598,0
PAY_001123,American Express,Corporate,40.92,Subscription,US,US,Match,Authenticated_Success,Desktop_Windows,1980,0
PAY_001124,Visa,Credit,41.32,Food_Beverage,US,AE,Match,Authenticated_Success,Mobile_Android,880,0
PAY_001125,Mastercard,Prepaid,173.53,Apparel,US,US,Match,Authenticated_Success,Tablet,2239,0
PAY_001126,Mastercard,Credit,3.50,Subscription,US,US,Match,Authenticated_Success,Desktop_Windows,1174,0
PAY_001127,Mastercard,Credit,26.93,Apparel,US,US,Match,Exempt_LowRisk,Mobile_Android,3463,0
PAY_001128,Mastercard,Credit,58.50,Digital_Gaming,JP,JP,NotProvided,Attempted_NoAuth,Desktop_macOS,1515,1
PAY_001129,Mastercard,Debit,57.76,Food_Beverage,US,US,Match,Authenticated_Success,Desktop_macOS,2731,0
PAY_001130,RuPay,Corporate,1049.26,Apparel,US,US,Mismatch,Authenticated_Success,Desktop_Windows,977,0
PAY_001131,RuPay,Debit,46.00,Digital_Gaming,AU,AU,Match,Exempt_LowRisk,Mobile_Android,3042,0
PAY_001132,Mastercard,Debit,1288.27,Luxury_Goods,US,JP,Match,Exempt_LowRisk,Desktop_Windows,1055,0
PAY_001133,Visa,Credit,1369.83,Electronics,GB,GB,Match,Authenticated_Success,Mobile_iOS,1854,0
PAY_001134,Mastercard,Credit,139.45,Digital_Gaming,IN,IN,Match,Attempted_NoAuth,Desktop_macOS,2926,0
PAY_001135,RuPay,Credit,31.78,Apparel,CA,CA,Match,Exempt_LowRisk,Tablet,3380,0
PAY_001136,Visa,Credit,105.52,Luxury_Goods,US,IN,NotProvided,Failed,Mobile_Android,2744,1
PAY_001137,Mastercard,Credit,423.94,Electronics,FR,FR,Match,Authenticated_Success,Mobile_iOS,2436,0
PAY_001138,Mastercard,Debit,407.29,Apparel,DE,DE,Match,Authenticated_Success,Mobile_iOS,2528,0
PAY_001139,Visa,Debit,486.31,Travel_Airlines,US,US,Match,Authenticated_Success,Desktop_macOS,1483,0
PAY_001140,Mastercard,Debit,725.17,Electronics,US,US,Match,Authenticated_Success,Desktop_Windows,2507,0
PAY_001141,Visa,Credit,1154.18,Digital_Gaming,US,US,Match,Authenticated_Success,Desktop_Windows,2097,0
PAY_001142,American Express,Credit,670.09,Travel_Airlines,IN,IN,Match,Authenticated_Success,Desktop_macOS,1905,0
PAY_001143,American Express,Credit,79.49,Travel_Airlines,US,US,Match,Exempt_LowRisk,Mobile_Android,1144,0
PAY_001144,American Express,Credit,197.51,Electronics,US,US,Match,Authenticated_Success,Desktop_macOS,1281,0
PAY_001145,Visa,Credit,301.04,Food_Beverage,GB,GB,Match,Authenticated_Success,Mobile_iOS,451,0
PAY_001146,Visa,Credit,202.88,Travel_Airlines,SG,SG,Match,Authenticated_Success,Mobile_iOS,2630,0
PAY_001147,Mastercard,Credit,349.42,Apparel,US,AU,Mismatch,Exempt_LowRisk,Mobile_Android,82,0
PAY_001148,American Express,Debit,247.81,Travel_Airlines,US,US,Match,Exempt_LowRisk,Mobile_iOS,425,0
PAY_001149,Mastercard,Credit,385.32,Travel_Airlines,GB,GB,Match,Authenticated_Success,Mobile_Android,1069,0
PAY_001150,Discover,Credit,294.71,Luxury_Goods,DE,DE,Match,Authenticated_Success,Desktop_Windows,515,0
PAY_001151,Visa,Credit,79.48,Digital_Gaming,GB,GB,Match,Authenticated_Success,Mobile_iOS,2736,0
PAY_001152,American Express,Credit,336.97,Travel_Airlines,AU,AU,Mismatch,Failed,Desktop_Windows,461,1
PAY_001153,Visa,Credit,11.37,Subscription,US,US,Match,Exempt_LowRisk,Mobile_iOS,1666,0
PAY_001154,Visa,Credit,41.03,Digital_Gaming,US,US,Match,Attempted_NoAuth,Desktop_Windows,2674,0
PAY_001155,Mastercard,Debit,17.18,Food_Beverage,US,CA,Match,Authenticated_Success,Mobile_iOS,2150,0
PAY_001156,Visa,Credit,170.46,Travel_Airlines,US,US,Match,Authenticated_Success,Desktop_Windows,2159,0
PAY_001157,Visa,Corporate,27.81,Food_Beverage,GB,GB,Match,Authenticated_Success,Mobile_Android,1256,0
PAY_001158,Visa,Credit,202.96,Subscription,IN,IN,Match,Authenticated_Success,Mobile_Android,1643,0
PAY_001159,Mastercard,Credit,575.57,Electronics,US,CA,Match,Authenticated_Success,Mobile_iOS,2799,0
PAY_001160,American Express,Credit,345.83,Electronics,FR,FR,Match,Authenticated_Success,Mobile_iOS,1738,0
PAY_001161,Visa,Credit,16.54,Digital_Gaming,US,US,Match,Exempt_LowRisk,Mobile_iOS,2554,0
PAY_001162,Mastercard,Credit,59.86,Digital_Gaming,CA,CA,Match,Authenticated_Success,Mobile_iOS,3020,0
PAY_001163,American Express,Debit,15.15,Digital_Gaming,US,GB,Match,Authenticated_Success,Mobile_iOS,894,0
PAY_001164,Visa,Credit,226.85,Travel_Airlines,GB,GB,Match,Authenticated_Success,Desktop_Windows,445,0
PAY_001165,Visa,Debit,135.93,Subscription,US,US,Match,Exempt_LowRisk,Mobile_iOS,1691,0
PAY_001166,American Express,Credit,198.60,Apparel,JP,JP,Match,Exempt_LowRisk,Mobile_iOS,1399,0
PAY_001167,American Express,Credit,448.73,Travel_Airlines,AU,AU,Match,Exempt_LowRisk,Mobile_iOS,547,0
PAY_001168,Mastercard,Credit,745.41,Electronics,IN,IN,Match,Authenticated_Success,Mobile_Android,2774,0
PAY_001169,American Express,Credit,88.74,Digital_Gaming,AU,AU,Match,Authenticated_Success,Mobile_Android,2277,0
PAY_001170,Visa,Credit,144.42,Electronics,US,US,Match,Authenticated_Success,Mobile_Android,2401,0
PAY_001171,Visa,Prepaid,174.34,Digital_Gaming,GB,US,Match,Attempted_NoAuth,Mobile_Android,2588,0
PAY_001172,Mastercard,Debit,180.75,Digital_Gaming,US,US,Match,Authenticated_Success,Mobile_Android,1588,0
PAY_001173,Visa,Prepaid,149.86,Travel_Airlines,AU,IN,Match,Authenticated_Success,Mobile_Android,1863,0
PAY_001174,Mastercard,Credit,657.66,Luxury_Goods,US,US,Match,Failed,Mobile_iOS,819,1
PAY_001175,Mastercard,Debit,48.24,Apparel,US,US,Match,Authenticated_Success,Desktop_Windows,2669,0
PAY_001176,Mastercard,Debit,20.49,Electronics,DE,DE,Match,Authenticated_Success,Mobile_iOS,3454,0
PAY_001177,Mastercard,Debit,303.00,Electronics,US,US,Mismatch,Authenticated_Success,Desktop_Windows,3189,0
PAY_001178,Visa,Prepaid,16.06,Subscription,FR,FR,Match,Authenticated_Success,Mobile_Android,1489,0
PAY_001179,Visa,Debit,95.68,Subscription,US,US,Match,Authenticated_Success,Mobile_Android,183,0
PAY_001180,Visa,Corporate,12.32,Apparel,DE,SG,Match,Authenticated_Success,Mobile_Android,3204,0
PAY_001181,Mastercard,Debit,30.22,Apparel,AU,AU,Match,Authenticated_Success,Desktop_macOS,2098,0
PAY_001182,Visa,Credit,41.39,Digital_Gaming,CA,IN,NotProvided,Authenticated_Success,Mobile_Android,2839,0
PAY_001183,Visa,Debit,1000.44,Travel_Airlines,US,US,Match,Authenticated_Success,Mobile_Android,1099,0
PAY_001184,Visa,Credit,37.08,Apparel,US,US,Match,Authenticated_Success,Desktop_macOS,3144,0
PAY_001185,Visa,Corporate,57.23,Electronics,US,US,Match,Authenticated_Success,Mobile_Android,3059,0
PAY_001186,American Express,Debit,99.56,Apparel,US,US,Match,Authenticated_Success,Mobile_Android,62,0
PAY_001187,Visa,Credit,52.53,Apparel,CA,CA,Match,Authenticated_Success,Mobile_iOS,2061,0
PAY_001188,RuPay,Credit,159.11,Apparel,US,US,Match,Authenticated_Success,Mobile_iOS,1743,0
PAY_001189,Visa,Credit,61.35,Electronics,US,US,Match,Authenticated_Success,Desktop_Windows,2401,0
PAY_001190,Mastercard,Credit,546.61,Luxury_Goods,US,US,Match,Authenticated_Success,Mobile_iOS,947,0
PAY_001191,Mastercard,Credit,1008.81,Digital_Gaming,SG,SG,Match,Exempt_LowRisk,Mobile_iOS,358,0
PAY_001192,Visa,Debit,51.25,Apparel,US,US,Match,Authenticated_Success,Mobile_iOS,1000,0
PAY_001193,American Express,Debit,81.89,Digital_Gaming,US,US,Match,Failed,Tablet,1918,1
PAY_001194,RuPay,Debit,10.73,Digital_Gaming,GB,GB,Mismatch,Failed,Mobile_Android,985,1
PAY_001195,American Express,Credit,104.38,Travel_Airlines,US,US,Match,Exempt_LowRisk,Mobile_Android,1694,0
PAY_001196,Visa,Credit,110.57,Subscription,SG,SG,Match,Authenticated_Success,Desktop_macOS,1421,0
PAY_001197,Visa,Credit,129.90,Electronics,US,US,Match,Authenticated_Success,Mobile_iOS,2533,0
PAY_001198,Mastercard,Corporate,131.09,Food_Beverage,DE,AU,Match,Authenticated_Success,Desktop_Windows,1499,0
PAY_001199,Visa,Credit,425.70,Travel_Airlines,CA,CA,Match,Authenticated_Success,Desktop_Windows,528,0
PAY_001200,Mastercard,Credit,62.58,Travel_Airlines,IN,IN,Match,Authenticated_Success,Mobile_Android,2314,0
PAY_001201,Mastercard,Credit,203.74,Apparel,DE,DE,Match,Authenticated_Success,Desktop_Windows,777,0
PAY_001202,Mastercard,Debit,17.00,Apparel,FR,FR,Match,Authenticated_Success,Tablet,1097,0
PAY_001203,American Express,Credit,80.50,Electronics,GB,GB,Match,Authenticated_Success,Mobile_iOS,2579,0
PAY_001204,Mastercard,Debit,85.84,Subscription,GB,GB,Mismatch,Authenticated_Success,Mobile_iOS,996,0
PAY_001205,Visa,Debit,2429.71,Luxury_Goods,DE,DE,Match,Exempt_LowRisk,Desktop_Windows,226,0
PAY_001206,Visa,Debit,22.10,Apparel,CA,CA,Match,Authenticated_Success,Mobile_Android,1316,0
PAY_001207,Mastercard,Credit,78.45,Digital_Gaming,GB,GB,Match,Authenticated_Success,Mobile_Android,1416,0
PAY_001208,Mastercard,Credit,221.68,Electronics,US,US,Match,Authenticated_Success,Mobile_iOS,2506,0
PAY_001209,Visa,Credit,384.80,Electronics,US,US,Mismatch,Authenticated_Success,Desktop_Windows,2588,0
PAY_001210,Visa,Credit,1594.37,Luxury_Goods,US,IN,Match,Exempt_LowRisk,Desktop_Windows,1,0
PAY_001211,Mastercard,Debit,42.76,Digital_Gaming,US,US,Match,Authenticated_Success,Desktop_macOS,2762,0
PAY_001212,American Express,Credit,811.86,Travel_Airlines,GB,GB,Match,Authenticated_Success,Mobile_Android,2726,0
PAY_001213,Mastercard,Credit,1872.74,Luxury_Goods,US,US,Match,Exempt_LowRisk,Tablet,633,0
PAY_001214,Visa,Credit,3084.54,Luxury_Goods,CA,CA,Match,Exempt_LowRisk,Mobile_Android,1237,0
PAY_001215,Visa,Debit,115.83,Food_Beverage,DE,JP,Match,Authenticated_Success,Mobile_Android,2799,0
PAY_001216,Mastercard,Credit,222.03,Electronics,CA,CA,Match,Authenticated_Success,Mobile_Android,2103,0
PAY_001217,Visa,Debit,158.26,Travel_Airlines,DE,AE,Match,Authenticated_Success,Mobile_Android,1240,0
PAY_001218,Mastercard,Credit,53.59,Travel_Airlines,US,US,Match,Attempted_NoAuth,Mobile_Android,2779,0
PAY_001219,Mastercard,Prepaid,49.12,Apparel,US,US,Match,Authenticated_Success,Mobile_iOS,2305,0
PAY_001220,Visa,Debit,211.28,Electronics,DE,DE,Match,Exempt_LowRisk,Mobile_iOS,1865,0
PAY_001221,Visa,Credit,165.53,Electronics,IN,IN,Match,Authenticated_Success,Desktop_Windows,23,0
PAY_001222,Visa,Credit,360.36,Electronics,DE,DE,Match,Exempt_LowRisk,Mobile_iOS,2362,0
PAY_001223,Discover,Credit,13.47,Digital_Gaming,DE,DE,Match,Authenticated_Success,Desktop_Windows,657,0
PAY_001224,Mastercard,Credit,152.85,Electronics,DE,DE,Match,Exempt_LowRisk,Mobile_iOS,3357,0
PAY_001225,Visa,Credit,3889.55,Luxury_Goods,FR,FR,NotProvided,Attempted_NoAuth,Mobile_iOS,690,1
PAY_001226,Discover,Corporate,558.23,Electronics,DE,DE,Match,Exempt_LowRisk,Mobile_Android,109,0
PAY_001227,Mastercard,Debit,367.76,Electronics,FR,FR,Match,Exempt_LowRisk,Mobile_iOS,1373,0
PAY_001228,Mastercard,Credit,102.49,Apparel,US,US,Match,Exempt_LowRisk,Tablet,1276,0
PAY_001229,Discover,Debit,124.92,Electronics,US,US,Match,Authenticated_Success,Tablet,1286,0
PAY_001230,Visa,Credit,9.68,Subscription,US,US,Match,Authenticated_Success,Mobile_Android,3383,0
PAY_001231,Visa,Prepaid,110.26,Apparel,GB,GB,Match,Exempt_LowRisk,Mobile_Android,1002,0
PAY_001232,Mastercard,Credit,4.51,Apparel,FR,FR,Match,Authenticated_Success,Mobile_iOS,3056,0
PAY_001233,Visa,Debit,130.52,Electronics,US,US,Match,Authenticated_Success,Desktop_Windows,594,0
PAY_001234,Mastercard,Debit,66.42,Apparel,US,US,Match,Authenticated_Success,Mobile_iOS,2251,0
PAY_001235,Visa,Credit,265.04,Luxury_Goods,FR,FR,Match,Exempt_LowRisk,Desktop_macOS,478,0
PAY_001236,Visa,Credit,2906.82,Travel_Airlines,US,US,Match,Authenticated_Success,Tablet,837,0
PAY_001237,Visa,Credit,496.10,Apparel,IN,IN,Match,Authenticated_Success,Mobile_iOS,541,0
PAY_001238,Mastercard,Debit,1350.05,Luxury_Goods,US,US,Match,Authenticated_Success,Mobile_Android,1207,0
PAY_001239,Visa,Credit,24.10,Digital_Gaming,US,US,Match,Exempt_LowRisk,Mobile_Android,1678,0
PAY_001240,Visa,Debit,552.00,Food_Beverage,GB,GB,Match,Authenticated_Success,Mobile_Android,3131,0
PAY_001241,American Express,Debit,131.74,Digital_Gaming,US,US,Match,Authenticated_Success,Mobile_iOS,2760,0
PAY_001242,Visa,Debit,23.66,Apparel,US,US,Match,Authenticated_Success,Desktop_Windows,2548,0
PAY_001243,Visa,Credit,276.52,Travel_Airlines,US,CA,Match,Authenticated_Success,Mobile_iOS,1784,0
PAY_001244,Visa,Credit,191.41,Food_Beverage,US,US,Match,Exempt_LowRisk,Desktop_macOS,1043,0
PAY_001245,Visa,Debit,34.51,Digital_Gaming,US,US,Match,Authenticated_Success,Mobile_Android,1083,0
PAY_001246,Visa,Credit,77.83,Subscription,FR,DE,Match,Authenticated_Success,Mobile_Android,483,0
PAY_001247,Mastercard,Debit,94.46,Food_Beverage,US,IN,Match,Authenticated_Success,Desktop_macOS,2426,0
PAY_001248,Visa,Credit,55.63,Electronics,US,US,Match,Authenticated_Success,Desktop_Windows,2850,0
PAY_001249,American Express,Credit,198.18,Travel_Airlines,US,CA,Match,Exempt_LowRisk,Mobile_Android,2000,0
PAY_001250,Discover,Debit,140.30,Luxury_Goods,SG,SG,Match,Failed,Mobile_Android,2103,1
PAY_001251,Visa,Credit,173.39,Digital_Gaming,IN,IN,Match,Authenticated_Success,Mobile_Android,1359,0
PAY_001252,Visa,Credit,24.56,Digital_Gaming,AE,AE,Match,Authenticated_Success,Mobile_iOS,3516,0
PAY_001253,Visa,Credit,91.93,Food_Beverage,SG,SG,Match,Authenticated_Success,Desktop_macOS,3239,0
PAY_001254,Mastercard,Credit,93.94,Luxury_Goods,US,US,Match,Authenticated_Success,Mobile_iOS,1484,0
PAY_001255,Visa,Debit,19.17,Digital_Gaming,DE,DE,Match,Authenticated_Success,Mobile_Android,2756,0
PAY_001256,American Express,Credit,50.88,Electronics,US,US,Match,Exempt_LowRisk,Desktop_Windows,1274,0
PAY_001257,Mastercard,Credit,48.50,Digital_Gaming,AU,AU,Match,Exempt_LowRisk,Mobile_iOS,452,0
PAY_001258,American Express,Credit,81.32,Food_Beverage,GB,GB,Match,Authenticated_Success,Desktop_macOS,1061,0
PAY_001259,Mastercard,Corporate,398.43,Travel_Airlines,US,US,Match,Authenticated_Success,Mobile_iOS,3046,0
PAY_001260,RuPay,Credit,26.58,Electronics,SG,DE,Match,Attempted_NoAuth,Mobile_iOS,1759,1
PAY_001261,Visa,Corporate,55.40,Food_Beverage,IN,IN,Match,Exempt_LowRisk,Mobile_Android,3158,0
PAY_001262,Visa,Corporate,29.21,Food_Beverage,JP,JP,Match,Authenticated_Success,Mobile_Android,1178,0
PAY_001263,Visa,Credit,120.01,Digital_Gaming,US,US,Match,Authenticated_Success,Desktop_macOS,1679,0
PAY_001264,Discover,Debit,139.10,Electronics,US,US,Match,Authenticated_Success,Mobile_Android,268,0
PAY_001265,Mastercard,Debit,61.01,Digital_Gaming,US,US,Match,Authenticated_Success,Mobile_iOS,2850,0
PAY_001266,American Express,Credit,82.28,Electronics,GB,GB,Match,Authenticated_Success,Mobile_iOS,1139,0
PAY_001267,Visa,Credit,444.57,Apparel,GB,GB,Match,Exempt_LowRisk,Mobile_Android,333,0
PAY_001268,RuPay,Debit,105.62,Luxury_Goods,US,US,Match,Authenticated_Success,Mobile_Android,799,0
PAY_001269,Mastercard,Debit,42.96,Food_Beverage,IN,IN,Match,Authenticated_Success,Mobile_iOS,2429,0
PAY_001270,Mastercard,Debit,75.07,Apparel,US,SG,Match,Authenticated_Success,Mobile_Android,2976,0
PAY_001271,RuPay,Prepaid,50.58,Food_Beverage,DE,DE,Match,Authenticated_Success,Desktop_macOS,3485,0
PAY_001272,Visa,Credit,28.78,Food_Beverage,IN,IN,Match,Authenticated_Success,Mobile_Android,860,0
PAY_001273,Visa,Debit,25.45,Electronics,CA,CA,Match,Authenticated_Success,Mobile_Android,2155,0
PAY_001274,Mastercard,Debit,31.17,Apparel,US,US,Match,Authenticated_Success,Mobile_iOS,1675,0
PAY_001275,Visa,Credit,92.85,Travel_Airlines,US,US,Match,Authenticated_Success,Desktop_Windows,2611,0
PAY_001276,Visa,Credit,1691.62,Travel_Airlines,US,CA,Match,Authenticated_Success,Mobile_iOS,2455,0
PAY_001277,Visa,Credit,805.26,Apparel,FR,FR,Match,Authenticated_Success,Mobile_Android,257,0
PAY_001278,Visa,Debit,409.91,Luxury_Goods,GB,FR,Match,Attempted_NoAuth,Mobile_iOS,545,0
PAY_001279,American Express,Credit,92.44,Luxury_Goods,US,US,NotProvided,Failed,Mobile_iOS,2154,1
PAY_001280,Mastercard,Debit,600.73,Travel_Airlines,AE,AE,Match,Authenticated_Success,Mobile_iOS,1939,0
PAY_001281,Visa,Credit,90.66,Travel_Airlines,DE,DE,Match,Authenticated_Success,Mobile_iOS,3232,0
PAY_001282,Visa,Credit,102.06,Electronics,IN,IN,Match,Authenticated_Success,Desktop_macOS,3092,0
PAY_001283,Mastercard,Debit,93.49,Electronics,GB,FR,Match,Authenticated_Success,Mobile_iOS,214,0
PAY_001284,Mastercard,Credit,107.67,Electronics,JP,JP,Match,Exempt_LowRisk,Tablet,2132,0
PAY_001285,Discover,Corporate,45.14,Subscription,US,FR,Match,Authenticated_Success,Mobile_Android,1484,0
PAY_001286,Discover,Credit,15.72,Food_Beverage,US,US,Match,Authenticated_Success,Mobile_iOS,1761,0
PAY_001287,Visa,Corporate,123.23,Travel_Airlines,AU,FR,Match,Authenticated_Success,Mobile_Android,237,0
PAY_001288,Visa,Credit,573.39,Electronics,AU,US,Mismatch,Attempted_NoAuth,Mobile_iOS,3062,1
PAY_001289,Mastercard,Prepaid,64.27,Digital_Gaming,GB,GB,Match,Authenticated_Success,Desktop_Windows,603,0
PAY_001290,Mastercard,Debit,214.32,Electronics,US,JP,Match,Authenticated_Success,Mobile_iOS,3457,0
PAY_001291,Mastercard,Credit,5.72,Apparel,US,US,NotProvided,Authenticated_Success,Desktop_Windows,3399,0
PAY_001292,Mastercard,Credit,189.15,Apparel,FR,FR,Match,Authenticated_Success,Mobile_iOS,2996,0
PAY_001293,Mastercard,Credit,31.37,Food_Beverage,IN,IN,Match,Authenticated_Success,Mobile_iOS,430,0
PAY_001294,Visa,Debit,642.90,Electronics,US,US,Match,Authenticated_Success,Mobile_iOS,1491,0
PAY_001295,Visa,Debit,513.63,Luxury_Goods,US,US,Match,Authenticated_Success,Mobile_Android,88,0
PAY_001296,Visa,Credit,35.94,Subscription,DE,DE,Match,Authenticated_Success,Mobile_Android,2233,0
PAY_001297,Visa,Credit,42.13,Travel_Airlines,FR,FR,Match,Authenticated_Success,Desktop_macOS,3154,0
PAY_001298,Visa,Debit,2042.54,Electronics,GB,GB,Match,Exempt_LowRisk,Mobile_iOS,1922,0
PAY_001299,Mastercard,Credit,161.35,Food_Beverage,CA,CA,Match,Authenticated_Success,Mobile_iOS,85,0
PAY_001300,Visa,Debit,1120.11,Luxury_Goods,AE,AE,Match,Authenticated_Success,Desktop_Windows,1107,0
PAY_001301,Visa,Credit,493.10,Digital_Gaming,US,US,Match,Exempt_LowRisk,Mobile_Android,622,0
PAY_001302,Mastercard,Debit,554.63,Luxury_Goods,CA,AU,Match,Authenticated_Success,Desktop_Windows,1589,0
PAY_001303,Mastercard,Prepaid,295.20,Food_Beverage,CA,CA,Match,Authenticated_Success,Mobile_Android,1357,0
PAY_001304,Visa,Credit,39.39,Digital_Gaming,GB,SG,Match,Authenticated_Success,Desktop_Windows,3026,0
PAY_001305,American Express,Credit,150.11,Digital_Gaming,IN,IN,Match,Authenticated_Success,Mobile_iOS,807,0
PAY_001306,Discover,Credit,33.34,Digital_Gaming,CA,CA,Match,Authenticated_Success,Tablet,1097,0
PAY_001307,Mastercard,Debit,107.27,Electronics,GB,JP,Match,Authenticated_Success,Mobile_iOS,867,0
PAY_001308,Mastercard,Credit,296.78,Travel_Airlines,US,US,Match,Authenticated_Success,Desktop_Windows,3246,0
PAY_001309,Visa,Corporate,46.32,Electronics,DE,DE,Match,Authenticated_Success,Mobile_iOS,1075,0
PAY_001310,Discover,Debit,95.81,Apparel,US,US,Match,Exempt_LowRisk,Desktop_Windows,3618,0
PAY_001311,Visa,Credit,47.32,Apparel,US,US,Match,Attempted_NoAuth,Desktop_Windows,2432,0
PAY_001312,Discover,Debit,7.49,Apparel,GB,GB,Match,Authenticated_Success,Desktop_Windows,1120,0
PAY_001313,Mastercard,Credit,40.31,Apparel,CA,CA,Mismatch,Authenticated_Success,Mobile_Android,2168,0
PAY_001314,Visa,Debit,296.56,Luxury_Goods,AE,AE,Match,Authenticated_Success,Mobile_Android,448,0
PAY_001315,Visa,Credit,170.40,Apparel,DE,DE,Match,Exempt_LowRisk,Desktop_Windows,3298,0
PAY_001316,Mastercard,Debit,255.53,Electronics,IN,IN,Match,Authenticated_Success,Mobile_Android,3493,0
PAY_001317,Mastercard,Corporate,327.74,Food_Beverage,US,US,Match,Exempt_LowRisk,Mobile_Android,1072,0
PAY_001318,Visa,Debit,118.17,Subscription,GB,GB,Match,Exempt_LowRisk,Mobile_iOS,625,0
PAY_001319,Mastercard,Debit,36.26,Digital_Gaming,JP,JP,NotProvided,Failed,Mobile_Android,1564,1
PAY_001320,American Express,Credit,62.54,Apparel,GB,GB,Match,Exempt_LowRisk,Mobile_iOS,2816,0
PAY_001321,Mastercard,Debit,127.33,Electronics,IN,IN,Match,Authenticated_Success,Mobile_Android,2288,0
PAY_001322,Mastercard,Debit,319.38,Electronics,GB,GB,Match,Authenticated_Success,Mobile_iOS,143,0
PAY_001323,Visa,Debit,71.22,Apparel,US,US,Match,Exempt_LowRisk,Mobile_Android,31,0
PAY_001324,American Express,Credit,33.40,Subscription,CA,IN,Match,Authenticated_Success,Desktop_Windows,860,0
PAY_001325,Visa,Credit,269.28,Travel_Airlines,US,US,Match,Authenticated_Success,Mobile_Android,2753,0
PAY_001326,American Express,Debit,110.75,Apparel,US,US,Match,Authenticated_Success,Desktop_macOS,950,0
PAY_001327,Visa,Credit,22.04,Subscription,US,CA,Match,Authenticated_Success,Mobile_iOS,3264,0
PAY_001328,Mastercard,Debit,94.51,Digital_Gaming,US,US,Match,Authenticated_Success,Mobile_Android,1085,0
PAY_001329,Visa,Debit,11.75,Apparel,US,US,Match,Authenticated_Success,Mobile_Android,3258,0
PAY_001330,Visa,Corporate,225.01,Digital_Gaming,AU,AU,Match,Authenticated_Success,Mobile_Android,3355,0
PAY_001331,American Express,Credit,333.46,Electronics,US,US,Match,Authenticated_Success,Mobile_Android,2656,0
PAY_001332,Mastercard,Corporate,400.30,Food_Beverage,IN,IN,Match,Authenticated_Success,Mobile_iOS,640,0
PAY_001333,Mastercard,Credit,19.53,Apparel,CA,CA,Match,Authenticated_Success,Mobile_Android,263,0
PAY_001334,RuPay,Credit,1508.09,Luxury_Goods,US,US,Match,Authenticated_Success,Mobile_iOS,634,0
PAY_001335,RuPay,Debit,186.67,Apparel,US,US,Match,Exempt_LowRisk,Mobile_Android,2310,0
PAY_001336,American Express,Credit,54.57,Food_Beverage,SG,SG,Match,Authenticated_Success,Desktop_Windows,2524,0
PAY_001337,Visa,Credit,286.43,Luxury_Goods,CA,CA,Match,Authenticated_Success,Mobile_iOS,3596,0
PAY_001338,Mastercard,Credit,20.21,Digital_Gaming,SG,CA,Match,Exempt_LowRisk,Mobile_Android,3476,0
PAY_001339,American Express,Credit,42.49,Electronics,US,US,Match,Authenticated_Success,Mobile_Android,1124,0
PAY_001340,Visa,Debit,29.18,Food_Beverage,DE,DE,Match,Authenticated_Success,Desktop_Windows,1421,0
PAY_001341,Visa,Credit,16.75,Digital_Gaming,FR,FR,Match,Authenticated_Success,Mobile_iOS,2819,0
PAY_001342,American Express,Credit,385.79,Apparel,JP,JP,Match,Authenticated_Success,Mobile_Android,2822,0
PAY_001343,Mastercard,Debit,12.78,Food_Beverage,US,US,Match,Authenticated_Success,Desktop_Windows,1145,0
PAY_001344,Mastercard,Credit,219.95,Electronics,JP,JP,Match,Exempt_LowRisk,Mobile_Android,114,0
PAY_001345,RuPay,Debit,107.69,Apparel,US,US,Match,Authenticated_Success,Desktop_Windows,353,0
PAY_001346,Mastercard,Corporate,98.81,Digital_Gaming,IN,AU,Match,Exempt_LowRisk,Mobile_iOS,3008,0
PAY_001347,Mastercard,Debit,108.83,Apparel,GB,CA,Match,Exempt_LowRisk,Desktop_macOS,1272,0
PAY_001348,Visa,Corporate,188.87,Digital_Gaming,CA,IN,Match,Authenticated_Success,Mobile_iOS,2640,0
PAY_001349,Visa,Credit,40.83,Apparel,US,US,Match,Exempt_LowRisk,Mobile_iOS,2923,0
PAY_001350,Visa,Debit,205.60,Electronics,IN,IN,Match,Authenticated_Success,Mobile_Android,3272,0
PAY_001351,American Express,Credit,135.19,Electronics,US,US,Match,Attempted_NoAuth,Mobile_Android,1796,0
PAY_001352,American Express,Credit,782.42,Electronics,GB,GB,Match,Authenticated_Success,Mobile_Android,2327,0
PAY_001353,Visa,Debit,671.73,Subscription,CA,CA,NotProvided,Authenticated_Success,Mobile_iOS,714,0
PAY_001354,Visa,Credit,17.93,Digital_Gaming,FR,FR,Match,Authenticated_Success,Mobile_iOS,3435,0
PAY_001355,American Express,Corporate,7.14,Digital_Gaming,GB,FR,Match,Authenticated_Success,Desktop_Windows,3223,0
PAY_001356,Visa,Debit,124.72,Apparel,DE,DE,Match,Authenticated_Success,Mobile_iOS,1423,0
PAY_001357,Mastercard,Corporate,865.84,Travel_Airlines,GB,GB,Match,Authenticated_Success,Desktop_Windows,1341,0
PAY_001358,Mastercard,Credit,1607.27,Electronics,DE,DE,Match,Exempt_LowRisk,Mobile_Android,2674,0
PAY_001359,Mastercard,Credit,150.16,Apparel,DE,DE,Match,Authenticated_Success,Mobile_iOS,1512,0
PAY_001360,Visa,Debit,2012.56,Luxury_Goods,DE,DE,Match,Attempted_NoAuth,Desktop_Windows,2648,0
PAY_001361,Mastercard,Credit,414.08,Digital_Gaming,IN,IN,Match,Authenticated_Success,Desktop_Windows,330,0
PAY_001362,Visa,Credit,1336.15,Travel_Airlines,GB,GB,Match,Authenticated_Success,Desktop_Windows,981,0
PAY_001363,Mastercard,Debit,175.79,Food_Beverage,US,US,Match,Authenticated_Success,Mobile_iOS,2848,0
PAY_001364,Visa,Prepaid,16.27,Food_Beverage,DE,FR,Match,Exempt_LowRisk,Mobile_Android,3360,0
PAY_001365,Mastercard,Debit,185.01,Electronics,US,US,Match,Exempt_LowRisk,Desktop_macOS,95,0
PAY_001366,Mastercard,Credit,259.74,Electronics,US,US,Match,Authenticated_Success,Mobile_Android,2844,0
PAY_001367,Visa,Credit,167.31,Electronics,IN,IN,Match,Exempt_LowRisk,Mobile_iOS,253,0
PAY_001368,Visa,Debit,255.80,Travel_Airlines,GB,GB,Match,Authenticated_Success,Mobile_iOS,3162,0
PAY_001369,Visa,Credit,373.89,Food_Beverage,GB,GB,Mismatch,Authenticated_Success,Mobile_Android,925,0
PAY_001370,Visa,Credit,29.01,Subscription,AE,AE,Match,Authenticated_Success,Desktop_Windows,1324,0
PAY_001371,Visa,Credit,160.61,Apparel,US,US,Match,Authenticated_Success,Desktop_macOS,2617,0
PAY_001372,Discover,Credit,94.45,Food_Beverage,US,US,Match,Authenticated_Success,Desktop_macOS,3070,0
PAY_001373,Visa,Credit,25.96,Digital_Gaming,US,US,Match,Authenticated_Success,Mobile_iOS,1513,0
PAY_001374,American Express,Credit,20.40,Food_Beverage,US,US,Match,Authenticated_Success,Mobile_Android,1150,0
PAY_001375,RuPay,Debit,10.26,Digital_Gaming,DE,JP,Match,Failed,Mobile_iOS,3576,1
PAY_001376,Visa,Credit,318.54,Electronics,FR,DE,Match,Authenticated_Success,Mobile_iOS,3520,0
PAY_001377,Mastercard,Debit,174.17,Electronics,CA,CA,Match,Attempted_NoAuth,Mobile_iOS,1913,1
PAY_001378,American Express,Credit,26.89,Subscription,US,US,Mismatch,Authenticated_Success,Desktop_macOS,88,0
PAY_001379,Mastercard,Corporate,8.47,Digital_Gaming,GB,CA,Match,Authenticated_Success,Mobile_iOS,3536,0
PAY_001380,Mastercard,Credit,107.34,Apparel,US,AE,Match,Authenticated_Success,Mobile_Android,2260,0
PAY_001381,Mastercard,Credit,55.09,Apparel,DE,DE,Match,Authenticated_Success,Mobile_Android,2018,0
PAY_001382,Visa,Credit,30.42,Apparel,CA,CA,Match,Exempt_LowRisk,Mobile_iOS,410,0
PAY_001383,Mastercard,Credit,23.09,Subscription,US,US,Match,Authenticated_Success,Mobile_Android,3625,0
PAY_001384,RuPay,Credit,143.62,Electronics,IN,IN,Match,Authenticated_Success,Mobile_iOS,2623,0
PAY_001385,RuPay,Debit,313.13,Electronics,FR,FR,Match,Attempted_NoAuth,Mobile_Android,795,0
PAY_001386,Visa,Corporate,185.55,Travel_Airlines,US,US,Match,Exempt_LowRisk,Mobile_Android,1328,0
PAY_001387,Mastercard,Credit,18.04,Digital_Gaming,CA,CA,Mismatch,Failed,Desktop_Windows,1255,1
PAY_001388,Visa,Credit,175.16,Electronics,CA,SG,Mismatch,Attempted_NoAuth,Desktop_Windows,3177,1
PAY_001389,Discover,Debit,589.76,Electronics,US,US,Match,Authenticated_Success,Desktop_Windows,1736,0
PAY_001390,Visa,Debit,69.71,Apparel,US,JP,NotProvided,Authenticated_Success,Mobile_iOS,3185,0
PAY_001391,Discover,Credit,71.90,Apparel,DE,AU,Mismatch,Failed,Mobile_iOS,2511,1
PAY_001392,American Express,Debit,130.50,Electronics,SG,SG,Match,Authenticated_Success,Mobile_Android,1344,0
PAY_001393,Visa,Credit,70.17,Electronics,CA,CA,Mismatch,Exempt_LowRisk,Tablet,1481,0
PAY_001394,Visa,Debit,96.65,Travel_Airlines,CA,CA,Match,Authenticated_Success,Mobile_iOS,2956,0
PAY_001395,American Express,Credit,10.72,Food_Beverage,CA,CA,Match,Authenticated_Success,Mobile_iOS,1823,0
PAY_001396,Visa,Credit,244.53,Food_Beverage,GB,US,Match,Authenticated_Success,Desktop_macOS,2486,0
PAY_001397,Mastercard,Credit,110.91,Apparel,US,US,Match,Authenticated_Success,Desktop_macOS,449,0
PAY_001398,Discover,Debit,73.02,Apparel,US,US,Match,Authenticated_Success,Mobile_iOS,1557,0
PAY_001399,Mastercard,Credit,92.31,Subscription,AU,AU,Match,Authenticated_Success,Desktop_Windows,2106,0
PAY_001400,Visa,Debit,387.52,Travel_Airlines,IN,IN,Match,Exempt_LowRisk,Mobile_Android,1253,0
PAY_001401,Mastercard,Debit,29.73,Digital_Gaming,SG,SG,Mismatch,Attempted_NoAuth,Mobile_Android,3094,1
PAY_001402,Visa,Debit,46.63,Apparel,US,US,Match,Authenticated_Success,Mobile_Android,768,0
PAY_001403,RuPay,Credit,39.58,Apparel,GB,GB,Match,Authenticated_Success,Tablet,3100,0
PAY_001404,Visa,Credit,1056.34,Digital_Gaming,CA,CA,Mismatch,Authenticated_Success,Mobile_iOS,231,0
PAY_001405,Visa,Credit,204.84,Digital_Gaming,US,US,Match,Authenticated_Success,Desktop_Windows,1559,0
PAY_001406,Visa,Debit,224.59,Electronics,US,US,Match,Authenticated_Success,Mobile_iOS,1888,0
PAY_001407,RuPay,Corporate,299.64,Subscription,FR,FR,Match,Authenticated_Success,Mobile_Android,926,0
PAY_001408,Visa,Credit,260.77,Digital_Gaming,DE,DE,Mismatch,Authenticated_Success,Mobile_Android,1971,0
PAY_001409,American Express,Corporate,14.61,Digital_Gaming,CA,CA,Match,Exempt_LowRisk,Desktop_Windows,3288,0
PAY_001410,Mastercard,Credit,146.13,Electronics,US,US,Match,Authenticated_Success,Desktop_macOS,1621,0
PAY_001411,American Express,Credit,262.00,Travel_Airlines,GB,AE,Match,Authenticated_Success,Desktop_Windows,1967,0
PAY_001412,RuPay,Credit,522.68,Travel_Airlines,US,US,Match,Authenticated_Success,Desktop_Windows,3469,0
PAY_001413,American Express,Debit,145.94,Electronics,US,US,Match,Attempted_NoAuth,Mobile_iOS,3371,0
PAY_001414,Discover,Credit,59.84,Digital_Gaming,GB,GB,Match,Exempt_LowRisk,Tablet,50,0
PAY_001415,Visa,Credit,260.95,Luxury_Goods,US,US,Match,Authenticated_Success,Mobile_Android,2650,0
PAY_001416,American Express,Debit,211.42,Food_Beverage,JP,JP,Match,Authenticated_Success,Mobile_Android,3103,0
PAY_001417,Mastercard,Credit,38.17,Electronics,GB,IN,Match,Authenticated_Success,Mobile_Android,3440,0
PAY_001418,Mastercard,Credit,41.68,Food_Beverage,US,US,Match,Authenticated_Success,Mobile_Android,2923,0
PAY_001419,Discover,Credit,8.78,Digital_Gaming,US,US,Mismatch,Authenticated_Success,Mobile_Android,302,0
PAY_001420,RuPay,Credit,60.16,Electronics,DE,DE,Match,Authenticated_Success,Mobile_iOS,2769,0
PAY_001421,Mastercard,Credit,264.68,Electronics,US,US,Match,Authenticated_Success,Mobile_iOS,3082,0
PAY_001422,Mastercard,Credit,270.26,Electronics,US,AE,Match,Authenticated_Success,Desktop_macOS,1916,0
PAY_001423,Mastercard,Debit,47.25,Apparel,GB,US,Match,Authenticated_Success,Desktop_macOS,77,0
PAY_001424,Visa,Credit,229.61,Digital_Gaming,US,US,Match,Attempted_NoAuth,Mobile_Android,695,1
PAY_001425,Visa,Debit,1182.92,Travel_Airlines,CA,CA,Match,Exempt_LowRisk,Tablet,1004,0
PAY_001426,Visa,Credit,173.03,Electronics,GB,GB,Mismatch,Authenticated_Success,Mobile_Android,3149,0
PAY_001427,Visa,Credit,87.84,Subscription,US,AU,Match,Authenticated_Success,Mobile_Android,460,0
PAY_001428,Visa,Credit,113.50,Electronics,FR,FR,Match,Authenticated_Success,Desktop_macOS,2718,0
PAY_001429,American Express,Credit,132.90,Digital_Gaming,GB,GB,Mismatch,Authenticated_Success,Mobile_Android,654,0
PAY_001430,Mastercard,Credit,17.93,Subscription,CA,AU,Match,Authenticated_Success,Desktop_Windows,3039,0
PAY_001431,Discover,Credit,480.78,Food_Beverage,US,SG,Mismatch,Authenticated_Success,Mobile_Android,42,1
PAY_001432,Mastercard,Corporate,1518.97,Luxury_Goods,CA,CA,Mismatch,Attempted_NoAuth,Mobile_Android,861,1
PAY_001433,Visa,Debit,71.34,Travel_Airlines,US,US,Match,Authenticated_Success,Mobile_iOS,371,0
PAY_001434,Visa,Credit,78.39,Electronics,GB,GB,Match,Authenticated_Success,Tablet,2023,0
PAY_001435,Visa,Debit,296.78,Electronics,US,GB,Match,Authenticated_Success,Mobile_iOS,2850,0
PAY_001436,RuPay,Debit,45.97,Digital_Gaming,AE,AE,Match,Exempt_LowRisk,Mobile_Android,1518,0
PAY_001437,Visa,Debit,339.91,Electronics,US,US,Match,Authenticated_Success,Mobile_iOS,1947,0
PAY_001438,Mastercard,Credit,44.91,Apparel,SG,SG,Match,Authenticated_Success,Mobile_Android,2335,0
PAY_001439,Discover,Credit,356.84,Apparel,SG,SG,Match,Authenticated_Success,Mobile_Android,1661,0
PAY_001440,RuPay,Credit,67.30,Food_Beverage,GB,GB,Match,Authenticated_Success,Desktop_Windows,2747,0
PAY_001441,Visa,Credit,955.86,Food_Beverage,US,US,Match,Authenticated_Success,Mobile_Android,1036,0
PAY_001442,Visa,Credit,129.40,Food_Beverage,US,US,Match,Attempted_NoAuth,Mobile_iOS,634,0
PAY_001443,Visa,Corporate,60.46,Travel_Airlines,AE,AE,Match,Authenticated_Success,Mobile_iOS,684,0
PAY_001444,Visa,Corporate,1853.38,Electronics,CA,US,Match,Authenticated_Success,Mobile_iOS,636,0
PAY_001445,Visa,Credit,625.26,Electronics,GB,GB,Match,Authenticated_Success,Desktop_Windows,138,0
PAY_001446,Mastercard,Credit,658.50,Luxury_Goods,US,US,Match,Authenticated_Success,Desktop_Windows,160,0
PAY_001447,Discover,Credit,882.80,Luxury_Goods,IN,AE,Match,Exempt_LowRisk,Mobile_iOS,193,0
PAY_001448,Mastercard,Credit,18.03,Apparel,US,US,Match,Authenticated_Success,Mobile_Android,574,0
PAY_001449,Mastercard,Debit,9.16,Digital_Gaming,US,DE,Match,Attempted_NoAuth,Mobile_iOS,2314,0
PAY_001450,Visa,Credit,63.69,Digital_Gaming,US,US,Match,Authenticated_Success,Desktop_macOS,877,0
PAY_001451,American Express,Debit,303.88,Apparel,GB,GB,Match,Exempt_LowRisk,Tablet,2134,0
PAY_001452,Mastercard,Prepaid,103.06,Apparel,AU,AU,Match,Authenticated_Success,Desktop_Windows,265,0
PAY_001453,American Express,Debit,437.07,Apparel,IN,IN,Match,Exempt_LowRisk,Mobile_iOS,2922,0
PAY_001454,Discover,Debit,1854.08,Luxury_Goods,US,US,Match,Authenticated_Success,Mobile_Android,1298,0
PAY_001455,Visa,Credit,68.22,Subscription,US,US,Match,Authenticated_Success,Tablet,1610,0
PAY_001456,Visa,Credit,245.21,Digital_Gaming,FR,FR,Match,Authenticated_Success,Mobile_iOS,2464,0
PAY_001457,Visa,Credit,1423.89,Travel_Airlines,GB,GB,Match,Authenticated_Success,Mobile_Android,3641,0
PAY_001458,Mastercard,Debit,61.06,Food_Beverage,US,AE,Match,Exempt_LowRisk,Desktop_macOS,2894,0
PAY_001459,Discover,Credit,147.59,Electronics,US,US,Match,Authenticated_Success,Desktop_Windows,1465,0
PAY_001460,Visa,Debit,505.88,Luxury_Goods,CA,CA,Match,Exempt_LowRisk,Mobile_Android,1262,0
PAY_001461,American Express,Credit,4.70,Digital_Gaming,JP,JP,Mismatch,Attempted_NoAuth,Mobile_Android,1236,1
PAY_001462,Mastercard,Credit,90.78,Digital_Gaming,DE,DE,Match,Authenticated_Success,Desktop_macOS,306,0
PAY_001463,Visa,Credit,412.44,Electronics,US,US,Match,Authenticated_Success,Mobile_Android,1233,0
PAY_001464,Visa,Prepaid,78.18,Food_Beverage,DE,DE,Match,Authenticated_Success,Desktop_macOS,2771,0
PAY_001465,Mastercard,Credit,97.43,Subscription,US,US,Match,Authenticated_Success,Mobile_Android,1008,0
PAY_001466,Mastercard,Credit,178.00,Electronics,IN,IN,Mismatch,Exempt_LowRisk,Desktop_Windows,1428,0
PAY_001467,Mastercard,Credit,20.76,Electronics,US,US,Match,Authenticated_Success,Desktop_macOS,253,0
PAY_001468,Visa,Debit,1162.67,Electronics,US,US,Match,Authenticated_Success,Mobile_Android,918,0
PAY_001469,Mastercard,Prepaid,177.98,Travel_Airlines,GB,GB,Match,Authenticated_Success,Mobile_iOS,251,0
PAY_001470,Visa,Credit,33.80,Digital_Gaming,US,US,Match,Authenticated_Success,Mobile_iOS,1718,0
PAY_001471,Discover,Corporate,831.64,Electronics,US,US,Match,Authenticated_Success,Desktop_Windows,1084,0
PAY_001472,Visa,Credit,195.70,Food_Beverage,CA,CA,Match,Exempt_LowRisk,Mobile_Android,3540,0
PAY_001473,Visa,Debit,90.05,Apparel,FR,FR,Match,Authenticated_Success,Mobile_iOS,2152,0
PAY_001474,Mastercard,Credit,155.45,Digital_Gaming,IN,IN,Match,Authenticated_Success,Desktop_Windows,1360,0
PAY_001475,Mastercard,Credit,18.72,Apparel,US,US,Match,Authenticated_Success,Desktop_macOS,1962,0
PAY_001476,Mastercard,Debit,61.01,Digital_Gaming,US,US,Match,Authenticated_Success,Desktop_macOS,3502,0
PAY_001477,Mastercard,Credit,277.07,Digital_Gaming,GB,GB,Match,Authenticated_Success,Mobile_Android,659,0
PAY_001478,RuPay,Credit,31.66,Apparel,GB,GB,Match,Exempt_LowRisk,Tablet,924,0
PAY_001479,Mastercard,Debit,22.24,Digital_Gaming,US,US,Match,Authenticated_Success,Desktop_Windows,1990,0
PAY_001480,Mastercard,Prepaid,72.71,Food_Beverage,AU,FR,Mismatch,Exempt_LowRisk,Mobile_iOS,386,0
PAY_001481,Mastercard,Credit,74.61,Digital_Gaming,JP,JP,NotProvided,Failed,Tablet,1897,1
PAY_001482,Visa,Debit,135.96,Food_Beverage,US,US,Match,Exempt_LowRisk,Mobile_Android,574,0
PAY_001483,Mastercard,Debit,14.64,Digital_Gaming,IN,IN,Match,Exempt_LowRisk,Desktop_macOS,3154,0
PAY_001484,Visa,Credit,16.15,Travel_Airlines,CA,CA,Match,Exempt_LowRisk,Desktop_Windows,2824,0
PAY_001485,Mastercard,Debit,183.71,Apparel,US,US,Match,Authenticated_Success,Mobile_Android,178,0
PAY_001486,Visa,Credit,81.05,Travel_Airlines,CA,SG,Match,Authenticated_Success,Mobile_iOS,1962,0
PAY_001487,RuPay,Debit,34.09,Apparel,US,US,Mismatch,Authenticated_Success,Mobile_iOS,767,1
PAY_001488,Mastercard,Credit,16.91,Electronics,US,US,Match,Authenticated_Success,Mobile_iOS,2124,0
PAY_001489,Discover,Credit,575.26,Electronics,AE,AE,Match,Authenticated_Success,Mobile_Android,1988,0
PAY_001490,Mastercard,Credit,274.51,Electronics,CA,US,Match,Failed,Desktop_Windows,3532,1
PAY_001491,Visa,Credit,93.80,Subscription,US,US,Match,Authenticated_Success,Mobile_iOS,649,0
PAY_001492,American Express,Debit,93.11,Subscription,GB,GB,Match,Authenticated_Success,Mobile_iOS,1843,0
PAY_001493,Mastercard,Prepaid,27.66,Travel_Airlines,JP,DE,Match,Authenticated_Success,Mobile_Android,3524,0
PAY_001494,American Express,Credit,63.18,Electronics,GB,GB,Match,Authenticated_Success,Mobile_iOS,428,0
PAY_001495,Mastercard,Credit,40.57,Food_Beverage,AU,AU,Match,Authenticated_Success,Mobile_iOS,927,0
PAY_001496,Mastercard,Credit,117.06,Travel_Airlines,IN,IN,Match,Authenticated_Success,Mobile_iOS,2622,0
PAY_001497,American Express,Credit,49.47,Apparel,US,US,Match,Authenticated_Success,Mobile_Android,395,0
PAY_001498,Mastercard,Credit,87.43,Digital_Gaming,DE,DE,Match,Exempt_LowRisk,Mobile_Android,759,0
PAY_001499,Visa,Debit,1311.44,Luxury_Goods,DE,DE,Match,Authenticated_Success,Desktop_Windows,3493,0
PAY_001500,Mastercard,Debit,36.65,Electronics,FR,FR,Match,Exempt_LowRisk,Mobile_iOS,2123,0
PAY_001501,Mastercard,Credit,66.04,Digital_Gaming,US,DE,Match,Authenticated_Success,Mobile_iOS,205,0
PAY_001502,RuPay,Credit,583.47,Travel_Airlines,US,US,Mismatch,Authenticated_Success,Desktop_Windows,3118,0
PAY_001503,Visa,Debit,67.57,Electronics,US,US,Match,Authenticated_Success,Tablet,1911,1
PAY_001504,Mastercard,Credit,53.94,Digital_Gaming,CA,CA,Match,Exempt_LowRisk,Mobile_iOS,1741,0
PAY_001505,American Express,Credit,111.41,Digital_Gaming,FR,FR,Match,Authenticated_Success,Desktop_Windows,3622,0
PAY_001506,Mastercard,Credit,270.05,Travel_Airlines,FR,FR,Mismatch,Authenticated_Success,Desktop_Windows,1147,0
PAY_001507,Mastercard,Credit,140.00,Subscription,CA,CA,Match,Authenticated_Success,Desktop_macOS,1382,0
PAY_001508,Mastercard,Credit,74.01,Food_Beverage,US,IN,Match,Authenticated_Success,Mobile_Android,2101,0
PAY_001509,Visa,Debit,307.59,Luxury_Goods,US,US,Match,Authenticated_Success,Mobile_iOS,882,0
PAY_001510,Mastercard,Credit,18.36,Digital_Gaming,FR,FR,Match,Authenticated_Success,Mobile_iOS,464,0
PAY_001511,Visa,Debit,568.89,Luxury_Goods,GB,GB,Match,Authenticated_Success,Desktop_Windows,504,0
PAY_001512,Visa,Credit,74.44,Digital_Gaming,FR,FR,Match,Attempted_NoAuth,Desktop_Windows,1123,0
PAY_001513,Mastercard,Corporate,62.65,Electronics,US,US,Match,Exempt_LowRisk,Mobile_Android,291,0
PAY_001514,Mastercard,Credit,506.01,Travel_Airlines,GB,GB,Match,Authenticated_Success,Mobile_iOS,1840,0
PAY_001515,Discover,Credit,1076.00,Travel_Airlines,SG,SG,Mismatch,Authenticated_Success,Mobile_iOS,3626,0
PAY_001516,Visa,Credit,32.26,Digital_Gaming,US,US,Match,Authenticated_Success,Mobile_Android,928,0
PAY_001517,Visa,Credit,29.95,Food_Beverage,US,US,Match,Authenticated_Success,Desktop_macOS,149,0
PAY_001518,RuPay,Credit,187.02,Luxury_Goods,DE,DE,Match,Authenticated_Success,Mobile_Android,144,0
PAY_001519,Visa,Debit,10.52,Apparel,CA,CA,Match,Exempt_LowRisk,Mobile_Android,607,0
PAY_001520,Visa,Credit,1693.49,Electronics,JP,JP,Match,Authenticated_Success,Mobile_Android,2136,0
PAY_001521,Visa,Credit,113.96,Electronics,AU,AU,Match,Authenticated_Success,Desktop_macOS,1718,0
PAY_001522,Mastercard,Credit,25.94,Apparel,FR,CA,Match,Exempt_LowRisk,Desktop_Windows,1465,0
PAY_001523,American Express,Debit,19.31,Digital_Gaming,US,US,Match,Attempted_NoAuth,Mobile_iOS,2754,1
PAY_001524,Mastercard,Debit,121.86,Electronics,GB,GB,Match,Exempt_LowRisk,Mobile_Android,1426,0
PAY_001525,Mastercard,Debit,86.91,Electronics,AU,AU,Match,Exempt_LowRisk,Desktop_Windows,2249,0
PAY_001526,Visa,Debit,324.37,Apparel,GB,GB,Match,Authenticated_Success,Desktop_macOS,3638,0
PAY_001527,Visa,Debit,67.54,Travel_Airlines,JP,JP,Match,Authenticated_Success,Mobile_Android,619,0
PAY_001528,Mastercard,Debit,49.10,Travel_Airlines,DE,DE,Match,Authenticated_Success,Mobile_iOS,408,0
PAY_001529,Visa,Credit,122.36,Apparel,US,US,Match,Authenticated_Success,Mobile_Android,795,0
PAY_001530,Visa,Debit,165.95,Electronics,GB,GB,Match,Exempt_LowRisk,Mobile_Android,563,0
PAY_001531,Visa,Debit,146.11,Electronics,DE,AE,Match,Authenticated_Success,Mobile_iOS,3026,0
PAY_001532,Visa,Credit,345.58,Electronics,US,US,Match,Exempt_LowRisk,Tablet,3198,0
PAY_001533,Mastercard,Debit,77.51,Apparel,US,US,Match,Attempted_NoAuth,Mobile_iOS,2043,0
PAY_001534,Mastercard,Credit,177.35,Electronics,DE,US,Match,Authenticated_Success,Desktop_macOS,476,0
PAY_001535,Visa,Credit,14.21,Apparel,US,US,Match,Authenticated_Success,Mobile_Android,3107,0
PAY_001536,Mastercard,Credit,10.65,Subscription,US,US,Mismatch,Authenticated_Success,Mobile_iOS,3349,0
PAY_001537,American Express,Debit,30.86,Digital_Gaming,DE,DE,Match,Authenticated_Success,Mobile_Android,1488,0
PAY_001538,Mastercard,Debit,20.23,Food_Beverage,FR,FR,Match,Authenticated_Success,Mobile_Android,2452,0
PAY_001539,American Express,Credit,251.07,Electronics,GB,GB,Match,Authenticated_Success,Desktop_Windows,2220,0
PAY_001540,Mastercard,Credit,9.22,Apparel,JP,SG,Match,Authenticated_Success,Mobile_Android,1928,0
PAY_001541,American Express,Credit,40.78,Subscription,SG,SG,Match,Authenticated_Success,Mobile_iOS,1289,0
PAY_001542,Visa,Credit,55.13,Apparel,GB,AE,Match,Authenticated_Success,Desktop_macOS,1016,0
PAY_001543,Visa,Prepaid,414.96,Luxury_Goods,US,US,Match,Authenticated_Success,Mobile_Android,1006,0
PAY_001544,Visa,Credit,103.43,Subscription,FR,FR,Match,Authenticated_Success,Mobile_iOS,1312,0
PAY_001545,Mastercard,Credit,46.56,Digital_Gaming,US,US,Match,Authenticated_Success,Desktop_macOS,2773,0
PAY_001546,Visa,Credit,32.00,Apparel,IN,AU,Match,Authenticated_Success,Mobile_iOS,3014,0
PAY_001547,Visa,Prepaid,262.15,Digital_Gaming,CA,JP,Match,Authenticated_Success,Mobile_iOS,414,0
PAY_001548,Mastercard,Credit,131.31,Electronics,US,US,Match,Authenticated_Success,Mobile_Android,210,0
PAY_001549,Visa,Debit,889.50,Electronics,CA,CA,Match,Authenticated_Success,Mobile_Android,1746,0
PAY_001550,Visa,Credit,130.58,Electronics,GB,GB,Match,Authenticated_Success,Mobile_Android,2805,0
PAY_001551,Visa,Credit,65.50,Food_Beverage,SG,SG,Match,Authenticated_Success,Desktop_macOS,2047,0
PAY_001552,Mastercard,Debit,372.11,Luxury_Goods,US,JP,Match,Authenticated_Success,Mobile_iOS,3021,0
PAY_001553,Visa,Credit,86.00,Apparel,SG,SG,Match,Authenticated_Success,Tablet,2604,0
PAY_001554,Visa,Debit,42.02,Apparel,US,US,Match,Authenticated_Success,Mobile_iOS,2577,0
PAY_001555,Visa,Credit,296.50,Travel_Airlines,FR,CA,Match,Authenticated_Success,Mobile_iOS,1966,0
PAY_001556,Mastercard,Debit,359.21,Food_Beverage,SG,SG,Match,Authenticated_Success,Mobile_iOS,199,0
PAY_001557,Discover,Debit,211.40,Apparel,US,US,Match,Attempted_NoAuth,Mobile_iOS,656,1
PAY_001558,Mastercard,Debit,213.00,Apparel,US,IN,Match,Exempt_LowRisk,Mobile_Android,2710,0
PAY_001559,Mastercard,Credit,15.24,Food_Beverage,IN,GB,Match,Authenticated_Success,Desktop_Windows,1127,0
PAY_001560,American Express,Debit,18.21,Food_Beverage,IN,IN,Match,Authenticated_Success,Desktop_Windows,2639,0
PAY_001561,RuPay,Prepaid,84.73,Food_Beverage,US,US,Match,Authenticated_Success,Desktop_Windows,1239,0
PAY_001562,Mastercard,Credit,155.68,Apparel,GB,GB,Match,Authenticated_Success,Mobile_iOS,48,0
PAY_001563,American Express,Credit,105.49,Electronics,IN,CA,Mismatch,Authenticated_Success,Desktop_Windows,2468,0
PAY_001564,Discover,Debit,30.96,Digital_Gaming,US,US,Match,Attempted_NoAuth,Mobile_Android,3256,0
PAY_001565,American Express,Credit,308.96,Apparel,CA,CA,Match,Attempted_NoAuth,Desktop_Windows,1628,0
PAY_001566,Mastercard,Debit,141.81,Food_Beverage,GB,GB,Match,Authenticated_Success,Desktop_Windows,483,0
PAY_001567,Visa,Debit,597.89,Electronics,US,US,Match,Attempted_NoAuth,Mobile_iOS,1513,0
PAY_001568,Visa,Credit,266.72,Luxury_Goods,IN,IN,Match,Exempt_LowRisk,Mobile_Android,3506,0
PAY_001569,Mastercard,Debit,37.64,Food_Beverage,US,US,Match,Authenticated_Success,Desktop_macOS,1163,0
PAY_001570,Mastercard,Debit,189.38,Subscription,SG,FR,Match,Exempt_LowRisk,Mobile_iOS,259,0
PAY_001571,Visa,Credit,324.67,Luxury_Goods,CA,CA,Match,Authenticated_Success,Desktop_Windows,2802,0
PAY_001572,Mastercard,Corporate,34.06,Subscription,GB,GB,Match,Authenticated_Success,Desktop_macOS,869,0
PAY_001573,Mastercard,Credit,68.38,Electronics,GB,DE,Match,Exempt_LowRisk,Mobile_iOS,137,0
PAY_001574,American Express,Credit,38.00,Apparel,GB,GB,Mismatch,Authenticated_Success,Mobile_Android,2519,0
PAY_001575,Visa,Debit,488.93,Electronics,IN,IN,Match,Authenticated_Success,Mobile_Android,1235,0
PAY_001576,Visa,Credit,12.67,Subscription,DE,DE,Match,Exempt_LowRisk,Desktop_Windows,501,0
PAY_001577,American Express,Debit,133.21,Food_Beverage,FR,FR,Match,Exempt_LowRisk,Mobile_Android,197,0
PAY_001578,American Express,Credit,85.68,Electronics,GB,FR,Match,Authenticated_Success,Mobile_Android,675,0
PAY_001579,RuPay,Credit,148.16,Electronics,US,DE,Match,Authenticated_Success,Mobile_iOS,546,0
PAY_001580,American Express,Credit,56.78,Apparel,US,US,Match,Authenticated_Success,Tablet,41,0
PAY_001581,American Express,Debit,52.31,Apparel,FR,FR,Match,Exempt_LowRisk,Desktop_macOS,1353,0
PAY_001582,Visa,Debit,48.63,Food_Beverage,GB,GB,Match,Authenticated_Success,Mobile_Android,3016,0
PAY_001583,Visa,Debit,114.53,Electronics,GB,GB,Match,Authenticated_Success,Tablet,1445,0
PAY_001584,Visa,Prepaid,142.27,Travel_Airlines,GB,GB,Match,Exempt_LowRisk,Mobile_Android,138,0
PAY_001585,Mastercard,Debit,284.79,Digital_Gaming,GB,GB,Match,Authenticated_Success,Desktop_macOS,3218,0
PAY_001586,Discover,Debit,68.55,Apparel,DE,AE,Match,Authenticated_Success,Mobile_iOS,2309,0
PAY_001587,Visa,Credit,162.56,Electronics,CA,CA,Match,Authenticated_Success,Mobile_iOS,3519,0
PAY_001588,Mastercard,Corporate,32.81,Subscription,JP,GB,Match,Authenticated_Success,Desktop_macOS,2125,0
PAY_001589,Visa,Debit,276.74,Luxury_Goods,US,US,Match,Authenticated_Success,Mobile_Android,1741,0
PAY_001590,Visa,Corporate,32.94,Digital_Gaming,CA,CA,Match,Exempt_LowRisk,Mobile_iOS,1866,0
PAY_001591,Visa,Credit,154.76,Apparel,US,US,Match,Authenticated_Success,Desktop_Windows,24,0
PAY_001592,Visa,Credit,29.11,Food_Beverage,IN,IN,Match,Authenticated_Success,Mobile_Android,1369,0
PAY_001593,Discover,Debit,5.64,Food_Beverage,CA,CA,Match,Failed,Mobile_iOS,1613,1
PAY_001594,Visa,Credit,71.10,Food_Beverage,GB,GB,Match,Authenticated_Success,Mobile_Android,1094,0
PAY_001595,American Express,Credit,318.77,Luxury_Goods,IN,US,Match,Exempt_LowRisk,Mobile_Android,3055,0
PAY_001596,Mastercard,Prepaid,35.01,Food_Beverage,GB,GB,Match,Authenticated_Success,Mobile_iOS,3492,0
PAY_001597,Visa,Credit,181.76,Apparel,US,US,Match,Authenticated_Success,Mobile_iOS,1745,0
PAY_001598,Visa,Credit,13.19,Travel_Airlines,GB,US,Match,Authenticated_Success,Mobile_Android,2866,0
PAY_001599,American Express,Credit,377.61,Apparel,US,US,Match,Authenticated_Success,Desktop_Windows,815,0
PAY_001600,Visa,Credit,212.76,Digital_Gaming,AU,AU,Match,Authenticated_Success,Mobile_Android,3368,0
PAY_001601,Discover,Debit,33.42,Subscription,FR,FR,Match,Authenticated_Success,Mobile_Android,2567,0
PAY_001602,Visa,Corporate,40.61,Subscription,FR,FR,Match,Authenticated_Success,Mobile_Android,2678,0
PAY_001603,Mastercard,Prepaid,116.14,Digital_Gaming,AU,AU,Match,Authenticated_Success,Mobile_iOS,2171,0
PAY_001604,American Express,Debit,119.62,Digital_Gaming,IN,IN,Match,Authenticated_Success,Mobile_Android,3026,0
PAY_001605,Visa,Debit,33.21,Food_Beverage,GB,GB,Match,Authenticated_Success,Mobile_iOS,1949,0
PAY_001606,Visa,Credit,11.26,Subscription,US,US,Match,Authenticated_Success,Mobile_Android,3519,0
PAY_001607,RuPay,Debit,2728.09,Travel_Airlines,US,US,Match,Authenticated_Success,Mobile_iOS,2418,0
PAY_001608,Visa,Credit,534.51,Electronics,SG,AE,Match,Authenticated_Success,Mobile_Android,1656,0
PAY_001609,Mastercard,Credit,79.24,Apparel,SG,SG,Match,Authenticated_Success,Mobile_Android,761,0
PAY_001610,Mastercard,Prepaid,80.91,Food_Beverage,FR,FR,Match,Exempt_LowRisk,Desktop_Windows,3310,0
PAY_001611,Visa,Debit,528.34,Travel_Airlines,US,JP,Match,Authenticated_Success,Desktop_Windows,205,0
PAY_001612,American Express,Credit,602.73,Travel_Airlines,US,US,Match,Authenticated_Success,Desktop_macOS,158,0
PAY_001613,American Express,Debit,43.68,Luxury_Goods,AU,AU,Match,Authenticated_Success,Mobile_Android,113,0
PAY_001614,Visa,Credit,45.33,Apparel,US,US,Match,Authenticated_Success,Mobile_iOS,394,0
PAY_001615,American Express,Credit,40.43,Apparel,CA,US,Match,Authenticated_Success,Mobile_iOS,902,0
PAY_001616,Visa,Credit,55.84,Food_Beverage,US,US,Match,Authenticated_Success,Mobile_iOS,1790,0
PAY_001617,Visa,Credit,155.69,Apparel,US,US,Mismatch,Authenticated_Success,Mobile_iOS,1010,0
PAY_001618,Mastercard,Credit,37.23,Travel_Airlines,DE,US,NotProvided,Failed,Mobile_iOS,1657,1
PAY_001619,RuPay,Credit,60.48,Travel_Airlines,JP,JP,Match,Authenticated_Success,Mobile_iOS,1635,0
PAY_001620,Visa,Credit,31.50,Food_Beverage,FR,FR,Match,Authenticated_Success,Desktop_Windows,1600,0
PAY_001621,Visa,Credit,79.03,Apparel,GB,GB,Match,Authenticated_Success,Mobile_Android,218,0
PAY_001622,Mastercard,Corporate,666.23,Travel_Airlines,GB,GB,Match,Authenticated_Success,Mobile_iOS,1961,0
PAY_001623,American Express,Debit,1123.36,Electronics,AU,US,NotProvided,Authenticated_Success,Mobile_Android,1094,0
PAY_001624,Visa,Corporate,136.27,Electronics,CA,AU,Match,Authenticated_Success,Mobile_iOS,1965,0
PAY_001625,Visa,Credit,166.26,Apparel,GB,GB,Match,Authenticated_Success,Mobile_Android,222,0
PAY_001626,Mastercard,Debit,407.81,Electronics,DE,DE,Match,Exempt_LowRisk,Mobile_Android,3177,0
PAY_001627,Visa,Debit,121.01,Subscription,US,US,Match,Authenticated_Success,Mobile_iOS,2636,0
PAY_001628,Visa,Credit,64.93,Food_Beverage,US,US,Match,Authenticated_Success,Mobile_iOS,1263,0
PAY_001629,Visa,Credit,120.32,Electronics,IN,AE,Match,Authenticated_Success,Tablet,1313,0
PAY_001630,Visa,Credit,20.66,Food_Beverage,CA,CA,Match,Exempt_LowRisk,Mobile_Android,1154,0
PAY_001631,Mastercard,Credit,19.21,Digital_Gaming,US,US,Mismatch,Exempt_LowRisk,Mobile_Android,3617,0
PAY_001632,American Express,Credit,390.76,Travel_Airlines,US,SG,Match,Authenticated_Success,Mobile_iOS,2562,0
PAY_001633,Mastercard,Credit,62.81,Food_Beverage,AE,FR,Match,Authenticated_Success,Mobile_iOS,1680,0
PAY_001634,Mastercard,Credit,42.22,Digital_Gaming,CA,CA,Match,Attempted_NoAuth,Mobile_iOS,2367,0
PAY_001635,RuPay,Debit,387.96,Electronics,CA,CA,Match,Authenticated_Success,Tablet,236,0
PAY_001636,Visa,Credit,149.77,Electronics,US,US,Match,Authenticated_Success,Mobile_iOS,3029,0
PAY_001637,Visa,Credit,24.42,Digital_Gaming,JP,JP,Match,Exempt_LowRisk,Mobile_iOS,2175,0
PAY_001638,Discover,Debit,49.74,Subscription,AU,AU,Match,Authenticated_Success,Tablet,1129,0
PAY_001639,Visa,Credit,164.46,Digital_Gaming,GB,SG,Match,Authenticated_Success,Mobile_Android,2530,0
PAY_001640,Mastercard,Credit,21.63,Apparel,US,US,Match,Exempt_LowRisk,Mobile_iOS,24,0
PAY_001641,Mastercard,Credit,235.06,Electronics,DE,DE,Match,Attempted_NoAuth,Mobile_Android,1790,0
PAY_001642,Visa,Credit,62.74,Food_Beverage,IN,IN,Match,Authenticated_Success,Mobile_Android,3445,0
PAY_001643,Mastercard,Credit,28.88,Apparel,FR,FR,Match,Authenticated_Success,Desktop_macOS,2772,0
PAY_001644,Visa,Credit,193.18,Travel_Airlines,JP,JP,Match,Authenticated_Success,Mobile_iOS,162,0
PAY_001645,Visa,Credit,47.34,Travel_Airlines,CA,CA,Match,Exempt_LowRisk,Desktop_Windows,2153,0
PAY_001646,Mastercard,Prepaid,75.23,Apparel,US,IN,Match,Exempt_LowRisk,Mobile_iOS,2482,0
PAY_001647,Visa,Corporate,41.61,Electronics,GB,GB,Match,Exempt_LowRisk,Desktop_Windows,1922,0
PAY_001648,American Express,Credit,216.95,Apparel,IN,IN,Match,Authenticated_Success,Desktop_Windows,1175,0
PAY_001649,Discover,Credit,60.27,Apparel,US,US,Match,Authenticated_Success,Desktop_Windows,2478,0
PAY_001650,American Express,Credit,142.21,Travel_Airlines,US,US,Match,Authenticated_Success,Desktop_Windows,1546,0
PAY_001651,Visa,Debit,239.04,Food_Beverage,DE,FR,Match,Authenticated_Success,Desktop_Windows,3463,0
PAY_001652,Visa,Debit,21.43,Apparel,GB,GB,Match,Authenticated_Success,Mobile_iOS,3058,0
PAY_001653,Visa,Credit,29.30,Digital_Gaming,IN,IN,Match,Authenticated_Success,Mobile_iOS,3319,0
PAY_001654,Visa,Credit,24.96,Electronics,US,US,Match,Authenticated_Success,Mobile_iOS,1532,0
PAY_001655,Discover,Credit,788.46,Electronics,US,US,Match,Authenticated_Success,Mobile_Android,2473,0
PAY_001656,Visa,Corporate,2093.19,Travel_Airlines,US,US,Match,Exempt_LowRisk,Mobile_iOS,527,0
PAY_001657,Visa,Corporate,42.32,Travel_Airlines,DE,DE,Match,Authenticated_Success,Desktop_Windows,2746,0
PAY_001658,American Express,Credit,108.74,Travel_Airlines,FR,FR,Match,Exempt_LowRisk,Desktop_Windows,2753,0
PAY_001659,Visa,Debit,201.63,Electronics,GB,GB,Mismatch,Authenticated_Success,Tablet,2830,0
PAY_001660,Visa,Credit,37.82,Digital_Gaming,GB,GB,Match,Authenticated_Success,Mobile_Android,74,0
PAY_001661,Visa,Debit,64.43,Digital_Gaming,US,US,Match,Authenticated_Success,Desktop_Windows,1664,0
PAY_001662,Mastercard,Corporate,58.59,Subscription,DE,DE,Match,Exempt_LowRisk,Desktop_Windows,1003,0
PAY_001663,American Express,Credit,678.65,Luxury_Goods,AE,US,Match,Authenticated_Success,Tablet,3340,0
PAY_001664,Visa,Credit,23.17,Subscription,FR,FR,Match,Exempt_LowRisk,Desktop_Windows,1964,0
PAY_001665,Discover,Debit,230.80,Electronics,US,SG,Match,Authenticated_Success,Mobile_iOS,2232,0
PAY_001666,American Express,Credit,19.54,Digital_Gaming,CA,CA,Match,Authenticated_Success,Mobile_iOS,1598,0
PAY_001667,American Express,Debit,169.57,Travel_Airlines,US,US,Match,Exempt_LowRisk,Tablet,416,0
PAY_001668,Visa,Credit,9.87,Apparel,US,AU,Match,Authenticated_Success,Desktop_Windows,2264,0
PAY_001669,Visa,Corporate,277.77,Luxury_Goods,US,US,Match,Authenticated_Success,Desktop_Windows,2230,0
PAY_001670,American Express,Credit,35.52,Digital_Gaming,US,US,Match,Authenticated_Success,Desktop_Windows,1392,0
PAY_001671,Visa,Credit,188.28,Subscription,US,JP,Match,Authenticated_Success,Desktop_Windows,2298,0
PAY_001672,Mastercard,Credit,174.94,Electronics,IN,SG,Match,Exempt_LowRisk,Desktop_Windows,1426,0
PAY_001673,Mastercard,Credit,76.31,Subscription,US,US,Match,Attempted_NoAuth,Desktop_macOS,2410,0
PAY_001674,Visa,Credit,65.06,Apparel,FR,FR,Match,Exempt_LowRisk,Desktop_macOS,1273,0
PAY_001675,American Express,Debit,6.41,Digital_Gaming,SG,SG,Mismatch,Exempt_LowRisk,Mobile_iOS,2822,0
PAY_001676,Discover,Credit,7.41,Digital_Gaming,CA,JP,Mismatch,Failed,Mobile_iOS,3238,1
PAY_001677,Mastercard,Credit,46.97,Apparel,GB,GB,Match,Exempt_LowRisk,Mobile_iOS,1768,0
PAY_001678,Mastercard,Credit,90.60,Subscription,FR,FR,NotProvided,Authenticated_Success,Mobile_Android,64,0
PAY_001679,American Express,Credit,51.50,Food_Beverage,US,US,Match,Authenticated_Success,Desktop_Windows,2490,0
PAY_001680,Mastercard,Corporate,25.78,Subscription,GB,GB,Match,Authenticated_Success,Desktop_Windows,3429,0
PAY_001681,Mastercard,Corporate,51.20,Subscription,GB,GB,Match,Authenticated_Success,Mobile_Android,2590,0
PAY_001682,American Express,Credit,302.48,Luxury_Goods,IN,IN,Match,Authenticated_Success,Mobile_iOS,1308,0
PAY_001683,Mastercard,Debit,157.10,Digital_Gaming,IN,IN,Match,Attempted_NoAuth,Mobile_Android,2059,0
PAY_001684,Visa,Debit,147.72,Food_Beverage,IN,IN,Match,Exempt_LowRisk,Desktop_Windows,1332,0
PAY_001685,Visa,Prepaid,101.58,Electronics,DE,DE,Match,Exempt_LowRisk,Mobile_Android,2826,0
PAY_001686,Visa,Credit,63.12,Food_Beverage,GB,GB,Match,Exempt_LowRisk,Mobile_iOS,2649,0
PAY_001687,Mastercard,Credit,90.36,Digital_Gaming,IN,IN,Mismatch,Authenticated_Success,Mobile_iOS,2282,1
PAY_001688,Mastercard,Credit,691.53,Luxury_Goods,AU,AU,Match,Authenticated_Success,Mobile_Android,1417,0
PAY_001689,Mastercard,Debit,410.70,Apparel,GB,GB,Match,Authenticated_Success,Mobile_Android,630,0
PAY_001690,Visa,Debit,64.65,Apparel,AE,AE,Match,Exempt_LowRisk,Desktop_Windows,2251,0
PAY_001691,American Express,Credit,675.36,Electronics,AU,AU,Match,Authenticated_Success,Desktop_macOS,1231,0
PAY_001692,Discover,Credit,18.61,Digital_Gaming,GB,GB,Match,Authenticated_Success,Mobile_iOS,3298,0
PAY_001693,Visa,Debit,33.07,Apparel,US,US,Match,Authenticated_Success,Mobile_iOS,231,0
PAY_001694,Mastercard,Debit,6.36,Apparel,US,US,Match,Authenticated_Success,Mobile_Android,3088,0
PAY_001695,Mastercard,Credit,78.76,Apparel,FR,FR,Match,Authenticated_Success,Mobile_iOS,2845,0
PAY_001696,Mastercard,Debit,135.95,Digital_Gaming,US,US,Match,Authenticated_Success,Mobile_Android,1881,0
PAY_001697,Visa,Credit,4.01,Apparel,GB,GB,Match,Exempt_LowRisk,Mobile_iOS,3625,0
PAY_001698,American Express,Credit,82.03,Food_Beverage,CA,CA,Match,Authenticated_Success,Mobile_iOS,2616,0
PAY_001699,RuPay,Credit,362.94,Electronics,AU,AU,Match,Authenticated_Success,Desktop_Windows,153,0
PAY_001700,Mastercard,Debit,121.75,Digital_Gaming,IN,IN,Match,Exempt_LowRisk,Mobile_iOS,1432,0
PAY_001701,Discover,Prepaid,50.11,Electronics,FR,AU,Match,Authenticated_Success,Desktop_Windows,3067,0
PAY_001702,RuPay,Credit,156.09,Digital_Gaming,GB,GB,Match,Authenticated_Success,Mobile_iOS,2832,0
PAY_001703,Visa,Credit,67.37,Digital_Gaming,US,US,Match,Exempt_LowRisk,Mobile_iOS,586,0
PAY_001704,Mastercard,Credit,830.43,Luxury_Goods,DE,DE,Match,Authenticated_Success,Mobile_iOS,621,0
PAY_001705,Mastercard,Credit,58.06,Digital_Gaming,US,US,Match,Authenticated_Success,Mobile_iOS,3372,0
PAY_001706,RuPay,Credit,101.41,Digital_Gaming,CA,CA,Match,Authenticated_Success,Mobile_iOS,167,0
PAY_001707,Visa,Credit,632.56,Electronics,AE,AE,Match,Attempted_NoAuth,Desktop_Windows,3466,0
PAY_001708,Visa,Credit,53.28,Digital_Gaming,CA,CA,Match,Authenticated_Success,Desktop_macOS,1974,0
PAY_001709,American Express,Credit,91.15,Apparel,CA,IN,Match,Authenticated_Success,Mobile_iOS,2947,0
PAY_001710,Visa,Credit,1713.94,Luxury_Goods,DE,DE,NotProvided,Attempted_NoAuth,Mobile_iOS,786,1
PAY_001711,American Express,Debit,57.60,Digital_Gaming,IN,IN,Match,Attempted_NoAuth,Mobile_iOS,1256,0
PAY_001712,Visa,Credit,77.35,Travel_Airlines,GB,GB,Match,Authenticated_Success,Desktop_Windows,2660,0
PAY_001713,RuPay,Debit,140.28,Digital_Gaming,GB,AE,Match,Authenticated_Success,Mobile_iOS,593,0
PAY_001714,American Express,Corporate,323.23,Apparel,US,US,Match,Authenticated_Success,Mobile_iOS,370,0
PAY_001715,Visa,Debit,275.25,Apparel,CA,CA,Match,Attempted_NoAuth,Desktop_macOS,2223,0
PAY_001716,American Express,Credit,409.98,Electronics,US,US,Match,Authenticated_Success,Desktop_Windows,31,0
PAY_001717,Visa,Credit,5.06,Digital_Gaming,GB,GB,Match,Authenticated_Success,Mobile_Android,3427,0
PAY_001718,Mastercard,Debit,33.13,Food_Beverage,FR,FR,Mismatch,Authenticated_Success,Mobile_iOS,2466,1
PAY_001719,Mastercard,Credit,140.22,Travel_Airlines,US,US,Match,Exempt_LowRisk,Mobile_Android,2605,0
PAY_001720,American Express,Credit,70.06,Digital_Gaming,CA,CA,Match,Authenticated_Success,Mobile_iOS,1828,0
PAY_001721,Visa,Credit,1195.97,Electronics,US,US,Match,Authenticated_Success,Mobile_Android,2277,0
PAY_001722,Visa,Credit,20.32,Food_Beverage,US,US,Match,Authenticated_Success,Desktop_Windows,3474,0
PAY_001723,Mastercard,Credit,2199.62,Electronics,US,US,Match,Exempt_LowRisk,Mobile_iOS,18,0
PAY_001724,Mastercard,Debit,43.79,Apparel,US,US,Match,Authenticated_Success,Desktop_macOS,904,0
PAY_001725,Mastercard,Credit,28.69,Food_Beverage,AE,GB,Match,Exempt_LowRisk,Mobile_Android,2544,0
PAY_001726,Visa,Credit,168.97,Apparel,AE,FR,Match,Authenticated_Success,Desktop_Windows,450,0
PAY_001727,Visa,Debit,516.13,Electronics,DE,DE,Match,Authenticated_Success,Mobile_iOS,896,0
PAY_001728,American Express,Credit,136.31,Apparel,CA,CA,Match,Authenticated_Success,Mobile_iOS,85,0
PAY_001729,Visa,Debit,185.94,Luxury_Goods,FR,FR,Match,Authenticated_Success,Mobile_iOS,202,0
PAY_001730,Visa,Credit,324.36,Electronics,AU,AU,Match,Authenticated_Success,Desktop_Windows,1622,0
PAY_001731,Discover,Credit,139.06,Luxury_Goods,GB,GB,Match,Authenticated_Success,Mobile_iOS,2409,0
PAY_001732,Visa,Corporate,27.74,Digital_Gaming,US,US,Match,Exempt_LowRisk,Mobile_iOS,368,0
PAY_001733,Mastercard,Credit,60.08,Apparel,DE,DE,Match,Exempt_LowRisk,Desktop_Windows,3586,0
PAY_001734,Visa,Credit,27.06,Apparel,AE,AE,Match,Authenticated_Success,Desktop_Windows,2831,0
PAY_001735,American Express,Corporate,212.30,Food_Beverage,US,IN,Match,Authenticated_Success,Mobile_Android,2419,0
PAY_001736,Mastercard,Debit,35.30,Apparel,GB,US,Match,Authenticated_Success,Mobile_Android,263,0
PAY_001737,American Express,Debit,209.31,Travel_Airlines,US,US,Match,Attempted_NoAuth,Mobile_Android,1894,0
PAY_001738,Visa,Credit,25.32,Digital_Gaming,US,US,Match,Authenticated_Success,Mobile_Android,3360,0
PAY_001739,Mastercard,Credit,584.64,Electronics,DE,GB,Match,Authenticated_Success,Mobile_iOS,869,0
PAY_001740,American Express,Debit,32.05,Digital_Gaming,US,US,Match,Authenticated_Success,Mobile_iOS,1974,0
PAY_001741,Visa,Credit,234.21,Digital_Gaming,SG,SG,Match,Authenticated_Success,Mobile_Android,2059,0
PAY_001742,Visa,Credit,216.03,Digital_Gaming,FR,FR,Match,Authenticated_Success,Mobile_iOS,2542,0
PAY_001743,Visa,Debit,40.83,Food_Beverage,US,US,Mismatch,Authenticated_Success,Mobile_Android,3352,0
PAY_001744,RuPay,Credit,68.90,Food_Beverage,IN,IN,Match,Authenticated_Success,Mobile_Android,478,0
PAY_001745,Mastercard,Credit,158.41,Travel_Airlines,FR,FR,Match,Exempt_LowRisk,Mobile_iOS,230,0
PAY_001746,Mastercard,Credit,121.55,Digital_Gaming,GB,US,NotProvided,Authenticated_Success,Desktop_Windows,327,0
PAY_001747,Mastercard,Credit,53.84,Digital_Gaming,GB,AU,Mismatch,Failed,Desktop_Windows,975,1
PAY_001748,Mastercard,Debit,273.85,Luxury_Goods,IN,IN,Mismatch,Attempted_NoAuth,Mobile_Android,1291,1
PAY_001749,Mastercard,Debit,70.16,Apparel,GB,GB,Match,Authenticated_Success,Desktop_macOS,3206,0
PAY_001750,Mastercard,Credit,11.70,Food_Beverage,US,US,Match,Authenticated_Success,Mobile_iOS,1900,0
PAY_001751,Mastercard,Credit,61.35,Food_Beverage,US,US,Match,Attempted_NoAuth,Mobile_iOS,2719,0
PAY_001752,Visa,Credit,136.26,Apparel,US,US,Match,Authenticated_Success,Mobile_iOS,2101,0
PAY_001753,American Express,Credit,77.62,Food_Beverage,DE,DE,Match,Authenticated_Success,Mobile_Android,3476,0
PAY_001754,American Express,Credit,189.96,Food_Beverage,US,US,Match,Authenticated_Success,Mobile_iOS,1204,0
PAY_001755,Visa,Corporate,44.03,Digital_Gaming,CA,CA,Match,Authenticated_Success,Desktop_Windows,2442,0
PAY_001756,Mastercard,Credit,40.24,Food_Beverage,GB,AE,Match,Authenticated_Success,Mobile_iOS,995,0
PAY_001757,Visa,Credit,54.63,Electronics,IN,AE,Match,Exempt_LowRisk,Mobile_Android,852,0
PAY_001758,RuPay,Prepaid,119.50,Electronics,GB,GB,Match,Authenticated_Success,Mobile_Android,3582,0
PAY_001759,Discover,Credit,579.68,Apparel,SG,SG,Match,Authenticated_Success,Mobile_iOS,88,0
PAY_001760,Discover,Corporate,90.30,Digital_Gaming,AU,AU,Match,Exempt_LowRisk,Desktop_Windows,995,0
PAY_001761,Visa,Credit,35.02,Apparel,US,US,Match,Exempt_LowRisk,Mobile_Android,1409,0
PAY_001762,Visa,Credit,22.05,Subscription,DE,DE,Match,Authenticated_Success,Desktop_Windows,504,0
PAY_001763,Visa,Corporate,11.49,Apparel,US,US,Match,Authenticated_Success,Mobile_Android,2817,0
PAY_001764,Visa,Credit,26.75,Apparel,IN,IN,Match,Authenticated_Success,Mobile_Android,1312,0
PAY_001765,Visa,Credit,999.16,Luxury_Goods,CA,CA,Mismatch,Authenticated_Success,Mobile_Android,1675,0
PAY_001766,Visa,Credit,116.73,Electronics,US,US,Match,Authenticated_Success,Desktop_Windows,1109,0
PAY_001767,RuPay,Debit,92.97,Travel_Airlines,US,US,Match,Authenticated_Success,Mobile_iOS,3255,0
PAY_001768,Visa,Debit,26.23,Apparel,GB,GB,Match,Exempt_LowRisk,Mobile_Android,1539,0
PAY_001769,Visa,Credit,136.24,Subscription,IN,IN,Match,Authenticated_Success,Mobile_iOS,2873,0
PAY_001770,American Express,Debit,243.94,Travel_Airlines,IN,IN,Match,Authenticated_Success,Mobile_Android,2276,0
PAY_001771,Mastercard,Debit,93.66,Electronics,US,DE,Match,Authenticated_Success,Mobile_iOS,3488,0
PAY_001772,American Express,Credit,133.01,Electronics,US,US,Match,Exempt_LowRisk,Tablet,2201,0
PAY_001773,Mastercard,Credit,2113.48,Electronics,GB,GB,Match,Authenticated_Success,Mobile_iOS,3598,0
PAY_001774,American Express,Credit,255.08,Subscription,CA,CA,Match,Authenticated_Success,Mobile_Android,2549,0
PAY_001775,Mastercard,Credit,1341.82,Travel_Airlines,US,FR,Match,Exempt_LowRisk,Mobile_iOS,216,0
PAY_001776,Mastercard,Credit,9.71,Digital_Gaming,US,US,Match,Authenticated_Success,Mobile_iOS,572,0
PAY_001777,Mastercard,Credit,158.13,Electronics,AU,AU,Match,Authenticated_Success,Mobile_iOS,2882,0
PAY_001778,Mastercard,Credit,32.81,Food_Beverage,GB,AE,Match,Authenticated_Success,Desktop_Windows,168,0
PAY_001779,Visa,Credit,339.63,Electronics,FR,FR,Match,Authenticated_Success,Mobile_iOS,694,0
PAY_001780,Mastercard,Debit,855.84,Travel_Airlines,GB,GB,Match,Authenticated_Success,Mobile_iOS,2886,0
PAY_001781,Visa,Credit,381.98,Travel_Airlines,GB,GB,Match,Authenticated_Success,Mobile_iOS,1295,0
PAY_001782,American Express,Prepaid,25.54,Apparel,CA,DE,Match,Authenticated_Success,Mobile_iOS,793,0
PAY_001783,Visa,Corporate,32.23,Digital_Gaming,US,US,Match,Exempt_LowRisk,Desktop_macOS,722,0
PAY_001784,Visa,Debit,131.98,Apparel,US,US,Match,Authenticated_Success,Mobile_Android,1152,0
PAY_001785,Visa,Prepaid,147.24,Apparel,AE,AE,Match,Exempt_LowRisk,Desktop_Windows,3058,0
PAY_001786,American Express,Debit,77.87,Subscription,IN,IN,Match,Authenticated_Success,Mobile_Android,1663,0
PAY_001787,Visa,Credit,307.68,Travel_Airlines,FR,FR,Match,Exempt_LowRisk,Mobile_Android,3481,0
PAY_001788,Mastercard,Debit,70.47,Food_Beverage,US,US,Match,Authenticated_Success,Desktop_Windows,2614,0
PAY_001789,American Express,Credit,89.66,Digital_Gaming,US,US,Match,Authenticated_Success,Mobile_iOS,979,0
PAY_001790,Visa,Debit,146.58,Apparel,US,US,Match,Authenticated_Success,Desktop_Windows,597,0
PAY_001791,Mastercard,Credit,533.51,Travel_Airlines,SG,SG,Match,Authenticated_Success,Mobile_Android,3444,0
PAY_001792,Visa,Credit,68.44,Digital_Gaming,IN,JP,Mismatch,Authenticated_Success,Mobile_iOS,3293,1
PAY_001793,Visa,Credit,176.91,Electronics,GB,GB,Match,Exempt_LowRisk,Desktop_macOS,448,0
PAY_001794,Mastercard,Corporate,60.58,Apparel,JP,JP,Match,Authenticated_Success,Mobile_iOS,1174,0
PAY_001795,Discover,Credit,183.72,Luxury_Goods,US,US,Match,Exempt_LowRisk,Tablet,2712,0
PAY_001796,Visa,Credit,111.49,Travel_Airlines,CA,CA,Mismatch,Authenticated_Success,Desktop_macOS,3586,0
PAY_001797,Mastercard,Credit,121.31,Apparel,US,US,Match,Authenticated_Success,Mobile_iOS,3298,0
PAY_001798,Visa,Credit,30.44,Food_Beverage,US,US,Match,Exempt_LowRisk,Mobile_iOS,1042,0
PAY_001799,Mastercard,Debit,163.26,Apparel,SG,SG,Match,Authenticated_Success,Desktop_Windows,3273,0
PAY_001800,Mastercard,Debit,63.02,Apparel,IN,IN,Match,Authenticated_Success,Mobile_iOS,2648,0
PAY_001801,Mastercard,Credit,459.98,Electronics,US,US,Match,Exempt_LowRisk,Desktop_Windows,1689,0
PAY_001802,Mastercard,Credit,134.38,Food_Beverage,US,US,Match,Authenticated_Success,Mobile_iOS,1375,0
PAY_001803,Visa,Credit,168.55,Apparel,CA,CA,Match,Authenticated_Success,Mobile_iOS,2968,0
PAY_001804,Mastercard,Credit,39.49,Digital_Gaming,US,US,Match,Exempt_LowRisk,Mobile_Android,3053,0
PAY_001805,Mastercard,Debit,104.56,Apparel,CA,CA,Match,Authenticated_Success,Desktop_Windows,3336,0
PAY_001806,Mastercard,Debit,600.63,Travel_Airlines,CA,CA,Match,Authenticated_Success,Desktop_Windows,1688,0
PAY_001807,Visa,Credit,48.42,Travel_Airlines,US,US,Match,Attempted_NoAuth,Mobile_Android,974,0
PAY_001808,Mastercard,Debit,433.49,Apparel,US,US,Match,Authenticated_Success,Mobile_iOS,3177,0
PAY_001809,Visa,Credit,806.37,Subscription,US,US,Match,Authenticated_Success,Mobile_Android,1106,0
PAY_001810,Visa,Debit,529.34,Electronics,SG,JP,Match,Authenticated_Success,Mobile_iOS,2752,0
PAY_001811,Visa,Credit,453.09,Electronics,US,US,Match,Attempted_NoAuth,Mobile_iOS,1859,0
PAY_001812,Mastercard,Debit,127.44,Digital_Gaming,CA,CA,Match,Authenticated_Success,Mobile_iOS,2139,0
PAY_001813,Mastercard,Credit,186.89,Travel_Airlines,US,US,Mismatch,Authenticated_Success,Mobile_Android,765,0
PAY_001814,Visa,Corporate,59.08,Apparel,DE,DE,Mismatch,Authenticated_Success,Mobile_iOS,913,0
PAY_001815,American Express,Credit,192.64,Digital_Gaming,US,US,Match,Authenticated_Success,Mobile_iOS,2382,0
PAY_001816,Mastercard,Credit,22.86,Apparel,US,GB,Match,Authenticated_Success,Mobile_Android,949,0
PAY_001817,Mastercard,Credit,20.76,Digital_Gaming,FR,FR,Match,Authenticated_Success,Mobile_iOS,2442,0
PAY_001818,Mastercard,Credit,279.99,Luxury_Goods,DE,DE,Match,Authenticated_Success,Tablet,3618,0
PAY_001819,Mastercard,Credit,137.26,Subscription,US,US,Match,Authenticated_Success,Mobile_iOS,301,0
PAY_001820,Mastercard,Debit,25.73,Digital_Gaming,US,FR,Match,Authenticated_Success,Mobile_iOS,3377,0
PAY_001821,Discover,Debit,338.27,Luxury_Goods,JP,JP,Mismatch,Authenticated_Success,Desktop_macOS,627,0
PAY_001822,Mastercard,Credit,59.30,Digital_Gaming,US,AE,Match,Authenticated_Success,Mobile_Android,506,0
PAY_001823,Mastercard,Debit,21.91,Apparel,US,US,Match,Authenticated_Success,Desktop_Windows,3044,0
PAY_001824,Mastercard,Debit,4.56,Apparel,GB,AU,Match,Authenticated_Success,Mobile_Android,745,0
PAY_001825,Mastercard,Credit,21.56,Subscription,US,US,Match,Attempted_NoAuth,Mobile_iOS,2363,0
PAY_001826,Visa,Credit,248.79,Electronics,CA,CA,Match,Authenticated_Success,Mobile_Android,390,0
PAY_001827,Mastercard,Credit,455.34,Travel_Airlines,DE,DE,Match,Authenticated_Success,Mobile_Android,317,0
PAY_001828,Mastercard,Credit,321.64,Electronics,GB,GB,Match,Authenticated_Success,Mobile_Android,735,0
PAY_001829,Discover,Debit,130.39,Food_Beverage,CA,CA,Match,Authenticated_Success,Mobile_iOS,1900,0
PAY_001830,Mastercard,Corporate,93.75,Electronics,GB,GB,Match,Authenticated_Success,Mobile_iOS,1060,0
PAY_001831,Mastercard,Debit,26.45,Subscription,FR,FR,Match,Authenticated_Success,Mobile_iOS,816,0
PAY_001832,RuPay,Credit,402.97,Travel_Airlines,US,US,Match,Authenticated_Success,Desktop_Windows,3057,0
PAY_001833,Mastercard,Debit,147.92,Electronics,US,US,Match,Exempt_LowRisk,Mobile_iOS,635,0
PAY_001834,Visa,Debit,723.49,Travel_Airlines,DE,JP,Match,Authenticated_Success,Tablet,348,0
PAY_001835,Visa,Credit,659.39,Luxury_Goods,US,US,Mismatch,Failed,Mobile_iOS,403,1
PAY_001836,Visa,Debit,273.75,Apparel,US,CA,Match,Authenticated_Success,Mobile_Android,3219,0
PAY_001837,Visa,Credit,39.96,Apparel,US,JP,Match,Authenticated_Success,Mobile_iOS,1736,0
PAY_001838,Mastercard,Credit,863.14,Travel_Airlines,DE,DE,Match,Exempt_LowRisk,Mobile_Android,3547,0
PAY_001839,Mastercard,Credit,2500.98,Travel_Airlines,US,US,Match,Authenticated_Success,Desktop_Windows,2946,0
PAY_001840,Mastercard,Credit,70.75,Apparel,DE,DE,Match,Exempt_LowRisk,Mobile_Android,1029,0
PAY_001841,Visa,Corporate,115.50,Food_Beverage,FR,FR,Match,Authenticated_Success,Mobile_iOS,2886,0
PAY_001842,Mastercard,Credit,23.96,Apparel,CA,CA,Match,Authenticated_Success,Desktop_Windows,1665,0
PAY_001843,Visa,Credit,499.24,Electronics,US,US,Match,Authenticated_Success,Mobile_iOS,2044,0
PAY_001844,Discover,Credit,230.90,Digital_Gaming,IN,IN,Match,Authenticated_Success,Mobile_Android,1932,0
PAY_001845,Visa,Credit,108.39,Electronics,US,US,Match,Authenticated_Success,Desktop_Windows,2768,0
PAY_001846,Mastercard,Credit,127.07,Apparel,AU,AU,Match,Authenticated_Success,Mobile_iOS,751,0
PAY_001847,Visa,Credit,90.79,Digital_Gaming,DE,DE,Match,Attempted_NoAuth,Mobile_Android,217,0
PAY_001848,Mastercard,Debit,102.50,Apparel,US,US,Match,Authenticated_Success,Desktop_Windows,2670,0
PAY_001849,Visa,Credit,456.16,Electronics,IN,AU,Match,Authenticated_Success,Mobile_iOS,3481,0
PAY_001850,Mastercard,Debit,472.05,Travel_Airlines,GB,GB,Match,Exempt_LowRisk,Mobile_iOS,2117,0
PAY_001851,Visa,Credit,57.23,Digital_Gaming,GB,GB,Match,Authenticated_Success,Mobile_Android,429,0
PAY_001852,Discover,Debit,166.77,Food_Beverage,GB,GB,Match,Exempt_LowRisk,Desktop_Windows,410,0
PAY_001853,Mastercard,Debit,226.57,Digital_Gaming,CA,CA,Match,Exempt_LowRisk,Mobile_Android,1988,0
PAY_001854,Mastercard,Credit,36.25,Digital_Gaming,DE,DE,Mismatch,Authenticated_Success,Mobile_Android,3270,0
PAY_001855,American Express,Credit,66.55,Apparel,AU,AU,Match,Attempted_NoAuth,Mobile_iOS,2240,0
PAY_001856,RuPay,Corporate,38.12,Travel_Airlines,US,US,Match,Authenticated_Success,Mobile_iOS,1103,0
PAY_001857,Visa,Credit,354.81,Electronics,CA,FR,Match,Authenticated_Success,Mobile_iOS,2266,0
PAY_001858,Visa,Debit,256.06,Apparel,DE,DE,Match,Authenticated_Success,Mobile_iOS,571,0
PAY_001859,Visa,Credit,50.25,Food_Beverage,DE,DE,Mismatch,Authenticated_Success,Mobile_iOS,1749,0
PAY_001860,Visa,Credit,308.92,Travel_Airlines,GB,GB,Match,Authenticated_Success,Mobile_iOS,3583,0
PAY_001861,Mastercard,Credit,340.22,Luxury_Goods,US,US,Match,Authenticated_Success,Mobile_Android,2297,0
PAY_001862,RuPay,Corporate,122.40,Electronics,FR,AU,Mismatch,Failed,Mobile_Android,376,1
PAY_001863,RuPay,Credit,241.05,Electronics,US,US,Match,Authenticated_Success,Mobile_iOS,736,0
PAY_001864,Mastercard,Debit,28.14,Digital_Gaming,US,US,Match,Authenticated_Success,Mobile_Android,218,0
PAY_001865,Mastercard,Debit,205.92,Travel_Airlines,GB,GB,Match,Authenticated_Success,Mobile_iOS,1467,0
PAY_001866,American Express,Credit,24.66,Digital_Gaming,US,US,NotProvided,Attempted_NoAuth,Mobile_iOS,867,0
PAY_001867,Discover,Credit,356.95,Electronics,US,US,Match,Exempt_LowRisk,Tablet,3575,0
PAY_001868,Visa,Credit,242.93,Electronics,US,AE,Match,Attempted_NoAuth,Mobile_Android,1165,0
PAY_001869,Mastercard,Credit,41.50,Digital_Gaming,DE,DE,Match,Authenticated_Success,Mobile_iOS,128,0
PAY_001870,American Express,Debit,277.85,Travel_Airlines,JP,DE,Match,Authenticated_Success,Mobile_iOS,1583,0
PAY_001871,Visa,Credit,146.47,Electronics,GB,GB,Match,Authenticated_Success,Mobile_Android,2691,0
PAY_001872,Mastercard,Credit,657.14,Electronics,US,US,Match,Authenticated_Success,Mobile_iOS,2501,0
PAY_001873,RuPay,Debit,41.05,Apparel,IN,GB,Match,Authenticated_Success,Tablet,3565,0
PAY_001874,RuPay,Debit,375.47,Electronics,US,AE,Match,Authenticated_Success,Mobile_Android,1335,0
PAY_001875,Discover,Credit,30.70,Digital_Gaming,AE,AE,Mismatch,Exempt_LowRisk,Mobile_iOS,1909,0
PAY_001876,American Express,Debit,457.27,Electronics,CA,CA,Match,Authenticated_Success,Mobile_Android,2042,0
PAY_001877,Visa,Credit,1356.74,Luxury_Goods,US,US,Match,Authenticated_Success,Mobile_Android,88,0
PAY_001878,Visa,Debit,879.41,Travel_Airlines,GB,GB,Match,Authenticated_Success,Mobile_Android,22,0
PAY_001879,Mastercard,Credit,336.34,Subscription,US,CA,Match,Authenticated_Success,Desktop_macOS,2905,0
PAY_001880,Mastercard,Credit,91.99,Subscription,FR,FR,Match,Authenticated_Success,Desktop_macOS,1405,0
PAY_001881,Mastercard,Credit,260.28,Apparel,US,US,Match,Attempted_NoAuth,Mobile_iOS,2512,0
PAY_001882,Mastercard,Debit,1114.56,Electronics,IN,IN,Match,Authenticated_Success,Mobile_iOS,3449,0
PAY_001883,Visa,Debit,19.41,Apparel,FR,FR,Match,Authenticated_Success,Mobile_iOS,893,0
PAY_001884,Mastercard,Credit,137.38,Travel_Airlines,IN,IN,Match,Authenticated_Success,Mobile_Android,2828,0
PAY_001885,Visa,Debit,36.03,Electronics,AU,AU,Match,Authenticated_Success,Mobile_Android,780,0
PAY_001886,Visa,Debit,214.27,Apparel,US,US,Mismatch,Exempt_LowRisk,Mobile_iOS,2704,0
PAY_001887,Visa,Credit,12.69,Apparel,GB,SG,Match,Exempt_LowRisk,Desktop_macOS,584,0
PAY_001888,Visa,Debit,26.36,Electronics,IN,SG,Match,Authenticated_Success,Mobile_iOS,1112,0
PAY_001889,American Express,Credit,79.77,Travel_Airlines,US,US,Match,Attempted_NoAuth,Desktop_Windows,1717,0
PAY_001890,Mastercard,Prepaid,64.05,Luxury_Goods,US,US,Match,Authenticated_Success,Desktop_Windows,1782,0
PAY_001891,Visa,Credit,89.96,Digital_Gaming,US,CA,NotProvided,Exempt_LowRisk,Mobile_iOS,111,0
PAY_001892,Mastercard,Credit,20.23,Food_Beverage,US,CA,Match,Authenticated_Success,Mobile_iOS,3082,0
PAY_001893,Mastercard,Credit,29.09,Electronics,AU,AU,Match,Exempt_LowRisk,Mobile_iOS,23,0
PAY_001894,Visa,Credit,178.32,Electronics,GB,GB,Match,Exempt_LowRisk,Desktop_macOS,3212,0
PAY_001895,Visa,Debit,67.95,Apparel,DE,DE,Match,Authenticated_Success,Mobile_iOS,753,0
PAY_001896,Visa,Credit,55.43,Luxury_Goods,JP,JP,Match,Authenticated_Success,Desktop_Windows,2593,0
PAY_001897,Mastercard,Credit,30.41,Digital_Gaming,US,US,NotProvided,Authenticated_Success,Mobile_Android,2597,0
PAY_001898,Visa,Credit,172.00,Electronics,FR,FR,Match,Authenticated_Success,Mobile_Android,1666,0
PAY_001899,Visa,Corporate,45.04,Subscription,US,US,Match,Authenticated_Success,Desktop_macOS,1961,0
PAY_001900,Visa,Debit,46.41,Apparel,US,US,Match,Authenticated_Success,Mobile_Android,267,0
PAY_001901,Mastercard,Credit,244.01,Apparel,US,US,Match,Authenticated_Success,Desktop_Windows,3288,0
PAY_001902,Visa,Credit,4596.27,Luxury_Goods,US,US,Match,Authenticated_Success,Mobile_Android,436,0
PAY_001903,American Express,Credit,47.25,Subscription,GB,GB,Match,Exempt_LowRisk,Mobile_iOS,2403,0
PAY_001904,Visa,Corporate,101.26,Luxury_Goods,GB,GB,Match,Authenticated_Success,Mobile_iOS,2,0
PAY_001905,Mastercard,Debit,51.52,Subscription,US,US,Match,Authenticated_Success,Mobile_iOS,2722,0
PAY_001906,Mastercard,Debit,231.21,Electronics,US,IN,Match,Authenticated_Success,Desktop_Windows,1311,0
PAY_001907,Mastercard,Corporate,408.79,Luxury_Goods,DE,DE,Match,Attempted_NoAuth,Mobile_iOS,1758,0
PAY_001908,Visa,Credit,130.55,Food_Beverage,US,US,Match,Authenticated_Success,Mobile_Android,86,0
PAY_001909,American Express,Debit,759.83,Digital_Gaming,IN,IN,Match,Authenticated_Success,Mobile_iOS,799,0
PAY_001910,Discover,Credit,10.13,Apparel,SG,SG,Match,Authenticated_Success,Mobile_Android,1588,0
PAY_001911,Visa,Credit,38.18,Subscription,DE,DE,Match,Authenticated_Success,Desktop_Windows,2619,0
PAY_001912,Visa,Credit,1017.27,Electronics,CA,CA,Match,Attempted_NoAuth,Mobile_Android,2181,0
PAY_001913,Discover,Credit,37.55,Apparel,DE,CA,Match,Authenticated_Success,Tablet,951,0
PAY_001914,Mastercard,Corporate,158.93,Food_Beverage,DE,DE,NotProvided,Authenticated_Success,Mobile_iOS,2175,0
PAY_001915,Visa,Credit,133.49,Food_Beverage,SG,GB,Match,Authenticated_Success,Mobile_iOS,814,0
PAY_001916,Visa,Debit,259.97,Subscription,JP,JP,Match,Authenticated_Success,Mobile_Android,2027,0
PAY_001917,Mastercard,Debit,547.12,Food_Beverage,GB,GB,Match,Authenticated_Success,Mobile_iOS,1972,0
PAY_001918,Mastercard,Debit,269.35,Electronics,CA,CA,Match,Authenticated_Success,Mobile_Android,826,0
PAY_001919,Mastercard,Corporate,9.77,Subscription,IN,IN,Match,Authenticated_Success,Desktop_Windows,732,0
PAY_001920,RuPay,Credit,30.86,Digital_Gaming,US,GB,Match,Authenticated_Success,Mobile_iOS,1895,0
PAY_001921,Mastercard,Credit,4800.43,Luxury_Goods,GB,GB,Match,Authenticated_Success,Desktop_macOS,2142,0
PAY_001922,Visa,Credit,14.07,Apparel,DE,DE,Match,Authenticated_Success,Mobile_iOS,3576,0
PAY_001923,Mastercard,Credit,115.18,Food_Beverage,DE,DE,Match,Authenticated_Success,Mobile_Android,1808,0
PAY_001924,Visa,Corporate,4.20,Digital_Gaming,US,IN,Match,Authenticated_Success,Mobile_Android,1623,0
PAY_001925,Visa,Credit,15.08,Food_Beverage,US,US,Match,Exempt_LowRisk,Mobile_Android,1737,0
PAY_001926,Visa,Credit,495.34,Electronics,US,US,Match,Exempt_LowRisk,Mobile_iOS,3192,0
PAY_001927,Visa,Credit,194.26,Electronics,CA,CA,Match,Exempt_LowRisk,Desktop_macOS,1121,0
PAY_001928,Mastercard,Credit,44.08,Digital_Gaming,SG,SG,Match,Authenticated_Success,Desktop_macOS,1392,0
PAY_001929,Visa,Debit,76.24,Electronics,AU,AU,Match,Exempt_LowRisk,Mobile_Android,1347,0
PAY_001930,Mastercard,Credit,29.67,Travel_Airlines,US,US,Match,Authenticated_Success,Mobile_Android,2274,0
PAY_001931,Mastercard,Debit,142.99,Apparel,US,CA,Match,Authenticated_Success,Mobile_Android,2553,0
PAY_001932,Mastercard,Debit,48.84,Digital_Gaming,FR,FR,NotProvided,Attempted_NoAuth,Mobile_Android,1759,1
PAY_001933,American Express,Debit,35.01,Electronics,DE,DE,Mismatch,Authenticated_Success,Mobile_Android,963,0
PAY_001934,American Express,Credit,193.03,Electronics,GB,GB,Mismatch,Authenticated_Success,Mobile_Android,2513,0
PAY_001935,Mastercard,Debit,821.54,Luxury_Goods,US,US,Match,Exempt_LowRisk,Desktop_Windows,1006,0
PAY_001936,Visa,Credit,53.48,Apparel,US,US,Match,Attempted_NoAuth,Mobile_Android,3275,0
PAY_001937,Mastercard,Credit,212.13,Electronics,FR,CA,Match,Authenticated_Success,Mobile_iOS,2278,0
PAY_001938,Mastercard,Debit,69.54,Apparel,CA,CA,Match,Attempted_NoAuth,Desktop_macOS,1609,0
PAY_001939,Visa,Debit,85.81,Electronics,US,US,Match,Authenticated_Success,Mobile_iOS,852,0
PAY_001940,Visa,Credit,460.12,Luxury_Goods,SG,AU,Match,Attempted_NoAuth,Mobile_iOS,2764,0
PAY_001941,Visa,Debit,419.20,Electronics,DE,DE,Match,Authenticated_Success,Tablet,2225,0
PAY_001942,Mastercard,Credit,208.12,Apparel,SG,SG,Match,Authenticated_Success,Mobile_iOS,3221,0
PAY_001943,Visa,Debit,636.57,Travel_Airlines,GB,GB,NotProvided,Authenticated_Success,Mobile_iOS,2579,0
PAY_001944,Visa,Prepaid,31.73,Digital_Gaming,GB,GB,Match,Attempted_NoAuth,Mobile_Android,2882,0
PAY_001945,American Express,Credit,134.27,Digital_Gaming,SG,SG,Match,Authenticated_Success,Desktop_Windows,337,0
PAY_001946,Discover,Debit,111.28,Apparel,JP,SG,Match,Authenticated_Success,Mobile_iOS,90,0
PAY_001947,Visa,Debit,30.55,Subscription,JP,AE,Match,Exempt_LowRisk,Mobile_Android,2403,0
PAY_001948,Discover,Debit,40.02,Apparel,IN,IN,Match,Authenticated_Success,Mobile_iOS,1,0
PAY_001949,Visa,Debit,140.85,Apparel,GB,FR,Match,Authenticated_Success,Mobile_Android,3252,0
PAY_001950,Discover,Debit,303.26,Food_Beverage,US,US,Match,Authenticated_Success,Mobile_iOS,3222,0
PAY_001951,RuPay,Credit,59.08,Luxury_Goods,US,US,Match,Exempt_LowRisk,Mobile_iOS,2135,0
PAY_001952,Visa,Debit,2632.97,Luxury_Goods,SG,AU,Match,Exempt_LowRisk,Desktop_macOS,2662,0
PAY_001953,Mastercard,Credit,239.98,Food_Beverage,US,DE,Match,Authenticated_Success,Mobile_Android,1540,0
PAY_001954,RuPay,Prepaid,232.44,Electronics,FR,FR,Match,Authenticated_Success,Desktop_Windows,3497,0
PAY_001955,Discover,Credit,51.17,Food_Beverage,SG,US,Mismatch,Authenticated_Success,Desktop_macOS,132,0
PAY_001956,RuPay,Credit,665.99,Luxury_Goods,JP,JP,NotProvided,Authenticated_Success,Desktop_macOS,1068,0
PAY_001957,Mastercard,Debit,32.96,Apparel,SG,SG,Match,Authenticated_Success,Desktop_Windows,2546,0
PAY_001958,Visa,Credit,54.85,Apparel,CA,CA,Match,Authenticated_Success,Mobile_iOS,2876,0
PAY_001959,American Express,Credit,36.86,Electronics,GB,GB,NotProvided,Attempted_NoAuth,Desktop_Windows,884,1
PAY_001960,Mastercard,Debit,9.82,Subscription,AE,AE,Match,Authenticated_Success,Mobile_Android,2925,0
PAY_001961,Mastercard,Credit,2428.81,Electronics,US,IN,Mismatch,Failed,Mobile_iOS,1682,1
PAY_001962,Visa,Credit,71.48,Apparel,US,US,Match,Authenticated_Success,Mobile_Android,3129,0
PAY_001963,Mastercard,Credit,333.74,Travel_Airlines,JP,AE,Match,Exempt_LowRisk,Mobile_iOS,975,0
PAY_001964,Visa,Credit,257.88,Travel_Airlines,DE,DE,Match,Exempt_LowRisk,Mobile_Android,2526,0
PAY_001965,Mastercard,Credit,75.12,Electronics,GB,CA,Match,Authenticated_Success,Desktop_Windows,758,0
PAY_001966,Visa,Credit,47.57,Food_Beverage,US,SG,Mismatch,Failed,Mobile_Android,505,1
PAY_001967,Mastercard,Credit,73.72,Digital_Gaming,GB,GB,Match,Attempted_NoAuth,Mobile_iOS,2574,0
PAY_001968,American Express,Credit,53.72,Food_Beverage,SG,SG,Match,Exempt_LowRisk,Mobile_iOS,2485,0
PAY_001969,Mastercard,Credit,81.63,Electronics,CA,CA,Match,Authenticated_Success,Desktop_Windows,1071,0
PAY_001970,Mastercard,Debit,316.42,Electronics,GB,CA,Match,Authenticated_Success,Mobile_Android,2206,0
PAY_001971,Visa,Debit,533.26,Luxury_Goods,CA,JP,Match,Exempt_LowRisk,Mobile_Android,3436,0
PAY_001972,RuPay,Credit,287.67,Electronics,AU,AU,Match,Authenticated_Success,Desktop_Windows,1218,0
PAY_001973,Mastercard,Credit,144.83,Digital_Gaming,SG,SG,Match,Authenticated_Success,Desktop_Windows,1831,0
PAY_001974,Visa,Corporate,154.79,Electronics,GB,GB,Match,Authenticated_Success,Mobile_Android,762,0
PAY_001975,Visa,Debit,221.52,Travel_Airlines,CA,CA,Match,Authenticated_Success,Mobile_Android,1891,0
PAY_001976,Visa,Credit,340.60,Food_Beverage,US,IN,Match,Exempt_LowRisk,Mobile_iOS,3230,0
PAY_001977,Mastercard,Credit,23.61,Food_Beverage,GB,GB,Match,Exempt_LowRisk,Desktop_macOS,2321,0
PAY_001978,Discover,Credit,8.49,Subscription,US,US,Match,Authenticated_Success,Mobile_Android,518,0
PAY_001979,Mastercard,Debit,122.87,Food_Beverage,GB,JP,Match,Authenticated_Success,Desktop_Windows,2703,0
PAY_001980,Visa,Corporate,33.37,Digital_Gaming,CA,FR,Mismatch,Attempted_NoAuth,Mobile_iOS,1541,0
PAY_001981,American Express,Corporate,20.39,Apparel,US,US,Match,Authenticated_Success,Mobile_Android,67,0
PAY_001982,Visa,Credit,176.58,Food_Beverage,US,US,Match,Authenticated_Success,Mobile_iOS,2273,0
PAY_001983,American Express,Credit,56.87,Subscription,US,SG,Mismatch,Failed,Mobile_Android,1092,1
PAY_001984,Visa,Credit,16.61,Subscription,US,US,Match,Authenticated_Success,Mobile_Android,3547,0
PAY_001985,Mastercard,Credit,2241.13,Travel_Airlines,DE,DE,Match,Authenticated_Success,Desktop_Windows,3632,0
PAY_001986,Discover,Credit,31.75,Electronics,US,US,Match,Authenticated_Success,Mobile_iOS,2449,0
PAY_001987,Visa,Debit,60.62,Subscription,US,US,Mismatch,Authenticated_Success,Desktop_Windows,2304,0
PAY_001988,Mastercard,Credit,8.35,Subscription,AE,IN,Match,Authenticated_Success,Mobile_iOS,1113,0
PAY_001989,RuPay,Corporate,583.78,Luxury_Goods,US,AU,Match,Exempt_LowRisk,Mobile_Android,259,0
PAY_001990,Visa,Credit,32.94,Food_Beverage,AU,AU,NotProvided,Attempted_NoAuth,Mobile_iOS,222,0
PAY_001991,Visa,Credit,164.22,Digital_Gaming,CA,CA,Match,Exempt_LowRisk,Mobile_iOS,1693,0
PAY_001992,Mastercard,Debit,65.42,Subscription,DE,DE,Match,Authenticated_Success,Desktop_macOS,1160,0
PAY_001993,Visa,Debit,824.92,Electronics,CA,CA,Match,Authenticated_Success,Mobile_iOS,3505,0
PAY_001994,Visa,Credit,41.57,Food_Beverage,US,US,Match,Authenticated_Success,Desktop_macOS,1069,0
PAY_001995,Mastercard,Debit,31.96,Electronics,IN,IN,Match,Authenticated_Success,Mobile_iOS,784,0
PAY_001996,Mastercard,Credit,86.60,Apparel,IN,IN,Match,Authenticated_Success,Mobile_Android,2989,0
PAY_001997,Visa,Credit,141.43,Electronics,US,US,Match,Exempt_LowRisk,Mobile_iOS,3050,0
PAY_001998,Visa,Credit,9.01,Digital_Gaming,FR,FR,Match,Authenticated_Success,Mobile_Android,1375,0
PAY_001999,American Express,Credit,20.89,Apparel,GB,GB,Match,Authenticated_Success,Desktop_macOS,299,0
PAY_002000,Mastercard,Debit,29.64,Subscription,AU,AU,Match,Authenticated_Success,Mobile_Android,360,0
PAY_002001,American Express,Credit,369.05,Digital_Gaming,IN,IN,Match,Authenticated_Success,Mobile_iOS,1901,0
PAY_002002,Mastercard,Debit,145.21,Food_Beverage,US,US,Match,Exempt_LowRisk,Desktop_Windows,3175,0
PAY_002003,RuPay,Debit,45.49,Apparel,AU,AU,Match,Authenticated_Success,Desktop_Windows,1412,0
PAY_002004,Mastercard,Credit,313.43,Electronics,JP,JP,Match,Authenticated_Success,Mobile_iOS,66,0
PAY_002005,Visa,Credit,28.30,Travel_Airlines,FR,FR,Match,Authenticated_Success,Mobile_Android,1369,0
PAY_002006,American Express,Credit,143.29,Travel_Airlines,US,CA,Match,Exempt_LowRisk,Mobile_Android,11,0
PAY_002007,Mastercard,Debit,103.66,Digital_Gaming,IN,AE,Match,Authenticated_Success,Desktop_Windows,1546,0
PAY_002008,Visa,Debit,79.99,Food_Beverage,CA,US,Match,Exempt_LowRisk,Mobile_iOS,1733,0
PAY_002009,Visa,Debit,36.84,Food_Beverage,US,SG,Match,Attempted_NoAuth,Mobile_Android,2668,1
PAY_002010,Mastercard,Credit,63.93,Digital_Gaming,AU,AU,Match,Exempt_LowRisk,Tablet,253,0
PAY_002011,Visa,Credit,96.73,Subscription,CA,JP,Match,Authenticated_Success,Mobile_Android,1755,0
PAY_002012,Visa,Credit,264.01,Travel_Airlines,IN,IN,Match,Authenticated_Success,Mobile_Android,647,0
PAY_002013,Visa,Credit,1117.56,Luxury_Goods,DE,JP,Match,Authenticated_Success,Tablet,1702,0
PAY_002014,Mastercard,Debit,94.69,Apparel,US,SG,Match,Authenticated_Success,Mobile_iOS,3596,0
PAY_002015,Visa,Credit,327.66,Electronics,JP,FR,Match,Exempt_LowRisk,Mobile_Android,2705,0
PAY_002016,Mastercard,Credit,439.18,Apparel,CA,CA,Match,Exempt_LowRisk,Desktop_Windows,3082,0
PAY_002017,Visa,Credit,662.85,Travel_Airlines,GB,GB,Match,Authenticated_Success,Desktop_Windows,141,0
PAY_002018,Visa,Credit,1810.48,Travel_Airlines,GB,GB,Match,Authenticated_Success,Tablet,2788,0
PAY_002019,Mastercard,Debit,31.85,Apparel,US,US,Match,Exempt_LowRisk,Mobile_Android,3160,0
PAY_002020,Visa,Credit,75.20,Luxury_Goods,DE,SG,Match,Exempt_LowRisk,Mobile_iOS,2448,0
PAY_002021,Mastercard,Corporate,160.02,Electronics,GB,GB,Match,Authenticated_Success,Mobile_Android,2854,0
PAY_002022,Visa,Debit,52.03,Apparel,SG,SG,Match,Authenticated_Success,Mobile_iOS,175,0
PAY_002023,Visa,Corporate,332.07,Subscription,JP,JP,Match,Authenticated_Success,Desktop_macOS,2696,0
PAY_002024,Visa,Debit,19.24,Apparel,FR,FR,Match,Authenticated_Success,Mobile_iOS,3051,0
PAY_002025,Mastercard,Debit,61.14,Apparel,US,US,Match,Exempt_LowRisk,Mobile_Android,843,0
PAY_002026,Visa,Debit,104.14,Digital_Gaming,DE,DE,Match,Authenticated_Success,Mobile_Android,1720,0
PAY_002027,American Express,Credit,74.45,Apparel,US,US,Match,Authenticated_Success,Mobile_iOS,1543,0
PAY_002028,Visa,Credit,220.88,Travel_Airlines,IN,IN,Match,Authenticated_Success,Mobile_iOS,359,0
PAY_002029,Mastercard,Debit,98.93,Subscription,GB,GB,Mismatch,Authenticated_Success,Mobile_Android,469,0
PAY_002030,Mastercard,Credit,218.55,Digital_Gaming,SG,SG,Match,Authenticated_Success,Mobile_iOS,1098,0
PAY_002031,Visa,Credit,361.16,Digital_Gaming,US,US,Match,Attempted_NoAuth,Tablet,399,0
PAY_002032,Mastercard,Debit,69.14,Apparel,US,US,Match,Authenticated_Success,Desktop_macOS,1832,0
PAY_002033,Visa,Credit,27.18,Digital_Gaming,AE,AE,Match,Authenticated_Success,Mobile_iOS,204,0
PAY_002034,Mastercard,Credit,360.68,Apparel,GB,GB,Match,Exempt_LowRisk,Desktop_Windows,50,0
PAY_002035,Visa,Debit,57.07,Electronics,IN,IN,Match,Authenticated_Success,Mobile_iOS,2297,0
PAY_002036,American Express,Credit,478.01,Food_Beverage,SG,SG,Match,Authenticated_Success,Mobile_iOS,922,0
PAY_002037,Discover,Corporate,292.52,Digital_Gaming,GB,AU,Match,Attempted_NoAuth,Mobile_iOS,1380,1
PAY_002038,Visa,Credit,343.21,Digital_Gaming,GB,GB,Match,Authenticated_Success,Desktop_Windows,1226,0
PAY_002039,Mastercard,Corporate,396.85,Electronics,CA,DE,Match,Authenticated_Success,Mobile_Android,1712,0
PAY_002040,Mastercard,Debit,6.53,Food_Beverage,IN,IN,Match,Authenticated_Success,Mobile_iOS,1693,0
PAY_002041,Visa,Credit,59.54,Electronics,JP,JP,Match,Attempted_NoAuth,Desktop_Windows,487,0
PAY_002042,American Express,Credit,93.46,Apparel,US,GB,Match,Exempt_LowRisk,Desktop_Windows,8,0
PAY_002043,Mastercard,Credit,31.71,Food_Beverage,FR,FR,Match,Authenticated_Success,Desktop_Windows,1618,0
PAY_002044,Discover,Credit,47.14,Digital_Gaming,US,SG,Match,Authenticated_Success,Mobile_Android,2064,0
PAY_002045,RuPay,Credit,130.85,Subscription,CA,DE,Match,Authenticated_Success,Desktop_Windows,2805,0
PAY_002046,Visa,Prepaid,154.88,Electronics,IN,IN,Match,Authenticated_Success,Mobile_Android,722,0
PAY_002047,Mastercard,Credit,69.78,Travel_Airlines,AU,CA,Match,Authenticated_Success,Mobile_iOS,306,0
PAY_002048,Mastercard,Debit,176.66,Subscription,GB,AU,Match,Authenticated_Success,Desktop_Windows,2180,0
PAY_002049,Visa,Credit,117.49,Digital_Gaming,US,US,Match,Authenticated_Success,Mobile_iOS,3293,0
PAY_002050,Visa,Prepaid,202.84,Travel_Airlines,US,US,Match,Exempt_LowRisk,Desktop_Windows,873,0
PAY_002051,RuPay,Credit,145.82,Apparel,US,US,Match,Authenticated_Success,Mobile_Android,313,0
PAY_002052,Visa,Credit,296.14,Travel_Airlines,US,AE,Match,Authenticated_Success,Mobile_iOS,1470,0
PAY_002053,Mastercard,Debit,288.44,Food_Beverage,AU,CA,Match,Exempt_LowRisk,Mobile_iOS,2047,0
PAY_002054,American Express,Credit,315.02,Travel_Airlines,GB,JP,Mismatch,Exempt_LowRisk,Mobile_Android,2276,0
PAY_002055,Visa,Debit,286.09,Subscription,US,US,Match,Authenticated_Success,Desktop_Windows,412,0
PAY_002056,Mastercard,Credit,8.49,Digital_Gaming,FR,FR,Match,Exempt_LowRisk,Desktop_Windows,2396,0
PAY_002057,RuPay,Credit,110.51,Digital_Gaming,US,US,Match,Exempt_LowRisk,Mobile_Android,1253,0
PAY_002058,Mastercard,Credit,43.05,Apparel,US,US,Match,Authenticated_Success,Mobile_iOS,112,0
PAY_002059,Visa,Debit,103.68,Travel_Airlines,SG,SG,Match,Authenticated_Success,Mobile_iOS,3366,0
PAY_002060,Visa,Credit,238.50,Food_Beverage,US,US,NotProvided,Authenticated_Success,Desktop_Windows,1953,0
PAY_002061,Discover,Credit,1152.63,Luxury_Goods,GB,GB,Match,Authenticated_Success,Mobile_Android,1114,0
PAY_002062,Visa,Credit,7.34,Apparel,CA,CA,Mismatch,Exempt_LowRisk,Desktop_Windows,2980,0
PAY_002063,Mastercard,Credit,146.50,Digital_Gaming,US,US,Match,Attempted_NoAuth,Mobile_iOS,2909,0
PAY_002064,Visa,Credit,512.79,Travel_Airlines,US,US,Match,Authenticated_Success,Mobile_iOS,754,0
PAY_002065,Mastercard,Corporate,30.10,Subscription,US,US,Match,Failed,Mobile_Android,3506,1
PAY_002066,Discover,Credit,74.50,Electronics,US,US,Match,Exempt_LowRisk,Mobile_Android,1942,0
PAY_002067,Mastercard,Debit,32.46,Electronics,AU,SG,Match,Authenticated_Success,Mobile_Android,958,0
PAY_002068,RuPay,Credit,46.00,Apparel,GB,GB,Match,Authenticated_Success,Mobile_iOS,1634,0
PAY_002069,Visa,Credit,153.60,Electronics,GB,GB,Match,Authenticated_Success,Desktop_Windows,685,0
PAY_002070,Mastercard,Credit,160.24,Subscription,US,US,Match,Authenticated_Success,Mobile_Android,3102,0
PAY_002071,American Express,Credit,89.69,Digital_Gaming,JP,JP,Match,Authenticated_Success,Desktop_Windows,981,0
PAY_002072,Mastercard,Credit,20.78,Digital_Gaming,US,US,Match,Authenticated_Success,Mobile_Android,1602,0
PAY_002073,Visa,Credit,86.73,Apparel,AU,AU,Match,Exempt_LowRisk,Mobile_Android,250,0
PAY_002074,American Express,Credit,50.43,Digital_Gaming,US,US,Match,Attempted_NoAuth,Mobile_Android,3445,0
PAY_002075,Visa,Prepaid,23.85,Subscription,JP,JP,Match,Authenticated_Success,Mobile_Android,1106,0
PAY_002076,Mastercard,Credit,11.61,Digital_Gaming,US,US,Match,Authenticated_Success,Mobile_Android,2381,0
PAY_002077,RuPay,Credit,371.26,Electronics,US,US,Match,Authenticated_Success,Mobile_Android,1289,0
PAY_002078,Visa,Credit,108.97,Apparel,GB,GB,Match,Attempted_NoAuth,Mobile_iOS,2049,1
PAY_002079,Visa,Credit,123.03,Subscription,US,US,Match,Authenticated_Success,Desktop_macOS,2045,0
PAY_002080,Visa,Debit,29.93,Subscription,FR,FR,Match,Authenticated_Success,Mobile_iOS,1066,0
PAY_002081,Visa,Credit,225.38,Electronics,DE,DE,NotProvided,Failed,Mobile_iOS,1577,1
PAY_002082,Visa,Debit,95.48,Luxury_Goods,DE,DE,Match,Exempt_LowRisk,Desktop_Windows,2177,0
PAY_002083,Mastercard,Credit,63.08,Electronics,US,US,Match,Exempt_LowRisk,Mobile_iOS,793,0
PAY_002084,Visa,Credit,69.21,Digital_Gaming,DE,DE,Match,Exempt_LowRisk,Tablet,479,0
PAY_002085,Mastercard,Corporate,249.19,Electronics,US,US,Match,Authenticated_Success,Mobile_Android,651,0
PAY_002086,Visa,Credit,11.12,Food_Beverage,AE,AE,Match,Authenticated_Success,Mobile_iOS,1519,0
PAY_002087,Visa,Debit,20.84,Subscription,FR,FR,Match,Authenticated_Success,Mobile_iOS,781,0
PAY_002088,Visa,Credit,124.92,Electronics,CA,CA,Match,Authenticated_Success,Mobile_iOS,1038,0
PAY_002089,Mastercard,Corporate,191.40,Digital_Gaming,IN,IN,Match,Authenticated_Success,Mobile_iOS,2503,0
PAY_002090,Mastercard,Credit,76.34,Electronics,CA,CA,Match,Exempt_LowRisk,Mobile_iOS,2446,0
PAY_002091,Visa,Credit,77.84,Apparel,CA,CA,Match,Exempt_LowRisk,Mobile_iOS,3444,0
PAY_002092,American Express,Debit,244.58,Electronics,US,US,Match,Authenticated_Success,Mobile_iOS,2788,0
PAY_002093,Mastercard,Credit,50.67,Apparel,DE,AE,Match,Authenticated_Success,Mobile_Android,1549,0
PAY_002094,Visa,Credit,89.55,Subscription,US,US,Match,Authenticated_Success,Mobile_iOS,3389,0
PAY_002095,Discover,Prepaid,42.53,Electronics,US,US,Mismatch,Authenticated_Success,Mobile_iOS,3361,0
PAY_002096,Visa,Debit,32.42,Food_Beverage,IN,IN,Match,Authenticated_Success,Mobile_iOS,811,0
PAY_002097,Visa,Debit,904.53,Electronics,US,GB,Match,Exempt_LowRisk,Mobile_iOS,626,0
PAY_002098,Mastercard,Debit,349.06,Digital_Gaming,DE,DE,Match,Exempt_LowRisk,Mobile_iOS,3229,0
PAY_002099,Visa,Debit,168.55,Digital_Gaming,US,AU,Match,Attempted_NoAuth,Mobile_iOS,3249,1
PAY_002100,Visa,Debit,223.73,Subscription,GB,GB,Match,Exempt_LowRisk,Mobile_iOS,3087,0
PAY_002101,Mastercard,Debit,25.06,Electronics,IN,IN,Match,Authenticated_Success,Desktop_macOS,1680,0
PAY_002102,Visa,Credit,65.76,Electronics,US,US,Match,Authenticated_Success,Mobile_iOS,3148,0
PAY_002103,American Express,Credit,189.44,Travel_Airlines,DE,DE,Match,Authenticated_Success,Mobile_iOS,2807,0
PAY_002104,Discover,Debit,3802.83,Travel_Airlines,CA,FR,Match,Authenticated_Success,Mobile_Android,2702,0
PAY_002105,Mastercard,Debit,189.03,Travel_Airlines,IN,AU,Match,Authenticated_Success,Mobile_Android,2198,0
PAY_002106,Mastercard,Credit,423.70,Electronics,US,US,Match,Authenticated_Success,Mobile_iOS,977,0
PAY_002107,Mastercard,Credit,101.11,Apparel,IN,IN,Match,Authenticated_Success,Desktop_Windows,2727,0
PAY_002108,RuPay,Credit,98.67,Food_Beverage,GB,GB,Match,Authenticated_Success,Desktop_Windows,3204,0
PAY_002109,Visa,Credit,422.39,Luxury_Goods,GB,GB,Match,Authenticated_Success,Tablet,3228,0
PAY_002110,Visa,Debit,115.79,Luxury_Goods,US,US,Match,Exempt_LowRisk,Desktop_macOS,2188,0
PAY_002111,Mastercard,Credit,3.50,Apparel,US,AE,Match,Authenticated_Success,Mobile_Android,144,0
PAY_002112,Mastercard,Debit,273.15,Apparel,GB,GB,Match,Authenticated_Success,Mobile_Android,2703,0
PAY_002113,Visa,Debit,33.85,Subscription,US,US,NotProvided,Authenticated_Success,Mobile_Android,925,0
PAY_002114,Mastercard,Corporate,34.21,Travel_Airlines,GB,GB,Match,Authenticated_Success,Desktop_macOS,749,0
PAY_002115,Visa,Credit,302.29,Electronics,DE,DE,Match,Exempt_LowRisk,Mobile_Android,287,0
PAY_002116,Discover,Corporate,105.71,Subscription,GB,GB,Mismatch,Authenticated_Success,Mobile_iOS,575,0
PAY_002117,Visa,Debit,155.19,Digital_Gaming,US,IN,Match,Authenticated_Success,Mobile_iOS,1789,0
PAY_002118,Visa,Debit,227.53,Apparel,US,US,Match,Exempt_LowRisk,Mobile_Android,1011,0
PAY_002119,Visa,Credit,24.27,Apparel,GB,GB,Match,Authenticated_Success,Mobile_Android,1394,0
PAY_002120,Visa,Credit,101.88,Travel_Airlines,DE,DE,Match,Authenticated_Success,Desktop_Windows,1866,0
PAY_002121,Visa,Debit,46.97,Apparel,AU,AU,Match,Authenticated_Success,Mobile_iOS,1924,0
PAY_002122,Visa,Credit,164.65,Digital_Gaming,CA,CA,Match,Authenticated_Success,Desktop_Windows,1521,0
PAY_002123,Visa,Credit,26.40,Travel_Airlines,DE,DE,Match,Exempt_LowRisk,Mobile_iOS,1653,0
PAY_002124,Visa,Debit,215.00,Electronics,US,US,Match,Authenticated_Success,Mobile_Android,3239,0
PAY_002125,Visa,Debit,185.92,Subscription,JP,JP,Match,Authenticated_Success,Mobile_Android,1033,0
PAY_002126,Visa,Credit,177.67,Apparel,US,IN,Match,Exempt_LowRisk,Mobile_iOS,48,0
PAY_002127,Visa,Credit,145.39,Apparel,US,US,Match,Authenticated_Success,Mobile_Android,2920,0
PAY_002128,Visa,Credit,858.85,Travel_Airlines,US,US,Match,Authenticated_Success,Mobile_iOS,293,0
PAY_002129,Visa,Corporate,21.11,Luxury_Goods,US,SG,Match,Authenticated_Success,Mobile_iOS,2827,0
PAY_002130,Visa,Prepaid,393.40,Digital_Gaming,IN,IN,Match,Exempt_LowRisk,Desktop_Windows,1188,0
PAY_002131,Visa,Credit,623.44,Luxury_Goods,US,US,Match,Authenticated_Success,Mobile_iOS,3071,0
PAY_002132,Mastercard,Credit,289.49,Food_Beverage,US,AE,Match,Authenticated_Success,Desktop_Windows,613,0
PAY_002133,RuPay,Credit,18.32,Food_Beverage,US,FR,Match,Authenticated_Success,Desktop_Windows,601,0
PAY_002134,Discover,Credit,9.69,Food_Beverage,JP,JP,Match,Authenticated_Success,Mobile_iOS,1485,0
PAY_002135,Mastercard,Corporate,475.81,Apparel,FR,FR,Match,Exempt_LowRisk,Desktop_macOS,1529,0
PAY_002136,Mastercard,Credit,24.07,Apparel,SG,SG,Match,Exempt_LowRisk,Desktop_Windows,2619,0
PAY_002137,Visa,Credit,47.37,Digital_Gaming,IN,IN,Match,Authenticated_Success,Desktop_Windows,2363,0
PAY_002138,American Express,Credit,333.56,Electronics,AU,CA,Match,Exempt_LowRisk,Desktop_Windows,3625,0
PAY_002139,Mastercard,Credit,624.20,Travel_Airlines,GB,GB,Match,Authenticated_Success,Mobile_Android,2472,0
PAY_002140,American Express,Debit,218.38,Apparel,US,US,Match,Authenticated_Success,Tablet,738,0
PAY_002141,Discover,Debit,85.26,Apparel,US,US,Match,Authenticated_Success,Mobile_iOS,324,0
PAY_002142,Mastercard,Debit,20.91,Apparel,US,US,Match,Authenticated_Success,Mobile_iOS,971,0
PAY_002143,Mastercard,Credit,145.08,Apparel,DE,DE,Match,Authenticated_Success,Desktop_Windows,3589,0
PAY_002144,American Express,Corporate,147.65,Apparel,US,FR,Match,Authenticated_Success,Mobile_iOS,2806,0
PAY_002145,Visa,Credit,58.87,Luxury_Goods,US,US,Match,Authenticated_Success,Mobile_Android,2705,0
PAY_002146,Discover,Debit,317.52,Digital_Gaming,DE,FR,Match,Exempt_LowRisk,Mobile_Android,993,0
PAY_002147,Visa,Corporate,4.32,Apparel,US,US,Mismatch,Authenticated_Success,Mobile_iOS,1711,0
PAY_002148,RuPay,Credit,582.59,Electronics,US,DE,Match,Authenticated_Success,Desktop_macOS,2568,0
PAY_002149,American Express,Corporate,33.20,Food_Beverage,US,US,Match,Authenticated_Success,Mobile_iOS,3456,0
PAY_002150,Visa,Credit,405.73,Electronics,DE,AU,Match,Authenticated_Success,Mobile_iOS,2130,0
PAY_002151,Mastercard,Debit,116.89,Digital_Gaming,US,US,Match,Authenticated_Success,Mobile_Android,78,0
PAY_002152,Visa,Credit,64.02,Digital_Gaming,US,US,Match,Authenticated_Success,Desktop_Windows,3120,0
PAY_002153,American Express,Credit,109.53,Digital_Gaming,US,US,Match,Authenticated_Success,Desktop_Windows,3408,0
PAY_002154,American Express,Credit,60.64,Food_Beverage,FR,FR,Match,Authenticated_Success,Mobile_iOS,122,0
PAY_002155,Mastercard,Credit,950.65,Luxury_Goods,US,US,Match,Authenticated_Success,Desktop_macOS,1432,0
PAY_002156,American Express,Credit,737.89,Subscription,US,DE,Match,Authenticated_Success,Mobile_Android,3576,0
PAY_002157,Visa,Credit,15.25,Food_Beverage,AU,AU,Match,Exempt_LowRisk,Desktop_Windows,3480,0
PAY_002158,Visa,Debit,5.60,Electronics,AU,GB,Match,Attempted_NoAuth,Mobile_iOS,3519,1
PAY_002159,Visa,Credit,42.21,Apparel,US,US,Match,Authenticated_Success,Mobile_iOS,3560,0
PAY_002160,Visa,Credit,39.16,Apparel,US,US,Mismatch,Authenticated_Success,Mobile_Android,82,0
PAY_002161,Mastercard,Prepaid,44.02,Apparel,US,US,Match,Authenticated_Success,Mobile_Android,552,0
PAY_002162,Visa,Corporate,24.07,Digital_Gaming,DE,DE,Match,Authenticated_Success,Mobile_iOS,1823,0
PAY_002163,Visa,Credit,174.11,Apparel,US,US,Match,Authenticated_Success,Mobile_Android,2202,0
PAY_002164,Mastercard,Credit,14.59,Apparel,SG,SG,Match,Authenticated_Success,Mobile_Android,1465,0
PAY_002165,American Express,Debit,109.49,Apparel,IN,IN,Match,Exempt_LowRisk,Mobile_iOS,979,0
PAY_002166,Visa,Debit,874.90,Luxury_Goods,CA,CA,Match,Authenticated_Success,Mobile_Android,928,0
PAY_002167,Discover,Credit,377.82,Travel_Airlines,US,US,Match,Authenticated_Success,Mobile_iOS,2202,0
PAY_002168,Mastercard,Debit,113.96,Subscription,AU,AU,Match,Authenticated_Success,Desktop_Windows,3569,0
PAY_002169,Visa,Credit,530.50,Electronics,DE,DE,Match,Exempt_LowRisk,Mobile_Android,3016,0
PAY_002170,Mastercard,Credit,70.73,Apparel,FR,FR,Match,Exempt_LowRisk,Mobile_Android,638,0
PAY_002171,Visa,Debit,45.55,Subscription,US,AE,Match,Authenticated_Success,Desktop_macOS,541,0
PAY_002172,Visa,Debit,455.46,Travel_Airlines,DE,DE,Match,Authenticated_Success,Mobile_Android,962,0
PAY_002173,Mastercard,Debit,129.08,Digital_Gaming,IN,IN,Match,Attempted_NoAuth,Mobile_iOS,2676,0
PAY_002174,Visa,Credit,177.44,Digital_Gaming,JP,JP,Mismatch,Authenticated_Success,Mobile_Android,31,0
PAY_002175,Visa,Credit,28.39,Electronics,CA,CA,Match,Authenticated_Success,Tablet,2571,0
PAY_002176,Mastercard,Credit,54.50,Food_Beverage,GB,GB,Match,Authenticated_Success,Mobile_iOS,2118,0
PAY_002177,Visa,Credit,134.28,Luxury_Goods,GB,GB,Match,Exempt_LowRisk,Mobile_Android,2409,0
PAY_002178,American Express,Credit,123.60,Digital_Gaming,DE,AU,Match,Authenticated_Success,Mobile_iOS,3142,0
PAY_002179,Visa,Credit,148.32,Digital_Gaming,SG,SG,Match,Authenticated_Success,Desktop_Windows,2157,0
PAY_002180,RuPay,Credit,49.31,Apparel,CA,CA,Match,Authenticated_Success,Mobile_Android,2270,0
PAY_002181,American Express,Debit,29.90,Apparel,US,US,Match,Authenticated_Success,Desktop_macOS,1753,0
PAY_002182,RuPay,Credit,514.38,Travel_Airlines,US,CA,Mismatch,Authenticated_Success,Mobile_Android,2378,0
PAY_002183,American Express,Credit,57.59,Digital_Gaming,CA,CA,Match,Authenticated_Success,Mobile_iOS,1388,0
PAY_002184,Visa,Debit,896.71,Electronics,IN,IN,Match,Exempt_LowRisk,Mobile_Android,243,0
PAY_002185,Mastercard,Credit,468.83,Apparel,US,US,Match,Authenticated_Success,Desktop_macOS,93,0
PAY_002186,Visa,Debit,200.49,Subscription,US,US,Match,Authenticated_Success,Mobile_iOS,2609,0
PAY_002187,American Express,Credit,86.14,Apparel,SG,SG,Match,Exempt_LowRisk,Mobile_iOS,2326,0
PAY_002188,Mastercard,Credit,496.77,Apparel,GB,GB,Match,Authenticated_Success,Desktop_Windows,1493,0
PAY_002189,Visa,Corporate,564.87,Luxury_Goods,US,US,Match,Authenticated_Success,Mobile_Android,2724,0
PAY_002190,Discover,Debit,39.37,Food_Beverage,US,AE,Match,Authenticated_Success,Mobile_iOS,1729,0
PAY_002191,Visa,Debit,206.22,Luxury_Goods,GB,GB,Match,Exempt_LowRisk,Mobile_iOS,930,0
PAY_002192,Mastercard,Debit,30.76,Food_Beverage,US,DE,Match,Authenticated_Success,Mobile_iOS,2135,0
PAY_002193,Mastercard,Credit,185.42,Electronics,DE,DE,Match,Authenticated_Success,Mobile_Android,1380,0
PAY_002194,Visa,Debit,110.99,Subscription,CA,DE,Match,Failed,Mobile_Android,3560,1
PAY_002195,Mastercard,Corporate,14.06,Food_Beverage,CA,IN,Match,Authenticated_Success,Mobile_Android,2632,0
PAY_002196,American Express,Prepaid,40.70,Digital_Gaming,CA,CA,Match,Authenticated_Success,Desktop_Windows,2731,0
PAY_002197,Visa,Credit,547.82,Luxury_Goods,US,US,Match,Authenticated_Success,Mobile_iOS,2511,0
PAY_002198,Mastercard,Credit,379.03,Electronics,US,US,Match,Authenticated_Success,Mobile_Android,2496,0
PAY_002199,Visa,Debit,64.81,Digital_Gaming,US,DE,Match,Authenticated_Success,Mobile_iOS,2822,0
PAY_002200,Mastercard,Credit,244.34,Electronics,US,US,Match,Authenticated_Success,Mobile_Android,1576,0
PAY_002201,Visa,Credit,47.81,Electronics,FR,FR,Match,Exempt_LowRisk,Mobile_Android,2999,0
PAY_002202,Discover,Credit,24.46,Subscription,US,AU,Match,Authenticated_Success,Mobile_Android,126,0
PAY_002203,Discover,Credit,62.37,Apparel,DE,IN,Match,Authenticated_Success,Desktop_macOS,2432,0
PAY_002204,Visa,Credit,116.93,Digital_Gaming,US,US,Match,Authenticated_Success,Mobile_iOS,1966,0
PAY_002205,Visa,Credit,86.01,Apparel,US,US,Match,Authenticated_Success,Mobile_iOS,31,0
PAY_002206,Mastercard,Credit,26.21,Apparel,US,US,Match,Authenticated_Success,Mobile_Android,2412,0
PAY_002207,Mastercard,Credit,51.41,Apparel,GB,GB,Match,Authenticated_Success,Mobile_Android,9,0
PAY_002208,Mastercard,Corporate,351.79,Apparel,CA,DE,Match,Exempt_LowRisk,Mobile_iOS,2570,0
PAY_002209,Visa,Credit,788.78,Luxury_Goods,IN,IN,Match,Authenticated_Success,Desktop_macOS,1913,0
PAY_002210,Visa,Credit,55.77,Subscription,US,US,Mismatch,Exempt_LowRisk,Desktop_Windows,2219,0
PAY_002211,RuPay,Credit,21.58,Digital_Gaming,CA,DE,Match,Attempted_NoAuth,Mobile_Android,2226,0
PAY_002212,Mastercard,Credit,30.43,Subscription,FR,FR,Match,Attempted_NoAuth,Mobile_Android,1097,0
PAY_002213,American Express,Prepaid,436.61,Luxury_Goods,US,US,Match,Authenticated_Success,Mobile_iOS,2272,0
PAY_002214,Mastercard,Corporate,587.19,Luxury_Goods,US,US,Match,Authenticated_Success,Mobile_Android,807,0
PAY_002215,Discover,Credit,124.23,Apparel,US,US,Match,Authenticated_Success,Mobile_Android,2769,0
PAY_002216,Visa,Credit,286.12,Electronics,US,US,Match,Authenticated_Success,Desktop_macOS,329,0
PAY_002217,Visa,Credit,44.38,Food_Beverage,AU,IN,Match,Exempt_LowRisk,Mobile_Android,518,0
PAY_002218,Discover,Credit,38.01,Digital_Gaming,US,US,Mismatch,Failed,Mobile_iOS,2565,1
PAY_002219,Discover,Credit,633.77,Apparel,GB,GB,Match,Exempt_LowRisk,Mobile_iOS,211,0
PAY_002220,Visa,Credit,36.16,Food_Beverage,FR,FR,Match,Authenticated_Success,Mobile_iOS,3543,0
PAY_002221,Visa,Credit,16.10,Apparel,US,US,Match,Exempt_LowRisk,Desktop_macOS,113,0
PAY_002222,Mastercard,Debit,43.98,Travel_Airlines,CA,CA,Match,Authenticated_Success,Desktop_Windows,1916,0
PAY_002223,Visa,Credit,45.22,Apparel,US,GB,Match,Authenticated_Success,Desktop_Windows,3592,0
PAY_002224,Visa,Credit,187.54,Subscription,GB,IN,Match,Authenticated_Success,Desktop_Windows,2457,0
PAY_002225,Discover,Credit,35.39,Apparel,US,US,Match,Authenticated_Success,Mobile_iOS,2308,0
PAY_002226,Visa,Credit,948.50,Electronics,US,SG,Match,Exempt_LowRisk,Desktop_Windows,2528,0
PAY_002227,Mastercard,Credit,264.62,Travel_Airlines,US,US,Match,Authenticated_Success,Desktop_Windows,2578,0
PAY_002228,Visa,Credit,632.79,Electronics,DE,DE,Match,Authenticated_Success,Mobile_iOS,590,0
PAY_002229,Visa,Credit,28.98,Subscription,DE,DE,Match,Authenticated_Success,Mobile_Android,1127,0
PAY_002230,Mastercard,Credit,191.59,Luxury_Goods,FR,FR,Match,Authenticated_Success,Mobile_Android,700,0
PAY_002231,Visa,Debit,73.71,Apparel,US,SG,Match,Authenticated_Success,Desktop_macOS,774,0
PAY_002232,Mastercard,Corporate,317.48,Electronics,AE,AE,Match,Attempted_NoAuth,Mobile_iOS,760,0
PAY_002233,Visa,Credit,54.77,Subscription,US,US,Match,Authenticated_Success,Desktop_macOS,2328,0
PAY_002234,Discover,Credit,597.95,Luxury_Goods,IN,IN,Match,Exempt_LowRisk,Desktop_macOS,3404,0
PAY_002235,Mastercard,Debit,127.40,Food_Beverage,FR,FR,Match,Exempt_LowRisk,Desktop_macOS,2040,0
PAY_002236,American Express,Debit,39.14,Electronics,CA,CA,Match,Authenticated_Success,Mobile_iOS,57,0
PAY_002237,Visa,Credit,45.83,Subscription,GB,JP,Match,Authenticated_Success,Mobile_iOS,2527,0
PAY_002238,Visa,Credit,37.69,Digital_Gaming,FR,FR,Mismatch,Attempted_NoAuth,Mobile_Android,1975,1
PAY_002239,Visa,Credit,258.44,Luxury_Goods,FR,FR,NotProvided,Failed,Mobile_iOS,2837,1
PAY_002240,Mastercard,Debit,104.33,Apparel,US,US,Match,Authenticated_Success,Mobile_iOS,1377,0
PAY_002241,Visa,Credit,107.16,Electronics,IN,IN,Match,Exempt_LowRisk,Desktop_Windows,1565,0
PAY_002242,Visa,Credit,7.35,Subscription,US,US,Match,Authenticated_Success,Mobile_iOS,2406,0
PAY_002243,Visa,Credit,51.41,Subscription,GB,AU,Match,Authenticated_Success,Mobile_Android,2583,0
PAY_002244,Visa,Credit,20.68,Apparel,CA,CA,Match,Authenticated_Success,Desktop_macOS,805,0
PAY_002245,Visa,Credit,115.12,Subscription,IN,IN,Match,Authenticated_Success,Mobile_Android,2141,0
PAY_002246,Visa,Debit,453.00,Electronics,GB,GB,Match,Authenticated_Success,Desktop_macOS,3508,0
PAY_002247,Visa,Credit,17.07,Electronics,US,US,Match,Authenticated_Success,Mobile_Android,236,0
PAY_002248,Mastercard,Credit,79.68,Electronics,GB,GB,Match,Exempt_LowRisk,Mobile_iOS,1209,0
PAY_002249,Visa,Credit,98.37,Apparel,US,US,Match,Authenticated_Success,Mobile_iOS,1948,0
PAY_002250,Visa,Debit,39.64,Electronics,GB,GB,Mismatch,Failed,Mobile_iOS,3379,1
PAY_002251,Mastercard,Credit,157.74,Apparel,GB,GB,Match,Authenticated_Success,Mobile_iOS,3533,0
PAY_002252,American Express,Credit,592.21,Electronics,FR,FR,Match,Authenticated_Success,Desktop_Windows,2150,0
PAY_002253,Visa,Credit,223.20,Travel_Airlines,US,US,Match,Authenticated_Success,Desktop_macOS,1996,0
PAY_002254,Mastercard,Debit,28.47,Food_Beverage,US,US,Match,Authenticated_Success,Mobile_iOS,1513,0
PAY_002255,RuPay,Debit,21.00,Travel_Airlines,GB,GB,Mismatch,Authenticated_Success,Mobile_iOS,1626,0
PAY_002256,Mastercard,Corporate,457.17,Electronics,US,DE,Match,Exempt_LowRisk,Mobile_Android,2678,0
PAY_002257,Discover,Debit,2414.11,Travel_Airlines,US,US,Match,Exempt_LowRisk,Mobile_Android,1987,0
PAY_002258,American Express,Credit,480.69,Apparel,US,US,Match,Authenticated_Success,Mobile_iOS,2019,0
PAY_002259,Visa,Credit,215.26,Travel_Airlines,GB,GB,Match,Authenticated_Success,Mobile_iOS,3080,0
PAY_002260,Mastercard,Credit,20.05,Digital_Gaming,US,FR,Mismatch,Failed,Mobile_iOS,506,1
PAY_002261,Mastercard,Debit,167.57,Apparel,CA,CA,Match,Authenticated_Success,Mobile_Android,3495,0
PAY_002262,RuPay,Debit,162.40,Electronics,AU,AU,Mismatch,Authenticated_Success,Mobile_iOS,2571,0
PAY_002263,Mastercard,Credit,112.84,Food_Beverage,GB,GB,Match,Authenticated_Success,Desktop_Windows,2141,0
PAY_002264,Visa,Corporate,93.04,Subscription,US,US,Match,Authenticated_Success,Mobile_iOS,2115,0
PAY_002265,Mastercard,Credit,480.15,Luxury_Goods,US,US,Match,Authenticated_Success,Mobile_Android,2105,0
PAY_002266,Visa,Credit,206.72,Subscription,US,US,Match,Authenticated_Success,Mobile_Android,2065,0
PAY_002267,Mastercard,Credit,215.34,Subscription,CA,AU,Match,Authenticated_Success,Mobile_iOS,1280,0
PAY_002268,Mastercard,Debit,105.07,Electronics,DE,GB,Match,Authenticated_Success,Desktop_macOS,2694,0
PAY_002269,Mastercard,Corporate,96.63,Travel_Airlines,US,US,Match,Exempt_LowRisk,Mobile_Android,922,0
PAY_002270,American Express,Credit,4.27,Apparel,US,US,Match,Authenticated_Success,Desktop_Windows,2385,0
PAY_002271,Mastercard,Corporate,45.57,Digital_Gaming,US,AE,Match,Attempted_NoAuth,Mobile_Android,1922,0
PAY_002272,Mastercard,Corporate,56.09,Electronics,US,SG,Match,Authenticated_Success,Mobile_Android,1337,0
PAY_002273,Mastercard,Debit,105.75,Subscription,JP,US,Match,Exempt_LowRisk,Mobile_iOS,2934,0
PAY_002274,American Express,Debit,184.35,Travel_Airlines,US,JP,Match,Authenticated_Success,Mobile_Android,1163,0
PAY_002275,American Express,Credit,51.93,Apparel,US,US,Match,Exempt_LowRisk,Mobile_Android,2407,0
PAY_002276,Visa,Debit,162.90,Apparel,US,US,Match,Authenticated_Success,Mobile_Android,916,0
PAY_002277,Mastercard,Debit,103.23,Digital_Gaming,US,US,Match,Authenticated_Success,Mobile_iOS,732,0
PAY_002278,Visa,Debit,234.61,Travel_Airlines,US,US,Match,Authenticated_Success,Mobile_iOS,2099,0
PAY_002279,American Express,Credit,426.27,Subscription,GB,GB,Match,Authenticated_Success,Mobile_iOS,3561,0
PAY_002280,Mastercard,Debit,150.20,Apparel,US,US,Mismatch,Authenticated_Success,Mobile_iOS,1095,0
PAY_002281,Mastercard,Corporate,42.21,Digital_Gaming,US,US,Match,Attempted_NoAuth,Mobile_Android,418,0
PAY_002282,Visa,Credit,44.33,Digital_Gaming,CA,CA,Match,Authenticated_Success,Desktop_macOS,440,0
PAY_002283,Visa,Prepaid,158.73,Apparel,GB,GB,Match,Authenticated_Success,Mobile_iOS,1795,0
PAY_002284,Mastercard,Credit,83.36,Digital_Gaming,US,US,Match,Authenticated_Success,Mobile_iOS,2857,0
PAY_002285,Visa,Credit,54.40,Electronics,IN,IN,Match,Exempt_LowRisk,Mobile_iOS,2599,0
PAY_002286,Visa,Credit,499.60,Electronics,US,US,Match,Exempt_LowRisk,Mobile_iOS,764,0
PAY_002287,American Express,Debit,265.86,Apparel,JP,JP,Match,Authenticated_Success,Mobile_Android,3047,0
PAY_002288,Mastercard,Debit,244.58,Food_Beverage,SG,SG,Match,Authenticated_Success,Mobile_iOS,602,0
PAY_002289,Visa,Credit,363.95,Apparel,GB,GB,Match,Exempt_LowRisk,Tablet,2041,0
PAY_002290,Visa,Debit,649.44,Apparel,US,US,Match,Exempt_LowRisk,Desktop_Windows,3099,0
PAY_002291,RuPay,Credit,1788.71,Travel_Airlines,IN,JP,Match,Exempt_LowRisk,Mobile_Android,2948,0
PAY_002292,Mastercard,Credit,97.00,Subscription,US,US,Match,Authenticated_Success,Desktop_macOS,2563,0
PAY_002293,Mastercard,Debit,53.02,Digital_Gaming,US,US,Match,Authenticated_Success,Mobile_Android,1208,0
PAY_002294,Visa,Debit,24.95,Electronics,CA,US,Match,Attempted_NoAuth,Tablet,2796,0
PAY_002295,Visa,Debit,269.95,Travel_Airlines,GB,GB,Match,Authenticated_Success,Mobile_iOS,1411,0
PAY_002296,Visa,Debit,118.04,Apparel,IN,GB,Match,Authenticated_Success,Tablet,1279,0
PAY_002297,Mastercard,Prepaid,454.73,Luxury_Goods,DE,DE,NotProvided,Authenticated_Success,Mobile_iOS,1944,0
PAY_002298,Visa,Credit,8.36,Apparel,AU,AU,Match,Authenticated_Success,Mobile_iOS,2254,0
PAY_002299,Visa,Credit,136.23,Electronics,FR,FR,Match,Exempt_LowRisk,Desktop_macOS,764,0
PAY_002300,Mastercard,Credit,135.62,Apparel,CA,CA,Match,Authenticated_Success,Mobile_iOS,3402,0
PAY_002301,Discover,Debit,86.30,Travel_Airlines,GB,AU,Match,Authenticated_Success,Mobile_iOS,3164,0
PAY_002302,Mastercard,Debit,80.02,Apparel,AE,AE,Match,Authenticated_Success,Mobile_iOS,1032,0
PAY_002303,Mastercard,Debit,300.19,Electronics,JP,JP,Match,Exempt_LowRisk,Mobile_iOS,883,0
PAY_002304,Mastercard,Credit,228.10,Digital_Gaming,IN,IN,Match,Exempt_LowRisk,Mobile_iOS,252,0
PAY_002305,Mastercard,Credit,1754.89,Travel_Airlines,FR,AE,NotProvided,Failed,Mobile_Android,1482,1
PAY_002306,Visa,Debit,123.22,Electronics,CA,CA,Match,Authenticated_Success,Mobile_Android,624,0
PAY_002307,Mastercard,Prepaid,326.50,Travel_Airlines,US,US,Match,Authenticated_Success,Desktop_Windows,3396,0
PAY_002308,Mastercard,Credit,549.15,Luxury_Goods,AU,FR,NotProvided,Failed,Mobile_iOS,3275,1
PAY_002309,Mastercard,Credit,136.23,Apparel,US,US,Match,Authenticated_Success,Desktop_Windows,3024,0
PAY_002310,Discover,Credit,120.44,Subscription,US,US,Match,Authenticated_Success,Mobile_Android,1028,0
PAY_002311,RuPay,Credit,319.74,Food_Beverage,GB,GB,Match,Authenticated_Success,Desktop_Windows,2518,0
PAY_002312,Visa,Credit,5.13,Apparel,CA,CA,Match,Exempt_LowRisk,Desktop_Windows,1793,0
PAY_002313,Visa,Credit,295.73,Electronics,CA,AU,Match,Exempt_LowRisk,Desktop_macOS,998,0
PAY_002314,Visa,Debit,113.99,Apparel,US,US,Match,Authenticated_Success,Mobile_iOS,1951,0
PAY_002315,Visa,Credit,144.15,Electronics,US,US,Match,Authenticated_Success,Mobile_Android,604,0
PAY_002316,Visa,Credit,5.53,Digital_Gaming,US,US,Match,Authenticated_Success,Desktop_macOS,3504,0
PAY_002317,Visa,Credit,62.36,Food_Beverage,US,US,Match,Exempt_LowRisk,Desktop_Windows,598,0
PAY_002318,Mastercard,Corporate,30.52,Food_Beverage,US,US,Match,Authenticated_Success,Mobile_iOS,1101,0
PAY_002319,Mastercard,Credit,422.31,Apparel,DE,DE,Match,Exempt_LowRisk,Mobile_Android,808,0
PAY_002320,Discover,Credit,100.77,Digital_Gaming,US,US,Match,Authenticated_Success,Desktop_Windows,1903,0
PAY_002321,Visa,Credit,77.83,Electronics,US,US,Mismatch,Authenticated_Success,Mobile_iOS,2453,0
PAY_002322,Visa,Debit,6.97,Digital_Gaming,US,US,Match,Authenticated_Success,Mobile_Android,3497,0
PAY_002323,Visa,Debit,357.56,Electronics,GB,US,Match,Authenticated_Success,Desktop_Windows,1419,0
PAY_002324,Visa,Credit,143.42,Subscription,IN,IN,Match,Authenticated_Success,Mobile_Android,735,0
PAY_002325,Visa,Credit,52.60,Food_Beverage,US,US,Match,Authenticated_Success,Mobile_iOS,80,0
PAY_002326,RuPay,Credit,362.73,Electronics,US,US,Match,Authenticated_Success,Mobile_Android,2182,0
PAY_002327,Visa,Debit,181.85,Travel_Airlines,DE,DE,Match,Exempt_LowRisk,Mobile_Android,3573,0
PAY_002328,Visa,Corporate,215.71,Digital_Gaming,US,US,Match,Authenticated_Success,Mobile_Android,233,0
PAY_002329,Mastercard,Credit,198.73,Food_Beverage,IN,AU,Match,Authenticated_Success,Mobile_Android,3635,0
PAY_002330,Mastercard,Credit,10.99,Digital_Gaming,JP,JP,Match,Authenticated_Success,Mobile_Android,960,0
PAY_002331,Mastercard,Debit,40.24,Electronics,CA,CA,Match,Authenticated_Success,Desktop_Windows,3315,0
PAY_002332,Visa,Debit,4048.95,Luxury_Goods,JP,JP,Match,Authenticated_Success,Desktop_Windows,253,0
PAY_002333,American Express,Credit,520.63,Electronics,GB,GB,Match,Authenticated_Success,Desktop_Windows,3254,0
PAY_002334,Visa,Credit,16.63,Digital_Gaming,GB,GB,Match,Authenticated_Success,Mobile_Android,1205,0
PAY_002335,Mastercard,Credit,33.19,Electronics,US,US,Match,Exempt_LowRisk,Mobile_iOS,1003,0
PAY_002336,Mastercard,Debit,335.24,Travel_Airlines,US,US,Match,Authenticated_Success,Desktop_Windows,754,0
PAY_002337,American Express,Debit,18.98,Food_Beverage,US,US,Match,Authenticated_Success,Mobile_iOS,488,0
PAY_002338,Visa,Debit,131.79,Electronics,GB,CA,Match,Authenticated_Success,Mobile_Android,2914,0
PAY_002339,Mastercard,Debit,63.31,Apparel,GB,GB,Mismatch,Authenticated_Success,Mobile_iOS,254,0
PAY_002340,Visa,Credit,241.49,Travel_Airlines,US,US,Match,Authenticated_Success,Mobile_Android,1691,0
PAY_002341,Visa,Credit,644.72,Electronics,CA,CA,Match,Authenticated_Success,Mobile_Android,3462,0
PAY_002342,Visa,Credit,501.82,Digital_Gaming,US,US,Mismatch,Exempt_LowRisk,Mobile_Android,1478,0
PAY_002343,Mastercard,Debit,255.95,Luxury_Goods,US,US,Match,Authenticated_Success,Mobile_Android,3019,0
PAY_002344,Visa,Debit,19.23,Apparel,US,US,Match,Authenticated_Success,Mobile_iOS,2527,0
PAY_002345,Mastercard,Credit,102.28,Food_Beverage,DE,DE,Match,Exempt_LowRisk,Mobile_iOS,2903,0
PAY_002346,Visa,Credit,401.27,Digital_Gaming,GB,GB,Match,Exempt_LowRisk,Mobile_Android,3457,0
PAY_002347,American Express,Debit,278.18,Luxury_Goods,FR,FR,Mismatch,Authenticated_Success,Desktop_Windows,358,0
PAY_002348,American Express,Debit,475.81,Electronics,US,US,Match,Authenticated_Success,Desktop_macOS,1101,0
PAY_002349,Visa,Debit,74.35,Electronics,GB,CA,Match,Authenticated_Success,Desktop_macOS,1173,0
PAY_002350,Visa,Credit,191.14,Electronics,JP,AE,Match,Authenticated_Success,Mobile_iOS,244,0
PAY_002351,Visa,Corporate,18.58,Food_Beverage,US,US,Mismatch,Authenticated_Success,Mobile_iOS,388,0
PAY_002352,American Express,Debit,67.49,Food_Beverage,GB,GB,Match,Authenticated_Success,Mobile_Android,401,0
PAY_002353,Visa,Debit,58.67,Food_Beverage,US,US,Match,Authenticated_Success,Mobile_Android,3466,0
PAY_002354,Mastercard,Debit,364.51,Electronics,US,US,Match,Authenticated_Success,Desktop_Windows,3128,0
PAY_002355,Mastercard,Corporate,471.48,Digital_Gaming,GB,GB,NotProvided,Authenticated_Success,Desktop_Windows,2148,0
PAY_002356,American Express,Corporate,173.91,Travel_Airlines,US,US,Match,Authenticated_Success,Mobile_Android,3087,0
PAY_002357,Mastercard,Debit,48.04,Luxury_Goods,GB,GB,Match,Authenticated_Success,Mobile_Android,1255,0
PAY_002358,Mastercard,Credit,149.50,Electronics,SG,CA,Match,Authenticated_Success,Tablet,1735,0
PAY_002359,RuPay,Credit,92.69,Food_Beverage,US,US,Match,Exempt_LowRisk,Mobile_iOS,3224,0
PAY_002360,Visa,Debit,233.16,Electronics,US,US,Match,Exempt_LowRisk,Desktop_Windows,539,0
PAY_002361,American Express,Debit,157.03,Electronics,IN,IN,Match,Authenticated_Success,Desktop_Windows,534,0
PAY_002362,Visa,Credit,342.57,Food_Beverage,GB,GB,Match,Authenticated_Success,Mobile_iOS,1922,0
PAY_002363,Mastercard,Credit,77.47,Digital_Gaming,AU,US,Match,Exempt_LowRisk,Desktop_macOS,923,0
PAY_002364,American Express,Corporate,59.43,Apparel,US,US,Match,Exempt_LowRisk,Desktop_Windows,2440,0
PAY_002365,Mastercard,Corporate,28.35,Digital_Gaming,CA,CA,Match,Exempt_LowRisk,Desktop_Windows,2321,0
PAY_002366,Mastercard,Corporate,9.76,Subscription,SG,SG,Mismatch,Authenticated_Success,Mobile_iOS,1213,0
PAY_002367,Visa,Credit,268.21,Electronics,US,JP,Match,Authenticated_Success,Mobile_iOS,423,0
PAY_002368,Visa,Debit,349.41,Travel_Airlines,IN,US,Match,Attempted_NoAuth,Mobile_Android,302,0
PAY_002369,Visa,Debit,20.80,Apparel,CA,AE,Match,Authenticated_Success,Mobile_iOS,1617,0
PAY_002370,Mastercard,Credit,177.83,Electronics,IN,US,Match,Authenticated_Success,Mobile_iOS,1175,0
PAY_002371,Mastercard,Credit,56.93,Digital_Gaming,US,US,Match,Exempt_LowRisk,Mobile_Android,124,0
PAY_002372,Visa,Prepaid,33.55,Digital_Gaming,GB,GB,Match,Authenticated_Success,Mobile_iOS,2520,0
PAY_002373,Visa,Credit,78.02,Electronics,US,IN,NotProvided,Attempted_NoAuth,Desktop_Windows,3493,1
PAY_002374,Visa,Debit,104.12,Apparel,JP,JP,Mismatch,Attempted_NoAuth,Mobile_Android,3571,0
PAY_002375,Visa,Debit,338.12,Luxury_Goods,US,US,Match,Authenticated_Success,Mobile_iOS,430,0
PAY_002376,Visa,Debit,34.81,Digital_Gaming,US,US,Mismatch,Attempted_NoAuth,Mobile_Android,694,1
PAY_002377,American Express,Credit,103.38,Travel_Airlines,AU,AU,Match,Authenticated_Success,Mobile_iOS,1577,0
PAY_002378,Mastercard,Debit,57.80,Food_Beverage,US,US,Match,Authenticated_Success,Mobile_iOS,3338,0
PAY_002379,Visa,Credit,184.37,Apparel,CA,FR,Match,Authenticated_Success,Mobile_Android,2097,0
PAY_002380,Mastercard,Debit,83.71,Digital_Gaming,US,US,Match,Authenticated_Success,Mobile_Android,1667,0
PAY_002381,American Express,Credit,51.38,Digital_Gaming,CA,CA,Match,Authenticated_Success,Mobile_iOS,3378,0
PAY_002382,Visa,Debit,93.63,Digital_Gaming,US,US,Match,Authenticated_Success,Mobile_Android,2421,0
PAY_002383,Visa,Debit,837.52,Electronics,GB,GB,Match,Authenticated_Success,Mobile_Android,3594,0
PAY_002384,Visa,Credit,114.37,Apparel,GB,GB,Match,Attempted_NoAuth,Mobile_Android,3152,0
PAY_002385,Visa,Credit,248.60,Electronics,US,US,Match,Authenticated_Success,Mobile_iOS,3643,0
PAY_002386,Mastercard,Debit,134.61,Apparel,US,US,Match,Exempt_LowRisk,Desktop_Windows,2035,0
PAY_002387,RuPay,Credit,56.05,Subscription,US,US,Match,Authenticated_Success,Mobile_Android,1367,0
PAY_002388,Visa,Credit,81.65,Digital_Gaming,DE,DE,Match,Authenticated_Success,Mobile_iOS,225,0
PAY_002389,Mastercard,Credit,38.94,Digital_Gaming,US,US,Match,Authenticated_Success,Mobile_Android,2664,0
PAY_002390,Visa,Corporate,12.11,Digital_Gaming,US,US,Mismatch,Authenticated_Success,Desktop_Windows,970,1
PAY_002391,Mastercard,Debit,632.02,Luxury_Goods,US,US,Match,Authenticated_Success,Mobile_iOS,41,0
PAY_002392,Mastercard,Credit,97.65,Digital_Gaming,GB,GB,Match,Authenticated_Success,Mobile_Android,2930,0
PAY_002393,Visa,Prepaid,48.59,Digital_Gaming,DE,DE,Match,Authenticated_Success,Desktop_Windows,1548,0
PAY_002394,Visa,Credit,833.55,Travel_Airlines,GB,IN,Match,Authenticated_Success,Mobile_iOS,2018,0
PAY_002395,Mastercard,Credit,84.42,Electronics,AU,AU,Match,Authenticated_Success,Desktop_macOS,2861,0
PAY_002396,RuPay,Credit,9.50,Digital_Gaming,DE,DE,Match,Authenticated_Success,Mobile_Android,1201,0
PAY_002397,Visa,Credit,30.97,Digital_Gaming,IN,IN,Match,Authenticated_Success,Desktop_Windows,2981,0
PAY_002398,Visa,Credit,48.97,Travel_Airlines,DE,DE,Match,Exempt_LowRisk,Desktop_macOS,2129,0
PAY_002399,Visa,Debit,96.72,Subscription,US,US,Match,Exempt_LowRisk,Tablet,2072,0
PAY_002400,Mastercard,Credit,116.63,Travel_Airlines,JP,JP,Match,Attempted_NoAuth,Mobile_Android,981,0
PAY_002401,Mastercard,Debit,196.99,Digital_Gaming,FR,FR,Match,Authenticated_Success,Desktop_Windows,2879,0
PAY_002402,American Express,Credit,539.04,Electronics,CA,CA,Match,Authenticated_Success,Mobile_iOS,880,0
PAY_002403,Mastercard,Credit,24.11,Digital_Gaming,US,IN,Match,Authenticated_Success,Mobile_iOS,2260,0
PAY_002404,Discover,Credit,27.41,Food_Beverage,US,US,Match,Exempt_LowRisk,Desktop_Windows,3023,0
PAY_002405,American Express,Debit,120.05,Subscription,CA,AU,Match,Failed,Mobile_Android,425,1
PAY_002406,Visa,Debit,195.94,Food_Beverage,GB,DE,Match,Authenticated_Success,Desktop_Windows,1460,0
PAY_002407,Mastercard,Credit,20.40,Electronics,DE,DE,Match,Authenticated_Success,Mobile_iOS,2473,0
PAY_002408,Visa,Credit,363.63,Travel_Airlines,US,US,Match,Authenticated_Success,Mobile_iOS,1000,0
PAY_002409,Visa,Credit,5.95,Food_Beverage,GB,GB,Mismatch,Authenticated_Success,Mobile_iOS,102,0
PAY_002410,Discover,Debit,145.90,Travel_Airlines,US,US,Match,Authenticated_Success,Mobile_Android,1494,0
PAY_002411,Mastercard,Credit,888.31,Travel_Airlines,US,US,Match,Authenticated_Success,Mobile_iOS,1813,0
PAY_002412,RuPay,Debit,1827.58,Digital_Gaming,US,US,Match,Authenticated_Success,Mobile_iOS,3360,0
PAY_002413,Visa,Credit,333.32,Luxury_Goods,IN,IN,Match,Authenticated_Success,Tablet,2946,0
PAY_002414,Mastercard,Credit,16.91,Apparel,CA,CA,Match,Authenticated_Success,Desktop_Windows,660,0
PAY_002415,Mastercard,Debit,106.14,Electronics,SG,SG,Match,Attempted_NoAuth,Desktop_Windows,1012,0
PAY_002416,Visa,Credit,71.71,Food_Beverage,FR,FR,Match,Attempted_NoAuth,Mobile_iOS,676,0
PAY_002417,Visa,Credit,31.90,Subscription,FR,SG,Match,Exempt_LowRisk,Mobile_iOS,3324,0
PAY_002418,Mastercard,Corporate,24.11,Food_Beverage,GB,GB,Match,Exempt_LowRisk,Mobile_Android,1291,0
PAY_002419,Visa,Credit,41.70,Apparel,IN,IN,Match,Authenticated_Success,Mobile_iOS,3252,0
PAY_002420,Discover,Credit,288.52,Electronics,SG,SG,Match,Authenticated_Success,Mobile_Android,221,0
PAY_002421,Visa,Credit,55.35,Apparel,DE,SG,Match,Authenticated_Success,Desktop_macOS,2040,0
PAY_002422,Visa,Credit,25.29,Food_Beverage,US,US,Match,Failed,Mobile_iOS,274,1
PAY_002423,Mastercard,Debit,207.42,Luxury_Goods,DE,DE,Match,Authenticated_Success,Desktop_macOS,2024,0
PAY_002424,Visa,Credit,42.30,Subscription,US,IN,Mismatch,Authenticated_Success,Mobile_iOS,41,0
PAY_002425,Discover,Corporate,22.21,Apparel,US,US,Match,Exempt_LowRisk,Mobile_iOS,571,0
PAY_002426,Mastercard,Debit,30.63,Digital_Gaming,DE,DE,Match,Authenticated_Success,Mobile_iOS,534,0
PAY_002427,Visa,Corporate,541.47,Travel_Airlines,IN,IN,Match,Authenticated_Success,Desktop_macOS,2588,0
PAY_002428,Mastercard,Debit,51.76,Apparel,US,US,Match,Exempt_LowRisk,Mobile_Android,2337,0
PAY_002429,Mastercard,Corporate,9.69,Subscription,US,US,Match,Exempt_LowRisk,Desktop_Windows,2038,0
PAY_002430,Mastercard,Debit,205.91,Digital_Gaming,AU,AU,Match,Authenticated_Success,Mobile_iOS,717,0
PAY_002431,American Express,Credit,295.31,Electronics,US,US,Match,Authenticated_Success,Desktop_Windows,970,0
PAY_002432,Mastercard,Credit,40.78,Electronics,US,US,Match,Authenticated_Success,Mobile_Android,1379,0
PAY_002433,Mastercard,Debit,44.62,Food_Beverage,DE,JP,Match,Authenticated_Success,Mobile_Android,3572,0
PAY_002434,Visa,Credit,181.36,Luxury_Goods,IN,AU,Match,Authenticated_Success,Desktop_Windows,2575,0
PAY_002435,Mastercard,Debit,561.66,Travel_Airlines,GB,GB,Match,Authenticated_Success,Desktop_Windows,116,0
PAY_002436,RuPay,Credit,177.24,Travel_Airlines,GB,GB,Match,Exempt_LowRisk,Mobile_Android,117,0
PAY_002437,Mastercard,Debit,61.56,Digital_Gaming,US,US,Match,Authenticated_Success,Mobile_iOS,1269,0
PAY_002438,Mastercard,Credit,216.63,Travel_Airlines,US,US,Match,Attempted_NoAuth,Desktop_Windows,763,0
PAY_002439,Mastercard,Corporate,13.09,Subscription,FR,FR,Match,Authenticated_Success,Mobile_iOS,1486,0
PAY_002440,Mastercard,Credit,876.17,Electronics,IN,IN,Match,Exempt_LowRisk,Tablet,3634,0
PAY_002441,RuPay,Credit,552.72,Travel_Airlines,US,US,Match,Authenticated_Success,Mobile_Android,715,0
PAY_002442,Visa,Debit,29.31,Apparel,US,US,Match,Exempt_LowRisk,Mobile_iOS,2179,0
PAY_002443,Visa,Debit,82.36,Apparel,US,US,Mismatch,Exempt_LowRisk,Mobile_iOS,1762,0
PAY_002444,Mastercard,Debit,194.71,Apparel,US,US,Match,Authenticated_Success,Mobile_Android,2409,0
PAY_002445,Mastercard,Prepaid,70.90,Food_Beverage,US,US,Match,Authenticated_Success,Mobile_Android,1995,0
PAY_002446,Mastercard,Credit,1034.89,Electronics,US,US,Match,Attempted_NoAuth,Desktop_Windows,1884,0
PAY_002447,Visa,Debit,1651.82,Digital_Gaming,FR,FR,Match,Attempted_NoAuth,Mobile_Android,1008,0
PAY_002448,Visa,Credit,232.19,Travel_Airlines,US,US,NotProvided,Exempt_LowRisk,Mobile_iOS,3525,0
PAY_002449,Mastercard,Credit,98.38,Electronics,DE,DE,Match,Authenticated_Success,Mobile_Android,976,0
PAY_002450,Mastercard,Credit,89.83,Travel_Airlines,GB,GB,Mismatch,Authenticated_Success,Desktop_Windows,527,0
PAY_002451,Mastercard,Credit,5.84,Subscription,IN,JP,Match,Authenticated_Success,Desktop_macOS,351,0
PAY_002452,Mastercard,Debit,736.99,Electronics,JP,FR,Match,Authenticated_Success,Mobile_Android,246,0
PAY_002453,Mastercard,Debit,126.57,Electronics,US,US,Match,Authenticated_Success,Desktop_macOS,1289,0
PAY_002454,American Express,Credit,174.67,Subscription,US,US,Mismatch,Authenticated_Success,Mobile_iOS,2979,0
PAY_002455,Mastercard,Corporate,610.16,Electronics,FR,FR,Match,Exempt_LowRisk,Mobile_Android,565,0
PAY_002456,Mastercard,Credit,56.86,Electronics,US,US,Mismatch,Authenticated_Success,Desktop_Windows,15,0
PAY_002457,Mastercard,Credit,23.95,Subscription,US,US,Match,Authenticated_Success,Mobile_Android,1934,0
PAY_002458,Visa,Debit,454.48,Food_Beverage,US,US,Match,Exempt_LowRisk,Mobile_iOS,2050,0
PAY_002459,Visa,Credit,401.31,Luxury_Goods,AU,AU,Match,Authenticated_Success,Mobile_Android,2056,0
PAY_002460,Mastercard,Credit,32.26,Digital_Gaming,US,US,Match,Authenticated_Success,Mobile_iOS,6,0
PAY_002461,American Express,Debit,21.12,Food_Beverage,GB,GB,Match,Exempt_LowRisk,Mobile_iOS,742,0
PAY_002462,Mastercard,Credit,371.00,Luxury_Goods,GB,GB,Match,Attempted_NoAuth,Mobile_iOS,1271,0
PAY_002463,Visa,Credit,2276.71,Luxury_Goods,DE,DE,Match,Authenticated_Success,Desktop_Windows,2700,0
PAY_002464,Mastercard,Debit,141.74,Food_Beverage,US,US,Match,Authenticated_Success,Mobile_iOS,2376,0
PAY_002465,Visa,Credit,529.40,Luxury_Goods,AU,AU,Match,Authenticated_Success,Mobile_Android,2973,0
PAY_002466,Mastercard,Debit,382.75,Digital_Gaming,FR,FR,Match,Authenticated_Success,Tablet,1998,0
PAY_002467,American Express,Debit,309.62,Apparel,GB,GB,Match,Authenticated_Success,Desktop_Windows,1473,0
PAY_002468,Mastercard,Credit,96.31,Digital_Gaming,US,US,Match,Authenticated_Success,Mobile_Android,2043,0
PAY_002469,Mastercard,Credit,1413.37,Digital_Gaming,IN,IN,Match,Authenticated_Success,Mobile_Android,1405,0
PAY_002470,Visa,Credit,50.80,Apparel,FR,AE,Match,Authenticated_Success,Mobile_iOS,575,0
PAY_002471,Mastercard,Debit,223.15,Digital_Gaming,US,US,Match,Exempt_LowRisk,Mobile_Android,2102,0
PAY_002472,American Express,Credit,43.28,Food_Beverage,US,US,Mismatch,Failed,Mobile_iOS,1076,1
PAY_002473,Mastercard,Corporate,180.03,Apparel,US,US,Match,Authenticated_Success,Mobile_iOS,965,0
PAY_002474,Mastercard,Credit,142.08,Electronics,US,US,Match,Exempt_LowRisk,Mobile_iOS,2591,0
PAY_002475,Visa,Debit,110.78,Apparel,US,US,Match,Authenticated_Success,Mobile_Android,242,0
PAY_002476,Visa,Credit,924.40,Apparel,US,FR,NotProvided,Exempt_LowRisk,Mobile_iOS,86,0
PAY_002477,Visa,Credit,760.01,Travel_Airlines,US,US,Match,Exempt_LowRisk,Mobile_iOS,1300,0
PAY_002478,Visa,Credit,112.68,Digital_Gaming,IN,GB,Match,Exempt_LowRisk,Desktop_Windows,2173,0
PAY_002479,Visa,Debit,28.44,Apparel,IN,IN,Match,Exempt_LowRisk,Mobile_iOS,3065,0
PAY_002480,Discover,Prepaid,82.03,Food_Beverage,IN,IN,Match,Authenticated_Success,Desktop_Windows,1887,0
PAY_002481,Mastercard,Credit,61.61,Electronics,CA,US,Match,Authenticated_Success,Mobile_Android,944,0
PAY_002482,Visa,Credit,495.36,Electronics,CA,CA,Match,Authenticated_Success,Mobile_Android,1256,0
PAY_002483,Visa,Credit,172.10,Food_Beverage,US,AU,Match,Authenticated_Success,Mobile_iOS,1382,0
PAY_002484,Visa,Credit,54.73,Digital_Gaming,DE,DE,NotProvided,Attempted_NoAuth,Mobile_iOS,1222,0
PAY_002485,American Express,Corporate,1662.67,Travel_Airlines,US,US,Match,Authenticated_Success,Desktop_Windows,2441,0
PAY_002486,Visa,Corporate,356.09,Food_Beverage,GB,GB,Match,Authenticated_Success,Mobile_Android,2916,0
PAY_002487,American Express,Corporate,78.62,Subscription,JP,JP,Match,Authenticated_Success,Mobile_iOS,2587,0
PAY_002488,American Express,Credit,347.82,Electronics,AU,US,Match,Authenticated_Success,Mobile_iOS,1394,0
PAY_002489,Visa,Credit,139.63,Travel_Airlines,US,US,Match,Authenticated_Success,Mobile_Android,1050,0
PAY_002490,Mastercard,Debit,197.73,Travel_Airlines,FR,FR,Match,Authenticated_Success,Mobile_iOS,292,0
PAY_002491,RuPay,Credit,57.04,Electronics,US,US,Match,Exempt_LowRisk,Mobile_Android,2912,0
PAY_002492,Visa,Debit,39.40,Subscription,US,US,Match,Authenticated_Success,Mobile_Android,3511,0
PAY_002493,Visa,Credit,59.45,Apparel,US,FR,Match,Attempted_NoAuth,Mobile_Android,200,0
PAY_002494,Discover,Credit,10.74,Food_Beverage,US,IN,Match,Exempt_LowRisk,Desktop_Windows,476,0
PAY_002495,American Express,Debit,817.54,Luxury_Goods,DE,DE,Match,Authenticated_Success,Mobile_Android,783,0
PAY_002496,Mastercard,Credit,205.27,Digital_Gaming,US,US,Match,Authenticated_Success,Desktop_macOS,2910,0
PAY_002497,Mastercard,Prepaid,185.10,Electronics,US,IN,Match,Exempt_LowRisk,Mobile_Android,790,0
PAY_002498,Visa,Credit,3.50,Food_Beverage,AE,AE,Match,Exempt_LowRisk,Mobile_Android,51,0
PAY_002499,American Express,Credit,50.49,Digital_Gaming,GB,GB,Match,Authenticated_Success,Mobile_Android,1226,0
PAY_002500,Mastercard,Credit,40.32,Electronics,US,JP,Match,Authenticated_Success,Mobile_Android,1330,0
PAY_002501,Visa,Credit,95.49,Electronics,GB,GB,Match,Authenticated_Success,Mobile_iOS,1443,0
PAY_002502,Mastercard,Credit,1317.41,Travel_Airlines,GB,GB,Match,Authenticated_Success,Tablet,1880,0
PAY_002503,RuPay,Credit,12.83,Electronics,GB,GB,Match,Authenticated_Success,Desktop_macOS,883,0
PAY_002504,American Express,Debit,27.17,Digital_Gaming,CA,SG,Match,Authenticated_Success,Mobile_iOS,109,0
PAY_002505,Visa,Corporate,664.36,Travel_Airlines,AU,AU,Match,Authenticated_Success,Mobile_Android,392,0
PAY_002506,Visa,Credit,30.81,Apparel,US,US,Match,Authenticated_Success,Desktop_Windows,2679,0
PAY_002507,Discover,Credit,28.32,Digital_Gaming,GB,GB,Match,Authenticated_Success,Desktop_macOS,2408,0
PAY_002508,Discover,Credit,623.69,Apparel,US,US,Match,Authenticated_Success,Mobile_Android,951,0
PAY_002509,Mastercard,Debit,101.11,Subscription,IN,IN,Match,Exempt_LowRisk,Mobile_iOS,3433,0
PAY_002510,Mastercard,Debit,186.37,Food_Beverage,US,GB,Mismatch,Authenticated_Success,Mobile_Android,1975,0
PAY_002511,Mastercard,Credit,114.91,Apparel,US,IN,Match,Exempt_LowRisk,Mobile_iOS,2909,0
PAY_002512,Visa,Credit,79.67,Digital_Gaming,AE,GB,Match,Exempt_LowRisk,Mobile_Android,2892,0
PAY_002513,Visa,Credit,267.85,Digital_Gaming,CA,CA,Match,Authenticated_Success,Mobile_Android,1096,0
PAY_002514,Visa,Credit,542.33,Subscription,US,US,Match,Authenticated_Success,Mobile_Android,2157,0
PAY_002515,Visa,Credit,10.47,Apparel,US,US,Match,Authenticated_Success,Mobile_iOS,2165,0
PAY_002516,American Express,Prepaid,64.15,Digital_Gaming,US,US,Match,Authenticated_Success,Mobile_Android,1663,0
PAY_002517,Visa,Credit,63.59,Subscription,AE,AE,Match,Attempted_NoAuth,Mobile_Android,2319,0
PAY_002518,Visa,Credit,116.44,Electronics,GB,GB,Match,Authenticated_Success,Mobile_iOS,1227,0
PAY_002519,Mastercard,Credit,196.21,Digital_Gaming,US,US,Mismatch,Authenticated_Success,Mobile_iOS,358,0
PAY_002520,Visa,Debit,247.69,Electronics,CA,CA,Match,Exempt_LowRisk,Mobile_iOS,165,0
PAY_002521,Visa,Credit,3604.08,Luxury_Goods,GB,GB,Match,Exempt_LowRisk,Desktop_Windows,1631,0
PAY_002522,Mastercard,Credit,223.70,Apparel,US,US,Match,Authenticated_Success,Mobile_Android,3332,0
PAY_002523,Visa,Credit,299.22,Subscription,IN,IN,Match,Authenticated_Success,Mobile_Android,783,0
PAY_002524,Mastercard,Debit,17.83,Apparel,US,JP,Match,Exempt_LowRisk,Mobile_Android,2160,0
PAY_002525,Discover,Credit,76.93,Electronics,AU,JP,Match,Authenticated_Success,Desktop_Windows,599,0
PAY_002526,Visa,Corporate,30.08,Food_Beverage,IN,IN,Match,Exempt_LowRisk,Mobile_Android,2305,0
PAY_002527,Discover,Credit,285.84,Food_Beverage,US,GB,Match,Exempt_LowRisk,Mobile_iOS,672,0
PAY_002528,Discover,Credit,92.06,Travel_Airlines,DE,US,Match,Authenticated_Success,Mobile_iOS,1608,0
PAY_002529,American Express,Corporate,95.07,Travel_Airlines,FR,FR,Match,Authenticated_Success,Mobile_iOS,2950,0
PAY_002530,Mastercard,Debit,19.42,Apparel,CA,CA,Match,Exempt_LowRisk,Desktop_Windows,1361,0
PAY_002531,Mastercard,Credit,8956.48,Luxury_Goods,CA,CA,Mismatch,Authenticated_Success,Mobile_Android,3409,0
PAY_002532,Mastercard,Debit,159.68,Electronics,US,US,Match,Authenticated_Success,Desktop_Windows,171,0
PAY_002533,Mastercard,Credit,334.45,Electronics,US,US,Match,Authenticated_Success,Desktop_Windows,307,0
PAY_002534,Visa,Credit,19.02,Subscription,DE,DE,Match,Authenticated_Success,Desktop_Windows,617,0
PAY_002535,RuPay,Debit,766.23,Travel_Airlines,US,AE,Match,Authenticated_Success,Tablet,890,0
PAY_002536,Mastercard,Debit,9.48,Apparel,US,US,Mismatch,Authenticated_Success,Mobile_Android,1553,0
PAY_002537,American Express,Credit,63.61,Electronics,GB,GB,Match,Authenticated_Success,Mobile_iOS,3335,0
PAY_002538,Visa,Debit,29.83,Subscription,US,JP,Match,Authenticated_Success,Mobile_iOS,882,0
PAY_002539,Visa,Credit,237.55,Electronics,FR,US,Match,Authenticated_Success,Mobile_Android,1303,0
PAY_002540,Mastercard,Credit,27.87,Apparel,IN,IN,NotProvided,Failed,Desktop_Windows,163,1
PAY_002541,Mastercard,Prepaid,998.26,Electronics,IN,AU,Mismatch,Failed,Mobile_Android,2608,1
PAY_002542,Mastercard,Credit,324.79,Electronics,US,AE,Match,Authenticated_Success,Mobile_iOS,1993,0
PAY_002543,Visa,Debit,31.23,Apparel,GB,GB,Match,Exempt_LowRisk,Desktop_Windows,165,0
PAY_002544,Visa,Debit,199.81,Subscription,IN,AE,Mismatch,Authenticated_Success,Mobile_Android,1694,0
PAY_002545,Mastercard,Debit,43.27,Apparel,US,US,Match,Authenticated_Success,Mobile_iOS,798,0
PAY_002546,Visa,Credit,34.83,Digital_Gaming,DE,DE,Match,Authenticated_Success,Desktop_Windows,1538,0
PAY_002547,RuPay,Prepaid,714.58,Travel_Airlines,CA,CA,Match,Exempt_LowRisk,Mobile_Android,1038,0
PAY_002548,Visa,Debit,4.49,Digital_Gaming,US,US,Match,Authenticated_Success,Mobile_iOS,2862,0
PAY_002549,Visa,Debit,598.60,Travel_Airlines,US,US,Match,Exempt_LowRisk,Mobile_iOS,210,0
PAY_002550,Visa,Credit,197.83,Luxury_Goods,DE,DE,Match,Authenticated_Success,Mobile_Android,2188,0
PAY_002551,Mastercard,Credit,197.50,Luxury_Goods,US,US,Match,Exempt_LowRisk,Mobile_Android,2895,0
PAY_002552,Mastercard,Credit,3735.93,Luxury_Goods,IN,IN,NotProvided,Failed,Mobile_iOS,6,1
PAY_002553,Mastercard,Credit,148.70,Travel_Airlines,CA,CA,Match,Exempt_LowRisk,Mobile_Android,3301,0
PAY_002554,RuPay,Credit,763.41,Travel_Airlines,US,GB,Match,Authenticated_Success,Mobile_Android,2781,0
PAY_002555,Visa,Debit,362.66,Travel_Airlines,DE,DE,Match,Authenticated_Success,Mobile_iOS,1020,0
PAY_002556,Mastercard,Corporate,284.55,Electronics,GB,GB,Match,Authenticated_Success,Mobile_Android,1761,0
PAY_002557,Visa,Credit,329.05,Luxury_Goods,US,US,Match,Authenticated_Success,Mobile_Android,2485,0
PAY_002558,Visa,Credit,191.20,Travel_Airlines,JP,AU,Match,Exempt_LowRisk,Mobile_iOS,1886,0
PAY_002559,Mastercard,Debit,358.09,Apparel,DE,DE,Match,Authenticated_Success,Mobile_iOS,2761,0
PAY_002560,Visa,Credit,185.58,Food_Beverage,CA,CA,Match,Authenticated_Success,Mobile_iOS,3247,0
PAY_002561,Mastercard,Corporate,38.49,Apparel,IN,IN,Mismatch,Authenticated_Success,Mobile_Android,1307,0
PAY_002562,Mastercard,Credit,21.11,Apparel,GB,AE,Match,Authenticated_Success,Desktop_Windows,399,0
PAY_002563,Mastercard,Credit,35.06,Food_Beverage,GB,FR,Match,Authenticated_Success,Mobile_Android,1575,0
PAY_002564,Mastercard,Credit,196.30,Apparel,US,JP,Match,Exempt_LowRisk,Tablet,2188,0
PAY_002565,Mastercard,Corporate,243.85,Apparel,US,US,Match,Authenticated_Success,Mobile_iOS,2829,0
PAY_002566,Visa,Credit,122.79,Apparel,GB,GB,Match,Authenticated_Success,Mobile_Android,1030,0
PAY_002567,Visa,Debit,11.26,Food_Beverage,GB,GB,Match,Authenticated_Success,Mobile_Android,3387,0
PAY_002568,Visa,Credit,152.80,Digital_Gaming,FR,FR,Match,Authenticated_Success,Desktop_Windows,134,0
PAY_002569,Mastercard,Credit,1119.04,Travel_Airlines,GB,GB,Match,Authenticated_Success,Desktop_macOS,2119,0
PAY_002570,RuPay,Corporate,322.86,Travel_Airlines,CA,SG,Match,Authenticated_Success,Mobile_Android,1597,0
PAY_002571,Visa,Credit,3826.04,Luxury_Goods,IN,SG,Match,Authenticated_Success,Mobile_Android,2536,0
PAY_002572,Mastercard,Credit,15.59,Subscription,AE,AE,Match,Authenticated_Success,Desktop_macOS,1035,0
PAY_002573,Mastercard,Credit,141.64,Food_Beverage,US,US,Match,Authenticated_Success,Desktop_macOS,3401,0
PAY_002574,American Express,Debit,21.71,Apparel,AU,AU,Match,Exempt_LowRisk,Tablet,6,0
PAY_002575,Mastercard,Credit,213.66,Subscription,IN,IN,Match,Exempt_LowRisk,Mobile_iOS,2977,0
PAY_002576,Mastercard,Credit,130.86,Digital_Gaming,US,US,Match,Authenticated_Success,Mobile_iOS,1799,0
PAY_002577,Mastercard,Prepaid,1354.40,Electronics,US,US,Match,Authenticated_Success,Mobile_Android,1883,0
PAY_002578,American Express,Debit,115.55,Apparel,US,US,Match,Authenticated_Success,Desktop_Windows,1136,0
PAY_002579,Visa,Debit,277.94,Luxury_Goods,DE,DE,Match,Authenticated_Success,Mobile_iOS,1430,0
PAY_002580,Discover,Debit,108.79,Electronics,CA,CA,Match,Exempt_LowRisk,Mobile_iOS,1585,0
PAY_002581,Visa,Debit,50.64,Digital_Gaming,GB,GB,Match,Authenticated_Success,Mobile_Android,1136,0
PAY_002582,American Express,Credit,38.02,Apparel,FR,FR,Mismatch,Authenticated_Success,Mobile_iOS,43,0
PAY_002583,Visa,Credit,293.48,Digital_Gaming,US,US,Match,Exempt_LowRisk,Desktop_Windows,1462,0
PAY_002584,Visa,Debit,759.62,Electronics,US,US,Mismatch,Authenticated_Success,Mobile_iOS,1467,0
PAY_002585,Visa,Debit,12.86,Food_Beverage,IN,AU,Match,Authenticated_Success,Desktop_Windows,2635,0
PAY_002586,Mastercard,Corporate,69.56,Apparel,JP,JP,Match,Exempt_LowRisk,Mobile_iOS,1717,0
PAY_002587,Visa,Debit,200.01,Electronics,FR,FR,Match,Authenticated_Success,Mobile_Android,2006,0
PAY_002588,Visa,Credit,28.24,Digital_Gaming,US,US,Match,Exempt_LowRisk,Mobile_Android,1701,0
PAY_002589,Mastercard,Credit,107.99,Digital_Gaming,US,US,Match,Authenticated_Success,Mobile_iOS,1548,0
PAY_002590,Visa,Debit,2161.89,Luxury_Goods,US,US,Match,Attempted_NoAuth,Mobile_Android,2617,0
PAY_002591,Mastercard,Credit,177.86,Digital_Gaming,GB,SG,Match,Exempt_LowRisk,Desktop_Windows,2466,0
PAY_002592,Discover,Debit,821.72,Electronics,US,FR,Match,Authenticated_Success,Mobile_Android,3618,0
PAY_002593,Mastercard,Debit,30.26,Food_Beverage,AU,AU,Match,Attempted_NoAuth,Mobile_iOS,1813,0
PAY_002594,Visa,Credit,69.42,Digital_Gaming,DE,GB,Match,Authenticated_Success,Desktop_Windows,102,0
PAY_002595,Visa,Debit,80.43,Electronics,GB,GB,Match,Exempt_LowRisk,Mobile_iOS,2136,0
PAY_002596,Discover,Debit,347.12,Travel_Airlines,US,US,Match,Authenticated_Success,Mobile_Android,1446,0
PAY_002597,Visa,Corporate,622.78,Luxury_Goods,US,US,Match,Authenticated_Success,Mobile_Android,350,0
PAY_002598,Visa,Credit,1245.91,Luxury_Goods,GB,GB,Match,Authenticated_Success,Mobile_Android,3127,0
PAY_002599,Discover,Debit,282.83,Digital_Gaming,DE,DE,Match,Authenticated_Success,Mobile_iOS,2310,0
PAY_002600,RuPay,Credit,142.29,Apparel,US,US,Match,Authenticated_Success,Mobile_iOS,2284,0
PAY_002601,Visa,Credit,25.89,Digital_Gaming,IN,IN,Match,Authenticated_Success,Mobile_iOS,2323,0
PAY_002602,Mastercard,Credit,42.19,Electronics,US,GB,Match,Authenticated_Success,Mobile_Android,3590,0
PAY_002603,Mastercard,Corporate,118.16,Apparel,US,US,Match,Exempt_LowRisk,Mobile_Android,2511,0
PAY_002604,Mastercard,Corporate,347.43,Subscription,AE,SG,Match,Exempt_LowRisk,Mobile_Android,2604,0
PAY_002605,Visa,Credit,421.80,Luxury_Goods,US,JP,NotProvided,Attempted_NoAuth,Mobile_iOS,2741,1
PAY_002606,Visa,Debit,12.43,Apparel,US,FR,Match,Authenticated_Success,Mobile_iOS,2643,0
PAY_002607,Mastercard,Credit,660.65,Apparel,CA,CA,Match,Authenticated_Success,Mobile_Android,2570,0
PAY_002608,Visa,Debit,456.98,Travel_Airlines,US,US,Match,Attempted_NoAuth,Mobile_Android,278,0
PAY_002609,Mastercard,Credit,80.50,Apparel,US,US,Match,Exempt_LowRisk,Desktop_Windows,1469,0
PAY_002610,Visa,Debit,51.67,Electronics,US,JP,Match,Exempt_LowRisk,Mobile_iOS,1005,0
PAY_002611,American Express,Credit,190.08,Electronics,US,US,Match,Exempt_LowRisk,Mobile_iOS,3251,0
PAY_002612,American Express,Debit,567.86,Travel_Airlines,GB,GB,Match,Authenticated_Success,Mobile_iOS,2131,0
PAY_002613,Mastercard,Credit,753.80,Luxury_Goods,US,US,Match,Authenticated_Success,Mobile_Android,1883,0
PAY_002614,American Express,Debit,88.39,Electronics,FR,FR,Match,Authenticated_Success,Mobile_Android,1907,0
PAY_002615,Visa,Debit,175.36,Electronics,IN,IN,Match,Authenticated_Success,Mobile_iOS,2490,0
PAY_002616,Mastercard,Credit,220.12,Luxury_Goods,US,US,Match,Authenticated_Success,Mobile_iOS,2783,0
PAY_002617,Visa,Credit,415.96,Digital_Gaming,US,US,Match,Authenticated_Success,Mobile_Android,736,0
PAY_002618,American Express,Debit,713.84,Travel_Airlines,US,US,Match,Authenticated_Success,Mobile_iOS,3626,0
PAY_002619,American Express,Debit,104.88,Electronics,US,US,Match,Authenticated_Success,Mobile_Android,2781,0
PAY_002620,Discover,Credit,73.77,Travel_Airlines,US,US,Match,Authenticated_Success,Mobile_iOS,755,0
PAY_002621,American Express,Credit,90.52,Subscription,FR,FR,Match,Authenticated_Success,Mobile_iOS,2211,0
PAY_002622,RuPay,Credit,252.07,Luxury_Goods,US,US,Match,Authenticated_Success,Mobile_iOS,1564,0
PAY_002623,Visa,Debit,117.86,Electronics,GB,DE,Match,Authenticated_Success,Tablet,1375,0
PAY_002624,Discover,Debit,124.35,Luxury_Goods,DE,DE,Match,Authenticated_Success,Mobile_iOS,3164,0
PAY_002625,Mastercard,Credit,21.92,Apparel,IN,IN,Match,Authenticated_Success,Mobile_iOS,1043,0
PAY_002626,Mastercard,Debit,223.31,Electronics,US,US,Match,Authenticated_Success,Desktop_Windows,3059,0
PAY_002627,Mastercard,Debit,49.72,Apparel,US,US,Match,Authenticated_Success,Mobile_iOS,2324,0
PAY_002628,Visa,Debit,1039.16,Food_Beverage,JP,JP,Match,Authenticated_Success,Mobile_iOS,2982,0
PAY_002629,Visa,Credit,128.21,Apparel,US,US,Match,Authenticated_Success,Mobile_iOS,2720,0
PAY_002630,Visa,Credit,18.79,Food_Beverage,DE,DE,Match,Authenticated_Success,Mobile_Android,2264,0
PAY_002631,Visa,Credit,12.31,Digital_Gaming,DE,DE,Match,Exempt_LowRisk,Mobile_Android,695,0
PAY_002632,Mastercard,Credit,103.34,Digital_Gaming,GB,GB,Match,Authenticated_Success,Desktop_Windows,3625,0
PAY_002633,American Express,Credit,120.67,Electronics,US,AU,Match,Authenticated_Success,Desktop_Windows,2345,0
PAY_002634,Mastercard,Credit,1875.11,Luxury_Goods,US,SG,Match,Authenticated_Success,Mobile_Android,1306,0
PAY_002635,Mastercard,Credit,254.59,Electronics,GB,GB,Match,Authenticated_Success,Mobile_iOS,936,0
PAY_002636,Mastercard,Debit,7.53,Digital_Gaming,GB,GB,Match,Authenticated_Success,Desktop_Windows,425,0
PAY_002637,Mastercard,Credit,21.73,Apparel,FR,FR,Match,Authenticated_Success,Desktop_Windows,1153,0
PAY_002638,Visa,Debit,31.73,Apparel,DE,DE,Match,Authenticated_Success,Desktop_Windows,484,0
PAY_002639,American Express,Credit,108.44,Digital_Gaming,SG,SG,Match,Exempt_LowRisk,Mobile_iOS,3241,0
PAY_002640,Visa,Debit,58.65,Electronics,JP,DE,Match,Exempt_LowRisk,Mobile_Android,1590,0
PAY_002641,Mastercard,Credit,78.89,Apparel,DE,DE,Match,Exempt_LowRisk,Desktop_Windows,2285,0
PAY_002642,Mastercard,Debit,15.34,Subscription,US,US,Match,Authenticated_Success,Desktop_macOS,2938,0
PAY_002643,Mastercard,Debit,188.00,Electronics,GB,GB,Match,Authenticated_Success,Mobile_iOS,3509,0
PAY_002644,American Express,Credit,100.19,Apparel,CA,CA,Match,Authenticated_Success,Desktop_Windows,1653,0
PAY_002645,Visa,Debit,332.84,Apparel,CA,CA,Match,Authenticated_Success,Mobile_Android,191,0
PAY_002646,American Express,Credit,87.37,Apparel,US,CA,Match,Authenticated_Success,Desktop_Windows,2231,0
PAY_002647,Mastercard,Debit,108.62,Travel_Airlines,CA,CA,Match,Authenticated_Success,Mobile_Android,3456,0
PAY_002648,American Express,Credit,344.57,Apparel,US,AU,Match,Attempted_NoAuth,Desktop_Windows,1307,0
PAY_002649,Mastercard,Credit,54.52,Digital_Gaming,US,GB,Match,Authenticated_Success,Mobile_iOS,374,0
PAY_002650,American Express,Credit,1015.08,Luxury_Goods,IN,IN,Match,Exempt_LowRisk,Mobile_iOS,2609,0
PAY_002651,RuPay,Corporate,33.98,Apparel,GB,GB,Match,Attempted_NoAuth,Mobile_iOS,2265,0
PAY_002652,Mastercard,Credit,73.69,Subscription,GB,GB,Match,Authenticated_Success,Desktop_Windows,559,0
PAY_002653,American Express,Debit,27.62,Subscription,CA,CA,Match,Authenticated_Success,Mobile_iOS,14,0
PAY_002654,Mastercard,Credit,266.16,Electronics,CA,CA,Mismatch,Attempted_NoAuth,Mobile_Android,1898,1
PAY_002655,Mastercard,Credit,161.45,Apparel,US,US,Match,Authenticated_Success,Tablet,543,0
PAY_002656,Discover,Credit,108.35,Electronics,CA,CA,Mismatch,Exempt_LowRisk,Desktop_macOS,676,0
PAY_002657,Visa,Corporate,101.85,Electronics,US,CA,Match,Attempted_NoAuth,Mobile_Android,1128,0
PAY_002658,Mastercard,Debit,98.74,Digital_Gaming,DE,DE,Match,Failed,Desktop_Windows,1710,1
PAY_002659,Visa,Credit,26.91,Digital_Gaming,US,US,Match,Authenticated_Success,Mobile_iOS,2985,0
PAY_002660,Visa,Debit,12.56,Digital_Gaming,AE,AE,Match,Exempt_LowRisk,Mobile_Android,1571,0
PAY_002661,American Express,Credit,98.35,Apparel,FR,FR,Match,Authenticated_Success,Mobile_Android,3052,0
PAY_002662,Visa,Credit,59.24,Apparel,GB,GB,Match,Exempt_LowRisk,Desktop_Windows,2207,0
PAY_002663,Visa,Credit,57.87,Subscription,US,JP,Match,Authenticated_Success,Mobile_iOS,1434,0
PAY_002664,Visa,Credit,118.29,Subscription,US,US,Match,Authenticated_Success,Mobile_iOS,1860,0
PAY_002665,Mastercard,Credit,386.23,Electronics,DE,DE,Match,Authenticated_Success,Mobile_Android,516,0
PAY_002666,American Express,Debit,363.11,Luxury_Goods,DE,DE,Match,Authenticated_Success,Mobile_Android,3561,0
PAY_002667,Discover,Credit,19.40,Digital_Gaming,DE,DE,Match,Authenticated_Success,Desktop_Windows,1102,0
PAY_002668,Visa,Corporate,132.14,Travel_Airlines,AU,SG,Match,Authenticated_Success,Mobile_Android,3286,0
PAY_002669,Mastercard,Debit,126.91,Digital_Gaming,GB,GB,Match,Authenticated_Success,Desktop_Windows,2354,0
PAY_002670,Mastercard,Debit,77.48,Food_Beverage,DE,DE,Match,Exempt_LowRisk,Mobile_Android,1074,0
PAY_002671,Mastercard,Debit,101.99,Electronics,GB,GB,Match,Authenticated_Success,Desktop_Windows,1776,0
PAY_002672,Mastercard,Debit,28.14,Apparel,CA,CA,Match,Exempt_LowRisk,Desktop_Windows,443,0
PAY_002673,Visa,Credit,131.58,Subscription,GB,GB,Match,Authenticated_Success,Mobile_iOS,2247,0
PAY_002674,Mastercard,Credit,146.32,Electronics,FR,FR,Match,Authenticated_Success,Mobile_iOS,237,0
PAY_002675,Mastercard,Credit,427.35,Electronics,US,DE,Match,Authenticated_Success,Desktop_macOS,2333,0
PAY_002676,Mastercard,Corporate,701.74,Travel_Airlines,US,US,Match,Exempt_LowRisk,Mobile_iOS,723,0
PAY_002677,Mastercard,Credit,189.08,Travel_Airlines,US,US,Match,Authenticated_Success,Mobile_Android,470,0
PAY_002678,American Express,Debit,1232.02,Luxury_Goods,SG,SG,Match,Authenticated_Success,Mobile_iOS,811,0
PAY_002679,Mastercard,Debit,310.61,Travel_Airlines,GB,GB,NotProvided,Attempted_NoAuth,Desktop_Windows,326,1
PAY_002680,Visa,Credit,358.11,Travel_Airlines,US,US,Match,Authenticated_Success,Mobile_iOS,3243,0
PAY_002681,American Express,Debit,16.81,Electronics,GB,CA,Match,Exempt_LowRisk,Mobile_Android,3416,0
PAY_002682,American Express,Credit,148.98,Luxury_Goods,GB,IN,Match,Authenticated_Success,Mobile_Android,3375,0
PAY_002683,Visa,Credit,97.31,Travel_Airlines,IN,AU,Match,Authenticated_Success,Mobile_iOS,2621,0
PAY_002684,Mastercard,Debit,46.97,Food_Beverage,JP,JP,Match,Authenticated_Success,Mobile_Android,841,0
PAY_002685,Visa,Credit,75.62,Apparel,IN,IN,Match,Exempt_LowRisk,Desktop_Windows,2770,0
PAY_002686,Mastercard,Credit,221.49,Electronics,IN,DE,Match,Exempt_LowRisk,Mobile_Android,2769,0
PAY_002687,Visa,Credit,365.26,Travel_Airlines,US,US,Match,Authenticated_Success,Tablet,864,0
PAY_002688,Mastercard,Credit,31.39,Apparel,US,US,Match,Exempt_LowRisk,Desktop_Windows,3050,0
PAY_002689,Visa,Debit,399.46,Electronics,CA,CA,Match,Exempt_LowRisk,Mobile_Android,3638,0
PAY_002690,Mastercard,Corporate,487.95,Food_Beverage,DE,AU,Match,Authenticated_Success,Mobile_Android,1378,0
PAY_002691,Discover,Credit,45.21,Digital_Gaming,US,DE,Mismatch,Attempted_NoAuth,Desktop_macOS,2147,1
PAY_002692,Visa,Credit,32.14,Apparel,FR,FR,Match,Authenticated_Success,Mobile_Android,3181,0
PAY_002693,American Express,Credit,87.86,Electronics,US,US,Match,Authenticated_Success,Mobile_Android,958,0
PAY_002694,RuPay,Debit,205.13,Electronics,US,US,Match,Attempted_NoAuth,Desktop_Windows,3608,0
PAY_002695,American Express,Debit,149.60,Travel_Airlines,US,US,Match,Exempt_LowRisk,Desktop_macOS,1107,0
PAY_002696,Visa,Credit,9.94,Digital_Gaming,IN,IN,Match,Authenticated_Success,Mobile_Android,3532,0
PAY_002697,American Express,Credit,37.61,Electronics,FR,FR,Match,Authenticated_Success,Mobile_iOS,854,0
PAY_002698,Visa,Corporate,204.84,Apparel,GB,AE,Match,Authenticated_Success,Mobile_Android,2708,0
PAY_002699,Visa,Debit,764.78,Electronics,IN,IN,Match,Authenticated_Success,Desktop_Windows,1917,0
PAY_002700,American Express,Credit,1085.18,Electronics,IN,IN,Match,Authenticated_Success,Mobile_iOS,1357,0
PAY_002701,Mastercard,Debit,85.54,Apparel,US,US,Match,Authenticated_Success,Desktop_Windows,1603,0
PAY_002702,Mastercard,Credit,22.42,Digital_Gaming,FR,FR,Match,Authenticated_Success,Mobile_Android,829,0
PAY_002703,Visa,Credit,115.33,Electronics,US,US,Match,Authenticated_Success,Mobile_iOS,2453,0
PAY_002704,American Express,Debit,12.93,Apparel,GB,GB,Match,Exempt_LowRisk,Mobile_Android,3623,0
PAY_002705,Mastercard,Credit,12.39,Digital_Gaming,US,US,Mismatch,Exempt_LowRisk,Mobile_Android,2138,0
PAY_002706,Mastercard,Credit,88.30,Digital_Gaming,GB,GB,Match,Authenticated_Success,Desktop_Windows,1008,0
PAY_002707,Discover,Corporate,337.83,Electronics,GB,GB,Match,Authenticated_Success,Mobile_iOS,2445,0
PAY_002708,Visa,Debit,1609.74,Electronics,US,US,Match,Attempted_NoAuth,Desktop_Windows,1600,0
PAY_002709,Visa,Credit,170.41,Electronics,GB,GB,Match,Authenticated_Success,Mobile_iOS,3362,0
PAY_002710,Mastercard,Debit,14.97,Apparel,DE,DE,Match,Authenticated_Success,Desktop_macOS,964,0
PAY_002711,RuPay,Debit,233.27,Travel_Airlines,CA,CA,Match,Authenticated_Success,Desktop_Windows,1892,0
PAY_002712,Visa,Debit,136.85,Electronics,US,US,Match,Exempt_LowRisk,Mobile_iOS,1811,0
PAY_002713,Visa,Prepaid,155.39,Travel_Airlines,US,FR,Match,Authenticated_Success,Tablet,3233,0
PAY_002714,Visa,Debit,389.33,Travel_Airlines,US,US,Match,Attempted_NoAuth,Mobile_Android,403,0
PAY_002715,American Express,Credit,49.09,Electronics,IN,IN,Match,Attempted_NoAuth,Mobile_Android,2255,0
PAY_002716,Visa,Credit,215.60,Electronics,IN,IN,Match,Exempt_LowRisk,Desktop_macOS,2953,0
PAY_002717,Mastercard,Debit,382.35,Electronics,US,US,Match,Exempt_LowRisk,Desktop_macOS,1320,0
PAY_002718,RuPay,Prepaid,890.10,Electronics,DE,DE,Match,Authenticated_Success,Mobile_Android,1844,0
PAY_002719,Visa,Credit,93.82,Digital_Gaming,CA,CA,Match,Attempted_NoAuth,Tablet,1075,0
PAY_002720,Mastercard,Credit,588.19,Electronics,AE,AE,Match,Authenticated_Success,Mobile_iOS,1531,0
PAY_002721,Mastercard,Debit,40.92,Food_Beverage,US,IN,Match,Exempt_LowRisk,Mobile_iOS,3467,0
PAY_002722,American Express,Credit,47.72,Digital_Gaming,GB,GB,Match,Authenticated_Success,Mobile_iOS,1326,0
PAY_002723,Visa,Credit,1174.89,Travel_Airlines,CA,CA,Match,Authenticated_Success,Mobile_iOS,737,0
PAY_002724,Visa,Corporate,59.00,Travel_Airlines,US,US,Match,Authenticated_Success,Mobile_Android,2116,0
PAY_002725,Visa,Debit,42.80,Digital_Gaming,US,US,Match,Attempted_NoAuth,Mobile_iOS,1715,0
PAY_002726,Mastercard,Corporate,230.74,Subscription,US,US,Match,Authenticated_Success,Mobile_Android,2846,0
PAY_002727,American Express,Debit,52.87,Subscription,GB,GB,Match,Authenticated_Success,Mobile_iOS,133,0
PAY_002728,Visa,Credit,48.71,Apparel,DE,DE,Match,Authenticated_Success,Mobile_iOS,3294,0
PAY_002729,Visa,Corporate,139.46,Electronics,DE,AE,Match,Authenticated_Success,Desktop_Windows,2562,0
PAY_002730,Discover,Credit,75.86,Apparel,US,US,Match,Authenticated_Success,Mobile_iOS,3071,0
PAY_002731,Visa,Credit,220.23,Apparel,IN,IN,Match,Authenticated_Success,Desktop_Windows,1487,0
PAY_002732,Visa,Corporate,184.32,Digital_Gaming,US,US,Match,Authenticated_Success,Desktop_Windows,1626,0
PAY_002733,Mastercard,Debit,67.53,Apparel,JP,JP,Match,Exempt_LowRisk,Mobile_Android,1221,0
PAY_002734,Visa,Corporate,221.77,Digital_Gaming,US,US,Mismatch,Authenticated_Success,Desktop_macOS,3044,1
PAY_002735,Visa,Credit,388.49,Travel_Airlines,IN,IN,Match,Authenticated_Success,Desktop_macOS,260,0
PAY_002736,Mastercard,Corporate,171.58,Apparel,AU,AU,Match,Authenticated_Success,Mobile_iOS,1929,0
PAY_002737,Visa,Debit,21.52,Digital_Gaming,IN,IN,Match,Authenticated_Success,Mobile_Android,949,0
PAY_002738,Mastercard,Debit,451.42,Apparel,IN,IN,Match,Authenticated_Success,Mobile_iOS,2329,0
PAY_002739,Mastercard,Corporate,339.86,Travel_Airlines,US,US,NotProvided,Authenticated_Success,Mobile_Android,3518,1
PAY_002740,Mastercard,Credit,21.09,Luxury_Goods,DE,CA,Match,Exempt_LowRisk,Mobile_Android,2462,0
PAY_002741,Visa,Debit,1158.75,Electronics,CA,CA,Match,Authenticated_Success,Desktop_Windows,162,0
PAY_002742,American Express,Debit,435.88,Luxury_Goods,GB,GB,Mismatch,Authenticated_Success,Desktop_Windows,1459,1
PAY_002743,Visa,Debit,120.85,Electronics,AE,AE,Match,Authenticated_Success,Desktop_Windows,115,0
PAY_002744,Mastercard,Corporate,137.01,Travel_Airlines,US,US,Match,Attempted_NoAuth,Desktop_Windows,1774,0
PAY_002745,Visa,Debit,108.14,Digital_Gaming,GB,JP,Match,Authenticated_Success,Mobile_Android,635,0
PAY_002746,American Express,Credit,25.10,Apparel,AU,JP,Match,Exempt_LowRisk,Mobile_iOS,2528,0
PAY_002747,Visa,Credit,141.41,Travel_Airlines,US,US,Match,Authenticated_Success,Mobile_iOS,1948,0
PAY_002748,Visa,Corporate,36.30,Food_Beverage,US,US,Match,Authenticated_Success,Mobile_Android,1124,0
PAY_002749,Mastercard,Prepaid,193.41,Travel_Airlines,US,FR,Match,Attempted_NoAuth,Desktop_Windows,3129,1
PAY_002750,Visa,Prepaid,37.84,Digital_Gaming,FR,AU,NotProvided,Failed,Mobile_iOS,2726,1
PAY_002751,Visa,Credit,681.56,Travel_Airlines,IN,IN,Match,Exempt_LowRisk,Mobile_Android,2289,0
PAY_002752,Mastercard,Credit,89.85,Apparel,US,US,Match,Exempt_LowRisk,Mobile_iOS,1293,0
PAY_002753,American Express,Debit,411.02,Travel_Airlines,CA,CA,Match,Authenticated_Success,Mobile_Android,994,0
PAY_002754,Visa,Debit,130.54,Food_Beverage,CA,GB,Match,Authenticated_Success,Mobile_Android,2137,0
PAY_002755,American Express,Credit,168.55,Electronics,DE,FR,Match,Attempted_NoAuth,Mobile_iOS,2883,0
PAY_002756,American Express,Debit,21.71,Apparel,DE,DE,Match,Authenticated_Success,Mobile_iOS,3057,0
PAY_002757,American Express,Credit,485.75,Apparel,JP,JP,Match,Authenticated_Success,Mobile_iOS,2837,0
PAY_002758,Mastercard,Credit,517.96,Electronics,US,US,Match,Authenticated_Success,Mobile_Android,85,0
PAY_002759,Mastercard,Credit,393.12,Apparel,US,US,Match,Exempt_LowRisk,Desktop_macOS,3594,0
PAY_002760,Mastercard,Credit,582.66,Electronics,CA,CA,Match,Authenticated_Success,Mobile_iOS,878,0
PAY_002761,Mastercard,Credit,40.19,Digital_Gaming,GB,GB,Match,Authenticated_Success,Mobile_Android,37,0
PAY_002762,Discover,Corporate,14.11,Electronics,GB,GB,Match,Authenticated_Success,Mobile_Android,2048,0
PAY_002763,Visa,Debit,17.25,Apparel,US,US,Match,Authenticated_Success,Mobile_Android,1662,0
PAY_002764,Visa,Corporate,873.04,Luxury_Goods,US,US,Match,Authenticated_Success,Mobile_iOS,388,0
PAY_002765,Visa,Credit,59.63,Apparel,SG,SG,Match,Exempt_LowRisk,Mobile_iOS,783,0
PAY_002766,Discover,Credit,42.02,Digital_Gaming,US,JP,Match,Exempt_LowRisk,Desktop_macOS,751,0
PAY_002767,Mastercard,Credit,17.14,Travel_Airlines,CA,CA,Match,Attempted_NoAuth,Desktop_macOS,1605,0
PAY_002768,Mastercard,Debit,65.73,Subscription,FR,FR,Mismatch,Authenticated_Success,Mobile_Android,2734,0
PAY_002769,American Express,Credit,20.29,Digital_Gaming,US,US,Mismatch,Attempted_NoAuth,Mobile_Android,2489,1
PAY_002770,RuPay,Debit,84.17,Electronics,US,US,Match,Authenticated_Success,Mobile_iOS,95,0
PAY_002771,Visa,Debit,475.67,Electronics,US,US,Match,Exempt_LowRisk,Mobile_iOS,634,0
PAY_002772,American Express,Corporate,21.50,Subscription,GB,GB,Match,Authenticated_Success,Mobile_iOS,2227,0
PAY_002773,American Express,Credit,155.20,Luxury_Goods,US,US,Match,Authenticated_Success,Desktop_Windows,2930,0
PAY_002774,Visa,Credit,327.15,Travel_Airlines,CA,CA,Match,Authenticated_Success,Mobile_iOS,125,0
PAY_002775,Mastercard,Credit,1131.61,Luxury_Goods,US,AU,Match,Authenticated_Success,Mobile_iOS,1226,0
PAY_002776,Visa,Credit,119.90,Electronics,US,US,Match,Exempt_LowRisk,Mobile_iOS,424,0
PAY_002777,Mastercard,Debit,334.94,Digital_Gaming,US,US,Match,Authenticated_Success,Mobile_iOS,1772,0
PAY_002778,Mastercard,Credit,65.35,Travel_Airlines,US,US,Match,Authenticated_Success,Mobile_Android,1425,0
PAY_002779,Visa,Debit,13.47,Food_Beverage,US,AU,Match,Authenticated_Success,Mobile_Android,635,0
PAY_002780,Visa,Credit,12.27,Apparel,SG,SG,Match,Authenticated_Success,Mobile_Android,3521,0
PAY_002781,Visa,Prepaid,10.83,Digital_Gaming,US,US,Match,Attempted_NoAuth,Mobile_Android,2783,0
PAY_002782,Visa,Prepaid,270.38,Electronics,GB,GB,Match,Exempt_LowRisk,Mobile_Android,1992,0
PAY_002783,Mastercard,Credit,22.75,Subscription,CA,CA,Match,Attempted_NoAuth,Desktop_Windows,2794,0
PAY_002784,Visa,Debit,14.14,Apparel,DE,AE,Match,Authenticated_Success,Mobile_iOS,1140,0
PAY_002785,Visa,Credit,405.07,Travel_Airlines,CA,CA,Match,Exempt_LowRisk,Mobile_iOS,3412,0
PAY_002786,Mastercard,Debit,165.07,Apparel,US,US,Match,Authenticated_Success,Desktop_Windows,1501,0
PAY_002787,Mastercard,Corporate,1377.12,Luxury_Goods,CA,AE,Match,Authenticated_Success,Mobile_Android,1409,0
PAY_002788,Mastercard,Debit,1135.26,Luxury_Goods,US,AE,Mismatch,Attempted_NoAuth,Mobile_Android,2076,1
PAY_002789,Discover,Debit,24.29,Apparel,FR,FR,Match,Authenticated_Success,Mobile_iOS,2111,0
PAY_002790,Visa,Credit,90.35,Food_Beverage,US,US,Match,Authenticated_Success,Mobile_iOS,2261,0
PAY_002791,American Express,Debit,115.19,Food_Beverage,DE,DE,Match,Authenticated_Success,Mobile_iOS,3038,0
PAY_002792,Visa,Debit,39.55,Food_Beverage,CA,CA,Match,Exempt_LowRisk,Desktop_Windows,978,0
PAY_002793,Mastercard,Credit,79.94,Apparel,DE,CA,Match,Authenticated_Success,Mobile_Android,2581,0
PAY_002794,RuPay,Credit,67.32,Travel_Airlines,US,FR,Match,Authenticated_Success,Mobile_iOS,720,0
PAY_002795,American Express,Debit,33.44,Digital_Gaming,DE,DE,Match,Exempt_LowRisk,Mobile_iOS,877,0
PAY_002796,Mastercard,Debit,100.38,Digital_Gaming,FR,FR,Match,Authenticated_Success,Mobile_iOS,1808,0
PAY_002797,Mastercard,Credit,350.13,Digital_Gaming,GB,GB,Match,Exempt_LowRisk,Mobile_iOS,1914,0
PAY_002798,Visa,Corporate,1538.23,Luxury_Goods,US,US,Match,Authenticated_Success,Mobile_Android,2354,0
PAY_002799,Mastercard,Debit,386.28,Electronics,US,DE,Match,Authenticated_Success,Mobile_Android,509,0
PAY_002800,American Express,Credit,72.80,Apparel,US,US,Match,Authenticated_Success,Desktop_macOS,2980,0
PAY_002801,RuPay,Credit,171.89,Electronics,FR,FR,Match,Authenticated_Success,Desktop_Windows,2033,0
PAY_002802,Mastercard,Debit,13.57,Apparel,GB,GB,Match,Authenticated_Success,Desktop_macOS,2164,0
PAY_002803,Visa,Debit,74.48,Electronics,DE,DE,Match,Authenticated_Success,Desktop_Windows,2727,0
PAY_002804,Mastercard,Debit,77.21,Electronics,FR,FR,Match,Authenticated_Success,Desktop_macOS,2527,0
PAY_002805,Visa,Credit,501.96,Travel_Airlines,DE,DE,Match,Authenticated_Success,Tablet,1565,0
PAY_002806,Visa,Debit,188.56,Digital_Gaming,DE,DE,Match,Authenticated_Success,Mobile_iOS,1767,0
PAY_002807,Visa,Debit,419.83,Electronics,CA,CA,Match,Exempt_LowRisk,Mobile_iOS,850,0
PAY_002808,Mastercard,Debit,979.68,Travel_Airlines,GB,GB,Match,Authenticated_Success,Mobile_iOS,2068,0
PAY_002809,Visa,Credit,72.20,Food_Beverage,US,US,NotProvided,Authenticated_Success,Mobile_Android,741,0
PAY_002810,Visa,Debit,22.62,Food_Beverage,IN,IN,Match,Authenticated_Success,Mobile_Android,2319,0
PAY_002811,Visa,Credit,63.12,Food_Beverage,JP,US,Match,Exempt_LowRisk,Mobile_iOS,1525,0
PAY_002812,American Express,Credit,30.04,Subscription,GB,GB,Match,Authenticated_Success,Desktop_Windows,863,0
PAY_002813,Mastercard,Debit,137.50,Digital_Gaming,SG,IN,Match,Authenticated_Success,Desktop_Windows,1737,0
PAY_002814,Visa,Debit,44.93,Subscription,AE,AE,Match,Exempt_LowRisk,Mobile_Android,3409,0
PAY_002815,Visa,Credit,59.84,Subscription,GB,GB,Match,Authenticated_Success,Mobile_Android,2052,0
PAY_002816,Mastercard,Debit,143.02,Apparel,DE,DE,Mismatch,Attempted_NoAuth,Mobile_iOS,1261,1
PAY_002817,Visa,Credit,29.51,Food_Beverage,CA,CA,Match,Authenticated_Success,Mobile_Android,1643,0
PAY_002818,Mastercard,Credit,770.21,Travel_Airlines,US,SG,Match,Exempt_LowRisk,Mobile_iOS,2207,0
PAY_002819,Mastercard,Credit,60.58,Travel_Airlines,US,US,Match,Authenticated_Success,Mobile_Android,561,0
PAY_002820,Discover,Credit,93.43,Food_Beverage,GB,GB,Match,Authenticated_Success,Mobile_iOS,2047,0
PAY_002821,Visa,Debit,60.34,Apparel,FR,FR,Match,Exempt_LowRisk,Mobile_iOS,123,0
PAY_002822,Mastercard,Debit,165.68,Apparel,US,US,Match,Exempt_LowRisk,Mobile_Android,3114,0
PAY_002823,Visa,Debit,95.58,Luxury_Goods,FR,FR,Match,Authenticated_Success,Mobile_Android,2225,0
PAY_002824,RuPay,Credit,49.52,Travel_Airlines,DE,SG,Match,Authenticated_Success,Mobile_iOS,415,0
PAY_002825,RuPay,Credit,152.18,Food_Beverage,DE,DE,Match,Authenticated_Success,Tablet,1701,0
PAY_002826,Mastercard,Credit,43.38,Food_Beverage,US,US,NotProvided,Exempt_LowRisk,Mobile_iOS,3227,0
PAY_002827,Mastercard,Debit,241.39,Travel_Airlines,GB,DE,Match,Authenticated_Success,Desktop_macOS,3521,0
PAY_002828,Visa,Credit,32.27,Subscription,US,US,Match,Authenticated_Success,Mobile_iOS,500,0
PAY_002829,American Express,Credit,509.64,Electronics,US,US,Match,Exempt_LowRisk,Mobile_iOS,987,0
PAY_002830,Mastercard,Debit,92.68,Subscription,US,IN,Match,Exempt_LowRisk,Tablet,528,0
PAY_002831,Visa,Debit,243.31,Electronics,US,US,Match,Authenticated_Success,Desktop_Windows,1346,0
PAY_002832,Mastercard,Credit,18.42,Digital_Gaming,US,US,Match,Exempt_LowRisk,Mobile_Android,3147,0
PAY_002833,Mastercard,Credit,324.17,Electronics,CA,FR,Match,Authenticated_Success,Desktop_Windows,2579,0
PAY_002834,American Express,Debit,22.39,Digital_Gaming,GB,GB,Match,Authenticated_Success,Mobile_Android,939,1
PAY_002835,Mastercard,Credit,32.32,Apparel,US,DE,Match,Authenticated_Success,Desktop_Windows,1188,0
PAY_002836,Mastercard,Credit,41.58,Electronics,IN,IN,Match,Authenticated_Success,Mobile_iOS,2233,0
PAY_002837,Mastercard,Corporate,364.89,Luxury_Goods,GB,GB,Match,Authenticated_Success,Desktop_Windows,2179,0
PAY_002838,Visa,Credit,860.24,Travel_Airlines,SG,SG,Match,Authenticated_Success,Desktop_macOS,1692,0
PAY_002839,Visa,Credit,239.60,Electronics,CA,CA,Match,Authenticated_Success,Desktop_Windows,1538,0
PAY_002840,Visa,Credit,164.07,Travel_Airlines,US,US,Match,Authenticated_Success,Desktop_Windows,3410,0
PAY_002841,American Express,Credit,210.54,Electronics,SG,SG,Match,Authenticated_Success,Mobile_Android,1837,0
PAY_002842,Mastercard,Credit,209.26,Electronics,IN,IN,Match,Authenticated_Success,Mobile_Android,2854,0
PAY_002843,Mastercard,Credit,200.80,Electronics,CA,CA,Match,Authenticated_Success,Mobile_Android,3503,0
PAY_002844,Visa,Debit,81.05,Digital_Gaming,GB,GB,Match,Authenticated_Success,Desktop_Windows,1223,0
PAY_002845,Visa,Credit,84.97,Travel_Airlines,GB,GB,Match,Authenticated_Success,Mobile_Android,2842,0
PAY_002846,Mastercard,Corporate,74.98,Digital_Gaming,GB,GB,NotProvided,Authenticated_Success,Mobile_Android,2969,0
PAY_002847,Visa,Corporate,9.67,Food_Beverage,FR,FR,Match,Authenticated_Success,Desktop_Windows,801,0
PAY_002848,Visa,Credit,125.61,Digital_Gaming,GB,GB,Match,Authenticated_Success,Mobile_iOS,824,0
PAY_002849,Mastercard,Credit,79.30,Travel_Airlines,US,US,Match,Exempt_LowRisk,Desktop_Windows,590,0
PAY_002850,Visa,Debit,243.56,Subscription,US,US,NotProvided,Exempt_LowRisk,Desktop_Windows,2247,0
PAY_002851,Visa,Prepaid,4.53,Apparel,US,US,Match,Authenticated_Success,Mobile_iOS,2779,0
PAY_002852,Mastercard,Debit,1177.90,Electronics,US,US,Match,Authenticated_Success,Mobile_iOS,2743,0
PAY_002853,American Express,Credit,30.77,Electronics,US,US,Match,Authenticated_Success,Desktop_Windows,1415,0
PAY_002854,Visa,Credit,17.82,Digital_Gaming,AU,AU,Match,Authenticated_Success,Mobile_iOS,2566,0
PAY_002855,Mastercard,Credit,92.66,Digital_Gaming,US,DE,Match,Authenticated_Success,Tablet,109,0
PAY_002856,Discover,Debit,368.78,Electronics,US,US,Match,Authenticated_Success,Mobile_iOS,2397,0
PAY_002857,Mastercard,Debit,48.83,Food_Beverage,US,US,Match,Authenticated_Success,Mobile_iOS,1730,0
PAY_002858,Mastercard,Credit,178.01,Subscription,GB,GB,Match,Authenticated_Success,Mobile_iOS,3029,0
PAY_002859,Mastercard,Debit,27.77,Apparel,CA,CA,Match,Exempt_LowRisk,Desktop_Windows,3532,0
PAY_002860,Mastercard,Credit,120.30,Electronics,GB,GB,Match,Authenticated_Success,Mobile_Android,2030,0
PAY_002861,Visa,Debit,133.93,Electronics,JP,JP,Match,Exempt_LowRisk,Desktop_Windows,2270,0
PAY_002862,Mastercard,Credit,36.88,Apparel,AE,AE,Match,Authenticated_Success,Tablet,3388,0
PAY_002863,Visa,Debit,7.94,Food_Beverage,IN,IN,Match,Exempt_LowRisk,Mobile_Android,1253,0
PAY_002864,Visa,Debit,64.90,Digital_Gaming,IN,IN,Match,Attempted_NoAuth,Mobile_iOS,529,1
PAY_002865,Visa,Debit,164.53,Electronics,US,US,Match,Authenticated_Success,Mobile_iOS,1848,0
PAY_002866,Visa,Credit,218.33,Digital_Gaming,CA,CA,Match,Authenticated_Success,Desktop_Windows,1298,0
PAY_002867,Visa,Debit,45.38,Electronics,US,US,Match,Authenticated_Success,Mobile_iOS,2317,0
PAY_002868,Mastercard,Debit,33.00,Apparel,FR,FR,Match,Authenticated_Success,Desktop_macOS,2858,0
PAY_002869,Discover,Credit,250.60,Apparel,US,US,Match,Authenticated_Success,Desktop_Windows,1840,0
PAY_002870,Visa,Credit,598.50,Luxury_Goods,US,US,Match,Authenticated_Success,Mobile_Android,1125,0
PAY_002871,Mastercard,Debit,122.04,Digital_Gaming,US,US,Match,Authenticated_Success,Mobile_Android,2062,0
PAY_002872,Mastercard,Credit,109.81,Food_Beverage,CA,SG,NotProvided,Attempted_NoAuth,Desktop_macOS,1617,0
PAY_002873,Visa,Credit,308.98,Electronics,DE,US,Match,Authenticated_Success,Desktop_Windows,678,0
PAY_002874,Visa,Credit,1977.22,Travel_Airlines,US,US,Match,Authenticated_Success,Mobile_Android,2821,0
PAY_002875,Visa,Credit,206.50,Electronics,GB,GB,Match,Authenticated_Success,Mobile_Android,1213,0
PAY_002876,Visa,Credit,21.92,Apparel,US,US,Match,Exempt_LowRisk,Mobile_Android,1966,0
PAY_002877,Visa,Debit,134.65,Food_Beverage,IN,AE,Match,Exempt_LowRisk,Mobile_Android,3316,0
PAY_002878,Visa,Credit,143.03,Travel_Airlines,US,US,Match,Authenticated_Success,Desktop_macOS,685,0
PAY_002879,Mastercard,Debit,165.45,Electronics,US,US,Match,Authenticated_Success,Mobile_Android,1559,0
PAY_002880,Visa,Credit,100.20,Digital_Gaming,CA,CA,Match,Authenticated_Success,Desktop_Windows,638,0
PAY_002881,Visa,Credit,108.07,Travel_Airlines,CA,CA,Match,Authenticated_Success,Mobile_iOS,1595,0
PAY_002882,Visa,Credit,38.04,Subscription,IN,IN,Match,Authenticated_Success,Desktop_Windows,1100,0
PAY_002883,Mastercard,Debit,731.60,Luxury_Goods,CA,CA,Mismatch,Authenticated_Success,Mobile_Android,3341,0
PAY_002884,Visa,Corporate,102.12,Electronics,SG,SG,Match,Authenticated_Success,Desktop_Windows,1106,0
PAY_002885,Mastercard,Credit,194.56,Digital_Gaming,US,GB,Match,Authenticated_Success,Mobile_iOS,2241,0
PAY_002886,Visa,Credit,63.11,Electronics,US,US,Match,Authenticated_Success,Desktop_macOS,499,0
PAY_002887,Visa,Credit,62.87,Electronics,JP,JP,Match,Authenticated_Success,Mobile_Android,1665,0
PAY_002888,Discover,Credit,542.76,Digital_Gaming,US,JP,Match,Authenticated_Success,Mobile_Android,3046,0
PAY_002889,Visa,Debit,49.55,Travel_Airlines,IN,AU,Match,Authenticated_Success,Mobile_iOS,2453,0
PAY_002890,Visa,Credit,181.31,Electronics,US,US,Match,Exempt_LowRisk,Mobile_iOS,1032,0
PAY_002891,Visa,Prepaid,2044.54,Travel_Airlines,GB,DE,Match,Authenticated_Success,Mobile_iOS,3547,0
PAY_002892,RuPay,Debit,258.49,Travel_Airlines,US,US,Match,Authenticated_Success,Mobile_iOS,2928,0
PAY_002893,Mastercard,Credit,1173.50,Travel_Airlines,CA,CA,Match,Authenticated_Success,Mobile_Android,1469,0
PAY_002894,Mastercard,Debit,136.69,Apparel,IN,FR,Match,Exempt_LowRisk,Mobile_Android,3553,0
PAY_002895,RuPay,Credit,66.16,Apparel,US,US,Match,Authenticated_Success,Mobile_Android,684,0
PAY_002896,Visa,Debit,161.73,Electronics,US,GB,NotProvided,Authenticated_Success,Desktop_Windows,1212,0
PAY_002897,RuPay,Credit,6.48,Apparel,US,US,Match,Authenticated_Success,Mobile_Android,3396,0
PAY_002898,Visa,Debit,46.95,Apparel,US,US,Match,Authenticated_Success,Mobile_iOS,3541,0
PAY_002899,Mastercard,Credit,86.09,Apparel,US,US,Match,Exempt_LowRisk,Desktop_Windows,3004,0
PAY_002900,Mastercard,Credit,240.92,Electronics,JP,JP,Match,Authenticated_Success,Mobile_Android,698,0
PAY_002901,Visa,Debit,2813.16,Electronics,US,DE,Match,Authenticated_Success,Mobile_Android,798,0
PAY_002902,Discover,Credit,90.84,Food_Beverage,GB,GB,Match,Authenticated_Success,Desktop_macOS,2363,0
PAY_002903,Visa,Credit,533.50,Travel_Airlines,GB,GB,Match,Authenticated_Success,Desktop_Windows,205,0
PAY_002904,RuPay,Debit,240.20,Apparel,US,US,Match,Authenticated_Success,Mobile_Android,3617,0
PAY_002905,Visa,Credit,120.85,Subscription,US,US,Mismatch,Failed,Mobile_Android,3436,1
PAY_002906,Mastercard,Corporate,60.66,Apparel,DE,DE,Match,Authenticated_Success,Desktop_Windows,2950,0
PAY_002907,RuPay,Debit,60.99,Apparel,CA,CA,Match,Exempt_LowRisk,Desktop_Windows,3533,0
PAY_002908,Visa,Debit,45.34,Food_Beverage,IN,IN,Match,Attempted_NoAuth,Mobile_iOS,839,0
PAY_002909,Discover,Credit,108.70,Digital_Gaming,GB,GB,Match,Authenticated_Success,Mobile_Android,3216,0
PAY_002910,Mastercard,Credit,55.29,Apparel,CA,CA,Match,Authenticated_Success,Desktop_Windows,940,0
PAY_002911,Mastercard,Prepaid,132.61,Apparel,AU,AU,Match,Authenticated_Success,Desktop_Windows,443,0
PAY_002912,Visa,Credit,21.98,Digital_Gaming,IN,IN,Match,Exempt_LowRisk,Mobile_iOS,958,0
PAY_002913,Mastercard,Credit,509.45,Luxury_Goods,SG,SG,Match,Authenticated_Success,Mobile_Android,2828,0
PAY_002914,Mastercard,Credit,367.70,Apparel,US,US,Match,Authenticated_Success,Mobile_Android,3441,0
PAY_002915,Mastercard,Credit,52.09,Digital_Gaming,AE,AE,Match,Authenticated_Success,Mobile_iOS,2233,0
PAY_002916,Visa,Debit,506.39,Apparel,IN,IN,Match,Authenticated_Success,Mobile_Android,896,0
PAY_002917,Visa,Debit,79.84,Digital_Gaming,IN,IN,NotProvided,Attempted_NoAuth,Mobile_Android,2193,1
PAY_002918,American Express,Debit,175.47,Electronics,DE,DE,Match,Authenticated_Success,Mobile_iOS,1860,0
PAY_002919,Visa,Debit,75.81,Food_Beverage,AE,SG,Match,Authenticated_Success,Mobile_iOS,1890,0
PAY_002920,Mastercard,Credit,189.37,Travel_Airlines,GB,GB,Match,Attempted_NoAuth,Desktop_Windows,1277,0
PAY_002921,RuPay,Credit,7.55,Apparel,FR,FR,Match,Authenticated_Success,Desktop_Windows,507,0
PAY_002922,Visa,Credit,702.39,Travel_Airlines,DE,DE,Match,Authenticated_Success,Desktop_Windows,1319,0
PAY_002923,Visa,Debit,2083.08,Electronics,FR,FR,Match,Exempt_LowRisk,Desktop_macOS,3249,0
PAY_002924,Mastercard,Credit,113.12,Apparel,FR,FR,Match,Attempted_NoAuth,Desktop_macOS,1490,0
PAY_002925,Visa,Debit,120.96,Digital_Gaming,US,US,Match,Authenticated_Success,Mobile_Android,76,0
PAY_002926,Mastercard,Credit,54.55,Digital_Gaming,US,US,Match,Authenticated_Success,Mobile_iOS,1260,0
PAY_002927,Mastercard,Debit,953.24,Travel_Airlines,US,US,Match,Authenticated_Success,Desktop_Windows,1683,0
PAY_002928,Mastercard,Debit,63.87,Subscription,FR,US,Match,Authenticated_Success,Mobile_Android,2190,0
PAY_002929,Visa,Corporate,89.47,Apparel,DE,DE,Match,Authenticated_Success,Mobile_Android,2342,0
PAY_002930,Mastercard,Credit,11.92,Apparel,IN,IN,Match,Authenticated_Success,Tablet,1553,0
PAY_002931,Mastercard,Prepaid,242.14,Luxury_Goods,FR,FR,Match,Exempt_LowRisk,Mobile_iOS,523,0
PAY_002932,Visa,Credit,99.89,Apparel,CA,CA,Match,Authenticated_Success,Desktop_macOS,1610,0
PAY_002933,Mastercard,Credit,506.51,Electronics,US,GB,Match,Exempt_LowRisk,Mobile_Android,13,0
PAY_002934,American Express,Credit,186.50,Subscription,CA,CA,Match,Authenticated_Success,Mobile_iOS,1847,0
PAY_002935,Mastercard,Credit,11.74,Food_Beverage,AU,SG,Match,Authenticated_Success,Desktop_Windows,1625,1
PAY_002936,Mastercard,Debit,13.12,Subscription,CA,CA,NotProvided,Authenticated_Success,Desktop_Windows,1300,0
PAY_002937,Visa,Credit,355.02,Electronics,AU,AU,Match,Exempt_LowRisk,Mobile_Android,2416,0
PAY_002938,Visa,Credit,82.12,Electronics,AE,AE,Match,Authenticated_Success,Mobile_Android,2754,0
PAY_002939,Visa,Debit,178.40,Digital_Gaming,US,US,Match,Authenticated_Success,Mobile_iOS,963,0
PAY_002940,Visa,Debit,11.10,Subscription,DE,DE,Match,Authenticated_Success,Mobile_iOS,1838,0
PAY_002941,RuPay,Debit,167.56,Electronics,GB,GB,NotProvided,Authenticated_Success,Mobile_iOS,1860,0
PAY_002942,Visa,Debit,179.82,Electronics,GB,DE,Mismatch,Attempted_NoAuth,Mobile_iOS,1859,1
PAY_002943,American Express,Credit,316.76,Electronics,US,US,Match,Exempt_LowRisk,Mobile_iOS,1472,0
PAY_002944,Visa,Debit,85.80,Travel_Airlines,US,US,Match,Authenticated_Success,Mobile_Android,766,0
PAY_002945,Visa,Credit,30.66,Travel_Airlines,US,IN,Match,Authenticated_Success,Mobile_iOS,626,0
PAY_002946,Visa,Credit,322.05,Travel_Airlines,CA,CA,Match,Authenticated_Success,Mobile_Android,113,0
PAY_002947,Visa,Credit,333.18,Electronics,US,US,Match,Authenticated_Success,Mobile_iOS,191,0
PAY_002948,American Express,Debit,807.95,Travel_Airlines,GB,GB,Match,Exempt_LowRisk,Mobile_iOS,2954,0
PAY_002949,RuPay,Credit,44.95,Digital_Gaming,GB,JP,Match,Authenticated_Success,Desktop_macOS,256,0
PAY_002950,American Express,Debit,438.28,Electronics,GB,GB,Match,Authenticated_Success,Tablet,3122,0
PAY_002951,Visa,Credit,113.79,Apparel,IN,IN,Match,Authenticated_Success,Desktop_Windows,3272,0
PAY_002952,American Express,Credit,285.62,Digital_Gaming,GB,GB,Match,Authenticated_Success,Mobile_iOS,881,0
PAY_002953,Visa,Credit,62.74,Apparel,US,US,Match,Authenticated_Success,Desktop_Windows,1617,0
PAY_002954,Discover,Credit,9.95,Subscription,AE,AE,Match,Authenticated_Success,Mobile_iOS,1314,0
PAY_002955,Mastercard,Credit,61.90,Digital_Gaming,IN,IN,Match,Authenticated_Success,Mobile_Android,1438,0
PAY_002956,Visa,Debit,73.50,Apparel,DE,DE,Match,Authenticated_Success,Desktop_macOS,1307,0
PAY_002957,Visa,Credit,766.49,Luxury_Goods,FR,FR,Match,Exempt_LowRisk,Mobile_Android,1250,0
PAY_002958,Visa,Credit,80.31,Luxury_Goods,US,US,Match,Authenticated_Success,Desktop_macOS,2497,0
PAY_002959,Visa,Debit,132.47,Electronics,FR,DE,Match,Exempt_LowRisk,Desktop_Windows,1506,0
PAY_002960,Discover,Credit,1126.33,Luxury_Goods,US,US,Match,Attempted_NoAuth,Mobile_iOS,684,0
PAY_002961,American Express,Credit,59.47,Apparel,GB,GB,Match,Authenticated_Success,Mobile_iOS,1383,0
PAY_002962,RuPay,Credit,47.64,Apparel,US,US,Match,Authenticated_Success,Desktop_Windows,3572,0
PAY_002963,Visa,Credit,2171.67,Travel_Airlines,FR,FR,Match,Authenticated_Success,Mobile_Android,3605,0
PAY_002964,Mastercard,Credit,20.55,Digital_Gaming,US,JP,Match,Authenticated_Success,Mobile_iOS,226,0
PAY_002965,Visa,Debit,258.91,Apparel,US,US,Match,Attempted_NoAuth,Mobile_iOS,2102,0
PAY_002966,Mastercard,Credit,574.21,Electronics,US,US,NotProvided,Exempt_LowRisk,Tablet,3554,0
PAY_002967,Visa,Debit,52.06,Digital_Gaming,DE,DE,Match,Authenticated_Success,Mobile_iOS,708,0
PAY_002968,Visa,Credit,64.32,Apparel,US,US,Match,Authenticated_Success,Tablet,251,0
PAY_002969,Mastercard,Debit,64.06,Food_Beverage,GB,CA,Match,Authenticated_Success,Mobile_Android,774,0
PAY_002970,Visa,Debit,81.46,Digital_Gaming,US,AE,Match,Authenticated_Success,Mobile_iOS,1159,0
PAY_002971,Mastercard,Credit,34.67,Food_Beverage,FR,FR,Match,Exempt_LowRisk,Mobile_Android,3411,0
PAY_002972,Mastercard,Credit,41.64,Apparel,US,US,Match,Authenticated_Success,Desktop_Windows,915,0
PAY_002973,Visa,Credit,45.12,Food_Beverage,SG,SG,Match,Authenticated_Success,Mobile_Android,1212,0
PAY_002974,Discover,Prepaid,130.84,Electronics,US,AU,Match,Exempt_LowRisk,Mobile_iOS,948,0
PAY_002975,Mastercard,Prepaid,47.38,Apparel,US,US,Match,Authenticated_Success,Mobile_iOS,1429,0
PAY_002976,American Express,Credit,15.87,Electronics,US,US,Match,Authenticated_Success,Desktop_Windows,3630,0
PAY_002977,Mastercard,Debit,207.90,Electronics,US,US,Match,Authenticated_Success,Mobile_Android,306,0
PAY_002978,Mastercard,Credit,37.33,Food_Beverage,GB,GB,Match,Authenticated_Success,Mobile_Android,1673,0
PAY_002979,Mastercard,Credit,34.22,Travel_Airlines,US,FR,Match,Authenticated_Success,Mobile_iOS,2241,0
PAY_002980,American Express,Debit,294.93,Luxury_Goods,AU,AU,Match,Authenticated_Success,Mobile_Android,437,0
PAY_002981,Mastercard,Credit,43.86,Digital_Gaming,GB,GB,Match,Authenticated_Success,Desktop_Windows,163,0
PAY_002982,Visa,Credit,271.18,Digital_Gaming,US,US,Match,Authenticated_Success,Mobile_iOS,3585,0
PAY_002983,Visa,Debit,239.52,Luxury_Goods,GB,SG,Match,Exempt_LowRisk,Tablet,983,0
PAY_002984,Mastercard,Credit,139.01,Food_Beverage,US,US,Match,Authenticated_Success,Desktop_Windows,886,0
PAY_002985,Visa,Debit,305.24,Digital_Gaming,US,IN,Match,Exempt_LowRisk,Mobile_iOS,1273,0
PAY_002986,Visa,Credit,133.68,Travel_Airlines,US,IN,Match,Authenticated_Success,Desktop_Windows,265,0
PAY_002987,Visa,Credit,63.29,Apparel,US,SG,Match,Authenticated_Success,Mobile_Android,537,0
PAY_002988,Mastercard,Credit,446.55,Subscription,US,US,Match,Authenticated_Success,Mobile_Android,89,0
PAY_002989,Visa,Corporate,240.21,Electronics,SG,SG,Match,Authenticated_Success,Mobile_iOS,1952,0
PAY_002990,Mastercard,Credit,100.60,Apparel,DE,GB,Match,Authenticated_Success,Desktop_macOS,1691,0
PAY_002991,American Express,Credit,42.61,Food_Beverage,SG,DE,Match,Authenticated_Success,Mobile_Android,1001,0
PAY_002992,American Express,Debit,397.57,Electronics,US,US,Match,Authenticated_Success,Desktop_Windows,3351,0
PAY_002993,Visa,Prepaid,178.75,Electronics,IN,IN,Match,Authenticated_Success,Mobile_iOS,1114,0
PAY_002994,Mastercard,Corporate,8.89,Apparel,US,US,Match,Authenticated_Success,Mobile_iOS,62,0
PAY_002995,Mastercard,Debit,45.12,Digital_Gaming,US,US,Match,Authenticated_Success,Tablet,364,0
PAY_002996,Mastercard,Credit,18.15,Subscription,IN,SG,Mismatch,Authenticated_Success,Mobile_Android,2647,0
PAY_002997,Mastercard,Debit,75.45,Food_Beverage,US,US,Match,Exempt_LowRisk,Mobile_iOS,1946,0
PAY_002998,Visa,Debit,24.32,Digital_Gaming,GB,GB,Match,Authenticated_Success,Desktop_Windows,951,0
PAY_002999,RuPay,Debit,112.84,Subscription,IN,IN,Match,Authenticated_Success,Mobile_iOS,903,0
PAY_003000,Visa,Debit,455.34,Luxury_Goods,CA,CA,Match,Authenticated_Success,Desktop_Windows,800,0
