date,description,debit,credit,balance,isSuspicious
22-03-2023,NETTXN:farfetch,30084.05,0.00,4282522.50,1
16-10-2024,PCA:5001234567:123456789012345:AMAZON,722714.56,0.00,7307519.50,0
24-03-2023,REVOFNETTXN:1234567890,810971.19,0.00,2955073.50,1
16-02-2023,NETTXN:TICKETBOOKINGAIRINDIA,806051.81,0.00,3217686.50,1
16-10-2024,CRYPTOEXCHANGEWAZIRX,565037.75,0.00,8687919.00,0
16-11-2023,IMPS/NA/XXX5678/RRN:876543210987/MOBTXN,0.00,574092.50,5361159.50,1
07-06-2024,NETTXN:AJIOLUXE,0.00,715532.06,6927820.00,1
30-05-2023,NETTXN:TICKETBOOKINGAIRINDIA,696468.00,0.00,6618753.50,1
06-05-2024,FundsTransfertoXX8765/CC001002010123456/MOBTXN,792295.06,0.00,5805684.00,1
12-04-2024,CRYPTOEXCHANGECOINBASE,212444.72,0.00,15579904.00,0
07-03-2023,PCA:5001234567:PAYTMWAL9876543:PTM(PAYTM),857901.25,0.00,4043453.00,1
28-07-2024,NETTXN:AMAZON,14915.05,0.00,18043804.00,0
26-11-2024,NETTXN:TICKETBOOKINGAIRINDIA,4929.69,0.00,17959086.00,0
25-11-2023,NETTXN:AMAZON,640757.38,0.00,6063527.50,1
08-07-2023,NETTXN:TICKETBOOKINGYATRA,86679.89,0.00,18338898.00,0
30-09-2024,PCA:5001234567:1234567891234:LOCALSHOP,312362.50,0.00,6800689.50,1
25-02-2023,IMPS/RAHULKUMAR/XXX5678/RRN:123456789012,25484.68,0.00,5355166.50,1
13-11-2024,NETTXN:AJIOLUXE,749766.31,0.00,1238081.25,1
14-02-2023,CRYPTOEXCHANGECOINBASE,778842.88,0.00,5387789.00,1
04-08-2024,IMPS/NA/XXX5678/RRN:876543210987/MOBTXN,3141.22,0.00,16677234.00,0
14-02-2023,NETTXN:TICKETBOOKINGINDIGO,695055.19,0.00,10595577.00,0
18-02-2023,NETTXN:TICKETBOOKINGAIRINDIA,407519.09,0.00,6574489.50,1
12-08-2023,NETTXN:CASHDEPOSIT,336738.00,0.00,13400550.00,0
09-08-2023,PCA:5001234567:675849302948301:MUTUALFUNDS,0.00,18711.86,16942240.00,0
27-03-2023,CRYPTOEXCHANGEWAZIRX,77882.39,0.00,16190871.00,0
20-03-2023,NETTXN:AJIOLUXE,0.00,102946.50,17791362.00,0
24-11-2024,REVOFNETTXN:1234567890,157580.06,0.00,15006444.00,0
08-06-2023,NETTXN:Aug21Sal234TANGOEINDIA,0.00,69201.88,5535620.50,1
25-02-2023,NETTXN:TICKETBOOKINGYATRA,9708.46,0.00,19886720.00,0
27-06-2023,IMPS/RAHULKUMAR/XXX5679/RRN:123456789012,0.00,666956.69,9319214.00,0
25-08-2024,CRYPTOEXCHANGEWAZIRX,707321.50,0.00,10099273.00,0
19-02-2024,CRYPTOEXCHANGEWAZIRX,724577.75,0.00,7397335.00,1
27-03-2023,EMItowardsLoanNo00234567,502817.19,0.00,4180512.75,1
16-02-2023,NETTXN:TICKETBOOKINGAIRINDIA,614098.19,0.00,5305122.50,1
12-03-2023,NETTXN:TICKETBOOKINGYATRA,81660.04,0.00,14844899.00,0
22-03-2023,NETTXN:DARVEYS,686865.94,0.00,4571339.50,1
18-03-2023,IMPS/RAHULKUMAR/XXX5678/RRN:123456789012,385483.16,0.00,12547023.00,0
09-01-2024,CRYPTOEXCHANGECOINBASE,22962.60,0.00,15348186.00,0
17-02-2023,PCA:5001234567:765432109876543:ZOMATO,724105.12,0.00,5352391.00,1
09-03-2023,PCA:5001234567:675849302948301:MUTUALFUNDS,749986.94,0.00,10722853.00,0
30-04-2024,NETTXN:CASHDEPOSIT,790817.62,0.00,4649111.00,1
22-03-2023,PCA:5001234567:PAYTMWAL9876543:PTM(PAYTM),627682.38,0.00,5530416.50,1
27-11-2023,NETTXN:DARVEYS,677812.19,0.00,9489409.00,0
01-05-2023,CRYPTOEXCHANGEWAZIRX,37684.43,0.00,4274186.00,1
10-03-2023,NETTXN:PAYBILL432109,509811.88,0.00,13206676.00,0
15-02-2023,CRYPTOEXCHANGEWAZIRX,211287.81,0.00,17130478.00,0
15-12-2024,CRYPTOEXCHANGEBINANCE,473280.75,0.00,13972401.00,0
12-04-2023,NETTXN:DARVEYS,30485.32,0.00,18547338.00,0
14-03-2023,NETTXN:AMAZON,617252.44,0.00,13458125.00,0
14-03-2023,CRYPTOEXCHANGEWAZIRX,634787.62,0.00,8096197.00,1
03-03-2023,PCA:5001234567:675849302948301:MUTUALFUNDS,431739.25,0.00,10917251.00,0
17-02-2023,NETTXN:AMAZON,167962.66,0.00,15508723.00,0
11-04-2023,NETTXN:Aug21Sal234TANGOEINDIA,0.00,559276.81,6815840.00,1
24-02-2023,NETTXN:TICKETBOOKINGYATRA,598444.62,0.00,5700487.50,1
08-03-2023,NETTXN:TICKETBOOKINGMAKEMYTRIP,4910.49,0.00,15657596.00,0
24-04-2024,NETTXN:TICKETBOOKINGAIRINDIA,611442.75,0.00,5396342.00,1
26-01-2023,NETTXN:AMAZON,35633.62,0.00,18624356.00,0
08-12-2023,PCA:5001234567:PAYTMWAL9876543:PTM(PAYTM),392876.91,0.00,16848940.00,0
08-02-2023,PCA:5001234567:123456789012345:AMAZON,622776.94,0.00,12274342.00,0
17-03-2023,NETTXN:PAYBILL123456,40848.27,0.00,15137233.00,0
03-11-2023,PCA:5001234567:PAYTMWAL9876543:PTM(PAYTM),333786.03,0.00,13424678.00,0
19-02-2024,NETTXN:TICKETBOOKINGYATRA,60060.90,0.00,6726215.50,1
01-01-2024,NETTXN:EBAY,30001.13,0.00,17271038.00,0
26-05-2024,NETTXN:farfetch,421056.91,0.00,16226967.00,0
17-03-2023,NETTXN:PAYBILL987654,742530.31,0.00,13231043.00,0
09-04-2023,NETTXN:TICKETBOOKINGYATRA,58910.78,0.00,15016988.00,0
08-03-2023,PCA:5001234567:1234567891234:LOCALSHOP,581026.44,0.00,15981558.00,0
12-03-2023,IMPS/NA/XXX5678/RRN:987654321098/MOBTXN,0.00,762756.38,7473578.00,1
01-12-2023,REVOFNETTXN:1234567890,0.00,491163.00,5061148.00,1
17-08-2024,REFUNDOF:ZOMATO,765512.31,0.00,9274380.00,0
11-03-2023,PCA:5001234567:1234567891234:LOCALSHOP,557409.75,0.00,5410774.00,1
22-04-2023,CRYPTOEXCHANGECOINBASE,656159.06,0.00,7475614.50,1
22-06-2023,PCA:5001234567:098765432109876:FLIPKART,716551.19,0.00,4925522.50,1
26-04-2023,NETTXN:TICKETBOOKINGAIRINDIA,288338.16,0.00,6272977.50,1
26-03-2023,PCA:5001234567:345123987012345:DOMINOS,585016.25,0.00,5177044.50,1
13-12-2023,PCA:5001234567:765432109876543:ZOMATO,7136.89,0.00,16386423.00,0
09-03-2023,IMPS/NA/XXX5678/RRN:876543210987/MOBTXN,115884.88,0.00,17125736.00,0
26-03-2023,PCA:5001234567:123456789012345:AMAZON,740803.69,0.00,9635928.00,0
31-03-2023,NETTXN:TICKETBOOKINGYATRA,37123.99,0.00,17171196.00,0
27-03-2023,CRYPTOEXCHANGECOINBASE,6857.30,0.00,16449178.00,0
08-03-2023,PCA:5001234567:1234567891234:LOCALSHOP,69407.31,0.00,17242288.00,0
18-01-2024,IMPS/NA/XXX5678/RRN:987654321098/MOBTXN,0.00,679370.25,10129098.00,0
23-07-2024,NETTXN:TICKETBOOKINGINDIGO,7748.18,0.00,17225218.00,0
01-03-2023,NETTXN:AMAZON,481780.25,0.00,12413719.00,0
15-02-2023,NETTXN:EBAY,806638.19,0.00,8245908.00,1
09-03-2023,IMPS/NA/XXX5678,841808.38,0.00,6246987.50,1
15-01-2023,NETTXN:TICKETBOOKINGMAKEMYTRIP,1055.72,0.00,18628608.00,0
20-03-2023,CRYPTOEXCHANGECOINBASE,792102.88,0.00,5614105.00,1
04-06-2023,NETTXN:tatacliq,51263.36,0.00,15608442.00,0
08-07-2023,IMPS/NA/XXX5678,647553.69,0.00,5597054.50,1
19-03-2023,NETTXN:EBAY,527697.88,0.00,10497825.00,0
15-01-2024,NETTXN:TICKETBOOKINGINDIGO,4947.95,0.00,19578482.00,0
27-03-2023,EMItowardsLoanNo00234567,660531.88,0.00,6617538.50,1
16-03-2023,IMPS/NA/XXX5678/RRN:123456789012/MOBTXN,0.00,547439.69,5297241.00,1
16-02-2024,CRYPTOEXCHANGEBINANCE,374404.56,0.00,3897344.25,1
21-10-2023,CRYPTOEXCHANGEWAZIRX,548520.38,0.00,15137156.00,0
12-09-2024,NETTXN:TICKETBOOKINGYATRA,13185.34,0.00,17462622.00,0
18-11-2024,PCA:5001234567:098765432109876:FLIPKART,626287.94,0.00,7495796.00,0
19-10-2023,NETTXN:AMAZON,635344.62,0.00,10092024.00,0
25-08-2023,PCA:5001234567:PAYTMWAL9876543:PTM(PAYTM),626005.00,0.00,6408786.00,1
01-03-2023,NETTXN:EBAY,615406.12,0.00,4847406.00,1
03-04-2023,NETTXN:AJIOLUXE,0.00,679065.25,6503770.00,1
17-03-2023,NETTXN:AJIOLUXE,0.00,123549.65,15190999.00,0
02-03-2023,NETTXN:AMAZON,81674.21,0.00,10969961.00,0
12-03-2023,FundsTransfertoXX8765/CC001002010987654/MOBTXN,697928.94,0.00,4900973.00,1
21-09-2024,EMItowardsLoanNo00234567,107008.88,0.00,9862531.00,0
02-07-2023,CRYPTOEXCHANGEBINANCE,596088.12,0.00,9506725.00,0
19-02-2023,ATMWithdrawal,527440.38,0.00,12703021.00,0
07-02-2023,IMPS/NA/XXX5678/RRN:123400567890/MOBTXN,700382.19,0.00,8472192.00,0
05-04-2024,REVOFNETTXN:1234567890,0.00,753017.69,9586391.00,0
11-03-2023,CRYPTOEXCHANGEBINANCE,658811.81,0.00,12269475.00,0
08-02-2023,PCA:5001234567:1234567891234:LOCALSHOP,674964.31,0.00,12223214.00,0
06-04-2023,NETTXN:Aug21Sal234TANGOEINDIA,219656.69,0.00,13600812.00,0
08-03-2023,IMPS/RAHULKUMAR/XXX5678/RRN:123456789012,0.00,405174.91,14258532.00,0
21-02-2023,NETTXN:farfetch,585995.50,0.00,5690495.50,1
15-09-2023,CRYPTOEXCHANGEBINANCE,680792.50,0.00,6577968.50,1
07-07-2023,PCA:5001234567:345123987012345:DOMINOS,183438.12,0.00,16022989.00,0
25-08-2023,NETTXN:TICKETBOOKINGYATRA,522368.72,0.00,14000055.00,0
08-12-2024,NETTXN:EBAY,183582.23,0.00,16630415.00,0
26-07-2023,PCA:5001234567:1234567891234:LOCALSHOP,92085.10,0.00,10992973.00,0
13-03-2023,CRYPTOEXCHANGEBINANCE,161928.61,0.00,4166471.25,1
27-04-2023,NETTXN:PAYBILL987654,134412.48,0.00,12264995.00,0
24-03-2023,CASHDEPOSIT,90464.36,0.00,15975144.00,0
03-08-2024,PCA:5001234567:123456789012345:AMAZON,512460.97,0.00,4481847.00,1
23-07-2023,NETTXN:farfetch,278565.06,0.00,7093145.50,1
24-10-2023,NETTXN:TICKETBOOKINGMAKEMYTRIP,583011.56,0.00,6047568.00,1
31-07-2023,CRYPTOEXCHANGEWAZIRX,756074.75,0.00,5714490.00,1
11-09-2024,IMPS/NA/XXX5678/RRN:987654321098/MOBTXN,0.00,730377.81,7522778.00,1
17-02-2023,CASHDEPOSIT,24322.77,0.00,12358470.00,0
15-07-2023,NETTXN:Aug21Sal234TANGOEINDIA,650590.50,0.00,5648224.00,1
24-10-2023,PCA:5001234567:1234567891234:LOCALSHOP,44768.35,0.00,15975732.00,0
03-04-2024,NETTXN:FLIPKART,597243.06,0.00,4992857.00,1
16-03-2023,CRYPTOEXCHANGECOINBASE,672196.19,0.00,10449918.00,0
17-03-2023,NETTXN:TICKETBOOKINGINDIGO,457412.53,0.00,3736752.25,1
03-04-2023,ATMWithdrawal,100498.66,0.00,13354412.00,0
26-02-2023,NETTXN:EBAY,235055.98,0.00,17560248.00,0
01-01-2024,PCA:5001234567:123456789012345:AMAZON,571884.44,0.00,4673780.50,1
01-04-2024,PCA:5001234567:098765432109876:FLIPKART,709794.94,0.00,3890155.50,1
08-11-2023,CRYPTOEXCHANGEBINANCE,100952.58,0.00,16666721.00,0
28-02-2023,IMPS/RAHULKUMAR/XXX5678/RRN:123456789012,0.00,504142.81,12373313.00,0
22-05-2023,CRYPTOEXCHANGEWAZIRX,623564.75,0.00,11202117.00,0
14-03-2023,IMPS/RAHULKUMAR/XXX5679/RRN:123456789012,790646.00,0.00,4466460.50,1
19-03-2023,FundsTransfertoXX8765/CC001002010123456/MOBTXN,0.00,503240.19,5742327.00,1
15-03-2023,NETTXN:EBAY,781082.56,0.00,5655748.50,1
04-02-2024,CRYPTOEXCHANGEBINANCE,82038.47,0.00,13869140.00,0
26-05-2023,PCA:5001234567:PAYTMWAL9876543:PTM(PAYTM),40757.16,0.00,17877372.00,0
01-02-2024,NETTXN:TICKETBOOKINGMAKEMYTRIP,397825.97,0.00,13855256.00,0
13-02-2023,CRYPTOEXCHANGECOINBASE,369014.09,0.00,12160794.00,0
12-03-2023,NETTXN:AMAZON,48372.80,0.00,14015601.00,0
16-10-2024,NETTXN:PAYBILL987654,569146.62,0.00,4835300.50,1
22-05-2024,ATMWithdrawal,94400.40,0.00,11766995.00,0
11-02-2023,CRYPTOEXCHANGEBINANCE,552052.25,0.00,15305453.00,0
12-04-2023,CRYPTOEXCHANGEBINANCE,664343.62,0.00,6581997.50,1
18-12-2024,FundsTransfertoXX8765/CC001002010987654/MOBTXN,249492.72,0.00,14840177.00,0
15-01-2024,NETTXN:TICKETBOOKINGAIRINDIA,24211.38,0.00,14299373.00,0
27-03-2023,NETTXN:CASHDEPOSIT,0.00,725026.06,7355690.00,1
23-06-2024,IMPS/RAHULKUMAR/XXX5679/RRN:123456789012,0.00,636444.69,10288808.00,0
19-03-2023,IMPS/NA/XXX5678/RRN:987654321098/MOBTXN,760034.75,0.00,6031645.00,1
22-02-2023,FundsTransfertoXX8765/CC001002010987654/MOBTXN,0.00,556495.31,5216738.00,1
17-04-2023,PCA:5001234567:675849302948301:MUTUALFUNDS,72988.20,0.00,12813555.00,0
01-03-2023,FundsTransfertoXX8765/CC001002010987654/MOBTXN,480607.75,0.00,16351532.00,0
11-07-2024,CRYPTOEXCHANGECOINBASE,26029.11,0.00,17679744.00,0
09-09-2023,IMPS/RAHULKUMAR/XXX5679/RRN:123456789012,480498.31,0.00,12935685.00,0
16-04-2023,NETTXN:TICKETBOOKINGAIRINDIA,628719.75,0.00,11139670.00,0
11-04-2023,NETTXN:PAYBILL432109,130371.76,0.00,13836099.00,0
14-03-2024,PCA:5001234567:675849302948301:MUTUALFUNDS,841477.81,0.00,5409291.00,1
06-04-2023,NETTXN:TICKETBOOKINGAIRINDIA,722797.62,0.00,10753210.00,0
03-04-2023,NETTXN:DARVEYS,579966.31,0.00,11959469.00,0
18-03-2023,PCA:5001234567:450987650123456:EBAY,670126.62,0.00,10521837.00,0
20-03-2023,NETTXN:PAYBILL123456,19994.98,0.00,12836221.00,0
16-04-2023,IMPS/NA/XXX5678/RRN:123456789012/MOBTXN,0.00,436531.00,4298017.00,1
30-08-2024,NETTXN:TICKETBOOKINGINDIGO,391325.47,0.00,2341028.75,1
24-03-2023,FundsTransfertoXX8765/CC001002010987654/MOBTXN,0.00,540088.19,4781353.00,1
19-04-2023,NETTXN:TICKETBOOKINGAIRINDIA,750642.56,0.00,11901152.00,0
03-02-2023,NETTXN:AMAZON,629646.69,0.00,10445106.00,0
10-05-2023,FundsTransfertoXX8765/CC001002010123456/MOBTXN,0.00,260501.16,16471489.00,0
04-04-2023,NETTXN:TICKETBOOKINGINDIGO,746777.81,0.00,8517562.00,0
22-06-2023,PCA:5001234567:1234567891234:LOCALSHOP,743752.06,0.00,9987674.00,0
17-10-2023,PCA:5001234567:PAYTMWAL9876543:PTM(PAYTM),740885.06,0.00,10554825.00,0
27-03-2023,NETTXN:TICKETBOOKINGINDIGO,491569.88,0.00,11356877.00,0
01-04-2023,NETTXN:TICKETBOOKINGMAKEMYTRIP,628969.00,0.00,2409033.25,1
01-03-2024,REFUNDOF:ZOMATO,0.00,562416.88,15232733.00,0
03-03-2024,REVOFNETTXN:1234567890,0.00,637764.06,12905530.00,0
23-10-2023,PCA:5001234567:345123987012345:DOMINOS,554196.94,0.00,5826676.00,1
08-07-2023,NETTXN:TICKETBOOKINGMAKEMYTRIP,93969.34,0.00,15813340.00,0
03-04-2023,PCA:5001234567:1234567891234:LOCALSHOP,35154.70,0.00,17665356.00,0
10-12-2024,IMPS/NA/XXX5678/RRN:987654321098/MOBTXN,0.00,495086.53,4245235.00,1
12-10-2024,CRYPTOEXCHANGEBINANCE,597727.25,0.00,11927756.00,0
06-04-2023,NETTXN:AJIOLUXE,0.00,1833.85,18885008.00,0
27-07-2024,EMItowardsLoanNo00234567,213288.45,0.00,15974804.00,0
12-02-2023,NETTXN:EBAY,635873.00,0.00,10009050.00,0
29-03-2023,NETTXN:TICKETBOOKINGINDIGO,73687.70,0.00,16236929.00,0
18-11-2023,NETTXN:tatacliq,0.00,763939.25,8241549.00,1
13-03-2023,EMItowardsLoanNo00234567,226782.98,0.00,18041764.00,0
29-06-2023,NETTXN:TICKETBOOKINGMAKEMYTRIP,733337.06,0.00,4441195.00,1
08-08-2024,NETTXN:TICKETBOOKINGMAKEMYTRIP,377505.53,0.00,8395932.00,0
25-06-2024,NETTXN:farfetch,606007.56,0.00,5517630.50,1
20-03-2023,NETTXN:EBAY,9327.01,0.00,15078691.00,0
02-05-2023,NETTXN:farfetch,322875.16,0.00,7326580.00,1
10-03-2023,NETTXN:PAYBILL987654,789091.69,0.00,2583638.25,1
11-03-2023,CRYPTOEXCHANGEWAZIRX,680986.62,0.00,10079111.00,0
22-03-2023,NETTXN:TICKETBOOKINGMAKEMYTRIP,738410.38,0.00,5773134.50,1
26-02-2023,FundsTransfertoXX8765/CC001002010987654/MOBTXN,0.00,527884.56,12167270.00,0
06-01-2024,NETTXN:TICKETBOOKINGMAKEMYTRIP,647409.19,0.00,6162421.00,1
11-03-2023,CRYPTOEXCHANGEWAZIRX,52894.35,0.00,9829339.00,0
19-12-2023,NETTXN:TICKETBOOKINGYATRA,694841.19,0.00,6241837.00,1
19-04-2023,NETTXN:DARVEYS,745932.75,0.00,4827526.50,1
22-12-2024,IMPS/NA/XXX5678/RRN:987654321098/MOBTXN,0.00,614292.12,13643913.00,0
27-12-2023,CRYPTOEXCHANGECOINBASE,659521.81,0.00,7742886.00,0
02-05-2024,IMPS/RAHULKUMAR/XXX5678/RRN:123456789012,0.00,573807.44,5122535.50,1
29-03-2023,EMItowardsLoanNo00234567,408073.19,0.00,10849786.00,0
26-07-2023,ATMWithdrawal,623305.25,0.00,9164147.00,0
14-03-2023,NETTXN:Aug21Sal234TANGOEINDIA,0.00,397158.81,2360409.25,1
25-03-2024,ATMWithdrawal,456356.28,0.00,14473324.00,0
14-02-2023,PCA:5001234567:345123987012345:DOMINOS,81867.17,0.00,15204938.00,0
12-08-2024,NETTXN:Aug21Sal234TANGOEINDIA,0.00,46811.46,15927776.00,0
23-12-2023,NETTXN:TICKETBOOKINGYATRA,379686.25,0.00,14867432.00,0
21-02-2023,NETTXN:FLIPKART,768788.38,0.00,4715228.00,1
20-08-2023,NETTXN:TICKETBOOKINGMAKEMYTRIP,326131.81,0.00,5640668.00,1
07-04-2023,CRYPTOEXCHANGEWAZIRX,219742.98,0.00,5952393.00,1
06-04-2024,NETTXN:TICKETBOOKINGAIRINDIA,500203.91,0.00,15810552.00,0
10-04-2023,IMPS/NA/XXX5678/RRN:123400567890/MOBTXN,717924.81,0.00,7333580.00,0
28-12-2023,NETTXN:Aug21Sal234TANGOEINDIA,0.00,640293.81,14947423.00,0
31-10-2024,IMPS/RAHULKUMAR/XXX5678/RRN:123456789012,0.00,57423.01,11316607.00,0
18-07-2023,CRYPTOEXCHANGEBINANCE,543479.25,0.00,13877073.00,0
17-02-2024,PCA:5001234567:1234567891234:LOCALSHOP,866273.69,0.00,2328661.00,1
23-02-2023,NETTXN:Aug21Sal234TANGOEINDIA,0.00,373711.91,6267806.50,1
27-03-2023,CRYPTOEXCHANGECOINBASE,695446.56,0.00,6702498.50,1
06-04-2024,CRYPTOEXCHANGEWAZIRX,533790.69,0.00,12886332.00,0
12-02-2024,CRYPTOEXCHANGEBINANCE,362371.62,0.00,14299291.00,0
11-04-2023,NETTXN:Aug21Sal234TANGOEINDIA,730369.19,0.00,4427099.50,1
02-03-2023,NETTXN:AMAZON,778289.12,0.00,6743736.50,1
30-05-2024,NETTXN:PAYBILL123456,576453.69,0.00,7837741.00,0
17-03-2023,NETTXN:DARVEYS,889202.38,0.00,2091062.50,1
20-03-2023,CRYPTOEXCHANGECOINBASE,539280.62,0.00,15143226.00,0
24-03-2023,CRYPTOEXCHANGECOINBASE,631942.44,0.00,6040315.50,1
22-02-2023,NETTXN:DARVEYS,581415.06,0.00,5686723.00,1
15-12-2024,CRYPTOEXCHANGECOINBASE,620918.06,0.00,5528151.50,1
26-02-2023,NETTXN:TICKETBOOKINGINDIGO,177666.05,0.00,13210939.00,0
02-09-2023,CRYPTOEXCHANGEWAZIRX,71747.74,0.00,15497797.00,0
08-02-2023,PCA:5001234567:675849302948301:MUTUALFUNDS,0.00,142697.83,14925437.00,0
02-04-2023,NETTXN:TICKETBOOKINGMAKEMYTRIP,244520.94,0.00,14589661.00,0
02-04-2023,CRYPTOEXCHANGECOINBASE,538278.25,0.00,13484099.00,0
15-03-2023,CRYPTOEXCHANGEBINANCE,30189.62,0.00,16798584.00,0
25-03-2023,PCA:5001234567:123456789012345:AMAZON,80203.93,0.00,6210566.00,1
17-02-2023,PCA:5001234567:1234567891234:LOCALSHOP,758742.56,0.00,4509482.00,1
29-11-2024,NETTXN:AJIOLUXE,482996.19,0.00,15320726.00,0
21-11-2023,NETTXN:TICKETBOOKINGAIRINDIA,847568.19,0.00,6526445.50,0
21-09-2024,CRYPTOEXCHANGEBINANCE,638997.62,0.00,5825206.00,1
26-10-2024,PCA:5001234567:1234567891234:LOCALSHOP,737201.50,0.00,2677547.50,1
20-10-2023,IMPS/NA/XXX5678/RRN:123456789012/MOBTXN,0.00,447342.59,15270531.00,0
23-07-2024,NETTXN:farfetch,302104.38,0.00,15439686.00,0
13-04-2023,CRYPTOEXCHANGECOINBASE,719280.31,0.00,7111460.00,1
04-05-2024,NETTXN:DARVEYS,723713.94,0.00,10108006.00,0
29-06-2024,PCA:5001234567:123456789012345:AMAZON,406483.19,0.00,12247396.00,0
10-03-2023,NETTXN:PAYBILL987654,542994.69,0.00,14078904.00,0
18-02-2023,IMPS/RAHULKUMAR/XXX5678/RRN:123456789012,0.00,643264.62,13506373.00,0
01-07-2024,REVOFNETTXN:1234567890,830746.25,0.00,4126879.00,1
04-04-2023,REVOFNETTXN:1234567890,330060.31,0.00,9794143.00,0
13-08-2024,NETTXN:PAYBILL123456,701871.06,0.00,4168423.25,1
04-03-2023,PCA:5001234567:PAYTMWAL9876543:PTM(PAYTM),56872.78,0.00,15760340.00,0
23-10-2024,CRYPTOEXCHANGEWAZIRX,585691.56,0.00,4738928.00,1
26-02-2023,NETTXN:TICKETBOOKINGYATRA,12691.93,0.00,15162461.00,0
09-03-2023,NETTXN:tatacliq,0.00,655311.75,6171529.00,1
14-03-2023,IMPS/NA/XXX5678/RRN:876543210987/MOBTXN,737537.81,0.00,8154803.00,0
29-10-2024,PCA:5001234567:567890123456789:BIGBAZAAR,595347.19,0.00,12975447.00,0
20-08-2023,REVOFNETTXN:1234567890,6171.30,0.00,19260134.00,0
01-05-2023,NETTXN:FLIPKART,106158.74,0.00,11872774.00,0
23-02-2023,REFUNDOF:ZOMATO,0.00,353512.69,6995498.00,1
29-03-2023,NETTXN:farfetch,127007.18,0.00,16467688.00,0
29-05-2024,NETTXN:TICKETBOOKINGAIRINDIA,554321.00,0.00,13074044.00,0
14-04-2023,PCA:5001234567:1234567891234:LOCALSHOP,48277.56,0.00,11875460.00,0
03-02-2023,IMPS/RAHULKUMAR/XXX5678/RRN:123456789012,0.00,369315.75,2731295.00,1
22-02-2023,NETTXN:PAYBILL987654,562101.06,0.00,10351221.00,0
06-03-2023,NETTXN:AJIOLUXE,0.00,686122.00,12359868.00,0
21-02-2023,PCA:5001234567:567890123456789:BIGBAZAAR,833765.69,0.00,3289548.50,1
01-12-2024,PCA:5001234567:450987650123456:EBAY,307814.94,0.00,7152492.00,1
01-02-2024,PCA:5001234567:450987650123456:EBAY,41212.56,0.00,17231964.00,0
12-06-2024,PCA:5001234567:450987650123456:EBAY,582920.56,0.00,14046772.00,0
20-04-2023,CRYPTOEXCHANGEBINANCE,748029.75,0.00,6616677.00,1
28-02-2023,NETTXN:TICKETBOOKINGMAKEMYTRIP,401218.38,0.00,12678865.00,0
31-03-2023,IMPS/NA/XXX5678/RRN:876543210987/MOBTXN,99994.05,0.00,6191271.50,1
02-04-2023,NETTXN:AMAZON,444618.62,0.00,15936076.00,0
02-04-2023,FundsTransfertoXX8765/CC001002010123456/MOBTXN,0.00,14460.79,15964294.00,0
03-03-2023,NETTXN:AMAZON,736339.25,0.00,7731015.00,1
13-03-2023,PCA:5001234567:1234567891234:LOCALSHOP,332202.81,0.00,14589158.00,0
18-04-2024,NETTXN:tatacliq,0.00,626184.38,11003254.00,0
11-03-2023,NETTXN:FLIPKART,730677.25,0.00,8536263.00,0
18-02-2023,CRYPTOEXCHANGEBINANCE,694919.94,0.00,10803310.00,0
15-04-2023,NETTXN:PAYBILL987654,691378.50,0.00,5477730.50,1
08-09-2023,PCA:5001234567:123456789012345:AMAZON,456240.59,0.00,15937312.00,0
17-03-2023,CRYPTOEXCHANGEWAZIRX,585381.56,0.00,6308161.50,1
23-02-2023,EMItowardsLoanNo00234567,759357.69,0.00,7506148.00,1
18-03-2023,CRYPTOEXCHANGECOINBASE,343751.19,0.00,15449371.00,0
06-02-2024,PCA:5001234567:1234567891234:LOCALSHOP,259715.09,0.00,6690691.00,1
21-03-2023,EMItowardsLoanNo00234567,91989.72,0.00,17338582.00,0
21-03-2023,NETTXN:TICKETBOOKINGINDIGO,53001.36,0.00,8325014.00,0
16-02-2023,IMPS/NA/XXX5678/RRN:876543210987/MOBTXN,712393.19,0.00,2287066.75,1
12-02-2024,PCA:5001234567:098765432109876:FLIPKART,21421.35,0.00,17626616.00,0
28-10-2023,PCA:5001234567:1234567891234:LOCALSHOP,181037.23,0.00,3624003.75,1
29-08-2024,REVOFNETTXN:1234567890,0.00,218733.16,15323750.00,0
29-05-2023,EMItowardsLoanNo00234567,16924.08,0.00,15449434.00,0
26-03-2023,PCA:5001234567:1234567891234:LOCALSHOP,421669.72,0.00,15249293.00,0
05-03-2023,NETTXN:TICKETBOOKINGINDIGO,226905.69,0.00,14133422.00,0
18-04-2023,NETTXN:TICKETBOOKINGMAKEMYTRIP,16826.77,0.00,14938461.00,0
08-02-2023,NETTXN:TICKETBOOKINGINDIGO,735423.06,0.00,10466579.00,0
02-08-2023,CRYPTOEXCHANGEWAZIRX,353218.16,0.00,13733527.00,0
18-04-2023,FundsTransfertoXX8765/CC001002010123456/MOBTXN,0.00,314281.03,13594088.00,0
12-09-2024,PCA:5001234567:PAYTMWAL9876543:PTM(PAYTM),453913.88,0.00,14066692.00,0
22-06-2024,NETTXN:TICKETBOOKINGINDIGO,390965.62,0.00,6607791.50,1
09-09-2024,NETTXN:TICKETBOOKINGMAKEMYTRIP,480523.12,0.00,6346397.00,1
14-03-2023,ATMWithdrawal,29679.68,0.00,10055970.00,0
03-04-2023,PCA:5001234567:PAYTMWAL9876543:PTM(PAYTM),278595.75,0.00,14266900.00,0
11-02-2023,NETTXN:CASHDEPOSIT,779262.94,0.00,7007929.50,0
12-02-2023,NETTXN:CASHDEPOSIT,698118.56,0.00,4880261.00,1
20-12-2022,NETTXN:EBAY,45527.35,0.00,14156922.00,0
23-11-2024,PCA:5001234567:098765432109876:FLIPKART,660576.75,0.00,12514036.00,0
28-03-2023,NETTXN:TICKETBOOKINGAIRINDIA,475670.62,0.00,12137274.00,0
23-03-2023,EMItowardsLoanNo00234567,351492.91,0.00,6365708.00,1
25-07-2024,REVOFNETTXN:1234567890,705103.75,0.00,4950251.00,1
20-09-2024,NETTXN:Aug21Sal234TANGOEINDIA,0.00,138815.94,12743800.00,0
08-03-2023,CRYPTOEXCHANGEBINANCE,569309.06,0.00,7454794.00,0
25-03-2023,NETTXN:TICKETBOOKINGINDIGO,725038.38,0.00,7032640.00,1
24-03-2023,NETTXN:DARVEYS,740188.06,0.00,8126814.00,1
05-04-2023,CRYPTOEXCHANGECOINBASE,556220.56,0.00,5682770.00,1
08-03-2023,IMPS/NA/XXX5678/RRN:987654321098/MOBTXN,0.00,78458.28,15961126.00,0
30-11-2023,NETTXN:TICKETBOOKINGAIRINDIA,101183.52,0.00,16434836.00,0
29-07-2023,NETTXN:TICKETBOOKINGYATRA,143327.58,0.00,12508191.00,0
15-03-2023,CRYPTOEXCHANGEWAZIRX,601310.25,0.00,5443333.00,1
04-09-2024,CRYPTOEXCHANGEBINANCE,85223.70,0.00,6531758.00,1
06-04-2024,CRYPTOEXCHANGEBINANCE,614762.44,0.00,14381267.00,0
22-03-2023,CASHDEPOSIT,26167.02,0.00,8197454.00,0
20-03-2023,IMPS/NA/XXX5678/RRN:876543210987/MOBTXN,0.00,475630.09,4413956.00,1
14-03-2023,PCA:5001234567:PAYTMWAL9876543:PTM(PAYTM),786233.19,0.00,6777074.00,1
24-03-2023,NETTXN:AJIOLUXE,601593.69,0.00,10928934.00,0
01-02-2023,IMPS/RAHULKUMAR/XXX5679/RRN:123456789012,0.00,405241.03,15325405.00,0
01-04-2023,NETTXN:TICKETBOOKINGMAKEMYTRIP,16732.11,0.00,16199054.00,0
01-03-2023,EMItowardsLoanNo00234567,421819.91,0.00,15181430.00,0
13-06-2023,NETTXN:PAYBILL987654,430260.19,0.00,15698301.00,0
07-04-2024,CRYPTOEXCHANGEBINANCE,602460.19,0.00,5214261.00,1
22-03-2023,NETTXN:FLIPKART,629238.25,0.00,5415062.50,1
19-08-2024,EMItowardsLoanNo00234567,504596.19,0.00,9363686.00,0
21-06-2024,NETTXN:TICKETBOOKINGYATRA,618114.44,0.00,7896950.50,0
02-04-2023,NETTXN:TICKETBOOKINGMAKEMYTRIP,473571.00,0.00,14516924.00,0
08-03-2023,PCA:5001234567:567890123456789:BIGBAZAAR,0.00,620805.25,6790516.00,0
08-02-2023,CRYPTOEXCHANGECOINBASE,198004.86,0.00,14912954.00,0
25-03-2023,NETTXN:TICKETBOOKINGINDIGO,401777.09,0.00,9492505.00,0
18-01-2024,CRYPTOEXCHANGEWAZIRX,424764.38,0.00,6045408.00,1
02-04-2023,NETTXN:PAYBILL987654,178338.19,0.00,16382263.00,0
23-03-2023,CRYPTOEXCHANGEBINANCE,728676.88,0.00,2722081.50,1
04-04-2023,NETTXN:PAYBILL432109,670282.56,0.00,7516400.00,0
27-03-2023,CRYPTOEXCHANGECOINBASE,127381.07,0.00,6512061.00,1
12-02-2023,NETTXN:PAYBILL432109,515903.38,0.00,3700692.75,1
15-03-2023,NETTXN:FLIPKART,104668.40,0.00,15128556.00,0
17-01-2024,CRYPTOEXCHANGEWAZIRX,424134.56,0.00,15353588.00,0
14-03-2023,NETTXN:TICKETBOOKINGINDIGO,828821.12,0.00,5369561.00,1
03-02-2023,IMPS/NA/XXX5678/RRN:123456789012/MOBTXN,0.00,603819.44,15397910.00,0
16-02-2023,NETTXN:farfetch,568347.44,0.00,6282669.50,1
14-03-2023,CASHDEPOSIT,211458.95,0.00,15588310.00,0
10-03-2023,IMPS/NA/XXX5678/RRN:987654321098/MOBTXN,216051.59,0.00,12681958.00,0
09-02-2024,NETTXN:EBAY,783225.38,0.00,7463402.00,0
27-02-2023,NETTXN:TICKETBOOKINGMAKEMYTRIP,723404.88,0.00,3193952.75,1
22-04-2024,NETTXN:PAYBILL432109,659163.38,0.00,7376378.00,0
26-01-2023,NETTXN:FLIPKART,81773.66,0.00,15507418.00,0
27-09-2024,CRYPTOEXCHANGEBINANCE,760446.75,0.00,5986223.50,1
04-08-2024,FundsTransfertoXX8765/CC001002010123456/MOBTXN,485111.53,0.00,15675900.00,0
17-08-2024,CASHDEPOSIT,733919.62,0.00,6817715.00,0
13-12-2024,NETTXN:PAYBILL987654,137821.12,0.00,11751135.00,0
16-10-2024,CRYPTOEXCHANGEWAZIRX,553301.69,0.00,13306798.00,0
21-01-2024,CRYPTOEXCHANGECOINBASE,621954.25,0.00,7783422.00,0
28-03-2023,CRYPTOEXCHANGEBINANCE,489435.28,0.00,16173946.00,0
06-11-2024,CRYPTOEXCHANGECOINBASE,766368.88,0.00,7706183.50,1
08-03-2023,NETTXN:DARVEYS,63672.42,0.00,16855860.00,0
10-10-2024,NETTXN:tatacliq,0.00,171658.38,5308786.00,1
24-08-2023,PCA:5001234567:345123987012345:DOMINOS,516107.84,0.00,4154471.75,1
14-03-2023,FundsTransfertoXX8765,0.00,31122.54,17900488.00,0
11-03-2023,PCA:5001234567:345123987012345:DOMINOS,522467.19,0.00,16072626.00,0
28-03-2024,NETTXN:TICKETBOOKINGAIRINDIA,567915.75,0.00,10073148.00,0
13-10-2024,CRYPTOEXCHANGEBINANCE,88291.41,0.00,17220534.00,0
18-09-2023,NETTXN:TICKETBOOKINGINDIGO,4431.54,0.00,18030318.00,0
10-12-2024,EMItowardsLoanNo00234567,739219.62,0.00,5975409.50,1
05-04-2023,PCA:5001234567:PAYTMWAL9876543:PTM(PAYTM),34563.90,0.00,4051513.50,1
12-10-2024,PCA:5001234567:PAYTMWAL9876543:PTM(PAYTM),100277.76,0.00,13206300.00,0
17-03-2024,NETTXN:CASHDEPOSIT,61571.01,0.00,15378662.00,0
19-09-2024,IMPS/NA/XXX5678/RRN:876543210987/MOBTXN,0.00,455117.09,7183815.50,1
06-04-2023,NETTXN:TICKETBOOKINGINDIGO,667809.38,0.00,5920987.50,1
11-12-2024,PCA:5001234567:PAYTMWAL9876543:PTM(PAYTM),361355.72,0.00,14394058.00,0
23-09-2024,IMPS/NA/XXX5678/RRN:123400567890/MOBTXN,755116.38,0.00,4213248.50,1
19-03-2023,NETTXN:AJIOLUXE,0.00,465390.53,16123368.00,0
11-11-2023,PCA:5001234567:345123987012345:DOMINOS,499823.91,0.00,5745940.50,1
28-03-2024,NETTXN:tatacliq,833382.31,0.00,6462362.00,1
01-01-2024,CRYPTOEXCHANGEWAZIRX,565859.62,0.00,14837891.00,0
25-03-2023,PCA:5001234567:PAYTMWAL9876543:PTM(PAYTM),194753.23,0.00,13511808.00,0
04-09-2023,PCA:5001234567:123456789012345:AMAZON,5710.69,0.00,16189542.00,0
26-07-2023,NETTXN:TICKETBOOKINGAIRINDIA,2035.58,0.00,17493734.00,0
01-11-2023,CRYPTOEXCHANGEBINANCE,760148.31,0.00,5608505.50,1
17-10-2023,NETTXN:TICKETBOOKINGYATRA,542116.56,0.00,15236717.00,0
30-06-2023,NETTXN:TICKETBOOKINGYATRA,635169.88,0.00,5629639.50,1
20-02-2023,NETTXN:AMAZON,735482.94,0.00,4491138.50,1
22-03-2023,NETTXN:AMAZON,813898.88,0.00,7078541.00,1
30-03-2023,FundsTransfertoXX8765/CC001002010123456/MOBTXN,49755.98,0.00,8707022.00,0
26-02-2023,NETTXN:TICKETBOOKINGINDIGO,553610.44,0.00,12003190.00,0
02-02-2023,FundsTransfertoXX8765/CC001002010987654/MOBTXN,529433.31,0.00,10377284.00,0
22-05-2024,PCA:5001234567:1234567891234:LOCALSHOP,274507.09,0.00,7150884.00,1
26-06-2024,CRYPTOEXCHANGEWAZIRX,721345.50,0.00,12450040.00,0
18-03-2023,FundsTransfertoXX8765/CC001002010987654/MOBTXN,3840.60,0.00,17831564.00,0
24-02-2023,PCA:5001234567:1234567891234:LOCALSHOP,713879.25,0.00,7219663.50,1
13-03-2023,NETTXN:tatacliq,0.00,233730.62,6411102.50,1
14-03-2023,CRYPTOEXCHANGECOINBASE,549625.12,0.00,9009242.00,0
11-03-2023,IMPS/NA/XXX5678/RRN:123456789012/MOBTXN,0.00,20792.04,18581788.00,0
26-02-2023,CRYPTOEXCHANGECOINBASE,820523.62,0.00,1751542.50,1
20-02-2023,NETTXN:TICKETBOOKINGMAKEMYTRIP,69213.33,0.00,6068317.00,1
19-04-2023,NETTXN:TICKETBOOKINGINDIGO,25652.90,0.00,16718460.00,0
21-10-2024,IMPS/RAHULKUMAR/XXX5679/RRN:123456789012,0.00,270131.97,15361239.00,0
06-03-2023,NETTXN:TICKETBOOKINGYATRA,726393.19,0.00,5454791.50,1
18-02-2023,REVOFNETTXN:1234567890,246966.92,0.00,14983389.00,0
17-01-2024,EMItowardsLoanNo00234567,90463.34,0.00,9310207.00,0
23-03-2023,NETTXN:TICKETBOOKINGINDIGO,23235.90,0.00,19055106.00,0
13-11-2024,NETTXN:TICKETBOOKINGMAKEMYTRIP,693801.25,0.00,6929008.50,1
14-12-2024,NETTXN:farfetch,47850.28,0.00,16693887.00,0
24-02-2024,NETTXN:TICKETBOOKINGINDIGO,787221.94,0.00,4856858.50,1
16-09-2024,NETTXN:TICKETBOOKINGINDIGO,712613.06,0.00,1289875.25,1
10-03-2023,REVOFNETTXN:1234567890,0.00,297845.22,5943654.00,1
29-10-2024,IMPS/RAHULKUMAR/XXX5678/RRN:123456789012,0.00,412347.19,3322726.50,1
02-04-2023,IMPS/RAHULKUMAR/XXX5679/RRN:123456789012,746614.38,0.00,6218631.00,1
04-03-2023,NETTXN:AJIOLUXE,0.00,487367.59,5367307.00,1
21-02-2023,NETTXN:TICKETBOOKINGAIRINDIA,8508.24,0.00,16648303.00,0
14-03-2023,NETTXN:FLIPKART,43242.20,0.00,16974924.00,0
14-03-2024,ATMWithdrawal,198538.86,0.00,6766778.00,1
11-04-2023,CRYPTOEXCHANGEWAZIRX,342661.53,0.00,7540982.00,1
04-02-2023,NETTXN:TICKETBOOKINGAIRINDIA,279982.69,0.00,13723122.00,0
30-08-2023,CRYPTOEXCHANGEWAZIRX,433342.19,0.00,10865971.00,0
09-03-2023,IMPS/NA/XXX5678/RRN:123456789012/MOBTXN,248962.81,0.00,16850546.00,0
04-11-2024,NETTXN:AJIOLUXE,671688.19,0.00,5808826.00,1
21-03-2023,CRYPTOEXCHANGECOINBASE,176635.45,0.00,15051932.00,0
06-09-2023,IMPS/NA/XXX5678/RRN:123400567890/MOBTXN,0.00,293910.03,5321513.00,1
22-03-2023,CASHDEPOSIT,0.00,428425.59,4270878.00,1
24-02-2024,NETTXN:tatacliq,0.00,611363.44,5425607.50,1
12-04-2024,PCA:5001234567:1234567891234:LOCALSHOP,421384.62,0.00,12317715.00,0
04-03-2023,NETTXN:EBAY,612023.62,0.00,8174580.00,0
16-02-2023,CRYPTOEXCHANGEWAZIRX,823287.69,0.00,4684902.50,1
14-04-2023,NETTXN:TICKETBOOKINGAIRINDIA,227432.45,0.00,15158193.00,0
27-03-2023,NETTXN:TICKETBOOKINGAIRINDIA,518593.47,0.00,12819846.00,0
20-03-2023,CRYPTOEXCHANGEBINANCE,775462.19,0.00,6144111.50,1
13-09-2023,NETTXN:FLIPKART,585156.56,0.00,12867736.00,0
26-02-2023,NETTXN:DARVEYS,65757.70,0.00,5875365.00,1
17-02-2023,FundsTransfertoXX8765/CC001002010987654/MOBTXN,0.00,290051.22,13826700.00,0
15-07-2024,PCA:5001234567:450987650123456:EBAY,292029.78,0.00,13785174.00,0
20-10-2024,IMPS/NA/XXX5678/RRN:123400567890/MOBTXN,0.00,714110.75,9044283.00,0
19-04-2024,NETTXN:FLIPKART,562555.31,0.00,14798802.00,0
29-03-2023,ATMWithdrawal,346977.09,0.00,15148092.00,0
26-09-2024,NETTXN:TICKETBOOKINGMAKEMYTRIP,245030.62,0.00,12716406.00,0
28-02-2023,CRYPTOEXCHANGEBINANCE,43532.06,0.00,17772632.00,0
06-06-2023,REVOFNETTXN:1234567890,604499.69,0.00,12262070.00,0
02-12-2023,NETTXN:farfetch,717809.19,0.00,6521411.00,1
31-03-2023,CASHDEPOSIT,0.00,69527.86,16654211.00,0
08-03-2023,PCA:5001234567:098765432109876:FLIPKART,272421.31,0.00,16890526.00,0
09-02-2023,PCA:5001234567:123456789012345:AMAZON,649998.56,0.00,8599032.00,0
30-04-2024,CRYPTOEXCHANGECOINBASE,98892.16,0.00,6158893.00,1
25-05-2024,NETTXN:FLIPKART,118268.43,0.00,5191429.50,1
01-03-2023,IMPS/RAHULKUMAR/XXX5679/RRN:123456789012,0.00,541080.69,5052545.50,1
08-02-2023,CASHDEPOSIT,832821.69,0.00,3644257.50,1
20-10-2023,CRYPTOEXCHANGEWAZIRX,682419.19,0.00,12328408.00,0
18-07-2023,CRYPTOEXCHANGEWAZIRX,617827.44,0.00,14052938.00,0
17-03-2023,NETTXN:TICKETBOOKINGINDIGO,305035.28,0.00,5321327.00,1
07-08-2024,NETTXN:Aug21Sal234TANGOEINDIA,70118.71,0.00,17305502.00,0
11-11-2024,NETTXN:TICKETBOOKINGINDIGO,717684.19,0.00,6477249.50,1
16-03-2023,CRYPTOEXCHANGEWAZIRX,674255.69,0.00,10730063.00,0
06-01-2024,NETTXN:EBAY,314564.62,0.00,16236713.00,0
29-04-2023,CRYPTOEXCHANGEBINANCE,535973.12,0.00,4028479.25,1
22-08-2023,NETTXN:CASHDEPOSIT,616896.19,0.00,13658266.00,0
03-09-2023,NETTXN:AJIOLUXE,155291.52,0.00,14889708.00,0
15-12-2024,NETTXN:TICKETBOOKINGAIRINDIA,3576.86,0.00,18884652.00,0
18-10-2024,PCA:5001234567:1234567891234:LOCALSHOP,158024.34,0.00,7885325.00,0
16-04-2023,NETTXN:TICKETBOOKINGMAKEMYTRIP,51997.62,0.00,5510499.00,1
14-03-2023,FundsTransfertoXX8765/CC001002010987654/MOBTXN,0.00,725560.56,10353598.00,0
28-03-2023,NETTXN:PAYBILL987654,660145.44,0.00,5974596.50,1
06-03-2023,PCA:5001234567:1234567891234:LOCALSHOP,806066.19,0.00,3944031.25,1
14-02-2024,NETTXN:tatacliq,0.00,603829.75,5668689.50,1
02-10-2023,NETTXN:FLIPKART,713065.75,0.00,2603943.00,1
24-02-2023,EMItowardsLoanNo00234567,584300.56,0.00,10040579.00,0
16-11-2023,CRYPTOEXCHANGEBINANCE,838131.62,0.00,4236769.00,1
23-02-2024,NETTXN:PAYBILL123456,569563.50,0.00,12042308.00,0
12-03-2023,PCA:5001234567:1234567891234:LOCALSHOP,114833.02,0.00,10221388.00,0
17-03-2023,CRYPTOEXCHANGEWAZIRX,740504.56,0.00,5440814.50,1
13-12-2024,NETTXN:TICKETBOOKINGMAKEMYTRIP,406540.03,0.00,13511199.00,0
18-03-2023,IMPS/NA/XXX5678/RRN:123400567890/MOBTXN,343489.72,0.00,6432418.50,1
24-03-2023,NETTXN:TICKETBOOKINGMAKEMYTRIP,17344.18,0.00,14659895.00,0
07-12-2023,PCA:5001234567:675849302948301:MUTUALFUNDS,287719.12,0.00,5213089.50,1
18-11-2024,NETTXN:CASHDEPOSIT,0.00,181892.78,14401295.00,0
22-03-2023,NETTXN:TICKETBOOKINGMAKEMYTRIP,16077.21,0.00,14715816.00,0
10-03-2023,NETTXN:TICKETBOOKINGINDIGO,526936.44,0.00,8314766.50,0
11-06-2024,NETTXN:DARVEYS,709590.38,0.00,6045278.50,1
31-05-2023,PCA:5001234567:1234567891234:LOCALSHOP,335307.06,0.00,14369929.00,0
22-07-2024,PCA:5001234567:675849302948301:MUTUALFUNDS,0.00,287359.22,15320221.00,0
20-03-2024,PCA:5001234567:123456789012345:AMAZON,384763.84,0.00,13505889.00,0
03-04-2023,NETTXN:DARVEYS,84841.95,0.00,12558205.00,0
12-07-2024,CRYPTOEXCHANGEWAZIRX,250864.86,0.00,17174734.00,0
11-03-2023,NETTXN:FLIPKART,4749.49,0.00,15662760.00,0
09-04-2023,IMPS/RAHULKUMAR/XXX5679/RRN:123456789012,302010.41,0.00,18216856.00,0
31-03-2023,NETTXN:TICKETBOOKINGYATRA,688576.94,0.00,6167954.00,1
29-10-2024,IMPS/RAHULKUMAR/XXX5678/RRN:123456789012,0.00,575046.44,5269509.50,1
11-02-2023,REFUNDOF:ZOMATO,0.00,525553.38,15369288.00,0
16-07-2023,NETTXN:TICKETBOOKINGYATRA,865156.75,0.00,4820697.00,1
02-09-2024,CRYPTOEXCHANGECOINBASE,827679.25,0.00,6744262.50,1
05-02-2023,FundsTransfertoXX8765/CC001002010987654/MOBTXN,0.00,735244.94,7737776.00,0
21-02-2023,NETTXN:farfetch,85506.57,0.00,12513183.00,0
08-03-2023,NETTXN:TICKETBOOKINGMAKEMYTRIP,461751.53,0.00,11650534.00,0
05-02-2023,IMPS/RAHULKUMAR/XXX5678/RRN:123456789012,0.00,413915.97,14548785.00,0
13-03-2023,NETTXN:TICKETBOOKINGINDIGO,714302.00,0.00,5300144.50,1
02-09-2023,NETTXN:Aug21Sal234TANGOEINDIA,0.00,31899.06,15817101.00,0
10-06-2024,NETTXN:PAYBILL123456,607139.69,0.00,8213719.00,0
02-02-2023,PCA:5001234567:675849302948301:MUTUALFUNDS,0.00,338220.38,15058225.00,0
23-05-2023,NETTXN:PAYBILL987654,604054.50,0.00,12158660.00,0
09-03-2023,NETTXN:farfetch,581341.88,0.00,5119639.00,1
06-11-2023,NETTXN:AJIOLUXE,0.00,342378.62,15655069.00,0
04-09-2023,NETTXN:TICKETBOOKINGYATRA,600060.19,0.00,7122283.50,1
16-03-2023,REVOFNETTXN:1234567890,7633.85,0.00,16624298.00,0
24-03-2023,IMPS/NA/XXX5678/RRN:123456789012/MOBTXN,0.00,606454.88,8231498.00,0
09-04-2023,PCA:5001234567:PAYTMWAL9876543:PTM(PAYTM),690929.25,0.00,6528999.00,1
11-02-2023,PCA:5001234567:PAYTMWAL9876543:PTM(PAYTM),535865.19,0.00,12836205.00,0
15-03-2023,NETTXN:PAYBILL432109,856072.25,0.00,2927108.25,1
28-03-2023,CASHDEPOSIT,274489.00,0.00,14190669.00,0
10-04-2023,NETTXN:tatacliq,383327.81,0.00,13824511.00,0
27-02-2023,NETTXN:PAYBILL987654,42331.73,0.00,17527290.00,0
22-03-2023,CRYPTOEXCHANGECOINBASE,27662.45,0.00,15559306.00,0
08-03-2023,FundsTransfertoXX8765/CC001002010987654/MOBTXN,16035.66,0.00,17543354.00,0
13-03-2023,NETTXN:TICKETBOOKINGMAKEMYTRIP,708656.00,0.00,7687535.50,1
03-03-2023,CASHDEPOSIT,76014.32,0.00,8082019.00,0
02-04-2023,EMItowardsLoanNo00234567,314879.97,0.00,5572093.00,1
17-03-2023,NETTXN:tatacliq,773369.50,0.00,5837048.50,1
27-04-2024,NETTXN:AMAZON,92091.23,0.00,14980000.00,0
10-03-2023,NETTXN:TICKETBOOKINGMAKEMYTRIP,659576.25,0.00,6777924.50,0
02-07-2023,CRYPTOEXCHANGEBINANCE,753119.94,0.00,4536364.00,1
19-07-2024,CASHDEPOSIT,0.00,550598.38,11267724.00,0
15-10-2024,NETTXN:TICKETBOOKINGINDIGO,3591.96,0.00,18370802.00,0
10-04-2023,REVOFNETTXN:1234567890,0.00,532957.56,6430513.50,1
20-09-2023,PCA:5001234567:765432109876543:ZOMATO,376024.84,0.00,13178822.00,0
17-05-2023,NETTXN:TICKETBOOKINGINDIGO,608347.38,0.00,6929102.50,0
08-10-2024,CRYPTOEXCHANGECOINBASE,130799.73,0.00,11893420.00,0
06-08-2023,NETTXN:TICKETBOOKINGMAKEMYTRIP,547917.19,0.00,9382294.00,0
03-03-2023,REVOFNETTXN:1234567890,0.00,719542.94,7741746.00,0
14-02-2023,NETTXN:TICKETBOOKINGINDIGO,418874.91,0.00,17056548.00,0
11-02-2024,PCA:5001234567:450987650123456:EBAY,738980.88,0.00,10132451.00,0
30-06-2023,CRYPTOEXCHANGEBINANCE,521810.44,0.00,5449875.00,1
20-08-2023,NETTXN:TICKETBOOKINGAIRINDIA,677227.12,0.00,6457896.50,1
01-06-2024,CRYPTOEXCHANGEWAZIRX,796475.06,0.00,7785418.00,1
18-02-2023,NETTXN:TICKETBOOKINGMAKEMYTRIP,808255.12,0.00,7406912.00,1
14-02-2023,NETTXN:TICKETBOOKINGMAKEMYTRIP,107396.12,0.00,17026558.00,0
08-03-2023,PCA:5001234567:123456789012345:AMAZON,689903.75,0.00,4682222.00,1
06-10-2023,PCA:5001234567:123456789012345:AMAZON,136519.44,0.00,12325251.00,0
15-11-2023,NETTXN:PAYBILL987654,587540.31,0.00,13812300.00,0
19-07-2024,FundsTransfertoXX8765/CC001002010123456/MOBTXN,643965.69,0.00,12939583.00,0
10-03-2023,NETTXN:EBAY,439445.16,0.00,15620401.00,0
18-06-2023,CRYPTOEXCHANGEWAZIRX,41995.76,0.00,16220916.00,0
28-02-2023,NETTXN:PAYBILL987654,582628.44,0.00,13591616.00,0
24-03-2023,PCA:5001234567:1234567891234:LOCALSHOP,402099.03,0.00,2370409.50,1
19-03-2023,CRYPTOEXCHANGEBINANCE,153935.50,0.00,14042834.00,0
13-03-2023,PCA:5001234567:098765432109876:FLIPKART,727940.06,0.00,6432130.00,1
23-05-2023,FundsTransfertoXX8765/CC001002010123456/MOBTXN,0.00,714773.50,6731470.50,1
14-02-2023,PCA:5001234567:1234567891234:LOCALSHOP,233248.09,0.00,5383037.00,1
27-02-2023,NETTXN:TICKETBOOKINGMAKEMYTRIP,14296.89,0.00,15545455.00,0
09-04-2023,EMItowardsLoanNo00234567,7276.71,0.00,17743526.00,0
06-01-2024,IMPS/RAHULKUMAR/XXX5679/RRN:123456789012,0.00,691244.00,9881772.00,0
02-04-2023,CRYPTOEXCHANGEBINANCE,829143.38,0.00,5003206.00,1
13-03-2023,REVOFNETTXN:1234567890,0.00,497778.81,3804068.50,1
10-04-2023,NETTXN:TICKETBOOKINGMAKEMYTRIP,558649.19,0.00,5491388.00,1
29-03-2023,CRYPTOEXCHANGECOINBASE,445328.81,0.00,9953225.00,0
28-03-2023,NETTXN:TICKETBOOKINGAIRINDIA,620245.94,0.00,4950201.50,1
24-03-2023,FundsTransfertoXX8765/CC001002010987654/MOBTXN,0.00,532214.62,13363507.00,0
16-02-2024,CASHDEPOSIT,402913.97,0.00,13320255.00,0
07-09-2023,NETTXN:TICKETBOOKINGAIRINDIA,31075.24,0.00,10566093.00,0
28-10-2023,NETTXN:TICKETBOOKINGINDIGO,584407.25,0.00,12432509.00,0
28-06-2023,IMPS/RAHULKUMAR/XXX5678/RRN:123456789012,798896.38,0.00,4437997.50,1
16-07-2023,PCA:5001234567:PAYTMWAL9876543:PTM(PAYTM),167928.41,0.00,17233420.00,0
10-10-2024,NETTXN:DARVEYS,36695.88,0.00,15998829.00,0
07-03-2023,IMPS/NA/XXX5678/RRN:123456789012/MOBTXN,0.00,658104.44,7082323.00,1
17-03-2023,PCA:5001234567:PAYTMWAL9876543:PTM(PAYTM),12984.61,0.00,16529761.00,0
26-01-2023,PCA:5001234567:1234567891234:LOCALSHOP,155470.23,0.00,17839072.00,0
14-12-2023,REVOFNETTXN:1234567890,0.00,20110.90,13496507.00,0
20-04-2023,REFUNDOF:ZOMATO,797427.19,0.00,5353070.00,1
27-03-2023,PCA:5001234567:PAYTMWAL9876543:PTM(PAYTM),130280.09,0.00,17524856.00,0
18-10-2024,NETTXN:farfetch,2291.28,0.00,17411364.00,0
03-04-2023,CRYPTOEXCHANGECOINBASE,127932.98,0.00,4231986.50,1
16-02-2023,NETTXN:TICKETBOOKINGAIRINDIA,706654.75,0.00,5009517.50,1
26-09-2024,NETTXN:EBAY,48058.58,0.00,16286543.00,0
02-03-2023,CRYPTOEXCHANGEWAZIRX,813633.25,0.00,7680111.50,1
18-10-2024,NETTXN:FLIPKART,642047.81,0.00,5948752.00,1
04-08-2023,NETTXN:tatacliq,337166.44,0.00,3474552.25,1
05-03-2023,PCA:5001234567:1234567891234:LOCALSHOP,577883.12,0.00,5629593.50,1
29-03-2023,NETTXN:TICKETBOOKINGAIRINDIA,133797.17,0.00,13405202.00,0
07-04-2023,NETTXN:AJIOLUXE,0.00,604691.31,5688142.50,1
11-04-2024,NETTXN:tatacliq,777732.06,0.00,6931111.00,1
09-04-2024,PCA:5001234567:765432109876543:ZOMATO,662909.88,0.00,6447006.50,1
20-09-2024,PCA:5001234567:PAYTMWAL9876543:PTM(PAYTM),817822.75,0.00,5156472.00,1
25-01-2024,NETTXN:FLIPKART,64278.56,0.00,14968095.00,0
27-03-2023,NETTXN:FLIPKART,725234.25,0.00,6546670.50,0
25-02-2023,NETTXN:PAYBILL432109,537518.44,0.00,4555353.50,1
19-07-2023,PCA:5001234567:PAYTMWAL9876543:PTM(PAYTM),262990.66,0.00,9700976.00,0
28-03-2023,NETTXN:AMAZON,741223.94,0.00,6593214.50,1
14-03-2023,PCA:5001234567:1234567891234:LOCALSHOP,553878.75,0.00,4617211.00,1
17-10-2023,NETTXN:DARVEYS,19967.10,0.00,15889322.00,0
25-07-2024,PCA:5001234567:PAYTMWAL9876543:PTM(PAYTM),751489.38,0.00,4428450.00,1
24-03-2023,PCA:5001234567:1234567891234:LOCALSHOP,213027.55,0.00,9548387.00,1
21-04-2023,PCA:5001234567:098765432109876:FLIPKART,15539.83,0.00,18254212.00,0
21-09-2023,NETTXN:CASHDEPOSIT,0.00,740130.38,7452050.50,1
26-02-2023,PCA:5001234567:675849302948301:MUTUALFUNDS,10653.56,0.00,18036272.00,0
22-06-2023,PCA:5001234567:PAYTMWAL9876543:PTM(PAYTM),748344.62,0.00,5919932.00,1
02-05-2024,FundsTransfertoXX8765/CC001002010123456/MOBTXN,0.00,735537.94,11964236.00,0
08-10-2024,NETTXN:AJIOLUXE,300524.59,0.00,13149341.00,0
11-05-2023,NETTXN:TICKETBOOKINGINDIGO,845090.75,0.00,4426917.00,1
08-03-2023,NETTXN:TICKETBOOKINGYATRA,806570.38,0.00,2354142.50,1
30-07-2023,NETTXN:FLIPKART,45063.10,0.00,15354139.00,0
20-03-2023,CRYPTOEXCHANGEBINANCE,108185.55,0.00,11433108.00,0
28-02-2023,NETTXN:TICKETBOOKINGMAKEMYTRIP,65478.18,0.00,17201218.00,0
23-02-2023,NETTXN:EBAY,108190.18,0.00,15089128.00,0
20-04-2023,ATMWithdrawal,7053.16,0.00,18002076.00,0
29-08-2023,IMPS/NA/XXX5678/RRN:987654321098/MOBTXN,0.00,267323.69,12170339.00,0
16-02-2023,CRYPTOEXCHANGECOINBASE,528686.69,0.00,3958994.50,1
25-08-2023,IMPS/RAHULKUMAR/XXX5678/RRN:123456789012,0.00,346352.69,6370125.50,1
24-02-2023,IMPS/RAHULKUMAR/XXX5678/RRN:123456789012,907828.94,0.00,3386703.00,1
22-12-2023,CRYPTOEXCHANGEWAZIRX,714671.06,0.00,8746990.00,0
11-03-2023,PCA:5001234567:345123987012345:DOMINOS,596340.62,0.00,5100733.00,1
01-04-2023,NETTXN:TICKETBOOKINGINDIGO,657557.06,0.00,10884017.00,0
21-03-2023,NETTXN:DARVEYS,512583.53,0.00,5383826.00,1
18-03-2023,PCA:5001234567:1234567891234:LOCALSHOP,549082.62,0.00,5308536.00,1
28-03-2023,PCA:5001234567:567890123456789:BIGBAZAAR,517207.59,0.00,9826287.00,0
16-04-2023,IMPS/NA/XXX5678/RRN:987654321098/MOBTXN,0.00,594329.94,5180235.50,1
22-02-2023,PCA:5001234567:1234567891234:LOCALSHOP,41039.12,0.00,15842391.00,0
11-03-2023,NETTXN:TICKETBOOKINGYATRA,606043.69,0.00,14222557.00,0
14-02-2023,CRYPTOEXCHANGEWAZIRX,536842.00,0.00,4560855.50,1
27-03-2023,NETTXN:farfetch,263222.25,0.00,15193371.00,0
21-03-2023,NETTXN:PAYBILL432109,7901.55,0.00,16875718.00,0
24-03-2023,NETTXN:TICKETBOOKINGAIRINDIA,265306.34,0.00,5137516.00,1
16-06-2023,CRYPTOEXCHANGEBINANCE,764987.50,0.00,9274540.00,0
13-03-2023,NETTXN:TICKETBOOKINGMAKEMYTRIP,161912.47,0.00,14886109.00,0
25-02-2023,NETTXN:DARVEYS,87090.77,0.00,15226298.00,0
16-03-2023,NETTXN:Aug21Sal234TANGOEINDIA,717208.19,0.00,4536554.00,1
13-03-2023,PCA:5001234567:123456789012345:AMAZON,663989.31,0.00,11422907.00,0
16-02-2024,NETTXN:TICKETBOOKINGINDIGO,173061.22,0.00,16905880.00,0
16-03-2023,CRYPTOEXCHANGEWAZIRX,586456.44,0.00,4902000.50,1
18-08-2023,NETTXN:TICKETBOOKINGMAKEMYTRIP,38162.14,0.00,18575246.00,0
19-09-2024,NETTXN:TICKETBOOKINGAIRINDIA,468432.44,0.00,2880364.25,1
30-09-2024,PCA:5001234567:567890123456789:BIGBAZAAR,0.00,595808.19,13269903.00,0
01-02-2024,NETTXN:EBAY,619498.19,0.00,10546746.00,0
13-04-2023,NETTXN:AJIOLUXE,574879.50,0.00,14017018.00,0
25-02-2023,NETTXN:TICKETBOOKINGMAKEMYTRIP,36531.07,0.00,17566380.00,0
22-03-2023,NETTXN:CASHDEPOSIT,0.00,74855.58,16594223.00,0
16-10-2024,NETTXN:AJIOLUXE,0.00,423608.62,9421814.00,0
15-05-2024,IMPS/NA/XXX5678/RRN:123456789012/MOBTXN,0.00,580904.81,4437402.50,1
28-09-2024,NETTXN:DARVEYS,10381.37,0.00,18484690.00,0
30-08-2024,CRYPTOEXCHANGEBINANCE,716779.62,0.00,8598168.00,0
31-10-2024,NETTXN:FLIPKART,14239.94,0.00,16179382.00,0
03-09-2023,NETTXN:TICKETBOOKINGAIRINDIA,706709.25,0.00,10220596.00,0
30-03-2023,NETTXN:Aug21Sal234TANGOEINDIA,0.00,437590.38,5220691.50,1
19-04-2024,NETTXN:tatacliq,0.00,488501.88,3944784.00,1
10-12-2024,NETTXN:TICKETBOOKINGAIRINDIA,606979.94,0.00,5018656.00,1
22-03-2023,PCA:5001234567:1234567891234:LOCALSHOP,710502.81,0.00,3334364.25,1
19-02-2023,CRYPTOEXCHANGEBINANCE,380301.91,0.00,9255181.00,0
26-03-2023,PCA:5001234567:PAYTMWAL9876543:PTM(PAYTM),459945.69,0.00,12110342.00,0
12-02-2024,PCA:5001234567:450987650123456:EBAY,251419.91,0.00,16840486.00,0
23-03-2023,NETTXN:tatacliq,5900.85,0.00,18811318.00,0
28-12-2023,CRYPTOEXCHANGECOINBASE,217232.80,0.00,13760823.00,0
29-06-2023,CRYPTOEXCHANGECOINBASE,313029.50,0.00,4741426.00,1
13-02-2023,NETTXN:tatacliq,0.00,421648.09,14197064.00,0
19-02-2023,NETTXN:PAYBILL432109,442295.53,0.00,15056251.00,0
26-02-2023,NETTXN:FLIPKART,779879.06,0.00,4760842.00,1
02-03-2023,PCA:5001234567:PAYTMWAL9876543:PTM(PAYTM),389893.72,0.00,13208020.00,0
07-02-2023,FundsTransfertoXX8765/CC001002010987654/MOBTXN,0.00,256986.19,11272492.00,0
16-03-2023,NETTXN:CASHDEPOSIT,801212.94,0.00,6286968.50,1
23-03-2023,FundsTransfertoXX8765/CC001002010123456/MOBTXN,69110.14,0.00,14448399.00,0
11-03-2023,NETTXN:DARVEYS,545378.12,0.00,13550883.00,0
11-06-2024,FundsTransfertoXX8765/CC001002010123456/MOBTXN,162578.23,0.00,14273236.00,0
03-09-2024,PCA:5001234567:1234567891234:LOCALSHOP,816310.19,0.00,10497814.00,0
21-06-2024,NETTXN:tatacliq,0.00,30527.12,16708913.00,0
15-07-2024,NETTXN:AJIOLUXE,700022.38,0.00,4925694.50,1
02-08-2023,NETTXN:TICKETBOOKINGYATRA,344078.12,0.00,13746036.00,0
17-02-2023,CRYPTOEXCHANGEBINANCE,735208.19,0.00,9105418.00,0
18-02-2023,IMPS/RAHULKUMAR/XXX5678/RRN:123456789012,703359.25,0.00,4146291.00,1
09-11-2023,NETTXN:tatacliq,634089.38,0.00,7216940.00,0
22-03-2023,NETTXN:farfetch,3724.21,0.00,17712110.00,0
07-02-2023,PCA:5001234567:098765432109876:FLIPKART,11004.20,0.00,12747148.00,0
16-07-2023,NETTXN:TICKETBOOKINGMAKEMYTRIP,743314.62,0.00,5364583.50,1
15-02-2024,NETTXN:TICKETBOOKINGAIRINDIA,114074.31,0.00,13484500.00,0
22-03-2023,NETTXN:PAYBILL432109,426567.75,0.00,13613818.00,0
13-04-2023,PCA:5001234567:765432109876543:ZOMATO,620303.88,0.00,13821957.00,0
26-08-2023,PCA:5001234567:567890123456789:BIGBAZAAR,0.00,10522.99,16052250.00,0
18-05-2023,IMPS/RAHULKUMAR/XXX5678/RRN:123456789012,0.00,439714.19,7185866.00,1
09-03-2023,NETTXN:EBAY,398394.88,0.00,15260163.00,0
01-02-2024,PCA:5001234567:098765432109876:FLIPKART,564918.31,0.00,11322263.00,0
19-11-2024,NETTXN:AJIOLUXE,616453.62,0.00,8197961.00,0
01-03-2023,IMPS/NA/XXX5678/RRN:987654321098/MOBTXN,0.00,585881.81,5248961.00,1
23-10-2023,NETTXN:DARVEYS,243117.69,0.00,15841366.00,0
05-09-2023,PCA:5001234567:765432109876543:ZOMATO,662430.69,0.00,10718103.00,0
30-08-2024,NETTXN:TICKETBOOKINGMAKEMYTRIP,558568.88,0.00,5379792.00,1
26-02-2024,NETTXN:DARVEYS,474990.38,0.00,3330611.75,1
04-11-2023,NETTXN:FLIPKART,100471.66,0.00,19144614.00,0
06-03-2023,NETTXN:TICKETBOOKINGAIRINDIA,316615.72,0.00,11545083.00,0
12-04-2023,NETTXN:DARVEYS,189919.80,0.00,12080133.00,0
03-09-2024,CRYPTOEXCHANGECOINBASE,465990.12,0.00,12504490.00,0
02-06-2024,NETTXN:TICKETBOOKINGMAKEMYTRIP,221704.45,0.00,16234545.00,0
04-08-2024,NETTXN:TICKETBOOKINGAIRINDIA,284460.72,0.00,11419144.00,0
11-03-2023,NETTXN:PAYBILL432109,11382.46,0.00,17225102.00,0
23-02-2023,PCA:5001234567:675849302948301:MUTUALFUNDS,0.00,513907.09,5212688.00,1
01-10-2024,NETTXN:AJIOLUXE,0.00,756562.50,6510415.50,1
04-03-2023,REFUNDOF:ZOMATO,669158.88,0.00,9255796.00,0
08-11-2023,CRYPTOEXCHANGEWAZIRX,98943.73,0.00,12218794.00,0
05-04-2023,NETTXN:DARVEYS,531897.62,0.00,13430679.00,0
31-03-2023,IMPS/NA/XXX5678/RRN:987654321098/MOBTXN,769224.25,0.00,4315685.50,1
12-03-2023,NETTXN:tatacliq,682844.38,0.00,8247075.00,0
24-08-2024,NETTXN:AJIOLUXE,0.00,249036.06,14378221.00,0
16-11-2024,FundsTransfertoXX8765/CC001002010987654/MOBTXN,0.00,776444.75,11407158.00,0
25-03-2024,IMPS/NA/XXX5678/RRN:876543210987/MOBTXN,0.00,694126.81,11321004.00,0
08-08-2023,NETTXN:Aug21Sal234TANGOEINDIA,789509.25,0.00,6283837.50,1
16-03-2023,NETTXN:AMAZON,536636.44,0.00,7789028.50,1
17-02-2023,NETTXN:TICKETBOOKINGAIRINDIA,560811.12,0.00,6496317.00,0
21-02-2023,NETTXN:TICKETBOOKINGMAKEMYTRIP,656024.69,0.00,6402349.00,1
25-02-2024,CASHDEPOSIT,660357.56,0.00,10630736.00,0
16-04-2023,PCA:5001234567:1234567891234:LOCALSHOP,614687.75,0.00,5150766.50,1
13-03-2023,NETTXN:TICKETBOOKINGMAKEMYTRIP,752761.44,0.00,6851809.50,1
09-04-2024,NETTXN:PAYBILL432109,697390.56,0.00,4244181.00,1
23-10-2023,CASHDEPOSIT,0.00,664056.69,12745151.00,0
31-03-2023,CASHDEPOSIT,0.00,360998.59,4656673.50,1
02-11-2024,PCA:5001234567:567890123456789:BIGBAZAAR,812695.69,0.00,4552367.00,1
24-03-2024,REFUNDOF:ZOMATO,0.00,260132.81,15506113.00,0
03-02-2023,FundsTransfertoXX8765/CC001002010987654/MOBTXN,0.00,314386.78,14053736.00,0
06-05-2024,CRYPTOEXCHANGEBINANCE,8224.53,0.00,18248218.00,0
08-08-2024,PCA:5001234567:450987650123456:EBAY,574273.94,0.00,4755394.00,1
03-03-2024,NETTXN:EBAY,808477.38,0.00,11816791.00,0
03-03-2023,NETTXN:FLIPKART,157283.08,0.00,9596736.00,0
06-03-2023,NETTXN:TICKETBOOKINGMAKEMYTRIP,134479.53,0.00,15660493.00,0
23-02-2023,FundsTransfertoXX8765/CC001002010987654/MOBTXN,0.00,647936.12,13911761.00,0
14-02-2023,NETTXN:TICKETBOOKINGYATRA,27028.66,0.00,16820830.00,0
16-03-2023,PCA:5001234567:675849302948301:MUTUALFUNDS,0.00,463986.09,3106750.75,1
12-03-2023,NETTXN:TICKETBOOKINGINDIGO,28083.41,0.00,17526508.00,0
21-03-2023,NETTXN:TICKETBOOKINGINDIGO,643667.31,0.00,9698195.00,0
26-05-2023,NETTXN:AMAZON,766290.06,0.00,12379069.00,0
21-02-2023,NETTXN:AMAZON,813672.19,0.00,4759798.00,1
22-08-2023,CRYPTOEXCHANGECOINBASE,658635.88,0.00,8542748.00,0
12-03-2023,NETTXN:TICKETBOOKINGINDIGO,8534.76,0.00,19122884.00,0
09-01-2025,PCA:5001234567:765432109876543:ZOMATO,625187.06,0.00,9591579.00,0
15-07-2023,NETTXN:AJIOLUXE,150352.48,0.00,12327697.00,0
21-03-2023,NETTXN:AJIOLUXE,175819.02,0.00,11926085.00,0
17-03-2023,NETTXN:AMAZON,3123.14,0.00,16831434.00,0
04-05-2023,PCA:5001234567:098765432109876:FLIPKART,143999.67,0.00,16723226.00,0
15-03-2023,FundsTransfertoXX8765/CC001002010123456/MOBTXN,0.00,502936.59,6363334.50,1
26-03-2023,NETTXN:tatacliq,0.00,760852.19,6755258.00,1
28-03-2024,IMPS/NA/XXX5678/RRN:987654321098/MOBTXN,22345.50,0.00,13005769.00,0
19-02-2024,NETTXN:DARVEYS,550103.06,0.00,4875238.00,1
24-07-2023,NETTXN:TICKETBOOKINGMAKEMYTRIP,154917.00,0.00,3040079.00,1
09-03-2023,ATMWithdrawal,727815.38,0.00,7098041.00,1
19-05-2023,NETTXN:TICKETBOOKINGAIRINDIA,14531.85,0.00,15893385.00,0
19-03-2023,PCA:5001234567:PAYTMWAL9876543:PTM(PAYTM),703700.06,0.00,13525208.00,0
18-01-2024,PCA:5001234567:1234567891234:LOCALSHOP,284653.88,0.00,15335158.00,0
31-03-2023,PCA:5001234567:1234567891234:LOCALSHOP,273293.03,0.00,15971476.00,0
12-04-2023,PCA:5001234567:1234567891234:LOCALSHOP,224726.16,0.00,13448172.00,0
27-02-2023,PCA:5001234567:345123987012345:DOMINOS,61529.66,0.00,15592052.00,0
22-02-2023,PCA:5001234567:123456789012345:AMAZON,785078.31,0.00,10581270.00,0
01-12-2023,NETTXN:TICKETBOOKINGYATRA,262606.88,0.00,6145039.50,1
21-06-2024,REVOFNETTXN:1234567890,499430.69,0.00,14751576.00,0
01-03-2023,PCA:5001234567:1234567891234:LOCALSHOP,514329.38,0.00,4162355.75,1
18-03-2023,CRYPTOEXCHANGECOINBASE,649650.69,0.00,10916772.00,0
10-05-2024,NETTXN:TICKETBOOKINGAIRINDIA,659246.50,0.00,6008161.50,1
18-01-2024,NETTXN:AJIOLUXE,0.00,484952.31,11976540.00,0
20-03-2023,IMPS/NA/XXX5678/RRN:123456789012/MOBTXN,0.00,814917.25,9433491.00,0
02-07-2023,NETTXN:TICKETBOOKINGAIRINDIA,30301.37,0.00,14643882.00,0
26-03-2023,NETTXN:TICKETBOOKINGYATRA,720378.19,0.00,8484754.00,0
07-02-2023,CRYPTOEXCHANGEWAZIRX,711545.81,0.00,7033983.50,1
26-02-2023,NETTXN:Aug21Sal234TANGOEINDIA,91693.77,0.00,16059436.00,0
13-02-2023,NETTXN:farfetch,648790.94,0.00,5759732.50,1
29-10-2024,IMPS/NA/XXX5678/RRN:876543210987/MOBTXN,0.00,704862.31,6713179.00,1
15-03-2023,CRYPTOEXCHANGEBINANCE,645611.94,0.00,6031526.50,1
30-09-2023,IMPS/NA/XXX5678/RRN:123456789012/MOBTXN,6440.40,0.00,16267016.00,0
03-03-2023,NETTXN:PAYBILL432109,218791.80,0.00,15934438.00,0
06-01-2024,NETTXN:TICKETBOOKINGAIRINDIA,444883.56,0.00,14533312.00,0
28-04-2023,NETTXN:TICKETBOOKINGINDIGO,27291.56,0.00,17055864.00,0
18-02-2024,NETTXN:farfetch,755931.69,0.00,7689330.00,1
01-05-2023,NETTXN:EBAY,605512.56,0.00,5856578.00,1
02-04-2024,NETTXN:TICKETBOOKINGMAKEMYTRIP,457067.47,0.00,6834270.50,1
26-04-2023,NETTXN:TICKETBOOKINGMAKEMYTRIP,598256.88,0.00,5832465.50,1
19-04-2023,ATMWithdrawal,367396.53,0.00,6948458.00,1
16-02-2023,NETTXN:TICKETBOOKINGMAKEMYTRIP,626806.38,0.00,11481940.00,0
06-04-2023,NETTXN:FLIPKART,655754.06,0.00,6179293.00,1
23-03-2023,CRYPTOEXCHANGEWAZIRX,777316.56,0.00,6135389.50,1
17-03-2023,FundsTransfertoXX8765/CC001002010123456/MOBTXN,64252.65,0.00,10985437.00,0
25-09-2023,NETTXN:TICKETBOOKINGMAKEMYTRIP,2232.36,0.00,18680808.00,0
26-03-2023,PCA:5001234567:345123987012345:DOMINOS,361282.56,0.00,6661577.00,1
28-02-2023,CRYPTOEXCHANGEWAZIRX,757602.56,0.00,7586798.50,1
22-03-2023,IMPS/NA/XXX5678/RRN:123456789012/MOBTXN,21526.50,0.00,18154780.00,0
07-09-2024,CRYPTOEXCHANGEWAZIRX,743071.25,0.00,2754857.50,1
09-03-2023,NETTXN:AJIOLUXE,0.00,306368.50,11773690.00,0
01-04-2023,NETTXN:TICKETBOOKINGAIRINDIA,795081.44,0.00,3297991.25,1
09-03-2023,NETTXN:DARVEYS,133099.00,0.00,17228468.00,0
16-01-2024,NETTXN:TICKETBOOKINGINDIGO,161800.98,0.00,11407276.00,0
20-03-2023,NETTXN:PAYBILL987654,763973.62,0.00,4459997.00,1
30-06-2023,PCA:5001234567:567890123456789:BIGBAZAAR,0.00,610027.31,13052727.00,0
08-04-2023,PCA:5001234567:1234567891234:LOCALSHOP,492074.91,0.00,16149652.00,0
03-09-2024,NETTXN:Aug21Sal234TANGOEINDIA,91925.37,0.00,13226061.00,0
11-02-2023,NETTXN:TICKETBOOKINGYATRA,418903.81,0.00,15808964.00,0
05-04-2023,CRYPTOEXCHANGEWAZIRX,743622.56,0.00,8605906.00,0
18-03-2023,IMPS/NA/XXX5678/RRN:123400567890/MOBTXN,0.00,420017.03,5861583.50,1
13-03-2023,NETTXN:DARVEYS,15287.38,0.00,16039857.00,0
24-04-2023,NETTXN:TICKETBOOKINGYATRA,668137.50,0.00,6018153.50,1
17-02-2023,IMPS/RAHULKUMAR/XXX5679/RRN:123456789012,0.00,58579.91,5320068.50,1
22-08-2023,PCA:5001234567:345123987012345:DOMINOS,789762.19,0.00,4774234.00,1
17-12-2023,PCA:5001234567:765432109876543:ZOMATO,653443.62,0.00,4149252.50,1
10-03-2023,REVOFNETTXN:1234567890,0.00,128210.09,15640233.00,0
22-03-2023,NETTXN:tatacliq,240346.94,0.00,9649954.00,0
22-01-2024,FundsTransfertoXX8765/CC001002010123456/MOBTXN,672410.19,0.00,13279333.00,0
04-04-2023,NETTXN:DARVEYS,350136.62,0.00,3785615.25,1
14-03-2024,CRYPTOEXCHANGECOINBASE,688494.25,0.00,6259595.50,1
14-03-2023,CRYPTOEXCHANGEBINANCE,596579.44,0.00,4941829.00,1
24-10-2024,CRYPTOEXCHANGECOINBASE,701678.00,0.00,9876032.00,0
27-03-2023,PCA:5001234567:098765432109876:FLIPKART,621665.56,0.00,5146267.50,1
24-03-2023,NETTXN:PAYBILL432109,572825.56,0.00,4202838.50,1
22-07-2023,PCA:5001234567:PAYTMWAL9876543:PTM(PAYTM),450455.84,0.00,9826083.00,0
18-03-2023,NETTXN:EBAY,642803.75,0.00,5765837.00,1
08-05-2023,NETTXN:TICKETBOOKINGYATRA,335135.91,0.00,9881495.00,0
03-03-2024,NETTXN:TICKETBOOKINGMAKEMYTRIP,745033.94,0.00,4801432.50,1
24-03-2023,NETTXN:DARVEYS,755960.56,0.00,5898206.00,1
30-01-2024,REFUNDOF:ZOMATO,810431.50,0.00,5147397.00,1
03-03-2024,NETTXN:FLIPKART,88696.07,0.00,4619880.50,1
10-04-2023,NETTXN:TICKETBOOKINGAIRINDIA,718684.81,0.00,4058706.25,1
29-04-2023,NETTXN:farfetch,200725.44,0.00,15831850.00,0
13-03-2024,NETTXN:TICKETBOOKINGINDIGO,687666.19,0.00,9991608.00,0
16-03-2023,CRYPTOEXCHANGEWAZIRX,629212.25,0.00,6052843.00,1
08-03-2023,FundsTransfertoXX8765,125951.04,0.00,15453510.00,0
15-09-2024,IMPS/NA/XXX5678/RRN:123400567890/MOBTXN,0.00,110985.61,15747181.00,0
03-04-2023,NETTXN:AJIOLUXE,0.00,682149.69,6561254.00,1
02-06-2023,CRYPTOEXCHANGEBINANCE,367447.53,0.00,16974240.00,0
10-07-2023,NETTXN:PAYBILL432109,54728.91,0.00,17571092.00,0
17-03-2024,FundsTransfertoXX8765/CC001002010123456/MOBTXN,0.00,26321.55,15177658.00,0
17-02-2023,NETTXN:TICKETBOOKINGAIRINDIA,820520.38,0.00,3525258.00,1
08-05-2024,NETTXN:TICKETBOOKINGINDIGO,721909.38,0.00,6031521.50,1
12-04-2024,NETTXN:farfetch,7286.28,0.00,16082492.00,0
14-09-2024,ATMWithdrawal,776584.56,0.00,5684763.00,1
01-02-2023,NETTXN:Aug21Sal234TANGOEINDIA,686227.81,0.00,6674226.50,1
15-03-2023,NETTXN:Aug21Sal234TANGOEINDIA,0.00,595453.06,6086936.50,1
22-02-2023,NETTXN:CASHDEPOSIT,858004.75,0.00,4690625.00,1
25-05-2024,NETTXN:AMAZON,192795.14,0.00,19345630.00,0
03-10-2023,NETTXN:TICKETBOOKINGAIRINDIA,613393.75,0.00,14988564.00,0
24-04-2023,PCA:5001234567:1234567891234:LOCALSHOP,118775.48,0.00,3774079.25,1
08-02-2023,REFUNDOF:ZOMATO,0.00,7934.82,16752023.00,0
14-03-2023,CRYPTOEXCHANGEBINANCE,174013.31,0.00,13538999.00,0
11-01-2023,NETTXN:CASHDEPOSIT,0.00,787688.88,7761610.00,1
11-01-2023,NETTXN:AMAZON,755237.19,0.00,4116640.75,1
31-03-2023,NETTXN:TICKETBOOKINGINDIGO,18360.78,0.00,15951148.00,0
12-03-2023,NETTXN:TICKETBOOKINGMAKEMYTRIP,668627.94,0.00,6708817.50,1
25-02-2023,CRYPTOEXCHANGECOINBASE,547206.88,0.00,11719131.00,0
08-09-2023,CRYPTOEXCHANGEBINANCE,753864.19,0.00,7070967.50,1
27-03-2023,PCA:5001234567:PAYTMWAL9876543:PTM(PAYTM),215409.44,0.00,13427553.00,0
21-02-2023,PCA:5001234567:1234567891234:LOCALSHOP,812397.25,0.00,4252475.50,1
02-01-2025,CRYPTOEXCHANGEWAZIRX,509764.88,0.00,11554705.00,0
05-06-2024,NETTXN:FLIPKART,108630.25,0.00,15744351.00,0
17-03-2023,NETTXN:farfetch,92129.21,0.00,12097404.00,0
18-04-2023,IMPS/NA/XXX5678/RRN:123400567890/MOBTXN,0.00,621330.56,11883249.00,0
12-12-2024,NETTXN:FLIPKART,823437.75,0.00,7606365.00,1
09-11-2024,PCA:5001234567:PAYTMWAL9876543:PTM(PAYTM),90428.85,0.00,14168271.00,0
14-06-2023,CASHDEPOSIT,793540.56,0.00,5719594.00,1
13-04-2023,CRYPTOEXCHANGECOINBASE,586315.38,0.00,9024638.00,0
08-11-2023,NETTXN:DARVEYS,821587.38,0.00,7085089.50,1
20-03-2023,IMPS/NA/XXX5678/RRN:876543210987/MOBTXN,0.00,552817.94,14191905.00,0
18-11-2024,PCA:5001234567:1234567891234:LOCALSHOP,544205.94,0.00,4450224.50,1
21-01-2024,CRYPTOEXCHANGEWAZIRX,643422.06,0.00,9269376.00,0
12-03-2023,PCA:5001234567:PAYTMWAL9876543:PTM(PAYTM),324817.03,0.00,6527166.00,1
11-09-2023,PCA:5001234567:567890123456789:BIGBAZAAR,0.00,553917.88,5540408.50,1
23-12-2024,CRYPTOEXCHANGEWAZIRX,5794.09,0.00,16247990.00,0
21-06-2024,PCA:5001234567:675849302948301:MUTUALFUNDS,803350.94,0.00,11632454.00,0
16-03-2023,NETTXN:AJIOLUXE,280963.00,0.00,15111978.00,0
17-10-2023,CRYPTOEXCHANGEWAZIRX,26319.90,0.00,17308070.00,0
30-01-2023,CRYPTOEXCHANGEWAZIRX,873363.19,0.00,2291321.25,1
01-03-2023,PCA:5001234567:098765432109876:FLIPKART,713432.94,0.00,6340545.50,1
31-03-2023,CRYPTOEXCHANGEWAZIRX,238791.69,0.00,15406648.00,0
22-09-2023,NETTXN:TICKETBOOKINGYATRA,859712.88,0.00,5746897.50,1
30-05-2023,NETTXN:TICKETBOOKINGYATRA,497233.91,0.00,13607046.00,0
28-02-2023,CRYPTOEXCHANGEWAZIRX,137916.08,0.00,15738563.00,0
20-04-2024,PCA:5001234567:1234567891234:LOCALSHOP,576886.12,0.00,8925775.00,0
05-08-2024,NETTXN:EBAY,67570.52,0.00,5996126.50,1
09-10-2024,CRYPTOEXCHANGEBINANCE,248167.20,0.00,16387731.00,0
04-03-2023,PCA:5001234567:567890123456789:BIGBAZAAR,0.00,19711.87,17753288.00,0
26-02-2023,PCA:5001234567:123456789012345:AMAZON,368084.81,0.00,12161740.00,0
23-05-2023,NETTXN:TICKETBOOKINGAIRINDIA,710372.00,0.00,9217403.00,0
15-01-2023,NETTXN:TICKETBOOKINGYATRA,690587.62,0.00,11144410.00,0
14-02-2023,CRYPTOEXCHANGEBINANCE,578595.19,0.00,13281535.00,0
12-01-2024,CRYPTOEXCHANGEWAZIRX,92261.12,0.00,14002390.00,0
17-10-2024,REFUNDOF:ZOMATO,682990.38,0.00,11771790.00,0
16-04-2024,PCA:5001234567:098765432109876:FLIPKART,245553.69,0.00,6005344.00,1
24-10-2024,CRYPTOEXCHANGECOINBASE,35493.28,0.00,18296740.00,0
13-08-2024,PCA:5001234567:450987650123456:EBAY,102670.41,0.00,17107942.00,0
18-02-2024,PCA:5001234567:098765432109876:FLIPKART,79629.93,0.00,17543488.00,0
14-02-2023,NETTXN:TICKETBOOKINGAIRINDIA,688226.94,0.00,5054313.50,1
04-02-2024,NETTXN:PAYBILL987654,123394.86,0.00,13906633.00,0
21-09-2024,PCA:5001234567:765432109876543:ZOMATO,487138.12,0.00,3396823.25,1
10-04-2023,NETTXN:farfetch,514532.69,0.00,4680726.50,1
25-03-2023,IMPS/NA/XXX5678/RRN:987654321098/MOBTXN,847612.00,0.00,4240679.00,1
13-03-2023,CRYPTOEXCHANGEWAZIRX,457715.88,0.00,5801547.50,1
16-03-2023,FundsTransfertoXX8765/CC001002010987654/MOBTXN,0.00,10076.53,13639825.00,0
17-02-2023,NETTXN:AMAZON,177118.81,0.00,16161164.00,0
05-05-2024,NETTXN:EBAY,746539.06,0.00,9059255.00,0
14-03-2023,NETTXN:FLIPKART,776021.81,0.00,3394936.75,1
24-03-2023,CRYPTOEXCHANGEBINANCE,92922.77,0.00,5136053.50,1
21-06-2024,CRYPTOEXCHANGECOINBASE,11259.83,0.00,18134924.00,0
01-09-2023,CRYPTOEXCHANGEWAZIRX,246431.41,0.00,10864146.00,0
16-02-2023,PCA:5001234567:PAYTMWAL9876543:PTM(PAYTM),613492.44,0.00,5687376.50,1
08-03-2023,FundsTransfertoXX8765/CC001002010987654/MOBTXN,383846.75,0.00,15153274.00,0
25-03-2023,NETTXN:TICKETBOOKINGINDIGO,645212.81,0.00,6053092.00,1
09-04-2024,NETTXN:PAYBILL987654,543050.62,0.00,17192436.00,0
08-03-2023,PCA:5001234567:1234567891234:LOCALSHOP,192044.69,0.00,17479968.00,0
02-04-2023,NETTXN:AJIOLUXE,0.00,643083.69,5918073.50,1
03-09-2024,CRYPTOEXCHANGEBINANCE,671192.31,0.00,4188440.75,1
01-02-2024,CRYPTOEXCHANGEBINANCE,439731.91,0.00,12211154.00,0
23-04-2024,IMPS/NA/XXX5678/RRN:123400567890/MOBTXN,658610.38,0.00,3040919.25,1
13-02-2023,EMItowardsLoanNo00234567,585783.00,0.00,5182660.50,1
27-03-2023,NETTXN:EBAY,495696.47,0.00,6888131.00,1
16-03-2023,NETTXN:AJIOLUXE,571426.50,0.00,6550088.50,1
03-09-2024,NETTXN:CASHDEPOSIT,719116.19,0.00,7534657.50,1
05-03-2024,NETTXN:farfetch,133821.05,0.00,5147039.50,1
30-07-2023,PCA:5001234567:765432109876543:ZOMATO,741170.75,0.00,4124339.75,1
11-03-2023,PCA:5001234567:765432109876543:ZOMATO,418232.38,0.00,3045803.25,1
18-11-2023,NETTXN:EBAY,527993.50,0.00,12334400.00,0
21-08-2024,NETTXN:TICKETBOOKINGINDIGO,782426.00,0.00,6427227.50,1
05-04-2023,CRYPTOEXCHANGEWAZIRX,767447.62,0.00,3448800.75,1
16-03-2023,IMPS/RAHULKUMAR/XXX5679/RRN:123456789012,9044.57,0.00,17399230.00,0
24-03-2023,IMPS/NA/XXX5678/RRN:123456789012/MOBTXN,167159.62,0.00,16586831.00,0
16-02-2023,NETTXN:TICKETBOOKINGYATRA,780000.38,0.00,5226960.50,1
05-09-2023,PCA:5001234567:PAYTMWAL9876543:PTM(PAYTM),728174.31,0.00,9821638.00,0
15-05-2023,NETTXN:TICKETBOOKINGMAKEMYTRIP,24655.26,0.00,16403067.00,0
12-10-2023,NETTXN:FLIPKART,747426.50,0.00,7449928.50,1
28-02-2023,PCA:5001234567:450987650123456:EBAY,617894.31,0.00,5923608.50,1
07-01-2024,IMPS/RAHULKUMAR/XXX5679/RRN:123456789012,219919.23,0.00,7117376.50,1
26-09-2024,NETTXN:PAYBILL432109,234667.14,0.00,17869060.00,0
06-01-2024,NETTXN:EBAY,349183.03,0.00,15023451.00,0
17-03-2023,IMPS/NA/XXX5678/RRN:876543210987/MOBTXN,86171.80,0.00,16785526.00,0
16-04-2023,NETTXN:AJIOLUXE,162393.97,0.00,16311331.00,0
28-07-2023,PCA:5001234567:1234567891234:LOCALSHOP,227471.16,0.00,14350941.00,0
17-02-2023,PCA:5001234567:PAYTMWAL9876543:PTM(PAYTM),611488.62,0.00,7038517.00,0
28-09-2023,PCA:5001234567:1234567891234:LOCALSHOP,585622.69,0.00,14238084.00,0
18-10-2024,NETTXN:AJIOLUXE,0.00,109812.59,5626407.00,1
11-12-2023,FundsTransfertoXX8765/CC001002010123456/MOBTXN,0.00,479417.75,4310991.00,1
13-09-2023,PCA:5001234567:675849302948301:MUTUALFUNDS,0.00,177019.41,7705986.00,1
13-03-2023,NETTXN:TICKETBOOKINGINDIGO,724022.94,0.00,11062026.00,0
16-02-2023,PCA:5001234567:450987650123456:EBAY,373335.31,0.00,15378467.00,0
23-07-2023,CRYPTOEXCHANGEWAZIRX,241916.16,0.00,16934076.00,0
24-10-2024,IMPS/RAHULKUMAR/XXX5678/RRN:123456789012,0.00,619835.75,6042544.50,1
01-10-2024,CRYPTOEXCHANGECOINBASE,45381.53,0.00,17306338.00,0
05-07-2024,CRYPTOEXCHANGEBINANCE,694843.25,0.00,13192614.00,0
04-04-2023,NETTXN:TICKETBOOKINGYATRA,176758.23,0.00,13653190.00,0
02-03-2023,CRYPTOEXCHANGECOINBASE,42247.86,0.00,17042458.00,0
06-03-2023,NETTXN:PAYBILL123456,47259.38,0.00,13675149.00,0
07-12-2024,NETTXN:tatacliq,9398.51,0.00,13860948.00,0
14-02-2023,NETTXN:AJIOLUXE,41868.58,0.00,12703919.00,0
21-06-2023,PCA:5001234567:1234567891234:LOCALSHOP,536172.00,0.00,4560142.00,1
25-03-2023,PCA:5001234567:1234567891234:LOCALSHOP,415294.69,0.00,11808248.00,0
25-03-2023,NETTXN:tatacliq,0.00,592958.12,6059888.50,1
09-12-2023,CRYPTOEXCHANGECOINBASE,44489.45,0.00,15504856.00,0
15-11-2023,CRYPTOEXCHANGEWAZIRX,41238.57,0.00,16740669.00,0
03-07-2024,PCA:5001234567:1234567891234:LOCALSHOP,711858.56,0.00,10372226.00,0
15-07-2023,NETTXN:TICKETBOOKINGINDIGO,121683.02,0.00,15843652.00,0
15-05-2023,NETTXN:FLIPKART,102405.88,0.00,16522915.00,0
01-06-2023,NETTXN:EBAY,744086.19,0.00,3488234.50,1
17-03-2023,PCA:5001234567:098765432109876:FLIPKART,673920.38,0.00,4582204.50,1
06-04-2023,NETTXN:TICKETBOOKINGAIRINDIA,666931.19,0.00,6122131.00,1
29-12-2024,PCA:5001234567:123456789012345:AMAZON,618120.25,0.00,7369112.50,1
24-02-2023,EMItowardsLoanNo00234567,754132.19,0.00,6796758.00,1
10-05-2024,NETTXN:Aug21Sal234TANGOEINDIA,667718.44,0.00,3659725.00,1
25-09-2023,IMPS/NA/XXX5678/RRN:123456789012/MOBTXN,0.00,658699.19,7258504.50,1
04-08-2023,NETTXN:EBAY,602007.25,0.00,6205965.50,1
01-03-2023,CASHDEPOSIT,5168.58,0.00,17829210.00,0
02-07-2024,PCA:5001234567:PAYTMWAL9876543:PTM(PAYTM),568867.50,0.00,9440635.00,0
14-03-2023,NETTXN:TICKETBOOKINGINDIGO,809801.62,0.00,4418065.50,1
12-02-2023,PCA:5001234567:098765432109876:FLIPKART,207613.27,0.00,11427808.00,0
10-03-2023,FundsTransfertoXX8765,0.00,537306.25,14762854.00,0
28-03-2023,NETTXN:farfetch,726450.38,0.00,5131284.50,1
24-10-2024,NETTXN:FLIPKART,596743.56,0.00,7160910.50,1
28-12-2024,PCA:5001234567:765432109876543:ZOMATO,268908.38,0.00,11651781.00,0
11-08-2024,PCA:5001234567:PAYTMWAL9876543:PTM(PAYTM),57491.03,0.00,14005068.00,0
04-04-2023,PCA:5001234567:675849302948301:MUTUALFUNDS,0.00,402389.31,3623952.25,1
05-04-2023,REFUNDOF:ZOMATO,0.00,807006.19,12700646.00,0
16-02-2023,CRYPTOEXCHANGEWAZIRX,788715.50,0.00,9611471.00,0
20-02-2023,NETTXN:TICKETBOOKINGYATRA,534366.88,0.00,3898700.25,1
04-11-2024,NETTXN:FLIPKART,575676.88,0.00,4467873.50,1
20-02-2023,CRYPTOEXCHANGEWAZIRX,18355.71,0.00,19112980.00,0
05-03-2023,NETTXN:TICKETBOOKINGMAKEMYTRIP,237775.69,0.00,3661934.00,1
06-11-2024,PCA:5001234567:PAYTMWAL9876543:PTM(PAYTM),90082.62,0.00,16218269.00,0
16-03-2023,NETTXN:DARVEYS,63037.78,0.00,14637989.00,0
30-08-2024,ATMWithdrawal,537344.31,0.00,4045731.00,1
02-04-2023,NETTXN:TICKETBOOKINGYATRA,659425.69,0.00,9539637.00,0
18-03-2023,CRYPTOEXCHANGEBINANCE,454969.09,0.00,12954996.00,0
08-05-2024,CRYPTOEXCHANGECOINBASE,563928.31,0.00,10218787.00,0
08-02-2023,CRYPTOEXCHANGEWAZIRX,194476.84,0.00,16699875.00,0
24-04-2024,CRYPTOEXCHANGECOINBASE,698982.38,0.00,9455646.00,0
11-05-2024,PCA:5001234567:1234567891234:LOCALSHOP,133413.88,0.00,17176702.00,0
31-03-2023,PCA:5001234567:450987650123456:EBAY,801320.06,0.00,5552990.50,1
04-01-2024,NETTXN:farfetch,366517.38,0.00,13640332.00,0
04-07-2023,NETTXN:DARVEYS,30709.95,0.00,14427543.00,0
14-04-2023,NETTXN:TICKETBOOKINGMAKEMYTRIP,735984.50,0.00,6302647.00,1
14-11-2024,NETTXN:EBAY,524297.94,0.00,14294509.00,0
20-03-2023,NETTXN:CASHDEPOSIT,0.00,560801.44,5466638.00,1
25-02-2023,NETTXN:FLIPKART,692624.19,0.00,15094345.00,0
11-03-2023,CRYPTOEXCHANGECOINBASE,700130.19,0.00,9727549.00,0
01-02-2023,NETTXN:Aug21Sal234TANGOEINDIA,0.00,8227.80,15861070.00,0
11-03-2023,NETTXN:TICKETBOOKINGYATRA,407127.09,0.00,13607203.00,0
08-03-2023,CRYPTOEXCHANGEBINANCE,6825.91,0.00,16452292.00,0
20-10-2024,PCA:5001234567:765432109876543:ZOMATO,519010.28,0.00,8617138.00,0
31-03-2023,PCA:5001234567:345123987012345:DOMINOS,327628.00,0.00,10801010.00,0
22-03-2023,PCA:5001234567:345123987012345:DOMINOS,330903.50,0.00,15368396.00,0
22-03-2023,NETTXN:tatacliq,9923.42,0.00,15808748.00,0
08-03-2023,NETTXN:TICKETBOOKINGAIRINDIA,676143.81,0.00,8391646.00,0
09-03-2023,PCA:5001234567:765432109876543:ZOMATO,697485.25,0.00,5536592.00,1
12-05-2023,NETTXN:TICKETBOOKINGMAKEMYTRIP,304119.03,0.00,16582735.00,0
05-02-2023,PCA:5001234567:450987650123456:EBAY,772331.06,0.00,8669698.00,0
21-05-2024,CRYPTOEXCHANGEBINANCE,832728.62,0.00,5390394.00,1
10-07-2023,NETTXN:AMAZON,580059.19,0.00,10342774.00,0
28-03-2024,NETTXN:PAYBILL123456,49787.58,0.00,17171676.00,0
07-05-2023,NETTXN:TICKETBOOKINGYATRA,179063.55,0.00,13386333.00,0
29-08-2023,NETTXN:TICKETBOOKINGINDIGO,545331.94,0.00,6254132.50,1
19-02-2023,PCA:5001234567:PAYTMWAL9876543:PTM(PAYTM),567428.81,0.00,7200912.50,1
14-10-2023,NETTXN:TICKETBOOKINGINDIGO,745033.94,0.00,5851611.50,1
26-10-2024,NETTXN:PAYBILL987654,374008.84,0.00,15982171.00,0
27-09-2024,NETTXN:TICKETBOOKINGAIRINDIA,589697.38,0.00,4834109.50,1
31-03-2023,NETTXN:Aug21Sal234TANGOEINDIA,0.00,774140.25,10056230.00,0
11-03-2023,CRYPTOEXCHANGEBINANCE,348835.19,0.00,5649956.00,1
04-06-2023,REVOFNETTXN:1234567890,4062.94,0.00,18200444.00,0
26-11-2024,IMPS/NA/XXX5678/RRN:876543210987/MOBTXN,0.00,585313.31,5179566.50,1
13-04-2023,NETTXN:farfetch,56239.32,0.00,4893743.00,1
27-09-2023,NETTXN:TICKETBOOKINGINDIGO,64133.48,0.00,4551747.00,1
23-06-2024,CRYPTOEXCHANGEWAZIRX,563802.75,0.00,3840162.50,1
12-03-2023,IMPS/RAHULKUMAR/XXX5678/RRN:123456789012,0.00,315895.03,14267698.00,0
24-10-2023,PCA:5001234567:123456789012345:AMAZON,438046.19,0.00,16412236.00,0
15-10-2024,CRYPTOEXCHANGEBINANCE,524118.81,0.00,12590243.00,0
13-03-2023,NETTXN:TICKETBOOKINGYATRA,621681.75,0.00,9760675.00,0
17-03-2023,PCA:5001234567:450987650123456:EBAY,54729.16,0.00,8732673.00,0
20-09-2024,NETTXN:TICKETBOOKINGAIRINDIA,458198.19,0.00,4522888.00,1
08-10-2024,PCA:5001234567:1234567891234:LOCALSHOP,639307.44,0.00,5637421.00,1
16-03-2023,NETTXN:TICKETBOOKINGYATRA,150719.73,0.00,7358935.00,1
05-02-2023,NETTXN:AMAZON,77078.56,0.00,15680902.00,0
07-04-2023,NETTXN:Aug21Sal234TANGOEINDIA,263500.66,0.00,12156154.00,0
29-03-2023,PCA:5001234567:098765432109876:FLIPKART,112526.15,0.00,8932731.00,0
28-02-2023,NETTXN:TICKETBOOKINGAIRINDIA,733244.06,0.00,10183091.00,0
14-04-2023,IMPS/RAHULKUMAR/XXX5679/RRN:123456789012,55964.74,0.00,16805866.00,0
17-02-2024,NETTXN:EBAY,584150.12,0.00,5864676.00,1
16-07-2023,NETTXN:TICKETBOOKINGAIRINDIA,583964.06,0.00,8104887.00,0
16-03-2023,EMItowardsLoanNo00234567,739075.94,0.00,6419123.00,1
25-11-2024,NETTXN:AMAZON,51214.40,0.00,17365020.00,0
06-08-2023,CRYPTOEXCHANGEBINANCE,587849.44,0.00,11117902.00,0
15-10-2024,FundsTransfertoXX8765/CC001002010987654/MOBTXN,13356.74,0.00,16424832.00,0
12-09-2024,NETTXN:TICKETBOOKINGINDIGO,312952.88,0.00,13842122.00,0
27-04-2023,NETTXN:FLIPKART,379930.31,0.00,6119604.50,1
27-04-2023,NETTXN:EBAY,337096.41,0.00,14608068.00,0
02-11-2024,NETTXN:PAYBILL123456,31471.80,0.00,17318934.00,0
13-09-2023,NETTXN:TICKETBOOKINGYATRA,355739.53,0.00,13707105.00,0
11-04-2024,NETTXN:TICKETBOOKINGINDIGO,588915.25,0.00,4662675.00,1
30-03-2023,NETTXN:TICKETBOOKINGAIRINDIA,589263.81,0.00,5065067.50,1
22-02-2023,NETTXN:FLIPKART,595025.56,0.00,10065494.00,0
16-07-2024,IMPS/NA/XXX5678/RRN:987654321098/MOBTXN,714234.81,0.00,10189212.00,0
20-04-2023,NETTXN:TICKETBOOKINGINDIGO,35829.68,0.00,14549524.00,0
16-02-2023,NETTXN:TICKETBOOKINGINDIGO,354413.19,0.00,10514986.00,0
21-01-2024,NETTXN:PAYBILL432109,277365.59,0.00,16304271.00,0
23-04-2023,REFUNDOF:ZOMATO,817648.62,0.00,3288099.75,1
13-03-2023,PCA:5001234567:PAYTMWAL9876543:PTM(PAYTM),296196.06,0.00,6799256.50,1
25-10-2024,NETTXN:DARVEYS,649649.38,0.00,5939632.00,1
10-02-2024,NETTXN:farfetch,36353.50,0.00,5131265.00,1
19-02-2024,NETTXN:FLIPKART,206947.41,0.00,8703304.00,0
30-03-2023,CRYPTOEXCHANGECOINBASE,367047.25,0.00,13807474.00,0
24-02-2023,IMPS/NA/XXX5678/RRN:123400567890/MOBTXN,0.00,619364.56,5200698.00,1
07-04-2023,NETTXN:AMAZON,603532.12,0.00,10366548.00,0
17-03-2023,CRYPTOEXCHANGECOINBASE,80045.46,0.00,10381817.00,0
10-03-2023,NETTXN:TICKETBOOKINGINDIGO,715173.06,0.00,5609086.50,1
21-02-2023,NETTXN:TICKETBOOKINGAIRINDIA,534153.06,0.00,12610429.00,0
01-08-2024,NETTXN:AJIOLUXE,0.00,605923.75,5620320.00,1
07-11-2023,NETTXN:FLIPKART,214054.94,0.00,7438740.50,1
01-03-2023,PCA:5001234567:098765432109876:FLIPKART,671221.81,0.00,12396183.00,0
05-03-2023,NETTXN:FLIPKART,809693.75,0.00,2718596.75,1
17-03-2023,FundsTransfertoXX8765/CC001002010123456/MOBTXN,0.00,637946.06,6568087.00,1
24-02-2023,CRYPTOEXCHANGEBINANCE,506990.91,0.00,3869707.00,1
16-07-2024,REVOFNETTXN:1234567890,0.00,129966.48,8279293.00,1
24-12-2022,NETTXN:FLIPKART,622892.00,0.00,4675342.00,1
11-11-2024,NETTXN:TICKETBOOKINGMAKEMYTRIP,12922.49,0.00,16671547.00,0
22-07-2023,REVOFNETTXN:1234567890,776423.06,0.00,6866979.00,1
18-03-2023,NETTXN:FLIPKART,690999.81,0.00,11719749.00,0
29-09-2023,NETTXN:AMAZON,97622.96,0.00,5911910.50,1
23-08-2023,CASHDEPOSIT,750591.25,0.00,5564107.50,1
08-09-2024,NETTXN:FLIPKART,790812.75,0.00,11330889.00,0
03-03-2023,NETTXN:TICKETBOOKINGAIRINDIA,172551.09,0.00,6561169.50,1
10-04-2023,NETTXN:TICKETBOOKINGAIRINDIA,77654.72,0.00,16469604.00,0
15-11-2023,REVOFNETTXN:1234567890,0.00,316356.72,5224927.50,1
26-04-2024,NETTXN:tatacliq,11839.22,0.00,16390364.00,0
01-06-2024,IMPS/NA/XXX5678/RRN:876543210987/MOBTXN,0.00,454739.28,16820462.00,0
26-02-2023,CRYPTOEXCHANGECOINBASE,807681.12,0.00,4467398.50,1
17-12-2023,FundsTransfertoXX8765/CC001002010123456/MOBTXN,50551.77,0.00,10904954.00,0
08-02-2023,NETTXN:TICKETBOOKINGAIRINDIA,745217.62,0.00,2960357.75,1
04-04-2023,NETTXN:AJIOLUXE,0.00,16587.75,15465938.00,0
05-02-2023,PCA:5001234567:1234567891234:LOCALSHOP,568184.38,0.00,4697364.00,1
21-01-2024,NETTXN:PAYBILL432109,486365.62,0.00,5394169.00,1
07-02-2023,FundsTransfertoXX8765/CC001002010987654/MOBTXN,143138.02,0.00,12976376.00,0
18-02-2023,CRYPTOEXCHANGECOINBASE,866218.88,0.00,6157538.50,1
16-11-2023,CRYPTOEXCHANGEWAZIRX,114679.55,0.00,6423214.50,1
23-07-2024,NETTXN:TICKETBOOKINGYATRA,24491.32,0.00,13567480.00,0
13-12-2023,PCA:5001234567:765432109876543:ZOMATO,235429.81,0.00,15010547.00,0
24-02-2023,NETTXN:PAYBILL432109,493331.00,0.00,4236626.50,1
09-08-2023,NETTXN:TICKETBOOKINGMAKEMYTRIP,529816.44,0.00,4579156.00,1
26-02-2023,CRYPTOEXCHANGECOINBASE,692424.19,0.00,7122737.50,1
07-02-2023,NETTXN:tatacliq,162115.02,0.00,13450895.00,0
08-11-2023,NETTXN:TICKETBOOKINGYATRA,412537.19,0.00,14838630.00,0
15-05-2023,PCA:5001234567:450987650123456:EBAY,631917.00,0.00,5049461.50,1
11-01-2024,PCA:5001234567:1234567891234:LOCALSHOP,81613.81,0.00,14899132.00,0
09-03-2023,NETTXN:PAYBILL123456,61783.78,0.00,16795688.00,0
27-02-2023,CRYPTOEXCHANGECOINBASE,448863.72,0.00,9892610.00,0
16-10-2024,NETTXN:farfetch,472380.53,0.00,3588862.75,1
17-10-2023,IMPS/RAHULKUMAR/XXX5679/RRN:123456789012,0.00,718411.06,6726983.00,1
03-03-2023,CRYPTOEXCHANGEWAZIRX,626943.19,0.00,13688902.00,0
18-03-2023,NETTXN:PAYBILL432109,580847.38,0.00,7637011.00,1
24-08-2023,NETTXN:TICKETBOOKINGINDIGO,568077.69,0.00,5259316.00,1
09-03-2023,CRYPTOEXCHANGECOINBASE,93983.16,0.00,7741128.50,0
14-03-2023,NETTXN:PAYBILL987654,120886.27,0.00,13972465.00,0
09-08-2024,PCA:5001234567:1234567891234:LOCALSHOP,562027.56,0.00,6560272.50,1
13-08-2024,CRYPTOEXCHANGEWAZIRX,757539.75,0.00,6456491.50,1
18-09-2023,FundsTransfertoXX8765/CC001002010123456/MOBTXN,310434.53,0.00,14825620.00,0
01-03-2023,NETTXN:FLIPKART,68938.92,0.00,16082170.00,0
11-06-2024,CRYPTOEXCHANGEWAZIRX,507986.62,0.00,3654150.50,1
11-03-2023,PCA:5001234567:PAYTMWAL9876543:PTM(PAYTM),772344.31,0.00,9152451.00,0
18-03-2023,NETTXN:TICKETBOOKINGMAKEMYTRIP,9065.93,0.00,16539602.00,0
14-03-2023,NETTXN:TICKETBOOKINGMAKEMYTRIP,37311.48,0.00,11670650.00,0
10-09-2024,NETTXN:TICKETBOOKINGMAKEMYTRIP,533354.88,0.00,14772026.00,0
05-02-2023,NETTXN:TICKETBOOKINGAIRINDIA,393694.84,0.00,13879578.00,0
05-03-2023,IMPS/NA/XXX5678/RRN:876543210987/MOBTXN,11367.93,0.00,16582371.00,0
19-09-2024,NETTXN:TICKETBOOKINGINDIGO,11681.38,0.00,14240028.00,0
01-01-2024,NETTXN:TICKETBOOKINGMAKEMYTRIP,11875.00,0.00,16851004.00,0
16-12-2024,NETTXN:TICKETBOOKINGINDIGO,447942.03,0.00,13775066.00,0
03-02-2023,NETTXN:TICKETBOOKINGINDIGO,276246.72,0.00,15373306.00,0
12-04-2023,NETTXN:TICKETBOOKINGYATRA,460934.53,0.00,10697985.00,0
16-04-2023,NETTXN:PAYBILL123456,495432.31,0.00,7090429.00,1
30-03-2023,PCA:5001234567:1234567891234:LOCALSHOP,698844.19,0.00,10233572.00,0
29-07-2023,NETTXN:PAYBILL432109,227713.86,0.00,7427581.00,1
14-07-2024,NETTXN:FLIPKART,691296.38,0.00,9142394.00,0
16-04-2023,NETTXN:PAYBILL432109,747263.06,0.00,6918702.50,1
23-02-2023,NETTXN:TICKETBOOKINGINDIGO,608575.88,0.00,6824922.00,1
01-01-2024,NETTXN:DARVEYS,329066.31,0.00,9298966.00,0
29-01-2023,PCA:5001234567:098765432109876:FLIPKART,752628.50,0.00,8320286.50,0
19-12-2023,PCA:5001234567:123456789012345:AMAZON,47228.36,0.00,16785894.00,0
26-07-2023,CRYPTOEXCHANGEWAZIRX,573066.62,0.00,4649554.00,1
24-04-2024,NETTXN:TICKETBOOKINGMAKEMYTRIP,801006.25,0.00,4522088.00,1
23-10-2023,IMPS/NA/XXX5678/RRN:123456789012/MOBTXN,778497.44,0.00,5464474.00,1
01-02-2024,PCA:5001234567:1234567891234:LOCALSHOP,382700.03,0.00,9713595.00,0
12-03-2023,NETTXN:DARVEYS,531846.00,0.00,4777964.00,1
13-09-2024,CRYPTOEXCHANGECOINBASE,603751.69,0.00,5835988.00,1
03-11-2024,CRYPTOEXCHANGEBINANCE,612640.56,0.00,7031882.00,1
25-07-2024,NETTXN:farfetch,105229.26,0.00,12290349.00,0
11-04-2023,IMPS/NA/XXX5678/RRN:987654321098/MOBTXN,0.00,660347.31,9145816.00,0
11-03-2023,NETTXN:DARVEYS,31863.71,0.00,16441123.00,0
25-08-2024,CRYPTOEXCHANGEWAZIRX,48802.42,0.00,17211994.00,0
07-05-2024,NETTXN:AMAZON,16651.03,0.00,15145670.00,0
07-02-2023,NETTXN:farfetch,165758.03,0.00,6306138.00,1
08-02-2023,NETTXN:farfetch,791885.06,0.00,5581782.50,1
02-06-2023,NETTXN:CASHDEPOSIT,0.00,511279.81,4801884.00,1
16-03-2023,NETTXN:AJIOLUXE,779063.44,0.00,4939229.50,1
07-04-2023,PCA:5001234567:098765432109876:FLIPKART,560895.00,0.00,4067940.50,1
22-03-2023,NETTXN:TICKETBOOKINGMAKEMYTRIP,97077.21,0.00,16019869.00,0
20-02-2023,CRYPTOEXCHANGECOINBASE,6468.48,0.00,18499306.00,0
17-03-2023,NETTXN:TICKETBOOKINGYATRA,69280.71,0.00,17992740.00,0
07-03-2023,NETTXN:AJIOLUXE,797016.81,0.00,5167334.50,1
09-03-2023,NETTXN:Aug21Sal234TANGOEINDIA,729650.38,0.00,4452907.00,1
19-10-2023,FundsTransfertoXX8765/CC001002010987654/MOBTXN,0.00,500590.12,4139070.50,1
17-03-2023,NETTXN:PAYBILL123456,860847.38,0.00,3714712.75,1
17-03-2023,PCA:5001234567:765432109876543:ZOMATO,42812.54,0.00,4475131.50,1
24-03-2023,NETTXN:DARVEYS,313710.94,0.00,13302036.00,0
21-02-2024,PCA:5001234567:567890123456789:BIGBAZAAR,791783.62,0.00,4475125.00,1
21-02-2023,IMPS/NA/XXX5678/RRN:123400567890/MOBTXN,737364.38,0.00,7220558.50,0
05-05-2023,NETTXN:TICKETBOOKINGINDIGO,45679.84,0.00,13417786.00,0
28-08-2023,IMPS/NA/XXX5678/RRN:123456789012/MOBTXN,65128.30,0.00,16728758.00,0
18-08-2023,NETTXN:DARVEYS,23163.52,0.00,14177539.00,0
01-11-2023,CRYPTOEXCHANGEBINANCE,347349.81,0.00,9737784.00,0
04-06-2024,IMPS/NA/XXX5678/RRN:876543210987/MOBTXN,0.00,791524.94,10636284.00,0
23-02-2023,NETTXN:AJIOLUXE,0.00,10565.28,14870458.00,0
19-03-2023,CRYPTOEXCHANGEWAZIRX,559198.81,0.00,13380462.00,0
02-05-2023,NETTXN:AJIOLUXE,0.00,81954.25,15783654.00,0
28-01-2024,PCA:5001234567:123456789012345:AMAZON,57646.32,0.00,13743967.00,0
26-07-2024,NETTXN:TICKETBOOKINGAIRINDIA,27763.54,0.00,18299854.00,0
24-04-2023,NETTXN:DARVEYS,596544.31,0.00,4552403.00,1
06-06-2023,PCA:5001234567:1234567891234:LOCALSHOP,696763.81,0.00,7485298.50,1
16-02-2023,NETTXN:FLIPKART,16686.47,0.00,16659140.00,0
24-02-2024,NETTXN:FLIPKART,622828.94,0.00,12802406.00,0
17-10-2023,IMPS/NA/XXX5678/RRN:987654321098/MOBTXN,0.00,371856.19,3976508.25,1
04-04-2023,NETTXN:TICKETBOOKINGYATRA,584844.06,0.00,12347508.00,0
06-03-2024,NETTXN:farfetch,23307.94,0.00,16000730.00,0
25-03-2023,CRYPTOEXCHANGECOINBASE,24242.66,0.00,17332388.00,0
19-04-2023,IMPS/NA/XXX5678/RRN:123456789012/MOBTXN,0.00,197846.34,14521599.00,0
17-03-2023,CRYPTOEXCHANGEWAZIRX,738875.25,0.00,11391295.00,0
21-10-2023,REVOFNETTXN:1234567890,838804.38,0.00,4231300.00,1
02-03-2023,NETTXN:TICKETBOOKINGMAKEMYTRIP,587220.75,0.00,5575115.50,1
09-09-2024,CASHDEPOSIT,0.00,649791.12,12073427.00,0
07-12-2024,CRYPTOEXCHANGEWAZIRX,109304.62,0.00,6285738.00,1
26-03-2023,CRYPTOEXCHANGEWAZIRX,208652.72,0.00,14712292.00,0
16-02-2023,FundsTransfertoXX8765/CC001002010123456/MOBTXN,707296.00,0.00,4335666.50,1
03-06-2024,NETTXN:TICKETBOOKINGINDIGO,100232.08,0.00,13811421.00,0
26-03-2023,CRYPTOEXCHANGEBINANCE,278566.59,0.00,5694370.50,1
23-03-2023,PCA:5001234567:450987650123456:EBAY,174950.91,0.00,6676226.00,1
10-05-2023,FundsTransfertoXX8765/CC001002010987654/MOBTXN,0.00,388072.19,5877933.50,1
10-02-2023,PCA:5001234567:345123987012345:DOMINOS,425176.41,0.00,13628820.00,0
17-01-2023,NETTXN:TICKETBOOKINGYATRA,159020.67,0.00,14999392.00,0
23-04-2023,PCA:5001234567:123456789012345:AMAZON,497075.62,0.00,4811739.50,1
07-05-2024,NETTXN:DARVEYS,680687.19,0.00,13808488.00,0
05-12-2024,CRYPTOEXCHANGEBINANCE,302324.12,0.00,6129396.00,1
16-02-2023,NETTXN:TICKETBOOKINGMAKEMYTRIP,519515.91,0.00,4619176.00,1
26-02-2023,PCA:5001234567:675849302948301:MUTUALFUNDS,17682.29,0.00,17339114.00,0
26-03-2023,CRYPTOEXCHANGEBINANCE,738279.81,0.00,6404834.00,1
02-04-2023,IMPS/NA/XXX5678/RRN:876543210987/MOBTXN,0.00,59961.24,14539551.00,0
07-03-2024,CRYPTOEXCHANGEWAZIRX,645760.19,0.00,10775772.00,0
02-07-2023,NETTXN:TICKETBOOKINGINDIGO,414531.69,0.00,15547537.00,0
01-04-2023,PCA:5001234567:1234567891234:LOCALSHOP,792656.56,0.00,6138654.50,1
13-03-2024,NETTXN:TICKETBOOKINGINDIGO,330946.72,0.00,6970512.00,1
29-03-2023,EMItowardsLoanNo00234567,169283.69,0.00,16723407.00,0
18-03-2023,NETTXN:FLIPKART,399642.09,0.00,14529774.00,0
11-06-2024,CRYPTOEXCHANGEWAZIRX,473738.59,0.00,7179333.00,1
02-03-2023,NETTXN:Aug21Sal234TANGOEINDIA,349493.19,0.00,15675430.00,0
13-08-2024,NETTXN:TICKETBOOKINGAIRINDIA,598725.38,0.00,7449917.00,0
04-04-2023,ATMWithdrawal,7844.11,0.00,18537378.00,0
17-08-2024,IMPS/RAHULKUMAR/XXX5679/RRN:123456789012,11473.10,0.00,14944244.00,0
21-11-2023,NETTXN:EBAY,58108.68,0.00,15744590.00,0
15-02-2023,NETTXN:FLIPKART,655163.69,0.00,8016963.00,0
14-03-2023,CRYPTOEXCHANGEBINANCE,111830.09,0.00,15015668.00,0
30-03-2023,IMPS/RAHULKUMAR/XXX5678/RRN:123456789012,0.00,129222.71,18382484.00,0
09-09-2024,EMItowardsLoanNo00234567,673739.06,0.00,6125774.50,1
17-03-2023,NETTXN:TICKETBOOKINGINDIGO,786150.81,0.00,9650421.00,0
01-04-2023,NETTXN:TICKETBOOKINGAIRINDIA,22894.06,0.00,15921472.00,0
17-02-2023,NETTXN:FLIPKART,541717.94,0.00,4947337.50,1
05-10-2023,REFUNDOF:ZOMATO,0.00,530499.62,4987788.00,1
18-06-2023,NETTXN:TICKETBOOKINGMAKEMYTRIP,92623.41,0.00,16431178.00,0
03-10-2023,IMPS/NA/XXX5678/RRN:123456789012/MOBTXN,369713.88,0.00,14881238.00,0
21-10-2023,IMPS/NA/XXX5678/RRN:123400567890/MOBTXN,0.00,759821.06,6638401.50,1
19-12-2023,NETTXN:tatacliq,0.00,677703.62,12589004.00,0
13-02-2023,NETTXN:TICKETBOOKINGAIRINDIA,108366.71,0.00,15003956.00,0
25-02-2023,CRYPTOEXCHANGEWAZIRX,623956.38,0.00,13869618.00,0
05-04-2023,PCA:5001234567:1234567891234:LOCALSHOP,45164.30,0.00,18176870.00,0
16-02-2023,NETTXN:TICKETBOOKINGMAKEMYTRIP,661957.62,0.00,13768847.00,0
22-03-2023,EMItowardsLoanNo00234567,6152.51,0.00,17334706.00,0
25-10-2023,IMPS/NA/XXX5678/RRN:123456789012/MOBTXN,0.00,110803.73,10140832.00,0
27-08-2023,PCA:5001234567:1234567891234:LOCALSHOP,643675.25,0.00,12354212.00,0
28-04-2023,IMPS/NA/XXX5678/RRN:987654321098/MOBTXN,279968.72,0.00,6947842.50,1
24-04-2023,NETTXN:FLIPKART,579271.81,0.00,5367196.50,1
23-05-2023,FundsTransfertoXX8765/CC001002010987654/MOBTXN,0.00,697123.69,5971226.00,1
16-02-2023,FundsTransfertoXX8765/CC001002010123456/MOBTXN,55422.02,0.00,16513659.00,0
01-04-2023,IMPS/NA/XXX5678,0.00,14269.06,16758207.00,0
14-03-2023,PCA:5001234567:450987650123456:EBAY,771748.81,0.00,6778341.00,1
19-03-2023,FundsTransfertoXX8765/CC001002010987654/MOBTXN,87090.03,0.00,5278890.00,1
14-03-2023,CRYPTOEXCHANGECOINBASE,137216.05,0.00,17755072.00,0
18-03-2023,NETTXN:AJIOLUXE,0.00,475265.88,3953719.00,1
29-03-2023,CRYPTOEXCHANGEBINANCE,56894.10,0.00,3377756.75,1
11-05-2024,CASHDEPOSIT,163168.27,0.00,11859718.00,0
05-03-2023,NETTXN:TICKETBOOKINGINDIGO,429817.19,0.00,15878586.00,0
05-03-2023,NETTXN:TICKETBOOKINGINDIGO,410286.19,0.00,4055428.50,1
09-04-2024,CRYPTOEXCHANGECOINBASE,202112.64,0.00,18396750.00,0
02-03-2023,NETTXN:PAYBILL987654,414389.72,0.00,14128892.00,0
18-03-2023,NETTXN:CASHDEPOSIT,794980.81,0.00,4528150.50,1
15-03-2023,NETTXN:AMAZON,590874.38,0.00,13074221.00,0
08-04-2023,PCA:5001234567:675849302948301:MUTUALFUNDS,774129.25,0.00,6290006.00,1
28-02-2023,FundsTransfertoXX8765/CC001002010987654/MOBTXN,185294.19,0.00,14806259.00,0
10-02-2023,NETTXN:TICKETBOOKINGINDIGO,116861.35,0.00,14641082.00,0
18-05-2023,NETTXN:TICKETBOOKINGMAKEMYTRIP,521194.59,0.00,12907811.00,0
25-01-2024,NETTXN:CASHDEPOSIT,214460.31,0.00,16789172.00,0
06-02-2023,CRYPTOEXCHANGEWAZIRX,62228.54,0.00,14568415.00,0
04-04-2023,EMItowardsLoanNo00234567,23456.97,0.00,15673055.00,0
14-11-2024,ATMWithdrawal,23855.70,0.00,17389976.00,0
22-02-2023,NETTXN:farfetch,435271.84,0.00,16207037.00,0
26-03-2023,IMPS/NA/XXX5678/RRN:123456789012/MOBTXN,141359.64,0.00,6645146.00,1
09-03-2023,PCA:5001234567:123456789012345:AMAZON,653344.75,0.00,6617398.00,1
18-12-2024,PCA:5001234567:123456789012345:AMAZON,1121.07,0.00,18192290.00,0
18-02-2023,PCA:5001234567:567890123456789:BIGBAZAAR,766654.38,0.00,4752057.50,1
13-11-2023,CRYPTOEXCHANGEBINANCE,488325.56,0.00,6929184.50,1
27-12-2024,NETTXN:AMAZON,86888.49,0.00,12109528.00,0
28-04-2023,ATMWithdrawal,716727.44,0.00,6942769.50,1
25-07-2023,NETTXN:DARVEYS,164377.53,0.00,7445563.00,1
30-03-2023,NETTXN:TICKETBOOKINGAIRINDIA,687592.62,0.00,10518718.00,0
31-03-2023,CRYPTOEXCHANGEBINANCE,18799.70,0.00,17491364.00,0
20-03-2023,FundsTransfertoXX8765/CC001002010123456/MOBTXN,0.00,583999.44,5681930.00,1
18-02-2023,NETTXN:AJIOLUXE,655814.88,0.00,9120099.00,0
30-03-2023,NETTXN:farfetch,738588.31,0.00,5750500.00,1
20-03-2023,NETTXN:EBAY,534098.12,0.00,14483331.00,0
10-03-2023,FundsTransfertoXX8765/CC001002010123456/MOBTXN,0.00,553661.19,4764732.00,1
18-09-2023,NETTXN:FLIPKART,576300.88,0.00,10283625.00,0
28-03-2023,ATMWithdrawal,89579.40,0.00,17495366.00,0
12-02-2023,CRYPTOEXCHANGEWAZIRX,440131.41,0.00,13075932.00,0
07-02-2023,IMPS/RAHULKUMAR/XXX5679/RRN:123456789012,0.00,320342.56,14664605.00,0
13-04-2023,CRYPTOEXCHANGECOINBASE,5729.30,0.00,15938824.00,0
17-12-2023,CRYPTOEXCHANGECOINBASE,618788.94,0.00,5774920.50,1
08-02-2023,NETTXN:DARVEYS,37352.74,0.00,18625860.00,0
30-05-2024,NETTXN:TICKETBOOKINGAIRINDIA,646169.06,0.00,13127918.00,0
04-10-2023,NETTXN:TICKETBOOKINGYATRA,12257.55,0.00,16485375.00,0
20-03-2023,FundsTransfertoXX8765/CC001002010123456/MOBTXN,0.00,567097.25,5051603.00,1
21-06-2024,REFUNDOF:ZOMATO,143641.81,0.00,16724567.00,0
04-08-2024,NETTXN:TICKETBOOKINGAIRINDIA,80236.26,0.00,13530514.00,0
16-10-2024,REFUNDOF:ZOMATO,18714.39,0.00,19174014.00,0
21-03-2023,PCA:5001234567:PAYTMWAL9876543:PTM(PAYTM),599014.44,0.00,5766240.00,1
16-11-2023,IMPS/NA/XXX5678/RRN:123456789012/MOBTXN,0.00,144109.77,5382995.00,1
17-07-2024,CRYPTOEXCHANGEWAZIRX,128379.63,0.00,15810954.00,0
11-03-2023,PCA:5001234567:098765432109876:FLIPKART,6697.27,0.00,18649484.00,0
08-02-2023,IMPS/NA/XXX5678/RRN:123400567890/MOBTXN,767299.06,0.00,10930848.00,0
04-03-2023,NETTXN:TICKETBOOKINGINDIGO,25269.06,0.00,15236361.00,0
24-03-2023,NETTXN:DARVEYS,461013.16,0.00,10414868.00,0
08-04-2023,PCA:5001234567:123456789012345:AMAZON,673192.38,0.00,11993681.00,0
04-02-2023,REFUNDOF:ZOMATO,761345.25,0.00,3709205.00,1
24-02-2023,CRYPTOEXCHANGEWAZIRX,379151.38,0.00,16622533.00,0
31-03-2023,PCA:5001234567:PAYTMWAL9876543:PTM(PAYTM),625876.25,0.00,5449709.00,1
04-02-2023,IMPS/NA/XXX5678/RRN:987654321098/MOBTXN,28089.28,0.00,14961908.00,0
26-11-2024,NETTXN:farfetch,405217.53,0.00,6993038.00,1
01-12-2024,NETTXN:farfetch,274336.44,0.00,6509584.00,1
11-03-2023,NETTXN:EBAY,549900.69,0.00,13488721.00,0
02-03-2023,IMPS/NA/XXX5678/RRN:123400567890/MOBTXN,2632.82,0.00,17488218.00,0
11-03-2023,PCA:5001234567:765432109876543:ZOMATO,681759.62,0.00,9427211.00,1
17-03-2023,PCA:5001234567:PAYTMWAL9876543:PTM(PAYTM),318595.78,0.00,13418778.00,0
12-06-2023,NETTXN:TICKETBOOKINGMAKEMYTRIP,221630.45,0.00,17541898.00,0
19-07-2023,PCA:5001234567:098765432109876:FLIPKART,95641.48,0.00,16747713.00,0
27-08-2023,NETTXN:TICKETBOOKINGAIRINDIA,862494.19,0.00,3691710.75,1
03-12-2024,PCA:5001234567:345123987012345:DOMINOS,501055.41,0.00,15414843.00,0
12-03-2023,IMPS/NA/XXX5678/RRN:123456789012/MOBTXN,771760.19,0.00,4628212.00,1
02-07-2023,PCA:5001234567:1234567891234:LOCALSHOP,819332.94,0.00,4867138.00,1
02-03-2023,FundsTransfertoXX8765/CC001002010987654/MOBTXN,704796.38,0.00,7688560.00,0
11-03-2023,CRYPTOEXCHANGECOINBASE,13349.69,0.00,15664182.00,0
16-02-2023,ATMWithdrawal,592363.56,0.00,12902472.00,0
26-08-2023,IMPS/NA/XXX5678/RRN:987654321098/MOBTXN,0.00,572217.62,4821341.50,1
26-07-2023,PCA:5001234567:1234567891234:LOCALSHOP,559001.19,0.00,5548005.00,1
30-03-2023,PCA:5001234567:PAYTMWAL9876543:PTM(PAYTM),602178.19,0.00,5825930.00,1
14-02-2023,NETTXN:farfetch,177062.36,0.00,17864642.00,0
20-10-2024,NETTXN:farfetch,649500.19,0.00,5627720.50,1
25-07-2023,PCA:5001234567:1234567891234:LOCALSHOP,525197.00,0.00,4300593.00,1
14-11-2024,EMItowardsLoanNo00234567,698930.62,0.00,6564486.00,1
24-08-2024,FundsTransfertoXX8765/CC001002010987654/MOBTXN,0.00,598426.00,13398196.00,0
08-04-2023,NETTXN:TICKETBOOKINGAIRINDIA,32109.22,0.00,18983710.00,0
21-01-2024,REFUNDOF:ZOMATO,0.00,444027.47,5748628.00,1
11-04-2023,PCA:5001234567:123456789012345:AMAZON,484534.38,0.00,6925922.00,1
11-07-2023,IMPS/NA/XXX5678/RRN:987654321098/MOBTXN,0.00,667432.94,6848823.50,1
03-03-2023,NETTXN:TICKETBOOKINGAIRINDIA,216266.78,0.00,6015225.00,1
20-03-2023,FundsTransfertoXX8765/CC001002010987654/MOBTXN,772591.94,0.00,7931778.00,1
08-09-2023,CRYPTOEXCHANGECOINBASE,574573.94,0.00,5386294.00,1
17-09-2024,ATMWithdrawal,561317.94,0.00,5390804.50,1
25-04-2023,ATMWithdrawal,614983.38,0.00,10894301.00,0
21-03-2023,IMPS/NA/XXX5678/RRN:123400567890/MOBTXN,183940.27,0.00,9473095.00,0
08-02-2023,PCA:5001234567:PAYTMWAL9876543:PTM(PAYTM),8432.17,0.00,17554802.00,0
06-04-2023,CRYPTOEXCHANGECOINBASE,486049.59,0.00,4766811.50,1
31-01-2024,CRYPTOEXCHANGECOINBASE,463379.28,0.00,13637074.00,0
15-02-2023,NETTXN:TICKETBOOKINGMAKEMYTRIP,835720.75,0.00,2096489.88,1
30-06-2023,NETTXN:TICKETBOOKINGAIRINDIA,605396.31,0.00,14716204.00,0
05-07-2024,REVOFNETTXN:1234567890,0.00,607436.00,5721859.00,1
07-04-2023,NETTXN:PAYBILL123456,563688.00,0.00,4375896.50,1
28-02-2023,CRYPTOEXCHANGECOINBASE,556991.69,0.00,15733654.00,0
17-03-2023,NETTXN:FLIPKART,595679.62,0.00,5834798.50,1
22-05-2024,NETTXN:Aug21Sal234TANGOEINDIA,0.00,627526.75,5550545.50,1
28-03-2024,CRYPTOEXCHANGECOINBASE,229429.36,0.00,14261741.00,0
17-10-2024,PCA:5001234567:PAYTMWAL9876543:PTM(PAYTM),38126.26,0.00,4145123.00,1
27-03-2023,NETTXN:TICKETBOOKINGINDIGO,731486.38,0.00,3950155.50,1
01-06-2023,NETTXN:FLIPKART,624073.75,0.00,5790267.00,1
04-05-2024,NETTXN:TICKETBOOKINGYATRA,416869.72,0.00,5129367.00,1
02-02-2024,PCA:5001234567:PAYTMWAL9876543:PTM(PAYTM),588133.19,0.00,5789149.50,1
03-03-2023,NETTXN:CASHDEPOSIT,0.00,96981.66,15074092.00,0
27-03-2023,NETTXN:PAYBILL987654,553804.12,0.00,13167695.00,0
25-07-2023,PCA:5001234567:PAYTMWAL9876543:PTM(PAYTM),695760.50,0.00,8334489.00,0
27-03-2023,NETTXN:TICKETBOOKINGAIRINDIA,70905.81,0.00,18046190.00,0
31-07-2023,REVOFNETTXN:1234567890,0.00,581830.38,4927347.50,1
17-02-2023,CRYPTOEXCHANGEWAZIRX,50896.92,0.00,16434728.00,0
07-03-2023,NETTXN:FLIPKART,49843.90,0.00,13800735.00,0
16-04-2024,FundsTransfertoXX8765,2981.76,0.00,19467048.00,0
03-03-2023,PCA:5001234567:765432109876543:ZOMATO,495122.62,0.00,12938739.00,0
16-02-2023,PCA:5001234567:123456789012345:AMAZON,411165.09,0.00,7642722.50,1
02-05-2024,IMPS/NA/XXX5678/RRN:123456789012/MOBTXN,678220.19,0.00,6370703.50,1
04-09-2024,CRYPTOEXCHANGECOINBASE,694862.94,0.00,8219679.50,0
22-05-2024,NETTXN:TICKETBOOKINGYATRA,630218.44,0.00,7970354.50,1
13-03-2023,IMPS/NA/XXX5678/RRN:987654321098/MOBTXN,0.00,557115.00,14997970.00,0
17-02-2023,CRYPTOEXCHANGECOINBASE,45805.76,0.00,14508360.00,0
02-01-2025,CRYPTOEXCHANGEWAZIRX,223393.28,0.00,13670461.00,0
21-03-2023,IMPS/NA/XXX5678/RRN:987654321098/MOBTXN,620992.25,0.00,14239679.00,0
25-07-2024,CRYPTOEXCHANGECOINBASE,254972.50,0.00,16115967.00,0
22-05-2023,EMItowardsLoanNo00234567,202255.09,0.00,6909007.50,1
01-12-2023,NETTXN:farfetch,432488.19,0.00,14983081.00,0
06-03-2024,PCA:5001234567:PAYTMWAL9876543:PTM(PAYTM),725363.25,0.00,10651579.00,0
27-03-2023,NETTXN:TICKETBOOKINGMAKEMYTRIP,762054.75,0.00,9018906.00,0
17-03-2023,NETTXN:TICKETBOOKINGAIRINDIA,490958.56,0.00,11973238.00,0
02-03-2023,CRYPTOEXCHANGEWAZIRX,571468.31,0.00,5572831.50,1
29-03-2023,EMItowardsLoanNo00234567,513559.62,0.00,3755345.00,1
13-04-2024,NETTXN:farfetch,684736.19,0.00,14548148.00,0
05-03-2023,NETTXN:TICKETBOOKINGAIRINDIA,588949.56,0.00,4971460.00,1
25-06-2023,EMItowardsLoanNo00234567,449779.72,0.00,3359221.00,1
12-02-2024,CASHDEPOSIT,0.00,601368.19,5675111.00,1
17-04-2023,NETTXN:AMAZON,402282.19,0.00,16267313.00,0
06-04-2023,IMPS/NA/XXX5678/RRN:123456789012/MOBTXN,783862.38,0.00,3373847.75,1
04-10-2024,PCA:5001234567:450987650123456:EBAY,473313.47,0.00,16214043.00,0
27-02-2023,NETTXN:TICKETBOOKINGINDIGO,676306.31,0.00,14283734.00,0
12-03-2023,NETTXN:TICKETBOOKINGMAKEMYTRIP,616571.62,0.00,5339617.00,1
11-05-2024,CRYPTOEXCHANGEBINANCE,284996.12,0.00,6048013.50,1
17-01-2024,NETTXN:TICKETBOOKINGYATRA,424579.56,0.00,11637501.00,0
11-04-2023,IMPS/NA/XXX5678/RRN:123456789012/MOBTXN,216759.20,0.00,15085914.00,0
06-03-2023,NETTXN:tatacliq,0.00,35340.16,16186668.00,0
03-04-2023,CRYPTOEXCHANGEBINANCE,516150.09,0.00,5439341.50,1
14-04-2023,NETTXN:PAYBILL987654,647202.25,0.00,5361090.50,0
28-11-2024,FundsTransfertoXX8765/CC001002010987654/MOBTXN,149420.77,0.00,14078988.00,0
15-04-2023,NETTXN:TICKETBOOKINGINDIGO,93506.07,0.00,5946410.00,1
27-03-2023,NETTXN:TICKETBOOKINGINDIGO,331249.22,0.00,16127273.00,0
15-01-2024,PCA:5001234567:345123987012345:DOMINOS,123653.24,0.00,6967796.00,1
06-04-2023,NETTXN:PAYBILL123456,244839.20,0.00,13879174.00,0
14-03-2024,IMPS/NA/XXX5678/RRN:123400567890/MOBTXN,27669.96,0.00,15420884.00,0
17-04-2023,CRYPTOEXCHANGEWAZIRX,493470.47,0.00,13597915.00,0
07-01-2023,PCA:5001234567:345123987012345:DOMINOS,602967.00,0.00,10619965.00,0
19-11-2024,NETTXN:TICKETBOOKINGYATRA,427810.19,0.00,11683826.00,0
19-03-2023,IMPS/NA/XXX5678/RRN:876543210987/MOBTXN,43825.42,0.00,15938721.00,0
03-03-2023,PCA:5001234567:123456789012345:AMAZON,114859.23,0.00,14526222.00,0
26-01-2023,CRYPTOEXCHANGEWAZIRX,389639.53,0.00,5581516.00,1
19-03-2023,NETTXN:TICKETBOOKINGINDIGO,784436.81,0.00,6043319.00,1
17-03-2023,NETTXN:Aug21Sal234TANGOEINDIA,0.00,503117.53,3699808.75,1
24-03-2023,NETTXN:TICKETBOOKINGMAKEMYTRIP,2808.54,0.00,18733274.00,0
17-05-2024,NETTXN:EBAY,8438.46,0.00,16389138.00,0
17-05-2024,REFUNDOF:ZOMATO,20040.06,0.00,19016482.00,0
26-02-2023,CRYPTOEXCHANGEBINANCE,638094.25,0.00,6781133.50,1
29-05-2024,PCA:5001234567:PAYTMWAL9876543:PTM(PAYTM),659719.19,0.00,7493702.00,1
04-04-2024,NETTXN:tatacliq,167884.95,0.00,14669350.00,0
12-03-2024,NETTXN:TICKETBOOKINGINDIGO,714253.44,0.00,10223895.00,0
02-08-2024,NETTXN:TICKETBOOKINGYATRA,435804.38,0.00,6237570.50,1
17-04-2023,IMPS/NA/XXX5678/RRN:123400567890/MOBTXN,0.00,2302.79,17237296.00,0
22-03-2023,NETTXN:TICKETBOOKINGYATRA,751807.62,0.00,5903389.50,1
04-05-2023,NETTXN:Aug21Sal234TANGOEINDIA,0.00,472135.62,8874394.00,0
01-03-2023,PCA:5001234567:PAYTMWAL9876543:PTM(PAYTM),7766.04,0.00,15914723.00,0
26-12-2023,IMPS/NA/XXX5678/RRN:123456789012/MOBTXN,842174.56,0.00,8168985.00,0
10-03-2023,IMPS/NA/XXX5678/RRN:876543210987/MOBTXN,9329.87,0.00,15401940.00,0
27-03-2023,NETTXN:CASHDEPOSIT,620889.69,0.00,8508209.00,0
15-02-2023,IMPS/NA/XXX5678/RRN:987654321098/MOBTXN,744174.25,0.00,4554367.00,1
06-03-2023,REVOFNETTXN:1234567890,628398.12,0.00,10864712.00,0
11-01-2023,NETTXN:PAYBILL987654,39307.90,0.00,14741763.00,0
12-02-2023,NETTXN:TICKETBOOKINGMAKEMYTRIP,227947.56,0.00,10218860.00,0
20-07-2024,NETTXN:CASHDEPOSIT,0.00,2227.89,18250866.00,0
12-03-2023,PCA:5001234567:123456789012345:AMAZON,558348.25,0.00,8675087.00,1
29-02-2024,NETTXN:farfetch,591947.69,0.00,5096094.00,1
08-02-2023,PCA:5001234567:098765432109876:FLIPKART,11189.78,0.00,18269948.00,0
04-04-2023,NETTXN:AJIOLUXE,25230.44,0.00,5026860.50,1
07-11-2023,PCA:5001234567:1234567891234:LOCALSHOP,538392.94,0.00,14348413.00,0
04-03-2023,NETTXN:AJIOLUXE,0.00,648408.88,14348466.00,0
21-03-2023,PCA:5001234567:765432109876543:ZOMATO,513010.84,0.00,5310595.00,1
04-04-2023,NETTXN:TICKETBOOKINGINDIGO,23459.70,0.00,16231027.00,0
20-03-2023,FundsTransfertoXX8765/CC001002010123456/MOBTXN,476393.91,0.00,13443360.00,0
08-02-2023,CRYPTOEXCHANGEBINANCE,111797.09,0.00,14941139.00,0
15-03-2023,PCA:5001234567:1234567891234:LOCALSHOP,470708.09,0.00,3500596.50,1
22-02-2023,NETTXN:AMAZON,27842.96,0.00,15717124.00,0
24-03-2023,PCA:5001234567:PAYTMWAL9876543:PTM(PAYTM),629784.81,0.00,6224646.00,1
25-02-2023,PCA:5001234567:345123987012345:DOMINOS,803163.12,0.00,10692376.00,0
11-03-2023,PCA:5001234567:675849302948301:MUTUALFUNDS,0.00,751108.75,7465148.00,1
09-04-2024,NETTXN:TICKETBOOKINGINDIGO,610429.81,0.00,6280605.50,1
17-04-2023,NETTXN:TICKETBOOKINGYATRA,746580.00,0.00,13020827.00,0
25-08-2023,NETTXN:AMAZON,565488.94,0.00,5630820.50,1
18-02-2023,NETTXN:AJIOLUXE,755271.81,0.00,2622235.50,1
01-04-2023,PCA:5001234567:1234567891234:LOCALSHOP,638167.00,0.00,4867839.00,1
29-06-2023,PCA:5001234567:PAYTMWAL9876543:PTM(PAYTM),2636.22,0.00,17878750.00,0
30-03-2023,ATMWithdrawal,134906.77,0.00,17491964.00,0
17-02-2023,NETTXN:TICKETBOOKINGMAKEMYTRIP,121937.09,0.00,5402035.00,1
18-09-2023,NETTXN:farfetch,3505.97,0.00,17661678.00,0
28-03-2023,IMPS/NA/XXX5678/RRN:876543210987/MOBTXN,280543.00,0.00,15835869.00,0
26-03-2023,CRYPTOEXCHANGEBINANCE,584739.38,0.00,5387107.00,1
05-06-2024,CRYPTOEXCHANGECOINBASE,503578.53,0.00,3521292.75,1
22-03-2023,PCA:5001234567:675849302948301:MUTUALFUNDS,326515.16,0.00,13566678.00,0
28-05-2023,NETTXN:Aug21Sal234TANGOEINDIA,506227.53,0.00,14583919.00,0
05-12-2024,NETTXN:PAYBILL123456,619748.50,0.00,9163820.00,0
23-09-2023,NETTXN:Aug21Sal234TANGOEINDIA,0.00,719398.19,7319262.00,1
16-03-2023,NETTXN:PAYBILL123456,663179.31,0.00,11284019.00,0
24-11-2023,NETTXN:TICKETBOOKINGMAKEMYTRIP,29584.08,0.00,17626848.00,0
19-03-2023,PCA:5001234567:123456789012345:AMAZON,646949.44,0.00,7617868.00,0
01-02-2023,NETTXN:TICKETBOOKINGAIRINDIA,635490.56,0.00,10226748.00,0
15-12-2024,FundsTransfertoXX8765/CC001002010987654/MOBTXN,0.00,487555.59,3681110.50,1
31-05-2023,NETTXN:FLIPKART,304898.12,0.00,11924372.00,0
02-04-2023,NETTXN:TICKETBOOKINGAIRINDIA,7087.38,0.00,18173100.00,0
29-03-2023,NETTXN:tatacliq,0.00,698345.25,6967234.00,1
24-09-2023,PCA:5001234567:PAYTMWAL9876543:PTM(PAYTM),572905.25,0.00,1898546.88,1
25-04-2023,NETTXN:TICKETBOOKINGINDIGO,458282.56,0.00,3470748.25,1
26-02-2023,IMPS/NA/XXX5678/RRN:876543210987/MOBTXN,0.00,522149.91,15311540.00,0
03-04-2023,NETTXN:tatacliq,0.00,149029.47,12823708.00,0
23-08-2023,NETTXN:TICKETBOOKINGMAKEMYTRIP,478005.19,0.00,4570104.50,1
11-09-2023,PCA:5001234567:1234567891234:LOCALSHOP,703814.06,0.00,5879486.50,1
25-03-2024,NETTXN:tatacliq,0.00,608998.75,15189105.00,0
29-01-2023,NETTXN:AMAZON,663559.81,0.00,12335620.00,0
30-03-2023,NETTXN:TICKETBOOKINGINDIGO,667817.31,0.00,6260308.50,1
02-08-2023,FundsTransfertoXX8765/CC001002010123456/MOBTXN,0.00,218097.36,16391366.00,0
11-03-2023,NETTXN:Aug21Sal234TANGOEINDIA,537777.50,0.00,9754664.00,0
02-06-2024,NETTXN:TICKETBOOKINGAIRINDIA,554098.00,0.00,5040219.00,1
02-04-2024,NETTXN:CASHDEPOSIT,0.00,455014.91,3275145.00,1
13-07-2023,CRYPTOEXCHANGEWAZIRX,658736.25,0.00,6108062.50,1
03-02-2023,NETTXN:TICKETBOOKINGINDIGO,824452.06,0.00,6004489.50,1
09-04-2023,CRYPTOEXCHANGEBINANCE,37171.38,0.00,16115622.00,0
22-07-2024,NETTXN:PAYBILL432109,647453.38,0.00,12270246.00,0
18-10-2023,CRYPTOEXCHANGECOINBASE,79821.14,0.00,16134458.00,0
02-04-2024,CRYPTOEXCHANGECOINBASE,552343.75,0.00,4627197.50,1
12-02-2023,NETTXN:PAYBILL987654,673051.62,0.00,8156750.00,0
13-03-2023,ATMWithdrawal,24388.06,0.00,15180604.00,0
08-08-2024,CRYPTOEXCHANGECOINBASE,630615.56,0.00,4011357.00,1
24-03-2023,FundsTransfertoXX8765/CC001002010987654/MOBTXN,0.00,520366.59,12970153.00,0
23-05-2023,NETTXN:FLIPKART,183904.59,0.00,16174017.00,0
30-03-2023,CRYPTOEXCHANGECOINBASE,831038.06,0.00,3435923.00,1
28-03-2023,CRYPTOEXCHANGEBINANCE,21922.64,0.00,16762883.00,0
20-04-2024,PCA:5001234567:675849302948301:MUTUALFUNDS,46468.45,0.00,17176862.00,0
26-03-2023,NETTXN:Aug21Sal234TANGOEINDIA,0.00,426298.09,17352464.00,0
06-03-2023,NETTXN:TICKETBOOKINGINDIGO,636038.81,0.00,5899357.50,1
20-03-2023,CRYPTOEXCHANGEBINANCE,112944.28,0.00,4883288.00,1
14-03-2023,NETTXN:TICKETBOOKINGYATRA,289276.72,0.00,14360115.00,0
03-12-2023,CRYPTOEXCHANGEBINANCE,114536.17,0.00,17107722.00,0
18-10-2024,ATMWithdrawal,660464.38,0.00,3824318.50,1
01-05-2024,PCA:5001234567:098765432109876:FLIPKART,543533.81,0.00,14791805.00,0
04-07-2023,IMPS/RAHULKUMAR/XXX5679/RRN:123456789012,0.00,516319.44,10896029.00,0
26-02-2023,NETTXN:PAYBILL123456,439477.62,0.00,11615885.00,0
06-10-2023,REFUNDOF:ZOMATO,437184.16,0.00,13230870.00,0
03-03-2023,EMItowardsLoanNo00234567,812451.44,0.00,8444917.00,1
13-02-2023,CRYPTOEXCHANGEBINANCE,8117.12,0.00,18997592.00,0
14-03-2023,NETTXN:AMAZON,652349.94,0.00,5805588.00,1
21-09-2023,NETTXN:EBAY,570546.94,0.00,8797230.00,0
29-08-2024,CRYPTOEXCHANGEWAZIRX,63725.96,0.00,18144436.00,0
03-03-2023,PCA:5001234567:345123987012345:DOMINOS,635835.62,0.00,7942793.00,0
05-05-2023,CRYPTOEXCHANGEBINANCE,734174.56,0.00,5437453.00,1
17-06-2024,NETTXN:TICKETBOOKINGAIRINDIA,485055.25,0.00,3535235.75,1
07-03-2023,NETTXN:TICKETBOOKINGMAKEMYTRIP,104340.18,0.00,16313070.00,0
18-01-2024,PCA:5001234567:1234567891234:LOCALSHOP,257935.19,0.00,16794302.00,0
28-03-2023,CRYPTOEXCHANGEBINANCE,599974.75,0.00,10795657.00,0
26-03-2023,NETTXN:Aug21Sal234TANGOEINDIA,0.00,962.38,19542586.00,0
22-02-2023,NETTXN:PAYBILL432109,699869.62,0.00,6491566.50,1
23-02-2023,FundsTransfertoXX8765/CC001002010123456/MOBTXN,0.00,753501.06,8735012.00,0
20-08-2023,NETTXN:tatacliq,332325.31,0.00,14791163.00,0
03-03-2023,IMPS/NA/XXX5678/RRN:123400567890/MOBTXN,0.00,522440.72,4022448.75,1
18-03-2023,NETTXN:TICKETBOOKINGINDIGO,402302.19,0.00,14307688.00,0
15-02-2024,NETTXN:FLIPKART,640190.06,0.00,9109565.00,0
24-12-2022,IMPS/NA/XXX5678/RRN:123400567890/MOBTXN,713037.62,0.00,2444127.75,1
22-12-2023,PCA:5001234567:1234567891234:LOCALSHOP,698391.62,0.00,10230529.00,0
18-04-2024,NETTXN:TICKETBOOKINGINDIGO,473819.47,0.00,9327742.00,0
13-06-2023,IMPS/RAHULKUMAR/XXX5678/RRN:123456789012,0.00,78026.56,6728812.00,1
14-03-2023,NETTXN:TICKETBOOKINGYATRA,664948.31,0.00,6328494.50,1
08-02-2023,NETTXN:DARVEYS,107304.04,0.00,7463318.50,1
03-07-2024,NETTXN:farfetch,665569.00,0.00,13711613.00,0
22-02-2023,NETTXN:TICKETBOOKINGINDIGO,16209.66,0.00,16448224.00,0
07-02-2023,IMPS/NA/XXX5678/RRN:987654321098/MOBTXN,0.00,50681.68,16562060.00,0
03-03-2023,NETTXN:TICKETBOOKINGMAKEMYTRIP,67128.74,0.00,16581571.00,0
13-04-2024,NETTXN:TICKETBOOKINGINDIGO,619786.38,0.00,7565449.50,1
17-03-2023,PCA:5001234567:098765432109876:FLIPKART,14757.32,0.00,17451258.00,0
13-04-2023,NETTXN:TICKETBOOKINGINDIGO,841098.62,0.00,5386275.00,1
23-05-2023,PCA:5001234567:PAYTMWAL9876543:PTM(PAYTM),750637.50,0.00,6406500.50,1
15-03-2023,NETTXN:AMAZON,716530.81,0.00,6524038.00,1
17-03-2023,NETTXN:Aug21Sal234TANGOEINDIA,89116.53,0.00,16355091.00,0
22-05-2023,PCA:5001234567:PAYTMWAL9876543:PTM(PAYTM),572348.25,0.00,4593292.00,1
07-03-2023,NETTXN:PAYBILL987654,668636.50,0.00,4744947.50,1
11-09-2024,PCA:5001234567:450987650123456:EBAY,368677.41,0.00,6009784.50,1
24-03-2023,NETTXN:DARVEYS,807330.62,0.00,9124727.00,0
21-04-2024,NETTXN:TICKETBOOKINGMAKEMYTRIP,509489.97,0.00,10054864.00,0
20-03-2023,NETTXN:TICKETBOOKINGMAKEMYTRIP,575760.81,0.00,14469618.00,0
24-03-2023,PCA:5001234567:PAYTMWAL9876543:PTM(PAYTM),478272.56,0.00,9304500.00,0
09-03-2023,NETTXN:PAYBILL123456,754104.06,0.00,4380427.50,1
06-03-2023,NETTXN:DARVEYS,744865.69,0.00,7339523.00,0
14-03-2023,CRYPTOEXCHANGECOINBASE,59115.07,0.00,14924554.00,0
18-04-2023,IMPS/NA/XXX5678/RRN:987654321098/MOBTXN,43214.82,0.00,13309987.00,0
23-07-2024,NETTXN:EBAY,413246.84,0.00,16097642.00,0
25-10-2023,IMPS/NA/XXX5678/RRN:987654321098/MOBTXN,0.00,309781.84,15872718.00,0
12-03-2023,PCA:5001234567:675849302948301:MUTUALFUNDS,665655.25,0.00,11295159.00,0
03-12-2024,NETTXN:FLIPKART,164290.09,0.00,15110824.00,0
02-06-2023,NETTXN:TICKETBOOKINGYATRA,600873.44,0.00,6282392.50,1
22-03-2023,NETTXN:AMAZON,751996.25,0.00,6828085.00,1
13-02-2024,NETTXN:farfetch,353332.53,0.00,6918849.50,1
14-09-2023,NETTXN:Aug21Sal234TANGOEINDIA,0.00,717729.25,11543016.00,0
29-03-2023,NETTXN:FLIPKART,251810.19,0.00,16632179.00,0
02-02-2023,PCA:5001234567:567890123456789:BIGBAZAAR,0.00,234668.45,12908157.00,0
10-02-2024,PCA:5001234567:450987650123456:EBAY,412055.91,0.00,15911366.00,0
29-07-2024,PCA:5001234567:1234567891234:LOCALSHOP,621726.56,0.00,5221863.50,1
02-02-2023,NETTXN:PAYBILL123456,733021.25,0.00,5675649.50,1
08-04-2023,NETTXN:farfetch,278756.88,0.00,8663967.00,0
26-02-2024,PCA:5001234567:765432109876543:ZOMATO,553331.56,0.00,6704370.00,1
14-10-2023,PCA:5001234567:098765432109876:FLIPKART,65408.68,0.00,4297137.00,1
02-03-2023,CASHDEPOSIT,639029.88,0.00,7308115.00,0
08-03-2023,NETTXN:EBAY,79595.04,0.00,12884707.00,0
08-04-2023,IMPS/NA/XXX5678/RRN:123400567890/MOBTXN,497386.47,0.00,10259585.00,0
13-06-2023,NETTXN:EBAY,286098.94,0.00,14058408.00,0
08-02-2023,CRYPTOEXCHANGECOINBASE,84676.47,0.00,14204764.00,0
05-12-2024,NETTXN:TICKETBOOKINGMAKEMYTRIP,474656.41,0.00,5872730.00,1
02-04-2023,EMItowardsLoanNo00234567,236793.08,0.00,6521705.50,1
13-03-2023,REVOFNETTXN:1234567890,15224.02,0.00,13559322.00,0
28-03-2023,IMPS/RAHULKUMAR/XXX5679/RRN:123456789012,0.00,679702.62,8201595.00,0
01-04-2023,PCA:5001234567:1234567891234:LOCALSHOP,565691.94,0.00,4591633.00,1
18-10-2024,NETTXN:EBAY,95601.59,0.00,18264326.00,0
16-02-2023,IMPS/NA/XXX5678/RRN:987654321098/MOBTXN,0.00,32850.50,12639249.00,0
31-03-2024,NETTXN:PAYBILL123456,306034.31,0.00,10892422.00,0
17-02-2023,NETTXN:TICKETBOOKINGYATRA,28383.16,0.00,13793324.00,0
06-05-2024,NETTXN:TICKETBOOKINGMAKEMYTRIP,657349.50,0.00,7325924.50,1
26-03-2023,IMPS/RAHULKUMAR/XXX5678/RRN:123456789012,0.00,550773.88,4535580.50,1
13-11-2024,EMItowardsLoanNo00234567,78425.70,0.00,5268416.50,1
20-03-2023,CRYPTOEXCHANGECOINBASE,756765.06,0.00,9808490.00,0
10-03-2023,FundsTransfertoXX8765/CC001002010987654/MOBTXN,306621.44,0.00,12021599.00,0
06-04-2024,NETTXN:farfetch,6731.48,0.00,16023845.00,0
11-03-2023,NETTXN:EBAY,758621.25,0.00,6759838.50,1
12-09-2023,NETTXN:farfetch,2847.65,0.00,18878572.00,0
05-12-2023,IMPS/RAHULKUMAR/XXX5678/RRN:123456789012,790898.31,0.00,4519816.50,1
28-03-2023,NETTXN:TICKETBOOKINGYATRA,492585.75,0.00,6552423.00,1
18-07-2023,CRYPTOEXCHANGEBINANCE,332849.34,0.00,3501455.25,1
24-03-2023,PCA:5001234567:PAYTMWAL9876543:PTM(PAYTM),525314.25,0.00,4401083.00,1
21-02-2024,FundsTransfertoXX8765/CC001002010987654/MOBTXN,657010.25,0.00,12991240.00,0
22-03-2023,PCA:5001234567:345123987012345:DOMINOS,157192.42,0.00,14793418.00,0
22-02-2023,NETTXN:CASHDEPOSIT,182693.80,0.00,13710287.00,0
11-02-2023,PCA:5001234567:765432109876543:ZOMATO,611833.00,0.00,5399680.50,1
20-02-2023,NETTXN:Aug21Sal234TANGOEINDIA,102414.52,0.00,3881132.25,1
27-04-2024,NETTXN:TICKETBOOKINGYATRA,714167.06,0.00,9036117.00,0
28-09-2024,NETTXN:tatacliq,536798.56,0.00,9697405.00,0
31-03-2023,NETTXN:PAYBILL987654,392289.62,0.00,14162019.00,0
19-10-2023,NETTXN:TICKETBOOKINGYATRA,820049.19,0.00,4979648.00,1
18-03-2023,NETTXN:TICKETBOOKINGMAKEMYTRIP,333531.81,0.00,15602655.00,0
27-07-2024,NETTXN:TICKETBOOKINGAIRINDIA,611852.31,0.00,6011205.00,1
05-05-2023,NETTXN:farfetch,64870.22,0.00,13514158.00,0
09-03-2023,CRYPTOEXCHANGEWAZIRX,11091.72,0.00,16792414.00,0
01-03-2023,IMPS/NA/XXX5678/RRN:123400567890/MOBTXN,0.00,82185.38,15772631.00,0
25-12-2023,CRYPTOEXCHANGEBINANCE,609131.62,0.00,6222134.50,1
09-02-2023,CRYPTOEXCHANGEBINANCE,15383.52,0.00,18523074.00,0
28-12-2024,IMPS/NA/XXX5678/RRN:123456789012/MOBTXN,771071.50,0.00,5378723.00,1
23-07-2023,PCA:5001234567:765432109876543:ZOMATO,19149.50,0.00,14491930.00,0
12-03-2023,NETTXN:TICKETBOOKINGMAKEMYTRIP,785871.62,0.00,5901556.00,1
31-10-2024,NETTXN:tatacliq,0.00,21370.20,15546909.00,0
06-11-2023,NETTXN:TICKETBOOKINGINDIGO,779401.12,0.00,4327835.00,1
31-12-2023,NETTXN:farfetch,48373.28,0.00,10673429.00,0
16-04-2023,PCA:5001234567:PAYTMWAL9876543:PTM(PAYTM),22784.72,0.00,16321539.00,0
02-02-2023,NETTXN:tatacliq,0.00,110457.92,9915433.00,0
01-06-2023,NETTXN:EBAY,36054.94,0.00,16956522.00,0
17-03-2023,PCA:5001234567:PAYTMWAL9876543:PTM(PAYTM),48144.72,0.00,14698586.00,0
23-01-2024,NETTXN:FLIPKART,28448.61,0.00,15839684.00,0
24-02-2023,NETTXN:EBAY,571604.94,0.00,9819678.00,0
02-11-2024,NETTXN:TICKETBOOKINGINDIGO,506162.16,0.00,3903427.75,1
08-07-2024,IMPS/RAHULKUMAR/XXX5678/RRN:123456789012,19351.22,0.00,14443939.00,0
18-03-2023,NETTXN:AMAZON,322136.62,0.00,17688018.00,0
01-02-2023,CRYPTOEXCHANGEBINANCE,738572.25,0.00,9817349.00,0
03-02-2023,NETTXN:PAYBILL432109,139246.06,0.00,13196090.00,0
17-03-2023,PCA:5001234567:1234567891234:LOCALSHOP,587849.56,0.00,7546431.50,1
08-10-2024,NETTXN:TICKETBOOKINGMAKEMYTRIP,734498.94,0.00,4005242.25,1
19-03-2023,PCA:5001234567:345123987012345:DOMINOS,15413.59,0.00,17105286.00,0
10-12-2024,REVOFNETTXN:1234567890,0.00,528734.62,4973378.50,1
19-04-2024,PCA:5001234567:123456789012345:AMAZON,685109.62,0.00,5966702.50,1
14-04-2023,NETTXN:PAYBILL123456,649681.31,0.00,3884341.00,1
09-02-2024,PCA:5001234567:PAYTMWAL9876543:PTM(PAYTM),83560.51,0.00,15780477.00,0
23-02-2023,CRYPTOEXCHANGEBINANCE,252066.41,0.00,15910068.00,0
07-03-2023,NETTXN:EBAY,84819.04,0.00,17426092.00,0
12-09-2023,NETTXN:tatacliq,607034.75,0.00,7983981.00,0
21-02-2023,NETTXN:tatacliq,632898.44,0.00,14027520.00,0
11-03-2023,CRYPTOEXCHANGEBINANCE,639031.69,0.00,5696473.00,1
05-02-2024,NETTXN:AJIOLUXE,810342.81,0.00,5168444.00,1
27-04-2024,CRYPTOEXCHANGEWAZIRX,295331.97,0.00,7540781.00,1
07-09-2024,PCA:5001234567:123456789012345:AMAZON,691831.69,0.00,6505531.50,1
10-03-2023,CRYPTOEXCHANGEWAZIRX,126267.02,0.00,15762938.00,0
25-08-2024,NETTXN:TICKETBOOKINGMAKEMYTRIP,767017.12,0.00,2308982.00,1
18-07-2023,NETTXN:TICKETBOOKINGAIRINDIA,11274.91,0.00,16111713.00,0
19-03-2023,IMPS/NA/XXX5678/RRN:987654321098/MOBTXN,827752.81,0.00,3568744.00,1
20-08-2023,IMPS/NA/XXX5678/RRN:876543210987/MOBTXN,790564.25,0.00,5572866.00,1
09-04-2023,IMPS/NA/XXX5678,47888.06,0.00,16231077.00,0
16-03-2023,PCA:5001234567:1234567891234:LOCALSHOP,221696.59,0.00,6720139.00,1
29-05-2024,CRYPTOEXCHANGEBINANCE,726643.06,0.00,7215844.00,1
11-03-2023,NETTXN:TICKETBOOKINGYATRA,7578.82,0.00,18836742.00,0
10-04-2023,NETTXN:TICKETBOOKINGMAKEMYTRIP,709300.25,0.00,7948216.50,1
19-03-2023,NETTXN:AMAZON,452883.41,0.00,3072122.50,1
18-03-2023,CRYPTOEXCHANGECOINBASE,108504.82,0.00,15756829.00,0
24-01-2024,IMPS/RAHULKUMAR/XXX5679/RRN:123456789012,791880.88,0.00,3390181.50,1
15-03-2023,PCA:5001234567:1234567891234:LOCALSHOP,781969.94,0.00,3384302.75,1
03-04-2023,NETTXN:AMAZON,795353.69,0.00,6645356.00,1
17-03-2023,NETTXN:TICKETBOOKINGYATRA,693118.56,0.00,12688102.00,0
31-03-2023,NETTXN:TICKETBOOKINGAIRINDIA,1907.62,0.00,17958336.00,0
25-07-2024,NETTXN:farfetch,575016.75,0.00,4868666.00,1
09-03-2023,CRYPTOEXCHANGECOINBASE,636650.38,0.00,13338173.00,0
26-07-2023,NETTXN:AJIOLUXE,0.00,24233.00,16905810.00,0
15-11-2023,NETTXN:DARVEYS,1569.10,0.00,17726058.00,0
08-08-2023,REVOFNETTXN:1234567890,0.00,14283.34,14138136.00,0
27-04-2023,NETTXN:TICKETBOOKINGYATRA,470699.38,0.00,13464323.00,0
26-11-2024,NETTXN:FLIPKART,782567.06,0.00,7471541.00,0
26-07-2024,NETTXN:tatacliq,249147.19,0.00,13615459.00,0
03-04-2024,IMPS/NA/XXX5678/RRN:123456789012/MOBTXN,0.00,699567.25,7309649.50,1
13-04-2023,PCA:5001234567:450987650123456:EBAY,6381.54,0.00,18711174.00,0
29-06-2024,PCA:5001234567:1234567891234:LOCALSHOP,646759.88,0.00,5630861.00,1
25-03-2023,PCA:5001234567:1234567891234:LOCALSHOP,728547.50,0.00,8548579.00,0
18-02-2023,NETTXN:tatacliq,24829.89,0.00,17653334.00,0
19-04-2024,PCA:5001234567:PAYTMWAL9876543:PTM(PAYTM),446625.84,0.00,13014615.00,0
15-07-2024,IMPS/NA/XXX5678/RRN:876543210987/MOBTXN,469421.59,0.00,13122854.00,0
06-06-2023,IMPS/RAHULKUMAR/XXX5679/RRN:123456789012,0.00,81551.24,6557014.00,1
18-09-2024,PCA:5001234567:PAYTMWAL9876543:PTM(PAYTM),124479.58,0.00,15523329.00,0
10-04-2024,EMItowardsLoanNo00234567,557625.69,0.00,10664632.00,0
17-03-2023,NETTXN:PAYBILL987654,734802.56,0.00,7867473.50,0
03-03-2023,IMPS/NA/XXX5678/RRN:123400567890/MOBTXN,795544.38,0.00,6391727.50,1
24-03-2023,NETTXN:TICKETBOOKINGINDIGO,693768.75,0.00,6558150.50,1
24-02-2023,PCA:5001234567:1234567891234:LOCALSHOP,625491.31,0.00,13859037.00,0
29-06-2023,CASHDEPOSIT,732268.50,0.00,7141575.50,1
12-10-2023,IMPS/NA/XXX5678/RRN:987654321098/MOBTXN,769133.25,0.00,7897222.50,0
15-03-2023,PCA:5001234567:1234567891234:LOCALSHOP,586172.06,0.00,12175508.00,0
11-03-2023,IMPS/NA/XXX5678/RRN:987654321098/MOBTXN,0.00,191325.09,7391141.00,1
14-03-2023,CASHDEPOSIT,722809.62,0.00,4474922.50,1
28-12-2023,NETTXN:TICKETBOOKINGAIRINDIA,685044.19,0.00,5172515.50,1
25-04-2023,NETTXN:Aug21Sal234TANGOEINDIA,30476.40,0.00,17958948.00,0
25-03-2023,PCA:5001234567:345123987012345:DOMINOS,26538.34,0.00,15405107.00,0
12-05-2023,NETTXN:FLIPKART,468745.16,0.00,13078822.00,0
31-08-2024,NETTXN:TICKETBOOKINGYATRA,554254.56,0.00,5076944.00,1
31-01-2024,EMItowardsLoanNo00234567,187974.08,0.00,16425545.00,0
30-06-2023,PCA:5001234567:PAYTMWAL9876543:PTM(PAYTM),467233.84,0.00,12387002.00,0
12-04-2024,IMPS/NA/XXX5678/RRN:987654321098/MOBTXN,0.00,741738.38,6756567.00,1
01-02-2023,IMPS/NA/XXX5678/RRN:123456789012/MOBTXN,40819.96,0.00,18715058.00,0
07-03-2023,CRYPTOEXCHANGEWAZIRX,99199.30,0.00,16703409.00,0
19-05-2023,NETTXN:AJIOLUXE,0.00,12223.75,17451552.00,0
07-04-2023,NETTXN:TICKETBOOKINGINDIGO,522530.28,0.00,5469058.00,1
06-01-2024,NETTXN:Aug21Sal234TANGOEINDIA,185242.31,0.00,6152762.00,1
18-11-2024,PCA:5001234567:765432109876543:ZOMATO,697950.75,0.00,8614077.00,0
20-10-2023,REVOFNETTXN:1234567890,766424.94,0.00,4527307.50,1
26-12-2023,PCA:5001234567:765432109876543:ZOMATO,101603.57,0.00,15720621.00,0
12-02-2024,NETTXN:PAYBILL987654,569791.88,0.00,5964256.50,1
09-09-2024,PCA:5001234567:PAYTMWAL9876543:PTM(PAYTM),65130.73,0.00,14422444.00,0
26-10-2024,NETTXN:TICKETBOOKINGYATRA,517540.56,0.00,4024124.75,1
25-02-2023,CRYPTOEXCHANGEBINANCE,53021.22,0.00,16300019.00,0
16-04-2023,CRYPTOEXCHANGEBINANCE,499606.03,0.00,12447729.00,0
17-03-2023,CRYPTOEXCHANGECOINBASE,146346.20,0.00,15781462.00,0
11-03-2023,PCA:5001234567:1234567891234:LOCALSHOP,75906.98,0.00,4655029.50,1
04-06-2023,NETTXN:TICKETBOOKINGMAKEMYTRIP,773005.06,0.00,5715181.00,1
24-03-2023,NETTXN:farfetch,606947.50,0.00,4912215.00,1
14-04-2023,PCA:5001234567:PAYTMWAL9876543:PTM(PAYTM),512887.69,0.00,12959140.00,0
10-09-2024,CRYPTOEXCHANGEWAZIRX,598186.50,0.00,11653796.00,0
10-03-2023,ATMWithdrawal,606351.75,0.00,5756894.50,1
24-04-2024,NETTXN:PAYBILL123456,387644.28,0.00,4653380.50,1
18-02-2023,IMPS/RAHULKUMAR/XXX5679/RRN:123456789012,620823.25,0.00,12907228.00,0
17-04-2023,NETTXN:TICKETBOOKINGINDIGO,413045.88,0.00,13209806.00,0
06-02-2023,NETTXN:AJIOLUXE,573476.44,0.00,13209586.00,0
29-03-2023,NETTXN:farfetch,53089.72,0.00,15010435.00,0
30-05-2024,NETTXN:TICKETBOOKINGINDIGO,168961.88,0.00,16292593.00,0
18-02-2023,NETTXN:TICKETBOOKINGAIRINDIA,13784.84,0.00,19613888.00,0
15-03-2023,IMPS/NA/XXX5678/RRN:123456789012/MOBTXN,0.00,173095.64,16038196.00,0
15-03-2023,NETTXN:AJIOLUXE,8206.54,0.00,16841904.00,0
13-03-2024,NETTXN:Aug21Sal234TANGOEINDIA,118577.97,0.00,8195629.00,0
11-02-2023,CRYPTOEXCHANGECOINBASE,518545.38,0.00,4646117.00,1
24-03-2023,IMPS/NA/XXX5678/RRN:987654321098/MOBTXN,188429.41,0.00,15159226.00,0
21-02-2023,NETTXN:TICKETBOOKINGMAKEMYTRIP,193947.81,0.00,15180460.00,0
26-03-2023,NETTXN:Aug21Sal234TANGOEINDIA,0.00,154298.38,18458762.00,0
26-08-2023,CRYPTOEXCHANGECOINBASE,444986.25,0.00,14714573.00,0
23-02-2023,NETTXN:AMAZON,798912.19,0.00,3819908.25,1
06-01-2024,PCA:5001234567:345123987012345:DOMINOS,363089.81,0.00,13663877.00,0
19-03-2023,IMPS/NA/XXX5678/RRN:987654321098/MOBTXN,0.00,387338.41,16619091.00,0
23-03-2023,NETTXN:tatacliq,0.00,584751.06,5314169.00,1
13-03-2023,NETTXN:farfetch,695999.12,0.00,6519731.00,1
02-05-2024,CRYPTOEXCHANGEBINANCE,11502.88,0.00,14708454.00,0
05-02-2023,NETTXN:AJIOLUXE,0.00,398510.81,17439180.00,0
02-04-2023,NETTXN:PAYBILL432109,133212.58,0.00,6675529.50,1
18-09-2023,NETTXN:farfetch,680269.62,0.00,6005546.00,1
31-08-2023,CRYPTOEXCHANGEBINANCE,108565.13,0.00,14876029.00,0
30-01-2023,PCA:5001234567:675849302948301:MUTUALFUNDS,0.00,276041.22,14266979.00,0
08-02-2023,IMPS/NA/XXX5678/RRN:876543210987/MOBTXN,270145.97,0.00,9441889.00,0
14-02-2023,NETTXN:TICKETBOOKINGYATRA,597110.62,0.00,5265268.00,1
10-05-2023,NETTXN:TICKETBOOKINGYATRA,15417.18,0.00,17127298.00,0
18-03-2023,IMPS/NA/XXX5678/RRN:987654321098/MOBTXN,755586.25,0.00,5466830.00,1
15-02-2023,NETTXN:FLIPKART,378581.41,0.00,15639126.00,0
29-01-2023,CASHDEPOSIT,771736.25,0.00,1312631.38,1
04-06-2024,NETTXN:AMAZON,21747.48,0.00,13940689.00,0
17-03-2023,FundsTransfertoXX8765/CC001002010987654/MOBTXN,0.00,610311.12,7066225.50,1
05-03-2023,IMPS/RAHULKUMAR/XXX5678/RRN:123456789012,0.00,256577.91,13412716.00,0
05-03-2023,NETTXN:AMAZON,819552.31,0.00,5580772.50,1
20-12-2024,PCA:5001234567:123456789012345:AMAZON,339720.59,0.00,17861866.00,0
05-03-2023,ATMWithdrawal,585781.06,0.00,13043715.00,0
17-03-2023,NETTXN:TICKETBOOKINGAIRINDIA,483620.38,0.00,13016106.00,0
08-02-2023,NETTXN:farfetch,155366.09,0.00,5300278.50,1
23-10-2023,PCA:5001234567:PAYTMWAL9876543:PTM(PAYTM),659806.56,0.00,6890694.00,0
02-04-2023,CRYPTOEXCHANGECOINBASE,76383.83,0.00,15367951.00,0
25-03-2023,CRYPTOEXCHANGEWAZIRX,412180.03,0.00,5932350.00,1
20-04-2023,PCA:5001234567:PAYTMWAL9876543:PTM(PAYTM),807529.94,0.00,4258237.00,1
16-06-2023,NETTXN:Aug21Sal234TANGOEINDIA,744653.12,0.00,8215102.00,0
08-02-2023,CRYPTOEXCHANGEWAZIRX,742643.81,0.00,7978001.50,0
19-07-2023,NETTXN:TICKETBOOKINGMAKEMYTRIP,23218.15,0.00,16198630.00,0
07-04-2023,NETTXN:DARVEYS,516146.97,0.00,13554036.00,0
24-03-2023,NETTXN:TICKETBOOKINGINDIGO,451544.88,0.00,17120690.00,0
20-04-2023,NETTXN:Aug21Sal234TANGOEINDIA,598456.50,0.00,11284049.00,0
13-03-2024,NETTXN:TICKETBOOKINGYATRA,23047.26,0.00,16238732.00,0
09-09-2023,NETTXN:TICKETBOOKINGINDIGO,606428.62,0.00,5107324.00,1
05-04-2024,NETTXN:PAYBILL123456,694685.19,0.00,11898092.00,0
20-05-2023,NETTXN:farfetch,446692.72,0.00,12356410.00,0
16-03-2023,CRYPTOEXCHANGECOINBASE,675120.19,0.00,7086171.50,0
08-10-2024,CASHDEPOSIT,785899.50,0.00,6105504.50,1
19-07-2023,NETTXN:TICKETBOOKINGINDIGO,441601.09,0.00,16443064.00,0
18-11-2023,FundsTransfertoXX8765/CC001002010123456/MOBTXN,687182.38,0.00,4997796.00,1
11-12-2024,NETTXN:FLIPKART,655316.81,0.00,5903302.00,1
17-01-2024,NETTXN:FLIPKART,620820.62,0.00,10216523.00,0
19-06-2023,NETTXN:CASHDEPOSIT,747705.94,0.00,1897896.50,1
25-02-2023,FundsTransfertoXX8765/CC001002010123456/MOBTXN,700755.50,0.00,5778783.50,1
28-02-2023,NETTXN:EBAY,692280.31,0.00,5687341.00,1
02-06-2024,REVOFNETTXN:1234567890,0.00,708821.06,9785833.00,0
17-02-2023,PCA:5001234567:1234567891234:LOCALSHOP,730427.81,0.00,5113103.00,1
04-11-2024,NETTXN:TICKETBOOKINGAIRINDIA,523610.03,0.00,14926762.00,0
14-01-2024,IMPS/NA/XXX5678/RRN:123456789012/MOBTXN,0.00,846972.25,7564740.00,0
25-05-2024,NETTXN:AJIOLUXE,792807.12,0.00,5307482.50,1
29-06-2024,ATMWithdrawal,204183.91,0.00,15138668.00,0
24-10-2024,CRYPTOEXCHANGEBINANCE,481962.69,0.00,13709736.00,0
06-04-2023,NETTXN:PAYBILL432109,642025.25,0.00,14427206.00,0
12-03-2023,NETTXN:FLIPKART,143767.20,0.00,9698174.00,0
27-02-2023,FundsTransfertoXX8765/CC001002010123456/MOBTXN,0.00,9301.99,16987400.00,0
30-07-2023,FundsTransfertoXX8765/CC001002010987654/MOBTXN,856211.50,0.00,1965928.00,1
17-03-2023,NETTXN:TICKETBOOKINGMAKEMYTRIP,787841.81,0.00,5985820.00,1
19-11-2024,PCA:5001234567:675849302948301:MUTUALFUNDS,0.00,549924.12,10817664.00,0
21-01-2024,IMPS/RAHULKUMAR/XXX5678/RRN:123456789012,494748.38,0.00,7230593.50,1
15-03-2023,IMPS/NA/XXX5678/RRN:123456789012/MOBTXN,188059.23,0.00,15720136.00,0
03-03-2023,PCA:5001234567:765432109876543:ZOMATO,2063.14,0.00,17358574.00,0
17-04-2023,NETTXN:TICKETBOOKINGYATRA,751516.19,0.00,10342509.00,0
17-11-2024,PCA:5001234567:123456789012345:AMAZON,602349.06,0.00,12587018.00,0
26-07-2023,REFUNDOF:ZOMATO,662821.56,0.00,4892417.00,1
26-03-2023,PCA:5001234567:PAYTMWAL9876543:PTM(PAYTM),389375.53,0.00,16111759.00,0
07-12-2024,NETTXN:Aug21Sal234TANGOEINDIA,0.00,5918.15,18744446.00,0
17-03-2023,NETTXN:TICKETBOOKINGINDIGO,461957.84,0.00,15148140.00,0
24-11-2023,IMPS/NA/XXX5678/RRN:123456789012/MOBTXN,0.00,712901.38,9560865.00,0
28-07-2024,PCA:5001234567:345123987012345:DOMINOS,408211.19,0.00,5312042.50,1
08-03-2023,NETTXN:PAYBILL432109,654957.94,0.00,6171047.50,1
20-05-2023,FundsTransfertoXX8765/CC001002010987654/MOBTXN,0.00,493755.81,3990667.00,1
18-03-2023,NETTXN:TICKETBOOKINGINDIGO,510906.97,0.00,13166865.00,0
13-03-2023,NETTXN:Aug21Sal234TANGOEINDIA,55054.56,0.00,18118776.00,0
10-06-2023,NETTXN:farfetch,704689.62,0.00,6160606.50,1
25-10-2024,PCA:5001234567:675849302948301:MUTUALFUNDS,271600.97,0.00,6560930.00,1
17-02-2023,NETTXN:DARVEYS,102050.46,0.00,15975393.00,0
01-12-2023,IMPS/RAHULKUMAR/XXX5678/RRN:123456789012,0.00,618837.62,5614000.00,1
18-12-2023,NETTXN:TICKETBOOKINGAIRINDIA,724352.19,0.00,4879019.00,1
19-03-2023,FundsTransfertoXX8765/CC001002010987654/MOBTXN,0.00,227958.23,15117075.00,0
19-03-2023,IMPS/RAHULKUMAR/XXX5678/RRN:123456789012,0.00,619931.50,5481590.00,1
03-03-2023,FundsTransfertoXX8765/CC001002010123456/MOBTXN,392308.53,0.00,15015914.00,0
17-03-2023,NETTXN:AJIOLUXE,0.00,582409.88,12064079.00,0
09-05-2023,CASHDEPOSIT,296222.38,0.00,5336390.00,1
30-08-2024,IMPS/RAHULKUMAR/XXX5678/RRN:123456789012,0.00,716535.19,8783279.00,0
31-10-2024,EMItowardsLoanNo00234567,803475.62,0.00,7073899.50,1
06-03-2024,CRYPTOEXCHANGECOINBASE,688501.81,0.00,6772907.00,1
03-06-2024,PCA:5001234567:450987650123456:EBAY,662453.25,0.00,5869127.50,1
22-05-2023,PCA:5001234567:567890123456789:BIGBAZAAR,7188.94,0.00,18460004.00,0
13-12-2024,PCA:5001234567:PAYTMWAL9876543:PTM(PAYTM),595587.94,0.00,2894351.25,1
19-04-2023,IMPS/RAHULKUMAR/XXX5678/RRN:123456789012,770938.94,0.00,10234988.00,0
10-02-2023,CRYPTOEXCHANGEBINANCE,462867.88,0.00,2784218.25,1
29-05-2024,CRYPTOEXCHANGECOINBASE,437833.12,0.00,16959444.00,0
07-03-2023,NETTXN:FLIPKART,761115.12,0.00,5466530.00,1
11-09-2024,CRYPTOEXCHANGEWAZIRX,83919.55,0.00,17108562.00,0
08-03-2023,IMPS/NA/XXX5678/RRN:876543210987/MOBTXN,782783.12,0.00,4389583.50,1
02-01-2025,PCA:5001234567:675849302948301:MUTUALFUNDS,0.00,542609.12,4208400.50,1
06-04-2023,NETTXN:EBAY,608758.56,0.00,5190160.00,1
23-03-2023,FundsTransfertoXX8765/CC001002010987654/MOBTXN,540432.69,0.00,9966356.00,0
06-11-2023,EMItowardsLoanNo00234567,571517.44,0.00,4656312.50,1
18-06-2023,NETTXN:AMAZON,447608.25,0.00,17126682.00,0
14-07-2024,NETTXN:tatacliq,473346.53,0.00,8941067.00,0
28-02-2023,IMPS/NA/XXX5678/RRN:123456789012/MOBTXN,288291.47,0.00,15237381.00,0
10-10-2023,PCA:5001234567:123456789012345:AMAZON,645369.12,0.00,6059344.00,1
07-04-2024,NETTXN:AMAZON,664125.00,0.00,6521081.00,1
04-07-2024,NETTXN:PAYBILL123456,70977.68,0.00,17507520.00,0
23-06-2023,NETTXN:TICKETBOOKINGYATRA,781757.25,0.00,4551198.50,1
06-03-2023,NETTXN:AMAZON,783407.25,0.00,6419974.00,1
11-03-2023,NETTXN:DARVEYS,254734.14,0.00,17249704.00,0
02-03-2023,FundsTransfertoXX8765/CC001002010987654/MOBTXN,702080.06,0.00,9062021.00,0
06-04-2023,NETTXN:AJIOLUXE,20000.68,0.00,14551980.00,0
26-04-2023,NETTXN:TICKETBOOKINGINDIGO,725824.19,0.00,7026443.00,1
18-03-2023,REVOFNETTXN:1234567890,45436.04,0.00,15149843.00,0
25-03-2023,NETTXN:PAYBILL123456,537657.75,0.00,6383342.50,1
01-08-2023,NETTXN:farfetch,406831.28,0.00,16750173.00,0
23-05-2023,NETTXN:AMAZON,51153.42,0.00,14573356.00,0
09-02-2024,IMPS/RAHULKUMAR/XXX5679/RRN:123456789012,7327.00,0.00,17482148.00,0
23-03-2023,REFUNDOF:ZOMATO,0.00,585773.44,5914169.50,1
02-04-2023,CRYPTOEXCHANGECOINBASE,738154.31,0.00,9560538.00,0
24-11-2024,NETTXN:tatacliq,0.00,693948.38,6959438.50,1
18-02-2023,PCA:5001234567:PAYTMWAL9876543:PTM(PAYTM),335287.81,0.00,13872023.00,0
14-07-2023,NETTXN:TICKETBOOKINGINDIGO,719107.62,0.00,6519857.50,1
30-04-2024,PCA:5001234567:PAYTMWAL9876543:PTM(PAYTM),13725.56,0.00,16553994.00,0
03-08-2024,NETTXN:tatacliq,0.00,456257.03,6337588.00,1
26-02-2024,NETTXN:TICKETBOOKINGAIRINDIA,617536.31,0.00,9798464.00,0
01-04-2023,NETTXN:TICKETBOOKINGYATRA,578614.44,0.00,5309685.00,1
15-03-2023,PCA:5001234567:450987650123456:EBAY,520774.25,0.00,12759533.00,0
18-10-2024,NETTXN:TICKETBOOKINGAIRINDIA,72850.04,0.00,16337094.00,0
02-04-2023,NETTXN:TICKETBOOKINGMAKEMYTRIP,563666.25,0.00,5554980.50,1
07-04-2023,NETTXN:CASHDEPOSIT,404018.28,0.00,16607827.00,0
17-11-2024,NETTXN:CASHDEPOSIT,0.00,25847.36,7442268.00,1
12-06-2023,NETTXN:TICKETBOOKINGYATRA,594496.12,0.00,12883805.00,0
17-03-2023,EMItowardsLoanNo00234567,596070.50,0.00,5723771.50,1
28-03-2023,NETTXN:TICKETBOOKINGYATRA,673445.25,0.00,10261296.00,0
09-03-2023,CASHDEPOSIT,0.00,603043.00,15081437.00,0
19-10-2023,NETTXN:TICKETBOOKINGINDIGO,316240.53,0.00,16280808.00,0
19-02-2023,FundsTransfertoXX8765/CC001002010123456/MOBTXN,0.00,252349.58,9343198.00,0
13-03-2023,NETTXN:PAYBILL987654,428775.16,0.00,12192535.00,0
21-02-2023,REVOFNETTXN:1234567890,0.00,806080.94,7894851.00,1
21-03-2023,NETTXN:FLIPKART,254728.66,0.00,12755997.00,0
23-02-2023,PCA:5001234567:765432109876543:ZOMATO,623896.75,0.00,14747692.00,0
05-03-2023,PCA:5001234567:PAYTMWAL9876543:PTM(PAYTM),24097.21,0.00,16929230.00,0
01-02-2023,NETTXN:TICKETBOOKINGMAKEMYTRIP,677010.38,0.00,14589430.00,0
29-08-2024,CASHDEPOSIT,0.00,430444.69,16505606.00,0
01-02-2024,NETTXN:TICKETBOOKINGMAKEMYTRIP,365106.81,0.00,5559775.50,1
13-08-2024,NETTXN:TICKETBOOKINGMAKEMYTRIP,14341.56,0.00,15591442.00,0
28-10-2024,NETTXN:PAYBILL123456,736678.25,0.00,8722207.00,0
15-03-2023,IMPS/RAHULKUMAR/XXX5679/RRN:123456789012,0.00,789820.94,8514274.00,0
19-08-2024,NETTXN:TICKETBOOKINGINDIGO,77155.56,0.00,14752381.00,0
18-03-2023,CRYPTOEXCHANGEWAZIRX,713309.81,0.00,4895104.50,1
05-03-2023,NETTXN:TICKETBOOKINGMAKEMYTRIP,579712.81,0.00,4876321.00,1
26-11-2023,NETTXN:TICKETBOOKINGYATRA,139766.12,0.00,14045327.00,0
21-05-2024,CRYPTOEXCHANGEBINANCE,684728.94,0.00,8302681.00,0
26-01-2024,CRYPTOEXCHANGECOINBASE,298590.84,0.00,3378632.75,1
13-03-2023,NETTXN:TICKETBOOKINGINDIGO,32162.63,0.00,15304835.00,0
11-03-2023,NETTXN:TICKETBOOKINGAIRINDIA,316863.28,0.00,12783442.00,0
15-04-2023,CRYPTOEXCHANGEBINANCE,422415.00,0.00,6466458.00,1
16-04-2024,IMPS/RAHULKUMAR/XXX5678/RRN:123456789012,0.00,57186.84,15950604.00,0
20-10-2023,NETTXN:EBAY,743585.12,0.00,6995705.00,1
19-04-2023,PCA:5001234567:098765432109876:FLIPKART,208166.50,0.00,14345729.00,0
26-04-2023,REFUNDOF:ZOMATO,0.00,491933.81,3575661.00,1
05-03-2023,NETTXN:AMAZON,198341.31,0.00,16875802.00,0
11-07-2023,CRYPTOEXCHANGEBINANCE,65302.65,0.00,18754006.00,0
26-07-2024,PCA:5001234567:450987650123456:EBAY,58259.85,0.00,17340282.00,0
07-04-2024,NETTXN:TICKETBOOKINGINDIGO,100119.16,0.00,16791326.00,0
09-04-2023,NETTXN:TICKETBOOKINGAIRINDIA,132978.42,0.00,16880772.00,0
23-03-2023,PCA:5001234567:567890123456789:BIGBAZAAR,795576.19,0.00,2604388.75,1
02-03-2023,NETTXN:FLIPKART,561197.56,0.00,5540030.50,1
14-07-2023,NETTXN:TICKETBOOKINGYATRA,36265.28,0.00,17234624.00,0
18-04-2024,NETTXN:TICKETBOOKINGMAKEMYTRIP,230748.70,0.00,16843534.00,0
01-11-2023,NETTXN:TICKETBOOKINGAIRINDIA,473607.53,0.00,15265755.00,0
09-02-2024,NETTXN:TICKETBOOKINGYATRA,756031.81,0.00,2388763.00,1
03-05-2024,IMPS/NA/XXX5678,621763.19,0.00,8622258.00,0
