WireReferenceID,SenderInstitution_BIC,BeneficiaryInstitution_BIC,OriginCountry,DestinationCountry,TransferAmount_EUR,CurrencyPair,TransferMessageStandard,KYC_CustomerRiskRating,SanctionScreeningResult,SettlementDuration_Minutes,AML_SuspiciousActivityFlag
SWIFT_W92771,DBSSHKHH,INGBNL2A,FR,DE,5519.41,EUR/AED,SEPA_Instant_Credit,Low_Risk,Clean_NoHit,26.66,0
SWIFT_W91412,HSBCGB2L,UBSWCHZH,DE,SG,867.03,USD/JPY,SWIFT_MT103,PEP_Politically_Exposed,Clean_NoHit,3.83,0
SWIFT_W92353,DBSSHKHH,FABAEADX,FR,DE,115021.59,EUR/GBP,SEPA_Instant_Credit,Low_Risk,Cleared_FalsePositive,163.37,0
SWIFT_W92221,DBSSHKHH,INGBNL2A,CH,DE,146821.67,EUR/INR,SEPA_Instant_Credit,Low_Risk,Cleared_FalsePositive,128.42,1
SWIFT_W91517,HDFCINBB,STANHKHH,AU,DE,25942.38,EUR/USD,SEPA_Instant_Credit,Low_Risk,Clean_NoHit,102.96,0
SWIFT_W92427,DBSSHKHH,INGBNL2A,GB,CH,42709.02,EUR/GBP,SEPA_Instant_Credit,Enhanced_Due_Diligence,Cleared_FalsePositive,195.06,0
SWIFT_W92824,HDFCINBB,INGBNL2A,SG,CH,4539.37,EUR/GBP,SWIFT_MT103,Enhanced_Due_Diligence,Clean_NoHit,162.86,0
SWIFT_W92839,HSBCGB2L,INGBNL2A,IN,SG,801.24,EUR/GBP,SWIFT_MT103,PEP_Politically_Exposed,Clean_NoHit,0.57,0
SWIFT_W92150,SANTRSMM,UBSWCHZH,AE,AU,1107.60,EUR/CHF,CHAPS_GBP,PEP_Politically_Exposed,Clean_NoHit,12.44,0
SWIFT_W92716,DEUTDEDD,STANHKHH,AU,CA,13360.74,EUR/AED,Fedwire_Funds,Enhanced_Due_Diligence,Clean_NoHit,27.56,0
SWIFT_W92566,DBSSHKHH,BCOPESMM,DE,CH,21862.66,EUR/CHF,SEPA_Instant_Credit,Enhanced_Due_Diligence,Cleared_FalsePositive,95.72,0
SWIFT_W92021,HSBCGB2L,UBSWCHZH,AU,CA,6697.60,EUR/CHF,ISO20022_pacs008,PEP_Politically_Exposed,Clean_NoHit,15.38,0
SWIFT_W91639,HSBCGB2L,STANHKHH,DE,SG,805.56,EUR/SGD,SWIFT_MT103,Standard_Risk,Clean_NoHit,0.85,0
SWIFT_W92639,DEUTDEDD,BCOPESMM,SG,DE,6238.54,EUR/CHF,SEPA_Instant_Credit,Enhanced_Due_Diligence,Clean_NoHit,115.21,0
SWIFT_W92865,HDFCINBB,STANHKHH,AE,AU,3750.99,EUR/AED,Fedwire_Funds,Enhanced_Due_Diligence,Clean_NoHit,12.44,0
SWIFT_W92777,HSBCGB2L,STANHKHH,CH,AU,5979.09,EUR/AED,ISO20022_pacs008,Enhanced_Due_Diligence,Clean_NoHit,27.16,0
SWIFT_W90978,HDFCINBB,SMBCJPJT,CH,GB,17827.06,EUR/SGD,SEPA_Instant_Credit,Standard_Risk,Clean_NoHit,28.94,0
SWIFT_W91984,DEUTDEDD,SBININBB,DE,ES,99035.23,EUR/USD,SEPA_Instant_Credit,Low_Risk,Clean_NoHit,136.22,0
SWIFT_W92634,DEUTDEDD,SBININBB,GB,CA,36152.08,EUR/CHF,SEPA_Instant_Credit,Enhanced_Due_Diligence,Cleared_FalsePositive,118.28,0
SWIFT_W91655,DBSSHKHH,SBININBB,CH,DE,194896.22,EUR/SGD,SEPA_Instant_Credit,Low_Risk,Cleared_FalsePositive,151.87,1
SWIFT_W92264,HDFCINBB,SMBCJPJT,CH,GB,865.99,EUR/CHF,SWIFT_MT103,Standard_Risk,Clean_NoHit,1.80,0
SWIFT_W90735,HSBCGB2L,STANHKHH,AE,GB,1503.39,USD/CAD,SWIFT_MT103,Standard_Risk,Clean_NoHit,5.77,0
SWIFT_W92233,DBSSHKHH,SBININBB,FR,DE,79239.04,EUR/JPY,SEPA_Instant_Credit,Enhanced_Due_Diligence,Cleared_FalsePositive,197.38,0
SWIFT_W91195,HSBCGB2L,UBSWCHZH,AU,CA,6818.41,EUR/GBP,ISO20022_pacs008,PEP_Politically_Exposed,Clean_NoHit,17.80,0
SWIFT_W92484,HDFCINBB,STANHKHH,AE,DE,3625.67,EUR/INR,SEPA_Instant_Credit,Standard_Risk,Clean_NoHit,8.78,0
SWIFT_W91291,HDFCINBB,STANHKHH,AU,ES,1943.15,USD/CAD,SWIFT_MT103,Standard_Risk,Clean_NoHit,10.71,0
SWIFT_W90606,HSBCGB2L,STANHKHH,AU,GB,2671.69,EUR/USD,SWIFT_MT103,Standard_Risk,Clean_NoHit,15.06,0
SWIFT_W92624,DEUTDEDD,INGBNL2A,DE,CA,25517.96,EUR/AED,ISO20022_pacs008,Enhanced_Due_Diligence,Cleared_FalsePositive,78.72,0
SWIFT_W92753,HSBCGB2L,SMBCJPJT,GB,AU,4712.95,EUR/AED,Fedwire_Funds,Enhanced_Due_Diligence,Clean_NoHit,11.43,0
SWIFT_W92592,DBSSHKHH,FABAEADX,AU,DE,69289.52,EUR/CHF,SEPA_Instant_Credit,PEP_Politically_Exposed,Cleared_FalsePositive,72.22,0
SWIFT_W91282,HDFCINBB,STANHKHH,AU,DE,28246.76,EUR/USD,SEPA_Instant_Credit,PEP_Politically_Exposed,Clean_NoHit,72.63,0
SWIFT_W92937,HSBCGB2L,SMBCJPJT,GB,JP,807.49,EUR/AED,SWIFT_MT103,PEP_Politically_Exposed,Clean_NoHit,0.78,0
SWIFT_W90959,SANTRSMM,UBSWCHZH,CH,SG,800.77,USD/CAD,SWIFT_MT103,Standard_Risk,Clean_NoHit,0.31,0
SWIFT_W92103,DEUTDEDD,RABONL2U,CH,CH,176889.38,EUR/INR,ISO20022_pacs008,Low_Risk,Cleared_FalsePositive,161.67,1
SWIFT_W92298,HDFCINBB,STANHKHH,AU,CA,42324.41,EUR/CHF,Fedwire_Funds,Low_Risk,Clean_NoHit,79.50,1
SWIFT_W92139,DEUTDEDD,FABAEADX,FR,JP,3914.51,EUR/GBP,SWIFT_MT103,Low_Risk,Clean_NoHit,54.65,0
SWIFT_W91039,SANTRSMM,UBSWCHZH,AU,US,800.54,USD/JPY,SWIFT_MT103,Standard_Risk,Clean_NoHit,0.23,0
SWIFT_W92445,DEUTDEDD,BCOPESMM,DE,ES,2714.23,EUR/GBP,SWIFT_MT103,Standard_Risk,Clean_NoHit,18.07,0
SWIFT_W92296,DEUTDEDD,BCOPESMM,DE,JP,1646.04,EUR/GBP,SWIFT_MT103,PEP_Politically_Exposed,Clean_NoHit,13.37,0
SWIFT_W92456,DEUTDEDD,SMBCJPJT,GB,CA,57921.62,EUR/GBP,ISO20022_pacs008,Enhanced_Due_Diligence,Clean_NoHit,79.35,0
SWIFT_W92895,HDFCINBB,RABONL2U,DE,CA,2563.55,EUR/AED,ISO20022_pacs008,Enhanced_Due_Diligence,Clean_NoHit,12.79,0
SWIFT_W91818,DEUTDEDD,RABONL2U,DE,GB,29717.77,EUR/JPY,SEPA_Instant_Credit,PEP_Politically_Exposed,Clean_NoHit,55.29,0
SWIFT_W92735,HDFCINBB,STANHKHH,GB,AU,10937.78,EUR/CHF,ISO20022_pacs008,Enhanced_Due_Diligence,Clean_NoHit,46.09,0
SWIFT_W92385,HDFCINBB,SMBCJPJT,DE,SG,994.32,EUR/GBP,SWIFT_MT103,PEP_Politically_Exposed,Clean_NoHit,3.31,0
SWIFT_W92365,DBSSHKHH,SMBCJPJT,AU,CH,83837.66,EUR/CHF,ISO20022_pacs008,Low_Risk,Cleared_FalsePositive,95.84,1
SWIFT_W92001,HDFCINBB,SMBCJPJT,CH,CA,150896.69,EUR/GBP,ISO20022_pacs008,Low_Risk,Cleared_FalsePositive,101.74,1
SWIFT_W90992,HDFCINBB,SMBCJPJT,CH,ES,15321.39,USD/CAD,SWIFT_MT103,PEP_Politically_Exposed,Clean_NoHit,41.97,0
SWIFT_W92791,HSBCGB2L,SMBCJPJT,SG,CH,1522.83,EUR/AED,SEPA_Instant_Credit,Enhanced_Due_Diligence,Clean_NoHit,11.66,0
SWIFT_W92552,HDFCINBB,STANHKHH,CH,AU,17412.22,EUR/AED,ISO20022_pacs008,Enhanced_Due_Diligence,Cleared_FalsePositive,45.30,0
SWIFT_W92459,HSBCGB2L,UBSWCHZH,AE,AU,6103.41,EUR/CHF,Fedwire_Funds,Low_Risk,Clean_NoHit,72.47,1
SWIFT_W92543,DBSSHKHH,FABAEADX,DE,GB,21760.68,EUR/CHF,SEPA_Instant_Credit,Low_Risk,Cleared_FalsePositive,56.71,0
SWIFT_W92852,DBSGSGSG,INGBNL2A,AE,DE,8046.38,EUR/CHF,SEPA_Instant_Credit,PEP_Politically_Exposed,Cleared_FalsePositive,21.13,0
SWIFT_W91337,DEUTDEDD,STANHKHH,DE,ES,11890.73,USD/CAD,SWIFT_MT103,Low_Risk,Clean_NoHit,44.93,0
SWIFT_W92655,HSBCGB2L,UBSWCHZH,GB,CH,3304.81,EUR/CHF,SEPA_Instant_Credit,Enhanced_Due_Diligence,Clean_NoHit,13.74,0
SWIFT_W92506,HDFCINBB,STANHKHH,AU,AU,12231.95,EUR/CHF,Fedwire_Funds,Enhanced_Due_Diligence,Cleared_FalsePositive,55.75,1
SWIFT_W91855,DBSSHKHH,SBININBB,DE,DE,290517.59,EUR/JPY,SEPA_Instant_Credit,Low_Risk,Cleared_FalsePositive,193.96,1
SWIFT_W92901,HDFCINBB,INGBNL2A,IN,AU,2491.21,EUR/AED,ISO20022_pacs008,Enhanced_Due_Diligence,Clean_NoHit,20.63,0
SWIFT_W92309,HSBCGB2L,INGBNL2A,NL,GB,846.08,EUR/SGD,SWIFT_MT103,PEP_Politically_Exposed,Clean_NoHit,4.86,0
SWIFT_W92881,HSBCGB2L,FABAEADX,SG,DE,869.16,EUR/AED,SWIFT_MT103,Low_Risk,Clean_NoHit,6.12,0
SWIFT_W92666,DBSSHKHH,FABAEADX,IN,CH,7877.51,EUR/CHF,SEPA_Instant_Credit,Enhanced_Due_Diligence,Cleared_FalsePositive,179.56,0
SWIFT_W92786,HDFCINBB,STANHKHH,AU,AU,6327.35,EUR/AED,Fedwire_Funds,Enhanced_Due_Diligence,Clean_NoHit,12.66,0
SWIFT_W92901,SANTRSMM,UBSWCHZH,GB,CH,814.17,EUR/AED,SEPA_Instant_Credit,Low_Risk,Clean_NoHit,0.46,0
SWIFT_W91522,HDFCINBB,STANHKHH,DE,JP,1958.63,USD/CAD,SWIFT_MT103,Low_Risk,Clean_NoHit,19.16,0
SWIFT_W92229,DBSSHKHH,INGBNL2A,DE,CH,86824.55,EUR/GBP,SEPA_Instant_Credit,Enhanced_Due_Diligence,Cleared_FalsePositive,167.88,1
SWIFT_W92002,DEUTDEDD,SBININBB,AU,SG,1325.47,EUR/SGD,SWIFT_MT103,Standard_Risk,Clean_NoHit,5.61,0
SWIFT_W92732,DEUTDEDD,INGBNL2A,NL,CA,14537.18,EUR/GBP,SEPA_Instant_Credit,Enhanced_Due_Diligence,Cleared_FalsePositive,186.14,0
SWIFT_W91178,SANTRSMM,UBSWCHZH,AU,SG,800.57,USD/JPY,SWIFT_MT103,Standard_Risk,Clean_NoHit,0.27,0
SWIFT_W91379,HDFCINBB,SMBCJPJT,DE,JP,1169.82,USD/CAD,SWIFT_MT103,PEP_Politically_Exposed,Clean_NoHit,7.48,0
SWIFT_W91235,HSBCGB2L,UBSWCHZH,CH,JP,1413.72,USD/JPY,SWIFT_MT103,Low_Risk,Clean_NoHit,15.44,0
SWIFT_W92746,DEUTDEDD,BARCGB22,SG,DE,2229.87,EUR/CHF,SWIFT_MT103,Enhanced_Due_Diligence,Clean_NoHit,89.58,0
SWIFT_W92939,HSBCGB2L,BCOPESMM,NL,CH,998.58,EUR/AED,SEPA_Instant_Credit,Enhanced_Due_Diligence,Clean_NoHit,9.55,0
SWIFT_W92763,HDFCINBB,STANHKHH,AU,AU,11073.92,EUR/AED,Fedwire_Funds,Low_Risk,Cleared_FalsePositive,23.48,0
SWIFT_W91559,HDFCINBB,SMBCJPJT,CH,CH,141390.19,EUR/INR,ISO20022_pacs008,Low_Risk,Cleared_FalsePositive,118.02,1
SWIFT_W91776,HSBCGB2L,STANHKHH,AE,CA,19462.81,EUR/GBP,Fedwire_Funds,PEP_Politically_Exposed,Clean_NoHit,54.29,0
SWIFT_W92696,DEUTDEDD,RABONL2U,IN,ES,4733.29,EUR/CHF,SEPA_Instant_Credit,Low_Risk,Clean_NoHit,18.40,0
SWIFT_W91901,DEUTDEDD,RABONL2U,IN,DE,37717.36,EUR/INR,SEPA_Instant_Credit,Low_Risk,Clean_NoHit,119.27,0
SWIFT_W91404,DEUTDEDD,SMBCJPJT,CH,GB,39665.90,EUR/USD,SWIFT_MT103,PEP_Politically_Exposed,Clean_NoHit,62.53,0
SWIFT_W92984,SANTRSMM,SMBCJPJT,SG,CA,829.14,EUR/AED,SEPA_Instant_Credit,Enhanced_Due_Diligence,Clean_NoHit,2.19,0
SWIFT_W91472,DBSSHKHH,FABAEADX,CH,GB,9506.86,EUR/INR,SWIFT_MT103,PEP_Politically_Exposed,Clean_NoHit,42.20,0
SWIFT_W91853,DEUTDEDD,RABONL2U,AU,SG,1978.40,EUR/USD,SWIFT_MT103,Standard_Risk,Clean_NoHit,12.70,0
SWIFT_W91724,DEUTDEDD,SBININBB,DE,CH,103263.76,EUR/SGD,SEPA_Instant_Credit,Low_Risk,Cleared_FalsePositive,128.04,0
SWIFT_W91267,HSBCGB2L,UBSWCHZH,CH,US,806.34,USD/CAD,SWIFT_MT103,Standard_Risk,Clean_NoHit,0.95,0
SWIFT_W91682,HSBCGB2L,STANHKHH,AU,SG,800.73,USD/JPY,SWIFT_MT103,Standard_Risk,Clean_NoHit,0.31,0
SWIFT_W92364,HDFCINBB,STANHKHH,AU,CA,40523.46,EUR/INR,ISO20022_pacs008,Low_Risk,Clean_NoHit,78.65,0
SWIFT_W92414,HSBCGB2L,STANHKHH,GB,GB,817.87,EUR/SGD,SWIFT_MT103,PEP_Politically_Exposed,Clean_NoHit,2.23,0
SWIFT_W91589,DEUTDEDD,SMBCJPJT,CH,ES,131455.92,EUR/USD,SEPA_Instant_Credit,Low_Risk,Cleared_FalsePositive,143.88,0
SWIFT_W92512,DEUTDEDD,RABONL2U,FR,CH,37537.44,EUR/CHF,SEPA_Instant_Credit,Enhanced_Due_Diligence,Cleared_FalsePositive,164.72,0
SWIFT_W92832,HDFCINBB,STANHKHH,DE,CH,969.73,EUR/AED,SEPA_Instant_Credit,PEP_Politically_Exposed,Clean_NoHit,1.91,0
SWIFT_W90824,HSBCGB2L,STANHKHH,DE,SG,805.18,USD/CAD,SWIFT_MT103,PEP_Politically_Exposed,Clean_NoHit,1.12,0
SWIFT_W91388,HDFCINBB,RABONL2U,IN,DE,3818.48,EUR/INR,SWIFT_MT103,PEP_Politically_Exposed,Clean_NoHit,18.12,0
SWIFT_W92285,DEUTDEDD,SMBCJPJT,IN,CA,59974.79,EUR/CHF,SEPA_Instant_Credit,Enhanced_Due_Diligence,Clean_NoHit,103.20,0
SWIFT_W91825,SANTRSMM,STANHKHH,AU,US,800.53,USD/CAD,SWIFT_MT103,Standard_Risk,Clean_NoHit,0.21,0
SWIFT_W92216,HDFCINBB,FABAEADX,GB,CA,75836.22,EUR/INR,SEPA_Instant_Credit,Low_Risk,Clean_NoHit,86.63,0
SWIFT_W91065,SANTRSMM,STANHKHH,GB,JP,812.49,EUR/USD,SWIFT_MT103,Standard_Risk,Clean_NoHit,0.97,0
SWIFT_W92384,HDFCINBB,SBININBB,GB,JP,980.31,EUR/GBP,SWIFT_MT103,PEP_Politically_Exposed,Clean_NoHit,3.35,0
SWIFT_W92176,DBSSHKHH,INGBNL2A,AU,JP,10789.59,EUR/JPY,SWIFT_MT103,PEP_Politically_Exposed,Clean_NoHit,36.05,0
SWIFT_W92833,HDFCINBB,FABAEADX,IN,SG,805.62,EUR/CHF,SWIFT_MT103,PEP_Politically_Exposed,Clean_NoHit,1.94,0
SWIFT_W91341,HDFCINBB,STANHKHH,AU,JP,2089.57,USD/CAD,SWIFT_MT103,PEP_Politically_Exposed,Clean_NoHit,16.92,0
SWIFT_W92707,HDFCINBB,SMBCJPJT,DE,AU,16019.44,EUR/AED,ISO20022_pacs008,Enhanced_Due_Diligence,Cleared_FalsePositive,36.25,0
SWIFT_W92660,HDFCINBB,STANHKHH,CH,AU,13847.19,EUR/AED,Fedwire_Funds,Enhanced_Due_Diligence,Cleared_FalsePositive,48.61,1
SWIFT_W92830,HSBCGB2L,UBSWCHZH,DE,CH,1595.31,EUR/AED,ISO20022_pacs008,Enhanced_Due_Diligence,Clean_NoHit,4.88,0
SWIFT_W92415,HDFCINBB,SMBCJPJT,GB,CH,30786.89,EUR/CHF,SEPA_Instant_Credit,Enhanced_Due_Diligence,Cleared_FalsePositive,129.50,0
SWIFT_W92693,HSBCGB2L,UBSWCHZH,AE,AU,2254.53,EUR/AED,Fedwire_Funds,Low_Risk,Clean_NoHit,10.58,0
SWIFT_W92918,HSBCGB2L,STANHKHH,IN,DE,1116.47,EUR/AED,SEPA_Instant_Credit,Enhanced_Due_Diligence,Clean_NoHit,4.89,0
SWIFT_W92152,DBSSHKHH,SBININBB,DE,CH,240444.52,EUR/INR,ISO20022_pacs008,Low_Risk,Cleared_FalsePositive,149.82,1
SWIFT_W92860,HSBCGB2L,UBSWCHZH,CH,AU,3742.95,EUR/AED,ISO20022_pacs008,Enhanced_Due_Diligence,Clean_NoHit,11.36,0
SWIFT_W92655,HDFCINBB,SMBCJPJT,AU,CA,63712.71,EUR/CHF,Fedwire_Funds,Low_Risk,Cleared_FalsePositive,53.55,0
SWIFT_W91992,HDFCINBB,SBININBB,CH,GB,1136.05,EUR/USD,SWIFT_MT103,PEP_Politically_Exposed,Clean_NoHit,6.07,0
SWIFT_W92001,DEUTDEDD,SMBCJPJT,CH,CH,81093.19,EUR/JPY,SEPA_Instant_Credit,Low_Risk,Cleared_FalsePositive,152.41,1
SWIFT_W92193,DEUTDEDD,SMBCJPJT,CH,CA,76973.17,EUR/CHF,ISO20022_pacs008,Low_Risk,Cleared_FalsePositive,110.97,1
SWIFT_W92210,HDFCINBB,STANHKHH,IN,CA,5798.90,EUR/GBP,SEPA_Instant_Credit,Low_Risk,Clean_NoHit,31.19,0
SWIFT_W92981,HDFCINBB,BCOPESMM,FR,JP,802.55,EUR/AED,SWIFT_MT103,Standard_Risk,Clean_NoHit,0.52,0
SWIFT_W91887,DEUTDEDD,SMBCJPJT,FR,CA,99379.99,EUR/GBP,ISO20022_pacs008,Enhanced_Due_Diligence,Clean_NoHit,80.76,0
SWIFT_W92376,HDFCINBB,STANHKHH,AU,CA,59782.65,EUR/CHF,Fedwire_Funds,Low_Risk,Cleared_FalsePositive,65.35,0
SWIFT_W92615,HDFCINBB,SBININBB,AU,AU,18734.69,EUR/CHF,ISO20022_pacs008,Enhanced_Due_Diligence,Cleared_FalsePositive,87.92,1
SWIFT_W92942,HSBCGB2L,SMBCJPJT,US,JP,838.00,EUR/CHF,SWIFT_MT103,Enhanced_Due_Diligence,Clean_NoHit,3.50,0
SWIFT_W91622,HSBCGB2L,UBSWCHZH,AU,JP,886.84,EUR/SGD,SWIFT_MT103,Standard_Risk,Clean_NoHit,1.65,0
SWIFT_W92651,DBSSHKHH,SBININBB,FR,CH,22937.42,EUR/CHF,ISO20022_pacs008,Low_Risk,Clean_NoHit,54.68,0
SWIFT_W92080,HDFCINBB,STANHKHH,AU,CA,50556.92,EUR/CHF,Fedwire_Funds,Low_Risk,Clean_NoHit,75.50,1
SWIFT_W91703,DBSSHKHH,RABONL2U,DE,CH,282048.25,EUR/GBP,ISO20022_pacs008,Low_Risk,Cleared_FalsePositive,150.12,1
SWIFT_W92225,HDFCINBB,SBININBB,DE,ES,1013.27,EUR/CHF,SWIFT_MT103,Standard_Risk,Clean_NoHit,3.69,0
SWIFT_W92890,SANTRSMM,STANHKHH,DE,SG,800.88,EUR/CHF,SWIFT_MT103,Standard_Risk,Clean_NoHit,0.27,0
SWIFT_W92653,DBSGSGSG,BARCGB22,AU,GB,7040.18,EUR/CHF,SWIFT_MT103,PEP_Politically_Exposed,Cleared_FalsePositive,31.97,0
SWIFT_W92818,HSBCGB2L,STANHKHH,FR,JP,802.67,EUR/CHF,SWIFT_MT103,PEP_Politically_Exposed,Clean_NoHit,0.57,0
SWIFT_W92679,DBSSHKHH,BCOPESMM,DE,DE,5672.90,EUR/CHF,SWIFT_MT103,PEP_Politically_Exposed,Clean_NoHit,35.31,0
SWIFT_W92242,DBSSHKHH,INGBNL2A,DE,DE,101083.60,EUR/JPY,SEPA_Instant_Credit,Low_Risk,Cleared_FalsePositive,154.99,0
SWIFT_W92293,DEUTDEDD,SBININBB,DE,CH,118092.52,EUR/CHF,ISO20022_pacs008,Low_Risk,Cleared_FalsePositive,94.54,0
SWIFT_W92876,HSBCGB2L,SBININBB,SG,CH,2345.43,EUR/AED,SEPA_Instant_Credit,Enhanced_Due_Diligence,Clean_NoHit,29.15,0
SWIFT_W91924,HSBCGB2L,SMBCJPJT,CH,SG,803.70,EUR/USD,SWIFT_MT103,Standard_Risk,Clean_NoHit,0.68,0
SWIFT_W92316,HSBCGB2L,UBSWCHZH,AE,AU,8439.30,EUR/GBP,Fedwire_Funds,Low_Risk,Clean_NoHit,48.10,0
SWIFT_W91904,SANTRSMM,STANHKHH,CH,US,800.53,EUR/INR,SWIFT_MT103,Standard_Risk,Clean_NoHit,0.20,0
SWIFT_W91534,HSBCGB2L,STANHKHH,DE,CA,8837.43,EUR/JPY,SEPA_Instant_Credit,PEP_Politically_Exposed,Clean_NoHit,20.13,0
SWIFT_W92144,DEUTDEDD,SMBCJPJT,IN,CH,92102.18,EUR/GBP,SEPA_Instant_Credit,Enhanced_Due_Diligence,Clean_NoHit,117.84,0
SWIFT_W91225,HDFCINBB,STANHKHH,AU,CH,27223.14,EUR/USD,SEPA_Instant_Credit,PEP_Politically_Exposed,Clean_NoHit,54.54,0
SWIFT_W92837,HSBCGB2L,RABONL2U,US,GB,1404.67,EUR/INR,SWIFT_MT103,Enhanced_Due_Diligence,Clean_NoHit,26.79,0
SWIFT_W92619,DEUTDEDD,INGBNL2A,CH,SG,836.31,EUR/CHF,SWIFT_MT103,PEP_Politically_Exposed,Clean_NoHit,2.65,0
SWIFT_W92974,HDFCINBB,BARCGB22,NL,JP,812.67,EUR/AED,SWIFT_MT103,Low_Risk,Clean_NoHit,4.17,0
SWIFT_W91028,HSBCGB2L,STANHKHH,AU,GB,829.99,EUR/USD,SWIFT_MT103,Standard_Risk,Clean_NoHit,1.27,0
SWIFT_W91404,SANTRSMM,UBSWCHZH,AE,CA,819.39,EUR/CHF,SEPA_Instant_Credit,Standard_Risk,Clean_NoHit,0.82,0
SWIFT_W92789,HDFCINBB,BCOPESMM,NL,SG,816.40,EUR/CHF,SWIFT_MT103,PEP_Politically_Exposed,Clean_NoHit,3.26,0
SWIFT_W92268,DEUTDEDD,RABONL2U,GB,CH,40483.10,EUR/CHF,SEPA_Instant_Credit,Enhanced_Due_Diligence,Cleared_FalsePositive,129.18,0
SWIFT_W92742,DEUTDEDD,SMBCJPJT,AU,CA,23628.44,EUR/CHF,ISO20022_pacs008,Low_Risk,Clean_NoHit,26.53,0
SWIFT_W92523,HSBCGB2L,SMBCJPJT,US,GB,1116.47,EUR/INR,SWIFT_MT103,Enhanced_Due_Diligence,Clean_NoHit,13.40,0
SWIFT_W91722,DBSSHKHH,RABONL2U,DE,ES,27895.60,EUR/SGD,SWIFT_MT103,Low_Risk,Clean_NoHit,95.15,0
SWIFT_W92616,HDFCINBB,SBININBB,SG,ES,2026.26,EUR/GBP,SWIFT_MT103,Enhanced_Due_Diligence,Clean_NoHit,35.52,0
SWIFT_W92323,HDFCINBB,SMBCJPJT,NL,JP,2635.34,EUR/CHF,SWIFT_MT103,Low_Risk,Clean_NoHit,24.14,0
SWIFT_W92701,SANTRSMM,STANHKHH,SG,GB,801.97,EUR/INR,SWIFT_MT103,PEP_Politically_Exposed,Clean_NoHit,0.56,0
SWIFT_W92167,DBSSHKHH,INGBNL2A,FR,DE,57133.95,EUR/CHF,SEPA_Instant_Credit,Low_Risk,Cleared_FalsePositive,129.26,0
SWIFT_W92798,HSBCGB2L,SMBCJPJT,AU,AU,14141.58,EUR/AED,Fedwire_Funds,Enhanced_Due_Diligence,Cleared_FalsePositive,31.16,1
SWIFT_W91157,HSBCGB2L,SMBCJPJT,DE,JP,897.43,EUR/USD,SWIFT_MT103,Standard_Risk,Clean_NoHit,4.78,0
SWIFT_W92064,HDFCINBB,SBININBB,GB,DE,15020.30,EUR/GBP,SEPA_Instant_Credit,PEP_Politically_Exposed,Clean_NoHit,24.61,0
SWIFT_W92138,HDFCINBB,STANHKHH,AU,CH,81489.00,EUR/GBP,ISO20022_pacs008,Low_Risk,Cleared_FalsePositive,108.57,1
SWIFT_W92445,DEUTDEDD,SMBCJPJT,CH,CA,39160.70,EUR/CHF,ISO20022_pacs008,Enhanced_Due_Diligence,Cleared_FalsePositive,95.06,1
SWIFT_W90552,HSBCGB2L,STANHKHH,CH,GB,2296.17,EUR/USD,SWIFT_MT103,Standard_Risk,Clean_NoHit,12.45,0
SWIFT_W92669,HDFCINBB,INGBNL2A,IN,CA,11375.75,EUR/CHF,SEPA_Instant_Credit,Enhanced_Due_Diligence,Cleared_FalsePositive,121.96,0
SWIFT_W92873,HSBCGB2L,UBSWCHZH,CH,AU,1906.82,EUR/AED,Fedwire_Funds,Enhanced_Due_Diligence,Clean_NoHit,4.96,0
SWIFT_W92189,DEUTDEDD,STANHKHH,AU,CA,66741.58,EUR/GBP,ISO20022_pacs008,Low_Risk,Cleared_FalsePositive,111.39,1
SWIFT_W91356,HDFCINBB,SBININBB,AU,SG,895.49,EUR/USD,SWIFT_MT103,Standard_Risk,Clean_NoHit,3.83,0
SWIFT_W92944,HDFCINBB,STANHKHH,AU,ES,1026.84,EUR/AED,SEPA_Instant_Credit,PEP_Politically_Exposed,Clean_NoHit,1.50,0
SWIFT_W90445,HSBCGB2L,STANHKHH,AE,JP,858.01,USD/CAD,SWIFT_MT103,Standard_Risk,Clean_NoHit,1.60,0
SWIFT_W92919,HSBCGB2L,SMBCJPJT,CH,CA,844.63,EUR/AED,SEPA_Instant_Credit,Standard_Risk,Clean_NoHit,0.86,0
SWIFT_W91778,HSBCGB2L,STANHKHH,AU,GB,1250.68,EUR/SGD,SWIFT_MT103,Standard_Risk,Clean_NoHit,3.14,0
SWIFT_W92832,HDFCINBB,RABONL2U,NL,CH,5958.14,EUR/AED,ISO20022_pacs008,Enhanced_Due_Diligence,Clean_NoHit,41.53,0
SWIFT_W92596,DEUTDEDD,FABAEADX,FR,AU,13614.85,EUR/AED,SEPA_Instant_Credit,Enhanced_Due_Diligence,Cleared_FalsePositive,76.76,0
SWIFT_W92463,DBSGSGSG,RABONL2U,AU,DE,32093.38,EUR/INR,SEPA_Instant_Credit,PEP_Politically_Exposed,Cleared_FalsePositive,50.76,0
SWIFT_W92802,DEUTDEDD,FABAEADX,AU,CA,10367.89,EUR/AED,ISO20022_pacs008,Enhanced_Due_Diligence,Cleared_FalsePositive,27.84,0
SWIFT_W91314,DEUTDEDD,SMBCJPJT,CH,CH,78601.04,EUR/SGD,SEPA_Instant_Credit,Low_Risk,Clean_NoHit,99.64,0
SWIFT_W92318,HDFCINBB,STANHKHH,AU,CA,23666.45,EUR/CHF,Fedwire_Funds,Low_Risk,Clean_NoHit,39.75,0
SWIFT_W92888,SANTRSMM,UBSWCHZH,AE,AU,805.04,EUR/AED,ISO20022_pacs008,PEP_Politically_Exposed,Clean_NoHit,0.38,0
SWIFT_W92773,HDFCINBB,STANHKHH,AE,AU,5416.28,EUR/AED,Fedwire_Funds,Enhanced_Due_Diligence,Clean_NoHit,36.36,1
SWIFT_W92424,DEUTDEDD,SMBCJPJT,CH,CA,81792.12,EUR/CHF,ISO20022_pacs008,Low_Risk,Cleared_FalsePositive,70.69,1
SWIFT_W92414,HDFCINBB,SMBCJPJT,AU,CA,37357.96,EUR/CHF,ISO20022_pacs008,Enhanced_Due_Diligence,Cleared_FalsePositive,124.86,1
SWIFT_W90450,SANTRSMM,UBSWCHZH,AE,US,800.53,USD/JPY,SWIFT_MT103,Standard_Risk,Clean_NoHit,0.21,0
SWIFT_W91132,DEUTDEDD,SBININBB,AU,GB,15179.27,EUR/USD,SWIFT_MT103,Standard_Risk,Clean_NoHit,30.51,0
SWIFT_W92158,DBSSHKHH,SBININBB,CH,CH,124211.09,EUR/INR,SEPA_Instant_Credit,Low_Risk,Cleared_FalsePositive,177.90,1
SWIFT_W90350,HSBCGB2L,UBSWCHZH,AE,GB,1066.07,USD/CAD,SWIFT_MT103,Standard_Risk,Clean_NoHit,4.69,0
SWIFT_W92518,HDFCINBB,SBININBB,CH,AU,31662.12,EUR/CHF,ISO20022_pacs008,Enhanced_Due_Diligence,Cleared_FalsePositive,96.41,1
SWIFT_W92123,HSBCGB2L,STANHKHH,DE,US,800.78,EUR/GBP,SWIFT_MT103,Standard_Risk,Clean_NoHit,0.31,0
SWIFT_W92295,DBSSHKHH,INGBNL2A,CH,CA,39582.18,EUR/CHF,SEPA_Instant_Credit,Enhanced_Due_Diligence,Cleared_FalsePositive,151.80,1
SWIFT_W92186,HDFCINBB,SBININBB,NL,CH,10151.38,EUR/CHF,SEPA_Instant_Credit,Low_Risk,Clean_NoHit,32.38,0
SWIFT_W92662,DEUTDEDD,STANHKHH,AU,CA,12068.10,EUR/AED,Fedwire_Funds,Enhanced_Due_Diligence,Clean_NoHit,24.94,0
SWIFT_W92197,HDFCINBB,STANHKHH,FR,ES,4560.94,EUR/INR,SEPA_Instant_Credit,Low_Risk,Clean_NoHit,15.93,0
SWIFT_W91663,SANTRSMM,UBSWCHZH,NL,SG,827.03,EUR/USD,SWIFT_MT103,Low_Risk,Clean_NoHit,2.13,0
SWIFT_W92266,DBSSHKHH,SBININBB,GB,CA,120110.09,EUR/INR,SEPA_Instant_Credit,Enhanced_Due_Diligence,Cleared_FalsePositive,177.10,0
SWIFT_W92894,HSBCGB2L,STANHKHH,SG,CA,1554.21,EUR/AED,SEPA_Instant_Credit,Enhanced_Due_Diligence,Clean_NoHit,15.67,0
SWIFT_W92824,HSBCGB2L,INGBNL2A,NL,AU,3506.15,EUR/AED,SEPA_Instant_Credit,Enhanced_Due_Diligence,Cleared_FalsePositive,77.44,0
SWIFT_W92484,HSBCGB2L,SMBCJPJT,NL,JP,807.68,EUR/GBP,SWIFT_MT103,PEP_Politically_Exposed,Clean_NoHit,1.40,0
SWIFT_W92105,DEUTDEDD,SBININBB,AU,CH,223683.45,EUR/INR,ISO20022_pacs008,Low_Risk,Cleared_FalsePositive,134.71,1
SWIFT_W92944,HSBCGB2L,SBININBB,FR,SG,800.67,EUR/AED,SWIFT_MT103,Standard_Risk,Clean_NoHit,0.26,0
SWIFT_W91196,HSBCGB2L,UBSWCHZH,CH,DE,2914.26,EUR/INR,SEPA_Instant_Credit,PEP_Politically_Exposed,Clean_NoHit,8.34,0
SWIFT_W92323,DEUTDEDD,INGBNL2A,AU,GB,1138.39,EUR/JPY,SWIFT_MT103,Standard_Risk,Clean_NoHit,4.40,0
SWIFT_W92102,DBSSHKHH,SBININBB,GB,ES,90864.67,EUR/INR,SEPA_Instant_Credit,Low_Risk,Clean_NoHit,121.47,0
SWIFT_W92234,HSBCGB2L,UBSWCHZH,CH,DE,5794.95,EUR/CHF,ISO20022_pacs008,Low_Risk,Clean_NoHit,14.39,0
SWIFT_W92478,DBSSHKHH,BARCGB22,CH,ES,7767.04,EUR/GBP,SWIFT_MT103,PEP_Politically_Exposed,Clean_NoHit,34.78,0
SWIFT_W92125,HDFCINBB,STANHKHH,CH,CH,24912.26,EUR/CHF,ISO20022_pacs008,Low_Risk,Clean_NoHit,41.02,0
SWIFT_W91643,DEUTDEDD,SMBCJPJT,CH,DE,172687.64,EUR/JPY,ISO20022_pacs008,PEP_Politically_Exposed,Cleared_FalsePositive,117.20,0
SWIFT_W92321,HSBCGB2L,UBSWCHZH,AU,AU,4967.96,EUR/CHF,Fedwire_Funds,Low_Risk,Clean_NoHit,13.39,0
SWIFT_W92649,HDFCINBB,STANHKHH,CH,AU,19456.90,EUR/CHF,ISO20022_pacs008,Enhanced_Due_Diligence,Clean_NoHit,33.47,0
SWIFT_W92293,SANTRSMM,STANHKHH,SG,SG,800.91,EUR/INR,SWIFT_MT103,PEP_Politically_Exposed,Clean_NoHit,0.47,0
SWIFT_W92216,SANTRSMM,UBSWCHZH,CH,GB,834.58,EUR/SGD,SWIFT_MT103,PEP_Politically_Exposed,Clean_NoHit,1.41,0
SWIFT_W91375,HDFCINBB,SBININBB,GB,ES,8112.78,EUR/JPY,SWIFT_MT103,PEP_Politically_Exposed,Clean_NoHit,39.28,0
SWIFT_W92141,DEUTDEDD,SMBCJPJT,DE,CH,89592.40,EUR/CHF,ISO20022_pacs008,Low_Risk,Cleared_FalsePositive,114.86,1
SWIFT_W92259,DBSSHKHH,INGBNL2A,FR,ES,83293.89,EUR/SGD,SEPA_Instant_Credit,Enhanced_Due_Diligence,Cleared_FalsePositive,163.37,0
SWIFT_W92026,DEUTDEDD,SMBCJPJT,CH,DE,112898.92,EUR/JPY,SEPA_Instant_Credit,Enhanced_Due_Diligence,Cleared_FalsePositive,176.75,1
SWIFT_W92324,SANTRSMM,SBININBB,FR,SG,800.77,EUR/SGD,SWIFT_MT103,Standard_Risk,Clean_NoHit,0.34,0
SWIFT_W90597,HSBCGB2L,UBSWCHZH,AE,JP,862.96,USD/CAD,SWIFT_MT103,Standard_Risk,Clean_NoHit,2.19,0
SWIFT_W92544,DEUTDEDD,SMBCJPJT,AU,CH,33408.63,EUR/GBP,ISO20022_pacs008,PEP_Politically_Exposed,Clean_NoHit,36.32,0
SWIFT_W90928,HSBCGB2L,STANHKHH,AU,GB,1161.59,USD/JPY,SWIFT_MT103,PEP_Politically_Exposed,Clean_NoHit,8.43,0
SWIFT_W92056,DBSSHKHH,INGBNL2A,DE,CH,230027.05,EUR/GBP,ISO20022_pacs008,Low_Risk,Cleared_FalsePositive,161.39,1
SWIFT_W92796,HSBCGB2L,UBSWCHZH,AU,AU,2313.27,EUR/AED,Fedwire_Funds,Low_Risk,Clean_NoHit,8.35,0
SWIFT_W92412,DEUTDEDD,STANHKHH,CH,CA,52397.95,EUR/GBP,ISO20022_pacs008,Enhanced_Due_Diligence,Cleared_FalsePositive,115.51,1
SWIFT_W91285,HSBCGB2L,STANHKHH,AE,SG,806.20,USD/JPY,SWIFT_MT103,Standard_Risk,Clean_NoHit,0.74,0
SWIFT_W91932,HDFCINBB,SMBCJPJT,AU,CH,84984.12,EUR/JPY,ISO20022_pacs008,Low_Risk,Clean_NoHit,81.18,0
SWIFT_W92561,HDFCINBB,SMBCJPJT,FR,CA,22732.31,EUR/CHF,SEPA_Instant_Credit,Enhanced_Due_Diligence,Cleared_FalsePositive,102.98,1
SWIFT_W92252,DBSSHKHH,INGBNL2A,GB,CH,93016.31,EUR/JPY,SEPA_Instant_Credit,Enhanced_Due_Diligence,Cleared_FalsePositive,185.40,0
SWIFT_W90239,SANTRSMM,UBSWCHZH,AE,JP,800.71,USD/JPY,SWIFT_MT103,Standard_Risk,Clean_NoHit,0.28,0
SWIFT_W91974,DBSSHKHH,RABONL2U,FR,CH,44958.87,EUR/CHF,SEPA_Instant_Credit,Low_Risk,Cleared_FalsePositive,134.61,0
SWIFT_W92906,HSBCGB2L,STANHKHH,SG,DE,853.06,EUR/AED,SEPA_Instant_Credit,Enhanced_Due_Diligence,Clean_NoHit,2.87,0
SWIFT_W92122,HDFCINBB,STANHKHH,AE,CA,19169.97,EUR/GBP,ISO20022_pacs008,PEP_Politically_Exposed,Clean_NoHit,41.34,0
SWIFT_W92869,HSBCGB2L,STANHKHH,FR,AU,2167.65,EUR/AED,ISO20022_pacs008,Enhanced_Due_Diligence,Clean_NoHit,8.05,0
SWIFT_W92202,DBSSHKHH,SMBCJPJT,CH,CH,186071.92,EUR/JPY,SEPA_Instant_Credit,Low_Risk,Cleared_FalsePositive,155.70,1
SWIFT_W92345,HSBCGB2L,INGBNL2A,CH,SG,802.26,EUR/CHF,SWIFT_MT103,Standard_Risk,Clean_NoHit,0.55,0
SWIFT_W92953,SANTRSMM,SMBCJPJT,US,GB,801.31,EUR/AED,SWIFT_MT103,Low_Risk,Clean_NoHit,0.55,0
SWIFT_W92321,DEUTDEDD,RABONL2U,CH,CA,89532.33,EUR/CHF,ISO20022_pacs008,Low_Risk,Cleared_FalsePositive,114.67,1
SWIFT_W92183,SANTRSMM,STANHKHH,FR,GB,800.58,EUR/JPY,SWIFT_MT103,Standard_Risk,Clean_NoHit,0.24,0
SWIFT_W91722,HDFCINBB,SMBCJPJT,DE,GB,12454.56,USD/CAD,SWIFT_MT103,Low_Risk,Clean_NoHit,71.47,0
SWIFT_W92573,DBSGSGSG,INGBNL2A,AU,CH,29343.60,EUR/CHF,SEPA_Instant_Credit,Low_Risk,Cleared_FalsePositive,64.51,0
SWIFT_W92645,HDFCINBB,SBININBB,NL,CA,15058.55,EUR/CHF,SEPA_Instant_Credit,Enhanced_Due_Diligence,Clean_NoHit,80.81,0
SWIFT_W91942,DBSGSGSG,RABONL2U,CH,ES,80743.08,EUR/GBP,SEPA_Instant_Credit,PEP_Politically_Exposed,Cleared_FalsePositive,91.60,0
SWIFT_W91826,HDFCINBB,SBININBB,IN,GB,2946.30,EUR/INR,SWIFT_MT103,Low_Risk,Clean_NoHit,16.72,0
SWIFT_W91257,SANTRSMM,UBSWCHZH,AU,JP,800.89,USD/CAD,SWIFT_MT103,Standard_Risk,Clean_NoHit,0.31,0
SWIFT_W91340,HSBCGB2L,UBSWCHZH,AU,SG,844.02,USD/JPY,SWIFT_MT103,PEP_Politically_Exposed,Clean_NoHit,3.11,0
SWIFT_W92735,HDFCINBB,RABONL2U,NL,CA,12151.19,EUR/CHF,SEPA_Instant_Credit,Enhanced_Due_Diligence,Clean_NoHit,59.39,0
SWIFT_W92604,HDFCINBB,INGBNL2A,SG,SG,900.19,EUR/CHF,SWIFT_MT103,Low_Risk,Clean_NoHit,8.40,0
SWIFT_W92576,SANTRSMM,UBSWCHZH,CH,AU,1344.76,EUR/CHF,ISO20022_pacs008,Low_Risk,Clean_NoHit,3.19,0
SWIFT_W92289,SANTRSMM,STANHKHH,NL,US,801.45,EUR/INR,SWIFT_MT103,PEP_Politically_Exposed,Clean_NoHit,0.64,0
SWIFT_W91865,HSBCGB2L,STANHKHH,FR,JP,801.53,EUR/SGD,SWIFT_MT103,Standard_Risk,Clean_NoHit,0.54,0
SWIFT_W92826,HSBCGB2L,BCOPESMM,SG,ES,911.69,EUR/AED,SWIFT_MT103,Low_Risk,Clean_NoHit,8.64,0
SWIFT_W92571,HDFCINBB,STANHKHH,AE,CA,16025.04,EUR/CHF,Fedwire_Funds,Enhanced_Due_Diligence,Cleared_FalsePositive,81.21,1
SWIFT_W92953,HDFCINBB,SMBCJPJT,AU,CA,1971.01,EUR/AED,ISO20022_pacs008,Low_Risk,Clean_NoHit,5.37,0
SWIFT_W92587,HDFCINBB,SBININBB,FR,AU,29969.18,EUR/CHF,ISO20022_pacs008,Enhanced_Due_Diligence,Cleared_FalsePositive,96.72,1
SWIFT_W91362,HSBCGB2L,STANHKHH,DE,SG,805.72,USD/CAD,SWIFT_MT103,Standard_Risk,Clean_NoHit,1.36,0
SWIFT_W92612,DEUTDEDD,RABONL2U,IN,CH,13960.94,EUR/CHF,SEPA_Instant_Credit,Enhanced_Due_Diligence,Clean_NoHit,84.64,0
SWIFT_W92540,SANTRSMM,STANHKHH,NL,SG,800.67,EUR/USD,SWIFT_MT103,PEP_Politically_Exposed,Clean_NoHit,0.38,0
SWIFT_W92687,HSBCGB2L,SMBCJPJT,US,CA,1588.51,EUR/CHF,SEPA_Instant_Credit,Enhanced_Due_Diligence,Clean_NoHit,13.51,0
SWIFT_W90987,SANTRSMM,UBSWCHZH,AE,US,800.53,USD/CAD,SWIFT_MT103,Standard_Risk,Clean_NoHit,0.20,0
SWIFT_W92745,HSBCGB2L,UBSWCHZH,AU,AE,4615.18,EUR/AED,Fedwire_Funds,Enhanced_Due_Diligence,Clean_NoHit,11.80,0
SWIFT_W90366,HSBCGB2L,UBSWCHZH,AU,JP,819.20,USD/JPY,SWIFT_MT103,Standard_Risk,Clean_NoHit,1.24,0
SWIFT_W92644,DEUTDEDD,STANHKHH,AU,DE,6768.43,EUR/AED,ISO20022_pacs008,Low_Risk,Clean_NoHit,13.97,0
SWIFT_W92042,HDFCINBB,SMBCJPJT,IN,ES,9506.50,EUR/JPY,SWIFT_MT103,Low_Risk,Clean_NoHit,32.52,0
SWIFT_W92408,DEUTDEDD,RABONL2U,DE,CA,73304.42,EUR/GBP,SEPA_Instant_Credit,Enhanced_Due_Diligence,Cleared_FalsePositive,133.84,1
SWIFT_W92178,DBSSHKHH,FABAEADX,CH,DE,87649.83,EUR/GBP,SEPA_Instant_Credit,Low_Risk,Cleared_FalsePositive,97.92,0
SWIFT_W90559,SANTRSMM,STANHKHH,AU,SG,810.52,USD/JPY,SWIFT_MT103,Standard_Risk,Clean_NoHit,1.02,0
SWIFT_W92005,HDFCINBB,SMBCJPJT,DE,CH,91202.16,EUR/JPY,SEPA_Instant_Credit,Low_Risk,Clean_NoHit,81.59,0
SWIFT_W92148,DBSSHKHH,SMBCJPJT,AU,CH,103279.80,EUR/INR,ISO20022_pacs008,Low_Risk,Cleared_FalsePositive,130.20,1
SWIFT_W92205,DEUTDEDD,SMBCJPJT,FR,DE,64787.86,EUR/GBP,SEPA_Instant_Credit,Enhanced_Due_Diligence,Cleared_FalsePositive,104.34,0
SWIFT_W91155,HDFCINBB,SBININBB,CH,CH,76090.96,EUR/INR,ISO20022_pacs008,PEP_Politically_Exposed,Clean_NoHit,59.91,0
SWIFT_W92418,DEUTDEDD,STANHKHH,AU,CA,34754.52,EUR/CHF,ISO20022_pacs008,Low_Risk,Cleared_FalsePositive,104.86,1
SWIFT_W92930,HDFCINBB,RABONL2U,IN,GB,867.36,EUR/AED,SEPA_Instant_Credit,PEP_Politically_Exposed,Clean_NoHit,2.51,0
SWIFT_W91822,SANTRSMM,UBSWCHZH,AU,ES,873.13,USD/CAD,SWIFT_MT103,PEP_Politically_Exposed,Clean_NoHit,1.91,0
SWIFT_W91814,SANTRSMM,UBSWCHZH,AE,SG,800.53,USD/JPY,SWIFT_MT103,Standard_Risk,Clean_NoHit,0.21,0
SWIFT_W92734,HSBCGB2L,UBSWCHZH,CH,AU,3551.04,EUR/AED,Fedwire_Funds,Enhanced_Due_Diligence,Clean_NoHit,6.36,0
SWIFT_W92749,HDFCINBB,FABAEADX,GB,CH,9451.42,EUR/AED,SEPA_Instant_Credit,Enhanced_Due_Diligence,Clean_NoHit,49.62,0
SWIFT_W90985,HDFCINBB,STANHKHH,CH,DE,21808.72,USD/CAD,SWIFT_MT103,PEP_Politically_Exposed,Clean_NoHit,52.13,0
SWIFT_W92761,SANTRSMM,SBININBB,NL,SG,800.98,EUR/CHF,SWIFT_MT103,Standard_Risk,Clean_NoHit,0.41,0
SWIFT_W92251,DEUTDEDD,SMBCJPJT,DE,CA,58250.35,EUR/CHF,ISO20022_pacs008,Enhanced_Due_Diligence,Cleared_FalsePositive,86.51,1
SWIFT_W91180,HDFCINBB,SMBCJPJT,AU,GB,1758.55,EUR/JPY,SWIFT_MT103,Standard_Risk,Clean_NoHit,9.80,0
SWIFT_W92974,HSBCGB2L,FABAEADX,NL,GB,839.56,EUR/AED,SEPA_Instant_Credit,Enhanced_Due_Diligence,Clean_NoHit,2.41,0
SWIFT_W92110,DBSSHKHH,SBININBB,CH,CH,193318.52,EUR/GBP,ISO20022_pacs008,Low_Risk,Cleared_FalsePositive,126.52,1
SWIFT_W92685,HSBCGB2L,SMBCJPJT,GB,AU,17357.48,EUR/CHF,ISO20022_pacs008,Low_Risk,Clean_NoHit,26.12,0
SWIFT_W92432,HDFCINBB,STANHKHH,AU,CA,47349.78,EUR/CHF,ISO20022_pacs008,Low_Risk,Clean_NoHit,53.84,0
SWIFT_W92642,HDFCINBB,SMBCJPJT,GB,AU,14541.28,EUR/CHF,ISO20022_pacs008,Enhanced_Due_Diligence,Cleared_FalsePositive,95.41,0
SWIFT_W92880,HDFCINBB,BCOPESMM,IN,DE,1726.96,EUR/AED,SWIFT_MT103,Enhanced_Due_Diligence,Clean_NoHit,16.47,0
SWIFT_W92367,SANTRSMM,STANHKHH,GB,AU,1060.42,EUR/CHF,SEPA_Instant_Credit,Low_Risk,Clean_NoHit,2.39,0
SWIFT_W92446,DEUTDEDD,RABONL2U,GB,CH,19091.96,EUR/CHF,SEPA_Instant_Credit,Enhanced_Due_Diligence,Clean_NoHit,83.28,0
SWIFT_W91614,HDFCINBB,STANHKHH,AE,ES,5005.45,EUR/INR,SEPA_Instant_Credit,Standard_Risk,Clean_NoHit,13.42,0
SWIFT_W92735,HSBCGB2L,UBSWCHZH,AU,AU,2295.37,EUR/AED,Fedwire_Funds,Low_Risk,Clean_NoHit,6.06,0
SWIFT_W92418,DEUTDEDD,SBININBB,AU,CH,117469.73,EUR/GBP,ISO20022_pacs008,Low_Risk,Cleared_FalsePositive,96.57,0
SWIFT_W92799,HSBCGB2L,RABONL2U,US,CA,5038.32,EUR/AED,SEPA_Instant_Credit,Enhanced_Due_Diligence,Clean_NoHit,32.90,0
SWIFT_W92319,HDFCINBB,SMBCJPJT,IN,GB,5515.24,USD/CAD,SWIFT_MT103,Enhanced_Due_Diligence,Clean_NoHit,51.83,0
SWIFT_W92863,HSBCGB2L,STANHKHH,DE,AU,2511.17,EUR/AED,Fedwire_Funds,Enhanced_Due_Diligence,Clean_NoHit,8.08,0
SWIFT_W92776,DEUTDEDD,SMBCJPJT,CH,CA,18020.08,EUR/AED,ISO20022_pacs008,Enhanced_Due_Diligence,Cleared_FalsePositive,36.58,0
SWIFT_W92440,HDFCINBB,STANHKHH,AU,CA,32538.58,EUR/GBP,Fedwire_Funds,Enhanced_Due_Diligence,Cleared_FalsePositive,89.19,1
SWIFT_W92511,HDFCINBB,STANHKHH,CH,AU,12840.24,EUR/AED,Fedwire_Funds,Low_Risk,Clean_NoHit,19.57,0
SWIFT_W92715,HDFCINBB,STANHKHH,CH,AU,10762.23,EUR/AED,ISO20022_pacs008,Enhanced_Due_Diligence,Clean_NoHit,24.19,0
SWIFT_W92748,HDFCINBB,STANHKHH,AU,AU,8846.86,EUR/AED,ISO20022_pacs008,Enhanced_Due_Diligence,Cleared_FalsePositive,50.46,1
SWIFT_W91834,HSBCGB2L,STANHKHH,AU,GB,4940.06,EUR/SGD,SEPA_Instant_Credit,Low_Risk,Clean_NoHit,27.59,0
SWIFT_W92599,DEUTDEDD,SBININBB,FR,CA,58043.26,EUR/CHF,ISO20022_pacs008,Enhanced_Due_Diligence,Cleared_FalsePositive,74.62,0
SWIFT_W92072,HDFCINBB,INGBNL2A,IN,CH,109572.91,EUR/GBP,ISO20022_pacs008,Low_Risk,Clean_NoHit,84.60,0
SWIFT_W90711,SANTRSMM,UBSWCHZH,AU,JP,809.96,EUR/USD,SWIFT_MT103,Standard_Risk,Clean_NoHit,0.70,0
SWIFT_W91736,HDFCINBB,SMBCJPJT,CH,ES,7148.87,EUR/USD,SWIFT_MT103,PEP_Politically_Exposed,Clean_NoHit,17.54,0
SWIFT_W92801,DEUTDEDD,BCOPESMM,DE,ES,1575.90,EUR/AED,SWIFT_MT103,Low_Risk,Clean_NoHit,15.84,0
SWIFT_W90776,HSBCGB2L,UBSWCHZH,AE,DE,1418.52,EUR/INR,SWIFT_MT103,Standard_Risk,Clean_NoHit,5.13,0
SWIFT_W91744,HSBCGB2L,STANHKHH,AU,DE,947.87,EUR/USD,SWIFT_MT103,Standard_Risk,Clean_NoHit,2.29,0
SWIFT_W92380,DEUTDEDD,BCOPESMM,DE,SG,831.34,EUR/CHF,SWIFT_MT103,Standard_Risk,Clean_NoHit,2.83,0
SWIFT_W92646,SANTRSMM,UBSWCHZH,AE,AE,1111.14,EUR/AED,Fedwire_Funds,Low_Risk,Clean_NoHit,3.20,0
SWIFT_W91711,HDFCINBB,SMBCJPJT,GB,GB,5173.14,EUR/USD,SWIFT_MT103,Low_Risk,Clean_NoHit,38.57,0
SWIFT_W92439,DBSGSGSG,FABAEADX,CH,ES,46846.84,EUR/GBP,SEPA_Instant_Credit,Low_Risk,Cleared_FalsePositive,90.20,0
SWIFT_W92282,DEUTDEDD,SMBCJPJT,AU,CA,60390.02,EUR/GBP,ISO20022_pacs008,Low_Risk,Cleared_FalsePositive,135.86,1
SWIFT_W92744,HSBCGB2L,STANHKHH,SG,DE,8351.38,EUR/CHF,SEPA_Instant_Credit,Enhanced_Due_Diligence,Clean_NoHit,59.37,0
SWIFT_W92666,DEUTDEDD,BARCGB22,FR,GB,4009.68,EUR/INR,SWIFT_MT103,Low_Risk,Clean_NoHit,61.54,0
SWIFT_W92508,DBSSHKHH,FABAEADX,FR,CH,24173.36,EUR/CHF,SEPA_Instant_Credit,Enhanced_Due_Diligence,Cleared_FalsePositive,164.40,0
SWIFT_W91196,HSBCGB2L,STANHKHH,AE,CH,2747.96,EUR/JPY,ISO20022_pacs008,Standard_Risk,Clean_NoHit,16.36,0
SWIFT_W92508,HDFCINBB,SBININBB,DE,AU,56298.77,EUR/CHF,ISO20022_pacs008,Enhanced_Due_Diligence,Cleared_FalsePositive,74.45,1
SWIFT_W91527,DEUTDEDD,SBININBB,CH,ES,22847.31,EUR/GBP,SEPA_Instant_Credit,Standard_Risk,Clean_NoHit,25.61,0
SWIFT_W90853,HSBCGB2L,STANHKHH,AU,DE,4751.55,EUR/USD,SEPA_Instant_Credit,Standard_Risk,Clean_NoHit,20.28,0
SWIFT_W91824,DEUTDEDD,STANHKHH,AU,CH,56644.24,EUR/SGD,ISO20022_pacs008,Low_Risk,Cleared_FalsePositive,143.59,1
SWIFT_W92249,HSBCGB2L,UBSWCHZH,AU,AU,4572.52,EUR/CHF,Fedwire_Funds,Low_Risk,Clean_NoHit,13.49,0
SWIFT_W92503,HDFCINBB,SBININBB,CH,AU,27214.46,EUR/CHF,ISO20022_pacs008,Enhanced_Due_Diligence,Cleared_FalsePositive,108.05,1
SWIFT_W91397,HDFCINBB,SMBCJPJT,FR,GB,1088.07,EUR/SGD,SWIFT_MT103,PEP_Politically_Exposed,Clean_NoHit,6.14,0
SWIFT_W92346,DEUTDEDD,SMBCJPJT,AU,CA,31550.35,EUR/CHF,ISO20022_pacs008,Enhanced_Due_Diligence,Cleared_FalsePositive,134.78,1
SWIFT_W91774,DEUTDEDD,SBININBB,AU,DE,46315.68,EUR/SGD,SEPA_Instant_Credit,PEP_Politically_Exposed,Cleared_FalsePositive,105.73,1
SWIFT_W92943,HSBCGB2L,BARCGB22,US,GB,839.70,EUR/AED,SWIFT_MT103,Enhanced_Due_Diligence,Clean_NoHit,16.10,0
SWIFT_W91179,HSBCGB2L,STANHKHH,AU,ES,1115.07,USD/CAD,SWIFT_MT103,Standard_Risk,Clean_NoHit,4.26,0
SWIFT_W92857,HSBCGB2L,RABONL2U,NL,CA,3052.27,EUR/AED,SEPA_Instant_Credit,Enhanced_Due_Diligence,Clean_NoHit,33.82,0
SWIFT_W92466,HSBCGB2L,RABONL2U,FR,JP,1155.16,EUR/INR,SWIFT_MT103,PEP_Politically_Exposed,Clean_NoHit,6.08,0
SWIFT_W92953,SANTRSMM,STANHKHH,SG,CA,934.96,EUR/AED,ISO20022_pacs008,Enhanced_Due_Diligence,Clean_NoHit,2.70,0
SWIFT_W92659,DEUTDEDD,INGBNL2A,GB,CH,15572.14,EUR/CHF,SEPA_Instant_Credit,Enhanced_Due_Diligence,Clean_NoHit,84.52,0
SWIFT_W92668,DBSSHKHH,INGBNL2A,AU,DE,31484.63,EUR/CHF,SEPA_Instant_Credit,Low_Risk,Cleared_FalsePositive,47.43,0
SWIFT_W92114,SANTRSMM,UBSWCHZH,NL,GB,802.17,EUR/SGD,SWIFT_MT103,Standard_Risk,Clean_NoHit,0.45,0
SWIFT_W92055,HDFCINBB,SMBCJPJT,IN,DE,80662.70,EUR/GBP,SEPA_Instant_Credit,Low_Risk,Clean_NoHit,79.97,0
SWIFT_W92151,DEUTDEDD,RABONL2U,NL,ES,9599.89,EUR/CHF,SWIFT_MT103,Low_Risk,Clean_NoHit,53.97,0
SWIFT_W92829,HSBCGB2L,FABAEADX,SG,SG,800.89,EUR/GBP,SWIFT_MT103,PEP_Politically_Exposed,Clean_NoHit,0.77,0
SWIFT_W91341,HSBCGB2L,STANHKHH,AU,SG,860.60,USD/JPY,SWIFT_MT103,Standard_Risk,Clean_NoHit,2.29,0
SWIFT_W92642,DEUTDEDD,SMBCJPJT,AU,AU,31945.48,EUR/CHF,ISO20022_pacs008,PEP_Politically_Exposed,Clean_NoHit,43.22,0
SWIFT_W92091,DEUTDEDD,INGBNL2A,GB,JP,3769.80,EUR/GBP,SWIFT_MT103,PEP_Politically_Exposed,Clean_NoHit,18.28,0
SWIFT_W92735,HDFCINBB,RABONL2U,GB,CA,12596.20,EUR/AED,SEPA_Instant_Credit,Enhanced_Due_Diligence,Clean_NoHit,48.79,0
SWIFT_W92921,HSBCGB2L,UBSWCHZH,FR,AU,1378.53,EUR/AED,Fedwire_Funds,Enhanced_Due_Diligence,Clean_NoHit,4.91,0
SWIFT_W91908,DBSSHKHH,SBININBB,DE,CH,256478.12,EUR/INR,ISO20022_pacs008,Low_Risk,Cleared_FalsePositive,153.03,1
SWIFT_W92369,HSBCGB2L,STANHKHH,CH,GB,865.62,EUR/GBP,SWIFT_MT103,Standard_Risk,Clean_NoHit,1.99,0
SWIFT_W92375,DEUTDEDD,SMBCJPJT,DE,CA,37335.34,EUR/CHF,ISO20022_pacs008,Enhanced_Due_Diligence,Cleared_FalsePositive,49.13,0
SWIFT_W92478,DBSSHKHH,FABAEADX,GB,CH,28876.05,EUR/CHF,SEPA_Instant_Credit,Enhanced_Due_Diligence,Cleared_FalsePositive,99.30,0
SWIFT_W92371,HSBCGB2L,UBSWCHZH,AE,AU,5394.40,EUR/CHF,Fedwire_Funds,Low_Risk,Clean_NoHit,40.27,1
SWIFT_W92567,HSBCGB2L,SMBCJPJT,NL,US,803.93,USD/CAD,SWIFT_MT103,Low_Risk,Clean_NoHit,2.36,0
SWIFT_W92746,HDFCINBB,SBININBB,SG,AU,9223.76,EUR/AED,ISO20022_pacs008,Enhanced_Due_Diligence,Clean_NoHit,38.53,0
SWIFT_W91239,HSBCGB2L,SBININBB,CH,ES,1009.38,EUR/SGD,SWIFT_MT103,Standard_Risk,Clean_NoHit,3.68,0
SWIFT_W92817,HSBCGB2L,STANHKHH,DE,DE,901.21,EUR/CHF,SWIFT_MT103,Low_Risk,Clean_NoHit,1.60,0
SWIFT_W91064,HDFCINBB,SMBCJPJT,AU,ES,29816.36,EUR/USD,SEPA_Instant_Credit,Standard_Risk,Clean_NoHit,44.72,0
SWIFT_W92937,SANTRSMM,UBSWCHZH,IN,AU,1101.59,EUR/AED,ISO20022_pacs008,Enhanced_Due_Diligence,Clean_NoHit,4.57,0
SWIFT_W92248,DBSSHKHH,FABAEADX,CH,CH,75473.24,EUR/GBP,SEPA_Instant_Credit,Low_Risk,Cleared_FalsePositive,131.49,1
SWIFT_W91680,HDFCINBB,STANHKHH,AU,CH,59793.23,EUR/SGD,ISO20022_pacs008,PEP_Politically_Exposed,Clean_NoHit,89.50,0
SWIFT_W92539,HDFCINBB,SMBCJPJT,CH,CA,51968.26,EUR/CHF,ISO20022_pacs008,Low_Risk,Cleared_FalsePositive,58.07,0
SWIFT_W92001,DBSGSGSG,INGBNL2A,CH,ES,158087.02,EUR/INR,SEPA_Instant_Credit,Low_Risk,Cleared_FalsePositive,114.37,0
SWIFT_W91230,HDFCINBB,SMBCJPJT,AU,DE,77154.29,EUR/SGD,ISO20022_pacs008,PEP_Politically_Exposed,Clean_NoHit,96.20,0
SWIFT_W92809,HSBCGB2L,UBSWCHZH,AU,AU,1962.95,EUR/AED,Fedwire_Funds,Enhanced_Due_Diligence,Clean_NoHit,6.18,0
SWIFT_W91712,DBSSHKHH,INGBNL2A,FR,CH,212596.73,EUR/GBP,SEPA_Instant_Credit,Low_Risk,Cleared_FalsePositive,161.44,0
SWIFT_W91121,HDFCINBB,SMBCJPJT,AU,JP,1026.69,USD/JPY,SWIFT_MT103,Standard_Risk,Clean_NoHit,5.91,0
SWIFT_W92637,DBSGSGSG,BCOPESMM,CH,ES,13054.08,EUR/CHF,SEPA_Instant_Credit,PEP_Politically_Exposed,Clean_NoHit,37.86,0
SWIFT_W91217,HDFCINBB,SBININBB,AU,SG,1059.81,EUR/SGD,SWIFT_MT103,Standard_Risk,Clean_NoHit,5.08,0
SWIFT_W91333,HDFCINBB,STANHKHH,DE,DE,26523.38,EUR/GBP,SEPA_Instant_Credit,Low_Risk,Clean_NoHit,30.83,0
SWIFT_W92411,HSBCGB2L,SBININBB,SG,GB,1231.73,USD/CAD,SWIFT_MT103,Enhanced_Due_Diligence,Clean_NoHit,19.94,0
SWIFT_W92861,HSBCGB2L,STANHKHH,AE,AU,3393.77,EUR/AED,Fedwire_Funds,Enhanced_Due_Diligence,Clean_NoHit,12.07,0
SWIFT_W92600,HDFCINBB,STANHKHH,DE,AU,14602.60,EUR/AED,ISO20022_pacs008,Enhanced_Due_Diligence,Clean_NoHit,52.81,0
SWIFT_W92509,DEUTDEDD,RABONL2U,FR,CA,27201.74,EUR/CHF,SEPA_Instant_Credit,Enhanced_Due_Diligence,Cleared_FalsePositive,112.53,0
SWIFT_W92692,DEUTDEDD,BARCGB22,NL,ES,2155.46,EUR/CHF,SWIFT_MT103,Enhanced_Due_Diligence,Clean_NoHit,70.91,0
SWIFT_W92770,HSBCGB2L,UBSWCHZH,AU,AU,3775.41,EUR/AED,Fedwire_Funds,Enhanced_Due_Diligence,Clean_NoHit,9.92,0
SWIFT_W92444,DBSSHKHH,INGBNL2A,CH,CH,66990.85,EUR/CHF,SEPA_Instant_Credit,Low_Risk,Cleared_FalsePositive,106.18,1
SWIFT_W92795,DEUTDEDD,BARCGB22,CH,SG,807.28,EUR/GBP,SWIFT_MT103,Standard_Risk,Clean_NoHit,1.57,0
SWIFT_W92769,HSBCGB2L,RABONL2U,NL,CA,7222.19,EUR/CHF,SEPA_Instant_Credit,Enhanced_Due_Diligence,Clean_NoHit,66.14,0
SWIFT_W92851,DBSSHKHH,BCOPESMM,DE,GB,3133.17,EUR/CHF,SWIFT_MT103,PEP_Politically_Exposed,Clean_NoHit,21.52,0
SWIFT_W92748,HSBCGB2L,SMBCJPJT,IN,AU,5620.05,EUR/AED,ISO20022_pacs008,Enhanced_Due_Diligence,Clean_NoHit,47.42,0
SWIFT_W91398,HSBCGB2L,STANHKHH,DE,JP,932.45,USD/CAD,SWIFT_MT103,PEP_Politically_Exposed,Clean_NoHit,4.16,0
SWIFT_W92520,DEUTDEDD,RABONL2U,IN,CA,47393.14,EUR/GBP,SEPA_Instant_Credit,Enhanced_Due_Diligence,Cleared_FalsePositive,173.73,0
SWIFT_W91893,DBSSHKHH,SBININBB,CH,CH,298476.94,EUR/JPY,SEPA_Instant_Credit,Low_Risk,Cleared_FalsePositive,163.83,1
SWIFT_W92356,HDFCINBB,SMBCJPJT,IN,CH,21562.60,EUR/GBP,SEPA_Instant_Credit,Enhanced_Due_Diligence,Clean_NoHit,49.33,0
SWIFT_W91242,HSBCGB2L,STANHKHH,AU,GB,1170.38,USD/JPY,SWIFT_MT103,Standard_Risk,Clean_NoHit,5.98,0
SWIFT_W92411,HDFCINBB,STANHKHH,CH,CA,20508.78,EUR/AED,Fedwire_Funds,Low_Risk,Clean_NoHit,29.65,0
SWIFT_W92764,DEUTDEDD,BCOPESMM,NL,ES,7238.90,EUR/CHF,SEPA_Instant_Credit,Enhanced_Due_Diligence,Clean_NoHit,82.28,0
SWIFT_W90641,SANTRSMM,UBSWCHZH,AU,SG,800.53,USD/JPY,SWIFT_MT103,Standard_Risk,Clean_NoHit,0.21,0
SWIFT_W92183,HDFCINBB,STANHKHH,AU,GB,2692.72,EUR/GBP,SEPA_Instant_Credit,PEP_Politically_Exposed,Clean_NoHit,6.46,0
SWIFT_W92098,HDFCINBB,STANHKHH,AU,CA,98029.49,EUR/GBP,Fedwire_Funds,Low_Risk,Cleared_FalsePositive,105.14,1
SWIFT_W92828,HSBCGB2L,SMBCJPJT,GB,CA,4779.50,EUR/CHF,ISO20022_pacs008,Low_Risk,Clean_NoHit,10.94,0
SWIFT_W91564,SANTRSMM,UBSWCHZH,AU,GB,800.58,EUR/GBP,SWIFT_MT103,Standard_Risk,Clean_NoHit,0.22,0
SWIFT_W92430,HDFCINBB,STANHKHH,AU,CA,23988.52,EUR/CHF,Fedwire_Funds,Low_Risk,Clean_NoHit,45.25,0
SWIFT_W92792,SANTRSMM,STANHKHH,GB,ES,805.49,EUR/JPY,SWIFT_MT103,PEP_Politically_Exposed,Clean_NoHit,0.67,0
SWIFT_W92350,SANTRSMM,SMBCJPJT,DE,SG,801.27,USD/JPY,SWIFT_MT103,Standard_Risk,Clean_NoHit,0.60,0
SWIFT_W92292,DEUTDEDD,SMBCJPJT,AU,AU,53250.59,EUR/CHF,ISO20022_pacs008,Enhanced_Due_Diligence,Cleared_FalsePositive,110.73,1
SWIFT_W92342,DEUTDEDD,SMBCJPJT,CH,CA,48960.53,EUR/CHF,ISO20022_pacs008,Enhanced_Due_Diligence,Cleared_FalsePositive,116.03,1
SWIFT_W91612,HSBCGB2L,STANHKHH,AE,CA,11562.55,EUR/INR,ISO20022_pacs008,PEP_Politically_Exposed,Clean_NoHit,44.83,0
SWIFT_W91933,DBSSHKHH,RABONL2U,DE,CH,284590.62,EUR/GBP,ISO20022_pacs008,Low_Risk,Cleared_FalsePositive,159.67,1
SWIFT_W91687,DEUTDEDD,SBININBB,AU,ES,104523.45,EUR/SGD,SEPA_Instant_Credit,Low_Risk,Cleared_FalsePositive,124.54,1
SWIFT_W92097,HDFCINBB,STANHKHH,AU,CA,27025.29,EUR/GBP,ISO20022_pacs008,Low_Risk,Clean_NoHit,51.77,0
SWIFT_W92746,SANTRSMM,UBSWCHZH,AE,DE,801.14,EUR/CHF,SWIFT_MT103,Standard_Risk,Clean_NoHit,0.26,0
SWIFT_W91809,DEUTDEDD,STANHKHH,CH,DE,61933.90,EUR/SGD,SEPA_Instant_Credit,Low_Risk,Clean_NoHit,105.51,0
SWIFT_W92665,HSBCGB2L,SMBCJPJT,GB,SG,802.27,EUR/JPY,SWIFT_MT103,Standard_Risk,Clean_NoHit,0.80,0
SWIFT_W91568,DBSSHKHH,SBININBB,CH,DE,159947.23,EUR/SGD,SEPA_Instant_Credit,Low_Risk,Cleared_FalsePositive,118.52,0
SWIFT_W92272,HSBCGB2L,STANHKHH,CH,US,800.68,EUR/USD,SWIFT_MT103,Standard_Risk,Clean_NoHit,0.33,0
SWIFT_W90318,HSBCGB2L,UBSWCHZH,AU,ES,972.21,USD/CAD,SWIFT_MT103,Standard_Risk,Clean_NoHit,4.00,0
SWIFT_W92572,DBSSHKHH,INGBNL2A,GB,CA,52284.52,EUR/INR,SEPA_Instant_Credit,Enhanced_Due_Diligence,Cleared_FalsePositive,146.84,0
SWIFT_W92968,SANTRSMM,SMBCJPJT,US,ES,803.68,EUR/AED,SWIFT_MT103,Enhanced_Due_Diligence,Clean_NoHit,1.04,0
SWIFT_W90731,HSBCGB2L,STANHKHH,AU,ES,5941.79,USD/CAD,SEPA_Instant_Credit,PEP_Politically_Exposed,Clean_NoHit,27.78,0
SWIFT_W92107,DEUTDEDD,SMBCJPJT,AU,CH,50820.85,EUR/GBP,ISO20022_pacs008,PEP_Politically_Exposed,Clean_NoHit,45.39,0
SWIFT_W92112,HSBCGB2L,SBININBB,IN,SG,801.69,EUR/USD,SWIFT_MT103,Standard_Risk,Clean_NoHit,0.90,0
SWIFT_W91607,HSBCGB2L,UBSWCHZH,FR,DE,1003.25,EUR/GBP,SWIFT_MT103,PEP_Politically_Exposed,Clean_NoHit,2.49,0
SWIFT_W92214,HDFCINBB,INGBNL2A,IN,CH,23409.74,EUR/JPY,SEPA_Instant_Credit,Enhanced_Due_Diligence,Clean_NoHit,90.72,0
SWIFT_W92820,HSBCGB2L,UBSWCHZH,AU,AU,1440.96,EUR/AED,Fedwire_Funds,Enhanced_Due_Diligence,Clean_NoHit,8.94,0
SWIFT_W92738,HSBCGB2L,UBSWCHZH,AU,AU,2804.50,EUR/AED,Fedwire_Funds,Enhanced_Due_Diligence,Clean_NoHit,19.91,1
SWIFT_W92464,HDFCINBB,STANHKHH,CH,CA,21933.04,EUR/CHF,ISO20022_pacs008,Enhanced_Due_Diligence,Clean_NoHit,36.74,0
SWIFT_W90592,HDFCINBB,SMBCJPJT,AU,JP,902.84,USD/CAD,SWIFT_MT103,Standard_Risk,Clean_NoHit,3.43,0
SWIFT_W92700,HSBCGB2L,SBININBB,AU,US,800.54,EUR/CHF,SWIFT_MT103,Standard_Risk,Clean_NoHit,0.21,0
SWIFT_W91908,HDFCINBB,STANHKHH,DE,CH,76428.21,EUR/JPY,SEPA_Instant_Credit,Low_Risk,Clean_NoHit,96.08,0
SWIFT_W92402,DBSSHKHH,RABONL2U,DE,CH,93386.59,EUR/GBP,SEPA_Instant_Credit,Enhanced_Due_Diligence,Cleared_FalsePositive,154.15,1
SWIFT_W91920,HSBCGB2L,UBSWCHZH,IN,JP,913.83,EUR/JPY,SWIFT_MT103,Low_Risk,Clean_NoHit,4.92,0
SWIFT_W92795,HDFCINBB,INGBNL2A,IN,DE,4057.89,EUR/AED,SEPA_Instant_Credit,Enhanced_Due_Diligence,Clean_NoHit,51.85,0
SWIFT_W92789,SANTRSMM,UBSWCHZH,AE,DE,800.98,EUR/SGD,SWIFT_MT103,PEP_Politically_Exposed,Clean_NoHit,0.27,0
SWIFT_W92669,HDFCINBB,SMBCJPJT,NL,CH,6034.40,EUR/AED,ISO20022_pacs008,Enhanced_Due_Diligence,Clean_NoHit,34.02,0
SWIFT_W92664,HDFCINBB,RABONL2U,IN,AU,26479.01,EUR/CHF,SEPA_Instant_Credit,Enhanced_Due_Diligence,Clean_NoHit,84.18,0
SWIFT_W91822,HDFCINBB,STANHKHH,CH,GB,1063.30,USD/CAD,SWIFT_MT103,PEP_Politically_Exposed,Clean_NoHit,4.94,0
SWIFT_W91822,DEUTDEDD,RABONL2U,AU,JP,2421.13,EUR/INR,SWIFT_MT103,Standard_Risk,Clean_NoHit,7.01,0
SWIFT_W92068,HSBCGB2L,UBSWCHZH,AU,CH,5024.77,EUR/GBP,ISO20022_pacs008,Low_Risk,Clean_NoHit,15.91,0
SWIFT_W92495,DEUTDEDD,FABAEADX,IN,CA,45427.51,EUR/GBP,SEPA_Instant_Credit,Enhanced_Due_Diligence,Cleared_FalsePositive,124.27,0
SWIFT_W92822,HSBCGB2L,SBININBB,NL,CH,1450.03,EUR/AED,SEPA_Instant_Credit,Enhanced_Due_Diligence,Clean_NoHit,7.73,0
SWIFT_W92563,DBSSHKHH,BARCGB22,DE,GB,3092.06,EUR/CHF,SWIFT_MT103,PEP_Politically_Exposed,Clean_NoHit,29.74,0
SWIFT_W92883,HSBCGB2L,SBININBB,US,CH,1591.89,EUR/AED,SEPA_Instant_Credit,Enhanced_Due_Diligence,Clean_NoHit,21.34,0
SWIFT_W91202,SANTRSMM,UBSWCHZH,AU,JP,801.24,USD/CAD,SWIFT_MT103,Standard_Risk,Clean_NoHit,0.30,0
SWIFT_W91181,HDFCINBB,STANHKHH,AE,GB,1123.91,USD/CAD,SWIFT_MT103,Standard_Risk,Clean_NoHit,3.47,0
SWIFT_W92823,SANTRSMM,UBSWCHZH,AU,SG,800.60,EUR/CHF,SWIFT_MT103,Standard_Risk,Clean_NoHit,0.22,0
SWIFT_W92709,HSBCGB2L,SMBCJPJT,SG,DE,1655.75,EUR/CHF,SEPA_Instant_Credit,Enhanced_Due_Diligence,Clean_NoHit,15.72,0
SWIFT_W92398,HDFCINBB,SMBCJPJT,FR,CA,27757.11,EUR/CHF,ISO20022_pacs008,Enhanced_Due_Diligence,Cleared_FalsePositive,123.46,0
SWIFT_W92606,DEUTDEDD,FABAEADX,IN,CH,15502.77,EUR/GBP,SEPA_Instant_Credit,Enhanced_Due_Diligence,Cleared_FalsePositive,198.94,0
SWIFT_W92126,DBSSHKHH,RABONL2U,CH,CH,189425.78,EUR/INR,SEPA_Instant_Credit,Low_Risk,Cleared_FalsePositive,143.28,1
SWIFT_W92264,DEUTDEDD,SBININBB,CH,CH,82852.04,EUR/CHF,ISO20022_pacs008,PEP_Politically_Exposed,Cleared_FalsePositive,76.42,0
SWIFT_W91346,HDFCINBB,SMBCJPJT,GB,CA,8945.50,EUR/INR,SEPA_Instant_Credit,Low_Risk,Clean_NoHit,36.94,0
SWIFT_W92833,HSBCGB2L,STANHKHH,IN,AU,2514.53,EUR/AED,ISO20022_pacs008,Enhanced_Due_Diligence,Clean_NoHit,12.44,0
SWIFT_W92685,DBSSHKHH,BCOPESMM,FR,ES,17115.56,EUR/CHF,SEPA_Instant_Credit,Low_Risk,Cleared_FalsePositive,74.27,0
SWIFT_W91042,HDFCINBB,STANHKHH,DE,GB,6225.98,EUR/GBP,SEPA_Instant_Credit,Standard_Risk,Clean_NoHit,14.46,0
SWIFT_W92004,DEUTDEDD,SMBCJPJT,AU,CH,68355.29,EUR/JPY,ISO20022_pacs008,Low_Risk,Cleared_FalsePositive,163.09,1
SWIFT_W92168,DBSSHKHH,RABONL2U,CH,CH,77198.72,EUR/GBP,SEPA_Instant_Credit,Enhanced_Due_Diligence,Cleared_FalsePositive,170.27,1
SWIFT_W92866,HDFCINBB,RABONL2U,IN,AU,5555.46,EUR/AED,ISO20022_pacs008,Enhanced_Due_Diligence,Clean_NoHit,64.58,0
SWIFT_W92397,HDFCINBB,STANHKHH,CH,CA,17748.59,EUR/CHF,Fedwire_Funds,Enhanced_Due_Diligence,Cleared_FalsePositive,55.62,1
SWIFT_W92788,HDFCINBB,SMBCJPJT,DE,AU,12918.77,EUR/AED,ISO20022_pacs008,Enhanced_Due_Diligence,Cleared_FalsePositive,36.08,0
SWIFT_W92897,HSBCGB2L,INGBNL2A,US,GB,826.21,EUR/AED,SWIFT_MT103,Enhanced_Due_Diligence,Clean_NoHit,3.57,0
SWIFT_W92306,DBSSHKHH,BCOPESMM,FR,DE,25761.46,EUR/CHF,SEPA_Instant_Credit,Low_Risk,Cleared_FalsePositive,81.32,0
SWIFT_W92852,HDFCINBB,BARCGB22,NL,CH,3079.75,EUR/CHF,SEPA_Instant_Credit,Enhanced_Due_Diligence,Clean_NoHit,52.44,0
SWIFT_W92817,HSBCGB2L,STANHKHH,GB,SG,802.21,EUR/AED,SWIFT_MT103,PEP_Politically_Exposed,Clean_NoHit,0.43,0
SWIFT_W92723,HSBCGB2L,SMBCJPJT,FR,SG,801.89,EUR/GBP,SWIFT_MT103,PEP_Politically_Exposed,Clean_NoHit,0.61,0
SWIFT_W92263,DEUTDEDD,RABONL2U,AU,GB,6123.15,EUR/SGD,SWIFT_MT103,Standard_Risk,Clean_NoHit,13.67,0
SWIFT_W92895,HSBCGB2L,STANHKHH,GB,CA,1766.73,EUR/AED,ISO20022_pacs008,Enhanced_Due_Diligence,Clean_NoHit,5.44,0
SWIFT_W92492,DEUTDEDD,FABAEADX,FR,CH,25251.12,EUR/CHF,SEPA_Instant_Credit,Enhanced_Due_Diligence,Cleared_FalsePositive,175.12,0
SWIFT_W91853,SANTRSMM,UBSWCHZH,AE,GB,800.69,EUR/INR,SWIFT_MT103,Standard_Risk,Clean_NoHit,0.25,0
SWIFT_W91983,HDFCINBB,SMBCJPJT,AU,CA,84692.45,EUR/INR,ISO20022_pacs008,PEP_Politically_Exposed,Clean_NoHit,77.15,0
SWIFT_W92855,HDFCINBB,BCOPESMM,FR,SG,812.48,EUR/AED,SWIFT_MT103,PEP_Politically_Exposed,Clean_NoHit,2.01,0
SWIFT_W91644,HSBCGB2L,STANHKHH,IN,JP,814.31,EUR/JPY,SWIFT_MT103,Standard_Risk,Clean_NoHit,1.18,0
SWIFT_W92887,HDFCINBB,RABONL2U,CH,JP,920.60,EUR/AED,SWIFT_MT103,Standard_Risk,Clean_NoHit,2.12,0
SWIFT_W92236,DBSSHKHH,INGBNL2A,CH,CH,100526.55,EUR/GBP,SEPA_Instant_Credit,Low_Risk,Cleared_FalsePositive,112.90,1
SWIFT_W92870,HSBCGB2L,STANHKHH,SG,AU,1289.73,EUR/AED,ISO20022_pacs008,Enhanced_Due_Diligence,Clean_NoHit,5.99,0
SWIFT_W92848,HSBCGB2L,SBININBB,SG,CA,2974.17,EUR/AED,SEPA_Instant_Credit,Enhanced_Due_Diligence,Clean_NoHit,46.62,0
SWIFT_W92647,HDFCINBB,SBININBB,FR,AU,21200.54,EUR/CHF,ISO20022_pacs008,Enhanced_Due_Diligence,Cleared_FalsePositive,80.09,1
SWIFT_W92377,DEUTDEDD,SMBCJPJT,FR,DE,55149.66,EUR/INR,SEPA_Instant_Credit,Low_Risk,Clean_NoHit,83.12,0
SWIFT_W92652,HDFCINBB,SBININBB,FR,CA,23676.93,EUR/CHF,ISO20022_pacs008,Enhanced_Due_Diligence,Cleared_FalsePositive,52.34,0
SWIFT_W92541,DEUTDEDD,SBININBB,FR,CA,33476.57,EUR/CHF,ISO20022_pacs008,Enhanced_Due_Diligence,Clean_NoHit,67.81,0
SWIFT_W90635,HSBCGB2L,STANHKHH,AE,GB,809.74,EUR/SGD,SWIFT_MT103,Standard_Risk,Clean_NoHit,0.74,0
SWIFT_W92079,DBSSHKHH,SMBCJPJT,AU,DE,82298.28,EUR/INR,ISO20022_pacs008,PEP_Politically_Exposed,Cleared_FalsePositive,85.26,0
SWIFT_W92764,HSBCGB2L,RABONL2U,US,DE,1289.12,EUR/CHF,SWIFT_MT103,Enhanced_Due_Diligence,Clean_NoHit,21.55,0
SWIFT_W90443,SANTRSMM,UBSWCHZH,AE,ES,852.15,USD/CAD,SWIFT_MT103,Standard_Risk,Clean_NoHit,2.66,0
SWIFT_W92914,HSBCGB2L,SBININBB,NL,GB,815.66,EUR/AED,SWIFT_MT103,PEP_Politically_Exposed,Clean_NoHit,0.84,0
SWIFT_W92585,HSBCGB2L,UBSWCHZH,FR,ES,2496.83,EUR/CHF,SEPA_Instant_Credit,Enhanced_Due_Diligence,Clean_NoHit,12.58,0
SWIFT_W92607,HDFCINBB,FABAEADX,GB,CA,12957.98,EUR/AED,SEPA_Instant_Credit,Enhanced_Due_Diligence,Clean_NoHit,61.30,0
SWIFT_W92314,DEUTDEDD,SMBCJPJT,GB,DE,30995.80,EUR/CHF,SEPA_Instant_Credit,Low_Risk,Clean_NoHit,57.08,0
SWIFT_W91701,HDFCINBB,SMBCJPJT,AU,GB,858.23,EUR/USD,SWIFT_MT103,Standard_Risk,Clean_NoHit,2.02,0
SWIFT_W92497,DBSSHKHH,INGBNL2A,GB,ES,28792.29,EUR/CHF,SEPA_Instant_Credit,Low_Risk,Clean_NoHit,87.61,0
SWIFT_W91359,HDFCINBB,SMBCJPJT,DE,JP,9405.64,EUR/JPY,SWIFT_MT103,PEP_Politically_Exposed,Clean_NoHit,23.00,0
SWIFT_W91996,HDFCINBB,SBININBB,FR,SG,828.07,EUR/INR,SWIFT_MT103,Standard_Risk,Clean_NoHit,2.12,0
SWIFT_W91106,SANTRSMM,UBSWCHZH,CH,CA,1946.47,EUR/SGD,SEPA_Instant_Credit,PEP_Politically_Exposed,Clean_NoHit,7.46,0
SWIFT_W92531,DEUTDEDD,FABAEADX,FR,CH,27641.21,EUR/GBP,SEPA_Instant_Credit,Low_Risk,Clean_NoHit,42.93,0
SWIFT_W90752,HSBCGB2L,UBSWCHZH,AU,ES,972.37,EUR/USD,SWIFT_MT103,Standard_Risk,Clean_NoHit,2.97,0
SWIFT_W91999,DBSSHKHH,RABONL2U,DE,CH,258058.55,EUR/INR,SEPA_Instant_Credit,Low_Risk,Cleared_FalsePositive,152.03,1
SWIFT_W91591,SANTRSMM,UBSWCHZH,AE,CA,844.55,EUR/GBP,SEPA_Instant_Credit,Standard_Risk,Clean_NoHit,1.06,0
SWIFT_W90765,HDFCINBB,SMBCJPJT,DE,DE,8579.78,EUR/INR,SWIFT_MT103,Standard_Risk,Clean_NoHit,23.07,0
SWIFT_W92777,HDFCINBB,UBSWCHZH,AE,AU,3424.93,EUR/AED,Fedwire_Funds,Enhanced_Due_Diligence,Clean_NoHit,12.52,0
SWIFT_W92334,DEUTDEDD,INGBNL2A,GB,ES,88682.55,EUR/JPY,SEPA_Instant_Credit,Enhanced_Due_Diligence,Cleared_FalsePositive,182.59,0
SWIFT_W91336,SANTRSMM,UBSWCHZH,AU,JP,802.53,USD/CAD,SWIFT_MT103,Standard_Risk,Clean_NoHit,0.38,0
SWIFT_W92819,HSBCGB2L,SBININBB,US,JP,811.53,EUR/CHF,SWIFT_MT103,Low_Risk,Clean_NoHit,2.28,0
SWIFT_W92777,HDFCINBB,SMBCJPJT,DE,DE,8217.66,EUR/AED,SEPA_Instant_Credit,Low_Risk,Clean_NoHit,13.70,0
SWIFT_W91678,HSBCGB2L,STANHKHH,CH,CH,8949.92,EUR/INR,SEPA_Instant_Credit,PEP_Politically_Exposed,Clean_NoHit,16.91,0
SWIFT_W92286,DBSSHKHH,INGBNL2A,GB,CH,82557.16,EUR/INR,SEPA_Instant_Credit,Enhanced_Due_Diligence,Cleared_FalsePositive,219.82,0
SWIFT_W92623,DEUTDEDD,SBININBB,AU,CA,32273.60,EUR/CHF,ISO20022_pacs008,Low_Risk,Cleared_FalsePositive,84.87,1
SWIFT_W92663,DBSGSGSG,RABONL2U,AU,DE,32560.98,EUR/CHF,ISO20022_pacs008,Low_Risk,Cleared_FalsePositive,44.09,0
SWIFT_W92565,HDFCINBB,STANHKHH,AU,CA,16873.54,EUR/AED,Fedwire_Funds,Low_Risk,Clean_NoHit,24.81,0
SWIFT_W92021,DEUTDEDD,SBININBB,DE,CA,139590.41,EUR/GBP,SEPA_Instant_Credit,Low_Risk,Cleared_FalsePositive,158.30,1
SWIFT_W92595,HDFCINBB,BARCGB22,SG,ES,1173.16,EUR/AED,SWIFT_MT103,Enhanced_Due_Diligence,Clean_NoHit,44.72,0
SWIFT_W92164,HDFCINBB,SMBCJPJT,AU,CA,46351.76,EUR/CHF,ISO20022_pacs008,Low_Risk,Cleared_FalsePositive,126.21,1
SWIFT_W92874,HSBCGB2L,SMBCJPJT,SG,AU,2972.24,EUR/AED,SEPA_Instant_Credit,Enhanced_Due_Diligence,Clean_NoHit,18.95,0
SWIFT_W92390,DBSSHKHH,FABAEADX,CH,ES,16765.10,EUR/SGD,SWIFT_MT103,PEP_Politically_Exposed,Clean_NoHit,43.59,0
SWIFT_W91525,HSBCGB2L,STANHKHH,AU,DE,908.22,EUR/JPY,SWIFT_MT103,Standard_Risk,Clean_NoHit,1.98,0
SWIFT_W92831,HSBCGB2L,STANHKHH,SG,CH,2593.70,EUR/AED,SEPA_Instant_Credit,Enhanced_Due_Diligence,Clean_NoHit,12.23,0
SWIFT_W92747,HDFCINBB,STANHKHH,AU,AU,8861.37,EUR/AED,Fedwire_Funds,Enhanced_Due_Diligence,Clean_NoHit,19.74,0
SWIFT_W92771,HSBCGB2L,STANHKHH,SG,CA,4303.47,EUR/AED,Fedwire_Funds,Enhanced_Due_Diligence,Clean_NoHit,21.64,0
SWIFT_W92188,HSBCGB2L,SMBCJPJT,DE,SG,801.40,EUR/JPY,SWIFT_MT103,Standard_Risk,Clean_NoHit,0.51,0
SWIFT_W92399,DBSSHKHH,INGBNL2A,DE,DE,91194.80,EUR/GBP,SEPA_Instant_Credit,Low_Risk,Cleared_FalsePositive,106.53,0
SWIFT_W90210,SANTRSMM,UBSWCHZH,AE,SG,800.86,USD/JPY,SWIFT_MT103,Standard_Risk,Clean_NoHit,0.37,0
SWIFT_W92821,HDFCINBB,BARCGB22,SG,GB,1105.82,EUR/CHF,SWIFT_MT103,Enhanced_Due_Diligence,Clean_NoHit,36.53,0
SWIFT_W92682,HSBCGB2L,STANHKHH,AU,US,800.58,EUR/SGD,SWIFT_MT103,Standard_Risk,Clean_NoHit,0.25,0
SWIFT_W92351,DBSSHKHH,RABONL2U,CH,CA,77053.94,EUR/GBP,SEPA_Instant_Credit,Low_Risk,Cleared_FalsePositive,123.83,1
SWIFT_W91835,HSBCGB2L,UBSWCHZH,AE,GB,806.81,EUR/INR,SWIFT_MT103,Standard_Risk,Clean_NoHit,0.54,0
SWIFT_W92775,HSBCGB2L,SMBCJPJT,NL,DE,1404.33,EUR/CHF,SWIFT_MT103,Enhanced_Due_Diligence,Clean_NoHit,10.93,0
SWIFT_W92866,HSBCGB2L,STANHKHH,AU,SG,800.94,EUR/CHF,SWIFT_MT103,Standard_Risk,Clean_NoHit,0.26,0
SWIFT_W92198,DBSSHKHH,FABAEADX,AU,JP,1371.13,EUR/GBP,SWIFT_MT103,Standard_Risk,Clean_NoHit,6.13,0
SWIFT_W92824,HDFCINBB,RABONL2U,GB,GB,995.44,EUR/CHF,SWIFT_MT103,Low_Risk,Clean_NoHit,5.64,0
SWIFT_W92491,HSBCGB2L,UBSWCHZH,AE,AU,9781.23,EUR/CHF,Fedwire_Funds,Enhanced_Due_Diligence,Cleared_FalsePositive,90.47,1
SWIFT_W91346,DBSSHKHH,SBININBB,AU,SG,3320.14,EUR/SGD,SWIFT_MT103,Standard_Risk,Clean_NoHit,13.97,0
SWIFT_W92961,HSBCGB2L,BCOPESMM,NL,CA,1278.95,EUR/AED,SEPA_Instant_Credit,Enhanced_Due_Diligence,Clean_NoHit,11.94,0
SWIFT_W92138,DEUTDEDD,SMBCJPJT,CH,CA,140925.67,EUR/GBP,ISO20022_pacs008,Low_Risk,Cleared_FalsePositive,98.95,1
SWIFT_W92920,HSBCGB2L,STANHKHH,DE,CA,1956.67,EUR/AED,ISO20022_pacs008,Enhanced_Due_Diligence,Clean_NoHit,4.59,0
SWIFT_W91961,HSBCGB2L,SMBCJPJT,SG,CH,3537.74,EUR/GBP,SEPA_Instant_Credit,Low_Risk,Clean_NoHit,23.52,0
SWIFT_W92720,HSBCGB2L,SBININBB,US,ES,1393.09,EUR/GBP,SWIFT_MT103,Enhanced_Due_Diligence,Clean_NoHit,21.37,0
SWIFT_W91724,DEUTDEDD,RABONL2U,CH,ES,3665.05,EUR/GBP,SWIFT_MT103,Standard_Risk,Clean_NoHit,13.55,0
SWIFT_W92347,DBSGSGSG,FABAEADX,CH,ES,63287.16,EUR/CHF,SEPA_Instant_Credit,PEP_Politically_Exposed,Cleared_FalsePositive,78.25,0
SWIFT_W92641,DEUTDEDD,SBININBB,AU,CA,43575.50,EUR/CHF,ISO20022_pacs008,Enhanced_Due_Diligence,Cleared_FalsePositive,69.28,1
SWIFT_W91834,DBSSHKHH,SBININBB,CH,CH,165307.19,EUR/JPY,SEPA_Instant_Credit,Low_Risk,Cleared_FalsePositive,109.72,0
SWIFT_W91536,HSBCGB2L,UBSWCHZH,AE,CH,1454.64,EUR/USD,SEPA_Instant_Credit,Standard_Risk,Clean_NoHit,7.28,0
SWIFT_W92281,DBSSHKHH,RABONL2U,AU,ES,10745.54,EUR/JPY,SEPA_Instant_Credit,Standard_Risk,Clean_NoHit,23.45,0
SWIFT_W92154,DBSSHKHH,RABONL2U,CH,CH,141077.05,EUR/GBP,SEPA_Instant_Credit,Low_Risk,Cleared_FalsePositive,147.77,1
SWIFT_W92375,DEUTDEDD,SMBCJPJT,AU,CA,57063.17,EUR/CHF,ISO20022_pacs008,Low_Risk,Clean_NoHit,45.59,0
SWIFT_W92814,HSBCGB2L,STANHKHH,SG,DE,3638.57,EUR/AED,SEPA_Instant_Credit,Enhanced_Due_Diligence,Clean_NoHit,38.10,0
SWIFT_W92860,DEUTDEDD,BARCGB22,IN,GB,1506.04,EUR/AED,SWIFT_MT103,Low_Risk,Clean_NoHit,28.53,0
SWIFT_W92850,HSBCGB2L,INGBNL2A,SG,GB,3477.91,EUR/GBP,SEPA_Instant_Credit,Enhanced_Due_Diligence,Clean_NoHit,68.61,0
SWIFT_W92654,SANTRSMM,SMBCJPJT,NL,GB,823.39,EUR/SGD,SWIFT_MT103,Low_Risk,Clean_NoHit,1.74,0
SWIFT_W91059,HSBCGB2L,UBSWCHZH,AE,CH,835.31,EUR/JPY,SWIFT_MT103,Standard_Risk,Clean_NoHit,0.77,0
SWIFT_W92849,HSBCGB2L,RABONL2U,NL,JP,814.79,EUR/CHF,SWIFT_MT103,PEP_Politically_Exposed,Clean_NoHit,1.12,0
SWIFT_W92889,HSBCGB2L,STANHKHH,SG,GB,826.20,EUR/AED,SWIFT_MT103,Low_Risk,Clean_NoHit,1.34,0
SWIFT_W92613,HDFCINBB,SMBCJPJT,AU,AU,33333.80,EUR/CHF,ISO20022_pacs008,Enhanced_Due_Diligence,Cleared_FalsePositive,42.67,1
SWIFT_W92647,HDFCINBB,BCOPESMM,NL,CH,7916.85,EUR/CHF,SEPA_Instant_Credit,Enhanced_Due_Diligence,Clean_NoHit,67.95,0
SWIFT_W91553,SANTRSMM,UBSWCHZH,AU,AU,2676.55,EUR/INR,ISO20022_pacs008,PEP_Politically_Exposed,Clean_NoHit,7.82,0
SWIFT_W92379,DEUTDEDD,RABONL2U,NL,CH,25603.14,EUR/INR,SEPA_Instant_Credit,Enhanced_Due_Diligence,Clean_NoHit,145.62,0
SWIFT_W91397,HSBCGB2L,STANHKHH,AE,SG,817.03,USD/JPY,SWIFT_MT103,Standard_Risk,Clean_NoHit,1.42,0
SWIFT_W91754,HDFCINBB,STANHKHH,AU,CH,18328.89,EUR/GBP,ISO20022_pacs008,PEP_Politically_Exposed,Clean_NoHit,30.21,0
SWIFT_W91817,HDFCINBB,SBININBB,DE,GB,1036.02,EUR/SGD,SWIFT_MT103,Standard_Risk,Clean_NoHit,5.53,0
SWIFT_W92361,HDFCINBB,STANHKHH,AU,AU,13522.56,EUR/CHF,Fedwire_Funds,Low_Risk,Clean_NoHit,63.00,1
SWIFT_W92412,DBSSHKHH,FABAEADX,AU,GB,25912.89,EUR/GBP,SEPA_Instant_Credit,PEP_Politically_Exposed,Cleared_FalsePositive,56.83,0
SWIFT_W91479,HSBCGB2L,SMBCJPJT,FR,CH,3378.62,EUR/USD,SWIFT_MT103,PEP_Politically_Exposed,Clean_NoHit,16.14,0
SWIFT_W92504,HDFCINBB,STANHKHH,CH,CH,11107.02,EUR/AED,ISO20022_pacs008,Low_Risk,Clean_NoHit,18.67,0
SWIFT_W90479,SANTRSMM,UBSWCHZH,AE,US,800.61,USD/JPY,SWIFT_MT103,Standard_Risk,Clean_NoHit,0.28,0
SWIFT_W91614,DEUTDEDD,RABONL2U,DE,GB,24111.79,EUR/USD,SWIFT_MT103,PEP_Politically_Exposed,Clean_NoHit,56.92,0
SWIFT_W92836,HDFCINBB,FABAEADX,SG,ES,1057.13,EUR/AED,SEPA_Instant_Credit,PEP_Politically_Exposed,Clean_NoHit,6.26,0
SWIFT_W92335,DEUTDEDD,INGBNL2A,GB,CH,71810.08,EUR/GBP,SEPA_Instant_Credit,Enhanced_Due_Diligence,Cleared_FalsePositive,194.81,1
SWIFT_W92601,HDFCINBB,SMBCJPJT,NL,AU,11437.39,EUR/CHF,SEPA_Instant_Credit,Enhanced_Due_Diligence,Clean_NoHit,71.81,0
SWIFT_W92603,HDFCINBB,BCOPESMM,IN,CH,10968.97,EUR/CHF,SEPA_Instant_Credit,Enhanced_Due_Diligence,Cleared_FalsePositive,118.11,0
SWIFT_W92884,HDFCINBB,STANHKHH,AU,AU,3700.30,EUR/AED,Fedwire_Funds,PEP_Politically_Exposed,Clean_NoHit,9.01,0
SWIFT_W92017,DEUTDEDD,INGBNL2A,AU,GB,10584.99,EUR/SGD,SWIFT_MT103,Standard_Risk,Clean_NoHit,21.77,0
SWIFT_W92293,SANTRSMM,UBSWCHZH,CH,CA,912.65,EUR/GBP,SEPA_Instant_Credit,PEP_Politically_Exposed,Clean_NoHit,1.35,0
SWIFT_W91959,HDFCINBB,SMBCJPJT,IN,DE,13898.99,EUR/JPY,SWIFT_MT103,Enhanced_Due_Diligence,Clean_NoHit,60.62,0
SWIFT_W92942,HSBCGB2L,SBININBB,SG,ES,1246.93,EUR/CHF,SEPA_Instant_Credit,Enhanced_Due_Diligence,Clean_NoHit,9.51,0
SWIFT_W92507,HDFCINBB,SBININBB,DE,CA,50601.06,EUR/CHF,ISO20022_pacs008,Enhanced_Due_Diligence,Cleared_FalsePositive,85.54,1
SWIFT_W92346,DBSSHKHH,RABONL2U,AU,GB,11623.33,EUR/CHF,SEPA_Instant_Credit,PEP_Politically_Exposed,Clean_NoHit,24.63,0
SWIFT_W91361,HSBCGB2L,STANHKHH,DE,SG,800.82,USD/CAD,SWIFT_MT103,Standard_Risk,Clean_NoHit,0.49,0
SWIFT_W92734,HDFCINBB,SMBCJPJT,GB,CA,6605.46,EUR/AED,ISO20022_pacs008,Enhanced_Due_Diligence,Clean_NoHit,17.17,0
SWIFT_W92475,HDFCINBB,STANHKHH,AU,AU,34219.06,EUR/CHF,ISO20022_pacs008,Low_Risk,Clean_NoHit,66.65,0
SWIFT_W92909,HSBCGB2L,SBININBB,SG,CA,1722.18,EUR/AED,SEPA_Instant_Credit,Enhanced_Due_Diligence,Clean_NoHit,21.39,0
SWIFT_W91977,DBSSHKHH,INGBNL2A,DE,ES,96134.01,EUR/INR,SEPA_Instant_Credit,Low_Risk,Cleared_FalsePositive,127.79,0
SWIFT_W92370,DEUTDEDD,RABONL2U,DE,CA,47819.10,EUR/CHF,SEPA_Instant_Credit,Enhanced_Due_Diligence,Cleared_FalsePositive,147.27,1
SWIFT_W91547,SANTRSMM,UBSWCHZH,FR,SG,801.23,EUR/JPY,SWIFT_MT103,Standard_Risk,Clean_NoHit,0.39,0
SWIFT_W92756,HDFCINBB,SMBCJPJT,IN,CH,21188.03,EUR/CHF,ISO20022_pacs008,Enhanced_Due_Diligence,Clean_NoHit,49.43,0
SWIFT_W92889,HSBCGB2L,SMBCJPJT,CH,AU,6716.74,EUR/AED,Fedwire_Funds,Enhanced_Due_Diligence,Clean_NoHit,14.32,0
SWIFT_W92620,HDFCINBB,SBININBB,AU,AU,10800.10,EUR/AED,ISO20022_pacs008,Enhanced_Due_Diligence,Cleared_FalsePositive,82.49,1
SWIFT_W91947,HDFCINBB,SBININBB,GB,GB,2666.79,EUR/USD,SWIFT_MT103,Low_Risk,Clean_NoHit,21.78,0
SWIFT_W92693,HSBCGB2L,UBSWCHZH,CH,AU,7721.15,EUR/AED,Fedwire_Funds,Enhanced_Due_Diligence,Clean_NoHit,13.65,0
SWIFT_W92580,DEUTDEDD,FABAEADX,GB,CA,10076.58,EUR/CHF,SEPA_Instant_Credit,Enhanced_Due_Diligence,Cleared_FalsePositive,104.30,0
SWIFT_W91829,HSBCGB2L,STANHKHH,AU,SG,801.93,EUR/SGD,SWIFT_MT103,Standard_Risk,Clean_NoHit,0.41,0
SWIFT_W92699,DEUTDEDD,FABAEADX,NL,DE,6059.15,EUR/AED,SEPA_Instant_Credit,Enhanced_Due_Diligence,Clean_NoHit,106.63,0
SWIFT_W92968,SANTRSMM,BCOPESMM,US,SG,800.54,EUR/AED,SWIFT_MT103,Low_Risk,Clean_NoHit,0.28,0
SWIFT_W92155,HDFCINBB,STANHKHH,GB,DE,14808.72,EUR/JPY,SEPA_Instant_Credit,Enhanced_Due_Diligence,Clean_NoHit,80.43,0
SWIFT_W92427,DEUTDEDD,SMBCJPJT,CH,AU,15187.17,EUR/CHF,SEPA_Instant_Credit,Enhanced_Due_Diligence,Cleared_FalsePositive,126.69,1
SWIFT_W90854,SANTRSMM,STANHKHH,AE,JP,802.65,USD/JPY,SWIFT_MT103,Standard_Risk,Clean_NoHit,0.50,0
SWIFT_W92751,HDFCINBB,SBININBB,DE,CA,9073.14,EUR/AED,ISO20022_pacs008,Low_Risk,Clean_NoHit,17.28,0
SWIFT_W90593,SANTRSMM,UBSWCHZH,AE,SG,801.34,USD/JPY,SWIFT_MT103,Standard_Risk,Clean_NoHit,0.40,0
SWIFT_W91766,DEUTDEDD,SBININBB,CH,CH,250498.62,EUR/JPY,ISO20022_pacs008,Low_Risk,Cleared_FalsePositive,141.05,1
SWIFT_W92241,DEUTDEDD,SBININBB,AU,CH,88719.26,EUR/CHF,ISO20022_pacs008,Low_Risk,Cleared_FalsePositive,96.41,1
SWIFT_W92747,HSBCGB2L,STANHKHH,FR,AU,6554.92,EUR/AED,Fedwire_Funds,Enhanced_Due_Diligence,Clean_NoHit,20.98,0
SWIFT_W92564,HDFCINBB,SMBCJPJT,CH,AU,31487.79,EUR/CHF,ISO20022_pacs008,Enhanced_Due_Diligence,Cleared_FalsePositive,66.42,1
SWIFT_W91912,DBSSHKHH,SBININBB,CH,CH,244585.91,EUR/GBP,ISO20022_pacs008,Low_Risk,Cleared_FalsePositive,151.91,1
SWIFT_W92459,DEUTDEDD,RABONL2U,FR,CA,46634.49,EUR/CHF,ISO20022_pacs008,Enhanced_Due_Diligence,Cleared_FalsePositive,86.43,1
SWIFT_W92484,HSBCGB2L,SMBCJPJT,GB,CA,4051.50,EUR/AED,ISO20022_pacs008,Low_Risk,Clean_NoHit,7.41,0
SWIFT_W92946,HSBCGB2L,SMBCJPJT,US,JP,805.96,EUR/AED,SWIFT_MT103,Enhanced_Due_Diligence,Clean_NoHit,0.95,0
SWIFT_W92747,HDFCINBB,RABONL2U,FR,GB,977.75,EUR/CHF,SWIFT_MT103,PEP_Politically_Exposed,Clean_NoHit,3.37,0
SWIFT_W92883,HSBCGB2L,FABAEADX,US,CH,1311.00,EUR/AED,SEPA_Instant_Credit,Enhanced_Due_Diligence,Clean_NoHit,22.85,0
SWIFT_W92400,DBSSHKHH,RABONL2U,DE,SG,9318.33,EUR/GBP,SWIFT_MT103,Low_Risk,Clean_NoHit,40.97,0
SWIFT_W92572,DEUTDEDD,BCOPESMM,GB,DE,10123.30,EUR/CHF,SEPA_Instant_Credit,Enhanced_Due_Diligence,Cleared_FalsePositive,104.31,0
SWIFT_W92177,DEUTDEDD,RABONL2U,CH,CH,103230.94,EUR/CHF,ISO20022_pacs008,Low_Risk,Cleared_FalsePositive,98.85,1
SWIFT_W92073,DBSSHKHH,SBININBB,CH,CH,249516.16,EUR/INR,ISO20022_pacs008,Low_Risk,Cleared_FalsePositive,155.19,1
SWIFT_W91414,HDFCINBB,STANHKHH,CH,DE,34220.28,USD/CAD,SEPA_Instant_Credit,Low_Risk,Clean_NoHit,70.00,0
SWIFT_W92449,DEUTDEDD,STANHKHH,AU,CA,17818.64,EUR/CHF,SEPA_Instant_Credit,Enhanced_Due_Diligence,Cleared_FalsePositive,136.76,1
SWIFT_W91979,DBSSHKHH,SBININBB,CH,CH,152218.62,EUR/INR,SEPA_Instant_Credit,Low_Risk,Cleared_FalsePositive,176.62,1
SWIFT_W92010,HDFCINBB,RABONL2U,CH,SG,1447.69,EUR/SGD,SWIFT_MT103,PEP_Politically_Exposed,Clean_NoHit,15.62,0
SWIFT_W92916,HSBCGB2L,SMBCJPJT,AU,DE,1073.80,EUR/CHF,SEPA_Instant_Credit,Standard_Risk,Clean_NoHit,1.71,0
SWIFT_W90827,SANTRSMM,UBSWCHZH,AU,SG,809.80,USD/CAD,SWIFT_MT103,Standard_Risk,Clean_NoHit,0.74,0
SWIFT_W91902,DBSSHKHH,RABONL2U,DE,DE,353084.16,EUR/INR,ISO20022_pacs008,Low_Risk,Cleared_FalsePositive,160.22,1
SWIFT_W92607,HDFCINBB,SBININBB,IN,ES,2216.74,EUR/GBP,SWIFT_MT103,PEP_Politically_Exposed,Clean_NoHit,13.13,0
SWIFT_W92899,HDFCINBB,STANHKHH,AE,AU,1637.51,EUR/AED,Fedwire_Funds,Low_Risk,Clean_NoHit,3.54,0
SWIFT_W91858,HDFCINBB,STANHKHH,AU,CH,70426.31,EUR/INR,ISO20022_pacs008,Low_Risk,Cleared_FalsePositive,114.94,1
SWIFT_W92586,DEUTDEDD,SBININBB,DE,CA,25972.67,EUR/CHF,ISO20022_pacs008,Enhanced_Due_Diligence,Clean_NoHit,37.12,0
SWIFT_W92533,HDFCINBB,INGBNL2A,SG,JP,947.95,EUR/INR,SWIFT_MT103,Low_Risk,Clean_NoHit,13.72,0
SWIFT_W92924,HSBCGB2L,SMBCJPJT,SG,ES,818.48,EUR/AED,SWIFT_MT103,Enhanced_Due_Diligence,Clean_NoHit,1.58,0
SWIFT_W91506,HSBCGB2L,STANHKHH,DE,JP,941.76,EUR/USD,SWIFT_MT103,PEP_Politically_Exposed,Clean_NoHit,5.06,0
SWIFT_W92583,DEUTDEDD,SMBCJPJT,DE,CA,46174.69,EUR/CHF,ISO20022_pacs008,Enhanced_Due_Diligence,Clean_NoHit,54.83,0
SWIFT_W92954,HSBCGB2L,STANHKHH,DE,AE,1410.75,EUR/AED,Fedwire_Funds,Enhanced_Due_Diligence,Clean_NoHit,2.97,0
SWIFT_W92864,HSBCGB2L,UBSWCHZH,AU,AU,4311.56,EUR/AED,Fedwire_Funds,Enhanced_Due_Diligence,Clean_NoHit,8.66,0
SWIFT_W91881,HSBCGB2L,SMBCJPJT,CH,JP,804.60,USD/CAD,SWIFT_MT103,Standard_Risk,Clean_NoHit,0.89,0
SWIFT_W92329,DEUTDEDD,SBININBB,FR,CA,60727.23,EUR/CHF,SEPA_Instant_Credit,Enhanced_Due_Diligence,Cleared_FalsePositive,143.93,1
SWIFT_W91161,HSBCGB2L,UBSWCHZH,AU,GB,835.10,USD/CAD,SWIFT_MT103,Standard_Risk,Clean_NoHit,1.32,0
SWIFT_W92282,DBSSHKHH,SBININBB,DE,CA,150204.42,EUR/GBP,ISO20022_pacs008,Low_Risk,Cleared_FalsePositive,140.73,1
SWIFT_W92202,DEUTDEDD,SMBCJPJT,CH,CA,96899.58,EUR/CHF,ISO20022_pacs008,Low_Risk,Cleared_FalsePositive,91.10,0
SWIFT_W92801,HSBCGB2L,SBININBB,SG,CA,4583.93,EUR/CHF,SEPA_Instant_Credit,Enhanced_Due_Diligence,Clean_NoHit,32.87,0
SWIFT_W92167,HSBCGB2L,STANHKHH,SG,ES,1536.94,EUR/JPY,SWIFT_MT103,Low_Risk,Clean_NoHit,10.42,0
SWIFT_W92323,DBSSHKHH,SMBCJPJT,AU,CA,51947.66,EUR/CHF,ISO20022_pacs008,Low_Risk,Cleared_FalsePositive,76.44,0
SWIFT_W92695,HDFCINBB,UBSWCHZH,AE,CA,3424.74,EUR/AED,ISO20022_pacs008,Low_Risk,Clean_NoHit,15.99,0
SWIFT_W91284,DEUTDEDD,RABONL2U,AU,DE,131839.67,EUR/JPY,SEPA_Instant_Credit,PEP_Politically_Exposed,Clean_NoHit,87.96,0
SWIFT_W91789,HSBCGB2L,SMBCJPJT,DE,CA,91088.70,EUR/GBP,ISO20022_pacs008,Low_Risk,Clean_NoHit,60.24,0
SWIFT_W92100,DBSSHKHH,RABONL2U,CH,DE,157709.14,EUR/INR,SEPA_Instant_Credit,Low_Risk,Cleared_FalsePositive,162.89,1
SWIFT_W91051,HDFCINBB,SBININBB,AU,JP,1325.11,USD/CAD,SWIFT_MT103,Standard_Risk,Clean_NoHit,6.30,0
SWIFT_W92534,DEUTDEDD,SMBCJPJT,IN,CH,36554.62,EUR/GBP,SEPA_Instant_Credit,Enhanced_Due_Diligence,Cleared_FalsePositive,114.23,0
SWIFT_W92645,SANTRSMM,UBSWCHZH,DE,GB,803.07,EUR/CHF,SWIFT_MT103,PEP_Politically_Exposed,Clean_NoHit,0.39,0
SWIFT_W92969,HSBCGB2L,FABAEADX,SG,SG,801.46,EUR/AED,SWIFT_MT103,PEP_Politically_Exposed,Clean_NoHit,0.97,0
SWIFT_W91386,DEUTDEDD,SMBCJPJT,CH,ES,63256.31,EUR/USD,SEPA_Instant_Credit,Low_Risk,Clean_NoHit,87.27,0
SWIFT_W92127,DEUTDEDD,SMBCJPJT,AU,CH,118733.76,EUR/INR,ISO20022_pacs008,Low_Risk,Cleared_FalsePositive,140.95,1
SWIFT_W92440,HSBCGB2L,STANHKHH,AU,AU,15257.82,EUR/AED,Fedwire_Funds,Low_Risk,Clean_NoHit,27.61,0
SWIFT_W92854,HSBCGB2L,STANHKHH,SG,AU,1811.13,EUR/AED,ISO20022_pacs008,Enhanced_Due_Diligence,Clean_NoHit,9.90,0
SWIFT_W92394,DEUTDEDD,SMBCJPJT,DE,CA,63079.18,EUR/CHF,Fedwire_Funds,Low_Risk,Clean_NoHit,45.97,0
SWIFT_W90657,SANTRSMM,UBSWCHZH,CH,US,801.37,USD/JPY,SWIFT_MT103,PEP_Politically_Exposed,Clean_NoHit,0.57,0
SWIFT_W91036,SANTRSMM,UBSWCHZH,CH,SG,801.66,USD/JPY,SWIFT_MT103,Standard_Risk,Clean_NoHit,0.51,0
SWIFT_W92874,HSBCGB2L,SBININBB,US,CA,1885.14,EUR/AED,SEPA_Instant_Credit,Enhanced_Due_Diligence,Clean_NoHit,15.60,0
SWIFT_W92563,HDFCINBB,STANHKHH,AU,CA,22760.52,EUR/CHF,Fedwire_Funds,Enhanced_Due_Diligence,Cleared_FalsePositive,70.75,1
SWIFT_W92506,DEUTDEDD,STANHKHH,DE,CA,14361.24,EUR/AED,ISO20022_pacs008,Enhanced_Due_Diligence,Cleared_FalsePositive,51.20,0
SWIFT_W91167,HSBCGB2L,UBSWCHZH,AE,JP,1215.04,USD/JPY,SWIFT_MT103,PEP_Politically_Exposed,Clean_NoHit,8.09,0
SWIFT_W92459,HSBCGB2L,UBSWCHZH,AU,AU,4906.95,EUR/AED,Fedwire_Funds,Low_Risk,Clean_NoHit,15.83,0
SWIFT_W90187,SANTRSMM,UBSWCHZH,AE,SG,801.53,USD/JPY,SWIFT_MT103,Standard_Risk,Clean_NoHit,0.35,0
SWIFT_W92042,DEUTDEDD,SMBCJPJT,AU,CH,152750.62,EUR/INR,ISO20022_pacs008,Low_Risk,Cleared_FalsePositive,146.30,1
SWIFT_W92875,HDFCINBB,UBSWCHZH,AU,AU,3232.56,EUR/AED,Fedwire_Funds,Low_Risk,Clean_NoHit,6.54,0
SWIFT_W91341,HDFCINBB,STANHKHH,AU,JP,5160.57,USD/CAD,SWIFT_MT103,Low_Risk,Clean_NoHit,31.86,0
SWIFT_W91931,DEUTDEDD,SBININBB,AE,SG,1376.91,EUR/USD,SWIFT_MT103,Standard_Risk,Clean_NoHit,12.03,0
SWIFT_W92735,HDFCINBB,RABONL2U,IN,AU,8757.16,EUR/CHF,SEPA_Instant_Credit,Enhanced_Due_Diligence,Clean_NoHit,79.37,0
SWIFT_W92625,SANTRSMM,STANHKHH,SG,GB,802.64,EUR/INR,SWIFT_MT103,Low_Risk,Clean_NoHit,0.57,0
SWIFT_W90856,SANTRSMM,UBSWCHZH,AE,SG,800.61,USD/JPY,SWIFT_MT103,Standard_Risk,Clean_NoHit,0.26,0
SWIFT_W92179,DBSSHKHH,SBININBB,CH,CA,98717.37,EUR/GBP,ISO20022_pacs008,Low_Risk,Cleared_FalsePositive,132.91,1
SWIFT_W92524,HSBCGB2L,STANHKHH,SG,SG,808.30,EUR/CHF,SWIFT_MT103,Low_Risk,Clean_NoHit,1.62,0
SWIFT_W90901,HDFCINBB,STANHKHH,AU,ES,19647.45,EUR/SGD,SEPA_Instant_Credit,Standard_Risk,Clean_NoHit,35.60,0
SWIFT_W92597,HSBCGB2L,STANHKHH,GB,ES,1431.15,EUR/GBP,SWIFT_MT103,Low_Risk,Clean_NoHit,4.20,0
SWIFT_W91064,HSBCGB2L,UBSWCHZH,DE,JP,842.31,USD/CAD,SWIFT_MT103,Standard_Risk,Clean_NoHit,1.67,0
SWIFT_W92600,SANTRSMM,UBSWCHZH,SG,ES,1028.21,EUR/CHF,SWIFT_MT103,Enhanced_Due_Diligence,Clean_NoHit,4.08,0
SWIFT_W92264,SANTRSMM,SMBCJPJT,CH,SG,800.54,EUR/USD,SWIFT_MT103,Standard_Risk,Clean_NoHit,0.22,0
SWIFT_W91952,HDFCINBB,STANHKHH,AU,CA,27874.88,EUR/JPY,Fedwire_Funds,Low_Risk,Clean_NoHit,90.38,1
SWIFT_W90976,HDFCINBB,STANHKHH,AU,GB,1389.40,USD/CAD,SWIFT_MT103,Standard_Risk,Clean_NoHit,7.67,0
SWIFT_W92959,HSBCGB2L,BCOPESMM,NL,CH,1026.57,EUR/AED,SEPA_Instant_Credit,Enhanced_Due_Diligence,Clean_NoHit,13.05,0
SWIFT_W91547,HDFCINBB,SMBCJPJT,CH,SG,2323.48,EUR/JPY,SWIFT_MT103,Standard_Risk,Clean_NoHit,7.66,0
SWIFT_W92501,SANTRSMM,UBSWCHZH,AE,AU,3078.12,EUR/AED,Fedwire_Funds,Low_Risk,Clean_NoHit,22.97,0
SWIFT_W91206,HDFCINBB,SMBCJPJT,CH,CH,8112.31,EUR/USD,SWIFT_MT103,Standard_Risk,Clean_NoHit,19.45,0
SWIFT_W92652,HSBCGB2L,SBININBB,DE,SG,800.62,EUR/INR,SWIFT_MT103,Standard_Risk,Clean_NoHit,0.26,0
SWIFT_W90457,SANTRSMM,UBSWCHZH,AE,JP,811.86,USD/JPY,SWIFT_MT103,Standard_Risk,Clean_NoHit,1.65,0
SWIFT_W92403,DBSSHKHH,RABONL2U,CH,ES,10038.35,EUR/GBP,SWIFT_MT103,PEP_Politically_Exposed,Clean_NoHit,24.97,0
SWIFT_W91652,HSBCGB2L,STANHKHH,CH,JP,899.84,EUR/JPY,SWIFT_MT103,Standard_Risk,Clean_NoHit,2.25,0
SWIFT_W90457,SANTRSMM,UBSWCHZH,AU,JP,801.30,USD/CAD,SWIFT_MT103,Standard_Risk,Clean_NoHit,0.34,0
SWIFT_W90808,SANTRSMM,UBSWCHZH,AE,US,800.61,USD/JPY,SWIFT_MT103,Standard_Risk,Clean_NoHit,0.24,0
SWIFT_W92480,DEUTDEDD,INGBNL2A,CH,JP,4865.09,EUR/JPY,SWIFT_MT103,Low_Risk,Clean_NoHit,30.53,0
SWIFT_W92004,DEUTDEDD,SMBCJPJT,DE,CH,130901.47,EUR/GBP,ISO20022_pacs008,Low_Risk,Cleared_FalsePositive,121.58,1
SWIFT_W92512,HDFCINBB,SBININBB,GB,ES,3893.12,EUR/CHF,SEPA_Instant_Credit,Low_Risk,Clean_NoHit,13.38,0
SWIFT_W90542,SANTRSMM,UBSWCHZH,AE,GB,801.42,USD/CAD,SWIFT_MT103,Standard_Risk,Clean_NoHit,0.35,0
SWIFT_W92100,HSBCGB2L,STANHKHH,FR,JP,802.71,USD/CAD,SWIFT_MT103,PEP_Politically_Exposed,Clean_NoHit,0.87,0
SWIFT_W92535,HDFCINBB,FABAEADX,IN,SG,848.68,EUR/JPY,SWIFT_MT103,PEP_Politically_Exposed,Clean_NoHit,4.92,0
SWIFT_W92400,DEUTDEDD,INGBNL2A,DE,CA,74800.62,EUR/GBP,SEPA_Instant_Credit,Enhanced_Due_Diligence,Cleared_FalsePositive,126.99,1
SWIFT_W92887,HSBCGB2L,STANHKHH,AU,CH,860.65,EUR/CHF,SEPA_Instant_Credit,Standard_Risk,Clean_NoHit,1.24,0
SWIFT_W92704,DBSSHKHH,INGBNL2A,DE,CH,53236.28,EUR/CHF,SEPA_Instant_Credit,Low_Risk,Cleared_FalsePositive,52.25,0
SWIFT_W92750,HDFCINBB,BCOPESMM,SG,US,807.95,EUR/GBP,SWIFT_MT103,Low_Risk,Clean_NoHit,6.51,0
SWIFT_W92176,DBSSHKHH,INGBNL2A,DE,CH,148101.41,EUR/GBP,SEPA_Instant_Credit,Low_Risk,Cleared_FalsePositive,159.83,1
SWIFT_W92874,HSBCGB2L,SMBCJPJT,FR,AU,7047.34,EUR/AED,ISO20022_pacs008,Enhanced_Due_Diligence,Clean_NoHit,16.51,0
SWIFT_W92652,DBSSHKHH,INGBNL2A,CH,GB,8150.49,EUR/INR,SWIFT_MT103,PEP_Politically_Exposed,Clean_NoHit,25.41,0
SWIFT_W92599,HDFCINBB,SBININBB,GB,CA,28213.09,EUR/CHF,ISO20022_pacs008,Enhanced_Due_Diligence,Clean_NoHit,49.31,0
SWIFT_W91595,HDFCINBB,STANHKHH,AU,JP,9669.63,USD/CAD,SWIFT_MT103,Enhanced_Due_Diligence,Clean_NoHit,45.97,0
SWIFT_W91350,HSBCGB2L,STANHKHH,AU,CH,2700.93,EUR/USD,SEPA_Instant_Credit,Standard_Risk,Clean_NoHit,8.97,0
SWIFT_W92267,DBSSHKHH,SBININBB,DE,CA,94175.49,EUR/CHF,ISO20022_pacs008,Enhanced_Due_Diligence,Cleared_FalsePositive,133.78,1
SWIFT_W92934,SANTRSMM,FABAEADX,US,GB,813.79,EUR/AED,SWIFT_MT103,Enhanced_Due_Diligence,Clean_NoHit,4.88,0
SWIFT_W91910,DEUTDEDD,FABAEADX,AU,JP,1317.08,EUR/JPY,SWIFT_MT103,Standard_Risk,Clean_NoHit,8.62,0
SWIFT_W92832,HSBCGB2L,SMBCJPJT,IN,DE,1789.77,EUR/CHF,SEPA_Instant_Credit,Low_Risk,Clean_NoHit,9.05,0
SWIFT_W91066,HSBCGB2L,STANHKHH,DE,SG,809.34,EUR/USD,SWIFT_MT103,Standard_Risk,Clean_NoHit,1.12,0
SWIFT_W91751,HSBCGB2L,STANHKHH,AE,US,800.66,USD/CAD,SWIFT_MT103,Standard_Risk,Clean_NoHit,0.27,0
SWIFT_W92928,HSBCGB2L,STANHKHH,US,AU,1115.24,EUR/AED,SEPA_Instant_Credit,Enhanced_Due_Diligence,Clean_NoHit,11.69,0
SWIFT_W91841,HDFCINBB,SMBCJPJT,AE,DE,8080.30,EUR/INR,SEPA_Instant_Credit,Standard_Risk,Clean_NoHit,21.25,0
SWIFT_W92198,HDFCINBB,STANHKHH,CH,AU,34555.84,EUR/CHF,Fedwire_Funds,Low_Risk,Clean_NoHit,42.96,0
SWIFT_W91232,HSBCGB2L,STANHKHH,AU,JP,1018.67,EUR/SGD,SWIFT_MT103,Standard_Risk,Clean_NoHit,2.59,0
SWIFT_W92103,HDFCINBB,STANHKHH,CH,CA,20510.10,EUR/CHF,ISO20022_pacs008,Enhanced_Due_Diligence,Clean_NoHit,54.65,0
SWIFT_W92155,DBSSHKHH,RABONL2U,DE,CH,183508.12,EUR/GBP,SEPA_Instant_Credit,Low_Risk,Cleared_FalsePositive,134.12,1
SWIFT_W92475,DBSSHKHH,SBININBB,AE,DE,16118.42,EUR/CHF,ISO20022_pacs008,Standard_Risk,Clean_NoHit,31.17,0
SWIFT_W92668,HSBCGB2L,SBININBB,GB,US,800.57,EUR/USD,SWIFT_MT103,Standard_Risk,Clean_NoHit,0.35,0
SWIFT_W91987,DEUTDEDD,SBININBB,AU,CH,76454.36,EUR/GBP,ISO20022_pacs008,PEP_Politically_Exposed,Cleared_FalsePositive,88.49,0
SWIFT_W91405,HDFCINBB,SMBCJPJT,CH,SG,1947.28,EUR/USD,SWIFT_MT103,PEP_Politically_Exposed,Clean_NoHit,11.20,0
SWIFT_W92630,HSBCGB2L,UBSWCHZH,AU,AU,5459.51,EUR/AED,Fedwire_Funds,Enhanced_Due_Diligence,Clean_NoHit,10.80,0
SWIFT_W91263,HDFCINBB,SBININBB,CH,ES,70235.78,EUR/USD,SEPA_Instant_Credit,PEP_Politically_Exposed,Clean_NoHit,87.43,0
SWIFT_W92402,DEUTDEDD,STANHKHH,AU,AU,25413.52,EUR/CHF,ISO20022_pacs008,Enhanced_Due_Diligence,Cleared_FalsePositive,94.43,1
SWIFT_W92696,DBSGSGSG,BCOPESMM,AU,DE,21410.61,EUR/CHF,SEPA_Instant_Credit,Low_Risk,Cleared_FalsePositive,57.35,0
SWIFT_W92282,DBSSHKHH,SBININBB,FR,CH,114926.66,EUR/GBP,SEPA_Instant_Credit,Low_Risk,Cleared_FalsePositive,128.91,0
SWIFT_W91747,DEUTDEDD,SBININBB,DE,CH,143676.02,EUR/GBP,SEPA_Instant_Credit,Low_Risk,Cleared_FalsePositive,106.84,0
SWIFT_W92510,HSBCGB2L,STANHKHH,GB,DE,1735.09,EUR/JPY,SWIFT_MT103,Low_Risk,Clean_NoHit,8.52,0
SWIFT_W92415,DEUTDEDD,FABAEADX,DE,CH,64376.00,EUR/CHF,SEPA_Instant_Credit,Enhanced_Due_Diligence,Cleared_FalsePositive,150.70,0
SWIFT_W91316,HDFCINBB,SMBCJPJT,AU,DE,29085.70,EUR/SGD,SEPA_Instant_Credit,PEP_Politically_Exposed,Clean_NoHit,48.87,0
SWIFT_W92179,DEUTDEDD,SMBCJPJT,DE,CH,136188.06,EUR/GBP,ISO20022_pacs008,Enhanced_Due_Diligence,Cleared_FalsePositive,148.75,1
SWIFT_W91157,SANTRSMM,UBSWCHZH,DE,SG,800.93,EUR/JPY,SWIFT_MT103,Standard_Risk,Clean_NoHit,0.35,0
SWIFT_W92968,HSBCGB2L,SBININBB,DE,US,800.62,EUR/CHF,SWIFT_MT103,Standard_Risk,Clean_NoHit,0.28,0
SWIFT_W92440,DBSSHKHH,RABONL2U,DE,ES,19898.30,EUR/AED,SEPA_Instant_Credit,PEP_Politically_Exposed,Cleared_FalsePositive,48.45,0
SWIFT_W92893,HSBCGB2L,RABONL2U,SG,DE,2226.10,EUR/AED,SEPA_Instant_Credit,Enhanced_Due_Diligence,Clean_NoHit,41.03,0
SWIFT_W92178,SANTRSMM,UBSWCHZH,AU,SG,800.53,EUR/INR,SWIFT_MT103,Standard_Risk,Clean_NoHit,0.20,0
SWIFT_W92683,HDFCINBB,STANHKHH,FR,AU,15683.74,EUR/AED,ISO20022_pacs008,Enhanced_Due_Diligence,Clean_NoHit,42.15,0
SWIFT_W92829,HSBCGB2L,SMBCJPJT,SG,CH,3357.59,EUR/AED,SEPA_Instant_Credit,Enhanced_Due_Diligence,Clean_NoHit,22.12,0
SWIFT_W92675,HDFCINBB,INGBNL2A,NL,CA,14812.40,EUR/GBP,SEPA_Instant_Credit,Enhanced_Due_Diligence,Clean_NoHit,85.39,0
SWIFT_W91958,DEUTDEDD,SMBCJPJT,AU,CH,177363.55,EUR/INR,ISO20022_pacs008,Low_Risk,Cleared_FalsePositive,148.54,1
SWIFT_W92492,DEUTDEDD,SMBCJPJT,AU,CA,42765.42,EUR/CHF,ISO20022_pacs008,Enhanced_Due_Diligence,Cleared_FalsePositive,100.64,1
SWIFT_W92625,DEUTDEDD,SMBCJPJT,AU,AU,53920.86,EUR/CHF,Fedwire_Funds,Low_Risk,Clean_NoHit,68.80,0
SWIFT_W92555,DEUTDEDD,SBININBB,DE,CA,39520.97,EUR/CHF,ISO20022_pacs008,Enhanced_Due_Diligence,Cleared_FalsePositive,99.60,1
SWIFT_W92955,HSBCGB2L,SBININBB,GB,CA,1532.70,EUR/AED,ISO20022_pacs008,Enhanced_Due_Diligence,Clean_NoHit,6.53,0
SWIFT_W91340,HDFCINBB,RABONL2U,FR,ES,11071.03,USD/CAD,SWIFT_MT103,Low_Risk,Clean_NoHit,48.06,0
SWIFT_W92445,DEUTDEDD,SMBCJPJT,DE,CA,73762.06,EUR/CHF,ISO20022_pacs008,Enhanced_Due_Diligence,Cleared_FalsePositive,62.73,0
SWIFT_W92912,HSBCGB2L,BARCGB22,DE,US,800.57,EUR/CHF,SWIFT_MT103,Standard_Risk,Clean_NoHit,0.32,0
SWIFT_W92956,SANTRSMM,STANHKHH,SG,CH,818.94,EUR/AED,SWIFT_MT103,Low_Risk,Clean_NoHit,0.77,0
SWIFT_W92007,SANTRSMM,UBSWCHZH,GB,SG,800.61,USD/CAD,SWIFT_MT103,Standard_Risk,Clean_NoHit,0.28,0
SWIFT_W91913,DBSSHKHH,INGBNL2A,CH,CH,215701.80,EUR/INR,SEPA_Instant_Credit,PEP_Politically_Exposed,Cleared_FalsePositive,114.13,0
SWIFT_W92506,HDFCINBB,INGBNL2A,IN,JP,1060.80,EUR/JPY,SWIFT_MT103,PEP_Politically_Exposed,Clean_NoHit,11.29,0
SWIFT_W92888,DBSSHKHH,BCOPESMM,AU,ES,963.41,EUR/CHF,SWIFT_MT103,Standard_Risk,Clean_NoHit,2.88,0
SWIFT_W91801,DEUTDEDD,SBININBB,CH,DE,256323.22,EUR/INR,ISO20022_pacs008,Low_Risk,Cleared_FalsePositive,169.32,1
SWIFT_W92358,DBSSHKHH,BCOPESMM,IN,CH,50034.49,EUR/GBP,SEPA_Instant_Credit,Enhanced_Due_Diligence,Cleared_FalsePositive,169.49,0
SWIFT_W92975,HSBCGB2L,UBSWCHZH,AU,AU,873.09,EUR/AED,ISO20022_pacs008,Low_Risk,Clean_NoHit,0.76,0
SWIFT_W92437,DEUTDEDD,SMBCJPJT,AU,CA,29377.29,EUR/CHF,ISO20022_pacs008,Low_Risk,Cleared_FalsePositive,99.57,1
SWIFT_W92037,DBSSHKHH,SBININBB,CH,CH,216263.42,EUR/GBP,ISO20022_pacs008,Low_Risk,Cleared_FalsePositive,153.69,1
SWIFT_W92565,HDFCINBB,STANHKHH,FR,CA,15648.83,EUR/AED,ISO20022_pacs008,Enhanced_Due_Diligence,Cleared_FalsePositive,73.50,0
SWIFT_W92320,DEUTDEDD,SBININBB,FR,DE,7725.56,EUR/GBP,SWIFT_MT103,Low_Risk,Clean_NoHit,32.43,0
SWIFT_W92649,DEUTDEDD,STANHKHH,AU,CA,12070.10,EUR/AED,Fedwire_Funds,Enhanced_Due_Diligence,Cleared_FalsePositive,38.47,0
SWIFT_W92370,DEUTDEDD,SMBCJPJT,DE,CH,29447.54,EUR/CHF,ISO20022_pacs008,Low_Risk,Clean_NoHit,36.23,0
SWIFT_W91836,DEUTDEDD,SMBCJPJT,AE,GB,3914.48,EUR/USD,SWIFT_MT103,Standard_Risk,Clean_NoHit,12.43,0
SWIFT_W91810,HSBCGB2L,UBSWCHZH,AE,CA,1070.40,EUR/GBP,SEPA_Instant_Credit,Standard_Risk,Clean_NoHit,4.87,0
SWIFT_W92830,HSBCGB2L,UBSWCHZH,AU,AU,1715.33,EUR/AED,Fedwire_Funds,Low_Risk,Clean_NoHit,2.91,0
SWIFT_W92746,SANTRSMM,SMBCJPJT,US,GB,813.79,EUR/SGD,SWIFT_MT103,Enhanced_Due_Diligence,Clean_NoHit,6.00,0
SWIFT_W92945,HDFCINBB,BCOPESMM,FR,JP,864.42,EUR/AED,SWIFT_MT103,Low_Risk,Clean_NoHit,4.98,0
SWIFT_W92820,HDFCINBB,SMBCJPJT,DE,GB,2182.06,EUR/CHF,SWIFT_MT103,Low_Risk,Clean_NoHit,8.87,0
SWIFT_W92408,HDFCINBB,STANHKHH,CH,CA,29001.05,EUR/CHF,Fedwire_Funds,Enhanced_Due_Diligence,Cleared_FalsePositive,62.71,1
SWIFT_W92484,DBSSHKHH,FABAEADX,GB,CH,23183.91,EUR/CHF,SEPA_Instant_Credit,Enhanced_Due_Diligence,Cleared_FalsePositive,182.71,0
SWIFT_W91099,HSBCGB2L,STANHKHH,CH,ES,7412.37,EUR/USD,SWIFT_MT103,Low_Risk,Clean_NoHit,26.57,0
SWIFT_W92543,SANTRSMM,UBSWCHZH,CH,US,800.54,EUR/USD,SWIFT_MT103,Standard_Risk,Clean_NoHit,0.22,0
SWIFT_W91513,HSBCGB2L,SMBCJPJT,GB,JP,803.94,EUR/SGD,SWIFT_MT103,Standard_Risk,Clean_NoHit,0.74,0
SWIFT_W92361,HDFCINBB,STANHKHH,AU,CA,35675.36,EUR/CHF,Fedwire_Funds,PEP_Politically_Exposed,Clean_NoHit,46.49,0
SWIFT_W91677,HSBCGB2L,STANHKHH,AE,CA,19804.34,EUR/INR,Fedwire_Funds,PEP_Politically_Exposed,Clean_NoHit,59.70,0
SWIFT_W90356,HSBCGB2L,UBSWCHZH,AE,ES,1073.62,USD/JPY,SWIFT_MT103,Standard_Risk,Clean_NoHit,5.42,0
SWIFT_W92292,DBSSHKHH,SBININBB,DE,CH,118235.80,EUR/GBP,ISO20022_pacs008,Low_Risk,Cleared_FalsePositive,116.89,0
SWIFT_W92272,HSBCGB2L,SMBCJPJT,DE,JP,934.71,EUR/JPY,SWIFT_MT103,Standard_Risk,Clean_NoHit,3.74,0
SWIFT_W92066,DBSSHKHH,SBININBB,CH,CH,174746.28,EUR/INR,ISO20022_pacs008,Low_Risk,Cleared_FalsePositive,166.40,1
SWIFT_W90688,HSBCGB2L,STANHKHH,AU,DE,3066.36,EUR/USD,SWIFT_MT103,Standard_Risk,Clean_NoHit,12.01,0
SWIFT_W92575,HDFCINBB,STANHKHH,CH,CA,35525.20,EUR/CHF,Fedwire_Funds,Low_Risk,Clean_NoHit,37.39,0
SWIFT_W92293,DBSSHKHH,SBININBB,AU,CH,134935.91,EUR/GBP,ISO20022_pacs008,Low_Risk,Cleared_FalsePositive,106.96,1
SWIFT_W91029,SANTRSMM,UBSWCHZH,AU,JP,803.77,USD/JPY,SWIFT_MT103,Standard_Risk,Clean_NoHit,0.68,0
SWIFT_W92450,DBSSHKHH,SBININBB,AU,CH,59215.10,EUR/CHF,ISO20022_pacs008,Low_Risk,Cleared_FalsePositive,94.52,1
SWIFT_W92251,SANTRSMM,UBSWCHZH,CH,DE,852.15,EUR/GBP,SWIFT_MT103,PEP_Politically_Exposed,Clean_NoHit,1.14,0
SWIFT_W92766,DEUTDEDD,FABAEADX,DE,JP,880.19,EUR/GBP,SWIFT_MT103,PEP_Politically_Exposed,Clean_NoHit,3.50,0
SWIFT_W91975,SANTRSMM,UBSWCHZH,AU,ES,900.16,USD/CAD,SWIFT_MT103,PEP_Politically_Exposed,Clean_NoHit,2.04,0
SWIFT_W92013,HSBCGB2L,STANHKHH,GB,DE,5295.64,EUR/JPY,SEPA_Instant_Credit,Low_Risk,Clean_NoHit,21.87,0
SWIFT_W92787,HSBCGB2L,STANHKHH,CH,CA,1135.22,EUR/AED,SEPA_Instant_Credit,Low_Risk,Clean_NoHit,2.03,0
SWIFT_W91302,HSBCGB2L,STANHKHH,FR,JP,4530.81,EUR/SGD,SWIFT_MT103,PEP_Politically_Exposed,Clean_NoHit,21.70,0
SWIFT_W92551,HSBCGB2L,SBININBB,IN,JP,863.23,EUR/CHF,SWIFT_MT103,PEP_Politically_Exposed,Clean_NoHit,3.16,0
SWIFT_W92392,HDFCINBB,STANHKHH,AU,AU,20505.92,EUR/CHF,ISO20022_pacs008,Enhanced_Due_Diligence,Cleared_FalsePositive,92.25,1
SWIFT_W92843,DBSSHKHH,BCOPESMM,AE,SG,812.10,EUR/GBP,SWIFT_MT103,Standard_Risk,Clean_NoHit,1.25,0
SWIFT_W92180,DEUTDEDD,SMBCJPJT,DE,CH,77013.49,EUR/INR,SEPA_Instant_Credit,Enhanced_Due_Diligence,Cleared_FalsePositive,155.81,1
SWIFT_W90499,SANTRSMM,UBSWCHZH,AE,DE,800.65,EUR/USD,SWIFT_MT103,Standard_Risk,Clean_NoHit,0.25,0
SWIFT_W92723,HDFCINBB,FABAEADX,SG,CH,9563.19,EUR/CHF,SEPA_Instant_Credit,Enhanced_Due_Diligence,Clean_NoHit,81.08,0
SWIFT_W92403,DEUTDEDD,SBININBB,AU,CH,153276.84,EUR/GBP,ISO20022_pacs008,Low_Risk,Cleared_FalsePositive,108.79,1
SWIFT_W91747,HDFCINBB,STANHKHH,IN,ES,5116.11,EUR/JPY,SWIFT_MT103,Low_Risk,Clean_NoHit,19.69,0
SWIFT_W92855,HDFCINBB,STANHKHH,DE,AU,5471.37,EUR/AED,ISO20022_pacs008,Enhanced_Due_Diligence,Clean_NoHit,13.81,0
SWIFT_W92770,HSBCGB2L,SBININBB,NL,SG,806.09,EUR/AED,SWIFT_MT103,PEP_Politically_Exposed,Clean_NoHit,1.23,0
SWIFT_W91322,SANTRSMM,UBSWCHZH,AE,JP,800.89,USD/JPY,SWIFT_MT103,Standard_Risk,Clean_NoHit,0.30,0
SWIFT_W92566,HDFCINBB,SBININBB,SG,CH,9029.26,EUR/CHF,SEPA_Instant_Credit,Enhanced_Due_Diligence,Clean_NoHit,68.79,0
SWIFT_W91966,SANTRSMM,UBSWCHZH,FR,JP,800.55,USD/CAD,SWIFT_MT103,Standard_Risk,Clean_NoHit,0.23,0
SWIFT_W92874,DEUTDEDD,BARCGB22,CH,GB,989.80,EUR/AED,SWIFT_MT103,PEP_Politically_Exposed,Clean_NoHit,6.00,0
SWIFT_W91155,HSBCGB2L,STANHKHH,DE,SG,843.32,EUR/JPY,SWIFT_MT103,PEP_Politically_Exposed,Clean_NoHit,1.79,0
SWIFT_W92192,DEUTDEDD,SMBCJPJT,FR,CA,63176.08,EUR/CHF,ISO20022_pacs008,Enhanced_Due_Diligence,Cleared_FalsePositive,76.31,0
SWIFT_W92397,HDFCINBB,SMBCJPJT,IN,CA,57114.45,EUR/GBP,ISO20022_pacs008,Enhanced_Due_Diligence,Clean_NoHit,83.87,0
SWIFT_W92720,DEUTDEDD,SBININBB,SG,DE,5661.26,EUR/AED,SEPA_Instant_Credit,Enhanced_Due_Diligence,Clean_NoHit,40.60,0
SWIFT_W90470,SANTRSMM,UBSWCHZH,AE,US,800.53,USD/JPY,SWIFT_MT103,Standard_Risk,Clean_NoHit,0.20,0
SWIFT_W92838,HDFCINBB,STANHKHH,AU,AU,4897.49,EUR/AED,Fedwire_Funds,Enhanced_Due_Diligence,Clean_NoHit,18.51,0
SWIFT_W92633,HSBCGB2L,INGBNL2A,IN,JP,814.67,EUR/CHF,SWIFT_MT103,Standard_Risk,Clean_NoHit,1.33,0
SWIFT_W92352,DEUTDEDD,SMBCJPJT,FR,CA,75351.50,EUR/CHF,ISO20022_pacs008,Enhanced_Due_Diligence,Clean_NoHit,67.53,0
SWIFT_W92042,HDFCINBB,SMBCJPJT,AU,CH,107116.86,EUR/INR,ISO20022_pacs008,Low_Risk,Cleared_FalsePositive,110.83,0
SWIFT_W92835,HSBCGB2L,INGBNL2A,US,CH,951.25,EUR/CHF,SWIFT_MT103,Enhanced_Due_Diligence,Clean_NoHit,20.16,0
SWIFT_W91805,SANTRSMM,STANHKHH,GB,SG,800.80,USD/CAD,SWIFT_MT103,Standard_Risk,Clean_NoHit,0.43,0
SWIFT_W92045,DBSSHKHH,RABONL2U,DE,CH,285865.47,EUR/GBP,ISO20022_pacs008,Low_Risk,Cleared_FalsePositive,144.03,1
SWIFT_W90349,HSBCGB2L,UBSWCHZH,AU,GB,945.05,USD/JPY,SWIFT_MT103,Standard_Risk,Clean_NoHit,3.87,0
SWIFT_W91353,HSBCGB2L,STANHKHH,GB,GB,1116.96,USD/CAD,SWIFT_MT103,PEP_Politically_Exposed,Clean_NoHit,5.56,0
SWIFT_W92644,DEUTDEDD,BCOPESMM,NL,CH,7341.44,EUR/CHF,SEPA_Instant_Credit,Enhanced_Due_Diligence,Clean_NoHit,81.91,0
SWIFT_W90964,SANTRSMM,UBSWCHZH,AU,SG,800.59,USD/JPY,SWIFT_MT103,Standard_Risk,Clean_NoHit,0.26,0
SWIFT_W91728,SANTRSMM,UBSWCHZH,AU,JP,802.18,EUR/USD,SWIFT_MT103,Standard_Risk,Clean_NoHit,0.40,0
SWIFT_W92886,HSBCGB2L,UBSWCHZH,CH,AU,2389.65,EUR/AED,Fedwire_Funds,Enhanced_Due_Diligence,Clean_NoHit,7.47,0
SWIFT_W91624,DEUTDEDD,SMBCJPJT,CH,ES,80403.06,EUR/USD,SEPA_Instant_Credit,Low_Risk,Clean_NoHit,93.58,0
SWIFT_W92834,HSBCGB2L,STANHKHH,FR,CA,3236.99,EUR/AED,ISO20022_pacs008,Enhanced_Due_Diligence,Clean_NoHit,9.99,0
SWIFT_W91918,HSBCGB2L,SMBCJPJT,NL,SG,800.82,EUR/INR,SWIFT_MT103,Standard_Risk,Clean_NoHit,0.37,0
SWIFT_W92027,HDFCINBB,SBININBB,CH,JP,1064.43,EUR/USD,SWIFT_MT103,Standard_Risk,Clean_NoHit,4.29,0
SWIFT_W91309,DBSSHKHH,SMBCJPJT,CH,GB,14429.83,EUR/JPY,SWIFT_MT103,PEP_Politically_Exposed,Clean_NoHit,33.90,0
SWIFT_W92114,HDFCINBB,STANHKHH,CH,CA,60365.11,EUR/CHF,ISO20022_pacs008,Enhanced_Due_Diligence,Cleared_FalsePositive,91.77,1
SWIFT_W91914,DBSSHKHH,SBININBB,CH,DE,234433.12,EUR/JPY,ISO20022_pacs008,Low_Risk,Cleared_FalsePositive,154.67,1
SWIFT_W92350,HDFCINBB,SMBCJPJT,DE,CA,44588.43,EUR/AED,ISO20022_pacs008,Enhanced_Due_Diligence,Cleared_FalsePositive,65.26,0
SWIFT_W92022,SANTRSMM,SMBCJPJT,FR,SG,800.60,EUR/SGD,SWIFT_MT103,Standard_Risk,Clean_NoHit,0.31,0
SWIFT_W92667,HDFCINBB,SBININBB,FR,CA,48389.14,EUR/CHF,ISO20022_pacs008,Low_Risk,Clean_NoHit,65.46,0
SWIFT_W92851,HSBCGB2L,SMBCJPJT,CH,DE,1063.78,EUR/CHF,SEPA_Instant_Credit,PEP_Politically_Exposed,Clean_NoHit,2.23,0
SWIFT_W92468,DEUTDEDD,INGBNL2A,GB,CA,41551.68,EUR/CHF,SEPA_Instant_Credit,Enhanced_Due_Diligence,Cleared_FalsePositive,122.67,0
SWIFT_W92347,DEUTDEDD,RABONL2U,FR,CH,28611.80,EUR/CHF,SEPA_Instant_Credit,Low_Risk,Clean_NoHit,49.43,0
SWIFT_W91901,DBSSHKHH,SBININBB,DE,CH,248756.23,EUR/INR,ISO20022_pacs008,Low_Risk,Cleared_FalsePositive,172.61,1
SWIFT_W92922,HDFCINBB,STANHKHH,FR,AU,2441.34,EUR/AED,Fedwire_Funds,Enhanced_Due_Diligence,Clean_NoHit,10.41,0
SWIFT_W92918,HSBCGB2L,STANHKHH,FR,CA,997.68,EUR/AED,SEPA_Instant_Credit,Low_Risk,Clean_NoHit,2.24,0
SWIFT_W92222,DEUTDEDD,SMBCJPJT,AE,CA,29036.26,EUR/CHF,ISO20022_pacs008,PEP_Politically_Exposed,Clean_NoHit,49.61,0
SWIFT_W91922,SANTRSMM,STANHKHH,AE,US,800.53,USD/JPY,SWIFT_MT103,Standard_Risk,Clean_NoHit,0.20,0
SWIFT_W91610,SANTRSMM,UBSWCHZH,CH,DE,842.22,EUR/JPY,SWIFT_MT103,PEP_Politically_Exposed,Clean_NoHit,1.15,0
SWIFT_W92066,HSBCGB2L,STANHKHH,IN,CH,28375.56,EUR/GBP,SEPA_Instant_Credit,Low_Risk,Clean_NoHit,35.73,0
SWIFT_W91227,HSBCGB2L,STANHKHH,AU,SG,801.00,EUR/USD,SWIFT_MT103,Standard_Risk,Clean_NoHit,0.40,0
SWIFT_W92556,HDFCINBB,STANHKHH,DE,AU,14048.52,EUR/AED,ISO20022_pacs008,Enhanced_Due_Diligence,Clean_NoHit,28.50,0
SWIFT_W92119,DBSSHKHH,SBININBB,CH,CH,230465.05,EUR/INR,ISO20022_pacs008,Low_Risk,Cleared_FalsePositive,134.21,1
SWIFT_W91247,HDFCINBB,STANHKHH,CH,GB,1148.24,USD/CAD,SWIFT_MT103,Standard_Risk,Clean_NoHit,5.01,0
SWIFT_W92695,HSBCGB2L,STANHKHH,IN,AU,8259.00,EUR/AED,ISO20022_pacs008,Enhanced_Due_Diligence,Clean_NoHit,24.50,0
SWIFT_W92547,DBSSHKHH,BCOPESMM,FR,CA,25703.72,EUR/CHF,SEPA_Instant_Credit,Enhanced_Due_Diligence,Cleared_FalsePositive,125.01,0
SWIFT_W91052,HSBCGB2L,UBSWCHZH,AE,SG,801.39,EUR/USD,SWIFT_MT103,Standard_Risk,Clean_NoHit,0.34,0
SWIFT_W92537,DEUTDEDD,INGBNL2A,AU,JP,1175.14,EUR/GBP,SWIFT_MT103,Standard_Risk,Clean_NoHit,6.08,0
SWIFT_W92419,HDFCINBB,SMBCJPJT,DE,AU,34952.85,EUR/CHF,ISO20022_pacs008,Enhanced_Due_Diligence,Clean_NoHit,45.95,0
SWIFT_W92338,HDFCINBB,SMBCJPJT,SG,JP,1397.12,EUR/INR,SWIFT_MT103,Enhanced_Due_Diligence,Clean_NoHit,25.26,0
SWIFT_W91931,DBSSHKHH,RABONL2U,DE,ES,19940.57,EUR/USD,SWIFT_MT103,Low_Risk,Clean_NoHit,82.31,0
SWIFT_W91653,HSBCGB2L,SMBCJPJT,FR,JP,810.13,USD/CAD,SWIFT_MT103,Standard_Risk,Clean_NoHit,1.30,0
SWIFT_W92940,HSBCGB2L,SBININBB,US,CH,994.24,EUR/AED,SEPA_Instant_Credit,Enhanced_Due_Diligence,Clean_NoHit,11.26,0
SWIFT_W92570,HSBCGB2L,SBININBB,DE,US,800.80,EUR/GBP,SWIFT_MT103,Standard_Risk,Clean_NoHit,0.35,0
SWIFT_W91029,HSBCGB2L,UBSWCHZH,AU,JP,824.47,USD/JPY,SWIFT_MT103,Standard_Risk,Clean_NoHit,1.14,0
SWIFT_W92798,HSBCGB2L,STANHKHH,IN,CH,2387.88,EUR/AED,ISO20022_pacs008,Enhanced_Due_Diligence,Clean_NoHit,11.15,0
SWIFT_W92774,HSBCGB2L,RABONL2U,NL,US,800.59,EUR/AED,SWIFT_MT103,Standard_Risk,Clean_NoHit,0.28,0
SWIFT_W92156,DEUTDEDD,RABONL2U,DE,CA,129368.55,EUR/INR,ISO20022_pacs008,Enhanced_Due_Diligence,Cleared_FalsePositive,167.96,1
SWIFT_W92413,DEUTDEDD,SBININBB,GB,CH,88689.34,EUR/INR,SEPA_Instant_Credit,Enhanced_Due_Diligence,Cleared_FalsePositive,148.51,0
SWIFT_W91528,DEUTDEDD,SBININBB,AU,JP,4288.68,EUR/USD,SWIFT_MT103,PEP_Politically_Exposed,Clean_NoHit,17.84,0
SWIFT_W92086,DBSSHKHH,SBININBB,CH,CH,167027.31,EUR/GBP,ISO20022_pacs008,Low_Risk,Cleared_FalsePositive,150.23,1
SWIFT_W92209,DBSSHKHH,INGBNL2A,CH,CH,76029.98,EUR/GBP,SEPA_Instant_Credit,Low_Risk,Cleared_FalsePositive,129.76,1
SWIFT_W92090,HSBCGB2L,SMBCJPJT,DE,JP,805.53,EUR/INR,SWIFT_MT103,Standard_Risk,Clean_NoHit,0.76,0
SWIFT_W92390,DBSSHKHH,INGBNL2A,CH,CA,41316.92,EUR/CHF,SEPA_Instant_Credit,Low_Risk,Cleared_FalsePositive,107.50,1
SWIFT_W92089,DBSSHKHH,SBININBB,DE,CA,174558.09,EUR/INR,SEPA_Instant_Credit,Low_Risk,Cleared_FalsePositive,167.28,1
SWIFT_W92251,DEUTDEDD,STANHKHH,AU,CA,43435.51,EUR/GBP,ISO20022_pacs008,Enhanced_Due_Diligence,Cleared_FalsePositive,163.96,1
SWIFT_W92588,DBSSHKHH,RABONL2U,AU,CA,51931.30,EUR/CHF,ISO20022_pacs008,Low_Risk,Cleared_FalsePositive,68.05,1
SWIFT_W92061,SANTRSMM,SMBCJPJT,NL,SG,800.54,EUR/INR,SWIFT_MT103,Standard_Risk,Clean_NoHit,0.24,0
SWIFT_W92365,DBSSHKHH,INGBNL2A,DE,CH,99202.97,EUR/GBP,SEPA_Instant_Credit,Low_Risk,Cleared_FalsePositive,131.41,0
SWIFT_W92312,HDFCINBB,STANHKHH,AU,CA,59747.74,EUR/GBP,ISO20022_pacs008,Low_Risk,Cleared_FalsePositive,99.30,1
SWIFT_W92082,DBSSHKHH,SBININBB,DE,CH,216628.09,EUR/INR,ISO20022_pacs008,Enhanced_Due_Diligence,Cleared_FalsePositive,156.76,1
SWIFT_W92971,SANTRSMM,INGBNL2A,US,US,800.53,EUR/CHF,SWIFT_MT103,PEP_Politically_Exposed,Clean_NoHit,0.23,0
SWIFT_W92548,DEUTDEDD,RABONL2U,IN,CH,41368.29,EUR/CHF,ISO20022_pacs008,Enhanced_Due_Diligence,Clean_NoHit,77.18,0
SWIFT_W92949,HSBCGB2L,SBININBB,SG,CA,1071.82,EUR/AED,ISO20022_pacs008,Enhanced_Due_Diligence,Clean_NoHit,5.23,0
SWIFT_W92168,DEUTDEDD,INGBNL2A,AU,SG,1401.54,EUR/JPY,SWIFT_MT103,Standard_Risk,Clean_NoHit,7.87,0
SWIFT_W92897,SANTRSMM,UBSWCHZH,CH,AU,1103.41,EUR/AED,Fedwire_Funds,Low_Risk,Clean_NoHit,2.44,0
SWIFT_W92366,DBSSHKHH,INGBNL2A,FR,CH,102643.90,EUR/GBP,SEPA_Instant_Credit,Low_Risk,Cleared_FalsePositive,139.92,0
SWIFT_W92940,HSBCGB2L,INGBNL2A,US,CH,1337.90,EUR/AED,SEPA_Instant_Credit,Enhanced_Due_Diligence,Clean_NoHit,56.35,0
SWIFT_W91894,DEUTDEDD,SMBCJPJT,CH,CH,189053.09,EUR/GBP,ISO20022_pacs008,Low_Risk,Cleared_FalsePositive,150.66,1
SWIFT_W91800,HSBCGB2L,UBSWCHZH,AE,AU,1917.95,EUR/INR,ISO20022_pacs008,PEP_Politically_Exposed,Clean_NoHit,10.65,0
SWIFT_W91925,HDFCINBB,RABONL2U,AU,SG,828.64,EUR/USD,SWIFT_MT103,Standard_Risk,Clean_NoHit,2.14,0
SWIFT_W92276,DBSSHKHH,INGBNL2A,FR,CH,99682.02,EUR/GBP,SEPA_Instant_Credit,Enhanced_Due_Diligence,Cleared_FalsePositive,180.43,1
SWIFT_W91672,DEUTDEDD,RABONL2U,AU,GB,38666.18,EUR/SGD,SEPA_Instant_Credit,PEP_Politically_Exposed,Clean_NoHit,54.75,0
SWIFT_W91819,DEUTDEDD,SMBCJPJT,FR,CH,79671.84,EUR/INR,SEPA_Instant_Credit,Low_Risk,Clean_NoHit,104.52,0
SWIFT_W92292,DEUTDEDD,RABONL2U,AU,CH,120251.23,EUR/GBP,ISO20022_pacs008,Low_Risk,Cleared_FalsePositive,123.31,1
SWIFT_W92569,SANTRSMM,SMBCJPJT,SG,GB,815.70,EUR/INR,SWIFT_MT103,Low_Risk,Clean_NoHit,1.50,0
SWIFT_W90968,HSBCGB2L,STANHKHH,AU,JP,833.77,USD/CAD,SWIFT_MT103,Standard_Risk,Clean_NoHit,1.83,0
SWIFT_W91988,HDFCINBB,SBININBB,AU,CH,7205.68,EUR/SGD,SEPA_Instant_Credit,Standard_Risk,Clean_NoHit,20.80,0
SWIFT_W92494,HSBCGB2L,UBSWCHZH,AE,CH,960.28,EUR/AED,ISO20022_pacs008,Low_Risk,Clean_NoHit,1.90,0
SWIFT_W92100,DEUTDEDD,STANHKHH,CH,CH,84121.22,EUR/INR,ISO20022_pacs008,Low_Risk,Clean_NoHit,86.96,0
SWIFT_W92495,DEUTDEDD,SMBCJPJT,AU,AU,20795.91,EUR/AED,ISO20022_pacs008,Low_Risk,Cleared_FalsePositive,58.94,1
SWIFT_W92678,DBSSHKHH,FABAEADX,AU,JP,1169.20,EUR/INR,SWIFT_MT103,Standard_Risk,Clean_NoHit,6.19,0
SWIFT_W90984,HDFCINBB,STANHKHH,AU,GB,1835.38,USD/JPY,SWIFT_MT103,PEP_Politically_Exposed,Clean_NoHit,11.89,0
SWIFT_W92520,DEUTDEDD,SMBCJPJT,CH,CH,57914.90,EUR/CHF,ISO20022_pacs008,Low_Risk,Clean_NoHit,49.86,0
SWIFT_W91938,SANTRSMM,UBSWCHZH,AE,DE,802.15,EUR/USD,SWIFT_MT103,Standard_Risk,Clean_NoHit,0.35,0
SWIFT_W92336,HSBCGB2L,UBSWCHZH,AE,AU,4684.57,EUR/AED,Fedwire_Funds,Low_Risk,Clean_NoHit,28.52,0
SWIFT_W92257,DEUTDEDD,RABONL2U,AU,CA,52268.88,EUR/CHF,ISO20022_pacs008,Enhanced_Due_Diligence,Cleared_FalsePositive,100.86,1
SWIFT_W92166,DBSSHKHH,RABONL2U,DE,CH,94818.77,EUR/GBP,SEPA_Instant_Credit,Low_Risk,Cleared_FalsePositive,158.72,1
SWIFT_W92337,DEUTDEDD,FABAEADX,AE,SG,853.21,EUR/INR,SWIFT_MT103,Standard_Risk,Clean_NoHit,1.83,0
SWIFT_W91402,HDFCINBB,SMBCJPJT,DE,ES,11601.94,EUR/USD,SWIFT_MT103,Low_Risk,Clean_NoHit,45.60,0
SWIFT_W92413,DBSSHKHH,BCOPESMM,GB,JP,3754.18,EUR/CHF,SWIFT_MT103,Low_Risk,Clean_NoHit,48.86,0
SWIFT_W92462,DBSSHKHH,FABAEADX,CH,DE,25458.71,EUR/CHF,SEPA_Instant_Credit,PEP_Politically_Exposed,Clean_NoHit,50.28,0
SWIFT_W91932,HDFCINBB,STANHKHH,AE,CH,5175.15,EUR/INR,SEPA_Instant_Credit,Standard_Risk,Clean_NoHit,15.91,0
SWIFT_W91994,DEUTDEDD,SBININBB,FR,DE,120173.11,EUR/INR,SEPA_Instant_Credit,Low_Risk,Clean_NoHit,96.53,0
SWIFT_W92788,HDFCINBB,RABONL2U,SG,CH,7056.32,EUR/GBP,SWIFT_MT103,Enhanced_Due_Diligence,Clean_NoHit,129.52,0
SWIFT_W92687,HSBCGB2L,STANHKHH,NL,DE,2658.28,EUR/CHF,SEPA_Instant_Credit,Enhanced_Due_Diligence,Clean_NoHit,16.14,0
SWIFT_W92915,HSBCGB2L,UBSWCHZH,SG,CA,1278.96,EUR/AED,ISO20022_pacs008,Enhanced_Due_Diligence,Clean_NoHit,8.34,0
SWIFT_W91912,SANTRSMM,UBSWCHZH,NL,JP,803.53,EUR/SGD,SWIFT_MT103,PEP_Politically_Exposed,Clean_NoHit,0.68,0
SWIFT_W91870,HDFCINBB,SBININBB,GB,JP,1428.19,EUR/SGD,SWIFT_MT103,Low_Risk,Clean_NoHit,18.39,0
SWIFT_W92779,HSBCGB2L,SBININBB,NL,CH,9644.08,EUR/CHF,SEPA_Instant_Credit,Enhanced_Due_Diligence,Clean_NoHit,25.97,0
SWIFT_W92079,DEUTDEDD,SMBCJPJT,FR,DE,56741.96,EUR/CHF,ISO20022_pacs008,Low_Risk,Clean_NoHit,59.45,0
SWIFT_W92914,HSBCGB2L,UBSWCHZH,FR,AU,2041.08,EUR/AED,Fedwire_Funds,Enhanced_Due_Diligence,Clean_NoHit,7.05,0
SWIFT_W90296,SANTRSMM,UBSWCHZH,AE,US,800.78,USD/JPY,SWIFT_MT103,Standard_Risk,Clean_NoHit,0.36,0
SWIFT_W92137,DBSSHKHH,INGBNL2A,CH,CH,106739.66,EUR/CHF,SEPA_Instant_Credit,Low_Risk,Cleared_FalsePositive,134.07,1
SWIFT_W90493,HSBCGB2L,UBSWCHZH,AU,GB,2446.12,USD/CAD,SWIFT_MT103,PEP_Politically_Exposed,Clean_NoHit,13.28,0
SWIFT_W92623,DEUTDEDD,BCOPESMM,IN,DE,11270.03,EUR/CHF,SEPA_Instant_Credit,Enhanced_Due_Diligence,Cleared_FalsePositive,95.94,0
SWIFT_W92443,DEUTDEDD,INGBNL2A,FR,CH,26866.74,EUR/CHF,SEPA_Instant_Credit,Enhanced_Due_Diligence,Cleared_FalsePositive,147.46,0
SWIFT_W91876,DEUTDEDD,SBININBB,DE,DE,177823.22,EUR/JPY,SEPA_Instant_Credit,Low_Risk,Cleared_FalsePositive,163.18,1
SWIFT_W92773,HDFCINBB,STANHKHH,AE,AU,4644.73,EUR/AED,Fedwire_Funds,Enhanced_Due_Diligence,Cleared_FalsePositive,32.68,1
SWIFT_W91837,SANTRSMM,UBSWCHZH,IN,US,800.53,EUR/JPY,SWIFT_MT103,Standard_Risk,Clean_NoHit,0.22,0
SWIFT_W92612,DBSSHKHH,BARCGB22,GB,GB,8689.50,EUR/CHF,SWIFT_MT103,Low_Risk,Clean_NoHit,60.64,0
SWIFT_W91894,DBSSHKHH,RABONL2U,DE,DE,311972.38,EUR/INR,ISO20022_pacs008,Low_Risk,Cleared_FalsePositive,179.16,1
SWIFT_W92259,DBSSHKHH,RABONL2U,FR,CH,90661.95,EUR/CHF,SEPA_Instant_Credit,Enhanced_Due_Diligence,Cleared_FalsePositive,158.26,0
SWIFT_W92748,DEUTDEDD,SBININBB,AU,CA,25060.30,EUR/AED,ISO20022_pacs008,Enhanced_Due_Diligence,Clean_NoHit,25.21,0
SWIFT_W92838,HSBCGB2L,BCOPESMM,US,SG,825.77,EUR/CHF,SWIFT_MT103,Enhanced_Due_Diligence,Clean_NoHit,7.54,0
SWIFT_W91115,HSBCGB2L,STANHKHH,CH,JP,805.81,USD/CAD,SWIFT_MT103,Standard_Risk,Clean_NoHit,1.03,0
SWIFT_W92759,HSBCGB2L,UBSWCHZH,AU,AU,4271.93,EUR/AED,Fedwire_Funds,Enhanced_Due_Diligence,Clean_NoHit,20.10,0
SWIFT_W92294,SANTRSMM,UBSWCHZH,AU,CA,2061.69,EUR/CHF,ISO20022_pacs008,Low_Risk,Clean_NoHit,5.19,0
SWIFT_W92681,DEUTDEDD,RABONL2U,FR,CA,24886.16,EUR/CHF,ISO20022_pacs008,Enhanced_Due_Diligence,Clean_NoHit,38.20,0
SWIFT_W92299,HSBCGB2L,STANHKHH,NL,JP,805.39,EUR/CHF,SWIFT_MT103,PEP_Politically_Exposed,Clean_NoHit,1.07,0
SWIFT_W91686,HDFCINBB,STANHKHH,DE,DE,51021.65,EUR/JPY,SEPA_Instant_Credit,Low_Risk,Clean_NoHit,106.76,0
SWIFT_W92256,HDFCINBB,SMBCJPJT,NL,GB,1967.19,EUR/USD,SWIFT_MT103,Enhanced_Due_Diligence,Clean_NoHit,39.58,0
SWIFT_W92075,HSBCGB2L,STANHKHH,AE,US,800.53,EUR/USD,SWIFT_MT103,Standard_Risk,Clean_NoHit,0.21,0
SWIFT_W92564,HSBCGB2L,SMBCJPJT,US,GB,879.05,EUR/CHF,SWIFT_MT103,Enhanced_Due_Diligence,Clean_NoHit,6.57,0
SWIFT_W92464,DEUTDEDD,FABAEADX,NL,DE,14451.62,EUR/CHF,SEPA_Instant_Credit,Enhanced_Due_Diligence,Clean_NoHit,98.44,0
SWIFT_W92696,HSBCGB2L,SMBCJPJT,IN,AU,8145.09,EUR/AED,ISO20022_pacs008,Enhanced_Due_Diligence,Clean_NoHit,30.90,0
SWIFT_W91875,DBSSHKHH,SBININBB,CH,CH,288861.47,EUR/INR,ISO20022_pacs008,Low_Risk,Cleared_FalsePositive,152.30,1
SWIFT_W92658,HDFCINBB,RABONL2U,SG,CH,5718.92,EUR/AED,ISO20022_pacs008,Enhanced_Due_Diligence,Clean_NoHit,36.15,0
SWIFT_W92933,DBSSHKHH,INGBNL2A,AU,ES,1321.86,EUR/AED,SEPA_Instant_Credit,PEP_Politically_Exposed,Clean_NoHit,4.75,0
SWIFT_W92575,DBSGSGSG,FABAEADX,AU,ES,41570.74,EUR/CHF,SEPA_Instant_Credit,PEP_Politically_Exposed,Cleared_FalsePositive,85.12,0
SWIFT_W91752,DEUTDEDD,SBININBB,DE,CH,199808.36,EUR/GBP,ISO20022_pacs008,Low_Risk,Cleared_FalsePositive,132.14,1
SWIFT_W91469,SANTRSMM,UBSWCHZH,AE,SG,800.54,USD/CAD,SWIFT_MT103,Standard_Risk,Clean_NoHit,0.22,0
SWIFT_W92570,HDFCINBB,STANHKHH,AU,AU,18439.70,EUR/AED,Fedwire_Funds,Low_Risk,Clean_NoHit,38.52,0
SWIFT_W92684,HDFCINBB,INGBNL2A,NL,JP,879.38,EUR/CHF,SWIFT_MT103,Low_Risk,Clean_NoHit,5.10,0
SWIFT_W92103,HDFCINBB,STANHKHH,CH,CH,33922.92,EUR/INR,ISO20022_pacs008,Enhanced_Due_Diligence,Clean_NoHit,99.30,0
SWIFT_W92335,HDFCINBB,STANHKHH,AU,CA,42128.19,EUR/GBP,ISO20022_pacs008,Enhanced_Due_Diligence,Cleared_FalsePositive,125.46,1
SWIFT_W92787,HSBCGB2L,SBININBB,SG,DE,2696.17,EUR/CHF,SEPA_Instant_Credit,Low_Risk,Clean_NoHit,15.87,0
SWIFT_W92909,HSBCGB2L,BARCGB22,SG,CH,1162.54,EUR/AED,SWIFT_MT103,Enhanced_Due_Diligence,Clean_NoHit,31.06,0
SWIFT_W91880,DEUTDEDD,SBININBB,AU,JP,1762.03,EUR/USD,SWIFT_MT103,Standard_Risk,Clean_NoHit,7.84,0
SWIFT_W92744,HDFCINBB,INGBNL2A,NL,CA,4442.62,EUR/AED,SEPA_Instant_Credit,Enhanced_Due_Diligence,Clean_NoHit,58.11,0
SWIFT_W92430,HDFCINBB,RABONL2U,IN,CA,32454.06,EUR/GBP,SEPA_Instant_Credit,Enhanced_Due_Diligence,Clean_NoHit,88.75,0
SWIFT_W92221,DBSGSGSG,FABAEADX,CH,ES,94716.85,EUR/GBP,SEPA_Instant_Credit,Low_Risk,Cleared_FalsePositive,115.18,1
SWIFT_W90639,HSBCGB2L,STANHKHH,AU,GB,1394.19,USD/JPY,SWIFT_MT103,PEP_Politically_Exposed,Clean_NoHit,10.61,0
SWIFT_W91569,HSBCGB2L,STANHKHH,FR,JP,828.22,USD/CAD,SWIFT_MT103,PEP_Politically_Exposed,Clean_NoHit,1.61,0
SWIFT_W92566,HSBCGB2L,SMBCJPJT,GB,GB,917.38,EUR/AED,SWIFT_MT103,PEP_Politically_Exposed,Clean_NoHit,1.72,0
SWIFT_W92509,DEUTDEDD,SMBCJPJT,AU,CA,22313.84,EUR/GBP,ISO20022_pacs008,PEP_Politically_Exposed,Clean_NoHit,32.72,0
SWIFT_W92470,HDFCINBB,SMBCJPJT,FR,AU,20170.02,EUR/CHF,ISO20022_pacs008,Enhanced_Due_Diligence,Cleared_FalsePositive,97.16,1
SWIFT_W91980,HDFCINBB,STANHKHH,DE,GB,6736.44,EUR/SGD,SWIFT_MT103,Low_Risk,Clean_NoHit,30.43,0
SWIFT_W92329,DBSSHKHH,FABAEADX,FR,DE,131269.36,EUR/GBP,SEPA_Instant_Credit,Low_Risk,Cleared_FalsePositive,125.88,0
SWIFT_W91146,SANTRSMM,UBSWCHZH,AE,SG,800.55,EUR/USD,SWIFT_MT103,Standard_Risk,Clean_NoHit,0.21,0
SWIFT_W91963,HSBCGB2L,STANHKHH,AE,CA,17284.91,EUR/GBP,Fedwire_Funds,Low_Risk,Clean_NoHit,54.76,1
SWIFT_W92276,SANTRSMM,STANHKHH,DE,US,800.53,EUR/USD,SWIFT_MT103,Standard_Risk,Clean_NoHit,0.21,0
SWIFT_W92745,HDFCINBB,STANHKHH,AU,CA,4684.51,EUR/AED,ISO20022_pacs008,Low_Risk,Clean_NoHit,8.90,0
SWIFT_W91739,DEUTDEDD,STANHKHH,CH,ES,20080.33,EUR/JPY,SEPA_Instant_Credit,Low_Risk,Clean_NoHit,40.44,0
SWIFT_W92385,DEUTDEDD,SBININBB,AU,AU,25400.69,EUR/CHF,SEPA_Instant_Credit,Enhanced_Due_Diligence,Cleared_FalsePositive,118.45,1
SWIFT_W92710,SANTRSMM,UBSWCHZH,CH,AU,2136.75,EUR/CHF,Fedwire_Funds,Low_Risk,Clean_NoHit,5.08,0
SWIFT_W92901,HSBCGB2L,SBININBB,US,GB,840.61,EUR/AED,SWIFT_MT103,Enhanced_Due_Diligence,Clean_NoHit,8.39,0
SWIFT_W92309,DEUTDEDD,BCOPESMM,FR,CH,74907.24,EUR/GBP,SEPA_Instant_Credit,Low_Risk,Cleared_FalsePositive,115.59,0
SWIFT_W92483,HSBCGB2L,INGBNL2A,NL,SG,801.08,EUR/INR,SWIFT_MT103,PEP_Politically_Exposed,Clean_NoHit,0.88,0
SWIFT_W91828,DBSSHKHH,INGBNL2A,DE,ES,210387.41,EUR/INR,SEPA_Instant_Credit,Low_Risk,Cleared_FalsePositive,143.36,0
SWIFT_W92118,DBSSHKHH,SBININBB,DE,CA,99723.62,EUR/GBP,SEPA_Instant_Credit,Enhanced_Due_Diligence,Cleared_FalsePositive,157.87,1
SWIFT_W92142,DBSSHKHH,FABAEADX,DE,DE,130119.74,EUR/GBP,SEPA_Instant_Credit,Low_Risk,Cleared_FalsePositive,156.41,1
SWIFT_W92918,HSBCGB2L,BCOPESMM,IN,GB,824.69,EUR/AED,SWIFT_MT103,PEP_Politically_Exposed,Clean_NoHit,2.03,0
SWIFT_W91008,HSBCGB2L,STANHKHH,AE,GB,817.51,USD/CAD,SWIFT_MT103,Standard_Risk,Clean_NoHit,0.94,0
SWIFT_W92324,DEUTDEDD,SMBCJPJT,AU,CA,96219.20,EUR/GBP,ISO20022_pacs008,Low_Risk,Cleared_FalsePositive,127.96,1
SWIFT_W92630,HDFCINBB,SMBCJPJT,DE,AU,13114.51,EUR/AED,ISO20022_pacs008,Enhanced_Due_Diligence,Cleared_FalsePositive,50.91,0
SWIFT_W92059,HSBCGB2L,STANHKHH,CH,AU,21374.08,EUR/GBP,ISO20022_pacs008,Low_Risk,Clean_NoHit,23.69,0
SWIFT_W92289,DEUTDEDD,SMBCJPJT,AU,CA,80077.86,EUR/GBP,ISO20022_pacs008,Enhanced_Due_Diligence,Cleared_FalsePositive,135.18,1
SWIFT_W91101,SANTRSMM,STANHKHH,CH,DE,812.36,EUR/SGD,SWIFT_MT103,Standard_Risk,Clean_NoHit,0.73,0
SWIFT_W92364,DBSSHKHH,BCOPESMM,DE,GB,15770.30,EUR/GBP,SWIFT_MT103,Low_Risk,Cleared_FalsePositive,62.75,0
SWIFT_W92476,DEUTDEDD,SBININBB,IN,DE,43150.17,EUR/JPY,SEPA_Instant_Credit,Enhanced_Due_Diligence,Cleared_FalsePositive,181.78,0
SWIFT_W92563,SANTRSMM,UBSWCHZH,CH,SG,800.62,EUR/AED,SWIFT_MT103,Standard_Risk,Clean_NoHit,0.23,0
SWIFT_W90774,HSBCGB2L,UBSWCHZH,AU,JP,925.70,USD/CAD,SWIFT_MT103,Standard_Risk,Clean_NoHit,2.73,0
SWIFT_W91268,HDFCINBB,SMBCJPJT,AU,DE,47203.32,EUR/JPY,ISO20022_pacs008,PEP_Politically_Exposed,Clean_NoHit,62.89,0
SWIFT_W92272,DEUTDEDD,SMBCJPJT,CH,CA,73137.86,EUR/GBP,ISO20022_pacs008,Enhanced_Due_Diligence,Cleared_FalsePositive,127.13,1
SWIFT_W92790,HSBCGB2L,SMBCJPJT,US,CH,989.60,EUR/AED,SEPA_Instant_Credit,Enhanced_Due_Diligence,Clean_NoHit,6.42,0
SWIFT_W92420,DBSSHKHH,RABONL2U,GB,CH,108592.95,EUR/INR,SEPA_Instant_Credit,Low_Risk,Cleared_FalsePositive,140.53,0
SWIFT_W92468,DEUTDEDD,SBININBB,CH,AU,35349.12,EUR/CHF,SEPA_Instant_Credit,Enhanced_Due_Diligence,Cleared_FalsePositive,109.53,1
SWIFT_W92914,HSBCGB2L,SMBCJPJT,US,JP,809.50,EUR/AED,SWIFT_MT103,Enhanced_Due_Diligence,Clean_NoHit,1.43,0
SWIFT_W91834,HSBCGB2L,STANHKHH,GB,GB,3449.41,EUR/USD,SWIFT_MT103,Low_Risk,Clean_NoHit,22.67,0
SWIFT_W92751,HSBCGB2L,SMBCJPJT,FR,CA,21441.94,EUR/CHF,ISO20022_pacs008,Enhanced_Due_Diligence,Clean_NoHit,40.83,0
SWIFT_W92725,HSBCGB2L,SMBCJPJT,GB,AU,5894.86,EUR/AED,ISO20022_pacs008,Enhanced_Due_Diligence,Clean_NoHit,26.65,0
SWIFT_W92799,HDFCINBB,FABAEADX,NL,SG,809.54,EUR/AED,SWIFT_MT103,PEP_Politically_Exposed,Clean_NoHit,1.83,0
SWIFT_W92788,DEUTDEDD,SBININBB,AU,CA,11748.26,EUR/AED,ISO20022_pacs008,Low_Risk,Cleared_FalsePositive,26.60,0
SWIFT_W92566,DEUTDEDD,FABAEADX,FR,DE,28715.69,EUR/CHF,SEPA_Instant_Credit,Low_Risk,Cleared_FalsePositive,119.23,0
SWIFT_W92986,HSBCGB2L,SBININBB,US,GB,803.59,EUR/AED,SWIFT_MT103,Enhanced_Due_Diligence,Clean_NoHit,0.99,0
SWIFT_W91642,HSBCGB2L,SMBCJPJT,GB,ES,846.48,EUR/SGD,SWIFT_MT103,PEP_Politically_Exposed,Clean_NoHit,2.39,0
SWIFT_W92595,HDFCINBB,SMBCJPJT,IN,CH,2630.29,EUR/GBP,SWIFT_MT103,Low_Risk,Clean_NoHit,14.94,0
SWIFT_W91847,DBSSHKHH,RABONL2U,CH,DE,177061.12,EUR/GBP,SEPA_Instant_Credit,Low_Risk,Cleared_FalsePositive,143.92,1
SWIFT_W92578,DEUTDEDD,SBININBB,CH,JP,1071.80,EUR/AED,SWIFT_MT103,PEP_Politically_Exposed,Clean_NoHit,3.55,0
SWIFT_W91866,DEUTDEDD,SMBCJPJT,AE,US,829.40,EUR/JPY,SWIFT_MT103,Standard_Risk,Clean_NoHit,1.23,0
SWIFT_W92721,HSBCGB2L,STANHKHH,CH,CH,1330.41,EUR/GBP,SEPA_Instant_Credit,Low_Risk,Clean_NoHit,2.78,0
SWIFT_W92312,HDFCINBB,SMBCJPJT,CH,CA,98955.91,EUR/CHF,ISO20022_pacs008,Low_Risk,Cleared_FalsePositive,76.35,0
SWIFT_W90221,SANTRSMM,UBSWCHZH,AE,JP,800.76,USD/JPY,SWIFT_MT103,Standard_Risk,Clean_NoHit,0.29,0
SWIFT_W92703,DEUTDEDD,FABAEADX,FR,CA,7901.98,EUR/AED,SEPA_Instant_Credit,Enhanced_Due_Diligence,Cleared_FalsePositive,94.59,0
SWIFT_W92598,HDFCINBB,STANHKHH,CH,AU,16167.74,EUR/CHF,ISO20022_pacs008,Enhanced_Due_Diligence,Cleared_FalsePositive,83.01,1
SWIFT_W92429,DEUTDEDD,SMBCJPJT,DE,CA,80797.16,EUR/GBP,ISO20022_pacs008,Enhanced_Due_Diligence,Cleared_FalsePositive,105.56,1
SWIFT_W92632,HDFCINBB,SMBCJPJT,AU,AU,7381.93,EUR/CHF,ISO20022_pacs008,Enhanced_Due_Diligence,Cleared_FalsePositive,81.32,1
SWIFT_W92897,SANTRSMM,UBSWCHZH,DE,AU,1486.45,EUR/AED,Fedwire_Funds,Enhanced_Due_Diligence,Clean_NoHit,9.03,0
SWIFT_W92479,DEUTDEDD,RABONL2U,DE,CA,33472.50,EUR/CHF,ISO20022_pacs008,Enhanced_Due_Diligence,Cleared_FalsePositive,106.84,1
SWIFT_W92124,DBSSHKHH,SBININBB,AU,GB,86120.53,EUR/JPY,SEPA_Instant_Credit,PEP_Politically_Exposed,Cleared_FalsePositive,78.86,0
SWIFT_W92827,HDFCINBB,SMBCJPJT,IN,CH,2388.31,EUR/AED,SEPA_Instant_Credit,Enhanced_Due_Diligence,Clean_NoHit,14.40,0
SWIFT_W92231,DBSGSGSG,SBININBB,AU,DE,111943.47,EUR/GBP,ISO20022_pacs008,Low_Risk,Cleared_FalsePositive,91.36,0
SWIFT_W92651,HSBCGB2L,UBSWCHZH,AU,AU,4340.56,EUR/CHF,Fedwire_Funds,Low_Risk,Clean_NoHit,16.28,0
SWIFT_W92244,HDFCINBB,RABONL2U,NL,JP,1125.83,EUR/SGD,SWIFT_MT103,Enhanced_Due_Diligence,Clean_NoHit,23.85,0
SWIFT_W92841,HSBCGB2L,FABAEADX,SG,CA,1712.20,EUR/AED,SEPA_Instant_Credit,Enhanced_Due_Diligence,Clean_NoHit,72.19,0
SWIFT_W92652,DBSSHKHH,BCOPESMM,CH,SG,1960.31,EUR/GBP,SWIFT_MT103,PEP_Politically_Exposed,Clean_NoHit,19.53,0
SWIFT_W92124,DBSSHKHH,INGBNL2A,CH,CH,183293.05,EUR/GBP,ISO20022_pacs008,Low_Risk,Cleared_FalsePositive,138.72,1
SWIFT_W92676,HSBCGB2L,INGBNL2A,NL,CA,20089.07,EUR/CHF,ISO20022_pacs008,Low_Risk,Clean_NoHit,38.46,0
SWIFT_W92065,DBSSHKHH,INGBNL2A,DE,CH,232658.44,EUR/GBP,SEPA_Instant_Credit,Low_Risk,Cleared_FalsePositive,170.00,1
SWIFT_W91774,HDFCINBB,STANHKHH,CH,DE,54253.43,EUR/SGD,SEPA_Instant_Credit,Low_Risk,Clean_NoHit,81.92,0
SWIFT_W92897,HDFCINBB,BARCGB22,GB,JP,819.05,EUR/CHF,SWIFT_MT103,PEP_Politically_Exposed,Clean_NoHit,3.58,0
SWIFT_W91689,HSBCGB2L,STANHKHH,GB,JP,802.93,USD/CAD,SWIFT_MT103,PEP_Politically_Exposed,Clean_NoHit,1.04,0
SWIFT_W92677,HSBCGB2L,UBSWCHZH,DE,AU,4405.00,EUR/AED,Fedwire_Funds,Enhanced_Due_Diligence,Clean_NoHit,9.73,0
SWIFT_W92546,HSBCGB2L,UBSWCHZH,AU,AU,3989.02,EUR/AED,Fedwire_Funds,Enhanced_Due_Diligence,Clean_NoHit,19.64,0
SWIFT_W91399,HSBCGB2L,UBSWCHZH,AE,CA,4375.48,EUR/JPY,Fedwire_Funds,Standard_Risk,Clean_NoHit,34.85,0
SWIFT_W91653,DEUTDEDD,SBININBB,CH,SG,1077.14,EUR/INR,SWIFT_MT103,Standard_Risk,Clean_NoHit,4.27,0
SWIFT_W91241,HSBCGB2L,UBSWCHZH,AE,DE,2161.96,USD/CAD,SEPA_Instant_Credit,PEP_Politically_Exposed,Clean_NoHit,17.09,0
SWIFT_W91289,SANTRSMM,UBSWCHZH,AU,US,800.54,USD/CAD,SWIFT_MT103,Standard_Risk,Clean_NoHit,0.22,0
SWIFT_W92519,HDFCINBB,SMBCJPJT,AU,DE,24345.84,EUR/CHF,ISO20022_pacs008,PEP_Politically_Exposed,Clean_NoHit,29.29,0
SWIFT_W91723,DEUTDEDD,SBININBB,DE,CA,154256.45,EUR/CHF,ISO20022_pacs008,Low_Risk,Cleared_FalsePositive,80.30,0
SWIFT_W91757,DEUTDEDD,INGBNL2A,AU,GB,18096.23,EUR/JPY,SWIFT_MT103,Standard_Risk,Clean_NoHit,26.31,0
SWIFT_W92792,HSBCGB2L,SMBCJPJT,US,CH,1527.56,EUR/AED,SEPA_Instant_Credit,Enhanced_Due_Diligence,Clean_NoHit,15.92,0
SWIFT_W90519,SANTRSMM,STANHKHH,AE,SG,800.57,USD/CAD,SWIFT_MT103,Standard_Risk,Clean_NoHit,0.23,0
SWIFT_W92364,DBSSHKHH,FABAEADX,CH,DE,103816.52,EUR/CHF,SEPA_Instant_Credit,PEP_Politically_Exposed,Cleared_FalsePositive,82.41,0
SWIFT_W91931,DEUTDEDD,STANHKHH,AE,DE,5108.63,EUR/USD,SEPA_Instant_Credit,Standard_Risk,Clean_NoHit,17.48,0
