age,account_type,transaction_type,merchant_category,amount,balance_before,balance_after,transaction_hour,location,device_type,payment_method,is_international,is_fraud,transaction_id,customer_id
18,Savings,Payment,Entertainment,644.44,549.12,0.0,12,Berlin,POS Terminal,Wire Transfer,0,0,TXN_100209,CUST_10209
39,Checking,Transfer,Travel,376.98,16245.97,15868.99,23,Toronto,ATM,UPI / Wallet,0,0,TXN_106823,CUST_16823
67,Checking,Withdrawal,Travel,23.69,26999.34,26975.65,22,London,Mobile App,UPI / Wallet,0,0,TXN_104793,CUST_14793
63,Checking,Deposit,Entertainment,52.15,25635.45,25583.3,23,Singapore,POS Terminal,UPI / Wallet,0,1,TXN_100927,CUST_10927
59,Checking,Transfer,Groceries,32.68,4604.83,4572.15,15,Singapore,Web Browser,Credit Card,0,0,TXN_101825,CUST_11825
56,Checking,Deposit,Retail,33.79,11491.5,11457.71,7,Singapore,Mobile App,Wire Transfer,0,0,TXN_104583,CUST_14583
18,Savings,Deposit,Travel,409.63,8402.33,7992.7,8,Tokyo,Mobile App,Debit Card,1,0,TXN_100137,CUST_10137
64,Savings,Transfer,Utilities,287.82,18904.89,18617.07,20,Toronto,Web Browser,Wire Transfer,0,0,TXN_105710,CUST_15710
26,Credit,Withdrawal,Retail,283.97,4863.65,4579.68,16,New York,Web Browser,Debit Card,0,0,TXN_104957,CUST_14957
43,Savings,Transfer,Electronics,119.27,13441.82,13322.55,18,Berlin,Mobile App,Debit Card,0,0,TXN_100302,CUST_10302
52,Savings,Payment,Retail,90.31,16723.5,16633.19,6,Singapore,ATM,Debit Card,0,1,TXN_102069,CUST_12069
21,Savings,Withdrawal,Utilities,442.33,25614.8,25172.47,9,Toronto,Web Browser,UPI / Wallet,0,0,TXN_106981,CUST_16981
62,Savings,Withdrawal,Retail,310.23,13199.45,12889.22,1,Mumbai,Web Browser,Credit Card,0,0,TXN_106930,CUST_16930
70,Checking,Transfer,Entertainment,44.24,7850.87,7806.63,1,New York,ATM,Wire Transfer,0,0,TXN_104554,CUST_14554
18,Checking,Transfer,Entertainment,43.87,10886.73,10842.86,11,New York,Web Browser,Debit Card,1,0,TXN_100274,CUST_10274
21,Business,Deposit,Electronics,30.25,22295.58,22265.33,9,Berlin,Web Browser,UPI / Wallet,0,0,TXN_106088,CUST_16088
66,Checking,Payment,Travel,135.54,19723.82,19588.28,8,London,Mobile App,Wire Transfer,0,0,TXN_102770,CUST_12770
42,Checking,Deposit,Electronics,49.3,21557.74,21508.44,1,Mumbai,ATM,Debit Card,0,0,TXN_104311,CUST_14311
39,Savings,Transfer,Retail,37.96,5941.53,5903.57,5,Mumbai,Mobile App,Debit Card,0,0,TXN_103885,CUST_13885
30,Checking,Payment,Retail,9.73,21752.27,21742.54,19,Toronto,Mobile App,Wire Transfer,1,0,TXN_100855,CUST_10855
66,Savings,Payment,Entertainment,13.26,18100.26,18087.0,18,New York,POS Terminal,Debit Card,0,0,TXN_100375,CUST_10375
66,Checking,Transfer,Retail,257.58,15168.52,14910.94,17,London,Web Browser,UPI / Wallet,0,0,TXN_105101,CUST_15101
59,Savings,Payment,Travel,71.79,19041.8,18970.01,11,Singapore,ATM,Wire Transfer,0,0,TXN_102392,CUST_12392
38,Savings,Payment,Travel,113.13,22317.23,22204.1,5,London,POS Terminal,Credit Card,0,1,TXN_103032,CUST_13032
63,Checking,Payment,Utilities,62.44,23232.85,23170.41,3,Mumbai,ATM,UPI / Wallet,0,0,TXN_100445,CUST_10445
55,Savings,Withdrawal,Retail,18.28,22619.61,22601.33,18,Berlin,Web Browser,Debit Card,0,0,TXN_102065,CUST_12065
47,Savings,Transfer,Retail,25.06,17356.5,17331.44,13,Toronto,ATM,UPI / Wallet,0,1,TXN_102262,CUST_12262
46,Savings,Withdrawal,Utilities,122.85,26094.08,26121.23,9,Berlin,Web Browser,Wire Transfer,0,0,TXN_106446,CUST_16446
33,Credit,Withdrawal,Retail,108.83,24365.5,24256.67,13,Tokyo,Web Browser,Debit Card,0,0,TXN_100674,CUST_10674
29,Savings,Payment,Groceries,61.6,15465.73,15404.13,12,Tokyo,ATM,UPI / Wallet,0,0,TXN_105124,CUST_15124
74,Checking,Transfer,Groceries,15.61,21268.82,21253.21,22,Tokyo,POS Terminal,Debit Card,0,0,TXN_100900,CUST_10900
42,Savings,Payment,Utilities,43.56,24109.55,24065.99,4,Toronto,ATM,Wire Transfer,0,1,TXN_103773,CUST_13773
33,Business,Withdrawal,Retail,15.74,11815.73,11799.99,5,Berlin,POS Terminal,Wire Transfer,0,0,TXN_103028,CUST_13028
20,Checking,Payment,Utilities,76.92,26788.77,26711.85,4,New York,POS Terminal,Debit Card,1,0,TXN_101558,CUST_11558
54,Checking,Payment,Retail,143.22,4777.91,4634.69,11,Toronto,ATM,UPI / Wallet,1,0,TXN_106985,CUST_16985
44,Savings,Transfer,Groceries,109.69,23313.7,23204.01,23,Mumbai,ATM,Wire Transfer,1,0,TXN_105601,CUST_15601
22,Savings,Transfer,Groceries,207.75,22192.39,21984.64,2,Berlin,Web Browser,Wire Transfer,0,0,TXN_105099,CUST_15099
35,Checking,Transfer,Entertainment,26.46,21266.71,21240.25,13,Tokyo,Mobile App,UPI / Wallet,0,0,TXN_104765,CUST_14765
44,Savings,Withdrawal,Retail,28.71,11435.33,11406.62,10,Mumbai,Web Browser,Debit Card,0,0,TXN_105798,CUST_15798
72,Savings,Withdrawal,Electronics,83.72,23984.86,23901.14,21,Mumbai,Web Browser,Debit Card,0,0,TXN_103093,CUST_13093
64,Credit,Deposit,Entertainment,61.53,19696.06,19634.53,7,Toronto,Mobile App,Credit Card,0,0,TXN_100576,CUST_10576
73,Savings,Payment,Groceries,58.78,23892.16,23833.38,16,Berlin,POS Terminal,Debit Card,1,0,TXN_100747,CUST_10747
43,Savings,Payment,Retail,232.24,1751.01,1518.77,21,London,Web Browser,UPI / Wallet,0,1,TXN_104028,CUST_14028
49,Credit,Payment,Electronics,52.02,18499.42,18447.4,20,London,ATM,Wire Transfer,1,0,TXN_102203,CUST_12203
22,Savings,Payment,Retail,66.54,25802.05,25735.51,20,Berlin,Mobile App,UPI / Wallet,0,0,TXN_104653,CUST_14653
70,Business,Payment,Retail,81.84,22808.43,22726.59,22,London,ATM,UPI / Wallet,0,0,TXN_100446,CUST_10446
59,Checking,Withdrawal,Travel,142.42,26481.67,26339.25,5,Mumbai,ATM,Wire Transfer,0,0,TXN_103569,CUST_13569
35,Checking,Transfer,Groceries,370.5,27410.75,27040.25,3,New York,Web Browser,Wire Transfer,0,0,TXN_104844,CUST_14844
18,Checking,Payment,Retail,476.21,21886.78,21410.57,22,Mumbai,ATM,Credit Card,0,0,TXN_105580,CUST_15580
64,Savings,Payment,Electronics,81.81,24176.17,24094.36,21,Singapore,Web Browser,Credit Card,0,1,TXN_106797,CUST_16797
67,Checking,Transfer,Entertainment,191.41,24391.21,24199.8,23,Mumbai,Web Browser,Debit Card,0,0,TXN_105528,CUST_15528
33,Credit,Deposit,Groceries,139.07,20658.59,20669.52,18,Mumbai,Web Browser,Wire Transfer,0,1,TXN_106611,CUST_16611
21,Savings,Deposit,Utilities,111.31,24078.2,23966.89,9,Toronto,Mobile App,Debit Card,0,0,TXN_102859,CUST_12859
18,Savings,Withdrawal,Groceries,101.32,13283.4,13182.08,6,Tokyo,Mobile App,UPI / Wallet,1,0,TXN_102169,CUST_12169
61,Checking,Withdrawal,Travel,51.2,25557.93,25506.73,21,Tokyo,ATM,Wire Transfer,0,0,TXN_105610,CUST_15610
49,Savings,Deposit,Travel,21.03,23692.88,23671.85,23,Berlin,Web Browser,Wire Transfer,0,0,TXN_105145,CUST_15145
33,Business,Transfer,Travel,194.53,21516.4,21321.87,0,Berlin,Mobile App,UPI / Wallet,0,0,TXN_105679,CUST_15679
59,Checking,Transfer,Groceries,8.45,12223.23,12214.78,14,Singapore,Mobile App,Debit Card,1,1,TXN_104704,CUST_14704
29,Checking,Payment,Travel,93.46,25494.11,25400.65,1,Singapore,ATM,UPI / Wallet,0,0,TXN_103898,CUST_13898
67,Savings,Deposit,Entertainment,102.17,29005.8,28903.63,4,Tokyo,ATM,UPI / Wallet,0,0,TXN_100175,CUST_10175
35,Business,Deposit,Groceries,130.22,6949.67,6819.45,8,Tokyo,POS Terminal,UPI / Wallet,1,1,TXN_104600,CUST_14600
68,Checking,Withdrawal,Electronics,71.21,24348.16,24276.95,8,Berlin,Web Browser,UPI / Wallet,0,0,TXN_106014,CUST_16014
45,Checking,Withdrawal,Utilities,188.85,17052.2,16863.35,19,Singapore,Mobile App,UPI / Wallet,0,0,TXN_104780,CUST_14780
37,Business,Transfer,Electronics,301.81,22009.91,21708.1,2,Tokyo,Mobile App,Debit Card,0,0,TXN_106176,CUST_16176
18,Savings,Payment,Entertainment,38.7,19266.99,19228.29,2,New York,Mobile App,Debit Card,0,0,TXN_106842,CUST_16842
25,Checking,Payment,Groceries,97.49,13759.93,13662.44,9,Tokyo,Web Browser,Debit Card,0,0,TXN_104076,CUST_14076
58,Savings,Transfer,Travel,77.56,22688.88,22611.32,12,Singapore,Mobile App,Wire Transfer,0,0,TXN_102646,CUST_12646
67,Checking,Transfer,Retail,79.37,28548.78,28469.41,19,Mumbai,Mobile App,Wire Transfer,0,0,TXN_101569,CUST_11569
31,Savings,Payment,Groceries,199.97,19603.97,19554.0,12,Singapore,Web Browser,Debit Card,0,0,TXN_106500,CUST_16500
42,Savings,Deposit,Utilities,179.05,14226.38,14047.33,13,Mumbai,ATM,UPI / Wallet,1,0,TXN_105677,CUST_15677
38,Checking,Transfer,Travel,391.33,23261.88,22870.55,6,Berlin,POS Terminal,Debit Card,0,0,TXN_100087,CUST_10087
22,Credit,Transfer,Groceries,3.51,17903.12,17899.61,6,Toronto,POS Terminal,Credit Card,0,0,TXN_104685,CUST_14685
20,Credit,Deposit,Groceries,8.33,22930.05,22921.72,13,Berlin,ATM,Debit Card,0,0,TXN_100308,CUST_10308
61,Checking,Deposit,Electronics,167.78,25349.8,25182.02,13,London,Web Browser,Wire Transfer,0,0,TXN_105309,CUST_15309
35,Checking,Transfer,Entertainment,435.68,24366.06,23930.38,3,Singapore,POS Terminal,Debit Card,0,0,TXN_100892,CUST_10892
21,Savings,Withdrawal,Groceries,112.26,18298.66,18186.4,12,London,Mobile App,Wire Transfer,0,0,TXN_104418,CUST_14418
36,Savings,Withdrawal,Electronics,185.81,9808.13,9622.32,16,Berlin,POS Terminal,Debit Card,0,0,TXN_105849,CUST_15849
36,Checking,Payment,Electronics,119.14,19846.61,19727.47,0,New York,Web Browser,UPI / Wallet,0,0,TXN_103628,CUST_13628
62,Savings,Withdrawal,Entertainment,72.04,19447.88,19375.84,7,Mumbai,Mobile App,Credit Card,1,0,TXN_103767,CUST_13767
34,Business,Deposit,Electronics,579.97,25943.16,25363.19,13,London,Web Browser,Debit Card,0,0,TXN_106862,CUST_16862
18,Checking,Deposit,Electronics,0.4,9453.41,9453.01,9,New York,Web Browser,Credit Card,0,1,TXN_100379,CUST_10379
18,Credit,Payment,Groceries,35.48,15893.8,15858.32,17,Mumbai,Mobile App,Debit Card,0,0,TXN_104787,CUST_14787
59,Savings,Transfer,Entertainment,48.22,21860.88,21812.66,4,Tokyo,Web Browser,UPI / Wallet,0,0,TXN_102094,CUST_12094
59,Savings,Payment,Travel,108.23,25451.41,25343.18,20,Tokyo,Web Browser,Debit Card,0,0,TXN_102882,CUST_12882
30,Savings,Deposit,Electronics,293.21,21783.63,21640.42,11,Berlin,Mobile App,Wire Transfer,0,0,TXN_106839,CUST_16839
67,Savings,Transfer,Electronics,408.82,6254.88,5846.06,13,Toronto,ATM,Debit Card,0,0,TXN_105919,CUST_15919
67,Business,Deposit,Retail,339.94,11044.79,10704.85,8,Tokyo,Mobile App,UPI / Wallet,0,0,TXN_101215,CUST_11215
61,Checking,Payment,Entertainment,169.69,9087.68,8917.99,8,Tokyo,Web Browser,UPI / Wallet,0,1,TXN_102395,CUST_12395
48,Checking,Withdrawal,Entertainment,84.02,6769.16,6685.14,20,Toronto,ATM,UPI / Wallet,0,0,TXN_101014,CUST_11014
22,Savings,Transfer,Travel,732.84,24095.5,23362.66,6,Singapore,Mobile App,Wire Transfer,1,0,TXN_104778,CUST_14778
36,Checking,Payment,Groceries,429.34,18645.9,18216.56,16,Tokyo,Web Browser,Credit Card,0,0,TXN_102714,CUST_12714
63,Business,Transfer,Electronics,339.76,25903.25,25563.49,1,Toronto,ATM,Debit Card,0,0,TXN_101027,CUST_11027
49,Savings,Payment,Electronics,246.47,18706.09,18459.62,5,Mumbai,Web Browser,Debit Card,0,0,TXN_104665,CUST_14665
24,Savings,Payment,Travel,128.93,20938.41,20809.48,2,Tokyo,Mobile App,Debit Card,0,0,TXN_104074,CUST_14074
60,Checking,Payment,Electronics,344.35,2127.62,1783.27,9,Mumbai,Mobile App,Wire Transfer,1,0,TXN_104366,CUST_14366
70,Savings,Transfer,Retail,113.63,2065.27,1951.64,11,Tokyo,ATM,UPI / Wallet,0,0,TXN_104262,CUST_14262
57,Savings,Payment,Retail,153.68,12551.1,12397.42,8,Toronto,Mobile App,UPI / Wallet,0,0,TXN_105332,CUST_15332
30,Checking,Payment,Retail,61.5,13474.09,13412.59,13,Tokyo,Mobile App,Debit Card,1,0,TXN_101254,CUST_11254
18,Credit,Transfer,Retail,321.62,17480.16,17158.54,18,Singapore,Web Browser,Credit Card,0,0,TXN_104252,CUST_14252
33,Savings,Withdrawal,Travel,29.46,22318.19,22288.73,1,London,ATM,Credit Card,0,0,TXN_104183,CUST_14183
75,Checking,Transfer,Groceries,68.78,20410.98,20342.2,5,New York,Mobile App,UPI / Wallet,0,0,TXN_103731,CUST_13731
22,Checking,Payment,Groceries,161.21,26308.67,26147.46,7,Berlin,Mobile App,Debit Card,0,0,TXN_106452,CUST_16452
18,Checking,Payment,Utilities,90.16,5739.84,5649.68,14,Berlin,Mobile App,Debit Card,0,0,TXN_100550,CUST_10550
53,Business,Transfer,Travel,13.8,18243.01,18229.21,3,Mumbai,Web Browser,UPI / Wallet,0,0,TXN_103683,CUST_13683
42,Checking,Withdrawal,Retail,92.81,13994.67,13901.86,7,London,POS Terminal,Wire Transfer,0,0,TXN_102637,CUST_12637
56,Savings,Deposit,Groceries,77.36,4743.46,4666.1,18,Tokyo,ATM,UPI / Wallet,0,0,TXN_102654,CUST_12654
69,Credit,Transfer,Electronics,111.44,17241.53,17130.09,21,New York,Web Browser,Debit Card,0,0,TXN_100602,CUST_10602
39,Checking,Payment,Electronics,438.66,9724.61,9285.95,13,Toronto,Web Browser,UPI / Wallet,0,0,TXN_104198,CUST_14198
66,Checking,Transfer,Retail,5.01,27637.86,27632.85,14,Berlin,Web Browser,Credit Card,0,0,TXN_102443,CUST_12443
26,Savings,Withdrawal,Groceries,43.83,21028.31,20984.48,5,Mumbai,ATM,UPI / Wallet,0,0,TXN_105231,CUST_15231
30,Savings,Deposit,Groceries,1.53,5097.68,5096.15,16,Mumbai,ATM,Debit Card,1,0,TXN_106857,CUST_16857
24,Checking,Withdrawal,Entertainment,253.15,17603.74,17350.59,17,Berlin,Mobile App,Debit Card,0,0,TXN_100149,CUST_10149
18,Checking,Payment,Travel,185.11,24263.62,24078.51,0,Berlin,ATM,Debit Card,0,0,TXN_103562,CUST_13562
23,Savings,Transfer,Retail,45.82,1322.91,1277.09,19,Mumbai,POS Terminal,Debit Card,0,0,TXN_104596,CUST_14596
61,Savings,Transfer,Electronics,92.82,13847.75,13754.93,5,Mumbai,Mobile App,Credit Card,0,0,TXN_101905,CUST_11905
28,Savings,Transfer,Entertainment,64.86,28079.3,28014.44,7,Mumbai,POS Terminal,Wire Transfer,0,0,TXN_106971,CUST_16971
28,Business,Payment,Entertainment,176.36,13884.01,13707.65,21,Toronto,Mobile App,Debit Card,1,0,TXN_102252,CUST_12252
34,Savings,Withdrawal,Entertainment,161.49,27153.18,26991.69,12,Tokyo,Mobile App,Wire Transfer,0,0,TXN_103666,CUST_13666
59,Checking,Transfer,Entertainment,85.72,15272.65,15186.93,10,Mumbai,POS Terminal,UPI / Wallet,1,1,TXN_106303,CUST_16303
75,Savings,Payment,Retail,405.22,22238.59,21833.37,22,London,POS Terminal,UPI / Wallet,0,1,TXN_102883,CUST_12883
57,Savings,Payment,Utilities,69.78,12210.3,12140.52,9,Tokyo,POS Terminal,Wire Transfer,0,1,TXN_103746,CUST_13746
55,Business,Payment,Utilities,54.7,24124.52,24069.82,13,Tokyo,Mobile App,UPI / Wallet,0,0,TXN_105128,CUST_15128
60,Savings,Payment,Retail,119.18,8078.04,7958.86,19,Toronto,Mobile App,Wire Transfer,0,0,TXN_105268,CUST_15268
68,Savings,Payment,Groceries,53.99,2181.53,2127.54,19,Mumbai,ATM,Debit Card,0,0,TXN_105704,CUST_15704
41,Business,Withdrawal,Groceries,253.19,25073.87,24970.68,4,London,POS Terminal,Credit Card,0,0,TXN_100992,CUST_10992
18,Checking,Withdrawal,Travel,183.77,11670.53,11486.76,22,Berlin,Web Browser,Wire Transfer,0,0,TXN_105572,CUST_15572
24,Checking,Payment,Entertainment,6.11,9560.17,9554.06,11,Tokyo,POS Terminal,Credit Card,1,0,TXN_106642,CUST_16642
20,Checking,Transfer,Groceries,233.86,18419.98,18186.12,11,New York,ATM,UPI / Wallet,0,0,TXN_103236,CUST_13236
67,Checking,Payment,Retail,40.71,21999.3,21958.59,16,Tokyo,Mobile App,Debit Card,0,0,TXN_106145,CUST_16145
58,Credit,Withdrawal,Entertainment,143.77,10543.49,10399.72,23,Tokyo,Mobile App,Wire Transfer,0,0,TXN_100741,CUST_10741
21,Savings,Transfer,Entertainment,278.59,18199.56,17920.97,11,Berlin,Web Browser,Debit Card,0,0,TXN_105727,CUST_15727
48,Checking,Transfer,Retail,160.58,23819.89,23659.31,9,London,ATM,Wire Transfer,0,0,TXN_102755,CUST_12755
23,Savings,Payment,Utilities,41.81,21251.69,21209.88,8,New York,Web Browser,Debit Card,0,0,TXN_106516,CUST_16516
39,Savings,Payment,Electronics,257.94,5180.61,4922.67,13,Mumbai,POS Terminal,Wire Transfer,0,0,TXN_102438,CUST_12438
18,Savings,Transfer,Travel,1230.52,23662.51,22431.99,21,New York,Mobile App,Debit Card,0,0,TXN_100420,CUST_10420
59,Savings,Deposit,Retail,34.05,24384.15,24500.1,20,London,Web Browser,UPI / Wallet,0,0,TXN_104607,CUST_14607
33,Savings,Withdrawal,Utilities,100.48,18615.33,18514.85,9,Mumbai,ATM,UPI / Wallet,0,0,TXN_101678,CUST_11678
46,Savings,Withdrawal,Entertainment,30.64,19820.51,19789.87,5,Tokyo,Web Browser,Wire Transfer,0,0,TXN_100582,CUST_10582
69,Savings,Transfer,Utilities,228.81,26174.22,25945.41,6,Toronto,Mobile App,Credit Card,0,0,TXN_100810,CUST_10810
23,Savings,Deposit,Entertainment,34.3,23265.98,23231.68,6,New York,Web Browser,Debit Card,0,0,TXN_105991,CUST_15991
18,Checking,Withdrawal,Electronics,37.29,26155.9,26118.61,9,New York,POS Terminal,Wire Transfer,0,1,TXN_100328,CUST_10328
56,Savings,Transfer,Groceries,121.24,5162.8,5041.56,7,Mumbai,POS Terminal,Debit Card,0,1,TXN_100808,CUST_10808
55,Checking,Transfer,Entertainment,37.93,17351.44,17313.51,17,Toronto,Mobile App,Credit Card,0,0,TXN_103888,CUST_13888
33,Savings,Transfer,Utilities,5.91,17492.65,17486.74,1,London,ATM,Debit Card,1,0,TXN_103983,CUST_13983
53,Savings,Deposit,Entertainment,412.0,26650.43,26238.43,19,Mumbai,Mobile App,Debit Card,0,0,TXN_103982,CUST_13982
62,Credit,Transfer,Utilities,146.27,21649.11,21502.84,15,Tokyo,Web Browser,Wire Transfer,0,0,TXN_101466,CUST_11466
21,Savings,Payment,Groceries,89.73,21805.84,21716.11,8,Tokyo,POS Terminal,UPI / Wallet,1,0,TXN_105837,CUST_15837
59,Savings,Transfer,Retail,141.5,10223.5,10082.0,23,Tokyo,Web Browser,Credit Card,0,0,TXN_106535,CUST_16535
70,Savings,Transfer,Travel,53.77,7447.41,7393.64,9,Mumbai,POS Terminal,UPI / Wallet,0,0,TXN_103019,CUST_13019
70,Savings,Deposit,Entertainment,55.95,18952.28,19046.33,19,Toronto,ATM,Debit Card,0,0,TXN_105908,CUST_15908
26,Savings,Transfer,Travel,62.79,16717.02,16654.23,12,Berlin,ATM,Wire Transfer,0,0,TXN_105323,CUST_15323
20,Checking,Deposit,Utilities,80.77,9057.92,8977.15,8,Toronto,Web Browser,Wire Transfer,0,0,TXN_100074,CUST_10074
18,Checking,Withdrawal,Groceries,162.05,21294.44,21132.39,16,Toronto,ATM,Wire Transfer,0,0,TXN_100875,CUST_10875
68,Checking,Payment,Groceries,107.33,22229.46,22122.13,10,Mumbai,ATM,UPI / Wallet,0,0,TXN_106461,CUST_16461
71,Checking,Transfer,Entertainment,73.86,22495.73,22421.87,23,Toronto,POS Terminal,Credit Card,1,0,TXN_103568,CUST_13568
38,Savings,Transfer,Electronics,251.14,22940.39,22689.25,12,Tokyo,Mobile App,Wire Transfer,0,0,TXN_102950,CUST_12950
62,Savings,Transfer,Travel,6.56,9275.17,9268.61,16,New York,Web Browser,Wire Transfer,1,0,TXN_104830,CUST_14830
38,Savings,Deposit,Retail,131.01,4829.9,4698.89,7,London,Web Browser,Wire Transfer,0,0,TXN_100737,CUST_10737
18,Checking,Payment,Electronics,604.37,13497.39,12893.02,22,Toronto,Web Browser,Debit Card,1,0,TXN_104805,CUST_14805
48,Business,Transfer,Groceries,213.15,23710.89,23497.74,4,Toronto,Mobile App,Wire Transfer,1,0,TXN_106481,CUST_16481
58,Savings,Withdrawal,Electronics,40.75,8826.11,8785.36,21,New York,Mobile App,Debit Card,0,1,TXN_106009,CUST_16009
60,Business,Deposit,Electronics,15.47,13896.82,13881.35,13,Toronto,ATM,UPI / Wallet,0,0,TXN_103380,CUST_13380
50,Savings,Transfer,Travel,152.96,14411.27,14258.31,16,Mumbai,ATM,Wire Transfer,0,0,TXN_105364,CUST_15364
59,Savings,Withdrawal,Retail,303.62,11192.2,11038.58,9,New York,Mobile App,Debit Card,0,0,TXN_105051,CUST_15051
35,Savings,Transfer,Retail,43.97,12433.1,12389.13,9,Mumbai,Web Browser,Wire Transfer,0,1,TXN_100946,CUST_10946
47,Savings,Transfer,Utilities,23.79,9324.11,9300.32,7,Toronto,Mobile App,Wire Transfer,0,0,TXN_106830,CUST_16830
18,Checking,Transfer,Entertainment,184.51,25413.88,25229.37,22,Toronto,ATM,UPI / Wallet,0,0,TXN_102482,CUST_12482
26,Checking,Transfer,Retail,94.17,21628.0,21533.83,15,Singapore,POS Terminal,UPI / Wallet,0,0,TXN_105552,CUST_15552
27,Savings,Payment,Travel,44.72,22615.06,22570.34,19,Singapore,POS Terminal,Credit Card,0,0,TXN_101333,CUST_11333
20,Credit,Payment,Electronics,74.73,6378.63,6303.9,17,Mumbai,Mobile App,UPI / Wallet,1,0,TXN_105814,CUST_15814
38,Savings,Withdrawal,Utilities,229.1,1130.18,901.08,18,Tokyo,ATM,Debit Card,0,1,TXN_105711,CUST_15711
35,Savings,Payment,Groceries,102.27,24100.68,23998.41,19,Toronto,Mobile App,Debit Card,0,1,TXN_101532,CUST_11532
20,Savings,Withdrawal,Entertainment,41.35,9935.32,9893.97,19,Mumbai,Web Browser,Credit Card,0,0,TXN_106609,CUST_16609
73,Business,Transfer,Electronics,108.6,24888.57,24779.97,5,Singapore,POS Terminal,Credit Card,1,0,TXN_103391,CUST_13391
24,Checking,Deposit,Groceries,371.74,16211.07,15839.33,11,Tokyo,Web Browser,Wire Transfer,0,0,TXN_103192,CUST_13192
59,Credit,Withdrawal,Retail,30.79,28228.22,28347.43,10,Mumbai,ATM,Wire Transfer,0,0,TXN_102996,CUST_12996
46,Business,Transfer,Groceries,7.77,21537.58,21529.81,20,Mumbai,Mobile App,Wire Transfer,0,0,TXN_103373,CUST_13373
62,Savings,Payment,Groceries,1.07,11024.1,11023.03,6,Singapore,Web Browser,Credit Card,0,0,TXN_101221,CUST_11221
36,Credit,Withdrawal,Electronics,67.12,8007.88,7940.76,12,Tokyo,POS Terminal,Debit Card,0,0,TXN_103546,CUST_13546
37,Business,Transfer,Travel,232.91,10748.37,10515.46,11,Tokyo,Mobile App,Wire Transfer,0,0,TXN_101212,CUST_11212
18,Checking,Payment,Groceries,350.52,5705.17,5354.65,20,Toronto,ATM,Debit Card,0,0,TXN_103901,CUST_13901
18,Checking,Payment,Travel,27.04,25300.86,25273.82,19,Berlin,Web Browser,UPI / Wallet,1,0,TXN_102175,CUST_12175
43,Savings,Withdrawal,Utilities,71.13,3925.57,3854.44,6,Mumbai,Web Browser,Debit Card,0,1,TXN_103420,CUST_13420
73,Business,Deposit,Groceries,67.06,24805.17,24738.11,18,Tokyo,ATM,Debit Card,0,0,TXN_100512,CUST_10512
62,Business,Deposit,Groceries,80.13,26466.97,26386.84,4,Toronto,ATM,Wire Transfer,0,0,TXN_100307,CUST_10307
18,Business,Payment,Utilities,14.86,22164.3,22149.44,13,Toronto,Mobile App,Wire Transfer,0,0,TXN_102376,CUST_12376
69,Checking,Deposit,Electronics,111.46,19463.29,19351.83,23,New York,Mobile App,Debit Card,0,0,TXN_104402,CUST_14402
39,Credit,Payment,Travel,8.93,16808.57,16799.64,8,Berlin,POS Terminal,Wire Transfer,0,0,TXN_106430,CUST_16430
45,Checking,Transfer,Retail,36.8,12108.75,12071.95,10,Singapore,POS Terminal,UPI / Wallet,0,0,TXN_103473,CUST_13473
57,Savings,Withdrawal,Travel,71.26,3011.07,2939.81,7,Toronto,ATM,Wire Transfer,1,0,TXN_106886,CUST_16886
21,Checking,Payment,Retail,137.42,9.08,0.0,0,Tokyo,Mobile App,Debit Card,0,0,TXN_100080,CUST_10080
18,Savings,Transfer,Travel,152.17,18800.89,18648.72,2,Mumbai,ATM,Credit Card,0,0,TXN_101654,CUST_11654
41,Checking,Transfer,Travel,168.82,20173.95,20005.13,11,Mumbai,Web Browser,Credit Card,0,0,TXN_103105,CUST_13105
37,Credit,Withdrawal,Groceries,313.74,17617.64,17303.9,0,Mumbai,Web Browser,Debit Card,0,0,TXN_102401,CUST_12401
19,Business,Transfer,Travel,4.69,23471.49,23466.8,12,New York,Mobile App,Debit Card,0,0,TXN_102561,CUST_12561
67,Checking,Transfer,Retail,164.67,24481.63,24316.96,23,London,Mobile App,UPI / Wallet,0,0,TXN_103919,CUST_13919
18,Credit,Transfer,Travel,68.34,25669.83,25601.49,14,Berlin,Web Browser,Wire Transfer,0,0,TXN_104138,CUST_14138
61,Credit,Transfer,Retail,2.69,25536.88,25534.19,23,New York,Web Browser,UPI / Wallet,0,0,TXN_103339,CUST_13339
37,Credit,Transfer,Entertainment,0.49,714.36,713.87,18,London,Web Browser,Debit Card,0,1,TXN_105504,CUST_15504
29,Savings,Transfer,Travel,64.12,26429.1,26364.98,5,London,Mobile App,UPI / Wallet,0,0,TXN_102917,CUST_12917
18,Checking,Payment,Utilities,41.85,22302.22,22260.37,10,Berlin,POS Terminal,UPI / Wallet,0,0,TXN_102345,CUST_12345
58,Checking,Payment,Electronics,20.69,22155.97,22135.28,9,Tokyo,POS Terminal,Credit Card,0,0,TXN_105875,CUST_15875
60,Checking,Withdrawal,Retail,353.28,12501.63,12148.35,4,Berlin,POS Terminal,Debit Card,0,0,TXN_101557,CUST_11557
81,Savings,Withdrawal,Electronics,623.8,5231.26,4607.46,16,Mumbai,Mobile App,Debit Card,0,0,TXN_106738,CUST_16738
58,Credit,Transfer,Retail,103.25,23690.17,23736.92,13,Tokyo,Mobile App,Debit Card,0,0,TXN_102629,CUST_12629
24,Savings,Payment,Retail,378.64,19879.1,19500.46,7,Berlin,Mobile App,UPI / Wallet,0,0,TXN_101773,CUST_11773
18,Savings,Payment,Entertainment,0.12,24179.87,24179.75,14,Tokyo,Mobile App,Debit Card,0,0,TXN_104104,CUST_14104
64,Credit,Transfer,Entertainment,146.93,27539.65,27392.72,17,Tokyo,Mobile App,Credit Card,0,0,TXN_104278,CUST_14278
35,Credit,Transfer,Retail,162.88,25343.28,25180.4,10,New York,ATM,UPI / Wallet,0,0,TXN_106348,CUST_16348
57,Savings,Transfer,Travel,215.54,12193.39,11977.85,1,New York,POS Terminal,Debit Card,0,0,TXN_105451,CUST_15451
65,Checking,Transfer,Travel,112.33,9825.36,9713.03,13,London,Mobile App,Debit Card,0,0,TXN_104067,CUST_14067
60,Credit,Deposit,Travel,58.1,21281.41,21223.31,23,Tokyo,Mobile App,Debit Card,0,0,TXN_104117,CUST_14117
68,Savings,Transfer,Electronics,190.71,24033.85,23843.14,16,Singapore,Web Browser,Debit Card,0,0,TXN_106106,CUST_16106
61,Savings,Payment,Groceries,601.27,18770.3,18169.03,22,Berlin,ATM,UPI / Wallet,1,0,TXN_103441,CUST_13441
61,Checking,Payment,Groceries,73.35,21420.15,21346.8,22,Mumbai,Web Browser,Wire Transfer,0,0,TXN_100424,CUST_10424
27,Checking,Transfer,Entertainment,275.16,19705.34,19430.18,18,Singapore,ATM,Debit Card,0,0,TXN_106999,CUST_16999
33,Savings,Withdrawal,Retail,89.65,16344.55,16254.9,5,Berlin,ATM,Debit Card,0,1,TXN_101088,CUST_11088
18,Checking,Withdrawal,Entertainment,76.81,25501.6,25424.79,16,Mumbai,Web Browser,UPI / Wallet,0,0,TXN_102089,CUST_12089
58,Credit,Payment,Retail,132.33,24689.78,24557.45,6,Singapore,Web Browser,Wire Transfer,0,0,TXN_101356,CUST_11356
71,Savings,Transfer,Electronics,258.89,20571.04,20312.15,22,Berlin,Web Browser,Debit Card,0,0,TXN_105075,CUST_15075
41,Credit,Deposit,Retail,304.12,11146.28,10842.16,9,Singapore,ATM,Debit Card,0,0,TXN_104014,CUST_14014
34,Savings,Payment,Utilities,37.11,15377.45,15340.34,10,Mumbai,Web Browser,Credit Card,0,0,TXN_105653,CUST_15653
61,Checking,Transfer,Groceries,131.83,20987.43,20855.6,21,Tokyo,ATM,Wire Transfer,0,0,TXN_103795,CUST_13795
31,Checking,Deposit,Retail,102.98,21863.56,21760.58,7,Tokyo,Mobile App,Debit Card,0,0,TXN_100025,CUST_10025
70,Checking,Withdrawal,Groceries,117.71,24685.09,24567.38,0,Toronto,Mobile App,Debit Card,0,0,TXN_100854,CUST_10854
62,Savings,Transfer,Utilities,3.22,23580.51,23577.29,16,Mumbai,Mobile App,Credit Card,1,0,TXN_104476,CUST_14476
18,Checking,Withdrawal,Retail,50.14,15228.18,15328.04,0,Toronto,Web Browser,Debit Card,1,1,TXN_105716,CUST_15716
18,Checking,Transfer,Retail,850.11,10763.43,9913.32,19,Singapore,ATM,Debit Card,1,0,TXN_102519,CUST_12519
18,Savings,Transfer,Electronics,26.52,12842.89,12816.37,23,London,POS Terminal,Wire Transfer,0,0,TXN_104386,CUST_14386
66,Credit,Transfer,Travel,153.27,17688.46,17535.19,13,Berlin,POS Terminal,Debit Card,0,0,TXN_105302,CUST_15302
26,Credit,Transfer,Entertainment,111.56,19951.08,19839.52,13,New York,ATM,Credit Card,0,0,TXN_106355,CUST_16355
24,Checking,Withdrawal,Utilities,254.7,7298.8,7044.1,0,Toronto,Mobile App,UPI / Wallet,0,0,TXN_106438,CUST_16438
18,Checking,Withdrawal,Electronics,20.85,23461.86,23441.01,21,Toronto,Web Browser,Credit Card,0,0,TXN_105354,CUST_15354
57,Savings,Transfer,Travel,32.45,4423.01,4390.56,8,Mumbai,Mobile App,Wire Transfer,0,0,TXN_101084,CUST_11084
46,Checking,Payment,Travel,456.49,23999.43,23542.94,2,New York,Web Browser,Debit Card,0,0,TXN_105107,CUST_15107
20,Checking,Transfer,Entertainment,630.26,7139.11,6508.85,20,Tokyo,ATM,Credit Card,0,0,TXN_100219,CUST_10219
18,Savings,Payment,Entertainment,79.96,25680.72,25600.76,11,Tokyo,Mobile App,UPI / Wallet,0,0,TXN_100100,CUST_10100
29,Checking,Withdrawal,Utilities,3.95,25181.88,25177.93,2,Mumbai,POS Terminal,Debit Card,0,0,TXN_101034,CUST_11034
65,Savings,Withdrawal,Groceries,7.71,24643.86,24786.15,16,Singapore,Mobile App,UPI / Wallet,0,0,TXN_106075,CUST_16075
41,Checking,Transfer,Groceries,608.71,26214.2,25605.49,23,Tokyo,Web Browser,UPI / Wallet,1,0,TXN_103175,CUST_13175
66,Checking,Deposit,Travel,61.68,23695.23,23633.55,23,Tokyo,Web Browser,UPI / Wallet,0,0,TXN_100141,CUST_10141
26,Savings,Deposit,Utilities,108.0,25223.19,25115.19,1,Berlin,Web Browser,Credit Card,0,0,TXN_100153,CUST_10153
69,Business,Transfer,Electronics,31.1,16620.95,16589.85,6,New York,ATM,UPI / Wallet,0,0,TXN_104658,CUST_14658
33,Savings,Payment,Retail,7.11,17457.71,17450.6,18,Mumbai,Web Browser,UPI / Wallet,0,0,TXN_105355,CUST_15355
74,Checking,Transfer,Electronics,5.46,21444.24,21438.78,2,Berlin,Mobile App,UPI / Wallet,1,0,TXN_102535,CUST_12535
61,Savings,Payment,Groceries,51.15,27906.35,27855.2,7,Tokyo,Mobile App,Wire Transfer,1,0,TXN_104399,CUST_14399
68,Checking,Withdrawal,Electronics,71.21,24348.16,24276.95,8,Berlin,Web Browser,UPI / Wallet,0,0,TXN_106014,CUST_16014
40,Checking,Payment,Groceries,121.72,8084.74,7963.02,13,Tokyo,POS Terminal,UPI / Wallet,0,0,TXN_103831,CUST_13831
20,Savings,Deposit,Entertainment,98.51,444.23,345.72,4,London,Web Browser,Debit Card,0,0,TXN_103926,CUST_13926
72,Checking,Transfer,Groceries,17.21,24051.25,24034.04,9,Singapore,Web Browser,Debit Card,0,0,TXN_103466,CUST_13466
18,Checking,Transfer,Groceries,7.04,23141.83,23134.79,8,London,Web Browser,Debit Card,0,0,TXN_105698,CUST_15698
21,Savings,Transfer,Entertainment,104.1,21528.03,21423.93,23,Berlin,Mobile App,Debit Card,0,1,TXN_104935,CUST_14935
18,Checking,Withdrawal,Travel,217.6,10288.61,10071.01,18,New York,POS Terminal,UPI / Wallet,1,0,TXN_106700,CUST_16700
27,Savings,Transfer,Electronics,44.61,6952.7,6908.09,0,Singapore,ATM,Debit Card,0,0,TXN_105512,CUST_15512
56,Checking,Withdrawal,Electronics,134.32,22982.57,22848.25,10,London,Web Browser,Debit Card,0,0,TXN_100262,CUST_10262
18,Savings,Deposit,Utilities,66.41,24582.5,24516.09,5,Mumbai,ATM,Wire Transfer,0,0,TXN_103511,CUST_13511
50,Savings,Payment,Utilities,376.41,11413.52,11037.11,3,Toronto,POS Terminal,Debit Card,1,1,TXN_104409,CUST_14409
27,Savings,Withdrawal,Groceries,503.24,19658.66,19155.42,12,Tokyo,Web Browser,Credit Card,0,0,TXN_101087,CUST_11087
65,Savings,Deposit,Groceries,105.45,3308.82,3203.37,12,Tokyo,Mobile App,Debit Card,0,0,TXN_103263,CUST_13263
42,Savings,Transfer,Utilities,138.49,26169.8,26031.31,5,Tokyo,ATM,Debit Card,0,0,TXN_104697,CUST_14697
18,Savings,Transfer,Entertainment,430.66,23721.25,23290.59,10,Tokyo,Web Browser,Debit Card,0,0,TXN_102977,CUST_12977
25,Checking,Transfer,Travel,112.01,26034.57,25922.56,0,New York,Web Browser,Debit Card,0,0,TXN_105482,CUST_15482
65,Checking,Deposit,Retail,148.4,4249.35,4100.95,0,Tokyo,Mobile App,UPI / Wallet,0,0,TXN_105535,CUST_15535
67,Savings,Transfer,Entertainment,419.74,26260.45,25840.71,23,Mumbai,ATM,Debit Card,0,1,TXN_104091,CUST_14091
29,Savings,Transfer,Travel,23.66,12521.84,12498.18,21,Singapore,POS Terminal,UPI / Wallet,0,0,TXN_101047,CUST_11047
38,Checking,Payment,Groceries,27.12,22499.37,22472.25,7,Tokyo,ATM,UPI / Wallet,0,0,TXN_103322,CUST_13322
47,Credit,Deposit,Groceries,261.94,3102.47,2840.53,5,Berlin,ATM,Credit Card,0,0,TXN_104634,CUST_14634
60,Business,Payment,Retail,10.36,14116.96,14106.6,23,Toronto,POS Terminal,UPI / Wallet,0,0,TXN_100104,CUST_10104
52,Savings,Withdrawal,Travel,229.17,1033.13,803.96,23,Singapore,Web Browser,Wire Transfer,0,0,TXN_106005,CUST_16005
56,Savings,Payment,Electronics,50.03,22996.04,23096.01,2,Berlin,Mobile App,Debit Card,0,0,TXN_105079,CUST_15079
67,Savings,Transfer,Entertainment,596.63,22988.67,22392.04,12,Berlin,Mobile App,Credit Card,0,0,TXN_100207,CUST_10207
18,Checking,Payment,Entertainment,3.74,27074.64,27070.9,13,New York,Mobile App,Debit Card,1,0,TXN_105408,CUST_15408
18,Checking,Payment,Entertainment,147.55,26646.84,26649.29,14,Tokyo,Web Browser,UPI / Wallet,0,1,TXN_105681,CUST_15681
23,Savings,Payment,Electronics,219.32,8796.14,8576.82,7,Tokyo,ATM,Wire Transfer,0,0,TXN_100805,CUST_10805
63,Savings,Transfer,Travel,15.33,20584.9,20569.57,0,Mumbai,Mobile App,Wire Transfer,1,1,TXN_103778,CUST_13778
27,Savings,Transfer,Entertainment,1.14,22803.06,22801.92,4,Toronto,ATM,Debit Card,0,0,TXN_101708,CUST_11708
18,Business,Transfer,Entertainment,10.64,26123.84,26113.2,15,Mumbai,Web Browser,Debit Card,0,0,TXN_102325,CUST_12325
18,Checking,Payment,Entertainment,498.88,23252.74,22753.86,16,New York,ATM,Wire Transfer,0,0,TXN_106673,CUST_16673
62,Savings,Payment,Electronics,59.55,23697.46,23637.91,9,New York,Web Browser,UPI / Wallet,0,1,TXN_101655,CUST_11655
33,Checking,Transfer,Utilities,292.16,15035.59,14743.43,7,Tokyo,Mobile App,UPI / Wallet,0,0,TXN_106200,CUST_16200
26,Savings,Payment,Retail,90.34,5525.01,5584.67,0,Tokyo,Web Browser,UPI / Wallet,0,0,TXN_103240,CUST_13240
40,Checking,Transfer,Travel,501.05,12361.43,11860.38,9,Tokyo,POS Terminal,Credit Card,0,0,TXN_104305,CUST_14305
71,Checking,Payment,Travel,92.84,15620.18,15527.34,18,Mumbai,Web Browser,UPI / Wallet,0,0,TXN_101226,CUST_11226
33,Savings,Payment,Travel,31.25,21861.61,21830.36,20,Mumbai,POS Terminal,Debit Card,0,0,TXN_102569,CUST_12569
23,Credit,Transfer,Retail,51.42,20189.52,20138.1,12,Berlin,Web Browser,Debit Card,0,0,TXN_102036,CUST_12036
58,Checking,Payment,Travel,3.58,14938.66,14935.08,13,Tokyo,Mobile App,Credit Card,0,0,TXN_104388,CUST_14388
18,Savings,Deposit,Utilities,118.16,24209.68,24241.52,23,Toronto,Web Browser,Debit Card,0,0,TXN_106655,CUST_16655
28,Checking,Payment,Retail,166.18,25051.55,24885.37,10,New York,Mobile App,Debit Card,0,0,TXN_103661,CUST_13661
18,Savings,Withdrawal,Travel,95.86,7889.19,7793.33,18,London,Web Browser,UPI / Wallet,1,1,TXN_101287,CUST_11287
73,Credit,Payment,Travel,145.52,12862.09,12716.57,6,Tokyo,POS Terminal,Debit Card,0,0,TXN_104676,CUST_14676
18,Savings,Transfer,Entertainment,430.66,23721.25,23290.59,10,Tokyo,Web Browser,Debit Card,0,0,TXN_102977,CUST_12977
20,Checking,Deposit,Utilities,80.77,9057.92,9127.15,8,Toronto,Web Browser,Wire Transfer,0,0,TXN_100074,CUST_10074
18,Checking,Payment,Groceries,93.27,21137.74,21044.47,13,Mumbai,ATM,UPI / Wallet,0,0,TXN_104762,CUST_14762
18,Checking,Withdrawal,Utilities,127.79,23790.28,23662.49,23,London,ATM,Debit Card,0,0,TXN_101405,CUST_11405
28,Savings,Transfer,Groceries,68.54,1486.88,1418.34,21,London,Web Browser,UPI / Wallet,0,0,TXN_105516,CUST_15516
18,Credit,Payment,Retail,150.48,17298.41,17147.93,22,Berlin,Web Browser,UPI / Wallet,0,0,TXN_104848,CUST_14848
62,Credit,Withdrawal,Entertainment,39.11,24043.05,24003.94,7,New York,ATM,Credit Card,0,0,TXN_102952,CUST_12952
33,Checking,Payment,Retail,369.56,14558.61,14189.05,6,Tokyo,Web Browser,Debit Card,0,0,TXN_103209,CUST_13209
23,Checking,Deposit,Electronics,17.46,20293.23,20275.77,4,Singapore,ATM,Credit Card,0,0,TXN_105557,CUST_15557
30,Checking,Payment,Groceries,88.57,13454.92,13366.35,21,Mumbai,Web Browser,Credit Card,1,0,TXN_104384,CUST_14384
46,Checking,Deposit,Retail,175.61,26007.29,25831.68,22,Tokyo,Web Browser,Wire Transfer,0,0,TXN_103915,CUST_13915
65,Business,Transfer,Retail,26.13,23937.88,23911.75,8,Toronto,ATM,Debit Card,0,1,TXN_101337,CUST_11337
50,Credit,Deposit,Groceries,34.4,21383.21,21348.81,5,Mumbai,Mobile App,Debit Card,0,0,TXN_105853,CUST_15853
45,Checking,Payment,Travel,4.55,23670.47,23665.92,23,Toronto,Web Browser,UPI / Wallet,0,0,TXN_105953,CUST_15953
34,Checking,Transfer,Groceries,424.54,15987.38,15562.84,23,Berlin,POS Terminal,Credit Card,0,0,TXN_106433,CUST_16433
30,Savings,Transfer,Travel,2.66,21007.35,21004.69,23,Mumbai,ATM,Debit Card,0,0,TXN_100788,CUST_10788
23,Checking,Deposit,Electronics,17.46,20293.23,20275.77,4,Singapore,ATM,Credit Card,0,0,TXN_105557,CUST_15557
63,Savings,Transfer,Utilities,53.36,14005.58,13952.22,20,Toronto,POS Terminal,UPI / Wallet,0,0,TXN_101000,CUST_11000
18,Checking,Transfer,Entertainment,433.3,24822.44,24389.14,13,Singapore,Mobile App,Debit Card,0,0,TXN_106582,CUST_16582
60,Checking,Transfer,Utilities,124.69,26774.81,26650.12,13,Toronto,Mobile App,Debit Card,0,0,TXN_101133,CUST_11133
69,Business,Payment,Electronics,95.84,12735.16,12639.32,8,New York,Mobile App,Credit Card,0,0,TXN_100006,CUST_10006
64,Credit,Transfer,Groceries,168.82,23724.25,23555.43,0,Berlin,POS Terminal,Wire Transfer,0,0,TXN_102735,CUST_12735
36,Checking,Payment,Groceries,264.07,24567.47,24303.4,17,Berlin,Mobile App,UPI / Wallet,0,1,TXN_106243,CUST_16243
18,Business,Transfer,Entertainment,34.1,25897.73,25863.63,21,New York,Mobile App,UPI / Wallet,0,0,TXN_102314,CUST_12314
74,Credit,Transfer,Travel,252.63,21546.76,21294.13,4,Toronto,Mobile App,UPI / Wallet,0,0,TXN_106994,CUST_16994
25,Savings,Payment,Travel,17.22,13117.45,13100.23,9,Berlin,POS Terminal,Wire Transfer,1,1,TXN_101460,CUST_11460
31,Savings,Payment,Retail,12.51,18353.44,18340.93,12,Singapore,ATM,Debit Card,0,0,TXN_103173,CUST_13173
62,Savings,Transfer,Electronics,121.67,13018.64,12896.97,2,Toronto,POS Terminal,UPI / Wallet,0,0,TXN_104474,CUST_14474
67,Savings,Transfer,Utilities,36.77,5033.08,4996.31,8,Mumbai,Mobile App,Debit Card,0,0,TXN_103573,CUST_13573
28,Savings,Payment,Utilities,63.44,26498.01,26434.57,5,New York,ATM,UPI / Wallet,0,0,TXN_101820,CUST_11820
18,Savings,Payment,Electronics,401.3,24569.94,24168.64,4,Mumbai,POS Terminal,Debit Card,0,0,TXN_105044,CUST_15044
44,Savings,Deposit,Groceries,324.8,10143.52,9818.72,9,New York,Mobile App,UPI / Wallet,0,0,TXN_104446,CUST_14446
18,Checking,Withdrawal,Electronics,95.75,9190.91,9095.16,8,Berlin,Web Browser,Debit Card,1,0,TXN_102489,CUST_12489
31,Savings,Transfer,Groceries,113.83,5846.49,5732.66,1,London,Mobile App,Debit Card,0,0,TXN_106374,CUST_16374
28,Checking,Transfer,Electronics,314.19,22253.13,21938.94,2,London,Mobile App,UPI / Wallet,0,0,TXN_102279,CUST_12279
31,Savings,Deposit,Retail,89.33,20414.08,20324.75,6,Mumbai,POS Terminal,Wire Transfer,1,0,TXN_103676,CUST_13676
18,Checking,Transfer,Travel,73.0,23186.84,23113.84,15,Singapore,POS Terminal,Debit Card,1,0,TXN_104789,CUST_14789
19,Credit,Payment,Travel,1.71,5417.27,5415.56,21,London,ATM,Credit Card,0,0,TXN_105171,CUST_15171
26,Savings,Deposit,Utilities,201.91,22452.03,22250.12,1,New York,ATM,Debit Card,0,0,TXN_102023,CUST_12023
41,Savings,Deposit,Retail,820.48,10716.13,9895.65,2,Mumbai,Web Browser,UPI / Wallet,0,0,TXN_105156,CUST_15156
21,Checking,Payment,Retail,253.36,22943.14,22689.78,1,Tokyo,Mobile App,Debit Card,1,0,TXN_103681,CUST_13681
51,Business,Withdrawal,Travel,124.58,25433.5,25308.92,6,Mumbai,Web Browser,UPI / Wallet,1,0,TXN_101288,CUST_11288
62,Checking,Deposit,Utilities,133.39,18806.96,18673.57,21,New York,Web Browser,Debit Card,1,0,TXN_100189,CUST_10189
40,Savings,Transfer,Groceries,284.99,27118.32,26833.33,10,New York,POS Terminal,Debit Card,0,0,TXN_103027,CUST_13027
37,Credit,Withdrawal,Groceries,15.5,24257.92,24242.42,14,New York,Mobile App,Credit Card,0,0,TXN_103221,CUST_13221
26,Checking,Transfer,Entertainment,48.66,4258.75,4210.09,23,Toronto,ATM,UPI / Wallet,0,0,TXN_100564,CUST_10564
68,Savings,Payment,Electronics,274.23,19272.3,18998.07,17,Berlin,Mobile App,UPI / Wallet,0,0,TXN_104340,CUST_14340
42,Checking,Deposit,Utilities,431.5,25260.74,24829.24,4,Tokyo,Web Browser,Wire Transfer,0,0,TXN_106717,CUST_16717
67,Checking,Payment,Retail,40.71,21999.3,21958.59,16,Tokyo,Mobile App,Debit Card,0,0,TXN_106145,CUST_16145
69,Checking,Payment,Electronics,181.59,21203.05,21021.46,12,Mumbai,Web Browser,UPI / Wallet,0,1,TXN_106183,CUST_16183
33,Savings,Deposit,Entertainment,85.92,24748.21,24662.29,18,Berlin,ATM,Debit Card,1,0,TXN_102713,CUST_12713
45,Checking,Payment,Electronics,302.73,16487.47,16184.74,17,Berlin,Mobile App,Debit Card,0,0,TXN_103286,CUST_13286
18,Credit,Deposit,Groceries,295.79,25274.3,24978.51,2,Toronto,ATM,Wire Transfer,0,0,TXN_106004,CUST_16004
38,Savings,Payment,Travel,202.18,26787.14,26584.96,5,Tokyo,Web Browser,Debit Card,0,0,TXN_103243,CUST_13243
44,Checking,Transfer,Entertainment,286.12,11329.46,11043.34,22,Mumbai,POS Terminal,Credit Card,0,1,TXN_100085,CUST_10085
20,Checking,Withdrawal,Retail,394.63,8487.83,8093.2,18,London,Web Browser,UPI / Wallet,0,0,TXN_100394,CUST_10394
58,Savings,Withdrawal,Groceries,8.88,23851.93,23843.05,9,Berlin,ATM,Wire Transfer,0,0,TXN_104512,CUST_14512
60,Business,Payment,Retail,10.36,14116.96,14106.6,23,Toronto,POS Terminal,UPI / Wallet,0,0,TXN_100104,CUST_10104
18,Checking,Payment,Utilities,44.5,23512.81,23468.31,23,Toronto,Mobile App,Wire Transfer,0,0,TXN_101752,CUST_11752
58,Savings,Deposit,Travel,11.28,15698.64,15687.36,12,Berlin,Web Browser,Debit Card,0,0,TXN_101454,CUST_11454
25,Checking,Transfer,Groceries,126.23,47.29,0.0,10,Toronto,POS Terminal,Wire Transfer,0,0,TXN_102017,CUST_12017
21,Savings,Payment,Retail,57.85,27262.71,27204.86,14,London,Web Browser,UPI / Wallet,0,0,TXN_101209,CUST_11209
68,Savings,Withdrawal,Entertainment,21.2,26133.18,26111.98,4,Mumbai,Web Browser,Debit Card,0,0,TXN_105683,CUST_15683
18,Checking,Transfer,Entertainment,8.86,21745.86,21737.0,13,Singapore,Web Browser,Debit Card,0,0,TXN_100541,CUST_10541
32,Savings,Payment,Travel,49.26,25246.37,25197.11,21,London,Web Browser,UPI / Wallet,0,0,TXN_105976,CUST_15976
45,Credit,Withdrawal,Travel,24.96,24210.05,24185.09,21,Toronto,Mobile App,UPI / Wallet,0,0,TXN_101934,CUST_11934
66,Credit,Payment,Retail,3.76,23584.93,23581.17,22,Singapore,ATM,Credit Card,0,0,TXN_101873,CUST_11873
18,Credit,Transfer,Travel,68.34,25669.83,25601.49,14,Berlin,Web Browser,Wire Transfer,0,0,TXN_104138,CUST_14138
69,Checking,Payment,Entertainment,116.31,11906.1,11789.79,4,Singapore,POS Terminal,Credit Card,0,0,TXN_102230,CUST_12230
18,Credit,Transfer,Travel,234.52,9714.16,9479.64,1,New York,Mobile App,Wire Transfer,0,0,TXN_104084,CUST_14084
67,Savings,Transfer,Travel,516.21,7831.57,7315.36,12,Tokyo,ATM,Credit Card,0,0,TXN_103558,CUST_13558
61,Checking,Transfer,Travel,6.08,14565.27,14559.19,5,Tokyo,ATM,Credit Card,1,1,TXN_106097,CUST_16097
43,Savings,Payment,Travel,1065.64,22362.36,21296.72,0,Singapore,Mobile App,Debit Card,0,1,TXN_105945,CUST_15945
37,Credit,Payment,Utilities,130.13,19615.48,19485.35,16,New York,Web Browser,Debit Card,0,0,TXN_104706,CUST_14706
35,Credit,Transfer,Groceries,167.58,18462.44,18294.86,22,Tokyo,Mobile App,Debit Card,1,0,TXN_100536,CUST_10536
22,Savings,Withdrawal,Travel,143.43,10484.62,10341.19,7,Berlin,POS Terminal,Debit Card,0,0,TXN_103407,CUST_13407
18,Savings,Payment,Retail,104.24,24560.43,24456.19,11,London,Web Browser,UPI / Wallet,0,0,TXN_105192,CUST_15192
18,Savings,Payment,Travel,39.84,3342.84,3303.0,4,New York,Mobile App,Debit Card,0,0,TXN_100758,CUST_10758
66,Business,Transfer,Utilities,62.61,15413.2,15350.59,22,Toronto,Mobile App,UPI / Wallet,0,0,TXN_100939,CUST_10939
41,Savings,Payment,Travel,18.74,21694.66,21675.92,0,Mumbai,Web Browser,UPI / Wallet,0,0,TXN_102870,CUST_12870
66,Checking,Payment,Retail,4.85,9792.73,9787.88,1,Mumbai,Mobile App,UPI / Wallet,0,0,TXN_105539,CUST_15539
46,Credit,Deposit,Retail,256.36,25911.3,25654.94,4,Berlin,POS Terminal,Debit Card,0,0,TXN_100870,CUST_10870
72,Checking,Transfer,Groceries,379.16,14857.77,14478.61,18,London,Web Browser,Debit Card,0,0,TXN_105700,CUST_15700
35,Savings,Payment,Retail,378.49,16681.67,16303.18,22,Singapore,Mobile App,Wire Transfer,0,0,TXN_104523,CUST_14523
23,Savings,Transfer,Groceries,5.51,17289.41,17283.9,4,Berlin,POS Terminal,Debit Card,0,0,TXN_100040,CUST_10040
36,Savings,Payment,Travel,320.82,7668.27,7347.45,2,Tokyo,Mobile App,Credit Card,0,0,TXN_106586,CUST_16586
47,Savings,Transfer,Entertainment,321.64,25856.78,25535.14,18,New York,Web Browser,UPI / Wallet,0,0,TXN_105365,CUST_15365
18,Savings,Deposit,Groceries,28.29,22536.1,22507.81,0,Tokyo,POS Terminal,UPI / Wallet,0,0,TXN_103008,CUST_13008
18,Business,Payment,Travel,111.18,25031.64,24920.46,1,Berlin,ATM,Debit Card,0,0,TXN_106728,CUST_16728
25,Checking,Transfer,Groceries,29.71,24304.41,24274.7,6,Tokyo,Mobile App,UPI / Wallet,0,0,TXN_103985,CUST_13985
61,Business,Withdrawal,Groceries,695.57,23579.53,22883.96,5,Berlin,POS Terminal,UPI / Wallet,0,0,TXN_100630,CUST_10630
42,Credit,Payment,Retail,551.56,3928.43,3376.87,6,New York,POS Terminal,Debit Card,0,0,TXN_100639,CUST_10639
33,Savings,Deposit,Travel,26.42,0.26,0.0,16,Berlin,Web Browser,Credit Card,0,0,TXN_101049,CUST_11049
29,Checking,Transfer,Travel,251.59,19675.27,19423.68,1,Tokyo,ATM,Wire Transfer,0,0,TXN_106479,CUST_16479
56,Savings,Transfer,Entertainment,189.27,9740.93,9551.66,1,New York,POS Terminal,Debit Card,0,0,TXN_104744,CUST_14744
63,Checking,Payment,Travel,121.27,25548.63,25427.36,5,Singapore,Mobile App,UPI / Wallet,0,0,TXN_100557,CUST_10557
18,Savings,Transfer,Utilities,58.2,20641.99,20583.79,23,Mumbai,ATM,Debit Card,0,0,TXN_102465,CUST_12465
58,Savings,Payment,Electronics,7.18,3700.5,3693.32,14,Mumbai,POS Terminal,Credit Card,0,0,TXN_102798,CUST_12798
49,Checking,Transfer,Retail,173.53,25394.67,25221.14,1,Tokyo,Mobile App,Debit Card,0,0,TXN_102288,CUST_12288
53,Credit,Deposit,Utilities,163.04,5273.16,5110.12,14,London,Web Browser,Debit Card,0,0,TXN_102194,CUST_12194
28,Credit,Transfer,Electronics,30.68,26394.43,26363.75,5,Mumbai,Web Browser,Debit Card,0,0,TXN_105129,CUST_15129
69,Credit,Withdrawal,Utilities,390.9,7314.62,6923.72,8,Tokyo,Web Browser,Wire Transfer,0,0,TXN_103275,CUST_13275
18,Credit,Deposit,Groceries,116.73,21625.0,21508.27,0,London,Mobile App,UPI / Wallet,0,0,TXN_103164,CUST_13164
65,Checking,Payment,Travel,225.7,23567.32,23341.62,11,Tokyo,Mobile App,Debit Card,0,0,TXN_103852,CUST_13852
24,Savings,Payment,Travel,128.93,20938.41,20959.48,2,Tokyo,Mobile App,Debit Card,0,0,TXN_104074,CUST_14074
18,Savings,Payment,Groceries,20.66,7959.07,7938.41,4,Berlin,Web Browser,Wire Transfer,0,0,TXN_106485,CUST_16485
57,Savings,Payment,Electronics,71.63,17956.01,17884.38,3,Tokyo,Web Browser,Debit Card,0,0,TXN_100663,CUST_10663
41,Credit,Transfer,Groceries,146.67,7461.8,7315.13,7,New York,Web Browser,Debit Card,0,1,TXN_100880,CUST_10880
30,Business,Transfer,Travel,113.54,26434.84,26321.3,13,Singapore,POS Terminal,UPI / Wallet,1,0,TXN_102603,CUST_12603
29,Savings,Withdrawal,Electronics,434.86,25387.96,24953.1,18,Toronto,Mobile App,Wire Transfer,0,0,TXN_101555,CUST_11555
73,Checking,Deposit,Travel,16.91,22974.05,22957.14,5,Toronto,ATM,Wire Transfer,0,0,TXN_101826,CUST_11826
29,Checking,Payment,Travel,70.18,20847.81,20777.63,9,Berlin,POS Terminal,Debit Card,0,0,TXN_104827,CUST_14827
29,Checking,Withdrawal,Entertainment,34.57,24671.53,24636.96,10,Tokyo,Mobile App,Debit Card,0,0,TXN_105948,CUST_15948
54,Credit,Payment,Utilities,80.14,24862.51,24782.37,10,New York,POS Terminal,Credit Card,0,0,TXN_105561,CUST_15561
55,Checking,Withdrawal,Travel,76.39,4553.77,4477.38,14,Mumbai,Mobile App,Wire Transfer,1,0,TXN_106864,CUST_16864
67,Savings,Payment,Entertainment,29.87,21137.13,21107.26,8,Tokyo,ATM,Debit Card,0,0,TXN_101295,CUST_11295
67,Credit,Payment,Groceries,26.77,21687.96,21661.19,1,Tokyo,POS Terminal,Debit Card,0,0,TXN_106732,CUST_16732
59,Savings,Payment,Entertainment,186.16,15489.36,15303.2,21,Tokyo,Mobile App,Debit Card,0,0,TXN_100993,CUST_10993
47,Savings,Payment,Travel,19.5,24927.83,24908.33,15,Tokyo,Mobile App,Debit Card,0,0,TXN_105735,CUST_15735
18,Savings,Transfer,Electronics,250.18,24486.14,24235.96,5,Tokyo,ATM,Debit Card,0,0,TXN_106171,CUST_16171
22,Checking,Withdrawal,Electronics,5.18,20762.9,20757.72,8,Berlin,Web Browser,UPI / Wallet,0,1,TXN_105102,CUST_15102
18,Checking,Transfer,Utilities,7.56,23029.93,23022.37,8,Tokyo,POS Terminal,Debit Card,1,0,TXN_102097,CUST_12097
64,Savings,Payment,Utilities,174.05,23057.56,22883.51,5,Tokyo,ATM,UPI / Wallet,1,0,TXN_104030,CUST_14030
18,Checking,Withdrawal,Electronics,235.44,4115.92,3880.48,19,Toronto,POS Terminal,Debit Card,0,0,TXN_106057,CUST_16057
24,Savings,Transfer,Groceries,86.79,24214.52,24277.73,13,Mumbai,ATM,Debit Card,0,0,TXN_102837,CUST_12837
18,Checking,Payment,Groceries,589.21,24065.57,23476.36,18,Mumbai,Web Browser,Debit Card,0,0,TXN_104105,CUST_14105
48,Credit,Payment,Utilities,351.12,16648.61,16297.49,21,Tokyo,POS Terminal,Debit Card,0,0,TXN_100707,CUST_10707
68,Checking,Payment,Travel,335.39,21920.36,21584.97,1,Mumbai,Web Browser,Credit Card,0,0,TXN_103848,CUST_13848
74,Checking,Payment,Entertainment,101.22,9508.21,9406.99,13,Singapore,POS Terminal,UPI / Wallet,0,0,TXN_103071,CUST_13071
24,Checking,Payment,Electronics,59.64,24656.63,24596.99,4,Tokyo,Web Browser,Credit Card,0,1,TXN_104775,CUST_14775
18,Checking,Payment,Groceries,78.83,3618.71,3539.88,23,New York,POS Terminal,Debit Card,1,0,TXN_104996,CUST_14996
18,Business,Deposit,Groceries,9.22,21632.95,21773.73,21,Berlin,Web Browser,Debit Card,0,0,TXN_106233,CUST_16233
25,Savings,Transfer,Groceries,98.79,9586.4,9637.61,7,Mumbai,POS Terminal,Debit Card,0,0,TXN_101869,CUST_11869
47,Business,Transfer,Utilities,337.34,26950.7,26763.36,22,New York,POS Terminal,UPI / Wallet,0,0,TXN_106026,CUST_16026
18,Savings,Payment,Travel,193.46,22441.08,22247.62,9,London,ATM,Wire Transfer,0,0,TXN_101888,CUST_11888
60,Credit,Payment,Groceries,185.97,22687.48,22501.51,10,Mumbai,ATM,Credit Card,0,0,TXN_100071,CUST_10071
69,Savings,Transfer,Electronics,649.84,26154.89,25505.05,6,Singapore,POS Terminal,Debit Card,0,0,TXN_102147,CUST_12147
42,Business,Payment,Entertainment,75.93,21874.34,21798.41,9,Mumbai,POS Terminal,Debit Card,0,0,TXN_102644,CUST_12644
18,Checking,Payment,Travel,27.04,25300.86,25273.82,19,Berlin,Web Browser,UPI / Wallet,1,0,TXN_102175,CUST_12175
26,Savings,Payment,Retail,90.34,5525.01,5434.67,0,Tokyo,Web Browser,UPI / Wallet,0,0,TXN_103240,CUST_13240
18,Checking,Withdrawal,Groceries,295.26,24975.74,24680.48,17,Toronto,Mobile App,Debit Card,1,0,TXN_100551,CUST_10551
72,Savings,Payment,Retail,473.99,25799.87,25325.88,4,Toronto,Mobile App,Wire Transfer,0,0,TXN_104901,CUST_14901
22,Savings,Transfer,Utilities,35.34,13329.46,13294.12,12,Toronto,Mobile App,Credit Card,0,0,TXN_103033,CUST_13033
30,Checking,Deposit,Travel,403.24,25701.06,25297.82,0,New York,ATM,Debit Card,0,1,TXN_102595,CUST_12595
18,Checking,Withdrawal,Utilities,76.17,18056.56,18130.39,17,Berlin,Web Browser,UPI / Wallet,0,0,TXN_105276,CUST_15276
47,Checking,Deposit,Utilities,72.95,27832.41,27759.46,13,Mumbai,POS Terminal,Debit Card,0,0,TXN_106861,CUST_16861
18,Checking,Payment,Utilities,132.31,1594.8,1462.49,9,Tokyo,ATM,UPI / Wallet,0,0,TXN_101896,CUST_11896
20,Checking,Payment,Groceries,720.19,25362.44,24642.25,6,Mumbai,POS Terminal,Debit Card,0,0,TXN_105503,CUST_15503
31,Credit,Payment,Electronics,17.3,23121.49,23104.19,23,Tokyo,Web Browser,UPI / Wallet,0,0,TXN_101547,CUST_11547
22,Credit,Transfer,Travel,841.52,14085.62,13244.1,20,Berlin,POS Terminal,Debit Card,0,0,TXN_100569,CUST_10569
38,Checking,Payment,Retail,95.48,14003.91,13908.43,15,Tokyo,Mobile App,Credit Card,0,0,TXN_103719,CUST_13719
18,Credit,Deposit,Groceries,72.44,17997.4,17924.96,21,Tokyo,Web Browser,Wire Transfer,0,0,TXN_103369,CUST_13369
72,Checking,Payment,Utilities,160.9,23012.4,22851.5,4,Mumbai,Mobile App,Wire Transfer,0,0,TXN_103902,CUST_13902
60,Savings,Transfer,Travel,60.77,11008.67,10947.9,5,Singapore,POS Terminal,Debit Card,0,0,TXN_105221,CUST_15221
62,Savings,Payment,Travel,197.78,11321.27,11123.49,18,New York,Web Browser,Credit Card,0,1,TXN_106263,CUST_16263
18,Checking,Transfer,Groceries,22.81,18417.05,18394.24,11,Singapore,Mobile App,UPI / Wallet,1,0,TXN_106015,CUST_16015
54,Credit,Payment,Travel,214.82,912.57,697.75,11,New York,Mobile App,Wire Transfer,0,0,TXN_102111,CUST_12111
67,Savings,Transfer,Entertainment,96.49,18276.67,18180.18,16,Tokyo,Web Browser,Wire Transfer,1,0,TXN_105881,CUST_15881
18,Checking,Payment,Travel,276.25,19043.66,18917.41,23,Mumbai,ATM,UPI / Wallet,0,1,TXN_100527,CUST_10527
71,Credit,Deposit,Entertainment,122.6,23040.39,22917.79,21,London,Web Browser,Credit Card,0,1,TXN_101723,CUST_11723
18,Savings,Payment,Electronics,79.45,20122.54,20193.09,14,London,Mobile App,UPI / Wallet,0,0,TXN_105241,CUST_15241
37,Savings,Withdrawal,Electronics,25.42,23031.85,23006.43,1,Singapore,Mobile App,Debit Card,0,0,TXN_103980,CUST_13980
43,Checking,Transfer,Travel,151.51,18103.46,17951.95,6,Tokyo,Mobile App,Debit Card,0,0,TXN_102420,CUST_12420
18,Checking,Deposit,Retail,442.0,4412.35,3970.35,3,London,Mobile App,Credit Card,0,0,TXN_102140,CUST_12140
55,Savings,Withdrawal,Travel,335.06,23374.69,23039.63,20,Toronto,Web Browser,Wire Transfer,0,0,TXN_101612,CUST_11612
32,Savings,Payment,Groceries,106.5,17099.49,16992.99,6,London,ATM,UPI / Wallet,1,0,TXN_103796,CUST_13796
55,Checking,Transfer,Groceries,198.69,25217.74,25019.05,2,Tokyo,Web Browser,Debit Card,0,0,TXN_102474,CUST_12474
64,Savings,Payment,Retail,411.04,15630.24,15219.2,1,New York,ATM,UPI / Wallet,0,0,TXN_104143,CUST_14143
60,Business,Transfer,Travel,334.71,12748.18,12413.47,2,Berlin,Web Browser,UPI / Wallet,0,0,TXN_105697,CUST_15697
18,Checking,Payment,Retail,60.54,18831.26,18770.72,13,New York,ATM,UPI / Wallet,0,0,TXN_100057,CUST_10057
49,Credit,Payment,Electronics,52.02,18499.42,18447.4,20,London,ATM,Wire Transfer,1,0,TXN_102203,CUST_12203
65,Savings,Withdrawal,Groceries,157.45,23378.43,23220.98,6,Tokyo,Mobile App,Debit Card,0,0,TXN_105870,CUST_15870
65,Checking,Payment,Groceries,23.38,3620.05,3596.67,13,Berlin,Mobile App,Wire Transfer,0,0,TXN_104193,CUST_14193
25,Savings,Payment,Groceries,1.19,26915.13,26913.94,1,Singapore,Web Browser,Debit Card,0,0,TXN_104825,CUST_14825
53,Savings,Deposit,Entertainment,412.0,26650.43,26238.43,19,Mumbai,Mobile App,Debit Card,0,0,TXN_103982,CUST_13982
59,Savings,Transfer,Utilities,5.49,15049.05,15043.56,23,Tokyo,Web Browser,Debit Card,0,0,TXN_102324,CUST_12324
77,Checking,Payment,Electronics,57.01,16454.79,16397.78,5,London,POS Terminal,Wire Transfer,0,0,TXN_100768,CUST_10768
18,Savings,Payment,Utilities,152.86,4546.37,4393.51,8,Toronto,Web Browser,Credit Card,0,0,TXN_100407,CUST_10407
48,Checking,Transfer,Groceries,69.49,12976.41,12906.92,13,London,Mobile App,UPI / Wallet,1,0,TXN_103574,CUST_13574
70,Savings,Transfer,Travel,53.77,7447.41,7393.64,9,Mumbai,POS Terminal,UPI / Wallet,0,0,TXN_103019,CUST_13019
36,Business,Withdrawal,Travel,105.04,19621.15,19516.11,18,New York,ATM,UPI / Wallet,0,1,TXN_103907,CUST_13907
55,Business,Deposit,Electronics,65.55,25292.23,25226.68,14,Berlin,Web Browser,UPI / Wallet,0,0,TXN_104492,CUST_14492
19,Credit,Transfer,Electronics,323.81,22333.03,22009.22,12,Singapore,ATM,Wire Transfer,0,0,TXN_102052,CUST_12052
28,Checking,Withdrawal,Groceries,59.05,10584.21,10525.16,20,Berlin,Mobile App,UPI / Wallet,0,0,TXN_103669,CUST_13669
18,Checking,Payment,Retail,214.71,23764.74,23550.03,6,Mumbai,ATM,Debit Card,0,1,TXN_102440,CUST_12440
42,Credit,Withdrawal,Entertainment,7.78,22881.61,22873.83,18,Mumbai,POS Terminal,Debit Card,0,0,TXN_102831,CUST_12831
18,Savings,Payment,Entertainment,38.7,19266.99,19228.29,2,New York,Mobile App,Debit Card,0,0,TXN_106842,CUST_16842
23,Savings,Deposit,Groceries,8.18,13906.63,13898.45,22,Tokyo,POS Terminal,Wire Transfer,0,0,TXN_103296,CUST_13296
18,Savings,Payment,Entertainment,173.89,20131.35,19957.46,11,Singapore,ATM,Wire Transfer,0,0,TXN_101670,CUST_11670
24,Savings,Withdrawal,Electronics,54.72,18126.84,18072.12,0,Tokyo,Web Browser,Credit Card,0,0,TXN_101099,CUST_11099
20,Checking,Payment,Retail,45.52,23972.22,23926.7,10,Tokyo,POS Terminal,Debit Card,0,0,TXN_105546,CUST_15546
42,Savings,Payment,Travel,62.55,26240.33,26177.78,6,Mumbai,Web Browser,Debit Card,1,0,TXN_100505,CUST_10505
21,Savings,Payment,Entertainment,293.08,21019.78,20726.7,11,Berlin,Web Browser,UPI / Wallet,0,0,TXN_101912,CUST_11912
29,Savings,Transfer,Utilities,83.67,17194.91,17111.24,9,Singapore,Web Browser,UPI / Wallet,0,0,TXN_103048,CUST_13048
63,Savings,Withdrawal,Utilities,23.52,21004.54,21131.02,23,London,Web Browser,Debit Card,1,1,TXN_104271,CUST_14271
48,Savings,Payment,Travel,68.82,26318.47,26249.65,16,Berlin,POS Terminal,Debit Card,0,1,TXN_103772,CUST_13772
21,Savings,Payment,Entertainment,293.08,21019.78,20726.7,11,Berlin,Web Browser,UPI / Wallet,0,0,TXN_101912,CUST_11912
72,Savings,Transfer,Travel,165.15,19570.22,19405.07,12,Tokyo,Web Browser,Debit Card,0,0,TXN_102285,CUST_12285
26,Savings,Withdrawal,Entertainment,73.11,24018.66,23945.55,19,New York,Web Browser,Debit Card,0,0,TXN_103552,CUST_13552
25,Savings,Transfer,Electronics,156.69,2886.92,2730.23,11,London,ATM,Debit Card,0,1,TXN_100488,CUST_10488
25,Savings,Transfer,Utilities,495.44,24122.17,23626.73,18,New York,Mobile App,Wire Transfer,1,0,TXN_103608,CUST_13608
70,Savings,Transfer,Entertainment,131.76,2538.42,2406.66,9,London,Web Browser,Debit Card,0,0,TXN_103721,CUST_13721
49,Checking,Withdrawal,Travel,16.48,24245.33,24228.85,1,Tokyo,Mobile App,Wire Transfer,0,0,TXN_103282,CUST_13282
66,Savings,Payment,Groceries,94.02,21816.65,21722.63,5,Tokyo,ATM,UPI / Wallet,0,0,TXN_104216,CUST_14216
41,Checking,Deposit,Retail,54.76,27241.98,27187.22,23,Mumbai,Web Browser,Credit Card,0,1,TXN_100731,CUST_10731
69,Credit,Transfer,Groceries,76.31,14932.98,14856.67,16,New York,Mobile App,Wire Transfer,0,0,TXN_103485,CUST_13485
28,Business,Deposit,Retail,216.05,5146.9,4930.85,22,London,Mobile App,Wire Transfer,0,0,TXN_104960,CUST_14960
18,Checking,Payment,Groceries,163.14,18191.09,18027.95,20,Berlin,Mobile App,Debit Card,0,0,TXN_105582,CUST_15582
18,Credit,Transfer,Retail,6.23,25201.74,25195.51,11,Mumbai,Web Browser,Debit Card,0,0,TXN_105291,CUST_15291
39,Checking,Deposit,Entertainment,365.63,16932.08,16566.45,19,Mumbai,ATM,UPI / Wallet,0,1,TXN_101800,CUST_11800
26,Credit,Withdrawal,Travel,67.14,24605.7,24538.56,2,Tokyo,Web Browser,Wire Transfer,0,0,TXN_101528,CUST_11528
66,Savings,Transfer,Utilities,113.02,10113.15,10000.13,18,Berlin,ATM,UPI / Wallet,1,1,TXN_102633,CUST_12633
49,Savings,Payment,Travel,7.78,23796.27,23788.49,1,Berlin,POS Terminal,UPI / Wallet,0,0,TXN_106937,CUST_16937
19,Savings,Transfer,Electronics,22.12,2401.58,2379.46,8,New York,POS Terminal,UPI / Wallet,0,0,TXN_106768,CUST_16768
28,Checking,Payment,Utilities,68.56,7092.47,7023.91,4,Singapore,POS Terminal,Debit Card,0,0,TXN_105791,CUST_15791
64,Checking,Withdrawal,Utilities,7.09,23297.59,23290.5,4,New York,Mobile App,Wire Transfer,0,0,TXN_101859,CUST_11859
40,Savings,Transfer,Retail,0.06,25205.76,25205.7,20,Tokyo,Web Browser,Wire Transfer,0,0,TXN_106241,CUST_16241
29,Checking,Deposit,Groceries,44.4,18796.23,18751.83,19,Mumbai,Mobile App,UPI / Wallet,1,0,TXN_104755,CUST_14755
45,Checking,Payment,Travel,4.55,23670.47,23665.92,23,Toronto,Web Browser,UPI / Wallet,0,0,TXN_105953,CUST_15953
51,Credit,Transfer,Utilities,186.02,7695.71,7509.69,20,New York,POS Terminal,Debit Card,0,1,TXN_106884,CUST_16884
57,Checking,Transfer,Travel,26.28,8358.5,8332.22,6,Toronto,ATM,Debit Card,1,0,TXN_102512,CUST_12512
55,Credit,Payment,Entertainment,37.47,1263.38,1225.91,15,Tokyo,Mobile App,Wire Transfer,0,0,TXN_103698,CUST_13698
39,Savings,Transfer,Utilities,87.15,24693.47,24606.32,17,Mumbai,ATM,UPI / Wallet,0,0,TXN_102035,CUST_12035
60,Savings,Payment,Retail,119.18,8078.04,7958.86,19,Toronto,Mobile App,Wire Transfer,0,0,TXN_105268,CUST_15268
19,Savings,Payment,Travel,122.87,25392.84,25269.97,12,Tokyo,Mobile App,Debit Card,1,0,TXN_105306,CUST_15306
37,Checking,Withdrawal,Utilities,142.55,14721.22,14578.67,9,Tokyo,Web Browser,UPI / Wallet,1,0,TXN_103579,CUST_13579
65,Savings,Transfer,Utilities,530.91,1238.78,707.87,20,Berlin,POS Terminal,Credit Card,0,0,TXN_105864,CUST_15864
37,Checking,Withdrawal,Travel,36.39,25597.07,25560.68,0,Berlin,POS Terminal,Debit Card,0,0,TXN_103280,CUST_13280
76,Checking,Transfer,Utilities,463.58,21690.47,21376.89,20,London,POS Terminal,Wire Transfer,0,0,TXN_100273,CUST_10273
60,Checking,Transfer,Travel,125.03,23476.98,23351.95,23,Berlin,Mobile App,Debit Card,0,0,TXN_105165,CUST_15165
18,Checking,Withdrawal,Entertainment,264.82,26007.85,25743.03,1,London,Mobile App,UPI / Wallet,0,0,TXN_102890,CUST_12890
36,Savings,Payment,Travel,320.82,7668.27,7347.45,2,Tokyo,Mobile App,Credit Card,0,0,TXN_106586,CUST_16586
31,Checking,Deposit,Travel,80.28,18472.67,18392.39,17,Toronto,Web Browser,Wire Transfer,0,0,TXN_103771,CUST_13771
29,Checking,Transfer,Travel,26.13,21952.51,21926.38,19,Berlin,ATM,UPI / Wallet,0,0,TXN_100376,CUST_10376
18,Credit,Transfer,Travel,128.38,8395.14,8266.76,1,Singapore,Mobile App,UPI / Wallet,0,0,TXN_104306,CUST_14306
42,Savings,Transfer,Groceries,71.55,10054.23,9982.68,12,Mumbai,Mobile App,Wire Transfer,0,0,TXN_104505,CUST_14505
73,Savings,Transfer,Travel,517.96,3681.66,3163.7,13,London,ATM,Wire Transfer,0,0,TXN_105586,CUST_15586
48,Checking,Deposit,Travel,40.69,22622.35,22581.66,18,New York,POS Terminal,Debit Card,0,0,TXN_103345,CUST_13345
28,Savings,Transfer,Entertainment,57.49,23073.03,23015.54,4,New York,Web Browser,UPI / Wallet,0,1,TXN_102292,CUST_12292
23,Checking,Transfer,Entertainment,17.0,24550.28,24533.28,13,London,ATM,Debit Card,1,0,TXN_104031,CUST_14031
56,Checking,Transfer,Groceries,481.09,22505.67,22024.58,8,Toronto,Web Browser,Debit Card,0,1,TXN_105517,CUST_15517
59,Checking,Transfer,Utilities,154.03,23771.39,23617.36,23,Tokyo,ATM,Wire Transfer,0,0,TXN_106914,CUST_16914
21,Credit,Payment,Utilities,236.87,24438.3,24201.43,23,Berlin,POS Terminal,Credit Card,1,0,TXN_101733,CUST_11733
33,Checking,Payment,Travel,482.57,21560.96,21078.39,4,Berlin,Web Browser,Debit Card,0,0,TXN_106697,CUST_16697
29,Business,Withdrawal,Retail,84.44,21591.59,21657.15,0,Mumbai,Web Browser,Wire Transfer,0,0,TXN_104061,CUST_14061
18,Checking,Transfer,Entertainment,110.48,20721.52,20611.04,1,New York,ATM,UPI / Wallet,1,0,TXN_103452,CUST_13452
62,Savings,Transfer,Groceries,17.03,15163.74,15146.71,9,Singapore,Web Browser,UPI / Wallet,0,1,TXN_101481,CUST_11481
18,Savings,Payment,Travel,38.72,15468.48,15429.76,0,Berlin,Web Browser,Debit Card,0,0,TXN_104428,CUST_14428
70,Checking,Transfer,Utilities,122.34,21769.2,21646.86,6,Toronto,Web Browser,Debit Card,0,0,TXN_105224,CUST_15224
47,Savings,Payment,Electronics,58.93,12920.42,12861.49,5,New York,Mobile App,Debit Card,0,0,TXN_102718,CUST_12718
33,Savings,Transfer,Travel,266.62,26718.93,26452.31,17,Berlin,Mobile App,UPI / Wallet,1,0,TXN_103313,CUST_13313
18,Savings,Withdrawal,Groceries,248.62,20419.99,20171.37,16,Tokyo,Web Browser,Wire Transfer,0,0,TXN_103673,CUST_13673
56,Savings,Payment,Electronics,50.03,22996.04,22946.01,2,Berlin,Mobile App,Debit Card,0,0,TXN_105079,CUST_15079
64,Business,Withdrawal,Travel,3.88,18299.73,18295.85,1,London,ATM,Credit Card,0,0,TXN_105404,CUST_15404
73,Savings,Withdrawal,Travel,5.34,22820.7,22815.36,2,Tokyo,ATM,UPI / Wallet,0,0,TXN_102974,CUST_12974
22,Savings,Transfer,Travel,732.84,24095.5,23362.66,6,Singapore,Mobile App,Wire Transfer,1,0,TXN_104778,CUST_14778
27,Checking,Payment,Retail,198.95,19888.37,19689.42,8,Singapore,ATM,Wire Transfer,0,0,TXN_101016,CUST_11016
33,Savings,Deposit,Entertainment,31.68,25905.56,25873.88,1,Tokyo,ATM,Debit Card,0,0,TXN_104969,CUST_14969
57,Checking,Payment,Travel,35.33,25546.34,25511.01,4,Tokyo,Web Browser,Credit Card,1,0,TXN_105491,CUST_15491
22,Credit,Payment,Travel,36.49,25781.77,25745.28,22,Toronto,Mobile App,UPI / Wallet,0,1,TXN_106386,CUST_16386
51,Checking,Payment,Entertainment,502.08,26615.94,26113.86,4,Tokyo,ATM,Debit Card,0,0,TXN_102019,CUST_12019
63,Checking,Transfer,Entertainment,86.37,20216.0,20129.63,23,New York,Web Browser,Debit Card,0,1,TXN_102968,CUST_12968
73,Business,Payment,Groceries,712.62,18941.0,18228.38,1,Berlin,Mobile App,Wire Transfer,0,0,TXN_103944,CUST_13944
37,Checking,Transfer,Entertainment,9.34,27503.33,27493.99,4,New York,Mobile App,Debit Card,0,0,TXN_100902,CUST_10902
49,Savings,Payment,Travel,7.78,23796.27,23938.49,1,Berlin,POS Terminal,UPI / Wallet,0,0,TXN_106937,CUST_16937
29,Savings,Transfer,Utilities,340.43,20782.36,20441.93,14,New York,Mobile App,Debit Card,0,0,TXN_105198,CUST_15198
59,Business,Transfer,Entertainment,21.6,20954.18,20932.58,6,Tokyo,Web Browser,Debit Card,0,1,TXN_106816,CUST_16816
58,Checking,Payment,Utilities,48.47,12635.25,12586.78,2,Mumbai,Mobile App,UPI / Wallet,0,0,TXN_103056,CUST_13056
18,Checking,Transfer,Groceries,193.65,21811.06,21617.41,10,Mumbai,Mobile App,Wire Transfer,1,0,TXN_102841,CUST_12841
28,Credit,Withdrawal,Entertainment,19.43,21583.06,21563.63,10,Toronto,POS Terminal,Debit Card,0,0,TXN_106265,CUST_16265
68,Credit,Payment,Groceries,118.69,5106.71,4988.02,8,London,Mobile App,Debit Card,0,1,TXN_102690,CUST_12690
76,Checking,Payment,Travel,107.33,26689.72,26582.39,16,Toronto,POS Terminal,Debit Card,0,0,TXN_103036,CUST_13036
18,Checking,Withdrawal,Utilities,53.86,23273.01,23219.15,13,Singapore,Mobile App,Wire Transfer,0,0,TXN_106720,CUST_16720
64,Business,Deposit,Entertainment,41.3,19444.64,19403.34,20,Tokyo,Mobile App,Wire Transfer,0,0,TXN_100059,CUST_10059
18,Checking,Transfer,Utilities,240.64,26031.76,25791.12,16,Tokyo,Mobile App,Wire Transfer,1,0,TXN_101206,CUST_11206
45,Credit,Payment,Retail,245.04,16297.29,16052.25,10,Singapore,Mobile App,Debit Card,0,0,TXN_103793,CUST_13793
29,Checking,Transfer,Retail,25.69,7803.84,7778.15,8,Toronto,Mobile App,UPI / Wallet,0,0,TXN_105689,CUST_15689
18,Savings,Payment,Groceries,71.81,27114.11,27042.3,22,Toronto,POS Terminal,Debit Card,0,0,TXN_104736,CUST_14736
18,Credit,Transfer,Travel,3.57,24343.39,24339.82,22,New York,Web Browser,UPI / Wallet,0,0,TXN_101695,CUST_11695
18,Checking,Payment,Utilities,44.5,23512.81,23468.31,23,Toronto,Mobile App,Wire Transfer,0,0,TXN_101752,CUST_11752
18,Checking,Deposit,Travel,83.64,25297.6,25213.96,21,Toronto,POS Terminal,Wire Transfer,0,0,TXN_106956,CUST_16956
55,Credit,Transfer,Retail,202.46,24122.21,23919.75,7,Tokyo,Web Browser,Debit Card,0,0,TXN_105962,CUST_15962
56,Savings,Withdrawal,Utilities,100.08,18230.73,18130.65,6,Berlin,Mobile App,Debit Card,0,0,TXN_101060,CUST_11060
54,Credit,Deposit,Retail,270.63,15363.26,15092.63,9,Tokyo,ATM,Wire Transfer,0,0,TXN_103163,CUST_13163
62,Business,Payment,Utilities,34.92,6313.62,6278.7,13,Toronto,ATM,Credit Card,0,0,TXN_104439,CUST_14439
18,Savings,Payment,Entertainment,149.24,22319.87,22170.63,12,Berlin,Mobile App,Credit Card,0,0,TXN_105946,CUST_15946
22,Business,Withdrawal,Entertainment,7.22,9893.93,9886.71,22,Berlin,POS Terminal,Debit Card,0,0,TXN_100261,CUST_10261
69,Credit,Payment,Groceries,65.42,14705.19,14639.77,11,Berlin,ATM,Wire Transfer,0,0,TXN_101881,CUST_11881
25,Business,Deposit,Entertainment,234.59,15202.44,14967.85,19,Berlin,Web Browser,Credit Card,0,0,TXN_100687,CUST_10687
50,Checking,Transfer,Groceries,33.45,20012.56,19979.11,6,London,Mobile App,Credit Card,0,0,TXN_101922,CUST_11922
33,Business,Payment,Groceries,326.26,14859.79,14533.53,17,London,Mobile App,Wire Transfer,0,0,TXN_100330,CUST_10330
19,Credit,Payment,Entertainment,87.74,2929.16,2841.42,6,Toronto,Mobile App,Debit Card,0,1,TXN_104298,CUST_14298
65,Business,Transfer,Travel,543.14,24796.34,24253.2,18,Singapore,Web Browser,Credit Card,1,0,TXN_101439,CUST_11439
20,Checking,Payment,Retail,31.78,9515.18,9483.4,11,Tokyo,Mobile App,Debit Card,0,0,TXN_105288,CUST_15288
63,Business,Withdrawal,Groceries,318.67,26651.2,26332.53,6,Tokyo,Web Browser,Credit Card,0,0,TXN_102455,CUST_12455
52,Savings,Transfer,Retail,32.14,10920.58,10888.44,14,Berlin,ATM,Credit Card,1,0,TXN_106904,CUST_16904
18,Checking,Transfer,Groceries,316.47,16357.97,16041.5,9,Tokyo,Web Browser,Debit Card,0,0,TXN_101071,CUST_11071
18,Checking,Payment,Groceries,75.65,23544.32,23468.67,10,Singapore,ATM,Wire Transfer,1,0,TXN_102192,CUST_12192
29,Business,Withdrawal,Retail,84.44,21591.59,21507.15,0,Mumbai,Web Browser,Wire Transfer,0,0,TXN_104061,CUST_14061
68,Checking,Payment,Groceries,44.9,12778.76,12883.86,23,New York,Web Browser,UPI / Wallet,0,0,TXN_106833,CUST_16833
21,Checking,Withdrawal,Entertainment,116.64,17987.37,17870.73,3,Tokyo,Web Browser,Debit Card,0,0,TXN_101464,CUST_11464
22,Savings,Payment,Utilities,159.85,20556.59,20396.74,9,New York,ATM,Debit Card,0,0,TXN_106646,CUST_16646
41,Savings,Withdrawal,Electronics,24.72,21084.29,21059.57,1,Berlin,Mobile App,Debit Card,0,0,TXN_103325,CUST_13325
19,Business,Transfer,Groceries,348.18,22828.44,22480.26,19,Toronto,Mobile App,Debit Card,0,1,TXN_101756,CUST_11756
66,Checking,Deposit,Groceries,219.92,16031.99,15962.07,12,Singapore,Mobile App,Debit Card,0,0,TXN_100127,CUST_10127
73,Savings,Deposit,Groceries,36.76,21449.95,21413.19,6,Tokyo,POS Terminal,UPI / Wallet,1,0,TXN_104329,CUST_14329
67,Savings,Transfer,Travel,3.23,5706.87,5703.64,14,Toronto,POS Terminal,Credit Card,0,1,TXN_101107,CUST_11107
44,Savings,Payment,Entertainment,107.37,4915.8,4808.43,7,Tokyo,Mobile App,Debit Card,0,0,TXN_100099,CUST_10099
18,Credit,Transfer,Utilities,12.64,27360.77,27348.13,23,Mumbai,ATM,UPI / Wallet,0,0,TXN_104925,CUST_14925
28,Savings,Transfer,Entertainment,97.56,19930.03,19832.47,7,Toronto,Web Browser,UPI / Wallet,0,0,TXN_102948,CUST_12948
53,Checking,Transfer,Groceries,105.8,24411.24,24305.44,16,Berlin,POS Terminal,Wire Transfer,0,0,TXN_106098,CUST_16098
30,Savings,Transfer,Travel,11.11,22944.61,22933.5,23,Mumbai,Web Browser,UPI / Wallet,0,0,TXN_103668,CUST_13668
57,Savings,Payment,Travel,705.65,13102.54,12396.89,15,Berlin,Mobile App,Debit Card,1,0,TXN_102068,CUST_12068
67,Business,Payment,Utilities,7.04,25704.3,25697.26,1,Berlin,POS Terminal,Wire Transfer,0,0,TXN_106856,CUST_16856
23,Credit,Transfer,Groceries,141.64,23341.18,23199.54,22,Tokyo,Mobile App,Debit Card,0,0,TXN_105251,CUST_15251
78,Checking,Payment,Travel,10.09,13821.24,13811.15,18,Mumbai,Mobile App,Wire Transfer,0,0,TXN_101915,CUST_11915
34,Savings,Deposit,Travel,15.3,12809.09,12793.79,12,Singapore,ATM,Debit Card,0,0,TXN_104593,CUST_14593
69,Checking,Transfer,Utilities,15.14,3179.59,3164.45,5,Tokyo,Web Browser,UPI / Wallet,0,0,TXN_100504,CUST_10504
41,Credit,Deposit,Retail,304.12,11146.28,10842.16,9,Singapore,ATM,Debit Card,0,0,TXN_104014,CUST_14014
55,Checking,Transfer,Utilities,44.23,26008.5,25964.27,21,Berlin,ATM,UPI / Wallet,0,0,TXN_102056,CUST_12056
71,Checking,Transfer,Entertainment,9.53,24491.35,24481.82,3,Singapore,ATM,UPI / Wallet,0,0,TXN_104041,CUST_14041
22,Savings,Payment,Electronics,7.11,21792.52,21785.41,4,Mumbai,POS Terminal,UPI / Wallet,0,0,TXN_105070,CUST_15070
62,Business,Withdrawal,Electronics,182.15,22420.71,22238.56,18,Toronto,Web Browser,Wire Transfer,1,0,TXN_103489,CUST_13489
31,Checking,Transfer,Electronics,867.01,26223.18,25356.17,1,New York,ATM,Credit Card,0,0,TXN_106318,CUST_16318
67,Checking,Transfer,Retail,338.18,15738.22,15400.04,0,Mumbai,Mobile App,Debit Card,0,0,TXN_103465,CUST_13465
18,Savings,Payment,Travel,193.46,22441.08,22247.62,9,London,ATM,Wire Transfer,0,0,TXN_101888,CUST_11888
34,Business,Withdrawal,Travel,140.22,22392.61,22252.39,2,Berlin,Mobile App,UPI / Wallet,0,0,TXN_104323,CUST_14323
47,Checking,Payment,Utilities,68.77,17001.02,16932.25,1,Singapore,Mobile App,Debit Card,0,0,TXN_106240,CUST_16240
21,Checking,Payment,Travel,112.85,1267.27,1154.42,9,Mumbai,ATM,Debit Card,0,0,TXN_100295,CUST_10295
59,Savings,Deposit,Travel,18.78,18342.28,18473.5,22,Tokyo,Mobile App,Credit Card,0,0,TXN_106372,CUST_16372
22,Business,Deposit,Entertainment,32.12,3989.61,3957.49,18,Tokyo,Web Browser,UPI / Wallet,0,0,TXN_102761,CUST_12761
43,Checking,Withdrawal,Retail,13.8,21548.47,21534.67,8,Berlin,Mobile App,Credit Card,0,0,TXN_102476,CUST_12476
66,Credit,Payment,Groceries,139.97,20372.07,20232.1,18,Berlin,Mobile App,Credit Card,0,0,TXN_106493,CUST_16493
75,Checking,Payment,Entertainment,59.77,26467.09,26407.32,16,Tokyo,POS Terminal,Credit Card,1,0,TXN_104140,CUST_14140
68,Business,Payment,Travel,84.25,23490.4,23406.15,2,Berlin,Web Browser,UPI / Wallet,0,0,TXN_100257,CUST_10257
27,Checking,Transfer,Groceries,243.59,26101.78,25858.19,8,Toronto,POS Terminal,UPI / Wallet,1,1,TXN_105335,CUST_15335
77,Savings,Transfer,Retail,77.57,26529.68,26452.11,9,New York,Mobile App,Wire Transfer,1,0,TXN_105726,CUST_15726
37,Checking,Deposit,Travel,25.79,21655.82,21630.03,20,Berlin,POS Terminal,Debit Card,1,0,TXN_106576,CUST_16576
18,Credit,Deposit,Groceries,72.44,17997.4,17924.96,21,Tokyo,Web Browser,Wire Transfer,0,0,TXN_103369,CUST_13369
69,Checking,Payment,Utilities,53.22,23603.68,23550.46,15,Berlin,Mobile App,Wire Transfer,0,0,TXN_102688,CUST_12688
71,Savings,Payment,Electronics,101.29,23484.52,23383.23,12,Berlin,Web Browser,UPI / Wallet,0,0,TXN_102268,CUST_12268
60,Checking,Deposit,Retail,189.3,7854.78,7665.48,18,Mumbai,POS Terminal,Wire Transfer,0,0,TXN_105285,CUST_15285
26,Checking,Transfer,Electronics,110.54,23046.37,23085.83,18,Berlin,Web Browser,UPI / Wallet,0,0,TXN_104667,CUST_14667
18,Checking,Payment,Groceries,632.25,22845.21,22212.96,11,Tokyo,ATM,Debit Card,0,0,TXN_105490,CUST_15490
54,Checking,Transfer,Entertainment,93.5,20486.64,20543.14,18,New York,ATM,Debit Card,0,0,TXN_106953,CUST_16953
19,Savings,Transfer,Electronics,105.43,22825.96,22720.53,2,Tokyo,Web Browser,Debit Card,0,0,TXN_104896,CUST_14896
46,Savings,Payment,Travel,195.29,4358.63,4163.34,4,Tokyo,Mobile App,Credit Card,0,0,TXN_104724,CUST_14724
34,Checking,Payment,Utilities,215.33,26498.42,26283.09,13,New York,Mobile App,UPI / Wallet,0,0,TXN_101500,CUST_11500
77,Savings,Transfer,Retail,77.57,26529.68,26452.11,9,New York,Mobile App,Wire Transfer,1,0,TXN_105726,CUST_15726
20,Checking,Transfer,Retail,63.76,27897.03,27833.27,5,New York,POS Terminal,Debit Card,0,0,TXN_105904,CUST_15904
49,Credit,Payment,Electronics,52.02,18499.42,18447.4,20,London,ATM,Wire Transfer,1,0,TXN_102203,CUST_12203
26,Checking,Transfer,Entertainment,11.67,3908.34,3896.67,7,Mumbai,Web Browser,Credit Card,0,0,TXN_100374,CUST_10374
40,Savings,Transfer,Electronics,382.83,14556.7,14323.87,11,Tokyo,Web Browser,UPI / Wallet,0,0,TXN_102406,CUST_12406
44,Credit,Transfer,Travel,191.12,8135.23,7944.11,5,Berlin,Mobile App,UPI / Wallet,0,1,TXN_101058,CUST_11058
53,Savings,Transfer,Retail,51.82,22526.85,22475.03,11,Berlin,Mobile App,Debit Card,0,1,TXN_105301,CUST_15301
28,Savings,Transfer,Retail,45.32,24708.28,24662.96,14,London,Web Browser,Wire Transfer,0,0,TXN_101004,CUST_11004
74,Credit,Deposit,Utilities,59.91,26013.42,26103.51,12,Toronto,Web Browser,UPI / Wallet,0,0,TXN_106484,CUST_16484
53,Savings,Deposit,Retail,94.33,24581.35,24487.02,9,Toronto,Mobile App,UPI / Wallet,0,0,TXN_104086,CUST_14086
54,Savings,Transfer,Retail,76.06,13218.7,13142.64,1,Mumbai,Web Browser,Wire Transfer,0,0,TXN_104387,CUST_14387
45,Checking,Payment,Utilities,146.38,21109.72,21113.34,5,Tokyo,ATM,UPI / Wallet,0,1,TXN_106402,CUST_16402
63,Checking,Payment,Retail,68.14,23645.67,23577.53,10,Singapore,ATM,Debit Card,0,0,TXN_105768,CUST_15768
51,Checking,Deposit,Groceries,6.74,15816.93,15810.19,5,Tokyo,ATM,Debit Card,0,0,TXN_103076,CUST_13076
43,Savings,Transfer,Retail,98.56,9372.89,9274.33,2,Mumbai,ATM,UPI / Wallet,0,1,TXN_102224,CUST_12224
39,Credit,Payment,Groceries,61.18,25557.88,25496.7,5,New York,ATM,Credit Card,0,0,TXN_104608,CUST_14608
53,Savings,Transfer,Electronics,54.47,21754.69,21700.22,23,Toronto,Web Browser,UPI / Wallet,0,0,TXN_106144,CUST_16144
37,Credit,Payment,Utilities,130.13,19615.48,19485.35,16,New York,Web Browser,Debit Card,0,0,TXN_104706,CUST_14706
66,Checking,Transfer,Retail,257.58,15168.52,14910.94,17,London,Web Browser,UPI / Wallet,0,0,TXN_105101,CUST_15101
63,Checking,Transfer,Retail,11.32,22439.15,22427.83,7,Berlin,Mobile App,Debit Card,0,0,TXN_101924,CUST_11924
18,Savings,Deposit,Groceries,91.98,882.38,790.4,20,Singapore,Mobile App,UPI / Wallet,0,0,TXN_104383,CUST_14383
18,Checking,Transfer,Entertainment,138.59,22167.18,22028.59,21,Toronto,ATM,Debit Card,0,0,TXN_104106,CUST_14106
21,Savings,Payment,Travel,220.85,20900.37,20679.52,5,Mumbai,POS Terminal,Debit Card,0,1,TXN_100924,CUST_10924
27,Checking,Payment,Retail,198.95,19888.37,19689.42,8,Singapore,ATM,Wire Transfer,0,0,TXN_101016,CUST_11016
68,Savings,Transfer,Retail,68.32,17144.8,17076.48,16,Berlin,Web Browser,Debit Card,0,1,TXN_101116,CUST_11116
70,Business,Payment,Electronics,202.11,17280.2,17078.09,12,Berlin,Web Browser,Wire Transfer,0,0,TXN_104559,CUST_14559
18,Savings,Payment,Electronics,1.48,16776.32,16774.84,9,Singapore,Web Browser,Wire Transfer,0,0,TXN_102240,CUST_12240
27,Checking,Payment,Entertainment,358.78,6473.46,6114.68,13,Singapore,Mobile App,Wire Transfer,0,0,TXN_105524,CUST_15524
69,Savings,Payment,Travel,41.96,15623.52,15581.56,9,Tokyo,Mobile App,Debit Card,1,0,TXN_102327,CUST_12327
29,Savings,Transfer,Retail,20.22,345.35,325.13,1,Berlin,Web Browser,UPI / Wallet,0,0,TXN_100675,CUST_10675
24,Checking,Transfer,Utilities,152.8,13380.44,13227.64,9,Tokyo,ATM,Debit Card,0,0,TXN_105312,CUST_15312
78,Savings,Payment,Entertainment,41.41,23066.9,23025.49,10,Berlin,Web Browser,UPI / Wallet,0,0,TXN_105118,CUST_15118
42,Checking,Payment,Groceries,308.39,11726.75,11418.36,0,Berlin,Mobile App,UPI / Wallet,0,0,TXN_102980,CUST_12980
22,Savings,Payment,Utilities,87.09,24742.86,24655.77,3,Mumbai,POS Terminal,Debit Card,0,0,TXN_105595,CUST_15595
75,Credit,Withdrawal,Entertainment,53.62,22871.65,22818.03,4,Mumbai,POS Terminal,Debit Card,1,0,TXN_103813,CUST_13813
36,Credit,Payment,Travel,67.75,20094.44,20026.69,19,Tokyo,Mobile App,Wire Transfer,0,0,TXN_103114,CUST_13114
32,Savings,Deposit,Groceries,8.8,22138.76,22129.96,6,Berlin,ATM,Debit Card,0,0,TXN_106092,CUST_16092
56,Credit,Transfer,Utilities,150.37,23326.61,23176.24,7,Tokyo,Mobile App,Wire Transfer,0,0,TXN_103419,CUST_13419
32,Savings,Transfer,Travel,192.49,20144.3,19951.81,18,Berlin,ATM,UPI / Wallet,0,1,TXN_100525,CUST_10525
18,Credit,Withdrawal,Retail,61.16,667.63,606.47,9,London,Web Browser,Debit Card,1,0,TXN_101132,CUST_11132
18,Savings,Withdrawal,Electronics,78.74,21834.27,21755.53,7,Tokyo,Mobile App,Wire Transfer,0,0,TXN_101265,CUST_11265
18,Savings,Payment,Travel,113.05,1793.1,1680.05,21,Berlin,Mobile App,Credit Card,0,0,TXN_103962,CUST_13962
63,Credit,Payment,Entertainment,315.09,15158.59,14843.5,2,Berlin,ATM,Wire Transfer,1,0,TXN_106827,CUST_16827
60,Checking,Transfer,Utilities,124.69,26774.81,26650.12,13,Toronto,Mobile App,Debit Card,0,0,TXN_101133,CUST_11133
18,Checking,Deposit,Utilities,307.54,17576.15,17418.61,5,Singapore,Web Browser,Debit Card,0,0,TXN_103496,CUST_13496
69,Credit,Payment,Travel,768.73,17275.88,16507.15,0,Tokyo,Mobile App,UPI / Wallet,0,0,TXN_103058,CUST_13058
18,Savings,Withdrawal,Utilities,24.08,24686.18,24662.1,20,Berlin,ATM,Credit Card,0,0,TXN_102307,CUST_12307
26,Credit,Withdrawal,Travel,67.14,24605.7,24538.56,2,Tokyo,Web Browser,Wire Transfer,0,0,TXN_101528,CUST_11528
67,Savings,Withdrawal,Travel,264.78,23841.87,23577.09,20,Singapore,Mobile App,Credit Card,0,1,TXN_102956,CUST_12956
20,Checking,Transfer,Groceries,72.37,23403.44,23331.07,1,New York,Mobile App,Debit Card,0,0,TXN_102453,CUST_12453
54,Savings,Withdrawal,Entertainment,76.77,12241.91,12165.14,15,Mumbai,ATM,Wire Transfer,0,0,TXN_106671,CUST_16671
65,Savings,Transfer,Groceries,32.77,20889.38,20856.61,12,Berlin,Mobile App,UPI / Wallet,0,0,TXN_103433,CUST_13433
55,Checking,Payment,Travel,51.76,25478.67,25426.91,11,Tokyo,POS Terminal,Debit Card,0,1,TXN_101929,CUST_11929
18,Checking,Payment,Travel,24.2,12678.38,12654.18,14,London,ATM,Credit Card,0,0,TXN_104734,CUST_14734
20,Savings,Withdrawal,Entertainment,163.01,19429.15,19266.14,13,Mumbai,Mobile App,Credit Card,0,0,TXN_104293,CUST_14293
38,Savings,Deposit,Groceries,60.43,11260.59,11200.16,14,Toronto,Mobile App,UPI / Wallet,0,0,TXN_101643,CUST_11643
40,Savings,Payment,Entertainment,62.26,25478.34,25416.08,21,Tokyo,Mobile App,Credit Card,0,0,TXN_101260,CUST_11260
56,Savings,Withdrawal,Entertainment,151.61,9851.22,9699.61,9,Berlin,Web Browser,Wire Transfer,1,0,TXN_100167,CUST_10167
68,Checking,Payment,Travel,35.4,23059.85,23024.45,22,Tokyo,Mobile App,Wire Transfer,0,0,TXN_103911,CUST_13911
18,Checking,Payment,Retail,43.32,20793.0,20749.68,20,Tokyo,Mobile App,UPI / Wallet,1,0,TXN_102363,CUST_12363
33,Checking,Payment,Groceries,57.96,12833.16,12775.2,9,London,Web Browser,Debit Card,0,0,TXN_100789,CUST_10789
43,Savings,Transfer,Groceries,16.47,20813.1,20796.63,15,Tokyo,POS Terminal,Debit Card,0,0,TXN_102781,CUST_12781
59,Credit,Payment,Entertainment,108.39,22558.47,22450.08,7,Mumbai,Mobile App,UPI / Wallet,0,0,TXN_105133,CUST_15133
37,Savings,Transfer,Electronics,2.64,23353.33,23350.69,12,Berlin,Web Browser,UPI / Wallet,0,0,TXN_102773,CUST_12773
18,Checking,Deposit,Utilities,307.54,17576.15,17268.61,5,Singapore,Web Browser,Debit Card,0,0,TXN_103496,CUST_13496
18,Checking,Transfer,Electronics,83.65,5775.61,5691.96,10,London,POS Terminal,Credit Card,0,0,TXN_103290,CUST_13290
62,Savings,Payment,Electronics,65.07,15605.41,15540.34,19,New York,ATM,Debit Card,0,0,TXN_103193,CUST_13193
50,Checking,Withdrawal,Retail,369.2,22447.55,22078.35,4,Toronto,ATM,Credit Card,0,0,TXN_104464,CUST_14464
52,Credit,Withdrawal,Retail,94.12,15336.48,15242.36,8,London,Mobile App,Debit Card,1,0,TXN_106787,CUST_16787
18,Checking,Transfer,Retail,24.02,1895.17,1871.15,22,Mumbai,Mobile App,Debit Card,0,0,TXN_102398,CUST_12398
60,Business,Payment,Groceries,121.83,21130.43,21008.6,11,Berlin,Mobile App,Debit Card,0,0,TXN_102090,CUST_12090
41,Checking,Transfer,Groceries,49.05,16425.77,16376.72,18,Berlin,ATM,Debit Card,1,0,TXN_103635,CUST_13635
46,Savings,Transfer,Retail,81.18,24819.06,24737.88,22,Singapore,Mobile App,Debit Card,0,0,TXN_101515,CUST_11515
26,Checking,Transfer,Electronics,29.78,16770.47,16740.69,11,Berlin,Web Browser,UPI / Wallet,0,0,TXN_106579,CUST_16579
66,Checking,Withdrawal,Utilities,52.62,24816.69,24764.07,1,Berlin,Mobile App,UPI / Wallet,0,0,TXN_105510,CUST_15510
66,Checking,Deposit,Entertainment,141.19,10374.02,10232.83,9,New York,Web Browser,Credit Card,0,0,TXN_102973,CUST_12973
18,Checking,Transfer,Utilities,423.24,23271.82,22848.58,23,Singapore,Web Browser,UPI / Wallet,0,0,TXN_106331,CUST_16331
29,Savings,Transfer,Travel,64.12,26429.1,26364.98,5,London,Mobile App,UPI / Wallet,0,0,TXN_102917,CUST_12917
67,Checking,Payment,Travel,73.4,25973.06,25899.66,17,London,Mobile App,Credit Card,0,0,TXN_101149,CUST_11149
24,Business,Withdrawal,Utilities,58.97,19309.0,19250.03,20,Singapore,POS Terminal,Credit Card,0,0,TXN_104749,CUST_14749
19,Savings,Withdrawal,Electronics,55.68,8026.39,7970.71,5,Tokyo,POS Terminal,UPI / Wallet,0,0,TXN_102887,CUST_12887
32,Credit,Withdrawal,Groceries,91.09,17952.83,17861.74,21,Singapore,Mobile App,UPI / Wallet,0,0,TXN_102321,CUST_12321
77,Savings,Transfer,Retail,77.57,26529.68,26452.11,9,New York,Mobile App,Wire Transfer,1,0,TXN_105726,CUST_15726
18,Savings,Payment,Utilities,247.6,15354.47,15106.87,4,New York,Mobile App,Debit Card,0,0,TXN_105344,CUST_15344
19,Checking,Withdrawal,Travel,231.06,22856.2,22775.14,6,New York,Web Browser,Credit Card,0,0,TXN_100593,CUST_10593
18,Savings,Transfer,Retail,613.43,22428.46,21815.03,20,Singapore,Web Browser,UPI / Wallet,0,0,TXN_100107,CUST_10107
68,Savings,Transfer,Travel,3.2,17224.46,17221.26,5,Berlin,Web Browser,Wire Transfer,0,1,TXN_105484,CUST_15484
37,Business,Payment,Utilities,51.97,3950.21,4048.24,9,New York,Web Browser,Credit Card,0,0,TXN_100152,CUST_10152
38,Savings,Withdrawal,Entertainment,683.91,11629.69,10945.78,19,Tokyo,ATM,UPI / Wallet,1,0,TXN_106024,CUST_16024
73,Savings,Transfer,Electronics,20.5,21567.41,21546.91,22,Tokyo,ATM,Credit Card,0,0,TXN_101094,CUST_11094
20,Checking,Withdrawal,Travel,267.1,13855.44,13588.34,5,New York,Mobile App,Credit Card,0,1,TXN_106061,CUST_16061
18,Business,Payment,Entertainment,92.02,5998.7,5906.68,4,Berlin,Web Browser,Wire Transfer,0,0,TXN_100634,CUST_10634
39,Savings,Withdrawal,Utilities,1.93,24366.58,24364.65,1,Mumbai,Web Browser,Credit Card,0,0,TXN_105583,CUST_15583
18,Savings,Payment,Electronics,106.6,20559.1,20602.5,17,Singapore,ATM,Wire Transfer,0,0,TXN_105130,CUST_15130
27,Savings,Transfer,Travel,280.17,24621.5,24341.33,9,Mumbai,Web Browser,Debit Card,0,0,TXN_105005,CUST_15005
33,Savings,Payment,Electronics,86.57,21110.39,21023.82,8,Tokyo,Web Browser,UPI / Wallet,0,0,TXN_103555,CUST_13555
22,Business,Withdrawal,Electronics,134.42,22869.55,22735.13,19,London,ATM,UPI / Wallet,0,0,TXN_100714,CUST_10714
45,Savings,Deposit,Groceries,4.84,13142.31,13137.47,5,Mumbai,Mobile App,Wire Transfer,0,0,TXN_103133,CUST_13133
23,Savings,Transfer,Travel,674.18,19195.6,18521.42,17,Toronto,ATM,Debit Card,0,0,TXN_104555,CUST_14555
21,Savings,Withdrawal,Groceries,3.99,21308.16,21304.17,4,Tokyo,POS Terminal,Wire Transfer,0,0,TXN_101245,CUST_11245
68,Savings,Payment,Travel,36.11,23029.49,22993.38,9,London,Mobile App,Credit Card,0,0,TXN_102061,CUST_12061
29,Savings,Withdrawal,Electronics,549.09,24803.81,24254.72,9,Tokyo,Mobile App,Credit Card,0,0,TXN_101268,CUST_11268
18,Checking,Withdrawal,Travel,390.31,19136.14,18895.83,3,New York,Web Browser,Debit Card,0,0,TXN_106626,CUST_16626
48,Checking,Payment,Retail,17.29,13507.05,13489.76,21,Mumbai,POS Terminal,Debit Card,0,1,TXN_104308,CUST_14308
32,Checking,Payment,Travel,140.72,14166.23,14025.51,22,Tokyo,POS Terminal,UPI / Wallet,0,0,TXN_105284,CUST_15284
56,Checking,Withdrawal,Utilities,1.92,1313.67,1461.75,20,Singapore,Mobile App,Debit Card,0,0,TXN_100657,CUST_10657
18,Checking,Payment,Groceries,213.58,22688.65,22475.07,1,New York,POS Terminal,UPI / Wallet,0,0,TXN_100578,CUST_10578
66,Checking,Payment,Retail,222.23,26338.51,26116.28,3,Mumbai,Web Browser,Debit Card,0,0,TXN_104312,CUST_14312
68,Savings,Payment,Utilities,204.83,25449.12,25244.29,12,Tokyo,Mobile App,Wire Transfer,1,0,TXN_102253,CUST_12253
76,Business,Withdrawal,Travel,67.22,27759.22,27692.0,6,Berlin,Mobile App,Debit Card,0,0,TXN_102418,CUST_12418
66,Checking,Transfer,Retail,145.59,24074.97,23929.38,3,New York,Web Browser,Debit Card,0,0,TXN_102189,CUST_12189
21,Savings,Transfer,Utilities,41.03,15723.3,15682.27,17,Tokyo,Web Browser,Credit Card,0,0,TXN_103665,CUST_13665
43,Checking,Withdrawal,Entertainment,8.5,18656.29,18647.79,15,Berlin,POS Terminal,UPI / Wallet,0,0,TXN_103861,CUST_13861
55,Savings,Payment,Travel,109.19,23686.52,23577.33,23,Mumbai,Web Browser,Credit Card,0,0,TXN_104975,CUST_14975
55,Business,Transfer,Entertainment,158.79,18006.61,17847.82,3,New York,ATM,Wire Transfer,0,1,TXN_100319,CUST_10319
53,Savings,Withdrawal,Electronics,101.89,27079.23,26977.34,19,New York,POS Terminal,Wire Transfer,0,0,TXN_101195,CUST_11195
68,Credit,Payment,Entertainment,344.86,25146.9,24802.04,13,New York,Web Browser,UPI / Wallet,1,0,TXN_106910,CUST_16910
31,Savings,Deposit,Groceries,349.94,24725.48,24375.54,13,Mumbai,Web Browser,Credit Card,0,0,TXN_105420,CUST_15420
67,Savings,Payment,Travel,118.1,22458.15,22340.05,23,Singapore,POS Terminal,Wire Transfer,0,1,TXN_103691,CUST_13691
18,Checking,Transfer,Retail,125.94,8188.17,8062.23,3,Toronto,Mobile App,Wire Transfer,0,0,TXN_104972,CUST_14972
18,Checking,Transfer,Travel,341.28,26006.35,25815.07,0,London,POS Terminal,Credit Card,0,0,TXN_103566,CUST_13566
23,Savings,Transfer,Utilities,270.73,26943.6,26672.87,11,Mumbai,ATM,UPI / Wallet,0,0,TXN_103196,CUST_13196
60,Checking,Transfer,Groceries,179.46,14009.36,13829.9,8,Tokyo,Web Browser,Debit Card,0,0,TXN_103150,CUST_13150
26,Checking,Transfer,Entertainment,112.84,11420.38,11307.54,10,Mumbai,ATM,UPI / Wallet,1,0,TXN_103602,CUST_13602
70,Checking,Payment,Retail,125.19,18583.18,18607.99,19,Tokyo,Mobile App,UPI / Wallet,0,0,TXN_102511,CUST_12511
29,Checking,Transfer,Travel,251.59,19675.27,19423.68,1,Tokyo,ATM,Wire Transfer,0,0,TXN_106479,CUST_16479
18,Savings,Deposit,Utilities,26.39,16838.07,16811.68,10,Berlin,Web Browser,UPI / Wallet,0,0,TXN_103061,CUST_13061
29,Savings,Transfer,Retail,119.94,23466.51,23496.57,21,Berlin,ATM,UPI / Wallet,1,0,TXN_100425,CUST_10425
43,Savings,Payment,Entertainment,36.73,4976.81,4940.08,18,Singapore,Mobile App,Wire Transfer,0,0,TXN_100269,CUST_10269
76,Credit,Deposit,Retail,96.62,5151.36,5204.74,18,Singapore,Mobile App,Debit Card,0,0,TXN_106255,CUST_16255
30,Checking,Withdrawal,Utilities,378.7,24305.83,23927.13,21,London,POS Terminal,UPI / Wallet,0,0,TXN_102073,CUST_12073
65,Checking,Withdrawal,Travel,33.14,18840.6,18807.46,16,New York,POS Terminal,Credit Card,0,0,TXN_106633,CUST_16633
42,Savings,Payment,Entertainment,374.51,6301.95,5927.44,13,London,Mobile App,UPI / Wallet,0,0,TXN_100529,CUST_10529
56,Business,Transfer,Retail,197.48,9167.54,8970.06,2,Singapore,Web Browser,Credit Card,1,0,TXN_106422,CUST_16422
43,Checking,Payment,Electronics,448.77,24496.2,24047.43,19,Singapore,ATM,UPI / Wallet,0,0,TXN_105372,CUST_15372
28,Credit,Transfer,Retail,600.64,19036.8,18436.16,13,Tokyo,Web Browser,Debit Card,0,0,TXN_104760,CUST_14760
59,Business,Payment,Utilities,100.95,3848.03,3897.08,19,London,Web Browser,UPI / Wallet,0,0,TXN_104968,CUST_14968
58,Checking,Payment,Travel,95.62,19290.86,19195.24,20,Mumbai,Mobile App,Credit Card,0,0,TXN_102066,CUST_12066
44,Savings,Transfer,Groceries,183.71,23933.45,23749.74,9,Tokyo,ATM,Wire Transfer,0,0,TXN_106675,CUST_16675
53,Business,Transfer,Retail,401.94,17304.7,16902.76,0,Tokyo,POS Terminal,UPI / Wallet,1,0,TXN_100997,CUST_10997
40,Checking,Payment,Groceries,11.21,7703.77,7692.56,19,Tokyo,ATM,Wire Transfer,0,0,TXN_100544,CUST_10544
22,Savings,Withdrawal,Entertainment,319.31,4820.35,4501.04,13,Mumbai,Mobile App,Debit Card,0,0,TXN_100321,CUST_10321
22,Savings,Payment,Retail,72.78,4473.2,4400.42,14,Berlin,Web Browser,UPI / Wallet,1,0,TXN_104499,CUST_14499
50,Savings,Transfer,Travel,152.96,14411.27,14258.31,16,Mumbai,ATM,Wire Transfer,0,0,TXN_105364,CUST_15364
52,Savings,Transfer,Groceries,179.78,10648.29,10468.51,9,London,ATM,Debit Card,1,0,TXN_100426,CUST_10426
18,Checking,Transfer,Groceries,621.64,22558.21,21936.57,13,London,ATM,Credit Card,0,0,TXN_105574,CUST_15574
40,Savings,Payment,Electronics,119.31,23427.14,23307.83,16,Tokyo,ATM,Wire Transfer,0,0,TXN_105804,CUST_15804
55,Business,Payment,Entertainment,174.1,1440.41,1266.31,2,Tokyo,POS Terminal,Debit Card,0,0,TXN_103015,CUST_13015
55,Checking,Payment,Groceries,0.68,5699.14,5698.46,1,Tokyo,POS Terminal,UPI / Wallet,0,0,TXN_104043,CUST_14043
72,Credit,Payment,Electronics,184.37,24949.49,24765.12,9,Singapore,Mobile App,Credit Card,0,0,TXN_101818,CUST_11818
20,Savings,Transfer,Groceries,542.18,24056.58,23514.4,17,Tokyo,ATM,Debit Card,0,1,TXN_105472,CUST_15472
73,Checking,Deposit,Travel,113.02,20492.67,20379.65,19,Mumbai,POS Terminal,UPI / Wallet,0,0,TXN_100221,CUST_10221
56,Checking,Transfer,Groceries,115.37,23577.93,23462.56,17,Toronto,POS Terminal,Credit Card,0,0,TXN_106872,CUST_16872
60,Savings,Payment,Utilities,311.17,24771.53,24460.36,1,Singapore,Web Browser,UPI / Wallet,0,0,TXN_104225,CUST_14225
18,Savings,Transfer,Utilities,101.79,28595.56,28493.77,23,Mumbai,Web Browser,Wire Transfer,0,1,TXN_100113,CUST_10113
21,Credit,Transfer,Retail,265.63,27279.59,27013.96,13,Mumbai,ATM,Credit Card,0,0,TXN_100315,CUST_10315
59,Savings,Transfer,Travel,549.65,4556.32,4156.67,23,New York,Web Browser,Debit Card,0,0,TXN_105956,CUST_15956
56,Savings,Withdrawal,Electronics,3.97,7596.14,7592.17,17,Tokyo,POS Terminal,Debit Card,0,0,TXN_100817,CUST_10817
68,Savings,Transfer,Electronics,190.71,24033.85,23993.14,16,Singapore,Web Browser,Debit Card,0,0,TXN_106106,CUST_16106
75,Savings,Transfer,Travel,23.82,23348.6,23324.78,17,Berlin,Web Browser,Wire Transfer,0,0,TXN_104984,CUST_14984
58,Savings,Deposit,Travel,43.08,19735.55,19692.47,4,New York,ATM,Debit Card,0,0,TXN_104455,CUST_14455
49,Credit,Deposit,Retail,306.12,14830.05,14523.93,9,Tokyo,Web Browser,Debit Card,0,0,TXN_104284,CUST_14284
24,Checking,Payment,Utilities,186.66,24449.75,24263.09,18,Tokyo,Web Browser,Wire Transfer,0,0,TXN_101953,CUST_11953
60,Credit,Deposit,Retail,86.36,23363.28,23276.92,20,New York,POS Terminal,UPI / Wallet,0,1,TXN_102214,CUST_12214
39,Checking,Deposit,Electronics,108.67,23674.52,23565.85,19,Berlin,ATM,UPI / Wallet,1,0,TXN_100421,CUST_10421
25,Business,Withdrawal,Electronics,59.5,4080.2,4020.7,9,Mumbai,Web Browser,Debit Card,0,0,TXN_101635,CUST_11635
40,Credit,Payment,Travel,26.9,26341.62,26314.72,4,Berlin,Mobile App,UPI / Wallet,0,0,TXN_105318,CUST_15318
23,Checking,Transfer,Entertainment,17.0,24550.28,24533.28,13,London,ATM,Debit Card,1,0,TXN_104031,CUST_14031
24,Savings,Deposit,Groceries,281.98,24056.85,23774.87,4,Mumbai,POS Terminal,UPI / Wallet,0,0,TXN_106359,CUST_16359
59,Checking,Withdrawal,Entertainment,62.67,21733.38,21670.71,23,Mumbai,Mobile App,Credit Card,1,0,TXN_100066,CUST_10066
52,Business,Payment,Utilities,99.82,19872.65,19772.83,16,Tokyo,ATM,Credit Card,0,0,TXN_101046,CUST_11046
18,Checking,Transfer,Electronics,307.19,17292.65,16985.46,4,Mumbai,ATM,Wire Transfer,0,0,TXN_100874,CUST_10874
23,Checking,Transfer,Entertainment,154.96,20504.71,20499.75,20,Tokyo,Mobile App,Debit Card,1,0,TXN_102310,CUST_12310
19,Checking,Transfer,Retail,101.89,23992.69,24040.8,4,Mumbai,Mobile App,Debit Card,1,0,TXN_106278,CUST_16278
53,Checking,Transfer,Groceries,154.77,6213.33,6058.56,15,Tokyo,Mobile App,Debit Card,0,0,TXN_101976,CUST_11976
68,Checking,Payment,Travel,335.39,21920.36,21584.97,1,Mumbai,Web Browser,Credit Card,0,0,TXN_103848,CUST_13848
66,Savings,Transfer,Groceries,166.11,19033.09,18866.98,14,Mumbai,POS Terminal,UPI / Wallet,1,0,TXN_101619,CUST_11619
51,Business,Payment,Travel,179.54,18460.55,18281.01,21,Toronto,ATM,Wire Transfer,1,0,TXN_106072,CUST_16072
32,Checking,Payment,Entertainment,133.28,23428.34,23295.06,8,Berlin,Mobile App,Debit Card,0,1,TXN_104365,CUST_14365
71,Credit,Transfer,Entertainment,106.11,6266.61,6160.5,7,Mumbai,ATM,Debit Card,0,0,TXN_100849,CUST_10849
18,Checking,Transfer,Travel,9.56,6557.51,6547.95,20,Singapore,POS Terminal,UPI / Wallet,0,0,TXN_101430,CUST_11430
71,Savings,Payment,Electronics,188.93,22783.64,22594.71,6,Singapore,Web Browser,Debit Card,0,0,TXN_105347,CUST_15347
66,Savings,Payment,Utilities,68.66,20376.14,20457.48,19,Tokyo,POS Terminal,Debit Card,0,0,TXN_106333,CUST_16333
18,Business,Transfer,Travel,852.6,24837.33,23984.73,9,Mumbai,Web Browser,Debit Card,0,1,TXN_101520,CUST_11520
51,Savings,Transfer,Utilities,110.51,22680.92,22570.41,23,London,Mobile App,Credit Card,0,0,TXN_103179,CUST_13179
19,Savings,Transfer,Utilities,43.84,5121.99,5078.15,12,Tokyo,ATM,Debit Card,0,0,TXN_103241,CUST_13241
60,Business,Deposit,Groceries,512.63,10.67,0.0,7,London,Mobile App,UPI / Wallet,0,0,TXN_106843,CUST_16843
32,Credit,Deposit,Retail,97.85,26818.84,26870.99,23,Mumbai,Mobile App,Debit Card,0,1,TXN_104420,CUST_14420
18,Business,Withdrawal,Retail,187.69,8456.05,8268.36,14,Toronto,Mobile App,UPI / Wallet,1,1,TXN_102687,CUST_12687
18,Checking,Payment,Utilities,154.64,22205.82,22051.18,12,Singapore,POS Terminal,UPI / Wallet,0,0,TXN_100135,CUST_10135
23,Credit,Payment,Travel,46.59,6896.3,6849.71,2,London,Mobile App,UPI / Wallet,0,0,TXN_104573,CUST_14573
22,Savings,Payment,Travel,288.13,23862.68,23574.55,4,London,POS Terminal,Debit Card,0,0,TXN_100730,CUST_10730
53,Savings,Deposit,Groceries,67.52,20534.5,20466.98,2,Berlin,POS Terminal,Wire Transfer,0,0,TXN_100427,CUST_10427
19,Credit,Payment,Groceries,109.12,21306.8,21197.68,22,Singapore,Mobile App,UPI / Wallet,0,0,TXN_105764,CUST_15764
60,Savings,Transfer,Electronics,21.09,6348.82,6327.73,9,Mumbai,Web Browser,Debit Card,1,0,TXN_103992,CUST_13992
18,Savings,Deposit,Entertainment,132.61,26809.54,26676.93,9,Singapore,Web Browser,Credit Card,0,0,TXN_103218,CUST_13218
28,Credit,Transfer,Retail,124.61,12436.52,12311.91,12,Tokyo,POS Terminal,Debit Card,0,0,TXN_104869,CUST_14869
61,Business,Withdrawal,Groceries,116.05,19660.23,19544.18,1,New York,Mobile App,Debit Card,0,1,TXN_100744,CUST_10744
28,Savings,Transfer,Retail,13.04,14233.41,14220.37,9,Mumbai,ATM,Debit Card,0,1,TXN_105120,CUST_15120
57,Checking,Deposit,Groceries,0.06,19849.68,19849.62,6,Tokyo,POS Terminal,UPI / Wallet,0,0,TXN_103103,CUST_13103
67,Checking,Deposit,Groceries,12.49,23206.01,23193.52,19,London,Web Browser,Credit Card,0,0,TXN_100449,CUST_10449
18,Savings,Payment,Travel,59.47,26428.41,26368.94,12,Mumbai,Web Browser,Debit Card,0,0,TXN_101335,CUST_11335
63,Savings,Withdrawal,Travel,70.38,26224.18,26303.8,6,Berlin,POS Terminal,UPI / Wallet,0,0,TXN_106537,CUST_16537
22,Business,Transfer,Entertainment,1050.68,17495.23,16444.55,23,Berlin,POS Terminal,Debit Card,0,0,TXN_104316,CUST_14316
43,Savings,Transfer,Travel,13.56,21590.95,21577.39,5,Mumbai,ATM,UPI / Wallet,0,0,TXN_104482,CUST_14482
18,Savings,Transfer,Electronics,203.54,7069.02,6865.48,20,Tokyo,ATM,Debit Card,0,0,TXN_106752,CUST_16752
64,Business,Transfer,Entertainment,115.22,23331.71,23216.49,13,Berlin,Mobile App,UPI / Wallet,1,0,TXN_101054,CUST_11054
31,Checking,Transfer,Electronics,57.95,12569.23,12511.28,1,Mumbai,ATM,Wire Transfer,1,0,TXN_103581,CUST_13581
72,Savings,Withdrawal,Retail,22.32,25740.71,25718.39,9,Toronto,Mobile App,UPI / Wallet,0,0,TXN_106735,CUST_16735
18,Business,Payment,Travel,188.88,21403.38,21214.5,23,Mumbai,ATM,UPI / Wallet,0,1,TXN_103472,CUST_13472
38,Checking,Payment,Groceries,27.12,22499.37,22472.25,7,Tokyo,ATM,UPI / Wallet,0,0,TXN_103322,CUST_13322
35,Credit,Deposit,Groceries,112.84,2763.62,2650.78,19,Tokyo,Web Browser,UPI / Wallet,0,0,TXN_106878,CUST_16878
56,Savings,Payment,Electronics,34.12,27462.3,27428.18,9,Toronto,POS Terminal,Credit Card,0,0,TXN_105052,CUST_15052
20,Checking,Transfer,Groceries,148.43,19132.01,18983.58,22,Mumbai,Mobile App,Credit Card,0,0,TXN_100079,CUST_10079
30,Savings,Deposit,Electronics,293.21,21783.63,21490.42,11,Berlin,Mobile App,Wire Transfer,0,0,TXN_106839,CUST_16839
23,Business,Withdrawal,Entertainment,318.36,23484.58,23166.22,15,Tokyo,Mobile App,Debit Card,0,0,TXN_103483,CUST_13483
60,Savings,Payment,Retail,68.88,4752.93,4684.05,22,Berlin,Mobile App,UPI / Wallet,0,0,TXN_103874,CUST_13874
78,Savings,Transfer,Electronics,57.54,25101.57,25044.03,20,Tokyo,Mobile App,UPI / Wallet,0,0,TXN_105559,CUST_15559
77,Business,Payment,Retail,594.97,9380.93,8785.96,15,New York,ATM,Debit Card,0,0,TXN_104461,CUST_14461
58,Credit,Transfer,Groceries,21.74,27123.53,27101.79,5,Berlin,POS Terminal,UPI / Wallet,0,0,TXN_103800,CUST_13800
19,Checking,Withdrawal,Groceries,54.77,24205.43,24150.66,13,Mumbai,Mobile App,UPI / Wallet,0,0,TXN_102975,CUST_12975
18,Business,Transfer,Travel,192.92,18036.53,17843.61,6,Mumbai,POS Terminal,UPI / Wallet,0,0,TXN_103567,CUST_13567
18,Savings,Withdrawal,Retail,76.07,25718.38,25642.31,22,Tokyo,ATM,Credit Card,1,0,TXN_105790,CUST_15790
50,Checking,Deposit,Retail,73.52,22014.64,21941.12,9,London,ATM,UPI / Wallet,0,0,TXN_100937,CUST_10937
59,Checking,Payment,Groceries,89.27,13439.74,13350.47,1,London,Web Browser,Debit Card,0,0,TXN_101829,CUST_11829
18,Credit,Payment,Groceries,89.16,15860.35,15771.19,20,Mumbai,Mobile App,Wire Transfer,0,0,TXN_104950,CUST_14950
19,Savings,Withdrawal,Travel,145.24,8953.84,8808.6,20,Toronto,Mobile App,Wire Transfer,0,0,TXN_104447,CUST_14447
29,Savings,Transfer,Electronics,113.93,18724.77,18610.84,10,New York,POS Terminal,UPI / Wallet,0,1,TXN_104440,CUST_14440
20,Credit,Payment,Travel,62.61,26020.83,25958.22,18,Tokyo,Mobile App,Debit Card,0,0,TXN_102170,CUST_12170
24,Savings,Deposit,Groceries,20.21,18329.88,18309.67,8,New York,Mobile App,Debit Card,0,0,TXN_103135,CUST_13135
76,Checking,Transfer,Utilities,463.58,21690.47,21226.89,20,London,POS Terminal,Wire Transfer,0,0,TXN_100273,CUST_10273
64,Business,Withdrawal,Retail,221.75,6391.2,6169.45,3,Tokyo,POS Terminal,Debit Card,0,0,TXN_103400,CUST_13400
76,Savings,Transfer,Electronics,49.18,26246.53,26197.35,18,Mumbai,Mobile App,Wire Transfer,0,0,TXN_105172,CUST_15172
18,Business,Payment,Retail,79.01,25378.45,25449.44,2,New York,POS Terminal,UPI / Wallet,1,0,TXN_105315,CUST_15315
18,Savings,Transfer,Utilities,714.62,27065.62,26351.0,5,Singapore,Mobile App,Debit Card,0,0,TXN_102046,CUST_12046
30,Savings,Transfer,Utilities,4.71,15023.66,15018.95,21,Mumbai,Web Browser,Credit Card,0,0,TXN_102583,CUST_12583
55,Checking,Payment,Travel,49.55,13019.04,12969.49,9,Mumbai,POS Terminal,Wire Transfer,0,0,TXN_101204,CUST_11204
36,Savings,Deposit,Electronics,30.33,22912.44,22882.11,11,Toronto,Web Browser,UPI / Wallet,0,0,TXN_101542,CUST_11542
18,Savings,Payment,Entertainment,4.4,25438.29,25433.89,7,Mumbai,ATM,Wire Transfer,0,0,TXN_101730,CUST_11730
65,Checking,Withdrawal,Groceries,415.32,24159.06,23743.74,16,London,Web Browser,Debit Card,0,0,TXN_105279,CUST_15279
18,Savings,Payment,Travel,12.62,4485.27,4472.65,5,Singapore,Web Browser,Wire Transfer,0,0,TXN_104595,CUST_14595
62,Credit,Transfer,Utilities,84.43,23884.47,23800.04,5,Singapore,ATM,UPI / Wallet,0,0,TXN_103199,CUST_13199
31,Checking,Transfer,Electronics,867.01,26223.18,25356.17,1,New York,ATM,Credit Card,0,0,TXN_106318,CUST_16318
19,Checking,Payment,Retail,49.04,28394.89,28345.85,13,Tokyo,Mobile App,Credit Card,0,0,TXN_100294,CUST_10294
70,Savings,Payment,Groceries,147.75,20794.85,20647.1,3,Toronto,Mobile App,Credit Card,0,0,TXN_105770,CUST_15770
19,Checking,Payment,Entertainment,11.78,27095.92,27084.14,11,Singapore,Web Browser,Debit Card,0,0,TXN_106404,CUST_16404
65,Checking,Transfer,Travel,128.68,19814.2,19685.52,3,Tokyo,Mobile App,UPI / Wallet,0,0,TXN_102154,CUST_12154
28,Checking,Payment,Groceries,20.63,17000.24,16979.61,9,Tokyo,ATM,UPI / Wallet,1,0,TXN_105001,CUST_15001
68,Savings,Transfer,Entertainment,114.59,14331.68,14217.09,1,New York,ATM,UPI / Wallet,0,0,TXN_100046,CUST_10046
60,Checking,Transfer,Utilities,108.6,20400.8,20292.2,11,Mumbai,Mobile App,UPI / Wallet,0,0,TXN_100439,CUST_10439
57,Savings,Withdrawal,Electronics,0.97,20484.85,20483.88,9,Tokyo,Mobile App,Wire Transfer,1,0,TXN_102776,CUST_12776
37,Business,Payment,Electronics,30.08,15783.09,15753.01,2,Toronto,ATM,Wire Transfer,0,0,TXN_100473,CUST_10473
21,Checking,Payment,Travel,112.85,1267.27,1154.42,9,Mumbai,ATM,Debit Card,0,0,TXN_100295,CUST_10295
68,Savings,Withdrawal,Travel,59.01,24489.59,24430.58,5,New York,Web Browser,Debit Card,0,0,TXN_103663,CUST_13663
67,Checking,Withdrawal,Travel,63.72,24566.14,24502.42,23,Berlin,POS Terminal,UPI / Wallet,0,0,TXN_102379,CUST_12379
52,Credit,Payment,Entertainment,54.88,22294.69,22239.81,22,Toronto,ATM,Debit Card,0,0,TXN_101783,CUST_11783
60,Checking,Withdrawal,Entertainment,304.88,24039.8,23734.92,10,Toronto,Web Browser,Debit Card,0,0,TXN_104167,CUST_14167
18,Checking,Deposit,Travel,86.82,23158.57,23071.75,4,Singapore,Web Browser,UPI / Wallet,0,0,TXN_104696,CUST_14696
59,Credit,Payment,Utilities,24.39,23741.43,23717.04,13,Mumbai,Mobile App,Credit Card,0,1,TXN_106711,CUST_16711
64,Savings,Payment,Travel,5.02,16542.76,16537.74,1,Toronto,Mobile App,Debit Card,0,0,TXN_106543,CUST_16543
18,Savings,Transfer,Groceries,60.91,24787.68,24726.77,23,Singapore,POS Terminal,Debit Card,0,0,TXN_103838,CUST_13838
20,Savings,Payment,Utilities,195.29,23418.9,23223.61,14,Singapore,Web Browser,UPI / Wallet,0,0,TXN_103853,CUST_13853
18,Savings,Deposit,Entertainment,489.37,21417.47,20928.1,22,Berlin,Mobile App,UPI / Wallet,0,1,TXN_104599,CUST_14599
75,Checking,Transfer,Utilities,51.51,560.63,509.12,5,Tokyo,Web Browser,UPI / Wallet,0,0,TXN_106503,CUST_16503
68,Checking,Payment,Travel,107.2,24677.27,24720.07,6,Tokyo,POS Terminal,Credit Card,0,0,TXN_100007,CUST_10007
35,Checking,Deposit,Groceries,106.54,22708.36,22601.82,22,Toronto,Mobile App,Credit Card,0,0,TXN_101761,CUST_11761
70,Business,Deposit,Groceries,245.79,17822.62,17576.83,13,London,POS Terminal,Wire Transfer,0,0,TXN_100128,CUST_10128
32,Savings,Payment,Travel,49.26,25246.37,25197.11,21,London,Web Browser,UPI / Wallet,0,0,TXN_105976,CUST_15976
58,Credit,Transfer,Groceries,55.98,22967.77,22911.79,9,Singapore,ATM,Wire Transfer,1,0,TXN_100771,CUST_10771
69,Credit,Withdrawal,Utilities,390.9,7314.62,6923.72,8,Tokyo,Web Browser,Wire Transfer,0,0,TXN_103275,CUST_13275
24,Savings,Payment,Travel,23.95,23231.7,23207.75,21,Mumbai,ATM,UPI / Wallet,0,0,TXN_100545,CUST_10545
18,Checking,Payment,Groceries,632.25,22845.21,22212.96,11,Tokyo,ATM,Debit Card,0,0,TXN_105490,CUST_15490
64,Savings,Deposit,Travel,452.68,25853.05,25400.37,23,New York,Mobile App,Wire Transfer,0,0,TXN_100724,CUST_10724
61,Savings,Payment,Groceries,4.31,17957.29,17952.98,0,New York,ATM,Credit Card,0,0,TXN_100464,CUST_10464
33,Checking,Transfer,Retail,122.01,13817.97,13695.96,6,New York,POS Terminal,Wire Transfer,0,0,TXN_106346,CUST_16346
70,Checking,Transfer,Groceries,81.07,25987.75,25906.68,5,Mumbai,Mobile App,UPI / Wallet,0,0,TXN_104999,CUST_14999
58,Savings,Transfer,Retail,74.81,14479.98,14405.17,2,Singapore,Web Browser,Wire Transfer,0,1,TXN_106007,CUST_16007
22,Savings,Withdrawal,Electronics,33.3,24865.6,24832.3,22,Singapore,Mobile App,Wire Transfer,0,0,TXN_104803,CUST_14803
18,Checking,Payment,Retail,44.83,28021.76,27976.93,16,London,ATM,Debit Card,0,0,TXN_106456,CUST_16456
24,Savings,Deposit,Travel,59.41,10853.55,10794.14,4,Mumbai,Mobile App,Wire Transfer,0,0,TXN_101571,CUST_11571
44,Savings,Transfer,Groceries,109.69,23313.7,23204.01,23,Mumbai,ATM,Wire Transfer,1,0,TXN_105601,CUST_15601
23,Savings,Payment,Electronics,333.87,14777.65,14443.78,10,Berlin,Web Browser,Debit Card,1,0,TXN_106096,CUST_16096
66,Credit,Deposit,Entertainment,851.9,25292.08,24440.18,4,Mumbai,POS Terminal,Credit Card,0,0,TXN_102963,CUST_12963
38,Business,Withdrawal,Travel,89.41,17323.85,17234.44,17,New York,POS Terminal,Credit Card,0,0,TXN_103073,CUST_13073
20,Checking,Transfer,Travel,7.55,27214.93,27207.38,3,London,ATM,UPI / Wallet,0,0,TXN_105406,CUST_15406
48,Savings,Payment,Retail,59.54,13671.66,13612.12,7,Mumbai,ATM,Wire Transfer,0,0,TXN_105500,CUST_15500
19,Savings,Payment,Travel,270.48,22978.75,22708.27,17,London,ATM,Debit Card,0,0,TXN_101485,CUST_11485
20,Business,Payment,Utilities,92.74,5549.4,5456.66,21,Toronto,POS Terminal,Debit Card,0,1,TXN_101249,CUST_11249
71,Savings,Payment,Travel,26.14,3034.66,3008.52,1,Tokyo,Mobile App,Wire Transfer,0,0,TXN_104979,CUST_14979
63,Savings,Withdrawal,Retail,49.35,24356.12,24306.77,11,Mumbai,ATM,Debit Card,0,0,TXN_102846,CUST_12846
18,Savings,Transfer,Retail,48.92,18054.52,18005.6,1,Toronto,Mobile App,Debit Card,0,0,TXN_102238,CUST_12238
25,Savings,Transfer,Electronics,24.88,24509.33,24484.45,9,New York,ATM,Debit Card,0,0,TXN_106846,CUST_16846
31,Credit,Withdrawal,Groceries,241.55,11922.37,11680.82,1,Berlin,Web Browser,Debit Card,0,0,TXN_103883,CUST_13883
57,Checking,Payment,Travel,42.17,15515.76,15473.59,23,London,Web Browser,Debit Card,1,1,TXN_102562,CUST_12562
18,Savings,Payment,Travel,3.94,13898.81,13894.87,3,Tokyo,Mobile App,UPI / Wallet,0,1,TXN_101343,CUST_11343
60,Credit,Transfer,Groceries,26.72,20553.09,20526.37,9,Toronto,Mobile App,Debit Card,0,0,TXN_104953,CUST_14953
23,Business,Deposit,Groceries,21.84,21281.92,21260.08,4,New York,ATM,UPI / Wallet,1,0,TXN_105383,CUST_15383
23,Checking,Transfer,Travel,791.43,18310.03,17518.6,2,Tokyo,Mobile App,UPI / Wallet,0,0,TXN_103689,CUST_13689
51,Checking,Payment,Entertainment,502.08,26615.94,26113.86,4,Tokyo,ATM,Debit Card,0,0,TXN_102019,CUST_12019
73,Savings,Withdrawal,Groceries,29.91,8455.34,8425.43,6,Berlin,ATM,Wire Transfer,0,0,TXN_101488,CUST_11488
63,Business,Payment,Travel,34.94,3291.2,3256.26,8,Mumbai,POS Terminal,Wire Transfer,0,1,TXN_104550,CUST_14550
55,Checking,Payment,Travel,49.55,13019.04,12969.49,9,Mumbai,POS Terminal,Wire Transfer,0,0,TXN_101204,CUST_11204
66,Savings,Transfer,Groceries,166.11,19033.09,18866.98,14,Mumbai,POS Terminal,UPI / Wallet,1,0,TXN_101619,CUST_11619
60,Business,Payment,Retail,19.21,17327.86,17308.65,15,New York,Mobile App,Wire Transfer,0,0,TXN_103701,CUST_13701
27,Credit,Transfer,Retail,90.02,24044.14,23954.12,17,Mumbai,ATM,UPI / Wallet,0,0,TXN_100019,CUST_10019
35,Savings,Transfer,Utilities,73.69,22532.76,22459.07,22,Toronto,ATM,UPI / Wallet,0,0,TXN_100752,CUST_10752
24,Credit,Transfer,Travel,132.89,25053.18,24920.29,22,Toronto,Mobile App,UPI / Wallet,0,0,TXN_101244,CUST_11244
18,Savings,Withdrawal,Travel,374.47,21956.9,21582.43,23,New York,Web Browser,UPI / Wallet,0,1,TXN_101045,CUST_11045
40,Checking,Payment,Electronics,604.17,24148.56,23544.39,11,Toronto,ATM,Debit Card,0,0,TXN_106010,CUST_16010
57,Savings,Transfer,Groceries,137.56,12045.62,11908.06,20,New York,Web Browser,UPI / Wallet,0,1,TXN_102611,CUST_12611
60,Business,Deposit,Electronics,68.83,26751.3,26682.47,14,Singapore,Web Browser,Debit Card,0,0,TXN_105236,CUST_15236
31,Business,Transfer,Travel,292.99,19399.27,19106.28,20,Singapore,Mobile App,Wire Transfer,0,0,TXN_101043,CUST_11043
42,Savings,Deposit,Electronics,487.64,13780.56,13292.92,22,Mumbai,ATM,Debit Card,0,0,TXN_104768,CUST_14768
28,Checking,Payment,Retail,166.18,25051.55,24885.37,10,New York,Mobile App,Debit Card,0,0,TXN_103661,CUST_13661
68,Savings,Payment,Travel,9.41,23820.22,23810.81,14,Berlin,POS Terminal,UPI / Wallet,0,0,TXN_102671,CUST_12671
71,Checking,Deposit,Retail,31.89,24175.4,24143.51,7,Mumbai,POS Terminal,Wire Transfer,1,0,TXN_103250,CUST_13250
69,Checking,Payment,Entertainment,116.31,11906.1,11789.79,4,Singapore,POS Terminal,Credit Card,0,0,TXN_102230,CUST_12230
27,Business,Transfer,Groceries,616.21,17922.22,17306.01,0,Mumbai,ATM,Debit Card,0,0,TXN_106890,CUST_16890
18,Checking,Transfer,Travel,327.24,14208.98,13881.74,18,Singapore,Web Browser,Debit Card,0,0,TXN_100893,CUST_10893
38,Savings,Deposit,Electronics,177.8,21690.69,21512.89,17,Singapore,Mobile App,Wire Transfer,1,0,TXN_100412,CUST_10412
25,Checking,Transfer,Travel,28.43,21857.01,21828.58,22,London,POS Terminal,UPI / Wallet,0,0,TXN_101473,CUST_11473
18,Checking,Transfer,Travel,419.26,8504.17,8084.91,5,Singapore,POS Terminal,Debit Card,0,0,TXN_101163,CUST_11163
19,Savings,Withdrawal,Electronics,446.1,28203.81,27757.71,4,Tokyo,Web Browser,Wire Transfer,0,0,TXN_101067,CUST_11067
18,Checking,Payment,Entertainment,346.88,9851.1,9504.22,12,Tokyo,Web Browser,Credit Card,0,0,TXN_105028,CUST_15028
35,Savings,Deposit,Travel,431.73,27159.6,26727.87,0,Tokyo,Web Browser,Credit Card,0,0,TXN_102182,CUST_12182
55,Business,Transfer,Entertainment,465.57,636.41,170.84,10,Toronto,Web Browser,Debit Card,0,0,TXN_103186,CUST_13186
20,Checking,Withdrawal,Travel,20.23,7039.83,7019.6,4,Singapore,POS Terminal,Credit Card,0,0,TXN_100140,CUST_10140
18,Checking,Deposit,Entertainment,128.69,20395.92,20267.23,22,Tokyo,ATM,UPI / Wallet,0,0,TXN_106745,CUST_16745
18,Credit,Transfer,Travel,484.1,23349.33,22865.23,23,Tokyo,Web Browser,Credit Card,0,0,TXN_106190,CUST_16190
64,Savings,Transfer,Utilities,90.29,25719.93,25629.64,9,Berlin,Web Browser,UPI / Wallet,0,0,TXN_104955,CUST_14955
45,Savings,Withdrawal,Electronics,207.87,3933.92,3726.05,18,Toronto,Web Browser,UPI / Wallet,0,0,TXN_100179,CUST_10179
24,Savings,Withdrawal,Utilities,211.58,24794.08,24582.5,10,Mumbai,Web Browser,Credit Card,1,0,TXN_106912,CUST_16912
18,Savings,Payment,Entertainment,84.14,17531.86,17447.72,9,Tokyo,Mobile App,Wire Transfer,0,0,TXN_102799,CUST_12799
51,Business,Transfer,Utilities,97.76,15016.24,15068.48,0,Mumbai,Web Browser,UPI / Wallet,0,0,TXN_105769,CUST_15769
40,Credit,Payment,Travel,29.45,24464.15,24434.7,10,Berlin,Mobile App,UPI / Wallet,0,0,TXN_105671,CUST_15671
46,Savings,Transfer,Entertainment,212.34,26859.86,26647.52,11,Mumbai,Web Browser,Debit Card,0,0,TXN_100905,CUST_10905
56,Savings,Transfer,Travel,3.01,16159.85,16156.84,17,Berlin,Mobile App,Debit Card,0,0,TXN_105706,CUST_15706
18,Checking,Transfer,Groceries,139.06,23328.84,23189.78,14,New York,Mobile App,UPI / Wallet,0,0,TXN_104381,CUST_14381
36,Savings,Transfer,Retail,833.99,21896.04,21062.05,7,New York,Web Browser,Debit Card,0,0,TXN_106988,CUST_16988
24,Checking,Transfer,Travel,119.4,15449.81,15330.41,11,New York,Mobile App,UPI / Wallet,0,0,TXN_104346,CUST_14346
35,Checking,Deposit,Retail,60.48,21651.13,21590.65,21,London,Mobile App,Debit Card,0,0,TXN_105684,CUST_15684
19,Credit,Transfer,Utilities,176.62,23807.9,23631.28,5,Mumbai,ATM,UPI / Wallet,1,0,TXN_103214,CUST_13214
67,Savings,Transfer,Retail,274.28,27796.73,27522.45,4,Tokyo,POS Terminal,Debit Card,0,1,TXN_105690,CUST_15690
68,Checking,Transfer,Groceries,133.74,19486.44,19352.7,10,Singapore,Web Browser,Wire Transfer,0,0,TXN_104103,CUST_14103
18,Checking,Transfer,Electronics,33.37,24558.5,24525.13,1,Singapore,Web Browser,UPI / Wallet,0,0,TXN_104630,CUST_14630
66,Savings,Withdrawal,Retail,206.96,26878.69,26671.73,18,Tokyo,Web Browser,Debit Card,0,0,TXN_103439,CUST_13439
51,Savings,Deposit,Retail,26.14,25862.88,25836.74,0,Tokyo,Mobile App,Debit Card,1,0,TXN_102118,CUST_12118
36,Business,Transfer,Utilities,36.42,11076.05,11039.63,8,London,Web Browser,Debit Card,0,0,TXN_100371,CUST_10371
20,Savings,Payment,Groceries,450.73,22282.46,21831.73,4,Berlin,Web Browser,Credit Card,0,0,TXN_103365,CUST_13365
50,Savings,Payment,Retail,302.96,25576.58,25423.62,10,Singapore,ATM,Debit Card,0,0,TXN_105578,CUST_15578
18,Savings,Withdrawal,Entertainment,15.81,15828.97,15813.16,12,Mumbai,Web Browser,Debit Card,1,0,TXN_101941,CUST_11941
18,Savings,Transfer,Entertainment,17.71,7169.73,7152.02,5,Berlin,Web Browser,Debit Card,0,0,TXN_105021,CUST_15021
19,Checking,Transfer,Groceries,33.24,4039.09,4005.85,21,New York,POS Terminal,UPI / Wallet,0,1,TXN_103565,CUST_13565
33,Savings,Transfer,Travel,2.75,27767.91,27765.16,10,Mumbai,POS Terminal,Credit Card,0,0,TXN_100048,CUST_10048
30,Business,Withdrawal,Entertainment,56.42,937.89,881.47,0,Toronto,Mobile App,UPI / Wallet,0,0,TXN_105416,CUST_15416
62,Checking,Transfer,Groceries,63.64,1080.2,1016.56,23,Tokyo,POS Terminal,Wire Transfer,0,0,TXN_105529,CUST_15529
67,Savings,Transfer,Entertainment,84.6,19750.56,19665.96,20,Toronto,POS Terminal,Debit Card,0,0,TXN_105339,CUST_15339
42,Business,Payment,Utilities,339.79,12556.33,12216.54,16,Mumbai,POS Terminal,Debit Card,0,1,TXN_103041,CUST_13041
64,Credit,Payment,Groceries,46.49,22934.82,22888.33,10,Mumbai,Mobile App,Debit Card,0,0,TXN_103631,CUST_13631
18,Savings,Transfer,Groceries,371.05,23747.84,23526.79,23,Berlin,Web Browser,Debit Card,1,0,TXN_103307,CUST_13307
26,Savings,Payment,Travel,116.5,1849.42,1732.92,11,Mumbai,POS Terminal,Debit Card,0,1,TXN_106957,CUST_16957
20,Business,Transfer,Groceries,19.96,21631.13,21611.17,16,Berlin,Mobile App,Debit Card,0,0,TXN_100878,CUST_10878
70,Business,Payment,Retail,81.84,22808.43,22726.59,22,London,ATM,UPI / Wallet,0,0,TXN_100446,CUST_10446
33,Savings,Payment,Entertainment,655.77,4142.06,3486.29,13,Toronto,ATM,Credit Card,0,0,TXN_104860,CUST_14860
20,Savings,Withdrawal,Entertainment,41.35,9935.32,9893.97,19,Mumbai,Web Browser,Credit Card,0,0,TXN_106609,CUST_16609
65,Savings,Transfer,Groceries,472.45,3910.63,3438.18,1,London,Mobile App,Debit Card,0,0,TXN_102319,CUST_12319
27,Credit,Deposit,Retail,193.34,3284.86,3091.52,12,Tokyo,Web Browser,Wire Transfer,0,0,TXN_105077,CUST_15077
64,Checking,Payment,Entertainment,4.04,22767.82,22763.78,18,Mumbai,ATM,UPI / Wallet,0,0,TXN_102217,CUST_12217
18,Business,Withdrawal,Groceries,93.05,24332.18,24239.13,9,Tokyo,Web Browser,Credit Card,1,0,TXN_106504,CUST_16504
53,Savings,Deposit,Groceries,145.72,12732.02,12586.3,9,Berlin,Mobile App,UPI / Wallet,1,0,TXN_103308,CUST_13308
23,Business,Payment,Electronics,100.75,12569.58,12468.83,8,Singapore,ATM,Credit Card,0,1,TXN_102156,CUST_12156
63,Checking,Transfer,Electronics,16.98,20921.64,20904.66,17,Mumbai,Web Browser,Wire Transfer,0,0,TXN_100204,CUST_10204
45,Savings,Transfer,Electronics,283.55,16539.75,16256.2,20,Tokyo,Web Browser,Debit Card,0,0,TXN_105749,CUST_15749
74,Credit,Deposit,Travel,83.12,23536.8,23453.68,0,Singapore,Mobile App,Debit Card,0,0,TXN_105928,CUST_15928
20,Checking,Transfer,Groceries,72.37,23403.44,23331.07,1,New York,Mobile App,Debit Card,0,0,TXN_102453,CUST_12453
45,Savings,Payment,Travel,27.41,13532.16,13504.75,9,Tokyo,Web Browser,Debit Card,0,0,TXN_103045,CUST_13045
66,Checking,Deposit,Electronics,12.79,3465.61,3452.82,16,Berlin,Mobile App,UPI / Wallet,0,0,TXN_106366,CUST_16366
70,Business,Payment,Groceries,171.98,6114.33,5942.35,10,Tokyo,Mobile App,Debit Card,0,0,TXN_103897,CUST_13897
23,Savings,Transfer,Utilities,328.6,23695.69,23367.09,1,Berlin,Mobile App,UPI / Wallet,0,0,TXN_103095,CUST_13095
50,Savings,Payment,Entertainment,570.67,14722.65,14151.98,12,New York,POS Terminal,UPI / Wallet,0,1,TXN_106604,CUST_16604
35,Checking,Transfer,Electronics,66.13,17547.39,17631.26,9,Singapore,Web Browser,Wire Transfer,0,0,TXN_105980,CUST_15980
43,Checking,Deposit,Groceries,182.11,4474.41,4292.3,7,Singapore,ATM,Debit Card,0,0,TXN_106112,CUST_16112
18,Savings,Payment,Entertainment,111.75,27207.81,27096.06,4,Berlin,Web Browser,Wire Transfer,0,0,TXN_101025,CUST_11025
50,Checking,Deposit,Groceries,94.18,11174.65,11080.47,7,London,POS Terminal,Debit Card,1,0,TXN_103766,CUST_13766
63,Savings,Payment,Utilities,579.97,18005.76,17425.79,1,Singapore,Mobile App,Wire Transfer,0,0,TXN_102906,CUST_12906
55,Credit,Payment,Utilities,68.2,25852.9,25784.7,1,Toronto,Web Browser,UPI / Wallet,0,0,TXN_102696,CUST_12696
22,Business,Deposit,Entertainment,32.12,3989.61,3957.49,18,Tokyo,Web Browser,UPI / Wallet,0,0,TXN_102761,CUST_12761
59,Business,Payment,Electronics,339.5,18289.64,17950.14,14,Berlin,ATM,Debit Card,0,0,TXN_105234,CUST_15234
26,Savings,Withdrawal,Entertainment,189.05,21264.83,21075.78,22,Singapore,ATM,Debit Card,1,0,TXN_102306,CUST_12306
65,Savings,Withdrawal,Retail,84.75,15878.25,15793.5,19,Singapore,POS Terminal,Debit Card,0,0,TXN_102862,CUST_12862
48,Checking,Deposit,Groceries,79.95,9878.51,9798.56,7,Tokyo,Mobile App,Debit Card,0,0,TXN_103775,CUST_13775
54,Checking,Payment,Travel,9.82,15555.12,15545.3,1,Berlin,Mobile App,Wire Transfer,0,1,TXN_106610,CUST_16610
52,Savings,Deposit,Retail,102.29,12633.03,12530.74,8,Mumbai,Mobile App,Wire Transfer,0,0,TXN_105575,CUST_15575
71,Savings,Transfer,Electronics,258.89,20571.04,20312.15,22,Berlin,Web Browser,Debit Card,0,0,TXN_105075,CUST_15075
66,Checking,Withdrawal,Utilities,52.62,24816.69,24764.07,1,Berlin,Mobile App,UPI / Wallet,0,0,TXN_105510,CUST_15510
21,Checking,Withdrawal,Groceries,62.82,22673.11,22610.29,22,Berlin,POS Terminal,Wire Transfer,0,0,TXN_104811,CUST_14811
67,Savings,Transfer,Entertainment,177.05,28443.85,28266.8,11,Tokyo,Web Browser,Credit Card,0,0,TXN_105116,CUST_15116
25,Checking,Transfer,Entertainment,169.0,22172.39,22003.39,20,Singapore,ATM,UPI / Wallet,0,1,TXN_106707,CUST_16707
18,Credit,Payment,Utilities,27.49,21290.3,21262.81,20,New York,Web Browser,Debit Card,0,0,TXN_105029,CUST_15029
34,Savings,Withdrawal,Entertainment,161.49,27153.18,26991.69,12,Tokyo,Mobile App,Wire Transfer,0,0,TXN_103666,CUST_13666
57,Checking,Payment,Retail,56.38,23045.97,22989.59,16,Berlin,Web Browser,Debit Card,0,0,TXN_104841,CUST_14841
23,Credit,Withdrawal,Retail,152.26,21174.03,21021.77,6,New York,ATM,Wire Transfer,1,0,TXN_102369,CUST_12369
32,Checking,Payment,Groceries,240.02,23316.36,23076.34,9,Tokyo,POS Terminal,UPI / Wallet,1,0,TXN_100428,CUST_10428
26,Checking,Transfer,Travel,343.09,520.27,177.18,21,London,Mobile App,Debit Card,0,0,TXN_106781,CUST_16781
18,Savings,Transfer,Groceries,28.36,10968.8,10940.44,12,Mumbai,Web Browser,Debit Card,1,0,TXN_105152,CUST_15152
21,Savings,Deposit,Entertainment,222.07,27381.93,27159.86,22,Toronto,ATM,Credit Card,0,0,TXN_101294,CUST_11294
69,Checking,Payment,Retail,521.86,10963.25,10591.39,17,Toronto,Web Browser,Debit Card,0,1,TXN_103285,CUST_13285
18,Credit,Withdrawal,Electronics,247.82,24648.96,24401.14,3,Singapore,Mobile App,Wire Transfer,0,0,TXN_100762,CUST_10762
52,Credit,Withdrawal,Retail,94.12,15336.48,15242.36,8,London,Mobile App,Debit Card,1,0,TXN_106787,CUST_16787
62,Savings,Payment,Travel,79.12,21422.48,21343.36,14,London,POS Terminal,Debit Card,0,0,TXN_104584,CUST_14584
65,Checking,Payment,Entertainment,47.34,13550.93,13503.59,21,Tokyo,ATM,UPI / Wallet,0,0,TXN_104180,CUST_14180
18,Checking,Payment,Groceries,63.13,26645.4,26582.27,5,Mumbai,Mobile App,UPI / Wallet,0,0,TXN_101378,CUST_11378
65,Checking,Transfer,Travel,128.68,19814.2,19685.52,3,Tokyo,Mobile App,UPI / Wallet,0,0,TXN_102154,CUST_12154
20,Savings,Transfer,Entertainment,27.45,22929.38,22901.93,4,Tokyo,Web Browser,UPI / Wallet,0,0,TXN_103517,CUST_13517
43,Savings,Transfer,Travel,13.56,21590.95,21577.39,5,Mumbai,ATM,UPI / Wallet,0,0,TXN_104482,CUST_14482
23,Savings,Transfer,Travel,83.26,24854.92,24771.66,13,Tokyo,ATM,Wire Transfer,0,0,TXN_102184,CUST_12184
72,Savings,Deposit,Travel,87.68,24209.24,24121.56,15,Mumbai,Web Browser,UPI / Wallet,0,0,TXN_103693,CUST_13693
80,Checking,Transfer,Travel,195.59,25138.0,24942.41,1,Mumbai,Web Browser,UPI / Wallet,0,0,TXN_105589,CUST_15589
22,Checking,Withdrawal,Retail,97.21,23703.1,23605.89,18,Mumbai,Mobile App,Credit Card,0,0,TXN_105665,CUST_15665
20,Savings,Withdrawal,Entertainment,163.01,19429.15,19266.14,13,Mumbai,Mobile App,Credit Card,0,0,TXN_104293,CUST_14293
31,Checking,Transfer,Electronics,596.48,12537.45,11940.97,1,Toronto,Web Browser,Credit Card,0,0,TXN_105343,CUST_15343
62,Savings,Withdrawal,Entertainment,83.97,23093.7,23009.73,14,Mumbai,Mobile App,UPI / Wallet,1,0,TXN_105153,CUST_15153
18,Savings,Deposit,Utilities,88.75,24649.74,24560.99,16,London,Web Browser,Debit Card,0,0,TXN_102062,CUST_12062
26,Checking,Transfer,Entertainment,143.19,14387.17,14243.98,5,New York,ATM,Credit Card,0,0,TXN_104362,CUST_14362
18,Checking,Payment,Entertainment,498.88,23252.74,22753.86,16,New York,ATM,Wire Transfer,0,0,TXN_106673,CUST_16673
31,Savings,Transfer,Entertainment,64.64,6187.66,6123.02,12,New York,Web Browser,Credit Card,0,0,TXN_105550,CUST_15550
22,Savings,Withdrawal,Utilities,37.58,1541.1,1503.52,18,New York,Web Browser,UPI / Wallet,0,0,TXN_103271,CUST_13271
19,Savings,Payment,Electronics,12.94,12898.83,12885.89,5,Mumbai,Mobile App,Debit Card,0,0,TXN_101518,CUST_11518
25,Checking,Transfer,Electronics,286.74,6937.4,6650.66,2,Mumbai,ATM,Debit Card,0,0,TXN_106526,CUST_16526
18,Checking,Transfer,Travel,73.0,23186.84,23113.84,15,Singapore,POS Terminal,Debit Card,1,0,TXN_104789,CUST_14789
35,Savings,Deposit,Entertainment,340.72,16524.27,16333.55,20,Mumbai,Mobile App,Debit Card,0,0,TXN_102734,CUST_12734
18,Savings,Payment,Travel,43.5,14148.91,14105.41,8,Mumbai,Mobile App,Debit Card,0,0,TXN_105424,CUST_15424
18,Business,Transfer,Entertainment,4.78,21703.75,21698.97,5,Berlin,Mobile App,Credit Card,0,0,TXN_106475,CUST_16475
73,Savings,Deposit,Electronics,12.53,17055.07,17042.54,10,Mumbai,Web Browser,UPI / Wallet,0,0,TXN_101228,CUST_11228
36,Checking,Withdrawal,Entertainment,526.1,24805.29,24279.19,21,Singapore,Web Browser,UPI / Wallet,0,0,TXN_100518,CUST_10518
27,Checking,Deposit,Retail,18.31,3892.75,3874.44,13,Singapore,POS Terminal,UPI / Wallet,0,0,TXN_104726,CUST_14726
18,Savings,Payment,Utilities,56.72,3830.79,3774.07,9,Mumbai,Web Browser,Wire Transfer,0,1,TXN_103245,CUST_13245
25,Business,Payment,Retail,1.61,9958.26,9956.65,18,Berlin,Mobile App,Debit Card,1,0,TXN_105918,CUST_15918
24,Credit,Payment,Travel,69.5,18379.34,18309.84,0,Berlin,Mobile App,Wire Transfer,0,1,TXN_105922,CUST_15922
45,Savings,Withdrawal,Retail,24.28,25661.96,25637.68,4,Toronto,Mobile App,Wire Transfer,0,0,TXN_102071,CUST_12071
67,Credit,Withdrawal,Utilities,49.49,18096.04,18046.55,12,Toronto,Web Browser,Credit Card,0,0,TXN_100568,CUST_10568
26,Business,Transfer,Groceries,326.94,24270.51,23943.57,21,Mumbai,Mobile App,Wire Transfer,0,0,TXN_101517,CUST_11517
66,Savings,Withdrawal,Groceries,2.06,21733.12,21731.06,7,Tokyo,POS Terminal,Credit Card,0,0,TXN_102257,CUST_12257
74,Credit,Deposit,Travel,83.12,23536.8,23453.68,0,Singapore,Mobile App,Debit Card,0,0,TXN_105928,CUST_15928
18,Checking,Withdrawal,Entertainment,47.44,20304.56,20257.12,17,Toronto,ATM,Wire Transfer,0,0,TXN_102047,CUST_12047
56,Savings,Withdrawal,Utilities,100.08,18230.73,18130.65,6,Berlin,Mobile App,Debit Card,0,0,TXN_101060,CUST_11060
21,Savings,Payment,Utilities,200.92,6718.91,6517.99,13,Tokyo,Mobile App,Debit Card,1,0,TXN_102303,CUST_12303
59,Savings,Transfer,Groceries,11.05,24949.85,24938.8,12,Berlin,Mobile App,Credit Card,0,0,TXN_103644,CUST_13644
51,Savings,Transfer,Utilities,110.51,22680.92,22570.41,23,London,Mobile App,Credit Card,0,0,TXN_103179,CUST_13179
66,Savings,Deposit,Retail,36.02,11395.79,11359.77,9,Berlin,POS Terminal,UPI / Wallet,0,0,TXN_100429,CUST_10429
59,Savings,Payment,Groceries,123.13,19386.2,19263.07,20,New York,ATM,UPI / Wallet,0,0,TXN_104166,CUST_14166
64,Checking,Payment,Entertainment,81.8,27148.71,27066.91,4,Tokyo,Mobile App,Debit Card,1,1,TXN_105752,CUST_15752
72,Savings,Transfer,Travel,165.15,19570.22,19405.07,12,Tokyo,Web Browser,Debit Card,0,0,TXN_102285,CUST_12285
19,Savings,Transfer,Entertainment,36.76,18161.51,18124.75,19,Tokyo,Mobile App,Wire Transfer,0,1,TXN_104021,CUST_14021
23,Savings,Payment,Utilities,44.3,20868.97,20824.67,14,Tokyo,ATM,Debit Card,1,0,TXN_105836,CUST_15836
22,Credit,Transfer,Travel,841.52,14085.62,13244.1,20,Berlin,POS Terminal,Debit Card,0,0,TXN_100569,CUST_10569
25,Savings,Payment,Groceries,198.05,5510.83,5312.78,14,Berlin,POS Terminal,Credit Card,1,1,TXN_101994,CUST_11994
18,Credit,Transfer,Travel,484.1,23349.33,22865.23,23,Tokyo,Web Browser,Credit Card,0,0,TXN_106190,CUST_16190
51,Checking,Transfer,Travel,216.78,5095.75,4878.97,9,Mumbai,Web Browser,Credit Card,0,0,TXN_102557,CUST_12557
27,Checking,Withdrawal,Electronics,290.83,21871.6,21580.77,1,Mumbai,Mobile App,Debit Card,0,0,TXN_104684,CUST_14684
33,Business,Transfer,Groceries,63.56,13794.61,13731.05,23,Berlin,ATM,Wire Transfer,0,0,TXN_105440,CUST_15440
26,Savings,Withdrawal,Groceries,127.85,26765.64,26637.79,21,Toronto,Web Browser,Wire Transfer,0,1,TXN_104177,CUST_14177
43,Savings,Transfer,Electronics,148.78,24988.52,24989.74,12,New York,POS Terminal,Wire Transfer,0,0,TXN_106624,CUST_16624
18,Checking,Deposit,Retail,442.0,4412.35,3970.35,3,London,Mobile App,Credit Card,0,0,TXN_102140,CUST_12140
24,Checking,Transfer,Groceries,21.8,23193.07,23171.27,17,Berlin,Web Browser,Debit Card,1,0,TXN_105502,CUST_15502
40,Credit,Payment,Groceries,4.96,13017.78,13012.82,6,New York,ATM,Credit Card,0,0,TXN_106643,CUST_16643
19,Credit,Transfer,Utilities,85.14,23354.69,23269.55,9,Berlin,Mobile App,Debit Card,0,0,TXN_101032,CUST_11032
55,Checking,Payment,Entertainment,38.82,22494.39,22455.57,5,Mumbai,POS Terminal,UPI / Wallet,0,0,TXN_102621,CUST_12621
23,Savings,Payment,Entertainment,89.7,21982.93,21893.23,7,Tokyo,Web Browser,Wire Transfer,1,1,TXN_100560,CUST_10560
66,Savings,Withdrawal,Electronics,176.72,25578.5,25401.78,14,Berlin,POS Terminal,Credit Card,0,0,TXN_102898,CUST_12898
69,Savings,Transfer,Groceries,210.86,13091.24,12880.38,9,Berlin,ATM,Debit Card,0,0,TXN_102669,CUST_12669
23,Savings,Payment,Utilities,44.3,20868.97,20824.67,14,Tokyo,ATM,Debit Card,1,0,TXN_105836,CUST_15836
18,Credit,Transfer,Retail,101.75,7325.23,7223.48,22,London,POS Terminal,Wire Transfer,0,0,TXN_106753,CUST_16753
25,Checking,Transfer,Electronics,3.49,20871.12,20867.63,15,Singapore,Web Browser,Wire Transfer,0,0,TXN_100677,CUST_10677
22,Savings,Payment,Electronics,346.33,13600.19,13253.86,13,Berlin,Web Browser,Debit Card,0,0,TXN_105719,CUST_15719
41,Business,Payment,Utilities,2.54,23358.31,23355.77,9,Tokyo,Mobile App,UPI / Wallet,0,0,TXN_102660,CUST_12660
21,Checking,Transfer,Entertainment,61.74,24282.44,24220.7,23,London,ATM,UPI / Wallet,0,1,TXN_104435,CUST_14435
18,Checking,Payment,Utilities,616.32,25614.45,24998.13,21,Toronto,Mobile App,UPI / Wallet,0,0,TXN_101852,CUST_11852
53,Savings,Transfer,Travel,160.52,25514.95,25354.43,20,New York,Mobile App,Credit Card,1,1,TXN_104039,CUST_14039
25,Savings,Withdrawal,Entertainment,7.05,3789.18,3782.13,23,Tokyo,Web Browser,Wire Transfer,1,0,TXN_100624,CUST_10624
67,Savings,Deposit,Retail,183.66,22072.16,21888.5,1,New York,Mobile App,UPI / Wallet,0,0,TXN_104139,CUST_14139
18,Savings,Withdrawal,Retail,53.12,12860.49,12807.37,21,Singapore,Mobile App,Wire Transfer,0,0,TXN_101261,CUST_11261
61,Savings,Deposit,Travel,83.45,17476.16,17392.71,12,Tokyo,Mobile App,Debit Card,0,1,TXN_105177,CUST_15177
63,Savings,Transfer,Electronics,21.59,12586.92,12565.33,0,Berlin,Web Browser,Debit Card,0,0,TXN_100526,CUST_10526
55,Checking,Transfer,Travel,329.88,23803.68,23473.8,1,Singapore,POS Terminal,UPI / Wallet,0,0,TXN_105780,CUST_15780
28,Checking,Transfer,Entertainment,86.89,27095.05,27008.16,23,Singapore,Mobile App,Debit Card,0,0,TXN_102702,CUST_12702
73,Business,Withdrawal,Entertainment,18.67,22201.49,22182.82,4,New York,POS Terminal,Wire Transfer,0,0,TXN_104498,CUST_14498
22,Checking,Withdrawal,Travel,75.44,13456.8,13381.36,9,Mumbai,ATM,Wire Transfer,0,0,TXN_103900,CUST_13900
21,Checking,Transfer,Groceries,111.46,11480.45,11368.99,14,London,Mobile App,UPI / Wallet,1,0,TXN_102568,CUST_12568
60,Business,Deposit,Retail,23.63,25465.8,25442.17,9,Mumbai,ATM,Credit Card,1,0,TXN_105796,CUST_15796
20,Checking,Withdrawal,Retail,394.63,8487.83,8093.2,18,London,Web Browser,UPI / Wallet,0,0,TXN_100394,CUST_10394
55,Savings,Withdrawal,Retail,18.28,22619.61,22601.33,18,Berlin,Web Browser,Debit Card,0,0,TXN_102065,CUST_12065
53,Checking,Transfer,Entertainment,83.56,7232.01,7148.45,5,Mumbai,Mobile App,Credit Card,0,0,TXN_106226,CUST_16226
29,Checking,Payment,Travel,41.24,7696.04,7654.8,22,Berlin,POS Terminal,Wire Transfer,0,0,TXN_102038,CUST_12038
46,Savings,Transfer,Electronics,44.42,12056.47,12012.05,11,Berlin,Web Browser,Wire Transfer,0,1,TXN_104254,CUST_14254
18,Checking,Withdrawal,Retail,51.98,18827.77,18775.79,20,Tokyo,Mobile App,Debit Card,0,0,TXN_106412,CUST_16412
35,Savings,Withdrawal,Travel,128.31,22123.43,21995.12,18,Mumbai,Web Browser,Debit Card,0,1,TXN_103180,CUST_13180
61,Credit,Payment,Utilities,15.5,16574.86,16559.36,14,Tokyo,POS Terminal,Credit Card,1,0,TXN_105688,CUST_15688
18,Business,Transfer,Entertainment,274.06,23584.97,23310.91,18,Berlin,POS Terminal,UPI / Wallet,0,0,TXN_104322,CUST_14322
38,Credit,Transfer,Retail,195.09,18790.29,18595.2,11,Mumbai,ATM,Wire Transfer,0,0,TXN_106647,CUST_16647
69,Credit,Payment,Travel,23.73,23447.77,23574.04,1,Tokyo,Mobile App,Debit Card,0,0,TXN_104821,CUST_14821
18,Credit,Deposit,Groceries,295.79,25274.3,24978.51,2,Toronto,ATM,Wire Transfer,0,0,TXN_106004,CUST_16004
23,Credit,Transfer,Electronics,481.29,22372.38,21891.09,9,London,Web Browser,Debit Card,0,0,TXN_106777,CUST_16777
25,Checking,Transfer,Travel,112.01,26034.57,25922.56,0,New York,Web Browser,Debit Card,0,0,TXN_105482,CUST_15482
22,Business,Withdrawal,Electronics,134.42,22869.55,22735.13,19,London,ATM,UPI / Wallet,0,0,TXN_100714,CUST_10714
25,Checking,Transfer,Entertainment,27.27,25057.7,25030.43,10,Toronto,Mobile App,Debit Card,0,0,TXN_106594,CUST_16594
20,Credit,Payment,Electronics,74.73,6378.63,6303.9,17,Mumbai,Mobile App,UPI / Wallet,1,0,TXN_105814,CUST_15814
57,Checking,Payment,Travel,35.33,25546.34,25511.01,4,Tokyo,Web Browser,Credit Card,1,0,TXN_105491,CUST_15491
19,Savings,Payment,Groceries,25.2,20934.39,20909.19,20,Berlin,POS Terminal,Wire Transfer,0,0,TXN_100973,CUST_10973
27,Credit,Deposit,Travel,95.59,23273.28,23177.69,23,London,Web Browser,Debit Card,0,0,TXN_105656,CUST_15656
57,Checking,Transfer,Travel,27.73,10476.06,10448.33,7,Tokyo,ATM,Credit Card,0,0,TXN_102423,CUST_12423
42,Business,Transfer,Electronics,124.27,2407.87,2283.6,16,Tokyo,Web Browser,Debit Card,0,0,TXN_105307,CUST_15307
43,Checking,Withdrawal,Electronics,352.66,17290.88,16938.22,10,Tokyo,POS Terminal,Debit Card,0,1,TXN_101059,CUST_11059
64,Checking,Withdrawal,Utilities,7.09,23297.59,23290.5,4,New York,Mobile App,Wire Transfer,0,0,TXN_101859,CUST_11859
59,Savings,Transfer,Travel,4.3,20018.82,20014.52,21,London,POS Terminal,Credit Card,0,0,TXN_103118,CUST_13118
57,Credit,Withdrawal,Groceries,8.66,21484.95,21476.29,3,Berlin,Web Browser,Credit Card,1,0,TXN_104614,CUST_14614
41,Savings,Transfer,Travel,35.96,10306.54,10270.58,16,Tokyo,Mobile App,Debit Card,0,0,TXN_104914,CUST_14914
18,Checking,Payment,Retail,43.32,20793.0,20749.68,20,Tokyo,Mobile App,UPI / Wallet,1,0,TXN_102363,CUST_12363
26,Savings,Payment,Entertainment,26.59,21682.53,21805.94,20,Toronto,Web Browser,UPI / Wallet,1,1,TXN_103648,CUST_13648
42,Savings,Payment,Groceries,34.79,4006.83,4122.04,2,Singapore,Mobile App,UPI / Wallet,0,1,TXN_104124,CUST_14124
74,Credit,Transfer,Travel,44.82,19639.16,19594.34,14,Berlin,Web Browser,UPI / Wallet,0,0,TXN_101526,CUST_11526
25,Checking,Payment,Retail,301.08,23600.37,23299.29,1,Berlin,ATM,Credit Card,0,0,TXN_102462,CUST_12462
50,Credit,Withdrawal,Retail,44.19,24685.81,24791.62,9,Berlin,POS Terminal,UPI / Wallet,0,0,TXN_104247,CUST_14247
18,Savings,Payment,Entertainment,179.97,1838.11,1658.14,6,Berlin,ATM,Credit Card,0,0,TXN_105087,CUST_15087
51,Credit,Transfer,Utilities,180.7,26932.63,26751.93,2,Toronto,ATM,UPI / Wallet,0,0,TXN_104005,CUST_14005
76,Savings,Payment,Entertainment,53.79,5105.5,5051.71,10,Singapore,Mobile App,Wire Transfer,0,0,TXN_105937,CUST_15937
59,Checking,Withdrawal,Groceries,133.49,8849.84,8716.35,8,Tokyo,Mobile App,UPI / Wallet,0,0,TXN_106274,CUST_16274
21,Checking,Withdrawal,Travel,130.94,6080.7,5949.76,1,Mumbai,Web Browser,UPI / Wallet,0,0,TXN_103924,CUST_13924
66,Credit,Deposit,Entertainment,851.9,25292.08,24440.18,4,Mumbai,POS Terminal,Credit Card,0,0,TXN_102963,CUST_12963
53,Savings,Transfer,Groceries,137.27,10671.02,10533.75,19,Toronto,POS Terminal,Credit Card,0,0,TXN_106028,CUST_16028
67,Checking,Withdrawal,Entertainment,53.24,23942.19,23888.95,1,Singapore,Web Browser,Debit Card,0,1,TXN_100220,CUST_10220
33,Checking,Transfer,Entertainment,203.14,25722.3,25519.16,8,Tokyo,Web Browser,Debit Card,0,0,TXN_102839,CUST_12839
64,Savings,Transfer,Groceries,23.05,25676.01,25652.96,16,Tokyo,Web Browser,Debit Card,0,0,TXN_103018,CUST_13018
66,Credit,Withdrawal,Electronics,199.81,22630.21,22430.4,15,London,POS Terminal,Wire Transfer,0,1,TXN_102563,CUST_12563
24,Savings,Deposit,Groceries,281.98,24056.85,23774.87,4,Mumbai,POS Terminal,UPI / Wallet,0,0,TXN_106359,CUST_16359
77,Business,Payment,Retail,594.97,9380.93,8785.96,15,New York,ATM,Debit Card,0,0,TXN_104461,CUST_14461
56,Checking,Transfer,Entertainment,169.41,23376.58,23207.17,22,Berlin,Mobile App,Debit Card,0,1,TXN_101710,CUST_11710
73,Checking,Deposit,Travel,16.91,22974.05,22957.14,5,Toronto,ATM,Wire Transfer,0,0,TXN_101826,CUST_11826
55,Checking,Payment,Entertainment,32.02,24531.99,24499.97,11,Mumbai,POS Terminal,Debit Card,0,1,TXN_101130,CUST_11130
28,Credit,Payment,Groceries,25.3,20059.88,20034.58,20,Toronto,Mobile App,UPI / Wallet,0,0,TXN_106649,CUST_16649
18,Checking,Transfer,Entertainment,138.59,22167.18,22028.59,21,Toronto,ATM,Debit Card,0,0,TXN_104106,CUST_14106
48,Checking,Payment,Travel,40.53,23077.22,23036.69,16,Toronto,Mobile App,UPI / Wallet,0,0,TXN_101182,CUST_11182
44,Business,Withdrawal,Travel,37.04,1097.55,1060.51,20,Berlin,Mobile App,UPI / Wallet,1,0,TXN_101400,CUST_11400
18,Checking,Payment,Utilities,61.68,21355.81,21294.13,5,Toronto,ATM,Credit Card,0,0,TXN_100887,CUST_10887
30,Checking,Transfer,Retail,46.46,19379.23,19332.77,23,Toronto,Web Browser,UPI / Wallet,0,0,TXN_101819,CUST_11819
25,Checking,Transfer,Travel,28.43,21857.01,21828.58,22,London,POS Terminal,UPI / Wallet,0,0,TXN_101473,CUST_11473
57,Checking,Transfer,Entertainment,325.14,18364.14,18039.0,8,Toronto,ATM,UPI / Wallet,0,0,TXN_104601,CUST_14601
44,Savings,Deposit,Electronics,138.22,7785.68,7647.46,16,Tokyo,POS Terminal,Debit Card,0,0,TXN_106916,CUST_16916
58,Credit,Transfer,Groceries,2.12,24335.07,24332.95,1,Mumbai,Mobile App,UPI / Wallet,1,1,TXN_105493,CUST_15493
57,Checking,Payment,Retail,240.15,26313.97,26073.82,13,Tokyo,Web Browser,Wire Transfer,0,0,TXN_105848,CUST_15848
43,Savings,Payment,Entertainment,13.47,5080.07,5066.6,4,Toronto,POS Terminal,Credit Card,0,1,TXN_102778,CUST_12778
37,Savings,Payment,Electronics,2.86,16148.91,16146.05,10,New York,ATM,UPI / Wallet,0,0,TXN_104577,CUST_14577
37,Savings,Withdrawal,Travel,20.06,20727.4,20707.34,7,Berlin,Mobile App,Debit Card,1,0,TXN_103834,CUST_13834
57,Checking,Payment,Electronics,57.91,4436.98,4379.07,19,Tokyo,POS Terminal,Debit Card,1,0,TXN_100515,CUST_10515
52,Savings,Deposit,Groceries,267.9,22073.59,21805.69,8,London,POS Terminal,Debit Card,0,1,TXN_105758,CUST_15758
37,Checking,Transfer,Retail,49.27,25450.22,25400.95,17,Toronto,Mobile App,Debit Card,0,0,TXN_106272,CUST_16272
44,Credit,Transfer,Retail,518.48,21526.15,21007.67,20,New York,Web Browser,Wire Transfer,0,0,TXN_105784,CUST_15784
64,Credit,Withdrawal,Electronics,657.03,16523.95,15866.92,1,New York,Mobile App,Credit Card,0,0,TXN_102322,CUST_12322
60,Checking,Transfer,Utilities,315.86,23633.82,23317.96,17,New York,POS Terminal,UPI / Wallet,0,0,TXN_103113,CUST_13113
42,Savings,Transfer,Utilities,138.49,26169.8,26031.31,5,Tokyo,ATM,Debit Card,0,0,TXN_104697,CUST_14697
28,Credit,Payment,Groceries,25.3,20059.88,20034.58,20,Toronto,Mobile App,UPI / Wallet,0,0,TXN_106649,CUST_16649
47,Savings,Deposit,Electronics,374.0,22951.78,22577.78,22,Toronto,Mobile App,Wire Transfer,0,0,TXN_104274,CUST_14274
22,Checking,Withdrawal,Travel,222.8,7784.61,7561.81,6,Tokyo,Web Browser,Wire Transfer,1,0,TXN_104217,CUST_14217
23,Savings,Deposit,Groceries,8.18,13906.63,13898.45,22,Tokyo,POS Terminal,Wire Transfer,0,0,TXN_103296,CUST_13296
50,Business,Deposit,Groceries,197.26,22259.16,22061.9,18,Mumbai,Mobile App,Debit Card,0,0,TXN_105014,CUST_15014
37,Business,Deposit,Travel,260.0,26082.31,25822.31,1,Tokyo,POS Terminal,UPI / Wallet,0,0,TXN_105061,CUST_15061
35,Checking,Payment,Travel,46.64,6722.14,6825.5,17,Mumbai,ATM,Debit Card,0,0,TXN_100309,CUST_10309
54,Savings,Withdrawal,Entertainment,76.77,12241.91,12315.14,15,Mumbai,ATM,Wire Transfer,0,0,TXN_106671,CUST_16671
20,Credit,Transfer,Entertainment,323.01,22773.13,22450.12,8,Berlin,Web Browser,Credit Card,0,0,TXN_102753,CUST_12753
59,Savings,Transfer,Utilities,111.43,24372.95,24261.52,11,Tokyo,Mobile App,Debit Card,1,0,TXN_105011,CUST_15011
55,Checking,Transfer,Entertainment,58.98,6268.84,6209.86,0,Berlin,Web Browser,Debit Card,0,0,TXN_100463,CUST_10463
41,Checking,Transfer,Travel,168.82,20173.95,20005.13,11,Mumbai,Web Browser,Credit Card,0,0,TXN_103105,CUST_13105
25,Checking,Withdrawal,Utilities,178.22,22870.82,22692.6,8,Toronto,ATM,UPI / Wallet,0,0,TXN_102722,CUST_12722
39,Savings,Transfer,Retail,153.44,20823.33,20669.89,5,Berlin,Mobile App,UPI / Wallet,0,0,TXN_103964,CUST_13964
41,Checking,Transfer,Groceries,37.94,23755.69,23717.75,1,Berlin,Mobile App,Wire Transfer,0,0,TXN_103461,CUST_13461
35,Savings,Transfer,Electronics,5.83,18044.12,18038.29,0,Toronto,ATM,UPI / Wallet,0,0,TXN_106149,CUST_16149
54,Savings,Payment,Entertainment,7.42,5718.03,5710.61,23,Berlin,Mobile App,Debit Card,0,0,TXN_105884,CUST_15884
28,Business,Deposit,Retail,216.05,5146.9,4930.85,22,London,Mobile App,Wire Transfer,0,0,TXN_104960,CUST_14960
18,Savings,Payment,Electronics,79.45,20122.54,20043.09,14,London,Mobile App,UPI / Wallet,0,0,TXN_105241,CUST_15241
55,Business,Transfer,Groceries,50.03,12866.15,12816.12,17,New York,Mobile App,Debit Card,0,0,TXN_104181,CUST_14181
18,Checking,Transfer,Groceries,54.43,11016.01,10961.58,8,New York,Web Browser,Wire Transfer,1,1,TXN_106013,CUST_16013
62,Savings,Transfer,Utilities,75.11,20778.19,20703.08,22,Berlin,ATM,Credit Card,0,0,TXN_106328,CUST_16328
29,Savings,Payment,Travel,3.13,5871.28,6018.15,7,Mumbai,Web Browser,Debit Card,0,1,TXN_104151,CUST_14151
18,Checking,Withdrawal,Electronics,36.29,20698.57,20662.28,4,New York,Web Browser,Debit Card,0,0,TXN_100859,CUST_10859
58,Checking,Payment,Groceries,24.57,21149.94,21125.37,10,Tokyo,ATM,Debit Card,0,0,TXN_102943,CUST_12943
18,Checking,Transfer,Entertainment,218.23,20255.72,20037.49,3,Berlin,ATM,Debit Card,0,1,TXN_105492,CUST_15492
34,Savings,Deposit,Travel,690.07,22289.39,21599.32,16,Berlin,Mobile App,Credit Card,0,0,TXN_102469,CUST_12469
64,Credit,Transfer,Electronics,1.01,22629.19,22628.18,7,Berlin,Mobile App,UPI / Wallet,0,0,TXN_101205,CUST_11205
18,Credit,Withdrawal,Retail,180.83,20638.39,20457.56,16,Tokyo,Web Browser,Debit Card,0,0,TXN_104009,CUST_14009
23,Savings,Transfer,Utilities,368.92,21311.69,20942.77,0,Tokyo,ATM,Debit Card,0,0,TXN_105636,CUST_15636
26,Credit,Transfer,Electronics,153.42,6022.72,5869.3,14,London,Web Browser,UPI / Wallet,0,1,TXN_106038,CUST_16038
55,Credit,Transfer,Entertainment,5.81,7581.46,7575.65,19,Toronto,Web Browser,UPI / Wallet,0,0,TXN_102825,CUST_12825
38,Checking,Transfer,Groceries,2.32,26812.08,26809.76,11,Tokyo,ATM,UPI / Wallet,0,1,TXN_105164,CUST_15164
63,Checking,Payment,Entertainment,212.49,21275.43,21062.94,2,Toronto,ATM,Wire Transfer,0,0,TXN_102712,CUST_12712
70,Savings,Payment,Travel,491.73,17112.9,16621.17,13,Tokyo,Mobile App,Credit Card,0,0,TXN_106818,CUST_16818
62,Savings,Transfer,Travel,92.96,20221.85,20128.89,16,London,Mobile App,Credit Card,0,0,TXN_103096,CUST_13096
18,Checking,Payment,Utilities,88.8,26108.33,26019.53,10,Berlin,Mobile App,UPI / Wallet,0,0,TXN_101668,CUST_11668
31,Credit,Deposit,Groceries,117.9,3543.57,3425.67,20,New York,Mobile App,UPI / Wallet,0,0,TXN_102384,CUST_12384
26,Checking,Transfer,Entertainment,143.19,14387.17,14243.98,5,New York,ATM,Credit Card,0,0,TXN_104362,CUST_14362
48,Savings,Transfer,Groceries,22.42,5944.58,5922.16,15,New York,Mobile App,Wire Transfer,0,0,TXN_103876,CUST_13876
60,Checking,Deposit,Utilities,11.54,21357.88,21346.34,4,Tokyo,POS Terminal,Debit Card,0,0,TXN_100290,CUST_10290
18,Checking,Transfer,Travel,326.8,23418.02,23091.22,12,New York,POS Terminal,Debit Card,0,0,TXN_103426,CUST_13426
22,Credit,Withdrawal,Travel,92.87,22564.09,22471.22,6,Tokyo,Mobile App,Debit Card,0,0,TXN_100390,CUST_10390
18,Checking,Transfer,Utilities,5.66,25902.72,25897.06,15,Tokyo,POS Terminal,UPI / Wallet,0,0,TXN_106356,CUST_16356
64,Checking,Payment,Utilities,13.86,25859.11,25845.25,22,Singapore,Mobile App,Wire Transfer,0,0,TXN_104965,CUST_14965
62,Checking,Transfer,Utilities,28.92,3990.1,3961.18,5,Berlin,Web Browser,Wire Transfer,0,0,TXN_101368,CUST_11368
34,Checking,Payment,Utilities,215.33,26498.42,26283.09,13,New York,Mobile App,UPI / Wallet,0,0,TXN_101500,CUST_11500
40,Savings,Transfer,Electronics,340.05,25272.34,24932.29,13,Toronto,Web Browser,Wire Transfer,0,0,TXN_102667,CUST_12667
71,Savings,Withdrawal,Groceries,50.89,28495.5,28444.61,17,Singapore,Mobile App,Debit Card,0,1,TXN_103601,CUST_13601
52,Business,Payment,Utilities,99.82,19872.65,19772.83,16,Tokyo,ATM,Credit Card,0,0,TXN_101046,CUST_11046
38,Checking,Payment,Electronics,112.8,22127.51,22014.71,20,Tokyo,POS Terminal,Debit Card,0,0,TXN_100757,CUST_10757
62,Savings,Transfer,Utilities,3.22,23580.51,23577.29,16,Mumbai,Mobile App,Credit Card,1,0,TXN_104476,CUST_14476
25,Savings,Withdrawal,Groceries,14.83,23367.78,23352.95,8,Singapore,Web Browser,Wire Transfer,0,0,TXN_101373,CUST_11373
63,Savings,Payment,Groceries,471.62,25610.24,25138.62,14,Tokyo,POS Terminal,Debit Card,0,0,TXN_106784,CUST_16784
20,Savings,Payment,Electronics,373.88,18957.1,18583.22,5,Berlin,Mobile App,UPI / Wallet,0,0,TXN_105631,CUST_15631
18,Savings,Deposit,Travel,98.66,9214.64,9115.98,23,Toronto,ATM,Wire Transfer,1,0,TXN_100227,CUST_10227
18,Business,Payment,Travel,7.48,24178.83,24171.35,2,Singapore,Mobile App,Credit Card,0,0,TXN_100585,CUST_10585
30,Savings,Deposit,Retail,32.31,14774.91,14742.6,14,Tokyo,ATM,UPI / Wallet,0,0,TXN_103929,CUST_13929
18,Checking,Payment,Utilities,30.65,22726.54,22695.89,15,Tokyo,Web Browser,Credit Card,0,0,TXN_105264,CUST_15264
69,Checking,Deposit,Retail,118.37,8957.47,8839.1,23,Tokyo,POS Terminal,Wire Transfer,0,0,TXN_105526,CUST_15526
18,Checking,Transfer,Retail,218.43,9650.53,9432.1,21,Tokyo,Mobile App,UPI / Wallet,0,0,TXN_104029,CUST_14029
18,Savings,Withdrawal,Utilities,191.28,24535.29,24344.01,20,Berlin,ATM,Debit Card,0,0,TXN_103643,CUST_13643
68,Business,Deposit,Groceries,152.27,25703.53,25701.26,19,Toronto,ATM,Debit Card,0,0,TXN_105890,CUST_15890
21,Checking,Payment,Retail,1.96,21316.17,21314.21,4,Singapore,Mobile App,Credit Card,0,0,TXN_103870,CUST_13870
41,Checking,Payment,Electronics,167.86,22940.48,22772.62,17,Tokyo,POS Terminal,Wire Transfer,0,1,TXN_103933,CUST_13933
63,Checking,Payment,Entertainment,954.07,15519.04,14564.97,0,Singapore,POS Terminal,UPI / Wallet,0,1,TXN_103559,CUST_13559
18,Checking,Transfer,Electronics,307.19,17292.65,16985.46,4,Mumbai,ATM,Wire Transfer,0,0,TXN_100874,CUST_10874
18,Business,Transfer,Electronics,58.2,20611.86,20553.66,8,New York,Web Browser,UPI / Wallet,0,0,TXN_106513,CUST_16513
44,Savings,Payment,Entertainment,107.37,4915.8,4808.43,7,Tokyo,Mobile App,Debit Card,0,0,TXN_100099,CUST_10099
70,Savings,Payment,Travel,491.73,17112.9,16621.17,13,Tokyo,Mobile App,Credit Card,0,0,TXN_106818,CUST_16818
64,Checking,Deposit,Utilities,90.24,26652.1,26561.86,4,London,Mobile App,Credit Card,0,0,TXN_101867,CUST_11867
59,Checking,Payment,Travel,25.05,11415.07,11390.02,23,Tokyo,Web Browser,UPI / Wallet,0,0,TXN_100215,CUST_10215
64,Savings,Payment,Utilities,242.15,26664.34,26422.19,17,New York,Mobile App,UPI / Wallet,0,0,TXN_103606,CUST_13606
48,Business,Payment,Travel,146.05,25549.56,25403.51,9,Tokyo,Mobile App,Credit Card,0,0,TXN_100296,CUST_10296
55,Savings,Deposit,Electronics,102.71,10996.47,10893.76,13,Berlin,Mobile App,UPI / Wallet,0,1,TXN_102869,CUST_12869
44,Checking,Payment,Groceries,68.71,26182.15,26113.44,3,Tokyo,ATM,Debit Card,0,0,TXN_100621,CUST_10621
46,Checking,Payment,Electronics,129.78,19430.21,19300.43,10,Toronto,Mobile App,UPI / Wallet,1,0,TXN_103611,CUST_13611
55,Checking,Payment,Groceries,101.87,25178.85,25076.98,19,Singapore,Web Browser,Credit Card,0,0,TXN_102759,CUST_12759
56,Checking,Payment,Entertainment,46.44,25176.92,25130.48,5,Toronto,Mobile App,Debit Card,0,0,TXN_100726,CUST_10726
59,Checking,Transfer,Travel,7.01,14270.51,14263.5,16,London,Web Browser,UPI / Wallet,0,0,TXN_104487,CUST_14487
19,Savings,Withdrawal,Utilities,66.92,20135.5,20068.58,7,London,Mobile App,Debit Card,0,0,TXN_100819,CUST_10819
54,Credit,Transfer,Utilities,78.02,22729.74,22651.72,23,Toronto,ATM,UPI / Wallet,0,0,TXN_102960,CUST_12960
18,Checking,Payment,Retail,92.08,5177.11,5085.03,18,Mumbai,Mobile App,UPI / Wallet,0,0,TXN_105117,CUST_15117
25,Checking,Payment,Groceries,97.49,13759.93,13662.44,9,Tokyo,Web Browser,Debit Card,0,0,TXN_104076,CUST_14076
20,Savings,Payment,Electronics,373.88,18957.1,18583.22,5,Berlin,Mobile App,UPI / Wallet,0,0,TXN_105631,CUST_15631
18,Savings,Transfer,Entertainment,10.29,26345.01,26334.72,8,Mumbai,Mobile App,Debit Card,0,0,TXN_105626,CUST_15626
75,Checking,Deposit,Retail,215.36,3045.93,2830.57,5,Berlin,POS Terminal,Wire Transfer,0,0,TXN_101158,CUST_11158
29,Business,Deposit,Utilities,308.34,25775.88,25467.54,9,Berlin,POS Terminal,UPI / Wallet,0,0,TXN_106881,CUST_16881
27,Savings,Payment,Groceries,44.57,27882.44,27837.87,2,Berlin,ATM,Debit Card,0,1,TXN_101687,CUST_11687
19,Credit,Deposit,Travel,31.58,26763.79,26732.21,22,Berlin,Mobile App,Credit Card,0,0,TXN_106581,CUST_16581
64,Business,Payment,Electronics,93.84,25664.44,25570.6,11,Toronto,POS Terminal,UPI / Wallet,0,0,TXN_102426,CUST_12426
47,Business,Transfer,Utilities,337.34,26950.7,26613.36,22,New York,POS Terminal,UPI / Wallet,0,0,TXN_106026,CUST_16026
67,Checking,Payment,Electronics,38.33,26962.19,26923.86,23,New York,Mobile App,Credit Card,1,0,TXN_103247,CUST_13247
51,Savings,Payment,Entertainment,5.0,2676.71,2671.71,13,Berlin,Mobile App,UPI / Wallet,0,0,TXN_104627,CUST_14627
25,Savings,Transfer,Travel,0.98,27662.37,27661.39,17,New York,Web Browser,Wire Transfer,0,0,TXN_104424,CUST_14424
70,Business,Withdrawal,Travel,109.62,20500.42,20390.8,21,Toronto,Mobile App,UPI / Wallet,0,0,TXN_101580,CUST_11580
18,Credit,Deposit,Groceries,72.44,17997.4,17924.96,21,Tokyo,Web Browser,Wire Transfer,0,0,TXN_103369,CUST_13369
74,Credit,Payment,Electronics,489.85,18449.95,17960.1,15,Tokyo,ATM,UPI / Wallet,0,0,TXN_101745,CUST_11745
18,Checking,Deposit,Utilities,167.12,26680.17,26513.05,13,Tokyo,ATM,Credit Card,0,0,TXN_106902,CUST_16902
45,Checking,Deposit,Retail,364.25,24879.61,24515.36,11,Mumbai,POS Terminal,UPI / Wallet,0,0,TXN_106410,CUST_16410
37,Checking,Deposit,Travel,152.75,26247.55,26094.8,11,Toronto,POS Terminal,Debit Card,0,1,TXN_106388,CUST_16388
37,Checking,Transfer,Travel,136.91,18192.83,18055.92,6,Berlin,Web Browser,Debit Card,0,1,TXN_100117,CUST_10117
72,Savings,Transfer,Travel,165.15,19570.22,19405.07,12,Tokyo,Web Browser,Debit Card,0,0,TXN_102285,CUST_12285
56,Savings,Withdrawal,Utilities,50.55,15074.89,15024.34,5,Berlin,ATM,Debit Card,0,0,TXN_101425,CUST_11425
34,Savings,Payment,Travel,211.39,17643.5,17432.11,13,London,Web Browser,Debit Card,0,0,TXN_106578,CUST_16578
21,Checking,Deposit,Retail,78.9,26208.97,26130.07,13,Berlin,Mobile App,Debit Card,0,0,TXN_100151,CUST_10151
43,Savings,Payment,Electronics,36.38,22459.04,22422.66,7,New York,Mobile App,Debit Card,0,0,TXN_102679,CUST_12679
37,Business,Transfer,Electronics,26.58,7742.2,7715.62,17,Tokyo,ATM,UPI / Wallet,0,0,TXN_102223,CUST_12223
18,Checking,Withdrawal,Electronics,29.59,26872.98,26843.39,10,Tokyo,Mobile App,UPI / Wallet,0,0,TXN_100460,CUST_10460
24,Checking,Payment,Groceries,382.8,25987.08,25604.28,23,Mumbai,ATM,Debit Card,0,0,TXN_100983,CUST_10983
67,Checking,Deposit,Utilities,847.67,21408.52,20710.85,13,London,ATM,Debit Card,0,0,TXN_100566,CUST_10566
28,Checking,Transfer,Travel,159.48,23158.5,22999.02,22,Mumbai,POS Terminal,Debit Card,0,0,TXN_101832,CUST_11832
50,Checking,Deposit,Retail,73.52,22014.64,21941.12,9,London,ATM,UPI / Wallet,0,0,TXN_100937,CUST_10937
66,Checking,Withdrawal,Travel,9.98,19526.97,19516.99,16,London,POS Terminal,Wire Transfer,0,0,TXN_104742,CUST_14742
33,Checking,Withdrawal,Travel,68.0,2576.91,2508.91,15,Toronto,Web Browser,Credit Card,0,0,TXN_101883,CUST_11883
65,Savings,Transfer,Groceries,49.42,24213.29,24313.87,16,London,POS Terminal,UPI / Wallet,0,0,TXN_102786,CUST_12786
66,Checking,Deposit,Retail,98.09,7255.66,7307.57,3,Toronto,Web Browser,Wire Transfer,0,0,TXN_104966,CUST_14966
34,Checking,Withdrawal,Entertainment,166.39,5264.02,5097.63,15,Mumbai,Mobile App,Debit Card,1,1,TXN_105817,CUST_15817
18,Credit,Payment,Groceries,484.35,23326.95,22842.6,13,London,Mobile App,UPI / Wallet,0,0,TXN_102527,CUST_12527
61,Business,Payment,Entertainment,309.26,24559.22,24399.96,7,Berlin,ATM,Debit Card,0,0,TXN_104941,CUST_14941
23,Credit,Withdrawal,Utilities,198.75,4090.71,3891.96,14,Tokyo,Mobile App,UPI / Wallet,0,1,TXN_103374,CUST_13374
77,Savings,Payment,Retail,31.74,20708.59,20676.85,5,New York,POS Terminal,Wire Transfer,0,0,TXN_100432,CUST_10432
61,Checking,Payment,Travel,70.19,4679.98,4609.79,15,Berlin,ATM,Debit Card,0,1,TXN_101767,CUST_11767
27,Credit,Deposit,Travel,95.59,23273.28,23177.69,23,London,Web Browser,Debit Card,0,0,TXN_105656,CUST_15656
18,Savings,Transfer,Utilities,124.05,19858.49,19884.44,0,Singapore,Mobile App,Wire Transfer,0,0,TXN_105296,CUST_15296
57,Checking,Transfer,Electronics,516.79,22256.84,21740.05,7,Berlin,POS Terminal,Wire Transfer,0,0,TXN_101012,CUST_11012
59,Savings,Transfer,Utilities,440.65,27182.42,26741.77,21,Singapore,Mobile App,UPI / Wallet,0,0,TXN_103543,CUST_13543
23,Savings,Payment,Groceries,9.02,12502.69,12493.67,2,Mumbai,Web Browser,Debit Card,1,1,TXN_105040,CUST_15040
70,Credit,Transfer,Retail,189.57,20973.92,20784.35,8,Mumbai,POS Terminal,Debit Card,0,0,TXN_105532,CUST_15532
29,Business,Deposit,Entertainment,44.59,1761.94,1717.35,16,London,Web Browser,Credit Card,0,0,TXN_105183,CUST_15183
41,Business,Transfer,Retail,223.78,25191.93,24968.15,7,Tokyo,Mobile App,Debit Card,0,0,TXN_105740,CUST_15740
38,Checking,Transfer,Retail,46.83,20722.57,20675.74,21,Berlin,Mobile App,Wire Transfer,1,0,TXN_104615,CUST_14615
18,Credit,Withdrawal,Retail,61.16,667.63,606.47,9,London,Web Browser,Debit Card,1,0,TXN_101132,CUST_11132
34,Business,Withdrawal,Electronics,16.35,7125.23,7108.88,15,Toronto,Mobile App,Debit Card,0,0,TXN_104358,CUST_14358
38,Savings,Transfer,Entertainment,77.63,13385.67,13308.04,7,Mumbai,Mobile App,Credit Card,0,1,TXN_106368,CUST_16368
55,Savings,Withdrawal,Travel,335.06,23374.69,23039.63,20,Toronto,Web Browser,Wire Transfer,0,0,TXN_101612,CUST_11612
61,Savings,Payment,Entertainment,27.77,11150.48,11122.71,5,Berlin,Web Browser,UPI / Wallet,1,0,TXN_105425,CUST_15425
69,Credit,Deposit,Groceries,3.65,6536.04,6532.39,3,Tokyo,Web Browser,UPI / Wallet,0,0,TXN_102479,CUST_12479
35,Checking,Payment,Travel,92.36,25669.85,25577.49,10,Tokyo,ATM,UPI / Wallet,0,0,TXN_101892,CUST_11892
55,Checking,Transfer,Entertainment,294.37,7565.87,7271.5,5,New York,Mobile App,Wire Transfer,0,0,TXN_104222,CUST_14222
23,Credit,Transfer,Groceries,141.64,23341.18,23199.54,22,Tokyo,Mobile App,Debit Card,0,0,TXN_105251,CUST_15251
66,Checking,Transfer,Retail,5.01,27637.86,27632.85,14,Berlin,Web Browser,Credit Card,0,0,TXN_102443,CUST_12443
26,Savings,Deposit,Electronics,101.06,15286.66,15185.6,15,New York,POS Terminal,Debit Card,0,0,TXN_102313,CUST_12313
25,Checking,Payment,Utilities,50.96,22091.18,22040.22,0,Mumbai,Web Browser,Wire Transfer,0,0,TXN_104134,CUST_14134
68,Savings,Transfer,Retail,107.25,24054.58,23947.33,5,Mumbai,Mobile App,Wire Transfer,0,0,TXN_106387,CUST_16387
19,Savings,Deposit,Retail,269.62,20805.26,20535.64,7,Berlin,Mobile App,Debit Card,1,0,TXN_102421,CUST_12421
38,Business,Payment,Travel,467.13,6123.08,5655.95,23,New York,Web Browser,Debit Card,0,1,TXN_105850,CUST_15850
62,Savings,Payment,Retail,84.13,16992.22,16908.09,22,Mumbai,Web Browser,Credit Card,0,0,TXN_102958,CUST_12958
36,Credit,Withdrawal,Retail,66.51,10122.05,10055.54,6,Tokyo,Mobile App,Debit Card,0,0,TXN_106251,CUST_16251
26,Savings,Payment,Travel,5.66,25248.74,25243.08,16,Mumbai,POS Terminal,Debit Card,0,0,TXN_100008,CUST_10008
61,Business,Transfer,Electronics,540.26,14988.92,14448.66,7,Mumbai,Mobile App,Credit Card,1,0,TXN_102584,CUST_12584
69,Savings,Withdrawal,Utilities,115.64,25413.06,25297.42,2,New York,ATM,Debit Card,0,1,TXN_101936,CUST_11936
74,Credit,Transfer,Travel,44.82,19639.16,19594.34,14,Berlin,Web Browser,UPI / Wallet,0,0,TXN_101526,CUST_11526
66,Credit,Payment,Utilities,623.21,24079.08,23455.87,11,Tokyo,Mobile App,Debit Card,0,0,TXN_102854,CUST_12854
20,Checking,Transfer,Groceries,233.86,18419.98,18186.12,11,New York,ATM,UPI / Wallet,0,0,TXN_103236,CUST_13236
58,Savings,Payment,Entertainment,148.9,25851.64,25702.74,23,Tokyo,Mobile App,Debit Card,0,0,TXN_101409,CUST_11409
29,Credit,Withdrawal,Groceries,328.84,14643.64,14314.8,6,Toronto,Mobile App,Debit Card,1,0,TXN_101442,CUST_11442
40,Savings,Transfer,Electronics,340.05,25272.34,25082.29,13,Toronto,Web Browser,Wire Transfer,0,0,TXN_102667,CUST_12667
56,Checking,Withdrawal,Utilities,1.92,1313.67,1311.75,20,Singapore,Mobile App,Debit Card,0,0,TXN_100657,CUST_10657
66,Savings,Transfer,Retail,48.55,16586.01,16537.46,11,London,Mobile App,Wire Transfer,1,0,TXN_101647,CUST_11647
19,Checking,Transfer,Retail,101.89,23992.69,23890.8,4,Mumbai,Mobile App,Debit Card,1,0,TXN_106278,CUST_16278
23,Savings,Payment,Utilities,0.79,16843.48,16842.69,7,Tokyo,ATM,Debit Card,0,0,TXN_102132,CUST_12132
36,Checking,Payment,Electronics,38.06,15717.16,15679.1,0,Tokyo,ATM,Wire Transfer,0,0,TXN_101696,CUST_11696
24,Checking,Deposit,Utilities,96.4,1470.99,1374.59,13,Toronto,Mobile App,Credit Card,0,0,TXN_102281,CUST_12281
26,Savings,Deposit,Entertainment,60.35,17698.47,17638.12,23,New York,POS Terminal,Wire Transfer,0,0,TXN_104502,CUST_14502
22,Savings,Withdrawal,Entertainment,94.97,10127.75,10182.78,5,Mumbai,Mobile App,UPI / Wallet,0,0,TXN_102255,CUST_12255
60,Business,Transfer,Entertainment,62.91,17107.11,17044.2,17,Toronto,Web Browser,UPI / Wallet,1,0,TXN_103110,CUST_13110
56,Checking,Transfer,Retail,7.04,19429.46,19422.42,19,New York,Web Browser,UPI / Wallet,0,0,TXN_102236,CUST_12236
18,Checking,Payment,Groceries,27.6,25440.71,25413.11,6,Singapore,Mobile App,Debit Card,0,0,TXN_104432,CUST_14432
41,Checking,Withdrawal,Retail,138.54,21961.93,21823.39,9,Tokyo,Web Browser,Debit Card,0,0,TXN_106058,CUST_16058
54,Savings,Deposit,Retail,39.01,26380.5,26341.49,2,Berlin,ATM,Wire Transfer,0,1,TXN_103126,CUST_13126
74,Savings,Withdrawal,Retail,86.92,22452.03,22365.11,10,Singapore,ATM,Wire Transfer,0,0,TXN_102057,CUST_12057
64,Checking,Payment,Travel,71.05,24154.8,24083.75,6,Tokyo,Web Browser,Wire Transfer,0,1,TXN_101463,CUST_11463
65,Savings,Transfer,Utilities,156.23,5278.14,5121.91,11,Tokyo,ATM,Credit Card,0,0,TXN_106197,CUST_16197
43,Checking,Transfer,Retail,48.8,22934.67,22885.87,10,Berlin,ATM,UPI / Wallet,0,0,TXN_100765,CUST_10765
73,Checking,Transfer,Entertainment,2.88,13841.59,13838.71,21,Tokyo,Web Browser,Debit Card,0,0,TXN_100703,CUST_10703
18,Checking,Payment,Travel,16.2,20065.66,20049.46,1,Singapore,ATM,Debit Card,1,0,TXN_102033,CUST_12033
53,Savings,Transfer,Electronics,55.29,20775.23,20719.94,13,Tokyo,Mobile App,UPI / Wallet,0,0,TXN_106945,CUST_16945
25,Checking,Withdrawal,Electronics,40.05,20951.6,20911.55,11,Mumbai,ATM,UPI / Wallet,0,0,TXN_106769,CUST_16769
63,Business,Withdrawal,Travel,184.55,27098.44,26913.89,19,Berlin,ATM,UPI / Wallet,1,0,TXN_101357,CUST_11357
18,Business,Payment,Entertainment,405.83,21652.43,21246.6,2,Toronto,Mobile App,UPI / Wallet,0,0,TXN_102979,CUST_12979
41,Business,Transfer,Electronics,158.29,6610.03,6451.74,13,Singapore,Mobile App,Debit Card,0,0,TXN_105642,CUST_15642
68,Checking,Payment,Groceries,743.58,23959.09,23215.51,8,Tokyo,POS Terminal,UPI / Wallet,0,0,TXN_101021,CUST_11021
24,Checking,Transfer,Travel,23.3,24013.1,24139.8,15,Toronto,Web Browser,UPI / Wallet,0,0,TXN_106825,CUST_16825
18,Checking,Deposit,Retail,119.62,26851.24,26731.62,20,Berlin,Mobile App,UPI / Wallet,0,0,TXN_102137,CUST_12137
59,Savings,Withdrawal,Groceries,31.27,3392.72,3361.45,18,Toronto,Web Browser,Debit Card,0,0,TXN_106237,CUST_16237
46,Checking,Transfer,Travel,30.65,12727.16,12696.51,21,Toronto,Web Browser,Wire Transfer,0,0,TXN_103538,CUST_13538
72,Savings,Withdrawal,Electronics,83.72,23984.86,24051.14,21,Mumbai,Web Browser,Debit Card,0,0,TXN_103093,CUST_13093
57,Checking,Transfer,Travel,26.28,8358.5,8332.22,6,Toronto,ATM,Debit Card,1,0,TXN_102512,CUST_12512
28,Savings,Transfer,Groceries,326.73,23119.42,22792.69,20,Mumbai,Mobile App,Wire Transfer,0,0,TXN_104241,CUST_14241
51,Savings,Payment,Entertainment,5.0,2676.71,2671.71,13,Berlin,Mobile App,UPI / Wallet,0,0,TXN_104627,CUST_14627
74,Savings,Withdrawal,Utilities,6.2,7431.01,7574.81,6,Mumbai,Web Browser,Credit Card,0,0,TXN_106076,CUST_16076
18,Credit,Payment,Utilities,27.49,21290.3,21262.81,20,New York,Web Browser,Debit Card,0,0,TXN_105029,CUST_15029
18,Checking,Transfer,Utilities,91.07,10287.77,10196.7,4,Toronto,ATM,Wire Transfer,0,0,TXN_102416,CUST_12416
68,Checking,Payment,Travel,75.93,677.35,601.42,14,Berlin,Web Browser,UPI / Wallet,0,0,TXN_102027,CUST_12027
28,Savings,Transfer,Utilities,159.92,24507.91,24347.99,19,New York,ATM,Wire Transfer,0,0,TXN_106942,CUST_16942
65,Checking,Withdrawal,Travel,165.34,12445.56,12280.22,20,Berlin,Web Browser,UPI / Wallet,0,0,TXN_106766,CUST_16766
20,Checking,Deposit,Groceries,133.53,12177.85,12044.32,20,Berlin,ATM,Wire Transfer,0,0,TXN_104063,CUST_14063
23,Checking,Withdrawal,Groceries,113.78,21170.93,21057.15,3,Tokyo,Mobile App,Debit Card,0,0,TXN_101398,CUST_11398
20,Business,Transfer,Groceries,19.96,21631.13,21611.17,16,Berlin,Mobile App,Debit Card,0,0,TXN_100878,CUST_10878
67,Checking,Deposit,Entertainment,141.58,23124.29,22982.71,19,Singapore,ATM,Wire Transfer,0,1,TXN_101395,CUST_11395
59,Savings,Transfer,Groceries,11.05,24949.85,24938.8,12,Berlin,Mobile App,Credit Card,0,0,TXN_103644,CUST_13644
22,Savings,Deposit,Entertainment,284.53,8274.26,7989.73,8,Tokyo,POS Terminal,UPI / Wallet,1,0,TXN_101358,CUST_11358
55,Credit,Payment,Entertainment,37.47,1263.38,1225.91,15,Tokyo,Mobile App,Wire Transfer,0,0,TXN_103698,CUST_13698
57,Checking,Withdrawal,Travel,48.16,7410.43,7362.27,17,Tokyo,POS Terminal,Wire Transfer,0,0,TXN_102545,CUST_12545
18,Savings,Withdrawal,Travel,89.84,23834.24,23744.4,9,Singapore,Mobile App,Debit Card,1,0,TXN_104694,CUST_14694
46,Savings,Transfer,Electronics,82.58,14864.84,14782.26,22,Mumbai,Web Browser,UPI / Wallet,0,0,TXN_102754,CUST_12754
74,Savings,Withdrawal,Retail,263.55,7086.28,6822.73,4,Tokyo,Mobile App,Credit Card,0,0,TXN_100653,CUST_10653
52,Checking,Deposit,Groceries,181.18,17958.55,17777.37,7,Singapore,ATM,Debit Card,1,0,TXN_100142,CUST_10142
18,Savings,Payment,Retail,165.23,25462.68,25297.45,9,Tokyo,POS Terminal,Credit Card,0,0,TXN_106709,CUST_16709
63,Checking,Transfer,Entertainment,51.07,27478.94,27427.87,0,Tokyo,Mobile App,Credit Card,0,0,TXN_104873,CUST_14873
21,Savings,Deposit,Entertainment,71.39,20463.35,20391.96,12,New York,POS Terminal,Wire Transfer,0,0,TXN_103923,CUST_13923
68,Savings,Deposit,Travel,51.75,5312.67,5260.92,0,Singapore,POS Terminal,Credit Card,0,0,TXN_100143,CUST_10143
18,Savings,Withdrawal,Travel,82.04,11211.21,11129.17,11,Mumbai,ATM,Wire Transfer,0,1,TXN_100865,CUST_10865
31,Savings,Deposit,Utilities,55.16,15054.58,14999.42,13,Tokyo,POS Terminal,Debit Card,0,1,TXN_102391,CUST_12391
63,Checking,Transfer,Travel,70.5,26268.54,26198.04,11,Mumbai,POS Terminal,Debit Card,1,0,TXN_105442,CUST_15442
48,Checking,Transfer,Travel,244.31,11173.37,10929.06,12,Tokyo,POS Terminal,Debit Card,0,0,TXN_101703,CUST_11703
66,Checking,Transfer,Entertainment,287.91,5583.13,5295.22,16,Singapore,POS Terminal,Credit Card,0,1,TXN_102721,CUST_12721
18,Checking,Transfer,Utilities,237.87,8430.98,8193.11,3,Berlin,ATM,Credit Card,0,1,TXN_101190,CUST_11190
18,Savings,Transfer,Electronics,186.19,25056.42,24870.23,19,Toronto,ATM,Wire Transfer,0,0,TXN_102728,CUST_12728
82,Checking,Payment,Entertainment,51.41,25563.35,25511.94,8,Toronto,POS Terminal,UPI / Wallet,0,1,TXN_106907,CUST_16907
31,Credit,Payment,Utilities,46.18,13537.36,13491.18,2,New York,POS Terminal,Credit Card,0,0,TXN_100847,CUST_10847
25,Business,Payment,Retail,1.61,9958.26,9956.65,18,Berlin,Mobile App,Debit Card,1,0,TXN_105918,CUST_15918
65,Checking,Deposit,Entertainment,532.87,26730.02,26197.15,21,Mumbai,Web Browser,Wire Transfer,1,0,TXN_106460,CUST_16460
21,Savings,Transfer,Groceries,86.03,22069.83,21983.8,19,Singapore,ATM,UPI / Wallet,0,0,TXN_105375,CUST_15375
18,Savings,Payment,Groceries,314.35,22357.09,22042.74,20,New York,ATM,UPI / Wallet,0,0,TXN_104732,CUST_14732
32,Credit,Payment,Retail,407.24,3893.31,3486.07,19,Tokyo,Web Browser,Wire Transfer,0,0,TXN_103598,CUST_13598
40,Checking,Transfer,Entertainment,32.69,17331.39,17298.7,5,New York,Mobile App,Debit Card,0,0,TXN_105125,CUST_15125
24,Savings,Payment,Travel,6.47,11917.98,11911.51,15,Mumbai,POS Terminal,Wire Transfer,0,0,TXN_106345,CUST_16345
37,Savings,Transfer,Entertainment,177.6,24778.5,24600.9,22,Tokyo,Mobile App,UPI / Wallet,0,0,TXN_103647,CUST_13647
55,Savings,Transfer,Utilities,61.24,16692.44,16631.2,18,London,Mobile App,Debit Card,0,0,TXN_106225,CUST_16225
63,Checking,Payment,Utilities,62.44,23232.85,23170.41,3,Mumbai,ATM,UPI / Wallet,0,0,TXN_100445,CUST_10445
33,Savings,Transfer,Travel,266.62,26718.93,26452.31,17,Berlin,Mobile App,UPI / Wallet,1,0,TXN_103313,CUST_13313
77,Checking,Withdrawal,Groceries,148.68,10711.48,10562.8,13,New York,ATM,Debit Card,0,0,TXN_106521,CUST_16521
54,Business,Transfer,Utilities,141.96,5080.81,5088.85,4,Mumbai,Mobile App,Wire Transfer,0,0,TXN_100024,CUST_10024
60,Credit,Transfer,Retail,47.8,14450.91,14403.11,13,London,Mobile App,Credit Card,1,1,TXN_103591,CUST_13591
65,Credit,Payment,Retail,112.82,20779.15,20666.33,5,Tokyo,POS Terminal,Wire Transfer,0,0,TXN_103333,CUST_13333
29,Checking,Withdrawal,Retail,98.68,21220.24,21121.56,8,New York,Web Browser,Credit Card,0,1,TXN_106972,CUST_16972
20,Savings,Payment,Travel,281.82,20324.3,20042.48,17,Tokyo,POS Terminal,Wire Transfer,0,0,TXN_103844,CUST_13844
24,Checking,Payment,Travel,391.07,21572.32,21181.25,23,Tokyo,Web Browser,Debit Card,0,0,TXN_103909,CUST_13909
29,Credit,Payment,Groceries,106.17,850.14,743.97,9,Berlin,Mobile App,Debit Card,0,0,TXN_103664,CUST_13664
65,Savings,Payment,Groceries,82.4,21021.36,20938.96,6,Tokyo,POS Terminal,Debit Card,0,1,TXN_103765,CUST_13765
60,Checking,Transfer,Travel,75.88,15716.27,15640.39,21,Toronto,POS Terminal,Wire Transfer,0,0,TXN_100336,CUST_10336
61,Savings,Payment,Electronics,129.08,26049.69,26070.61,17,London,Web Browser,Debit Card,0,0,TXN_104357,CUST_14357
40,Savings,Transfer,Travel,97.56,14015.73,13918.17,11,Berlin,Mobile App,UPI / Wallet,0,0,TXN_102856,CUST_12856
37,Credit,Transfer,Travel,39.92,18585.72,18545.8,20,Toronto,Web Browser,UPI / Wallet,0,0,TXN_105830,CUST_15830
65,Savings,Payment,Travel,33.1,24365.71,24332.61,21,London,Web Browser,UPI / Wallet,0,0,TXN_101326,CUST_11326
31,Savings,Payment,Retail,12.51,18353.44,18340.93,12,Singapore,ATM,Debit Card,0,0,TXN_103173,CUST_13173
18,Checking,Transfer,Groceries,141.61,3218.03,3076.42,16,Berlin,POS Terminal,UPI / Wallet,1,0,TXN_100814,CUST_10814
45,Credit,Transfer,Retail,85.77,19411.9,19326.13,11,Toronto,ATM,Credit Card,0,0,TXN_106803,CUST_16803
25,Credit,Payment,Groceries,46.88,25792.83,25745.95,8,Toronto,Mobile App,Debit Card,0,0,TXN_106199,CUST_16199
57,Savings,Transfer,Utilities,651.23,25872.83,25221.6,14,New York,POS Terminal,Wire Transfer,0,0,TXN_104156,CUST_14156
62,Savings,Deposit,Electronics,95.34,16562.34,16467.0,22,Berlin,Web Browser,UPI / Wallet,0,0,TXN_103051,CUST_13051
39,Checking,Transfer,Travel,145.9,5720.19,5574.29,2,Toronto,Mobile App,Debit Card,0,0,TXN_105065,CUST_15065
63,Savings,Payment,Utilities,579.97,18005.76,17425.79,1,Singapore,Mobile App,Wire Transfer,0,0,TXN_102906,CUST_12906
68,Savings,Transfer,Travel,142.69,18438.31,18295.62,19,New York,POS Terminal,Debit Card,0,0,TXN_106760,CUST_16760
59,Savings,Deposit,Electronics,11.91,23136.5,23124.59,5,Tokyo,POS Terminal,Credit Card,0,0,TXN_103776,CUST_13776
18,Checking,Transfer,Groceries,47.46,24960.22,24912.76,20,Mumbai,Mobile App,Credit Card,0,0,TXN_101013,CUST_11013
18,Savings,Transfer,Travel,108.35,16608.22,16499.87,13,Berlin,ATM,Debit Card,0,0,TXN_100877,CUST_10877
18,Business,Deposit,Groceries,225.25,13714.0,13488.75,20,Tokyo,Mobile App,Debit Card,0,0,TXN_103728,CUST_13728
22,Savings,Payment,Entertainment,154.4,22284.41,22130.01,21,Tokyo,ATM,Debit Card,0,0,TXN_105637,CUST_15637
40,Credit,Payment,Travel,26.9,26341.62,26314.72,4,Berlin,Mobile App,UPI / Wallet,0,0,TXN_105318,CUST_15318
57,Savings,Transfer,Electronics,78.88,26525.29,26446.41,4,Toronto,POS Terminal,Debit Card,0,0,TXN_103708,CUST_13708
41,Credit,Deposit,Retail,405.84,3281.06,2875.22,2,Tokyo,POS Terminal,UPI / Wallet,0,1,TXN_106248,CUST_16248
65,Checking,Transfer,Entertainment,28.51,23208.51,23180.0,7,Mumbai,Web Browser,UPI / Wallet,0,0,TXN_104928,CUST_14928
57,Savings,Withdrawal,Travel,71.26,3011.07,2939.81,7,Toronto,ATM,Wire Transfer,1,0,TXN_106886,CUST_16886
45,Business,Withdrawal,Groceries,75.42,19169.14,19093.72,5,Berlin,ATM,Debit Card,0,0,TXN_104622,CUST_14622
26,Checking,Transfer,Entertainment,143.19,14387.17,14243.98,5,New York,ATM,Credit Card,0,0,TXN_104362,CUST_14362
61,Checking,Transfer,Electronics,0.63,16471.94,16471.31,3,New York,Mobile App,Debit Card,0,0,TXN_106380,CUST_16380
28,Credit,Transfer,Electronics,30.68,26394.43,26363.75,5,Mumbai,Web Browser,Debit Card,0,0,TXN_105129,CUST_15129
26,Checking,Transfer,Electronics,29.78,16770.47,16740.69,11,Berlin,Web Browser,UPI / Wallet,0,0,TXN_106579,CUST_16579
73,Savings,Deposit,Travel,146.63,2882.83,2736.2,0,Berlin,Web Browser,UPI / Wallet,1,0,TXN_101401,CUST_11401
18,Checking,Payment,Retail,41.79,20309.68,20267.89,9,Berlin,POS Terminal,Debit Card,0,0,TXN_103603,CUST_13603
61,Checking,Transfer,Retail,33.18,28224.26,28191.08,10,Tokyo,ATM,UPI / Wallet,0,0,TXN_101095,CUST_11095
69,Savings,Payment,Utilities,98.78,5868.64,5769.86,17,Singapore,Mobile App,Credit Card,0,0,TXN_103530,CUST_13530
43,Business,Withdrawal,Retail,77.87,22669.7,22591.83,3,Singapore,Web Browser,Wire Transfer,0,0,TXN_104916,CUST_14916
48,Checking,Transfer,Groceries,178.34,4547.6,4369.26,19,Tokyo,Web Browser,Debit Card,0,0,TXN_104235,CUST_14235
41,Savings,Withdrawal,Utilities,77.31,22717.51,22640.2,12,Singapore,ATM,UPI / Wallet,0,1,TXN_103815,CUST_13815
18,Business,Deposit,Entertainment,120.7,19498.66,19377.96,1,Berlin,Web Browser,Wire Transfer,0,0,TXN_101661,CUST_11661
59,Business,Transfer,Travel,76.88,26897.15,26820.27,18,Tokyo,ATM,UPI / Wallet,0,0,TXN_103822,CUST_13822
18,Savings,Withdrawal,Electronics,13.84,16681.23,16667.39,13,Singapore,ATM,Debit Card,1,0,TXN_100161,CUST_10161
26,Checking,Deposit,Retail,64.33,15829.45,15765.12,1,Tokyo,ATM,Wire Transfer,0,1,TXN_102366,CUST_12366
18,Savings,Payment,Utilities,20.05,21150.94,21130.89,18,Tokyo,ATM,Debit Card,0,1,TXN_103797,CUST_13797
61,Checking,Withdrawal,Utilities,469.87,3271.9,2802.03,11,Singapore,Web Browser,Debit Card,0,0,TXN_102296,CUST_12296
61,Checking,Transfer,Groceries,13.83,24855.36,24841.53,21,Mumbai,Mobile App,Credit Card,1,0,TXN_106618,CUST_16618
29,Savings,Payment,Groceries,72.05,25759.36,25687.31,0,Tokyo,ATM,Credit Card,0,0,TXN_104211,CUST_14211
18,Credit,Payment,Retail,154.77,19972.58,19817.81,2,Tokyo,Web Browser,Debit Card,0,0,TXN_101973,CUST_11973
47,Savings,Transfer,Entertainment,321.64,25856.78,25685.14,18,New York,Web Browser,UPI / Wallet,0,0,TXN_105365,CUST_15365
18,Checking,Withdrawal,Entertainment,13.88,19853.73,19839.85,5,Mumbai,POS Terminal,UPI / Wallet,0,0,TXN_102725,CUST_12725
18,Savings,Transfer,Travel,25.27,23281.29,23256.02,21,Tokyo,Mobile App,Credit Card,0,1,TXN_105680,CUST_15680
25,Checking,Payment,Groceries,97.49,13759.93,13662.44,9,Tokyo,Web Browser,Debit Card,0,0,TXN_104076,CUST_14076
43,Checking,Payment,Retail,368.29,17141.19,16772.9,4,Berlin,Web Browser,Debit Card,0,0,TXN_101126,CUST_11126
68,Checking,Payment,Groceries,44.9,12778.76,12733.86,23,New York,Web Browser,UPI / Wallet,0,0,TXN_106833,CUST_16833
18,Credit,Transfer,Utilities,74.03,15712.91,15638.88,13,New York,POS Terminal,Wire Transfer,0,1,TXN_102249,CUST_12249
40,Savings,Deposit,Groceries,100.53,8808.58,8708.05,17,Tokyo,Mobile App,Debit Card,1,0,TXN_105483,CUST_15483
61,Savings,Withdrawal,Entertainment,61.41,5907.18,5845.77,10,Tokyo,ATM,Debit Card,0,0,TXN_103690,CUST_13690
47,Checking,Payment,Retail,173.74,25757.43,25583.69,22,London,Web Browser,Debit Card,0,0,TXN_104240,CUST_14240
23,Savings,Payment,Entertainment,81.26,20365.92,20284.66,4,Berlin,Mobile App,UPI / Wallet,0,0,TXN_102358,CUST_12358
60,Checking,Transfer,Utilities,124.69,26774.81,26650.12,13,Toronto,Mobile App,Debit Card,0,0,TXN_101133,CUST_11133
18,Savings,Transfer,Retail,369.08,7963.39,7594.31,23,Tokyo,Mobile App,Credit Card,0,0,TXN_100430,CUST_10430
20,Savings,Transfer,Travel,4.63,23945.07,23940.44,7,Mumbai,POS Terminal,Debit Card,1,0,TXN_101077,CUST_11077
27,Savings,Payment,Groceries,25.13,20719.41,20694.28,16,Berlin,ATM,Credit Card,0,0,TXN_105388,CUST_15388
62,Savings,Transfer,Utilities,132.67,14347.97,14215.3,8,New York,POS Terminal,Wire Transfer,0,1,TXN_103972,CUST_13972
20,Checking,Deposit,Entertainment,52.33,27095.04,27042.71,9,Tokyo,ATM,UPI / Wallet,0,0,TXN_105989,CUST_15989
28,Checking,Deposit,Travel,81.14,22696.23,22615.09,19,Mumbai,ATM,Wire Transfer,0,0,TXN_101098,CUST_11098
21,Business,Transfer,Utilities,178.88,23846.13,23667.25,22,Toronto,Mobile App,Debit Card,1,0,TXN_102483,CUST_12483
21,Checking,Withdrawal,Travel,79.05,16984.34,16905.29,2,Mumbai,Web Browser,UPI / Wallet,0,0,TXN_103594,CUST_13594
18,Savings,Transfer,Groceries,289.9,26721.06,26431.16,10,New York,Web Browser,UPI / Wallet,0,0,TXN_102163,CUST_12163
68,Savings,Transfer,Retail,107.25,24054.58,23947.33,5,Mumbai,Mobile App,Wire Transfer,0,0,TXN_106387,CUST_16387
76,Savings,Transfer,Electronics,362.21,19353.01,18990.8,4,Mumbai,Mobile App,Debit Card,1,0,TXN_104931,CUST_14931
59,Savings,Transfer,Groceries,11.05,24949.85,24938.8,12,Berlin,Mobile App,Credit Card,0,0,TXN_103644,CUST_13644
49,Checking,Payment,Utilities,141.1,12406.06,12264.96,17,London,ATM,Debit Card,1,0,TXN_105056,CUST_15056
18,Savings,Payment,Electronics,79.45,20122.54,20043.09,14,London,Mobile App,UPI / Wallet,0,0,TXN_105241,CUST_15241
45,Checking,Deposit,Travel,49.85,24590.94,24541.09,11,Berlin,Mobile App,Debit Card,0,0,TXN_104170,CUST_14170
38,Savings,Payment,Entertainment,31.91,15892.39,15860.48,19,Singapore,ATM,Debit Card,0,0,TXN_103356,CUST_13356
61,Checking,Payment,Groceries,36.79,1875.07,1838.28,11,Toronto,Mobile App,Credit Card,0,0,TXN_106474,CUST_16474
24,Savings,Transfer,Groceries,165.24,19482.72,19317.48,1,Tokyo,Mobile App,Wire Transfer,0,0,TXN_101155,CUST_11155
60,Credit,Transfer,Electronics,36.35,25010.6,24974.25,7,Berlin,Mobile App,Wire Transfer,0,0,TXN_103804,CUST_13804
48,Checking,Deposit,Electronics,27.16,20126.62,20099.46,4,Berlin,ATM,UPI / Wallet,0,0,TXN_103364,CUST_13364
70,Checking,Transfer,Travel,15.48,6598.86,6583.38,19,Mumbai,Web Browser,Debit Card,0,0,TXN_106222,CUST_16222
60,Checking,Withdrawal,Utilities,3.19,24143.32,24140.13,5,Tokyo,POS Terminal,UPI / Wallet,0,0,TXN_100702,CUST_10702
28,Checking,Deposit,Travel,46.9,20918.37,20871.47,0,Tokyo,ATM,UPI / Wallet,0,0,TXN_104980,CUST_14980
72,Savings,Payment,Utilities,62.33,7674.0,7611.67,10,Berlin,ATM,Wire Transfer,1,0,TXN_101838,CUST_11838
38,Credit,Payment,Groceries,115.1,20450.34,20335.24,18,New York,Mobile App,UPI / Wallet,0,0,TXN_102902,CUST_12902
68,Credit,Payment,Entertainment,344.86,25146.9,24802.04,13,New York,Web Browser,UPI / Wallet,1,0,TXN_106910,CUST_16910
51,Savings,Transfer,Retail,357.12,11970.84,11613.72,7,Berlin,ATM,Debit Card,0,0,TXN_104075,CUST_14075
65,Savings,Payment,Electronics,285.05,23740.19,23455.14,1,Tokyo,Web Browser,Credit Card,0,0,TXN_100174,CUST_10174
18,Checking,Transfer,Travel,10.62,25811.64,25801.02,6,Singapore,ATM,Debit Card,0,0,TXN_106714,CUST_16714
18,Credit,Payment,Travel,106.64,23090.97,22984.33,18,London,Mobile App,Wire Transfer,0,0,TXN_104662,CUST_14662
33,Savings,Payment,Groceries,169.9,25547.07,25377.17,7,Mumbai,Mobile App,Debit Card,0,0,TXN_105143,CUST_15143
18,Checking,Withdrawal,Travel,390.31,19136.14,18745.83,3,New York,Web Browser,Debit Card,0,0,TXN_106626,CUST_16626
63,Savings,Payment,Utilities,579.97,18005.76,17425.79,1,Singapore,Mobile App,Wire Transfer,0,0,TXN_102906,CUST_12906
41,Savings,Payment,Entertainment,287.35,3466.12,3178.77,22,Singapore,Web Browser,Credit Card,1,0,TXN_106990,CUST_16990
42,Checking,Transfer,Electronics,352.83,19265.77,18912.94,1,Tokyo,POS Terminal,UPI / Wallet,0,0,TXN_103535,CUST_13535
24,Savings,Payment,Travel,278.85,19552.49,19273.64,12,Mumbai,ATM,UPI / Wallet,0,0,TXN_106895,CUST_16895
63,Checking,Withdrawal,Groceries,71.11,26300.78,26229.67,17,Toronto,Web Browser,Debit Card,0,0,TXN_106321,CUST_16321
55,Savings,Payment,Electronics,82.27,19885.01,19802.74,6,Toronto,ATM,UPI / Wallet,0,0,TXN_100627,CUST_10627
37,Business,Deposit,Travel,260.0,26082.31,25822.31,1,Tokyo,POS Terminal,UPI / Wallet,0,0,TXN_105061,CUST_15061
21,Business,Payment,Entertainment,95.5,2651.65,2556.15,0,Mumbai,Mobile App,Credit Card,1,1,TXN_103347,CUST_13347
56,Savings,Transfer,Entertainment,449.88,16487.53,16037.65,13,New York,ATM,Debit Card,0,0,TXN_103399,CUST_13399
29,Business,Deposit,Entertainment,44.59,1761.94,1717.35,16,London,Web Browser,Credit Card,0,0,TXN_105183,CUST_15183
58,Checking,Transfer,Travel,75.98,14557.22,14481.24,13,Singapore,POS Terminal,UPI / Wallet,0,0,TXN_106590,CUST_16590
51,Checking,Transfer,Utilities,16.98,23111.54,23094.56,1,Tokyo,ATM,Credit Card,0,0,TXN_106342,CUST_16342
26,Checking,Payment,Utilities,11.48,5184.46,5172.98,1,New York,Web Browser,Wire Transfer,0,0,TXN_101535,CUST_11535
75,Savings,Deposit,Groceries,98.12,23414.06,23315.94,4,New York,ATM,UPI / Wallet,1,0,TXN_104713,CUST_14713
57,Savings,Transfer,Utilities,651.23,25872.83,25221.6,14,New York,POS Terminal,Wire Transfer,0,0,TXN_104156,CUST_14156
18,Checking,Transfer,Entertainment,19.48,16105.68,16086.2,0,Berlin,Web Browser,Wire Transfer,0,0,TXN_100970,CUST_10970
62,Credit,Withdrawal,Travel,157.25,22499.54,22342.29,0,Tokyo,Web Browser,UPI / Wallet,0,1,TXN_103576,CUST_13576
32,Savings,Transfer,Retail,51.35,5224.97,5173.62,1,Berlin,Web Browser,Wire Transfer,0,1,TXN_102486,CUST_12486
48,Checking,Payment,Travel,40.53,23077.22,23036.69,16,Toronto,Mobile App,UPI / Wallet,0,0,TXN_101182,CUST_11182
49,Savings,Payment,Travel,79.23,26836.75,26757.52,12,Mumbai,POS Terminal,Debit Card,0,0,TXN_102354,CUST_12354
19,Savings,Payment,Entertainment,111.59,21812.34,21700.75,5,Tokyo,POS Terminal,UPI / Wallet,0,0,TXN_100015,CUST_10015
59,Savings,Deposit,Electronics,11.91,23136.5,23124.59,5,Tokyo,POS Terminal,Credit Card,0,0,TXN_103776,CUST_13776
65,Checking,Deposit,Electronics,198.19,21999.73,21801.54,20,New York,ATM,Wire Transfer,0,0,TXN_102539,CUST_12539
60,Checking,Withdrawal,Retail,353.28,12501.63,12148.35,4,Berlin,POS Terminal,Debit Card,0,0,TXN_101557,CUST_11557
19,Checking,Payment,Travel,31.34,23290.83,23259.49,13,Berlin,Web Browser,Debit Card,0,0,TXN_102802,CUST_12802
18,Savings,Transfer,Electronics,42.71,14493.9,14451.19,8,Tokyo,ATM,UPI / Wallet,0,0,TXN_103300,CUST_13300
76,Savings,Deposit,Utilities,98.03,4038.03,3940.0,22,Tokyo,Mobile App,Wire Transfer,1,1,TXN_103349,CUST_13349
18,Savings,Transfer,Groceries,300.27,24122.99,23822.72,10,New York,Mobile App,UPI / Wallet,0,0,TXN_102243,CUST_12243
61,Savings,Payment,Entertainment,27.77,11150.48,11122.71,5,Berlin,Web Browser,UPI / Wallet,1,0,TXN_105425,CUST_15425
65,Credit,Transfer,Utilities,29.08,13199.77,13170.69,11,Tokyo,POS Terminal,Debit Card,1,0,TXN_106589,CUST_16589
59,Checking,Deposit,Groceries,28.34,14742.55,14714.21,9,Singapore,Mobile App,UPI / Wallet,0,1,TXN_100524,CUST_10524
29,Savings,Deposit,Utilities,159.23,24664.98,24505.75,11,Singapore,Mobile App,Debit Card,0,0,TXN_105548,CUST_15548
66,Checking,Deposit,Travel,101.52,21831.05,21729.53,20,Singapore,ATM,Debit Card,0,0,TXN_103167,CUST_13167
19,Checking,Withdrawal,Travel,231.06,22856.2,22625.14,6,New York,Web Browser,Credit Card,0,0,TXN_100593,CUST_10593
29,Business,Deposit,Travel,239.66,15978.23,15738.57,17,Berlin,POS Terminal,Credit Card,0,0,TXN_100181,CUST_10181
64,Checking,Transfer,Utilities,984.32,20654.74,19670.42,22,Mumbai,Web Browser,Debit Card,0,0,TXN_106297,CUST_16297
44,Checking,Payment,Groceries,395.89,20438.38,20042.49,12,London,POS Terminal,Wire Transfer,1,0,TXN_105316,CUST_15316
27,Credit,Transfer,Retail,90.02,24044.14,23954.12,17,Mumbai,ATM,UPI / Wallet,0,0,TXN_100019,CUST_10019
18,Credit,Transfer,Retail,321.62,17480.16,17308.54,18,Singapore,Web Browser,Credit Card,0,0,TXN_104252,CUST_14252
59,Credit,Transfer,Groceries,244.08,3704.63,3460.55,14,Berlin,Web Browser,Credit Card,1,0,TXN_105414,CUST_15414
62,Credit,Payment,Electronics,107.57,13557.39,13449.82,7,London,Web Browser,Credit Card,0,0,TXN_103299,CUST_13299
41,Savings,Deposit,Retail,820.48,10716.13,9895.65,2,Mumbai,Web Browser,UPI / Wallet,0,0,TXN_105156,CUST_15156
18,Credit,Withdrawal,Retail,457.88,17590.16,17132.28,17,Mumbai,Mobile App,Credit Card,0,0,TXN_106497,CUST_16497
18,Checking,Transfer,Electronics,426.8,21928.51,21501.71,16,New York,POS Terminal,Debit Card,0,0,TXN_101300,CUST_11300
18,Checking,Withdrawal,Entertainment,178.72,19736.0,19557.28,23,London,Web Browser,Debit Card,0,0,TXN_103012,CUST_13012
28,Savings,Payment,Utilities,232.38,23007.38,22775.0,11,Mumbai,POS Terminal,Wire Transfer,0,0,TXN_102021,CUST_12021
24,Checking,Payment,Entertainment,6.11,9560.17,9554.06,11,Tokyo,POS Terminal,Credit Card,1,0,TXN_106642,CUST_16642
26,Credit,Payment,Retail,517.21,23459.07,22941.86,1,Tokyo,Web Browser,Credit Card,0,0,TXN_100498,CUST_10498
26,Credit,Transfer,Utilities,343.17,3046.75,2703.58,18,Tokyo,POS Terminal,UPI / Wallet,0,0,TXN_106536,CUST_16536
65,Savings,Transfer,Travel,37.33,1460.71,1423.38,18,Tokyo,Web Browser,Debit Card,0,0,TXN_105151,CUST_15151
59,Credit,Payment,Retail,17.31,7357.64,7340.33,17,Singapore,Mobile App,Debit Card,0,0,TXN_106592,CUST_16592
69,Business,Transfer,Electronics,31.1,16620.95,16589.85,6,New York,ATM,UPI / Wallet,0,0,TXN_104658,CUST_14658
18,Checking,Transfer,Utilities,5.66,25902.72,25897.06,15,Tokyo,POS Terminal,UPI / Wallet,0,0,TXN_106356,CUST_16356
72,Savings,Transfer,Electronics,346.92,11475.76,11128.84,17,Singapore,Web Browser,Wire Transfer,0,0,TXN_103457,CUST_13457
64,Checking,Withdrawal,Groceries,94.9,17554.15,17459.25,13,Tokyo,POS Terminal,Credit Card,0,0,TXN_106305,CUST_16305
64,Checking,Transfer,Travel,184.15,23453.18,23269.03,18,New York,Mobile App,UPI / Wallet,0,0,TXN_105968,CUST_15968
43,Checking,Deposit,Travel,29.45,24817.14,24787.69,11,New York,Mobile App,Wire Transfer,0,0,TXN_101741,CUST_11741
58,Savings,Deposit,Travel,26.02,23322.79,23296.77,14,Mumbai,ATM,UPI / Wallet,0,0,TXN_103839,CUST_13839
59,Checking,Payment,Electronics,456.55,23123.76,22667.21,11,Singapore,Mobile App,UPI / Wallet,0,0,TXN_100500,CUST_10500
31,Savings,Payment,Electronics,100.65,7239.97,7139.32,7,Berlin,Web Browser,Debit Card,0,0,TXN_104460,CUST_14460
19,Savings,Payment,Utilities,77.85,25443.52,25365.67,7,Mumbai,ATM,UPI / Wallet,0,0,TXN_103632,CUST_13632
18,Savings,Payment,Entertainment,13.87,17031.87,17018.0,10,Mumbai,POS Terminal,UPI / Wallet,0,0,TXN_105481,CUST_15481
20,Savings,Withdrawal,Travel,162.79,23965.61,23802.82,5,Toronto,Mobile App,Debit Card,0,1,TXN_105282,CUST_15282
28,Credit,Withdrawal,Retail,65.52,20261.97,20196.45,2,Toronto,Web Browser,Debit Card,1,1,TXN_100199,CUST_10199
72,Savings,Payment,Utilities,106.62,23819.75,23713.13,22,Tokyo,ATM,Debit Card,1,1,TXN_106799,CUST_16799
50,Credit,Deposit,Utilities,45.36,23524.11,23478.75,9,Singapore,ATM,Wire Transfer,0,1,TXN_105106,CUST_15106
56,Checking,Transfer,Retail,7.04,19429.46,19422.42,19,New York,Web Browser,UPI / Wallet,0,0,TXN_102236,CUST_12236
30,Checking,Transfer,Electronics,34.36,19432.2,19397.84,10,New York,Web Browser,UPI / Wallet,0,0,TXN_102900,CUST_12900
18,Business,Payment,Utilities,56.39,25809.96,25753.57,14,Toronto,Mobile App,UPI / Wallet,0,0,TXN_104674,CUST_14674
24,Savings,Transfer,Electronics,363.95,18820.37,18456.42,6,Berlin,ATM,Credit Card,0,1,TXN_100629,CUST_10629
59,Checking,Payment,Groceries,89.27,13439.74,13350.47,1,London,Web Browser,Debit Card,0,0,TXN_101829,CUST_11829
63,Credit,Payment,Utilities,172.93,25708.9,25535.97,13,London,Web Browser,UPI / Wallet,0,0,TXN_104995,CUST_14995
27,Savings,Payment,Groceries,440.64,19443.7,19003.06,15,New York,Web Browser,Credit Card,0,0,TXN_101459,CUST_11459
56,Savings,Transfer,Entertainment,189.27,9740.93,9551.66,1,New York,POS Terminal,Debit Card,0,0,TXN_104744,CUST_14744
39,Credit,Payment,Travel,8.93,16808.57,16799.64,8,Berlin,POS Terminal,Wire Transfer,0,0,TXN_106430,CUST_16430
65,Checking,Withdrawal,Travel,7.8,14634.01,14626.21,1,Mumbai,Web Browser,Debit Card,0,0,TXN_102653,CUST_12653
33,Checking,Withdrawal,Entertainment,79.48,13421.2,13341.72,6,Toronto,Mobile App,Debit Card,0,0,TXN_105161,CUST_15161
68,Checking,Payment,Travel,75.93,677.35,601.42,14,Berlin,Web Browser,UPI / Wallet,0,0,TXN_102027,CUST_12027
37,Credit,Transfer,Electronics,241.48,25302.43,25060.95,23,Berlin,Web Browser,Credit Card,0,0,TXN_106672,CUST_16672
21,Business,Transfer,Groceries,220.01,5568.15,5348.14,23,New York,ATM,Debit Card,0,0,TXN_100645,CUST_10645
63,Checking,Withdrawal,Travel,156.52,21484.3,21327.78,7,Singapore,Web Browser,UPI / Wallet,0,0,TXN_104758,CUST_14758
18,Savings,Deposit,Retail,40.41,3242.63,3202.22,15,Mumbai,Web Browser,UPI / Wallet,0,1,TXN_106875,CUST_16875
57,Business,Transfer,Travel,45.36,19976.13,19930.77,2,Tokyo,ATM,UPI / Wallet,0,0,TXN_104900,CUST_14900
23,Business,Payment,Groceries,461.14,14902.78,14441.64,17,Berlin,POS Terminal,Credit Card,0,0,TXN_101035,CUST_11035
38,Savings,Withdrawal,Entertainment,26.7,25416.02,25389.32,10,New York,Web Browser,Credit Card,0,0,TXN_101196,CUST_11196
41,Savings,Payment,Travel,18.74,21694.66,21675.92,0,Mumbai,Web Browser,UPI / Wallet,0,0,TXN_102870,CUST_12870
27,Savings,Payment,Utilities,155.8,21973.03,21817.23,2,Toronto,ATM,Debit Card,0,0,TXN_103903,CUST_13903
22,Checking,Transfer,Entertainment,73.36,16847.08,16923.72,15,Tokyo,Mobile App,Debit Card,0,0,TXN_106698,CUST_16698
22,Savings,Transfer,Utilities,35.34,13329.46,13294.12,12,Toronto,Mobile App,Credit Card,0,0,TXN_103033,CUST_13033
58,Savings,Payment,Groceries,17.09,4471.78,4454.69,18,Toronto,POS Terminal,UPI / Wallet,0,0,TXN_106987,CUST_16987
60,Credit,Transfer,Retail,31.84,25289.72,25407.88,5,London,Mobile App,UPI / Wallet,0,0,TXN_102672,CUST_12672
23,Checking,Transfer,Travel,69.56,23723.29,23653.73,0,Mumbai,Mobile App,Debit Card,0,0,TXN_103575,CUST_13575
53,Checking,Payment,Groceries,484.83,19887.78,19402.95,23,Berlin,Mobile App,Wire Transfer,0,0,TXN_104542,CUST_14542
48,Savings,Transfer,Groceries,148.24,19221.97,19073.73,11,London,Web Browser,Credit Card,0,1,TXN_100591,CUST_10591
49,Savings,Deposit,Electronics,71.48,18371.45,18299.97,8,Mumbai,ATM,Credit Card,0,0,TXN_104642,CUST_14642
26,Credit,Withdrawal,Travel,67.14,24605.7,24538.56,2,Tokyo,Web Browser,Wire Transfer,0,0,TXN_101528,CUST_11528
61,Savings,Transfer,Groceries,122.49,25354.68,25232.19,18,Berlin,ATM,Debit Card,0,0,TXN_101621,CUST_11621
63,Checking,Transfer,Travel,70.5,26268.54,26198.04,11,Mumbai,POS Terminal,Debit Card,1,0,TXN_105442,CUST_15442
27,Checking,Payment,Utilities,69.93,19403.32,19333.39,12,Tokyo,Web Browser,Debit Card,1,0,TXN_104524,CUST_14524
35,Credit,Withdrawal,Entertainment,186.38,21880.86,21694.48,8,Toronto,Mobile App,Debit Card,0,0,TXN_103311,CUST_13311
61,Savings,Payment,Electronics,129.08,26049.69,25920.61,17,London,Web Browser,Debit Card,0,0,TXN_104357,CUST_14357
18,Credit,Payment,Entertainment,79.3,1483.94,1404.64,23,Toronto,Mobile App,Debit Card,0,0,TXN_104364,CUST_14364
60,Checking,Transfer,Electronics,185.2,27870.53,27685.33,2,Tokyo,Web Browser,UPI / Wallet,0,0,TXN_102822,CUST_12822
25,Checking,Transfer,Entertainment,14.46,26174.05,26159.59,8,Mumbai,Mobile App,Credit Card,0,0,TXN_105960,CUST_15960
73,Credit,Payment,Utilities,201.91,13199.33,12997.42,23,New York,Web Browser,Credit Card,0,0,TXN_105103,CUST_15103
67,Checking,Payment,Electronics,38.33,26962.19,26923.86,23,New York,Mobile App,Credit Card,1,0,TXN_103247,CUST_13247
29,Checking,Deposit,Entertainment,137.49,20645.07,20507.58,14,Tokyo,Mobile App,Debit Card,0,0,TXN_105879,CUST_15879
50,Checking,Transfer,Travel,214.63,20756.42,20541.79,5,London,Mobile App,Credit Card,0,1,TXN_106431,CUST_16431
58,Checking,Payment,Electronics,7.29,25715.12,25707.83,19,Berlin,Mobile App,Credit Card,0,0,TXN_106164,CUST_16164
37,Savings,Payment,Electronics,7.84,17278.76,17270.92,12,Tokyo,Web Browser,Debit Card,0,0,TXN_101870,CUST_11870
51,Credit,Transfer,Groceries,126.34,22774.71,22648.37,6,Mumbai,Mobile App,Credit Card,0,0,TXN_101172,CUST_11172
21,Checking,Payment,Travel,112.85,1267.27,1154.42,9,Mumbai,ATM,Debit Card,0,0,TXN_100295,CUST_10295
58,Savings,Transfer,Groceries,155.3,5614.71,5459.41,6,Toronto,Web Browser,Wire Transfer,0,0,TXN_106509,CUST_16509
18,Checking,Withdrawal,Retail,51.98,18827.77,18775.79,20,Tokyo,Mobile App,Debit Card,0,0,TXN_106412,CUST_16412
64,Checking,Withdrawal,Utilities,170.79,26243.74,26072.95,3,Singapore,ATM,Debit Card,0,0,TXN_104342,CUST_14342
27,Credit,Withdrawal,Entertainment,5.72,15337.54,15331.82,14,Berlin,Mobile App,Debit Card,0,1,TXN_100507,CUST_10507
53,Credit,Payment,Utilities,54.78,25122.56,25067.78,13,New York,Mobile App,Debit Card,0,0,TXN_106573,CUST_16573
33,Business,Payment,Groceries,326.26,14859.79,14533.53,17,London,Mobile App,Wire Transfer,0,0,TXN_100330,CUST_10330
51,Checking,Deposit,Utilities,62.4,4282.75,4220.35,19,Mumbai,Mobile App,UPI / Wallet,0,0,TXN_105545,CUST_15545
40,Checking,Deposit,Groceries,187.59,8294.03,8106.44,7,Singapore,ATM,UPI / Wallet,0,0,TXN_103001,CUST_13001
33,Checking,Transfer,Travel,347.7,15220.68,14872.98,21,London,POS Terminal,Credit Card,0,1,TXN_105977,CUST_15977
18,Business,Deposit,Entertainment,119.53,12791.52,12671.99,23,Singapore,ATM,Debit Card,0,1,TXN_104919,CUST_14919
18,Checking,Transfer,Utilities,91.07,10287.77,10196.7,4,Toronto,ATM,Wire Transfer,0,0,TXN_102416,CUST_12416
18,Checking,Withdrawal,Electronics,20.85,23461.86,23441.01,21,Toronto,Web Browser,Credit Card,0,0,TXN_105354,CUST_15354
34,Business,Payment,Travel,55.88,25258.71,25202.83,13,Toronto,Web Browser,Wire Transfer,0,0,TXN_101259,CUST_11259
57,Credit,Payment,Retail,10.23,20556.23,20546.0,15,Berlin,Web Browser,UPI / Wallet,0,1,TXN_105707,CUST_15707
30,Savings,Transfer,Travel,328.65,25073.73,24745.08,12,Tokyo,POS Terminal,Wire Transfer,0,0,TXN_100850,CUST_10850
61,Savings,Transfer,Electronics,145.59,17800.06,17654.47,9,Berlin,ATM,Debit Card,0,0,TXN_102180,CUST_12180
18,Savings,Transfer,Retail,92.85,19623.79,19530.94,10,New York,Mobile App,UPI / Wallet,0,0,TXN_103351,CUST_13351
18,Credit,Withdrawal,Entertainment,16.67,16032.27,16015.6,9,London,Web Browser,Wire Transfer,0,1,TXN_105609,CUST_15609
18,Savings,Transfer,Groceries,176.19,6672.77,6646.58,11,Berlin,ATM,Debit Card,1,0,TXN_106451,CUST_16451
24,Savings,Payment,Travel,53.78,18829.95,18776.17,14,Berlin,Mobile App,UPI / Wallet,0,0,TXN_102724,CUST_12724
65,Checking,Transfer,Travel,112.33,9825.36,9713.03,13,London,Mobile App,Debit Card,0,0,TXN_104067,CUST_14067
60,Savings,Withdrawal,Retail,465.39,17939.8,17474.41,9,Tokyo,Web Browser,Debit Card,0,0,TXN_106677,CUST_16677
31,Savings,Transfer,Groceries,124.55,10534.02,10409.47,15,Toronto,ATM,Credit Card,0,0,TXN_102680,CUST_12680
75,Savings,Withdrawal,Electronics,113.13,21572.19,21459.06,6,New York,ATM,UPI / Wallet,0,0,TXN_104360,CUST_14360
55,Savings,Transfer,Entertainment,25.63,24664.41,24638.78,12,Tokyo,ATM,Credit Card,0,0,TXN_103428,CUST_13428
26,Checking,Withdrawal,Retail,545.78,15940.39,15394.61,3,Tokyo,Web Browser,Credit Card,0,1,TXN_106045,CUST_16045
61,Business,Payment,Entertainment,309.26,24559.22,24249.96,7,Berlin,ATM,Debit Card,0,0,TXN_104941,CUST_14941
24,Checking,Deposit,Entertainment,99.22,22987.31,23038.09,10,Toronto,POS Terminal,Credit Card,0,0,TXN_106285,CUST_16285
66,Credit,Payment,Groceries,139.97,20372.07,20232.1,18,Berlin,Mobile App,Credit Card,0,0,TXN_106493,CUST_16493
42,Savings,Withdrawal,Utilities,144.88,26161.53,26016.65,18,Mumbai,Web Browser,UPI / Wallet,0,0,TXN_105553,CUST_15553
66,Credit,Withdrawal,Groceries,232.36,26405.67,26173.31,18,New York,ATM,Debit Card,0,0,TXN_100574,CUST_10574
29,Savings,Payment,Groceries,35.26,12571.99,12536.73,11,Mumbai,ATM,Debit Card,0,0,TXN_101815,CUST_11815
31,Savings,Deposit,Retail,102.85,23267.13,23164.28,19,Tokyo,POS Terminal,Credit Card,1,0,TXN_105193,CUST_15193
23,Savings,Deposit,Electronics,327.31,4191.33,3864.02,22,Tokyo,Mobile App,Debit Card,0,0,TXN_100911,CUST_10911
69,Credit,Transfer,Groceries,161.03,17692.81,17531.78,18,Mumbai,Mobile App,Wire Transfer,0,0,TXN_105381,CUST_15381
32,Checking,Transfer,Travel,545.52,12759.73,12214.21,11,Tokyo,ATM,Credit Card,1,0,TXN_100933,CUST_10933
58,Checking,Payment,Electronics,510.28,23330.55,22820.27,8,Toronto,Web Browser,Debit Card,0,0,TXN_103112,CUST_13112
26,Checking,Transfer,Electronics,110.54,23046.37,22935.83,18,Berlin,Web Browser,UPI / Wallet,0,0,TXN_104667,CUST_14667
18,Checking,Payment,Entertainment,151.04,28130.78,27979.74,11,Singapore,Web Browser,Wire Transfer,0,0,TXN_100246,CUST_10246
66,Checking,Deposit,Utilities,434.56,18855.72,18421.16,19,London,POS Terminal,Credit Card,0,0,TXN_102504,CUST_12504
66,Savings,Withdrawal,Electronics,176.72,25578.5,25401.78,14,Berlin,POS Terminal,Credit Card,0,0,TXN_102898,CUST_12898
46,Checking,Deposit,Utilities,30.56,26118.84,26088.28,17,Berlin,ATM,UPI / Wallet,0,0,TXN_101451,CUST_11451
58,Savings,Transfer,Retail,48.08,25173.26,25125.18,10,New York,Mobile App,Wire Transfer,0,0,TXN_105046,CUST_15046
62,Checking,Deposit,Utilities,10.11,22237.28,22227.17,15,Mumbai,POS Terminal,Debit Card,0,0,TXN_100485,CUST_10485
43,Credit,Deposit,Electronics,52.81,25138.28,25085.47,23,Mumbai,POS Terminal,UPI / Wallet,0,0,TXN_106036,CUST_16036
53,Business,Deposit,Electronics,144.48,6286.65,6142.17,11,Tokyo,POS Terminal,Debit Card,0,0,TXN_102291,CUST_12291
33,Credit,Payment,Retail,104.75,22337.57,22232.82,0,Singapore,Mobile App,Debit Card,0,0,TXN_102270,CUST_12270
65,Savings,Withdrawal,Groceries,7.71,24643.86,24636.15,16,Singapore,Mobile App,UPI / Wallet,0,0,TXN_106075,CUST_16075
45,Checking,Deposit,Travel,49.85,24590.94,24541.09,11,Berlin,Mobile App,Debit Card,0,0,TXN_104170,CUST_14170
18,Savings,Withdrawal,Utilities,41.98,22390.73,22348.75,17,Tokyo,ATM,Credit Card,0,0,TXN_106577,CUST_16577
18,Checking,Withdrawal,Groceries,1083.28,2981.67,1898.39,1,Berlin,Web Browser,Debit Card,0,0,TXN_102864,CUST_12864
18,Checking,Transfer,Electronics,113.85,10971.17,10857.32,7,Tokyo,Mobile App,Credit Card,0,0,TXN_105496,CUST_15496
64,Checking,Deposit,Groceries,61.87,20022.06,19960.19,13,New York,Mobile App,UPI / Wallet,0,0,TXN_103106,CUST_13106
18,Credit,Transfer,Electronics,121.35,22209.69,22088.34,1,Berlin,Web Browser,UPI / Wallet,0,1,TXN_105168,CUST_15168
29,Checking,Transfer,Entertainment,149.89,10926.86,10776.97,13,New York,Mobile App,Debit Card,0,1,TXN_105650,CUST_15650
48,Checking,Transfer,Utilities,494.71,11620.23,11125.52,7,Tokyo,Web Browser,UPI / Wallet,0,0,TXN_102613,CUST_12613
25,Savings,Transfer,Groceries,593.97,5615.07,5021.1,7,New York,ATM,Wire Transfer,0,1,TXN_103733,CUST_13733
32,Savings,Transfer,Entertainment,32.76,23230.26,23197.5,16,Tokyo,Mobile App,Debit Card,0,0,TXN_105871,CUST_15871
68,Checking,Payment,Travel,259.7,16553.13,16293.43,19,Tokyo,Mobile App,Debit Card,0,0,TXN_103178,CUST_13178
18,Credit,Deposit,Groceries,14.75,22182.45,22167.7,14,London,ATM,Wire Transfer,0,0,TXN_104204,CUST_14204
71,Savings,Transfer,Travel,30.13,25101.4,25071.27,5,Toronto,Mobile App,UPI / Wallet,0,0,TXN_104255,CUST_14255
34,Checking,Transfer,Utilities,63.14,21685.35,21622.21,4,London,Mobile App,Credit Card,0,0,TXN_102011,CUST_12011
44,Checking,Transfer,Travel,350.27,17031.52,16681.25,17,Berlin,Mobile App,UPI / Wallet,0,0,TXN_100719,CUST_10719
19,Savings,Payment,Groceries,12.67,22553.7,22541.03,11,Mumbai,Mobile App,Debit Card,1,0,TXN_102923,CUST_12923
34,Credit,Transfer,Travel,188.68,20814.57,20625.89,14,Toronto,POS Terminal,Wire Transfer,0,0,TXN_106256,CUST_16256
26,Savings,Payment,Retail,119.81,14169.05,14049.24,22,Toronto,Web Browser,Debit Card,0,1,TXN_103532,CUST_13532
26,Savings,Payment,Entertainment,233.87,24393.93,24160.06,19,Tokyo,Mobile App,UPI / Wallet,0,0,TXN_104801,CUST_14801
18,Checking,Payment,Retail,148.56,7435.34,7286.78,5,New York,POS Terminal,Debit Card,0,0,TXN_102551,CUST_12551
67,Savings,Transfer,Entertainment,84.6,19750.56,19665.96,20,Toronto,POS Terminal,Debit Card,0,0,TXN_105339,CUST_15339
18,Credit,Transfer,Retail,284.92,6279.54,5994.62,2,Berlin,Web Browser,Debit Card,0,0,TXN_104814,CUST_14814
47,Savings,Payment,Travel,85.43,5195.3,5109.87,16,Mumbai,Mobile App,Debit Card,0,0,TXN_102616,CUST_12616
55,Checking,Deposit,Electronics,104.3,23176.63,23072.33,18,New York,Mobile App,Debit Card,1,0,TXN_102601,CUST_12601
34,Credit,Transfer,Travel,188.68,20814.57,20625.89,14,Toronto,POS Terminal,Wire Transfer,0,0,TXN_106256,CUST_16256
25,Credit,Payment,Entertainment,13.73,24349.97,24336.24,4,London,Web Browser,Debit Card,0,0,TXN_104637,CUST_14637
38,Savings,Deposit,Retail,348.27,19280.62,18932.35,10,Tokyo,Web Browser,UPI / Wallet,0,0,TXN_106033,CUST_16033
18,Credit,Payment,Groceries,89.16,15860.35,15771.19,20,Mumbai,Mobile App,Wire Transfer,0,0,TXN_104950,CUST_14950
55,Savings,Withdrawal,Retail,133.13,24589.35,24456.22,21,Tokyo,ATM,Wire Transfer,0,0,TXN_102707,CUST_12707
24,Business,Payment,Entertainment,52.37,21889.98,21837.61,7,Toronto,Web Browser,Credit Card,0,0,TXN_104282,CUST_14282
21,Business,Withdrawal,Groceries,44.62,16380.36,16335.74,0,London,ATM,Debit Card,0,1,TXN_104307,CUST_14307
22,Checking,Transfer,Retail,8.79,13305.14,13446.35,19,Mumbai,Mobile App,UPI / Wallet,0,0,TXN_104370,CUST_14370
57,Credit,Payment,Electronics,11.34,3370.65,3359.31,15,Tokyo,Mobile App,Debit Card,1,0,TXN_102936,CUST_12936
51,Credit,Transfer,Utilities,62.69,20612.39,20549.7,13,New York,Mobile App,Debit Card,0,0,TXN_101150,CUST_11150
41,Business,Transfer,Electronics,158.29,6610.03,6451.74,13,Singapore,Mobile App,Debit Card,0,0,TXN_105642,CUST_15642
50,Credit,Transfer,Utilities,285.53,20288.0,20002.47,17,London,Mobile App,Wire Transfer,1,0,TXN_104471,CUST_14471
42,Savings,Transfer,Travel,45.2,25807.14,25761.94,5,London,Web Browser,UPI / Wallet,0,1,TXN_100395,CUST_10395
27,Savings,Withdrawal,Utilities,5.27,4775.8,4770.53,15,Toronto,Mobile App,Debit Card,0,0,TXN_101632,CUST_11632
71,Checking,Withdrawal,Electronics,336.78,25335.61,24998.83,16,Mumbai,ATM,Debit Card,0,0,TXN_100697,CUST_10697
71,Checking,Payment,Retail,26.27,20288.83,20412.56,23,Berlin,POS Terminal,Debit Card,0,0,TXN_105570,CUST_15570
48,Checking,Deposit,Groceries,79.95,9878.51,9798.56,7,Tokyo,Mobile App,Debit Card,0,0,TXN_103775,CUST_13775
20,Business,Withdrawal,Entertainment,400.81,6969.1,6568.29,11,New York,Web Browser,Wire Transfer,0,1,TXN_105181,CUST_15181
42,Savings,Withdrawal,Electronics,148.72,21712.34,21713.62,23,Singapore,Web Browser,Credit Card,0,0,TXN_103763,CUST_13763
57,Savings,Transfer,Electronics,27.26,18910.19,18882.93,11,Mumbai,POS Terminal,Credit Card,0,0,TXN_106442,CUST_16442
47,Checking,Payment,Entertainment,57.51,23432.17,23374.66,16,Toronto,Web Browser,UPI / Wallet,0,0,TXN_104173,CUST_14173
18,Checking,Payment,Electronics,115.37,11874.34,11758.97,8,New York,Web Browser,Debit Card,0,0,TXN_103913,CUST_13913
47,Checking,Payment,Retail,173.74,25757.43,25583.69,22,London,Web Browser,Debit Card,0,0,TXN_104240,CUST_14240
52,Business,Payment,Utilities,99.82,19872.65,19772.83,16,Tokyo,ATM,Credit Card,0,0,TXN_101046,CUST_11046
41,Checking,Transfer,Retail,418.84,14897.91,14479.07,20,London,ATM,Credit Card,0,0,TXN_105902,CUST_15902
57,Savings,Withdrawal,Electronics,0.97,20484.85,20483.88,9,Tokyo,Mobile App,Wire Transfer,1,0,TXN_102776,CUST_12776
66,Savings,Transfer,Retail,78.12,21806.03,21727.91,23,Mumbai,Mobile App,Debit Card,0,0,TXN_100454,CUST_10454
18,Checking,Transfer,Entertainment,184.51,25413.88,25229.37,22,Toronto,ATM,UPI / Wallet,0,0,TXN_102482,CUST_12482
41,Business,Transfer,Electronics,84.73,19414.53,19329.8,20,Tokyo,Mobile App,Debit Card,0,0,TXN_104359,CUST_14359
25,Checking,Deposit,Utilities,47.6,19490.72,19593.12,3,Tokyo,ATM,UPI / Wallet,0,0,TXN_101089,CUST_11089
48,Business,Transfer,Groceries,213.15,23710.89,23497.74,4,Toronto,Mobile App,Wire Transfer,1,0,TXN_106481,CUST_16481
23,Savings,Payment,Travel,99.51,24897.24,24797.73,4,Singapore,Web Browser,UPI / Wallet,0,0,TXN_102916,CUST_12916
39,Credit,Transfer,Groceries,22.68,26492.63,26469.95,19,Mumbai,POS Terminal,Credit Card,0,0,TXN_100523,CUST_10523
61,Savings,Deposit,Electronics,314.04,24292.33,23978.29,12,Tokyo,ATM,Debit Card,0,0,TXN_100126,CUST_10126
18,Savings,Transfer,Retail,607.1,5749.6,5142.5,2,Tokyo,ATM,Debit Card,0,0,TXN_100311,CUST_10311
18,Savings,Transfer,Travel,71.71,16290.84,16219.13,1,Toronto,Mobile App,Credit Card,0,0,TXN_104116,CUST_14116
69,Checking,Payment,Travel,272.01,23440.8,23168.79,22,Tokyo,ATM,UPI / Wallet,0,0,TXN_103730,CUST_13730
50,Savings,Withdrawal,Entertainment,4.52,5214.22,5209.7,9,Berlin,Web Browser,UPI / Wallet,0,0,TXN_103935,CUST_13935
61,Checking,Withdrawal,Travel,51.2,25557.93,25506.73,21,Tokyo,ATM,Wire Transfer,0,0,TXN_105610,CUST_15610
69,Business,Deposit,Utilities,228.31,27511.76,27283.45,18,Tokyo,ATM,Credit Card,0,0,TXN_101864,CUST_11864
61,Savings,Transfer,Groceries,125.55,26726.38,26600.83,15,Singapore,ATM,Debit Card,0,0,TXN_102944,CUST_12944
45,Checking,Transfer,Groceries,52.03,21295.26,21243.23,15,Berlin,Web Browser,UPI / Wallet,0,0,TXN_100704,CUST_10704
18,Savings,Deposit,Utilities,118.16,24209.68,24091.52,23,Toronto,Web Browser,Debit Card,0,0,TXN_106655,CUST_16655
62,Savings,Transfer,Utilities,109.68,8576.77,8467.09,16,Toronto,Web Browser,Debit Card,1,0,TXN_105819,CUST_15819
75,Checking,Transfer,Retail,496.33,9359.99,8863.66,21,Toronto,Web Browser,Debit Card,0,1,TXN_104429,CUST_14429
18,Checking,Withdrawal,Retail,15.05,22863.82,22848.77,13,Mumbai,Mobile App,Debit Card,0,1,TXN_101665,CUST_11665
70,Checking,Transfer,Travel,92.91,22986.38,22893.47,1,Tokyo,Web Browser,UPI / Wallet,0,0,TXN_100466,CUST_10466
23,Savings,Transfer,Groceries,81.72,26071.45,25989.73,1,New York,POS Terminal,Debit Card,0,0,TXN_100534,CUST_10534
62,Checking,Withdrawal,Electronics,162.66,26324.17,26161.51,18,Tokyo,ATM,Wire Transfer,0,0,TXN_103814,CUST_13814
20,Checking,Withdrawal,Groceries,5.53,25720.79,25715.26,22,New York,POS Terminal,Credit Card,0,0,TXN_103284,CUST_13284
68,Checking,Transfer,Travel,135.91,18645.85,18509.94,10,New York,POS Terminal,UPI / Wallet,0,0,TXN_103917,CUST_13917
41,Credit,Deposit,Entertainment,120.33,21366.85,21246.52,18,New York,Web Browser,Debit Card,0,0,TXN_100665,CUST_10665
70,Checking,Withdrawal,Electronics,32.8,21111.66,21078.86,23,Toronto,POS Terminal,UPI / Wallet,0,0,TXN_101502,CUST_11502
57,Business,Deposit,Retail,238.76,21131.32,20892.56,10,Singapore,Web Browser,Debit Card,0,1,TXN_104155,CUST_14155
59,Checking,Transfer,Groceries,32.68,4604.83,4572.15,15,Singapore,Web Browser,Credit Card,0,0,TXN_101825,CUST_11825
60,Savings,Withdrawal,Travel,255.77,9824.26,9568.49,16,Singapore,ATM,Debit Card,0,0,TXN_102016,CUST_12016
20,Savings,Transfer,Groceries,98.18,5681.95,5583.77,10,Toronto,ATM,Wire Transfer,0,0,TXN_102308,CUST_12308
62,Credit,Transfer,Travel,2.8,23738.61,23735.81,20,Berlin,POS Terminal,Debit Card,0,0,TXN_102863,CUST_12863
59,Credit,Withdrawal,Groceries,20.4,18111.98,18091.58,15,Berlin,Web Browser,Debit Card,1,0,TXN_105692,CUST_15692
24,Savings,Deposit,Electronics,69.87,23727.78,23657.91,7,Mumbai,Web Browser,Debit Card,0,1,TXN_106496,CUST_16496
67,Checking,Payment,Groceries,34.32,18397.39,18363.07,6,Tokyo,ATM,Debit Card,0,0,TXN_105037,CUST_15037
63,Checking,Transfer,Entertainment,51.07,27478.94,27427.87,0,Tokyo,Mobile App,Credit Card,0,0,TXN_104873,CUST_14873
23,Savings,Payment,Groceries,177.05,21457.01,21279.96,6,New York,Mobile App,Wire Transfer,1,0,TXN_101527,CUST_11527
22,Checking,Payment,Groceries,116.51,25741.5,25624.99,20,Tokyo,POS Terminal,Credit Card,0,0,TXN_104231,CUST_14231
49,Savings,Payment,Travel,165.62,22742.57,22576.95,8,New York,Web Browser,Credit Card,0,0,TXN_104002,CUST_14002
44,Savings,Payment,Groceries,381.87,20694.42,20312.55,9,Berlin,Web Browser,Wire Transfer,0,0,TXN_103492,CUST_13492
18,Checking,Deposit,Groceries,352.44,25777.69,25425.25,16,Tokyo,POS Terminal,UPI / Wallet,0,0,TXN_103734,CUST_13734
42,Savings,Withdrawal,Electronics,148.72,21712.34,21563.62,23,Singapore,Web Browser,Credit Card,0,0,TXN_103763,CUST_13763
61,Savings,Payment,Electronics,95.58,26365.25,26269.67,21,London,Web Browser,Debit Card,0,0,TXN_103392,CUST_13392
71,Savings,Payment,Groceries,20.89,21164.81,21143.92,16,Berlin,POS Terminal,Debit Card,0,0,TXN_103703,CUST_13703
26,Checking,Withdrawal,Retail,74.28,23772.28,23698.0,14,Mumbai,Web Browser,Credit Card,0,0,TXN_103570,CUST_13570
19,Savings,Withdrawal,Electronics,1148.24,23884.61,22736.37,9,Mumbai,POS Terminal,Credit Card,0,1,TXN_104985,CUST_14985
39,Checking,Payment,Travel,15.37,24385.71,24370.34,20,Berlin,ATM,UPI / Wallet,0,0,TXN_100239,CUST_10239
18,Checking,Deposit,Travel,86.82,23158.57,23071.75,4,Singapore,Web Browser,UPI / Wallet,0,0,TXN_104696,CUST_14696
34,Credit,Transfer,Electronics,259.71,22192.82,21933.11,23,Tokyo,Web Browser,UPI / Wallet,0,0,TXN_100150,CUST_10150
22,Savings,Withdrawal,Entertainment,319.31,4820.35,4501.04,13,Mumbai,Mobile App,Debit Card,0,0,TXN_100321,CUST_10321
37,Savings,Transfer,Entertainment,177.6,24778.5,24600.9,22,Tokyo,Mobile App,UPI / Wallet,0,0,TXN_103647,CUST_13647
28,Savings,Transfer,Entertainment,64.86,28079.3,28014.44,7,Mumbai,POS Terminal,Wire Transfer,0,0,TXN_106971,CUST_16971
55,Savings,Withdrawal,Entertainment,116.9,1439.54,1322.64,9,Tokyo,Mobile App,Credit Card,0,0,TXN_100343,CUST_10343
19,Savings,Deposit,Retail,91.94,24942.5,24850.56,10,Tokyo,POS Terminal,Wire Transfer,0,0,TXN_102634,CUST_12634
34,Credit,Transfer,Groceries,137.6,3807.85,3670.25,18,Mumbai,Mobile App,UPI / Wallet,0,0,TXN_104314,CUST_14314
18,Savings,Transfer,Groceries,60.91,24787.68,24726.77,23,Singapore,POS Terminal,Debit Card,0,0,TXN_103838,CUST_13838
68,Savings,Deposit,Groceries,529.9,21499.56,20969.66,8,New York,ATM,Wire Transfer,0,1,TXN_101875,CUST_11875
69,Checking,Transfer,Groceries,123.94,21986.55,21862.61,23,London,POS Terminal,Wire Transfer,0,0,TXN_102993,CUST_12993
19,Checking,Deposit,Groceries,122.63,21454.74,21332.11,1,Berlin,ATM,Debit Card,1,0,TXN_106134,CUST_16134
34,Checking,Withdrawal,Electronics,59.24,16809.7,16750.46,4,Tokyo,Mobile App,Debit Card,0,0,TXN_103481,CUST_13481
24,Savings,Transfer,Electronics,230.65,18479.39,18248.74,23,Mumbai,POS Terminal,Debit Card,1,0,TXN_105737,CUST_15737
65,Credit,Payment,Groceries,83.35,21701.55,21618.2,8,London,ATM,Debit Card,0,0,TXN_102853,CUST_12853
29,Business,Payment,Electronics,88.84,23552.97,23464.13,19,London,Web Browser,UPI / Wallet,0,1,TXN_105401,CUST_15401
29,Business,Payment,Retail,86.67,23236.17,23149.5,7,Tokyo,Mobile App,Wire Transfer,0,1,TXN_102791,CUST_12791
50,Checking,Transfer,Utilities,96.08,1394.57,1298.49,9,Tokyo,Web Browser,Debit Card,0,0,TXN_106196,CUST_16196
67,Savings,Deposit,Retail,178.94,26046.69,25867.75,15,Singapore,Mobile App,Debit Card,0,0,TXN_102933,CUST_12933
27,Savings,Transfer,Electronics,44.61,6952.7,6908.09,0,Singapore,ATM,Debit Card,0,0,TXN_105512,CUST_15512
18,Savings,Transfer,Entertainment,150.36,24850.78,24700.42,6,Berlin,Web Browser,Credit Card,1,0,TXN_105358,CUST_15358
18,Savings,Transfer,Electronics,38.84,21257.05,21218.21,9,Mumbai,Web Browser,UPI / Wallet,0,0,TXN_104203,CUST_14203
34,Savings,Payment,Electronics,29.09,18174.34,18145.25,22,Singapore,POS Terminal,Wire Transfer,0,0,TXN_106976,CUST_16976
18,Savings,Transfer,Retail,83.2,10532.99,10449.79,3,Berlin,Web Browser,UPI / Wallet,0,0,TXN_103680,CUST_13680
69,Checking,Withdrawal,Utilities,423.77,25460.41,25036.64,10,Toronto,Mobile App,Credit Card,0,0,TXN_103803,CUST_13803
69,Savings,Payment,Travel,9.45,25247.17,25237.72,9,Tokyo,ATM,Wire Transfer,0,0,TXN_103692,CUST_13692
18,Business,Transfer,Entertainment,4.78,21703.75,21698.97,5,Berlin,Mobile App,Credit Card,0,0,TXN_106475,CUST_16475
29,Savings,Payment,Groceries,35.26,12571.99,12536.73,11,Mumbai,ATM,Debit Card,0,0,TXN_101815,CUST_11815
53,Savings,Withdrawal,Retail,262.79,15268.64,15005.85,11,Berlin,Web Browser,UPI / Wallet,0,0,TXN_102525,CUST_12525
31,Savings,Transfer,Entertainment,358.55,1058.34,699.79,0,Tokyo,Web Browser,UPI / Wallet,0,1,TXN_103098,CUST_13098
72,Credit,Deposit,Utilities,44.05,2726.06,2682.01,5,Toronto,Web Browser,UPI / Wallet,1,0,TXN_103451,CUST_13451
35,Checking,Withdrawal,Travel,582.76,26768.71,26185.95,22,Singapore,Mobile App,UPI / Wallet,0,0,TXN_101396,CUST_11396
18,Savings,Payment,Groceries,118.87,8973.48,8854.61,16,Singapore,Mobile App,Debit Card,0,1,TXN_104913,CUST_14913
44,Checking,Transfer,Retail,0.6,22045.06,22044.46,20,Mumbai,Web Browser,Debit Card,0,0,TXN_104137,CUST_14137
23,Business,Transfer,Travel,93.18,23818.1,23724.92,1,Toronto,Web Browser,Wire Transfer,0,0,TXN_103945,CUST_13945
50,Savings,Transfer,Retail,39.35,25886.98,25847.63,11,Berlin,POS Terminal,Credit Card,1,0,TXN_100044,CUST_10044
78,Savings,Payment,Retail,128.0,25179.99,25051.99,14,Berlin,POS Terminal,UPI / Wallet,0,0,TXN_102412,CUST_12412
18,Checking,Transfer,Electronics,136.65,5218.6,5081.95,0,Mumbai,Mobile App,UPI / Wallet,0,0,TXN_101391,CUST_11391
39,Checking,Deposit,Electronics,108.67,23674.52,23565.85,19,Berlin,ATM,UPI / Wallet,1,0,TXN_100421,CUST_10421
48,Savings,Transfer,Electronics,201.29,26089.26,25887.97,22,New York,Web Browser,UPI / Wallet,0,0,TXN_101519,CUST_11519
41,Business,Payment,Electronics,65.47,3394.36,3328.89,2,Berlin,Web Browser,Debit Card,0,0,TXN_104865,CUST_14865
61,Checking,Transfer,Travel,150.69,11066.21,10915.52,13,London,Mobile App,Wire Transfer,0,0,TXN_105055,CUST_15055
18,Savings,Transfer,Retail,130.16,20481.53,20351.37,16,Singapore,ATM,Credit Card,0,0,TXN_100200,CUST_10200
19,Savings,Withdrawal,Travel,372.94,7746.48,7373.54,22,Berlin,POS Terminal,Wire Transfer,0,0,TXN_100116,CUST_10116
68,Savings,Withdrawal,Travel,104.8,14552.21,14447.41,3,Toronto,POS Terminal,Debit Card,0,0,TXN_103138,CUST_13138
61,Checking,Transfer,Electronics,0.63,16471.94,16471.31,3,New York,Mobile App,Debit Card,0,0,TXN_106380,CUST_16380
61,Credit,Withdrawal,Groceries,206.13,20498.74,20292.61,22,Berlin,ATM,UPI / Wallet,1,1,TXN_105250,CUST_15250
24,Checking,Withdrawal,Entertainment,253.15,17603.74,17350.59,17,Berlin,Mobile App,Debit Card,0,0,TXN_100149,CUST_10149
72,Credit,Payment,Utilities,162.74,18143.33,17980.59,13,Singapore,Web Browser,Wire Transfer,0,0,TXN_103462,CUST_13462
55,Checking,Transfer,Retail,3.13,16862.5,16859.37,4,Berlin,Mobile App,Credit Card,0,0,TXN_101605,CUST_11605
62,Savings,Transfer,Travel,4.39,5894.09,6039.7,10,Tokyo,Mobile App,Wire Transfer,0,0,TXN_105114,CUST_15114
31,Credit,Transfer,Retail,256.16,23687.28,23431.12,13,Mumbai,POS Terminal,UPI / Wallet,0,0,TXN_104718,CUST_14718
37,Checking,Payment,Travel,182.48,22824.8,22642.32,16,New York,Mobile App,Credit Card,0,0,TXN_100643,CUST_10643
38,Savings,Deposit,Utilities,69.58,26528.2,26458.62,8,Berlin,ATM,UPI / Wallet,0,0,TXN_101317,CUST_11317
33,Savings,Transfer,Travel,101.81,17039.19,17087.38,15,Mumbai,POS Terminal,UPI / Wallet,0,0,TXN_100362,CUST_10362
41,Business,Payment,Utilities,44.64,27856.99,27812.35,15,Mumbai,Mobile App,UPI / Wallet,0,0,TXN_105139,CUST_15139
25,Savings,Transfer,Electronics,24.88,24509.33,24484.45,9,New York,ATM,Debit Card,0,0,TXN_106846,CUST_16846
42,Checking,Payment,Entertainment,56.33,13309.41,13253.08,13,Tokyo,Web Browser,Debit Card,0,0,TXN_101153,CUST_11153
21,Checking,Transfer,Utilities,62.14,18022.86,17960.72,23,Toronto,Web Browser,Wire Transfer,1,0,TXN_103291,CUST_13291
18,Business,Payment,Travel,128.91,23125.72,22996.81,0,Mumbai,Mobile App,Wire Transfer,0,0,TXN_100966,CUST_10966
47,Savings,Transfer,Entertainment,280.58,25853.38,25572.8,17,Singapore,Mobile App,Debit Card,0,0,TXN_101857,CUST_11857
22,Checking,Transfer,Utilities,81.93,8196.29,8114.36,5,New York,POS Terminal,UPI / Wallet,1,0,TXN_103122,CUST_13122
65,Checking,Payment,Groceries,23.38,3620.05,3596.67,13,Berlin,Mobile App,Wire Transfer,0,0,TXN_104193,CUST_14193
62,Checking,Payment,Groceries,155.26,6864.72,6709.46,19,Berlin,Mobile App,Debit Card,0,0,TXN_105854,CUST_15854
64,Checking,Transfer,Entertainment,62.51,23480.99,23418.48,22,Toronto,Mobile App,UPI / Wallet,0,0,TXN_101697,CUST_11697
21,Savings,Transfer,Electronics,182.21,6922.83,6740.62,11,Mumbai,Mobile App,Debit Card,0,0,TXN_106344,CUST_16344
27,Checking,Payment,Retail,198.95,19888.37,19689.42,8,Singapore,ATM,Wire Transfer,0,0,TXN_101016,CUST_11016
19,Savings,Withdrawal,Travel,372.94,7746.48,7373.54,22,Berlin,POS Terminal,Wire Transfer,0,0,TXN_100116,CUST_10116
55,Credit,Transfer,Retail,202.46,24122.21,23919.75,7,Tokyo,Web Browser,Debit Card,0,0,TXN_105962,CUST_15962
26,Business,Transfer,Groceries,88.73,25363.31,25274.58,5,Toronto,Mobile App,Wire Transfer,0,0,TXN_104794,CUST_14794
19,Checking,Transfer,Retail,80.2,23644.64,23564.44,21,Mumbai,Mobile App,UPI / Wallet,0,1,TXN_103384,CUST_13384
22,Checking,Transfer,Entertainment,73.36,16847.08,16773.72,15,Tokyo,Mobile App,Debit Card,0,0,TXN_106698,CUST_16698
43,Savings,Transfer,Utilities,122.09,17100.1,16978.01,3,Singapore,POS Terminal,Wire Transfer,0,0,TXN_105024,CUST_15024
53,Savings,Deposit,Utilities,313.11,19107.28,18794.17,20,London,Web Browser,Debit Card,0,0,TXN_103270,CUST_13270
43,Checking,Transfer,Travel,151.51,18103.46,17951.95,6,Tokyo,Mobile App,Debit Card,0,0,TXN_102420,CUST_12420
30,Business,Transfer,Travel,113.54,26434.84,26321.3,13,Singapore,POS Terminal,UPI / Wallet,1,0,TXN_102603,CUST_12603
64,Checking,Withdrawal,Groceries,2.5,13125.23,13122.73,15,Singapore,ATM,UPI / Wallet,1,0,TXN_101901,CUST_11901
30,Checking,Transfer,Utilities,226.97,20433.15,20206.18,1,Toronto,ATM,Debit Card,0,0,TXN_105915,CUST_15915
18,Savings,Payment,Entertainment,4.4,25438.29,25433.89,7,Mumbai,ATM,Wire Transfer,0,0,TXN_101730,CUST_11730
43,Checking,Transfer,Entertainment,16.82,23115.17,23098.35,20,Toronto,Web Browser,Wire Transfer,0,1,TXN_106320,CUST_16320
19,Checking,Transfer,Electronics,48.55,23071.29,23022.74,9,Tokyo,ATM,Debit Card,0,0,TXN_103593,CUST_13593
19,Checking,Payment,Travel,100.01,21378.04,21278.03,8,Berlin,ATM,Wire Transfer,0,0,TXN_103718,CUST_13718
18,Checking,Payment,Groceries,632.25,22845.21,22212.96,11,Tokyo,ATM,Debit Card,0,0,TXN_105490,CUST_15490
59,Business,Transfer,Entertainment,142.54,24811.46,24668.92,13,Tokyo,Web Browser,Wire Transfer,0,0,TXN_105072,CUST_15072
51,Savings,Deposit,Retail,26.14,25862.88,25836.74,0,Tokyo,Mobile App,Debit Card,1,0,TXN_102118,CUST_12118
25,Savings,Withdrawal,Utilities,19.5,26185.32,26165.82,13,Toronto,Mobile App,UPI / Wallet,0,0,TXN_104087,CUST_14087
59,Checking,Transfer,Entertainment,170.39,24475.55,24305.16,10,Toronto,Mobile App,Debit Card,0,0,TXN_103233,CUST_13233
42,Checking,Deposit,Groceries,25.11,4671.89,4646.78,17,Berlin,ATM,Wire Transfer,0,0,TXN_104072,CUST_14072
67,Savings,Payment,Entertainment,64.9,27137.1,27072.2,3,Mumbai,ATM,Debit Card,0,0,TXN_100793,CUST_10793
59,Savings,Transfer,Groceries,15.0,25424.64,25409.64,4,Tokyo,Web Browser,Debit Card,0,0,TXN_103906,CUST_13906
49,Business,Payment,Entertainment,105.65,2919.11,2813.46,23,New York,POS Terminal,Debit Card,0,0,TXN_104417,CUST_14417
32,Savings,Payment,Utilities,39.35,26330.11,26290.76,16,Tokyo,Mobile App,Credit Card,0,0,TXN_105724,CUST_15724
60,Credit,Deposit,Entertainment,526.91,16064.24,15537.33,13,Singapore,Mobile App,Debit Card,0,0,TXN_103740,CUST_13740
25,Checking,Payment,Utilities,50.96,22091.18,22040.22,0,Mumbai,Web Browser,Wire Transfer,0,0,TXN_104134,CUST_14134
50,Checking,Withdrawal,Entertainment,198.17,9720.48,9522.31,5,Tokyo,Web Browser,Credit Card,0,0,TXN_103190,CUST_13190
59,Checking,Payment,Retail,14.6,23444.0,23429.4,21,Singapore,Web Browser,UPI / Wallet,0,0,TXN_106894,CUST_16894
48,Checking,Deposit,Groceries,79.95,9878.51,9798.56,7,Tokyo,Mobile App,Debit Card,0,0,TXN_103775,CUST_13775
42,Business,Payment,Electronics,170.26,16282.3,16112.04,15,Toronto,Mobile App,Wire Transfer,0,0,TXN_106185,CUST_16185
18,Checking,Payment,Travel,371.93,25519.72,25147.79,21,Singapore,Mobile App,Debit Card,1,0,TXN_106189,CUST_16189
56,Savings,Transfer,Travel,86.74,14025.56,13938.82,12,Tokyo,POS Terminal,Wire Transfer,0,0,TXN_101402,CUST_11402
45,Checking,Payment,Groceries,95.88,15000.61,14904.73,9,London,Mobile App,Debit Card,0,0,TXN_105772,CUST_15772
35,Credit,Transfer,Retail,741.58,24191.83,23450.25,13,Mumbai,Mobile App,UPI / Wallet,0,1,TXN_104146,CUST_14146
37,Checking,Payment,Electronics,256.18,15779.75,15523.57,23,Toronto,POS Terminal,Wire Transfer,0,0,TXN_105293,CUST_15293
37,Savings,Withdrawal,Entertainment,269.68,24638.56,24368.88,20,New York,POS Terminal,Debit Card,1,0,TXN_105449,CUST_15449
46,Checking,Transfer,Travel,152.83,22910.45,22757.62,0,Tokyo,ATM,Wire Transfer,1,0,TXN_104722,CUST_14722
75,Credit,Transfer,Travel,149.42,20389.89,20240.47,20,Mumbai,POS Terminal,UPI / Wallet,0,0,TXN_104617,CUST_14617
65,Savings,Transfer,Groceries,32.77,20889.38,20856.61,12,Berlin,Mobile App,UPI / Wallet,0,0,TXN_103433,CUST_13433
64,Savings,Payment,Utilities,174.05,23057.56,23033.51,5,Tokyo,ATM,UPI / Wallet,1,0,TXN_104030,CUST_14030
67,Checking,Transfer,Utilities,51.78,17504.57,17452.79,7,Toronto,Web Browser,Wire Transfer,0,0,TXN_101682,CUST_11682
18,Savings,Transfer,Retail,48.92,18054.52,18005.6,1,Toronto,Mobile App,Debit Card,0,0,TXN_102238,CUST_12238
24,Checking,Payment,Groceries,382.8,25987.08,25604.28,23,Mumbai,ATM,Debit Card,0,0,TXN_100983,CUST_10983
21,Checking,Transfer,Utilities,32.48,6517.35,6484.87,21,Tokyo,Web Browser,Debit Card,0,0,TXN_105280,CUST_15280
18,Checking,Withdrawal,Entertainment,47.44,20304.56,20257.12,17,Toronto,ATM,Wire Transfer,0,0,TXN_102047,CUST_12047
69,Business,Deposit,Utilities,228.31,27511.76,27433.45,18,Tokyo,ATM,Credit Card,0,0,TXN_101864,CUST_11864
30,Checking,Transfer,Electronics,305.19,24665.72,24360.53,6,Berlin,Web Browser,Wire Transfer,0,0,TXN_100146,CUST_10146
18,Business,Withdrawal,Groceries,9.97,18741.9,18881.93,0,Tokyo,Mobile App,UPI / Wallet,0,1,TXN_106591,CUST_16591
72,Checking,Transfer,Groceries,379.16,14857.77,14478.61,18,London,Web Browser,Debit Card,0,0,TXN_105700,CUST_15700
21,Checking,Deposit,Entertainment,5.17,17085.57,17080.4,0,Tokyo,Web Browser,Wire Transfer,1,0,TXN_106290,CUST_16290
58,Savings,Deposit,Retail,222.72,9514.69,9291.97,5,Mumbai,Mobile App,UPI / Wallet,0,0,TXN_102976,CUST_12976
18,Savings,Deposit,Travel,98.66,9214.64,9115.98,23,Toronto,ATM,Wire Transfer,1,0,TXN_100227,CUST_10227
71,Checking,Deposit,Travel,566.97,14322.31,13755.34,23,Berlin,POS Terminal,UPI / Wallet,0,0,TXN_103529,CUST_13529
61,Savings,Payment,Retail,438.12,18453.12,18015.0,0,Mumbai,ATM,UPI / Wallet,0,0,TXN_105435,CUST_15435
18,Checking,Deposit,Electronics,36.38,18397.8,18361.42,11,Tokyo,Mobile App,UPI / Wallet,0,0,TXN_106734,CUST_16734
18,Savings,Payment,Travel,93.17,5124.92,5031.75,5,Tokyo,Mobile App,Debit Card,1,0,TXN_102643,CUST_12643
18,Savings,Deposit,Retail,124.25,10828.57,10854.32,16,Mumbai,POS Terminal,Debit Card,0,0,TXN_101701,CUST_11701
32,Checking,Withdrawal,Retail,594.68,26802.89,26208.21,19,Berlin,POS Terminal,Credit Card,0,0,TXN_106996,CUST_16996
31,Savings,Deposit,Retail,89.33,20414.08,20324.75,6,Mumbai,POS Terminal,Wire Transfer,1,0,TXN_103676,CUST_13676
59,Checking,Payment,Utilities,9.91,996.86,986.95,16,Berlin,POS Terminal,UPI / Wallet,0,0,TXN_106095,CUST_16095
25,Business,Transfer,Travel,275.06,11332.43,11057.37,0,Mumbai,POS Terminal,UPI / Wallet,0,1,TXN_104929,CUST_14929
26,Checking,Transfer,Retail,122.49,23819.52,23697.03,6,London,Mobile App,Debit Card,0,0,TXN_103927,CUST_13927
31,Savings,Deposit,Utilities,260.27,18627.08,18366.81,14,Tokyo,Web Browser,UPI / Wallet,0,0,TXN_102800,CUST_12800
64,Credit,Withdrawal,Entertainment,532.78,14459.43,13926.65,8,Berlin,POS Terminal,Debit Card,0,1,TXN_101407,CUST_11407
66,Checking,Transfer,Groceries,58.22,10934.51,10876.29,19,Tokyo,Web Browser,UPI / Wallet,0,0,TXN_100259,CUST_10259
57,Savings,Transfer,Travel,32.45,4423.01,4390.56,8,Mumbai,Mobile App,Wire Transfer,0,0,TXN_101084,CUST_11084
20,Savings,Payment,Groceries,56.79,4370.72,4313.93,9,Tokyo,Web Browser,Debit Card,1,0,TXN_105751,CUST_15751
62,Savings,Withdrawal,Entertainment,72.04,19447.88,19375.84,7,Mumbai,Mobile App,Credit Card,1,0,TXN_103767,CUST_13767
59,Checking,Payment,Electronics,80.86,19806.47,19725.61,1,Toronto,Mobile App,UPI / Wallet,0,0,TXN_101545,CUST_11545
38,Credit,Transfer,Groceries,58.13,1475.8,1417.67,9,Berlin,POS Terminal,Credit Card,0,1,TXN_103476,CUST_13476
45,Checking,Transfer,Electronics,64.66,9559.9,9495.24,18,Tokyo,Mobile App,Credit Card,1,0,TXN_101911,CUST_11911
40,Savings,Payment,Entertainment,62.26,25478.34,25566.08,21,Tokyo,Mobile App,Credit Card,0,0,TXN_101260,CUST_11260
62,Savings,Transfer,Travel,67.8,23338.16,23270.36,12,Berlin,POS Terminal,UPI / Wallet,1,0,TXN_104978,CUST_14978
53,Credit,Withdrawal,Retail,178.6,2848.58,2669.98,15,Tokyo,Mobile App,Debit Card,0,1,TXN_100474,CUST_10474
32,Checking,Transfer,Groceries,104.3,19853.42,19899.12,12,Berlin,ATM,Debit Card,0,0,TXN_105783,CUST_15783
42,Savings,Transfer,Travel,125.92,21758.78,21632.86,0,London,Web Browser,UPI / Wallet,0,0,TXN_105676,CUST_15676
23,Business,Transfer,Travel,885.36,28287.66,27402.3,21,Mumbai,ATM,Credit Card,0,0,TXN_106367,CUST_16367
45,Savings,Withdrawal,Travel,46.4,26318.64,26272.24,15,New York,Web Browser,Debit Card,0,0,TXN_105334,CUST_15334
31,Savings,Payment,Groceries,199.97,19603.97,19404.0,12,Singapore,Web Browser,Debit Card,0,0,TXN_106500,CUST_16500
73,Credit,Withdrawal,Entertainment,267.82,20230.46,19962.64,19,Mumbai,Mobile App,Debit Card,0,0,TXN_105255,CUST_15255
71,Credit,Transfer,Retail,342.8,26987.02,26644.22,23,Mumbai,Web Browser,UPI / Wallet,0,0,TXN_101686,CUST_11686
38,Checking,Payment,Retail,95.48,14003.91,13908.43,15,Tokyo,Mobile App,Credit Card,0,0,TXN_103719,CUST_13719
21,Savings,Withdrawal,Groceries,112.26,18298.66,18186.4,12,London,Mobile App,Wire Transfer,0,0,TXN_104418,CUST_14418
62,Business,Transfer,Entertainment,391.2,5883.97,5492.77,20,Mumbai,Mobile App,Wire Transfer,0,0,TXN_102609,CUST_12609
25,Checking,Withdrawal,Electronics,114.67,25162.59,25047.92,14,Toronto,POS Terminal,Debit Card,0,0,TXN_101533,CUST_11533
61,Credit,Transfer,Retail,478.97,23140.9,22811.93,15,Berlin,POS Terminal,Credit Card,0,0,TXN_106757,CUST_16757
29,Checking,Transfer,Travel,251.59,19675.27,19423.68,1,Tokyo,ATM,Wire Transfer,0,0,TXN_106479,CUST_16479
18,Credit,Payment,Groceries,484.35,23326.95,22842.6,13,London,Mobile App,UPI / Wallet,0,0,TXN_102527,CUST_12527
74,Credit,Transfer,Travel,252.63,21546.76,21294.13,4,Toronto,Mobile App,UPI / Wallet,0,0,TXN_106994,CUST_16994
52,Checking,Transfer,Retail,49.75,4402.99,4353.24,21,New York,ATM,Credit Card,1,0,TXN_101531,CUST_11531
69,Checking,Deposit,Travel,31.33,24450.33,24419.0,6,Berlin,Mobile App,Credit Card,0,0,TXN_102162,CUST_12162
21,Checking,Payment,Travel,335.91,24805.03,24469.12,14,London,POS Terminal,Credit Card,0,0,TXN_102491,CUST_12491
18,Credit,Transfer,Retail,40.77,24330.55,24289.78,11,New York,Web Browser,Credit Card,0,0,TXN_101416,CUST_11416
79,Savings,Deposit,Entertainment,308.97,18848.57,18539.6,2,Toronto,Web Browser,Debit Card,0,0,TXN_100235,CUST_10235
32,Savings,Withdrawal,Groceries,7.69,24941.25,25083.56,0,Berlin,Web Browser,Debit Card,1,0,TXN_106172,CUST_16172
18,Checking,Deposit,Travel,79.76,9769.23,9689.47,12,New York,Mobile App,Wire Transfer,0,0,TXN_104423,CUST_14423
61,Credit,Payment,Retail,8.39,24209.81,24201.42,7,Berlin,ATM,Wire Transfer,0,1,TXN_100897,CUST_10897
29,Savings,Deposit,Groceries,31.68,20247.33,20365.65,1,Tokyo,Mobile App,Debit Card,0,0,TXN_100398,CUST_10398
44,Credit,Transfer,Retail,518.48,21526.15,21007.67,20,New York,Web Browser,Wire Transfer,0,0,TXN_105784,CUST_15784
19,Savings,Deposit,Utilities,46.47,24337.61,24291.14,21,Toronto,Mobile App,Credit Card,1,0,TXN_104430,CUST_14430
63,Savings,Transfer,Electronics,21.59,12586.92,12565.33,0,Berlin,Web Browser,Debit Card,0,0,TXN_100526,CUST_10526
20,Savings,Payment,Entertainment,106.27,3560.81,3454.54,9,Tokyo,ATM,Debit Card,0,0,TXN_106480,CUST_16480
37,Business,Deposit,Travel,260.0,26082.31,25822.31,1,Tokyo,POS Terminal,UPI / Wallet,0,0,TXN_105061,CUST_15061
18,Savings,Transfer,Utilities,12.62,12351.12,12338.5,9,Tokyo,ATM,Debit Card,0,0,TXN_103258,CUST_13258
59,Business,Payment,Travel,76.92,12774.64,12697.72,6,Mumbai,Mobile App,Credit Card,0,0,TXN_106465,CUST_16465
61,Savings,Withdrawal,Retail,120.47,25249.45,25128.98,12,Berlin,Mobile App,Debit Card,0,0,TXN_100549,CUST_10549
58,Credit,Transfer,Groceries,327.09,22190.5,21863.41,17,Mumbai,Mobile App,Debit Card,0,1,TXN_101884,CUST_11884
20,Savings,Withdrawal,Electronics,59.93,23615.75,23555.82,14,Berlin,ATM,Debit Card,0,1,TXN_103200,CUST_13200
39,Savings,Withdrawal,Travel,48.27,21896.19,21847.92,1,Tokyo,POS Terminal,UPI / Wallet,0,0,TXN_102823,CUST_12823
56,Savings,Transfer,Travel,99.61,22228.99,22129.38,1,Singapore,Web Browser,Debit Card,0,1,TXN_101572,CUST_11572
41,Savings,Withdrawal,Electronics,24.72,21084.29,21059.57,1,Berlin,Mobile App,Debit Card,0,0,TXN_103325,CUST_13325
55,Savings,Deposit,Electronics,10.25,13923.05,13912.8,7,Berlin,POS Terminal,Debit Card,1,0,TXN_101467,CUST_11467
44,Credit,Transfer,Entertainment,131.81,25684.33,25552.52,23,Berlin,Mobile App,Debit Card,0,0,TXN_102767,CUST_12767
59,Business,Transfer,Retail,201.49,18720.47,18518.98,18,New York,POS Terminal,Wire Transfer,0,0,TXN_106778,CUST_16778
27,Savings,Deposit,Groceries,247.87,19980.02,19732.15,14,Berlin,ATM,UPI / Wallet,0,0,TXN_104157,CUST_14157
29,Savings,Payment,Entertainment,22.98,20764.07,20741.09,19,Tokyo,Mobile App,Wire Transfer,0,0,TXN_103443,CUST_13443
64,Checking,Deposit,Travel,16.37,20226.85,20210.48,13,Mumbai,ATM,Debit Card,0,0,TXN_102627,CUST_12627
22,Savings,Deposit,Entertainment,284.53,8274.26,7989.73,8,Tokyo,POS Terminal,UPI / Wallet,1,0,TXN_101358,CUST_11358
62,Savings,Payment,Groceries,248.72,20355.68,20106.96,4,Tokyo,Web Browser,Wire Transfer,0,1,TXN_100906,CUST_10906
53,Business,Transfer,Travel,13.8,18243.01,18229.21,3,Mumbai,Web Browser,UPI / Wallet,0,0,TXN_103683,CUST_13683
24,Checking,Transfer,Electronics,18.45,26610.27,26591.82,9,Mumbai,Mobile App,UPI / Wallet,0,0,TXN_101166,CUST_11166
49,Savings,Transfer,Groceries,625.43,8270.97,7645.54,1,Mumbai,Web Browser,Debit Card,0,0,TXN_106666,CUST_16666
18,Savings,Payment,Groceries,23.66,22235.26,22211.6,17,Singapore,POS Terminal,Debit Card,0,0,TXN_101721,CUST_11721
19,Savings,Payment,Travel,553.43,17462.93,16909.5,0,Mumbai,Mobile App,Debit Card,0,0,TXN_105551,CUST_15551
33,Savings,Transfer,Electronics,266.62,25193.05,24926.43,1,Tokyo,Web Browser,UPI / Wallet,0,0,TXN_102161,CUST_12161
43,Checking,Transfer,Groceries,51.14,17648.94,17597.8,6,Mumbai,Mobile App,Wire Transfer,0,0,TXN_106786,CUST_16786
35,Savings,Payment,Retail,378.49,16681.67,16303.18,22,Singapore,Mobile App,Wire Transfer,0,0,TXN_104523,CUST_14523
19,Credit,Transfer,Utilities,85.14,23354.69,23269.55,9,Berlin,Mobile App,Debit Card,0,0,TXN_101032,CUST_11032
64,Credit,Deposit,Entertainment,61.53,19696.06,19634.53,7,Toronto,Mobile App,Credit Card,0,0,TXN_100576,CUST_10576
26,Checking,Transfer,Entertainment,48.66,4258.75,4210.09,23,Toronto,ATM,UPI / Wallet,0,0,TXN_100564,CUST_10564
22,Savings,Payment,Entertainment,337.29,9226.39,8889.1,11,Tokyo,POS Terminal,Debit Card,0,0,TXN_101096,CUST_11096
19,Checking,Transfer,Electronics,30.19,10234.67,10204.48,4,Tokyo,Web Browser,Credit Card,0,0,TXN_103184,CUST_13184
72,Savings,Withdrawal,Groceries,125.43,27617.83,27492.4,17,New York,Mobile App,Credit Card,0,0,TXN_103548,CUST_13548
55,Checking,Transfer,Electronics,296.49,12196.31,11899.82,16,Tokyo,ATM,Debit Card,0,0,TXN_101796,CUST_11796
30,Savings,Withdrawal,Utilities,39.31,21729.38,21690.07,3,Mumbai,Web Browser,Wire Transfer,0,0,TXN_105393,CUST_15393
67,Savings,Transfer,Entertainment,84.6,19750.56,19665.96,20,Toronto,POS Terminal,Debit Card,0,0,TXN_105339,CUST_15339
22,Savings,Withdrawal,Entertainment,94.97,10127.75,10032.78,5,Mumbai,Mobile App,UPI / Wallet,0,0,TXN_102255,CUST_12255
66,Credit,Withdrawal,Travel,268.59,24753.16,24484.57,13,Singapore,Mobile App,Debit Card,0,0,TXN_102580,CUST_12580
18,Savings,Payment,Entertainment,38.7,19266.99,19228.29,2,New York,Mobile App,Debit Card,0,0,TXN_106842,CUST_16842
18,Savings,Transfer,Entertainment,17.71,7169.73,7152.02,5,Berlin,Web Browser,Debit Card,0,0,TXN_105021,CUST_15021
23,Credit,Payment,Groceries,28.44,24648.44,24620.0,18,New York,Mobile App,UPI / Wallet,1,0,TXN_102848,CUST_12848
63,Checking,Withdrawal,Groceries,12.73,22358.98,22346.25,5,Tokyo,Web Browser,Wire Transfer,0,0,TXN_103640,CUST_13640
18,Savings,Deposit,Groceries,288.35,2425.41,2137.06,22,London,ATM,Debit Card,0,0,TXN_103298,CUST_13298
18,Business,Payment,Entertainment,92.02,5998.7,5906.68,4,Berlin,Web Browser,Wire Transfer,0,0,TXN_100634,CUST_10634
58,Savings,Payment,Retail,109.55,10868.23,10758.68,11,Singapore,POS Terminal,UPI / Wallet,0,0,TXN_102503,CUST_12503
39,Savings,Payment,Retail,88.64,22585.42,22496.78,4,Berlin,ATM,Debit Card,0,1,TXN_102717,CUST_12717
45,Credit,Payment,Groceries,107.02,7929.33,7822.31,19,Mumbai,POS Terminal,UPI / Wallet,0,0,TXN_102768,CUST_12768
18,Checking,Withdrawal,Electronics,36.29,20698.57,20662.28,4,New York,Web Browser,Debit Card,0,0,TXN_100859,CUST_10859
30,Checking,Transfer,Entertainment,0.96,4945.94,4944.98,23,Mumbai,Mobile App,Credit Card,0,0,TXN_103968,CUST_13968
49,Checking,Payment,Travel,315.28,26745.06,26429.78,8,Mumbai,Mobile App,UPI / Wallet,0,0,TXN_102263,CUST_12263
30,Business,Payment,Groceries,61.69,19328.52,19266.83,13,Toronto,Web Browser,Debit Card,0,1,TXN_101983,CUST_11983
44,Checking,Deposit,Travel,78.73,18534.88,18456.15,8,Tokyo,POS Terminal,UPI / Wallet,0,1,TXN_106708,CUST_16708
58,Savings,Withdrawal,Groceries,8.88,23851.93,23843.05,9,Berlin,ATM,Wire Transfer,0,0,TXN_104512,CUST_14512
33,Savings,Payment,Electronics,86.57,21110.39,21023.82,8,Tokyo,Web Browser,UPI / Wallet,0,0,TXN_103555,CUST_13555
46,Business,Transfer,Entertainment,63.19,19767.24,19704.05,7,Tokyo,Mobile App,Debit Card,0,0,TXN_103072,CUST_13072
18,Credit,Transfer,Utilities,615.25,14533.93,13918.68,3,Singapore,ATM,Debit Card,0,0,TXN_102318,CUST_12318
66,Savings,Transfer,Electronics,8.83,18882.45,19023.62,1,Singapore,POS Terminal,Credit Card,0,1,TXN_100646,CUST_10646
18,Business,Payment,Entertainment,190.21,23670.24,23480.03,16,Singapore,Mobile App,Credit Card,0,0,TXN_104589,CUST_14589
26,Checking,Deposit,Utilities,43.62,23536.97,23493.35,1,Tokyo,ATM,Debit Card,0,0,TXN_100680,CUST_10680
18,Checking,Withdrawal,Entertainment,269.46,19402.03,19132.57,13,Tokyo,POS Terminal,Wire Transfer,0,0,TXN_100256,CUST_10256
66,Credit,Payment,Travel,62.62,6454.82,6392.2,21,Berlin,ATM,Wire Transfer,1,0,TXN_106511,CUST_16511
54,Savings,Withdrawal,Groceries,37.51,13220.16,13182.65,10,Singapore,Web Browser,Wire Transfer,0,0,TXN_105952,CUST_15952
18,Savings,Payment,Entertainment,84.14,17531.86,17447.72,9,Tokyo,Mobile App,Wire Transfer,0,0,TXN_102799,CUST_12799
18,Savings,Transfer,Travel,0.08,25667.13,25817.05,12,Mumbai,Mobile App,Debit Card,0,0,TXN_100777,CUST_10777
51,Savings,Transfer,Travel,22.2,20804.68,20782.48,21,Toronto,Web Browser,Wire Transfer,0,1,TXN_104818,CUST_14818
21,Savings,Withdrawal,Retail,18.34,15327.06,15308.72,21,Toronto,Mobile App,UPI / Wallet,0,0,TXN_101960,CUST_11960
18,Savings,Transfer,Entertainment,150.36,24850.78,24700.42,6,Berlin,Web Browser,Credit Card,1,0,TXN_105358,CUST_15358
46,Business,Transfer,Electronics,52.32,8599.14,8546.82,9,Mumbai,Mobile App,Credit Card,0,0,TXN_100176,CUST_10176
48,Credit,Payment,Entertainment,1.5,15529.02,15677.52,13,New York,ATM,UPI / Wallet,0,0,TXN_104532,CUST_14532
25,Savings,Withdrawal,Retail,30.06,20160.23,20130.17,18,Toronto,ATM,Debit Card,0,0,TXN_100540,CUST_10540
25,Checking,Payment,Groceries,97.49,13759.93,13662.44,9,Tokyo,Web Browser,Debit Card,0,0,TXN_104076,CUST_14076
47,Savings,Deposit,Groceries,65.88,13825.97,13760.09,23,Tokyo,Web Browser,Credit Card,0,0,TXN_105200,CUST_15200
40,Savings,Deposit,Electronics,123.73,19641.78,19518.05,13,New York,Mobile App,Wire Transfer,0,1,TXN_100728,CUST_10728
38,Checking,Transfer,Retail,46.83,20722.57,20675.74,21,Berlin,Mobile App,Wire Transfer,1,0,TXN_104615,CUST_14615
55,Business,Transfer,Groceries,50.03,12866.15,12816.12,17,New York,Mobile App,Debit Card,0,0,TXN_104181,CUST_14181
53,Checking,Transfer,Retail,631.89,22403.72,21771.83,1,Berlin,ATM,Debit Card,0,0,TXN_103572,CUST_13572
34,Savings,Transfer,Entertainment,82.03,20757.89,20825.86,13,Toronto,ATM,UPI / Wallet,0,0,TXN_106423,CUST_16423
25,Savings,Withdrawal,Utilities,31.17,12575.31,12544.14,1,London,ATM,Wire Transfer,0,0,TXN_103331,CUST_13331
30,Savings,Transfer,Entertainment,12.48,26183.91,26171.43,22,Singapore,Mobile App,Debit Card,0,0,TXN_103509,CUST_13509
46,Business,Transfer,Groceries,21.54,10323.09,10301.55,22,Mumbai,Mobile App,Wire Transfer,0,0,TXN_105941,CUST_15941
39,Checking,Withdrawal,Electronics,43.45,21510.64,21467.19,18,New York,Web Browser,Wire Transfer,0,0,TXN_105020,CUST_15020
18,Checking,Deposit,Entertainment,517.97,11498.87,10980.9,15,Mumbai,POS Terminal,UPI / Wallet,0,0,TXN_101452,CUST_11452
54,Checking,Transfer,Entertainment,127.87,12594.66,12466.79,12,Singapore,ATM,UPI / Wallet,0,0,TXN_105396,CUST_15396
55,Credit,Payment,Groceries,319.41,12356.99,12187.58,15,Tokyo,Web Browser,UPI / Wallet,0,0,TXN_101758,CUST_11758
41,Business,Payment,Utilities,2.54,23358.31,23355.77,9,Tokyo,Mobile App,UPI / Wallet,0,0,TXN_102660,CUST_12660
37,Credit,Deposit,Groceries,86.95,5815.02,5728.07,18,Singapore,Web Browser,Credit Card,0,0,TXN_104650,CUST_14650
75,Savings,Payment,Electronics,141.88,27213.32,27071.44,4,New York,Web Browser,Credit Card,0,0,TXN_103758,CUST_13758
37,Savings,Deposit,Travel,66.49,15461.66,15395.17,14,Tokyo,POS Terminal,Debit Card,0,0,TXN_102294,CUST_12294
58,Checking,Payment,Electronics,100.55,22630.91,22530.36,7,Tokyo,Mobile App,UPI / Wallet,0,0,TXN_103003,CUST_13003
65,Checking,Deposit,Groceries,173.74,1471.86,1298.12,20,Toronto,ATM,Wire Transfer,0,0,TXN_106530,CUST_16530
64,Checking,Deposit,Electronics,4.94,15678.79,15673.85,2,Berlin,Web Browser,Wire Transfer,0,0,TXN_103414,CUST_13414
27,Checking,Payment,Entertainment,358.78,6473.46,6264.68,13,Singapore,Mobile App,Wire Transfer,0,0,TXN_105524,CUST_15524
31,Savings,Payment,Groceries,199.97,19603.97,19404.0,12,Singapore,Web Browser,Debit Card,0,0,TXN_106500,CUST_16500
18,Savings,Transfer,Entertainment,204.18,24385.59,24181.41,1,Berlin,Mobile App,Wire Transfer,0,0,TXN_101615,CUST_11615
18,Credit,Transfer,Groceries,131.48,13454.01,13322.53,2,Tokyo,POS Terminal,UPI / Wallet,0,0,TXN_102740,CUST_12740
22,Savings,Payment,Travel,10.95,19939.56,19928.61,13,London,Mobile App,Debit Card,0,0,TXN_102804,CUST_12804
61,Savings,Payment,Utilities,499.88,21660.28,21160.4,7,Mumbai,Web Browser,Wire Transfer,0,0,TXN_104122,CUST_14122
44,Credit,Withdrawal,Groceries,33.09,23251.49,23368.4,0,New York,Web Browser,Debit Card,0,1,TXN_100026,CUST_10026
19,Credit,Payment,Travel,1.71,5417.27,5415.56,21,London,ATM,Credit Card,0,0,TXN_105171,CUST_15171
73,Savings,Deposit,Travel,146.63,2882.83,2736.2,0,Berlin,Web Browser,UPI / Wallet,1,0,TXN_101401,CUST_11401
36,Savings,Payment,Travel,49.59,13682.46,13632.87,15,Berlin,ATM,Credit Card,0,0,TXN_101057,CUST_11057
29,Savings,Transfer,Utilities,43.87,14572.26,14528.39,16,Toronto,POS Terminal,Debit Card,0,0,TXN_106316,CUST_16316
69,Business,Deposit,Utilities,228.31,27511.76,27283.45,18,Tokyo,ATM,Credit Card,0,0,TXN_101864,CUST_11864
58,Credit,Withdrawal,Entertainment,143.77,10543.49,10399.72,23,Tokyo,Mobile App,Wire Transfer,0,0,TXN_100741,CUST_10741
18,Checking,Payment,Travel,121.55,21950.35,21828.8,21,Toronto,POS Terminal,Debit Card,0,0,TXN_105927,CUST_15927
62,Business,Transfer,Groceries,10.71,14253.91,14393.2,17,New York,Web Browser,Credit Card,0,1,TXN_102615,CUST_12615
68,Checking,Transfer,Utilities,162.34,25669.41,25507.07,14,London,Mobile App,Wire Transfer,0,0,TXN_101781,CUST_11781
18,Savings,Transfer,Groceries,342.17,22288.29,21946.12,22,Berlin,ATM,Debit Card,0,0,TXN_101776,CUST_11776
44,Checking,Deposit,Travel,21.3,26989.5,26968.2,5,New York,POS Terminal,Wire Transfer,0,0,TXN_103277,CUST_13277
63,Savings,Deposit,Travel,89.54,17351.73,17262.19,21,Berlin,Web Browser,UPI / Wallet,0,0,TXN_103474,CUST_13474
18,Credit,Transfer,Travel,487.19,25232.82,24745.63,5,Toronto,Web Browser,Debit Card,0,0,TXN_105090,CUST_15090
49,Checking,Payment,Retail,72.33,26518.44,26446.11,10,New York,Mobile App,Credit Card,0,0,TXN_100038,CUST_10038
43,Savings,Transfer,Retail,345.3,27311.34,26966.04,3,Mumbai,POS Terminal,Credit Card,0,0,TXN_100205,CUST_10205
18,Savings,Transfer,Travel,0.08,25667.13,25667.05,12,Mumbai,Mobile App,Debit Card,0,0,TXN_100777,CUST_10777
72,Savings,Withdrawal,Retail,46.15,6917.11,6870.96,2,New York,ATM,Wire Transfer,0,1,TXN_100942,CUST_10942
52,Business,Deposit,Utilities,282.2,5470.65,5188.45,8,Singapore,ATM,Debit Card,0,0,TXN_106641,CUST_16641
67,Credit,Transfer,Retail,159.91,25878.67,25718.76,6,Singapore,Mobile App,UPI / Wallet,0,0,TXN_100587,CUST_10587
18,Savings,Deposit,Utilities,26.39,16838.07,16811.68,10,Berlin,Web Browser,UPI / Wallet,0,0,TXN_103061,CUST_13061
60,Checking,Transfer,Retail,3.38,23063.18,23059.8,12,Singapore,Web Browser,Credit Card,0,0,TXN_101965,CUST_11965
66,Savings,Payment,Entertainment,386.5,22530.29,22143.79,16,Berlin,Mobile App,Debit Card,0,0,TXN_105505,CUST_15505
67,Checking,Transfer,Utilities,51.78,17504.57,17452.79,7,Toronto,Web Browser,Wire Transfer,0,0,TXN_101682,CUST_11682
48,Savings,Withdrawal,Groceries,54.5,15749.84,15695.34,7,Mumbai,Web Browser,UPI / Wallet,0,0,TXN_101246,CUST_11246
59,Business,Withdrawal,Groceries,66.0,20206.22,20140.22,23,Tokyo,ATM,Wire Transfer,0,0,TXN_104163,CUST_14163
70,Checking,Transfer,Utilities,122.34,21769.2,21646.86,6,Toronto,Web Browser,Debit Card,0,0,TXN_105224,CUST_15224
57,Savings,Withdrawal,Utilities,295.43,20269.97,19974.54,23,Mumbai,Mobile App,Debit Card,0,0,TXN_105340,CUST_15340
65,Savings,Transfer,Groceries,49.42,24213.29,24313.87,16,London,POS Terminal,UPI / Wallet,0,0,TXN_102786,CUST_12786
27,Checking,Transfer,Travel,255.58,20614.1,20358.52,9,Berlin,POS Terminal,Wire Transfer,0,0,TXN_105929,CUST_15929
62,Checking,Deposit,Utilities,27.71,23916.62,23888.91,0,Toronto,Mobile App,Wire Transfer,0,1,TXN_105793,CUST_15793
18,Checking,Deposit,Retail,112.42,1839.33,1726.91,19,Tokyo,POS Terminal,Wire Transfer,0,0,TXN_100913,CUST_10913
50,Checking,Payment,Utilities,296.01,22810.52,22514.51,9,London,Mobile App,Debit Card,0,0,TXN_104679,CUST_14679
35,Savings,Deposit,Entertainment,340.72,16524.27,16183.55,20,Mumbai,Mobile App,Debit Card,0,0,TXN_102734,CUST_12734
19,Savings,Transfer,Entertainment,273.32,15331.67,15058.35,18,Berlin,Web Browser,UPI / Wallet,0,0,TXN_103454,CUST_13454
65,Checking,Deposit,Retail,148.4,4249.35,4100.95,0,Tokyo,Mobile App,UPI / Wallet,0,0,TXN_105535,CUST_15535
18,Savings,Payment,Utilities,83.03,19782.61,19699.58,23,Tokyo,Mobile App,Debit Card,0,0,TXN_104190,CUST_14190
61,Credit,Transfer,Groceries,100.89,20786.41,20685.52,18,Singapore,Web Browser,Debit Card,0,0,TXN_102045,CUST_12045
18,Business,Payment,Entertainment,49.23,24764.78,24715.55,23,Tokyo,ATM,Credit Card,0,0,TXN_101448,CUST_11448
70,Savings,Withdrawal,Groceries,20.76,7376.3,7355.54,20,Tokyo,Mobile App,Credit Card,0,0,TXN_104731,CUST_14731
62,Savings,Deposit,Electronics,23.4,22634.06,22610.66,17,Tokyo,POS Terminal,Credit Card,0,0,TXN_106322,CUST_16322
24,Checking,Withdrawal,Groceries,90.95,18228.16,18137.21,5,London,ATM,Wire Transfer,0,0,TXN_103060,CUST_13060
18,Business,Transfer,Utilities,114.41,25854.25,25739.84,5,London,POS Terminal,UPI / Wallet,0,0,TXN_101720,CUST_11720
34,Credit,Payment,Entertainment,29.55,4316.85,4287.3,9,New York,Web Browser,UPI / Wallet,0,0,TXN_104353,CUST_14353
48,Checking,Deposit,Retail,372.94,18677.44,18304.5,5,Singapore,Web Browser,Debit Card,1,0,TXN_101053,CUST_11053
66,Checking,Payment,Entertainment,162.61,19465.02,19452.41,22,Mumbai,Web Browser,Debit Card,1,0,TXN_105781,CUST_15781
18,Savings,Payment,Travel,549.91,25204.26,24654.35,6,Tokyo,Mobile App,UPI / Wallet,0,0,TXN_101638,CUST_11638
18,Business,Payment,Travel,111.18,25031.64,24920.46,1,Berlin,ATM,Debit Card,0,0,TXN_106728,CUST_16728
59,Business,Transfer,Travel,76.88,26897.15,26820.27,18,Tokyo,ATM,UPI / Wallet,0,0,TXN_103822,CUST_13822
61,Business,Payment,Retail,139.96,22850.05,22710.09,6,Toronto,POS Terminal,UPI / Wallet,0,0,TXN_106259,CUST_16259
51,Savings,Transfer,Retail,357.12,11970.84,11613.72,7,Berlin,ATM,Debit Card,0,0,TXN_104075,CUST_14075
18,Checking,Transfer,Groceries,316.47,16357.97,16041.5,9,Tokyo,Web Browser,Debit Card,0,0,TXN_101071,CUST_11071
44,Savings,Transfer,Groceries,183.71,23933.45,23749.74,9,Tokyo,ATM,Wire Transfer,0,0,TXN_106675,CUST_16675
22,Credit,Transfer,Groceries,124.24,16558.64,16434.4,23,Mumbai,Web Browser,Wire Transfer,0,0,TXN_105212,CUST_15212
76,Checking,Transfer,Electronics,42.21,21134.8,21092.59,2,Mumbai,Mobile App,UPI / Wallet,0,0,TXN_105715,CUST_15715
54,Checking,Deposit,Retail,22.02,22605.66,22583.64,20,Berlin,Web Browser,Debit Card,0,0,TXN_101069,CUST_11069
25,Checking,Withdrawal,Utilities,184.35,25101.21,24916.86,20,Toronto,Web Browser,Wire Transfer,0,0,TXN_101301,CUST_11301
23,Savings,Transfer,Entertainment,519.38,3274.73,2755.35,23,New York,POS Terminal,Debit Card,0,0,TXN_103094,CUST_13094
21,Savings,Transfer,Utilities,61.31,25389.42,25328.11,0,Singapore,Mobile App,UPI / Wallet,0,0,TXN_100486,CUST_10486
44,Credit,Payment,Travel,52.01,23152.56,23100.55,23,Toronto,Mobile App,Debit Card,1,1,TXN_101954,CUST_11954
18,Savings,Withdrawal,Electronics,78.74,21834.27,21755.53,7,Tokyo,Mobile App,Wire Transfer,0,0,TXN_101265,CUST_11265
56,Savings,Transfer,Travel,74.41,20626.13,20551.72,4,New York,POS Terminal,Debit Card,0,0,TXN_105411,CUST_15411
63,Savings,Deposit,Electronics,451.25,6436.69,5985.44,17,Tokyo,Web Browser,Debit Card,0,0,TXN_101082,CUST_11082
28,Savings,Deposit,Retail,216.8,20234.66,20167.86,23,Berlin,ATM,Wire Transfer,0,1,TXN_100069,CUST_10069
67,Checking,Withdrawal,Travel,23.69,26999.34,26975.65,22,London,Mobile App,UPI / Wallet,0,0,TXN_104793,CUST_14793
40,Checking,Payment,Entertainment,3.43,15529.48,15526.05,16,New York,POS Terminal,UPI / Wallet,1,0,TXN_104238,CUST_14238
18,Savings,Transfer,Travel,138.25,23543.67,23555.42,11,Toronto,Mobile App,UPI / Wallet,0,0,TXN_100909,CUST_10909
24,Savings,Deposit,Groceries,20.21,18329.88,18309.67,8,New York,Mobile App,Debit Card,0,0,TXN_103135,CUST_13135
66,Checking,Transfer,Retail,244.54,9306.04,9061.5,1,Tokyo,POS Terminal,UPI / Wallet,1,0,TXN_106202,CUST_16202
77,Checking,Transfer,Electronics,6.72,21229.21,21222.49,8,Berlin,Mobile App,Debit Card,0,0,TXN_101444,CUST_11444
29,Savings,Payment,Groceries,72.05,25759.36,25837.31,0,Tokyo,ATM,Credit Card,0,0,TXN_104211,CUST_14211
22,Savings,Withdrawal,Entertainment,315.46,14686.27,14370.81,5,Singapore,Web Browser,Debit Card,0,0,TXN_104565,CUST_14565
60,Business,Deposit,Electronics,68.83,26751.3,26682.47,14,Singapore,Web Browser,Debit Card,0,0,TXN_105236,CUST_15236
35,Checking,Payment,Groceries,14.41,1202.63,1188.22,21,Tokyo,Mobile App,UPI / Wallet,1,0,TXN_106228,CUST_16228
50,Savings,Transfer,Travel,225.21,27270.92,27045.71,22,London,Mobile App,UPI / Wallet,1,0,TXN_100988,CUST_10988
54,Credit,Deposit,Retail,73.92,22301.55,22227.63,19,New York,Web Browser,Wire Transfer,0,0,TXN_104786,CUST_14786
18,Checking,Transfer,Groceries,23.41,6735.75,6712.34,0,Mumbai,Mobile App,UPI / Wallet,0,0,TXN_100211,CUST_10211
44,Savings,Payment,Groceries,49.81,26917.24,26867.43,9,Toronto,Web Browser,Debit Card,0,0,TXN_100594,CUST_10594
33,Savings,Withdrawal,Utilities,100.48,18615.33,18664.85,9,Mumbai,ATM,UPI / Wallet,0,0,TXN_101678,CUST_11678
44,Savings,Deposit,Travel,159.6,7292.84,7133.24,4,Tokyo,Mobile App,Credit Card,0,0,TXN_106006,CUST_16006
25,Savings,Transfer,Entertainment,60.01,22221.46,22161.45,7,Toronto,Mobile App,UPI / Wallet,0,0,TXN_105549,CUST_15549
55,Checking,Payment,Retail,36.78,23253.73,23216.95,0,Toronto,ATM,Wire Transfer,0,0,TXN_104326,CUST_14326
28,Savings,Transfer,Groceries,326.73,23119.42,22792.69,20,Mumbai,Mobile App,Wire Transfer,0,0,TXN_104241,CUST_14241
68,Credit,Payment,Entertainment,344.86,25146.9,24802.04,13,New York,Web Browser,UPI / Wallet,1,0,TXN_106910,CUST_16910
39,Checking,Deposit,Electronics,47.89,2796.75,2748.86,2,Tokyo,Mobile App,Debit Card,0,0,TXN_105423,CUST_15423
22,Credit,Withdrawal,Travel,142.11,22931.78,22789.67,14,Singapore,ATM,UPI / Wallet,0,0,TXN_106466,CUST_16466
18,Business,Payment,Utilities,14.86,22164.3,22149.44,13,Toronto,Mobile App,Wire Transfer,0,0,TXN_102376,CUST_12376
64,Credit,Withdrawal,Groceries,60.96,17427.67,17366.71,23,Tokyo,POS Terminal,Debit Card,0,0,TXN_101920,CUST_11920
62,Business,Payment,Utilities,34.92,6313.62,6278.7,13,Toronto,ATM,Credit Card,0,0,TXN_104439,CUST_14439
18,Checking,Payment,Electronics,115.37,11874.34,11758.97,8,New York,Web Browser,Debit Card,0,0,TXN_103913,CUST_13913
35,Credit,Transfer,Retail,0.76,22788.95,22788.19,4,Singapore,POS Terminal,Debit Card,0,1,TXN_106042,CUST_16042
62,Credit,Payment,Electronics,107.57,13557.39,13449.82,7,London,Web Browser,Credit Card,0,0,TXN_103299,CUST_13299
62,Business,Deposit,Groceries,12.49,24578.43,24565.94,2,Mumbai,POS Terminal,Debit Card,0,0,TXN_106118,CUST_16118
63,Checking,Deposit,Entertainment,109.7,27211.13,27101.43,10,Tokyo,Web Browser,Debit Card,0,1,TXN_104535,CUST_14535
25,Savings,Payment,Groceries,143.39,16161.25,16017.86,11,Tokyo,Mobile App,Wire Transfer,0,0,TXN_106763,CUST_16763
38,Savings,Deposit,Utilities,69.58,26528.2,26458.62,8,Berlin,ATM,UPI / Wallet,0,0,TXN_101317,CUST_11317
46,Savings,Withdrawal,Entertainment,30.64,19820.51,19789.87,5,Tokyo,Web Browser,Wire Transfer,0,0,TXN_100582,CUST_10582
62,Checking,Payment,Travel,87.95,26190.54,26102.59,22,Singapore,Mobile App,UPI / Wallet,0,0,TXN_101724,CUST_11724
23,Checking,Withdrawal,Travel,76.35,6738.21,6661.86,10,Tokyo,POS Terminal,Debit Card,0,0,TXN_105349,CUST_15349
68,Checking,Deposit,Entertainment,80.97,14330.7,14249.73,13,New York,Web Browser,Wire Transfer,0,0,TXN_101951,CUST_11951
18,Checking,Deposit,Utilities,163.5,25375.1,25361.6,9,Toronto,Mobile App,Debit Card,0,0,TXN_103905,CUST_13905
21,Savings,Payment,Entertainment,50.91,24257.14,24206.23,22,New York,ATM,Debit Card,1,1,TXN_106284,CUST_16284
30,Credit,Deposit,Electronics,401.89,16059.06,15657.17,6,London,Mobile App,Wire Transfer,1,0,TXN_102350,CUST_12350
61,Savings,Transfer,Groceries,125.55,26726.38,26600.83,15,Singapore,ATM,Debit Card,0,0,TXN_102944,CUST_12944
18,Savings,Transfer,Utilities,8.13,17112.17,17104.04,12,Tokyo,Web Browser,Debit Card,0,0,TXN_103328,CUST_13328
66,Checking,Deposit,Electronics,43.39,2779.3,2735.91,0,London,ATM,Debit Card,0,0,TXN_102937,CUST_12937
39,Savings,Transfer,Retail,64.58,13717.17,13652.59,23,Berlin,Web Browser,UPI / Wallet,0,0,TXN_102054,CUST_12054
57,Checking,Payment,Retail,240.15,26313.97,26073.82,13,Tokyo,Web Browser,Wire Transfer,0,0,TXN_105848,CUST_15848
53,Checking,Transfer,Entertainment,83.56,7232.01,7298.45,5,Mumbai,Mobile App,Credit Card,0,0,TXN_106226,CUST_16226
18,Checking,Withdrawal,Groceries,37.1,21397.17,21360.07,9,Mumbai,Mobile App,Debit Card,0,1,TXN_104855,CUST_14855
28,Checking,Deposit,Travel,50.58,22945.45,22894.87,11,Mumbai,Mobile App,UPI / Wallet,0,0,TXN_106731,CUST_16731
25,Checking,Deposit,Utilities,47.6,19490.72,19443.12,3,Tokyo,ATM,UPI / Wallet,0,0,TXN_101089,CUST_11089
48,Checking,Transfer,Travel,244.31,11173.37,10929.06,12,Tokyo,POS Terminal,Debit Card,0,0,TXN_101703,CUST_11703
51,Business,Transfer,Electronics,481.66,23767.36,23285.7,17,London,Mobile App,Wire Transfer,0,0,TXN_106313,CUST_16313
60,Checking,Transfer,Entertainment,80.03,23990.19,23910.16,19,Berlin,Mobile App,Debit Card,0,0,TXN_104751,CUST_14751
26,Checking,Transfer,Electronics,29.78,16770.47,16740.69,11,Berlin,Web Browser,UPI / Wallet,0,0,TXN_106579,CUST_16579
69,Credit,Payment,Groceries,65.42,14705.19,14639.77,11,Berlin,ATM,Wire Transfer,0,0,TXN_101881,CUST_11881
27,Savings,Withdrawal,Groceries,3.54,3330.83,3327.29,4,Tokyo,Mobile App,Wire Transfer,1,0,TXN_104209,CUST_14209
56,Savings,Payment,Groceries,81.45,22096.31,22014.86,13,Mumbai,ATM,Wire Transfer,0,0,TXN_106110,CUST_16110
52,Credit,Payment,Retail,20.84,23800.37,23779.53,9,Mumbai,POS Terminal,Debit Card,0,0,TXN_101106,CUST_11106
67,Checking,Transfer,Entertainment,468.3,14883.47,14415.17,15,Singapore,ATM,Debit Card,0,0,TXN_102102,CUST_12102
18,Credit,Transfer,Retail,31.77,16853.81,16822.04,21,London,Mobile App,Wire Transfer,0,0,TXN_102827,CUST_12827
64,Credit,Transfer,Electronics,1.01,22629.19,22628.18,7,Berlin,Mobile App,UPI / Wallet,0,0,TXN_101205,CUST_11205
42,Savings,Deposit,Electronics,487.64,13780.56,13292.92,22,Mumbai,ATM,Debit Card,0,0,TXN_104768,CUST_14768
68,Savings,Transfer,Retail,427.88,13500.6,13072.72,4,Toronto,POS Terminal,Debit Card,0,0,TXN_102739,CUST_12739
51,Savings,Deposit,Retail,26.14,25862.88,25836.74,0,Tokyo,Mobile App,Debit Card,1,0,TXN_102118,CUST_12118
32,Business,Deposit,Groceries,15.5,17842.54,17827.04,15,Singapore,ATM,Debit Card,0,0,TXN_106175,CUST_16175
52,Checking,Deposit,Groceries,181.18,17958.55,17777.37,7,Singapore,ATM,Debit Card,1,0,TXN_100142,CUST_10142
29,Checking,Payment,Electronics,9.94,16728.83,16718.89,23,Tokyo,Web Browser,Wire Transfer,0,0,TXN_103616,CUST_13616
71,Checking,Transfer,Entertainment,73.86,22495.73,22421.87,23,Toronto,POS Terminal,Credit Card,1,0,TXN_103568,CUST_13568
48,Business,Withdrawal,Entertainment,94.96,21916.19,21821.23,4,New York,ATM,Debit Card,0,0,TXN_104037,CUST_14037
26,Business,Payment,Entertainment,626.18,9542.54,8916.36,23,Berlin,ATM,Wire Transfer,0,0,TXN_100848,CUST_10848
33,Checking,Withdrawal,Entertainment,79.48,13421.2,13341.72,6,Toronto,Mobile App,Debit Card,0,0,TXN_105161,CUST_15161
31,Savings,Payment,Utilities,297.59,7880.38,7582.79,18,Tokyo,Web Browser,Debit Card,0,0,TXN_102847,CUST_12847
30,Checking,Transfer,Travel,161.66,162.27,0.61,10,Tokyo,POS Terminal,Debit Card,0,0,TXN_101584,CUST_11584
58,Savings,Payment,Entertainment,148.9,25851.64,25702.74,23,Tokyo,Mobile App,Debit Card,0,0,TXN_101409,CUST_11409
62,Savings,Transfer,Utilities,3.22,23580.51,23577.29,16,Mumbai,Mobile App,Credit Card,1,0,TXN_104476,CUST_14476
59,Checking,Withdrawal,Groceries,74.41,20774.57,20700.16,17,Tokyo,POS Terminal,Debit Card,0,0,TXN_105733,CUST_15733
18,Checking,Withdrawal,Entertainment,269.46,19402.03,19132.57,13,Tokyo,POS Terminal,Wire Transfer,0,0,TXN_100256,CUST_10256
51,Savings,Transfer,Electronics,443.32,26151.1,25707.78,1,Tokyo,Web Browser,Debit Card,1,0,TXN_103759,CUST_13759
18,Checking,Payment,Groceries,175.3,20941.76,20766.46,7,Berlin,POS Terminal,Credit Card,0,0,TXN_105708,CUST_15708
42,Checking,Transfer,Electronics,72.06,21934.27,21862.21,17,Tokyo,Mobile App,Debit Card,0,0,TXN_106814,CUST_16814
53,Checking,Payment,Groceries,484.83,19887.78,19402.95,23,Berlin,Mobile App,Wire Transfer,0,0,TXN_104542,CUST_14542
51,Savings,Payment,Electronics,441.48,25473.74,25032.26,0,Mumbai,ATM,Debit Card,0,0,TXN_105036,CUST_15036
75,Savings,Transfer,Groceries,6.08,25301.7,25295.62,2,Berlin,Web Browser,Wire Transfer,0,0,TXN_103753,CUST_13753
39,Checking,Deposit,Retail,161.45,19916.47,19755.02,16,Mumbai,ATM,Debit Card,0,0,TXN_103295,CUST_13295
63,Savings,Payment,Travel,314.45,22889.8,22575.35,13,London,Mobile App,Credit Card,0,0,TXN_104921,CUST_14921
31,Checking,Transfer,Groceries,294.86,20874.06,20579.2,13,Mumbai,ATM,UPI / Wallet,0,0,TXN_106909,CUST_16909
28,Savings,Transfer,Travel,117.71,23210.58,23092.87,19,New York,POS Terminal,Debit Card,0,0,TXN_105867,CUST_15867
24,Checking,Payment,Entertainment,62.0,24914.92,24852.92,14,Tokyo,Mobile App,Debit Card,0,0,TXN_102497,CUST_12497
24,Checking,Transfer,Utilities,19.21,16676.07,16656.86,0,Tokyo,ATM,Wire Transfer,0,0,TXN_100010,CUST_10010
18,Savings,Payment,Groceries,103.96,2954.45,2850.49,20,Berlin,POS Terminal,Wire Transfer,0,0,TXN_106722,CUST_16722
31,Savings,Deposit,Groceries,349.94,24725.48,24375.54,13,Mumbai,Web Browser,Credit Card,0,0,TXN_105420,CUST_15420
41,Savings,Transfer,Entertainment,182.71,25714.88,25532.17,21,Tokyo,ATM,Debit Card,1,0,TXN_105084,CUST_15084
24,Business,Withdrawal,Groceries,52.08,10374.23,10322.15,0,New York,Web Browser,UPI / Wallet,0,1,TXN_104400,CUST_14400
55,Savings,Payment,Electronics,323.98,15316.12,14992.14,0,Singapore,Web Browser,Credit Card,0,0,TXN_103413,CUST_13413
73,Savings,Transfer,Entertainment,75.29,23772.64,23697.35,8,Singapore,ATM,Wire Transfer,0,0,TXN_101903,CUST_11903
68,Checking,Transfer,Travel,213.32,25949.25,25735.93,23,Toronto,ATM,Debit Card,0,1,TXN_105898,CUST_15898
38,Credit,Withdrawal,Electronics,56.33,24316.03,24259.7,7,Singapore,Web Browser,UPI / Wallet,0,0,TXN_101065,CUST_11065
60,Savings,Payment,Utilities,311.17,24771.53,24460.36,1,Singapore,Web Browser,UPI / Wallet,0,0,TXN_104225,CUST_14225
46,Savings,Withdrawal,Groceries,66.5,19327.07,19260.57,18,Toronto,ATM,Debit Card,0,0,TXN_105521,CUST_15521
57,Checking,Payment,Travel,27.79,22801.92,22774.13,5,London,POS Terminal,Debit Card,0,0,TXN_103990,CUST_13990
41,Savings,Payment,Entertainment,109.65,22166.09,22056.44,20,Tokyo,Web Browser,Debit Card,0,0,TXN_103660,CUST_13660
68,Savings,Deposit,Entertainment,6.25,23636.34,23630.09,16,Tokyo,POS Terminal,Debit Card,0,0,TXN_103335,CUST_13335
18,Checking,Payment,Utilities,7.1,23986.53,23979.43,22,Berlin,Mobile App,UPI / Wallet,0,0,TXN_103847,CUST_13847
73,Savings,Payment,Retail,289.95,27453.59,27163.64,17,Tokyo,Web Browser,Credit Card,0,1,TXN_105137,CUST_15137
73,Checking,Transfer,Retail,72.54,23558.31,23485.77,5,Tokyo,ATM,Wire Transfer,0,0,TXN_100579,CUST_10579
43,Checking,Payment,Retail,153.09,11243.06,11089.97,10,Berlin,Mobile App,UPI / Wallet,0,0,TXN_102282,CUST_12282
18,Savings,Transfer,Retail,140.36,4779.48,4639.12,10,Tokyo,Mobile App,UPI / Wallet,0,0,TXN_101909,CUST_11909
25,Savings,Withdrawal,Retail,30.06,20160.23,20130.17,18,Toronto,ATM,Debit Card,0,0,TXN_100540,CUST_10540
48,Checking,Deposit,Travel,40.69,22622.35,22581.66,18,New York,POS Terminal,Debit Card,0,0,TXN_103345,CUST_13345
32,Business,Transfer,Travel,199.65,5093.34,4893.69,19,London,Mobile App,UPI / Wallet,0,0,TXN_100435,CUST_10435
43,Business,Transfer,Travel,25.3,20777.31,20752.01,12,Berlin,Web Browser,UPI / Wallet,0,0,TXN_101880,CUST_11880
62,Savings,Payment,Groceries,1.07,11024.1,11023.03,6,Singapore,Web Browser,Credit Card,0,0,TXN_101221,CUST_11221
74,Savings,Transfer,Utilities,215.4,27545.4,27330.0,2,Tokyo,Mobile App,UPI / Wallet,0,0,TXN_100337,CUST_10337
26,Savings,Payment,Entertainment,12.1,25038.91,25026.81,7,Berlin,Mobile App,Debit Card,0,0,TXN_100443,CUST_10443
64,Credit,Payment,Entertainment,66.58,26162.74,26096.16,6,Berlin,Web Browser,UPI / Wallet,0,0,TXN_103918,CUST_13918
33,Savings,Transfer,Entertainment,150.65,22609.18,22608.53,19,Tokyo,Web Browser,UPI / Wallet,0,0,TXN_102007,CUST_12007
22,Savings,Transfer,Electronics,19.8,17812.54,17792.74,23,Berlin,Mobile App,UPI / Wallet,0,1,TXN_103979,CUST_13979
50,Savings,Transfer,Travel,150.11,21262.45,21112.34,15,Toronto,POS Terminal,Wire Transfer,0,0,TXN_104817,CUST_14817
67,Business,Payment,Groceries,122.51,15713.46,15590.95,4,Tokyo,ATM,Credit Card,0,0,TXN_105682,CUST_15682
41,Savings,Transfer,Travel,35.96,10306.54,10270.58,16,Tokyo,Mobile App,Debit Card,0,0,TXN_104914,CUST_14914
62,Checking,Payment,Travel,151.45,16012.67,15861.22,16,Mumbai,POS Terminal,UPI / Wallet,0,0,TXN_106676,CUST_16676
66,Credit,Withdrawal,Groceries,232.36,26405.67,26173.31,18,New York,ATM,Debit Card,0,0,TXN_100574,CUST_10574
63,Savings,Transfer,Travel,67.01,12809.11,12742.1,0,Tokyo,ATM,Debit Card,0,0,TXN_102136,CUST_12136
51,Savings,Payment,Entertainment,5.0,2676.71,2671.71,13,Berlin,Mobile App,UPI / Wallet,0,0,TXN_104627,CUST_14627
18,Checking,Transfer,Groceries,64.1,24306.15,24242.05,11,Mumbai,ATM,Debit Card,0,0,TXN_105092,CUST_15092
18,Business,Transfer,Retail,62.5,20708.99,20646.49,17,Tokyo,Web Browser,Debit Card,0,0,TXN_100341,CUST_10341
22,Checking,Payment,Travel,28.76,25875.63,25846.87,23,Mumbai,Mobile App,Wire Transfer,0,0,TXN_105427,CUST_15427
43,Credit,Withdrawal,Retail,70.73,25520.12,25449.39,14,Berlin,Web Browser,Wire Transfer,0,1,TXN_103781,CUST_13781
35,Checking,Transfer,Entertainment,465.86,5950.23,5484.37,11,Mumbai,Mobile App,Wire Transfer,0,0,TXN_103172,CUST_13172
51,Checking,Payment,Utilities,502.0,26179.15,25677.15,1,Singapore,Web Browser,UPI / Wallet,1,0,TXN_100711,CUST_10711
76,Savings,Payment,Electronics,139.41,18786.45,18647.04,18,Mumbai,Web Browser,UPI / Wallet,0,0,TXN_103954,CUST_13954
22,Checking,Transfer,Groceries,7.55,23213.2,23205.65,12,Tokyo,Mobile App,UPI / Wallet,0,0,TXN_103092,CUST_13092
52,Checking,Payment,Groceries,7.94,8314.69,8306.75,19,Toronto,Mobile App,Credit Card,0,0,TXN_106599,CUST_16599
51,Checking,Payment,Utilities,109.26,10932.25,10822.99,21,Tokyo,Mobile App,UPI / Wallet,0,0,TXN_106385,CUST_16385
59,Savings,Payment,Travel,33.94,5564.5,5530.56,16,Toronto,POS Terminal,Credit Card,0,1,TXN_102400,CUST_12400
34,Savings,Transfer,Entertainment,82.03,20757.89,20675.86,13,Toronto,ATM,UPI / Wallet,0,0,TXN_106423,CUST_16423
62,Savings,Transfer,Utilities,29.92,18390.64,18360.72,20,Mumbai,Web Browser,Debit Card,0,0,TXN_106212,CUST_16212
30,Checking,Payment,Entertainment,97.04,20214.16,20117.12,16,Berlin,ATM,UPI / Wallet,0,0,TXN_106989,CUST_16989
18,Savings,Transfer,Entertainment,198.81,27692.59,27493.78,20,Tokyo,POS Terminal,Wire Transfer,0,0,TXN_106706,CUST_16706
53,Checking,Payment,Travel,140.77,25247.99,25107.22,11,Tokyo,ATM,Wire Transfer,0,0,TXN_102571,CUST_12571
32,Savings,Withdrawal,Electronics,22.77,24645.18,24622.41,7,London,Web Browser,Credit Card,0,0,TXN_106191,CUST_16191
71,Savings,Transfer,Electronics,258.89,20571.04,20312.15,22,Berlin,Web Browser,Debit Card,0,0,TXN_105075,CUST_15075
28,Savings,Transfer,Entertainment,21.52,24729.34,24707.82,9,Berlin,Mobile App,UPI / Wallet,0,0,TXN_103346,CUST_13346
18,Business,Transfer,Groceries,36.11,20265.22,20229.11,11,Berlin,POS Terminal,UPI / Wallet,0,0,TXN_100252,CUST_10252
18,Savings,Payment,Travel,246.4,20953.25,20706.85,13,New York,ATM,Wire Transfer,0,0,TXN_106052,CUST_16052
62,Checking,Deposit,Travel,86.27,23298.57,23212.3,0,Toronto,Mobile App,Debit Card,0,0,TXN_102926,CUST_12926
21,Checking,Transfer,Electronics,98.97,21043.66,20944.69,1,Tokyo,Mobile App,Credit Card,0,0,TXN_103237,CUST_13237
34,Credit,Transfer,Entertainment,445.71,5737.71,5292.0,21,London,Mobile App,UPI / Wallet,0,0,TXN_105239,CUST_15239
35,Checking,Withdrawal,Utilities,60.14,19299.83,19239.69,13,Toronto,Mobile App,Credit Card,0,0,TXN_100497,CUST_10497
22,Savings,Transfer,Retail,258.8,26777.57,26518.77,5,Toronto,Mobile App,Wire Transfer,1,0,TXN_101269,CUST_11269
33,Checking,Transfer,Utilities,133.43,23872.58,23739.15,11,Mumbai,ATM,Credit Card,0,0,TXN_100440,CUST_10440
28,Checking,Withdrawal,Entertainment,70.32,21846.66,21776.34,12,London,Mobile App,Wire Transfer,0,0,TXN_104838,CUST_14838
18,Credit,Withdrawal,Entertainment,63.05,12148.02,12084.97,12,Toronto,Mobile App,UPI / Wallet,0,0,TXN_104757,CUST_14757
49,Savings,Deposit,Retail,150.55,25199.22,25048.67,4,Toronto,Mobile App,UPI / Wallet,0,0,TXN_104226,CUST_14226
18,Checking,Withdrawal,Electronics,20.85,23461.86,23441.01,21,Toronto,Web Browser,Credit Card,0,0,TXN_105354,CUST_15354
42,Savings,Payment,Entertainment,82.32,7179.81,7097.49,14,Singapore,ATM,Debit Card,0,0,TXN_103352,CUST_13352
62,Credit,Withdrawal,Groceries,92.19,22713.3,22621.11,12,Toronto,ATM,Credit Card,0,0,TXN_101490,CUST_11490
52,Checking,Withdrawal,Electronics,31.51,4484.11,4452.6,2,Berlin,POS Terminal,UPI / Wallet,1,0,TXN_106794,CUST_16794
18,Savings,Payment,Travel,295.5,20510.14,20214.64,19,Tokyo,Mobile App,Credit Card,0,0,TXN_100345,CUST_10345
26,Checking,Transfer,Electronics,27.62,21043.2,21015.58,11,New York,ATM,Credit Card,0,0,TXN_101456,CUST_11456
70,Savings,Payment,Electronics,1021.06,5163.5,4142.44,20,London,Web Browser,Credit Card,0,0,TXN_101393,CUST_11393
65,Checking,Withdrawal,Travel,165.34,12445.56,12280.22,20,Berlin,Web Browser,UPI / Wallet,0,0,TXN_106766,CUST_16766
67,Savings,Transfer,Groceries,124.46,24815.33,24840.87,17,Singapore,Mobile App,Debit Card,0,0,TXN_101821,CUST_11821
24,Savings,Payment,Travel,53.78,18829.95,18776.17,14,Berlin,Mobile App,UPI / Wallet,0,0,TXN_102724,CUST_12724
59,Savings,Payment,Entertainment,19.41,10061.75,10042.34,2,Tokyo,ATM,UPI / Wallet,0,0,TXN_101187,CUST_11187
64,Checking,Transfer,Electronics,105.86,12622.02,12516.16,13,Toronto,ATM,UPI / Wallet,0,0,TXN_103756,CUST_13756
24,Business,Withdrawal,Travel,5.54,23629.19,23623.65,18,Singapore,POS Terminal,Wire Transfer,1,0,TXN_105618,CUST_15618
37,Business,Transfer,Electronics,26.58,7742.2,7715.62,17,Tokyo,ATM,UPI / Wallet,0,0,TXN_102223,CUST_12223
22,Savings,Transfer,Utilities,60.65,2264.23,2203.58,11,Berlin,Mobile App,UPI / Wallet,1,1,TXN_106549,CUST_16549
43,Checking,Withdrawal,Travel,514.22,25936.25,25422.03,17,Mumbai,POS Terminal,Debit Card,0,0,TXN_103168,CUST_13168
20,Savings,Payment,Entertainment,101.59,25277.01,25175.42,18,Mumbai,POS Terminal,UPI / Wallet,0,0,TXN_100981,CUST_10981
55,Savings,Payment,Electronics,51.31,11762.32,11711.01,19,Berlin,Mobile App,Debit Card,0,0,TXN_103317,CUST_13317
23,Business,Deposit,Entertainment,142.92,25443.91,25300.99,7,Singapore,Web Browser,Debit Card,0,1,TXN_103440,CUST_13440
24,Checking,Transfer,Groceries,21.8,23193.07,23171.27,17,Berlin,Web Browser,Debit Card,1,0,TXN_105502,CUST_15502
61,Credit,Deposit,Groceries,648.63,24398.26,23749.63,7,Berlin,ATM,UPI / Wallet,0,0,TXN_103997,CUST_13997
54,Credit,Withdrawal,Retail,187.16,12769.63,12582.47,0,New York,Web Browser,UPI / Wallet,0,0,TXN_106030,CUST_16030
36,Credit,Transfer,Travel,101.48,4711.61,4610.13,10,Mumbai,ATM,UPI / Wallet,0,0,TXN_102339,CUST_12339
60,Checking,Transfer,Retail,3.38,23063.18,23059.8,12,Singapore,Web Browser,Credit Card,0,0,TXN_101965,CUST_11965
66,Checking,Withdrawal,Travel,98.75,20697.19,20598.44,20,New York,ATM,UPI / Wallet,0,0,TXN_100154,CUST_10154
33,Checking,Transfer,Travel,46.19,25823.48,25777.29,4,Tokyo,POS Terminal,Debit Card,0,1,TXN_102521,CUST_12521
55,Business,Payment,Utilities,54.7,24124.52,24069.82,13,Tokyo,Mobile App,UPI / Wallet,0,0,TXN_105128,CUST_15128
51,Checking,Deposit,Groceries,6.74,15816.93,15810.19,5,Tokyo,ATM,Debit Card,0,0,TXN_103076,CUST_13076
64,Checking,Withdrawal,Groceries,94.9,17554.15,17609.25,13,Tokyo,POS Terminal,Credit Card,0,0,TXN_106305,CUST_16305
18,Checking,Withdrawal,Groceries,3.6,22546.51,22542.91,7,London,Mobile App,Debit Card,0,0,TXN_102050,CUST_12050
65,Credit,Payment,Retail,112.82,20779.15,20816.33,5,Tokyo,POS Terminal,Wire Transfer,0,0,TXN_103333,CUST_13333
18,Checking,Transfer,Utilities,185.37,23494.54,23459.17,2,Berlin,Web Browser,Debit Card,1,1,TXN_100272,CUST_10272
18,Checking,Transfer,Groceries,971.49,23993.99,23022.5,17,London,Mobile App,Wire Transfer,0,0,TXN_104870,CUST_14870
29,Checking,Deposit,Entertainment,137.49,20645.07,20507.58,14,Tokyo,Mobile App,Debit Card,0,0,TXN_105879,CUST_15879
68,Savings,Payment,Groceries,45.99,17390.82,17344.83,15,Singapore,Web Browser,Debit Card,0,0,TXN_100400,CUST_10400
62,Checking,Deposit,Travel,86.27,23298.57,23212.3,0,Toronto,Mobile App,Debit Card,0,0,TXN_102926,CUST_12926
41,Savings,Transfer,Entertainment,547.24,22688.11,22140.87,0,Mumbai,Mobile App,Wire Transfer,0,0,TXN_101978,CUST_11978
50,Checking,Transfer,Travel,66.15,12932.13,12865.98,0,New York,Web Browser,UPI / Wallet,0,0,TXN_100244,CUST_10244
18,Savings,Transfer,Retail,90.65,14748.08,14657.43,8,Singapore,ATM,Credit Card,0,1,TXN_105513,CUST_15513
58,Savings,Deposit,Travel,43.08,19735.55,19692.47,4,New York,ATM,Debit Card,0,0,TXN_104455,CUST_14455
57,Credit,Transfer,Electronics,8.15,16826.0,16817.85,21,Mumbai,POS Terminal,UPI / Wallet,0,0,TXN_104483,CUST_14483
30,Checking,Transfer,Travel,99.55,17775.74,17676.19,16,Berlin,Mobile App,Debit Card,0,0,TXN_105244,CUST_15244
28,Savings,Payment,Utilities,63.44,26498.01,26434.57,5,New York,ATM,UPI / Wallet,0,0,TXN_101820,CUST_11820
55,Checking,Withdrawal,Travel,76.39,4553.77,4477.38,14,Mumbai,Mobile App,Wire Transfer,1,0,TXN_106864,CUST_16864
78,Checking,Withdrawal,Retail,190.0,26157.12,25967.12,1,Berlin,Mobile App,Debit Card,0,0,TXN_105778,CUST_15778
18,Savings,Transfer,Travel,76.38,14462.2,14385.82,8,Berlin,ATM,Debit Card,1,0,TXN_101486,CUST_11486
18,Checking,Transfer,Entertainment,587.26,22238.25,21650.99,21,Toronto,POS Terminal,Wire Transfer,0,0,TXN_105256,CUST_15256
56,Checking,Transfer,Groceries,138.06,6587.45,6449.39,12,Singapore,Web Browser,Credit Card,0,0,TXN_105702,CUST_15702
75,Checking,Payment,Entertainment,59.77,26467.09,26407.32,16,Tokyo,POS Terminal,Credit Card,1,0,TXN_104140,CUST_14140
35,Checking,Withdrawal,Retail,84.73,27302.88,27218.15,21,Berlin,Web Browser,UPI / Wallet,0,0,TXN_105336,CUST_15336
20,Savings,Payment,Travel,174.01,8369.79,8195.78,22,London,Web Browser,Debit Card,0,1,TXN_106654,CUST_16654
62,Business,Payment,Groceries,8.54,25021.12,25012.58,4,New York,ATM,UPI / Wallet,0,0,TXN_106080,CUST_16080
59,Checking,Payment,Utilities,9.91,996.86,986.95,16,Berlin,POS Terminal,UPI / Wallet,0,0,TXN_106095,CUST_16095
25,Credit,Deposit,Utilities,76.95,9747.74,9820.79,12,New York,Web Browser,Debit Card,0,0,TXN_104454,CUST_14454
32,Credit,Transfer,Groceries,179.73,19316.27,19136.54,1,Singapore,ATM,Wire Transfer,0,0,TXN_100764,CUST_10764
69,Savings,Transfer,Entertainment,169.77,20536.18,20366.41,4,Mumbai,ATM,Wire Transfer,0,0,TXN_101284,CUST_11284
27,Checking,Withdrawal,Travel,145.58,5145.18,4999.6,14,Berlin,Web Browser,Wire Transfer,0,1,TXN_105807,CUST_15807
31,Credit,Deposit,Travel,134.24,24937.02,24802.78,5,Tokyo,Web Browser,Debit Card,0,0,TXN_105640,CUST_15640
61,Checking,Deposit,Utilities,41.05,27626.93,27585.88,20,Toronto,Web Browser,Debit Card,1,0,TXN_103939,CUST_13939
64,Checking,Withdrawal,Electronics,79.72,473.2,393.48,11,Berlin,POS Terminal,Debit Card,0,0,TXN_100555,CUST_10555
67,Savings,Payment,Groceries,537.28,24876.99,24339.71,9,Toronto,Web Browser,Debit Card,1,0,TXN_101669,CUST_11669
18,Savings,Transfer,Retail,59.44,20854.44,20795.0,22,New York,Mobile App,Credit Card,0,0,TXN_102785,CUST_12785
32,Credit,Payment,Utilities,92.38,15016.21,14923.83,14,Tokyo,ATM,UPI / Wallet,0,0,TXN_104553,CUST_14553
20,Checking,Transfer,Groceries,87.33,25393.02,25305.69,8,Singapore,POS Terminal,Wire Transfer,0,0,TXN_104648,CUST_14648
31,Checking,Withdrawal,Travel,11.18,14527.59,14516.41,12,Berlin,Mobile App,Debit Card,0,0,TXN_101508,CUST_11508
28,Checking,Deposit,Travel,81.14,22696.23,22615.09,19,Mumbai,ATM,Wire Transfer,0,0,TXN_101098,CUST_11098
66,Savings,Transfer,Travel,282.15,26774.58,26492.43,14,Mumbai,Web Browser,Debit Card,0,0,TXN_106552,CUST_16552
76,Savings,Payment,Retail,14.8,25975.4,25960.6,16,Singapore,Web Browser,UPI / Wallet,0,0,TXN_105232,CUST_15232
22,Savings,Payment,Groceries,74.64,14993.69,14919.05,2,Singapore,ATM,Credit Card,0,0,TXN_102226,CUST_12226
20,Credit,Transfer,Entertainment,323.01,22773.13,22450.12,8,Berlin,Web Browser,Credit Card,0,0,TXN_102753,CUST_12753
67,Checking,Payment,Electronics,789.22,20397.58,19608.36,7,New York,Mobile App,Wire Transfer,0,0,TXN_104034,CUST_14034
47,Checking,Payment,Retail,201.69,5604.97,5403.28,15,Berlin,POS Terminal,UPI / Wallet,0,0,TXN_100053,CUST_10053
28,Checking,Deposit,Travel,81.14,22696.23,22615.09,19,Mumbai,ATM,Wire Transfer,0,0,TXN_101098,CUST_11098
63,Credit,Transfer,Utilities,164.16,12348.75,12184.59,11,Mumbai,Mobile App,Wire Transfer,1,0,TXN_103130,CUST_13130
29,Savings,Payment,Travel,58.27,25271.88,25213.61,14,New York,POS Terminal,Debit Card,0,1,TXN_101353,CUST_11353
68,Savings,Payment,Groceries,407.04,3489.34,3082.3,19,Tokyo,Mobile App,Wire Transfer,1,0,TXN_100975,CUST_10975
69,Credit,Transfer,Retail,80.47,18229.42,18148.95,14,Tokyo,Web Browser,Wire Transfer,0,0,TXN_105045,CUST_15045
62,Savings,Payment,Retail,78.13,3807.06,3728.93,8,Tokyo,POS Terminal,UPI / Wallet,0,0,TXN_102437,CUST_12437
47,Savings,Transfer,Utilities,121.49,24911.0,24789.51,2,Toronto,Web Browser,Debit Card,0,0,TXN_106173,CUST_16173
65,Credit,Payment,Groceries,83.35,21701.55,21618.2,8,London,ATM,Debit Card,0,0,TXN_102853,CUST_12853
38,Credit,Transfer,Retail,3.21,21208.76,21205.55,8,New York,Mobile App,Wire Transfer,0,0,TXN_106834,CUST_16834
25,Checking,Payment,Groceries,41.16,19452.54,19411.38,3,Mumbai,Mobile App,UPI / Wallet,0,0,TXN_101253,CUST_11253
18,Credit,Payment,Groceries,58.06,17972.24,18064.18,5,Tokyo,Mobile App,UPI / Wallet,1,0,TXN_103510,CUST_13510
38,Savings,Payment,Retail,38.54,18114.82,18076.28,21,Singapore,Web Browser,Debit Card,0,0,TXN_106840,CUST_16840
27,Checking,Transfer,Utilities,39.11,15069.28,15030.17,7,Berlin,ATM,Credit Card,1,0,TXN_105206,CUST_15206
66,Savings,Payment,Electronics,66.48,25861.31,25794.83,7,London,Mobile App,Wire Transfer,0,0,TXN_105936,CUST_15936
22,Savings,Payment,Travel,288.13,23862.68,23574.55,4,London,POS Terminal,Debit Card,0,0,TXN_100730,CUST_10730
65,Savings,Transfer,Entertainment,54.15,12201.49,12147.34,1,Singapore,Mobile App,Wire Transfer,0,0,TXN_103879,CUST_13879
67,Checking,Transfer,Retail,469.09,23396.91,22927.82,6,Berlin,Web Browser,Debit Card,0,0,TXN_100717,CUST_10717
18,Savings,Transfer,Retail,83.2,10532.99,10449.79,3,Berlin,Web Browser,UPI / Wallet,0,0,TXN_103680,CUST_13680
58,Checking,Payment,Utilities,48.47,12635.25,12586.78,2,Mumbai,Mobile App,UPI / Wallet,0,0,TXN_103056,CUST_13056
56,Savings,Transfer,Travel,7.63,22760.54,22752.91,1,Singapore,Web Browser,Debit Card,0,0,TXN_101501,CUST_11501
20,Savings,Deposit,Travel,150.45,24489.93,24339.48,0,Tokyo,POS Terminal,Credit Card,0,0,TXN_101711,CUST_11711
28,Savings,Transfer,Travel,117.71,23210.58,23092.87,19,New York,POS Terminal,Debit Card,0,0,TXN_105867,CUST_15867
21,Savings,Deposit,Travel,0.32,11224.03,11373.71,2,Tokyo,Web Browser,Credit Card,0,0,TXN_101918,CUST_11918
64,Savings,Payment,Utilities,57.92,5682.65,5624.73,6,Toronto,ATM,Wire Transfer,0,0,TXN_100313,CUST_10313
65,Credit,Transfer,Retail,45.94,26478.57,26432.63,22,Tokyo,Mobile App,Debit Card,0,0,TXN_100676,CUST_10676
55,Savings,Payment,Travel,233.32,24647.85,24414.53,3,Berlin,POS Terminal,UPI / Wallet,0,0,TXN_105519,CUST_15519
30,Business,Transfer,Travel,175.19,20525.83,20350.64,4,Mumbai,ATM,Debit Card,0,1,TXN_100647,CUST_10647
66,Savings,Payment,Electronics,65.25,9591.11,9525.86,9,Berlin,POS Terminal,Wire Transfer,0,0,TXN_103873,CUST_13873
53,Checking,Transfer,Entertainment,125.96,16311.05,16185.09,0,New York,POS Terminal,UPI / Wallet,0,1,TXN_102501,CUST_12501
24,Checking,Transfer,Utilities,39.72,12622.64,12582.92,7,Tokyo,Web Browser,Wire Transfer,0,1,TXN_102749,CUST_12749
31,Checking,Withdrawal,Travel,11.18,14527.59,14516.41,12,Berlin,Mobile App,Debit Card,0,0,TXN_101508,CUST_11508
59,Checking,Deposit,Groceries,4.35,22632.9,22628.55,23,Berlin,POS Terminal,Wire Transfer,0,0,TXN_102738,CUST_12738
64,Checking,Transfer,Travel,149.39,17890.04,17740.65,2,Mumbai,Web Browser,UPI / Wallet,0,0,TXN_102344,CUST_12344
47,Savings,Transfer,Travel,686.23,23880.75,23194.52,1,Singapore,ATM,UPI / Wallet,0,0,TXN_102995,CUST_12995
40,Checking,Transfer,Entertainment,437.74,25597.87,25160.13,16,Tokyo,ATM,Debit Card,1,0,TXN_100021,CUST_10021
20,Checking,Payment,Retail,297.05,14795.19,14498.14,0,Mumbai,Mobile App,Debit Card,0,0,TXN_100121,CUST_10121
48,Savings,Deposit,Retail,574.79,11645.25,11070.46,21,New York,Mobile App,Wire Transfer,0,0,TXN_105560,CUST_15560
35,Savings,Transfer,Electronics,283.71,25261.85,24978.14,13,Berlin,Web Browser,UPI / Wallet,0,0,TXN_103235,CUST_13235
24,Savings,Withdrawal,Travel,29.41,2110.0,2080.59,1,Toronto,Web Browser,Credit Card,0,0,TXN_102604,CUST_12604
71,Credit,Payment,Utilities,47.65,12399.33,12351.68,23,Toronto,ATM,Credit Card,0,0,TXN_102677,CUST_12677
23,Checking,Withdrawal,Entertainment,404.67,11597.37,11192.7,2,Berlin,POS Terminal,Debit Card,0,0,TXN_102081,CUST_12081
18,Savings,Payment,Travel,153.22,24658.69,24505.47,15,Tokyo,Mobile App,Credit Card,0,0,TXN_100422,CUST_10422
68,Checking,Withdrawal,Utilities,191.67,15000.71,14809.04,6,Tokyo,ATM,UPI / Wallet,0,1,TXN_101769,CUST_11769
18,Savings,Withdrawal,Utilities,41.98,22390.73,22348.75,17,Tokyo,ATM,Credit Card,0,0,TXN_106577,CUST_16577
65,Savings,Payment,Utilities,60.42,3768.61,3858.19,5,Tokyo,POS Terminal,Credit Card,0,0,TXN_105109,CUST_15109
20,Savings,Payment,Utilities,195.29,23418.9,23373.61,14,Singapore,Web Browser,UPI / Wallet,0,0,TXN_103853,CUST_13853
59,Savings,Payment,Groceries,123.13,19386.2,19263.07,20,New York,ATM,UPI / Wallet,0,0,TXN_104166,CUST_14166
25,Business,Withdrawal,Retail,57.98,17606.92,17548.94,18,London,Mobile App,UPI / Wallet,0,0,TXN_105111,CUST_15111
63,Savings,Transfer,Travel,108.25,25976.2,26017.95,5,Berlin,Web Browser,UPI / Wallet,0,0,TXN_104159,CUST_14159
71,Checking,Transfer,Groceries,252.37,25453.14,25200.77,22,Toronto,POS Terminal,UPI / Wallet,0,0,TXN_102254,CUST_12254
18,Checking,Payment,Utilities,61.68,21355.81,21294.13,5,Toronto,ATM,Credit Card,0,0,TXN_100887,CUST_10887
66,Checking,Deposit,Travel,61.68,23695.23,23633.55,23,Tokyo,Web Browser,UPI / Wallet,0,0,TXN_100141,CUST_10141
73,Savings,Transfer,Electronics,20.5,21567.41,21546.91,22,Tokyo,ATM,Credit Card,0,0,TXN_101094,CUST_11094
65,Checking,Transfer,Travel,128.68,19814.2,19685.52,3,Tokyo,Mobile App,UPI / Wallet,0,0,TXN_102154,CUST_12154
53,Credit,Deposit,Entertainment,59.72,14657.36,14747.64,3,Mumbai,ATM,UPI / Wallet,0,0,TXN_106166,CUST_16166
46,Savings,Transfer,Entertainment,356.63,22986.12,22629.49,19,New York,Web Browser,Wire Transfer,0,0,TXN_106090,CUST_16090
55,Business,Withdrawal,Groceries,85.78,23052.79,22967.01,16,Tokyo,Mobile App,Wire Transfer,0,0,TXN_106455,CUST_16455
18,Savings,Payment,Entertainment,75.47,24838.36,24762.89,16,Toronto,Mobile App,Debit Card,1,0,TXN_103984,CUST_13984
22,Checking,Transfer,Electronics,145.22,16815.76,16670.54,14,Toronto,Web Browser,Debit Card,0,0,TXN_102283,CUST_12283
19,Credit,Transfer,Utilities,176.62,23807.9,23631.28,5,Mumbai,ATM,UPI / Wallet,1,0,TXN_103214,CUST_13214
34,Checking,Deposit,Utilities,57.64,10513.12,10455.48,8,Singapore,Mobile App,Debit Card,1,0,TXN_101143,CUST_11143
18,Business,Withdrawal,Groceries,433.86,26388.82,25954.96,4,Mumbai,POS Terminal,UPI / Wallet,0,0,TXN_104892,CUST_14892
43,Savings,Withdrawal,Groceries,89.14,14891.57,14802.43,2,Tokyo,Mobile App,Debit Card,0,1,TXN_100405,CUST_10405
73,Checking,Deposit,Travel,16.91,22974.05,22957.14,5,Toronto,ATM,Wire Transfer,0,0,TXN_101826,CUST_11826
55,Credit,Transfer,Entertainment,17.69,19513.24,19495.55,12,London,ATM,Credit Card,0,0,TXN_100039,CUST_10039
62,Credit,Transfer,Utilities,146.27,21649.11,21502.84,15,Tokyo,Web Browser,Wire Transfer,0,0,TXN_101466,CUST_11466
23,Business,Withdrawal,Groceries,157.52,3324.73,3167.21,21,Berlin,Web Browser,Debit Card,0,0,TXN_103520,CUST_13520
40,Savings,Transfer,Entertainment,554.48,14098.86,13544.38,5,Singapore,ATM,Debit Card,0,0,TXN_105356,CUST_15356
28,Savings,Withdrawal,Electronics,56.85,17460.74,17403.89,5,Mumbai,Mobile App,Debit Card,0,0,TXN_102860,CUST_12860
63,Savings,Transfer,Entertainment,505.96,17664.98,17159.02,2,Mumbai,ATM,Debit Card,0,0,TXN_101299,CUST_11299
67,Savings,Payment,Utilities,441.31,24640.24,24198.93,5,Tokyo,POS Terminal,UPI / Wallet,0,0,TXN_100729,CUST_10729
18,Savings,Payment,Travel,12.62,4485.27,4472.65,5,Singapore,Web Browser,Wire Transfer,0,0,TXN_104595,CUST_14595
75,Checking,Transfer,Groceries,68.78,20410.98,20342.2,5,New York,Mobile App,UPI / Wallet,0,0,TXN_103731,CUST_13731
24,Savings,Transfer,Entertainment,507.84,3174.1,2666.26,23,Mumbai,POS Terminal,Debit Card,0,0,TXN_101541,CUST_11541
66,Checking,Transfer,Retail,244.54,9306.04,9061.5,1,Tokyo,POS Terminal,UPI / Wallet,1,0,TXN_106202,CUST_16202
46,Credit,Transfer,Electronics,552.32,25145.62,24593.3,0,London,POS Terminal,UPI / Wallet,0,0,TXN_106716,CUST_16716
76,Credit,Transfer,Electronics,414.42,2308.29,1893.87,21,Berlin,Mobile App,UPI / Wallet,1,0,TXN_102630,CUST_12630
36,Business,Payment,Travel,13.09,23692.9,23679.81,5,Tokyo,POS Terminal,UPI / Wallet,0,0,TXN_104171,CUST_14171
33,Credit,Transfer,Groceries,18.12,22118.19,22100.07,23,Singapore,POS Terminal,Wire Transfer,0,0,TXN_104189,CUST_14189
62,Savings,Transfer,Electronics,76.26,5466.77,5390.51,3,Mumbai,Web Browser,Debit Card,0,1,TXN_103020,CUST_13020
57,Savings,Transfer,Utilities,501.97,18722.2,18220.23,12,Berlin,ATM,Wire Transfer,0,0,TXN_106831,CUST_16831
71,Checking,Deposit,Utilities,347.36,19783.5,19436.14,0,Tokyo,Web Browser,Debit Card,0,0,TXN_103438,CUST_13438
62,Business,Deposit,Retail,139.6,15200.99,15061.39,19,London,ATM,Debit Card,0,0,TXN_100406,CUST_10406
27,Checking,Withdrawal,Entertainment,29.52,24215.75,24186.23,22,New York,ATM,UPI / Wallet,0,0,TXN_101188,CUST_11188
71,Business,Withdrawal,Travel,19.41,23310.05,23290.64,15,London,ATM,Wire Transfer,1,0,TXN_101958,CUST_11958
29,Savings,Deposit,Utilities,159.23,24664.98,24505.75,11,Singapore,Mobile App,Debit Card,0,0,TXN_105548,CUST_15548
18,Savings,Transfer,Electronics,161.04,1025.33,864.29,11,Mumbai,Web Browser,Wire Transfer,0,0,TXN_103791,CUST_13791
67,Savings,Transfer,Entertainment,596.63,22988.67,22392.04,12,Berlin,Mobile App,Credit Card,0,0,TXN_100207,CUST_10207
44,Savings,Deposit,Electronics,138.22,7785.68,7647.46,16,Tokyo,POS Terminal,Debit Card,0,0,TXN_106916,CUST_16916
30,Checking,Withdrawal,Travel,87.35,7319.57,7232.22,4,Tokyo,Mobile App,Wire Transfer,0,0,TXN_102967,CUST_12967
32,Credit,Transfer,Retail,14.37,22225.91,22211.54,13,Berlin,Web Browser,UPI / Wallet,0,0,TXN_104321,CUST_14321
67,Checking,Payment,Entertainment,4.06,25373.39,25369.33,4,Berlin,POS Terminal,Credit Card,1,0,TXN_100910,CUST_10910
48,Credit,Deposit,Groceries,113.46,22501.43,22387.97,11,New York,Web Browser,Debit Card,0,0,TXN_100155,CUST_10155
18,Checking,Transfer,Utilities,91.07,10287.77,10196.7,4,Toronto,ATM,Wire Transfer,0,0,TXN_102416,CUST_12416
18,Savings,Deposit,Entertainment,132.61,26809.54,26676.93,9,Singapore,Web Browser,Credit Card,0,0,TXN_103218,CUST_13218
43,Checking,Payment,Retail,153.09,11243.06,11089.97,10,Berlin,Mobile App,UPI / Wallet,0,0,TXN_102282,CUST_12282
18,Credit,Withdrawal,Entertainment,332.52,26339.6,26007.08,0,London,Mobile App,Wire Transfer,0,0,TXN_101185,CUST_11185
51,Checking,Payment,Retail,125.05,16609.09,16484.04,12,Mumbai,Mobile App,Debit Card,0,0,TXN_104912,CUST_14912
63,Savings,Transfer,Utilities,49.98,20787.91,20737.93,22,Berlin,ATM,Wire Transfer,0,1,TXN_105623,CUST_15623
28,Checking,Payment,Retail,166.18,25051.55,24885.37,10,New York,Mobile App,Debit Card,0,0,TXN_103661,CUST_13661
65,Checking,Transfer,Retail,45.25,19877.22,19831.97,13,Mumbai,Web Browser,Wire Transfer,0,1,TXN_102775,CUST_12775
18,Savings,Transfer,Utilities,154.75,24133.7,23978.95,23,Tokyo,Web Browser,Debit Card,0,0,TXN_103159,CUST_13159
21,Savings,Transfer,Utilities,1.33,22560.02,22558.69,19,Toronto,Web Browser,Wire Transfer,1,0,TXN_103025,CUST_13025
38,Business,Transfer,Utilities,93.25,20747.38,20654.13,8,Tokyo,Web Browser,Debit Card,1,0,TXN_103087,CUST_13087
64,Checking,Withdrawal,Travel,60.21,22005.98,21945.77,21,Tokyo,ATM,Debit Card,0,0,TXN_102765,CUST_12765
45,Savings,Payment,Travel,27.41,13532.16,13504.75,9,Tokyo,Web Browser,Debit Card,0,0,TXN_103045,CUST_13045
20,Credit,Transfer,Retail,568.8,13818.36,13249.56,22,New York,POS Terminal,Wire Transfer,1,1,TXN_105981,CUST_15981
55,Business,Payment,Groceries,3.87,27040.17,27186.3,16,New York,POS Terminal,Credit Card,0,0,TXN_101192,CUST_11192
45,Checking,Transfer,Groceries,49.03,17248.55,17199.52,11,Mumbai,Web Browser,Debit Card,0,0,TXN_103121,CUST_13121
25,Checking,Withdrawal,Utilities,328.3,19819.43,19491.13,4,Tokyo,Mobile App,Credit Card,0,1,TXN_100670,CUST_10670
31,Savings,Transfer,Entertainment,64.64,6187.66,6123.02,12,New York,Web Browser,Credit Card,0,0,TXN_105550,CUST_15550
28,Checking,Deposit,Travel,50.58,22945.45,22894.87,11,Mumbai,Mobile App,UPI / Wallet,0,0,TXN_106731,CUST_16731
28,Checking,Payment,Travel,161.8,17782.23,17620.43,14,New York,Web Browser,Wire Transfer,0,0,TXN_101062,CUST_11062
26,Savings,Payment,Groceries,243.91,17733.37,17489.46,16,New York,ATM,Wire Transfer,1,0,TXN_101757,CUST_11757
26,Savings,Payment,Electronics,54.86,5237.27,5182.41,12,Toronto,Web Browser,Debit Card,1,0,TXN_104419,CUST_14419
73,Business,Payment,Groceries,209.47,13497.52,13288.05,17,Toronto,Web Browser,Credit Card,0,0,TXN_106125,CUST_16125
18,Business,Transfer,Retail,34.65,20168.85,20134.2,13,Tokyo,Web Browser,Debit Card,0,0,TXN_100803,CUST_10803
47,Savings,Payment,Travel,44.91,24737.55,24692.64,2,New York,Web Browser,Debit Card,0,1,TXN_102076,CUST_12076
18,Checking,Transfer,Electronics,41.39,24652.01,24610.62,13,Mumbai,Mobile App,UPI / Wallet,0,1,TXN_104534,CUST_14534
18,Checking,Withdrawal,Electronics,36.29,20698.57,20662.28,4,New York,Web Browser,Debit Card,0,0,TXN_100859,CUST_10859
61,Credit,Deposit,Groceries,648.63,24398.26,23749.63,7,Berlin,ATM,UPI / Wallet,0,0,TXN_103997,CUST_13997
27,Savings,Transfer,Groceries,63.73,8160.06,8096.33,1,New York,ATM,Debit Card,0,0,TXN_103988,CUST_13988
75,Checking,Transfer,Entertainment,126.25,23018.25,22892.0,8,New York,POS Terminal,Debit Card,0,0,TXN_104924,CUST_14924
58,Checking,Payment,Travel,41.44,4520.56,4479.12,11,London,POS Terminal,Wire Transfer,0,0,TXN_100399,CUST_10399
24,Savings,Withdrawal,Electronics,2.84,25513.85,25511.01,4,Mumbai,Mobile App,Wire Transfer,0,0,TXN_104082,CUST_14082
20,Credit,Payment,Entertainment,183.14,19000.13,18816.99,10,Mumbai,ATM,Credit Card,0,0,TXN_102124,CUST_12124
18,Savings,Transfer,Entertainment,204.18,24385.59,24181.41,1,Berlin,Mobile App,Wire Transfer,0,0,TXN_101615,CUST_11615
68,Checking,Deposit,Utilities,28.61,21497.58,21468.97,13,Berlin,Mobile App,Debit Card,0,0,TXN_104709,CUST_14709
63,Savings,Deposit,Groceries,10.23,21967.37,21957.14,10,Toronto,ATM,UPI / Wallet,0,0,TXN_101366,CUST_11366
18,Savings,Deposit,Travel,73.35,19281.6,19208.25,6,Singapore,Web Browser,Debit Card,0,0,TXN_103137,CUST_13137
26,Checking,Withdrawal,Entertainment,191.8,11780.09,11588.29,8,Berlin,POS Terminal,Debit Card,0,0,TXN_106791,CUST_16791
66,Savings,Deposit,Groceries,592.96,18164.9,17571.94,5,Tokyo,Web Browser,UPI / Wallet,0,0,TXN_104333,CUST_14333
56,Checking,Transfer,Travel,174.56,8330.52,8155.96,9,Berlin,Web Browser,Debit Card,0,0,TXN_100303,CUST_10303
35,Checking,Deposit,Groceries,106.54,22708.36,22601.82,22,Toronto,Mobile App,Credit Card,0,0,TXN_101761,CUST_11761
23,Savings,Transfer,Utilities,368.92,21311.69,20942.77,0,Tokyo,ATM,Debit Card,0,0,TXN_105636,CUST_15636
24,Credit,Payment,Entertainment,138.82,23581.4,23442.58,17,New York,ATM,Debit Card,0,0,TXN_101496,CUST_11496
54,Checking,Withdrawal,Utilities,225.58,17588.13,17512.55,14,Mumbai,ATM,Wire Transfer,0,1,TXN_105562,CUST_15562
39,Credit,Deposit,Groceries,23.68,7954.84,7931.16,8,London,ATM,Credit Card,0,0,TXN_104433,CUST_14433
26,Savings,Withdrawal,Entertainment,73.11,24018.66,23945.55,19,New York,Web Browser,Debit Card,0,0,TXN_103552,CUST_13552
18,Checking,Transfer,Entertainment,138.59,22167.18,22028.59,21,Toronto,ATM,Debit Card,0,0,TXN_104106,CUST_14106
45,Savings,Withdrawal,Travel,46.4,26318.64,26272.24,15,New York,Web Browser,Debit Card,0,0,TXN_105334,CUST_15334
70,Credit,Payment,Travel,6.48,2990.28,2983.8,5,Toronto,Web Browser,Wire Transfer,0,0,TXN_105625,CUST_15625
27,Savings,Payment,Travel,442.15,26755.47,26313.32,7,Singapore,POS Terminal,Wire Transfer,0,0,TXN_100718,CUST_10718
18,Savings,Transfer,Groceries,371.05,23747.84,23376.79,23,Berlin,Web Browser,Debit Card,1,0,TXN_103307,CUST_13307
57,Checking,Payment,Groceries,222.11,23224.56,23002.45,3,Singapore,Web Browser,Debit Card,0,0,TXN_100967,CUST_10967
33,Savings,Transfer,Travel,26.55,20192.96,20166.41,0,Mumbai,Mobile App,UPI / Wallet,0,0,TXN_100571,CUST_10571
18,Savings,Deposit,Groceries,1009.81,24339.3,23329.49,0,Tokyo,Mobile App,Credit Card,0,0,TXN_103785,CUST_13785
38,Savings,Payment,Retail,125.21,18447.26,18322.05,14,Singapore,POS Terminal,UPI / Wallet,0,1,TXN_106037,CUST_16037
18,Checking,Transfer,Electronics,44.74,23673.19,23628.45,14,Tokyo,ATM,Wire Transfer,1,1,TXN_106724,CUST_16724
18,Checking,Payment,Retail,495.09,23327.06,22831.97,1,Tokyo,Mobile App,Credit Card,0,0,TXN_102914,CUST_12914
67,Savings,Transfer,Entertainment,84.6,19750.56,19665.96,20,Toronto,POS Terminal,Debit Card,0,0,TXN_105339,CUST_15339
29,Checking,Transfer,Retail,488.14,23657.69,23169.55,20,Toronto,POS Terminal,UPI / Wallet,0,1,TXN_105834,CUST_15834
24,Savings,Deposit,Utilities,247.33,27091.65,26844.32,7,Tokyo,ATM,UPI / Wallet,0,0,TXN_102723,CUST_12723
63,Credit,Withdrawal,Retail,244.42,11774.43,11680.01,20,Toronto,POS Terminal,UPI / Wallet,0,1,TXN_103085,CUST_13085
30,Checking,Withdrawal,Retail,118.75,5082.42,4963.67,12,Tokyo,ATM,Wire Transfer,0,0,TXN_102922,CUST_12922
21,Checking,Transfer,Travel,55.43,19423.95,19368.52,5,Mumbai,Mobile App,UPI / Wallet,0,0,TXN_101387,CUST_11387
57,Savings,Payment,Travel,23.96,21649.7,21625.74,11,Toronto,POS Terminal,Debit Card,0,0,TXN_102228,CUST_12228
68,Business,Payment,Utilities,90.09,7186.93,7096.84,14,Singapore,POS Terminal,UPI / Wallet,1,0,TXN_100984,CUST_10984
18,Checking,Withdrawal,Groceries,132.57,17561.18,17428.61,1,Mumbai,Web Browser,Debit Card,0,0,TXN_102058,CUST_12058
42,Checking,Payment,Groceries,106.65,25095.11,24988.46,0,Singapore,POS Terminal,Debit Card,0,0,TXN_101631,CUST_11631
59,Checking,Transfer,Travel,55.56,17821.63,17766.07,20,New York,Mobile App,Wire Transfer,1,1,TXN_102414,CUST_12414
67,Credit,Payment,Electronics,56.02,21447.2,21541.18,0,Mumbai,Web Browser,Wire Transfer,0,0,TXN_102404,CUST_12404
70,Business,Withdrawal,Groceries,95.27,11013.78,10918.51,6,Tokyo,Web Browser,Debit Card,0,0,TXN_107000,CUST_17000
64,Savings,Transfer,Travel,183.24,23122.9,22939.66,6,Toronto,Mobile App,Wire Transfer,0,0,TXN_103825,CUST_13825
33,Checking,Payment,Utilities,164.99,24123.71,23958.72,3,New York,Mobile App,Debit Card,0,0,TXN_105382,CUST_15382
36,Savings,Transfer,Retail,833.99,21896.04,21062.05,7,New York,Web Browser,Debit Card,0,0,TXN_106988,CUST_16988
20,Savings,Transfer,Entertainment,277.33,27238.53,27111.2,1,London,Mobile App,Credit Card,0,0,TXN_102211,CUST_12211
55,Checking,Withdrawal,Travel,488.56,20596.54,20107.98,8,Tokyo,POS Terminal,Debit Card,0,0,TXN_101377,CUST_11377
18,Savings,Payment,Retail,48.12,21008.66,20960.54,19,Singapore,Web Browser,Debit Card,0,0,TXN_104246,CUST_14246
54,Credit,Transfer,Utilities,291.03,20283.42,19992.39,1,Toronto,ATM,Wire Transfer,0,0,TXN_106082,CUST_16082
21,Checking,Payment,Electronics,155.64,26562.56,26406.92,7,Singapore,Web Browser,Credit Card,0,0,TXN_100283,CUST_10283
58,Savings,Transfer,Retail,87.68,6154.16,6066.48,16,New York,POS Terminal,Credit Card,0,1,TXN_106060,CUST_16060
36,Credit,Payment,Entertainment,203.32,26843.82,26640.5,23,Toronto,Web Browser,Debit Card,0,0,TXN_104854,CUST_14854
56,Checking,Payment,Travel,122.15,21496.68,21374.53,2,Toronto,Mobile App,Debit Card,0,0,TXN_102251,CUST_12251
70,Credit,Withdrawal,Groceries,87.2,24421.26,24334.06,14,Mumbai,Mobile App,Debit Card,0,0,TXN_100938,CUST_10938
55,Credit,Withdrawal,Electronics,119.15,20671.29,20552.14,22,Berlin,ATM,Debit Card,0,0,TXN_102648,CUST_12648
25,Checking,Deposit,Electronics,42.2,23317.55,23275.35,1,Toronto,Web Browser,Credit Card,0,0,TXN_106748,CUST_16748
51,Savings,Payment,Travel,192.6,25818.49,25625.89,15,Singapore,Web Browser,UPI / Wallet,0,0,TXN_100903,CUST_10903
20,Savings,Transfer,Entertainment,35.17,22011.89,21976.72,13,London,ATM,Credit Card,0,0,TXN_102901,CUST_12901
47,Checking,Payment,Travel,320.83,22794.29,22473.46,22,Toronto,ATM,Credit Card,0,0,TXN_106499,CUST_16499
65,Savings,Withdrawal,Entertainment,63.77,24970.73,24906.96,20,Berlin,Mobile App,UPI / Wallet,0,0,TXN_104720,CUST_14720
37,Savings,Payment,Electronics,7.84,17278.76,17270.92,12,Tokyo,Web Browser,Debit Card,0,0,TXN_101870,CUST_11870
73,Credit,Transfer,Utilities,15.22,27298.29,27283.07,11,Tokyo,POS Terminal,Wire Transfer,0,0,TXN_105675,CUST_15675
46,Checking,Withdrawal,Electronics,13.57,23245.26,23231.69,14,Berlin,Mobile App,Wire Transfer,0,1,TXN_106032,CUST_16032
56,Checking,Transfer,Travel,174.56,8330.52,8155.96,9,Berlin,Web Browser,Debit Card,0,0,TXN_100303,CUST_10303
33,Savings,Transfer,Groceries,94.59,14290.7,14196.11,21,Tokyo,Web Browser,Wire Transfer,0,1,TXN_102304,CUST_12304
78,Savings,Transfer,Entertainment,141.73,25242.48,25100.75,23,Singapore,Web Browser,Debit Card,1,0,TXN_103037,CUST_13037
33,Savings,Withdrawal,Groceries,58.68,27120.32,27061.64,13,Mumbai,Web Browser,Wire Transfer,1,0,TXN_106262,CUST_16262
39,Checking,Deposit,Electronics,108.67,23674.52,23565.85,19,Berlin,ATM,UPI / Wallet,1,0,TXN_100421,CUST_10421
58,Credit,Transfer,Travel,53.89,1511.32,1457.43,19,London,POS Terminal,Credit Card,0,0,TXN_106167,CUST_16167
23,Savings,Transfer,Travel,39.66,27382.58,27342.92,4,Berlin,POS Terminal,Debit Card,0,0,TXN_105616,CUST_15616
40,Business,Deposit,Retail,145.89,5877.14,5731.25,0,Mumbai,POS Terminal,Credit Card,0,0,TXN_100598,CUST_10598
65,Savings,Transfer,Entertainment,172.88,25769.14,25596.26,20,Tokyo,Mobile App,UPI / Wallet,0,0,TXN_104325,CUST_14325
24,Checking,Deposit,Utilities,96.4,1470.99,1374.59,13,Toronto,Mobile App,Credit Card,0,0,TXN_102281,CUST_12281
18,Checking,Transfer,Retail,354.05,10079.23,9875.18,22,Toronto,Web Browser,Wire Transfer,0,0,TXN_104703,CUST_14703
68,Savings,Withdrawal,Electronics,204.37,13030.05,12825.68,21,Mumbai,ATM,Debit Card,0,0,TXN_104348,CUST_14348
40,Credit,Payment,Groceries,4.96,13017.78,13012.82,6,New York,ATM,Credit Card,0,0,TXN_106643,CUST_16643
18,Savings,Payment,Travel,12.62,4485.27,4472.65,5,Singapore,Web Browser,Wire Transfer,0,0,TXN_104595,CUST_14595
75,Savings,Transfer,Utilities,41.64,23962.8,23921.16,21,Berlin,POS Terminal,UPI / Wallet,0,0,TXN_104690,CUST_14690
24,Savings,Payment,Utilities,64.86,25561.86,25647.0,23,Berlin,ATM,Wire Transfer,0,1,TXN_105487,CUST_15487
30,Credit,Deposit,Electronics,20.31,21942.16,21921.85,9,New York,Mobile App,UPI / Wallet,0,0,TXN_100005,CUST_10005
18,Checking,Transfer,Electronics,132.55,22686.64,22554.09,10,Singapore,POS Terminal,UPI / Wallet,0,0,TXN_103607,CUST_13607
61,Savings,Deposit,Electronics,419.84,11693.82,11273.98,2,Mumbai,ATM,Debit Card,0,0,TXN_101007,CUST_11007
27,Savings,Withdrawal,Groceries,49.14,21804.5,21755.36,4,Berlin,Web Browser,Debit Card,0,0,TXN_106119,CUST_16119
57,Checking,Payment,Retail,240.15,26313.97,26073.82,13,Tokyo,Web Browser,Wire Transfer,0,0,TXN_105848,CUST_15848
18,Checking,Transfer,Groceries,316.47,16357.97,16041.5,9,Tokyo,Web Browser,Debit Card,0,0,TXN_101071,CUST_11071
46,Checking,Transfer,Travel,34.68,24669.63,24634.95,9,Mumbai,POS Terminal,Wire Transfer,0,0,TXN_106687,CUST_16687
18,Business,Transfer,Electronics,58.2,20611.86,20553.66,8,New York,Web Browser,UPI / Wallet,0,0,TXN_106513,CUST_16513
18,Checking,Transfer,Entertainment,229.34,12676.69,12447.35,23,Singapore,Web Browser,UPI / Wallet,0,0,TXN_106298,CUST_16298
51,Credit,Deposit,Electronics,96.27,15454.3,15358.03,2,Mumbai,Web Browser,Debit Card,0,0,TXN_103191,CUST_13191
34,Savings,Payment,Travel,32.72,18884.92,18852.2,20,Toronto,Mobile App,Credit Card,0,1,TXN_100368,CUST_10368
38,Credit,Transfer,Retail,3.21,21208.76,21205.55,8,New York,Mobile App,Wire Transfer,0,0,TXN_106834,CUST_16834
18,Savings,Withdrawal,Retail,82.09,20103.76,20021.67,15,New York,ATM,UPI / Wallet,0,0,TXN_105773,CUST_15773
27,Checking,Withdrawal,Utilities,151.27,11729.18,11577.91,23,Tokyo,Mobile App,Debit Card,0,0,TXN_101556,CUST_11556
43,Business,Withdrawal,Retail,77.87,22669.7,22591.83,3,Singapore,Web Browser,Wire Transfer,0,0,TXN_104916,CUST_14916
41,Savings,Payment,Entertainment,88.49,22793.73,22705.24,23,Mumbai,ATM,Debit Card,0,1,TXN_101423,CUST_11423
57,Savings,Transfer,Utilities,651.23,25872.83,25221.6,14,New York,POS Terminal,Wire Transfer,0,0,TXN_104156,CUST_14156
65,Checking,Withdrawal,Groceries,415.32,24159.06,23893.74,16,London,Web Browser,Debit Card,0,0,TXN_105279,CUST_15279
19,Checking,Payment,Travel,31.34,23290.83,23259.49,13,Berlin,Web Browser,Debit Card,0,0,TXN_102802,CUST_12802
50,Savings,Payment,Utilities,64.08,21019.99,20955.91,17,Mumbai,ATM,Debit Card,0,0,TXN_104248,CUST_14248
77,Checking,Payment,Entertainment,46.2,6139.7,6243.5,11,Mumbai,Mobile App,UPI / Wallet,0,0,TXN_101429,CUST_11429
50,Credit,Payment,Retail,131.06,4178.69,4047.63,5,Singapore,POS Terminal,Debit Card,0,0,TXN_105155,CUST_15155
19,Savings,Deposit,Utilities,348.19,3395.25,3047.06,13,Berlin,POS Terminal,UPI / Wallet,0,1,TXN_105362,CUST_15362
18,Savings,Payment,Entertainment,49.66,27517.44,27467.78,23,Singapore,Web Browser,Credit Card,0,0,TXN_103850,CUST_13850
22,Savings,Transfer,Retail,382.17,23378.14,22995.97,8,London,ATM,Debit Card,1,0,TXN_101660,CUST_11660
28,Credit,Transfer,Utilities,666.1,7158.73,6492.63,9,Berlin,ATM,Credit Card,0,0,TXN_101651,CUST_11651
24,Checking,Payment,Groceries,382.8,25987.08,25604.28,23,Mumbai,ATM,Debit Card,0,0,TXN_100983,CUST_10983
35,Business,Payment,Utilities,273.27,9549.71,9426.44,11,New York,ATM,Credit Card,0,1,TXN_100348,CUST_10348
43,Savings,Transfer,Electronics,119.27,13441.82,13322.55,18,Berlin,Mobile App,Debit Card,0,0,TXN_100302,CUST_10302
59,Checking,Transfer,Entertainment,156.61,7176.17,7019.56,16,Toronto,Mobile App,Debit Card,1,0,TXN_104256,CUST_14256
50,Checking,Payment,Utilities,296.01,22810.52,22514.51,9,London,Mobile App,Debit Card,0,0,TXN_104679,CUST_14679
59,Business,Payment,Entertainment,160.62,4942.56,4931.94,8,Mumbai,POS Terminal,Debit Card,0,0,TXN_103035,CUST_13035
18,Checking,Transfer,Groceries,139.06,23328.84,23189.78,14,New York,Mobile App,UPI / Wallet,0,0,TXN_104381,CUST_14381
18,Credit,Withdrawal,Travel,110.11,12972.21,12862.1,22,Tokyo,POS Terminal,Debit Card,0,1,TXN_102541,CUST_12541
69,Checking,Withdrawal,Utilities,156.0,13976.65,13820.65,8,Mumbai,Web Browser,Wire Transfer,0,0,TXN_106580,CUST_16580
27,Credit,Payment,Entertainment,95.69,23041.43,22945.74,2,London,Web Browser,Debit Card,0,0,TXN_101415,CUST_11415
34,Savings,Payment,Travel,211.39,17643.5,17432.11,13,London,Web Browser,Debit Card,0,0,TXN_106578,CUST_16578
18,Checking,Transfer,Electronics,33.9,25716.67,25682.77,11,New York,Web Browser,Debit Card,0,0,TXN_101553,CUST_11553
65,Business,Transfer,Electronics,140.92,16059.88,15918.96,11,Tokyo,Web Browser,Debit Card,0,0,TXN_106147,CUST_16147
30,Checking,Payment,Retail,9.73,21752.27,21742.54,19,Toronto,Mobile App,Wire Transfer,1,0,TXN_100855,CUST_10855
36,Checking,Transfer,Electronics,11.03,18407.2,18396.17,13,Tokyo,Mobile App,Wire Transfer,1,1,TXN_103963,CUST_13963
18,Savings,Transfer,Groceries,28.36,10968.8,11090.44,12,Mumbai,Web Browser,Debit Card,1,0,TXN_105152,CUST_15152
63,Business,Withdrawal,Groceries,318.67,26651.2,26332.53,6,Tokyo,Web Browser,Credit Card,0,0,TXN_102455,CUST_12455
21,Savings,Withdrawal,Utilities,196.59,24572.81,24376.22,9,Singapore,ATM,UPI / Wallet,0,0,TXN_106424,CUST_16424
18,Business,Transfer,Groceries,73.36,24492.36,24419.0,3,Tokyo,Mobile App,UPI / Wallet,0,0,TXN_104770,CUST_14770
46,Savings,Payment,Travel,235.26,24335.87,24250.61,0,Mumbai,Mobile App,Debit Card,0,0,TXN_101227,CUST_11227
18,Checking,Deposit,Travel,124.1,21537.47,21413.37,16,Singapore,Mobile App,UPI / Wallet,1,0,TXN_103376,CUST_13376
18,Business,Payment,Groceries,79.93,10662.9,10582.97,15,Tokyo,POS Terminal,Debit Card,0,0,TXN_105978,CUST_15978
60,Checking,Transfer,Electronics,43.44,25836.19,25792.75,21,Berlin,Web Browser,Credit Card,0,1,TXN_106597,CUST_16597
57,Business,Transfer,Travel,45.36,19976.13,19930.77,2,Tokyo,ATM,UPI / Wallet,0,0,TXN_104900,CUST_14900
32,Checking,Transfer,Groceries,51.95,13792.79,13740.84,21,New York,ATM,Credit Card,1,1,TXN_105398,CUST_15398
51,Checking,Transfer,Electronics,140.97,14157.21,14016.24,5,Tokyo,POS Terminal,Debit Card,0,0,TXN_106170,CUST_16170
30,Checking,Transfer,Retail,95.31,18647.61,18552.3,7,London,Web Browser,Credit Card,0,1,TXN_105888,CUST_15888
74,Checking,Transfer,Electronics,5.46,21444.24,21438.78,2,Berlin,Mobile App,UPI / Wallet,1,0,TXN_102535,CUST_12535
77,Savings,Deposit,Retail,142.68,19190.74,19048.06,7,London,Mobile App,UPI / Wallet,0,0,TXN_100746,CUST_10746
63,Savings,Transfer,Travel,20.67,23778.28,23757.61,16,Toronto,Web Browser,UPI / Wallet,0,0,TXN_100796,CUST_10796
47,Checking,Payment,Groceries,39.2,11910.49,11871.29,10,Mumbai,Mobile App,Debit Card,0,0,TXN_104276,CUST_14276
71,Savings,Transfer,Utilities,97.11,24547.59,24450.48,14,Berlin,Web Browser,UPI / Wallet,0,0,TXN_103696,CUST_13696
64,Savings,Withdrawal,Groceries,4.41,5492.92,5488.51,2,New York,Mobile App,Debit Card,0,0,TXN_102468,CUST_12468
61,Checking,Transfer,Electronics,0.63,16471.94,16471.31,3,New York,Mobile App,Debit Card,0,0,TXN_106380,CUST_16380
61,Credit,Payment,Retail,53.27,21728.3,21675.03,8,Mumbai,ATM,Credit Card,0,0,TXN_100617,CUST_10617
58,Credit,Payment,Travel,487.75,4067.7,3579.95,16,Singapore,Mobile App,UPI / Wallet,0,1,TXN_105571,CUST_15571
56,Credit,Transfer,Groceries,30.47,17347.05,17316.58,14,Singapore,ATM,Debit Card,0,0,TXN_101799,CUST_11799
58,Checking,Payment,Electronics,100.55,22630.91,22530.36,7,Tokyo,Mobile App,UPI / Wallet,0,0,TXN_103003,CUST_13003
18,Credit,Payment,Entertainment,103.08,2025.32,1922.24,19,Toronto,ATM,UPI / Wallet,0,0,TXN_105523,CUST_15523
23,Checking,Deposit,Electronics,17.46,20293.23,20425.77,4,Singapore,ATM,Credit Card,0,0,TXN_105557,CUST_15557
32,Savings,Transfer,Electronics,48.15,11407.39,11359.24,16,Berlin,POS Terminal,UPI / Wallet,0,0,TXN_102826,CUST_12826
65,Checking,Payment,Utilities,304.01,5122.66,4818.65,13,Mumbai,Mobile App,Wire Transfer,0,0,TXN_102377,CUST_12377
52,Business,Deposit,Utilities,282.2,5470.65,5188.45,8,Singapore,ATM,Debit Card,0,0,TXN_106641,CUST_16641
42,Savings,Transfer,Groceries,71.55,10054.23,9982.68,12,Mumbai,Mobile App,Wire Transfer,0,0,TXN_104505,CUST_14505
41,Checking,Withdrawal,Travel,26.5,15873.6,15847.1,20,Mumbai,Mobile App,UPI / Wallet,0,0,TXN_102866,CUST_12866
30,Checking,Withdrawal,Travel,87.35,7319.57,7232.22,4,Tokyo,Mobile App,Wire Transfer,0,0,TXN_102967,CUST_12967
25,Checking,Withdrawal,Utilities,184.35,25101.21,24916.86,20,Toronto,Web Browser,Wire Transfer,0,0,TXN_101301,CUST_11301
20,Checking,Payment,Entertainment,116.76,15776.47,15659.71,1,Toronto,Web Browser,Debit Card,0,0,TXN_101277,CUST_11277
30,Checking,Transfer,Retail,46.46,19379.23,19332.77,23,Toronto,Web Browser,UPI / Wallet,0,0,TXN_101819,CUST_11819
65,Savings,Transfer,Travel,63.67,9158.73,9095.06,10,London,ATM,Debit Card,0,0,TXN_104467,CUST_14467
43,Savings,Payment,Travel,49.72,24128.71,24078.99,1,Mumbai,Web Browser,Credit Card,0,0,TXN_105477,CUST_15477
51,Credit,Deposit,Electronics,96.27,15454.3,15358.03,2,Mumbai,Web Browser,Debit Card,0,0,TXN_103191,CUST_13191
55,Savings,Payment,Groceries,218.34,3440.13,3221.79,21,Mumbai,ATM,Credit Card,0,0,TXN_106239,CUST_16239
18,Checking,Transfer,Entertainment,87.91,19172.5,19084.59,2,Berlin,ATM,Debit Card,0,0,TXN_100778,CUST_10778
67,Checking,Transfer,Electronics,145.05,25257.72,25112.67,19,Singapore,Web Browser,UPI / Wallet,0,1,TXN_106950,CUST_16950
57,Savings,Transfer,Electronics,74.69,25450.91,25376.22,7,Tokyo,Web Browser,Debit Card,1,0,TXN_103750,CUST_13750
29,Checking,Deposit,Entertainment,137.49,20645.07,20507.58,14,Tokyo,Mobile App,Debit Card,0,0,TXN_105879,CUST_15879
55,Savings,Payment,Travel,109.19,23686.52,23577.33,23,Mumbai,Web Browser,Credit Card,0,0,TXN_104975,CUST_14975
18,Checking,Deposit,Groceries,30.16,26111.29,26081.13,10,Tokyo,Mobile App,Wire Transfer,0,0,TXN_104380,CUST_14380
35,Credit,Transfer,Utilities,323.66,4751.0,4427.34,23,Berlin,ATM,Debit Card,0,0,TXN_100075,CUST_10075
45,Savings,Transfer,Groceries,710.93,24551.03,23840.1,21,Tokyo,ATM,Debit Card,0,0,TXN_103491,CUST_13491
41,Credit,Transfer,Utilities,52.29,10874.54,10822.25,6,London,Mobile App,Debit Card,0,0,TXN_102411,CUST_12411
22,Checking,Transfer,Utilities,205.52,23209.53,23004.01,13,Mumbai,Mobile App,Debit Card,0,0,TXN_106614,CUST_16614
58,Checking,Transfer,Travel,17.66,6680.86,6663.2,22,Mumbai,ATM,UPI / Wallet,0,1,TXN_100928,CUST_10928
18,Checking,Payment,Travel,284.92,22148.08,21863.16,18,Berlin,ATM,Credit Card,1,0,TXN_101041,CUST_11041
18,Business,Payment,Utilities,56.39,25809.96,25753.57,14,Toronto,Mobile App,UPI / Wallet,0,0,TXN_104674,CUST_14674
51,Savings,Payment,Travel,192.6,25818.49,25625.89,15,Singapore,Web Browser,UPI / Wallet,0,0,TXN_100903,CUST_10903
67,Credit,Transfer,Groceries,60.09,7661.96,7601.87,17,Mumbai,Mobile App,Credit Card,0,0,TXN_104463,CUST_14463
29,Savings,Payment,Groceries,72.05,25759.36,25687.31,0,Tokyo,ATM,Credit Card,0,0,TXN_104211,CUST_14211
20,Savings,Payment,Retail,71.47,25671.47,25600.0,0,Singapore,POS Terminal,Wire Transfer,0,0,TXN_101827,CUST_11827
64,Checking,Transfer,Entertainment,62.51,23480.99,23418.48,22,Toronto,Mobile App,UPI / Wallet,0,0,TXN_101697,CUST_11697
18,Savings,Deposit,Groceries,242.87,10626.75,10383.88,8,Tokyo,Web Browser,UPI / Wallet,0,0,TXN_106415,CUST_16415
46,Savings,Payment,Entertainment,161.99,24590.25,24428.26,0,Berlin,Mobile App,Debit Card,0,0,TXN_103531,CUST_13531
29,Checking,Withdrawal,Utilities,46.02,21356.59,21310.57,3,Berlin,Mobile App,Debit Card,0,0,TXN_103046,CUST_13046
36,Savings,Payment,Entertainment,223.45,18509.06,18285.61,14,Tokyo,Mobile App,Debit Card,0,0,TXN_103406,CUST_13406
18,Savings,Deposit,Groceries,28.29,22536.1,22507.81,0,Tokyo,POS Terminal,UPI / Wallet,0,0,TXN_103008,CUST_13008
68,Credit,Payment,Utilities,116.66,19394.9,19278.24,19,Singapore,ATM,Debit Card,0,0,TXN_100325,CUST_10325
55,Checking,Withdrawal,Entertainment,5.13,22721.42,22716.29,3,Berlin,POS Terminal,Debit Card,0,1,TXN_106301,CUST_16301
67,Savings,Transfer,Utilities,586.76,22000.94,21414.18,16,Singapore,Web Browser,Wire Transfer,1,0,TXN_103925,CUST_13925
18,Checking,Deposit,Travel,116.37,22975.97,22859.6,11,Mumbai,ATM,UPI / Wallet,0,0,TXN_102127,CUST_12127
42,Checking,Withdrawal,Entertainment,180.0,21715.94,21535.94,16,Singapore,POS Terminal,Wire Transfer,1,0,TXN_100353,CUST_10353
70,Checking,Transfer,Electronics,19.34,17230.18,17210.84,1,Singapore,Mobile App,UPI / Wallet,0,0,TXN_103712,CUST_13712
63,Checking,Payment,Travel,39.27,14980.31,14941.04,7,Mumbai,Web Browser,Credit Card,0,0,TXN_100919,CUST_10919
20,Checking,Payment,Utilities,263.33,17347.96,17084.63,12,Mumbai,POS Terminal,Wire Transfer,0,0,TXN_100086,CUST_10086
35,Savings,Payment,Travel,24.47,9442.25,9417.78,7,Toronto,Web Browser,Debit Card,0,0,TXN_103545,CUST_13545
62,Savings,Payment,Utilities,41.51,16369.09,16327.58,13,Toronto,ATM,Debit Card,0,0,TXN_100225,CUST_10225
75,Savings,Payment,Utilities,120.94,24083.13,23962.19,14,Toronto,Mobile App,UPI / Wallet,0,0,TXN_105122,CUST_15122
58,Savings,Deposit,Entertainment,118.55,20856.92,20738.37,16,New York,Web Browser,UPI / Wallet,0,1,TXN_105944,CUST_15944
23,Savings,Withdrawal,Retail,74.16,21940.31,21866.15,16,Berlin,Mobile App,Wire Transfer,1,0,TXN_104108,CUST_14108
18,Checking,Transfer,Groceries,257.23,24097.8,23840.57,1,Singapore,Mobile App,Debit Card,0,1,TXN_100401,CUST_10401
58,Checking,Payment,Entertainment,214.24,5935.89,5721.65,0,Tokyo,Mobile App,Debit Card,0,0,TXN_105361,CUST_15361
24,Checking,Transfer,Travel,45.13,4941.09,4895.96,6,Berlin,ATM,Debit Card,0,0,TXN_106135,CUST_16135
25,Business,Payment,Retail,1.61,9958.26,9956.65,18,Berlin,Mobile App,Debit Card,1,0,TXN_105918,CUST_15918
37,Savings,Withdrawal,Travel,20.06,20727.4,20707.34,7,Berlin,Mobile App,Debit Card,1,0,TXN_103834,CUST_13834
32,Savings,Withdrawal,Groceries,7.69,24941.25,24933.56,0,Berlin,Web Browser,Debit Card,1,0,TXN_106172,CUST_16172
23,Credit,Transfer,Electronics,127.63,15424.05,15296.42,6,Singapore,Mobile App,UPI / Wallet,0,0,TXN_103124,CUST_13124
48,Checking,Transfer,Groceries,47.73,5958.27,5910.54,6,Tokyo,POS Terminal,UPI / Wallet,0,1,TXN_104940,CUST_14940
27,Savings,Deposit,Groceries,143.14,13971.28,13828.14,19,Berlin,ATM,Debit Card,0,0,TXN_101023,CUST_11023
20,Savings,Transfer,Retail,89.1,13001.11,12912.01,0,Berlin,Web Browser,Debit Card,0,1,TXN_104853,CUST_14853
38,Checking,Withdrawal,Travel,125.79,5638.7,5512.91,14,Singapore,ATM,Debit Card,1,0,TXN_103682,CUST_13682
18,Savings,Withdrawal,Groceries,72.57,23644.55,23571.98,21,Mumbai,Web Browser,Debit Card,0,0,TXN_103289,CUST_13289
78,Checking,Payment,Utilities,6.47,24455.02,24448.55,0,Singapore,Mobile App,Debit Card,0,0,TXN_102751,CUST_12751
43,Checking,Withdrawal,Retail,34.83,25269.7,25234.87,18,London,Web Browser,UPI / Wallet,0,0,TXN_101521,CUST_11521
54,Savings,Withdrawal,Entertainment,76.77,12241.91,12165.14,15,Mumbai,ATM,Wire Transfer,0,0,TXN_106671,CUST_16671
30,Checking,Payment,Retail,9.73,21752.27,21742.54,19,Toronto,Mobile App,Wire Transfer,1,0,TXN_100855,CUST_10855
37,Savings,Deposit,Groceries,213.06,24820.21,24607.15,2,New York,Mobile App,Debit Card,0,0,TXN_106453,CUST_16453
56,Checking,Transfer,Entertainment,33.13,22654.42,22621.29,21,London,Web Browser,UPI / Wallet,0,0,TXN_101267,CUST_11267
27,Credit,Transfer,Entertainment,150.49,20940.4,20789.91,21,New York,ATM,Debit Card,0,0,TXN_104816,CUST_14816
30,Checking,Deposit,Groceries,73.61,25001.67,24928.06,1,Toronto,Mobile App,Wire Transfer,0,0,TXN_106425,CUST_16425
57,Savings,Withdrawal,Electronics,0.97,20484.85,20483.88,9,Tokyo,Mobile App,Wire Transfer,1,0,TXN_102776,CUST_12776
74,Checking,Payment,Travel,3.8,5145.59,5141.79,22,New York,Mobile App,Debit Card,0,0,TXN_105630,CUST_15630
32,Savings,Deposit,Groceries,8.8,22138.76,22129.96,6,Berlin,ATM,Debit Card,0,0,TXN_106092,CUST_16092
20,Checking,Transfer,Retail,63.76,27897.03,27833.27,5,New York,POS Terminal,Debit Card,0,0,TXN_105904,CUST_15904
62,Savings,Transfer,Entertainment,17.25,27962.88,27945.63,12,Tokyo,Web Browser,Debit Card,0,0,TXN_104605,CUST_14605
18,Savings,Transfer,Utilities,72.57,23675.96,23603.39,5,Mumbai,Mobile App,Debit Card,0,0,TXN_102451,CUST_12451
22,Checking,Transfer,Utilities,205.52,23209.53,23004.01,13,Mumbai,Mobile App,Debit Card,0,0,TXN_106614,CUST_16614
18,Checking,Transfer,Entertainment,6.35,22094.29,22087.94,5,Berlin,POS Terminal,Credit Card,0,0,TXN_101573,CUST_11573
22,Checking,Withdrawal,Utilities,20.32,22493.8,22473.48,10,Mumbai,Web Browser,Wire Transfer,0,1,TXN_106974,CUST_16974
25,Business,Payment,Electronics,19.63,15642.05,15622.42,9,Tokyo,Web Browser,UPI / Wallet,0,0,TXN_103537,CUST_13537
51,Savings,Withdrawal,Groceries,210.99,6417.45,6206.46,19,Mumbai,ATM,Wire Transfer,0,0,TXN_103975,CUST_13975
33,Savings,Withdrawal,Groceries,58.68,27120.32,27061.64,13,Mumbai,Web Browser,Wire Transfer,1,0,TXN_106262,CUST_16262
61,Credit,Deposit,Groceries,17.2,433.5,416.3,0,Berlin,Mobile App,UPI / Wallet,0,1,TXN_104443,CUST_14443
72,Savings,Deposit,Retail,25.04,2983.69,2958.65,3,London,Mobile App,Debit Card,0,0,TXN_101675,CUST_11675
18,Checking,Transfer,Utilities,7.56,23029.93,23022.37,8,Tokyo,POS Terminal,Debit Card,1,0,TXN_102097,CUST_12097
58,Savings,Payment,Electronics,7.18,3700.5,3693.32,14,Mumbai,POS Terminal,Credit Card,0,0,TXN_102798,CUST_12798
24,Savings,Payment,Travel,462.57,19051.97,18589.4,11,Toronto,POS Terminal,Credit Card,0,0,TXN_101102,CUST_11102
24,Checking,Payment,Groceries,30.41,10813.38,10782.97,4,Tokyo,Web Browser,Wire Transfer,0,0,TXN_105883,CUST_15883
44,Savings,Transfer,Groceries,109.69,23313.7,23204.01,23,Mumbai,ATM,Wire Transfer,1,0,TXN_105601,CUST_15601
55,Business,Transfer,Entertainment,114.12,22990.78,22876.66,9,Singapore,Mobile App,Debit Card,0,0,TXN_102978,CUST_12978
43,Business,Withdrawal,Entertainment,63.02,21350.34,21287.32,21,London,POS Terminal,Wire Transfer,0,1,TXN_106613,CUST_16613
69,Savings,Deposit,Electronics,7.61,7634.7,7627.09,12,Toronto,ATM,Debit Card,0,0,TXN_100829,CUST_10829
52,Credit,Payment,Entertainment,458.74,11410.53,10951.79,0,London,Web Browser,Credit Card,0,0,TXN_102000,CUST_12000
20,Checking,Deposit,Entertainment,64.11,15281.67,15367.56,10,Singapore,Web Browser,Debit Card,0,0,TXN_102335,CUST_12335
53,Checking,Transfer,Groceries,164.43,3813.51,3649.08,19,Berlin,ATM,UPI / Wallet,0,0,TXN_105081,CUST_15081
63,Savings,Payment,Travel,314.45,22889.8,22575.35,13,London,Mobile App,Credit Card,0,0,TXN_104921,CUST_14921
73,Savings,Deposit,Groceries,36.76,21449.95,21413.19,6,Tokyo,POS Terminal,UPI / Wallet,1,0,TXN_104329,CUST_14329
18,Savings,Withdrawal,Retail,47.6,27529.0,27481.4,2,Berlin,POS Terminal,UPI / Wallet,0,1,TXN_104655,CUST_14655
67,Savings,Payment,Groceries,720.86,6151.11,5430.25,21,Toronto,Mobile App,Debit Card,0,1,TXN_100890,CUST_10890
29,Savings,Payment,Groceries,35.26,12571.99,12536.73,11,Mumbai,ATM,Debit Card,0,0,TXN_101815,CUST_11815
29,Savings,Withdrawal,Electronics,434.86,25387.96,24953.1,18,Toronto,Mobile App,Wire Transfer,0,0,TXN_101555,CUST_11555
60,Checking,Payment,Entertainment,97.43,11818.39,11720.96,2,Singapore,Mobile App,Credit Card,0,0,TXN_101388,CUST_11388
19,Credit,Payment,Groceries,109.12,21306.8,21197.68,22,Singapore,Mobile App,UPI / Wallet,0,0,TXN_105764,CUST_15764
37,Checking,Payment,Travel,182.48,22824.8,22642.32,16,New York,Mobile App,Credit Card,0,0,TXN_100643,CUST_10643
21,Savings,Transfer,Utilities,61.31,25389.42,25328.11,0,Singapore,Mobile App,UPI / Wallet,0,0,TXN_100486,CUST_10486
18,Credit,Payment,Electronics,141.0,16738.31,16597.31,7,Singapore,ATM,UPI / Wallet,0,0,TXN_100781,CUST_10781
50,Credit,Withdrawal,Retail,44.19,24685.81,24641.62,9,Berlin,POS Terminal,UPI / Wallet,0,0,TXN_104247,CUST_14247
18,Savings,Transfer,Electronics,42.71,14493.9,14451.19,8,Tokyo,ATM,UPI / Wallet,0,0,TXN_103300,CUST_13300
20,Savings,Payment,Utilities,35.04,23200.37,23165.33,4,London,Web Browser,Debit Card,1,0,TXN_106157,CUST_16157
18,Savings,Withdrawal,Groceries,75.52,23898.45,23822.93,15,Mumbai,POS Terminal,UPI / Wallet,0,0,TXN_105357,CUST_15357
37,Checking,Payment,Entertainment,0.18,27043.37,27043.19,1,New York,Mobile App,Debit Card,0,0,TXN_101907,CUST_11907
32,Checking,Payment,Travel,140.72,14166.23,14025.51,22,Tokyo,POS Terminal,UPI / Wallet,0,0,TXN_105284,CUST_15284
69,Savings,Payment,Travel,118.91,12330.42,12211.51,4,Mumbai,Web Browser,Credit Card,1,0,TXN_102063,CUST_12063
38,Checking,Transfer,Groceries,378.98,17650.68,17271.7,14,Mumbai,ATM,UPI / Wallet,0,0,TXN_105587,CUST_15587
67,Credit,Payment,Groceries,4.34,26500.19,26645.85,1,Singapore,POS Terminal,Wire Transfer,0,0,TXN_102458,CUST_12458
62,Checking,Transfer,Electronics,491.66,18930.57,18438.91,17,Mumbai,ATM,Debit Card,0,0,TXN_101161,CUST_11161
53,Savings,Deposit,Electronics,96.16,10833.32,10737.16,22,Singapore,POS Terminal,Debit Card,0,0,TXN_103287,CUST_13287
19,Checking,Withdrawal,Travel,257.66,22764.86,22507.2,18,Berlin,POS Terminal,UPI / Wallet,0,0,TXN_102531,CUST_12531
66,Credit,Transfer,Retail,94.11,17235.19,17141.08,21,Tokyo,ATM,Wire Transfer,0,0,TXN_100562,CUST_10562
72,Checking,Withdrawal,Entertainment,443.77,23877.44,23433.67,11,Singapore,Web Browser,Debit Card,1,0,TXN_106220,CUST_16220
61,Savings,Transfer,Utilities,3.14,22680.45,22677.31,11,Berlin,Web Browser,Wire Transfer,0,1,TXN_105083,CUST_15083
24,Checking,Transfer,Groceries,37.65,20287.65,20250.0,10,London,Mobile App,Credit Card,0,0,TXN_102181,CUST_12181
20,Checking,Transfer,Groceries,58.35,4160.96,4102.61,14,New York,Mobile App,Wire Transfer,0,0,TXN_105310,CUST_15310
56,Checking,Transfer,Groceries,38.03,22258.46,22220.43,7,London,Web Browser,UPI / Wallet,0,0,TXN_100640,CUST_10640
18,Checking,Payment,Utilities,41.85,22302.22,22260.37,10,Berlin,POS Terminal,UPI / Wallet,0,0,TXN_102345,CUST_12345
18,Savings,Payment,Travel,74.69,14475.01,14400.32,22,New York,Mobile App,Debit Card,0,0,TXN_105218,CUST_15218
62,Savings,Payment,Entertainment,29.27,14062.24,14182.97,22,Berlin,POS Terminal,UPI / Wallet,0,0,TXN_103143,CUST_13143
18,Credit,Payment,Utilities,27.49,21290.3,21262.81,20,New York,Web Browser,Debit Card,0,0,TXN_105029,CUST_15029
57,Checking,Payment,Entertainment,62.57,20644.29,20581.72,4,Toronto,ATM,Debit Card,0,1,TXN_106254,CUST_16254
18,Savings,Withdrawal,Groceries,144.39,26197.85,26053.46,13,Mumbai,POS Terminal,UPI / Wallet,0,1,TXN_101076,CUST_11076
61,Savings,Transfer,Electronics,125.81,20940.74,20814.93,11,New York,POS Terminal,Wire Transfer,0,0,TXN_105230,CUST_15230
62,Savings,Transfer,Travel,4.39,5894.09,5889.7,10,Tokyo,Mobile App,Wire Transfer,0,0,TXN_105114,CUST_15114
24,Savings,Deposit,Groceries,111.83,16765.94,16654.11,4,Toronto,Web Browser,UPI / Wallet,0,0,TXN_104459,CUST_14459
65,Savings,Payment,Travel,16.72,25749.42,25732.7,13,Tokyo,ATM,UPI / Wallet,0,0,TXN_106992,CUST_16992
21,Savings,Withdrawal,Retail,18.34,15327.06,15308.72,21,Toronto,Mobile App,UPI / Wallet,0,0,TXN_101960,CUST_11960
18,Credit,Transfer,Entertainment,502.26,14422.88,13920.62,11,New York,POS Terminal,Wire Transfer,0,0,TXN_106621,CUST_16621
32,Savings,Payment,Retail,11.15,16126.54,16115.39,0,Berlin,ATM,UPI / Wallet,0,0,TXN_100494,CUST_10494
27,Business,Deposit,Groceries,19.69,21770.01,21750.32,5,New York,Mobile App,Debit Card,0,0,TXN_102651,CUST_12651
59,Savings,Payment,Groceries,24.17,27015.8,26991.63,4,Singapore,Web Browser,UPI / Wallet,0,1,TXN_101382,CUST_11382
37,Checking,Transfer,Entertainment,96.34,3655.7,3559.36,17,Toronto,Web Browser,Wire Transfer,0,0,TXN_103067,CUST_13067
41,Checking,Transfer,Groceries,51.88,18987.66,18935.78,12,Berlin,POS Terminal,Wire Transfer,0,0,TXN_100971,CUST_10971
66,Checking,Deposit,Groceries,219.92,16031.99,15812.07,12,Singapore,Mobile App,Debit Card,0,0,TXN_100127,CUST_10127
34,Savings,Withdrawal,Entertainment,161.49,27153.18,26991.69,12,Tokyo,Mobile App,Wire Transfer,0,0,TXN_103666,CUST_13666
43,Business,Payment,Travel,98.8,16506.01,16407.21,5,Toronto,Web Browser,UPI / Wallet,0,0,TXN_105257,CUST_15257
40,Credit,Withdrawal,Groceries,130.25,11946.29,11816.04,23,Tokyo,ATM,Debit Card,1,0,TXN_106099,CUST_16099
18,Checking,Deposit,Retail,159.45,24991.96,24982.51,22,Mumbai,Mobile App,Wire Transfer,0,0,TXN_103305,CUST_13305
64,Credit,Transfer,Groceries,10.35,21405.19,21394.84,14,Berlin,POS Terminal,UPI / Wallet,0,0,TXN_100784,CUST_10784
64,Checking,Transfer,Groceries,94.79,16357.01,16262.22,19,Tokyo,Web Browser,Wire Transfer,0,0,TXN_103790,CUST_13790
67,Credit,Deposit,Groceries,82.73,4839.95,4757.22,12,Tokyo,Web Browser,Wire Transfer,0,0,TXN_105022,CUST_15022
21,Checking,Withdrawal,Groceries,774.39,21345.25,20570.86,9,London,Web Browser,UPI / Wallet,1,1,TXN_106980,CUST_16980
50,Savings,Transfer,Groceries,93.11,4735.45,4642.34,18,Toronto,Mobile App,UPI / Wallet,0,0,TXN_101263,CUST_11263
64,Credit,Transfer,Groceries,10.35,21405.19,21394.84,14,Berlin,POS Terminal,UPI / Wallet,0,0,TXN_100784,CUST_10784
44,Credit,Deposit,Travel,442.03,5529.1,5087.07,11,Singapore,Mobile App,Wire Transfer,0,0,TXN_102173,CUST_12173
41,Credit,Transfer,Entertainment,796.15,16551.09,15754.94,16,Toronto,Mobile App,Debit Card,0,0,TXN_103610,CUST_13610
69,Savings,Transfer,Travel,16.71,26803.25,26786.54,8,Mumbai,Web Browser,Debit Card,0,0,TXN_106260,CUST_16260
18,Credit,Withdrawal,Travel,61.96,23969.15,23907.19,2,Mumbai,POS Terminal,Debit Card,0,1,TXN_102148,CUST_12148
40,Checking,Payment,Groceries,11.21,7703.77,7692.56,19,Tokyo,ATM,Wire Transfer,0,0,TXN_100544,CUST_10544
62,Credit,Transfer,Electronics,66.83,13955.8,13888.97,17,Mumbai,ATM,Wire Transfer,0,1,TXN_103109,CUST_13109
55,Business,Payment,Utilities,54.7,24124.52,24069.82,13,Tokyo,Mobile App,UPI / Wallet,0,0,TXN_105128,CUST_15128
20,Credit,Payment,Electronics,74.73,6378.63,6303.9,17,Mumbai,Mobile App,UPI / Wallet,1,0,TXN_105814,CUST_15814
21,Checking,Payment,Retail,253.36,22943.14,22689.78,1,Tokyo,Mobile App,Debit Card,1,0,TXN_103681,CUST_13681
23,Savings,Transfer,Travel,83.26,24854.92,24771.66,13,Tokyo,ATM,Wire Transfer,0,0,TXN_102184,CUST_12184
71,Checking,Payment,Groceries,165.43,16894.2,16728.77,9,Singapore,POS Terminal,Debit Card,0,1,TXN_102662,CUST_12662
68,Credit,Payment,Groceries,985.46,22101.24,21115.78,0,London,Mobile App,UPI / Wallet,1,0,TXN_103039,CUST_13039
18,Credit,Withdrawal,Retail,61.16,667.63,606.47,9,London,Web Browser,Debit Card,1,0,TXN_101132,CUST_11132
60,Checking,Transfer,Entertainment,50.66,24412.32,24361.66,22,Berlin,Mobile App,UPI / Wallet,0,1,TXN_106295,CUST_16295
35,Savings,Transfer,Electronics,400.04,16076.45,15676.41,13,Berlin,Mobile App,UPI / Wallet,0,1,TXN_105917,CUST_15917
62,Savings,Transfer,Utilities,29.92,18390.64,18360.72,20,Mumbai,Web Browser,Debit Card,0,0,TXN_106212,CUST_16212
62,Savings,Deposit,Electronics,23.4,22634.06,22610.66,17,Tokyo,POS Terminal,Credit Card,0,0,TXN_106322,CUST_16322
33,Checking,Payment,Entertainment,90.56,20233.54,20292.98,14,Mumbai,ATM,Debit Card,0,0,TXN_101831,CUST_11831
27,Credit,Payment,Groceries,752.02,18419.71,17667.69,1,New York,Mobile App,Credit Card,0,1,TXN_101755,CUST_11755
52,Business,Deposit,Utilities,282.2,5470.65,5188.45,8,Singapore,ATM,Debit Card,0,0,TXN_106641,CUST_16641
27,Savings,Withdrawal,Groceries,49.14,21804.5,21755.36,4,Berlin,Web Browser,Debit Card,0,0,TXN_106119,CUST_16119
43,Savings,Withdrawal,Retail,15.99,10832.31,10816.32,14,Singapore,ATM,UPI / Wallet,0,0,TXN_103904,CUST_13904
18,Checking,Deposit,Travel,246.61,12978.4,12731.79,5,Tokyo,Web Browser,Credit Card,0,1,TXN_101639,CUST_11639
60,Checking,Deposit,Retail,189.3,7854.78,7665.48,18,Mumbai,POS Terminal,Wire Transfer,0,0,TXN_105285,CUST_15285
66,Credit,Transfer,Travel,153.27,17688.46,17535.19,13,Berlin,POS Terminal,Debit Card,0,0,TXN_105302,CUST_15302
63,Savings,Transfer,Utilities,53.36,14005.58,13952.22,20,Toronto,POS Terminal,UPI / Wallet,0,0,TXN_101000,CUST_11000
30,Savings,Withdrawal,Utilities,140.72,21123.93,20983.21,7,Berlin,Mobile App,Credit Card,0,0,TXN_106329,CUST_16329
42,Business,Transfer,Travel,118.63,22289.43,22170.8,18,Mumbai,Mobile App,Wire Transfer,0,0,TXN_100444,CUST_10444
18,Checking,Payment,Groceries,141.41,4495.84,4354.43,5,Mumbai,Web Browser,UPI / Wallet,1,0,TXN_102951,CUST_12951
29,Savings,Deposit,Entertainment,129.43,27107.49,26978.06,19,Singapore,Mobile App,UPI / Wallet,0,0,TXN_106113,CUST_16113
47,Savings,Payment,Retail,232.88,26039.14,25806.26,2,Mumbai,Mobile App,Wire Transfer,0,0,TXN_101839,CUST_11839
27,Credit,Payment,Electronics,526.44,26473.39,25946.95,4,Toronto,Web Browser,Debit Card,0,1,TXN_101390,CUST_11390
18,Checking,Transfer,Groceries,971.49,23993.99,23022.5,17,London,Mobile App,Wire Transfer,0,0,TXN_104870,CUST_14870
59,Savings,Transfer,Utilities,111.43,24372.95,24261.52,11,Tokyo,Mobile App,Debit Card,1,0,TXN_105011,CUST_15011
60,Savings,Withdrawal,Utilities,229.54,16039.06,15809.52,19,Tokyo,POS Terminal,Debit Card,0,0,TXN_103526,CUST_13526
20,Savings,Transfer,Entertainment,277.33,27238.53,26961.2,1,London,Mobile App,Credit Card,0,0,TXN_102211,CUST_12211
18,Savings,Withdrawal,Travel,6.44,26599.9,26593.46,3,London,Web Browser,UPI / Wallet,0,0,TXN_101921,CUST_11921
25,Savings,Payment,Groceries,266.75,2198.06,1931.31,22,New York,Mobile App,Credit Card,0,0,TXN_103732,CUST_13732
22,Checking,Transfer,Groceries,8.29,22449.34,22441.05,18,Mumbai,POS Terminal,Wire Transfer,0,0,TXN_106406,CUST_16406
43,Checking,Withdrawal,Entertainment,8.5,18656.29,18647.79,15,Berlin,POS Terminal,UPI / Wallet,0,0,TXN_103861,CUST_13861
66,Credit,Transfer,Groceries,98.32,25555.15,25456.83,22,Toronto,POS Terminal,Credit Card,0,0,TXN_104334,CUST_14334
74,Credit,Transfer,Travel,44.82,19639.16,19594.34,14,Berlin,Web Browser,UPI / Wallet,0,0,TXN_101526,CUST_11526
77,Savings,Payment,Retail,64.57,19518.35,19453.78,21,Singapore,Web Browser,Debit Card,0,0,TXN_100862,CUST_10862
68,Savings,Transfer,Travel,142.69,18438.31,18295.62,19,New York,POS Terminal,Debit Card,0,0,TXN_106760,CUST_16760
50,Business,Deposit,Travel,10.72,16086.72,16076.0,5,New York,Mobile App,Debit Card,0,0,TXN_101251,CUST_11251
58,Savings,Deposit,Groceries,122.06,3683.84,3561.78,14,Berlin,Web Browser,UPI / Wallet,0,0,TXN_101101,CUST_11101
25,Checking,Transfer,Entertainment,14.46,26174.05,26159.59,8,Mumbai,Mobile App,Credit Card,0,0,TXN_105960,CUST_15960
21,Credit,Withdrawal,Entertainment,4.32,10787.35,10783.03,2,Mumbai,ATM,Wire Transfer,0,0,TXN_102622,CUST_12622
60,Savings,Transfer,Retail,75.77,23263.74,23187.97,21,Mumbai,Web Browser,Debit Card,0,0,TXN_100380,CUST_10380
53,Business,Transfer,Travel,13.8,18243.01,18229.21,3,Mumbai,Web Browser,UPI / Wallet,0,0,TXN_103683,CUST_13683
46,Checking,Deposit,Travel,234.39,24064.76,23830.37,0,Mumbai,ATM,Debit Card,0,0,TXN_100795,CUST_10795
27,Savings,Payment,Retail,55.16,24699.27,24644.11,16,Tokyo,Mobile App,Credit Card,0,1,TXN_106238,CUST_16238
60,Business,Payment,Groceries,0.8,14462.16,14461.36,17,Mumbai,ATM,Wire Transfer,0,0,TXN_106192,CUST_16192
67,Business,Transfer,Entertainment,155.0,27271.94,27116.94,1,Tokyo,Mobile App,UPI / Wallet,0,0,TXN_103416,CUST_13416
18,Savings,Transfer,Entertainment,17.71,7169.73,7302.02,5,Berlin,Web Browser,Debit Card,0,0,TXN_105021,CUST_15021
71,Savings,Transfer,Travel,30.13,25101.4,25071.27,5,Toronto,Mobile App,UPI / Wallet,0,0,TXN_104255,CUST_14255
62,Credit,Transfer,Utilities,146.27,21649.11,21502.84,15,Tokyo,Web Browser,Wire Transfer,0,0,TXN_101466,CUST_11466
72,Savings,Payment,Travel,349.76,19726.5,19526.74,15,Toronto,ATM,Debit Card,0,1,TXN_106622,CUST_16622
25,Savings,Payment,Groceries,143.39,16161.25,16167.86,11,Tokyo,Mobile App,Wire Transfer,0,0,TXN_106763,CUST_16763
18,Checking,Transfer,Entertainment,46.11,20357.5,20311.39,2,Mumbai,ATM,Wire Transfer,0,0,TXN_102526,CUST_12526
40,Checking,Transfer,Travel,313.5,17802.94,17489.44,13,London,POS Terminal,Debit Card,1,1,TXN_106396,CUST_16396
57,Checking,Payment,Groceries,5.81,24013.99,24008.18,2,Tokyo,ATM,Debit Card,0,0,TXN_103585,CUST_13585
67,Checking,Payment,Electronics,38.33,26962.19,26923.86,23,New York,Mobile App,Credit Card,1,0,TXN_103247,CUST_13247
18,Checking,Payment,Groceries,27.6,25440.71,25413.11,6,Singapore,Mobile App,Debit Card,0,0,TXN_104432,CUST_14432
35,Savings,Transfer,Entertainment,13.71,17950.18,17936.47,6,Tokyo,Mobile App,UPI / Wallet,0,0,TXN_100989,CUST_10989
58,Savings,Payment,Groceries,141.17,25501.32,25360.15,11,Mumbai,Mobile App,Wire Transfer,0,0,TXN_100042,CUST_10042
43,Savings,Deposit,Travel,150.41,25109.82,25109.41,9,New York,Web Browser,Debit Card,0,0,TXN_105629,CUST_15629
34,Savings,Deposit,Travel,40.98,21994.25,21953.27,7,Mumbai,Mobile App,Debit Card,0,0,TXN_105498,CUST_15498
18,Savings,Withdrawal,Entertainment,0.83,22518.3,22517.47,1,Tokyo,Mobile App,Wire Transfer,1,0,TXN_106223,CUST_16223
30,Savings,Deposit,Electronics,293.21,21783.63,21490.42,11,Berlin,Mobile App,Wire Transfer,0,0,TXN_106839,CUST_16839
33,Savings,Payment,Entertainment,600.11,22398.55,21798.44,1,Mumbai,Mobile App,Debit Card,0,0,TXN_101876,CUST_11876
25,Checking,Payment,Utilities,50.96,22091.18,22040.22,0,Mumbai,Web Browser,Wire Transfer,0,0,TXN_104134,CUST_14134
61,Credit,Payment,Travel,182.14,23636.53,23454.39,9,Toronto,Mobile App,Debit Card,0,0,TXN_102029,CUST_12029
53,Checking,Transfer,Groceries,116.77,23499.14,23382.37,3,Berlin,Mobile App,UPI / Wallet,0,0,TXN_101347,CUST_11347
58,Credit,Payment,Electronics,11.74,23993.31,23981.57,15,Toronto,Web Browser,UPI / Wallet,0,0,TXN_105844,CUST_15844
40,Checking,Payment,Groceries,11.21,7703.77,7692.56,19,Tokyo,ATM,Wire Transfer,0,0,TXN_100544,CUST_10544
25,Checking,Transfer,Groceries,62.54,23353.13,23290.59,9,London,Web Browser,UPI / Wallet,0,0,TXN_103134,CUST_13134
35,Business,Withdrawal,Retail,3.47,9186.81,9183.34,12,London,POS Terminal,Wire Transfer,0,1,TXN_103627,CUST_13627
42,Savings,Deposit,Groceries,85.29,23139.5,23054.21,19,Mumbai,Web Browser,Debit Card,0,1,TXN_103752,CUST_13752
29,Savings,Deposit,Utilities,473.25,26028.37,25555.12,2,Toronto,Mobile App,Debit Card,0,0,TXN_103281,CUST_13281
37,Checking,Transfer,Travel,2.81,20770.96,20768.15,4,Singapore,ATM,UPI / Wallet,0,0,TXN_105272,CUST_15272
43,Checking,Withdrawal,Retail,42.94,18725.06,18682.12,2,Toronto,Web Browser,Wire Transfer,0,0,TXN_103194,CUST_13194
33,Checking,Transfer,Retail,48.71,13169.4,13120.69,18,London,Web Browser,Credit Card,1,0,TXN_106668,CUST_16668
18,Credit,Deposit,Electronics,168.15,9745.48,9727.33,4,Singapore,POS Terminal,Credit Card,0,1,TXN_102904,CUST_12904
33,Savings,Payment,Retail,2.49,21096.84,21094.35,18,Berlin,Mobile App,Debit Card,0,0,TXN_104448,CUST_14448
36,Checking,Payment,Electronics,38.06,15717.16,15679.1,0,Tokyo,ATM,Wire Transfer,0,0,TXN_101696,CUST_11696
39,Checking,Deposit,Retail,161.45,19916.47,19755.02,16,Mumbai,ATM,Debit Card,0,0,TXN_103295,CUST_13295
31,Checking,Payment,Groceries,69.75,10528.83,10459.08,21,Tokyo,Web Browser,Credit Card,0,0,TXN_106518,CUST_16518
61,Savings,Deposit,Electronics,419.84,11693.82,11273.98,2,Mumbai,ATM,Debit Card,0,0,TXN_101007,CUST_11007
37,Savings,Withdrawal,Travel,17.22,24236.77,24219.55,23,Singapore,Mobile App,Debit Card,0,0,TXN_100800,CUST_10800
60,Credit,Transfer,Travel,107.92,12622.88,12514.96,17,New York,ATM,Debit Card,1,0,TXN_105008,CUST_15008
39,Savings,Payment,Utilities,367.44,12776.86,12409.42,4,Tokyo,Mobile App,Debit Card,0,0,TXN_103181,CUST_13181
40,Checking,Withdrawal,Groceries,1015.9,20878.58,19862.68,4,New York,ATM,Debit Card,0,0,TXN_106998,CUST_16998
56,Business,Payment,Utilities,110.72,24391.54,24280.82,21,Berlin,POS Terminal,Debit Card,0,0,TXN_105722,CUST_15722
41,Business,Transfer,Groceries,158.69,26302.22,26143.53,22,Toronto,Mobile App,Wire Transfer,0,1,TXN_102082,CUST_12082
24,Savings,Deposit,Travel,61.7,22113.69,22051.99,22,Singapore,Mobile App,Credit Card,0,0,TXN_101844,CUST_11844
18,Checking,Deposit,Retail,13.67,17116.51,17102.84,21,Mumbai,Web Browser,UPI / Wallet,0,0,TXN_102691,CUST_12691
30,Checking,Transfer,Electronics,34.36,19432.2,19397.84,10,New York,Web Browser,UPI / Wallet,0,0,TXN_102900,CUST_12900
28,Savings,Payment,Utilities,232.38,23007.38,22775.0,11,Mumbai,POS Terminal,Wire Transfer,0,0,TXN_102021,CUST_12021
21,Savings,Transfer,Groceries,65.94,19701.81,19635.87,19,Mumbai,Mobile App,Debit Card,0,0,TXN_101625,CUST_11625
56,Checking,Withdrawal,Electronics,134.32,22982.57,22848.25,10,London,Web Browser,Debit Card,0,0,TXN_100262,CUST_10262
41,Credit,Payment,Retail,60.54,16781.75,16721.21,18,Tokyo,POS Terminal,UPI / Wallet,1,0,TXN_103234,CUST_13234
75,Savings,Transfer,Entertainment,106.15,17509.21,17403.06,13,Mumbai,Web Browser,Debit Card,0,0,TXN_102461,CUST_12461
22,Savings,Withdrawal,Utilities,37.58,1541.1,1503.52,18,New York,Web Browser,UPI / Wallet,0,0,TXN_103271,CUST_13271
24,Credit,Withdrawal,Groceries,203.83,19659.88,19456.05,5,New York,Mobile App,UPI / Wallet,0,0,TXN_106844,CUST_16844
39,Savings,Transfer,Electronics,19.1,4711.1,4692.0,18,Mumbai,Mobile App,Credit Card,0,0,TXN_103107,CUST_13107
18,Business,Transfer,Groceries,7.92,26112.37,26104.45,12,New York,Mobile App,Debit Card,0,0,TXN_101039,CUST_11039
18,Credit,Payment,Groceries,89.16,15860.35,15771.19,20,Mumbai,Mobile App,Wire Transfer,0,0,TXN_104950,CUST_14950
75,Savings,Transfer,Entertainment,93.05,16315.24,16222.19,4,London,Mobile App,Debit Card,0,0,TXN_105027,CUST_15027
18,Savings,Withdrawal,Utilities,41.98,22390.73,22348.75,17,Tokyo,ATM,Credit Card,0,0,TXN_106577,CUST_16577
63,Savings,Transfer,Retail,131.31,21972.45,21841.14,5,Berlin,ATM,UPI / Wallet,0,0,TXN_106545,CUST_16545
38,Credit,Transfer,Entertainment,307.97,6691.39,6383.42,21,Berlin,Web Browser,UPI / Wallet,0,0,TXN_102727,CUST_12727
24,Checking,Deposit,Entertainment,174.38,6367.68,6193.3,23,London,Web Browser,Credit Card,0,0,TXN_106059,CUST_16059
35,Business,Transfer,Utilities,322.69,8931.0,8758.31,9,Toronto,POS Terminal,UPI / Wallet,0,0,TXN_104657,CUST_14657
63,Checking,Payment,Retail,63.6,7031.94,6968.34,3,Tokyo,POS Terminal,Wire Transfer,0,1,TXN_102992,CUST_12992
24,Savings,Payment,Entertainment,68.03,13925.23,13857.2,20,Tokyo,Web Browser,Debit Card,0,1,TXN_100226,CUST_10226
49,Checking,Transfer,Retail,173.53,25394.67,25371.14,1,Tokyo,Mobile App,Debit Card,0,0,TXN_102288,CUST_12288
35,Savings,Payment,Travel,21.82,22995.48,22973.66,9,New York,Mobile App,Debit Card,0,0,TXN_104303,CUST_14303
55,Checking,Payment,Retail,36.78,23253.73,23216.95,0,Toronto,ATM,Wire Transfer,0,0,TXN_104326,CUST_14326
59,Checking,Transfer,Entertainment,368.36,23714.91,23346.55,10,New York,Mobile App,Debit Card,1,1,TXN_105972,CUST_15972
50,Savings,Payment,Travel,88.66,22351.89,22263.23,6,Berlin,Web Browser,Wire Transfer,0,1,TXN_105050,CUST_15050
44,Business,Withdrawal,Travel,37.04,1097.55,1060.51,20,Berlin,Mobile App,UPI / Wallet,1,0,TXN_101400,CUST_11400
67,Credit,Transfer,Electronics,28.32,23124.83,23096.51,16,Tokyo,Mobile App,Debit Card,0,0,TXN_100949,CUST_10949
22,Credit,Transfer,Groceries,124.24,16558.64,16584.4,23,Mumbai,Web Browser,Wire Transfer,0,0,TXN_105212,CUST_15212
21,Savings,Payment,Entertainment,106.2,17342.01,17235.81,9,New York,Web Browser,Debit Card,0,0,TXN_106439,CUST_16439
65,Savings,Payment,Groceries,205.8,21338.35,21132.55,20,Toronto,POS Terminal,Debit Card,0,0,TXN_104377,CUST_14377
76,Checking,Payment,Groceries,88.07,18363.43,18275.36,20,New York,ATM,Wire Transfer,0,1,TXN_101987,CUST_11987
33,Business,Payment,Travel,51.11,8386.57,8335.46,6,Berlin,Web Browser,Credit Card,1,0,TXN_102204,CUST_12204
18,Savings,Payment,Travel,11.98,26157.08,26145.1,15,Tokyo,ATM,UPI / Wallet,0,0,TXN_105602,CUST_15602
64,Savings,Withdrawal,Groceries,4.41,5492.92,5488.51,2,New York,Mobile App,Debit Card,0,0,TXN_102468,CUST_12468
68,Credit,Payment,Entertainment,344.86,25146.9,24952.04,13,New York,Web Browser,UPI / Wallet,1,0,TXN_106910,CUST_16910
27,Checking,Transfer,Retail,25.41,18185.59,18160.18,22,Tokyo,ATM,Debit Card,0,0,TXN_102744,CUST_12744
26,Checking,Deposit,Travel,71.29,18147.02,18075.73,6,Toronto,Web Browser,Wire Transfer,1,0,TXN_100745,CUST_10745
33,Credit,Withdrawal,Electronics,15.09,375.0,359.91,21,Berlin,POS Terminal,Debit Card,0,0,TXN_106704,CUST_16704
54,Checking,Transfer,Utilities,177.63,4806.9,4629.27,17,Berlin,Mobile App,Wire Transfer,0,0,TXN_103038,CUST_13038
24,Checking,Deposit,Groceries,95.17,22112.2,22017.03,11,London,Web Browser,UPI / Wallet,0,0,TXN_103855,CUST_13855
18,Credit,Deposit,Entertainment,82.36,20979.56,20897.2,5,New York,POS Terminal,Debit Card,0,0,TXN_106495,CUST_16495
36,Credit,Withdrawal,Electronics,67.12,8007.88,7940.76,12,Tokyo,POS Terminal,Debit Card,0,0,TXN_103546,CUST_13546
24,Credit,Transfer,Travel,27.17,27455.1,27427.93,22,Toronto,Mobile App,Debit Card,0,1,TXN_103971,CUST_13971
18,Savings,Payment,Travel,38.72,15468.48,15429.76,0,Berlin,Web Browser,Debit Card,0,0,TXN_104428,CUST_14428
61,Checking,Transfer,Groceries,291.56,6932.01,6640.45,22,New York,Web Browser,Credit Card,0,1,TXN_106963,CUST_16963
18,Savings,Transfer,Retail,113.72,24256.32,24142.6,16,Tokyo,Web Browser,UPI / Wallet,0,0,TXN_103920,CUST_13920
60,Credit,Transfer,Electronics,36.35,25010.6,24974.25,7,Berlin,Mobile App,Wire Transfer,0,0,TXN_103804,CUST_13804
36,Business,Transfer,Travel,97.4,18103.48,18006.08,23,Singapore,Web Browser,UPI / Wallet,0,0,TXN_105658,CUST_15658
72,Savings,Transfer,Travel,203.25,23944.78,23741.53,6,Toronto,Web Browser,Debit Card,0,0,TXN_104597,CUST_14597
18,Checking,Deposit,Entertainment,289.92,24490.7,24200.78,18,Mumbai,ATM,Debit Card,0,0,TXN_102652,CUST_12652
54,Checking,Transfer,Groceries,327.62,18921.35,18593.73,1,Tokyo,POS Terminal,Credit Card,0,0,TXN_102835,CUST_12835
22,Credit,Payment,Entertainment,11.78,17160.81,17149.03,13,New York,Web Browser,Wire Transfer,0,0,TXN_104837,CUST_14837
18,Savings,Payment,Travel,113.05,1793.1,1680.05,21,Berlin,Mobile App,Credit Card,0,0,TXN_103962,CUST_13962
48,Checking,Transfer,Retail,160.58,23819.89,23659.31,9,London,ATM,Wire Transfer,0,0,TXN_102755,CUST_12755
30,Checking,Payment,Groceries,74.14,21904.66,21830.52,0,Toronto,Mobile App,Wire Transfer,0,0,TXN_105421,CUST_15421
48,Credit,Payment,Travel,236.47,21889.68,21653.21,4,Mumbai,POS Terminal,Credit Card,0,1,TXN_101980,CUST_11980
18,Savings,Payment,Travel,32.79,13408.22,13375.43,11,London,ATM,Debit Card,1,1,TXN_103119,CUST_13119
46,Savings,Withdrawal,Entertainment,604.47,2821.78,2217.31,8,New York,POS Terminal,Wire Transfer,0,0,TXN_106054,CUST_16054
54,Savings,Withdrawal,Travel,45.46,21331.25,21285.79,16,Berlin,Mobile App,Wire Transfer,0,0,TXN_101230,CUST_11230
24,Savings,Withdrawal,Groceries,20.55,3589.76,3569.21,11,Mumbai,Mobile App,Debit Card,0,0,TXN_101790,CUST_11790
22,Savings,Payment,Groceries,151.99,17394.71,17242.72,0,Berlin,Mobile App,Debit Card,0,1,TXN_104795,CUST_14795
24,Checking,Deposit,Utilities,95.2,1654.69,1559.49,4,Tokyo,ATM,UPI / Wallet,0,0,TXN_100331,CUST_10331
36,Savings,Transfer,Travel,48.81,22360.95,22312.14,9,New York,Mobile App,Debit Card,0,0,TXN_100036,CUST_10036
35,Checking,Deposit,Groceries,106.54,22708.36,22601.82,22,Toronto,Mobile App,Credit Card,0,0,TXN_101761,CUST_11761
37,Checking,Payment,Groceries,134.24,1101.54,967.3,23,Tokyo,Mobile App,Wire Transfer,1,1,TXN_103283,CUST_13283
66,Savings,Transfer,Retail,48.55,16586.01,16537.46,11,London,Mobile App,Wire Transfer,1,0,TXN_101647,CUST_11647
41,Savings,Withdrawal,Travel,33.33,17303.15,17419.82,15,Berlin,Web Browser,UPI / Wallet,0,0,TXN_103278,CUST_13278
53,Savings,Transfer,Electronics,55.29,20775.23,20719.94,13,Tokyo,Mobile App,UPI / Wallet,0,0,TXN_106945,CUST_16945
34,Credit,Payment,Utilities,33.32,25123.43,25090.11,16,New York,POS Terminal,Wire Transfer,0,0,TXN_100372,CUST_10372
23,Savings,Transfer,Electronics,488.92,6280.7,5941.78,12,Tokyo,Web Browser,UPI / Wallet,0,0,TXN_101461,CUST_11461
53,Savings,Transfer,Groceries,188.8,20160.17,19971.37,0,Toronto,Mobile App,Credit Card,0,1,TXN_106659,CUST_16659
78,Checking,Payment,Travel,110.14,23796.02,23685.88,20,Mumbai,Mobile App,Debit Card,0,0,TXN_106335,CUST_16335
38,Checking,Payment,Groceries,27.12,22499.37,22472.25,7,Tokyo,ATM,UPI / Wallet,0,0,TXN_103322,CUST_13322
23,Savings,Transfer,Utilities,270.73,26943.6,26672.87,11,Mumbai,ATM,UPI / Wallet,0,0,TXN_103196,CUST_13196
18,Savings,Transfer,Travel,152.17,18800.89,18648.72,2,Mumbai,ATM,Credit Card,0,0,TXN_101654,CUST_11654
28,Savings,Withdrawal,Retail,384.91,22039.87,21654.96,18,Toronto,Mobile App,Debit Card,0,1,TXN_100481,CUST_10481
20,Checking,Transfer,Retail,368.74,26545.81,26177.07,15,Tokyo,Mobile App,Debit Card,0,0,TXN_100346,CUST_10346
20,Savings,Transfer,Travel,4.63,23945.07,23940.44,7,Mumbai,POS Terminal,Debit Card,1,0,TXN_101077,CUST_11077
18,Checking,Transfer,Electronics,331.96,8034.71,7702.75,1,Toronto,POS Terminal,UPI / Wallet,1,0,TXN_106159,CUST_16159
60,Business,Deposit,Electronics,68.83,26751.3,26682.47,14,Singapore,Web Browser,Debit Card,0,0,TXN_105236,CUST_15236
27,Savings,Transfer,Travel,18.86,26116.93,26098.07,17,Berlin,Web Browser,Debit Card,0,0,TXN_104909,CUST_14909
42,Savings,Transfer,Groceries,137.25,23490.73,23353.48,16,Berlin,POS Terminal,Debit Card,0,1,TXN_100342,CUST_10342
57,Checking,Payment,Groceries,150.95,25126.62,24975.67,2,Berlin,Mobile App,UPI / Wallet,0,0,TXN_103936,CUST_13936
61,Checking,Transfer,Retail,33.18,28224.26,28191.08,10,Tokyo,ATM,UPI / Wallet,0,0,TXN_101095,CUST_11095
75,Checking,Payment,Utilities,23.04,16385.11,16362.07,22,Singapore,Web Browser,Credit Card,0,1,TXN_106688,CUST_16688
18,Checking,Transfer,Electronics,100.08,1787.55,1687.47,21,Berlin,POS Terminal,UPI / Wallet,0,0,TXN_100836,CUST_10836
48,Savings,Transfer,Retail,81.84,21745.59,21663.75,19,Toronto,POS Terminal,Debit Card,0,0,TXN_102676,CUST_12676
24,Savings,Withdrawal,Retail,118.11,17658.7,17690.59,22,Mumbai,ATM,Debit Card,0,0,TXN_106783,CUST_16783
20,Checking,Deposit,Travel,1.09,21123.39,21122.3,11,New York,POS Terminal,UPI / Wallet,0,1,TXN_103578,CUST_13578
28,Savings,Withdrawal,Travel,210.01,19654.03,19444.02,15,Singapore,Mobile App,Debit Card,0,0,TXN_101854,CUST_11854
18,Savings,Deposit,Groceries,13.9,19774.49,19760.59,2,London,Mobile App,Debit Card,0,0,TXN_101484,CUST_11484
34,Savings,Transfer,Groceries,26.09,19049.8,19023.71,2,Toronto,POS Terminal,Debit Card,0,0,TXN_106478,CUST_16478
71,Credit,Deposit,Travel,490.81,19544.09,19053.28,22,Singapore,Mobile App,Debit Card,0,1,TXN_104234,CUST_14234
28,Business,Payment,Entertainment,176.36,13884.01,13707.65,21,Toronto,Mobile App,Debit Card,1,0,TXN_102252,CUST_12252
58,Checking,Transfer,Entertainment,100.74,1512.04,1411.3,6,Toronto,Web Browser,Credit Card,0,1,TXN_104414,CUST_14414
22,Savings,Withdrawal,Electronics,33.3,24865.6,24832.3,22,Singapore,Mobile App,Wire Transfer,0,0,TXN_104803,CUST_14803
65,Savings,Transfer,Entertainment,44.94,13246.24,13201.3,6,Singapore,POS Terminal,Credit Card,0,0,TXN_100912,CUST_10912
42,Checking,Transfer,Utilities,82.92,7714.91,7631.99,13,Berlin,Mobile App,Debit Card,0,0,TXN_101421,CUST_11421
63,Checking,Payment,Travel,168.91,25257.65,25088.74,0,Singapore,Web Browser,Debit Card,1,0,TXN_105820,CUST_15820
37,Savings,Withdrawal,Travel,20.06,20727.4,20707.34,7,Berlin,Mobile App,Debit Card,1,0,TXN_103834,CUST_13834
69,Checking,Transfer,Groceries,123.94,21986.55,21862.61,23,London,POS Terminal,Wire Transfer,0,0,TXN_102993,CUST_12993
49,Checking,Payment,Entertainment,417.15,7604.48,7187.33,23,Mumbai,POS Terminal,Debit Card,0,0,TXN_106715,CUST_16715
63,Checking,Payment,Entertainment,212.49,21275.43,21062.94,2,Toronto,ATM,Wire Transfer,0,0,TXN_102712,CUST_12712
26,Business,Transfer,Groceries,88.73,25363.31,25274.58,5,Toronto,Mobile App,Wire Transfer,0,0,TXN_104794,CUST_14794
60,Business,Deposit,Electronics,68.83,26751.3,26682.47,14,Singapore,Web Browser,Debit Card,0,0,TXN_105236,CUST_15236
18,Savings,Transfer,Utilities,124.05,19858.49,19884.44,0,Singapore,Mobile App,Wire Transfer,0,0,TXN_105296,CUST_15296
44,Credit,Transfer,Retail,518.48,21526.15,21007.67,20,New York,Web Browser,Wire Transfer,0,0,TXN_105784,CUST_15784
64,Savings,Deposit,Groceries,401.28,25676.15,25274.87,11,Toronto,ATM,Credit Card,0,0,TXN_100856,CUST_10856
31,Savings,Transfer,Electronics,544.67,23138.23,22593.56,2,London,Mobile App,Debit Card,0,1,TXN_104604,CUST_14604
68,Savings,Transfer,Groceries,59.53,5432.75,5373.22,10,Mumbai,Web Browser,Debit Card,0,0,TXN_105967,CUST_15967
18,Savings,Transfer,Electronics,93.12,26114.31,26021.19,9,Toronto,POS Terminal,Wire Transfer,0,0,TXN_105938,CUST_15938
41,Savings,Transfer,Entertainment,547.24,22688.11,22140.87,0,Mumbai,Mobile App,Wire Transfer,0,0,TXN_101978,CUST_11978
21,Checking,Deposit,Travel,123.16,7257.02,7133.86,15,Toronto,Mobile App,UPI / Wallet,0,0,TXN_102498,CUST_12498
40,Savings,Transfer,Travel,97.56,14015.73,13918.17,11,Berlin,Mobile App,UPI / Wallet,0,0,TXN_102856,CUST_12856
25,Checking,Transfer,Electronics,3.49,20871.12,20867.63,15,Singapore,Web Browser,Wire Transfer,0,0,TXN_100677,CUST_10677
29,Savings,Payment,Entertainment,35.97,16479.33,16443.36,0,Mumbai,Mobile App,UPI / Wallet,0,0,TXN_103672,CUST_13672
53,Savings,Deposit,Groceries,145.72,12732.02,12586.3,9,Berlin,Mobile App,UPI / Wallet,1,0,TXN_103308,CUST_13308
35,Savings,Payment,Utilities,6.72,21211.85,21205.13,5,Toronto,Mobile App,Debit Card,0,0,TXN_104544,CUST_14544
29,Checking,Withdrawal,Entertainment,104.21,17179.96,17075.75,11,Berlin,Web Browser,UPI / Wallet,0,0,TXN_106683,CUST_16683
18,Savings,Withdrawal,Travel,37.95,8936.83,8898.88,21,Berlin,ATM,Wire Transfer,0,0,TXN_106363,CUST_16363
68,Business,Deposit,Entertainment,52.06,16640.26,16588.2,10,Mumbai,ATM,Credit Card,1,0,TXN_105743,CUST_15743
30,Savings,Payment,Utilities,21.27,21728.14,21706.87,12,Toronto,ATM,UPI / Wallet,0,1,TXN_103324,CUST_13324
65,Savings,Transfer,Entertainment,54.15,12201.49,12147.34,1,Singapore,Mobile App,Wire Transfer,0,0,TXN_103879,CUST_13879
63,Checking,Deposit,Electronics,169.32,13893.32,13724.0,5,New York,ATM,Debit Card,0,0,TXN_105984,CUST_15984
47,Savings,Deposit,Groceries,65.88,13825.97,13760.09,23,Tokyo,Web Browser,Credit Card,0,0,TXN_105200,CUST_15200
80,Checking,Transfer,Utilities,7.37,7082.55,7075.18,18,Berlin,POS Terminal,Debit Card,0,0,TXN_102868,CUST_12868
18,Savings,Payment,Entertainment,152.33,27851.52,27699.19,5,Singapore,Web Browser,Wire Transfer,0,0,TXN_106801,CUST_16801
20,Checking,Deposit,Entertainment,52.33,27095.04,27042.71,9,Tokyo,ATM,UPI / Wallet,0,0,TXN_105989,CUST_15989
70,Savings,Transfer,Utilities,33.39,6738.8,6705.41,15,Toronto,POS Terminal,Wire Transfer,0,0,TXN_101234,CUST_11234
47,Checking,Transfer,Entertainment,56.28,24966.06,24909.78,16,Berlin,ATM,Debit Card,0,0,TXN_104539,CUST_14539
36,Checking,Withdrawal,Utilities,126.07,10566.1,10440.03,17,Berlin,Web Browser,Debit Card,0,0,TXN_104354,CUST_14354
56,Checking,Transfer,Groceries,126.31,24733.5,24607.19,10,Singapore,Web Browser,UPI / Wallet,0,0,TXN_102051,CUST_12051
65,Credit,Payment,Groceries,83.35,21701.55,21618.2,8,London,ATM,Debit Card,0,0,TXN_102853,CUST_12853
18,Checking,Transfer,Travel,73.0,23186.84,23113.84,15,Singapore,POS Terminal,Debit Card,1,0,TXN_104789,CUST_14789
18,Credit,Transfer,Travel,161.16,24615.92,24454.76,14,Tokyo,POS Terminal,Credit Card,1,1,TXN_104485,CUST_14485
35,Checking,Deposit,Retail,60.48,21651.13,21590.65,21,London,Mobile App,Debit Card,0,0,TXN_105684,CUST_15684
24,Checking,Transfer,Travel,119.4,15449.81,15330.41,11,New York,Mobile App,UPI / Wallet,0,0,TXN_104346,CUST_14346
26,Credit,Withdrawal,Electronics,481.11,15417.3,14936.19,22,Toronto,ATM,Wire Transfer,0,0,TXN_105467,CUST_15467
61,Savings,Transfer,Travel,139.15,24350.12,24210.97,9,Mumbai,Mobile App,UPI / Wallet,0,0,TXN_103809,CUST_13809
40,Checking,Withdrawal,Entertainment,77.77,15891.53,15813.76,0,Tokyo,Web Browser,UPI / Wallet,0,0,TXN_106929,CUST_16929
71,Checking,Payment,Travel,92.84,15620.18,15527.34,18,Mumbai,Web Browser,UPI / Wallet,0,0,TXN_101226,CUST_11226
62,Checking,Deposit,Retail,400.28,27988.68,27588.4,15,Berlin,Web Browser,UPI / Wallet,0,1,TXN_101175,CUST_11175
43,Savings,Transfer,Electronics,148.78,24988.52,24839.74,12,New York,POS Terminal,Wire Transfer,0,0,TXN_106624,CUST_16624
18,Credit,Withdrawal,Retail,457.88,17590.16,17132.28,17,Mumbai,Mobile App,Credit Card,0,0,TXN_106497,CUST_16497
58,Savings,Transfer,Groceries,26.08,17809.39,17783.31,4,Tokyo,ATM,UPI / Wallet,0,0,TXN_105456,CUST_15456
23,Checking,Transfer,Travel,791.43,18310.03,17518.6,2,Tokyo,Mobile App,UPI / Wallet,0,0,TXN_103689,CUST_13689
48,Credit,Payment,Electronics,724.44,5173.91,4449.47,2,Berlin,POS Terminal,Debit Card,0,0,TXN_100489,CUST_10489
66,Savings,Withdrawal,Groceries,99.4,20360.02,20260.62,8,Mumbai,Web Browser,UPI / Wallet,0,0,TXN_106790,CUST_16790
25,Savings,Withdrawal,Travel,328.72,23591.96,23263.24,0,Berlin,Mobile App,Debit Card,0,0,TXN_101127,CUST_11127
56,Checking,Payment,Entertainment,252.86,10943.55,10690.69,9,Berlin,ATM,Debit Card,0,0,TXN_104902,CUST_14902
55,Checking,Transfer,Utilities,23.15,26653.17,26630.02,9,Tokyo,Web Browser,UPI / Wallet,0,0,TXN_103621,CUST_13621
64,Credit,Payment,Utilities,50.87,20945.2,20894.33,14,Toronto,ATM,Credit Card,1,0,TXN_103390,CUST_13390
26,Credit,Payment,Groceries,55.21,12521.13,12465.92,19,Tokyo,Web Browser,UPI / Wallet,0,0,TXN_106986,CUST_16986
33,Savings,Transfer,Electronics,352.85,18490.63,18137.78,13,Mumbai,ATM,Wire Transfer,1,1,TXN_106339,CUST_16339
61,Savings,Payment,Groceries,4.31,17957.29,17952.98,0,New York,ATM,Credit Card,0,0,TXN_100464,CUST_10464
25,Business,Payment,Entertainment,257.61,3985.67,3728.06,10,Singapore,Web Browser,Debit Card,0,0,TXN_105431,CUST_15431
18,Savings,Payment,Electronics,5.1,10423.67,10418.57,0,Berlin,ATM,Debit Card,0,0,TXN_104110,CUST_14110
49,Savings,Payment,Travel,7.78,23796.27,23788.49,1,Berlin,POS Terminal,UPI / Wallet,0,0,TXN_106937,CUST_16937
67,Credit,Transfer,Electronics,175.87,27674.68,27498.81,19,Tokyo,Web Browser,Wire Transfer,1,0,TXN_101759,CUST_11759
28,Checking,Deposit,Travel,81.14,22696.23,22615.09,19,Mumbai,ATM,Wire Transfer,0,0,TXN_101098,CUST_11098
18,Credit,Transfer,Electronics,191.65,19854.69,19663.04,21,Berlin,POS Terminal,UPI / Wallet,0,0,TXN_106779,CUST_16779
60,Checking,Payment,Entertainment,17.42,6608.13,6590.71,5,Toronto,Web Browser,Credit Card,0,0,TXN_102218,CUST_12218
19,Checking,Payment,Electronics,511.53,25074.06,24562.53,3,Toronto,ATM,Debit Card,0,0,TXN_103149,CUST_13149
22,Checking,Payment,Entertainment,19.8,11395.07,11375.27,0,Toronto,Mobile App,Wire Transfer,0,0,TXN_102918,CUST_12918
75,Checking,Transfer,Utilities,51.51,560.63,509.12,5,Tokyo,Web Browser,UPI / Wallet,0,0,TXN_106503,CUST_16503
30,Savings,Payment,Utilities,353.48,13227.54,12874.06,9,London,ATM,Debit Card,0,0,TXN_100187,CUST_10187
69,Business,Transfer,Electronics,31.1,16620.95,16589.85,6,New York,ATM,UPI / Wallet,0,0,TXN_104658,CUST_14658
41,Savings,Deposit,Retail,820.48,10716.13,9895.65,2,Mumbai,Web Browser,UPI / Wallet,0,0,TXN_105156,CUST_15156
18,Savings,Payment,Retail,35.52,12762.45,12726.93,2,Toronto,POS Terminal,Debit Card,0,0,TXN_100886,CUST_10886
66,Checking,Withdrawal,Utilities,466.66,9552.83,9086.17,2,Berlin,ATM,Debit Card,1,0,TXN_105785,CUST_15785
29,Checking,Transfer,Retail,364.18,20824.84,20460.66,2,Toronto,Mobile App,Debit Card,0,1,TXN_100660,CUST_10660
43,Checking,Payment,Retail,368.29,17141.19,16772.9,4,Berlin,Web Browser,Debit Card,0,0,TXN_101126,CUST_11126
62,Checking,Payment,Groceries,155.26,6864.72,6709.46,19,Berlin,Mobile App,Debit Card,0,0,TXN_105854,CUST_15854
58,Savings,Transfer,Groceries,26.08,17809.39,17783.31,4,Tokyo,ATM,UPI / Wallet,0,0,TXN_105456,CUST_15456
36,Savings,Transfer,Groceries,140.14,16483.02,16342.88,14,Berlin,ATM,Wire Transfer,0,0,TXN_102858,CUST_12858
64,Credit,Withdrawal,Retail,208.94,4588.94,4380.0,16,New York,Mobile App,UPI / Wallet,0,0,TXN_100299,CUST_10299
18,Checking,Payment,Utilities,90.16,5739.84,5649.68,14,Berlin,Mobile App,Debit Card,0,0,TXN_100550,CUST_10550
20,Credit,Payment,Travel,62.61,26020.83,25958.22,18,Tokyo,Mobile App,Debit Card,0,0,TXN_102170,CUST_12170
18,Checking,Payment,Retail,60.54,18831.26,18770.72,13,New York,ATM,UPI / Wallet,0,0,TXN_100057,CUST_10057
74,Checking,Withdrawal,Retail,141.96,23409.78,23267.82,5,Berlin,Web Browser,Wire Transfer,0,1,TXN_106736,CUST_16736
28,Savings,Transfer,Entertainment,21.52,24729.34,24707.82,9,Berlin,Mobile App,UPI / Wallet,0,0,TXN_103346,CUST_13346
18,Savings,Transfer,Retail,355.64,14005.45,13649.81,22,London,POS Terminal,Wire Transfer,0,0,TXN_103081,CUST_13081
59,Credit,Transfer,Groceries,39.75,25673.17,25633.42,22,New York,ATM,Debit Card,1,0,TXN_102432,CUST_12432
41,Checking,Payment,Travel,43.38,15727.5,15684.12,9,Tokyo,ATM,Wire Transfer,0,0,TXN_105047,CUST_15047
24,Checking,Payment,Utilities,186.66,24449.75,24263.09,18,Tokyo,Web Browser,Wire Transfer,0,0,TXN_101953,CUST_11953
18,Savings,Transfer,Groceries,51.35,23593.56,23692.21,9,Berlin,Web Browser,Debit Card,0,0,TXN_104682,CUST_14682
20,Savings,Payment,Entertainment,79.96,24600.02,24520.06,17,Tokyo,POS Terminal,Wire Transfer,1,0,TXN_102389,CUST_12389
18,Checking,Transfer,Utilities,7.56,23029.93,23022.37,8,Tokyo,POS Terminal,Debit Card,1,0,TXN_102097,CUST_12097
18,Savings,Transfer,Utilities,59.67,21263.48,21203.81,18,Tokyo,Web Browser,Debit Card,0,0,TXN_101370,CUST_11370
69,Savings,Transfer,Electronics,649.84,26154.89,25505.05,6,Singapore,POS Terminal,Debit Card,0,0,TXN_102147,CUST_12147
65,Checking,Payment,Entertainment,97.57,25648.47,25550.9,5,Toronto,POS Terminal,Wire Transfer,1,0,TXN_106308,CUST_16308
18,Credit,Transfer,Retail,296.93,2896.47,2599.54,3,Berlin,Mobile App,UPI / Wallet,0,1,TXN_105167,CUST_15167
25,Savings,Transfer,Groceries,98.79,9586.4,9487.61,7,Mumbai,POS Terminal,Debit Card,0,0,TXN_101869,CUST_11869
18,Checking,Payment,Entertainment,151.04,28130.78,27979.74,11,Singapore,Web Browser,Wire Transfer,0,0,TXN_100246,CUST_10246
57,Savings,Withdrawal,Travel,71.26,3011.07,2939.81,7,Toronto,ATM,Wire Transfer,1,0,TXN_106886,CUST_16886
71,Checking,Transfer,Groceries,45.42,23853.65,23808.23,1,Mumbai,Mobile App,UPI / Wallet,0,0,TXN_103215,CUST_13215
18,Savings,Payment,Electronics,159.53,10859.07,10699.54,13,Mumbai,Web Browser,Debit Card,0,0,TXN_101648,CUST_11648
18,Business,Deposit,Retail,40.07,26953.92,26913.85,7,Tokyo,POS Terminal,Debit Card,0,0,TXN_105140,CUST_15140
23,Savings,Transfer,Travel,39.66,27382.58,27342.92,4,Berlin,POS Terminal,Debit Card,0,0,TXN_105616,CUST_15616
56,Savings,Withdrawal,Entertainment,151.61,9851.22,9699.61,9,Berlin,Web Browser,Wire Transfer,1,0,TXN_100167,CUST_10167
29,Savings,Payment,Electronics,127.27,23729.4,23602.13,9,Singapore,Web Browser,Wire Transfer,0,0,TXN_106137,CUST_16137
61,Savings,Transfer,Electronics,196.65,26369.12,26172.47,14,Toronto,ATM,Debit Card,0,0,TXN_104611,CUST_14611
21,Credit,Payment,Travel,564.42,10952.09,10387.67,22,Mumbai,Web Browser,UPI / Wallet,1,0,TXN_104058,CUST_14058
59,Checking,Payment,Travel,50.77,24040.53,23989.76,16,Tokyo,ATM,Debit Card,0,0,TXN_100891,CUST_10891
24,Checking,Transfer,Travel,9.06,4948.43,4939.37,15,Singapore,Web Browser,Wire Transfer,0,0,TXN_101100,CUST_11100
19,Savings,Transfer,Entertainment,127.38,26019.24,25891.86,4,Singapore,Web Browser,Credit Card,0,0,TXN_102553,CUST_12553
80,Checking,Transfer,Utilities,7.37,7082.55,7075.18,18,Berlin,POS Terminal,Debit Card,0,0,TXN_102868,CUST_12868
31,Business,Transfer,Utilities,138.24,16559.69,16421.45,4,Mumbai,ATM,Debit Card,0,1,TXN_102431,CUST_12431
24,Credit,Deposit,Entertainment,63.31,21692.52,21629.21,12,New York,Mobile App,Credit Card,0,0,TXN_105839,CUST_15839
36,Savings,Payment,Travel,320.82,7668.27,7347.45,2,Tokyo,Mobile App,Credit Card,0,0,TXN_106586,CUST_16586
33,Savings,Payment,Retail,2.49,21096.84,21094.35,18,Berlin,Mobile App,Debit Card,0,0,TXN_104448,CUST_14448
66,Checking,Withdrawal,Groceries,103.56,15138.45,15034.89,23,Berlin,Web Browser,Debit Card,0,0,TXN_106181,CUST_16181
71,Checking,Withdrawal,Retail,378.75,15926.76,15548.01,5,Tokyo,Mobile App,Credit Card,0,0,TXN_103928,CUST_13928
27,Savings,Withdrawal,Utilities,5.27,4775.8,4770.53,15,Toronto,Mobile App,Debit Card,0,0,TXN_101632,CUST_11632
18,Savings,Withdrawal,Retail,539.92,22623.01,22083.09,2,New York,Web Browser,UPI / Wallet,0,0,TXN_102446,CUST_12446
46,Savings,Payment,Travel,195.29,4358.63,4163.34,4,Tokyo,Mobile App,Credit Card,0,0,TXN_104724,CUST_14724
57,Checking,Payment,Entertainment,594.86,23597.57,23002.71,13,Tokyo,POS Terminal,UPI / Wallet,0,1,TXN_103656,CUST_13656
19,Savings,Payment,Travel,71.7,25307.83,25236.13,22,New York,POS Terminal,UPI / Wallet,0,0,TXN_102274,CUST_12274
35,Savings,Transfer,Electronics,36.25,9286.09,9399.84,10,Mumbai,Web Browser,UPI / Wallet,0,0,TXN_105975,CUST_15975
28,Credit,Withdrawal,Travel,552.84,26745.11,26192.27,23,London,Web Browser,Wire Transfer,1,0,TXN_105273,CUST_15273
63,Checking,Deposit,Groceries,87.57,24709.44,24621.87,4,Tokyo,Web Browser,Debit Card,0,0,TXN_103055,CUST_13055
19,Checking,Deposit,Utilities,961.19,14247.05,13285.86,19,New York,Mobile App,UPI / Wallet,0,0,TXN_106300,CUST_16300
72,Checking,Withdrawal,Travel,120.93,27262.26,27141.33,17,New York,Web Browser,UPI / Wallet,0,0,TXN_102784,CUST_12784
34,Credit,Transfer,Groceries,127.21,14005.52,13878.31,0,Tokyo,Mobile App,Debit Card,0,0,TXN_104301,CUST_14301
66,Credit,Payment,Utilities,623.21,24079.08,23455.87,11,Tokyo,Mobile App,Debit Card,0,0,TXN_102854,CUST_12854
22,Savings,Transfer,Electronics,16.65,16344.09,16327.44,14,Singapore,Web Browser,Credit Card,0,0,TXN_105858,CUST_15858
49,Checking,Withdrawal,Entertainment,256.67,24097.13,23840.46,19,Singapore,ATM,Debit Card,0,0,TXN_105825,CUST_15825
18,Checking,Withdrawal,Travel,22.19,25938.4,25916.21,19,Tokyo,POS Terminal,Wire Transfer,0,0,TXN_104113,CUST_14113
40,Business,Payment,Utilities,39.34,24293.64,24254.3,14,Tokyo,POS Terminal,Credit Card,0,0,TXN_102745,CUST_12745
18,Checking,Payment,Utilities,426.41,14562.4,14135.99,16,Tokyo,POS Terminal,Debit Card,0,0,TXN_101200,CUST_11200
19,Credit,Transfer,Travel,17.86,12321.63,12303.77,7,Berlin,ATM,Debit Card,0,0,TXN_106266,CUST_16266
18,Checking,Payment,Retail,44.83,28021.76,27976.93,16,London,ATM,Debit Card,0,0,TXN_106456,CUST_16456
36,Savings,Payment,Groceries,6.81,699.31,692.5,9,Mumbai,Web Browser,Debit Card,0,0,TXN_101223,CUST_11223
26,Credit,Withdrawal,Electronics,481.11,15417.3,14936.19,22,Toronto,ATM,Wire Transfer,0,0,TXN_105467,CUST_15467
51,Savings,Payment,Electronics,239.03,16225.76,15986.73,5,London,Mobile App,Debit Card,0,0,TXN_100683,CUST_10683
18,Savings,Payment,Groceries,283.62,24992.25,24708.63,22,New York,ATM,Debit Card,1,0,TXN_104033,CUST_14033
30,Checking,Payment,Travel,69.49,24164.94,24095.45,9,Berlin,Web Browser,Debit Card,1,0,TXN_100618,CUST_10618
45,Checking,Withdrawal,Utilities,430.43,24055.84,23625.41,5,Berlin,Web Browser,UPI / Wallet,0,0,TXN_101593,CUST_11593
35,Checking,Deposit,Groceries,72.86,15144.13,15071.27,17,Singapore,Web Browser,Credit Card,0,0,TXN_103302,CUST_13302
67,Checking,Withdrawal,Entertainment,119.8,21463.84,21344.04,19,Tokyo,ATM,Debit Card,0,0,TXN_105328,CUST_15328
78,Savings,Payment,Retail,128.0,25179.99,25051.99,14,Berlin,POS Terminal,UPI / Wallet,0,0,TXN_102412,CUST_12412
18,Savings,Withdrawal,Retail,53.12,12860.49,12807.37,21,Singapore,Mobile App,Wire Transfer,0,0,TXN_101261,CUST_11261
69,Savings,Payment,Groceries,31.36,17220.33,17188.97,23,Tokyo,POS Terminal,Debit Card,0,0,TXN_104635,CUST_14635
69,Checking,Deposit,Travel,31.33,24450.33,24569.0,6,Berlin,Mobile App,Credit Card,0,0,TXN_102162,CUST_12162
29,Savings,Withdrawal,Electronics,310.77,280.22,0.0,0,Singapore,Web Browser,Debit Card,0,0,TXN_103493,CUST_13493
28,Credit,Withdrawal,Retail,22.34,21752.3,21729.96,0,New York,Web Browser,Debit Card,0,0,TXN_103580,CUST_13580
72,Checking,Payment,Utilities,160.9,23012.4,22851.5,4,Mumbai,Mobile App,Wire Transfer,0,0,TXN_103902,CUST_13902
43,Credit,Withdrawal,Travel,27.75,22737.89,22710.14,10,Tokyo,POS Terminal,UPI / Wallet,0,0,TXN_103115,CUST_13115
18,Savings,Payment,Electronics,93.82,19648.48,19554.66,7,Mumbai,POS Terminal,Credit Card,0,0,TXN_101768,CUST_11768
75,Savings,Transfer,Groceries,56.84,24691.84,24635.0,23,Berlin,Mobile App,Debit Card,0,0,TXN_102697,CUST_12697
20,Savings,Withdrawal,Entertainment,41.35,9935.32,9893.97,19,Mumbai,Web Browser,Credit Card,0,0,TXN_106609,CUST_16609
43,Savings,Payment,Travel,98.97,21394.03,21295.06,6,Tokyo,Web Browser,UPI / Wallet,1,0,TXN_100575,CUST_10575
60,Savings,Payment,Retail,119.18,8078.04,7958.86,19,Toronto,Mobile App,Wire Transfer,0,0,TXN_105268,CUST_15268
46,Checking,Deposit,Entertainment,168.16,26173.9,26005.74,18,Mumbai,Web Browser,UPI / Wallet,0,0,TXN_102991,CUST_12991
18,Savings,Payment,Entertainment,38.7,19266.99,19228.29,2,New York,Mobile App,Debit Card,0,0,TXN_106842,CUST_16842
30,Checking,Withdrawal,Utilities,115.51,23559.83,23444.32,20,Toronto,ATM,UPI / Wallet,0,0,TXN_105912,CUST_15912
44,Checking,Withdrawal,Travel,289.49,21808.69,21519.2,2,Mumbai,ATM,Wire Transfer,0,0,TXN_100402,CUST_10402
43,Credit,Transfer,Utilities,245.65,15775.07,15529.42,5,Berlin,ATM,Debit Card,1,0,TXN_104259,CUST_14259
18,Checking,Deposit,Travel,418.46,12047.75,11629.29,18,Toronto,Web Browser,Credit Card,0,0,TXN_105982,CUST_15982
18,Business,Payment,Entertainment,405.83,21652.43,21246.6,2,Toronto,Mobile App,UPI / Wallet,0,0,TXN_102979,CUST_12979
59,Checking,Withdrawal,Groceries,74.41,20774.57,20700.16,17,Tokyo,POS Terminal,Debit Card,0,0,TXN_105733,CUST_15733
54,Savings,Payment,Utilities,72.26,4115.4,4043.14,20,Singapore,Mobile App,Wire Transfer,0,0,TXN_100840,CUST_10840
18,Savings,Withdrawal,Utilities,1.01,21371.39,21370.38,23,Toronto,POS Terminal,Credit Card,0,0,TXN_102897,CUST_12897
35,Credit,Transfer,Groceries,15.45,17750.07,17734.62,0,Berlin,ATM,Wire Transfer,0,0,TXN_103142,CUST_13142
38,Credit,Withdrawal,Electronics,56.33,24316.03,24259.7,7,Singapore,Web Browser,UPI / Wallet,0,0,TXN_101065,CUST_11065
22,Savings,Payment,Entertainment,337.29,9226.39,8889.1,11,Tokyo,POS Terminal,Debit Card,0,0,TXN_101096,CUST_11096
57,Credit,Transfer,Groceries,76.75,8544.33,8467.58,3,Berlin,Web Browser,Debit Card,0,1,TXN_106116,CUST_16116
46,Credit,Transfer,Retail,53.51,26212.86,26159.35,10,Singapore,ATM,Debit Card,0,0,TXN_101848,CUST_11848
56,Checking,Transfer,Utilities,121.42,25014.62,24893.2,2,Tokyo,ATM,Debit Card,0,0,TXN_101017,CUST_11017
21,Savings,Deposit,Utilities,111.31,24078.2,23966.89,9,Toronto,Mobile App,Debit Card,0,0,TXN_102859,CUST_12859
19,Savings,Deposit,Retail,245.11,14087.39,13842.28,2,Mumbai,Web Browser,UPI / Wallet,0,0,TXN_103884,CUST_13884
21,Business,Transfer,Retail,26.01,3698.63,3672.62,5,Berlin,Mobile App,Debit Card,1,0,TXN_102812,CUST_12812
18,Credit,Withdrawal,Entertainment,43.04,22608.49,22565.45,7,Berlin,Web Browser,Debit Card,0,0,TXN_100479,CUST_10479
73,Savings,Payment,Groceries,80.73,23858.82,23778.09,4,Mumbai,POS Terminal,Debit Card,0,0,TXN_104261,CUST_14261
75,Savings,Transfer,Groceries,6.08,25301.7,25295.62,2,Berlin,Web Browser,Wire Transfer,0,0,TXN_103753,CUST_13753
21,Credit,Payment,Travel,564.42,10952.09,10387.67,22,Mumbai,Web Browser,UPI / Wallet,1,0,TXN_104058,CUST_14058
37,Savings,Deposit,Groceries,213.06,24820.21,24607.15,2,New York,Mobile App,Debit Card,0,0,TXN_106453,CUST_16453
37,Savings,Transfer,Utilities,66.42,11335.97,11269.55,10,Singapore,ATM,Debit Card,1,1,TXN_104112,CUST_14112
33,Checking,Payment,Entertainment,90.56,20233.54,20142.98,14,Mumbai,ATM,Debit Card,0,0,TXN_101831,CUST_11831
46,Credit,Transfer,Electronics,552.32,25145.62,24593.3,0,London,POS Terminal,UPI / Wallet,0,0,TXN_106716,CUST_16716
18,Checking,Payment,Entertainment,16.31,26032.32,26016.01,22,Singapore,Web Browser,Credit Card,0,0,TXN_105489,CUST_15489
71,Savings,Payment,Entertainment,71.37,23681.11,23759.74,18,London,ATM,Debit Card,0,0,TXN_104453,CUST_14453
44,Checking,Transfer,Travel,29.69,23469.76,23440.07,3,Toronto,Web Browser,UPI / Wallet,0,0,TXN_102528,CUST_12528
30,Checking,Payment,Travel,175.97,12068.57,11892.6,15,Mumbai,POS Terminal,Credit Card,0,0,TXN_102141,CUST_12141
50,Savings,Payment,Electronics,524.7,14662.64,14137.94,0,Toronto,POS Terminal,Debit Card,0,0,TXN_101131,CUST_11131
69,Checking,Withdrawal,Travel,66.19,20931.64,20865.45,2,New York,ATM,UPI / Wallet,0,1,TXN_101871,CUST_11871
63,Checking,Transfer,Electronics,16.98,20921.64,20904.66,17,Mumbai,Web Browser,Wire Transfer,0,0,TXN_100204,CUST_10204
32,Savings,Withdrawal,Groceries,7.69,24941.25,24933.56,0,Berlin,Web Browser,Debit Card,1,0,TXN_106172,CUST_16172
65,Savings,Transfer,Entertainment,172.88,25769.14,25596.26,20,Tokyo,Mobile App,UPI / Wallet,0,0,TXN_104325,CUST_14325
59,Savings,Deposit,Electronics,11.91,23136.5,23124.59,5,Tokyo,POS Terminal,Credit Card,0,0,TXN_103776,CUST_13776
60,Checking,Payment,Retail,506.44,27944.56,27438.12,0,Mumbai,Mobile App,UPI / Wallet,0,0,TXN_106153,CUST_16153
32,Checking,Transfer,Retail,63.92,24520.56,24456.64,0,London,ATM,Wire Transfer,0,0,TXN_101080,CUST_11080
69,Savings,Payment,Travel,121.26,22764.73,22643.47,9,Singapore,Mobile App,Debit Card,0,0,TXN_102166,CUST_12166
24,Savings,Payment,Travel,128.93,20938.41,20809.48,2,Tokyo,Mobile App,Debit Card,0,0,TXN_104074,CUST_14074
58,Savings,Withdrawal,Electronics,63.09,22920.01,22856.92,8,Tokyo,Web Browser,UPI / Wallet,0,0,TXN_106598,CUST_16598
40,Savings,Transfer,Electronics,22.85,24816.02,24793.17,14,Toronto,Mobile App,UPI / Wallet,0,0,TXN_102106,CUST_12106
18,Savings,Payment,Entertainment,84.14,17531.86,17447.72,9,Tokyo,Mobile App,Wire Transfer,0,0,TXN_102799,CUST_12799
71,Checking,Withdrawal,Travel,55.16,18171.43,18116.27,0,Toronto,Mobile App,Debit Card,0,0,TXN_100168,CUST_10168
18,Savings,Payment,Entertainment,4.4,19542.8,19688.4,10,Tokyo,POS Terminal,Debit Card,0,0,TXN_106365,CUST_16365
30,Checking,Transfer,Groceries,69.56,3030.25,2960.69,2,Mumbai,Mobile App,UPI / Wallet,0,0,TXN_101698,CUST_11698
22,Credit,Payment,Retail,303.92,22082.71,21778.79,11,Toronto,ATM,Wire Transfer,0,0,TXN_105194,CUST_15194
18,Credit,Transfer,Retail,284.92,6279.54,5994.62,2,Berlin,Web Browser,Debit Card,0,0,TXN_104814,CUST_14814
60,Checking,Transfer,Travel,125.03,23476.98,23351.95,23,Berlin,Mobile App,Debit Card,0,0,TXN_105165,CUST_15165
40,Checking,Transfer,Retail,54.06,18510.14,18456.08,8,London,POS Terminal,Credit Card,0,1,TXN_105800,CUST_15800
59,Credit,Withdrawal,Utilities,267.54,22073.11,21805.57,15,London,Mobile App,Wire Transfer,0,1,TXN_101509,CUST_11509
23,Checking,Transfer,Entertainment,135.61,17238.67,17103.06,8,Berlin,Mobile App,Wire Transfer,1,1,TXN_100519,CUST_10519
55,Savings,Payment,Utilities,138.65,12310.91,12172.26,9,Tokyo,Mobile App,Credit Card,0,0,TXN_100994,CUST_10994
19,Checking,Deposit,Travel,127.12,22486.63,22359.51,7,New York,Web Browser,Debit Card,0,0,TXN_101392,CUST_11392
67,Checking,Transfer,Travel,115.65,14019.22,13903.57,21,London,Web Browser,UPI / Wallet,1,0,TXN_102567,CUST_12567
67,Business,Payment,Entertainment,136.56,23113.21,22976.65,23,Tokyo,POS Terminal,Debit Card,1,0,TXN_101061,CUST_11061
71,Savings,Payment,Electronics,90.45,14058.35,13967.9,4,Tokyo,Mobile App,Debit Card,0,0,TXN_105646,CUST_15646
26,Savings,Withdrawal,Groceries,192.46,3834.0,3641.54,7,Berlin,POS Terminal,Wire Transfer,0,0,TXN_105085,CUST_15085
18,Savings,Transfer,Retail,132.12,7765.99,7633.87,5,Mumbai,Mobile App,UPI / Wallet,0,0,TXN_106109,CUST_16109
78,Checking,Deposit,Travel,173.03,25459.46,25286.43,20,Mumbai,Mobile App,UPI / Wallet,0,1,TXN_102233,CUST_12233
19,Savings,Transfer,Travel,34.9,16044.62,16009.72,12,London,Mobile App,Wire Transfer,0,0,TXN_101381,CUST_11381
57,Checking,Payment,Retail,396.44,10712.77,10316.33,15,Mumbai,POS Terminal,Debit Card,0,0,TXN_104651,CUST_14651
18,Checking,Transfer,Utilities,83.7,26676.85,26593.15,10,Berlin,Mobile App,UPI / Wallet,0,0,TXN_102971,CUST_12971
30,Savings,Transfer,Travel,2.66,21007.35,21004.69,23,Mumbai,ATM,Debit Card,0,0,TXN_100788,CUST_10788
18,Checking,Withdrawal,Entertainment,54.89,18504.75,18449.86,20,Toronto,ATM,Wire Transfer,0,0,TXN_103769,CUST_13769
28,Credit,Payment,Groceries,576.54,21306.21,20729.67,21,Toronto,Web Browser,Debit Card,0,1,TXN_106718,CUST_16718
74,Credit,Payment,Electronics,489.85,18449.95,17960.1,15,Tokyo,ATM,UPI / Wallet,0,0,TXN_101745,CUST_11745
18,Savings,Payment,Electronics,5.1,10423.67,10418.57,0,Berlin,ATM,Debit Card,0,0,TXN_104110,CUST_14110
30,Savings,Payment,Travel,237.32,8625.29,8387.97,3,New York,POS Terminal,Debit Card,0,0,TXN_106289,CUST_16289
27,Credit,Transfer,Retail,90.02,24044.14,24104.12,17,Mumbai,ATM,UPI / Wallet,0,0,TXN_100019,CUST_10019
56,Credit,Transfer,Utilities,150.37,23326.61,23176.24,7,Tokyo,Mobile App,Wire Transfer,0,0,TXN_103419,CUST_13419
56,Checking,Transfer,Groceries,15.82,23207.39,23191.57,16,Tokyo,Mobile App,UPI / Wallet,0,0,TXN_102405,CUST_12405
36,Savings,Payment,Travel,110.74,16885.65,16924.91,22,Berlin,Mobile App,Debit Card,0,0,TXN_105659,CUST_15659
61,Checking,Payment,Groceries,36.79,1875.07,1838.28,11,Toronto,Mobile App,Credit Card,0,0,TXN_106474,CUST_16474
48,Checking,Transfer,Groceries,8.51,10153.32,10144.81,15,London,ATM,UPI / Wallet,0,1,TXN_101469,CUST_11469
18,Credit,Transfer,Retail,63.98,1088.92,1024.94,3,Singapore,ATM,Debit Card,1,1,TXN_100669,CUST_10669
22,Credit,Withdrawal,Groceries,100.14,26166.03,26065.89,15,Berlin,Mobile App,Debit Card,0,0,TXN_106142,CUST_16142
18,Checking,Transfer,Utilities,91.07,10287.77,10196.7,4,Toronto,ATM,Wire Transfer,0,0,TXN_102416,CUST_12416
36,Checking,Withdrawal,Entertainment,526.1,24805.29,24279.19,21,Singapore,Web Browser,UPI / Wallet,0,0,TXN_100518,CUST_10518
53,Checking,Deposit,Electronics,128.5,26449.48,26320.98,9,New York,POS Terminal,Credit Card,1,0,TXN_104858,CUST_14858
77,Savings,Transfer,Groceries,155.98,2006.96,1850.98,8,Tokyo,Mobile App,Debit Card,0,0,TXN_101417,CUST_11417
55,Business,Transfer,Utilities,5.68,25255.93,25250.25,11,Toronto,Mobile App,Debit Card,0,0,TXN_102342,CUST_12342
42,Savings,Deposit,Entertainment,75.7,17301.79,17226.09,7,Singapore,POS Terminal,Wire Transfer,1,0,TXN_105788,CUST_15788
43,Credit,Payment,Retail,147.95,20265.98,20118.03,3,New York,Mobile App,Wire Transfer,1,0,TXN_103856,CUST_13856
43,Savings,Transfer,Groceries,69.1,24297.4,24228.3,10,Toronto,POS Terminal,Debit Card,0,0,TXN_100599,CUST_10599
61,Savings,Transfer,Electronics,171.97,3662.76,3640.79,6,New York,POS Terminal,Debit Card,0,0,TXN_101649,CUST_11649
37,Business,Transfer,Travel,232.91,10748.37,10515.46,11,Tokyo,Mobile App,Wire Transfer,0,0,TXN_101212,CUST_11212
65,Credit,Payment,Electronics,82.4,893.4,811.0,19,Berlin,ATM,Debit Card,0,0,TXN_103937,CUST_13937
44,Checking,Withdrawal,Travel,289.49,21808.69,21519.2,2,Mumbai,ATM,Wire Transfer,0,0,TXN_100402,CUST_10402
40,Business,Payment,Travel,559.41,21741.6,21182.19,14,Tokyo,POS Terminal,UPI / Wallet,0,1,TXN_106983,CUST_16983
22,Savings,Withdrawal,Travel,143.43,10484.62,10341.19,7,Berlin,POS Terminal,Debit Card,0,0,TXN_103407,CUST_13407
68,Savings,Withdrawal,Entertainment,597.6,23224.01,22626.41,4,Mumbai,ATM,Wire Transfer,0,0,TXN_104819,CUST_14819
41,Business,Withdrawal,Groceries,253.19,25073.87,24820.68,4,London,POS Terminal,Credit Card,0,0,TXN_100992,CUST_10992
59,Business,Deposit,Electronics,46.45,22548.65,22502.2,23,Tokyo,POS Terminal,Debit Card,0,0,TXN_105205,CUST_15205
18,Savings,Payment,Entertainment,13.54,18781.54,18768.0,16,Tokyo,ATM,Wire Transfer,1,0,TXN_101435,CUST_11435
59,Checking,Payment,Retail,379.29,8509.84,8130.55,6,Tokyo,Mobile App,Credit Card,0,1,TXN_102484,CUST_12484
18,Checking,Withdrawal,Travel,184.3,6653.73,6469.43,6,New York,Mobile App,UPI / Wallet,0,1,TXN_103959,CUST_13959
59,Credit,Withdrawal,Retail,30.79,28228.22,28197.43,10,Mumbai,ATM,Wire Transfer,0,0,TXN_102996,CUST_12996
62,Credit,Withdrawal,Groceries,92.19,22713.3,22621.11,12,Toronto,ATM,Credit Card,0,0,TXN_101490,CUST_11490
27,Checking,Withdrawal,Groceries,73.29,6470.12,6396.83,7,London,ATM,UPI / Wallet,0,0,TXN_105298,CUST_15298
56,Checking,Withdrawal,Utilities,1.92,1313.67,1461.75,20,Singapore,Mobile App,Debit Card,0,0,TXN_100657,CUST_10657
40,Checking,Payment,Retail,214.45,22810.33,22595.88,17,Berlin,Mobile App,Credit Card,0,0,TXN_101809,CUST_11809
65,Checking,Withdrawal,Utilities,7.6,16407.73,16400.13,23,Tokyo,POS Terminal,Debit Card,0,1,TXN_102789,CUST_12789
40,Checking,Payment,Electronics,86.16,15954.53,15868.37,13,Tokyo,Web Browser,UPI / Wallet,0,0,TXN_106888,CUST_16888
56,Savings,Payment,Groceries,81.45,22096.31,22014.86,13,Mumbai,ATM,Wire Transfer,0,0,TXN_106110,CUST_16110
49,Credit,Withdrawal,Entertainment,6.8,21688.21,21681.41,4,Toronto,Mobile App,Wire Transfer,0,0,TXN_104161,CUST_14161
69,Credit,Transfer,Groceries,161.03,17692.81,17531.78,18,Mumbai,Mobile App,Wire Transfer,0,0,TXN_105381,CUST_15381
66,Savings,Deposit,Entertainment,89.05,2437.1,2348.05,18,Berlin,Web Browser,Credit Card,0,0,TXN_104135,CUST_14135
72,Checking,Transfer,Utilities,32.64,26839.5,26806.86,0,Tokyo,Web Browser,Wire Transfer,0,0,TXN_102844,CUST_12844
77,Checking,Payment,Entertainment,46.2,6139.7,6093.5,11,Mumbai,Mobile App,UPI / Wallet,0,0,TXN_101429,CUST_11429
75,Savings,Transfer,Groceries,54.38,16363.93,16309.55,6,Tokyo,ATM,UPI / Wallet,0,0,TXN_103185,CUST_13185
62,Savings,Transfer,Retail,53.83,14181.06,14277.23,10,New York,Web Browser,Debit Card,0,0,TXN_106195,CUST_16195
18,Savings,Payment,Entertainment,490.69,22590.06,22099.37,6,Mumbai,POS Terminal,Debit Card,0,0,TXN_103599,CUST_13599
60,Savings,Deposit,Electronics,242.1,25729.53,25487.43,21,London,Web Browser,Credit Card,0,0,TXN_106561,CUST_16561
46,Savings,Transfer,Groceries,14.78,14338.81,14324.03,9,Toronto,POS Terminal,Debit Card,0,0,TXN_101242,CUST_11242
43,Checking,Withdrawal,Retail,62.94,27233.4,27170.46,0,Tokyo,POS Terminal,Credit Card,0,0,TXN_101949,CUST_11949
36,Business,Deposit,Entertainment,83.46,24120.52,24037.06,0,Berlin,Web Browser,Debit Card,0,0,TXN_103153,CUST_13153
73,Savings,Deposit,Utilities,100.48,14613.71,14513.23,9,Mumbai,POS Terminal,Debit Card,0,0,TXN_103049,CUST_13049
46,Business,Transfer,Travel,112.87,20921.72,20808.85,13,Tokyo,Web Browser,Credit Card,0,0,TXN_101982,CUST_11982
22,Business,Payment,Groceries,377.99,20423.2,20045.21,21,Berlin,Mobile App,UPI / Wallet,0,1,TXN_103316,CUST_13316
24,Checking,Withdrawal,Utilities,254.7,7298.8,7044.1,0,Toronto,Mobile App,UPI / Wallet,0,0,TXN_106438,CUST_16438
35,Credit,Transfer,Groceries,167.58,18462.44,18294.86,22,Tokyo,Mobile App,Debit Card,1,0,TXN_100536,CUST_10536
36,Checking,Withdrawal,Utilities,126.07,10566.1,10440.03,17,Berlin,Web Browser,Debit Card,0,0,TXN_104354,CUST_14354
69,Credit,Payment,Entertainment,87.18,15820.81,15733.63,17,Toronto,Web Browser,Debit Card,0,0,TXN_100842,CUST_10842
65,Credit,Payment,Travel,68.67,13248.83,13180.16,20,Mumbai,Mobile App,Debit Card,0,0,TXN_104374,CUST_14374
18,Savings,Withdrawal,Electronics,13.84,16681.23,16667.39,13,Singapore,ATM,Debit Card,1,0,TXN_100161,CUST_10161
21,Checking,Withdrawal,Travel,79.05,16984.34,16905.29,2,Mumbai,Web Browser,UPI / Wallet,0,0,TXN_103594,CUST_13594
71,Savings,Payment,Entertainment,34.61,650.84,616.23,2,Tokyo,Mobile App,Debit Card,0,0,TXN_104828,CUST_14828
20,Savings,Transfer,Travel,444.98,17195.08,16750.1,6,Berlin,POS Terminal,UPI / Wallet,0,0,TXN_105460,CUST_15460
23,Savings,Transfer,Utilities,368.92,21311.69,20942.77,0,Tokyo,ATM,Debit Card,0,0,TXN_105636,CUST_15636
65,Checking,Transfer,Entertainment,28.51,23208.51,23180.0,7,Mumbai,Web Browser,UPI / Wallet,0,0,TXN_104928,CUST_14928
66,Checking,Transfer,Travel,712.47,25733.99,25021.52,5,Singapore,Mobile App,Debit Card,0,0,TXN_101110,CUST_11110
67,Credit,Deposit,Groceries,82.73,4839.95,4757.22,12,Tokyo,Web Browser,Wire Transfer,0,0,TXN_105022,CUST_15022
25,Checking,Transfer,Groceries,126.23,47.29,0.0,10,Toronto,POS Terminal,Wire Transfer,0,0,TXN_102017,CUST_12017
46,Checking,Transfer,Electronics,12.05,21998.69,21986.64,11,Mumbai,Web Browser,UPI / Wallet,0,0,TXN_102910,CUST_12910
71,Checking,Payment,Utilities,187.97,21932.62,21744.65,8,London,Mobile App,UPI / Wallet,0,0,TXN_106773,CUST_16773
42,Credit,Payment,Retail,551.56,3928.43,3376.87,6,New York,POS Terminal,Debit Card,0,0,TXN_100639,CUST_10639
21,Savings,Transfer,Entertainment,238.76,15048.64,14809.88,1,Toronto,Mobile App,Debit Card,0,0,TXN_103195,CUST_13195
65,Savings,Payment,Travel,16.72,25749.42,25732.7,13,Tokyo,ATM,UPI / Wallet,0,0,TXN_106992,CUST_16992
24,Savings,Payment,Retail,168.79,7011.31,6842.52,9,Tokyo,ATM,Debit Card,0,0,TXN_102698,CUST_12698
49,Checking,Payment,Utilities,141.1,12406.06,12264.96,17,London,ATM,Debit Card,1,0,TXN_105056,CUST_15056
21,Checking,Withdrawal,Travel,79.05,16984.34,16905.29,2,Mumbai,Web Browser,UPI / Wallet,0,0,TXN_103594,CUST_13594
76,Savings,Payment,Entertainment,53.79,5105.5,5051.71,10,Singapore,Mobile App,Wire Transfer,0,0,TXN_105937,CUST_15937
24,Checking,Transfer,Utilities,19.21,16676.07,16656.86,0,Tokyo,ATM,Wire Transfer,0,0,TXN_100010,CUST_10010
55,Credit,Payment,Utilities,68.2,25852.9,25784.7,1,Toronto,Web Browser,UPI / Wallet,0,0,TXN_102696,CUST_12696
61,Checking,Transfer,Groceries,11.66,25441.02,25429.36,0,Berlin,Web Browser,Wire Transfer,0,1,TXN_105906,CUST_15906
74,Checking,Withdrawal,Groceries,52.08,22322.27,22270.19,10,New York,ATM,Debit Card,0,1,TXN_106236,CUST_16236
71,Checking,Deposit,Utilities,347.36,19783.5,19436.14,0,Tokyo,Web Browser,Debit Card,0,0,TXN_103438,CUST_13438
71,Savings,Transfer,Retail,47.9,24112.01,24214.11,22,New York,Web Browser,Wire Transfer,0,0,TXN_102250,CUST_12250
18,Checking,Deposit,Entertainment,289.92,24490.7,24200.78,18,Mumbai,ATM,Debit Card,0,0,TXN_102652,CUST_12652
33,Savings,Deposit,Utilities,20.65,22095.76,22075.11,13,London,POS Terminal,Debit Card,0,0,TXN_104011,CUST_14011
59,Checking,Transfer,Travel,7.01,14270.51,14263.5,16,London,Web Browser,UPI / Wallet,0,0,TXN_104487,CUST_14487
18,Savings,Transfer,Entertainment,41.81,18284.66,18242.85,17,Tokyo,ATM,UPI / Wallet,0,0,TXN_105666,CUST_15666
53,Credit,Payment,Utilities,54.78,25122.56,25217.78,13,New York,Mobile App,Debit Card,0,0,TXN_106573,CUST_16573
59,Checking,Withdrawal,Groceries,74.41,20774.57,20700.16,17,Tokyo,POS Terminal,Debit Card,0,0,TXN_105733,CUST_15733
25,Savings,Withdrawal,Groceries,14.83,23367.78,23352.95,8,Singapore,Web Browser,Wire Transfer,0,0,TXN_101373,CUST_11373
24,Credit,Payment,Groceries,54.83,23165.72,23110.89,16,Singapore,Mobile App,Wire Transfer,1,0,TXN_100953,CUST_10953
18,Business,Withdrawal,Groceries,433.86,26388.82,25954.96,4,Mumbai,POS Terminal,UPI / Wallet,0,0,TXN_104892,CUST_14892
21,Savings,Transfer,Entertainment,278.59,18199.56,17920.97,11,Berlin,Web Browser,Debit Card,0,0,TXN_105727,CUST_15727
51,Savings,Withdrawal,Groceries,210.99,6417.45,6206.46,19,Mumbai,ATM,Wire Transfer,0,0,TXN_103975,CUST_13975
63,Savings,Transfer,Travel,485.03,4118.82,3633.79,15,Toronto,Web Browser,Credit Card,1,0,TXN_100725,CUST_10725
18,Credit,Deposit,Retail,692.59,13779.04,13086.45,9,Tokyo,Mobile App,Credit Card,0,0,TXN_106729,CUST_16729
35,Business,Transfer,Electronics,39.85,19494.88,19455.03,23,Berlin,POS Terminal,Wire Transfer,0,0,TXN_101289,CUST_11289
18,Checking,Transfer,Travel,144.16,25941.45,25797.29,15,Mumbai,ATM,Credit Card,0,0,TXN_100682,CUST_10682
31,Savings,Transfer,Groceries,56.56,2253.75,2197.19,8,Toronto,Mobile App,Debit Card,0,0,TXN_106392,CUST_16392
24,Business,Deposit,Utilities,26.42,7483.07,7456.65,8,Toronto,POS Terminal,Debit Card,0,0,TXN_100931,CUST_10931
35,Savings,Transfer,Entertainment,13.71,17950.18,17936.47,6,Tokyo,Mobile App,UPI / Wallet,0,0,TXN_100989,CUST_10989
22,Savings,Payment,Groceries,74.64,14993.69,14919.05,2,Singapore,ATM,Credit Card,0,0,TXN_102226,CUST_12226
67,Checking,Transfer,Retail,469.09,23396.91,22927.82,6,Berlin,Web Browser,Debit Card,0,0,TXN_100717,CUST_10717
39,Checking,Deposit,Retail,161.45,19916.47,19755.02,16,Mumbai,ATM,Debit Card,0,0,TXN_103295,CUST_13295
29,Business,Transfer,Retail,21.81,10711.32,10689.51,10,Mumbai,Mobile App,Debit Card,0,0,TXN_103357,CUST_13357
60,Savings,Transfer,Entertainment,2.97,27796.0,27793.03,11,Mumbai,Web Browser,Wire Transfer,0,0,TXN_106505,CUST_16505
18,Business,Payment,Travel,7.48,24178.83,24171.35,2,Singapore,Mobile App,Credit Card,0,0,TXN_100585,CUST_10585
22,Checking,Payment,Travel,46.31,24151.82,24105.51,11,Singapore,Mobile App,Credit Card,0,0,TXN_105986,CUST_15986
32,Savings,Withdrawal,Groceries,7.69,24941.25,24933.56,0,Berlin,Web Browser,Debit Card,1,0,TXN_106172,CUST_16172
40,Credit,Withdrawal,Groceries,130.25,11946.29,11966.04,23,Tokyo,ATM,Debit Card,1,0,TXN_106099,CUST_16099
49,Savings,Payment,Groceries,57.81,24573.11,24515.3,0,Tokyo,Web Browser,UPI / Wallet,0,0,TXN_102810,CUST_12810
18,Savings,Payment,Utilities,121.38,12224.09,12102.71,12,Toronto,Mobile App,Wire Transfer,0,0,TXN_100129,CUST_10129
55,Savings,Deposit,Travel,105.21,20674.24,20569.03,13,Mumbai,Mobile App,UPI / Wallet,0,0,TXN_102558,CUST_12558
41,Credit,Transfer,Groceries,239.53,24149.47,23909.94,18,Singapore,Web Browser,Debit Card,0,0,TXN_104594,CUST_14594
68,Savings,Payment,Groceries,115.48,22304.96,22189.48,21,New York,Web Browser,Wire Transfer,0,1,TXN_106123,CUST_16123
44,Savings,Transfer,Groceries,183.71,23933.45,23749.74,9,Tokyo,ATM,Wire Transfer,0,0,TXN_106675,CUST_16675
37,Savings,Deposit,Entertainment,54.41,18388.68,18334.27,11,Tokyo,POS Terminal,UPI / Wallet,0,0,TXN_100393,CUST_10393
31,Savings,Transfer,Groceries,56.56,2253.75,2197.19,8,Toronto,Mobile App,Debit Card,0,0,TXN_106392,CUST_16392
46,Checking,Deposit,Groceries,20.73,16781.58,16760.85,3,Toronto,Mobile App,UPI / Wallet,0,0,TXN_106067,CUST_16067
39,Credit,Payment,Groceries,61.18,25557.88,25496.7,5,New York,ATM,Credit Card,0,0,TXN_104608,CUST_14608
50,Savings,Deposit,Electronics,10.36,12912.95,12902.59,22,Mumbai,ATM,Credit Card,0,1,TXN_105874,CUST_15874
47,Business,Deposit,Entertainment,169.41,5276.46,5107.05,22,Berlin,POS Terminal,Credit Card,0,0,TXN_101313,CUST_11313
59,Savings,Transfer,Travel,34.05,19429.36,19395.31,1,London,Web Browser,Debit Card,0,0,TXN_102599,CUST_12599
65,Savings,Payment,Travel,16.72,25749.42,25732.7,13,Tokyo,ATM,UPI / Wallet,0,0,TXN_106992,CUST_16992
64,Savings,Transfer,Utilities,126.96,9117.08,8990.12,15,Tokyo,POS Terminal,UPI / Wallet,0,0,TXN_105455,CUST_15455
20,Checking,Transfer,Travel,7.55,27214.93,27207.38,3,London,ATM,UPI / Wallet,0,0,TXN_105406,CUST_15406
23,Credit,Payment,Groceries,703.2,24197.59,23494.39,2,Berlin,Mobile App,Debit Card,0,0,TXN_105811,CUST_15811
46,Savings,Transfer,Electronics,82.58,14864.84,14932.26,22,Mumbai,Web Browser,UPI / Wallet,0,0,TXN_102754,CUST_12754
69,Savings,Payment,Travel,118.91,12330.42,12211.51,4,Mumbai,Web Browser,Credit Card,1,0,TXN_102063,CUST_12063
37,Savings,Transfer,Entertainment,177.6,24778.5,24600.9,22,Tokyo,Mobile App,UPI / Wallet,0,0,TXN_103647,CUST_13647
19,Savings,Payment,Travel,71.7,25307.83,25236.13,22,New York,POS Terminal,UPI / Wallet,0,0,TXN_102274,CUST_12274
18,Checking,Withdrawal,Entertainment,76.81,25501.6,25424.79,16,Mumbai,Web Browser,UPI / Wallet,0,0,TXN_102089,CUST_12089
36,Checking,Payment,Electronics,38.06,15717.16,15679.1,0,Tokyo,ATM,Wire Transfer,0,0,TXN_101696,CUST_11696
48,Savings,Payment,Groceries,47.55,10906.55,11009.0,10,Mumbai,Mobile App,Debit Card,0,0,TXN_100760,CUST_10760
23,Business,Payment,Groceries,461.14,14902.78,14441.64,17,Berlin,POS Terminal,Credit Card,0,0,TXN_101035,CUST_11035
64,Checking,Deposit,Groceries,61.87,20022.06,20110.19,13,New York,Mobile App,UPI / Wallet,0,0,TXN_103106,CUST_13106
18,Savings,Transfer,Groceries,217.57,2697.76,2480.19,4,Tokyo,ATM,Credit Card,0,0,TXN_103487,CUST_13487
28,Credit,Transfer,Groceries,16.73,23531.68,23514.95,3,Singapore,ATM,Debit Card,0,0,TXN_100866,CUST_10866
18,Credit,Transfer,Utilities,47.72,16486.62,16438.9,4,Toronto,POS Terminal,Debit Card,0,0,TXN_106819,CUST_16819
23,Credit,Payment,Groceries,21.09,15697.28,15676.19,10,New York,Mobile App,Debit Card,0,0,TXN_100218,CUST_10218
18,Credit,Withdrawal,Retail,61.16,667.63,606.47,9,London,Web Browser,Debit Card,1,0,TXN_101132,CUST_11132
64,Credit,Transfer,Electronics,28.87,14991.15,14962.28,2,Tokyo,POS Terminal,Wire Transfer,0,0,TXN_102129,CUST_12129
67,Savings,Transfer,Entertainment,96.49,18276.67,18180.18,16,Tokyo,Web Browser,Wire Transfer,1,0,TXN_105881,CUST_15881
56,Credit,Deposit,Electronics,19.38,18254.95,18235.57,1,Tokyo,Mobile App,UPI / Wallet,0,0,TXN_102523,CUST_12523
68,Savings,Transfer,Travel,136.9,14554.8,14417.9,22,Tokyo,Mobile App,Wire Transfer,0,0,TXN_106048,CUST_16048
21,Checking,Deposit,Travel,123.16,7257.02,7133.86,15,Toronto,Mobile App,UPI / Wallet,0,0,TXN_102498,CUST_12498
66,Checking,Transfer,Utilities,275.64,7759.2,7483.56,6,Mumbai,Web Browser,Wire Transfer,0,1,TXN_102115,CUST_12115
18,Checking,Payment,Travel,34.26,26613.05,26578.79,0,Mumbai,Web Browser,Wire Transfer,0,0,TXN_106514,CUST_16514
39,Credit,Payment,Groceries,61.18,25557.88,25646.7,5,New York,ATM,Credit Card,0,0,TXN_104608,CUST_14608
18,Credit,Withdrawal,Groceries,1.25,17600.79,17599.54,13,New York,Mobile App,Debit Card,0,0,TXN_102507,CUST_12507
68,Checking,Deposit,Utilities,480.59,26758.61,26278.02,20,Singapore,Web Browser,Debit Card,0,0,TXN_102039,CUST_12039
62,Savings,Deposit,Utilities,337.36,24020.6,23683.24,21,New York,Web Browser,Credit Card,0,0,TXN_101855,CUST_11855
36,Savings,Deposit,Travel,138.81,19793.97,19655.16,0,Tokyo,Mobile App,Debit Card,0,0,TXN_106445,CUST_16445
69,Checking,Payment,Electronics,231.3,17415.49,17184.19,3,Toronto,Mobile App,Debit Card,0,0,TXN_106247,CUST_16247
56,Checking,Payment,Retail,70.4,15826.5,15756.1,15,Tokyo,Mobile App,Debit Card,0,0,TXN_104576,CUST_14576
41,Credit,Deposit,Entertainment,120.33,21366.85,21246.52,18,New York,Web Browser,Debit Card,0,0,TXN_100665,CUST_10665
71,Credit,Transfer,Groceries,33.21,25751.52,25718.31,5,Tokyo,Mobile App,Credit Card,0,0,TXN_104515,CUST_14515
29,Savings,Transfer,Entertainment,187.73,16810.86,16623.13,19,Berlin,Mobile App,Debit Card,1,0,TXN_105441,CUST_15441
30,Checking,Transfer,Electronics,34.36,19432.2,19397.84,10,New York,Web Browser,UPI / Wallet,0,0,TXN_102900,CUST_12900
51,Savings,Withdrawal,Groceries,74.61,11122.82,11048.21,4,Tokyo,Mobile App,Wire Transfer,0,0,TXN_103468,CUST_13468
23,Business,Deposit,Retail,9.77,13529.89,13670.12,15,London,Mobile App,Wire Transfer,0,0,TXN_103144,CUST_13144
56,Credit,Transfer,Utilities,150.37,23326.61,23176.24,7,Tokyo,Mobile App,Wire Transfer,0,0,TXN_103419,CUST_13419
41,Checking,Payment,Retail,523.94,23984.38,23460.44,21,Berlin,Web Browser,UPI / Wallet,0,0,TXN_102277,CUST_12277
37,Savings,Transfer,Entertainment,30.85,22555.69,22524.84,12,Berlin,Mobile App,Debit Card,0,0,TXN_104040,CUST_14040
18,Business,Transfer,Electronics,90.37,26565.93,26475.56,2,New York,Web Browser,UPI / Wallet,0,0,TXN_102225,CUST_12225
18,Checking,Transfer,Groceries,217.56,16080.72,15863.16,9,London,ATM,UPI / Wallet,1,0,TXN_100436,CUST_10436
61,Checking,Transfer,Travel,144.6,10514.98,10370.38,7,Berlin,POS Terminal,Debit Card,1,0,TXN_105405,CUST_15405
50,Credit,Transfer,Retail,52.02,24079.87,24027.85,18,Mumbai,Mobile App,UPI / Wallet,0,0,TXN_103824,CUST_13824
28,Checking,Payment,Electronics,10.5,27565.87,27555.37,16,Berlin,Mobile App,UPI / Wallet,0,0,TXN_104438,CUST_14438
53,Savings,Withdrawal,Retail,262.79,15268.64,15005.85,11,Berlin,Web Browser,UPI / Wallet,0,0,TXN_102525,CUST_12525
44,Savings,Payment,Travel,226.57,12520.91,12294.34,12,Toronto,ATM,Debit Card,0,0,TXN_105397,CUST_15397
65,Savings,Withdrawal,Utilities,21.94,24651.14,24629.2,21,Tokyo,POS Terminal,Debit Card,0,0,TXN_102852,CUST_12852
57,Savings,Transfer,Electronics,78.88,26525.29,26446.41,4,Toronto,POS Terminal,Debit Card,0,0,TXN_103708,CUST_13708
39,Savings,Transfer,Retail,64.58,13717.17,13652.59,23,Berlin,Web Browser,UPI / Wallet,0,0,TXN_102054,CUST_12054
61,Credit,Transfer,Electronics,164.27,26334.62,26170.35,11,Tokyo,ATM,Debit Card,1,1,TXN_102929,CUST_12929
42,Checking,Withdrawal,Retail,169.42,20429.77,20260.35,2,Mumbai,Mobile App,UPI / Wallet,0,0,TXN_104416,CUST_14416
22,Checking,Transfer,Entertainment,54.89,5407.78,5352.89,7,Toronto,ATM,Debit Card,0,0,TXN_103091,CUST_13091
59,Savings,Payment,Electronics,256.08,23724.86,23468.78,17,Mumbai,ATM,UPI / Wallet,0,0,TXN_102689,CUST_12689
18,Credit,Transfer,Utilities,349.42,25022.54,24823.12,11,New York,Web Browser,Debit Card,0,0,TXN_104993,CUST_14993
59,Checking,Payment,Travel,25.05,11415.07,11390.02,23,Tokyo,Web Browser,UPI / Wallet,0,0,TXN_100215,CUST_10215
46,Checking,Transfer,Entertainment,20.46,10394.43,10523.97,18,Tokyo,ATM,Wire Transfer,0,0,TXN_105899,CUST_15899
44,Savings,Transfer,Groceries,109.69,23313.7,23204.01,23,Mumbai,ATM,Wire Transfer,1,0,TXN_105601,CUST_15601
70,Savings,Transfer,Electronics,29.28,14825.41,14796.13,8,Toronto,Mobile App,Debit Card,0,0,TXN_103636,CUST_13636
60,Savings,Deposit,Electronics,3.19,4192.64,4189.45,21,New York,POS Terminal,Wire Transfer,0,0,TXN_100637,CUST_10637
25,Business,Deposit,Entertainment,234.59,15202.44,14967.85,19,Berlin,Web Browser,Credit Card,0,0,TXN_100687,CUST_10687
63,Business,Payment,Retail,49.96,6654.68,6604.72,9,Mumbai,Mobile App,Wire Transfer,0,0,TXN_106602,CUST_16602
55,Checking,Payment,Groceries,101.87,25178.85,25076.98,19,Singapore,Web Browser,Credit Card,0,0,TXN_102759,CUST_12759
60,Savings,Withdrawal,Retail,50.1,3719.17,3669.07,13,Singapore,Web Browser,Debit Card,0,0,TXN_100082,CUST_10082
58,Credit,Transfer,Travel,53.89,1511.32,1457.43,19,London,POS Terminal,Credit Card,0,0,TXN_106167,CUST_16167
64,Savings,Transfer,Retail,50.54,26655.69,26605.15,21,Tokyo,Mobile App,Credit Card,0,1,TXN_100813,CUST_10813
18,Checking,Transfer,Entertainment,27.56,23056.26,23028.7,23,Tokyo,Web Browser,Debit Card,0,0,TXN_105543,CUST_15543
63,Checking,Withdrawal,Groceries,99.84,7452.42,7352.58,4,Berlin,Web Browser,Credit Card,0,0,TXN_106855,CUST_16855
18,Business,Withdrawal,Travel,86.57,28344.64,28258.07,21,London,ATM,UPI / Wallet,0,0,TXN_105794,CUST_15794
24,Credit,Payment,Entertainment,178.49,22229.88,22051.39,9,Berlin,POS Terminal,Debit Card,0,0,TXN_106139,CUST_16139
51,Credit,Transfer,Utilities,349.5,6382.66,6033.16,23,New York,POS Terminal,Debit Card,1,1,TXN_102099,CUST_12099
65,Checking,Deposit,Groceries,173.74,1471.86,1298.12,20,Toronto,ATM,Wire Transfer,0,0,TXN_106530,CUST_16530
20,Checking,Withdrawal,Travel,7.82,26394.59,26386.77,23,Toronto,Web Browser,Credit Card,0,0,TXN_104270,CUST_14270
47,Checking,Payment,Groceries,39.2,11910.49,11871.29,10,Mumbai,Mobile App,Debit Card,0,0,TXN_104276,CUST_14276
50,Savings,Transfer,Travel,152.96,14411.27,14258.31,16,Mumbai,ATM,Wire Transfer,0,0,TXN_105364,CUST_15364
68,Savings,Withdrawal,Travel,59.01,24489.59,24580.58,5,New York,Web Browser,Debit Card,0,0,TXN_103663,CUST_13663
18,Savings,Withdrawal,Entertainment,100.7,11702.43,11601.73,23,Tokyo,POS Terminal,UPI / Wallet,0,0,TXN_101383,CUST_11383
21,Checking,Transfer,Electronics,509.28,15657.36,15148.08,11,Toronto,POS Terminal,Wire Transfer,0,0,TXN_106873,CUST_16873
29,Savings,Payment,Electronics,51.89,23805.78,23753.89,20,Singapore,Mobile App,Debit Card,0,0,TXN_100851,CUST_10851
18,Credit,Transfer,Travel,83.21,24033.03,23949.82,10,Mumbai,Web Browser,Debit Card,0,0,TXN_105670,CUST_15670
25,Credit,Deposit,Utilities,76.95,9747.74,9820.79,12,New York,Web Browser,Debit Card,0,0,TXN_104454,CUST_14454
21,Savings,Transfer,Groceries,48.78,16492.57,16443.79,10,Tokyo,ATM,Wire Transfer,0,0,TXN_106400,CUST_16400
35,Savings,Payment,Entertainment,168.0,26046.27,25878.27,4,Berlin,Mobile App,UPI / Wallet,0,0,TXN_102463,CUST_12463
41,Checking,Transfer,Groceries,37.94,23755.69,23717.75,1,Berlin,Mobile App,Wire Transfer,0,0,TXN_103461,CUST_13461
37,Checking,Transfer,Travel,21.29,17224.52,17203.23,16,Tokyo,ATM,Debit Card,0,0,TXN_106970,CUST_16970
56,Savings,Transfer,Entertainment,449.88,16487.53,16037.65,13,New York,ATM,Debit Card,0,0,TXN_103399,CUST_13399
29,Savings,Payment,Entertainment,47.48,22512.02,22464.54,15,Tokyo,ATM,UPI / Wallet,0,0,TXN_104847,CUST_14847
32,Credit,Payment,Retail,407.24,3893.31,3486.07,19,Tokyo,Web Browser,Wire Transfer,0,0,TXN_103598,CUST_13598
57,Checking,Withdrawal,Entertainment,222.39,18612.97,18390.58,11,Tokyo,POS Terminal,Debit Card,0,1,TXN_104199,CUST_14199
18,Checking,Deposit,Travel,86.82,23158.57,23071.75,4,Singapore,Web Browser,UPI / Wallet,0,0,TXN_104696,CUST_14696
25,Savings,Withdrawal,Travel,328.72,23591.96,23263.24,0,Berlin,Mobile App,Debit Card,0,0,TXN_101127,CUST_11127
61,Business,Withdrawal,Travel,3.58,20794.62,20791.04,14,Toronto,ATM,Debit Card,0,0,TXN_103615,CUST_13615
28,Credit,Withdrawal,Entertainment,19.43,21583.06,21563.63,10,Toronto,POS Terminal,Debit Card,0,0,TXN_106265,CUST_16265
18,Checking,Transfer,Electronics,33.37,24558.5,24525.13,1,Singapore,Web Browser,UPI / Wallet,0,0,TXN_104630,CUST_14630
55,Business,Transfer,Groceries,50.03,12866.15,12816.12,17,New York,Mobile App,Debit Card,0,0,TXN_104181,CUST_14181
59,Savings,Deposit,Groceries,39.43,23927.75,23888.32,12,Berlin,POS Terminal,Wire Transfer,0,0,TXN_106314,CUST_16314
35,Checking,Deposit,Travel,174.71,17928.19,17753.48,5,Mumbai,ATM,UPI / Wallet,0,0,TXN_106966,CUST_16966
18,Savings,Payment,Groceries,18.14,19104.32,19236.18,14,Toronto,ATM,Debit Card,0,0,TXN_104521,CUST_14521
23,Savings,Payment,Electronics,333.87,14777.65,14443.78,10,Berlin,Web Browser,Debit Card,1,0,TXN_106096,CUST_16096
60,Savings,Payment,Utilities,111.9,21617.89,21505.99,8,Berlin,Web Browser,Wire Transfer,0,0,TXN_106428,CUST_16428
43,Checking,Transfer,Electronics,0.16,15895.96,15895.8,6,Tokyo,ATM,UPI / Wallet,1,0,TXN_100369,CUST_10369
27,Checking,Transfer,Retail,164.85,15264.26,15099.41,18,Berlin,ATM,Wire Transfer,0,0,TXN_105795,CUST_15795
68,Checking,Deposit,Electronics,29.3,18442.1,18412.8,21,London,POS Terminal,Wire Transfer,0,0,TXN_100158,CUST_10158
21,Savings,Transfer,Retail,136.06,21039.95,20903.89,9,Berlin,Web Browser,UPI / Wallet,0,0,TXN_101001,CUST_11001
47,Credit,Payment,Travel,392.86,25649.1,25256.24,19,Singapore,ATM,Debit Card,1,0,TXN_100972,CUST_10972
68,Checking,Transfer,Electronics,73.16,12497.34,12424.18,9,Berlin,Mobile App,Debit Card,0,0,TXN_101085,CUST_11085
58,Business,Payment,Travel,35.98,25667.93,25631.95,9,Toronto,Mobile App,Debit Card,0,0,TXN_106969,CUST_16969
21,Savings,Withdrawal,Groceries,64.42,23012.51,22948.09,0,Mumbai,ATM,Credit Card,0,0,TXN_106294,CUST_16294
18,Savings,Transfer,Retail,92.85,19623.79,19530.94,10,New York,Mobile App,UPI / Wallet,0,0,TXN_103351,CUST_13351
44,Savings,Withdrawal,Utilities,29.1,6392.0,6362.9,0,Toronto,Web Browser,Debit Card,0,0,TXN_105969,CUST_15969
24,Savings,Transfer,Travel,313.42,6984.82,6671.4,2,Singapore,Web Browser,Debit Card,0,1,TXN_106323,CUST_16323
20,Savings,Payment,Entertainment,101.59,25277.01,25175.42,18,Mumbai,POS Terminal,UPI / Wallet,0,0,TXN_100981,CUST_10981
39,Checking,Transfer,Entertainment,57.05,22220.0,22162.95,14,Toronto,Mobile App,Debit Card,0,0,TXN_104100,CUST_14100
62,Savings,Payment,Utilities,34.44,5389.87,5355.43,1,London,Mobile App,Credit Card,1,0,TXN_102032,CUST_12032
56,Savings,Withdrawal,Utilities,100.08,18230.73,18130.65,6,Berlin,Mobile App,Debit Card,0,0,TXN_101060,CUST_11060
66,Checking,Transfer,Electronics,150.38,22964.15,22813.77,20,Tokyo,Web Browser,Wire Transfer,0,0,TXN_103502,CUST_13502
18,Savings,Transfer,Groceries,217.57,2697.76,2480.19,4,Tokyo,ATM,Credit Card,0,0,TXN_103487,CUST_13487
54,Savings,Deposit,Groceries,92.94,1605.36,1662.42,12,Berlin,Web Browser,Wire Transfer,0,0,TXN_106375,CUST_16375
35,Checking,Withdrawal,Travel,582.76,26768.71,26185.95,22,Singapore,Mobile App,UPI / Wallet,0,0,TXN_101396,CUST_11396
63,Checking,Transfer,Electronics,16.98,20921.64,20904.66,17,Mumbai,Web Browser,Wire Transfer,0,0,TXN_100204,CUST_10204
60,Checking,Transfer,Groceries,372.07,12609.54,12237.47,1,Toronto,Mobile App,Debit Card,0,0,TXN_105779,CUST_15779
63,Savings,Deposit,Utilities,56.73,23401.94,23345.21,17,Berlin,Web Browser,UPI / Wallet,0,0,TXN_101123,CUST_11123
20,Checking,Transfer,Utilities,38.66,26037.34,25998.68,11,Mumbai,Mobile App,Debit Card,0,0,TXN_101578,CUST_11578
28,Checking,Deposit,Travel,50.58,22945.45,22894.87,11,Mumbai,Mobile App,UPI / Wallet,0,0,TXN_106731,CUST_16731
33,Checking,Deposit,Groceries,95.07,17744.96,17649.89,21,Mumbai,ATM,UPI / Wallet,0,0,TXN_103779,CUST_13779
46,Checking,Transfer,Utilities,503.81,23000.42,22496.61,19,Berlin,Web Browser,UPI / Wallet,0,1,TXN_100604,CUST_10604
28,Savings,Withdrawal,Utilities,3.8,6910.33,6906.53,12,Tokyo,Web Browser,UPI / Wallet,0,0,TXN_101003,CUST_11003
57,Credit,Payment,Utilities,329.35,22343.35,22014.0,10,Mumbai,ATM,Wire Transfer,0,0,TXN_103078,CUST_13078
29,Checking,Payment,Travel,93.46,25494.11,25400.65,1,Singapore,ATM,UPI / Wallet,0,0,TXN_103898,CUST_13898
58,Savings,Transfer,Groceries,155.3,5614.71,5459.41,6,Toronto,Web Browser,Wire Transfer,0,0,TXN_106509,CUST_16509
46,Checking,Deposit,Electronics,56.56,12171.34,12114.78,8,Tokyo,POS Terminal,Credit Card,0,1,TXN_101224,CUST_11224
45,Savings,Transfer,Electronics,99.36,18753.91,18654.55,8,Mumbai,Mobile App,Wire Transfer,0,0,TXN_100802,CUST_10802
23,Checking,Payment,Retail,68.55,4388.45,4319.9,22,Mumbai,Web Browser,Wire Transfer,0,0,TXN_102160,CUST_12160
18,Savings,Deposit,Entertainment,102.54,25758.08,25655.54,10,Berlin,Mobile App,Credit Card,0,0,TXN_102871,CUST_12871
31,Checking,Withdrawal,Groceries,139.07,19251.04,19111.97,9,Tokyo,POS Terminal,UPI / Wallet,0,0,TXN_101314,CUST_11314
56,Checking,Transfer,Travel,174.56,8330.52,8155.96,9,Berlin,Web Browser,Debit Card,0,0,TXN_100303,CUST_10303
66,Business,Transfer,Retail,1.88,9103.99,9102.11,18,Mumbai,ATM,Wire Transfer,0,0,TXN_105190,CUST_15190
18,Savings,Transfer,Retail,59.44,20854.44,20795.0,22,New York,Mobile App,Credit Card,0,0,TXN_102785,CUST_12785
33,Savings,Withdrawal,Utilities,7.85,26088.27,26080.42,10,Toronto,Mobile App,Wire Transfer,0,0,TXN_102077,CUST_12077
77,Savings,Transfer,Entertainment,448.95,22917.9,22468.95,8,Toronto,POS Terminal,UPI / Wallet,0,1,TXN_100791,CUST_10791
56,Checking,Payment,Travel,9.96,23634.76,23624.8,1,New York,POS Terminal,Debit Card,0,0,TXN_104285,CUST_14285
48,Checking,Deposit,Retail,372.94,18677.44,18304.5,5,Singapore,Web Browser,Debit Card,1,0,TXN_101053,CUST_11053
21,Savings,Withdrawal,Retail,41.62,25954.08,26062.46,20,New York,ATM,Wire Transfer,0,0,TXN_102790,CUST_12790
79,Savings,Deposit,Entertainment,308.97,18848.57,18539.6,2,Toronto,Web Browser,Debit Card,0,0,TXN_100235,CUST_10235
18,Savings,Withdrawal,Groceries,94.14,9925.05,9830.91,3,London,Web Browser,Debit Card,0,1,TXN_100329,CUST_10329
36,Checking,Payment,Retail,94.37,15927.59,15833.22,1,Singapore,Web Browser,Wire Transfer,0,0,TXN_100999,CUST_10999
44,Credit,Deposit,Groceries,94.01,12195.55,12251.54,6,Berlin,ATM,Debit Card,0,0,TXN_105199,CUST_15199
55,Checking,Payment,Groceries,101.87,25178.85,25076.98,19,Singapore,Web Browser,Credit Card,0,0,TXN_102759,CUST_12759
18,Savings,Payment,Travel,139.07,26590.57,26451.5,17,Tokyo,POS Terminal,UPI / Wallet,0,0,TXN_106218,CUST_16218
28,Checking,Transfer,Retail,195.66,26264.67,26069.01,2,Singapore,Web Browser,Wire Transfer,0,0,TXN_102352,CUST_12352
60,Checking,Transfer,Travel,125.03,23476.98,23351.95,23,Berlin,Mobile App,Debit Card,0,0,TXN_105165,CUST_15165
21,Savings,Deposit,Electronics,7.59,23020.45,23012.86,3,Toronto,POS Terminal,Credit Card,0,1,TXN_105673,CUST_15673
18,Savings,Transfer,Electronics,26.94,26483.35,26456.41,21,Mumbai,Mobile App,UPI / Wallet,0,0,TXN_103432,CUST_13432
20,Checking,Withdrawal,Travel,20.23,7039.83,7019.6,4,Singapore,POS Terminal,Credit Card,0,0,TXN_100140,CUST_10140
64,Checking,Transfer,Electronics,105.86,12622.02,12516.16,13,Toronto,ATM,UPI / Wallet,0,0,TXN_103756,CUST_13756
27,Savings,Transfer,Travel,301.19,20224.85,19923.66,7,London,POS Terminal,UPI / Wallet,0,0,TXN_100349,CUST_10349
34,Checking,Transfer,Groceries,424.54,15987.38,15712.84,23,Berlin,POS Terminal,Credit Card,0,0,TXN_106433,CUST_16433
77,Business,Payment,Retail,594.97,9380.93,8935.96,15,New York,ATM,Debit Card,0,0,TXN_104461,CUST_14461
42,Savings,Transfer,Travel,88.56,20969.37,20880.81,11,Tokyo,Mobile App,Wire Transfer,0,1,TXN_105943,CUST_15943
27,Savings,Transfer,Travel,18.86,26116.93,26098.07,17,Berlin,Web Browser,Debit Card,0,0,TXN_104909,CUST_14909
21,Checking,Withdrawal,Travel,79.05,16984.34,16905.29,2,Mumbai,Web Browser,UPI / Wallet,0,0,TXN_103594,CUST_13594
19,Checking,Deposit,Entertainment,190.6,19153.45,18962.85,1,Tokyo,POS Terminal,Wire Transfer,0,0,TXN_103659,CUST_13659
18,Savings,Payment,Travel,7.75,22834.17,22976.42,7,Tokyo,POS Terminal,Debit Card,0,0,TXN_106917,CUST_16917
40,Savings,Transfer,Utilities,191.79,15506.3,15314.51,23,Toronto,Web Browser,UPI / Wallet,0,0,TXN_106885,CUST_16885
62,Savings,Transfer,Utilities,109.68,8576.77,8467.09,16,Toronto,Web Browser,Debit Card,1,0,TXN_105819,CUST_15819
63,Savings,Payment,Travel,18.77,10809.14,10790.37,7,Berlin,Mobile App,Debit Card,0,1,TXN_102078,CUST_12078
57,Savings,Transfer,Groceries,198.71,26127.81,26079.1,9,Tokyo,ATM,UPI / Wallet,0,0,TXN_106035,CUST_16035
43,Checking,Payment,Utilities,560.19,11684.85,11124.66,21,London,ATM,Debit Card,0,1,TXN_104038,CUST_14038
31,Savings,Deposit,Retail,102.85,23267.13,23164.28,19,Tokyo,POS Terminal,Credit Card,1,0,TXN_105193,CUST_15193
51,Credit,Deposit,Electronics,96.27,15454.3,15358.03,2,Mumbai,Web Browser,Debit Card,0,0,TXN_103191,CUST_13191
42,Savings,Deposit,Entertainment,75.7,17301.79,17226.09,7,Singapore,POS Terminal,Wire Transfer,1,0,TXN_105788,CUST_15788
68,Checking,Transfer,Entertainment,510.57,28321.05,27810.48,16,Berlin,POS Terminal,Debit Card,1,1,TXN_101704,CUST_11704
50,Credit,Deposit,Groceries,34.4,21383.21,21348.81,5,Mumbai,Mobile App,Debit Card,0,0,TXN_105853,CUST_15853
73,Checking,Deposit,Electronics,155.95,23003.92,22847.97,15,Singapore,ATM,Debit Card,0,0,TXN_105042,CUST_15042
35,Business,Transfer,Groceries,78.1,25450.83,25372.73,11,New York,Mobile App,Credit Card,0,0,TXN_105744,CUST_15744
24,Checking,Withdrawal,Utilities,254.7,7298.8,7044.1,0,Toronto,Mobile App,UPI / Wallet,0,0,TXN_106438,CUST_16438
35,Credit,Payment,Utilities,181.62,27402.81,27221.19,9,New York,Mobile App,Wire Transfer,0,1,TXN_105292,CUST_15292
60,Checking,Transfer,Entertainment,145.96,13918.27,13772.31,7,Mumbai,Web Browser,Debit Card,0,0,TXN_106310,CUST_16310
39,Credit,Payment,Entertainment,234.81,25032.63,24797.82,9,Mumbai,Web Browser,Debit Card,0,0,TXN_105308,CUST_15308
62,Savings,Withdrawal,Utilities,32.89,20069.04,20036.15,9,London,POS Terminal,UPI / Wallet,0,0,TXN_106600,CUST_16600
73,Business,Transfer,Groceries,123.87,17968.91,17845.04,0,London,Mobile App,Debit Card,0,0,TXN_106562,CUST_16562
46,Business,Transfer,Entertainment,326.03,22423.56,22097.53,8,Toronto,POS Terminal,UPI / Wallet,0,0,TXN_104182,CUST_14182
57,Checking,Deposit,Retail,77.37,25860.22,25782.85,11,Mumbai,Web Browser,Debit Card,0,0,TXN_100173,CUST_10173
18,Savings,Payment,Travel,43.5,14148.91,14105.41,8,Mumbai,Mobile App,Debit Card,0,0,TXN_105424,CUST_15424
51,Savings,Payment,Groceries,5.35,20586.76,20581.41,2,Berlin,Mobile App,Credit Card,0,0,TXN_106670,CUST_16670
58,Savings,Payment,Groceries,387.42,22466.92,22079.5,18,Mumbai,Mobile App,Debit Card,1,0,TXN_104004,CUST_14004
60,Savings,Payment,Travel,82.22,6609.43,6527.21,10,Singapore,ATM,Credit Card,0,0,TXN_103062,CUST_13062
55,Business,Withdrawal,Utilities,121.89,18986.22,18864.33,11,Toronto,Web Browser,UPI / Wallet,0,0,TXN_103152,CUST_13152
35,Credit,Transfer,Utilities,323.66,4751.0,4427.34,23,Berlin,ATM,Debit Card,0,0,TXN_100075,CUST_10075
60,Checking,Payment,Groceries,389.26,24713.62,24324.36,7,Singapore,Web Browser,UPI / Wallet,0,0,TXN_101290,CUST_11290
44,Credit,Transfer,Travel,150.24,10963.19,10812.95,2,Tokyo,Web Browser,Debit Card,0,0,TXN_103381,CUST_13381
65,Checking,Payment,Entertainment,97.57,25648.47,25550.9,5,Toronto,POS Terminal,Wire Transfer,1,0,TXN_106308,CUST_16308
63,Checking,Payment,Retail,120.44,19424.15,19303.71,19,Tokyo,Web Browser,UPI / Wallet,0,0,TXN_101611,CUST_11611
29,Business,Deposit,Utilities,308.34,25775.88,25467.54,9,Berlin,POS Terminal,UPI / Wallet,0,0,TXN_106881,CUST_16881
18,Savings,Transfer,Entertainment,314.53,25650.17,25335.64,9,Tokyo,ATM,Debit Card,0,0,TXN_103063,CUST_13063
54,Savings,Deposit,Travel,43.45,15001.88,15108.43,20,Tokyo,Mobile App,UPI / Wallet,0,0,TXN_105366,CUST_15366
18,Savings,Payment,Groceries,74.3,25728.23,25653.93,17,Berlin,ATM,Debit Card,0,1,TXN_102079,CUST_12079
18,Savings,Withdrawal,Entertainment,100.7,11702.43,11601.73,23,Tokyo,POS Terminal,UPI / Wallet,0,0,TXN_101383,CUST_11383
60,Savings,Withdrawal,Electronics,7.37,16850.05,16842.68,12,London,POS Terminal,Debit Card,1,0,TXN_105274,CUST_15274
18,Credit,Deposit,Electronics,52.63,6830.8,6778.17,22,New York,POS Terminal,Debit Card,0,0,TXN_106751,CUST_16751
22,Savings,Payment,Travel,288.13,23862.68,23574.55,4,London,POS Terminal,Debit Card,0,0,TXN_100730,CUST_10730
57,Savings,Payment,Travel,27.03,20081.14,20054.11,16,Mumbai,ATM,Debit Card,0,0,TXN_103508,CUST_13508
18,Savings,Withdrawal,Retail,16.47,15678.12,15661.65,22,Toronto,Mobile App,Debit Card,0,0,TXN_102419,CUST_12419
20,Savings,Withdrawal,Travel,5.86,14387.88,14382.02,13,New York,ATM,UPI / Wallet,0,0,TXN_104964,CUST_14964
67,Savings,Deposit,Electronics,33.86,12779.29,12745.43,14,Singapore,Web Browser,UPI / Wallet,0,0,TXN_101837,CUST_11837
19,Savings,Withdrawal,Electronics,55.68,8026.39,7970.71,5,Tokyo,POS Terminal,UPI / Wallet,0,0,TXN_102887,CUST_12887
22,Checking,Transfer,Groceries,78.61,23793.84,23865.23,1,Mumbai,POS Terminal,UPI / Wallet,0,0,TXN_101399,CUST_11399
58,Savings,Deposit,Groceries,122.06,3683.84,3561.78,14,Berlin,Web Browser,UPI / Wallet,0,0,TXN_101101,CUST_11101
19,Savings,Withdrawal,Electronics,55.68,8026.39,7970.71,5,Tokyo,POS Terminal,UPI / Wallet,0,0,TXN_102887,CUST_12887
27,Checking,Payment,Electronics,361.32,19460.83,19099.51,16,Mumbai,ATM,Wire Transfer,0,1,TXN_100772,CUST_10772
29,Checking,Transfer,Groceries,361.6,6286.81,5925.21,20,Mumbai,ATM,Credit Card,0,0,TXN_106567,CUST_16567
18,Savings,Payment,Travel,43.5,14148.91,14105.41,8,Mumbai,Mobile App,Debit Card,0,0,TXN_105424,CUST_15424
66,Savings,Transfer,Electronics,141.54,25266.43,25124.89,3,New York,ATM,Debit Card,0,0,TXN_103829,CUST_13829
48,Savings,Withdrawal,Groceries,323.04,25098.92,24775.88,17,Berlin,Mobile App,UPI / Wallet,0,0,TXN_104283,CUST_14283
62,Business,Deposit,Retail,139.6,15200.99,15061.39,19,London,ATM,Debit Card,0,0,TXN_100406,CUST_10406
51,Credit,Payment,Groceries,96.75,13067.93,12971.18,11,Berlin,Mobile App,Wire Transfer,0,0,TXN_102564,CUST_12564
30,Savings,Payment,Retail,48.43,24293.08,24244.65,18,Singapore,Mobile App,Debit Card,0,0,TXN_105371,CUST_15371
71,Checking,Transfer,Groceries,45.42,23853.65,23808.23,1,Mumbai,Mobile App,UPI / Wallet,0,0,TXN_103215,CUST_13215
66,Savings,Transfer,Electronics,141.54,25266.43,25124.89,3,New York,ATM,Debit Card,0,0,TXN_103829,CUST_13829
22,Credit,Transfer,Groceries,3.51,17903.12,17899.61,6,Toronto,POS Terminal,Credit Card,0,0,TXN_104685,CUST_14685
72,Savings,Withdrawal,Groceries,125.43,27617.83,27492.4,17,New York,Mobile App,Credit Card,0,0,TXN_103548,CUST_13548
71,Savings,Transfer,Travel,318.11,20756.38,20438.27,10,Toronto,Web Browser,UPI / Wallet,0,0,TXN_102481,CUST_12481
75,Checking,Withdrawal,Travel,71.61,17422.74,17351.13,14,Toronto,ATM,UPI / Wallet,0,0,TXN_103494,CUST_13494
44,Savings,Withdrawal,Travel,10.76,24360.1,24349.34,18,Tokyo,Mobile App,Debit Card,0,0,TXN_104945,CUST_14945
36,Checking,Withdrawal,Entertainment,297.18,23645.83,23348.65,7,Mumbai,Mobile App,Credit Card,0,0,TXN_103065,CUST_13065
22,Savings,Withdrawal,Entertainment,315.46,14686.27,14370.81,5,Singapore,Web Browser,Debit Card,0,0,TXN_104565,CUST_14565
19,Credit,Payment,Groceries,109.12,21306.8,21197.68,22,Singapore,Mobile App,UPI / Wallet,0,0,TXN_105764,CUST_15764
24,Credit,Transfer,Retail,24.66,21161.36,21136.7,2,Mumbai,Web Browser,Debit Card,0,0,TXN_103417,CUST_13417
66,Checking,Payment,Retail,320.19,26347.32,26027.13,22,Tokyo,Mobile App,Debit Card,0,0,TXN_101024,CUST_11024
37,Savings,Withdrawal,Travel,17.22,24236.77,24219.55,23,Singapore,Mobile App,Debit Card,0,0,TXN_100800,CUST_10800
40,Savings,Transfer,Electronics,22.85,24816.02,24793.17,14,Toronto,Mobile App,UPI / Wallet,0,0,TXN_102106,CUST_12106
55,Checking,Withdrawal,Travel,76.39,4553.77,4477.38,14,Mumbai,Mobile App,Wire Transfer,1,0,TXN_106864,CUST_16864
42,Checking,Withdrawal,Electronics,27.23,21646.63,21619.4,14,Singapore,ATM,Debit Card,0,0,TXN_100998,CUST_10998
67,Credit,Transfer,Travel,193.26,19616.83,19423.57,0,Berlin,POS Terminal,Debit Card,0,1,TXN_100180,CUST_10180
25,Checking,Payment,Retail,84.07,21902.91,21968.84,9,Toronto,Web Browser,Debit Card,0,0,TXN_101990,CUST_11990
26,Savings,Payment,Travel,5.66,25248.74,25393.08,16,Mumbai,POS Terminal,Debit Card,0,0,TXN_100008,CUST_10008
18,Business,Transfer,Entertainment,13.92,23948.3,23934.38,10,Mumbai,Web Browser,Credit Card,0,0,TXN_102807,CUST_12807
36,Credit,Payment,Electronics,146.29,25906.75,25760.46,13,Tokyo,POS Terminal,UPI / Wallet,0,0,TXN_103617,CUST_13617
54,Savings,Payment,Entertainment,518.6,25736.94,25218.34,18,Tokyo,POS Terminal,Wire Transfer,0,1,TXN_106667,CUST_16667
26,Savings,Transfer,Groceries,13.12,21202.83,21189.71,13,Tokyo,Web Browser,UPI / Wallet,0,0,TXN_102256,CUST_12256
19,Savings,Deposit,Entertainment,33.8,20739.08,20705.28,15,Mumbai,POS Terminal,Wire Transfer,0,0,TXN_101780,CUST_11780
27,Checking,Transfer,Retail,164.85,15264.26,15099.41,18,Berlin,ATM,Wire Transfer,0,0,TXN_105795,CUST_15795
18,Business,Deposit,Travel,519.95,11538.38,11018.43,4,Tokyo,Web Browser,UPI / Wallet,0,0,TXN_104150,CUST_14150
27,Savings,Transfer,Entertainment,429.43,8446.24,8016.81,2,Toronto,Web Browser,Wire Transfer,0,0,TXN_103808,CUST_13808
59,Checking,Payment,Travel,135.69,24862.36,24726.67,23,Mumbai,POS Terminal,Debit Card,0,0,TXN_103086,CUST_13086
24,Savings,Deposit,Travel,73.96,17515.42,17441.46,12,Toronto,Mobile App,Debit Card,0,0,TXN_103623,CUST_13623
46,Savings,Payment,Travel,28.6,1816.12,1787.52,13,London,Mobile App,Wire Transfer,0,0,TXN_104077,CUST_14077
20,Checking,Transfer,Travel,315.36,21903.65,21588.29,11,New York,POS Terminal,Debit Card,0,0,TXN_104963,CUST_14963
44,Checking,Withdrawal,Entertainment,167.08,9816.08,9649.0,6,Mumbai,Mobile App,Debit Card,0,0,TXN_102988,CUST_12988
27,Savings,Payment,Travel,44.72,22615.06,22570.34,19,Singapore,POS Terminal,Credit Card,0,0,TXN_101333,CUST_11333
26,Credit,Withdrawal,Entertainment,94.01,20038.8,19944.79,6,New York,Mobile App,Debit Card,0,1,TXN_106531,CUST_16531
57,Checking,Payment,Groceries,222.11,23224.56,23002.45,3,Singapore,Web Browser,Debit Card,0,0,TXN_100967,CUST_10967
24,Checking,Payment,Retail,110.14,23691.28,23581.14,21,Tokyo,Web Browser,Credit Card,0,0,TXN_103646,CUST_13646
34,Checking,Transfer,Utilities,63.14,21685.35,21622.21,4,London,Mobile App,Credit Card,0,0,TXN_102011,CUST_12011
22,Checking,Transfer,Entertainment,54.89,5407.78,5352.89,7,Toronto,ATM,Debit Card,0,0,TXN_103091,CUST_13091
36,Credit,Deposit,Travel,35.88,15192.92,15157.04,13,Mumbai,POS Terminal,Wire Transfer,0,0,TXN_104048,CUST_14048
29,Savings,Deposit,Groceries,31.68,20247.33,20215.65,1,Tokyo,Mobile App,Debit Card,0,0,TXN_100398,CUST_10398
21,Credit,Payment,Travel,69.34,14950.59,14881.25,15,Mumbai,Web Browser,Wire Transfer,0,0,TXN_100806,CUST_10806
57,Checking,Withdrawal,Travel,12.92,25895.81,25882.89,10,Mumbai,Mobile App,Wire Transfer,1,0,TXN_101785,CUST_11785
32,Credit,Transfer,Travel,127.97,14.25,0.0,3,London,Web Browser,Credit Card,0,1,TXN_104729,CUST_14729
59,Checking,Deposit,Groceries,4.35,22632.9,22628.55,23,Berlin,POS Terminal,Wire Transfer,0,0,TXN_102738,CUST_12738
41,Savings,Payment,Travel,18.74,21694.66,21675.92,0,Mumbai,Web Browser,UPI / Wallet,0,0,TXN_102870,CUST_12870
58,Credit,Transfer,Utilities,0.09,18273.25,18273.16,23,Mumbai,Mobile App,Debit Card,0,0,TXN_100292,CUST_10292
58,Savings,Deposit,Utilities,45.18,9899.61,9854.43,23,Mumbai,Mobile App,Debit Card,0,0,TXN_105235,CUST_15235
29,Checking,Payment,Travel,93.46,25494.11,25400.65,1,Singapore,ATM,UPI / Wallet,0,0,TXN_103898,CUST_13898
35,Checking,Withdrawal,Travel,582.76,26768.71,26185.95,22,Singapore,Mobile App,UPI / Wallet,0,0,TXN_101396,CUST_11396
54,Savings,Transfer,Retail,14.11,23342.81,23328.7,13,Berlin,POS Terminal,Wire Transfer,0,0,TXN_100002,CUST_10002
18,Credit,Deposit,Groceries,116.73,21625.0,21508.27,0,London,Mobile App,UPI / Wallet,0,0,TXN_103164,CUST_13164
39,Savings,Payment,Utilities,367.44,12776.86,12409.42,4,Tokyo,Mobile App,Debit Card,0,0,TXN_103181,CUST_13181
70,Business,Withdrawal,Retail,24.76,25141.36,25116.6,2,Mumbai,ATM,Debit Card,0,0,TXN_105534,CUST_15534
35,Checking,Withdrawal,Utilities,60.14,19299.83,19239.69,13,Toronto,Mobile App,Credit Card,0,0,TXN_100497,CUST_10497
70,Savings,Deposit,Groceries,36.36,7341.33,7304.97,10,Berlin,Web Browser,Debit Card,0,0,TXN_100280,CUST_10280
24,Savings,Payment,Retail,62.41,15732.46,15670.05,17,Tokyo,Mobile App,Wire Transfer,0,0,TXN_101778,CUST_11778
41,Business,Transfer,Entertainment,84.49,19218.87,19134.38,8,New York,Mobile App,Debit Card,0,0,TXN_105693,CUST_15693
27,Savings,Transfer,Travel,280.17,24621.5,24341.33,9,Mumbai,Web Browser,Debit Card,0,0,TXN_105005,CUST_15005
18,Credit,Withdrawal,Entertainment,44.42,24216.24,24171.82,8,Toronto,ATM,Wire Transfer,0,0,TXN_101492,CUST_11492
27,Checking,Withdrawal,Electronics,141.71,15625.43,15483.72,6,Singapore,POS Terminal,Debit Card,0,0,TXN_106458,CUST_16458
37,Credit,Transfer,Entertainment,119.98,8003.65,7883.67,0,Mumbai,Web Browser,Debit Card,0,0,TXN_102219,CUST_12219
75,Savings,Payment,Groceries,171.17,4654.88,4483.71,9,Toronto,ATM,Debit Card,0,0,TXN_104003,CUST_14003
41,Checking,Withdrawal,Retail,138.54,21961.93,21823.39,9,Tokyo,Web Browser,Debit Card,0,0,TXN_106058,CUST_16058
18,Checking,Transfer,Entertainment,20.73,25122.88,25102.15,21,London,Mobile App,Wire Transfer,0,0,TXN_104213,CUST_14213
62,Savings,Deposit,Groceries,166.0,23518.54,23352.54,12,Singapore,Web Browser,UPI / Wallet,0,0,TXN_104616,CUST_14616
40,Checking,Deposit,Retail,47.51,15128.81,15081.3,6,Berlin,POS Terminal,UPI / Wallet,0,0,TXN_105857,CUST_15857
32,Savings,Withdrawal,Groceries,69.4,2295.28,2225.88,9,New York,POS Terminal,Debit Card,0,0,TXN_105319,CUST_15319
67,Savings,Transfer,Entertainment,84.6,19750.56,19665.96,20,Toronto,POS Terminal,Debit Card,0,0,TXN_105339,CUST_15339
24,Credit,Transfer,Travel,45.25,21111.97,21066.72,3,Singapore,Web Browser,Debit Card,0,0,TXN_104295,CUST_14295
74,Checking,Deposit,Retail,94.16,25898.04,25803.88,16,Berlin,Mobile App,Credit Card,0,1,TXN_106993,CUST_16993
28,Savings,Payment,Utilities,225.56,23458.05,23232.49,7,Berlin,Web Browser,Wire Transfer,0,1,TXN_105013,CUST_15013
62,Checking,Payment,Retail,16.93,10508.78,10491.85,12,New York,POS Terminal,Debit Card,0,1,TXN_102117,CUST_12117
74,Checking,Payment,Electronics,71.93,10240.38,10168.45,20,Singapore,Mobile App,UPI / Wallet,0,0,TXN_102409,CUST_12409
30,Checking,Payment,Groceries,88.57,13454.92,13366.35,21,Mumbai,Web Browser,Credit Card,1,0,TXN_104384,CUST_14384
35,Savings,Withdrawal,Groceries,58.7,22145.2,22086.5,12,Tokyo,Mobile App,Credit Card,1,1,TXN_106944,CUST_16944
38,Business,Withdrawal,Travel,89.41,17323.85,17234.44,17,New York,POS Terminal,Credit Card,0,0,TXN_103073,CUST_13073
45,Checking,Transfer,Groceries,183.11,5670.24,5487.13,12,Tokyo,ATM,Wire Transfer,0,0,TXN_105644,CUST_15644
77,Checking,Withdrawal,Groceries,148.68,10711.48,10562.8,13,New York,ATM,Debit Card,0,0,TXN_106521,CUST_16521
28,Credit,Transfer,Utilities,666.1,7158.73,6492.63,9,Berlin,ATM,Credit Card,0,0,TXN_101651,CUST_11651
20,Savings,Payment,Retail,71.47,25671.47,25600.0,0,Singapore,POS Terminal,Wire Transfer,0,0,TXN_101827,CUST_11827
53,Credit,Deposit,Utilities,163.04,5273.16,5110.12,14,London,Web Browser,Debit Card,0,0,TXN_102194,CUST_12194
47,Checking,Transfer,Travel,194.43,26863.59,26819.16,10,New York,Web Browser,Debit Card,0,0,TXN_101950,CUST_11950
70,Business,Transfer,Travel,6.93,20377.69,20370.76,6,London,Mobile App,UPI / Wallet,0,0,TXN_106209,CUST_16209
77,Savings,Payment,Retail,31.74,20708.59,20676.85,5,New York,POS Terminal,Wire Transfer,0,0,TXN_100432,CUST_10432
59,Checking,Transfer,Travel,21.57,20639.24,20617.67,14,Singapore,Web Browser,Debit Card,0,0,TXN_105327,CUST_15327
32,Checking,Transfer,Travel,9.0,13759.73,13750.73,0,New York,Mobile App,UPI / Wallet,0,0,TXN_100003,CUST_10003
31,Credit,Transfer,Groceries,43.52,9050.1,9006.58,12,Tokyo,POS Terminal,Debit Card,0,0,TXN_101551,CUST_11551
21,Checking,Deposit,Groceries,84.0,21032.56,20948.56,17,Berlin,Mobile App,Credit Card,0,0,TXN_106089,CUST_16089
55,Checking,Deposit,Electronics,104.3,23176.63,23072.33,18,New York,Mobile App,Debit Card,1,0,TXN_102601,CUST_12601
54,Business,Transfer,Utilities,141.96,5080.81,4938.85,4,Mumbai,Mobile App,Wire Transfer,0,0,TXN_100024,CUST_10024
18,Checking,Transfer,Groceries,8.55,10453.52,10444.97,8,Berlin,POS Terminal,Wire Transfer,0,0,TXN_104638,CUST_14638
29,Credit,Payment,Utilities,123.61,21167.05,21043.44,11,Berlin,Web Browser,UPI / Wallet,0,0,TXN_104059,CUST_14059
63,Checking,Payment,Groceries,581.67,15816.34,15384.67,0,New York,Web Browser,Debit Card,0,0,TXN_104569,CUST_14569
56,Credit,Withdrawal,Groceries,316.13,14766.35,14450.22,2,Tokyo,Mobile App,Debit Card,0,0,TXN_103961,CUST_13961
18,Checking,Payment,Travel,34.26,26613.05,26578.79,0,Mumbai,Web Browser,Wire Transfer,0,0,TXN_106514,CUST_16514
73,Business,Deposit,Groceries,67.06,24805.17,24738.11,18,Tokyo,ATM,Debit Card,0,0,TXN_100512,CUST_10512
19,Savings,Payment,Travel,71.7,25307.83,25236.13,22,New York,POS Terminal,UPI / Wallet,0,0,TXN_102274,CUST_12274
37,Checking,Payment,Utilities,155.69,23400.8,23245.11,20,Toronto,Mobile App,Wire Transfer,0,0,TXN_101887,CUST_11887
62,Savings,Deposit,Retail,508.91,4112.42,3603.51,17,Mumbai,POS Terminal,UPI / Wallet,0,0,TXN_103886,CUST_13886
54,Savings,Transfer,Travel,612.98,22404.99,21792.01,16,Singapore,POS Terminal,Wire Transfer,1,0,TXN_101346,CUST_11346
18,Checking,Payment,Entertainment,159.25,25913.19,25753.94,8,Berlin,Mobile App,UPI / Wallet,0,0,TXN_100727,CUST_10727
59,Credit,Transfer,Groceries,39.75,25673.17,25633.42,22,New York,ATM,Debit Card,1,0,TXN_102432,CUST_12432
28,Checking,Deposit,Retail,324.3,25910.72,25586.42,15,Tokyo,ATM,Wire Transfer,0,0,TXN_106085,CUST_16085
20,Checking,Withdrawal,Utilities,1.21,317.89,316.68,21,New York,Mobile App,Debit Card,0,1,TXN_106280,CUST_16280
40,Savings,Withdrawal,Entertainment,226.67,20709.19,20482.52,7,Berlin,POS Terminal,Credit Card,0,1,TXN_104244,CUST_14244
40,Checking,Payment,Groceries,11.21,7703.77,7692.56,19,Tokyo,ATM,Wire Transfer,0,0,TXN_100544,CUST_10544
56,Checking,Transfer,Travel,132.92,21606.62,21473.7,19,New York,Web Browser,Debit Card,0,0,TXN_104767,CUST_14767
45,Checking,Deposit,Travel,49.85,24590.94,24541.09,11,Berlin,Mobile App,Debit Card,0,0,TXN_104170,CUST_14170
65,Savings,Transfer,Entertainment,42.44,24129.16,24086.72,5,Tokyo,Web Browser,UPI / Wallet,0,0,TXN_106742,CUST_16742
26,Checking,Deposit,Groceries,249.81,3788.5,3538.69,1,Mumbai,ATM,Wire Transfer,0,0,TXN_105086,CUST_15086
43,Business,Deposit,Groceries,67.25,23268.71,23201.46,20,Toronto,Mobile App,Credit Card,0,0,TXN_104952,CUST_14952
56,Credit,Withdrawal,Groceries,37.49,23875.36,23837.87,19,Tokyo,Web Browser,Credit Card,0,0,TXN_106739,CUST_16739
60,Business,Deposit,Retail,23.63,25465.8,25442.17,9,Mumbai,ATM,Credit Card,1,0,TXN_105796,CUST_15796
22,Savings,Payment,Retail,134.89,12152.11,12017.22,21,Berlin,Mobile App,Wire Transfer,0,0,TXN_104118,CUST_14118
42,Savings,Payment,Travel,124.93,17948.87,17823.94,2,Tokyo,Web Browser,UPI / Wallet,1,1,TXN_102323,CUST_12323
60,Credit,Payment,Electronics,30.58,25313.11,25282.53,2,Tokyo,Mobile App,UPI / Wallet,0,0,TXN_104700,CUST_14700
46,Savings,Transfer,Groceries,102.89,16271.41,16168.52,21,Tokyo,POS Terminal,Debit Card,0,0,TXN_104109,CUST_14109
18,Credit,Transfer,Utilities,47.72,16486.62,16438.9,4,Toronto,POS Terminal,Debit Card,0,0,TXN_106819,CUST_16819
19,Checking,Payment,Groceries,137.79,26375.8,26238.01,20,Toronto,Web Browser,UPI / Wallet,0,0,TXN_100124,CUST_10124
22,Credit,Payment,Retail,104.81,6455.17,6350.36,1,Mumbai,POS Terminal,Debit Card,0,0,TXN_103514,CUST_13514
30,Savings,Withdrawal,Groceries,17.73,24638.13,24620.4,5,Singapore,ATM,Debit Card,0,0,TXN_104668,CUST_14668
39,Credit,Payment,Travel,9.67,23004.82,22995.15,16,Singapore,Mobile App,Wire Transfer,0,0,TXN_103973,CUST_13973
73,Checking,Deposit,Travel,16.91,22974.05,22957.14,5,Toronto,ATM,Wire Transfer,0,0,TXN_101826,CUST_11826
33,Checking,Payment,Retail,369.56,14558.61,14189.05,6,Tokyo,Web Browser,Debit Card,0,0,TXN_103209,CUST_13209
59,Checking,Payment,Travel,25.05,11415.07,11390.02,23,Tokyo,Web Browser,UPI / Wallet,0,0,TXN_100215,CUST_10215
31,Savings,Deposit,Groceries,349.94,24725.48,24375.54,13,Mumbai,Web Browser,Credit Card,0,0,TXN_105420,CUST_15420
78,Checking,Payment,Travel,10.09,13821.24,13811.15,18,Mumbai,Mobile App,Wire Transfer,0,0,TXN_101915,CUST_11915
48,Checking,Payment,Groceries,38.76,19005.66,18966.9,17,Mumbai,ATM,Wire Transfer,0,0,TXN_102265,CUST_12265
21,Savings,Transfer,Utilities,24.43,16440.32,16565.89,16,New York,Mobile App,Debit Card,0,0,TXN_104372,CUST_14372
66,Checking,Payment,Electronics,36.48,16800.19,16763.71,18,Toronto,ATM,Wire Transfer,0,0,TXN_105988,CUST_15988
59,Checking,Transfer,Travel,21.57,20639.24,20617.67,14,Singapore,Web Browser,Debit Card,0,0,TXN_105327,CUST_15327
18,Credit,Payment,Entertainment,79.3,1483.94,1554.64,23,Toronto,Mobile App,Debit Card,0,0,TXN_104364,CUST_14364
24,Savings,Deposit,Entertainment,138.12,23421.38,23283.26,9,Toronto,ATM,Wire Transfer,1,0,TXN_102709,CUST_12709
33,Savings,Transfer,Electronics,266.62,25193.05,24926.43,1,Tokyo,Web Browser,UPI / Wallet,0,0,TXN_102161,CUST_12161
68,Savings,Transfer,Entertainment,114.59,14331.68,14217.09,1,New York,ATM,UPI / Wallet,0,0,TXN_100046,CUST_10046
23,Savings,Transfer,Travel,85.73,25412.94,25327.21,10,London,Mobile App,Wire Transfer,0,0,TXN_104351,CUST_14351
58,Savings,Transfer,Travel,49.41,19602.14,19552.73,17,Mumbai,Mobile App,Debit Card,1,1,TXN_105074,CUST_15074
65,Checking,Withdrawal,Travel,7.8,14634.01,14626.21,1,Mumbai,Web Browser,Debit Card,0,0,TXN_102653,CUST_12653
64,Savings,Deposit,Entertainment,41.41,21855.1,21813.69,15,Toronto,Web Browser,UPI / Wallet,0,0,TXN_100501,CUST_10501
62,Savings,Transfer,Entertainment,17.25,27962.88,27945.63,12,Tokyo,Web Browser,Debit Card,0,0,TXN_104605,CUST_14605
25,Checking,Transfer,Travel,28.43,21857.01,21828.58,22,London,POS Terminal,UPI / Wallet,0,0,TXN_101473,CUST_11473
18,Savings,Transfer,Groceries,51.35,23593.56,23542.21,9,Berlin,Web Browser,Debit Card,0,0,TXN_104682,CUST_14682
21,Checking,Withdrawal,Groceries,62.82,22673.11,22610.29,22,Berlin,POS Terminal,Wire Transfer,0,0,TXN_104811,CUST_14811
66,Checking,Payment,Retail,222.23,26338.51,26116.28,3,Mumbai,Web Browser,Debit Card,0,0,TXN_104312,CUST_14312
18,Credit,Transfer,Electronics,274.22,549.45,275.23,3,London,Web Browser,Credit Card,0,0,TXN_105963,CUST_15963
19,Savings,Transfer,Travel,169.27,15101.52,14932.25,13,Singapore,Web Browser,Wire Transfer,0,0,TXN_105082,CUST_15082
19,Checking,Payment,Electronics,511.53,25074.06,24562.53,3,Toronto,ATM,Debit Card,0,0,TXN_103149,CUST_13149
62,Savings,Payment,Utilities,41.51,16369.09,16327.58,13,Toronto,ATM,Debit Card,0,0,TXN_100225,CUST_10225
46,Savings,Payment,Travel,195.29,4358.63,4163.34,4,Tokyo,Mobile App,Credit Card,0,0,TXN_104724,CUST_14724
20,Credit,Transfer,Electronics,15.85,23743.62,23727.77,13,Mumbai,Mobile App,Debit Card,0,0,TXN_100572,CUST_10572
65,Credit,Transfer,Electronics,26.96,19783.56,19756.6,22,London,Web Browser,Wire Transfer,0,0,TXN_106201,CUST_16201
30,Checking,Transfer,Electronics,305.19,24665.72,24360.53,6,Berlin,Web Browser,Wire Transfer,0,0,TXN_100146,CUST_10146
63,Credit,Payment,Utilities,10.69,24650.09,24639.4,22,Singapore,ATM,UPI / Wallet,0,0,TXN_103807,CUST_13807
69,Savings,Payment,Travel,230.13,22186.82,21956.69,6,New York,Mobile App,UPI / Wallet,0,0,TXN_103912,CUST_13912
27,Business,Deposit,Groceries,19.69,21770.01,21750.32,5,New York,Mobile App,Debit Card,0,0,TXN_102651,CUST_12651
40,Checking,Payment,Electronics,86.16,15954.53,15868.37,13,Tokyo,Web Browser,UPI / Wallet,0,0,TXN_106888,CUST_16888
45,Checking,Transfer,Groceries,183.11,5670.24,5487.13,12,Tokyo,ATM,Wire Transfer,0,0,TXN_105644,CUST_15644
59,Checking,Payment,Utilities,9.91,996.86,986.95,16,Berlin,POS Terminal,UPI / Wallet,0,0,TXN_106095,CUST_16095
53,Savings,Withdrawal,Electronics,101.89,27079.23,26977.34,19,New York,POS Terminal,Wire Transfer,0,0,TXN_101195,CUST_11195
59,Savings,Deposit,Entertainment,142.03,21995.24,21853.21,16,New York,POS Terminal,Wire Transfer,0,0,TXN_102195,CUST_12195
70,Credit,Deposit,Groceries,53.64,15714.55,15660.91,17,London,ATM,UPI / Wallet,0,0,TXN_101823,CUST_11823
71,Checking,Payment,Utilities,187.97,21932.62,21744.65,8,London,Mobile App,UPI / Wallet,0,0,TXN_106773,CUST_16773
35,Savings,Payment,Travel,285.93,19458.44,19172.51,9,Tokyo,Mobile App,Debit Card,1,0,TXN_100392,CUST_10392
66,Checking,Deposit,Entertainment,141.19,10374.02,10232.83,9,New York,Web Browser,Credit Card,0,0,TXN_102973,CUST_12973
18,Credit,Payment,Electronics,184.76,12060.12,11875.36,5,Tokyo,Mobile App,Wire Transfer,0,0,TXN_103794,CUST_13794
51,Savings,Payment,Travel,192.6,25818.49,25625.89,15,Singapore,Web Browser,UPI / Wallet,0,0,TXN_100903,CUST_10903
54,Checking,Transfer,Utilities,83.33,21215.97,21282.64,5,New York,Mobile App,Credit Card,0,0,TXN_106486,CUST_16486
44,Savings,Withdrawal,Utilities,29.1,6392.0,6362.9,0,Toronto,Web Browser,Debit Card,0,0,TXN_105969,CUST_15969
36,Checking,Transfer,Travel,459.11,15995.65,15536.54,19,Berlin,ATM,Debit Card,0,0,TXN_101995,CUST_11995
20,Savings,Transfer,Travel,46.08,14641.88,14595.8,14,Toronto,ATM,Wire Transfer,1,0,TXN_105507,CUST_15507
28,Savings,Transfer,Travel,117.71,23210.58,23092.87,19,New York,POS Terminal,Debit Card,0,0,TXN_105867,CUST_15867
37,Savings,Transfer,Retail,71.75,20390.83,20319.08,21,London,Mobile App,Debit Card,0,0,TXN_103612,CUST_13612
25,Checking,Deposit,Electronics,208.66,25847.43,25638.77,13,Singapore,ATM,UPI / Wallet,0,0,TXN_100713,CUST_10713
56,Checking,Deposit,Electronics,102.4,1904.98,1802.58,1,Mumbai,POS Terminal,Debit Card,0,0,TXN_102509,CUST_12509
18,Checking,Payment,Travel,258.97,19776.64,19517.67,1,Tokyo,Web Browser,Credit Card,0,0,TXN_100508,CUST_10508
43,Checking,Withdrawal,Travel,514.22,25936.25,25422.03,17,Mumbai,POS Terminal,Debit Card,0,0,TXN_103168,CUST_13168
40,Savings,Payment,Retail,48.85,195.96,147.11,3,Toronto,Web Browser,Debit Card,0,1,TXN_100581,CUST_10581
25,Savings,Transfer,Electronics,361.7,5600.7,5389.0,22,Berlin,ATM,Debit Card,0,0,TXN_101530,CUST_11530
73,Savings,Transfer,Electronics,50.11,23106.27,23056.16,10,New York,Mobile App,Wire Transfer,0,0,TXN_101731,CUST_11731
21,Credit,Payment,Utilities,236.87,24438.3,24201.43,23,Berlin,POS Terminal,Credit Card,1,0,TXN_101733,CUST_11733
69,Savings,Withdrawal,Travel,23.03,21439.42,21416.39,1,Tokyo,Mobile App,UPI / Wallet,0,1,TXN_106982,CUST_16982
18,Business,Withdrawal,Travel,6.22,21484.98,21478.76,21,Toronto,ATM,Debit Card,0,0,TXN_101836,CUST_11836
63,Savings,Deposit,Retail,385.72,6829.83,6444.11,7,Mumbai,Mobile App,Credit Card,1,0,TXN_103183,CUST_13183
48,Checking,Withdrawal,Entertainment,84.02,6769.16,6685.14,20,Toronto,ATM,UPI / Wallet,0,0,TXN_101014,CUST_11014
57,Savings,Withdrawal,Groceries,243.99,6683.95,6589.96,0,Tokyo,Web Browser,Wire Transfer,0,0,TXN_104832,CUST_14832
40,Savings,Payment,Travel,330.29,19726.5,19546.21,12,London,Web Browser,Debit Card,0,0,TXN_106261,CUST_16261
18,Savings,Payment,Utilities,393.26,6910.9,6517.64,16,Berlin,ATM,UPI / Wallet,1,0,TXN_102510,CUST_12510
61,Savings,Payment,Travel,70.88,15234.54,15163.66,15,New York,Web Browser,Credit Card,0,0,TXN_106508,CUST_16508
31,Savings,Payment,Groceries,126.28,789.75,663.47,2,London,Mobile App,Debit Card,0,0,TXN_106680,CUST_16680
74,Credit,Deposit,Groceries,118.3,2003.63,1885.33,23,Toronto,Web Browser,Debit Card,0,0,TXN_102135,CUST_12135
62,Business,Withdrawal,Travel,116.22,25568.64,25452.42,7,New York,ATM,Wire Transfer,0,0,TXN_103318,CUST_13318
72,Credit,Payment,Entertainment,1.18,19392.79,19391.61,21,Mumbai,POS Terminal,Credit Card,0,0,TXN_106645,CUST_16645
60,Checking,Transfer,Electronics,185.2,27870.53,27685.33,2,Tokyo,Web Browser,UPI / Wallet,0,0,TXN_102822,CUST_12822
63,Savings,Deposit,Utilities,56.73,23401.94,23345.21,17,Berlin,Web Browser,UPI / Wallet,0,0,TXN_101123,CUST_11123
60,Checking,Transfer,Utilities,315.86,23633.82,23317.96,17,New York,POS Terminal,UPI / Wallet,0,0,TXN_103113,CUST_13113
54,Savings,Deposit,Groceries,92.94,1605.36,1512.42,12,Berlin,Web Browser,Wire Transfer,0,0,TXN_106375,CUST_16375
25,Checking,Withdrawal,Groceries,585.8,15211.12,14625.32,13,Tokyo,Mobile App,Wire Transfer,0,0,TXN_106281,CUST_16281
63,Savings,Transfer,Utilities,44.75,26127.9,26083.15,20,Tokyo,Web Browser,Debit Card,0,0,TXN_101770,CUST_11770
51,Savings,Transfer,Groceries,398.77,20297.75,19898.98,15,New York,Web Browser,Wire Transfer,0,0,TXN_102703,CUST_12703
18,Savings,Transfer,Electronics,38.84,21257.05,21218.21,9,Mumbai,Web Browser,UPI / Wallet,0,0,TXN_104203,CUST_14203
33,Business,Withdrawal,Electronics,135.74,13247.18,13111.44,14,Berlin,ATM,Debit Card,1,0,TXN_100951,CUST_10951
68,Savings,Deposit,Electronics,615.95,5062.74,4446.79,5,Berlin,Mobile App,UPI / Wallet,0,0,TXN_104516,CUST_14516
56,Checking,Deposit,Entertainment,62.17,21334.17,21272.0,16,New York,Mobile App,Debit Card,0,0,TXN_106276,CUST_16276
55,Checking,Transfer,Electronics,109.87,5398.49,5288.62,22,Toronto,Mobile App,Wire Transfer,0,0,TXN_102434,CUST_12434
26,Business,Payment,Entertainment,626.18,9542.54,8916.36,23,Berlin,ATM,Wire Transfer,0,0,TXN_100848,CUST_10848
57,Savings,Payment,Travel,149.41,12611.31,12461.9,23,New York,ATM,Wire Transfer,0,0,TXN_101524,CUST_11524
18,Checking,Payment,Groceries,155.09,25496.99,25341.9,11,Singapore,ATM,Debit Card,0,0,TXN_101028,CUST_11028
29,Savings,Transfer,Utilities,43.87,14572.26,14528.39,16,Toronto,POS Terminal,Debit Card,0,0,TXN_106316,CUST_16316
27,Savings,Withdrawal,Groceries,3.54,3330.83,3327.29,4,Tokyo,Mobile App,Wire Transfer,1,0,TXN_104209,CUST_14209
57,Checking,Deposit,Travel,124.53,16473.48,16348.95,20,Berlin,Mobile App,UPI / Wallet,0,0,TXN_104790,CUST_14790
52,Business,Payment,Utilities,99.82,19872.65,19772.83,16,Tokyo,ATM,Credit Card,0,0,TXN_101046,CUST_11046
60,Savings,Withdrawal,Utilities,10.08,9930.8,9920.72,18,Toronto,Mobile App,Credit Card,0,0,TXN_105823,CUST_15823
58,Checking,Payment,Electronics,510.28,23330.55,22820.27,8,Toronto,Web Browser,Debit Card,0,0,TXN_103112,CUST_13112
65,Checking,Deposit,Entertainment,66.86,23371.41,23304.55,21,Tokyo,Mobile App,Debit Card,0,0,TXN_105196,CUST_15196
59,Savings,Transfer,Entertainment,48.22,21860.88,21812.66,4,Tokyo,Web Browser,UPI / Wallet,0,0,TXN_102094,CUST_12094
63,Savings,Transfer,Travel,108.25,25976.2,25867.95,5,Berlin,Web Browser,UPI / Wallet,0,0,TXN_104159,CUST_14159
18,Savings,Payment,Groceries,18.14,19104.32,19086.18,14,Toronto,ATM,Debit Card,0,0,TXN_104521,CUST_14521
20,Credit,Payment,Electronics,74.73,6378.63,6303.9,17,Mumbai,Mobile App,UPI / Wallet,1,0,TXN_105814,CUST_15814
18,Savings,Payment,Entertainment,327.04,19729.74,19402.7,15,Singapore,POS Terminal,Wire Transfer,0,0,TXN_100907,CUST_10907
18,Savings,Transfer,Travel,71.71,16290.84,16219.13,1,Toronto,Mobile App,Credit Card,0,0,TXN_104116,CUST_14116
21,Checking,Transfer,Entertainment,937.13,26802.49,25865.36,2,New York,Mobile App,UPI / Wallet,0,1,TXN_100338,CUST_10338
79,Savings,Transfer,Travel,198.06,24731.83,24533.77,21,Tokyo,ATM,Debit Card,0,0,TXN_101083,CUST_11083
66,Savings,Payment,Groceries,104.25,17353.62,17249.37,18,Berlin,Web Browser,UPI / Wallet,0,1,TXN_105801,CUST_15801
69,Checking,Transfer,Entertainment,45.49,8724.68,8679.19,23,Berlin,POS Terminal,Wire Transfer,0,1,TXN_106625,CUST_16625
19,Checking,Transfer,Electronics,473.11,22206.07,21732.96,0,Tokyo,Mobile App,Wire Transfer,1,0,TXN_103455,CUST_13455
18,Savings,Transfer,Retail,50.78,24561.98,24511.2,10,Tokyo,POS Terminal,Debit Card,1,0,TXN_102730,CUST_12730
50,Savings,Payment,Electronics,524.7,14662.64,14137.94,0,Toronto,POS Terminal,Debit Card,0,0,TXN_101131,CUST_11131
28,Savings,Transfer,Groceries,326.73,23119.42,22792.69,20,Mumbai,Mobile App,Wire Transfer,0,0,TXN_104241,CUST_14241
18,Business,Transfer,Groceries,73.36,24492.36,24419.0,3,Tokyo,Mobile App,UPI / Wallet,0,0,TXN_104770,CUST_14770
58,Credit,Transfer,Retail,65.88,11954.46,11888.58,9,Mumbai,Web Browser,Wire Transfer,0,0,TXN_106557,CUST_16557
57,Savings,Transfer,Groceries,198.71,26127.81,25929.1,9,Tokyo,ATM,UPI / Wallet,0,0,TXN_106035,CUST_16035
66,Savings,Transfer,Groceries,166.11,19033.09,18866.98,14,Mumbai,POS Terminal,UPI / Wallet,1,0,TXN_101619,CUST_11619
38,Checking,Transfer,Entertainment,521.52,23861.41,23339.89,3,Berlin,Web Browser,Wire Transfer,0,1,TXN_104101,CUST_14101
20,Checking,Transfer,Utilities,38.66,26037.34,25998.68,11,Mumbai,Mobile App,Debit Card,0,0,TXN_101578,CUST_11578
28,Savings,Withdrawal,Travel,88.19,23231.1,23142.91,1,Berlin,Web Browser,Debit Card,0,0,TXN_103625,CUST_13625
69,Business,Deposit,Utilities,228.31,27511.76,27283.45,18,Tokyo,ATM,Credit Card,0,0,TXN_101864,CUST_11864
24,Checking,Deposit,Groceries,371.74,16211.07,15839.33,11,Tokyo,Web Browser,Wire Transfer,0,0,TXN_103192,CUST_13192
67,Checking,Payment,Utilities,138.79,5050.51,4911.72,20,Singapore,Mobile App,Debit Card,1,0,TXN_103768,CUST_13768
49,Savings,Withdrawal,Entertainment,4.38,18991.98,18987.6,19,New York,Web Browser,UPI / Wallet,0,1,TXN_106436,CUST_16436
38,Checking,Payment,Entertainment,140.02,21004.53,20864.51,18,Toronto,POS Terminal,UPI / Wallet,0,0,TXN_102645,CUST_12645
19,Checking,Withdrawal,Travel,257.66,22764.86,22507.2,18,Berlin,POS Terminal,UPI / Wallet,0,0,TXN_102531,CUST_12531
50,Savings,Payment,Travel,216.58,25141.9,24925.32,16,Toronto,Web Browser,UPI / Wallet,1,0,TXN_101434,CUST_11434
40,Business,Deposit,Groceries,7.7,16727.63,16719.93,18,Tokyo,Mobile App,Debit Card,0,0,TXN_102025,CUST_12025
69,Checking,Payment,Travel,56.75,28141.78,28085.03,6,Berlin,Mobile App,Debit Card,0,0,TXN_102301,CUST_12301
50,Savings,Transfer,Retail,39.35,25886.98,25847.63,11,Berlin,POS Terminal,Credit Card,1,0,TXN_100044,CUST_10044
51,Checking,Transfer,Electronics,140.97,14157.21,14016.24,5,Tokyo,POS Terminal,Debit Card,0,0,TXN_106170,CUST_16170
28,Checking,Transfer,Retail,195.66,26264.67,26069.01,2,Singapore,Web Browser,Wire Transfer,0,0,TXN_102352,CUST_12352
20,Savings,Withdrawal,Electronics,4.28,23107.02,23102.74,21,London,ATM,Debit Card,0,0,TXN_102258,CUST_12258
25,Checking,Payment,Groceries,41.16,19452.54,19411.38,3,Mumbai,Mobile App,UPI / Wallet,0,0,TXN_101253,CUST_11253
33,Checking,Transfer,Electronics,47.8,13828.92,13781.12,23,London,Web Browser,UPI / Wallet,0,0,TXN_100864,CUST_10864
70,Savings,Payment,Travel,491.73,17112.9,16621.17,13,Tokyo,Mobile App,Credit Card,0,0,TXN_106818,CUST_16818
68,Checking,Deposit,Utilities,356.94,23661.04,23304.1,8,Mumbai,Mobile App,Debit Card,0,0,TXN_104341,CUST_14341
62,Checking,Payment,Entertainment,7.23,19989.99,19982.76,23,Toronto,Mobile App,Wire Transfer,1,0,TXN_103550,CUST_13550
33,Savings,Transfer,Entertainment,64.37,6719.07,6654.7,15,Toronto,ATM,Credit Card,0,1,TXN_101363,CUST_11363
61,Credit,Payment,Groceries,43.95,26130.56,26086.61,20,London,Web Browser,UPI / Wallet,0,0,TXN_103865,CUST_13865
24,Checking,Transfer,Travel,97.29,21909.35,21812.06,7,Toronto,Web Browser,Credit Card,0,0,TXN_106719,CUST_16719
18,Checking,Transfer,Groceries,367.3,8869.45,8502.15,1,Singapore,POS Terminal,Credit Card,0,0,TXN_103187,CUST_13187
20,Business,Transfer,Groceries,7.04,14770.4,14763.36,3,Tokyo,Mobile App,Debit Card,1,0,TXN_103434,CUST_13434
58,Savings,Withdrawal,Groceries,8.88,23851.93,23843.05,9,Berlin,ATM,Wire Transfer,0,0,TXN_104512,CUST_14512
55,Savings,Payment,Travel,109.19,23686.52,23577.33,23,Mumbai,Web Browser,Credit Card,0,0,TXN_104975,CUST_14975
57,Checking,Payment,Retail,84.54,26689.68,26605.14,2,Toronto,Mobile App,Wire Transfer,0,0,TXN_101810,CUST_11810
46,Checking,Transfer,Travel,358.57,16502.6,16144.03,18,Mumbai,Web Browser,Credit Card,0,1,TXN_101503,CUST_11503
24,Savings,Payment,Groceries,116.47,9963.97,9847.5,22,Tokyo,Mobile App,Debit Card,0,0,TXN_103257,CUST_13257
18,Checking,Withdrawal,Groceries,175.94,7340.51,7164.57,11,Singapore,ATM,UPI / Wallet,0,0,TXN_104506,CUST_14506
69,Savings,Transfer,Electronics,649.84,26154.89,25505.05,6,Singapore,POS Terminal,Debit Card,0,0,TXN_102147,CUST_12147
74,Credit,Deposit,Groceries,369.53,24706.45,24336.92,11,Tokyo,ATM,Wire Transfer,1,0,TXN_100610,CUST_10610
59,Business,Withdrawal,Groceries,66.0,20206.22,20140.22,23,Tokyo,ATM,Wire Transfer,0,0,TXN_104163,CUST_14163
63,Checking,Transfer,Groceries,98.0,10319.88,10221.88,15,Berlin,Mobile App,Wire Transfer,0,1,TXN_100014,CUST_10014
39,Checking,Payment,Groceries,42.17,16844.37,16802.2,5,New York,Mobile App,Wire Transfer,0,0,TXN_101282,CUST_11282
34,Credit,Deposit,Electronics,47.51,20201.09,20153.58,2,Mumbai,Web Browser,UPI / Wallet,0,0,TXN_104052,CUST_14052
18,Savings,Payment,Electronics,81.77,12528.13,12446.36,8,Toronto,ATM,Debit Card,0,0,TXN_106951,CUST_16951
24,Savings,Deposit,Travel,73.96,17515.42,17441.46,12,Toronto,Mobile App,Debit Card,0,0,TXN_103623,CUST_13623
46,Checking,Payment,Entertainment,587.3,2121.88,1534.58,6,New York,Web Browser,Debit Card,0,0,TXN_102485,CUST_12485
18,Credit,Transfer,Utilities,168.61,17964.85,17796.24,16,Tokyo,POS Terminal,Credit Card,0,0,TXN_104798,CUST_14798
41,Savings,Transfer,Entertainment,547.24,22688.11,22140.87,0,Mumbai,Mobile App,Wire Transfer,0,0,TXN_101978,CUST_11978
76,Checking,Deposit,Travel,2.7,16566.3,16563.6,22,New York,Mobile App,Wire Transfer,0,0,TXN_102110,CUST_12110
30,Checking,Withdrawal,Entertainment,751.97,16202.35,15450.38,6,Berlin,Web Browser,Debit Card,0,0,TXN_104644,CUST_14644
18,Savings,Withdrawal,Retail,25.35,3994.4,3969.05,1,Mumbai,ATM,Credit Card,1,0,TXN_104738,CUST_14738
62,Checking,Payment,Travel,87.95,26190.54,26102.59,22,Singapore,Mobile App,UPI / Wallet,0,0,TXN_101724,CUST_11724
35,Savings,Deposit,Travel,431.73,27159.6,26877.87,0,Tokyo,Web Browser,Credit Card,0,0,TXN_102182,CUST_12182
76,Credit,Transfer,Groceries,99.84,20226.39,20126.55,10,Tokyo,POS Terminal,Wire Transfer,0,0,TXN_104367,CUST_14367
47,Credit,Withdrawal,Travel,98.8,2843.68,2744.88,14,Berlin,Mobile App,UPI / Wallet,0,0,TXN_103577,CUST_13577
29,Savings,Payment,Groceries,61.6,15465.73,15404.13,12,Tokyo,ATM,UPI / Wallet,0,0,TXN_105124,CUST_15124
70,Savings,Transfer,Utilities,146.01,26208.17,26062.16,9,Berlin,ATM,Debit Card,0,0,TXN_106016,CUST_16016
66,Checking,Withdrawal,Utilities,86.87,21751.42,21664.55,11,Mumbai,POS Terminal,Debit Card,1,0,TXN_101931,CUST_11931
18,Business,Payment,Travel,115.6,20316.42,20200.82,22,London,Web Browser,Credit Card,0,0,TXN_102946,CUST_12946
20,Credit,Payment,Electronics,74.73,6378.63,6303.9,17,Mumbai,Mobile App,UPI / Wallet,1,0,TXN_105814,CUST_15814
18,Checking,Withdrawal,Entertainment,77.06,7560.38,7633.32,3,Tokyo,ATM,Credit Card,0,0,TXN_103921,CUST_13921
63,Savings,Payment,Groceries,36.46,8951.94,8915.48,10,Berlin,Web Browser,UPI / Wallet,0,0,TXN_106650,CUST_16650
55,Credit,Payment,Electronics,439.71,26091.29,25651.58,2,Toronto,Mobile App,Debit Card,1,0,TXN_101322,CUST_11322
24,Savings,Transfer,Utilities,14.45,23402.23,23387.78,1,Toronto,Mobile App,Debit Card,0,0,TXN_106207,CUST_16207
65,Business,Deposit,Groceries,160.66,3931.46,3920.8,1,Mumbai,Mobile App,UPI / Wallet,0,1,TXN_100782,CUST_10782
19,Checking,Payment,Electronics,156.53,14391.16,14234.63,12,London,ATM,UPI / Wallet,0,0,TXN_103704,CUST_13704
65,Savings,Transfer,Entertainment,44.94,13246.24,13201.3,6,Singapore,POS Terminal,Credit Card,0,0,TXN_100912,CUST_10912
45,Credit,Payment,Retail,245.04,16297.29,16052.25,10,Singapore,Mobile App,Debit Card,0,0,TXN_103793,CUST_13793
23,Checking,Payment,Retail,93.0,23697.78,23604.78,21,Tokyo,Web Browser,Debit Card,0,0,TXN_106548,CUST_16548
72,Savings,Deposit,Retail,11.78,5836.96,5825.18,5,Berlin,ATM,UPI / Wallet,1,0,TXN_102187,CUST_12187
21,Checking,Payment,Utilities,45.21,21981.23,21936.02,17,Berlin,POS Terminal,UPI / Wallet,0,0,TXN_106194,CUST_16194
45,Credit,Transfer,Retail,85.77,19411.9,19326.13,11,Toronto,ATM,Credit Card,0,0,TXN_106803,CUST_16803
21,Business,Transfer,Electronics,179.19,26829.71,26650.52,5,New York,Mobile App,Debit Card,1,0,TXN_105485,CUST_15485
25,Savings,Payment,Retail,90.66,23813.16,23722.5,6,Berlin,POS Terminal,Wire Transfer,0,0,TXN_101022,CUST_11022
59,Checking,Payment,Retail,239.24,23987.11,23747.87,20,Berlin,ATM,Debit Card,0,0,TXN_106765,CUST_16765
22,Checking,Payment,Entertainment,199.59,24838.79,24639.2,11,Tokyo,Web Browser,Debit Card,0,0,TXN_102792,CUST_12792
62,Business,Withdrawal,Electronics,182.15,22420.71,22238.56,18,Toronto,Web Browser,Wire Transfer,1,0,TXN_103489,CUST_13489
70,Savings,Transfer,Utilities,469.15,14111.59,13642.44,4,Mumbai,ATM,Debit Card,0,0,TXN_104242,CUST_14242
59,Savings,Withdrawal,Travel,268.93,26159.08,25890.15,10,Tokyo,Web Browser,Credit Card,0,0,TXN_102374,CUST_12374
69,Savings,Payment,Retail,165.9,17105.79,16939.89,0,Toronto,POS Terminal,Credit Card,0,0,TXN_105439,CUST_15439
65,Checking,Withdrawal,Travel,164.11,17838.66,17674.55,19,Berlin,Web Browser,Wire Transfer,0,0,TXN_103117,CUST_13117
74,Savings,Transfer,Utilities,215.4,27545.4,27330.0,2,Tokyo,Mobile App,UPI / Wallet,0,0,TXN_100337,CUST_10337
53,Savings,Deposit,Groceries,145.72,12732.02,12586.3,9,Berlin,Mobile App,UPI / Wallet,1,0,TXN_103308,CUST_13308
64,Business,Withdrawal,Travel,3.88,18299.73,18445.85,1,London,ATM,Credit Card,0,0,TXN_105404,CUST_15404
18,Credit,Transfer,Entertainment,46.82,19506.18,19459.36,4,New York,Web Browser,UPI / Wallet,0,1,TXN_102107,CUST_12107
62,Checking,Payment,Groceries,155.26,6864.72,6709.46,19,Berlin,Mobile App,Debit Card,0,0,TXN_105854,CUST_15854
18,Credit,Transfer,Retail,101.75,7325.23,7223.48,22,London,POS Terminal,Wire Transfer,0,0,TXN_106753,CUST_16753
64,Business,Transfer,Groceries,482.21,21849.75,21367.54,2,New York,Mobile App,Debit Card,0,1,TXN_103893,CUST_13893
18,Savings,Transfer,Groceries,264.66,25429.95,25165.29,22,Tokyo,Web Browser,UPI / Wallet,0,0,TXN_102159,CUST_12159
71,Savings,Payment,Travel,26.14,3034.66,3008.52,1,Tokyo,Mobile App,Wire Transfer,0,0,TXN_104979,CUST_14979
18,Business,Payment,Utilities,7.06,20506.88,20499.82,20,Berlin,Web Browser,Credit Card,0,0,TXN_103762,CUST_13762
45,Checking,Payment,Retail,7.44,7774.71,7767.27,11,Tokyo,Mobile App,Debit Card,0,0,TXN_105921,CUST_15921
34,Savings,Deposit,Travel,15.3,12809.09,12793.79,12,Singapore,ATM,Debit Card,0,0,TXN_104593,CUST_14593
34,Checking,Payment,Utilities,69.08,25094.58,25025.5,13,Mumbai,Web Browser,UPI / Wallet,1,0,TXN_101566,CUST_11566
33,Business,Withdrawal,Electronics,135.74,13247.18,13111.44,14,Berlin,ATM,Debit Card,1,0,TXN_100951,CUST_10951
71,Savings,Payment,Electronics,88.11,9350.55,9262.44,0,Berlin,Web Browser,Credit Card,0,0,TXN_104265,CUST_14265
26,Checking,Transfer,Entertainment,11.67,3908.34,3896.67,7,Mumbai,Web Browser,Credit Card,0,0,TXN_100374,CUST_10374
56,Savings,Withdrawal,Electronics,274.14,15412.29,15288.15,21,New York,Mobile App,UPI / Wallet,0,1,TXN_103716,CUST_13716
72,Savings,Deposit,Retail,25.04,2983.69,2958.65,3,London,Mobile App,Debit Card,0,0,TXN_101675,CUST_11675
63,Savings,Withdrawal,Utilities,83.08,13722.25,13639.17,9,New York,POS Terminal,Wire Transfer,0,0,TXN_105229,CUST_15229
38,Checking,Transfer,Retail,51.0,12537.34,12486.34,21,Mumbai,Mobile App,Debit Card,0,1,TXN_106588,CUST_16588
38,Savings,Transfer,Travel,2.02,17394.62,17392.6,0,Tokyo,Mobile App,Debit Card,0,0,TXN_100956,CUST_10956
18,Business,Deposit,Retail,12.62,21559.49,21546.87,18,Berlin,Mobile App,UPI / Wallet,0,0,TXN_105210,CUST_15210
35,Checking,Withdrawal,Travel,582.76,26768.71,26185.95,22,Singapore,Mobile App,UPI / Wallet,0,0,TXN_101396,CUST_11396
59,Credit,Payment,Electronics,109.94,18460.62,18350.68,8,Mumbai,Mobile App,Debit Card,1,0,TXN_105983,CUST_15983
34,Business,Deposit,Electronics,579.97,25943.16,25363.19,13,London,Web Browser,Debit Card,0,0,TXN_106862,CUST_16862
18,Credit,Payment,Retail,154.77,19972.58,19817.81,2,Tokyo,Web Browser,Debit Card,0,0,TXN_101973,CUST_11973
62,Savings,Withdrawal,Retail,310.23,13199.45,12889.22,1,Mumbai,Web Browser,Credit Card,0,0,TXN_106930,CUST_16930
18,Savings,Transfer,Entertainment,118.35,26226.33,26107.98,20,Tokyo,Mobile App,UPI / Wallet,1,0,TXN_102382,CUST_12382
75,Credit,Transfer,Groceries,143.56,23756.18,23612.62,22,Tokyo,ATM,Debit Card,1,0,TXN_104148,CUST_14148
64,Checking,Withdrawal,Travel,304.06,21128.58,20824.52,12,Mumbai,Web Browser,Wire Transfer,0,0,TXN_105876,CUST_15876
57,Checking,Transfer,Retail,57.58,16328.53,16270.95,23,Mumbai,ATM,Credit Card,0,0,TXN_103981,CUST_13981
52,Checking,Withdrawal,Groceries,87.23,22648.67,22561.44,6,Mumbai,Web Browser,Debit Card,0,0,TXN_106418,CUST_16418
39,Savings,Payment,Retail,25.37,21932.97,21907.6,20,Berlin,Mobile App,Debit Card,0,0,TXN_102299,CUST_12299
23,Savings,Deposit,Entertainment,34.3,23265.98,23231.68,6,New York,Web Browser,Debit Card,0,0,TXN_105991,CUST_15991
18,Business,Deposit,Travel,296.1,925.42,629.32,11,Mumbai,ATM,Wire Transfer,0,0,TXN_101111,CUST_11111
61,Business,Transfer,Travel,166.73,26692.59,26525.86,19,Mumbai,Web Browser,UPI / Wallet,0,0,TXN_101419,CUST_11419
21,Business,Withdrawal,Retail,194.9,6690.51,6495.61,17,Toronto,ATM,Debit Card,0,0,TXN_101270,CUST_11270
25,Credit,Payment,Groceries,157.57,26897.53,26739.96,19,Toronto,POS Terminal,Wire Transfer,0,0,TXN_103488,CUST_13488
30,Savings,Transfer,Retail,169.94,11692.15,11522.21,10,Tokyo,Web Browser,Debit Card,0,0,TXN_106920,CUST_16920
18,Checking,Deposit,Groceries,321.39,23956.07,23634.68,10,Tokyo,Web Browser,Credit Card,0,0,TXN_104023,CUST_14023
76,Checking,Transfer,Utilities,81.65,23009.31,23077.66,14,Singapore,Web Browser,Wire Transfer,0,1,TXN_106629,CUST_16629
66,Checking,Transfer,Retail,145.59,24074.97,23929.38,3,New York,Web Browser,Debit Card,0,0,TXN_102189,CUST_12189
67,Savings,Transfer,Utilities,586.76,22000.94,21414.18,16,Singapore,Web Browser,Wire Transfer,1,0,TXN_103925,CUST_13925
18,Checking,Transfer,Entertainment,26.96,16864.01,16837.05,1,Mumbai,ATM,Credit Card,0,0,TXN_102801,CUST_12801
18,Savings,Transfer,Travel,255.98,14842.04,14586.06,11,Berlin,POS Terminal,Wire Transfer,0,1,TXN_101217,CUST_11217
22,Savings,Deposit,Travel,45.45,15583.13,15537.68,13,New York,Web Browser,Debit Card,1,0,TXN_104874,CUST_14874
18,Checking,Payment,Travel,130.75,25382.9,25252.15,23,Toronto,ATM,UPI / Wallet,0,0,TXN_103425,CUST_13425
37,Checking,Payment,Travel,57.45,16059.04,16001.59,21,Toronto,Web Browser,Debit Card,0,0,TXN_106156,CUST_16156
43,Credit,Withdrawal,Travel,27.75,22737.89,22710.14,10,Tokyo,POS Terminal,UPI / Wallet,0,0,TXN_103115,CUST_13115
73,Credit,Withdrawal,Electronics,43.1,17564.0,17520.9,12,Tokyo,POS Terminal,UPI / Wallet,1,0,TXN_104669,CUST_14669
54,Checking,Payment,Groceries,105.2,22992.83,22887.63,4,Mumbai,Web Browser,UPI / Wallet,0,0,TXN_105278,CUST_15278
23,Savings,Withdrawal,Retail,4.61,16493.57,16488.96,0,Singapore,Mobile App,UPI / Wallet,1,0,TXN_100957,CUST_10957
65,Business,Payment,Groceries,399.99,19163.28,18763.29,14,Mumbai,POS Terminal,Debit Card,0,0,TXN_102540,CUST_12540
68,Savings,Deposit,Retail,246.23,9170.32,8924.09,11,Mumbai,POS Terminal,Debit Card,1,0,TXN_106553,CUST_16553
33,Savings,Withdrawal,Groceries,156.64,25843.25,25686.61,15,Tokyo,Web Browser,UPI / Wallet,0,0,TXN_104496,CUST_14496
29,Savings,Withdrawal,Electronics,43.62,16693.67,16800.05,7,Mumbai,Web Browser,Credit Card,0,0,TXN_101078,CUST_11078
18,Business,Payment,Travel,7.48,24178.83,24171.35,2,Singapore,Mobile App,Credit Card,0,0,TXN_100585,CUST_10585
60,Checking,Payment,Groceries,380.52,27685.98,27455.46,7,Berlin,Mobile App,UPI / Wallet,0,0,TXN_101275,CUST_11275
51,Checking,Transfer,Groceries,144.54,22005.05,21860.51,5,Tokyo,POS Terminal,Debit Card,0,0,TXN_103634,CUST_13634
44,Savings,Payment,Groceries,172.63,17412.98,17240.35,18,Tokyo,Web Browser,Wire Transfer,0,0,TXN_100306,CUST_10306
18,Credit,Transfer,Travel,15.48,23435.56,23420.08,10,Singapore,ATM,Wire Transfer,1,0,TXN_100739,CUST_10739
22,Savings,Transfer,Utilities,81.31,24942.45,24861.14,12,Tokyo,Web Browser,Wire Transfer,0,0,TXN_105458,CUST_15458
31,Credit,Withdrawal,Groceries,241.55,11922.37,11680.82,1,Berlin,Web Browser,Debit Card,0,0,TXN_103883,CUST_13883
24,Checking,Deposit,Utilities,95.2,1654.69,1559.49,4,Tokyo,ATM,UPI / Wallet,0,0,TXN_100331,CUST_10331
64,Credit,Transfer,Entertainment,26.08,19711.28,19835.2,15,London,ATM,Credit Card,0,0,TXN_102338,CUST_12338
18,Checking,Transfer,Entertainment,51.72,22913.24,22861.52,23,Berlin,Mobile App,Wire Transfer,0,0,TXN_103817,CUST_13817
68,Checking,Payment,Travel,259.7,16553.13,16293.43,19,Tokyo,Mobile App,Debit Card,0,0,TXN_103178,CUST_13178
18,Savings,Deposit,Utilities,90.75,16609.65,16518.9,0,London,Web Browser,Wire Transfer,0,0,TXN_100487,CUST_10487
39,Savings,Withdrawal,Groceries,120.88,13938.92,13818.04,17,Tokyo,ATM,UPI / Wallet,1,0,TXN_105289,CUST_15289
30,Savings,Transfer,Entertainment,12.48,26183.91,26171.43,22,Singapore,Mobile App,Debit Card,0,0,TXN_103509,CUST_13509
19,Savings,Withdrawal,Retail,98.67,23436.25,23337.58,0,New York,Mobile App,Debit Card,0,0,TXN_100918,CUST_10918
35,Savings,Transfer,Entertainment,309.92,5987.22,5677.3,21,Tokyo,Web Browser,Debit Card,0,0,TXN_101238,CUST_11238
39,Credit,Transfer,Groceries,22.68,26492.63,26469.95,19,Mumbai,POS Terminal,Credit Card,0,0,TXN_100523,CUST_10523
22,Checking,Payment,Utilities,38.3,18278.3,18240.0,9,London,Mobile App,Credit Card,0,0,TXN_106491,CUST_16491
46,Business,Transfer,Electronics,52.32,8599.14,8546.82,9,Mumbai,Mobile App,Credit Card,0,0,TXN_100176,CUST_10176
56,Credit,Deposit,Electronics,19.38,18254.95,18235.57,1,Tokyo,Mobile App,UPI / Wallet,0,0,TXN_102523,CUST_12523
50,Credit,Withdrawal,Retail,44.19,24685.81,24641.62,9,Berlin,POS Terminal,UPI / Wallet,0,0,TXN_104247,CUST_14247
45,Checking,Deposit,Travel,49.85,24590.94,24541.09,11,Berlin,Mobile App,Debit Card,0,0,TXN_104170,CUST_14170
20,Checking,Withdrawal,Retail,394.63,8487.83,8093.2,18,London,Web Browser,UPI / Wallet,0,0,TXN_100394,CUST_10394
62,Savings,Transfer,Utilities,3.22,23580.51,23577.29,16,Mumbai,Mobile App,Credit Card,1,0,TXN_104476,CUST_14476
20,Checking,Payment,Entertainment,86.8,6512.42,6425.62,0,Berlin,ATM,Credit Card,0,0,TXN_105831,CUST_15831
18,Business,Withdrawal,Groceries,93.05,24332.18,24239.13,9,Tokyo,Web Browser,Credit Card,1,0,TXN_106504,CUST_16504
46,Business,Transfer,Electronics,52.32,8599.14,8546.82,9,Mumbai,Mobile App,Credit Card,0,0,TXN_100176,CUST_10176
64,Checking,Transfer,Utilities,984.32,20654.74,19670.42,22,Mumbai,Web Browser,Debit Card,0,0,TXN_106297,CUST_16297
30,Savings,Withdrawal,Entertainment,67.65,20211.07,20143.42,2,Berlin,POS Terminal,Credit Card,0,0,TXN_100383,CUST_10383
52,Checking,Withdrawal,Electronics,31.51,4484.11,4452.6,2,Berlin,POS Terminal,UPI / Wallet,1,0,TXN_106794,CUST_16794
65,Savings,Payment,Groceries,13.15,23980.32,23967.17,1,New York,Mobile App,Debit Card,0,0,TXN_100944,CUST_10944
38,Checking,Transfer,Entertainment,229.11,20882.32,20653.21,4,New York,Web Browser,Debit Card,0,0,TXN_105827,CUST_15827
26,Savings,Withdrawal,Travel,71.0,7877.36,7806.36,0,Mumbai,Mobile App,UPI / Wallet,0,0,TXN_102532,CUST_12532
31,Savings,Payment,Groceries,18.13,20615.69,20597.56,15,London,Mobile App,UPI / Wallet,0,1,TXN_100284,CUST_10284
20,Savings,Payment,Entertainment,47.78,2315.02,2267.24,11,New York,Mobile App,UPI / Wallet,0,0,TXN_103050,CUST_13050
61,Checking,Transfer,Groceries,131.83,20987.43,20855.6,21,Tokyo,ATM,Wire Transfer,0,0,TXN_103795,CUST_13795
63,Business,Payment,Electronics,210.36,19067.48,18857.12,10,Tokyo,Web Browser,UPI / Wallet,0,1,TXN_105621,CUST_15621
58,Savings,Withdrawal,Groceries,8.88,23851.93,23843.05,9,Berlin,ATM,Wire Transfer,0,0,TXN_104512,CUST_14512
70,Savings,Payment,Electronics,1021.06,5163.5,4142.44,20,London,Web Browser,Credit Card,0,0,TXN_101393,CUST_11393
18,Savings,Transfer,Travel,24.81,25786.8,25761.99,7,Singapore,Web Browser,UPI / Wallet,0,0,TXN_101138,CUST_11138
37,Savings,Payment,Entertainment,152.77,21844.56,21691.79,23,Toronto,POS Terminal,Credit Card,0,0,TXN_104024,CUST_14024
41,Checking,Transfer,Electronics,774.77,25339.4,24564.63,4,Berlin,ATM,Debit Card,0,0,TXN_102359,CUST_12359
24,Checking,Payment,Groceries,382.8,25987.08,25604.28,23,Mumbai,ATM,Debit Card,0,0,TXN_100983,CUST_10983
70,Checking,Deposit,Utilities,71.15,19406.83,19335.68,2,Tokyo,ATM,Wire Transfer,1,0,TXN_102410,CUST_12410
27,Credit,Transfer,Entertainment,275.96,24147.31,23871.35,1,Mumbai,POS Terminal,UPI / Wallet,0,1,TXN_104411,CUST_14411
21,Savings,Payment,Entertainment,127.6,20841.92,20714.32,19,Tokyo,ATM,UPI / Wallet,0,1,TXN_103139,CUST_13139
25,Savings,Withdrawal,Utilities,31.17,12575.31,12544.14,1,London,ATM,Wire Transfer,0,0,TXN_103331,CUST_13331
52,Checking,Payment,Groceries,7.94,8314.69,8306.75,19,Toronto,Mobile App,Credit Card,0,0,TXN_106599,CUST_16599
71,Credit,Transfer,Groceries,0.19,17885.45,17885.26,19,Mumbai,Mobile App,UPI / Wallet,1,0,TXN_100969,CUST_10969
49,Checking,Payment,Entertainment,417.15,7604.48,7187.33,23,Mumbai,POS Terminal,Debit Card,0,0,TXN_106715,CUST_16715
23,Savings,Transfer,Travel,328.36,9888.37,9560.01,9,New York,Mobile App,Debit Card,0,0,TXN_106437,CUST_16437
33,Savings,Payment,Entertainment,600.11,22398.55,21798.44,1,Mumbai,Mobile App,Debit Card,0,0,TXN_101876,CUST_11876
58,Checking,Withdrawal,Electronics,49.8,1015.44,965.64,7,Toronto,Mobile App,UPI / Wallet,0,0,TXN_103146,CUST_13146
23,Credit,Transfer,Retail,51.42,20189.52,20138.1,12,Berlin,Web Browser,Debit Card,0,0,TXN_102036,CUST_12036
56,Savings,Withdrawal,Retail,174.81,20534.64,20359.83,14,Tokyo,ATM,Debit Card,0,0,TXN_102287,CUST_12287
36,Credit,Payment,Electronics,146.29,25906.75,25760.46,13,Tokyo,POS Terminal,UPI / Wallet,0,0,TXN_103617,CUST_13617
52,Business,Payment,Utilities,99.82,19872.65,19922.83,16,Tokyo,ATM,Credit Card,0,0,TXN_101046,CUST_11046
36,Checking,Payment,Retail,266.92,24574.02,24307.1,4,New York,POS Terminal,Debit Card,0,1,TXN_100649,CUST_10649
69,Credit,Payment,Groceries,241.73,16588.51,16346.78,23,Toronto,Mobile App,Debit Card,0,0,TXN_102368,CUST_12368
23,Savings,Payment,Travel,99.51,24897.24,24797.73,4,Singapore,Web Browser,UPI / Wallet,0,0,TXN_102916,CUST_12916
26,Credit,Payment,Retail,100.26,20284.06,20183.8,15,Singapore,Web Browser,UPI / Wallet,0,0,TXN_101168,CUST_11168
18,Savings,Withdrawal,Travel,89.84,23834.24,23744.4,9,Singapore,Mobile App,Debit Card,1,0,TXN_104694,CUST_14694
24,Checking,Transfer,Travel,79.4,11838.78,11759.38,13,Tokyo,POS Terminal,UPI / Wallet,0,0,TXN_104647,CUST_14647
62,Credit,Payment,Electronics,107.57,13557.39,13449.82,7,London,Web Browser,Credit Card,0,0,TXN_103299,CUST_13299
57,Savings,Transfer,Utilities,676.34,26706.86,26030.52,1,Mumbai,Web Browser,Debit Card,0,0,TXN_106740,CUST_16740
34,Checking,Transfer,Utilities,138.56,11421.09,11282.53,17,London,Web Browser,UPI / Wallet,0,0,TXN_103116,CUST_13116
62,Checking,Payment,Retail,108.84,11128.22,11019.38,20,Mumbai,Mobile App,Wire Transfer,0,0,TXN_101554,CUST_11554
18,Checking,Transfer,Groceries,347.52,20784.75,20437.23,6,Toronto,ATM,UPI / Wallet,0,1,TXN_102592,CUST_12592
22,Savings,Transfer,Utilities,35.34,13329.46,13294.12,12,Toronto,Mobile App,Credit Card,0,0,TXN_103033,CUST_13033
61,Savings,Transfer,Electronics,125.81,20940.74,20814.93,11,New York,POS Terminal,Wire Transfer,0,0,TXN_105230,CUST_15230
27,Checking,Transfer,Travel,255.58,20614.1,20358.52,9,Berlin,POS Terminal,Wire Transfer,0,0,TXN_105929,CUST_15929
46,Checking,Payment,Travel,456.49,23999.43,23542.94,2,New York,Web Browser,Debit Card,0,0,TXN_105107,CUST_15107
18,Checking,Payment,Entertainment,3.74,27074.64,27070.9,13,New York,Mobile App,Debit Card,1,0,TXN_105408,CUST_15408
18,Savings,Transfer,Retail,119.0,20411.8,20292.8,5,Berlin,ATM,Debit Card,0,0,TXN_104881,CUST_14881
18,Savings,Deposit,Groceries,38.03,20682.52,20644.49,15,New York,POS Terminal,Credit Card,0,0,TXN_100691,CUST_10691
52,Credit,Transfer,Travel,123.11,18182.76,18059.65,11,London,POS Terminal,Debit Card,0,0,TXN_100301,CUST_10301
61,Savings,Payment,Electronics,95.58,26365.25,26269.67,21,London,Web Browser,Debit Card,0,0,TXN_103392,CUST_13392
31,Checking,Deposit,Entertainment,156.82,22196.55,22039.73,5,New York,ATM,Debit Card,0,0,TXN_100668,CUST_10668
75,Savings,Payment,Utilities,120.94,24083.13,23962.19,14,Toronto,Mobile App,UPI / Wallet,0,0,TXN_105122,CUST_15122
73,Checking,Withdrawal,Entertainment,26.24,14588.86,14562.62,1,Singapore,Mobile App,Debit Card,0,0,TXN_103760,CUST_13760
74,Checking,Transfer,Retail,125.02,9012.39,8887.37,8,Mumbai,POS Terminal,Debit Card,0,0,TXN_102239,CUST_12239
53,Checking,Transfer,Utilities,121.32,22820.11,22698.79,7,Mumbai,POS Terminal,Credit Card,0,0,TXN_104491,CUST_14491
19,Checking,Payment,Travel,206.17,25222.2,25016.03,3,Singapore,POS Terminal,Wire Transfer,0,0,TXN_101601,CUST_11601
19,Savings,Payment,Entertainment,58.71,13080.7,13021.99,11,New York,POS Terminal,Credit Card,0,0,TXN_105478,CUST_15478
37,Savings,Payment,Retail,139.84,23524.47,23384.63,8,Tokyo,POS Terminal,UPI / Wallet,0,0,TXN_105705,CUST_15705
69,Credit,Payment,Groceries,65.42,14705.19,14639.77,11,Berlin,ATM,Wire Transfer,0,0,TXN_101881,CUST_11881
35,Checking,Transfer,Electronics,66.13,17547.39,17481.26,9,Singapore,Web Browser,Wire Transfer,0,0,TXN_105980,CUST_15980
18,Savings,Payment,Groceries,314.35,22357.09,22042.74,20,New York,ATM,UPI / Wallet,0,0,TXN_104732,CUST_14732
31,Checking,Withdrawal,Travel,2.41,21709.07,21706.66,21,Mumbai,Mobile App,Debit Card,1,1,TXN_106055,CUST_16055
22,Savings,Withdrawal,Electronics,236.24,27067.29,26831.05,12,London,ATM,Credit Card,0,0,TXN_104111,CUST_14111
19,Checking,Payment,Utilities,23.75,1528.46,1504.71,12,Berlin,ATM,UPI / Wallet,0,0,TXN_100243,CUST_10243
58,Checking,Payment,Travel,95.62,19290.86,19195.24,20,Mumbai,Mobile App,Credit Card,0,0,TXN_102066,CUST_12066
44,Checking,Transfer,Entertainment,145.36,17383.89,17238.53,19,Tokyo,Mobile App,Wire Transfer,0,1,TXN_105096,CUST_15096
33,Checking,Withdrawal,Entertainment,79.48,13421.2,13341.72,6,Toronto,Mobile App,Debit Card,0,0,TXN_105161,CUST_15161
61,Savings,Transfer,Retail,47.62,17588.26,17540.64,22,London,ATM,Debit Card,0,0,TXN_103637,CUST_13637
32,Checking,Payment,Entertainment,29.58,14278.31,14248.73,13,Toronto,Web Browser,UPI / Wallet,0,0,TXN_106661,CUST_16661
43,Savings,Withdrawal,Travel,16.75,24137.44,24120.69,21,London,Web Browser,Credit Card,1,0,TXN_106743,CUST_16743
53,Checking,Payment,Groceries,484.83,19887.78,19402.95,23,Berlin,Mobile App,Wire Transfer,0,0,TXN_104542,CUST_14542
20,Savings,Transfer,Utilities,197.22,27281.26,27084.04,14,Berlin,POS Terminal,Debit Card,0,0,TXN_104747,CUST_14747
28,Checking,Payment,Travel,161.8,17782.23,17770.43,14,New York,Web Browser,Wire Transfer,0,0,TXN_101062,CUST_11062
33,Savings,Deposit,Travel,36.29,16767.99,16731.7,12,Berlin,Web Browser,Debit Card,0,0,TXN_101319,CUST_11319
18,Checking,Transfer,Utilities,240.64,26031.76,25791.12,16,Tokyo,Mobile App,Wire Transfer,1,0,TXN_101206,CUST_11206
33,Savings,Transfer,Utilities,5.91,17492.65,17486.74,1,London,ATM,Debit Card,1,0,TXN_103983,CUST_13983
28,Savings,Deposit,Groceries,28.23,10340.78,10312.55,19,Berlin,POS Terminal,Credit Card,0,1,TXN_104872,CUST_14872
26,Savings,Payment,Groceries,170.1,6988.14,6818.04,0,Toronto,Mobile App,Debit Card,0,0,TXN_103654,CUST_13654
26,Checking,Transfer,Travel,308.95,25954.85,25645.9,6,Singapore,Mobile App,Credit Card,0,0,TXN_102984,CUST_12984
69,Checking,Deposit,Travel,31.33,24450.33,24419.0,6,Berlin,Mobile App,Credit Card,0,0,TXN_102162,CUST_12162
18,Savings,Payment,Entertainment,58.88,19625.85,19566.97,13,Singapore,Web Browser,Debit Card,0,0,TXN_102202,CUST_12202
66,Savings,Withdrawal,Travel,18.17,11404.23,11386.06,8,Toronto,Mobile App,Debit Card,0,0,TXN_104096,CUST_14096
65,Savings,Transfer,Entertainment,54.15,12201.49,12147.34,1,Singapore,Mobile App,Wire Transfer,0,0,TXN_103879,CUST_13879
32,Checking,Transfer,Electronics,107.79,13880.47,13772.68,7,Berlin,Mobile App,UPI / Wallet,0,0,TXN_101433,CUST_11433
34,Savings,Deposit,Travel,690.07,22289.39,21599.32,16,Berlin,Mobile App,Credit Card,0,0,TXN_102469,CUST_12469
18,Business,Transfer,Groceries,36.11,20265.22,20229.11,11,Berlin,POS Terminal,UPI / Wallet,0,0,TXN_100252,CUST_10252
24,Checking,Payment,Groceries,6.99,22829.06,22822.07,10,Singapore,Mobile App,Wire Transfer,0,0,TXN_102340,CUST_12340
38,Savings,Payment,Utilities,40.43,23717.94,23677.51,11,Mumbai,Mobile App,Wire Transfer,0,1,TXN_102756,CUST_12756
18,Business,Payment,Entertainment,236.99,27065.91,26828.92,23,Toronto,ATM,Wire Transfer,0,0,TXN_106558,CUST_16558
57,Checking,Payment,Travel,35.33,25546.34,25511.01,4,Tokyo,Web Browser,Credit Card,1,0,TXN_105491,CUST_15491
23,Business,Withdrawal,Utilities,135.57,14018.27,13882.7,17,Berlin,Web Browser,Wire Transfer,0,0,TXN_101700,CUST_11700
61,Savings,Transfer,Electronics,145.59,17800.06,17804.47,9,Berlin,ATM,Debit Card,0,0,TXN_102180,CUST_12180
18,Checking,Payment,Travel,233.68,21350.72,21117.04,18,Berlin,Mobile App,Credit Card,1,0,TXN_105108,CUST_15108
18,Credit,Deposit,Groceries,14.75,22182.45,22167.7,14,London,ATM,Wire Transfer,0,0,TXN_104204,CUST_14204
29,Savings,Transfer,Entertainment,187.73,16810.86,16623.13,19,Berlin,Mobile App,Debit Card,1,0,TXN_105441,CUST_15441
36,Savings,Payment,Travel,320.82,7668.27,7347.45,2,Tokyo,Mobile App,Credit Card,0,0,TXN_106586,CUST_16586
35,Savings,Payment,Groceries,12.11,25400.39,25388.28,10,Singapore,Web Browser,Credit Card,0,0,TXN_100138,CUST_10138
67,Checking,Transfer,Retail,469.09,23396.91,22927.82,6,Berlin,Web Browser,Debit Card,0,0,TXN_100717,CUST_10717
18,Savings,Deposit,Entertainment,63.1,3806.89,3743.79,14,Berlin,Web Browser,UPI / Wallet,0,0,TXN_102477,CUST_12477
66,Checking,Transfer,Electronics,362.28,23589.55,23227.27,11,Singapore,ATM,Debit Card,0,0,TXN_100447,CUST_10447
60,Checking,Transfer,Travel,156.76,22902.55,22745.79,2,Tokyo,POS Terminal,UPI / Wallet,0,0,TXN_104823,CUST_14823
46,Savings,Withdrawal,Utilities,147.72,20489.15,20341.43,9,London,Web Browser,UPI / Wallet,0,0,TXN_106397,CUST_16397
62,Savings,Withdrawal,Groceries,14.98,4020.89,4005.91,18,Mumbai,POS Terminal,Wire Transfer,0,0,TXN_105283,CUST_15283
38,Savings,Transfer,Travel,75.09,18264.63,18189.54,7,Singapore,Mobile App,Debit Card,0,0,TXN_101369,CUST_11369
67,Checking,Withdrawal,Travel,20.84,21441.37,21420.53,18,New York,Mobile App,Debit Card,0,0,TXN_102668,CUST_12668
65,Credit,Payment,Groceries,79.97,21050.52,20970.55,21,Berlin,Mobile App,Debit Card,0,0,TXN_103262,CUST_13262
41,Business,Withdrawal,Groceries,253.19,25073.87,24820.68,4,London,POS Terminal,Credit Card,0,0,TXN_100992,CUST_10992
29,Credit,Transfer,Retail,110.35,14849.38,14739.03,13,Berlin,Web Browser,UPI / Wallet,0,0,TXN_102297,CUST_12297
24,Savings,Payment,Travel,462.57,19051.97,18589.4,11,Toronto,POS Terminal,Credit Card,0,0,TXN_101102,CUST_11102
43,Checking,Payment,Electronics,538.58,478.31,150.0,22,Mumbai,POS Terminal,Credit Card,0,0,TXN_103624,CUST_13624
35,Checking,Withdrawal,Retail,84.73,27302.88,27218.15,21,Berlin,Web Browser,UPI / Wallet,0,0,TXN_105336,CUST_15336
38,Business,Deposit,Entertainment,22.23,15389.4,15367.17,2,Toronto,Web Browser,Debit Card,0,1,TXN_106551,CUST_16551
64,Checking,Withdrawal,Entertainment,31.12,21016.59,20985.47,10,Tokyo,ATM,Debit Card,0,0,TXN_102809,CUST_12809
41,Savings,Deposit,Entertainment,182.33,26692.72,26510.39,10,Tokyo,POS Terminal,Wire Transfer,0,0,TXN_104923,CUST_14923
50,Savings,Payment,Utilities,64.08,21019.99,20955.91,17,Mumbai,ATM,Debit Card,0,0,TXN_104248,CUST_14248
34,Business,Withdrawal,Travel,140.22,22392.61,22252.39,2,Berlin,Mobile App,UPI / Wallet,0,0,TXN_104323,CUST_14323
67,Checking,Transfer,Entertainment,468.3,14883.47,14415.17,15,Singapore,ATM,Debit Card,0,0,TXN_102102,CUST_12102
48,Business,Transfer,Groceries,213.15,23710.89,23497.74,4,Toronto,Mobile App,Wire Transfer,1,0,TXN_106481,CUST_16481
67,Savings,Deposit,Electronics,33.86,12779.29,12745.43,14,Singapore,Web Browser,UPI / Wallet,0,0,TXN_101837,CUST_11837
55,Checking,Withdrawal,Travel,488.56,20596.54,20107.98,8,Tokyo,POS Terminal,Debit Card,0,0,TXN_101377,CUST_11377
31,Savings,Transfer,Groceries,56.56,2253.75,2197.19,8,Toronto,Mobile App,Debit Card,0,0,TXN_106392,CUST_16392
19,Savings,Transfer,Entertainment,390.52,16253.3,15862.78,18,Tokyo,Web Browser,Debit Card,0,0,TXN_104867,CUST_14867
62,Credit,Deposit,Travel,45.02,17956.51,17911.49,12,Singapore,POS Terminal,Wire Transfer,0,0,TXN_106837,CUST_16837
69,Credit,Transfer,Electronics,111.44,17241.53,17130.09,21,New York,Web Browser,Debit Card,0,0,TXN_100602,CUST_10602
18,Checking,Transfer,Entertainment,210.69,21209.15,20998.46,23,Tokyo,Web Browser,UPI / Wallet,0,0,TXN_103966,CUST_13966
23,Checking,Deposit,Electronics,17.46,20293.23,20275.77,4,Singapore,ATM,Credit Card,0,0,TXN_105557,CUST_15557
18,Credit,Transfer,Entertainment,183.59,8793.97,8610.38,14,London,Web Browser,Debit Card,0,0,TXN_101019,CUST_11019
20,Savings,Transfer,Electronics,242.58,20033.34,19790.76,7,Berlin,Mobile App,UPI / Wallet,0,0,TXN_100761,CUST_10761
37,Credit,Withdrawal,Groceries,313.74,17617.64,17303.9,0,Mumbai,Web Browser,Debit Card,0,0,TXN_102401,CUST_12401
35,Checking,Withdrawal,Utilities,106.81,21800.27,21693.46,1,Tokyo,Web Browser,Debit Card,0,0,TXN_100223,CUST_10223
24,Business,Payment,Entertainment,85.41,22519.28,22433.87,5,Toronto,ATM,Wire Transfer,0,0,TXN_102341,CUST_12341
26,Checking,Transfer,Utilities,46.78,12458.92,12412.14,23,Singapore,Web Browser,UPI / Wallet,0,0,TXN_101477,CUST_11477
43,Savings,Transfer,Entertainment,95.68,4079.47,3983.79,5,Mumbai,Mobile App,Debit Card,0,0,TXN_104756,CUST_14756
55,Checking,Payment,Entertainment,189.61,19026.57,18836.96,5,Tokyo,ATM,Credit Card,0,1,TXN_102845,CUST_12845
18,Savings,Withdrawal,Retail,29.1,2139.06,2109.96,15,London,Web Browser,Credit Card,0,0,TXN_100458,CUST_10458
78,Credit,Transfer,Entertainment,238.34,25250.85,25012.51,20,Singapore,POS Terminal,Credit Card,0,0,TXN_104646,CUST_14646
46,Savings,Transfer,Entertainment,8.59,15537.61,15529.02,13,New York,ATM,UPI / Wallet,1,0,TXN_102529,CUST_12529
24,Checking,Withdrawal,Utilities,254.7,7298.8,7044.1,0,Toronto,Mobile App,UPI / Wallet,0,0,TXN_106438,CUST_16438
18,Savings,Deposit,Groceries,28.29,22536.1,22507.81,0,Tokyo,POS Terminal,UPI / Wallet,0,0,TXN_103008,CUST_13008
55,Savings,Transfer,Entertainment,25.63,24664.41,24638.78,12,Tokyo,ATM,Credit Card,0,0,TXN_103428,CUST_13428
35,Savings,Payment,Groceries,12.11,25400.39,25388.28,10,Singapore,Web Browser,Credit Card,0,0,TXN_100138,CUST_10138
60,Checking,Payment,Travel,205.59,14536.38,14330.79,11,New York,Web Browser,Credit Card,1,1,TXN_104992,CUST_14992
68,Business,Transfer,Entertainment,405.09,19536.26,19131.17,20,Tokyo,Web Browser,Wire Transfer,0,0,TXN_104903,CUST_14903
18,Savings,Payment,Groceries,165.95,3446.01,3280.06,9,Mumbai,Web Browser,UPI / Wallet,0,0,TXN_105367,CUST_15367
20,Checking,Transfer,Groceries,148.43,19132.01,18983.58,22,Mumbai,Mobile App,Credit Card,0,0,TXN_100079,CUST_10079
58,Credit,Payment,Groceries,28.42,5953.95,5925.53,9,Berlin,Mobile App,Wire Transfer,0,0,TXN_103827,CUST_13827
34,Savings,Payment,Travel,59.39,21527.61,21468.22,5,Mumbai,Web Browser,UPI / Wallet,0,0,TXN_102122,CUST_12122
56,Savings,Withdrawal,Utilities,50.55,15074.89,15024.34,5,Berlin,ATM,Debit Card,0,0,TXN_101425,CUST_11425
23,Savings,Withdrawal,Retail,11.01,24101.49,24090.48,11,Berlin,Web Browser,UPI / Wallet,0,0,TXN_104851,CUST_14851
59,Business,Transfer,Travel,76.88,26897.15,26820.27,18,Tokyo,ATM,UPI / Wallet,0,0,TXN_103822,CUST_13822
18,Checking,Payment,Retail,285.5,24953.13,24667.63,16,London,Web Browser,UPI / Wallet,0,0,TXN_101981,CUST_11981
22,Savings,Payment,Travel,288.13,23862.68,23574.55,4,London,POS Terminal,Debit Card,0,0,TXN_100730,CUST_10730
57,Checking,Payment,Groceries,222.11,23224.56,23002.45,3,Singapore,Web Browser,Debit Card,0,0,TXN_100967,CUST_10967
18,Checking,Payment,Travel,58.13,25604.01,25545.88,23,Berlin,POS Terminal,Debit Card,0,1,TXN_101599,CUST_11599
55,Savings,Transfer,Utilities,61.24,16692.44,16631.2,18,London,Mobile App,Debit Card,0,0,TXN_106225,CUST_16225
32,Business,Deposit,Travel,6.92,15052.1,15045.18,6,Tokyo,Mobile App,UPI / Wallet,0,1,TXN_103128,CUST_13128
71,Checking,Payment,Utilities,31.29,25013.9,24982.61,11,Singapore,Web Browser,UPI / Wallet,0,0,TXN_100224,CUST_10224
60,Savings,Payment,Travel,706.17,10587.06,9880.89,1,Tokyo,Mobile App,Wire Transfer,0,0,TXN_100654,CUST_10654
27,Checking,Transfer,Groceries,87.99,26284.02,26196.03,12,Tokyo,Mobile App,Wire Transfer,0,0,TXN_102619,CUST_12619
39,Credit,Withdrawal,Retail,9.35,18468.2,18458.85,20,Singapore,Web Browser,UPI / Wallet,0,0,TXN_101483,CUST_11483
18,Business,Transfer,Entertainment,34.1,25897.73,25863.63,21,New York,Mobile App,UPI / Wallet,0,0,TXN_102314,CUST_12314
77,Savings,Transfer,Retail,77.57,26529.68,26452.11,9,New York,Mobile App,Wire Transfer,1,0,TXN_105726,CUST_15726
62,Savings,Payment,Travel,6.73,25360.74,25354.01,11,Mumbai,Web Browser,Credit Card,0,0,TXN_101323,CUST_11323
41,Checking,Payment,Entertainment,22.7,27390.8,27368.1,23,New York,Web Browser,UPI / Wallet,0,0,TXN_100696,CUST_10696
25,Savings,Payment,Travel,124.89,22180.17,22055.28,2,London,Mobile App,Credit Card,0,0,TXN_105294,CUST_15294
65,Checking,Payment,Retail,269.27,14634.82,14365.55,13,New York,POS Terminal,Debit Card,0,0,TXN_103977,CUST_13977
19,Savings,Deposit,Retail,91.94,24942.5,24850.56,10,Tokyo,POS Terminal,Wire Transfer,0,0,TXN_102634,CUST_12634
66,Savings,Payment,Groceries,94.02,21816.65,21722.63,5,Tokyo,ATM,UPI / Wallet,0,0,TXN_104216,CUST_14216
54,Savings,Deposit,Travel,43.45,15001.88,14958.43,20,Tokyo,Mobile App,UPI / Wallet,0,0,TXN_105366,CUST_15366
67,Credit,Payment,Travel,34.48,4921.69,4887.21,11,Tokyo,Mobile App,Debit Card,0,0,TXN_102600,CUST_12600
30,Savings,Transfer,Retail,346.16,22515.64,22319.48,11,Mumbai,Mobile App,Debit Card,0,0,TXN_101659,CUST_11659
35,Business,Payment,Electronics,30.36,21228.51,21198.15,3,Singapore,POS Terminal,Credit Card,0,0,TXN_106774,CUST_16774
68,Checking,Withdrawal,Groceries,51.64,13024.61,12972.97,22,Tokyo,Web Browser,Debit Card,0,0,TXN_100633,CUST_10633
69,Savings,Transfer,Entertainment,169.77,20536.18,20366.41,4,Mumbai,ATM,Wire Transfer,0,0,TXN_101284,CUST_11284
57,Checking,Deposit,Groceries,41.71,18890.08,18848.37,13,Mumbai,Web Browser,Wire Transfer,0,1,TXN_103315,CUST_13315
24,Savings,Withdrawal,Electronics,70.84,10237.43,10166.59,4,Toronto,Web Browser,UPI / Wallet,0,0,TXN_102760,CUST_12760
47,Credit,Transfer,Electronics,86.05,9725.44,9639.39,8,Mumbai,ATM,UPI / Wallet,0,1,TXN_102961,CUST_12961
18,Savings,Transfer,Retail,119.02,15161.65,15042.63,22,Mumbai,ATM,UPI / Wallet,0,0,TXN_103908,CUST_13908
69,Checking,Payment,Electronics,231.3,17415.49,17184.19,3,Toronto,Mobile App,Debit Card,0,0,TXN_106247,CUST_16247
50,Credit,Withdrawal,Retail,44.19,24685.81,24641.62,9,Berlin,POS Terminal,UPI / Wallet,0,0,TXN_104247,CUST_14247
64,Checking,Withdrawal,Entertainment,31.12,21016.59,20985.47,10,Tokyo,ATM,Debit Card,0,0,TXN_102809,CUST_12809
56,Checking,Payment,Travel,122.15,21496.68,21374.53,2,Toronto,Mobile App,Debit Card,0,0,TXN_102251,CUST_12251
64,Checking,Payment,Groceries,948.08,6175.5,5227.42,15,Berlin,Web Browser,Wire Transfer,1,0,TXN_103605,CUST_13605
53,Savings,Deposit,Utilities,313.11,19107.28,18794.17,20,London,Web Browser,Debit Card,0,0,TXN_103270,CUST_13270
56,Business,Withdrawal,Groceries,105.28,6062.99,5957.71,1,Tokyo,Web Browser,Credit Card,0,1,TXN_104277,CUST_14277
18,Checking,Withdrawal,Utilities,20.03,14251.61,14231.58,22,Tokyo,Mobile App,UPI / Wallet,0,0,TXN_106214,CUST_16214
42,Savings,Payment,Retail,24.46,27562.76,27538.3,8,Toronto,Mobile App,Wire Transfer,0,0,TXN_101777,CUST_11777
18,Savings,Withdrawal,Electronics,257.06,24197.79,23940.73,7,Mumbai,Web Browser,Debit Card,0,0,TXN_105266,CUST_15266
57,Credit,Transfer,Electronics,8.15,16826.0,16817.85,21,Mumbai,POS Terminal,UPI / Wallet,0,0,TXN_104483,CUST_14483
63,Checking,Payment,Travel,168.91,25257.65,25088.74,0,Singapore,Web Browser,Debit Card,1,0,TXN_105820,CUST_15820
68,Credit,Transfer,Groceries,187.32,25469.89,25282.57,20,Toronto,Web Browser,UPI / Wallet,0,0,TXN_105699,CUST_15699
26,Savings,Payment,Utilities,56.87,12624.42,12567.55,13,Mumbai,Web Browser,Debit Card,0,0,TXN_106230,CUST_16230
71,Savings,Deposit,Electronics,145.35,21879.48,21734.13,18,Berlin,POS Terminal,Wire Transfer,1,0,TXN_103653,CUST_13653
29,Credit,Transfer,Entertainment,244.2,25468.83,25224.63,13,London,Mobile App,Debit Card,1,0,TXN_104545,CUST_14545
38,Business,Deposit,Utilities,339.65,25889.23,25549.58,18,Berlin,Web Browser,Debit Card,1,1,TXN_101033,CUST_11033
18,Savings,Withdrawal,Entertainment,0.83,22518.3,22517.47,1,Tokyo,Mobile App,Wire Transfer,1,0,TXN_106223,CUST_16223
70,Credit,Deposit,Groceries,53.64,15714.55,15660.91,17,London,ATM,UPI / Wallet,0,0,TXN_101823,CUST_11823
35,Checking,Transfer,Entertainment,465.86,5950.23,5484.37,11,Mumbai,Mobile App,Wire Transfer,0,0,TXN_103172,CUST_13172
71,Checking,Payment,Electronics,240.77,22771.3,22530.53,7,Mumbai,ATM,Credit Card,0,0,TXN_106638,CUST_16638
69,Credit,Transfer,Groceries,28.15,24144.54,24116.39,2,Berlin,Mobile App,Debit Card,0,0,TXN_101179,CUST_11179
18,Checking,Transfer,Travel,126.32,21138.5,21012.18,6,Toronto,Web Browser,Credit Card,0,1,TXN_101283,CUST_11283
28,Savings,Transfer,Groceries,24.71,21714.41,21689.7,12,Singapore,Web Browser,UPI / Wallet,0,0,TXN_106126,CUST_16126
30,Checking,Payment,Travel,100.94,13168.34,13067.4,9,London,Mobile App,Debit Card,0,0,TXN_104279,CUST_14279
26,Savings,Deposit,Electronics,101.06,15286.66,15185.6,15,New York,POS Terminal,Debit Card,0,0,TXN_102313,CUST_12313
18,Credit,Payment,Entertainment,95.23,27693.11,27597.88,17,Berlin,ATM,Wire Transfer,1,0,TXN_101097,CUST_11097
18,Checking,Deposit,Travel,86.82,23158.57,23071.75,4,Singapore,Web Browser,UPI / Wallet,0,0,TXN_104696,CUST_14696
75,Savings,Withdrawal,Utilities,482.93,9594.78,9111.85,3,New York,Mobile App,Credit Card,0,0,TXN_105508,CUST_15508
51,Checking,Transfer,Groceries,144.54,22005.05,21860.51,5,Tokyo,POS Terminal,Debit Card,0,0,TXN_103634,CUST_13634
20,Savings,Transfer,Groceries,140.78,23686.56,23545.78,1,Berlin,ATM,Debit Card,0,0,TXN_101689,CUST_11689
76,Checking,Payment,Travel,30.33,17072.85,17042.52,7,Singapore,ATM,Debit Card,1,0,TXN_103206,CUST_13206
26,Savings,Payment,Groceries,170.1,6988.14,6818.04,0,Toronto,Mobile App,Debit Card,0,0,TXN_103654,CUST_13654
18,Checking,Payment,Travel,24.2,12678.38,12654.18,14,London,ATM,Credit Card,0,0,TXN_104734,CUST_14734
68,Business,Deposit,Entertainment,52.06,16640.26,16588.2,10,Mumbai,ATM,Credit Card,1,0,TXN_105743,CUST_15743
19,Credit,Payment,Travel,1.71,5417.27,5415.56,21,London,ATM,Credit Card,0,0,TXN_105171,CUST_15171
18,Checking,Withdrawal,Utilities,127.79,23790.28,23662.49,23,London,ATM,Debit Card,0,0,TXN_101405,CUST_11405
18,Business,Withdrawal,Travel,254.26,24903.41,24649.15,17,Tokyo,Mobile App,Wire Transfer,0,0,TXN_101962,CUST_11962
29,Business,Deposit,Travel,239.66,15978.23,15738.57,17,Berlin,POS Terminal,Credit Card,0,0,TXN_100181,CUST_10181
24,Savings,Transfer,Groceries,86.79,24214.52,24127.73,13,Mumbai,ATM,Debit Card,0,0,TXN_102837,CUST_12837
40,Checking,Transfer,Entertainment,437.74,25597.87,25160.13,16,Tokyo,ATM,Debit Card,1,0,TXN_100021,CUST_10021
60,Business,Deposit,Retail,249.05,19978.53,19729.48,20,Berlin,POS Terminal,UPI / Wallet,0,0,TXN_105651,CUST_15651
18,Savings,Payment,Entertainment,58.88,19625.85,19566.97,13,Singapore,Web Browser,Debit Card,0,0,TXN_102202,CUST_12202
59,Savings,Transfer,Utilities,111.43,24372.95,24261.52,11,Tokyo,Mobile App,Debit Card,1,0,TXN_105011,CUST_15011
41,Checking,Transfer,Retail,418.84,14897.91,14479.07,20,London,ATM,Credit Card,0,0,TXN_105902,CUST_15902
41,Credit,Deposit,Entertainment,120.33,21366.85,21246.52,18,New York,Web Browser,Debit Card,0,0,TXN_100665,CUST_10665
18,Credit,Payment,Retail,277.26,9165.8,8888.54,12,Tokyo,POS Terminal,Debit Card,0,1,TXN_102179,CUST_12179
35,Credit,Transfer,Groceries,19.54,26425.28,26405.74,9,New York,POS Terminal,UPI / Wallet,0,0,TXN_102706,CUST_12706
37,Credit,Deposit,Travel,305.56,21650.23,21344.67,22,Mumbai,POS Terminal,Debit Card,0,0,TXN_101338,CUST_11338
18,Savings,Payment,Entertainment,644.44,549.12,0.0,12,Berlin,POS Terminal,Wire Transfer,0,0,TXN_100209,CUST_10209
47,Savings,Payment,Groceries,101.05,5411.81,5310.76,13,Tokyo,Mobile App,Credit Card,0,0,TXN_100904,CUST_10904
19,Savings,Deposit,Retail,91.94,24942.5,24850.56,10,Tokyo,POS Terminal,Wire Transfer,0,0,TXN_102634,CUST_12634
35,Checking,Deposit,Entertainment,83.33,22452.93,22369.6,8,Mumbai,ATM,UPI / Wallet,0,0,TXN_102861,CUST_12861
20,Credit,Deposit,Groceries,8.33,22930.05,23071.72,13,Berlin,ATM,Debit Card,0,0,TXN_100308,CUST_10308
18,Credit,Transfer,Utilities,17.75,6558.75,6541.0,14,Mumbai,Web Browser,UPI / Wallet,0,0,TXN_101385,CUST_11385
36,Savings,Withdrawal,Utilities,40.54,21953.57,21913.03,11,New York,Mobile App,UPI / Wallet,0,1,TXN_103619,CUST_13619
62,Checking,Deposit,Entertainment,40.1,20989.16,20949.06,4,Mumbai,Web Browser,UPI / Wallet,1,0,TXN_100662,CUST_10662
74,Checking,Payment,Entertainment,101.22,9508.21,9406.99,13,Singapore,POS Terminal,UPI / Wallet,0,0,TXN_103071,CUST_13071
22,Credit,Transfer,Travel,134.12,14083.13,13949.01,6,Berlin,ATM,Wire Transfer,0,0,TXN_102286,CUST_12286
18,Checking,Deposit,Utilities,167.12,26680.17,26513.05,13,Tokyo,ATM,Credit Card,0,0,TXN_106902,CUST_16902
67,Business,Deposit,Retail,339.94,11044.79,10854.85,8,Tokyo,Mobile App,UPI / Wallet,0,0,TXN_101215,CUST_11215
23,Savings,Transfer,Utilities,270.73,26943.6,26672.87,11,Mumbai,ATM,UPI / Wallet,0,0,TXN_103196,CUST_13196
64,Savings,Payment,Groceries,450.64,21745.16,21294.52,2,Tokyo,Mobile App,Credit Card,0,0,TXN_100990,CUST_10990
18,Checking,Deposit,Entertainment,17.42,18966.11,18948.69,5,New York,Mobile App,Wire Transfer,0,0,TXN_104880,CUST_14880
18,Checking,Withdrawal,Groceries,295.26,24975.74,24830.48,17,Toronto,Mobile App,Debit Card,1,0,TXN_100551,CUST_10551
47,Credit,Withdrawal,Retail,33.41,20014.47,19981.06,20,Toronto,ATM,Wire Transfer,0,1,TXN_105806,CUST_15806
47,Savings,Transfer,Utilities,23.79,9324.11,9300.32,7,Toronto,Mobile App,Wire Transfer,0,0,TXN_106830,CUST_16830
39,Checking,Transfer,Travel,30.02,13349.76,13319.74,23,Toronto,ATM,Credit Card,0,0,TXN_100083,CUST_10083
64,Checking,Transfer,Utilities,47.83,24310.13,24262.3,0,Mumbai,Mobile App,Credit Card,0,0,TXN_105833,CUST_15833
20,Checking,Transfer,Retail,0.43,18553.54,18553.11,6,Berlin,Web Browser,Credit Card,0,0,TXN_105868,CUST_15868
57,Savings,Withdrawal,Groceries,224.92,21101.97,20877.05,9,London,Web Browser,Debit Card,0,0,TXN_104580,CUST_14580
76,Checking,Transfer,Travel,65.56,15954.13,15888.57,3,Toronto,Mobile App,Credit Card,0,1,TXN_103588,CUST_13588
23,Credit,Payment,Groceries,28.44,24648.44,24620.0,18,New York,Mobile App,UPI / Wallet,1,0,TXN_102848,CUST_12848
18,Credit,Payment,Electronics,18.98,19327.84,19458.86,4,Berlin,Web Browser,UPI / Wallet,0,0,TXN_102733,CUST_12733
18,Savings,Withdrawal,Electronics,257.06,24197.79,23940.73,7,Mumbai,Web Browser,Debit Card,0,0,TXN_105266,CUST_15266
64,Savings,Payment,Retail,184.96,20850.4,20665.44,15,Toronto,POS Terminal,UPI / Wallet,0,0,TXN_103435,CUST_13435
60,Checking,Withdrawal,Utilities,3.19,24143.32,24140.13,5,Tokyo,POS Terminal,UPI / Wallet,0,0,TXN_100702,CUST_10702
71,Checking,Transfer,Electronics,16.36,10628.71,10612.35,10,Singapore,POS Terminal,UPI / Wallet,0,0,TXN_103422,CUST_13422
39,Credit,Payment,Travel,8.93,16808.57,16799.64,8,Berlin,POS Terminal,Wire Transfer,0,0,TXN_106430,CUST_16430
50,Credit,Withdrawal,Electronics,395.98,27054.81,26658.83,19,London,POS Terminal,UPI / Wallet,0,0,TXN_101312,CUST_11312
20,Credit,Transfer,Entertainment,323.01,22773.13,22450.12,8,Berlin,Web Browser,Credit Card,0,0,TXN_102753,CUST_12753
34,Savings,Withdrawal,Retail,54.58,25005.96,24951.38,18,Singapore,ATM,Wire Transfer,0,0,TXN_102247,CUST_12247
37,Checking,Payment,Travel,60.53,6112.11,6051.58,6,Tokyo,Mobile App,Credit Card,0,0,TXN_101136,CUST_11136
29,Savings,Transfer,Travel,113.32,25411.13,25297.81,20,Tokyo,ATM,Wire Transfer,0,1,TXN_103710,CUST_13710
18,Savings,Transfer,Retail,91.73,24588.78,24647.05,14,Toronto,ATM,Wire Transfer,0,1,TXN_105515,CUST_15515
64,Savings,Withdrawal,Entertainment,608.94,15573.82,14964.88,10,Tokyo,Mobile App,Credit Card,1,0,TXN_100700,CUST_10700
18,Savings,Payment,Groceries,314.35,22357.09,22042.74,20,New York,ATM,UPI / Wallet,0,0,TXN_104732,CUST_14732
22,Checking,Transfer,Entertainment,65.06,16982.88,16917.82,23,Toronto,Web Browser,Credit Card,1,0,TXN_101376,CUST_11376
40,Credit,Payment,Travel,29.45,24464.15,24434.7,10,Berlin,Mobile App,UPI / Wallet,0,0,TXN_105671,CUST_15671
41,Credit,Transfer,Groceries,239.53,24149.47,23909.94,18,Singapore,Web Browser,Debit Card,0,0,TXN_104594,CUST_14594
18,Savings,Payment,Electronics,108.2,19534.55,19426.35,23,Tokyo,ATM,Debit Card,0,0,TXN_103533,CUST_13533
43,Savings,Transfer,Utilities,186.87,22447.36,22260.49,13,Singapore,Mobile App,Debit Card,0,1,TXN_103360,CUST_13360
34,Savings,Withdrawal,Travel,26.87,25404.3,25377.43,9,Toronto,ATM,UPI / Wallet,0,0,TXN_102006,CUST_12006
69,Credit,Payment,Electronics,85.2,18827.52,18742.32,13,Mumbai,Mobile App,UPI / Wallet,0,0,TXN_102550,CUST_12550
43,Checking,Payment,Electronics,367.66,25117.28,24749.62,18,Tokyo,ATM,Debit Card,0,0,TXN_100979,CUST_10979
36,Checking,Payment,Electronics,119.14,19846.61,19727.47,0,New York,Web Browser,UPI / Wallet,0,0,TXN_103628,CUST_13628
20,Checking,Deposit,Travel,33.79,24093.72,24059.93,4,Berlin,Mobile App,Wire Transfer,0,0,TXN_102986,CUST_12986
31,Savings,Withdrawal,Travel,127.38,18825.79,18698.41,23,New York,Web Browser,UPI / Wallet,1,1,TXN_101672,CUST_11672
43,Savings,Deposit,Travel,90.73,22086.59,21995.86,5,Mumbai,Mobile App,Debit Card,0,0,TXN_106931,CUST_16931
71,Checking,Withdrawal,Entertainment,115.25,6508.71,6393.46,16,Berlin,POS Terminal,UPI / Wallet,0,0,TXN_105217,CUST_15217
66,Savings,Withdrawal,Retail,8.71,21638.54,21629.83,20,Toronto,Mobile App,Debit Card,0,0,TXN_100570,CUST_10570
22,Business,Transfer,Electronics,179.85,4836.64,4656.79,18,Berlin,Web Browser,Debit Card,0,1,TXN_101091,CUST_11091
25,Checking,Withdrawal,Electronics,40.05,20951.6,20911.55,11,Mumbai,ATM,UPI / Wallet,0,0,TXN_106769,CUST_16769
49,Credit,Payment,Entertainment,59.31,21878.14,21818.83,3,Tokyo,Mobile App,UPI / Wallet,0,0,TXN_101866,CUST_11866
40,Checking,Payment,Electronics,604.17,24148.56,23544.39,11,Toronto,ATM,Debit Card,0,0,TXN_106010,CUST_16010
18,Credit,Deposit,Electronics,7.96,22983.69,22975.73,9,Toronto,Web Browser,UPI / Wallet,0,0,TXN_101471,CUST_11471
42,Savings,Deposit,Utilities,179.05,14226.38,14047.33,13,Mumbai,ATM,UPI / Wallet,1,0,TXN_105677,CUST_15677
18,Savings,Transfer,Retail,88.69,17778.03,17689.34,5,Singapore,Web Browser,Debit Card,0,0,TXN_103310,CUST_13310
74,Checking,Transfer,Groceries,3.7,1411.7,1408.0,11,Tokyo,ATM,Debit Card,0,0,TXN_102471,CUST_12471
48,Savings,Transfer,Entertainment,65.54,21798.09,21732.55,8,Singapore,ATM,UPI / Wallet,0,0,TXN_102867,CUST_12867
67,Credit,Payment,Groceries,134.1,27370.96,27236.86,14,New York,Mobile App,Wire Transfer,1,0,TXN_101074,CUST_11074
63,Business,Payment,Retail,45.02,19175.2,19130.18,9,Singapore,Mobile App,Debit Card,1,0,TXN_102123,CUST_12123
21,Savings,Withdrawal,Retail,41.62,25954.08,25912.46,20,New York,ATM,Wire Transfer,0,0,TXN_102790,CUST_12790
34,Checking,Deposit,Entertainment,170.56,12865.81,12695.25,2,New York,Mobile App,UPI / Wallet,0,0,TXN_106476,CUST_16476
21,Checking,Transfer,Groceries,111.46,11480.45,11368.99,14,London,Mobile App,UPI / Wallet,1,0,TXN_102568,CUST_12568
50,Business,Withdrawal,Electronics,1.94,1888.7,1886.76,5,Berlin,ATM,Debit Card,0,0,TXN_106108,CUST_16108
60,Checking,Payment,Entertainment,17.42,6608.13,6590.71,5,Toronto,Web Browser,Credit Card,0,0,TXN_102218,CUST_12218
67,Savings,Transfer,Entertainment,177.05,28443.85,28266.8,11,Tokyo,Web Browser,Credit Card,0,0,TXN_105116,CUST_15116
62,Savings,Transfer,Retail,53.83,14181.06,14127.23,10,New York,Web Browser,Debit Card,0,0,TXN_106195,CUST_16195
60,Credit,Payment,Electronics,64.24,23556.12,23491.88,6,New York,POS Terminal,Wire Transfer,0,0,TXN_104785,CUST_14785
73,Business,Transfer,Groceries,123.87,17968.91,17845.04,0,London,Mobile App,Debit Card,0,0,TXN_106562,CUST_16562
75,Savings,Deposit,Groceries,98.12,23414.06,23315.94,4,New York,ATM,UPI / Wallet,1,0,TXN_104713,CUST_14713
36,Checking,Deposit,Retail,338.66,26798.8,26460.14,21,Mumbai,POS Terminal,Debit Card,0,0,TXN_100125,CUST_10125
18,Credit,Deposit,Travel,245.07,17845.07,17600.0,10,Berlin,POS Terminal,Wire Transfer,0,0,TXN_103969,CUST_13969
58,Savings,Withdrawal,Travel,286.33,20582.72,20296.39,20,Berlin,ATM,Debit Card,0,0,TXN_104064,CUST_14064
70,Business,Transfer,Travel,6.93,20377.69,20370.76,6,London,Mobile App,UPI / Wallet,0,0,TXN_106209,CUST_16209
77,Credit,Transfer,Retail,496.19,16969.01,16472.82,7,Mumbai,Web Browser,Credit Card,0,0,TXN_104782,CUST_14782
27,Checking,Payment,Utilities,56.27,25813.21,25756.94,17,Berlin,ATM,Credit Card,0,0,TXN_101018,CUST_11018
29,Business,Payment,Groceries,7.03,21441.54,21434.51,7,Berlin,ATM,Debit Card,0,1,TXN_106029,CUST_16029
65,Checking,Transfer,Retail,76.08,19785.05,19708.97,23,Singapore,Web Browser,UPI / Wallet,0,1,TXN_102987,CUST_12987
23,Savings,Payment,Groceries,177.05,21457.01,21279.96,6,New York,Mobile App,Wire Transfer,1,0,TXN_101527,CUST_11527
18,Credit,Payment,Groceries,35.48,15893.8,15858.32,17,Mumbai,Mobile App,Debit Card,0,0,TXN_104787,CUST_14787
25,Checking,Withdrawal,Groceries,65.05,11886.35,11821.3,11,Tokyo,Web Browser,UPI / Wallet,0,0,TXN_104405,CUST_14405
56,Savings,Withdrawal,Entertainment,3.57,22434.76,22431.19,7,Tokyo,ATM,Wire Transfer,0,1,TXN_100281,CUST_10281
18,Checking,Payment,Groceries,155.09,25496.99,25341.9,11,Singapore,ATM,Debit Card,0,0,TXN_101028,CUST_11028
30,Savings,Transfer,Travel,328.65,25073.73,24745.08,12,Tokyo,POS Terminal,Wire Transfer,0,0,TXN_100850,CUST_10850
18,Credit,Transfer,Retail,101.75,7325.23,7223.48,22,London,POS Terminal,Wire Transfer,0,0,TXN_106753,CUST_16753
29,Checking,Transfer,Utilities,166.25,26159.21,25992.96,13,Mumbai,Web Browser,Wire Transfer,0,0,TXN_104008,CUST_14008
71,Checking,Transfer,Entertainment,9.53,24491.35,24481.82,3,Singapore,ATM,UPI / Wallet,0,0,TXN_104041,CUST_14041
44,Checking,Payment,Electronics,417.43,25359.83,25092.4,9,Berlin,Mobile App,Wire Transfer,0,0,TXN_104675,CUST_14675
18,Checking,Transfer,Entertainment,212.37,23691.58,23479.21,8,Tokyo,Web Browser,Credit Card,0,0,TXN_105119,CUST_15119
22,Savings,Payment,Travel,110.67,21403.06,21292.39,21,Singapore,POS Terminal,Credit Card,0,0,TXN_106086,CUST_16086
68,Checking,Transfer,Groceries,133.65,20794.71,20661.06,14,Mumbai,ATM,Wire Transfer,0,0,TXN_104019,CUST_14019
30,Savings,Payment,Electronics,1045.44,19946.53,18901.09,20,Tokyo,Web Browser,Debit Card,0,1,TXN_105678,CUST_15678
48,Savings,Transfer,Travel,4.09,27893.12,27889.03,21,Mumbai,Web Browser,Debit Card,0,0,TXN_101947,CUST_11947
64,Checking,Transfer,Groceries,94.79,16357.01,16262.22,19,Tokyo,Web Browser,Wire Transfer,0,0,TXN_103790,CUST_13790
18,Savings,Transfer,Groceries,179.51,9153.7,8974.19,22,London,Web Browser,Debit Card,0,0,TXN_104494,CUST_14494
41,Checking,Transfer,Electronics,85.44,27221.73,27136.29,7,Mumbai,Mobile App,Debit Card,0,0,TXN_104022,CUST_14022
70,Checking,Deposit,Electronics,56.45,21478.22,21421.77,21,Mumbai,ATM,Credit Card,0,0,TXN_103368,CUST_13368
18,Savings,Payment,Utilities,280.83,2926.36,2795.53,23,Singapore,Web Browser,Debit Card,0,0,TXN_105253,CUST_15253
66,Savings,Transfer,Groceries,10.55,26387.36,26376.81,10,Toronto,POS Terminal,UPI / Wallet,0,0,TXN_102879,CUST_12879
56,Credit,Transfer,Travel,446.19,8104.62,7658.43,11,Singapore,POS Terminal,UPI / Wallet,0,1,TXN_102885,CUST_12885
76,Savings,Transfer,Entertainment,276.59,15593.66,15317.07,9,Toronto,Mobile App,Wire Transfer,1,0,TXN_101998,CUST_11998
71,Business,Withdrawal,Travel,19.41,23310.05,23290.64,15,London,ATM,Wire Transfer,1,0,TXN_101958,CUST_11958
29,Savings,Transfer,Entertainment,187.73,16810.86,16623.13,19,Berlin,Mobile App,Debit Card,1,0,TXN_105441,CUST_15441
61,Credit,Payment,Utilities,15.5,16574.86,16559.36,14,Tokyo,POS Terminal,Credit Card,1,0,TXN_105688,CUST_15688
33,Checking,Withdrawal,Travel,239.95,22083.04,21843.09,6,New York,Web Browser,Debit Card,0,0,TXN_104425,CUST_14425
18,Savings,Transfer,Groceries,43.14,6221.15,6178.01,1,Singapore,Web Browser,Wire Transfer,0,0,TXN_103823,CUST_13823
18,Savings,Transfer,Travel,197.21,24353.51,24156.3,2,Mumbai,ATM,Credit Card,0,0,TXN_105897,CUST_15897
24,Savings,Withdrawal,Travel,45.32,17173.38,17128.06,4,Berlin,Web Browser,Wire Transfer,0,0,TXN_101010,CUST_11010
18,Checking,Deposit,Entertainment,120.08,9929.91,9809.83,23,Tokyo,Web Browser,UPI / Wallet,0,0,TXN_103723,CUST_13723
21,Checking,Transfer,Groceries,111.46,11480.45,11368.99,14,London,Mobile App,UPI / Wallet,1,0,TXN_102568,CUST_12568
48,Savings,Deposit,Retail,574.79,11645.25,11070.46,21,New York,Mobile App,Wire Transfer,0,0,TXN_105560,CUST_15560
49,Checking,Payment,Utilities,28.62,5740.92,5712.3,21,Tokyo,Web Browser,Wire Transfer,0,0,TXN_106946,CUST_16946
73,Checking,Transfer,Groceries,138.17,16490.69,16352.52,7,Singapore,POS Terminal,Credit Card,0,0,TXN_106809,CUST_16809
18,Savings,Withdrawal,Travel,6.44,26599.9,26743.46,3,London,Web Browser,UPI / Wallet,0,0,TXN_101921,CUST_11921
48,Checking,Transfer,Entertainment,99.86,15983.1,15883.24,0,Berlin,Web Browser,Debit Card,1,0,TXN_104671,CUST_14671
64,Savings,Withdrawal,Groceries,615.76,24036.81,23421.05,1,Berlin,ATM,Debit Card,0,0,TXN_102209,CUST_12209
47,Savings,Transfer,Entertainment,685.85,20433.61,19747.76,18,New York,ATM,UPI / Wallet,0,0,TXN_101440,CUST_11440
69,Savings,Deposit,Retail,127.33,21716.79,21589.46,20,Toronto,ATM,Credit Card,0,0,TXN_101968,CUST_11968
20,Savings,Deposit,Travel,150.45,24489.93,24339.48,0,Tokyo,POS Terminal,Credit Card,0,0,TXN_101711,CUST_11711
66,Checking,Withdrawal,Entertainment,127.1,26299.82,26172.72,16,Tokyo,POS Terminal,UPI / Wallet,0,0,TXN_103100,CUST_13100
43,Business,Deposit,Groceries,67.25,23268.71,23201.46,20,Toronto,Mobile App,Credit Card,0,0,TXN_104952,CUST_14952
29,Business,Payment,Electronics,310.69,12625.15,12314.46,18,Tokyo,ATM,UPI / Wallet,0,0,TXN_105606,CUST_15606
22,Savings,Transfer,Electronics,284.64,7803.42,7668.78,14,New York,Mobile App,Wire Transfer,1,0,TXN_105015,CUST_15015
38,Checking,Transfer,Electronics,5.51,12721.28,12715.77,8,London,Web Browser,Debit Card,0,1,TXN_104877,CUST_14877
41,Savings,Deposit,Retail,128.95,22269.22,22140.27,13,New York,Mobile App,Wire Transfer,0,1,TXN_101948,CUST_11948
36,Checking,Payment,Groceries,61.46,19552.41,19490.95,8,New York,Web Browser,Wire Transfer,0,0,TXN_101426,CUST_11426
64,Savings,Deposit,Retail,37.64,22100.61,22062.97,23,Toronto,ATM,Debit Card,0,0,TXN_102610,CUST_12610
26,Credit,Withdrawal,Retail,283.97,4863.65,4579.68,16,New York,Web Browser,Debit Card,0,0,TXN_104957,CUST_14957
44,Savings,Transfer,Groceries,104.31,25574.7,25470.39,17,Berlin,Mobile App,Debit Card,0,0,TXN_104007,CUST_14007
21,Savings,Withdrawal,Groceries,64.42,23012.51,22948.09,0,Mumbai,ATM,Credit Card,0,0,TXN_106294,CUST_16294
45,Savings,Transfer,Groceries,69.97,24677.96,24607.99,21,New York,POS Terminal,Wire Transfer,1,1,TXN_103741,CUST_13741
67,Checking,Transfer,Travel,149.96,4995.15,4845.19,11,Toronto,Mobile App,Credit Card,0,0,TXN_106940,CUST_16940
24,Savings,Payment,Travel,128.93,20938.41,20809.48,2,Tokyo,Mobile App,Debit Card,0,0,TXN_104074,CUST_14074
43,Checking,Payment,Travel,377.94,2357.95,1980.01,17,Mumbai,ATM,Debit Card,0,0,TXN_101344,CUST_11344
47,Checking,Payment,Utilities,81.58,20080.99,19999.41,13,Berlin,Web Browser,UPI / Wallet,0,1,TXN_101331,CUST_11331
19,Business,Withdrawal,Retail,681.7,10999.89,10318.19,19,Mumbai,Mobile App,UPI / Wallet,0,0,TXN_102245,CUST_12245
56,Savings,Transfer,Groceries,156.33,14360.28,14203.95,11,New York,Mobile App,UPI / Wallet,0,0,TXN_106869,CUST_16869
33,Savings,Payment,Electronics,86.57,21110.39,21023.82,8,Tokyo,Web Browser,UPI / Wallet,0,0,TXN_103555,CUST_13555
43,Checking,Payment,Retail,153.09,11243.06,11089.97,10,Berlin,Mobile App,UPI / Wallet,0,0,TXN_102282,CUST_12282
25,Savings,Transfer,Electronics,102.14,12410.75,12308.61,10,Singapore,Mobile App,Debit Card,1,0,TXN_106337,CUST_16337
69,Checking,Deposit,Electronics,111.46,19463.29,19351.83,23,New York,Mobile App,Debit Card,0,0,TXN_104402,CUST_14402
24,Savings,Deposit,Entertainment,47.59,24222.62,24325.03,19,Toronto,ATM,Credit Card,0,0,TXN_106793,CUST_16793
20,Savings,Withdrawal,Entertainment,41.35,9935.32,9893.97,19,Mumbai,Web Browser,Credit Card,0,0,TXN_106609,CUST_16609
68,Checking,Payment,Groceries,743.58,23959.09,23215.51,8,Tokyo,POS Terminal,UPI / Wallet,0,0,TXN_101021,CUST_11021
62,Savings,Transfer,Utilities,109.68,8576.77,8467.09,16,Toronto,Web Browser,Debit Card,1,0,TXN_105819,CUST_15819
63,Checking,Deposit,Retail,184.34,19728.25,19543.91,20,Mumbai,Mobile App,UPI / Wallet,0,0,TXN_100178,CUST_10178
43,Savings,Transfer,Travel,13.56,21590.95,21727.39,5,Mumbai,ATM,UPI / Wallet,0,0,TXN_104482,CUST_14482
28,Credit,Transfer,Entertainment,167.7,17118.42,16950.72,1,New York,POS Terminal,Debit Card,0,0,TXN_100210,CUST_10210
31,Credit,Deposit,Groceries,117.9,3543.57,3425.67,20,New York,Mobile App,UPI / Wallet,0,0,TXN_102384,CUST_12384
36,Savings,Payment,Groceries,6.81,699.31,692.5,9,Mumbai,Web Browser,Debit Card,0,0,TXN_101223,CUST_11223
18,Checking,Transfer,Retail,149.34,23523.04,23373.7,11,London,ATM,UPI / Wallet,0,0,TXN_104791,CUST_14791
42,Savings,Transfer,Retail,143.23,26459.97,26316.74,0,Tokyo,ATM,Wire Transfer,1,0,TXN_100212,CUST_10212
46,Savings,Transfer,Electronics,27.65,26419.27,26391.62,7,Berlin,Web Browser,UPI / Wallet,0,0,TXN_105019,CUST_15019
76,Savings,Transfer,Entertainment,276.59,15593.66,15317.07,9,Toronto,Mobile App,Wire Transfer,1,0,TXN_101998,CUST_11998
46,Savings,Transfer,Travel,158.03,26543.22,26385.19,19,Tokyo,Mobile App,UPI / Wallet,1,1,TXN_101412,CUST_11412
34,Savings,Payment,Utilities,37.11,15377.45,15340.34,10,Mumbai,Web Browser,Credit Card,0,0,TXN_105653,CUST_15653
21,Checking,Payment,Retail,1.96,21316.17,21314.21,4,Singapore,Mobile App,Credit Card,0,0,TXN_103870,CUST_13870
20,Savings,Withdrawal,Travel,5.86,14387.88,14382.02,13,New York,ATM,UPI / Wallet,0,0,TXN_104964,CUST_14964
22,Savings,Transfer,Groceries,72.58,22043.75,21971.17,16,Toronto,Mobile App,Debit Card,0,0,TXN_106686,CUST_16686
63,Checking,Payment,Travel,62.47,16275.19,16212.72,17,Mumbai,POS Terminal,Wire Transfer,0,0,TXN_102649,CUST_12649
18,Savings,Deposit,Groceries,33.38,10377.78,10344.4,15,Tokyo,Web Browser,Credit Card,0,0,TXN_104621,CUST_14621
46,Checking,Payment,Electronics,129.78,19430.21,19300.43,10,Toronto,Mobile App,UPI / Wallet,1,0,TXN_103611,CUST_13611
22,Savings,Payment,Travel,110.67,21403.06,21292.39,21,Singapore,POS Terminal,Credit Card,0,0,TXN_106086,CUST_16086
18,Checking,Withdrawal,Electronics,77.49,25945.21,25867.72,1,Singapore,ATM,UPI / Wallet,1,0,TXN_101740,CUST_11740
29,Savings,Payment,Electronics,16.91,5887.68,5870.77,0,Singapore,Web Browser,UPI / Wallet,0,0,TXN_102037,CUST_12037
69,Credit,Deposit,Travel,276.43,10357.26,10080.83,2,Tokyo,Web Browser,UPI / Wallet,0,0,TXN_106101,CUST_16101
58,Savings,Withdrawal,Utilities,460.05,27024.81,26564.76,23,Tokyo,ATM,Credit Card,0,0,TXN_101146,CUST_11146
23,Business,Payment,Utilities,163.46,17869.15,17705.69,1,Toronto,Web Browser,Wire Transfer,0,0,TXN_101760,CUST_11760
36,Savings,Payment,Travel,110.74,16885.65,16774.91,22,Berlin,Mobile App,Debit Card,0,0,TXN_105659,CUST_15659
61,Credit,Transfer,Electronics,351.35,22438.12,22086.77,3,Tokyo,Web Browser,Debit Card,0,0,TXN_104223,CUST_14223
63,Savings,Transfer,Travel,108.25,25976.2,26017.95,5,Berlin,Web Browser,UPI / Wallet,0,0,TXN_104159,CUST_14159
27,Checking,Payment,Utilities,56.27,25813.21,25756.94,17,Berlin,ATM,Credit Card,0,0,TXN_101018,CUST_11018
65,Credit,Payment,Travel,254.6,20758.11,20503.51,19,Tokyo,ATM,Credit Card,1,1,TXN_100164,CUST_10164
58,Savings,Payment,Retail,34.05,16243.01,16208.96,9,Mumbai,ATM,Wire Transfer,0,0,TXN_100799,CUST_10799
19,Savings,Transfer,Utilities,43.84,5121.99,5078.15,12,Tokyo,ATM,Debit Card,0,0,TXN_103241,CUST_13241
64,Credit,Transfer,Electronics,8.63,23810.76,23802.13,6,Tokyo,Web Browser,Debit Card,0,0,TXN_100452,CUST_10452
18,Checking,Transfer,Entertainment,8.86,21745.86,21737.0,13,Singapore,Web Browser,Debit Card,0,0,TXN_100541,CUST_10541
18,Checking,Withdrawal,Groceries,355.14,23962.16,23607.02,19,Mumbai,ATM,Debit Card,0,0,TXN_104705,CUST_14705
53,Savings,Withdrawal,Electronics,33.83,4411.76,4377.93,20,Tokyo,Mobile App,UPI / Wallet,1,0,TXN_104187,CUST_14187
62,Savings,Deposit,Travel,173.86,21281.8,21107.94,14,Singapore,Mobile App,Debit Card,1,0,TXN_101103,CUST_11103
28,Checking,Payment,Travel,161.8,17782.23,17770.43,14,New York,Web Browser,Wire Transfer,0,0,TXN_101062,CUST_11062
65,Business,Transfer,Utilities,84.05,25167.39,25083.34,23,Tokyo,Mobile App,Debit Card,0,0,TXN_105527,CUST_15527
53,Business,Transfer,Utilities,20.71,16607.4,16586.69,14,Berlin,POS Terminal,Debit Card,1,0,TXN_104636,CUST_14636
21,Savings,Withdrawal,Travel,4.48,24673.33,24668.85,1,Berlin,ATM,Debit Card,0,1,TXN_100423,CUST_10423
38,Savings,Deposit,Electronics,177.8,21690.69,21512.89,17,Singapore,Mobile App,Wire Transfer,1,0,TXN_100412,CUST_10412
18,Savings,Transfer,Travel,329.22,5601.64,5272.42,5,London,POS Terminal,Credit Card,0,0,TXN_102566,CUST_12566
67,Checking,Withdrawal,Travel,63.72,24566.14,24502.42,23,Berlin,POS Terminal,UPI / Wallet,0,0,TXN_102379,CUST_12379
18,Business,Transfer,Electronics,90.37,26565.93,26475.56,2,New York,Web Browser,UPI / Wallet,0,0,TXN_102225,CUST_12225
19,Checking,Transfer,Groceries,26.44,26270.64,26244.2,11,Singapore,Web Browser,UPI / Wallet,0,0,TXN_100631,CUST_10631
71,Checking,Transfer,Entertainment,73.86,22495.73,22421.87,23,Toronto,POS Terminal,Credit Card,1,0,TXN_103568,CUST_13568
18,Credit,Transfer,Utilities,17.75,6558.75,6541.0,14,Mumbai,Web Browser,UPI / Wallet,0,0,TXN_101385,CUST_11385
29,Savings,Deposit,Entertainment,80.38,22549.75,22469.37,17,Toronto,Web Browser,Debit Card,0,0,TXN_104396,CUST_14396
66,Savings,Payment,Travel,257.23,23000.9,22743.67,11,Singapore,Mobile App,Credit Card,0,0,TXN_101681,CUST_11681
39,Checking,Payment,Electronics,438.66,9724.61,9285.95,13,Toronto,Web Browser,UPI / Wallet,0,0,TXN_104198,CUST_14198
45,Savings,Transfer,Electronics,283.55,16539.75,16256.2,20,Tokyo,Web Browser,Debit Card,0,0,TXN_105749,CUST_15749
41,Checking,Payment,Travel,618.45,17660.61,17042.16,20,Berlin,ATM,UPI / Wallet,1,0,TXN_103970,CUST_13970
38,Credit,Transfer,Entertainment,163.65,12424.87,12261.22,7,Mumbai,Mobile App,Debit Card,0,1,TXN_101446,CUST_11446
38,Credit,Payment,Travel,176.53,20728.61,20552.08,13,Singapore,Mobile App,Debit Card,0,0,TXN_106639,CUST_16639
80,Checking,Transfer,Entertainment,438.47,19224.65,18786.18,18,Tokyo,Web Browser,Debit Card,0,0,TXN_106235,CUST_16235
18,Savings,Withdrawal,Groceries,75.52,23898.45,23822.93,15,Mumbai,POS Terminal,UPI / Wallet,0,0,TXN_105357,CUST_15357
20,Checking,Withdrawal,Groceries,5.53,25720.79,25715.26,22,New York,POS Terminal,Credit Card,0,0,TXN_103284,CUST_13284
29,Checking,Transfer,Utilities,399.56,26692.45,26292.89,18,Toronto,ATM,Wire Transfer,1,0,TXN_105342,CUST_15342
27,Checking,Deposit,Retail,18.31,3892.75,4024.44,13,Singapore,POS Terminal,UPI / Wallet,0,0,TXN_104726,CUST_14726
65,Checking,Transfer,Retail,755.57,11702.56,11096.99,5,Toronto,Web Browser,UPI / Wallet,0,0,TXN_104629,CUST_14629
30,Checking,Withdrawal,Utilities,378.7,24305.83,23927.13,21,London,POS Terminal,UPI / Wallet,0,0,TXN_102073,CUST_12073
39,Savings,Withdrawal,Retail,60.53,13629.64,13569.11,22,Toronto,POS Terminal,Credit Card,0,0,TXN_102092,CUST_12092
65,Checking,Payment,Entertainment,97.57,25648.47,25550.9,5,Toronto,POS Terminal,Wire Transfer,1,0,TXN_106308,CUST_16308
24,Credit,Transfer,Retail,24.66,21161.36,21136.7,2,Mumbai,Web Browser,Debit Card,0,0,TXN_103417,CUST_13417
61,Credit,Payment,Retail,53.27,21728.3,21675.03,8,Mumbai,ATM,Credit Card,0,0,TXN_100617,CUST_10617
18,Credit,Transfer,Retail,6.23,25201.74,25195.51,11,Mumbai,Web Browser,Debit Card,0,0,TXN_105291,CUST_15291
22,Credit,Transfer,Travel,841.52,14085.62,13244.1,20,Berlin,POS Terminal,Debit Card,0,0,TXN_100569,CUST_10569
32,Credit,Payment,Entertainment,249.45,8970.11,8720.66,0,London,Web Browser,Debit Card,0,0,TXN_104663,CUST_14663
29,Business,Deposit,Travel,239.66,15978.23,15738.57,17,Berlin,POS Terminal,Credit Card,0,0,TXN_100181,CUST_10181
70,Business,Deposit,Groceries,245.79,17822.62,17576.83,13,London,POS Terminal,Wire Transfer,0,0,TXN_100128,CUST_10128
41,Savings,Payment,Utilities,219.27,8500.44,8281.17,6,New York,Mobile App,Debit Card,0,0,TXN_102930,CUST_12930
57,Checking,Payment,Travel,35.33,25546.34,25511.01,4,Tokyo,Web Browser,Credit Card,1,0,TXN_105491,CUST_15491
31,Savings,Payment,Groceries,32.9,4568.44,4535.54,15,New York,Mobile App,Debit Card,0,0,TXN_100208,CUST_10208
55,Checking,Payment,Retail,36.78,23253.73,23216.95,0,Toronto,ATM,Wire Transfer,0,0,TXN_104326,CUST_14326
73,Savings,Transfer,Travel,663.7,24420.11,23756.41,0,Mumbai,Web Browser,Wire Transfer,0,0,TXN_101462,CUST_11462
24,Checking,Deposit,Travel,71.96,24052.04,24130.08,23,Tokyo,ATM,UPI / Wallet,0,0,TXN_104391,CUST_14391
27,Savings,Deposit,Groceries,230.73,24802.74,24572.01,20,Toronto,Mobile App,Debit Card,0,0,TXN_103423,CUST_13423
56,Credit,Withdrawal,Groceries,316.13,14766.35,14450.22,2,Tokyo,Mobile App,Debit Card,0,0,TXN_103961,CUST_13961
66,Savings,Withdrawal,Travel,528.56,12865.33,12336.77,2,Tokyo,Mobile App,Debit Card,0,1,TXN_103881,CUST_13881
63,Credit,Deposit,Entertainment,166.79,25339.43,25172.64,4,Mumbai,POS Terminal,Wire Transfer,0,0,TXN_105554,CUST_15554
45,Credit,Transfer,Entertainment,470.55,9043.33,8572.78,16,Tokyo,Web Browser,Credit Card,0,0,TXN_103857,CUST_13857
26,Checking,Deposit,Entertainment,542.18,25345.83,24803.65,21,Mumbai,Mobile App,Credit Card,0,0,TXN_101891,CUST_11891
71,Checking,Deposit,Utilities,347.36,19783.5,19436.14,0,Tokyo,Web Browser,Debit Card,0,0,TXN_103438,CUST_13438
18,Credit,Transfer,Travel,128.38,8395.14,8266.76,1,Singapore,Mobile App,UPI / Wallet,0,0,TXN_104306,CUST_14306
28,Business,Withdrawal,Utilities,196.11,10264.27,10068.16,6,Mumbai,Web Browser,Wire Transfer,0,1,TXN_103449,CUST_13449
35,Savings,Payment,Travel,21.82,22995.48,22973.66,9,New York,Mobile App,Debit Card,0,0,TXN_104303,CUST_14303
29,Checking,Payment,Travel,23.33,17031.41,17008.08,8,Toronto,Web Browser,Wire Transfer,0,0,TXN_104089,CUST_14089
40,Checking,Payment,Retail,214.45,22810.33,22595.88,17,Berlin,Mobile App,Credit Card,0,0,TXN_101809,CUST_11809
50,Checking,Withdrawal,Retail,67.01,25777.64,25710.63,14,New York,Mobile App,Debit Card,0,0,TXN_103864,CUST_13864
40,Credit,Deposit,Groceries,19.97,23211.55,23191.58,4,Toronto,Mobile App,Debit Card,0,0,TXN_100434,CUST_10434
68,Savings,Withdrawal,Entertainment,597.6,23224.01,22626.41,4,Mumbai,ATM,Wire Transfer,0,0,TXN_104819,CUST_14819
18,Credit,Transfer,Travel,487.19,25232.82,24745.63,5,Toronto,Web Browser,Debit Card,0,0,TXN_105090,CUST_15090
25,Checking,Transfer,Travel,53.03,22864.62,22811.59,7,Berlin,ATM,Debit Card,0,0,TXN_105736,CUST_15736
35,Checking,Payment,Groceries,14.41,1202.63,1188.22,21,Tokyo,Mobile App,UPI / Wallet,1,0,TXN_106228,CUST_16228
54,Credit,Deposit,Retail,73.92,22301.55,22227.63,19,New York,Web Browser,Wire Transfer,0,0,TXN_104786,CUST_14786
28,Checking,Withdrawal,Electronics,75.22,17842.41,17767.19,2,Toronto,Mobile App,Debit Card,0,1,TXN_105845,CUST_15845
18,Savings,Withdrawal,Entertainment,50.44,14099.64,14049.2,15,Toronto,Mobile App,UPI / Wallet,0,0,TXN_106898,CUST_16898
18,Checking,Transfer,Travel,144.16,25941.45,25797.29,15,Mumbai,ATM,Credit Card,0,0,TXN_100682,CUST_10682
58,Business,Payment,Travel,35.98,25667.93,25631.95,9,Toronto,Mobile App,Debit Card,0,0,TXN_106969,CUST_16969
22,Savings,Payment,Travel,10.95,19939.56,19928.61,13,London,Mobile App,Debit Card,0,0,TXN_102804,CUST_12804
46,Savings,Deposit,Groceries,5.96,25175.34,25169.38,11,Mumbai,POS Terminal,Wire Transfer,0,0,TXN_101904,CUST_11904
18,Credit,Transfer,Utilities,88.95,1005.53,1066.58,23,Toronto,Web Browser,Wire Transfer,1,0,TXN_101764,CUST_11764
41,Savings,Payment,Utilities,219.27,8500.44,8281.17,6,New York,Mobile App,Debit Card,0,0,TXN_102930,CUST_12930
55,Savings,Payment,Groceries,218.34,3440.13,3221.79,21,Mumbai,ATM,Credit Card,0,0,TXN_106239,CUST_16239
68,Checking,Payment,Utilities,94.57,16595.1,16500.53,9,Mumbai,Web Browser,Wire Transfer,0,0,TXN_106498,CUST_16498
59,Checking,Payment,Travel,317.83,22741.67,22423.84,20,Berlin,Web Browser,Debit Card,0,0,TXN_106489,CUST_16489
50,Savings,Transfer,Entertainment,104.61,23769.75,23665.14,8,New York,ATM,UPI / Wallet,0,0,TXN_101413,CUST_11413
72,Savings,Payment,Utilities,62.33,7674.0,7611.67,10,Berlin,ATM,Wire Transfer,1,0,TXN_101838,CUST_11838
63,Checking,Payment,Groceries,581.67,15816.34,15234.67,0,New York,Web Browser,Debit Card,0,0,TXN_104569,CUST_14569
65,Savings,Transfer,Groceries,25.03,19025.15,19000.12,23,Tokyo,Web Browser,Debit Card,0,1,TXN_100506,CUST_10506
24,Checking,Withdrawal,Entertainment,30.01,19817.71,19787.7,17,New York,ATM,Wire Transfer,0,0,TXN_102549,CUST_12549
23,Savings,Payment,Electronics,219.32,8796.14,8576.82,7,Tokyo,ATM,Wire Transfer,0,0,TXN_100805,CUST_10805
52,Business,Withdrawal,Travel,336.39,11305.54,10969.15,7,Berlin,Mobile App,Credit Card,0,0,TXN_100603,CUST_10603
18,Savings,Transfer,Utilities,156.95,24164.35,24007.4,10,Tokyo,Web Browser,Debit Card,0,1,TXN_100644,CUST_10644
42,Business,Payment,Electronics,170.26,16282.3,16112.04,15,Toronto,Mobile App,Wire Transfer,0,0,TXN_106185,CUST_16185
42,Business,Payment,Retail,18.23,7653.8,7635.57,22,Berlin,Mobile App,Wire Transfer,0,0,TXN_102316,CUST_12316
50,Checking,Transfer,Groceries,60.85,23054.26,22993.41,18,Berlin,Mobile App,UPI / Wallet,0,0,TXN_102396,CUST_12396
18,Savings,Withdrawal,Electronics,53.41,22934.75,22881.34,8,Mumbai,POS Terminal,Wire Transfer,0,1,TXN_104053,CUST_14053
58,Savings,Deposit,Travel,43.08,19735.55,19692.47,4,New York,ATM,Debit Card,0,0,TXN_104455,CUST_14455
68,Savings,Payment,Groceries,45.99,17390.82,17344.83,15,Singapore,Web Browser,Debit Card,0,0,TXN_100400,CUST_10400
61,Credit,Deposit,Electronics,191.52,20551.51,20359.99,1,Mumbai,Web Browser,Debit Card,0,0,TXN_105840,CUST_15840
56,Credit,Payment,Groceries,71.21,24062.42,23991.21,18,Singapore,Mobile App,Wire Transfer,0,0,TXN_105091,CUST_15091
23,Checking,Payment,Entertainment,300.22,17641.56,17341.34,12,Toronto,Mobile App,Debit Card,0,0,TXN_102638,CUST_12638
68,Savings,Withdrawal,Entertainment,597.6,23224.01,22626.41,4,Mumbai,ATM,Wire Transfer,0,0,TXN_104819,CUST_14819
18,Savings,Transfer,Entertainment,524.95,19165.98,18791.03,11,Berlin,POS Terminal,UPI / Wallet,1,0,TXN_103330,CUST_13330
23,Credit,Transfer,Retail,26.08,13928.69,13902.61,17,Tokyo,Web Browser,Wire Transfer,0,0,TXN_104184,CUST_14184
21,Savings,Payment,Retail,252.73,20067.88,19815.15,7,Tokyo,Web Browser,UPI / Wallet,0,0,TXN_105189,CUST_15189
53,Savings,Transfer,Utilities,354.33,17424.28,17069.95,22,Berlin,ATM,UPI / Wallet,0,0,TXN_100297,CUST_10297
21,Savings,Withdrawal,Travel,9.85,10999.58,10989.73,7,Tokyo,Web Browser,Debit Card,0,1,TXN_105076,CUST_15076
22,Savings,Transfer,Retail,127.27,6824.57,6697.3,14,Mumbai,Web Browser,Debit Card,0,0,TXN_103859,CUST_13859
18,Savings,Transfer,Entertainment,17.71,7169.73,7152.02,5,Berlin,Web Browser,Debit Card,0,0,TXN_105021,CUST_15021
32,Savings,Payment,Utilities,39.35,26330.11,26290.76,16,Tokyo,Mobile App,Credit Card,0,0,TXN_105724,CUST_15724
77,Credit,Transfer,Retail,496.19,16969.01,16472.82,7,Mumbai,Web Browser,Credit Card,0,0,TXN_104782,CUST_14782
43,Checking,Payment,Entertainment,82.99,26488.48,26555.49,6,Mumbai,Web Browser,Debit Card,0,1,TXN_102408,CUST_12408
62,Checking,Payment,Groceries,88.4,14208.17,14119.77,6,Berlin,Web Browser,UPI / Wallet,0,0,TXN_104486,CUST_14486
28,Savings,Transfer,Entertainment,21.52,24729.34,24707.82,9,Berlin,Mobile App,UPI / Wallet,0,0,TXN_103346,CUST_13346
25,Savings,Transfer,Entertainment,24.16,6585.91,6561.75,6,London,Web Browser,Credit Card,0,0,TXN_103894,CUST_13894
18,Savings,Withdrawal,Retail,181.18,20903.4,20722.22,23,Mumbai,Web Browser,Debit Card,1,0,TXN_106811,CUST_16811
59,Business,Withdrawal,Groceries,66.0,20206.22,20140.22,23,Tokyo,ATM,Wire Transfer,0,0,TXN_104163,CUST_14163
23,Savings,Transfer,Retail,45.82,1322.91,1427.09,19,Mumbai,POS Terminal,Debit Card,0,0,TXN_104596,CUST_14596
26,Savings,Withdrawal,Groceries,52.31,13138.52,13236.21,22,Mumbai,Mobile App,Credit Card,0,0,TXN_100985,CUST_10985
25,Checking,Payment,Groceries,79.6,18811.65,18732.05,0,Tokyo,Mobile App,Debit Card,0,1,TXN_102650,CUST_12650
18,Checking,Transfer,Electronics,331.96,8034.71,7702.75,1,Toronto,POS Terminal,UPI / Wallet,1,0,TXN_106159,CUST_16159
43,Credit,Payment,Groceries,24.95,20925.23,20900.28,10,Berlin,Mobile App,Wire Transfer,0,0,TXN_106131,CUST_16131
18,Savings,Payment,Groceries,93.83,17371.07,17277.24,13,Singapore,Mobile App,UPI / Wallet,0,0,TXN_100611,CUST_10611
30,Savings,Deposit,Retail,32.31,14774.91,14742.6,14,Tokyo,ATM,UPI / Wallet,0,0,TXN_103929,CUST_13929
57,Savings,Transfer,Electronics,74.69,25450.91,25376.22,7,Tokyo,Web Browser,Debit Card,1,0,TXN_103750,CUST_13750
40,Checking,Payment,Groceries,121.72,8084.74,7963.02,13,Tokyo,POS Terminal,UPI / Wallet,0,0,TXN_103831,CUST_13831
27,Business,Deposit,Groceries,217.05,18212.69,17995.64,15,Berlin,ATM,UPI / Wallet,0,0,TXN_105686,CUST_15686
18,Business,Transfer,Utilities,54.17,2206.64,2152.47,6,Mumbai,Web Browser,Wire Transfer,0,0,TXN_101015,CUST_11015
61,Savings,Transfer,Travel,257.16,27209.51,26952.35,11,Tokyo,Web Browser,UPI / Wallet,0,0,TXN_103582,CUST_13582
34,Savings,Payment,Electronics,29.09,18174.34,18295.25,22,Singapore,POS Terminal,Wire Transfer,0,0,TXN_106976,CUST_16976
58,Savings,Transfer,Groceries,155.3,5614.71,5459.41,6,Toronto,Web Browser,Wire Transfer,0,0,TXN_106509,CUST_16509
62,Savings,Transfer,Electronics,105.23,24371.88,24266.65,8,Mumbai,Mobile App,UPI / Wallet,0,0,TXN_104549,CUST_14549
57,Credit,Withdrawal,Groceries,114.16,25263.07,25148.91,18,London,POS Terminal,UPI / Wallet,0,0,TXN_104575,CUST_14575
45,Checking,Transfer,Electronics,64.66,9559.9,9495.24,18,Tokyo,Mobile App,Credit Card,1,0,TXN_101911,CUST_11911
67,Savings,Payment,Entertainment,64.9,27137.1,27072.2,3,Mumbai,ATM,Debit Card,0,0,TXN_100793,CUST_10793
69,Checking,Transfer,Retail,29.97,9311.44,9281.47,1,Berlin,POS Terminal,Debit Card,0,1,TXN_101068,CUST_11068
33,Checking,Transfer,Electronics,241.35,22828.39,22587.04,21,Toronto,Mobile App,Credit Card,0,0,TXN_104609,CUST_14609
20,Savings,Transfer,Travel,46.08,14641.88,14595.8,14,Toronto,ATM,Wire Transfer,1,0,TXN_105507,CUST_15507
21,Savings,Payment,Retail,24.61,10960.44,10935.83,13,New York,Web Browser,UPI / Wallet,0,0,TXN_103996,CUST_13996
29,Checking,Transfer,Electronics,228.08,24088.53,23860.45,14,Toronto,POS Terminal,UPI / Wallet,0,0,TXN_101273,CUST_11273
59,Savings,Withdrawal,Groceries,31.27,3392.72,3511.45,18,Toronto,Web Browser,Debit Card,0,0,TXN_106237,CUST_16237
18,Checking,Payment,Entertainment,159.25,25913.19,25753.94,8,Berlin,Mobile App,UPI / Wallet,0,0,TXN_100727,CUST_10727
43,Credit,Transfer,Utilities,245.65,15775.07,15529.42,5,Berlin,ATM,Debit Card,1,0,TXN_104259,CUST_14259
66,Credit,Payment,Groceries,484.28,26220.66,25736.38,8,Tokyo,POS Terminal,Debit Card,0,0,TXN_104352,CUST_14352
59,Credit,Withdrawal,Retail,30.79,28228.22,28197.43,10,Mumbai,ATM,Wire Transfer,0,0,TXN_102996,CUST_12996
63,Savings,Payment,Utilities,23.24,18102.53,18079.29,8,London,Web Browser,Wire Transfer,0,0,TXN_105110,CUST_15110
66,Savings,Transfer,Travel,81.39,22579.3,22497.91,13,Singapore,Web Browser,Credit Card,1,1,TXN_101183,CUST_11183
18,Checking,Payment,Travel,32.81,20271.32,20238.51,17,New York,POS Terminal,UPI / Wallet,0,1,TXN_100567,CUST_10567
36,Checking,Payment,Groceries,429.34,18645.9,18216.56,16,Tokyo,Web Browser,Credit Card,0,0,TXN_102714,CUST_12714
32,Checking,Withdrawal,Retail,308.43,23974.3,23815.87,1,Singapore,Mobile App,Debit Card,0,0,TXN_103024,CUST_13024
19,Checking,Payment,Travel,31.34,23290.83,23259.49,13,Berlin,Web Browser,Debit Card,0,0,TXN_102802,CUST_12802
18,Checking,Payment,Travel,16.2,20065.66,20049.46,1,Singapore,ATM,Debit Card,1,0,TXN_102033,CUST_12033
20,Savings,Withdrawal,Groceries,123.32,15990.25,15866.93,13,Singapore,Mobile App,UPI / Wallet,0,0,TXN_104802,CUST_14802
44,Credit,Deposit,Retail,18.35,27665.84,27647.49,12,Singapore,POS Terminal,Debit Card,0,0,TXN_105311,CUST_15311
18,Savings,Payment,Travel,39.34,24594.1,24554.76,8,New York,Mobile App,Credit Card,0,0,TXN_106546,CUST_16546
66,Credit,Withdrawal,Groceries,99.21,25822.82,25723.61,10,Mumbai,ATM,Debit Card,0,1,TXN_103584,CUST_13584
35,Savings,Payment,Travel,34.52,17422.77,17388.25,21,Berlin,Web Browser,Debit Card,0,0,TXN_104060,CUST_14060
46,Savings,Transfer,Travel,76.15,20522.39,20446.24,21,Mumbai,Web Browser,Credit Card,0,0,TXN_101963,CUST_11963
48,Savings,Withdrawal,Entertainment,41.12,26622.68,26731.56,16,Tokyo,Web Browser,Credit Card,0,1,TXN_101709,CUST_11709
18,Business,Payment,Utilities,7.06,20506.88,20499.82,20,Berlin,Web Browser,Credit Card,0,0,TXN_103762,CUST_13762
74,Checking,Withdrawal,Utilities,60.39,27263.02,27202.63,17,Tokyo,Web Browser,Debit Card,0,0,TXN_106141,CUST_16141
26,Savings,Transfer,Entertainment,155.34,23050.96,22895.62,11,Berlin,ATM,Wire Transfer,1,1,TXN_106155,CUST_16155
63,Checking,Transfer,Retail,226.18,14789.01,14562.83,8,New York,ATM,Credit Card,1,0,TXN_102234,CUST_12234
35,Checking,Withdrawal,Travel,582.76,26768.71,26185.95,22,Singapore,Mobile App,UPI / Wallet,0,0,TXN_101396,CUST_11396
57,Business,Transfer,Electronics,47.36,13201.93,13154.57,6,Berlin,Mobile App,UPI / Wallet,0,0,TXN_105732,CUST_15732
18,Savings,Payment,Utilities,280.83,2926.36,2645.53,23,Singapore,Web Browser,Debit Card,0,0,TXN_105253,CUST_15253
65,Credit,Payment,Retail,112.82,20779.15,20666.33,5,Tokyo,POS Terminal,Wire Transfer,0,0,TXN_103333,CUST_13333
33,Savings,Withdrawal,Groceries,58.68,27120.32,27061.64,13,Mumbai,Web Browser,Wire Transfer,1,0,TXN_106262,CUST_16262
18,Savings,Payment,Utilities,290.33,13790.36,13500.03,16,Berlin,Web Browser,Wire Transfer,1,0,TXN_103329,CUST_13329
64,Savings,Payment,Utilities,57.92,5682.65,5624.73,6,Toronto,ATM,Wire Transfer,0,0,TXN_100313,CUST_10313
57,Checking,Transfer,Retail,458.58,14208.27,13749.69,20,London,ATM,Debit Card,1,0,TXN_105422,CUST_15422
21,Savings,Payment,Groceries,679.66,20836.78,20157.12,11,Mumbai,Web Browser,Wire Transfer,0,0,TXN_102213,CUST_12213
21,Checking,Withdrawal,Entertainment,59.83,16618.41,16558.58,11,Toronto,Web Browser,Debit Card,0,1,TXN_105992,CUST_15992
39,Savings,Transfer,Electronics,24.61,23678.75,23804.14,7,London,Mobile App,UPI / Wallet,0,0,TXN_106911,CUST_16911
58,Checking,Payment,Retail,89.16,24261.57,24172.41,14,Singapore,Mobile App,Wire Transfer,0,0,TXN_105803,CUST_15803
47,Checking,Transfer,Utilities,432.45,22447.4,22014.95,12,London,Mobile App,UPI / Wallet,0,0,TXN_104192,CUST_14192
56,Credit,Transfer,Travel,26.76,23426.08,23399.32,22,Berlin,Mobile App,UPI / Wallet,0,0,TXN_106384,CUST_16384
59,Checking,Deposit,Groceries,4.35,22632.9,22628.55,23,Berlin,POS Terminal,Wire Transfer,0,0,TXN_102738,CUST_12738
36,Checking,Withdrawal,Entertainment,526.1,24805.29,24279.19,21,Singapore,Web Browser,UPI / Wallet,0,0,TXN_100518,CUST_10518
71,Checking,Deposit,Travel,566.97,14322.31,13755.34,23,Berlin,POS Terminal,UPI / Wallet,0,0,TXN_103529,CUST_13529
68,Checking,Payment,Utilities,31.07,24364.74,24333.67,11,New York,Mobile App,Wire Transfer,0,0,TXN_104355,CUST_14355
18,Savings,Transfer,Travel,152.17,18800.89,18648.72,2,Mumbai,ATM,Credit Card,0,0,TXN_101654,CUST_11654
69,Business,Transfer,Travel,58.5,24764.17,24705.67,3,London,Web Browser,UPI / Wallet,0,0,TXN_103869,CUST_13869
64,Savings,Deposit,Retail,228.69,23643.16,23414.47,13,Tokyo,Mobile App,UPI / Wallet,0,0,TXN_103755,CUST_13755
47,Savings,Payment,Electronics,90.27,23502.56,23412.29,14,Toronto,Web Browser,Debit Card,0,0,TXN_104680,CUST_14680
29,Business,Transfer,Utilities,160.23,19996.37,19836.14,10,London,POS Terminal,Credit Card,1,0,TXN_105197,CUST_15197
18,Business,Transfer,Travel,192.92,18036.53,17843.61,6,Mumbai,POS Terminal,UPI / Wallet,0,0,TXN_103567,CUST_13567
18,Business,Payment,Entertainment,49.23,24764.78,24715.55,23,Tokyo,ATM,Credit Card,0,0,TXN_101448,CUST_11448
50,Checking,Payment,Electronics,39.27,20985.92,20946.65,11,Tokyo,Mobile App,UPI / Wallet,1,1,TXN_104016,CUST_14016
18,Savings,Payment,Groceries,71.81,27114.11,27042.3,22,Toronto,POS Terminal,Debit Card,0,0,TXN_104736,CUST_14736
65,Savings,Deposit,Groceries,261.47,23728.23,23466.76,19,Tokyo,Mobile App,UPI / Wallet,0,0,TXN_103951,CUST_13951
29,Checking,Transfer,Travel,251.59,19675.27,19423.68,1,Tokyo,ATM,Wire Transfer,0,0,TXN_106479,CUST_16479
33,Checking,Payment,Retail,84.36,1330.02,1245.66,2,London,Mobile App,Credit Card,0,1,TXN_102084,CUST_12084
18,Savings,Payment,Utilities,63.16,25588.67,25525.51,13,Tokyo,Web Browser,Debit Card,0,0,TXN_102095,CUST_12095
18,Credit,Transfer,Utilities,17.75,6558.75,6541.0,14,Mumbai,Web Browser,UPI / Wallet,0,0,TXN_101385,CUST_11385
71,Checking,Withdrawal,Utilities,7.4,15970.7,15963.3,6,Tokyo,ATM,Credit Card,0,0,TXN_100667,CUST_10667
18,Checking,Withdrawal,Utilities,130.42,3970.52,3840.1,8,Mumbai,Web Browser,UPI / Wallet,0,1,TXN_102832,CUST_12832
33,Savings,Deposit,Electronics,404.09,21410.37,21006.28,19,Berlin,Mobile App,Debit Card,0,0,TXN_104393,CUST_14393
46,Savings,Payment,Retail,111.7,9256.15,9144.45,21,Tokyo,Mobile App,Debit Card,0,0,TXN_101865,CUST_11865
69,Savings,Transfer,Travel,16.71,26803.25,26786.54,8,Mumbai,Web Browser,Debit Card,0,0,TXN_106260,CUST_16260
68,Business,Payment,Travel,89.11,8386.21,8447.1,19,Tokyo,Mobile App,Debit Card,0,0,TXN_102752,CUST_12752
27,Savings,Transfer,Electronics,381.27,11275.37,10894.1,9,New York,POS Terminal,Debit Card,0,0,TXN_105632,CUST_15632
33,Savings,Transfer,Groceries,76.15,25878.47,25802.32,18,Mumbai,POS Terminal,Debit Card,0,0,TXN_105873,CUST_15873
72,Savings,Payment,Travel,121.99,11010.37,10888.38,13,Tokyo,POS Terminal,UPI / Wallet,0,0,TXN_101952,CUST_11952
18,Savings,Payment,Utilities,21.26,28194.41,28173.15,15,Mumbai,ATM,Wire Transfer,0,0,TXN_101178,CUST_11178
65,Business,Payment,Utilities,128.13,23435.97,23307.84,3,New York,ATM,Debit Card,0,0,TXN_104127,CUST_14127
67,Credit,Transfer,Electronics,238.06,22590.79,22352.73,8,New York,Mobile App,Debit Card,0,1,TXN_101548,CUST_11548
53,Savings,Transfer,Groceries,137.27,10671.02,10533.75,19,Toronto,POS Terminal,Credit Card,0,0,TXN_106028,CUST_16028
65,Checking,Deposit,Utilities,317.02,23966.11,23649.09,20,New York,POS Terminal,Debit Card,0,0,TXN_100335,CUST_10335
51,Checking,Deposit,Travel,41.14,6467.17,6426.03,10,Mumbai,POS Terminal,Wire Transfer,0,0,TXN_101147,CUST_11147
19,Checking,Withdrawal,Travel,231.06,22856.2,22625.14,6,New York,Web Browser,Credit Card,0,0,TXN_100593,CUST_10593
27,Checking,Transfer,Utilities,273.75,21368.82,21095.07,20,London,ATM,Debit Card,0,0,TXN_105454,CUST_15454
60,Checking,Transfer,Utilities,124.69,26774.81,26650.12,13,Toronto,Mobile App,Debit Card,0,0,TXN_101133,CUST_11133
18,Savings,Payment,Travel,549.91,25204.26,24654.35,6,Tokyo,Mobile App,UPI / Wallet,0,0,TXN_101638,CUST_11638
39,Savings,Transfer,Travel,384.25,22284.79,21900.54,13,Singapore,POS Terminal,UPI / Wallet,0,0,TXN_105955,CUST_15955
40,Savings,Transfer,Travel,97.56,14015.73,13918.17,11,Berlin,Mobile App,UPI / Wallet,0,0,TXN_102856,CUST_12856
34,Checking,Transfer,Groceries,220.33,16425.55,16205.22,9,Toronto,POS Terminal,Credit Card,0,0,TXN_104626,CUST_14626
37,Savings,Withdrawal,Travel,20.06,20727.4,20707.34,7,Berlin,Mobile App,Debit Card,1,0,TXN_103834,CUST_13834
29,Savings,Payment,Electronics,16.91,5887.68,5870.77,0,Singapore,Web Browser,UPI / Wallet,0,0,TXN_102037,CUST_12037
51,Checking,Transfer,Electronics,19.79,22669.98,22650.19,10,Singapore,ATM,Debit Card,0,0,TXN_100182,CUST_10182
55,Savings,Payment,Groceries,2.39,21080.48,21078.09,5,London,POS Terminal,Wire Transfer,1,1,TXN_102121,CUST_12121
62,Checking,Transfer,Entertainment,315.8,21715.59,21399.79,1,Tokyo,ATM,UPI / Wallet,0,1,TXN_100258,CUST_10258
42,Checking,Transfer,Electronics,79.52,15243.08,15163.56,20,Tokyo,Web Browser,Debit Card,0,0,TXN_105940,CUST_15940
70,Business,Payment,Retail,81.84,22808.43,22726.59,22,London,ATM,UPI / Wallet,0,0,TXN_100446,CUST_10446
18,Savings,Deposit,Groceries,13.9,19774.49,19760.59,2,London,Mobile App,Debit Card,0,0,TXN_101484,CUST_11484
68,Checking,Deposit,Travel,91.68,17189.65,17097.97,13,London,ATM,Debit Card,0,0,TXN_106782,CUST_16782
69,Savings,Payment,Retail,165.9,17105.79,16939.89,0,Toronto,POS Terminal,Credit Card,0,0,TXN_105439,CUST_15439
68,Business,Transfer,Electronics,144.6,25975.15,25830.55,0,Tokyo,Web Browser,Wire Transfer,0,0,TXN_100254,CUST_10254
18,Savings,Payment,Utilities,152.86,4546.37,4393.51,8,Toronto,Web Browser,Credit Card,0,0,TXN_100407,CUST_10407
38,Business,Withdrawal,Travel,89.41,17323.85,17234.44,17,New York,POS Terminal,Credit Card,0,0,TXN_103073,CUST_13073
40,Checking,Deposit,Retail,98.9,25343.45,25244.55,10,Toronto,POS Terminal,Credit Card,0,0,TXN_102741,CUST_12741
21,Savings,Payment,Retail,24.61,10960.44,10935.83,13,New York,Web Browser,UPI / Wallet,0,0,TXN_103996,CUST_13996
37,Savings,Withdrawal,Utilities,337.65,25377.74,25040.09,14,Mumbai,POS Terminal,Debit Card,0,0,TXN_104080,CUST_14080
44,Credit,Transfer,Retail,518.48,21526.15,21007.67,20,New York,Web Browser,Wire Transfer,0,0,TXN_105784,CUST_15784
61,Savings,Payment,Travel,34.68,13313.81,13279.13,1,Mumbai,POS Terminal,UPI / Wallet,0,0,TXN_102556,CUST_12556
60,Checking,Transfer,Utilities,315.86,23633.82,23317.96,17,New York,POS Terminal,UPI / Wallet,0,0,TXN_103113,CUST_13113
32,Credit,Payment,Utilities,92.38,15016.21,14923.83,14,Tokyo,ATM,UPI / Wallet,0,0,TXN_104553,CUST_14553
39,Credit,Withdrawal,Retail,9.35,18468.2,18458.85,20,Singapore,Web Browser,UPI / Wallet,0,0,TXN_101483,CUST_11483
62,Savings,Payment,Retail,68.7,24713.65,24644.95,11,Mumbai,Web Browser,Debit Card,0,0,TXN_100091,CUST_10091
67,Savings,Payment,Travel,345.77,12380.84,12035.07,15,Tokyo,Mobile App,Debit Card,0,1,TXN_100987,CUST_10987
60,Checking,Transfer,Utilities,371.4,22837.64,22616.24,3,Berlin,Web Browser,Wire Transfer,0,1,TXN_105228,CUST_15228
56,Credit,Transfer,Groceries,30.47,17347.05,17466.58,14,Singapore,ATM,Debit Card,0,0,TXN_101799,CUST_11799
66,Checking,Withdrawal,Entertainment,71.86,10399.17,10327.31,10,Singapore,Web Browser,Debit Card,0,0,TXN_103148,CUST_13148
29,Savings,Transfer,Retail,20.22,345.35,325.13,1,Berlin,Web Browser,UPI / Wallet,0,0,TXN_100675,CUST_10675
42,Savings,Transfer,Utilities,30.95,19557.68,19526.73,2,London,ATM,Credit Card,0,0,TXN_101005,CUST_11005
18,Savings,Withdrawal,Groceries,673.24,20054.64,19381.4,23,Toronto,Mobile App,Debit Card,0,0,TXN_101055,CUST_11055
46,Savings,Deposit,Groceries,5.96,25175.34,25169.38,11,Mumbai,POS Terminal,Wire Transfer,0,0,TXN_101904,CUST_11904
20,Savings,Payment,Electronics,260.62,24587.9,24327.28,13,Berlin,Web Browser,Debit Card,0,0,TXN_101671,CUST_11671
44,Checking,Deposit,Groceries,115.01,21687.59,21572.58,7,Singapore,Web Browser,Wire Transfer,0,0,TXN_104197,CUST_14197
33,Checking,Withdrawal,Travel,239.95,22083.04,21843.09,6,New York,Web Browser,Debit Card,0,0,TXN_104425,CUST_14425
46,Savings,Deposit,Groceries,5.96,25175.34,25169.38,11,Mumbai,POS Terminal,Wire Transfer,0,0,TXN_101904,CUST_11904
36,Business,Transfer,Travel,97.4,18103.48,18006.08,23,Singapore,Web Browser,UPI / Wallet,0,0,TXN_105658,CUST_15658
18,Savings,Deposit,Utilities,88.75,24649.74,24710.99,16,London,Web Browser,Debit Card,0,0,TXN_102062,CUST_12062
18,Checking,Payment,Travel,24.2,12678.38,12654.18,14,London,ATM,Credit Card,0,0,TXN_104734,CUST_14734
59,Savings,Deposit,Electronics,11.91,23136.5,23124.59,5,Tokyo,POS Terminal,Credit Card,0,0,TXN_103776,CUST_13776
55,Savings,Withdrawal,Electronics,23.29,5207.82,5184.53,9,Toronto,ATM,Debit Card,0,0,TXN_105569,CUST_15569
31,Savings,Deposit,Groceries,349.94,24725.48,24375.54,13,Mumbai,Web Browser,Credit Card,0,0,TXN_105420,CUST_15420
67,Savings,Payment,Groceries,121.88,7282.86,7160.98,13,London,Mobile App,Debit Card,1,0,TXN_105926,CUST_15926
66,Checking,Transfer,Retail,145.59,24074.97,24079.38,3,New York,Web Browser,Debit Card,0,0,TXN_102189,CUST_12189
65,Savings,Payment,Utilities,60.42,3768.61,3708.19,5,Tokyo,POS Terminal,Credit Card,0,0,TXN_105109,CUST_15109
18,Savings,Withdrawal,Retail,3.58,16790.49,16786.91,14,Berlin,ATM,UPI / Wallet,0,0,TXN_100472,CUST_10472
18,Credit,Withdrawal,Entertainment,84.19,492.14,407.95,7,Tokyo,Web Browser,Wire Transfer,0,0,TXN_106807,CUST_16807
21,Business,Transfer,Electronics,179.19,26829.71,26650.52,5,New York,Mobile App,Debit Card,1,0,TXN_105485,CUST_15485
37,Savings,Deposit,Groceries,28.07,15495.31,15467.24,23,Toronto,ATM,Wire Transfer,0,0,TXN_104042,CUST_14042
55,Credit,Payment,Groceries,319.41,12356.99,12037.58,15,Tokyo,Web Browser,UPI / Wallet,0,0,TXN_101758,CUST_11758
53,Credit,Deposit,Utilities,163.04,5273.16,5110.12,14,London,Web Browser,Debit Card,0,0,TXN_102194,CUST_12194
29,Checking,Withdrawal,Entertainment,104.21,17179.96,17075.75,11,Berlin,Web Browser,UPI / Wallet,0,0,TXN_106683,CUST_16683
18,Checking,Payment,Groceries,75.65,23544.32,23618.67,10,Singapore,ATM,Wire Transfer,1,0,TXN_102192,CUST_12192
25,Checking,Transfer,Groceries,126.23,47.29,0.0,10,Toronto,POS Terminal,Wire Transfer,0,0,TXN_102017,CUST_12017
66,Savings,Payment,Entertainment,13.26,18100.26,18087.0,18,New York,POS Terminal,Debit Card,0,0,TXN_100375,CUST_10375
24,Credit,Transfer,Electronics,95.39,24683.62,24588.23,2,Tokyo,POS Terminal,UPI / Wallet,0,0,TXN_102302,CUST_12302
58,Credit,Payment,Retail,132.33,24689.78,24557.45,6,Singapore,Web Browser,Wire Transfer,0,0,TXN_101356,CUST_11356
33,Business,Transfer,Utilities,18.21,21041.38,21023.17,7,London,Mobile App,Credit Card,0,1,TXN_102891,CUST_12891
21,Credit,Payment,Retail,63.17,3358.1,3294.93,1,New York,Mobile App,Wire Transfer,1,0,TXN_104508,CUST_14508
33,Savings,Withdrawal,Travel,296.82,22114.66,21817.84,2,New York,ATM,UPI / Wallet,1,0,TXN_102602,CUST_12602
58,Credit,Transfer,Groceries,55.98,22967.77,22911.79,9,Singapore,ATM,Wire Transfer,1,0,TXN_100771,CUST_10771
25,Savings,Withdrawal,Travel,328.72,23591.96,23263.24,0,Berlin,Mobile App,Debit Card,0,0,TXN_101127,CUST_11127
21,Checking,Transfer,Electronics,509.28,15657.36,15148.08,11,Toronto,POS Terminal,Wire Transfer,0,0,TXN_106873,CUST_16873
23,Savings,Transfer,Utilities,368.92,21311.69,20942.77,0,Tokyo,ATM,Debit Card,0,0,TXN_105636,CUST_15636
29,Credit,Transfer,Retail,110.35,14849.38,14739.03,13,Berlin,Web Browser,UPI / Wallet,0,0,TXN_102297,CUST_12297
62,Savings,Deposit,Retail,3.23,27097.08,27093.85,10,Mumbai,ATM,Credit Card,0,1,TXN_100055,CUST_10055
20,Checking,Transfer,Electronics,111.34,21178.97,21067.63,17,Mumbai,POS Terminal,Wire Transfer,0,0,TXN_105209,CUST_15209
55,Savings,Deposit,Entertainment,621.85,25245.92,24624.07,5,Berlin,ATM,Wire Transfer,0,1,TXN_106559,CUST_16559
18,Checking,Withdrawal,Groceries,175.94,7340.51,7164.57,11,Singapore,ATM,UPI / Wallet,0,0,TXN_104506,CUST_14506
22,Savings,Transfer,Utilities,35.34,13329.46,13294.12,12,Toronto,Mobile App,Credit Card,0,0,TXN_103033,CUST_13033
46,Savings,Transfer,Entertainment,356.63,22986.12,22629.49,19,New York,Web Browser,Wire Transfer,0,0,TXN_106090,CUST_16090
20,Checking,Transfer,Entertainment,630.26,7139.11,6508.85,20,Tokyo,ATM,Credit Card,0,0,TXN_100219,CUST_10219
21,Business,Withdrawal,Retail,194.9,6690.51,6495.61,17,Toronto,ATM,Debit Card,0,0,TXN_101270,CUST_11270
56,Savings,Withdrawal,Utilities,100.08,18230.73,18130.65,6,Berlin,Mobile App,Debit Card,0,0,TXN_101060,CUST_11060
59,Business,Withdrawal,Groceries,66.0,20206.22,20140.22,23,Tokyo,ATM,Wire Transfer,0,0,TXN_104163,CUST_14163
54,Savings,Withdrawal,Electronics,76.51,25452.3,25375.79,13,London,Web Browser,Debit Card,0,0,TXN_101030,CUST_11030
24,Business,Withdrawal,Travel,5.54,23629.19,23623.65,18,Singapore,POS Terminal,Wire Transfer,1,0,TXN_105618,CUST_15618
18,Savings,Withdrawal,Electronics,78.74,21834.27,21755.53,7,Tokyo,Mobile App,Wire Transfer,0,0,TXN_101265,CUST_11265
19,Checking,Deposit,Groceries,129.99,12619.59,12489.6,11,Mumbai,ATM,Credit Card,0,0,TXN_103564,CUST_13564
47,Savings,Transfer,Utilities,121.49,24911.0,24789.51,2,Toronto,Web Browser,Debit Card,0,0,TXN_106173,CUST_16173
45,Business,Transfer,Retail,283.62,7207.27,6923.65,23,Toronto,ATM,Wire Transfer,0,0,TXN_100960,CUST_10960
31,Checking,Transfer,Travel,506.61,5894.46,5387.85,1,New York,Mobile App,Wire Transfer,0,1,TXN_105756,CUST_15756
68,Checking,Payment,Entertainment,3.42,20200.28,20196.86,23,Toronto,Web Browser,Debit Card,0,0,TXN_102920,CUST_12920
21,Savings,Transfer,Electronics,100.49,7280.99,7180.5,15,London,Web Browser,Credit Card,0,0,TXN_101835,CUST_11835
29,Checking,Transfer,Electronics,8.98,23063.28,23054.3,11,Tokyo,Web Browser,Debit Card,0,0,TXN_101345,CUST_11345
62,Savings,Transfer,Electronics,607.62,23010.46,22402.84,6,Berlin,Mobile App,UPI / Wallet,0,0,TXN_102608,CUST_12608
40,Checking,Deposit,Groceries,187.59,8294.03,8106.44,7,Singapore,ATM,UPI / Wallet,0,0,TXN_103001,CUST_13001
44,Checking,Transfer,Utilities,37.79,21097.28,21059.49,21,Singapore,POS Terminal,Wire Transfer,1,0,TXN_102349,CUST_12349
24,Business,Payment,Entertainment,52.37,21889.98,21837.61,7,Toronto,Web Browser,Credit Card,0,0,TXN_104282,CUST_14282
66,Savings,Transfer,Utilities,815.17,4628.95,3813.78,11,Toronto,Mobile App,Debit Card,1,0,TXN_102635,CUST_12635
57,Savings,Transfer,Electronics,74.69,25450.91,25376.22,7,Tokyo,Web Browser,Debit Card,1,0,TXN_103750,CUST_13750
68,Checking,Withdrawal,Groceries,51.64,13024.61,12972.97,22,Tokyo,Web Browser,Debit Card,0,0,TXN_100633,CUST_10633
18,Savings,Transfer,Entertainment,150.36,24850.78,24700.42,6,Berlin,Web Browser,Credit Card,1,0,TXN_105358,CUST_15358
34,Savings,Withdrawal,Retail,140.04,17004.06,16864.02,0,London,POS Terminal,UPI / Wallet,0,0,TXN_100773,CUST_10773
33,Credit,Transfer,Travel,407.32,6350.31,5942.99,3,Tokyo,Web Browser,Debit Card,0,1,TXN_105753,CUST_15753
64,Checking,Deposit,Groceries,61.87,20022.06,19960.19,13,New York,Mobile App,UPI / Wallet,0,0,TXN_103106,CUST_13106
57,Checking,Withdrawal,Travel,4.74,9348.46,9343.72,4,London,Web Browser,Debit Card,0,0,TXN_102985,CUST_12985
64,Business,Transfer,Groceries,49.57,24267.17,24217.6,17,Tokyo,Mobile App,Debit Card,0,0,TXN_104207,CUST_14207
33,Savings,Deposit,Travel,36.29,16767.99,16731.7,12,Berlin,Web Browser,Debit Card,0,0,TXN_101319,CUST_11319
30,Checking,Payment,Travel,69.49,24164.94,24095.45,9,Berlin,Web Browser,Debit Card,1,0,TXN_100618,CUST_10618
18,Checking,Transfer,Electronics,33.37,24558.5,24525.13,1,Singapore,Web Browser,UPI / Wallet,0,0,TXN_104630,CUST_14630
58,Savings,Withdrawal,Travel,48.05,11791.75,11743.7,19,Toronto,Mobile App,UPI / Wallet,0,0,TXN_106105,CUST_16105
22,Checking,Payment,Entertainment,199.59,24838.79,24639.2,11,Tokyo,Web Browser,Debit Card,0,0,TXN_102792,CUST_12792
18,Credit,Transfer,Retail,321.62,17480.16,17158.54,18,Singapore,Web Browser,Credit Card,0,0,TXN_104252,CUST_14252
73,Savings,Transfer,Travel,517.96,3681.66,3163.7,13,London,ATM,Wire Transfer,0,0,TXN_105586,CUST_15586
18,Savings,Payment,Utilities,290.33,13790.36,13500.03,16,Berlin,Web Browser,Wire Transfer,1,0,TXN_103329,CUST_13329
62,Checking,Payment,Groceries,88.4,14208.17,14119.77,6,Berlin,Web Browser,UPI / Wallet,0,0,TXN_104486,CUST_14486
20,Checking,Transfer,Groceries,148.43,19132.01,18983.58,22,Mumbai,Mobile App,Credit Card,0,0,TXN_100079,CUST_10079
68,Checking,Transfer,Groceries,89.81,3618.84,3529.03,6,New York,ATM,Debit Card,0,0,TXN_102487,CUST_12487
18,Checking,Payment,Travel,284.92,22148.08,21863.16,18,Berlin,ATM,Credit Card,1,0,TXN_101041,CUST_11041
29,Checking,Transfer,Entertainment,56.13,23277.35,23221.22,16,Singapore,ATM,Wire Transfer,0,0,TXN_102805,CUST_12805
29,Business,Withdrawal,Utilities,65.18,13065.39,13000.21,8,Mumbai,ATM,Credit Card,1,0,TXN_102623,CUST_12623
64,Credit,Payment,Retail,208.97,24932.27,24723.3,21,New York,ATM,Wire Transfer,0,1,TXN_103895,CUST_13895
65,Credit,Payment,Retail,122.01,25023.73,24901.72,6,Berlin,Web Browser,Debit Card,0,0,TXN_105476,CUST_15476
55,Credit,Transfer,Entertainment,5.81,7581.46,7575.65,19,Toronto,Web Browser,UPI / Wallet,0,0,TXN_102825,CUST_12825
53,Savings,Transfer,Utilities,38.86,21598.89,21560.03,22,Berlin,Web Browser,Debit Card,0,1,TXN_102777,CUST_12777
69,Checking,Transfer,Entertainment,8.49,26240.88,26232.39,1,Berlin,POS Terminal,UPI / Wallet,0,0,TXN_106275,CUST_16275
18,Savings,Withdrawal,Utilities,191.28,24535.29,24344.01,20,Berlin,ATM,Debit Card,0,0,TXN_103643,CUST_13643
44,Savings,Withdrawal,Retail,200.34,23583.43,23383.09,19,Singapore,POS Terminal,Debit Card,1,1,TXN_104939,CUST_14939
39,Savings,Deposit,Retail,134.98,25279.17,25144.19,7,Mumbai,Mobile App,Wire Transfer,0,0,TXN_101609,CUST_11609
18,Checking,Payment,Travel,15.22,13484.92,13619.7,6,London,Web Browser,Debit Card,0,0,TXN_106563,CUST_16563
71,Checking,Transfer,Travel,152.83,23503.58,23350.75,23,Mumbai,Web Browser,Wire Transfer,0,1,TXN_105903,CUST_15903
18,Business,Payment,Utilities,14.24,15068.6,15054.36,11,Berlin,Web Browser,Wire Transfer,1,0,TXN_103722,CUST_13722
57,Checking,Deposit,Electronics,65.52,27573.39,27507.87,0,Toronto,POS Terminal,UPI / Wallet,0,1,TXN_103402,CUST_13402
55,Checking,Payment,Entertainment,38.82,22494.39,22455.57,5,Mumbai,POS Terminal,UPI / Wallet,0,0,TXN_102621,CUST_12621
72,Savings,Deposit,Utilities,118.45,21996.72,21878.27,7,Mumbai,POS Terminal,UPI / Wallet,0,0,TXN_101210,CUST_11210
67,Savings,Payment,Groceries,537.28,24876.99,24489.71,9,Toronto,Web Browser,Debit Card,1,0,TXN_101669,CUST_11669
18,Savings,Deposit,Entertainment,152.69,6783.51,6630.82,8,Singapore,ATM,UPI / Wallet,0,0,TXN_104831,CUST_14831
63,Checking,Withdrawal,Utilities,29.68,17945.19,18065.51,2,London,POS Terminal,UPI / Wallet,0,0,TXN_102312,CUST_12312
18,Savings,Payment,Groceries,314.35,22357.09,22042.74,20,New York,ATM,UPI / Wallet,0,0,TXN_104732,CUST_14732
18,Savings,Transfer,Groceries,7.65,25180.11,25172.46,14,Tokyo,POS Terminal,UPI / Wallet,0,1,TXN_106002,CUST_16002
25,Savings,Payment,Utilities,184.42,24966.63,24782.21,12,London,ATM,Credit Card,0,0,TXN_102450,CUST_12450
44,Savings,Payment,Groceries,172.63,17412.98,17240.35,18,Tokyo,Web Browser,Wire Transfer,0,0,TXN_100306,CUST_10306
24,Checking,Deposit,Groceries,19.9,23715.73,23695.83,13,Mumbai,Web Browser,Credit Card,1,0,TXN_100028,CUST_10028
24,Savings,Deposit,Groceries,111.83,16765.94,16654.11,4,Toronto,Web Browser,UPI / Wallet,0,0,TXN_104459,CUST_14459
38,Checking,Transfer,Groceries,378.98,17650.68,17271.7,14,Mumbai,ATM,UPI / Wallet,0,0,TXN_105587,CUST_15587
65,Credit,Payment,Retail,112.82,20779.15,20666.33,5,Tokyo,POS Terminal,Wire Transfer,0,0,TXN_103333,CUST_13333
71,Savings,Transfer,Retail,92.56,24288.77,24196.21,19,Toronto,Web Browser,Debit Card,0,0,TXN_100792,CUST_10792
39,Checking,Payment,Entertainment,103.94,19201.17,19097.23,6,New York,POS Terminal,Debit Card,0,0,TXN_105216,CUST_15216
54,Checking,Transfer,Groceries,327.62,18921.35,18593.73,1,Tokyo,POS Terminal,Credit Card,0,0,TXN_102835,CUST_12835
18,Savings,Transfer,Groceries,68.75,24949.45,24880.7,23,Mumbai,Web Browser,Debit Card,0,0,TXN_103272,CUST_13272
18,Savings,Payment,Utilities,83.03,19782.61,19699.58,23,Tokyo,Mobile App,Debit Card,0,0,TXN_104190,CUST_14190
40,Credit,Deposit,Travel,67.86,20801.39,20733.53,22,Singapore,Mobile App,Wire Transfer,0,0,TXN_101304,CUST_11304
57,Checking,Deposit,Electronics,417.53,8607.47,8189.94,23,Berlin,Web Browser,UPI / Wallet,0,0,TXN_105520,CUST_15520
18,Checking,Payment,Retail,41.79,20309.68,20267.89,9,Berlin,POS Terminal,Debit Card,0,0,TXN_103603,CUST_13603
18,Savings,Payment,Groceries,20.66,7959.07,7938.41,4,Berlin,Web Browser,Wire Transfer,0,0,TXN_106485,CUST_16485
57,Checking,Deposit,Utilities,23.15,9201.89,9178.74,4,New York,POS Terminal,Credit Card,0,0,TXN_106232,CUST_16232
73,Business,Deposit,Travel,163.99,5785.27,5621.28,9,Tokyo,Web Browser,Wire Transfer,0,1,TXN_103757,CUST_13757
58,Savings,Transfer,Travel,77.56,22688.88,22611.32,12,Singapore,Mobile App,Wire Transfer,0,0,TXN_102646,CUST_12646
23,Checking,Payment,Groceries,20.92,21466.23,21445.31,20,Singapore,POS Terminal,Debit Card,0,0,TXN_103075,CUST_13075
55,Checking,Deposit,Electronics,77.37,13964.25,13886.88,0,Berlin,Web Browser,Debit Card,0,0,TXN_105695,CUST_15695
56,Checking,Withdrawal,Electronics,134.32,22982.57,22848.25,10,London,Web Browser,Debit Card,0,0,TXN_100262,CUST_10262
21,Checking,Deposit,Travel,123.16,7257.02,7133.86,15,Toronto,Mobile App,UPI / Wallet,0,0,TXN_102498,CUST_12498
71,Checking,Payment,Travel,92.84,15620.18,15527.34,18,Mumbai,Web Browser,UPI / Wallet,0,0,TXN_101226,CUST_11226
40,Savings,Withdrawal,Utilities,41.44,6440.38,6398.94,2,Mumbai,Mobile App,Credit Card,0,0,TXN_100698,CUST_10698
65,Savings,Withdrawal,Groceries,199.17,23314.15,23114.98,9,Tokyo,ATM,Credit Card,0,0,TXN_106880,CUST_16880
18,Savings,Payment,Groceries,168.07,1762.78,1594.71,10,Mumbai,Mobile App,Debit Card,0,0,TXN_106154,CUST_16154
18,Savings,Payment,Retail,68.46,21286.54,21368.08,16,Berlin,Web Browser,Wire Transfer,1,0,TXN_105947,CUST_15947
24,Savings,Transfer,Retail,133.11,22735.61,22602.5,9,Berlin,Web Browser,UPI / Wallet,1,0,TXN_105585,CUST_15585
66,Checking,Deposit,Entertainment,33.18,24094.15,24060.97,3,Berlin,Web Browser,Wire Transfer,0,1,TXN_103761,CUST_13761
42,Business,Transfer,Travel,27.29,11856.86,11829.57,10,New York,Mobile App,UPI / Wallet,1,0,TXN_101885,CUST_11885
34,Credit,Transfer,Entertainment,143.46,22321.07,22177.61,3,Berlin,ATM,UPI / Wallet,1,0,TXN_100655,CUST_10655
42,Business,Transfer,Travel,27.29,11856.86,11829.57,10,New York,Mobile App,UPI / Wallet,1,0,TXN_101885,CUST_11885
59,Checking,Transfer,Travel,7.01,14270.51,14263.5,16,London,Web Browser,UPI / Wallet,0,0,TXN_104487,CUST_14487
69,Savings,Payment,Travel,9.41,16260.08,16250.67,6,Toronto,Mobile App,UPI / Wallet,0,0,TXN_100943,CUST_10943
41,Credit,Transfer,Retail,58.47,4712.16,4653.69,15,Toronto,ATM,Credit Card,0,0,TXN_101794,CUST_11794
18,Checking,Withdrawal,Electronics,22.97,25938.92,26065.95,16,Singapore,Mobile App,Credit Card,0,0,TXN_105010,CUST_15010
40,Savings,Transfer,Retail,243.91,14745.05,14501.14,18,New York,Mobile App,Credit Card,0,0,TXN_106490,CUST_16490
18,Checking,Payment,Groceries,175.3,20941.76,20766.46,7,Berlin,POS Terminal,Credit Card,0,0,TXN_105708,CUST_15708
27,Checking,Withdrawal,Entertainment,29.52,24215.75,24186.23,22,New York,ATM,UPI / Wallet,0,0,TXN_101188,CUST_11188
36,Savings,Deposit,Electronics,30.33,22912.44,22882.11,11,Toronto,Web Browser,UPI / Wallet,0,0,TXN_101542,CUST_11542
18,Savings,Payment,Entertainment,58.88,19625.85,19566.97,13,Singapore,Web Browser,Debit Card,0,0,TXN_102202,CUST_12202
29,Checking,Transfer,Utilities,1.14,2809.14,2808.0,12,Berlin,Mobile App,Debit Card,0,0,TXN_106615,CUST_16615
60,Savings,Payment,Electronics,13.3,21438.29,21424.99,12,Berlin,POS Terminal,Debit Card,0,0,TXN_102272,CUST_12272
49,Savings,Payment,Travel,79.23,26836.75,26757.52,12,Mumbai,POS Terminal,Debit Card,0,0,TXN_102354,CUST_12354
68,Savings,Transfer,Entertainment,526.26,5022.99,4496.73,7,Toronto,ATM,UPI / Wallet,0,0,TXN_103155,CUST_13155
59,Checking,Deposit,Groceries,4.35,22632.9,22628.55,23,Berlin,POS Terminal,Wire Transfer,0,0,TXN_102738,CUST_12738
54,Savings,Withdrawal,Entertainment,76.77,12241.91,12165.14,15,Mumbai,ATM,Wire Transfer,0,0,TXN_106671,CUST_16671
65,Checking,Transfer,Retail,279.01,19287.23,19008.22,12,Mumbai,Mobile App,Debit Card,0,0,TXN_101169,CUST_11169
25,Credit,Payment,Electronics,81.49,11056.71,10975.22,1,Singapore,Mobile App,Debit Card,0,0,TXN_105957,CUST_15957
68,Credit,Payment,Groceries,79.96,10308.26,10228.3,23,Mumbai,Web Browser,UPI / Wallet,0,0,TXN_104186,CUST_14186
60,Checking,Payment,Electronics,344.35,2127.62,1783.27,9,Mumbai,Mobile App,Wire Transfer,1,0,TXN_104366,CUST_14366
64,Checking,Deposit,Entertainment,58.22,24675.4,24617.18,8,Berlin,Web Browser,Credit Card,0,0,TXN_104585,CUST_14585
18,Checking,Transfer,Travel,154.56,25555.57,25401.01,1,Tokyo,POS Terminal,Debit Card,0,0,TXN_103248,CUST_13248
61,Checking,Deposit,Groceries,46.89,25854.32,25807.43,20,Mumbai,Web Browser,UPI / Wallet,0,0,TXN_106713,CUST_16713
25,Checking,Deposit,Electronics,208.66,25847.43,25638.77,13,Singapore,ATM,UPI / Wallet,0,0,TXN_100713,CUST_10713
24,Credit,Withdrawal,Groceries,203.83,19659.88,19456.05,5,New York,Mobile App,UPI / Wallet,0,0,TXN_106844,CUST_16844
63,Savings,Deposit,Travel,89.54,17351.73,17262.19,21,Berlin,Web Browser,UPI / Wallet,0,0,TXN_103474,CUST_13474
63,Checking,Deposit,Travel,581.59,3273.55,2691.96,11,Toronto,ATM,UPI / Wallet,0,0,TXN_104712,CUST_14712
28,Savings,Payment,Entertainment,44.78,2883.29,2838.51,23,London,Mobile App,Debit Card,0,0,TXN_105754,CUST_15754
28,Credit,Withdrawal,Retail,22.34,21752.3,21729.96,0,New York,Web Browser,Debit Card,0,0,TXN_103580,CUST_13580
18,Checking,Transfer,Retail,100.8,26787.9,26687.1,9,Tokyo,ATM,Debit Card,0,0,TXN_100222,CUST_10222
40,Checking,Withdrawal,Retail,25.33,14936.53,14911.2,16,Berlin,POS Terminal,Credit Card,0,0,TXN_105202,CUST_15202
40,Checking,Withdrawal,Retail,3.21,8527.56,8524.35,15,Singapore,Web Browser,Debit Card,0,0,TXN_100514,CUST_10514
37,Savings,Withdrawal,Entertainment,269.68,24638.56,24368.88,20,New York,POS Terminal,Debit Card,1,0,TXN_105449,CUST_15449
61,Checking,Deposit,Retail,288.4,19109.38,18820.98,10,Toronto,Mobile App,Wire Transfer,0,0,TXN_106347,CUST_16347
33,Checking,Payment,Utilities,164.99,24123.71,23958.72,3,New York,Mobile App,Debit Card,0,0,TXN_105382,CUST_15382
25,Checking,Transfer,Utilities,39.0,17484.69,17445.69,15,Berlin,Mobile App,Wire Transfer,0,1,TXN_106062,CUST_16062
75,Savings,Withdrawal,Utilities,482.93,9594.78,9111.85,3,New York,Mobile App,Credit Card,0,0,TXN_105508,CUST_15508
62,Checking,Payment,Entertainment,38.61,11871.77,11833.16,14,Singapore,Web Browser,Credit Card,0,0,TXN_104427,CUST_14427
18,Business,Payment,Utilities,436.3,23312.58,22876.28,18,Tokyo,ATM,Wire Transfer,0,0,TXN_105576,CUST_15576
34,Savings,Transfer,Groceries,26.09,19049.8,19023.71,2,Toronto,POS Terminal,Debit Card,0,0,TXN_106478,CUST_16478
71,Savings,Transfer,Electronics,17.73,26517.6,26499.87,8,Tokyo,Mobile App,UPI / Wallet,0,0,TXN_105023,CUST_15023
59,Savings,Payment,Entertainment,186.16,15489.36,15303.2,21,Tokyo,Mobile App,Debit Card,0,0,TXN_100993,CUST_10993
37,Credit,Transfer,Retail,150.31,21431.81,21281.5,10,Mumbai,Web Browser,Credit Card,0,0,TXN_106899,CUST_16899
63,Savings,Deposit,Retail,77.67,24587.01,24509.34,20,Tokyo,Web Browser,Wire Transfer,0,0,TXN_103736,CUST_13736
18,Checking,Withdrawal,Electronics,29.59,26872.98,26843.39,10,Tokyo,Mobile App,UPI / Wallet,0,0,TXN_100460,CUST_10460
33,Savings,Payment,Travel,31.25,21861.61,21830.36,20,Mumbai,POS Terminal,Debit Card,0,0,TXN_102569,CUST_12569
18,Savings,Transfer,Entertainment,106.58,16455.78,16349.2,0,Berlin,Mobile App,Debit Card,0,0,TXN_106103,CUST_16103
21,Savings,Payment,Groceries,89.73,21805.84,21716.11,8,Tokyo,POS Terminal,UPI / Wallet,1,0,TXN_105837,CUST_15837
63,Savings,Withdrawal,Utilities,83.08,13722.25,13639.17,9,New York,POS Terminal,Wire Transfer,0,0,TXN_105229,CUST_15229
26,Savings,Payment,Groceries,170.1,6988.14,6818.04,0,Toronto,Mobile App,Debit Card,0,0,TXN_103654,CUST_13654
62,Savings,Payment,Groceries,71.8,7080.95,7009.15,12,New York,POS Terminal,Debit Card,0,0,TXN_103336,CUST_13336
77,Savings,Transfer,Groceries,155.98,2006.96,1850.98,8,Tokyo,Mobile App,Debit Card,0,0,TXN_101417,CUST_11417
22,Savings,Payment,Entertainment,616.58,27871.79,27255.21,6,Mumbai,Web Browser,UPI / Wallet,0,1,TXN_105222,CUST_15222
43,Business,Transfer,Travel,25.3,20777.31,20752.01,12,Berlin,Web Browser,UPI / Wallet,0,0,TXN_101880,CUST_11880
31,Savings,Transfer,Entertainment,387.41,22215.69,21828.28,18,London,Mobile App,Wire Transfer,0,0,TXN_103099,CUST_13099
35,Savings,Payment,Travel,329.7,14018.64,13688.94,21,Berlin,Mobile App,UPI / Wallet,0,0,TXN_102762,CUST_12762
59,Checking,Withdrawal,Retail,221.78,23193.99,22972.21,1,New York,Web Browser,UPI / Wallet,0,1,TXN_102174,CUST_12174
74,Savings,Withdrawal,Retail,86.92,22452.03,22365.11,10,Singapore,ATM,Wire Transfer,0,0,TXN_102057,CUST_12057
46,Credit,Transfer,Groceries,23.86,9643.45,9619.59,20,Tokyo,ATM,UPI / Wallet,0,0,TXN_105134,CUST_15134
60,Savings,Payment,Groceries,188.01,20537.5,20349.49,7,Singapore,Web Browser,Debit Card,0,0,TXN_101957,CUST_11957
20,Checking,Transfer,Groceries,233.86,18419.98,18336.12,11,New York,ATM,UPI / Wallet,0,0,TXN_103236,CUST_13236
21,Savings,Payment,Entertainment,293.08,21019.78,20726.7,11,Berlin,Web Browser,UPI / Wallet,0,0,TXN_101912,CUST_11912
75,Savings,Payment,Travel,20.77,18650.37,18629.6,5,New York,Mobile App,Credit Card,0,0,TXN_102439,CUST_12439
55,Savings,Withdrawal,Entertainment,82.31,10797.11,10714.8,17,Mumbai,Mobile App,Debit Card,0,1,TXN_102026,CUST_12026
62,Savings,Transfer,Utilities,3.22,23580.51,23577.29,16,Mumbai,Mobile App,Credit Card,1,0,TXN_104476,CUST_14476
18,Checking,Payment,Travel,284.92,22148.08,21863.16,18,Berlin,ATM,Credit Card,1,0,TXN_101041,CUST_11041
60,Business,Transfer,Utilities,308.58,9528.58,9220.0,12,Tokyo,POS Terminal,Debit Card,1,1,TXN_104162,CUST_14162
18,Savings,Transfer,Retail,28.66,9827.42,9798.76,9,Tokyo,Mobile App,UPI / Wallet,0,0,TXN_106943,CUST_16943
18,Checking,Payment,Utilities,29.09,20652.82,20773.73,13,Singapore,Mobile App,Debit Card,0,0,TXN_103542,CUST_13542
51,Checking,Deposit,Utilities,62.4,4282.75,4220.35,19,Mumbai,Mobile App,UPI / Wallet,0,0,TXN_105545,CUST_15545
18,Checking,Transfer,Groceries,8.55,10453.52,10444.97,8,Berlin,POS Terminal,Wire Transfer,0,0,TXN_104638,CUST_14638
69,Savings,Payment,Retail,165.9,17105.79,16939.89,0,Toronto,POS Terminal,Credit Card,0,0,TXN_105439,CUST_15439
67,Credit,Deposit,Groceries,82.73,4839.95,4757.22,12,Tokyo,Web Browser,Wire Transfer,0,0,TXN_105022,CUST_15022
18,Savings,Withdrawal,Electronics,140.97,13387.2,13246.23,9,Tokyo,Mobile App,Debit Card,0,0,TXN_101842,CUST_11842
37,Business,Withdrawal,Electronics,11.82,19170.57,19158.75,17,Singapore,ATM,UPI / Wallet,0,0,TXN_102119,CUST_12119
18,Savings,Transfer,Retail,92.85,19623.79,19530.94,10,New York,Mobile App,UPI / Wallet,0,0,TXN_103351,CUST_13351
67,Checking,Payment,Utilities,80.02,21553.22,21473.2,2,Toronto,Web Browser,Credit Card,0,0,TXN_105464,CUST_15464
34,Business,Transfer,Travel,34.97,17293.66,17258.69,10,Singapore,Web Browser,UPI / Wallet,0,0,TXN_103828,CUST_13828
24,Savings,Deposit,Utilities,247.33,27091.65,26844.32,7,Tokyo,ATM,UPI / Wallet,0,0,TXN_102723,CUST_12723
56,Checking,Transfer,Utilities,121.42,25014.62,24893.2,2,Tokyo,ATM,Debit Card,0,0,TXN_101017,CUST_11017
34,Savings,Transfer,Groceries,67.91,19080.18,19012.27,23,Toronto,Web Browser,Credit Card,0,0,TXN_104625,CUST_14625
18,Savings,Payment,Groceries,80.66,14943.45,14862.79,22,Tokyo,ATM,Debit Card,0,0,TXN_101219,CUST_11219
66,Savings,Deposit,Entertainment,89.05,2437.1,2348.05,18,Berlin,Web Browser,Credit Card,0,0,TXN_104135,CUST_14135
33,Credit,Transfer,Utilities,25.04,25208.09,25183.05,16,New York,Mobile App,Debit Card,0,0,TXN_101851,CUST_11851
18,Checking,Payment,Electronics,170.81,21525.33,21354.52,18,Singapore,POS Terminal,Wire Transfer,1,0,TXN_100651,CUST_10651
48,Checking,Transfer,Utilities,494.71,11620.23,11125.52,7,Tokyo,Web Browser,UPI / Wallet,0,0,TXN_102613,CUST_12613
67,Checking,Payment,Utilities,80.02,21553.22,21473.2,2,Toronto,Web Browser,Credit Card,0,0,TXN_105464,CUST_15464
41,Business,Withdrawal,Entertainment,227.72,21805.96,21578.24,6,Singapore,POS Terminal,UPI / Wallet,0,0,TXN_106417,CUST_16417
66,Savings,Deposit,Entertainment,89.05,2437.1,2348.05,18,Berlin,Web Browser,Credit Card,0,0,TXN_104135,CUST_14135
59,Credit,Transfer,Electronics,148.65,17943.56,17794.91,2,Mumbai,Web Browser,UPI / Wallet,0,0,TXN_101354,CUST_11354
61,Savings,Payment,Utilities,499.88,21660.28,21160.4,7,Mumbai,Web Browser,Wire Transfer,0,0,TXN_104122,CUST_14122
31,Savings,Payment,Travel,109.88,24567.17,24457.29,23,Mumbai,Mobile App,UPI / Wallet,1,0,TXN_100413,CUST_10413
46,Checking,Transfer,Retail,11.54,18918.41,18906.87,6,Berlin,ATM,Credit Card,0,0,TXN_105611,CUST_15611
63,Savings,Payment,Travel,0.71,23937.77,23937.06,11,London,ATM,Wire Transfer,0,0,TXN_103715,CUST_13715
18,Savings,Payment,Retail,20.79,13230.19,13209.4,13,Singapore,Web Browser,Debit Card,0,1,TXN_104672,CUST_14672
21,Savings,Transfer,Electronics,33.82,12483.88,12600.06,8,Tokyo,Web Browser,Debit Card,0,1,TXN_106242,CUST_16242
25,Business,Withdrawal,Electronics,59.5,4080.2,4020.7,9,Mumbai,Web Browser,Debit Card,0,0,TXN_101635,CUST_11635
58,Savings,Transfer,Utilities,601.78,26699.47,26247.69,17,Toronto,POS Terminal,Wire Transfer,0,0,TXN_102889,CUST_12889
67,Savings,Transfer,Electronics,408.82,6254.88,5846.06,13,Toronto,ATM,Debit Card,0,0,TXN_105919,CUST_15919
58,Checking,Withdrawal,Electronics,49.8,1015.44,965.64,7,Toronto,Mobile App,UPI / Wallet,0,0,TXN_103146,CUST_13146
19,Savings,Payment,Travel,553.43,17462.93,16909.5,0,Mumbai,Mobile App,Debit Card,0,0,TXN_105551,CUST_15551
59,Savings,Transfer,Electronics,65.88,25362.3,25296.42,12,Singapore,Web Browser,Debit Card,0,0,TXN_100326,CUST_10326
77,Savings,Payment,Retail,31.74,20708.59,20676.85,5,New York,POS Terminal,Wire Transfer,0,0,TXN_100432,CUST_10432
60,Savings,Withdrawal,Retail,50.1,3719.17,3669.07,13,Singapore,Web Browser,Debit Card,0,0,TXN_100082,CUST_10082
18,Savings,Deposit,Travel,208.75,26565.46,26356.71,19,London,Mobile App,UPI / Wallet,0,0,TXN_104237,CUST_14237
34,Savings,Payment,Utilities,37.11,15377.45,15340.34,10,Mumbai,Web Browser,Credit Card,0,0,TXN_105653,CUST_15653
41,Checking,Transfer,Travel,15.03,21488.0,21472.97,7,Singapore,Web Browser,UPI / Wallet,1,0,TXN_101798,CUST_11798
59,Checking,Transfer,Utilities,154.03,23771.39,23617.36,23,Tokyo,ATM,Wire Transfer,0,0,TXN_106914,CUST_16914
20,Savings,Transfer,Entertainment,27.45,22929.38,22901.93,4,Tokyo,Web Browser,UPI / Wallet,0,0,TXN_103517,CUST_13517
65,Credit,Payment,Travel,251.0,25486.76,25235.76,21,Mumbai,Web Browser,Credit Card,0,0,TXN_104484,CUST_14484
66,Savings,Payment,Entertainment,13.26,18100.26,18087.0,18,New York,POS Terminal,Debit Card,0,0,TXN_100375,CUST_10375
22,Savings,Transfer,Entertainment,147.67,3384.94,3237.27,5,Mumbai,ATM,Credit Card,0,0,TXN_100712,CUST_10712
78,Checking,Transfer,Utilities,4.08,18551.24,18547.16,3,Mumbai,Web Browser,Debit Card,0,0,TXN_105547,CUST_15547
56,Checking,Transfer,Groceries,74.22,26373.33,26299.11,23,Berlin,Mobile App,Credit Card,0,1,TXN_104015,CUST_14015
29,Savings,Transfer,Entertainment,174.66,24198.97,24174.31,4,Berlin,ATM,Wire Transfer,0,0,TXN_106802,CUST_16802
18,Savings,Withdrawal,Groceries,101.32,13283.4,13182.08,6,Tokyo,Mobile App,UPI / Wallet,1,0,TXN_102169,CUST_12169
40,Savings,Payment,Utilities,226.87,3716.21,3489.34,9,London,Web Browser,Debit Card,0,1,TXN_104175,CUST_14175
18,Checking,Transfer,Entertainment,229.34,12676.69,12447.35,23,Singapore,Web Browser,UPI / Wallet,0,0,TXN_106298,CUST_16298
18,Business,Transfer,Retail,62.5,20708.99,20646.49,17,Tokyo,Web Browser,Debit Card,0,0,TXN_100341,CUST_10341
18,Credit,Transfer,Retail,101.75,7325.23,7223.48,22,London,POS Terminal,Wire Transfer,0,0,TXN_106753,CUST_16753
49,Business,Withdrawal,Groceries,96.51,26473.7,26377.19,21,New York,ATM,Debit Card,0,0,TXN_103266,CUST_13266
22,Savings,Payment,Travel,288.13,23862.68,23574.55,4,London,POS Terminal,Debit Card,0,0,TXN_100730,CUST_10730
18,Savings,Transfer,Travel,69.14,26031.05,25961.91,8,Berlin,Web Browser,Wire Transfer,0,0,TXN_100759,CUST_10759
18,Checking,Payment,Groceries,632.25,22845.21,22212.96,11,Tokyo,ATM,Debit Card,0,0,TXN_105490,CUST_15490
50,Savings,Transfer,Utilities,170.05,7092.72,6922.67,19,Singapore,POS Terminal,Wire Transfer,0,0,TXN_102260,CUST_12260
18,Checking,Payment,Entertainment,155.73,2671.41,2665.68,14,New York,POS Terminal,Wire Transfer,0,1,TXN_102300,CUST_12300
43,Credit,Withdrawal,Groceries,209.7,21360.18,21150.48,10,Berlin,POS Terminal,UPI / Wallet,1,1,TXN_103323,CUST_13323
22,Checking,Withdrawal,Utilities,85.68,14830.21,14744.53,13,London,Mobile App,UPI / Wallet,0,0,TXN_100277,CUST_10277
32,Savings,Payment,Travel,110.59,10599.4,10488.81,20,Mumbai,Mobile App,Credit Card,0,0,TXN_103004,CUST_13004
19,Checking,Transfer,Utilities,212.76,24406.37,24193.61,4,London,Mobile App,UPI / Wallet,0,0,TXN_104475,CUST_14475
57,Checking,Withdrawal,Travel,12.92,25895.81,25882.89,10,Mumbai,Mobile App,Wire Transfer,1,0,TXN_101785,CUST_11785
67,Checking,Payment,Retail,40.71,21999.3,21958.59,16,Tokyo,Mobile App,Debit Card,0,0,TXN_106145,CUST_16145
57,Savings,Transfer,Utilities,640.1,22575.47,21935.37,9,Berlin,POS Terminal,Debit Card,0,1,TXN_100671,CUST_10671
31,Business,Payment,Travel,158.09,25254.81,25096.72,13,Berlin,Mobile App,Wire Transfer,0,0,TXN_104389,CUST_14389
24,Checking,Transfer,Utilities,152.52,21738.0,21585.48,22,Berlin,Web Browser,UPI / Wallet,0,0,TXN_105402,CUST_15402
29,Savings,Payment,Entertainment,46.7,9520.61,9473.91,12,New York,ATM,Debit Card,0,0,TXN_103171,CUST_13171
66,Credit,Deposit,Entertainment,851.9,25292.08,24440.18,4,Mumbai,POS Terminal,Credit Card,0,0,TXN_102963,CUST_12963
62,Savings,Payment,Retail,151.29,10778.72,10627.43,8,Tokyo,Web Browser,Wire Transfer,0,0,TXN_104065,CUST_14065
61,Checking,Withdrawal,Electronics,219.61,22023.12,21953.51,13,Berlin,ATM,Debit Card,1,1,TXN_105701,CUST_15701
23,Savings,Transfer,Travel,85.73,25412.94,25327.21,10,London,Mobile App,Wire Transfer,0,0,TXN_104351,CUST_14351
39,Checking,Payment,Groceries,42.17,16844.37,16802.2,5,New York,Mobile App,Wire Transfer,0,0,TXN_101282,CUST_11282
71,Checking,Deposit,Utilities,347.36,19783.5,19436.14,0,Tokyo,Web Browser,Debit Card,0,0,TXN_103438,CUST_13438
18,Savings,Withdrawal,Utilities,447.9,8869.54,8421.64,14,Toronto,Mobile App,Credit Card,0,0,TXN_101122,CUST_11122
22,Credit,Withdrawal,Retail,78.43,16617.23,16538.8,0,New York,ATM,Debit Card,0,0,TXN_103553,CUST_13553
18,Credit,Deposit,Retail,692.59,13779.04,13086.45,9,Tokyo,Mobile App,Credit Card,0,0,TXN_106729,CUST_16729
40,Savings,Deposit,Groceries,100.53,8808.58,8708.05,17,Tokyo,Mobile App,Debit Card,1,0,TXN_105483,CUST_15483
46,Savings,Payment,Entertainment,161.99,24590.25,24428.26,0,Berlin,Mobile App,Debit Card,0,0,TXN_103531,CUST_13531
63,Business,Withdrawal,Groceries,318.67,26651.2,26332.53,6,Tokyo,Web Browser,Credit Card,0,0,TXN_102455,CUST_12455
25,Savings,Withdrawal,Retail,30.06,20160.23,20130.17,18,Toronto,ATM,Debit Card,0,0,TXN_100540,CUST_10540
18,Credit,Transfer,Utilities,168.61,17964.85,17796.24,16,Tokyo,POS Terminal,Credit Card,0,0,TXN_104798,CUST_14798
65,Savings,Withdrawal,Travel,579.19,10763.04,10183.85,15,Singapore,ATM,Debit Card,1,0,TXN_100012,CUST_10012
25,Checking,Transfer,Groceries,29.71,24304.41,24274.7,6,Tokyo,Mobile App,UPI / Wallet,0,0,TXN_103985,CUST_13985
53,Business,Transfer,Travel,13.8,18243.01,18229.21,3,Mumbai,Web Browser,UPI / Wallet,0,0,TXN_103683,CUST_13683
34,Checking,Payment,Entertainment,719.42,23718.34,22998.92,10,Tokyo,Web Browser,Credit Card,0,0,TXN_102013,CUST_12013
18,Checking,Withdrawal,Groceries,3.6,22546.51,22542.91,7,London,Mobile App,Debit Card,0,0,TXN_102050,CUST_12050
37,Credit,Transfer,Groceries,593.73,25145.66,24551.93,9,Tokyo,ATM,Wire Transfer,0,0,TXN_101564,CUST_11564
18,Savings,Withdrawal,Entertainment,15.81,15828.97,15813.16,12,Mumbai,Web Browser,Debit Card,1,0,TXN_101941,CUST_11941
72,Business,Payment,Travel,26.83,12414.6,12387.77,17,Mumbai,Mobile App,UPI / Wallet,0,0,TXN_101090,CUST_11090
64,Checking,Deposit,Entertainment,58.22,24675.4,24617.18,8,Berlin,Web Browser,Credit Card,0,0,TXN_104585,CUST_14585
27,Credit,Deposit,Entertainment,37.74,18696.18,18658.44,13,Mumbai,ATM,Debit Card,0,0,TXN_100058,CUST_10058
69,Savings,Payment,Entertainment,49.02,13425.25,13526.23,16,Tokyo,Web Browser,Debit Card,1,0,TXN_103735,CUST_13735
18,Savings,Transfer,Retail,607.1,5749.6,5142.5,2,Tokyo,ATM,Debit Card,0,0,TXN_100311,CUST_10311
77,Savings,Transfer,Groceries,155.98,2006.96,1850.98,8,Tokyo,Mobile App,Debit Card,0,0,TXN_101417,CUST_11417
29,Checking,Payment,Travel,211.08,5088.96,4877.88,9,Mumbai,Web Browser,Debit Card,0,0,TXN_100160,CUST_10160
65,Savings,Transfer,Travel,37.33,1460.71,1423.38,18,Tokyo,Web Browser,Debit Card,0,0,TXN_105151,CUST_15151
55,Savings,Transfer,Retail,661.55,17279.56,16618.01,17,Toronto,ATM,Debit Card,0,0,TXN_106652,CUST_16652
26,Credit,Transfer,Entertainment,111.56,19951.08,19839.52,13,New York,ATM,Credit Card,0,0,TXN_106355,CUST_16355
63,Savings,Deposit,Travel,89.54,17351.73,17262.19,21,Berlin,Web Browser,UPI / Wallet,0,0,TXN_103474,CUST_13474
60,Credit,Transfer,Retail,31.84,25289.72,25257.88,5,London,Mobile App,UPI / Wallet,0,0,TXN_102672,CUST_12672
24,Credit,Payment,Travel,336.94,928.49,591.55,21,Singapore,POS Terminal,Debit Card,0,0,TXN_106383,CUST_16383
49,Business,Withdrawal,Electronics,169.91,16363.73,16193.82,8,Berlin,Web Browser,Debit Card,0,0,TXN_104701,CUST_14701
18,Credit,Transfer,Retail,101.75,7325.23,7223.48,22,London,POS Terminal,Wire Transfer,0,0,TXN_106753,CUST_16753
44,Credit,Transfer,Entertainment,114.95,22313.39,22198.44,7,Berlin,Web Browser,Debit Card,0,0,TXN_106205,CUST_16205
52,Checking,Payment,Retail,75.9,27246.83,27170.93,9,London,Web Browser,Debit Card,0,0,TXN_106921,CUST_16921
53,Savings,Payment,Travel,242.45,27512.54,27270.09,5,Singapore,Web Browser,UPI / Wallet,0,0,TXN_102772,CUST_12772
32,Checking,Withdrawal,Entertainment,188.07,21277.87,21089.8,23,New York,Mobile App,Debit Card,0,0,TXN_106017,CUST_16017
46,Business,Transfer,Groceries,21.54,10323.09,10301.55,22,Mumbai,Mobile App,Wire Transfer,0,0,TXN_105941,CUST_15941
61,Checking,Withdrawal,Travel,448.06,5843.97,5395.91,9,Mumbai,Mobile App,Wire Transfer,0,0,TXN_105188,CUST_15188
18,Savings,Payment,Retail,124.15,16490.47,16366.32,4,Mumbai,Web Browser,UPI / Wallet,1,0,TXN_103427,CUST_13427
18,Credit,Withdrawal,Entertainment,332.52,26339.6,26007.08,0,London,Mobile App,Wire Transfer,0,0,TXN_101185,CUST_11185
68,Savings,Transfer,Groceries,59.53,5432.75,5373.22,10,Mumbai,Web Browser,Debit Card,0,0,TXN_105967,CUST_15967
35,Credit,Withdrawal,Entertainment,186.38,21880.86,21844.48,8,Toronto,Mobile App,Debit Card,0,0,TXN_103311,CUST_13311
64,Credit,Transfer,Electronics,480.22,27319.3,26839.08,2,Berlin,POS Terminal,Wire Transfer,1,0,TXN_101702,CUST_11702
63,Savings,Deposit,Retail,385.72,6829.83,6444.11,7,Mumbai,Mobile App,Credit Card,1,0,TXN_103183,CUST_13183
66,Credit,Payment,Travel,62.62,6454.82,6392.2,21,Berlin,ATM,Wire Transfer,1,0,TXN_106511,CUST_16511
36,Savings,Payment,Retail,348.94,23697.76,23348.82,7,Mumbai,Web Browser,Debit Card,0,0,TXN_103714,CUST_13714
36,Savings,Transfer,Groceries,140.14,16483.02,16342.88,14,Berlin,ATM,Wire Transfer,0,0,TXN_102858,CUST_12858
55,Checking,Transfer,Utilities,44.23,26008.5,25964.27,21,Berlin,ATM,UPI / Wallet,0,0,TXN_102056,CUST_12056
44,Savings,Withdrawal,Retail,28.71,11435.33,11406.62,10,Mumbai,Web Browser,Debit Card,0,0,TXN_105798,CUST_15798
58,Savings,Withdrawal,Travel,48.05,11791.75,11743.7,19,Toronto,Mobile App,UPI / Wallet,0,0,TXN_106105,CUST_16105
40,Checking,Withdrawal,Electronics,139.82,13643.56,13503.74,8,Mumbai,ATM,Wire Transfer,0,0,TXN_102828,CUST_12828
67,Checking,Payment,Electronics,204.45,19917.66,19713.21,4,New York,Web Browser,UPI / Wallet,0,0,TXN_100964,CUST_10964
68,Savings,Deposit,Utilities,112.64,24921.58,24808.94,13,Mumbai,Web Browser,Credit Card,1,0,TXN_101441,CUST_11441
29,Savings,Withdrawal,Groceries,156.94,23524.21,23367.27,11,Toronto,Mobile App,UPI / Wallet,1,0,TXN_103998,CUST_13998
18,Checking,Transfer,Retail,149.34,23523.04,23373.7,11,London,ATM,UPI / Wallet,0,0,TXN_104791,CUST_14791
60,Credit,Transfer,Groceries,26.72,20553.09,20526.37,9,Toronto,Mobile App,Debit Card,0,0,TXN_104953,CUST_14953
26,Checking,Transfer,Entertainment,11.67,3908.34,3896.67,7,Mumbai,Web Browser,Credit Card,0,0,TXN_100374,CUST_10374
24,Savings,Deposit,Utilities,247.33,27091.65,26844.32,7,Tokyo,ATM,UPI / Wallet,0,0,TXN_102723,CUST_12723
37,Savings,Payment,Electronics,2.86,16148.91,16146.05,10,New York,ATM,UPI / Wallet,0,0,TXN_104577,CUST_14577
28,Business,Payment,Entertainment,176.36,13884.01,13707.65,21,Toronto,Mobile App,Debit Card,1,0,TXN_102252,CUST_12252
53,Savings,Transfer,Groceries,137.27,10671.02,10533.75,19,Toronto,POS Terminal,Credit Card,0,0,TXN_106028,CUST_16028
75,Credit,Deposit,Utilities,875.33,4007.2,3131.87,11,Toronto,Mobile App,Credit Card,0,0,TXN_102803,CUST_12803
62,Savings,Transfer,Groceries,166.04,10849.45,10683.41,20,Tokyo,ATM,Wire Transfer,1,0,TXN_100740,CUST_10740
57,Checking,Withdrawal,Retail,58.52,23832.26,23773.74,23,New York,Mobile App,Wire Transfer,0,0,TXN_105135,CUST_15135
23,Credit,Transfer,Retail,51.42,20189.52,20138.1,12,Berlin,Web Browser,Debit Card,0,0,TXN_102036,CUST_12036
58,Checking,Withdrawal,Electronics,49.8,1015.44,965.64,7,Toronto,Mobile App,UPI / Wallet,0,0,TXN_103146,CUST_13146
55,Savings,Payment,Electronics,323.98,15316.12,14992.14,0,Singapore,Web Browser,Credit Card,0,0,TXN_103413,CUST_13413
23,Business,Withdrawal,Groceries,157.52,3324.73,3167.21,21,Berlin,Web Browser,Debit Card,0,0,TXN_103520,CUST_13520
26,Credit,Payment,Utilities,22.37,17981.54,17959.17,11,New York,Web Browser,Wire Transfer,0,0,TXN_104890,CUST_14890
18,Checking,Payment,Electronics,80.56,9818.91,9738.35,12,London,Mobile App,Credit Card,1,0,TXN_105885,CUST_15885
42,Business,Withdrawal,Electronics,361.65,19802.6,19440.95,18,New York,ATM,UPI / Wallet,0,0,TXN_101801,CUST_11801
73,Business,Payment,Groceries,712.62,18941.0,18228.38,1,Berlin,Mobile App,Wire Transfer,0,0,TXN_103944,CUST_13944
43,Business,Deposit,Groceries,67.25,23268.71,23201.46,20,Toronto,Mobile App,Credit Card,0,0,TXN_104952,CUST_14952
21,Checking,Payment,Groceries,54.33,1533.15,1478.82,1,New York,Mobile App,Credit Card,0,1,TXN_100858,CUST_10858
64,Savings,Transfer,Travel,126.08,25898.44,25772.36,12,Berlin,Mobile App,Debit Card,0,0,TXN_106918,CUST_16918
43,Checking,Withdrawal,Retail,62.94,27233.4,27170.46,0,Tokyo,POS Terminal,Credit Card,0,0,TXN_101949,CUST_11949
18,Business,Payment,Entertainment,405.83,21652.43,21246.6,2,Toronto,Mobile App,UPI / Wallet,0,0,TXN_102979,CUST_12979
65,Checking,Transfer,Entertainment,28.51,23208.51,23180.0,7,Mumbai,Web Browser,UPI / Wallet,0,0,TXN_104928,CUST_14928
20,Checking,Payment,Retail,31.78,9515.18,9483.4,11,Tokyo,Mobile App,Debit Card,0,0,TXN_105288,CUST_15288
18,Savings,Withdrawal,Groceries,71.88,25369.12,25297.24,18,Berlin,Web Browser,Credit Card,0,0,TXN_106851,CUST_16851
62,Credit,Payment,Retail,13.22,17736.6,17723.38,22,Tokyo,Web Browser,Wire Transfer,0,0,TXN_101008,CUST_11008
46,Checking,Withdrawal,Utilities,24.75,3283.97,3259.22,16,Mumbai,Mobile App,UPI / Wallet,0,0,TXN_105432,CUST_15432
18,Savings,Deposit,Entertainment,158.12,17338.37,17180.25,7,New York,Web Browser,UPI / Wallet,0,0,TXN_104895,CUST_14895
30,Business,Payment,Travel,461.14,13907.42,13446.28,23,Mumbai,Web Browser,Debit Card,0,0,TXN_100287,CUST_10287
61,Credit,Withdrawal,Groceries,110.92,1238.3,1127.38,15,Mumbai,ATM,Credit Card,0,0,TXN_103490,CUST_13490
77,Credit,Transfer,Utilities,112.78,15124.65,15011.87,3,Singapore,POS Terminal,UPI / Wallet,0,0,TXN_103127,CUST_13127
54,Credit,Payment,Electronics,18.3,24091.25,24072.95,14,Mumbai,Mobile App,Debit Card,0,0,TXN_104401,CUST_14401
25,Savings,Deposit,Retail,1.27,7500.79,7499.52,1,Berlin,Web Browser,UPI / Wallet,0,0,TXN_102201,CUST_12201
56,Business,Transfer,Retail,163.04,8402.64,8239.6,2,Tokyo,Mobile App,UPI / Wallet,0,0,TXN_102894,CUST_12894
18,Savings,Payment,Electronics,12.62,19525.34,19512.72,18,Tokyo,Mobile App,Debit Card,0,0,TXN_106587,CUST_16587
20,Checking,Transfer,Electronics,143.55,3136.18,2992.63,20,Mumbai,POS Terminal,Debit Card,0,0,TXN_103337,CUST_13337
39,Savings,Deposit,Entertainment,118.49,17916.5,17798.01,2,New York,ATM,Credit Card,1,0,TXN_102157,CUST_12157
35,Checking,Payment,Travel,697.32,17868.99,17171.67,20,New York,POS Terminal,Debit Card,0,1,TXN_104468,CUST_14468
23,Credit,Payment,Groceries,21.09,15697.28,15676.19,10,New York,Mobile App,Debit Card,0,0,TXN_100218,CUST_10218
63,Savings,Deposit,Travel,89.54,17351.73,17262.19,21,Berlin,Web Browser,UPI / Wallet,0,0,TXN_103474,CUST_13474
33,Savings,Withdrawal,Travel,120.28,17398.0,17277.72,2,Singapore,ATM,UPI / Wallet,0,0,TXN_104174,CUST_14174
24,Checking,Deposit,Electronics,34.16,22364.74,22330.58,11,Tokyo,ATM,Debit Card,0,0,TXN_100108,CUST_10108
74,Credit,Payment,Utilities,104.83,22097.45,21992.62,13,Berlin,Web Browser,Wire Transfer,0,0,TXN_104776,CUST_14776
42,Checking,Deposit,Groceries,3.76,27654.7,27650.94,4,Tokyo,Mobile App,Credit Card,0,0,TXN_100310,CUST_10310
59,Business,Deposit,Electronics,46.45,22548.65,22502.2,23,Tokyo,POS Terminal,Debit Card,0,0,TXN_105205,CUST_15205
61,Checking,Withdrawal,Travel,448.06,5843.97,5395.91,9,Mumbai,Mobile App,Wire Transfer,0,0,TXN_105188,CUST_15188
42,Savings,Transfer,Retail,18.39,23430.79,23412.4,14,Mumbai,ATM,Debit Card,1,0,TXN_100340,CUST_10340
18,Checking,Withdrawal,Utilities,56.37,7596.09,7539.72,6,Tokyo,Mobile App,Credit Card,0,1,TXN_105053,CUST_15053
44,Checking,Deposit,Entertainment,592.6,17556.74,16964.14,13,Mumbai,POS Terminal,Credit Card,0,0,TXN_106927,CUST_16927
39,Checking,Withdrawal,Electronics,43.45,21510.64,21467.19,18,New York,Web Browser,Wire Transfer,0,0,TXN_105020,CUST_15020
20,Credit,Withdrawal,Electronics,65.79,22165.22,22099.43,17,Toronto,Web Browser,UPI / Wallet,1,0,TXN_102009,CUST_12009
22,Checking,Transfer,Travel,9.65,4026.93,4017.28,17,New York,Web Browser,Debit Card,0,0,TXN_102003,CUST_12003
53,Checking,Transfer,Utilities,121.32,22820.11,22698.79,7,Mumbai,POS Terminal,Credit Card,0,0,TXN_104491,CUST_14491
66,Savings,Payment,Travel,10.04,15751.93,15741.89,2,London,Web Browser,Debit Card,0,0,TXN_103204,CUST_13204
27,Savings,Deposit,Retail,62.02,27706.11,27644.09,5,New York,Mobile App,Debit Card,0,0,TXN_106419,CUST_16419
18,Savings,Withdrawal,Retail,29.1,2139.06,2109.96,15,London,Web Browser,Credit Card,0,0,TXN_100458,CUST_10458
61,Credit,Payment,Groceries,1070.09,25881.35,24811.26,12,Tokyo,Web Browser,Debit Card,0,1,TXN_101617,CUST_11617
71,Credit,Withdrawal,Entertainment,30.03,20117.01,20086.98,15,Berlin,ATM,Debit Card,0,0,TXN_105304,CUST_15304
35,Checking,Payment,Groceries,14.41,1202.63,1188.22,21,Tokyo,Mobile App,UPI / Wallet,1,0,TXN_106228,CUST_16228
34,Checking,Transfer,Groceries,220.33,16425.55,16205.22,9,Toronto,POS Terminal,Credit Card,0,0,TXN_104626,CUST_14626
19,Credit,Transfer,Retail,331.91,27235.83,26903.92,2,Mumbai,ATM,Debit Card,0,0,TXN_103009,CUST_13009
49,Savings,Payment,Groceries,89.15,7334.57,7245.42,13,Tokyo,Mobile App,UPI / Wallet,0,0,TXN_104000,CUST_14000
34,Savings,Transfer,Groceries,138.72,16881.37,16742.65,20,Mumbai,Mobile App,UPI / Wallet,0,0,TXN_106084,CUST_16084
18,Savings,Withdrawal,Travel,6.44,26599.9,26593.46,3,London,Web Browser,UPI / Wallet,0,0,TXN_101921,CUST_11921
72,Savings,Transfer,Travel,165.15,19570.22,19405.07,12,Tokyo,Web Browser,Debit Card,0,0,TXN_102285,CUST_12285
61,Savings,Transfer,Electronics,196.65,26369.12,26172.47,14,Toronto,ATM,Debit Card,0,0,TXN_104611,CUST_14611
42,Savings,Transfer,Retail,143.23,26459.97,26316.74,0,Tokyo,ATM,Wire Transfer,1,0,TXN_100212,CUST_10212
64,Checking,Deposit,Groceries,61.87,20022.06,19960.19,13,New York,Mobile App,UPI / Wallet,0,0,TXN_103106,CUST_13106
23,Checking,Withdrawal,Entertainment,404.67,11597.37,11192.7,2,Berlin,POS Terminal,Debit Card,0,0,TXN_102081,CUST_12081
25,Savings,Transfer,Entertainment,60.01,22221.46,22311.45,7,Toronto,Mobile App,UPI / Wallet,0,0,TXN_105549,CUST_15549
20,Checking,Payment,Retail,135.23,20907.92,20772.69,8,New York,POS Terminal,Wire Transfer,0,1,TXN_106379,CUST_16379
18,Checking,Payment,Utilities,60.31,24044.17,23983.86,19,Singapore,Mobile App,Debit Card,0,0,TXN_106073,CUST_16073
46,Savings,Withdrawal,Utilities,122.85,26094.08,25971.23,9,Berlin,Web Browser,Wire Transfer,0,0,TXN_106446,CUST_16446
18,Savings,Payment,Travel,139.07,26590.57,26451.5,17,Tokyo,POS Terminal,UPI / Wallet,0,0,TXN_106218,CUST_16218
36,Checking,Payment,Utilities,29.1,21885.48,21856.38,11,Toronto,Mobile App,UPI / Wallet,0,0,TXN_100995,CUST_10995
20,Credit,Payment,Electronics,74.73,6378.63,6303.9,17,Mumbai,Mobile App,UPI / Wallet,1,0,TXN_105814,CUST_15814
68,Checking,Transfer,Electronics,79.2,27991.04,27911.84,19,Mumbai,Mobile App,Debit Card,1,0,TXN_104318,CUST_14318
71,Savings,Withdrawal,Electronics,29.5,26937.16,26907.66,11,Berlin,POS Terminal,Debit Card,1,1,TXN_100136,CUST_10136
32,Business,Transfer,Travel,109.69,5759.63,5649.94,9,Berlin,POS Terminal,Wire Transfer,0,1,TXN_106219,CUST_16219
18,Savings,Payment,Electronics,106.6,20559.1,20452.5,17,Singapore,ATM,Wire Transfer,0,0,TXN_105130,CUST_15130
27,Savings,Payment,Groceries,334.8,1502.72,1167.92,2,Toronto,Web Browser,UPI / Wallet,0,0,TXN_101577,CUST_11577
51,Savings,Payment,Retail,128.94,24717.49,24588.55,16,New York,Web Browser,Wire Transfer,0,0,TXN_100852,CUST_10852
25,Credit,Payment,Entertainment,13.73,24349.97,24336.24,4,London,Web Browser,Debit Card,0,0,TXN_104637,CUST_14637
18,Checking,Payment,Retail,219.09,21293.23,21074.14,7,London,Mobile App,UPI / Wallet,0,0,TXN_106874,CUST_16874
24,Savings,Withdrawal,Electronics,28.69,24472.7,24444.01,22,New York,ATM,Debit Card,0,0,TXN_106775,CUST_16775
59,Checking,Transfer,Groceries,32.68,4604.83,4572.15,15,Singapore,Web Browser,Credit Card,0,0,TXN_101825,CUST_11825
49,Savings,Transfer,Retail,198.65,19159.72,18961.07,11,Toronto,Web Browser,Credit Card,1,0,TXN_103446,CUST_13446
43,Checking,Transfer,Retail,48.32,18679.38,18631.06,1,Tokyo,Web Browser,Credit Card,0,0,TXN_103334,CUST_13334
63,Credit,Payment,Retail,41.33,17167.91,17126.58,14,London,Mobile App,Wire Transfer,0,0,TXN_103370,CUST_13370
63,Savings,Transfer,Retail,131.18,16356.29,16225.11,6,Mumbai,POS Terminal,Credit Card,0,0,TXN_102356,CUST_12356
67,Business,Payment,Groceries,40.77,25271.25,25230.48,18,New York,Web Browser,UPI / Wallet,0,1,TXN_103458,CUST_13458
66,Savings,Withdrawal,Entertainment,113.25,22174.44,22061.19,23,Toronto,Mobile App,Wire Transfer,0,0,TXN_104547,CUST_14547
63,Business,Transfer,Retail,18.01,11961.82,11943.81,6,Toronto,Web Browser,Debit Card,0,0,TXN_102582,CUST_12582
21,Savings,Transfer,Groceries,180.65,25441.86,25411.21,16,Mumbai,ATM,UPI / Wallet,0,0,TXN_105207,CUST_15207
52,Savings,Withdrawal,Travel,229.17,1033.13,803.96,23,Singapore,Web Browser,Wire Transfer,0,0,TXN_106005,CUST_16005
33,Credit,Deposit,Entertainment,267.81,23602.83,23335.02,22,Berlin,Web Browser,UPI / Wallet,1,0,TXN_106947,CUST_16947
33,Savings,Transfer,Electronics,266.62,25193.05,25076.43,1,Tokyo,Web Browser,UPI / Wallet,0,0,TXN_102161,CUST_12161
49,Checking,Deposit,Utilities,295.66,19919.46,19623.8,18,Mumbai,ATM,Wire Transfer,0,1,TXN_106804,CUST_16804
70,Savings,Transfer,Retail,113.63,2065.27,1951.64,11,Tokyo,ATM,UPI / Wallet,0,0,TXN_104262,CUST_14262
73,Credit,Payment,Utilities,201.91,13199.33,12997.42,23,New York,Web Browser,Credit Card,0,0,TXN_105103,CUST_15103
71,Checking,Payment,Travel,92.84,15620.18,15527.34,18,Mumbai,Web Browser,UPI / Wallet,0,0,TXN_101226,CUST_11226
33,Checking,Withdrawal,Groceries,352.13,26215.07,25862.94,14,Mumbai,Web Browser,UPI / Wallet,0,1,TXN_105201,CUST_15201
68,Checking,Transfer,Groceries,115.75,7156.56,7040.81,0,Mumbai,Web Browser,UPI / Wallet,0,0,TXN_104450,CUST_14450
25,Business,Payment,Electronics,19.63,15642.05,15622.42,9,Tokyo,Web Browser,UPI / Wallet,0,0,TXN_103537,CUST_13537
21,Credit,Transfer,Entertainment,150.82,6514.5,6363.68,22,Mumbai,ATM,Credit Card,0,0,TXN_105078,CUST_15078
50,Savings,Deposit,Groceries,282.73,27430.91,27148.18,1,Berlin,POS Terminal,Debit Card,0,0,TXN_105433,CUST_15433
18,Business,Deposit,Groceries,9.22,21632.95,21623.73,21,Berlin,Web Browser,Debit Card,0,0,TXN_106233,CUST_16233
18,Savings,Payment,Entertainment,30.16,24231.52,24201.36,22,Tokyo,POS Terminal,Credit Card,0,0,TXN_104066,CUST_14066
63,Checking,Transfer,Utilities,4.65,25868.76,25864.11,23,Toronto,POS Terminal,UPI / Wallet,0,0,TXN_101213,CUST_11213
31,Savings,Payment,Travel,109.88,24567.17,24457.29,23,Mumbai,Mobile App,UPI / Wallet,1,0,TXN_100413,CUST_10413
32,Checking,Withdrawal,Entertainment,849.57,22073.68,21224.11,8,Tokyo,Web Browser,Debit Card,0,1,TXN_101436,CUST_11436
53,Checking,Withdrawal,Utilities,392.8,12309.67,11916.87,7,Mumbai,POS Terminal,Debit Card,0,0,TXN_100092,CUST_10092
21,Checking,Withdrawal,Groceries,122.54,23573.24,23450.7,14,Mumbai,Web Browser,Credit Card,1,0,TXN_100628,CUST_10628
41,Savings,Withdrawal,Travel,33.33,17303.15,17269.82,15,Berlin,Web Browser,UPI / Wallet,0,0,TXN_103278,CUST_13278
18,Checking,Transfer,Entertainment,55.89,21755.93,21700.04,0,Berlin,Web Browser,Credit Card,0,0,TXN_103539,CUST_13539
35,Checking,Withdrawal,Utilities,13.79,7880.33,7866.54,12,Tokyo,POS Terminal,Debit Card,0,0,TXN_105223,CUST_15223
27,Business,Transfer,Groceries,13.72,5014.49,5000.77,12,Singapore,Mobile App,Debit Card,0,0,TXN_101812,CUST_11812
67,Checking,Payment,Groceries,8.33,22849.47,22841.14,1,Mumbai,ATM,Debit Card,0,0,TXN_102064,CUST_12064
18,Checking,Payment,Travel,254.46,24335.84,24231.38,7,Toronto,ATM,Debit Card,0,0,TXN_101913,CUST_11913
38,Checking,Deposit,Travel,34.74,6575.25,6540.51,16,Tokyo,Mobile App,Debit Card,0,0,TXN_100267,CUST_10267
79,Savings,Transfer,Travel,198.06,24731.83,24533.77,21,Tokyo,ATM,Debit Card,0,0,TXN_101083,CUST_11083
18,Business,Deposit,Entertainment,69.27,13532.87,13463.6,8,Singapore,Mobile App,Debit Card,0,0,TXN_100770,CUST_10770
41,Savings,Withdrawal,Utilities,428.24,24130.92,23702.68,5,Toronto,Web Browser,Credit Card,0,1,TXN_100096,CUST_10096
53,Savings,Payment,Entertainment,34.19,24019.51,23985.32,8,Toronto,Mobile App,UPI / Wallet,0,0,TXN_102346,CUST_12346
35,Savings,Transfer,Electronics,321.27,22543.15,22221.88,2,Mumbai,ATM,UPI / Wallet,1,0,TXN_105593,CUST_15593
19,Savings,Transfer,Utilities,43.84,5121.99,5078.15,12,Tokyo,ATM,Debit Card,0,0,TXN_103241,CUST_13241
19,Business,Withdrawal,Electronics,569.08,14956.49,14387.41,11,Mumbai,ATM,Credit Card,0,0,TXN_106601,CUST_16601
59,Credit,Transfer,Groceries,244.08,3704.63,3460.55,14,Berlin,Web Browser,Credit Card,1,0,TXN_105414,CUST_15414
49,Savings,Deposit,Utilities,120.15,20893.95,20773.8,5,London,Mobile App,Debit Card,0,0,TXN_101081,CUST_11081
18,Credit,Deposit,Travel,188.59,18211.86,18023.27,5,New York,Web Browser,Wire Transfer,0,0,TXN_100169,CUST_10169
18,Savings,Transfer,Groceries,43.14,6221.15,6178.01,1,Singapore,Web Browser,Wire Transfer,0,0,TXN_103823,CUST_13823
29,Checking,Transfer,Retail,309.81,13901.68,13591.87,7,Berlin,ATM,Debit Card,0,0,TXN_102134,CUST_12134
32,Checking,Transfer,Utilities,214.65,20419.54,20354.89,20,Tokyo,POS Terminal,Credit Card,0,0,TXN_104154,CUST_14154
64,Checking,Transfer,Electronics,29.4,20943.98,20914.58,11,Toronto,Web Browser,Debit Card,0,0,TXN_104068,CUST_14068
20,Savings,Payment,Utilities,35.04,23200.37,23165.33,4,London,Web Browser,Debit Card,1,0,TXN_106157,CUST_16157
26,Savings,Deposit,Utilities,108.0,25223.19,25115.19,1,Berlin,Web Browser,Credit Card,0,0,TXN_100153,CUST_10153
26,Credit,Transfer,Groceries,55.92,19338.97,19283.05,15,Berlin,POS Terminal,UPI / Wallet,0,0,TXN_106703,CUST_16703
64,Savings,Payment,Retail,184.96,20850.4,20665.44,15,Toronto,POS Terminal,UPI / Wallet,0,0,TXN_103435,CUST_13435
57,Savings,Transfer,Utilities,501.97,18722.2,18220.23,12,Berlin,ATM,Wire Transfer,0,0,TXN_106831,CUST_16831
71,Credit,Transfer,Groceries,2.71,25143.27,25140.56,15,New York,Mobile App,UPI / Wallet,0,0,TXN_106302,CUST_16302
51,Business,Transfer,Electronics,481.66,23767.36,23285.7,17,London,Mobile App,Wire Transfer,0,0,TXN_106313,CUST_16313
50,Checking,Transfer,Utilities,96.08,1394.57,1298.49,9,Tokyo,Web Browser,Debit Card,0,0,TXN_106196,CUST_16196
59,Checking,Withdrawal,Entertainment,62.67,21733.38,21670.71,23,Mumbai,Mobile App,Credit Card,1,0,TXN_100066,CUST_10066
58,Checking,Transfer,Retail,39.44,8725.24,8685.8,1,Singapore,Mobile App,Debit Card,0,0,TXN_101706,CUST_11706
68,Checking,Payment,Groceries,743.58,23959.09,23215.51,8,Tokyo,POS Terminal,UPI / Wallet,0,0,TXN_101021,CUST_11021
18,Credit,Deposit,Entertainment,37.33,10886.84,10849.51,14,London,Mobile App,UPI / Wallet,0,1,TXN_101616,CUST_11616
68,Checking,Payment,Entertainment,24.64,13111.86,13087.22,20,Tokyo,Web Browser,Debit Card,0,0,TXN_105590,CUST_15590
44,Checking,Payment,Entertainment,72.14,24034.18,23962.04,9,Singapore,ATM,Credit Card,0,0,TXN_105093,CUST_15093
25,Checking,Payment,Travel,1.6,17041.73,17040.13,13,New York,Web Browser,Wire Transfer,0,0,TXN_102229,CUST_12229
32,Savings,Transfer,Utilities,198.94,16329.95,16131.01,11,Singapore,ATM,UPI / Wallet,0,1,TXN_103744,CUST_13744
28,Savings,Payment,Utilities,232.38,23007.38,22775.0,11,Mumbai,POS Terminal,Wire Transfer,0,0,TXN_102021,CUST_12021
21,Savings,Transfer,Entertainment,24.86,21900.44,21875.58,0,Singapore,Mobile App,Wire Transfer,0,0,TXN_104210,CUST_14210
44,Checking,Payment,Retail,137.18,24634.79,24497.61,20,Berlin,ATM,Credit Card,0,1,TXN_102905,CUST_12905
19,Savings,Withdrawal,Groceries,134.58,21626.2,21491.62,8,Toronto,Mobile App,Wire Transfer,0,0,TXN_101044,CUST_11044
30,Savings,Deposit,Retail,32.31,14774.91,14742.6,14,Tokyo,ATM,UPI / Wallet,0,0,TXN_103929,CUST_13929
56,Checking,Withdrawal,Electronics,134.32,22982.57,22848.25,10,London,Web Browser,Debit Card,0,0,TXN_100262,CUST_10262
29,Savings,Payment,Electronics,2.52,21099.59,21097.07,0,London,ATM,Wire Transfer,0,0,TXN_101858,CUST_11858
66,Savings,Withdrawal,Entertainment,168.51,19362.21,19343.7,23,Berlin,ATM,Wire Transfer,0,0,TXN_102326,CUST_12326
41,Checking,Payment,Retail,523.94,23984.38,23610.44,21,Berlin,Web Browser,UPI / Wallet,0,0,TXN_102277,CUST_12277
21,Savings,Withdrawal,Retail,82.88,20350.78,20267.9,22,Tokyo,Mobile App,Debit Card,0,1,TXN_102664,CUST_12664
77,Checking,Payment,Groceries,309.9,18504.7,18344.8,2,Mumbai,Mobile App,Wire Transfer,0,0,TXN_101457,CUST_11457
58,Savings,Transfer,Retail,347.04,23309.52,22962.48,16,Mumbai,POS Terminal,Debit Card,0,1,TXN_101272,CUST_11272
33,Savings,Withdrawal,Groceries,58.68,27120.32,27061.64,13,Mumbai,Web Browser,Wire Transfer,1,0,TXN_106262,CUST_16262
18,Savings,Transfer,Retail,79.2,24209.73,24130.53,13,Mumbai,Mobile App,UPI / Wallet,0,0,TXN_100733,CUST_10733
56,Credit,Withdrawal,Entertainment,235.87,4384.87,4149.0,5,Singapore,Mobile App,Wire Transfer,0,1,TXN_104497,CUST_14497
57,Credit,Payment,Electronics,11.34,3370.65,3359.31,15,Tokyo,Mobile App,Debit Card,1,0,TXN_102936,CUST_12936
51,Business,Transfer,Utilities,97.76,15016.24,14918.48,0,Mumbai,Web Browser,UPI / Wallet,0,0,TXN_105769,CUST_15769
18,Business,Transfer,Groceries,7.92,26112.37,26104.45,12,New York,Mobile App,Debit Card,0,0,TXN_101039,CUST_11039
66,Checking,Withdrawal,Utilities,86.87,21751.42,21664.55,11,Mumbai,POS Terminal,Debit Card,1,0,TXN_101931,CUST_11931
73,Credit,Transfer,Retail,72.63,918.72,846.09,13,London,Mobile App,Credit Card,0,0,TXN_105812,CUST_15812
71,Checking,Transfer,Electronics,16.36,10628.71,10612.35,10,Singapore,POS Terminal,UPI / Wallet,0,0,TXN_103422,CUST_13422
19,Savings,Transfer,Utilities,43.84,5121.99,5078.15,12,Tokyo,ATM,Debit Card,0,0,TXN_103241,CUST_13241
33,Checking,Payment,Groceries,57.96,12833.16,12775.2,9,London,Web Browser,Debit Card,0,0,TXN_100789,CUST_10789
43,Credit,Deposit,Electronics,52.81,25138.28,25085.47,23,Mumbai,POS Terminal,UPI / Wallet,0,0,TXN_106036,CUST_16036
18,Checking,Deposit,Electronics,298.63,15051.2,14752.57,19,New York,ATM,UPI / Wallet,0,0,TXN_106603,CUST_16603
49,Checking,Payment,Utilities,141.1,12406.06,12264.96,17,London,ATM,Debit Card,1,0,TXN_105056,CUST_15056
20,Checking,Payment,Utilities,94.37,25342.98,25248.61,13,Mumbai,ATM,UPI / Wallet,0,0,TXN_100832,CUST_10832
38,Savings,Deposit,Electronics,177.8,21690.69,21512.89,17,Singapore,Mobile App,Wire Transfer,1,0,TXN_100412,CUST_10412
18,Savings,Payment,Travel,74.69,14475.01,14400.32,22,New York,Mobile App,Debit Card,0,0,TXN_105218,CUST_15218
62,Checking,Payment,Utilities,170.62,25206.44,25035.82,3,Berlin,Mobile App,Credit Card,1,0,TXN_103448,CUST_13448
58,Savings,Deposit,Retail,222.72,9514.69,9291.97,5,Mumbai,Mobile App,UPI / Wallet,0,0,TXN_102976,CUST_12976
23,Checking,Transfer,Travel,69.56,23723.29,23653.73,0,Mumbai,Mobile App,Debit Card,0,0,TXN_103575,CUST_13575
63,Savings,Withdrawal,Electronics,187.45,2829.29,2641.84,10,Tokyo,Mobile App,Wire Transfer,0,0,TXN_102241,CUST_12241
21,Savings,Withdrawal,Travel,268.8,17967.16,17698.36,22,Mumbai,ATM,Debit Card,0,0,TXN_100542,CUST_10542
18,Checking,Payment,Entertainment,241.08,15342.88,15101.8,16,Berlin,Mobile App,UPI / Wallet,0,1,TXN_105566,CUST_15566
18,Checking,Transfer,Groceries,22.81,18417.05,18394.24,11,Singapore,Mobile App,UPI / Wallet,1,0,TXN_106015,CUST_16015
45,Checking,Transfer,Electronics,558.85,23723.92,23165.07,19,Toronto,Web Browser,Wire Transfer,0,1,TXN_104954,CUST_14954
18,Credit,Deposit,Travel,245.07,17845.07,17600.0,10,Berlin,POS Terminal,Wire Transfer,0,0,TXN_103969,CUST_13969
22,Checking,Deposit,Utilities,126.83,3231.31,3104.48,2,London,Mobile App,Credit Card,0,0,TXN_100324,CUST_10324
18,Checking,Payment,Groceries,96.49,25026.32,24929.83,6,Mumbai,Web Browser,Wire Transfer,0,0,TXN_102133,CUST_12133
54,Checking,Payment,Groceries,105.2,22992.83,22887.63,4,Mumbai,Web Browser,UPI / Wallet,0,0,TXN_105278,CUST_15278
46,Checking,Transfer,Travel,34.36,22584.09,22549.73,22,Berlin,POS Terminal,UPI / Wallet,0,1,TXN_106692,CUST_16692
24,Savings,Payment,Groceries,58.16,25230.35,25172.19,16,Toronto,Web Browser,Debit Card,1,1,TXN_104661,CUST_14661
58,Savings,Withdrawal,Electronics,63.09,22920.01,22856.92,8,Tokyo,Web Browser,UPI / Wallet,0,0,TXN_106598,CUST_16598
57,Checking,Transfer,Electronics,516.79,22256.84,21740.05,7,Berlin,POS Terminal,Wire Transfer,0,0,TXN_101012,CUST_11012
26,Savings,Withdrawal,Utilities,37.29,11575.42,11538.13,12,Singapore,ATM,Wire Transfer,0,1,TXN_102355,CUST_12355
50,Savings,Withdrawal,Entertainment,4.52,5214.22,5209.7,9,Berlin,Web Browser,UPI / Wallet,0,0,TXN_103935,CUST_13935
62,Checking,Payment,Entertainment,7.23,19989.99,19982.76,23,Toronto,Mobile App,Wire Transfer,1,0,TXN_103550,CUST_13550
40,Checking,Transfer,Entertainment,437.74,25597.87,25160.13,16,Tokyo,ATM,Debit Card,1,0,TXN_100021,CUST_10021
26,Business,Transfer,Entertainment,1.82,24332.18,24330.36,16,Tokyo,ATM,Debit Card,0,0,TXN_102865,CUST_12865
25,Savings,Transfer,Travel,36.64,19695.3,19658.66,0,Tokyo,Mobile App,UPI / Wallet,0,0,TXN_103162,CUST_13162
68,Savings,Deposit,Travel,51.75,5312.67,5260.92,0,Singapore,POS Terminal,Credit Card,0,0,TXN_100143,CUST_10143
67,Checking,Transfer,Entertainment,166.76,8899.17,8732.41,21,Tokyo,Mobile App,UPI / Wallet,0,1,TXN_103057,CUST_13057
31,Checking,Transfer,Travel,121.78,26034.84,25913.06,5,New York,Mobile App,UPI / Wallet,0,0,TXN_104006,CUST_14006
23,Savings,Transfer,Travel,255.4,17034.56,16779.16,12,Mumbai,Web Browser,Debit Card,0,0,TXN_100914,CUST_10914
31,Savings,Transfer,Groceries,56.56,2253.75,2197.19,8,Toronto,Mobile App,Debit Card,0,0,TXN_106392,CUST_16392
28,Business,Withdrawal,Entertainment,222.59,15763.07,15540.48,15,Singapore,ATM,Credit Card,1,0,TXN_103789,CUST_13789
18,Checking,Transfer,Groceries,249.64,24657.73,24408.09,12,Tokyo,Web Browser,Debit Card,0,0,TXN_100139,CUST_10139
61,Savings,Withdrawal,Groceries,72.76,23827.51,23754.75,13,New York,Mobile App,Wire Transfer,0,1,TXN_102105,CUST_12105
61,Savings,Payment,Electronics,97.47,21080.13,20982.66,4,Toronto,Web Browser,UPI / Wallet,1,1,TXN_100798,CUST_10798
30,Savings,Transfer,Groceries,19.29,23557.94,23538.65,4,Mumbai,Mobile App,Credit Card,0,0,TXN_100749,CUST_10749
60,Credit,Payment,Travel,179.89,20499.11,20469.22,18,Tokyo,POS Terminal,Debit Card,1,1,TXN_104581,CUST_14581
22,Savings,Transfer,Utilities,35.34,13329.46,13294.12,12,Toronto,Mobile App,Credit Card,0,0,TXN_103033,CUST_13033
68,Checking,Withdrawal,Travel,231.26,11662.38,11431.12,17,New York,ATM,Credit Card,0,1,TXN_101180,CUST_11180
66,Checking,Payment,Retail,222.23,26338.51,26116.28,3,Mumbai,Web Browser,Debit Card,0,0,TXN_104312,CUST_14312
38,Credit,Payment,Utilities,13.46,16018.28,16004.82,19,Toronto,Web Browser,Wire Transfer,0,0,TXN_104129,CUST_14129
68,Checking,Transfer,Utilities,173.03,24289.6,24116.57,4,Singapore,Web Browser,Debit Card,1,0,TXN_106663,CUST_16663
55,Checking,Deposit,Electronics,104.3,23176.63,23072.33,18,New York,Mobile App,Debit Card,1,0,TXN_102601,CUST_12601
19,Business,Transfer,Groceries,261.39,1686.35,1424.96,8,New York,POS Terminal,Wire Transfer,0,1,TXN_103395,CUST_13395
47,Checking,Transfer,Travel,194.43,26863.59,26669.16,10,New York,Web Browser,Debit Card,0,0,TXN_101950,CUST_11950
40,Savings,Deposit,Utilities,493.81,15935.0,15441.19,1,Toronto,ATM,Debit Card,0,0,TXN_102716,CUST_12716
39,Business,Transfer,Groceries,91.96,14807.46,14715.5,1,Tokyo,ATM,Debit Card,1,0,TXN_102836,CUST_12836
28,Savings,Transfer,Entertainment,214.62,17055.12,16840.5,18,Tokyo,POS Terminal,Debit Card,0,0,TXN_104500,CUST_14500
23,Savings,Withdrawal,Retail,74.16,21940.31,21866.15,16,Berlin,Mobile App,Wire Transfer,1,0,TXN_104108,CUST_14108
34,Savings,Transfer,Utilities,15.14,6766.58,6751.44,18,Singapore,Mobile App,Credit Card,1,0,TXN_102954,CUST_12954
41,Savings,Payment,Retail,238.43,23033.71,22795.28,14,London,Web Browser,Debit Card,0,1,TXN_101011,CUST_11011
57,Savings,Transfer,Entertainment,26.95,4212.65,4185.7,4,Berlin,POS Terminal,UPI / Wallet,0,0,TXN_103843,CUST_13843
43,Savings,Transfer,Utilities,122.09,17100.1,16978.01,3,Singapore,POS Terminal,Wire Transfer,0,0,TXN_105024,CUST_15024
38,Savings,Transfer,Electronics,75.49,23404.24,23328.75,4,Mumbai,ATM,Credit Card,1,0,TXN_102719,CUST_12719
64,Checking,Transfer,Groceries,94.79,16357.01,16262.22,19,Tokyo,Web Browser,Wire Transfer,0,0,TXN_103790,CUST_13790
18,Checking,Deposit,Groceries,264.37,11369.45,11255.08,23,Tokyo,Mobile App,Wire Transfer,0,1,TXN_106554,CUST_16554
76,Savings,Transfer,Retail,51.2,22631.85,22580.65,5,Mumbai,Mobile App,Debit Card,1,0,TXN_103816,CUST_13816
59,Business,Withdrawal,Groceries,66.0,20206.22,20140.22,23,Tokyo,ATM,Wire Transfer,0,0,TXN_104163,CUST_14163
19,Savings,Deposit,Entertainment,33.8,20739.08,20705.28,15,Mumbai,POS Terminal,Wire Transfer,0,0,TXN_101780,CUST_11780
43,Credit,Transfer,Entertainment,50.52,23632.04,23581.52,5,Mumbai,Mobile App,Debit Card,0,0,TXN_103880,CUST_13880
51,Savings,Payment,Electronics,239.03,16225.76,15986.73,5,London,Mobile App,Debit Card,0,0,TXN_100683,CUST_10683
41,Savings,Transfer,Retail,130.59,19082.45,18951.86,13,Tokyo,ATM,UPI / Wallet,0,1,TXN_105939,CUST_15939
18,Savings,Withdrawal,Travel,37.95,8936.83,8898.88,21,Berlin,ATM,Wire Transfer,0,0,TXN_106363,CUST_16363
65,Checking,Payment,Groceries,23.38,3620.05,3596.67,13,Berlin,Mobile App,Wire Transfer,0,0,TXN_104193,CUST_14193
19,Checking,Transfer,Travel,33.23,6514.77,6481.54,17,Berlin,Web Browser,Debit Card,0,0,TXN_105628,CUST_15628
62,Savings,Payment,Utilities,34.44,5389.87,5355.43,1,London,Mobile App,Credit Card,1,0,TXN_102032,CUST_12032
22,Savings,Payment,Entertainment,154.4,22284.41,22130.01,21,Tokyo,ATM,Debit Card,0,0,TXN_105637,CUST_15637
43,Checking,Withdrawal,Retail,34.83,25269.7,25234.87,18,London,Web Browser,UPI / Wallet,0,0,TXN_101521,CUST_11521
26,Savings,Payment,Retail,241.72,25744.69,25502.97,0,Berlin,Web Browser,Wire Transfer,1,1,TXN_104001,CUST_14001
46,Checking,Deposit,Entertainment,168.16,26173.9,26005.74,18,Mumbai,Web Browser,UPI / Wallet,0,0,TXN_102991,CUST_12991
34,Checking,Payment,Entertainment,3.98,20436.67,20432.69,20,Berlin,ATM,Wire Transfer,0,0,TXN_104201,CUST_14201
26,Savings,Deposit,Electronics,77.29,12140.7,12213.41,5,London,Mobile App,UPI / Wallet,0,0,TXN_104977,CUST_14977
63,Checking,Transfer,Electronics,16.98,20921.64,20904.66,17,Mumbai,Web Browser,Wire Transfer,0,0,TXN_100204,CUST_10204
18,Checking,Withdrawal,Entertainment,192.38,24127.6,23935.22,14,Toronto,Web Browser,UPI / Wallet,0,0,TXN_103043,CUST_13043
71,Business,Withdrawal,Utilities,418.9,4025.61,3606.71,18,Toronto,Web Browser,Debit Card,0,1,TXN_106186,CUST_16186
52,Savings,Transfer,Retail,605.48,26065.84,25460.36,22,Berlin,ATM,UPI / Wallet,0,0,TXN_102328,CUST_12328
77,Checking,Withdrawal,Retail,17.9,27486.42,27468.52,23,Mumbai,Web Browser,Wire Transfer,0,0,TXN_101320,CUST_11320
28,Checking,Transfer,Entertainment,152.47,16181.37,16028.9,5,Mumbai,POS Terminal,UPI / Wallet,0,0,TXN_102452,CUST_12452
67,Credit,Payment,Travel,71.46,20991.4,21069.94,9,Singapore,POS Terminal,Debit Card,0,0,TXN_101591,CUST_11591
72,Checking,Transfer,Travel,13.68,337.73,324.05,14,Berlin,POS Terminal,UPI / Wallet,0,1,TXN_105866,CUST_15866
35,Checking,Deposit,Travel,492.16,21241.34,20749.18,1,Singapore,Mobile App,Debit Card,0,1,TXN_105913,CUST_15913
22,Checking,Deposit,Electronics,128.6,19331.26,19202.66,1,Toronto,Mobile App,Wire Transfer,0,0,TXN_101565,CUST_11565
26,Savings,Withdrawal,Groceries,52.31,13138.52,13086.21,22,Mumbai,Mobile App,Credit Card,0,0,TXN_100985,CUST_10985
18,Checking,Payment,Entertainment,149.09,16984.6,16835.51,6,New York,Mobile App,UPI / Wallet,0,0,TXN_104258,CUST_14258
59,Business,Payment,Entertainment,160.62,4942.56,4781.94,8,Mumbai,POS Terminal,Debit Card,0,0,TXN_103035,CUST_13035
59,Savings,Withdrawal,Groceries,55.94,24124.74,24068.8,16,Berlin,Web Browser,Debit Card,0,1,TXN_103989,CUST_13989
39,Savings,Transfer,Groceries,66.26,22768.53,22702.27,21,Toronto,ATM,Credit Card,1,0,TXN_102144,CUST_12144
67,Checking,Payment,Retail,155.01,9932.06,9777.05,2,Toronto,ATM,Wire Transfer,0,0,TXN_102075,CUST_12075
25,Checking,Deposit,Electronics,208.66,25847.43,25638.77,13,Singapore,ATM,UPI / Wallet,0,0,TXN_100713,CUST_10713
18,Business,Transfer,Travel,17.38,4731.93,4714.55,11,Tokyo,Mobile App,UPI / Wallet,0,0,TXN_106358,CUST_16358
37,Checking,Payment,Entertainment,217.83,26498.39,26430.56,16,Mumbai,Web Browser,Credit Card,0,0,TXN_100050,CUST_10050
26,Checking,Payment,Travel,192.83,5868.99,5676.16,18,Mumbai,POS Terminal,UPI / Wallet,0,0,TXN_101967,CUST_11967
60,Savings,Transfer,Retail,109.55,23919.6,23810.05,22,New York,POS Terminal,Credit Card,0,1,TXN_102031,CUST_12031
46,Savings,Withdrawal,Entertainment,604.47,2821.78,2217.31,8,New York,POS Terminal,Wire Transfer,0,0,TXN_106054,CUST_16054
33,Savings,Withdrawal,Travel,120.28,17398.0,17277.72,2,Singapore,ATM,UPI / Wallet,0,0,TXN_104174,CUST_14174
35,Business,Deposit,Entertainment,2.88,5357.53,5354.65,2,London,Mobile App,UPI / Wallet,1,0,TXN_106068,CUST_16068
63,Checking,Payment,Utilities,7.76,19701.87,19694.11,9,Tokyo,Mobile App,Debit Card,0,1,TXN_102002,CUST_12002
80,Checking,Transfer,Entertainment,438.47,19224.65,18786.18,18,Tokyo,Web Browser,Debit Card,0,0,TXN_106235,CUST_16235
43,Checking,Deposit,Travel,29.45,24817.14,24787.69,11,New York,Mobile App,Wire Transfer,0,0,TXN_101741,CUST_11741
57,Checking,Payment,Travel,35.33,25546.34,25511.01,4,Tokyo,Web Browser,Credit Card,1,0,TXN_105491,CUST_15491
19,Checking,Deposit,Retail,108.77,20495.51,20386.74,1,Tokyo,POS Terminal,Debit Card,0,0,TXN_100245,CUST_10245
63,Checking,Payment,Groceries,19.87,14752.27,14732.4,19,Mumbai,Web Browser,Wire Transfer,0,1,TXN_102205,CUST_12205
18,Savings,Withdrawal,Groceries,22.35,24613.86,24591.51,10,Berlin,POS Terminal,Debit Card,0,1,TXN_104010,CUST_14010
68,Savings,Payment,Travel,9.41,23820.22,23810.81,14,Berlin,POS Terminal,UPI / Wallet,0,0,TXN_102671,CUST_12671
44,Savings,Payment,Travel,226.57,12520.91,12294.34,12,Toronto,ATM,Debit Card,0,0,TXN_105397,CUST_15397
65,Savings,Transfer,Entertainment,54.15,12201.49,12147.34,1,Singapore,Mobile App,Wire Transfer,0,0,TXN_103879,CUST_13879
58,Credit,Withdrawal,Entertainment,143.77,10543.49,10399.72,23,Tokyo,Mobile App,Wire Transfer,0,0,TXN_100741,CUST_10741
72,Credit,Deposit,Utilities,44.05,2726.06,2682.01,5,Toronto,Web Browser,UPI / Wallet,1,0,TXN_103451,CUST_13451
48,Checking,Payment,Groceries,110.5,17046.16,17085.66,23,Mumbai,Mobile App,Wire Transfer,0,0,TXN_104695,CUST_14695
28,Savings,Transfer,Groceries,24.71,21714.41,21689.7,12,Singapore,Web Browser,UPI / Wallet,0,0,TXN_106126,CUST_16126
28,Checking,Transfer,Retail,25.64,1670.31,1644.67,17,Toronto,ATM,Wire Transfer,0,0,TXN_101199,CUST_11199
27,Checking,Transfer,Utilities,273.75,21368.82,21095.07,20,London,ATM,Debit Card,0,0,TXN_105454,CUST_15454
69,Checking,Payment,Electronics,299.01,22962.62,22663.61,1,London,Web Browser,Debit Card,0,0,TXN_102190,CUST_12190
58,Business,Transfer,Travel,327.15,24571.96,24244.81,12,Berlin,ATM,Debit Card,0,0,TXN_106443,CUST_16443
18,Savings,Payment,Entertainment,46.78,12570.55,12523.77,12,Singapore,Mobile App,Debit Card,0,0,TXN_103993,CUST_13993
71,Credit,Payment,Travel,18.19,22775.02,22756.83,4,Toronto,Web Browser,UPI / Wallet,0,0,TXN_104169,CUST_14169
58,Credit,Transfer,Retail,65.88,11954.46,11888.58,9,Mumbai,Web Browser,Wire Transfer,0,0,TXN_106557,CUST_16557
63,Checking,Withdrawal,Groceries,12.73,22358.98,22346.25,5,Tokyo,Web Browser,Wire Transfer,0,0,TXN_103640,CUST_13640
18,Credit,Payment,Entertainment,82.29,16070.75,15988.46,5,Toronto,ATM,Wire Transfer,0,0,TXN_103976,CUST_13976
53,Checking,Deposit,Electronics,128.5,26449.48,26320.98,9,New York,POS Terminal,Credit Card,1,0,TXN_104858,CUST_14858
19,Checking,Withdrawal,Electronics,5.36,9211.42,9206.06,6,Berlin,Web Browser,Wire Transfer,0,0,TXN_105314,CUST_15314
64,Savings,Payment,Entertainment,123.52,10366.0,10242.48,5,Toronto,POS Terminal,UPI / Wallet,0,0,TXN_104866,CUST_14866
76,Savings,Transfer,Electronics,49.18,26246.53,26197.35,18,Mumbai,Mobile App,Wire Transfer,0,0,TXN_105172,CUST_15172
64,Savings,Payment,Travel,5.02,16542.76,16537.74,1,Toronto,Mobile App,Debit Card,0,0,TXN_106543,CUST_16543
66,Checking,Deposit,Entertainment,128.98,12761.66,12632.68,13,Berlin,ATM,Credit Card,0,0,TXN_102590,CUST_12590
35,Savings,Payment,Travel,24.47,9442.25,9417.78,7,Toronto,Web Browser,Debit Card,0,0,TXN_103545,CUST_13545
45,Checking,Withdrawal,Utilities,55.34,18620.73,18715.39,2,Tokyo,ATM,Credit Card,1,0,TXN_105634,CUST_15634
68,Checking,Payment,Utilities,31.07,24364.74,24333.67,11,New York,Mobile App,Wire Transfer,0,0,TXN_104355,CUST_14355
70,Checking,Transfer,Entertainment,44.24,7850.87,7956.63,1,New York,ATM,Wire Transfer,0,0,TXN_104554,CUST_14554
78,Checking,Payment,Travel,10.09,13821.24,13811.15,18,Mumbai,Mobile App,Wire Transfer,0,0,TXN_101915,CUST_11915
24,Savings,Transfer,Groceries,165.24,19482.72,19467.48,1,Tokyo,Mobile App,Wire Transfer,0,0,TXN_101155,CUST_11155
24,Checking,Transfer,Utilities,19.21,16676.07,16656.86,0,Tokyo,ATM,Wire Transfer,0,0,TXN_100010,CUST_10010
21,Checking,Payment,Retail,137.42,9.08,0.0,0,Tokyo,Mobile App,Debit Card,0,0,TXN_100080,CUST_10080
19,Savings,Payment,Electronics,63.56,9390.15,9326.59,13,Mumbai,Web Browser,Wire Transfer,0,0,TXN_106754,CUST_16754
32,Credit,Withdrawal,Utilities,24.56,21474.12,21449.56,23,New York,Web Browser,Credit Card,0,0,TXN_102351,CUST_12351
28,Business,Withdrawal,Entertainment,288.42,22177.15,22038.73,16,London,POS Terminal,Debit Card,0,0,TXN_102981,CUST_12981
55,Business,Deposit,Electronics,65.55,25292.23,25226.68,14,Berlin,Web Browser,UPI / Wallet,0,0,TXN_104492,CUST_14492
60,Business,Payment,Groceries,121.83,21130.43,21158.6,11,Berlin,Mobile App,Debit Card,0,0,TXN_102090,CUST_12090
62,Checking,Payment,Utilities,170.62,25206.44,25035.82,3,Berlin,Mobile App,Credit Card,1,0,TXN_103448,CUST_13448
37,Checking,Transfer,Electronics,63.59,23623.43,23709.84,13,Tokyo,Mobile App,Wire Transfer,0,0,TXN_101432,CUST_11432
18,Checking,Transfer,Entertainment,8.86,21745.86,21737.0,13,Singapore,Web Browser,Debit Card,0,0,TXN_100541,CUST_10541
33,Savings,Transfer,Travel,266.62,26718.93,26452.31,17,Berlin,Mobile App,UPI / Wallet,1,0,TXN_103313,CUST_13313
18,Savings,Transfer,Electronics,248.28,19302.63,19054.35,18,Singapore,ATM,Debit Card,0,1,TXN_101113,CUST_11113
64,Credit,Payment,Groceries,13.51,26233.36,26219.85,2,Berlin,POS Terminal,Wire Transfer,1,0,TXN_104735,CUST_14735
43,Business,Payment,Retail,31.49,20557.47,20525.98,5,Mumbai,Web Browser,Debit Card,0,0,TXN_106206,CUST_16206
21,Savings,Deposit,Retail,61.33,9525.61,9464.28,13,Berlin,Mobile App,Debit Card,0,0,TXN_104991,CUST_14991
24,Checking,Payment,Entertainment,197.81,6061.83,5864.02,9,Singapore,Web Browser,UPI / Wallet,0,0,TXN_103952,CUST_13952
19,Savings,Payment,Groceries,12.67,22553.7,22541.03,11,Mumbai,Mobile App,Debit Card,1,0,TXN_102923,CUST_12923
26,Checking,Transfer,Travel,343.09,520.27,177.18,21,London,Mobile App,Debit Card,0,0,TXN_106781,CUST_16781
66,Checking,Payment,Electronics,36.48,16800.19,16763.71,18,Toronto,ATM,Wire Transfer,0,0,TXN_105988,CUST_15988
61,Checking,Payment,Electronics,169.96,25486.9,25316.94,15,Tokyo,Mobile App,Wire Transfer,0,0,TXN_101610,CUST_11610
58,Checking,Transfer,Retail,333.36,11654.8,11321.44,11,Tokyo,Mobile App,UPI / Wallet,0,0,TXN_103255,CUST_13255
18,Savings,Withdrawal,Travel,130.67,27357.55,27226.88,15,Berlin,ATM,Wire Transfer,1,0,TXN_105059,CUST_15059
27,Checking,Transfer,Utilities,39.11,15069.28,15030.17,7,Berlin,ATM,Credit Card,1,0,TXN_105206,CUST_15206
65,Savings,Transfer,Travel,113.11,10754.57,10641.46,14,Singapore,Mobile App,Credit Card,0,1,TXN_105581,CUST_15581
48,Savings,Payment,Utilities,847.66,27010.11,26162.45,11,Toronto,Mobile App,UPI / Wallet,0,0,TXN_103609,CUST_13609
56,Checking,Payment,Groceries,27.29,12614.06,12586.77,7,New York,Web Browser,Debit Card,0,0,TXN_101389,CUST_11389
33,Credit,Transfer,Retail,0.33,12951.82,12951.49,18,Toronto,Web Browser,UPI / Wallet,0,0,TXN_105924,CUST_15924
30,Checking,Transfer,Retail,46.46,19379.23,19482.77,23,Toronto,Web Browser,UPI / Wallet,0,0,TXN_101819,CUST_11819
36,Savings,Transfer,Groceries,140.14,16483.02,16492.879999999997,14,Berlin,ATM,Wire Transfer,0,0,TXN_102858,CUST_12858
18,Checking,Payment,Entertainment,21.56,25370.95,25349.39,2,Tokyo,Web Browser,Debit Card,0,0,TXN_105930,CUST_15930
55,Savings,Deposit,Groceries,143.41,25057.57,24914.16,23,Toronto,POS Terminal,Debit Card,0,0,TXN_100818,CUST_10818
32,Savings,Payment,Utilities,13.79,23337.84,23324.05,1,New York,ATM,Wire Transfer,1,1,TXN_106104,CUST_16104
51,Savings,Deposit,Travel,281.44,25461.66,25180.22,9,Tokyo,ATM,UPI / Wallet,0,1,TXN_105445,CUST_15445
62,Business,Payment,Utilities,34.92,6313.62,6278.7,13,Toronto,ATM,Credit Card,0,0,TXN_104439,CUST_14439
29,Savings,Payment,Electronics,16.91,5887.68,5870.77,0,Singapore,Web Browser,UPI / Wallet,0,0,TXN_102037,CUST_12037
18,Savings,Payment,Entertainment,0.12,24179.87,24179.75,14,Tokyo,Mobile App,Debit Card,0,0,TXN_104104,CUST_14104
62,Credit,Transfer,Groceries,13.42,2870.16,2856.74,21,Tokyo,Mobile App,Wire Transfer,0,0,TXN_101620,CUST_11620
22,Savings,Deposit,Travel,128.39,9530.52,9402.13,22,London,Web Browser,Debit Card,0,1,TXN_106307,CUST_16307
21,Savings,Withdrawal,Travel,346.45,10142.75,9796.3,12,Toronto,Mobile App,Debit Card,0,0,TXN_103267,CUST_13267
53,Credit,Payment,Utilities,54.78,25122.56,25217.78,13,New York,Mobile App,Debit Card,0,0,TXN_106573,CUST_16573
25,Savings,Payment,Travel,124.89,22180.17,22055.28,2,London,Mobile App,Credit Card,0,0,TXN_105294,CUST_15294
18,Credit,Payment,Travel,5.28,26299.64,26294.36,16,New York,Web Browser,Debit Card,0,0,TXN_103854,CUST_13854
62,Checking,Deposit,Groceries,34.51,7621.22,7586.71,2,New York,Web Browser,Debit Card,1,0,TXN_100068,CUST_10068
31,Savings,Payment,Utilities,297.59,7880.38,7582.79,18,Tokyo,Web Browser,Debit Card,0,0,TXN_102847,CUST_12847
18,Savings,Transfer,Groceries,371.05,23747.84,23376.79,23,Berlin,Web Browser,Debit Card,1,0,TXN_103307,CUST_13307
59,Checking,Withdrawal,Entertainment,11.78,18218.97,18207.19,15,London,Web Browser,Wire Transfer,0,0,TXN_103604,CUST_13604
18,Savings,Withdrawal,Travel,4.96,9586.71,9581.75,10,Tokyo,Mobile App,Credit Card,0,1,TXN_104568,CUST_14568
38,Savings,Transfer,Electronics,251.14,22940.39,22689.25,12,Tokyo,Mobile App,Wire Transfer,0,0,TXN_102950,CUST_12950
60,Checking,Payment,Groceries,34.24,27833.08,27798.84,10,Berlin,ATM,UPI / Wallet,0,0,TXN_106354,CUST_16354
33,Savings,Transfer,Electronics,266.62,25193.05,25076.43,1,Tokyo,Web Browser,UPI / Wallet,0,0,TXN_102161,CUST_12161
27,Credit,Deposit,Entertainment,37.74,18696.18,18658.44,13,Mumbai,ATM,Debit Card,0,0,TXN_100058,CUST_10058
24,Savings,Deposit,Travel,133.66,23563.59,23429.93,18,Berlin,ATM,UPI / Wallet,0,1,TXN_105730,CUST_15730
33,Checking,Deposit,Groceries,95.07,17744.96,17649.89,21,Mumbai,ATM,UPI / Wallet,0,0,TXN_103779,CUST_13779
24,Savings,Transfer,Retail,133.11,22735.61,22602.5,9,Berlin,Web Browser,UPI / Wallet,1,0,TXN_105585,CUST_15585
34,Savings,Withdrawal,Retail,140.04,17004.06,16864.02,0,London,POS Terminal,UPI / Wallet,0,0,TXN_100773,CUST_10773
52,Checking,Payment,Entertainment,30.38,6525.05,6494.67,20,Toronto,POS Terminal,Debit Card,0,0,TXN_102715,CUST_12715
47,Savings,Payment,Groceries,101.05,5411.81,5310.76,13,Tokyo,Mobile App,Credit Card,0,0,TXN_100904,CUST_10904
64,Checking,Transfer,Electronics,105.86,12622.02,12516.16,13,Toronto,ATM,UPI / Wallet,0,0,TXN_103756,CUST_13756
26,Savings,Transfer,Groceries,4.38,6207.9,6203.52,17,Berlin,Web Browser,UPI / Wallet,0,0,TXN_102333,CUST_12333
63,Business,Transfer,Travel,162.44,24704.14,24541.7,0,Berlin,POS Terminal,UPI / Wallet,0,0,TXN_106267,CUST_16267
33,Savings,Payment,Retail,2.49,21096.84,21094.35,18,Berlin,Mobile App,Debit Card,0,0,TXN_104448,CUST_14448
57,Business,Withdrawal,Retail,28.28,14815.09,14786.81,5,London,ATM,Credit Card,0,0,TXN_103097,CUST_13097
46,Savings,Payment,Entertainment,161.99,24590.25,24428.26,0,Berlin,Mobile App,Debit Card,0,0,TXN_103531,CUST_13531
29,Business,Payment,Retail,155.06,25493.97,25338.91,16,Singapore,Web Browser,Debit Card,0,0,TXN_102673,CUST_12673
71,Checking,Transfer,Entertainment,73.86,22495.73,22421.87,23,Toronto,POS Terminal,Credit Card,1,0,TXN_103568,CUST_13568
59,Savings,Transfer,Utilities,111.43,24372.95,24261.52,11,Tokyo,Mobile App,Debit Card,1,0,TXN_105011,CUST_15011
62,Savings,Transfer,Travel,125.21,21433.14,21307.93,12,Berlin,Web Browser,Wire Transfer,0,0,TXN_106923,CUST_16923
18,Checking,Withdrawal,Entertainment,178.72,19736.0,19557.28,23,London,Web Browser,Debit Card,0,0,TXN_103012,CUST_13012
26,Checking,Payment,Groceries,264.22,22526.28,22262.06,19,Tokyo,ATM,UPI / Wallet,0,0,TXN_105694,CUST_15694
30,Checking,Payment,Groceries,7.91,25931.72,25923.81,20,New York,POS Terminal,Credit Card,0,1,TXN_102878,CUST_12878
60,Savings,Withdrawal,Electronics,7.37,16850.05,16842.68,12,London,POS Terminal,Debit Card,1,0,TXN_105274,CUST_15274
52,Savings,Transfer,Retail,605.48,26065.84,25460.36,22,Berlin,ATM,UPI / Wallet,0,0,TXN_102328,CUST_12328
46,Checking,Deposit,Groceries,29.32,21599.46,21570.14,6,Toronto,Web Browser,Wire Transfer,1,1,TXN_106168,CUST_16168
18,Checking,Withdrawal,Travel,36.26,2248.38,2212.12,1,New York,POS Terminal,Credit Card,0,0,TXN_100502,CUST_10502
41,Business,Payment,Utilities,2.54,23358.31,23355.77,9,Tokyo,Mobile App,UPI / Wallet,0,0,TXN_102660,CUST_12660
18,Checking,Transfer,Groceries,193.65,21811.06,21617.41,10,Mumbai,Mobile App,Wire Transfer,1,0,TXN_102841,CUST_12841
46,Savings,Payment,Retail,111.7,9256.15,9144.45,21,Tokyo,Mobile App,Debit Card,0,0,TXN_101865,CUST_11865
18,Savings,Payment,Entertainment,644.44,549.12,0.0,12,Berlin,POS Terminal,Wire Transfer,0,0,TXN_100209,CUST_10209
37,Checking,Payment,Electronics,256.18,15779.75,15523.57,23,Toronto,POS Terminal,Wire Transfer,0,0,TXN_105293,CUST_15293
39,Checking,Withdrawal,Electronics,49.52,15379.07,15329.55,15,Tokyo,ATM,UPI / Wallet,0,0,TXN_100577,CUST_10577
69,Business,Transfer,Travel,58.5,24764.17,24705.67,3,London,Web Browser,UPI / Wallet,0,0,TXN_103869,CUST_13869
33,Business,Payment,Travel,51.11,8386.57,8335.46,6,Berlin,Web Browser,Credit Card,1,0,TXN_102204,CUST_12204
20,Credit,Payment,Groceries,13.32,4956.91,4943.59,2,London,ATM,UPI / Wallet,0,0,TXN_104813,CUST_14813
44,Business,Withdrawal,Travel,37.04,1097.55,1060.51,20,Berlin,Mobile App,UPI / Wallet,1,0,TXN_101400,CUST_11400
43,Checking,Withdrawal,Utilities,126.02,20897.68,20771.66,7,Mumbai,ATM,UPI / Wallet,0,0,TXN_101646,CUST_11646
22,Savings,Withdrawal,Travel,265.42,19749.67,19484.25,23,Mumbai,Web Browser,Credit Card,0,1,TXN_101404,CUST_11404
18,Credit,Transfer,Entertainment,41.17,24743.06,24701.89,4,Tokyo,Web Browser,Debit Card,0,0,TXN_104194,CUST_14194
35,Savings,Payment,Travel,329.7,14018.64,13838.94,21,Berlin,Mobile App,UPI / Wallet,0,0,TXN_102762,CUST_12762
39,Savings,Withdrawal,Groceries,120.88,13938.92,13818.04,17,Tokyo,ATM,UPI / Wallet,1,0,TXN_105289,CUST_15289
68,Savings,Transfer,Electronics,418.03,25589.89,25171.86,11,New York,POS Terminal,Credit Card,0,0,TXN_102795,CUST_12795
19,Savings,Withdrawal,Groceries,72.35,20627.96,20555.61,16,Mumbai,Web Browser,Debit Card,1,0,TXN_100809,CUST_10809
18,Savings,Transfer,Utilities,437.6,5339.53,4901.93,21,Singapore,Web Browser,Credit Card,1,0,TXN_102683,CUST_12683
66,Credit,Withdrawal,Groceries,232.36,26405.67,26173.31,18,New York,ATM,Debit Card,0,0,TXN_100574,CUST_10574
41,Business,Deposit,Entertainment,375.49,25562.71,25187.22,5,Tokyo,Web Browser,UPI / Wallet,0,0,TXN_101970,CUST_11970
18,Checking,Deposit,Travel,46.77,17919.16,17872.39,10,Tokyo,Web Browser,UPI / Wallet,0,0,TXN_104263,CUST_14263
59,Credit,Withdrawal,Electronics,11.88,22383.2,22371.32,6,Berlin,POS Terminal,Credit Card,0,0,TXN_104385,CUST_14385
70,Checking,Withdrawal,Groceries,39.35,20619.08,20579.73,14,Tokyo,ATM,Credit Card,0,0,TXN_103156,CUST_13156
18,Business,Transfer,Retail,34.65,20168.85,20134.2,13,Tokyo,Web Browser,Debit Card,0,0,TXN_100803,CUST_10803
55,Checking,Payment,Groceries,101.87,25178.85,25076.98,19,Singapore,Web Browser,Credit Card,0,0,TXN_102759,CUST_12759
70,Checking,Withdrawal,Travel,319.71,818.35,498.64,17,Mumbai,ATM,UPI / Wallet,0,0,TXN_103742,CUST_13742
68,Checking,Deposit,Travel,91.68,17189.65,17097.97,13,London,ATM,Debit Card,0,0,TXN_106782,CUST_16782
20,Savings,Payment,Electronics,160.31,8024.7,7864.39,0,Berlin,Web Browser,Wire Transfer,0,0,TXN_105925,CUST_15925
25,Savings,Payment,Travel,77.57,13434.62,13357.05,22,Berlin,ATM,UPI / Wallet,0,0,TXN_101985,CUST_11985
67,Checking,Payment,Groceries,8.33,22849.47,22841.14,1,Mumbai,ATM,Debit Card,0,0,TXN_102064,CUST_12064
23,Savings,Payment,Utilities,0.79,16843.48,16842.69,7,Tokyo,ATM,Debit Card,0,0,TXN_102132,CUST_12132
34,Checking,Withdrawal,Electronics,59.24,16809.7,16750.46,4,Tokyo,Mobile App,Debit Card,0,0,TXN_103481,CUST_13481
64,Credit,Payment,Utilities,50.87,20945.2,20894.33,14,Toronto,ATM,Credit Card,1,0,TXN_103390,CUST_13390
32,Checking,Transfer,Travel,9.0,13759.73,13750.73,0,New York,Mobile App,UPI / Wallet,0,0,TXN_100003,CUST_10003
60,Savings,Transfer,Entertainment,17.71,20733.16,20715.45,17,Toronto,Mobile App,Debit Card,0,1,TXN_105226,CUST_15226
71,Checking,Payment,Travel,163.13,24842.85,24679.72,9,New York,Web Browser,Wire Transfer,0,0,TXN_104437,CUST_14437
61,Savings,Payment,Entertainment,284.83,24384.91,24100.08,15,Toronto,Mobile App,Wire Transfer,0,0,TXN_101634,CUST_11634
18,Checking,Payment,Groceries,350.52,5705.17,5354.65,20,Toronto,ATM,Debit Card,0,0,TXN_103901,CUST_13901
56,Checking,Payment,Entertainment,252.86,10943.55,10690.69,9,Berlin,ATM,Debit Card,0,0,TXN_104902,CUST_14902
18,Checking,Transfer,Travel,6.67,22465.08,22458.41,2,New York,POS Terminal,Debit Card,0,0,TXN_101738,CUST_11738
66,Checking,Transfer,Utilities,238.76,20346.7,20107.94,17,Toronto,POS Terminal,Debit Card,0,0,TXN_101992,CUST_11992
39,Savings,Payment,Entertainment,36.3,24389.61,24353.31,11,Tokyo,Web Browser,Wire Transfer,1,0,TXN_100417,CUST_10417
31,Checking,Deposit,Travel,80.28,18472.67,18392.39,17,Toronto,Web Browser,Wire Transfer,0,0,TXN_103771,CUST_13771
41,Credit,Transfer,Retail,58.47,4712.16,4653.69,15,Toronto,ATM,Credit Card,0,0,TXN_101794,CUST_11794
42,Savings,Withdrawal,Electronics,19.55,4016.23,3996.68,11,London,Web Browser,Debit Card,0,0,TXN_105131,CUST_15131
36,Savings,Transfer,Travel,134.86,22452.79,22317.93,0,New York,ATM,Credit Card,0,1,TXN_102176,CUST_12176
33,Savings,Transfer,Groceries,7.81,22165.6,22157.79,14,Mumbai,Web Browser,UPI / Wallet,0,0,TXN_105337,CUST_15337
60,Savings,Withdrawal,Utilities,229.54,16039.06,15809.52,19,Tokyo,POS Terminal,Debit Card,0,0,TXN_103526,CUST_13526
62,Checking,Transfer,Retail,203.03,9716.02,9512.99,19,Toronto,Web Browser,UPI / Wallet,0,0,TXN_104176,CUST_14176
57,Checking,Deposit,Groceries,0.06,19849.68,19849.62,6,Tokyo,POS Terminal,UPI / Wallet,0,0,TXN_103103,CUST_13103
44,Savings,Withdrawal,Retail,98.92,24476.22,24377.3,11,Tokyo,ATM,Debit Card,1,0,TXN_101177,CUST_11177
31,Savings,Deposit,Entertainment,447.87,4853.79,4405.92,23,London,ATM,Debit Card,0,0,TXN_100288,CUST_10288
19,Savings,Transfer,Travel,169.27,15101.52,15082.25,13,Singapore,Web Browser,Wire Transfer,0,0,TXN_105082,CUST_15082
54,Checking,Transfer,Utilities,1254.06,20863.37,19609.31,8,New York,ATM,Debit Card,0,0,TXN_105657,CUST_15657
67,Savings,Transfer,Entertainment,84.6,19750.56,19665.96,20,Toronto,POS Terminal,Debit Card,0,0,TXN_105339,CUST_15339
43,Checking,Withdrawal,Retail,34.83,25269.7,25234.87,18,London,Web Browser,UPI / Wallet,0,0,TXN_101521,CUST_11521
63,Savings,Withdrawal,Travel,38.9,23240.31,23201.41,2,Toronto,Web Browser,Credit Card,0,0,TXN_105115,CUST_15115
51,Savings,Payment,Electronics,97.51,9543.59,9446.08,18,Mumbai,Web Browser,Debit Card,0,0,TXN_100885,CUST_10885
24,Checking,Transfer,Travel,9.06,4948.43,4939.37,15,Singapore,Web Browser,Wire Transfer,0,0,TXN_101100,CUST_11100
44,Business,Transfer,Groceries,358.43,9490.42,9131.99,6,Mumbai,Web Browser,Credit Card,0,0,TXN_101726,CUST_11726
38,Savings,Payment,Retail,38.54,18114.82,18076.28,21,Singapore,Web Browser,Debit Card,0,0,TXN_106840,CUST_16840
35,Business,Payment,Electronics,30.36,21228.51,21198.15,3,Singapore,POS Terminal,Credit Card,0,0,TXN_106774,CUST_16774
21,Savings,Payment,Utilities,200.92,6718.91,6517.99,13,Tokyo,Mobile App,Debit Card,1,0,TXN_102303,CUST_12303
18,Savings,Payment,Utilities,393.26,6910.9,6517.64,16,Berlin,ATM,UPI / Wallet,1,0,TXN_102510,CUST_12510
21,Checking,Transfer,Utilities,20.52,19540.99,19670.47,23,New York,Mobile App,UPI / Wallet,1,0,TXN_104390,CUST_14390
46,Credit,Transfer,Electronics,552.32,25145.62,24593.3,0,London,POS Terminal,UPI / Wallet,0,0,TXN_106716,CUST_16716
19,Checking,Payment,Travel,31.34,23290.83,23259.49,13,Berlin,Web Browser,Debit Card,0,0,TXN_102802,CUST_12802
58,Checking,Payment,Groceries,148.43,23394.46,23246.03,14,Mumbai,ATM,UPI / Wallet,0,0,TXN_101303,CUST_11303
22,Credit,Payment,Retail,104.81,6455.17,6350.36,1,Mumbai,POS Terminal,Debit Card,0,0,TXN_103514,CUST_13514
23,Savings,Payment,Entertainment,121.75,2851.56,2729.81,3,Mumbai,Mobile App,UPI / Wallet,0,0,TXN_103948,CUST_13948
60,Savings,Withdrawal,Travel,255.77,9824.26,9568.49,16,Singapore,ATM,Debit Card,0,0,TXN_102016,CUST_12016
29,Savings,Deposit,Utilities,473.25,26028.37,25705.12,2,Toronto,Mobile App,Debit Card,0,0,TXN_103281,CUST_13281
59,Checking,Payment,Groceries,20.69,159.16,138.47,8,Berlin,Web Browser,UPI / Wallet,0,0,TXN_103411,CUST_13411
33,Savings,Deposit,Travel,26.42,0.26,0.0,16,Berlin,Web Browser,Credit Card,0,0,TXN_101049,CUST_11049
18,Credit,Transfer,Entertainment,41.17,24743.06,24701.89,4,Tokyo,Web Browser,Debit Card,0,0,TXN_104194,CUST_14194
52,Checking,Withdrawal,Groceries,87.23,22648.67,22561.44,6,Mumbai,Web Browser,Debit Card,0,0,TXN_106418,CUST_16418
61,Savings,Transfer,Groceries,122.49,25354.68,25232.19,18,Berlin,ATM,Debit Card,0,0,TXN_101621,CUST_11621
62,Business,Deposit,Groceries,12.49,24578.43,24565.94,2,Mumbai,POS Terminal,Debit Card,0,0,TXN_106118,CUST_16118
19,Checking,Transfer,Entertainment,153.2,23076.26,22923.06,9,New York,ATM,Debit Card,0,1,TXN_102642,CUST_12642
67,Checking,Withdrawal,Travel,26.26,13184.01,13157.75,17,Mumbai,POS Terminal,UPI / Wallet,0,0,TXN_106046,CUST_16046
59,Checking,Payment,Travel,139.15,23317.35,23178.2,18,New York,Mobile App,Wire Transfer,0,0,TXN_104688,CUST_14688
59,Checking,Withdrawal,Travel,71.62,24493.69,24422.07,18,Singapore,ATM,UPI / Wallet,0,0,TXN_100828,CUST_10828
30,Checking,Transfer,Travel,158.0,25698.85,25540.85,21,Toronto,Web Browser,UPI / Wallet,0,0,TXN_104971,CUST_14971
28,Checking,Withdrawal,Groceries,59.05,10584.21,10525.16,20,Berlin,Mobile App,UPI / Wallet,0,0,TXN_103669,CUST_13669
65,Checking,Withdrawal,Travel,165.34,12445.56,12280.22,20,Berlin,Web Browser,UPI / Wallet,0,0,TXN_106766,CUST_16766
20,Savings,Payment,Groceries,450.73,22282.46,21831.73,4,Berlin,Web Browser,Credit Card,0,0,TXN_103365,CUST_13365
58,Checking,Withdrawal,Entertainment,91.11,11637.74,11546.63,18,Berlin,Mobile App,Debit Card,1,0,TXN_104286,CUST_14286
63,Checking,Withdrawal,Travel,156.52,21484.3,21327.78,7,Singapore,Web Browser,UPI / Wallet,0,0,TXN_104758,CUST_14758
34,Savings,Payment,Utilities,143.92,18652.3,18508.38,6,Toronto,Web Browser,Credit Card,0,0,TXN_104069,CUST_14069
39,Credit,Payment,Groceries,61.18,25557.88,25646.7,5,New York,ATM,Credit Card,0,0,TXN_104608,CUST_14608
61,Savings,Withdrawal,Utilities,302.51,17778.02,17475.51,8,Mumbai,Web Browser,Credit Card,0,1,TXN_106140,CUST_16140
49,Savings,Transfer,Retail,190.79,4645.53,4454.74,3,London,Mobile App,UPI / Wallet,0,0,TXN_104948,CUST_14948
74,Business,Deposit,Utilities,7.74,22412.51,22404.77,19,Singapore,Web Browser,UPI / Wallet,0,0,TXN_105062,CUST_15062
31,Checking,Transfer,Entertainment,661.23,22507.35,21846.12,11,Singapore,Web Browser,Credit Card,0,0,TXN_105395,CUST_15395
31,Savings,Payment,Entertainment,316.08,24174.27,23858.19,21,Toronto,ATM,Debit Card,0,0,TXN_103260,CUST_13260
69,Checking,Transfer,Entertainment,41.42,26295.06,26253.64,11,Berlin,Web Browser,Wire Transfer,0,0,TXN_100846,CUST_10846
60,Checking,Transfer,Travel,156.76,22902.55,22745.79,2,Tokyo,POS Terminal,UPI / Wallet,0,0,TXN_104823,CUST_14823
46,Savings,Payment,Travel,28.6,1816.12,1787.52,13,London,Mobile App,Wire Transfer,0,0,TXN_104077,CUST_14077
19,Checking,Payment,Travel,206.17,25222.2,25016.03,3,Singapore,POS Terminal,Wire Transfer,0,0,TXN_101601,CUST_11601
40,Checking,Payment,Utilities,157.35,25515.36,25358.01,21,Mumbai,ATM,Debit Card,0,0,TXN_104289,CUST_14289
18,Checking,Transfer,Retail,218.43,9650.53,9432.1,21,Tokyo,Mobile App,UPI / Wallet,0,0,TXN_104029,CUST_14029
18,Checking,Payment,Travel,258.97,19776.64,19517.67,1,Tokyo,Web Browser,Credit Card,0,0,TXN_100508,CUST_10508
36,Business,Transfer,Travel,97.4,18103.48,18006.08,23,Singapore,Web Browser,UPI / Wallet,0,0,TXN_105658,CUST_15658
25,Savings,Withdrawal,Retail,30.06,20160.23,20130.17,18,Toronto,ATM,Debit Card,0,0,TXN_100540,CUST_10540
47,Savings,Payment,Travel,85.43,5195.3,5109.87,16,Mumbai,Mobile App,Debit Card,0,0,TXN_102616,CUST_12616
39,Credit,Transfer,Groceries,23.33,5832.66,5809.33,18,Singapore,POS Terminal,Credit Card,0,0,TXN_104025,CUST_14025
18,Savings,Payment,Electronics,302.24,9266.8,8964.56,5,Tokyo,Mobile App,Debit Card,0,1,TXN_100453,CUST_10453
71,Checking,Transfer,Entertainment,73.86,22495.73,22421.87,23,Toronto,POS Terminal,Credit Card,1,0,TXN_103568,CUST_13568
72,Credit,Transfer,Electronics,86.54,18086.08,17999.54,21,Singapore,POS Terminal,Debit Card,0,0,TXN_104628,CUST_14628
20,Savings,Payment,Electronics,260.62,24587.9,24327.28,13,Berlin,Web Browser,Debit Card,0,0,TXN_101671,CUST_11671
22,Savings,Payment,Travel,110.67,21403.06,21292.39,21,Singapore,POS Terminal,Credit Card,0,0,TXN_106086,CUST_16086
43,Business,Deposit,Groceries,67.25,23268.71,23201.46,20,Toronto,Mobile App,Credit Card,0,0,TXN_104952,CUST_14952
39,Checking,Deposit,Retail,161.45,19916.47,19755.02,16,Mumbai,ATM,Debit Card,0,0,TXN_103295,CUST_13295
62,Checking,Payment,Retail,108.84,11128.22,11019.38,20,Mumbai,Mobile App,Wire Transfer,0,0,TXN_101554,CUST_11554
20,Savings,Transfer,Electronics,242.58,20033.34,19790.76,7,Berlin,Mobile App,UPI / Wallet,0,0,TXN_100761,CUST_10761
65,Checking,Deposit,Utilities,317.02,23966.11,23649.09,20,New York,POS Terminal,Debit Card,0,0,TXN_100335,CUST_10335
66,Savings,Withdrawal,Travel,18.17,11404.23,11386.06,8,Toronto,Mobile App,Debit Card,0,0,TXN_104096,CUST_14096
69,Checking,Transfer,Entertainment,34.13,17327.5,17293.37,3,Berlin,Web Browser,Wire Transfer,0,0,TXN_102193,CUST_12193
36,Savings,Transfer,Entertainment,24.85,15230.29,15205.44,13,Toronto,Mobile App,Debit Card,0,0,TXN_105712,CUST_15712
27,Savings,Withdrawal,Groceries,49.14,21804.5,21755.36,4,Berlin,Web Browser,Debit Card,0,0,TXN_106119,CUST_16119
55,Business,Transfer,Groceries,124.99,23609.19,23634.2,18,Mumbai,Mobile App,Wire Transfer,0,0,TXN_104219,CUST_14219
36,Checking,Payment,Groceries,70.66,19917.27,19846.61,8,Tokyo,Mobile App,UPI / Wallet,0,1,TXN_105463,CUST_15463
63,Checking,Transfer,Travel,160.59,19170.07,19009.48,7,Toronto,Mobile App,Debit Card,0,0,TXN_101629,CUST_11629
61,Savings,Withdrawal,Retail,636.07,2398.28,1762.21,3,Singapore,Mobile App,UPI / Wallet,0,1,TXN_105877,CUST_15877
61,Checking,Payment,Electronics,218.97,11354.29,11135.32,8,Toronto,Web Browser,Wire Transfer,1,0,TXN_103727,CUST_13727
38,Checking,Withdrawal,Travel,125.79,5638.7,5512.91,14,Singapore,ATM,Debit Card,1,0,TXN_103682,CUST_13682
20,Checking,Transfer,Groceries,58.35,4160.96,4102.61,14,New York,Mobile App,Wire Transfer,0,0,TXN_105310,CUST_15310
71,Credit,Transfer,Entertainment,106.11,6266.61,6160.5,7,Mumbai,ATM,Debit Card,0,0,TXN_100849,CUST_10849
68,Checking,Deposit,Travel,349.02,10532.71,10183.69,14,New York,Mobile App,Debit Card,0,0,TXN_106678,CUST_16678
18,Credit,Transfer,Utilities,17.75,6558.75,6541.0,14,Mumbai,Web Browser,UPI / Wallet,0,0,TXN_101385,CUST_11385
64,Checking,Payment,Entertainment,41.19,18690.47,18649.28,12,New York,POS Terminal,Wire Transfer,0,0,TXN_102091,CUST_12091
67,Checking,Transfer,Travel,115.65,14019.22,13903.57,21,London,Web Browser,UPI / Wallet,1,0,TXN_102567,CUST_12567
31,Savings,Payment,Groceries,147.05,1021.07,874.02,5,Tokyo,Mobile App,Debit Card,0,0,TXN_106360,CUST_16360
22,Checking,Transfer,Entertainment,54.89,5407.78,5352.89,7,Toronto,ATM,Debit Card,0,0,TXN_103091,CUST_13091
18,Business,Payment,Retail,79.01,25378.45,25299.44,2,New York,POS Terminal,UPI / Wallet,1,0,TXN_105315,CUST_15315
18,Savings,Payment,Entertainment,162.02,7646.12,7484.1,10,Singapore,Web Browser,Debit Card,0,0,TXN_103651,CUST_13651
79,Savings,Transfer,Travel,198.06,24731.83,24533.77,21,Tokyo,ATM,Debit Card,0,0,TXN_101083,CUST_11083
21,Savings,Withdrawal,Utilities,196.59,24572.81,24376.22,9,Singapore,ATM,UPI / Wallet,0,0,TXN_106424,CUST_16424
66,Checking,Transfer,Entertainment,88.1,23828.7,23740.6,6,Singapore,Web Browser,Credit Card,0,0,TXN_100286,CUST_10286
64,Savings,Transfer,Electronics,71.13,18309.76,18238.63,6,Toronto,Mobile App,UPI / Wallet,0,0,TXN_102597,CUST_12597
18,Checking,Transfer,Entertainment,86.0,25674.83,25588.83,6,Toronto,Mobile App,Debit Card,1,1,TXN_100480,CUST_10480
29,Checking,Payment,Travel,23.33,17031.41,17008.08,8,Toronto,Web Browser,Wire Transfer,0,0,TXN_104089,CUST_14089
38,Checking,Transfer,Entertainment,229.11,20882.32,20653.21,4,New York,Web Browser,Debit Card,0,0,TXN_105827,CUST_15827
25,Savings,Payment,Groceries,377.95,21313.32,20935.37,2,Berlin,POS Terminal,UPI / Wallet,0,1,TXN_104623,CUST_14623
62,Business,Payment,Groceries,15.93,16660.11,16644.18,0,New York,Mobile App,UPI / Wallet,0,0,TXN_101086,CUST_11086
33,Checking,Transfer,Electronics,77.64,11350.4,11272.76,22,Singapore,POS Terminal,Wire Transfer,0,0,TXN_103016,CUST_13016
70,Savings,Transfer,Entertainment,391.93,19785.98,19394.05,18,Tokyo,ATM,Wire Transfer,0,0,TXN_106749,CUST_16749
48,Business,Payment,Travel,146.05,25549.56,25553.51,9,Tokyo,Mobile App,Credit Card,0,0,TXN_100296,CUST_10296
18,Savings,Transfer,Utilities,12.62,12351.12,12338.5,9,Tokyo,ATM,Debit Card,0,0,TXN_103258,CUST_13258
73,Savings,Withdrawal,Travel,68.16,23120.84,23052.68,5,Berlin,Mobile App,Credit Card,0,0,TXN_106606,CUST_16606
20,Savings,Payment,Electronics,601.07,23315.59,22714.52,14,Mumbai,Mobile App,Debit Card,1,0,TXN_100408,CUST_10408
42,Checking,Withdrawal,Entertainment,180.0,21715.94,21535.94,16,Singapore,POS Terminal,Wire Transfer,1,0,TXN_100353,CUST_10353
67,Savings,Transfer,Travel,25.88,22805.69,22779.81,7,Toronto,ATM,Debit Card,0,0,TXN_101048,CUST_11048
46,Checking,Deposit,Groceries,20.73,16781.58,16760.85,3,Toronto,Mobile App,UPI / Wallet,0,0,TXN_106067,CUST_16067
33,Savings,Transfer,Travel,266.62,26718.93,26452.31,17,Berlin,Mobile App,UPI / Wallet,1,0,TXN_103313,CUST_13313
18,Credit,Transfer,Utilities,615.25,14533.93,13918.68,3,Singapore,ATM,Debit Card,0,0,TXN_102318,CUST_12318
64,Savings,Payment,Travel,564.94,25131.98,24567.04,2,Singapore,POS Terminal,Debit Card,0,0,TXN_101900,CUST_11900
32,Checking,Payment,Utilities,71.97,14361.51,14289.54,19,Tokyo,Web Browser,Debit Card,0,1,TXN_101422,CUST_11422
25,Savings,Withdrawal,Electronics,435.45,28273.46,27838.01,6,Berlin,Mobile App,UPI / Wallet,1,0,TXN_102794,CUST_12794
20,Savings,Payment,Groceries,450.73,22282.46,21831.73,4,Berlin,Web Browser,Credit Card,0,0,TXN_103365,CUST_13365
34,Checking,Transfer,Travel,169.39,26303.2,26133.81,18,New York,Mobile App,Debit Card,0,1,TXN_104269,CUST_14269
41,Checking,Withdrawal,Travel,471.51,3749.84,3278.33,3,Tokyo,Mobile App,Debit Card,1,0,TXN_104570,CUST_14570
29,Checking,Payment,Retail,131.0,25873.12,25742.12,5,Mumbai,Web Browser,Debit Card,0,0,TXN_105506,CUST_15506
33,Savings,Deposit,Utilities,20.65,22095.76,22075.11,13,London,POS Terminal,Debit Card,0,0,TXN_104011,CUST_14011
23,Checking,Withdrawal,Travel,76.35,6738.21,6811.86,10,Tokyo,POS Terminal,Debit Card,0,0,TXN_105349,CUST_15349
28,Checking,Payment,Travel,161.8,17782.23,17620.43,14,New York,Web Browser,Wire Transfer,0,0,TXN_101062,CUST_11062
18,Checking,Payment,Travel,15.22,13484.92,13469.7,6,London,Web Browser,Debit Card,0,0,TXN_106563,CUST_16563
32,Savings,Payment,Retail,11.15,16126.54,16115.39,0,Berlin,ATM,UPI / Wallet,0,0,TXN_100494,CUST_10494
18,Checking,Payment,Entertainment,151.04,28130.78,27979.74,11,Singapore,Web Browser,Wire Transfer,0,0,TXN_100246,CUST_10246
23,Credit,Transfer,Electronics,108.68,21522.34,21413.66,22,Berlin,Mobile App,Debit Card,1,1,TXN_106665,CUST_16665
40,Checking,Payment,Utilities,157.35,25515.36,25358.01,21,Mumbai,ATM,Debit Card,0,0,TXN_104289,CUST_14289
49,Savings,Withdrawal,Utilities,0.0,20287.68,20437.68,14,Singapore,Mobile App,Wire Transfer,0,0,TXN_103026,CUST_13026
46,Checking,Payment,Travel,120.27,19417.59,19297.32,17,London,ATM,Wire Transfer,0,0,TXN_101814,CUST_11814
56,Checking,Payment,Entertainment,46.44,25176.92,25130.48,5,Toronto,Mobile App,Debit Card,0,0,TXN_100726,CUST_10726
62,Savings,Transfer,Travel,182.59,21337.0,21154.41,12,Berlin,ATM,Debit Card,0,0,TXN_100202,CUST_10202
76,Checking,Transfer,Retail,70.18,23551.18,23481.0,8,Mumbai,Mobile App,Credit Card,0,0,TXN_101232,CUST_11232
37,Checking,Transfer,Retail,369.77,21202.02,20832.25,16,Mumbai,Mobile App,Debit Card,1,0,TXN_105816,CUST_15816
26,Checking,Deposit,Groceries,249.81,3788.5,3538.69,1,Mumbai,ATM,Wire Transfer,0,0,TXN_105086,CUST_15086
60,Checking,Deposit,Retail,189.3,7854.78,7665.48,18,Mumbai,POS Terminal,Wire Transfer,0,0,TXN_105285,CUST_15285
18,Credit,Transfer,Travel,53.04,7364.73,7311.69,12,Berlin,ATM,Wire Transfer,1,0,TXN_101504,CUST_11504
46,Savings,Deposit,Travel,120.14,1029.09,908.95,14,New York,POS Terminal,UPI / Wallet,1,1,TXN_102276,CUST_12276
62,Savings,Transfer,Utilities,35.68,22962.86,22927.18,0,Toronto,ATM,Debit Card,0,0,TXN_102330,CUST_12330
23,Credit,Transfer,Electronics,481.29,22372.38,21891.09,9,London,Web Browser,Debit Card,0,0,TXN_106777,CUST_16777
37,Savings,Payment,Electronics,29.11,10790.8,10761.69,23,Singapore,Web Browser,Debit Card,0,0,TXN_102459,CUST_12459
38,Credit,Transfer,Electronics,88.08,23824.67,23736.59,21,Toronto,ATM,Credit Card,0,0,TXN_104936,CUST_14936
18,Checking,Payment,Retail,65.24,10191.63,10126.39,11,New York,POS Terminal,Debit Card,0,0,TXN_104717,CUST_14717
51,Savings,Payment,Entertainment,5.0,2676.71,2671.71,13,Berlin,Mobile App,UPI / Wallet,0,0,TXN_104627,CUST_14627
18,Savings,Transfer,Travel,428.61,15547.78,15119.17,6,London,ATM,Debit Card,0,0,TXN_102607,CUST_12607
47,Savings,Deposit,Groceries,65.88,13825.97,13760.09,23,Tokyo,Web Browser,Credit Card,0,0,TXN_105200,CUST_15200
24,Savings,Payment,Retail,168.79,7011.31,6842.52,9,Tokyo,ATM,Debit Card,0,0,TXN_102698,CUST_12698
70,Checking,Deposit,Utilities,71.15,19406.83,19335.68,2,Tokyo,ATM,Wire Transfer,1,0,TXN_102410,CUST_12410
18,Checking,Payment,Utilities,61.68,21355.81,21294.13,5,Toronto,ATM,Credit Card,0,0,TXN_100887,CUST_10887
18,Checking,Transfer,Groceries,8.55,10453.52,10444.97,8,Berlin,POS Terminal,Wire Transfer,0,0,TXN_104638,CUST_14638
50,Checking,Deposit,Electronics,364.51,6410.45,6045.94,6,London,ATM,Wire Transfer,0,0,TXN_104331,CUST_14331
19,Savings,Payment,Electronics,12.94,12898.83,12885.89,5,Mumbai,Mobile App,Debit Card,0,0,TXN_101518,CUST_11518
40,Checking,Payment,Groceries,139.51,22677.31,22537.8,9,Tokyo,POS Terminal,Wire Transfer,0,1,TXN_105259,CUST_15259
68,Savings,Payment,Groceries,45.99,17390.82,17344.83,15,Singapore,Web Browser,Debit Card,0,0,TXN_100400,CUST_10400
28,Savings,Transfer,Retail,105.55,19221.05,19115.5,22,Berlin,Web Browser,Debit Card,0,0,TXN_105213,CUST_15213
57,Business,Transfer,Entertainment,94.96,7140.72,7195.76,0,New York,Web Browser,Wire Transfer,0,1,TXN_104444,CUST_14444
18,Checking,Withdrawal,Travel,301.13,22717.78,22416.65,23,Tokyo,Mobile App,Credit Card,0,0,TXN_103507,CUST_13507
27,Checking,Transfer,Groceries,91.07,4951.76,4860.69,11,Singapore,Mobile App,Credit Card,0,0,TXN_104057,CUST_14057
72,Credit,Transfer,Electronics,86.54,18086.08,17999.54,21,Singapore,POS Terminal,Debit Card,0,0,TXN_104628,CUST_14628
28,Checking,Payment,Travel,340.76,26174.97,25834.21,0,Mumbai,ATM,Debit Card,0,1,TXN_103341,CUST_13341
50,Credit,Payment,Retail,39.04,6408.2,6369.16,0,Singapore,Mobile App,Wire Transfer,0,0,TXN_104309,CUST_14309
22,Checking,Withdrawal,Utilities,85.68,14830.21,14744.53,13,London,Mobile App,UPI / Wallet,0,0,TXN_100277,CUST_10277
69,Business,Deposit,Utilities,228.31,27511.76,27283.45,18,Tokyo,ATM,Credit Card,0,0,TXN_101864,CUST_11864
50,Checking,Transfer,Groceries,60.85,23054.26,22993.41,18,Berlin,Mobile App,UPI / Wallet,0,0,TXN_102396,CUST_12396
27,Credit,Transfer,Electronics,331.25,23828.09,23496.84,14,Mumbai,POS Terminal,UPI / Wallet,1,1,TXN_106685,CUST_16685
51,Checking,Deposit,Travel,41.14,6467.17,6426.03,10,Mumbai,POS Terminal,Wire Transfer,0,0,TXN_101147,CUST_11147
21,Savings,Payment,Groceries,679.66,20836.78,20157.12,11,Mumbai,Web Browser,Wire Transfer,0,0,TXN_102213,CUST_12213
64,Savings,Transfer,Electronics,71.13,18309.76,18238.63,6,Toronto,Mobile App,UPI / Wallet,0,0,TXN_102597,CUST_12597
61,Savings,Transfer,Groceries,122.49,25354.68,25232.19,18,Berlin,ATM,Debit Card,0,0,TXN_101621,CUST_11621
27,Credit,Transfer,Retail,83.78,23205.4,23121.62,20,Tokyo,Mobile App,Debit Card,0,0,TXN_101394,CUST_11394
55,Business,Withdrawal,Groceries,85.78,23052.79,22967.01,16,Tokyo,Mobile App,Wire Transfer,0,0,TXN_106455,CUST_16455
54,Checking,Transfer,Groceries,73.61,23089.56,23015.95,20,Tokyo,POS Terminal,Credit Card,0,0,TXN_102663,CUST_12663
33,Checking,Transfer,Electronics,47.8,13828.92,13781.12,23,London,Web Browser,UPI / Wallet,0,0,TXN_100864,CUST_10864
18,Savings,Payment,Travel,309.83,26347.13,26037.3,9,Tokyo,ATM,Credit Card,1,0,TXN_101587,CUST_11587
21,Business,Withdrawal,Retail,194.9,6690.51,6495.61,17,Toronto,ATM,Debit Card,0,0,TXN_101270,CUST_11270
60,Checking,Transfer,Utilities,124.69,26774.81,26650.12,13,Toronto,Mobile App,Debit Card,0,0,TXN_101133,CUST_11133
43,Savings,Payment,Groceries,77.03,12355.53,12278.5,14,Tokyo,ATM,Debit Card,0,0,TXN_103442,CUST_13442
24,Business,Withdrawal,Utilities,58.97,19309.0,19250.03,20,Singapore,POS Terminal,Credit Card,0,0,TXN_104749,CUST_14749
53,Checking,Payment,Utilities,43.69,13126.21,13082.52,13,Singapore,Mobile App,Wire Transfer,0,1,TXN_101145,CUST_11145
72,Credit,Deposit,Groceries,248.91,18762.96,18514.05,9,Singapore,Mobile App,UPI / Wallet,0,1,TXN_105660,CUST_15660
18,Credit,Deposit,Retail,692.59,13779.04,13086.45,9,Tokyo,Mobile App,Credit Card,0,0,TXN_106729,CUST_16729
68,Credit,Payment,Entertainment,155.91,27610.2,27454.29,13,Singapore,Web Browser,Debit Card,0,0,TXN_105767,CUST_15767
65,Checking,Payment,Groceries,23.38,3620.05,3596.67,13,Berlin,Mobile App,Wire Transfer,0,0,TXN_104193,CUST_14193
65,Savings,Withdrawal,Utilities,21.94,24651.14,24629.2,21,Tokyo,POS Terminal,Debit Card,0,0,TXN_102852,CUST_12852
18,Savings,Withdrawal,Utilities,118.73,10921.93,10803.2,0,London,ATM,Credit Card,0,0,TXN_101203,CUST_11203
29,Savings,Deposit,Electronics,137.25,17481.64,17494.39,7,New York,ATM,UPI / Wallet,1,1,TXN_102748,CUST_12748
58,Checking,Transfer,Retail,39.44,8725.24,8835.8,1,Singapore,Mobile App,Debit Card,0,0,TXN_101706,CUST_11706
48,Checking,Deposit,Travel,40.69,22622.35,22581.66,18,New York,POS Terminal,Debit Card,0,0,TXN_103345,CUST_13345
62,Savings,Transfer,Electronics,105.23,24371.88,24266.65,8,Mumbai,Mobile App,UPI / Wallet,0,0,TXN_104549,CUST_14549
26,Savings,Payment,Entertainment,106.89,4959.97,4853.08,12,Berlin,Mobile App,UPI / Wallet,1,0,TXN_103554,CUST_13554
73,Credit,Withdrawal,Entertainment,267.82,20230.46,19962.64,19,Mumbai,Mobile App,Debit Card,0,0,TXN_105255,CUST_15255
38,Checking,Deposit,Travel,34.74,6575.25,6540.51,16,Tokyo,Mobile App,Debit Card,0,0,TXN_100267,CUST_10267
33,Savings,Payment,Retail,7.11,17457.71,17450.6,18,Mumbai,Web Browser,UPI / Wallet,0,0,TXN_105355,CUST_15355
22,Credit,Payment,Entertainment,11.78,17160.81,17149.03,13,New York,Web Browser,Wire Transfer,0,0,TXN_104837,CUST_14837
59,Business,Withdrawal,Groceries,66.0,20206.22,20140.22,23,Tokyo,ATM,Wire Transfer,0,0,TXN_104163,CUST_14163
77,Savings,Payment,Entertainment,54.66,24718.07,24663.41,8,Singapore,Mobile App,UPI / Wallet,0,1,TXN_100073,CUST_10073
64,Checking,Transfer,Electronics,108.76,14149.08,14040.32,19,London,POS Terminal,UPI / Wallet,0,0,TXN_101293,CUST_11293
20,Savings,Payment,Electronics,601.07,23315.59,22714.52,14,Mumbai,Mobile App,Debit Card,1,0,TXN_100408,CUST_10408
19,Savings,Transfer,Travel,36.43,25200.81,25164.38,2,Berlin,Mobile App,Wire Transfer,0,0,TXN_101540,CUST_11540
42,Checking,Payment,Groceries,205.33,25094.34,24889.01,12,London,Mobile App,Debit Card,0,0,TXN_103484,CUST_13484
55,Savings,Payment,Travel,233.32,24647.85,24414.53,3,Berlin,POS Terminal,UPI / Wallet,0,0,TXN_105519,CUST_15519
50,Savings,Transfer,Utilities,46.06,25199.39,25153.33,5,New York,Web Browser,Wire Transfer,0,0,TXN_100908,CUST_10908
54,Checking,Transfer,Groceries,73.61,23089.56,23015.95,20,Tokyo,POS Terminal,Credit Card,0,0,TXN_102663,CUST_12663
24,Savings,Withdrawal,Travel,29.41,2110.0,2230.59,1,Toronto,Web Browser,Credit Card,0,0,TXN_102604,CUST_12604
66,Checking,Deposit,Retail,64.91,26098.84,26033.93,16,London,Web Browser,Wire Transfer,0,1,TXN_102429,CUST_12429
42,Savings,Withdrawal,Electronics,19.55,4016.23,3996.68,11,London,Web Browser,Debit Card,0,0,TXN_105131,CUST_15131
45,Checking,Withdrawal,Utilities,188.85,17052.2,16863.35,19,Singapore,Mobile App,UPI / Wallet,0,0,TXN_104780,CUST_14780
66,Checking,Withdrawal,Utilities,52.62,24816.69,24764.07,1,Berlin,Mobile App,UPI / Wallet,0,0,TXN_105510,CUST_15510
36,Checking,Transfer,Travel,224.5,26449.32,26224.82,6,Tokyo,Web Browser,Wire Transfer,0,0,TXN_102876,CUST_12876
18,Business,Deposit,Groceries,9.22,21632.95,21623.73,21,Berlin,Web Browser,Debit Card,0,0,TXN_106233,CUST_16233
29,Savings,Transfer,Utilities,196.33,26604.68,26408.35,14,Berlin,Mobile App,UPI / Wallet,0,1,TXN_100743,CUST_10743
38,Savings,Deposit,Entertainment,43.68,16390.81,16347.13,1,Toronto,Mobile App,Wire Transfer,0,1,TXN_103478,CUST_13478
70,Checking,Deposit,Utilities,71.15,19406.83,19335.68,2,Tokyo,ATM,Wire Transfer,1,0,TXN_102410,CUST_12410
18,Checking,Payment,Groceries,4.89,19684.33,19679.44,22,London,ATM,Wire Transfer,1,0,TXN_102537,CUST_12537
29,Savings,Payment,Electronics,16.91,5887.68,5870.77,0,Singapore,Web Browser,UPI / Wallet,0,0,TXN_102037,CUST_12037
18,Checking,Withdrawal,Entertainment,13.88,19853.73,19839.85,5,Mumbai,POS Terminal,UPI / Wallet,0,0,TXN_102725,CUST_12725
63,Checking,Transfer,Retail,226.18,14789.01,14562.83,8,New York,ATM,Credit Card,1,0,TXN_102234,CUST_12234
21,Checking,Transfer,Utilities,62.14,18022.86,17960.72,23,Toronto,Web Browser,Wire Transfer,1,0,TXN_103291,CUST_13291
63,Business,Payment,Travel,184.85,20869.17,20684.32,18,Tokyo,POS Terminal,Debit Card,0,0,TXN_105540,CUST_15540
18,Savings,Payment,Entertainment,179.97,1838.11,1658.14,6,Berlin,ATM,Credit Card,0,0,TXN_105087,CUST_15087
18,Checking,Transfer,Retail,354.05,10079.23,9725.18,22,Toronto,Web Browser,Wire Transfer,0,0,TXN_104703,CUST_14703
65,Savings,Transfer,Groceries,32.77,20889.38,20856.61,12,Berlin,Mobile App,UPI / Wallet,0,0,TXN_103433,CUST_13433
46,Credit,Deposit,Entertainment,55.93,17167.05,17111.12,1,Berlin,Mobile App,Wire Transfer,0,0,TXN_101627,CUST_11627
53,Savings,Deposit,Electronics,96.16,10833.32,10737.16,22,Singapore,POS Terminal,Debit Card,0,0,TXN_103287,CUST_13287
19,Savings,Transfer,Travel,96.78,21596.55,21499.77,23,Singapore,POS Terminal,Credit Card,1,0,TXN_101890,CUST_11890
66,Business,Transfer,Retail,7.97,22076.42,22068.45,6,Singapore,ATM,UPI / Wallet,0,0,TXN_103840,CUST_13840
33,Business,Withdrawal,Travel,118.48,21543.79,21425.31,21,New York,Web Browser,Debit Card,0,1,TXN_106908,CUST_16908
18,Checking,Transfer,Groceries,8.55,10453.52,10444.97,8,Berlin,POS Terminal,Wire Transfer,0,0,TXN_104638,CUST_14638
46,Savings,Transfer,Groceries,102.89,16271.41,16168.52,21,Tokyo,POS Terminal,Debit Card,0,0,TXN_104109,CUST_14109
18,Business,Payment,Entertainment,31.0,13650.25,13619.25,11,New York,Web Browser,UPI / Wallet,0,0,TXN_104335,CUST_14335
42,Savings,Transfer,Groceries,17.69,11010.65,10992.96,6,Singapore,POS Terminal,Wire Transfer,0,0,TXN_105453,CUST_15453
76,Savings,Transfer,Electronics,73.89,21983.41,21909.52,5,Tokyo,Web Browser,Credit Card,0,1,TXN_104773,CUST_14773
31,Checking,Withdrawal,Travel,11.18,14527.59,14516.41,12,Berlin,Mobile App,Debit Card,0,0,TXN_101508,CUST_11508
76,Savings,Transfer,Retail,130.54,25768.79,25638.25,9,Mumbai,Mobile App,Debit Card,0,0,TXN_101737,CUST_11737
18,Checking,Deposit,Entertainment,286.72,26645.69,26358.97,17,Berlin,ATM,Wire Transfer,0,0,TXN_100159,CUST_10159
46,Business,Transfer,Groceries,71.64,4539.3,4467.66,4,Berlin,ATM,Wire Transfer,0,0,TXN_106882,CUST_16882
30,Credit,Deposit,Electronics,401.89,16059.06,15657.17,6,London,Mobile App,Wire Transfer,1,0,TXN_102350,CUST_12350
67,Business,Payment,Utilities,7.04,25704.3,25697.26,1,Berlin,POS Terminal,Wire Transfer,0,0,TXN_106856,CUST_16856
55,Savings,Transfer,Retail,661.55,17279.56,16618.01,17,Toronto,ATM,Debit Card,0,0,TXN_106652,CUST_16652
18,Savings,Payment,Travel,192.35,26459.81,26267.46,8,Berlin,POS Terminal,UPI / Wallet,0,0,TXN_104683,CUST_14683
59,Savings,Transfer,Utilities,111.43,24372.95,24261.52,11,Tokyo,Mobile App,Debit Card,1,0,TXN_105011,CUST_15011
39,Checking,Payment,Travel,15.37,24385.71,24370.34,20,Berlin,ATM,UPI / Wallet,0,0,TXN_100239,CUST_10239
69,Credit,Payment,Groceries,582.33,24735.93,24153.6,10,New York,POS Terminal,UPI / Wallet,0,0,TXN_101129,CUST_11129
53,Checking,Withdrawal,Entertainment,14.53,12426.81,12412.28,19,Berlin,ATM,Wire Transfer,0,0,TXN_103655,CUST_13655
57,Savings,Payment,Utilities,153.54,3531.3,3527.76,5,Tokyo,Web Browser,Debit Card,1,0,TXN_102022,CUST_12022
23,Credit,Withdrawal,Utilities,30.51,3945.76,3915.25,23,Mumbai,POS Terminal,Debit Card,0,0,TXN_102699,CUST_12699
72,Savings,Withdrawal,Groceries,125.43,27617.83,27492.4,17,New York,Mobile App,Credit Card,0,0,TXN_103548,CUST_13548
46,Savings,Transfer,Entertainment,8.59,15537.61,15529.02,13,New York,ATM,UPI / Wallet,1,0,TXN_102529,CUST_12529
18,Savings,Transfer,Retail,410.38,19933.89,19523.51,18,Singapore,Web Browser,UPI / Wallet,0,0,TXN_103034,CUST_13034
63,Credit,Payment,Travel,6.5,20808.55,20802.05,7,London,Mobile App,Wire Transfer,0,0,TXN_104107,CUST_14107
21,Checking,Payment,Retail,163.8,12479.88,12316.08,16,London,POS Terminal,UPI / Wallet,0,1,TXN_106750,CUST_16750
27,Savings,Withdrawal,Retail,32.82,10777.52,10744.7,4,Singapore,Mobile App,Wire Transfer,1,1,TXN_106174,CUST_16174
58,Savings,Withdrawal,Groceries,8.88,23851.93,23843.05,9,Berlin,ATM,Wire Transfer,0,0,TXN_104512,CUST_14512
69,Checking,Withdrawal,Utilities,694.99,25536.41,24841.42,14,Toronto,Web Browser,Debit Card,0,0,TXN_104324,CUST_14324
75,Credit,Deposit,Utilities,875.33,4007.2,3131.87,11,Toronto,Mobile App,Credit Card,0,0,TXN_102803,CUST_12803
62,Credit,Deposit,Travel,45.02,17956.51,17911.49,12,Singapore,POS Terminal,Wire Transfer,0,0,TXN_106837,CUST_16837
20,Savings,Payment,Entertainment,106.27,3560.81,3454.54,9,Tokyo,ATM,Debit Card,0,0,TXN_106480,CUST_16480
31,Savings,Transfer,Travel,132.13,16634.61,16502.48,19,London,POS Terminal,Debit Card,1,0,TXN_104493,CUST_14493
18,Savings,Transfer,Retail,156.82,25767.41,25610.59,2,London,Web Browser,Credit Card,0,0,TXN_105808,CUST_15808
26,Checking,Withdrawal,Entertainment,191.8,11780.09,11588.29,8,Berlin,POS Terminal,Debit Card,0,0,TXN_106791,CUST_16791
30,Checking,Withdrawal,Utilities,96.71,16388.27,16291.56,23,Singapore,POS Terminal,UPI / Wallet,0,0,TXN_101735,CUST_11735
49,Checking,Withdrawal,Travel,332.83,22200.0,21867.17,2,Berlin,POS Terminal,UPI / Wallet,0,0,TXN_105824,CUST_15824
72,Savings,Payment,Entertainment,179.75,22955.96,22776.21,4,London,Mobile App,UPI / Wallet,0,1,TXN_104976,CUST_14976
47,Credit,Transfer,Retail,425.52,13838.69,13413.17,14,Tokyo,Web Browser,Debit Card,0,0,TXN_100163,CUST_10163
37,Credit,Withdrawal,Travel,62.73,13398.14,13335.41,10,Tokyo,POS Terminal,UPI / Wallet,0,0,TXN_106770,CUST_16770
47,Savings,Transfer,Retail,146.65,20124.13,19977.48,14,Toronto,POS Terminal,Credit Card,0,0,TXN_106744,CUST_16744
35,Savings,Transfer,Electronics,5.83,18044.12,18038.29,0,Toronto,ATM,UPI / Wallet,0,0,TXN_106149,CUST_16149
24,Business,Payment,Groceries,172.49,5148.22,4975.73,9,New York,Mobile App,Debit Card,0,1,TXN_104227,CUST_14227
40,Savings,Transfer,Travel,23.79,21406.93,21383.14,13,Tokyo,ATM,UPI / Wallet,0,0,TXN_106653,CUST_16653
70,Checking,Transfer,Utilities,122.34,21769.2,21646.86,6,Toronto,Web Browser,Debit Card,0,0,TXN_105224,CUST_15224
57,Credit,Transfer,Groceries,55.52,22864.85,22809.33,9,Mumbai,Mobile App,Credit Card,0,0,TXN_100233,CUST_10233
70,Checking,Withdrawal,Groceries,39.35,20619.08,20579.73,14,Tokyo,ATM,Credit Card,0,0,TXN_103156,CUST_13156
24,Checking,Payment,Retail,369.92,16724.19,16354.27,16,Tokyo,POS Terminal,Debit Card,0,0,TXN_104944,CUST_14944
19,Credit,Payment,Utilities,287.87,5309.8,5021.93,22,Berlin,Mobile App,Credit Card,0,1,TXN_105369,CUST_15369
60,Business,Deposit,Groceries,512.63,10.67,0.0,7,London,Mobile App,UPI / Wallet,0,0,TXN_106843,CUST_16843
44,Savings,Transfer,Retail,171.27,23422.3,23251.03,11,Singapore,Web Browser,Debit Card,0,0,TXN_100032,CUST_10032
50,Credit,Payment,Retail,39.04,6408.2,6519.16,0,Singapore,Mobile App,Wire Transfer,0,0,TXN_104309,CUST_14309
30,Checking,Payment,Retail,9.73,21752.27,21742.54,19,Toronto,Mobile App,Wire Transfer,1,0,TXN_100855,CUST_10855
18,Checking,Deposit,Retail,121.01,6278.18,6157.17,4,London,Web Browser,Credit Card,0,0,TXN_106330,CUST_16330
21,Savings,Withdrawal,Electronics,214.76,21622.98,21408.22,0,New York,Web Browser,Debit Card,0,1,TXN_104152,CUST_14152
39,Checking,Deposit,Groceries,140.41,22714.06,22573.65,17,London,Mobile App,Debit Card,0,0,TXN_106585,CUST_16585
66,Checking,Withdrawal,Utilities,466.66,9552.83,9086.17,2,Berlin,ATM,Debit Card,1,0,TXN_105785,CUST_15785
24,Checking,Withdrawal,Groceries,220.42,25290.7,25070.28,7,New York,Web Browser,Wire Transfer,1,0,TXN_102710,CUST_12710
43,Checking,Withdrawal,Entertainment,8.5,18656.29,18647.79,15,Berlin,POS Terminal,UPI / Wallet,0,0,TXN_103861,CUST_13861
18,Savings,Transfer,Groceries,94.23,888.93,794.7,3,Berlin,ATM,Credit Card,0,0,TXN_106343,CUST_16343
55,Savings,Transfer,Electronics,150.53,6464.67,6314.14,5,Mumbai,Web Browser,Debit Card,0,0,TXN_106637,CUST_16637
42,Savings,Payment,Groceries,50.25,19863.31,19813.06,8,Toronto,Web Browser,Debit Card,1,0,TXN_102686,CUST_12686
21,Savings,Payment,Groceries,679.66,20836.78,20157.12,11,Mumbai,Web Browser,Wire Transfer,0,0,TXN_102213,CUST_12213
24,Credit,Withdrawal,Travel,424.02,22980.6,22556.58,19,Berlin,Web Browser,Wire Transfer,0,0,TXN_103129,CUST_13129
33,Checking,Payment,Retail,369.56,14558.61,14189.05,6,Tokyo,Web Browser,Debit Card,0,0,TXN_103209,CUST_13209
29,Savings,Withdrawal,Groceries,156.94,23524.21,23367.27,11,Toronto,Mobile App,UPI / Wallet,1,0,TXN_103998,CUST_13998
57,Credit,Payment,Retail,63.42,23624.66,23561.24,7,Mumbai,Mobile App,UPI / Wallet,1,0,TXN_102183,CUST_12183
34,Savings,Transfer,Entertainment,308.9,26586.5,26277.6,0,New York,Web Browser,Debit Card,0,0,TXN_105959,CUST_15959
38,Savings,Deposit,Retail,131.01,4829.9,4698.89,7,London,Web Browser,Wire Transfer,0,0,TXN_100737,CUST_10737
22,Checking,Withdrawal,Groceries,91.43,27081.01,26989.58,13,Mumbai,Web Browser,Credit Card,0,0,TXN_105872,CUST_15872
30,Savings,Transfer,Travel,2.66,21007.35,21004.69,23,Mumbai,ATM,Debit Card,0,0,TXN_100788,CUST_10788
61,Savings,Transfer,Groceries,122.49,25354.68,25232.19,18,Berlin,ATM,Debit Card,0,0,TXN_101621,CUST_11621
18,Checking,Payment,Travel,254.46,24335.84,24081.38,7,Toronto,ATM,Debit Card,0,0,TXN_101913,CUST_11913
27,Checking,Transfer,Retail,164.85,15264.26,15249.41,18,Berlin,ATM,Wire Transfer,0,0,TXN_105795,CUST_15795
24,Savings,Payment,Utilities,158.71,14759.88,14601.17,9,Tokyo,Web Browser,UPI / Wallet,0,0,TXN_100094,CUST_10094
18,Checking,Deposit,Retail,112.42,1839.33,1726.91,19,Tokyo,POS Terminal,Wire Transfer,0,0,TXN_100913,CUST_10913
39,Savings,Payment,Retail,25.37,21932.97,21907.6,20,Berlin,Mobile App,Debit Card,0,0,TXN_102299,CUST_12299
48,Business,Transfer,Groceries,213.15,23710.89,23497.74,4,Toronto,Mobile App,Wire Transfer,1,0,TXN_106481,CUST_16481
74,Business,Deposit,Utilities,7.74,22412.51,22404.77,19,Singapore,Web Browser,UPI / Wallet,0,0,TXN_105062,CUST_15062
51,Savings,Transfer,Retail,46.54,22847.42,22800.88,16,Mumbai,POS Terminal,UPI / Wallet,0,0,TXN_102720,CUST_12720
58,Checking,Payment,Travel,571.18,12884.32,12313.14,0,Tokyo,POS Terminal,Credit Card,1,0,TXN_106229,CUST_16229
60,Credit,Withdrawal,Electronics,165.91,26821.81,26655.9,10,Tokyo,Web Browser,UPI / Wallet,0,0,TXN_102586,CUST_12586
29,Savings,Transfer,Retail,119.94,23466.51,23346.57,21,Berlin,ATM,UPI / Wallet,1,0,TXN_100425,CUST_10425
76,Business,Withdrawal,Travel,67.22,27759.22,27692.0,6,Berlin,Mobile App,Debit Card,0,0,TXN_102418,CUST_12418
23,Savings,Payment,Groceries,19.87,25624.28,25604.41,9,Berlin,Web Browser,Credit Card,0,0,TXN_104504,CUST_14504
22,Savings,Transfer,Retail,127.9,16991.8,16863.9,17,Tokyo,ATM,Debit Card,0,0,TXN_102818,CUST_12818
30,Checking,Transfer,Travel,158.0,25698.85,25540.85,21,Toronto,Web Browser,UPI / Wallet,0,0,TXN_104971,CUST_14971
21,Checking,Transfer,Retail,351.62,23755.08,23403.46,19,Toronto,POS Terminal,UPI / Wallet,0,1,TXN_105169,CUST_15169
69,Savings,Payment,Travel,121.26,22764.73,22643.47,9,Singapore,Mobile App,Debit Card,0,0,TXN_102166,CUST_12166
55,Savings,Transfer,Electronics,150.53,6464.67,6314.14,5,Mumbai,Web Browser,Debit Card,0,0,TXN_106637,CUST_16637
58,Credit,Transfer,Groceries,55.98,22967.77,23061.79,9,Singapore,ATM,Wire Transfer,1,0,TXN_100771,CUST_10771
62,Savings,Transfer,Travel,193.15,18852.67,18659.52,20,Tokyo,ATM,Debit Card,1,0,TXN_104834,CUST_14834
18,Credit,Transfer,Utilities,168.61,17964.85,17796.24,16,Tokyo,POS Terminal,Credit Card,0,0,TXN_104798,CUST_14798
26,Checking,Deposit,Groceries,249.81,3788.5,3538.69,1,Mumbai,ATM,Wire Transfer,0,0,TXN_105086,CUST_15086
49,Savings,Transfer,Entertainment,61.41,18708.17,18646.76,20,Toronto,Mobile App,Debit Card,0,0,TXN_106130,CUST_16130
47,Credit,Payment,Travel,368.4,19148.51,18780.11,1,Berlin,POS Terminal,UPI / Wallet,0,0,TXN_104981,CUST_14981
24,Credit,Deposit,Entertainment,63.31,21692.52,21629.21,12,New York,Mobile App,Credit Card,0,0,TXN_105839,CUST_15839
34,Business,Payment,Travel,95.22,24822.52,24727.3,8,Tokyo,Web Browser,Debit Card,0,0,TXN_103513,CUST_13513
65,Credit,Transfer,Retail,45.94,26478.57,26432.63,22,Tokyo,Mobile App,Debit Card,0,0,TXN_100676,CUST_10676
18,Savings,Deposit,Entertainment,106.93,24588.85,24481.92,1,Tokyo,Web Browser,Credit Card,0,0,TXN_105138,CUST_15138
66,Business,Transfer,Utilities,61.77,4510.02,4448.25,5,Mumbai,ATM,Credit Card,0,0,TXN_104049,CUST_14049
45,Credit,Transfer,Entertainment,470.55,9043.33,8572.78,16,Tokyo,Web Browser,Credit Card,0,0,TXN_103857,CUST_13857
23,Checking,Transfer,Electronics,173.76,25478.15,25304.39,16,Tokyo,POS Terminal,Credit Card,0,1,TXN_100334,CUST_10334
49,Savings,Payment,Groceries,57.81,24573.11,24515.3,0,Tokyo,Web Browser,UPI / Wallet,0,0,TXN_102810,CUST_12810
34,Business,Transfer,Travel,34.97,17293.66,17408.69,10,Singapore,Web Browser,UPI / Wallet,0,0,TXN_103828,CUST_13828
18,Savings,Withdrawal,Entertainment,100.7,11702.43,11601.73,23,Tokyo,POS Terminal,UPI / Wallet,0,0,TXN_101383,CUST_11383
40,Savings,Deposit,Utilities,493.81,15935.0,15441.19,1,Toronto,ATM,Debit Card,0,0,TXN_102716,CUST_12716
19,Savings,Withdrawal,Electronics,446.1,28203.81,27757.71,4,Tokyo,Web Browser,Wire Transfer,0,0,TXN_101067,CUST_11067
22,Savings,Payment,Groceries,342.33,24819.41,24477.08,15,Singapore,Web Browser,UPI / Wallet,0,0,TXN_106954,CUST_16954
44,Savings,Withdrawal,Entertainment,26.97,23115.7,23088.73,2,Mumbai,ATM,Debit Card,0,0,TXN_100166,CUST_10166
59,Credit,Withdrawal,Electronics,11.88,22383.2,22371.32,6,Berlin,POS Terminal,Credit Card,0,0,TXN_104385,CUST_14385
56,Savings,Withdrawal,Entertainment,151.61,9851.22,9699.61,9,Berlin,Web Browser,Wire Transfer,1,0,TXN_100167,CUST_10167
46,Savings,Payment,Travel,28.6,1816.12,1787.52,13,London,Mobile App,Wire Transfer,0,0,TXN_104077,CUST_14077
18,Savings,Transfer,Utilities,437.6,5339.53,4901.93,21,Singapore,Web Browser,Credit Card,1,0,TXN_102683,CUST_12683
42,Checking,Transfer,Electronics,72.06,21934.27,21862.21,17,Tokyo,Mobile App,Debit Card,0,0,TXN_106814,CUST_16814
54,Savings,Withdrawal,Entertainment,76.77,12241.91,12165.14,15,Mumbai,ATM,Wire Transfer,0,0,TXN_106671,CUST_16671
71,Checking,Transfer,Groceries,45.06,13006.01,12960.95,14,Singapore,POS Terminal,Wire Transfer,0,1,TXN_101220,CUST_11220
18,Business,Payment,Groceries,79.93,10662.9,10582.97,15,Tokyo,POS Terminal,Debit Card,0,0,TXN_105978,CUST_15978
18,Savings,Transfer,Groceries,342.17,22288.29,22096.12,22,Berlin,ATM,Debit Card,0,0,TXN_101776,CUST_11776
18,Checking,Deposit,Utilities,5.5,20647.67,20642.17,0,Tokyo,ATM,Debit Card,0,0,TXN_102435,CUST_12435
64,Savings,Transfer,Travel,187.9,22748.2,22560.3,15,New York,ATM,Debit Card,0,0,TXN_105645,CUST_15645
30,Credit,Payment,Entertainment,315.4,19592.75,19277.35,9,New York,ATM,Credit Card,0,0,TXN_102005,CUST_12005
54,Credit,Deposit,Electronics,11.87,24547.58,24535.71,9,Mumbai,ATM,Debit Card,0,0,TXN_100620,CUST_10620
45,Credit,Payment,Groceries,107.02,7929.33,7822.31,19,Mumbai,POS Terminal,UPI / Wallet,0,0,TXN_102768,CUST_12768
71,Checking,Withdrawal,Groceries,22.32,11872.14,11849.82,8,Toronto,Mobile App,Credit Card,0,0,TXN_100958,CUST_10958
26,Savings,Deposit,Utilities,93.37,3553.66,3460.29,7,Toronto,Web Browser,Credit Card,0,1,TXN_101717,CUST_11717
18,Business,Payment,Retail,79.01,25378.45,25299.44,2,New York,POS Terminal,UPI / Wallet,1,0,TXN_105315,CUST_15315
29,Checking,Payment,Travel,211.08,5088.96,4877.88,9,Mumbai,Web Browser,Debit Card,0,0,TXN_100160,CUST_10160
49,Business,Withdrawal,Groceries,96.51,26473.7,26377.19,21,New York,ATM,Debit Card,0,0,TXN_103266,CUST_13266
18,Savings,Transfer,Utilities,503.93,22293.79,21789.86,5,Tokyo,Web Browser,Wire Transfer,0,0,TXN_102177,CUST_12177
24,Credit,Deposit,Travel,20.89,7780.04,7759.15,12,Berlin,Web Browser,Debit Card,0,0,TXN_105860,CUST_15860
18,Savings,Payment,Utilities,7.59,14559.4,14551.81,10,Toronto,Web Browser,Debit Card,0,0,TXN_100029,CUST_10029
23,Business,Payment,Utilities,163.46,17869.15,17705.69,1,Toronto,Web Browser,Wire Transfer,0,0,TXN_101760,CUST_11760
20,Checking,Payment,Travel,6.16,1170.44,1164.28,23,Tokyo,Web Browser,Wire Transfer,0,0,TXN_106102,CUST_16102
34,Checking,Transfer,Utilities,138.56,11421.09,11282.53,17,London,Web Browser,UPI / Wallet,0,0,TXN_103116,CUST_13116
54,Credit,Deposit,Retail,73.92,22301.55,22227.63,19,New York,Web Browser,Wire Transfer,0,0,TXN_104786,CUST_14786
24,Checking,Transfer,Electronics,18.45,26610.27,26591.82,9,Mumbai,Mobile App,UPI / Wallet,0,0,TXN_101166,CUST_11166
41,Credit,Withdrawal,Utilities,307.78,14751.36,14443.58,6,Berlin,ATM,UPI / Wallet,0,0,TXN_103320,CUST_13320
40,Business,Transfer,Groceries,12.75,821.52,808.77,14,Tokyo,Web Browser,Credit Card,1,0,TXN_102008,CUST_12008
70,Business,Withdrawal,Groceries,95.27,11013.78,10918.51,6,Tokyo,Web Browser,Debit Card,0,0,TXN_107000,CUST_17000
60,Savings,Payment,Travel,82.22,6609.43,6527.21,10,Singapore,ATM,Credit Card,0,0,TXN_103062,CUST_13062
47,Business,Transfer,Retail,1.87,23166.79,23314.92,9,Berlin,POS Terminal,Debit Card,0,0,TXN_106468,CUST_16468
59,Checking,Withdrawal,Entertainment,62.67,21733.38,21670.71,23,Mumbai,Mobile App,Credit Card,1,0,TXN_100066,CUST_10066
18,Checking,Withdrawal,Retail,33.58,26991.62,26958.04,2,Berlin,Mobile App,Debit Card,0,0,TXN_101774,CUST_11774
75,Savings,Transfer,Travel,3.9,25582.31,25578.41,11,Tokyo,Web Browser,Credit Card,0,0,TXN_104205,CUST_14205
75,Savings,Transfer,Entertainment,106.15,17509.21,17403.06,13,Mumbai,Web Browser,Debit Card,0,0,TXN_102461,CUST_12461
62,Business,Deposit,Retail,62.48,3317.76,3255.28,11,Toronto,Mobile App,Debit Card,0,1,TXN_100195,CUST_10195
27,Checking,Transfer,Travel,255.58,20614.1,20358.52,9,Berlin,POS Terminal,Wire Transfer,0,0,TXN_105929,CUST_15929
37,Savings,Payment,Entertainment,114.68,919.13,804.45,1,Berlin,Mobile App,Debit Card,0,0,TXN_104275,CUST_14275
29,Checking,Transfer,Entertainment,316.36,18640.66,18324.3,12,Mumbai,Web Browser,Credit Card,1,0,TXN_104920,CUST_14920
18,Savings,Transfer,Groceries,60.91,24787.68,24726.77,23,Singapore,POS Terminal,Debit Card,0,0,TXN_103838,CUST_13838
18,Savings,Deposit,Travel,98.66,9214.64,9115.98,23,Toronto,ATM,Wire Transfer,1,0,TXN_100227,CUST_10227
69,Savings,Payment,Utilities,98.78,5868.64,5769.86,17,Singapore,Mobile App,Credit Card,0,0,TXN_103530,CUST_13530
22,Savings,Withdrawal,Groceries,65.37,10891.96,10826.59,10,Berlin,Mobile App,Debit Card,0,0,TXN_102732,CUST_12732
31,Credit,Deposit,Travel,134.24,24937.02,24802.78,5,Tokyo,Web Browser,Debit Card,0,0,TXN_105640,CUST_15640
60,Checking,Transfer,Groceries,179.46,14009.36,13829.9,8,Tokyo,Web Browser,Debit Card,0,0,TXN_103150,CUST_13150
27,Savings,Deposit,Groceries,143.14,13971.28,13828.14,19,Berlin,ATM,Debit Card,0,0,TXN_101023,CUST_11023
18,Savings,Payment,Entertainment,98.08,25882.42,25784.34,1,Tokyo,Web Browser,Debit Card,1,0,TXN_104852,CUST_14852
33,Savings,Payment,Entertainment,600.11,22398.55,21798.44,1,Mumbai,Mobile App,Debit Card,0,0,TXN_101876,CUST_11876
21,Checking,Transfer,Utilities,32.48,6517.35,6484.87,21,Tokyo,Web Browser,Debit Card,0,0,TXN_105280,CUST_15280
42,Business,Transfer,Electronics,124.27,2407.87,2283.6,16,Tokyo,Web Browser,Debit Card,0,0,TXN_105307,CUST_15307
29,Business,Deposit,Entertainment,44.59,1761.94,1717.35,16,London,Web Browser,Credit Card,0,0,TXN_105183,CUST_15183
18,Checking,Payment,Entertainment,149.09,16984.6,16835.51,6,New York,Mobile App,UPI / Wallet,0,0,TXN_104258,CUST_14258
45,Checking,Payment,Groceries,95.88,15000.61,14904.73,9,London,Mobile App,Debit Card,0,0,TXN_105772,CUST_15772
29,Checking,Payment,Electronics,554.88,17706.72,17151.84,2,Tokyo,Web Browser,UPI / Wallet,1,0,TXN_101184,CUST_11184
65,Savings,Withdrawal,Utilities,21.94,24651.14,24779.2,21,Tokyo,POS Terminal,Debit Card,0,0,TXN_102852,CUST_12852
18,Checking,Transfer,Groceries,360.95,13682.13,13321.18,17,New York,ATM,Debit Card,0,1,TXN_105525,CUST_15525
65,Checking,Transfer,Travel,55.26,23129.84,23074.58,0,Singapore,Mobile App,Credit Card,1,0,TXN_100438,CUST_10438
48,Checking,Deposit,Electronics,27.16,20126.62,20099.46,4,Berlin,ATM,UPI / Wallet,0,0,TXN_103364,CUST_13364
35,Credit,Deposit,Entertainment,267.04,23390.37,23123.33,5,Tokyo,POS Terminal,UPI / Wallet,0,1,TXN_100017,CUST_10017
47,Savings,Payment,Groceries,30.65,21509.36,21478.71,4,Toronto,POS Terminal,UPI / Wallet,0,0,TXN_102516,CUST_12516
31,Savings,Payment,Retail,12.51,18353.44,18340.93,12,Singapore,ATM,Debit Card,0,0,TXN_103173,CUST_13173
71,Savings,Transfer,Utilities,97.11,24547.59,24450.48,14,Berlin,Web Browser,UPI / Wallet,0,0,TXN_103696,CUST_13696
49,Business,Withdrawal,Groceries,96.51,26473.7,26377.19,21,New York,ATM,Debit Card,0,0,TXN_103266,CUST_13266
63,Savings,Payment,Groceries,471.62,25610.24,25138.62,14,Tokyo,POS Terminal,Debit Card,0,0,TXN_106784,CUST_16784
34,Checking,Payment,Entertainment,719.42,23718.34,22998.92,10,Tokyo,Web Browser,Credit Card,0,0,TXN_102013,CUST_12013
59,Savings,Withdrawal,Travel,268.93,26159.08,25890.15,10,Tokyo,Web Browser,Credit Card,0,0,TXN_102374,CUST_12374
38,Savings,Transfer,Electronics,75.49,23404.24,23328.75,4,Mumbai,ATM,Credit Card,1,0,TXN_102719,CUST_12719
71,Checking,Withdrawal,Utilities,14.49,19210.41,19195.92,3,Tokyo,Web Browser,UPI / Wallet,0,0,TXN_104943,CUST_14943
67,Credit,Payment,Travel,71.46,20991.4,21069.94,9,Singapore,POS Terminal,Debit Card,0,0,TXN_101591,CUST_11591
67,Savings,Transfer,Travel,516.21,7831.57,7315.36,12,Tokyo,ATM,Credit Card,0,0,TXN_103558,CUST_13558
21,Checking,Transfer,Groceries,559.38,9427.31,8867.93,8,Tokyo,POS Terminal,Debit Card,0,0,TXN_105949,CUST_15949
30,Checking,Withdrawal,Utilities,115.51,23559.83,23444.32,20,Toronto,ATM,UPI / Wallet,0,0,TXN_105912,CUST_15912
33,Savings,Payment,Electronics,3.32,12393.11,12389.79,12,Toronto,ATM,Debit Card,0,0,TXN_100776,CUST_10776
63,Checking,Withdrawal,Utilities,29.68,17945.19,17915.51,2,London,POS Terminal,UPI / Wallet,0,0,TXN_102312,CUST_12312
18,Business,Transfer,Utilities,114.41,25854.25,25739.84,5,London,POS Terminal,UPI / Wallet,0,0,TXN_101720,CUST_11720
44,Savings,Payment,Groceries,381.87,20694.42,20312.55,9,Berlin,Web Browser,Wire Transfer,0,0,TXN_103492,CUST_13492
18,Checking,Withdrawal,Retail,33.58,26991.62,26958.04,2,Berlin,Mobile App,Debit Card,0,0,TXN_101774,CUST_11774
36,Credit,Withdrawal,Retail,66.51,10122.05,10055.54,6,Tokyo,Mobile App,Debit Card,0,0,TXN_106251,CUST_16251
62,Checking,Payment,Groceries,88.4,14208.17,14119.77,6,Berlin,Web Browser,UPI / Wallet,0,0,TXN_104486,CUST_14486
64,Checking,Payment,Groceries,948.08,6175.5,5227.42,15,Berlin,Web Browser,Wire Transfer,1,0,TXN_103605,CUST_13605
26,Business,Payment,Utilities,32.89,25000.01,24967.12,14,Mumbai,Web Browser,Credit Card,1,0,TXN_105444,CUST_15444
32,Checking,Transfer,Electronics,107.79,13880.47,13772.68,7,Berlin,Mobile App,UPI / Wallet,0,0,TXN_101433,CUST_11433
20,Credit,Payment,Travel,62.61,26020.83,25958.22,18,Tokyo,Mobile App,Debit Card,0,0,TXN_102170,CUST_12170
33,Credit,Transfer,Groceries,18.12,22118.19,22100.07,23,Singapore,POS Terminal,Wire Transfer,0,0,TXN_104189,CUST_14189
18,Credit,Payment,Groceries,58.06,17972.24,17914.18,5,Tokyo,Mobile App,UPI / Wallet,1,0,TXN_103510,CUST_13510
57,Savings,Transfer,Entertainment,57.1,23975.37,23918.27,9,New York,Mobile App,Debit Card,0,0,TXN_105321,CUST_15321
18,Checking,Withdrawal,Retail,51.98,18827.77,18775.79,20,Tokyo,Mobile App,Debit Card,0,0,TXN_106412,CUST_16412
67,Checking,Withdrawal,Travel,20.84,21441.37,21420.53,18,New York,Mobile App,Debit Card,0,0,TXN_102668,CUST_12668
37,Checking,Withdrawal,Groceries,90.03,4800.92,4710.89,0,Berlin,Web Browser,Debit Card,0,1,TXN_103340,CUST_13340
23,Credit,Withdrawal,Utilities,30.51,3945.76,3915.25,23,Mumbai,POS Terminal,Debit Card,0,0,TXN_102699,CUST_12699
18,Savings,Transfer,Groceries,191.74,17808.71,17616.97,9,Berlin,POS Terminal,Debit Card,0,0,TXN_100298,CUST_10298
35,Savings,Payment,Travel,5.89,12345.15,12339.26,8,London,Mobile App,Debit Card,0,1,TXN_105225,CUST_15225
35,Checking,Payment,Utilities,176.27,25349.6,25173.33,1,Mumbai,Web Browser,Debit Card,0,0,TXN_103136,CUST_13136
64,Checking,Transfer,Utilities,984.32,20654.74,19670.42,22,Mumbai,Web Browser,Debit Card,0,0,TXN_106297,CUST_16297
18,Savings,Transfer,Travel,0.08,25667.13,25667.05,12,Mumbai,Mobile App,Debit Card,0,0,TXN_100777,CUST_10777
35,Checking,Transfer,Electronics,66.13,17547.39,17481.26,9,Singapore,Web Browser,Wire Transfer,0,0,TXN_105980,CUST_15980
50,Checking,Transfer,Groceries,266.93,3555.54,3288.61,9,Tokyo,Web Browser,Credit Card,0,1,TXN_100554,CUST_10554
46,Savings,Transfer,Electronics,27.65,26419.27,26391.62,7,Berlin,Web Browser,UPI / Wallet,0,0,TXN_105019,CUST_15019
19,Checking,Payment,Travel,110.67,3893.47,3782.8,17,Tokyo,Mobile App,Credit Card,0,0,TXN_100861,CUST_10861
18,Credit,Payment,Electronics,184.76,12060.12,11875.36,5,Tokyo,Mobile App,Wire Transfer,0,0,TXN_103794,CUST_13794
18,Savings,Deposit,Utilities,230.42,22694.92,22464.5,7,Berlin,ATM,Debit Card,0,0,TXN_100736,CUST_10736
61,Business,Payment,Retail,139.96,22850.05,22710.09,6,Toronto,POS Terminal,UPI / Wallet,0,0,TXN_106259,CUST_16259
64,Checking,Payment,Travel,279.92,9335.33,9055.41,10,Tokyo,ATM,Credit Card,0,0,TXN_101791,CUST_11791
80,Checking,Transfer,Entertainment,438.47,19224.65,18786.18,18,Tokyo,Web Browser,Debit Card,0,0,TXN_106235,CUST_16235
23,Savings,Transfer,Travel,255.4,17034.56,16779.16,12,Mumbai,Web Browser,Debit Card,0,0,TXN_100914,CUST_10914
49,Savings,Transfer,Groceries,625.43,8270.97,7645.54,1,Mumbai,Web Browser,Debit Card,0,0,TXN_106666,CUST_16666
54,Business,Transfer,Travel,205.12,15378.59,15173.47,13,Singapore,Mobile App,Credit Card,0,0,TXN_101118,CUST_11118
27,Checking,Payment,Utilities,69.93,19403.32,19333.39,12,Tokyo,Web Browser,Debit Card,1,0,TXN_104524,CUST_14524
18,Business,Withdrawal,Travel,345.91,24838.93,24493.02,5,Berlin,Web Browser,Debit Card,0,0,TXN_100706,CUST_10706
70,Checking,Transfer,Travel,92.91,22986.38,22893.47,1,Tokyo,Web Browser,UPI / Wallet,0,0,TXN_100466,CUST_10466
59,Business,Withdrawal,Groceries,66.0,20206.22,20140.22,23,Tokyo,ATM,Wire Transfer,0,0,TXN_104163,CUST_14163
66,Checking,Withdrawal,Utilities,52.62,24816.69,24764.07,1,Berlin,Mobile App,UPI / Wallet,0,0,TXN_105510,CUST_15510
23,Savings,Transfer,Electronics,488.92,6280.7,5791.78,12,Tokyo,Web Browser,UPI / Wallet,0,0,TXN_101461,CUST_11461
18,Checking,Withdrawal,Retail,489.41,18068.98,17579.57,21,London,Web Browser,Wire Transfer,1,0,TXN_101793,CUST_11793
75,Savings,Transfer,Groceries,54.38,16363.93,16309.55,6,Tokyo,ATM,UPI / Wallet,0,0,TXN_103185,CUST_13185
33,Checking,Transfer,Entertainment,203.14,25722.3,25519.16,8,Tokyo,Web Browser,Debit Card,0,0,TXN_102839,CUST_12839
44,Checking,Withdrawal,Travel,30.05,15847.32,15817.27,4,Tokyo,POS Terminal,UPI / Wallet,0,0,TXN_105007,CUST_15007
70,Checking,Transfer,Travel,359.09,12175.23,11816.14,17,London,Mobile App,UPI / Wallet,1,0,TXN_105931,CUST_15931
58,Savings,Payment,Groceries,141.17,25501.32,25360.15,11,Mumbai,Mobile App,Wire Transfer,0,0,TXN_100042,CUST_10042
45,Business,Withdrawal,Groceries,75.42,19169.14,19243.72,5,Berlin,ATM,Debit Card,0,0,TXN_104622,CUST_14622
25,Checking,Transfer,Groceries,29.71,24304.41,24274.7,6,Tokyo,Mobile App,UPI / Wallet,0,0,TXN_103985,CUST_13985
18,Checking,Transfer,Utilities,646.95,24361.94,23714.99,11,London,Mobile App,Credit Card,0,0,TXN_103456,CUST_13456
26,Checking,Deposit,Utilities,183.25,26216.83,26033.58,0,Singapore,Mobile App,UPI / Wallet,1,1,TXN_104466,CUST_14466
18,Savings,Transfer,Travel,197.21,24353.51,24156.3,2,Mumbai,ATM,Credit Card,0,0,TXN_105897,CUST_15897
53,Business,Transfer,Travel,13.8,18243.01,18229.21,3,Mumbai,Web Browser,UPI / Wallet,0,0,TXN_103683,CUST_13683
57,Credit,Transfer,Electronics,25.03,22792.06,22767.03,9,Singapore,ATM,Credit Card,0,1,TXN_100894,CUST_10894
23,Checking,Deposit,Electronics,17.46,20293.23,20275.77,4,Singapore,ATM,Credit Card,0,0,TXN_105557,CUST_15557
51,Savings,Deposit,Groceries,40.78,26397.8,26357.02,16,New York,ATM,UPI / Wallet,1,0,TXN_104529,CUST_14529
41,Savings,Transfer,Travel,193.59,15165.65,15122.06,7,Mumbai,POS Terminal,Debit Card,0,0,TXN_105910,CUST_15910
46,Checking,Transfer,Entertainment,40.88,26248.44,26207.56,19,Berlin,Web Browser,Wire Transfer,0,0,TXN_101817,CUST_11817
18,Checking,Payment,Utilities,44.5,23512.81,23468.31,23,Toronto,Mobile App,Wire Transfer,0,0,TXN_101752,CUST_11752
73,Credit,Transfer,Travel,39.73,23904.73,23865.0,18,New York,Mobile App,Debit Card,0,0,TXN_104020,CUST_14020
70,Business,Withdrawal,Groceries,95.27,11013.78,10918.51,6,Tokyo,Web Browser,Debit Card,0,0,TXN_107000,CUST_17000
41,Checking,Payment,Retail,1013.12,23871.29,22858.17,8,Singapore,ATM,Debit Card,0,0,TXN_105275,CUST_15275
60,Savings,Deposit,Entertainment,186.39,25184.8,24998.41,17,Singapore,Mobile App,Debit Card,1,0,TXN_103480,CUST_13480
48,Checking,Payment,Travel,193.81,14384.14,14190.33,23,Mumbai,Web Browser,UPI / Wallet,0,0,TXN_102222,CUST_12222
65,Savings,Withdrawal,Travel,579.19,10763.04,10183.85,15,Singapore,ATM,Debit Card,1,0,TXN_100012,CUST_10012
49,Savings,Deposit,Electronics,71.48,18371.45,18299.97,8,Mumbai,ATM,Credit Card,0,0,TXN_104642,CUST_14642
58,Savings,Withdrawal,Utilities,460.05,27024.81,26564.76,23,Tokyo,ATM,Credit Card,0,0,TXN_101146,CUST_11146
25,Savings,Deposit,Groceries,252.31,15726.25,15473.94,21,Singapore,POS Terminal,Wire Transfer,0,0,TXN_100350,CUST_10350
27,Savings,Payment,Groceries,183.45,23626.93,23443.48,12,Berlin,ATM,Wire Transfer,0,1,TXN_105465,CUST_15465
67,Credit,Deposit,Groceries,82.73,4839.95,4757.22,12,Tokyo,Web Browser,Wire Transfer,0,0,TXN_105022,CUST_15022
58,Savings,Transfer,Electronics,175.46,12180.61,12005.15,7,Tokyo,POS Terminal,UPI / Wallet,0,1,TXN_101406,CUST_11406
57,Checking,Transfer,Retail,57.58,16328.53,16270.95,23,Mumbai,ATM,Credit Card,0,0,TXN_103981,CUST_13981
73,Savings,Withdrawal,Utilities,573.83,20150.89,19727.06,16,Tokyo,ATM,UPI / Wallet,0,0,TXN_103638,CUST_13638
24,Savings,Transfer,Retail,26.74,25977.63,25950.89,5,Tokyo,POS Terminal,Debit Card,0,0,TXN_106182,CUST_16182
18,Credit,Transfer,Electronics,274.22,549.45,275.23,3,London,Web Browser,Credit Card,0,0,TXN_105963,CUST_15963
65,Savings,Transfer,Entertainment,42.44,24129.16,24086.72,5,Tokyo,Web Browser,UPI / Wallet,0,0,TXN_106742,CUST_16742
73,Checking,Payment,Entertainment,198.31,26843.6,26645.29,18,Toronto,POS Terminal,UPI / Wallet,0,0,TXN_106012,CUST_16012
45,Credit,Transfer,Entertainment,179.69,21058.42,20878.73,15,Singapore,Mobile App,Debit Card,0,0,TXN_106414,CUST_16414
50,Credit,Transfer,Retail,52.02,24079.87,24027.85,18,Mumbai,Mobile App,UPI / Wallet,0,0,TXN_103824,CUST_13824
31,Savings,Transfer,Entertainment,387.41,22215.69,21828.28,18,London,Mobile App,Wire Transfer,0,0,TXN_103099,CUST_13099
18,Savings,Payment,Travel,74.69,14475.01,14400.32,22,New York,Mobile App,Debit Card,0,0,TXN_105218,CUST_15218
65,Savings,Transfer,Travel,63.67,9158.73,9095.06,10,London,ATM,Debit Card,0,0,TXN_104467,CUST_14467
18,Checking,Payment,Retail,204.63,22107.44,21902.81,3,Tokyo,POS Terminal,Credit Card,0,0,TXN_100156,CUST_10156
29,Business,Deposit,Utilities,308.34,25775.88,25467.54,9,Berlin,POS Terminal,UPI / Wallet,0,0,TXN_106881,CUST_16881
21,Savings,Deposit,Groceries,25.5,22564.47,22538.97,14,Mumbai,ATM,Debit Card,0,1,TXN_102367,CUST_12367
18,Savings,Transfer,Retail,130.16,20481.53,20351.37,16,Singapore,ATM,Credit Card,0,0,TXN_100200,CUST_10200
47,Credit,Payment,Travel,392.86,25649.1,25256.24,19,Singapore,ATM,Debit Card,1,0,TXN_100972,CUST_10972
24,Business,Payment,Entertainment,52.37,21889.98,21837.61,7,Toronto,Web Browser,Credit Card,0,0,TXN_104282,CUST_14282
27,Checking,Withdrawal,Utilities,151.27,11729.18,11577.91,23,Tokyo,Mobile App,Debit Card,0,0,TXN_101556,CUST_11556
19,Savings,Withdrawal,Electronics,55.68,8026.39,7970.71,5,Tokyo,POS Terminal,UPI / Wallet,0,0,TXN_102887,CUST_12887
29,Savings,Withdrawal,Electronics,166.04,20267.36,20101.32,2,Tokyo,POS Terminal,Debit Card,0,0,TXN_101375,CUST_11375
35,Checking,Transfer,Entertainment,465.86,5950.23,5484.37,11,Mumbai,Mobile App,Wire Transfer,0,0,TXN_103172,CUST_13172
60,Checking,Withdrawal,Groceries,10.58,26994.04,26983.46,7,New York,POS Terminal,Debit Card,0,0,TXN_105993,CUST_15993
18,Business,Deposit,Utilities,372.87,17659.7,17286.83,17,Singapore,ATM,Wire Transfer,0,0,TXN_105538,CUST_15538
49,Checking,Transfer,Retail,173.53,25394.67,25221.14,1,Tokyo,Mobile App,Debit Card,0,0,TXN_102288,CUST_12288
30,Checking,Payment,Groceries,88.57,13454.92,13366.35,21,Mumbai,Web Browser,Credit Card,1,0,TXN_104384,CUST_14384
27,Credit,Withdrawal,Retail,11.34,16905.88,16894.54,19,Tokyo,POS Terminal,Debit Card,0,0,TXN_101248,CUST_11248
48,Savings,Transfer,Entertainment,65.54,21798.09,21732.55,8,Singapore,ATM,UPI / Wallet,0,0,TXN_102867,CUST_12867
35,Savings,Payment,Travel,285.93,19458.44,19172.51,9,Tokyo,Mobile App,Debit Card,1,0,TXN_100392,CUST_10392
18,Checking,Withdrawal,Electronics,235.44,4115.92,3880.48,19,Toronto,POS Terminal,Debit Card,0,0,TXN_106057,CUST_16057
47,Savings,Withdrawal,Groceries,152.21,25497.76,25345.55,13,Mumbai,POS Terminal,Wire Transfer,0,0,TXN_103986,CUST_13986
24,Savings,Deposit,Entertainment,138.12,23421.38,23283.26,9,Toronto,ATM,Wire Transfer,1,0,TXN_102709,CUST_12709
53,Savings,Deposit,Retail,94.33,24581.35,24487.02,9,Toronto,Mobile App,UPI / Wallet,0,0,TXN_104086,CUST_14086
64,Business,Transfer,Groceries,49.57,24267.17,24217.6,17,Tokyo,Mobile App,Debit Card,0,0,TXN_104207,CUST_14207
18,Checking,Payment,Entertainment,159.25,25913.19,25753.94,8,Berlin,Mobile App,UPI / Wallet,0,0,TXN_100727,CUST_10727
18,Savings,Transfer,Utilities,142.73,18399.99,18257.26,2,New York,POS Terminal,Wire Transfer,0,0,TXN_101437,CUST_11437
45,Business,Withdrawal,Groceries,75.42,19169.14,19093.72,5,Berlin,ATM,Debit Card,0,0,TXN_104622,CUST_14622
37,Savings,Transfer,Entertainment,30.85,22555.69,22524.84,12,Berlin,Mobile App,Debit Card,0,0,TXN_104040,CUST_14040
29,Business,Withdrawal,Utilities,65.18,13065.39,13000.21,8,Mumbai,ATM,Credit Card,1,0,TXN_102623,CUST_12623
18,Checking,Payment,Utilities,127.82,17263.48,17135.66,8,New York,Web Browser,Debit Card,0,1,TXN_101658,CUST_11658
27,Checking,Withdrawal,Electronics,141.71,15625.43,15483.72,6,Singapore,POS Terminal,Debit Card,0,0,TXN_106458,CUST_16458
53,Savings,Transfer,Groceries,137.27,10671.02,10533.75,19,Toronto,POS Terminal,Credit Card,0,0,TXN_106028,CUST_16028
23,Business,Withdrawal,Groceries,22.35,11140.34,11117.99,23,New York,Web Browser,Debit Card,1,1,TXN_102227,CUST_12227
67,Checking,Payment,Utilities,80.02,21553.22,21473.2,2,Toronto,Web Browser,Credit Card,0,0,TXN_105464,CUST_15464
23,Checking,Payment,Entertainment,191.39,5238.6,5047.21,0,Tokyo,Web Browser,Debit Card,0,0,TXN_101458,CUST_11458
18,Business,Transfer,Entertainment,226.94,21707.58,21480.64,4,Tokyo,POS Terminal,Debit Card,1,0,TXN_106997,CUST_16997
29,Savings,Payment,Groceries,72.05,25759.36,25687.31,0,Tokyo,ATM,Credit Card,0,0,TXN_104211,CUST_14211
25,Savings,Withdrawal,Retail,226.12,21327.26,21101.14,9,Tokyo,Web Browser,Debit Card,0,0,TXN_106115,CUST_16115
19,Savings,Transfer,Groceries,76.67,19776.42,19699.75,16,London,ATM,Credit Card,0,0,TXN_105687,CUST_15687
43,Savings,Payment,Travel,98.97,21394.03,21295.06,6,Tokyo,Web Browser,UPI / Wallet,1,0,TXN_100575,CUST_10575
18,Checking,Payment,Retail,495.09,23327.06,22831.97,1,Tokyo,Mobile App,Credit Card,0,0,TXN_102914,CUST_12914
23,Business,Deposit,Retail,9.77,13529.89,13520.12,15,London,Mobile App,Wire Transfer,0,0,TXN_103144,CUST_13144
56,Savings,Withdrawal,Utilities,100.08,18230.73,18130.65,6,Berlin,Mobile App,Debit Card,0,0,TXN_101060,CUST_11060
31,Savings,Withdrawal,Utilities,10.15,28902.91,28892.76,9,Berlin,ATM,Debit Card,0,0,TXN_103405,CUST_13405
29,Savings,Withdrawal,Electronics,23.35,18238.05,18214.7,21,Tokyo,Mobile App,UPI / Wallet,0,0,TXN_100950,CUST_10950
25,Checking,Deposit,Electronics,208.66,25847.43,25638.77,13,Singapore,ATM,UPI / Wallet,0,0,TXN_100713,CUST_10713
19,Checking,Payment,Electronics,511.53,25074.06,24562.53,3,Toronto,ATM,Debit Card,0,0,TXN_103149,CUST_13149
54,Checking,Deposit,Electronics,490.14,4761.69,4271.55,1,Mumbai,POS Terminal,UPI / Wallet,0,0,TXN_102298,CUST_12298
67,Savings,Deposit,Retail,183.66,22072.16,21888.5,1,New York,Mobile App,UPI / Wallet,0,0,TXN_104139,CUST_14139
18,Savings,Payment,Retail,104.24,24560.43,24456.19,11,London,Web Browser,UPI / Wallet,0,0,TXN_105192,CUST_15192
28,Checking,Payment,Electronics,10.5,27565.87,27555.37,16,Berlin,Mobile App,UPI / Wallet,0,0,TXN_104438,CUST_14438
37,Savings,Transfer,Entertainment,30.85,22555.69,22524.84,12,Berlin,Mobile App,Debit Card,0,0,TXN_104040,CUST_14040
68,Checking,Deposit,Travel,40.64,16668.7,16628.06,14,Tokyo,Web Browser,Credit Card,0,0,TXN_101753,CUST_11753
26,Checking,Payment,Utilities,69.27,22340.78,22271.51,7,New York,ATM,Wire Transfer,0,0,TXN_106962,CUST_16962
18,Checking,Transfer,Entertainment,43.87,10886.73,10842.86,11,New York,Web Browser,Debit Card,1,0,TXN_100274,CUST_10274
75,Savings,Transfer,Entertainment,93.05,16315.24,16222.19,4,London,Mobile App,Debit Card,0,0,TXN_105027,CUST_15027
55,Savings,Transfer,Travel,925.61,25054.4,24128.79,13,Mumbai,POS Terminal,Debit Card,0,0,TXN_105419,CUST_15419
62,Credit,Withdrawal,Groceries,69.95,24604.38,24534.43,22,London,Web Browser,Debit Card,0,0,TXN_106539,CUST_16539
59,Checking,Payment,Electronics,80.86,19806.47,19725.61,1,Toronto,Mobile App,UPI / Wallet,0,0,TXN_101545,CUST_11545
21,Checking,Payment,Utilities,169.23,12610.36,12441.13,20,Berlin,ATM,Debit Card,0,0,TXN_100177,CUST_10177
61,Credit,Payment,Electronics,12.63,23453.6,23440.97,11,Singapore,ATM,UPI / Wallet,0,0,TXN_104436,CUST_14436
61,Checking,Transfer,Electronics,94.11,13940.98,13846.87,6,Mumbai,ATM,UPI / Wallet,1,0,TXN_104250,CUST_14250
22,Savings,Transfer,Groceries,10.34,24054.92,24044.58,11,Mumbai,Web Browser,Wire Transfer,1,0,TXN_106429,CUST_16429
34,Savings,Deposit,Travel,690.07,22289.39,21599.32,16,Berlin,Mobile App,Credit Card,0,0,TXN_102469,CUST_12469
18,Checking,Transfer,Groceries,77.46,9525.42,9447.96,7,Singapore,POS Terminal,Wire Transfer,0,0,TXN_106817,CUST_16817
23,Business,Withdrawal,Entertainment,318.36,23484.58,23166.22,15,Tokyo,Mobile App,Debit Card,0,0,TXN_103483,CUST_13483
18,Checking,Payment,Utilities,61.68,21355.81,21294.13,5,Toronto,ATM,Credit Card,0,0,TXN_100887,CUST_10887
18,Credit,Payment,Groceries,95.01,25195.05,25100.04,19,New York,Web Browser,UPI / Wallet,0,0,TXN_101191,CUST_11191
18,Savings,Payment,Groceries,18.14,19104.32,19086.18,14,Toronto,ATM,Debit Card,0,0,TXN_104521,CUST_14521
43,Checking,Transfer,Retail,39.5,16307.97,16418.47,20,Tokyo,ATM,UPI / Wallet,1,0,TXN_106357,CUST_16357
51,Checking,Transfer,Utilities,63.57,20326.69,20263.12,2,Toronto,Web Browser,Credit Card,0,0,TXN_103737,CUST_13737
18,Business,Payment,Groceries,16.28,17962.24,18095.96,3,Berlin,ATM,Debit Card,0,1,TXN_102150,CUST_12150
52,Credit,Transfer,Travel,123.11,18182.76,18059.65,11,London,POS Terminal,Debit Card,0,0,TXN_100301,CUST_10301
75,Savings,Transfer,Travel,3.9,25582.31,25578.41,11,Tokyo,Web Browser,Credit Card,0,0,TXN_104205,CUST_14205
23,Savings,Payment,Electronics,219.32,8796.14,8576.82,7,Tokyo,ATM,Wire Transfer,0,0,TXN_100805,CUST_10805
69,Credit,Payment,Entertainment,87.18,15820.81,15733.63,17,Toronto,Web Browser,Debit Card,0,0,TXN_100842,CUST_10842
58,Savings,Withdrawal,Travel,48.05,11791.75,11743.7,19,Toronto,Mobile App,UPI / Wallet,0,0,TXN_106105,CUST_16105
18,Credit,Deposit,Electronics,616.23,21748.87,21132.64,0,London,Web Browser,Debit Card,0,0,TXN_100377,CUST_10377
25,Savings,Withdrawal,Travel,583.39,23922.98,23489.59,19,Tokyo,Mobile App,Debit Card,0,0,TXN_104495,CUST_14495
42,Savings,Deposit,Electronics,487.64,13780.56,13292.92,22,Mumbai,ATM,Debit Card,0,0,TXN_104768,CUST_14768
26,Checking,Payment,Utilities,28.12,20381.82,20353.7,18,Berlin,Mobile App,Debit Card,0,0,TXN_103613,CUST_13613
22,Checking,Transfer,Utilities,31.28,22877.19,22845.91,5,Mumbai,POS Terminal,UPI / Wallet,0,0,TXN_106771,CUST_16771
50,Credit,Withdrawal,Electronics,395.98,27054.81,26658.83,19,London,POS Terminal,UPI / Wallet,0,0,TXN_101312,CUST_11312
55,Business,Transfer,Entertainment,465.57,636.41,170.84,10,Toronto,Web Browser,Debit Card,0,0,TXN_103186,CUST_13186
60,Savings,Payment,Retail,119.18,8078.04,7958.86,19,Toronto,Mobile App,Wire Transfer,0,0,TXN_105268,CUST_15268
18,Checking,Transfer,Electronics,185.18,634.13,448.95,19,Toronto,ATM,UPI / Wallet,0,0,TXN_105789,CUST_15789
66,Checking,Payment,Retail,222.23,26338.51,26116.28,3,Mumbai,Web Browser,Debit Card,0,0,TXN_104312,CUST_14312
62,Savings,Transfer,Electronics,105.23,24371.88,24266.65,8,Mumbai,Mobile App,UPI / Wallet,0,0,TXN_104549,CUST_14549
23,Savings,Payment,Entertainment,56.67,24011.24,23954.57,3,Berlin,ATM,Debit Card,0,1,TXN_101218,CUST_11218
58,Credit,Transfer,Retail,103.25,23690.17,23586.92,13,Tokyo,Mobile App,Debit Card,0,0,TXN_102629,CUST_12629
27,Checking,Transfer,Travel,442.09,24508.31,24066.22,11,Singapore,Mobile App,Debit Card,0,0,TXN_103047,CUST_13047
62,Checking,Payment,Electronics,15.65,22589.12,22573.47,22,London,Web Browser,Credit Card,0,0,TXN_105643,CUST_15643
24,Credit,Transfer,Retail,323.95,24871.32,24547.37,19,Singapore,Mobile App,Wire Transfer,0,0,TXN_102284,CUST_12284
22,Credit,Payment,Groceries,596.52,23976.44,23379.92,5,London,Web Browser,Debit Card,0,0,TXN_101495,CUST_11495
71,Savings,Deposit,Electronics,145.35,21879.48,21734.13,18,Berlin,POS Terminal,Wire Transfer,1,0,TXN_103653,CUST_13653
41,Business,Transfer,Travel,94.12,17665.64,17571.52,1,Tokyo,ATM,Debit Card,0,0,TXN_106306,CUST_16306
66,Checking,Payment,Groceries,87.52,17995.24,17907.72,20,Berlin,Mobile App,UPI / Wallet,0,0,TXN_106127,CUST_16127
58,Business,Payment,Travel,32.24,24351.74,24319.5,14,Singapore,Mobile App,Debit Card,0,0,TXN_100415,CUST_10415
36,Checking,Transfer,Entertainment,61.1,950.72,889.62,10,Tokyo,Web Browser,Wire Transfer,0,0,TXN_102625,CUST_12625
68,Checking,Withdrawal,Groceries,51.64,13024.61,12972.97,22,Tokyo,Web Browser,Debit Card,0,0,TXN_100633,CUST_10633
66,Business,Transfer,Retail,7.97,22076.42,22068.45,6,Singapore,ATM,UPI / Wallet,0,0,TXN_103840,CUST_13840
70,Savings,Withdrawal,Electronics,117.18,26231.52,26114.34,11,New York,ATM,Debit Card,0,0,TXN_104415,CUST_14415
62,Checking,Payment,Groceries,169.48,20996.27,20976.79,5,Toronto,Mobile App,Wire Transfer,0,0,TXN_105799,CUST_15799
25,Checking,Transfer,Electronics,73.88,19252.94,19179.06,10,Berlin,Mobile App,UPI / Wallet,0,0,TXN_101037,CUST_11037
18,Credit,Deposit,Groceries,295.79,25274.3,24978.51,2,Toronto,ATM,Wire Transfer,0,0,TXN_106004,CUST_16004
37,Savings,Transfer,Entertainment,105.48,19340.85,19235.37,17,London,Mobile App,Credit Card,0,0,TXN_105934,CUST_15934
31,Checking,Transfer,Retail,71.54,20992.98,20921.44,8,Singapore,Mobile App,Debit Card,0,1,TXN_106420,CUST_16420
62,Business,Withdrawal,Electronics,182.15,22420.71,22238.56,18,Toronto,Web Browser,Wire Transfer,1,0,TXN_103489,CUST_13489
34,Credit,Transfer,Electronics,259.71,22192.82,21933.11,23,Tokyo,Web Browser,UPI / Wallet,0,0,TXN_100150,CUST_10150
24,Checking,Transfer,Retail,15.03,23765.4,23750.37,0,Toronto,Web Browser,Credit Card,0,0,TXN_105663,CUST_15663
38,Savings,Withdrawal,Entertainment,683.91,11629.69,10945.78,19,Tokyo,ATM,UPI / Wallet,1,0,TXN_106024,CUST_16024
62,Checking,Deposit,Groceries,55.01,23890.17,23985.16,15,Mumbai,ATM,UPI / Wallet,0,0,TXN_101630,CUST_11630
59,Savings,Payment,Retail,219.11,23954.11,23735.0,8,Berlin,Mobile App,Wire Transfer,0,0,TXN_102212,CUST_12212
40,Savings,Transfer,Utilities,50.58,20833.66,20783.08,12,Tokyo,Web Browser,Credit Card,0,1,TXN_101128,CUST_11128
50,Savings,Transfer,Groceries,93.11,4735.45,4642.34,18,Toronto,Mobile App,UPI / Wallet,0,0,TXN_101263,CUST_11263
22,Savings,Transfer,Retail,127.27,6824.57,6697.3,14,Mumbai,Web Browser,Debit Card,0,0,TXN_103859,CUST_13859
57,Savings,Payment,Utilities,128.72,19306.38,19177.66,3,Tokyo,Mobile App,Debit Card,0,0,TXN_101732,CUST_11732
71,Checking,Transfer,Travel,85.79,23875.68,23789.89,1,Singapore,POS Terminal,Wire Transfer,0,0,TXN_103694,CUST_13694
55,Business,Transfer,Entertainment,114.12,22990.78,23026.66,9,Singapore,Mobile App,Debit Card,0,0,TXN_102978,CUST_12978
57,Checking,Payment,Retail,240.15,26313.97,26073.82,13,Tokyo,Web Browser,Wire Transfer,0,0,TXN_105848,CUST_15848
35,Savings,Payment,Travel,34.52,17422.77,17388.25,21,Berlin,Web Browser,Debit Card,0,0,TXN_104060,CUST_14060
58,Savings,Deposit,Utilities,342.1,23940.6,23598.5,9,London,ATM,Debit Card,0,0,TXN_100916,CUST_10916
20,Checking,Withdrawal,Entertainment,28.5,26917.63,26889.13,1,New York,Web Browser,UPI / Wallet,0,0,TXN_101476,CUST_11476
29,Checking,Withdrawal,Entertainment,917.04,11452.83,10535.79,13,Berlin,POS Terminal,UPI / Wallet,0,0,TXN_102444,CUST_12444
24,Savings,Transfer,Travel,20.54,20651.2,20630.66,1,Mumbai,Web Browser,Debit Card,0,0,TXN_102704,CUST_12704
47,Savings,Transfer,Utilities,72.66,27227.8,27155.14,9,Singapore,Web Browser,Wire Transfer,0,0,TXN_104558,CUST_14558
40,Savings,Transfer,Electronics,382.83,14556.7,14173.87,11,Tokyo,Web Browser,UPI / Wallet,0,0,TXN_102406,CUST_12406
21,Savings,Withdrawal,Groceries,112.26,18298.66,18186.4,12,London,Mobile App,Wire Transfer,0,0,TXN_104418,CUST_14418
22,Savings,Payment,Utilities,159.85,20556.59,20396.74,9,New York,ATM,Debit Card,0,0,TXN_106646,CUST_16646
68,Business,Transfer,Utilities,867.63,25784.99,24917.36,21,Tokyo,ATM,Debit Card,0,0,TXN_101379,CUST_11379
18,Business,Payment,Entertainment,180.31,21215.38,21035.07,20,Tokyo,Mobile App,UPI / Wallet,0,1,TXN_102495,CUST_12495
33,Savings,Deposit,Travel,36.29,16767.99,16731.7,12,Berlin,Web Browser,Debit Card,0,0,TXN_101319,CUST_11319
23,Savings,Transfer,Entertainment,519.38,3274.73,2755.35,23,New York,POS Terminal,Debit Card,0,0,TXN_103094,CUST_13094
45,Credit,Payment,Retail,45.22,23401.12,23355.9,12,Berlin,ATM,Credit Card,0,0,TXN_101279,CUST_11279
25,Credit,Deposit,Travel,154.79,26691.58,26536.79,4,Berlin,Web Browser,Debit Card,0,0,TXN_102903,CUST_12903
18,Business,Payment,Utilities,56.39,25809.96,25753.57,14,Toronto,Mobile App,UPI / Wallet,0,0,TXN_104674,CUST_14674
58,Savings,Deposit,Retail,17.85,19018.07,19000.22,15,New York,Web Browser,Debit Card,0,0,TXN_100147,CUST_10147
37,Checking,Deposit,Entertainment,149.62,10149.5,9999.88,20,Mumbai,Web Browser,Wire Transfer,0,0,TXN_104740,CUST_14740
62,Checking,Payment,Travel,42.45,25459.41,25566.96,20,Tokyo,POS Terminal,Debit Card,0,0,TXN_100387,CUST_10387
23,Savings,Transfer,Travel,415.77,6294.31,5878.54,5,Berlin,POS Terminal,Credit Card,0,0,TXN_103125,CUST_13125
56,Checking,Transfer,Retail,7.04,19429.46,19422.42,19,New York,Web Browser,UPI / Wallet,0,0,TXN_102236,CUST_12236
67,Checking,Payment,Entertainment,4.06,25373.39,25369.33,4,Berlin,POS Terminal,Credit Card,1,0,TXN_100910,CUST_10910
41,Checking,Payment,Entertainment,22.7,27390.8,27368.1,23,New York,Web Browser,UPI / Wallet,0,0,TXN_100696,CUST_10696
41,Checking,Payment,Travel,618.45,17660.61,17042.16,20,Berlin,ATM,UPI / Wallet,1,0,TXN_103970,CUST_13970
63,Checking,Payment,Travel,121.27,25548.63,25427.36,5,Singapore,Mobile App,UPI / Wallet,0,0,TXN_100557,CUST_10557
29,Credit,Transfer,Entertainment,282.04,23102.3,22820.26,16,Tokyo,Web Browser,Credit Card,0,0,TXN_104678,CUST_14678
18,Business,Deposit,Travel,2.95,7159.82,7306.87,1,London,Mobile App,Debit Card,0,1,TXN_104035,CUST_14035
63,Checking,Payment,Entertainment,14.74,7213.1,7198.36,7,Berlin,POS Terminal,Wire Transfer,0,1,TXN_101974,CUST_11974
18,Checking,Withdrawal,Entertainment,74.97,16468.68,16393.71,14,Singapore,POS Terminal,UPI / Wallet,0,1,TXN_104710,CUST_14710
60,Savings,Payment,Electronics,186.13,25872.26,25686.13,22,Tokyo,Web Browser,Credit Card,0,0,TXN_106138,CUST_16138
20,Checking,Transfer,Travel,36.95,26095.88,26058.93,8,Mumbai,Web Browser,Debit Card,0,0,TXN_105018,CUST_15018
29,Savings,Payment,Groceries,123.68,15103.74,14980.06,18,Toronto,Mobile App,Credit Card,0,1,TXN_102139,CUST_12139
51,Credit,Transfer,Travel,51.53,18349.46,18297.93,3,Toronto,POS Terminal,Debit Card,0,1,TXN_100839,CUST_10839
66,Checking,Payment,Retail,110.48,18148.27,18037.79,17,Mumbai,Web Browser,Wire Transfer,1,0,TXN_104212,CUST_14212
29,Savings,Withdrawal,Electronics,23.35,18238.05,18214.7,21,Tokyo,Mobile App,UPI / Wallet,0,0,TXN_100950,CUST_10950
38,Savings,Deposit,Retail,348.27,19280.62,18932.35,10,Tokyo,Web Browser,UPI / Wallet,0,0,TXN_106033,CUST_16033
55,Checking,Deposit,Electronics,104.3,23176.63,23072.33,18,New York,Mobile App,Debit Card,1,0,TXN_102601,CUST_12601
57,Savings,Transfer,Travel,137.72,21419.39,21281.67,0,Berlin,Web Browser,Debit Card,1,0,TXN_102470,CUST_12470
67,Checking,Payment,Groceries,8.33,22849.47,22841.14,1,Mumbai,ATM,Debit Card,0,0,TXN_102064,CUST_12064
46,Savings,Transfer,Entertainment,24.43,23498.67,23474.24,11,Tokyo,Mobile App,Debit Card,0,1,TXN_101674,CUST_11674
49,Credit,Transfer,Groceries,14.64,1021.95,1007.31,14,New York,Mobile App,UPI / Wallet,0,0,TXN_101371,CUST_11371
19,Credit,Withdrawal,Entertainment,98.22,16585.42,16637.2,3,Singapore,POS Terminal,Credit Card,0,0,TXN_104988,CUST_14988
46,Checking,Payment,Travel,52.33,8356.1,8303.77,18,Toronto,POS Terminal,Debit Card,0,0,TXN_101846,CUST_11846
18,Checking,Deposit,Retail,13.67,17116.51,17102.84,21,Mumbai,Web Browser,UPI / Wallet,0,0,TXN_102691,CUST_12691
18,Savings,Deposit,Utilities,448.41,23547.56,23099.15,15,Berlin,Web Browser,Debit Card,0,0,TXN_103678,CUST_13678
29,Checking,Deposit,Groceries,44.4,18796.23,18751.83,19,Mumbai,Mobile App,UPI / Wallet,1,0,TXN_104755,CUST_14755
51,Savings,Payment,Groceries,5.35,20586.76,20581.41,2,Berlin,Mobile App,Credit Card,0,0,TXN_106670,CUST_16670
27,Credit,Withdrawal,Retail,11.34,16905.88,16894.54,19,Tokyo,POS Terminal,Debit Card,0,0,TXN_101248,CUST_11248
62,Savings,Payment,Utilities,34.44,5389.87,5355.43,1,London,Mobile App,Credit Card,1,0,TXN_102032,CUST_12032
41,Checking,Transfer,Travel,168.82,20173.95,20005.13,11,Mumbai,Web Browser,Credit Card,0,0,TXN_103105,CUST_13105
18,Savings,Deposit,Utilities,230.42,22694.92,22614.5,7,Berlin,ATM,Debit Card,0,0,TXN_100736,CUST_10736
57,Savings,Withdrawal,Entertainment,36.15,25100.77,25064.62,14,Tokyo,Mobile App,Debit Card,0,0,TXN_105370,CUST_15370
36,Savings,Payment,Retail,18.6,6437.87,6419.27,16,Mumbai,POS Terminal,Debit Card,0,0,TXN_105351,CUST_15351
36,Business,Withdrawal,Retail,4.2,18605.5,18601.3,9,Berlin,ATM,Credit Card,0,0,TXN_101235,CUST_11235
18,Checking,Payment,Groceries,93.27,21137.74,21044.47,13,Mumbai,ATM,UPI / Wallet,0,0,TXN_104762,CUST_14762
31,Business,Deposit,Groceries,5.01,27078.45,27073.44,18,Singapore,Mobile App,Wire Transfer,0,0,TXN_100659,CUST_10659
76,Checking,Payment,Travel,107.33,26689.72,26582.39,16,Toronto,POS Terminal,Debit Card,0,0,TXN_103036,CUST_13036
62,Checking,Transfer,Groceries,63.64,1080.2,1166.56,23,Tokyo,POS Terminal,Wire Transfer,0,0,TXN_105529,CUST_15529
31,Credit,Deposit,Entertainment,37.21,12808.0,12770.79,19,Mumbai,Mobile App,UPI / Wallet,0,0,TXN_104054,CUST_14054
22,Credit,Deposit,Travel,346.01,24622.85,24276.84,19,New York,Web Browser,Wire Transfer,0,0,TXN_100011,CUST_10011
18,Credit,Payment,Retail,8.17,14091.25,14083.08,18,Singapore,Web Browser,Debit Card,0,0,TXN_105317,CUST_15317
70,Business,Transfer,Travel,112.13,24541.27,24429.14,23,New York,ATM,Wire Transfer,1,0,TXN_104519,CUST_14519
23,Business,Payment,Utilities,163.46,17869.15,17705.69,1,Toronto,Web Browser,Wire Transfer,0,0,TXN_101760,CUST_11760
27,Savings,Payment,Groceries,440.64,19443.7,19003.06,15,New York,Web Browser,Credit Card,0,0,TXN_101459,CUST_11459
67,Savings,Transfer,Entertainment,84.6,19750.56,19665.96,20,Toronto,POS Terminal,Debit Card,0,0,TXN_105339,CUST_15339
20,Checking,Payment,Entertainment,103.0,24078.68,23975.68,11,New York,ATM,Wire Transfer,0,0,TXN_100661,CUST_10661
65,Savings,Transfer,Entertainment,42.44,24129.16,24086.72,5,Tokyo,Web Browser,UPI / Wallet,0,0,TXN_106742,CUST_16742
18,Savings,Transfer,Groceries,374.18,8185.37,7811.19,11,Singapore,Mobile App,Debit Card,0,0,TXN_100614,CUST_10614
23,Business,Payment,Groceries,461.14,14902.78,14591.64,17,Berlin,POS Terminal,Credit Card,0,0,TXN_101035,CUST_11035
63,Business,Transfer,Electronics,339.76,25903.25,25563.49,1,Toronto,ATM,Debit Card,0,0,TXN_101027,CUST_11027
42,Savings,Transfer,Electronics,21.58,11470.35,11448.77,16,Mumbai,POS Terminal,UPI / Wallet,0,0,TXN_105995,CUST_15995
71,Checking,Payment,Retail,26.27,20288.83,20262.56,23,Berlin,POS Terminal,Debit Card,0,0,TXN_105570,CUST_15570
35,Checking,Deposit,Groceries,72.86,15144.13,15071.27,17,Singapore,Web Browser,Credit Card,0,0,TXN_103302,CUST_13302
46,Savings,Transfer,Groceries,102.89,16271.41,16168.52,21,Tokyo,POS Terminal,Debit Card,0,0,TXN_104109,CUST_14109
54,Savings,Deposit,Groceries,92.94,1605.36,1512.42,12,Berlin,Web Browser,Wire Transfer,0,0,TXN_106375,CUST_16375
72,Savings,Deposit,Entertainment,139.39,16454.13,16314.74,6,New York,POS Terminal,Wire Transfer,0,1,TXN_102125,CUST_12125
40,Savings,Withdrawal,Entertainment,129.67,23763.35,23633.68,22,London,Mobile App,UPI / Wallet,0,1,TXN_101549,CUST_11549
40,Savings,Transfer,Electronics,22.85,24816.02,24793.17,14,Toronto,Mobile App,UPI / Wallet,0,0,TXN_102106,CUST_12106
18,Checking,Withdrawal,Electronics,235.44,4115.92,3880.48,19,Toronto,POS Terminal,Debit Card,0,0,TXN_106057,CUST_16057
45,Checking,Withdrawal,Retail,266.36,25491.48,25225.12,2,Tokyo,Mobile App,UPI / Wallet,0,0,TXN_101597,CUST_11597
26,Credit,Payment,Retail,100.26,20284.06,20183.8,15,Singapore,Web Browser,UPI / Wallet,0,0,TXN_101168,CUST_11168
22,Checking,Payment,Utilities,808.39,22219.14,21410.75,16,Berlin,Mobile App,Credit Card,0,1,TXN_102945,CUST_12945
59,Checking,Deposit,Retail,175.29,19750.82,19575.53,8,Berlin,POS Terminal,Credit Card,1,0,TXN_106631,CUST_16631
36,Checking,Withdrawal,Electronics,140.86,8360.72,8369.86,5,Tokyo,Web Browser,Credit Card,0,0,TXN_105664,CUST_15664
61,Savings,Transfer,Electronics,196.65,26369.12,26172.47,14,Toronto,ATM,Debit Card,0,0,TXN_104611,CUST_14611
20,Checking,Transfer,Electronics,143.55,3136.18,2992.63,20,Mumbai,POS Terminal,Debit Card,0,0,TXN_103337,CUST_13337
18,Savings,Transfer,Retail,123.62,4926.06,4802.44,1,Toronto,Web Browser,UPI / Wallet,1,0,TXN_105160,CUST_15160
59,Checking,Payment,Retail,14.6,23444.0,23429.4,21,Singapore,Web Browser,UPI / Wallet,0,0,TXN_106894,CUST_16894
26,Credit,Transfer,Entertainment,111.56,19951.08,19839.52,13,New York,ATM,Credit Card,0,0,TXN_106355,CUST_16355
18,Checking,Transfer,Groceries,23.41,6735.75,6712.34,0,Mumbai,Mobile App,UPI / Wallet,0,0,TXN_100211,CUST_10211
19,Credit,Withdrawal,Groceries,32.71,1909.32,1876.61,12,Toronto,POS Terminal,Debit Card,1,0,TXN_106915,CUST_16915
53,Savings,Deposit,Electronics,96.16,10833.32,10737.16,22,Singapore,POS Terminal,Debit Card,0,0,TXN_103287,CUST_13287
72,Credit,Deposit,Utilities,28.38,26531.65,26503.27,9,New York,POS Terminal,UPI / Wallet,0,0,TXN_106575,CUST_16575
40,Savings,Transfer,Electronics,382.83,14556.7,14173.87,11,Tokyo,Web Browser,UPI / Wallet,0,0,TXN_102406,CUST_12406
35,Checking,Deposit,Groceries,72.86,15144.13,15071.27,17,Singapore,Web Browser,Credit Card,0,0,TXN_103302,CUST_13302
45,Checking,Payment,Utilities,89.27,6008.79,5919.52,1,Tokyo,ATM,UPI / Wallet,0,0,TXN_104513,CUST_14513
31,Credit,Deposit,Entertainment,37.21,12808.0,12770.79,19,Mumbai,Mobile App,UPI / Wallet,0,0,TXN_104054,CUST_14054
31,Savings,Transfer,Groceries,113.83,5846.49,5732.66,1,London,Mobile App,Debit Card,0,0,TXN_106374,CUST_16374
53,Business,Withdrawal,Entertainment,2.01,20056.72,20054.71,17,Tokyo,Web Browser,Debit Card,0,0,TXN_100060,CUST_10060
62,Savings,Transfer,Entertainment,67.16,4496.37,4429.21,8,New York,Mobile App,Credit Card,0,0,TXN_106848,CUST_16848
43,Savings,Payment,Groceries,77.03,12355.53,12278.5,14,Tokyo,ATM,Debit Card,0,0,TXN_103442,CUST_13442
44,Credit,Transfer,Retail,4.44,25418.36,25413.92,13,London,POS Terminal,Wire Transfer,0,0,TXN_105269,CUST_15269
69,Credit,Withdrawal,Utilities,390.9,7314.62,6923.72,8,Tokyo,Web Browser,Wire Transfer,0,0,TXN_103275,CUST_13275
76,Business,Withdrawal,Travel,67.22,27759.22,27692.0,6,Berlin,Mobile App,Debit Card,0,0,TXN_102418,CUST_12418
30,Savings,Deposit,Groceries,13.25,25055.64,25042.39,21,London,Web Browser,Debit Card,0,1,TXN_101040,CUST_11040
18,Savings,Payment,Entertainment,30.95,23279.1,23248.15,19,New York,Mobile App,Wire Transfer,0,0,TXN_101262,CUST_11262
77,Checking,Payment,Groceries,309.9,18504.7,18194.8,2,Mumbai,Mobile App,Wire Transfer,0,0,TXN_101457,CUST_11457
67,Savings,Payment,Utilities,441.31,24640.24,24198.93,5,Tokyo,POS Terminal,UPI / Wallet,0,0,TXN_100729,CUST_10729
18,Savings,Withdrawal,Utilities,424.7,16106.7,15682.0,21,Toronto,Web Browser,Wire Transfer,0,0,TXN_103978,CUST_13978
28,Business,Payment,Travel,203.52,18401.83,18348.31,5,Berlin,POS Terminal,Debit Card,0,1,TXN_106605,CUST_16605
49,Savings,Payment,Groceries,57.81,24573.11,24515.3,0,Tokyo,Web Browser,UPI / Wallet,0,0,TXN_102810,CUST_12810
41,Checking,Transfer,Groceries,498.28,10532.81,10034.53,3,Tokyo,Web Browser,Debit Card,0,1,TXN_104525,CUST_14525
56,Savings,Withdrawal,Retail,71.79,7200.36,7128.57,23,Tokyo,Web Browser,Debit Card,0,1,TXN_105214,CUST_15214
39,Checking,Transfer,Entertainment,10.36,21471.41,21461.05,12,Tokyo,POS Terminal,Debit Card,0,1,TXN_106883,CUST_16883
23,Checking,Payment,Retail,93.0,23697.78,23604.78,21,Tokyo,Web Browser,Debit Card,0,0,TXN_106548,CUST_16548
72,Checking,Payment,Utilities,18.82,22885.12,22866.3,18,New York,POS Terminal,Wire Transfer,0,0,TXN_100047,CUST_10047
18,Savings,Payment,Entertainment,144.7,19821.58,19676.88,13,Berlin,ATM,Debit Card,0,0,TXN_100684,CUST_10684
59,Checking,Transfer,Travel,21.57,20639.24,20617.67,14,Singapore,Web Browser,Debit Card,0,0,TXN_105327,CUST_15327
39,Checking,Withdrawal,Electronics,49.52,15379.07,15329.55,15,Tokyo,ATM,UPI / Wallet,0,0,TXN_100577,CUST_10577
55,Savings,Withdrawal,Retail,237.25,12998.87,12761.62,18,New York,Web Browser,UPI / Wallet,0,0,TXN_100360,CUST_10360
27,Checking,Transfer,Entertainment,275.16,19705.34,19430.18,18,Singapore,ATM,Debit Card,0,0,TXN_106999,CUST_16999
36,Credit,Withdrawal,Electronics,192.08,24627.37,24435.29,17,Tokyo,Mobile App,Debit Card,0,0,TXN_103053,CUST_13053
61,Savings,Payment,Electronics,38.13,620.69,582.56,17,Tokyo,ATM,Debit Card,0,0,TXN_106158,CUST_16158
54,Checking,Withdrawal,Utilities,64.14,25113.1,25048.96,16,Tokyo,Web Browser,UPI / Wallet,0,0,TXN_102942,CUST_12942
22,Checking,Withdrawal,Electronics,55.46,1260.69,1205.23,12,Berlin,Web Browser,Wire Transfer,0,0,TXN_104092,CUST_14092
64,Checking,Transfer,Groceries,12.67,26713.53,26700.86,13,Singapore,Web Browser,UPI / Wallet,0,0,TXN_101424,CUST_11424
18,Checking,Payment,Retail,44.48,23706.05,23661.57,1,Tokyo,POS Terminal,UPI / Wallet,0,0,TXN_101352,CUST_11352
71,Checking,Payment,Utilities,31.29,25013.9,24982.61,11,Singapore,Web Browser,UPI / Wallet,0,0,TXN_100224,CUST_10224
37,Credit,Transfer,Travel,39.92,18585.72,18545.8,20,Toronto,Web Browser,UPI / Wallet,0,0,TXN_105830,CUST_15830
46,Savings,Payment,Entertainment,161.99,24590.25,24428.26,0,Berlin,Mobile App,Debit Card,0,0,TXN_103531,CUST_13531
64,Savings,Payment,Entertainment,123.52,10366.0,10392.48,5,Toronto,POS Terminal,UPI / Wallet,0,0,TXN_104866,CUST_14866
18,Credit,Transfer,Entertainment,183.59,8793.97,8610.38,14,London,Web Browser,Debit Card,0,0,TXN_101019,CUST_11019
47,Credit,Payment,Travel,368.4,19148.51,18780.11,1,Berlin,POS Terminal,UPI / Wallet,0,0,TXN_104981,CUST_14981
50,Checking,Transfer,Travel,66.15,12932.13,12865.98,0,New York,Web Browser,UPI / Wallet,0,0,TXN_100244,CUST_10244
68,Checking,Transfer,Electronics,73.16,12497.34,12424.18,9,Berlin,Mobile App,Debit Card,0,0,TXN_101085,CUST_11085
70,Savings,Withdrawal,Groceries,243.64,22445.2,22201.56,22,Mumbai,Web Browser,Debit Card,0,0,TXN_104026,CUST_14026
65,Business,Transfer,Utilities,32.62,4282.75,4250.13,22,Toronto,Mobile App,Credit Card,1,0,TXN_102467,CUST_12467
48,Savings,Payment,Travel,177.78,19409.12,19231.34,6,Mumbai,Mobile App,Debit Card,0,0,TXN_105326,CUST_15326
23,Checking,Payment,Utilities,97.15,20620.29,20673.14,0,Tokyo,POS Terminal,Wire Transfer,0,0,TXN_103064,CUST_13064
63,Checking,Payment,Travel,26.87,13204.22,13177.35,21,Mumbai,POS Terminal,Wire Transfer,0,1,TXN_101453,CUST_11453
65,Business,Transfer,Electronics,140.92,16059.88,15918.96,11,Tokyo,Web Browser,Debit Card,0,0,TXN_106147,CUST_16147
43,Checking,Withdrawal,Retail,13.8,21548.47,21534.67,8,Berlin,Mobile App,Credit Card,0,0,TXN_102476,CUST_12476
22,Savings,Payment,Electronics,7.11,21792.52,21785.41,4,Mumbai,POS Terminal,UPI / Wallet,0,0,TXN_105070,CUST_15070
70,Savings,Transfer,Utilities,33.39,6738.8,6705.41,15,Toronto,POS Terminal,Wire Transfer,0,0,TXN_101234,CUST_11234
56,Savings,Transfer,Entertainment,255.28,25413.09,25157.81,16,Berlin,POS Terminal,Debit Card,1,0,TXN_102641,CUST_12641
53,Checking,Transfer,Entertainment,83.56,7232.01,7148.45,5,Mumbai,Mobile App,Credit Card,0,0,TXN_106226,CUST_16226
55,Checking,Payment,Groceries,101.87,25178.85,25076.98,19,Singapore,Web Browser,Credit Card,0,0,TXN_102759,CUST_12759
24,Checking,Withdrawal,Travel,157.23,26054.92,25897.69,23,New York,POS Terminal,Wire Transfer,0,0,TXN_102055,CUST_12055
51,Checking,Transfer,Groceries,140.62,21727.28,21586.66,6,Mumbai,Mobile App,Debit Card,0,0,TXN_105622,CUST_15622
62,Checking,Payment,Utilities,27.52,23098.02,23070.5,4,Mumbai,POS Terminal,Wire Transfer,0,1,TXN_102101,CUST_12101
18,Savings,Deposit,Travel,73.35,19281.6,19208.25,6,Singapore,Web Browser,Debit Card,0,0,TXN_103137,CUST_13137
68,Checking,Transfer,Travel,101.89,2448.55,2496.66,8,Berlin,Mobile App,Credit Card,0,1,TXN_101474,CUST_11474
18,Savings,Withdrawal,Groceries,162.3,18578.2,18565.9,9,New York,Web Browser,Debit Card,0,0,TXN_105750,CUST_15750
27,Savings,Withdrawal,Groceries,96.43,13467.47,13371.04,18,Toronto,Web Browser,UPI / Wallet,0,0,TXN_102655,CUST_12655
70,Business,Payment,Electronics,202.11,17280.2,17078.09,12,Berlin,Web Browser,Wire Transfer,0,0,TXN_104559,CUST_14559
45,Savings,Payment,Groceries,24.33,25998.68,25974.35,16,Tokyo,POS Terminal,Credit Card,0,1,TXN_104994,CUST_14994
59,Credit,Payment,Retail,75.6,22749.2,22673.6,22,Tokyo,Web Browser,Wire Transfer,0,0,TXN_103213,CUST_13213
65,Savings,Withdrawal,Electronics,59.56,22873.69,22814.13,16,New York,Web Browser,UPI / Wallet,0,0,TXN_106835,CUST_16835
50,Savings,Transfer,Groceries,93.11,4735.45,4642.34,18,Toronto,Mobile App,UPI / Wallet,0,0,TXN_101263,CUST_11263
30,Checking,Deposit,Groceries,73.61,25001.67,24928.06,1,Toronto,Mobile App,Wire Transfer,0,0,TXN_106425,CUST_16425
50,Savings,Withdrawal,Travel,90.7,10580.01,10489.31,7,Singapore,Mobile App,Wire Transfer,0,0,TXN_101264,CUST_11264
62,Credit,Payment,Electronics,107.57,13557.39,13449.82,7,London,Web Browser,Credit Card,0,0,TXN_103299,CUST_13299
67,Checking,Payment,Retail,40.71,21999.3,21958.59,16,Tokyo,Mobile App,Debit Card,0,0,TXN_106145,CUST_16145
27,Savings,Transfer,Entertainment,331.31,20958.74,20627.43,2,Tokyo,POS Terminal,Debit Card,0,0,TXN_100901,CUST_10901
27,Checking,Transfer,Retail,25.41,18185.59,18160.18,22,Tokyo,ATM,Debit Card,0,0,TXN_102744,CUST_12744
19,Checking,Transfer,Groceries,26.44,26270.64,26244.2,11,Singapore,Web Browser,UPI / Wallet,0,0,TXN_100631,CUST_10631
30,Savings,Transfer,Entertainment,12.48,26183.91,26171.43,22,Singapore,Mobile App,Debit Card,0,0,TXN_103509,CUST_13509
62,Checking,Deposit,Entertainment,40.1,20989.16,20949.06,4,Mumbai,Web Browser,UPI / Wallet,1,0,TXN_100662,CUST_10662
65,Checking,Withdrawal,Groceries,415.32,24159.06,23893.74,16,London,Web Browser,Debit Card,0,0,TXN_105279,CUST_15279
27,Savings,Deposit,Groceries,143.14,13971.28,13978.14,19,Berlin,ATM,Debit Card,0,0,TXN_101023,CUST_11023
37,Checking,Payment,Groceries,108.13,23640.3,23532.17,5,Tokyo,Web Browser,UPI / Wallet,0,0,TXN_100873,CUST_10873
30,Savings,Payment,Travel,237.32,8625.29,8387.97,3,New York,POS Terminal,Debit Card,0,0,TXN_106289,CUST_16289
60,Business,Transfer,Retail,124.64,10831.79,10707.15,2,Singapore,POS Terminal,UPI / Wallet,1,0,TXN_100023,CUST_10023
48,Checking,Payment,Utilities,167.23,25454.14,25286.91,12,New York,Mobile App,Debit Card,0,0,TXN_105003,CUST_15003
77,Checking,Payment,Groceries,309.9,18504.7,18194.8,2,Mumbai,Mobile App,Wire Transfer,0,0,TXN_101457,CUST_11457
69,Checking,Payment,Electronics,121.74,19680.81,19559.07,23,Berlin,POS Terminal,UPI / Wallet,0,0,TXN_100031,CUST_10031
18,Savings,Payment,Utilities,247.6,15354.47,15106.87,4,New York,Mobile App,Debit Card,0,0,TXN_105344,CUST_15344
78,Credit,Withdrawal,Entertainment,179.83,14695.01,14515.18,2,Tokyo,Mobile App,UPI / Wallet,0,0,TXN_104132,CUST_14132
73,Savings,Transfer,Travel,174.24,17375.37,17351.13,2,Singapore,Mobile App,Wire Transfer,0,1,TXN_103499,CUST_13499
18,Checking,Withdrawal,Travel,52.2,8319.24,8267.04,3,New York,Mobile App,UPI / Wallet,0,0,TXN_103658,CUST_13658
46,Checking,Deposit,Groceries,20.73,16781.58,16760.85,3,Toronto,Mobile App,UPI / Wallet,0,0,TXN_106067,CUST_16067
58,Savings,Deposit,Travel,11.28,15698.64,15687.36,12,Berlin,Web Browser,Debit Card,0,0,TXN_101454,CUST_11454
20,Checking,Transfer,Retail,0.43,18553.54,18553.11,6,Berlin,Web Browser,Credit Card,0,0,TXN_105868,CUST_15868
28,Checking,Withdrawal,Electronics,337.9,23211.37,22873.47,23,New York,Mobile App,Debit Card,0,0,TXN_102472,CUST_12472
18,Checking,Deposit,Entertainment,289.92,24490.7,24200.78,18,Mumbai,ATM,Debit Card,0,0,TXN_102652,CUST_12652
22,Business,Deposit,Entertainment,32.12,3989.61,3957.49,18,Tokyo,Web Browser,UPI / Wallet,0,0,TXN_102761,CUST_12761
25,Checking,Withdrawal,Electronics,40.05,20951.6,20911.55,11,Mumbai,ATM,UPI / Wallet,0,0,TXN_106769,CUST_16769
64,Checking,Payment,Entertainment,41.19,18690.47,18649.28,12,New York,POS Terminal,Wire Transfer,0,0,TXN_102091,CUST_12091
18,Savings,Withdrawal,Retail,50.33,15359.57,15309.24,9,New York,Mobile App,UPI / Wallet,0,0,TXN_105766,CUST_15766
34,Business,Payment,Travel,95.22,24822.52,24727.3,8,Tokyo,Web Browser,Debit Card,0,0,TXN_103513,CUST_13513
33,Savings,Withdrawal,Utilities,100.48,18615.33,18514.85,9,Mumbai,ATM,UPI / Wallet,0,0,TXN_101678,CUST_11678
48,Checking,Transfer,Utilities,494.71,11620.23,11125.52,7,Tokyo,Web Browser,UPI / Wallet,0,0,TXN_102613,CUST_12613
66,Credit,Payment,Retail,143.89,22302.93,22159.04,21,Singapore,Web Browser,UPI / Wallet,0,0,TXN_102383,CUST_12383
28,Savings,Transfer,Utilities,8.07,24526.94,24518.87,0,Berlin,Web Browser,UPI / Wallet,0,0,TXN_101327,CUST_11327
18,Checking,Payment,Retail,204.63,22107.44,21902.81,3,Tokyo,POS Terminal,Credit Card,0,0,TXN_100156,CUST_10156
18,Credit,Transfer,Entertainment,41.17,24743.06,24701.89,4,Tokyo,Web Browser,Debit Card,0,0,TXN_104194,CUST_14194
64,Credit,Withdrawal,Electronics,657.03,16523.95,15866.92,1,New York,Mobile App,Credit Card,0,0,TXN_102322,CUST_12322
28,Savings,Withdrawal,Electronics,56.85,17460.74,17403.89,5,Mumbai,Mobile App,Debit Card,0,0,TXN_102860,CUST_12860
24,Savings,Deposit,Travel,459.52,24723.21,24263.69,3,Tokyo,Web Browser,Debit Card,0,0,TXN_102908,CUST_12908
41,Savings,Deposit,Travel,148.83,4379.98,4231.15,18,Mumbai,Web Browser,UPI / Wallet,0,0,TXN_101411,CUST_11411
70,Checking,Withdrawal,Travel,319.71,818.35,498.64,17,Mumbai,ATM,UPI / Wallet,0,0,TXN_103742,CUST_13742
68,Checking,Payment,Travel,35.4,23059.85,23024.45,22,Tokyo,Mobile App,Wire Transfer,0,0,TXN_103911,CUST_13911
62,Credit,Deposit,Travel,45.02,17956.51,17911.49,12,Singapore,POS Terminal,Wire Transfer,0,0,TXN_106837,CUST_16837
59,Savings,Deposit,Utilities,179.13,7988.55,7809.42,17,Toronto,Mobile App,Debit Card,0,0,TXN_106208,CUST_16208
22,Credit,Payment,Retail,303.92,22082.71,21778.79,11,Toronto,ATM,Wire Transfer,0,0,TXN_105194,CUST_15194
67,Checking,Payment,Electronics,789.22,20397.58,19608.36,7,New York,Mobile App,Wire Transfer,0,0,TXN_104034,CUST_14034
31,Credit,Payment,Retail,5.3,24106.92,24101.62,0,Singapore,Web Browser,Credit Card,0,0,TXN_103482,CUST_13482
21,Savings,Payment,Retail,24.61,10960.44,10935.83,13,New York,Web Browser,UPI / Wallet,0,0,TXN_103996,CUST_13996
24,Credit,Deposit,Travel,20.89,7780.04,7759.15,12,Berlin,Web Browser,Debit Card,0,0,TXN_105860,CUST_15860
67,Credit,Deposit,Retail,257.71,26580.31,26322.6,0,Tokyo,Web Browser,UPI / Wallet,1,1,TXN_104540,CUST_14540
71,Checking,Transfer,Electronics,76.88,7685.51,7608.63,12,London,ATM,UPI / Wallet,0,1,TXN_106268,CUST_16268
34,Savings,Withdrawal,Retail,140.04,17004.06,16864.02,0,London,POS Terminal,UPI / Wallet,0,0,TXN_100773,CUST_10773
37,Credit,Deposit,Groceries,86.95,5815.02,5728.07,18,Singapore,Web Browser,Credit Card,0,0,TXN_104650,CUST_14650
26,Checking,Transfer,Entertainment,112.84,11420.38,11307.54,10,Mumbai,ATM,UPI / Wallet,1,0,TXN_103602,CUST_13602
61,Checking,Transfer,Retail,51.3,21450.32,21399.02,23,Toronto,Web Browser,UPI / Wallet,0,0,TXN_101563,CUST_11563
66,Savings,Withdrawal,Retail,206.96,26878.69,26671.73,18,Tokyo,Web Browser,Debit Card,0,0,TXN_103439,CUST_13439
35,Savings,Payment,Travel,34.52,17422.77,17538.25,21,Berlin,Web Browser,Debit Card,0,0,TXN_104060,CUST_14060
57,Savings,Transfer,Retail,357.53,10478.57,10121.04,0,New York,ATM,Wire Transfer,0,0,TXN_102670,CUST_12670
62,Business,Transfer,Entertainment,221.67,21460.03,21238.36,10,Tokyo,ATM,Debit Card,0,1,TXN_103147,CUST_13147
32,Savings,Payment,Electronics,37.42,19103.52,19066.1,13,Berlin,ATM,Debit Card,0,1,TXN_102857,CUST_12857
35,Credit,Transfer,Utilities,20.01,24324.05,24304.04,1,New York,Web Browser,Wire Transfer,0,0,TXN_105459,CUST_15459
18,Checking,Deposit,Retail,22.45,27044.94,27022.49,15,Singapore,POS Terminal,Debit Card,0,0,TXN_104062,CUST_14062
70,Checking,Transfer,Utilities,285.18,21835.03,21549.85,12,Toronto,ATM,Debit Card,0,0,TXN_104133,CUST_14133
70,Credit,Transfer,Entertainment,294.21,18353.47,18059.26,5,Tokyo,ATM,UPI / Wallet,0,0,TXN_101186,CUST_11186
67,Savings,Transfer,Entertainment,72.79,4740.33,4817.54,21,Singapore,POS Terminal,Credit Card,0,0,TXN_100695,CUST_10695
18,Savings,Transfer,Travel,71.71,16290.84,16219.13,1,Toronto,Mobile App,Credit Card,0,0,TXN_104116,CUST_14116
48,Credit,Deposit,Groceries,6.62,27075.87,27069.25,19,Tokyo,Mobile App,UPI / Wallet,0,0,TXN_101266,CUST_11266
18,Credit,Payment,Electronics,0.22,19798.16,19797.94,0,Toronto,Web Browser,Wire Transfer,1,0,TXN_100132,CUST_10132
29,Checking,Transfer,Groceries,48.88,16455.66,16406.78,13,Berlin,ATM,Wire Transfer,0,0,TXN_101879,CUST_11879
46,Checking,Deposit,Travel,234.39,24064.76,23830.37,0,Mumbai,ATM,Debit Card,0,0,TXN_100795,CUST_10795
59,Savings,Transfer,Travel,32.33,22013.26,21980.93,3,Toronto,Mobile App,Debit Card,0,0,TXN_106522,CUST_16522
41,Savings,Deposit,Entertainment,182.33,26692.72,26510.39,10,Tokyo,POS Terminal,Wire Transfer,0,0,TXN_104923,CUST_14923
24,Savings,Withdrawal,Electronics,28.69,24472.7,24444.01,22,New York,ATM,Debit Card,0,0,TXN_106775,CUST_16775
18,Checking,Payment,Groceries,96.49,25026.32,24929.83,6,Mumbai,Web Browser,Wire Transfer,0,0,TXN_102133,CUST_12133
29,Savings,Transfer,Entertainment,187.73,16810.86,16623.13,19,Berlin,Mobile App,Debit Card,1,0,TXN_105441,CUST_15441
34,Business,Transfer,Groceries,81.47,16534.3,16452.83,11,Singapore,Mobile App,UPI / Wallet,0,0,TXN_105182,CUST_15182
22,Credit,Transfer,Travel,841.52,14085.62,13244.1,20,Berlin,POS Terminal,Debit Card,0,0,TXN_100569,CUST_10569
22,Checking,Transfer,Entertainment,54.89,5407.78,5352.89,7,Toronto,ATM,Debit Card,0,0,TXN_103091,CUST_13091
65,Checking,Transfer,Groceries,81.56,14885.96,14804.4,20,Toronto,Mobile App,Debit Card,0,0,TXN_100596,CUST_10596
18,Credit,Withdrawal,Utilities,135.0,14738.88,14603.88,20,Mumbai,ATM,Debit Card,0,0,TXN_106482,CUST_16482
18,Savings,Transfer,Groceries,176.19,6672.77,6496.58,11,Berlin,ATM,Debit Card,1,0,TXN_106451,CUST_16451
31,Checking,Deposit,Electronics,38.18,22355.68,22317.5,3,Singapore,POS Terminal,Debit Card,0,0,TXN_100833,CUST_10833
18,Savings,Withdrawal,Travel,6.44,26599.9,26593.46,3,London,Web Browser,UPI / Wallet,0,0,TXN_101921,CUST_11921
40,Business,Deposit,Retail,145.89,5877.14,5731.25,0,Mumbai,POS Terminal,Credit Card,0,0,TXN_100598,CUST_10598
66,Savings,Payment,Utilities,68.66,20376.14,20307.48,19,Tokyo,POS Terminal,Debit Card,0,0,TXN_106333,CUST_16333
65,Credit,Transfer,Utilities,155.11,22131.42,21976.31,23,London,POS Terminal,Wire Transfer,0,1,TXN_100431,CUST_10431
18,Credit,Transfer,Retail,51.73,5646.44,5594.71,23,Berlin,POS Terminal,Wire Transfer,0,1,TXN_103017,CUST_13017
56,Checking,Transfer,Retail,7.04,19429.46,19422.42,19,New York,Web Browser,UPI / Wallet,0,0,TXN_102236,CUST_12236
27,Savings,Payment,Groceries,25.13,20719.41,20694.28,16,Berlin,ATM,Credit Card,0,0,TXN_105388,CUST_15388
69,Savings,Payment,Groceries,31.36,17220.33,17188.97,23,Tokyo,POS Terminal,Debit Card,0,0,TXN_104635,CUST_14635
54,Checking,Deposit,Electronics,490.14,4761.69,4271.55,1,Mumbai,POS Terminal,UPI / Wallet,0,0,TXN_102298,CUST_12298
28,Savings,Transfer,Travel,117.71,23210.58,23092.87,19,New York,POS Terminal,Debit Card,0,0,TXN_105867,CUST_15867
68,Business,Transfer,Electronics,144.6,25975.15,25830.55,0,Tokyo,Web Browser,Wire Transfer,0,0,TXN_100254,CUST_10254
18,Savings,Transfer,Travel,69.14,26031.05,25961.91,8,Berlin,Web Browser,Wire Transfer,0,0,TXN_100759,CUST_10759
43,Checking,Withdrawal,Utilities,126.02,20897.68,20921.66,7,Mumbai,ATM,UPI / Wallet,0,0,TXN_101646,CUST_11646
71,Savings,Deposit,Retail,12.94,24585.64,24722.7,8,New York,Mobile App,Wire Transfer,0,0,TXN_102681,CUST_12681
51,Checking,Payment,Groceries,460.26,21515.61,21055.35,21,Tokyo,Web Browser,Wire Transfer,1,0,TXN_102666,CUST_12666
18,Checking,Payment,Entertainment,346.88,9851.1,9504.22,12,Tokyo,Web Browser,Credit Card,0,0,TXN_105028,CUST_15028
52,Savings,Transfer,Retail,32.14,10920.58,10888.44,14,Berlin,ATM,Credit Card,1,0,TXN_106904,CUST_16904
29,Savings,Deposit,Retail,144.77,14529.76,14384.99,13,Tokyo,Web Browser,Credit Card,0,1,TXN_102422,CUST_12422
18,Checking,Withdrawal,Electronics,235.44,4115.92,3880.48,19,Toronto,POS Terminal,Debit Card,0,0,TXN_106057,CUST_16057
18,Credit,Payment,Entertainment,79.3,1483.94,1404.64,23,Toronto,Mobile App,Debit Card,0,0,TXN_104364,CUST_14364
64,Savings,Deposit,Travel,452.68,25853.05,25400.37,23,New York,Mobile App,Wire Transfer,0,0,TXN_100724,CUST_10724
18,Checking,Deposit,Entertainment,458.85,5052.93,4594.08,10,Toronto,Mobile App,UPI / Wallet,0,0,TXN_102390,CUST_12390
75,Savings,Transfer,Travel,23.82,23348.6,23324.78,17,Berlin,Web Browser,Wire Transfer,0,0,TXN_104984,CUST_14984
58,Savings,Transfer,Utilities,601.78,26699.47,26097.69,17,Toronto,POS Terminal,Wire Transfer,0,0,TXN_102889,CUST_12889
25,Business,Deposit,Entertainment,234.59,15202.44,14967.85,19,Berlin,Web Browser,Credit Card,0,0,TXN_100687,CUST_10687
46,Checking,Transfer,Entertainment,20.46,10394.43,10373.97,18,Tokyo,ATM,Wire Transfer,0,0,TXN_105899,CUST_15899
65,Savings,Deposit,Groceries,38.97,21856.36,21817.39,8,London,Web Browser,Wire Transfer,0,0,TXN_101766,CUST_11766
39,Savings,Deposit,Entertainment,390.64,20597.47,20206.83,12,Singapore,Web Browser,UPI / Wallet,0,1,TXN_104763,CUST_14763
43,Checking,Payment,Travel,377.94,2357.95,1980.01,17,Mumbai,ATM,Debit Card,0,0,TXN_101344,CUST_11344
27,Business,Transfer,Electronics,31.89,17991.52,17959.63,8,New York,Web Browser,Debit Card,0,0,TXN_102457,CUST_12457
42,Checking,Payment,Groceries,308.39,11726.75,11418.36,0,Berlin,Mobile App,UPI / Wallet,0,0,TXN_102980,CUST_12980
61,Savings,Transfer,Electronics,32.41,6493.21,6460.8,18,Mumbai,Web Browser,Wire Transfer,0,1,TXN_106221,CUST_16221
26,Savings,Payment,Groceries,7.71,10664.32,10656.61,6,New York,ATM,Credit Card,0,0,TXN_101993,CUST_11993
35,Checking,Transfer,Utilities,42.66,22969.8,22927.14,0,Toronto,Mobile App,Credit Card,0,0,TXN_104178,CUST_14178
67,Business,Deposit,Groceries,281.29,22825.57,22544.28,10,Mumbai,Mobile App,Wire Transfer,0,0,TXN_100797,CUST_10797
32,Savings,Withdrawal,Electronics,111.54,22884.69,22923.15,8,Mumbai,Mobile App,Debit Card,0,0,TXN_103393,CUST_13393
56,Checking,Transfer,Groceries,138.06,6587.45,6449.39,12,Singapore,Web Browser,Credit Card,0,0,TXN_105702,CUST_15702
78,Checking,Withdrawal,Retail,190.0,26157.12,25967.12,1,Berlin,Mobile App,Debit Card,0,0,TXN_105778,CUST_15778
51,Checking,Transfer,Utilities,156.88,21312.62,21155.74,8,Mumbai,Web Browser,Debit Card,0,0,TXN_100492,CUST_10492
35,Checking,Deposit,Retail,60.48,21651.13,21590.65,21,London,Mobile App,Debit Card,0,0,TXN_105684,CUST_15684
19,Checking,Transfer,Groceries,102.34,23902.47,23800.13,12,London,Mobile App,Debit Card,0,0,TXN_101154,CUST_11154
24,Checking,Payment,Entertainment,171.74,23121.41,22949.67,15,Berlin,Mobile App,Wire Transfer,0,0,TXN_104410,CUST_14410
25,Savings,Payment,Entertainment,269.18,13061.82,12792.64,10,Mumbai,Web Browser,Debit Card,0,0,TXN_102153,CUST_12153
44,Savings,Payment,Entertainment,107.37,4915.8,4808.43,7,Tokyo,Mobile App,Debit Card,0,0,TXN_100099,CUST_10099
32,Checking,Transfer,Travel,545.52,12759.73,12214.21,11,Tokyo,ATM,Credit Card,1,0,TXN_100933,CUST_10933
71,Checking,Deposit,Entertainment,27.01,26462.98,26435.97,19,Mumbai,POS Terminal,Debit Card,0,0,TXN_104546,CUST_14546
30,Checking,Deposit,Utilities,61.78,26952.28,26890.5,12,Toronto,Web Browser,UPI / Wallet,0,0,TXN_100804,CUST_10804
47,Credit,Payment,Utilities,0.75,27158.94,27158.19,6,Mumbai,POS Terminal,Wire Transfer,0,0,TXN_100391,CUST_10391
42,Checking,Transfer,Utilities,82.92,7714.91,7631.99,13,Berlin,Mobile App,Debit Card,0,0,TXN_101421,CUST_11421
18,Savings,Transfer,Entertainment,43.35,21570.67,21677.32,21,New York,Web Browser,UPI / Wallet,0,1,TXN_102829,CUST_12829
67,Checking,Payment,Travel,337.09,27099.07,26761.98,5,New York,POS Terminal,UPI / Wallet,0,0,TXN_102614,CUST_12614
55,Savings,Withdrawal,Retail,237.25,12998.87,12761.62,18,New York,Web Browser,UPI / Wallet,0,0,TXN_100360,CUST_10360
28,Savings,Transfer,Retail,31.8,16154.96,16123.16,7,London,Mobile App,Credit Card,0,0,TXN_103600,CUST_13600
18,Checking,Transfer,Entertainment,184.51,25413.88,25229.37,22,Toronto,ATM,UPI / Wallet,0,0,TXN_102482,CUST_12482
66,Checking,Payment,Retail,222.23,26338.51,26116.28,3,Mumbai,Web Browser,Debit Card,0,0,TXN_104312,CUST_14312
18,Credit,Payment,Entertainment,79.3,1483.94,1404.64,23,Toronto,Mobile App,Debit Card,0,0,TXN_104364,CUST_14364
23,Savings,Transfer,Electronics,488.92,6280.7,5791.78,12,Tokyo,Web Browser,UPI / Wallet,0,0,TXN_101461,CUST_11461
69,Savings,Transfer,Entertainment,487.84,10425.39,9937.55,16,Tokyo,Mobile App,Wire Transfer,0,1,TXN_100465,CUST_10465
37,Checking,Payment,Retail,107.93,25532.7,25424.77,23,Tokyo,ATM,UPI / Wallet,0,0,TXN_103383,CUST_13383
78,Checking,Payment,Utilities,128.33,27314.83,27186.5,12,Mumbai,Mobile App,Wire Transfer,0,1,TXN_101919,CUST_11919
44,Checking,Transfer,Retail,0.6,22045.06,22044.46,20,Mumbai,Web Browser,Debit Card,0,0,TXN_104137,CUST_14137
24,Credit,Transfer,Retail,323.95,24871.32,24547.37,19,Singapore,Mobile App,Wire Transfer,0,0,TXN_102284,CUST_12284
67,Checking,Withdrawal,Travel,20.84,21441.37,21420.53,18,New York,Mobile App,Debit Card,0,0,TXN_102668,CUST_12668
63,Savings,Payment,Travel,0.71,23937.77,24087.06,11,London,ATM,Wire Transfer,0,0,TXN_103715,CUST_13715
40,Savings,Withdrawal,Travel,395.68,9016.54,8620.86,12,New York,Web Browser,Wire Transfer,0,0,TXN_100304,CUST_10304
70,Savings,Payment,Entertainment,54.02,18655.18,18751.16,5,Mumbai,Mobile App,Debit Card,0,1,TXN_102447,CUST_12447
18,Checking,Withdrawal,Travel,25.4,6978.55,6953.15,20,London,POS Terminal,UPI / Wallet,0,0,TXN_100790,CUST_10790
27,Savings,Transfer,Retail,47.45,2395.88,2348.43,16,Tokyo,POS Terminal,UPI / Wallet,0,0,TXN_105669,CUST_15669
69,Credit,Withdrawal,Groceries,18.52,12838.09,12819.57,20,New York,POS Terminal,UPI / Wallet,0,0,TXN_102334,CUST_12334
75,Credit,Transfer,Groceries,143.56,23756.18,23612.62,22,Tokyo,ATM,Debit Card,1,0,TXN_104148,CUST_14148
23,Checking,Payment,Groceries,0.58,8905.48,8904.9,0,Tokyo,Web Browser,Wire Transfer,1,0,TXN_106727,CUST_16727
18,Checking,Deposit,Entertainment,53.43,21453.2,21399.77,12,Tokyo,Web Browser,Wire Transfer,0,0,TXN_100370,CUST_10370
65,Business,Transfer,Utilities,84.05,25167.39,25083.34,23,Tokyo,Mobile App,Debit Card,0,0,TXN_105527,CUST_15527
19,Savings,Transfer,Electronics,105.43,22825.96,22720.53,2,Tokyo,Web Browser,Debit Card,0,0,TXN_104896,CUST_14896
55,Credit,Withdrawal,Retail,51.92,27086.93,27035.01,2,Mumbai,Mobile App,Credit Card,1,0,TXN_106958,CUST_16958
30,Checking,Withdrawal,Utilities,115.51,23559.83,23444.32,20,Toronto,ATM,UPI / Wallet,0,0,TXN_105912,CUST_15912
73,Credit,Transfer,Retail,72.63,918.72,846.09,13,London,Mobile App,Credit Card,0,0,TXN_105812,CUST_15812
23,Business,Payment,Groceries,461.14,14902.78,14441.64,17,Berlin,POS Terminal,Credit Card,0,0,TXN_101035,CUST_11035
66,Savings,Transfer,Groceries,319.34,1969.35,1650.01,5,Singapore,Mobile App,Debit Card,0,0,TXN_106866,CUST_16866
44,Savings,Transfer,Groceries,183.71,23933.45,23749.74,9,Tokyo,ATM,Wire Transfer,0,0,TXN_106675,CUST_16675
49,Business,Payment,Electronics,187.63,8660.21,8472.58,17,Berlin,Mobile App,Credit Card,0,0,TXN_105641,CUST_15641
21,Savings,Payment,Retail,24.61,10960.44,10935.83,13,New York,Web Browser,UPI / Wallet,0,0,TXN_103996,CUST_13996
68,Checking,Transfer,Utilities,173.03,24289.6,24116.57,4,Singapore,Web Browser,Debit Card,1,0,TXN_106663,CUST_16663
18,Savings,Payment,Electronics,159.53,10859.07,10699.54,13,Mumbai,Web Browser,Debit Card,0,0,TXN_101648,CUST_11648
18,Savings,Payment,Entertainment,84.14,17531.86,17447.72,9,Tokyo,Mobile App,Wire Transfer,0,0,TXN_102799,CUST_12799
57,Credit,Transfer,Utilities,6.96,23770.58,23763.62,0,Tokyo,ATM,Wire Transfer,0,0,TXN_104759,CUST_14759
50,Credit,Payment,Groceries,86.21,21448.53,21362.32,5,Tokyo,Mobile App,Wire Transfer,0,0,TXN_106829,CUST_16829
46,Business,Transfer,Entertainment,326.03,22423.56,22097.53,8,Toronto,POS Terminal,UPI / Wallet,0,0,TXN_104182,CUST_14182
29,Checking,Transfer,Electronics,35.71,7511.46,7475.75,11,Berlin,Mobile App,Debit Card,0,0,TXN_103216,CUST_13216
23,Savings,Payment,Travel,99.51,24897.24,24797.73,4,Singapore,Web Browser,UPI / Wallet,0,0,TXN_102916,CUST_12916
28,Savings,Transfer,Retail,3.44,14092.45,14089.01,3,Berlin,ATM,UPI / Wallet,0,0,TXN_102938,CUST_12938
19,Savings,Withdrawal,Groceries,72.35,20627.96,20555.61,16,Mumbai,Web Browser,Debit Card,1,0,TXN_100809,CUST_10809
62,Savings,Transfer,Electronics,607.62,23010.46,22402.84,6,Berlin,Mobile App,UPI / Wallet,0,0,TXN_102608,CUST_12608
18,Checking,Transfer,Entertainment,229.34,12676.69,12447.35,23,Singapore,Web Browser,UPI / Wallet,0,0,TXN_106298,CUST_16298
22,Business,Payment,Utilities,84.62,26465.98,26381.36,6,Berlin,Web Browser,Debit Card,0,1,TXN_101310,CUST_11310
60,Checking,Transfer,Electronics,185.2,27870.53,27685.33,2,Tokyo,Web Browser,UPI / Wallet,0,0,TXN_102822,CUST_12822
40,Checking,Transfer,Entertainment,22.25,14016.54,13994.29,22,Tokyo,POS Terminal,UPI / Wallet,0,0,TXN_101633,CUST_11633
66,Checking,Withdrawal,Utilities,86.87,21751.42,21814.55,11,Mumbai,POS Terminal,Debit Card,1,0,TXN_101931,CUST_11931
27,Checking,Transfer,Retail,25.41,18185.59,18160.18,22,Tokyo,ATM,Debit Card,0,0,TXN_102744,CUST_12744
48,Checking,Transfer,Retail,160.58,23819.89,23659.31,9,London,ATM,Wire Transfer,0,0,TXN_102755,CUST_12755
32,Checking,Withdrawal,Retail,594.68,26802.89,26208.21,19,Berlin,POS Terminal,Credit Card,0,0,TXN_106996,CUST_16996
19,Savings,Transfer,Travel,169.27,15101.52,14932.25,13,Singapore,Web Browser,Wire Transfer,0,0,TXN_105082,CUST_15082
60,Savings,Withdrawal,Travel,172.41,24716.88,24544.47,9,Berlin,Mobile App,Wire Transfer,0,1,TXN_102928,CUST_12928
20,Checking,Transfer,Entertainment,630.26,7139.11,6508.85,20,Tokyo,ATM,Credit Card,0,0,TXN_100219,CUST_10219
55,Savings,Transfer,Entertainment,72.84,19049.96,18977.12,2,New York,ATM,Wire Transfer,0,0,TXN_104743,CUST_14743
56,Savings,Transfer,Entertainment,255.28,25413.09,25157.81,16,Berlin,POS Terminal,Debit Card,1,0,TXN_102641,CUST_12641
26,Checking,Withdrawal,Utilities,153.3,25404.96,25251.66,16,Singapore,Web Browser,Debit Card,0,0,TXN_104711,CUST_14711
18,Checking,Payment,Entertainment,21.56,25370.95,25349.39,2,Tokyo,Web Browser,Debit Card,0,0,TXN_105930,CUST_15930
73,Savings,Transfer,Entertainment,93.75,12375.7,12281.95,14,Singapore,Web Browser,Wire Transfer,0,0,TXN_105338,CUST_15338
63,Business,Transfer,Travel,14.04,24503.15,24489.11,15,Tokyo,Mobile App,Debit Card,0,0,TXN_104260,CUST_14260
57,Credit,Deposit,Groceries,34.86,23400.89,23366.03,17,Berlin,ATM,Debit Card,0,1,TXN_106398,CUST_16398
51,Savings,Payment,Entertainment,5.0,2676.71,2671.71,13,Berlin,Mobile App,UPI / Wallet,0,0,TXN_104627,CUST_14627
18,Checking,Transfer,Utilities,11.42,12513.3,12501.88,23,Toronto,Web Browser,Debit Card,1,0,TXN_103596,CUST_13596
64,Checking,Deposit,Entertainment,839.96,24196.77,23356.81,17,Tokyo,ATM,Credit Card,0,0,TXN_100926,CUST_10926
27,Credit,Withdrawal,Retail,51.8,12278.21,12226.41,3,Mumbai,Web Browser,Wire Transfer,0,0,TXN_102684,CUST_12684
18,Checking,Payment,Retail,92.08,5177.11,5085.03,18,Mumbai,Mobile App,UPI / Wallet,0,0,TXN_105117,CUST_15117
26,Checking,Transfer,Electronics,10.01,26494.85,26484.84,18,New York,Web Browser,Debit Card,0,0,TXN_106246,CUST_16246
18,Checking,Withdrawal,Electronics,29.59,26872.98,26993.39,10,Tokyo,Mobile App,UPI / Wallet,0,0,TXN_100460,CUST_10460
20,Credit,Transfer,Entertainment,323.01,22773.13,22450.12,8,Berlin,Web Browser,Credit Card,0,0,TXN_102753,CUST_12753
68,Checking,Transfer,Electronics,73.16,12497.34,12424.18,9,Berlin,Mobile App,Debit Card,0,0,TXN_101085,CUST_11085
59,Checking,Withdrawal,Groceries,74.41,20774.57,20700.16,17,Tokyo,POS Terminal,Debit Card,0,0,TXN_105733,CUST_15733
61,Checking,Transfer,Groceries,13.83,24855.36,24841.53,21,Mumbai,Mobile App,Credit Card,1,0,TXN_106618,CUST_16618
36,Credit,Withdrawal,Electronics,67.12,8007.88,7940.76,12,Tokyo,POS Terminal,Debit Card,0,0,TXN_103546,CUST_13546
33,Savings,Deposit,Utilities,229.61,2695.54,2615.93,9,Mumbai,ATM,Debit Card,0,0,TXN_102397,CUST_12397
28,Business,Transfer,Travel,63.63,15884.02,15970.39,8,Berlin,Web Browser,Credit Card,0,0,TXN_104725,CUST_14725
43,Checking,Payment,Electronics,367.66,25117.28,24749.62,18,Tokyo,ATM,Debit Card,0,0,TXN_100979,CUST_10979
50,Savings,Payment,Electronics,524.7,14662.64,14137.94,0,Toronto,POS Terminal,Debit Card,0,0,TXN_101131,CUST_11131
18,Credit,Transfer,Travel,128.38,8395.14,8266.76,1,Singapore,Mobile App,UPI / Wallet,0,0,TXN_104306,CUST_14306
42,Checking,Withdrawal,Groceries,110.51,22790.6,22830.09,4,New York,POS Terminal,UPI / Wallet,0,0,TXN_101803,CUST_11803
18,Checking,Withdrawal,Electronics,20.85,23461.86,23591.01,21,Toronto,Web Browser,Credit Card,0,0,TXN_105354,CUST_15354
30,Checking,Withdrawal,Utilities,378.7,24305.83,23927.13,21,London,POS Terminal,UPI / Wallet,0,0,TXN_102073,CUST_12073
61,Savings,Payment,Retail,438.12,18453.12,18015.0,0,Mumbai,ATM,UPI / Wallet,0,0,TXN_105435,CUST_15435
67,Savings,Payment,Entertainment,64.9,27137.1,27072.2,3,Mumbai,ATM,Debit Card,0,0,TXN_100793,CUST_10793
50,Credit,Payment,Groceries,209.39,19861.88,19652.49,3,Toronto,Web Browser,UPI / Wallet,0,0,TXN_102554,CUST_12554
24,Checking,Transfer,Travel,62.58,9010.6,8948.02,0,Berlin,Web Browser,Wire Transfer,0,1,TXN_105227,CUST_15227
29,Checking,Deposit,Travel,5.96,8256.97,8251.01,7,Toronto,POS Terminal,Credit Card,0,0,TXN_103671,CUST_13671
18,Credit,Transfer,Electronics,75.42,13429.47,13354.05,20,Toronto,Mobile App,Debit Card,0,1,TXN_104552,CUST_14552
64,Savings,Transfer,Utilities,287.82,18904.89,18617.07,20,Toronto,Web Browser,Wire Transfer,0,0,TXN_105710,CUST_15710
40,Savings,Transfer,Retail,243.91,14745.05,14501.14,18,New York,Mobile App,Credit Card,0,0,TXN_106490,CUST_16490
33,Credit,Withdrawal,Electronics,15.09,375.0,359.91,21,Berlin,POS Terminal,Debit Card,0,0,TXN_106704,CUST_16704
64,Checking,Withdrawal,Travel,60.21,22005.98,21945.77,21,Tokyo,ATM,Debit Card,0,0,TXN_102765,CUST_12765
62,Savings,Payment,Groceries,4.15,23550.64,23546.49,20,Toronto,Mobile App,UPI / Wallet,0,0,TXN_102103,CUST_12103
35,Savings,Payment,Travel,24.47,9442.25,9417.78,7,Toronto,Web Browser,Debit Card,0,0,TXN_103545,CUST_13545
51,Business,Transfer,Retail,573.94,14475.67,13901.73,2,Singapore,Mobile App,Debit Card,1,0,TXN_100751,CUST_10751
24,Savings,Withdrawal,Groceries,20.55,3589.76,3569.21,11,Mumbai,Mobile App,Debit Card,0,0,TXN_101790,CUST_11790
68,Checking,Payment,Travel,259.7,16553.13,16293.43,19,Tokyo,Mobile App,Debit Card,0,0,TXN_103178,CUST_13178
18,Business,Payment,Groceries,17.0,23988.9,23971.9,13,Tokyo,POS Terminal,Debit Card,0,0,TXN_102221,CUST_12221
74,Checking,Transfer,Electronics,5.46,21444.24,21438.78,2,Berlin,Mobile App,UPI / Wallet,1,0,TXN_102535,CUST_12535
75,Credit,Transfer,Retail,10.96,22803.23,22792.27,10,Tokyo,Mobile App,Credit Card,0,0,TXN_103549,CUST_13549
63,Business,Transfer,Travel,162.44,24704.14,24541.7,0,Berlin,POS Terminal,UPI / Wallet,0,0,TXN_106267,CUST_16267
18,Business,Payment,Travel,128.91,23125.72,22996.81,0,Mumbai,Mobile App,Wire Transfer,0,0,TXN_100966,CUST_10966
63,Savings,Deposit,Retail,77.67,24587.01,24509.34,20,Tokyo,Web Browser,Wire Transfer,0,0,TXN_103736,CUST_13736
71,Savings,Transfer,Travel,30.13,25101.4,25071.27,5,Toronto,Mobile App,UPI / Wallet,0,0,TXN_104255,CUST_14255
55,Savings,Withdrawal,Electronics,23.29,5207.82,5184.53,9,Toronto,ATM,Debit Card,0,0,TXN_105569,CUST_15569
44,Credit,Deposit,Groceries,19.97,22150.6,22130.63,9,New York,POS Terminal,Wire Transfer,0,0,TXN_100255,CUST_10255
46,Checking,Transfer,Travel,152.83,22910.45,22757.62,0,Tokyo,ATM,Wire Transfer,1,0,TXN_104722,CUST_14722
20,Savings,Transfer,Electronics,242.58,20033.34,19790.76,7,Berlin,Mobile App,UPI / Wallet,0,0,TXN_100761,CUST_10761
29,Checking,Transfer,Entertainment,56.13,23277.35,23221.22,16,Singapore,ATM,Wire Transfer,0,0,TXN_102805,CUST_12805
25,Checking,Withdrawal,Electronics,114.67,25162.59,25047.92,14,Toronto,POS Terminal,Debit Card,0,0,TXN_101533,CUST_11533
37,Credit,Transfer,Retail,150.31,21431.81,21281.5,10,Mumbai,Web Browser,Credit Card,0,0,TXN_106899,CUST_16899
38,Savings,Deposit,Electronics,177.8,21690.69,21512.89,17,Singapore,Mobile App,Wire Transfer,1,0,TXN_100412,CUST_10412
27,Checking,Withdrawal,Travel,272.26,14438.73,14166.47,16,New York,Mobile App,Wire Transfer,0,0,TXN_102293,CUST_12293
21,Savings,Withdrawal,Travel,365.02,5332.26,4967.24,8,Tokyo,Web Browser,Debit Card,1,0,TXN_106269,CUST_16269
19,Savings,Payment,Groceries,25.2,20934.39,20909.19,20,Berlin,POS Terminal,Wire Transfer,0,0,TXN_100973,CUST_10973
27,Checking,Transfer,Utilities,285.35,6353.97,6068.62,10,Tokyo,Web Browser,Debit Card,1,0,TXN_106595,CUST_16595
61,Checking,Payment,Groceries,36.79,1875.07,1838.28,11,Toronto,Mobile App,Credit Card,0,0,TXN_106474,CUST_16474
59,Checking,Payment,Electronics,456.55,23123.76,22667.21,11,Singapore,Mobile App,UPI / Wallet,0,0,TXN_100500,CUST_10500
80,Checking,Transfer,Utilities,7.37,7082.55,7075.18,18,Berlin,POS Terminal,Debit Card,0,0,TXN_102868,CUST_12868
51,Business,Transfer,Electronics,481.66,23767.36,23285.7,17,London,Mobile App,Wire Transfer,0,0,TXN_106313,CUST_16313
35,Credit,Deposit,Groceries,112.84,2763.62,2650.78,19,Tokyo,Web Browser,UPI / Wallet,0,0,TXN_106878,CUST_16878
18,Credit,Transfer,Utilities,17.75,6558.75,6541.0,14,Mumbai,Web Browser,UPI / Wallet,0,0,TXN_101385,CUST_11385
58,Checking,Payment,Travel,36.81,13724.32,13687.51,1,Singapore,ATM,Credit Card,0,0,TXN_104998,CUST_14998
63,Checking,Payment,Travel,39.27,14980.31,14941.04,7,Mumbai,Web Browser,Credit Card,0,0,TXN_100919,CUST_10919
68,Savings,Deposit,Electronics,615.95,5062.74,4446.79,5,Berlin,Mobile App,UPI / Wallet,0,0,TXN_104516,CUST_14516
57,Checking,Transfer,Entertainment,204.09,14421.53,14217.44,17,Mumbai,Web Browser,UPI / Wallet,0,0,TXN_102742,CUST_12742
54,Checking,Transfer,Utilities,83.33,21215.97,21132.64,5,New York,Mobile App,Credit Card,0,0,TXN_106486,CUST_16486
49,Business,Payment,Entertainment,105.65,2919.11,2813.46,23,New York,POS Terminal,Debit Card,0,0,TXN_104417,CUST_14417
41,Business,Transfer,Retail,223.78,25191.93,24968.15,7,Tokyo,Mobile App,Debit Card,0,0,TXN_105740,CUST_15740
18,Savings,Transfer,Utilities,155.91,25575.68,25419.77,2,New York,Web Browser,Debit Card,0,0,TXN_103747,CUST_13747
38,Checking,Deposit,Travel,34.74,6575.25,6540.51,16,Tokyo,Mobile App,Debit Card,0,0,TXN_100267,CUST_10267
64,Checking,Payment,Entertainment,53.01,4721.41,4668.4,13,Tokyo,POS Terminal,Wire Transfer,0,1,TXN_103120,CUST_13120
26,Checking,Transfer,Entertainment,11.67,3908.34,3896.67,7,Mumbai,Web Browser,Credit Card,0,0,TXN_100374,CUST_10374
20,Savings,Payment,Groceries,56.79,4370.72,4313.93,9,Tokyo,Web Browser,Debit Card,1,0,TXN_105751,CUST_15751
61,Business,Withdrawal,Travel,3.58,20794.62,20791.04,14,Toronto,ATM,Debit Card,0,0,TXN_103615,CUST_13615
66,Checking,Deposit,Electronics,43.39,2779.3,2735.91,0,London,ATM,Debit Card,0,0,TXN_102937,CUST_12937
71,Credit,Transfer,Entertainment,106.11,6266.61,6160.5,7,Mumbai,ATM,Debit Card,0,0,TXN_100849,CUST_10849
67,Savings,Deposit,Retail,178.94,26046.69,25867.75,15,Singapore,Mobile App,Debit Card,0,0,TXN_102933,CUST_12933
40,Credit,Withdrawal,Groceries,130.25,11946.29,11816.04,23,Tokyo,ATM,Debit Card,1,0,TXN_106099,CUST_16099
66,Savings,Payment,Entertainment,386.5,22530.29,22143.79,16,Berlin,Mobile App,Debit Card,0,0,TXN_105505,CUST_15505
76,Savings,Transfer,Entertainment,276.59,15593.66,15317.07,9,Toronto,Mobile App,Wire Transfer,1,0,TXN_101998,CUST_11998
32,Credit,Withdrawal,Utilities,110.5,27266.39,27155.89,20,Tokyo,ATM,UPI / Wallet,0,1,TXN_102947,CUST_12947
70,Checking,Payment,Travel,2.32,22310.0,22307.68,23,Berlin,Web Browser,Wire Transfer,0,0,TXN_104267,CUST_14267
57,Savings,Transfer,Entertainment,26.95,4212.65,4185.7,4,Berlin,POS Terminal,UPI / Wallet,0,0,TXN_103843,CUST_13843
57,Checking,Transfer,Retail,57.58,16328.53,16270.95,23,Mumbai,ATM,Credit Card,0,0,TXN_103981,CUST_13981
53,Credit,Deposit,Utilities,163.04,5273.16,5110.12,14,London,Web Browser,Debit Card,0,0,TXN_102194,CUST_12194
57,Credit,Transfer,Retail,124.78,19149.48,19024.7,12,New York,Mobile App,Credit Card,0,0,TXN_103620,CUST_13620
36,Business,Transfer,Entertainment,227.36,23281.1,23053.74,16,New York,Mobile App,Debit Card,1,0,TXN_104829,CUST_14829
35,Checking,Payment,Utilities,63.94,21299.74,21235.8,12,Toronto,Mobile App,Debit Card,1,0,TXN_106538,CUST_16538
19,Checking,Payment,Groceries,64.24,20025.08,19960.84,13,Toronto,ATM,Wire Transfer,0,1,TXN_103363,CUST_13363
27,Checking,Payment,Entertainment,28.03,12309.23,12281.2,23,Mumbai,Mobile App,UPI / Wallet,0,0,TXN_103220,CUST_13220
74,Credit,Payment,Electronics,489.85,18449.95,17960.1,15,Tokyo,ATM,UPI / Wallet,0,0,TXN_101745,CUST_11745
23,Checking,Withdrawal,Entertainment,318.95,26641.07,26322.12,18,Tokyo,POS Terminal,Credit Card,0,0,TXN_102460,CUST_12460
19,Savings,Transfer,Electronics,22.12,2401.58,2379.46,8,New York,POS Terminal,UPI / Wallet,0,0,TXN_106768,CUST_16768
37,Checking,Transfer,Retail,89.26,25333.96,25244.7,13,Berlin,Web Browser,Wire Transfer,0,0,TXN_100982,CUST_10982
72,Checking,Transfer,Electronics,119.98,25874.84,25754.86,11,London,POS Terminal,Wire Transfer,0,0,TXN_104917,CUST_14917
21,Checking,Withdrawal,Travel,130.94,6080.7,5949.76,1,Mumbai,Web Browser,UPI / Wallet,0,0,TXN_103924,CUST_13924
55,Savings,Transfer,Travel,925.61,25054.4,24128.79,13,Mumbai,POS Terminal,Debit Card,0,0,TXN_105419,CUST_15419
27,Credit,Payment,Utilities,12.5,26805.31,26792.81,11,Tokyo,ATM,Wire Transfer,0,0,TXN_100699,CUST_10699
57,Checking,Deposit,Electronics,417.53,8607.47,8189.94,23,Berlin,Web Browser,UPI / Wallet,0,0,TXN_105520,CUST_15520
57,Credit,Transfer,Entertainment,2.18,21484.3,21482.12,14,New York,POS Terminal,Debit Card,1,0,TXN_106065,CUST_16065
23,Savings,Payment,Electronics,333.87,14777.65,14443.78,10,Berlin,Web Browser,Debit Card,1,0,TXN_106096,CUST_16096
22,Savings,Transfer,Utilities,81.31,24942.45,24861.14,12,Tokyo,Web Browser,Wire Transfer,0,0,TXN_105458,CUST_15458
62,Savings,Transfer,Utilities,35.68,22962.86,22927.18,0,Toronto,ATM,Debit Card,0,0,TXN_102330,CUST_12330
42,Savings,Transfer,Utilities,138.49,26169.8,26031.31,5,Tokyo,ATM,Debit Card,0,0,TXN_104697,CUST_14697
69,Checking,Payment,Utilities,53.22,23603.68,23550.46,15,Berlin,Mobile App,Wire Transfer,0,0,TXN_102688,CUST_12688
26,Savings,Withdrawal,Entertainment,73.11,24018.66,23945.55,19,New York,Web Browser,Debit Card,0,0,TXN_103552,CUST_13552
39,Checking,Transfer,Retail,24.92,12950.89,12925.97,16,Tokyo,Web Browser,Credit Card,0,0,TXN_101713,CUST_11713
54,Savings,Withdrawal,Utilities,195.73,14001.1,13805.37,7,Singapore,POS Terminal,UPI / Wallet,0,0,TXN_104606,CUST_14606
18,Savings,Transfer,Utilities,176.89,12235.63,12058.74,20,London,Web Browser,Credit Card,1,0,TXN_102004,CUST_12004
65,Business,Transfer,Travel,543.14,24796.34,24253.2,18,Singapore,Web Browser,Credit Card,1,0,TXN_101439,CUST_11439
49,Checking,Deposit,Retail,262.38,24769.98,24507.6,1,Tokyo,ATM,Wire Transfer,0,0,TXN_101507,CUST_11507
59,Business,Transfer,Utilities,384.13,8210.2,7826.07,9,Tokyo,ATM,Debit Card,0,0,TXN_103940,CUST_13940
62,Savings,Payment,Retail,151.29,10778.72,10627.43,8,Tokyo,Web Browser,Wire Transfer,0,0,TXN_104065,CUST_14065
40,Savings,Transfer,Groceries,177.1,22755.2,22578.1,11,Berlin,POS Terminal,Debit Card,0,0,TXN_106021,CUST_16021
44,Savings,Transfer,Entertainment,118.91,24680.55,24561.64,11,Mumbai,Mobile App,Wire Transfer,0,1,TXN_102371,CUST_12371
24,Savings,Transfer,Utilities,364.77,7126.41,6761.64,3,Berlin,Web Browser,Wire Transfer,0,0,TXN_100580,CUST_10580
18,Savings,Payment,Entertainment,327.04,19729.74,19552.7,15,Singapore,POS Terminal,Wire Transfer,0,0,TXN_100907,CUST_10907
71,Checking,Deposit,Retail,31.89,24175.4,24143.51,7,Mumbai,POS Terminal,Wire Transfer,1,0,TXN_103250,CUST_13250
18,Savings,Withdrawal,Groceries,443.77,24321.98,23878.21,14,Berlin,ATM,Wire Transfer,0,1,TXN_101468,CUST_11468
30,Checking,Payment,Retail,61.5,13474.09,13412.59,13,Tokyo,Mobile App,Debit Card,1,0,TXN_101254,CUST_11254
57,Savings,Withdrawal,Entertainment,36.15,25100.77,25064.62,14,Tokyo,Mobile App,Debit Card,0,0,TXN_105370,CUST_15370
30,Savings,Transfer,Electronics,105.93,23152.79,23046.86,16,Toronto,Mobile App,UPI / Wallet,0,0,TXN_102353,CUST_12353
68,Savings,Deposit,Retail,246.23,9170.32,8924.09,11,Mumbai,POS Terminal,Debit Card,1,0,TXN_106553,CUST_16553
22,Checking,Payment,Utilities,38.3,18278.3,18240.0,9,London,Mobile App,Credit Card,0,0,TXN_106491,CUST_16491
58,Checking,Deposit,Electronics,241.29,18370.09,18128.8,4,New York,Mobile App,Wire Transfer,0,0,TXN_105668,CUST_15668
31,Business,Payment,Travel,180.7,26162.4,25981.7,5,Tokyo,Mobile App,UPI / Wallet,0,1,TXN_105004,CUST_15004
18,Savings,Transfer,Travel,171.72,23044.91,22873.19,13,Tokyo,ATM,Debit Card,0,1,TXN_104294,CUST_14294
35,Checking,Deposit,Entertainment,256.33,22347.49,22091.16,7,Berlin,POS Terminal,Debit Card,0,1,TXN_101120,CUST_11120
26,Savings,Payment,Entertainment,106.89,4959.97,4853.08,12,Berlin,Mobile App,UPI / Wallet,1,0,TXN_103554,CUST_13554
33,Savings,Payment,Travel,31.4,24605.95,24574.55,2,Mumbai,POS Terminal,UPI / Wallet,1,0,TXN_102570,CUST_12570
75,Savings,Payment,Travel,20.77,18650.37,18629.6,5,New York,Mobile App,Credit Card,0,0,TXN_102439,CUST_12439
60,Credit,Deposit,Travel,104.49,20692.95,20588.46,16,New York,ATM,UPI / Wallet,0,0,TXN_105068,CUST_15068
42,Checking,Payment,Entertainment,56.33,13309.41,13253.08,13,Tokyo,Web Browser,Debit Card,0,0,TXN_101153,CUST_11153
29,Checking,Transfer,Utilities,1.14,2809.14,2808.0,12,Berlin,Mobile App,Debit Card,0,0,TXN_106615,CUST_16615
21,Checking,Transfer,Electronics,55.83,22673.59,22617.76,22,Singapore,Web Browser,Credit Card,0,0,TXN_103860,CUST_13860
18,Savings,Payment,Travel,20.62,22740.47,22719.85,2,New York,Mobile App,Debit Card,0,0,TXN_102309,CUST_12309
42,Savings,Payment,Entertainment,82.32,7179.81,7097.49,14,Singapore,ATM,Debit Card,0,0,TXN_103352,CUST_13352
22,Credit,Withdrawal,Groceries,100.14,26166.03,26065.89,15,Berlin,Mobile App,Debit Card,0,0,TXN_106142,CUST_16142
57,Savings,Transfer,Utilities,676.34,26706.86,26030.52,1,Mumbai,Web Browser,Debit Card,0,0,TXN_106740,CUST_16740
74,Checking,Transfer,Groceries,71.2,13578.96,13507.76,5,Mumbai,Mobile App,Wire Transfer,1,0,TXN_101811,CUST_11811
62,Checking,Payment,Groceries,88.4,14208.17,14119.77,6,Berlin,Web Browser,UPI / Wallet,0,0,TXN_104486,CUST_14486
47,Savings,Payment,Groceries,494.48,25024.9,24530.42,6,Singapore,POS Terminal,Debit Card,1,0,TXN_102682,CUST_12682
20,Checking,Transfer,Utilities,275.14,5382.08,5106.94,15,London,Mobile App,Credit Card,0,0,TXN_104206,CUST_14206
65,Checking,Payment,Travel,225.7,23567.32,23341.62,11,Tokyo,Mobile App,Debit Card,0,0,TXN_103852,CUST_13852
22,Savings,Withdrawal,Utilities,37.58,1541.1,1503.52,18,New York,Web Browser,UPI / Wallet,0,0,TXN_103271,CUST_13271
18,Savings,Transfer,Retail,123.62,4926.06,4802.44,1,Toronto,Web Browser,UPI / Wallet,1,0,TXN_105160,CUST_15160
44,Checking,Payment,Electronics,258.93,6217.69,5958.76,0,Tokyo,ATM,UPI / Wallet,0,0,TXN_104073,CUST_14073
18,Savings,Payment,Electronics,109.19,17489.58,17530.39,4,Mumbai,Mobile App,Debit Card,0,0,TXN_105322,CUST_15322
59,Checking,Transfer,Utilities,80.21,27933.48,27853.27,5,Mumbai,Mobile App,Wire Transfer,0,0,TXN_105951,CUST_15951
59,Savings,Payment,Utilities,105.15,24202.85,24097.7,22,Mumbai,POS Terminal,Debit Card,0,0,TXN_106705,CUST_16705
20,Checking,Deposit,Travel,16.93,25741.68,25724.75,8,New York,POS Terminal,UPI / Wallet,0,0,TXN_103835,CUST_13835
19,Checking,Transfer,Utilities,56.61,14671.5,14614.89,8,Mumbai,POS Terminal,UPI / Wallet,1,0,TXN_105537,CUST_15537
18,Credit,Transfer,Electronics,35.28,15692.36,15657.08,4,Singapore,Web Browser,Debit Card,0,0,TXN_101029,CUST_11029
64,Checking,Withdrawal,Travel,351.04,25287.94,24936.9,1,Berlin,Web Browser,Wire Transfer,0,0,TXN_105714,CUST_15714
46,Savings,Deposit,Utilities,15.8,14991.23,14975.43,20,Toronto,Web Browser,UPI / Wallet,0,0,TXN_104442,CUST_14442
61,Business,Transfer,Utilities,66.47,5182.8,5266.33,6,Mumbai,Mobile App,Credit Card,1,0,TXN_103198,CUST_13198
27,Savings,Transfer,Electronics,381.27,11275.37,10894.1,9,New York,POS Terminal,Debit Card,0,0,TXN_105632,CUST_15632
76,Business,Withdrawal,Travel,67.22,27759.22,27692.0,6,Berlin,Mobile App,Debit Card,0,0,TXN_102418,CUST_12418
71,Business,Withdrawal,Travel,19.41,23310.05,23290.64,15,London,ATM,Wire Transfer,1,0,TXN_101958,CUST_11958
33,Savings,Payment,Entertainment,655.77,4142.06,3486.29,13,Toronto,ATM,Credit Card,0,0,TXN_104860,CUST_14860
27,Savings,Transfer,Travel,189.21,23590.74,23401.53,18,Berlin,Mobile App,UPI / Wallet,0,0,TXN_103754,CUST_13754
18,Savings,Transfer,Retail,79.2,24209.73,24130.53,13,Mumbai,Mobile App,UPI / Wallet,0,0,TXN_100733,CUST_10733
18,Savings,Payment,Groceries,283.62,24992.25,24708.63,22,New York,ATM,Debit Card,1,0,TXN_104033,CUST_14033
31,Savings,Payment,Groceries,7.06,12240.23,12233.17,16,Mumbai,POS Terminal,UPI / Wallet,0,0,TXN_103551,CUST_13551
65,Credit,Payment,Groceries,79.97,21050.52,20970.55,21,Berlin,Mobile App,Debit Card,0,0,TXN_103262,CUST_13262
31,Checking,Transfer,Travel,685.89,16175.95,15490.06,12,Tokyo,ATM,Debit Card,0,1,TXN_106795,CUST_16795
18,Credit,Transfer,Travel,487.19,25232.82,24745.63,5,Toronto,Web Browser,Debit Card,0,0,TXN_105090,CUST_15090
18,Checking,Deposit,Entertainment,517.97,11498.87,10980.9,15,Mumbai,POS Terminal,UPI / Wallet,0,0,TXN_101452,CUST_11452
26,Savings,Payment,Retail,3.29,20998.59,20995.3,21,Tokyo,Web Browser,UPI / Wallet,0,0,TXN_105859,CUST_15859
69,Savings,Transfer,Utilities,228.81,26174.22,25945.41,6,Toronto,Mobile App,Credit Card,0,0,TXN_100810,CUST_10810
63,Checking,Payment,Groceries,162.45,10169.64,10157.19,21,Mumbai,Mobile App,Debit Card,0,0,TXN_104224,CUST_14224
67,Credit,Payment,Travel,129.89,22753.64,22623.75,22,Singapore,Mobile App,Debit Card,0,0,TXN_101705,CUST_11705
27,Savings,Transfer,Utilities,208.87,15251.74,15042.87,14,Mumbai,POS Terminal,UPI / Wallet,0,0,TXN_104699,CUST_14699
48,Checking,Payment,Travel,193.81,14384.14,14190.33,23,Mumbai,Web Browser,UPI / Wallet,0,0,TXN_102222,CUST_12222
28,Savings,Transfer,Groceries,24.71,21714.41,21689.7,12,Singapore,Web Browser,UPI / Wallet,0,0,TXN_106126,CUST_16126
63,Checking,Payment,Utilities,62.44,23232.85,23170.41,3,Mumbai,ATM,UPI / Wallet,0,0,TXN_100445,CUST_10445
48,Savings,Deposit,Retail,574.79,11645.25,11070.46,21,New York,Mobile App,Wire Transfer,0,0,TXN_105560,CUST_15560
68,Checking,Payment,Groceries,743.58,23959.09,23215.51,8,Tokyo,POS Terminal,UPI / Wallet,0,0,TXN_101021,CUST_11021
59,Checking,Payment,Groceries,20.69,159.16,138.47,8,Berlin,Web Browser,UPI / Wallet,0,0,TXN_103411,CUST_13411
67,Credit,Withdrawal,Groceries,153.03,25805.13,25652.1,7,Tokyo,ATM,Debit Card,0,0,TXN_104781,CUST_14781
70,Savings,Payment,Travel,491.73,17112.9,16621.17,13,Tokyo,Mobile App,Credit Card,0,0,TXN_106818,CUST_16818
41,Savings,Transfer,Entertainment,556.33,12233.6,11677.27,19,London,ATM,Debit Card,0,0,TXN_105376,CUST_15376
19,Savings,Transfer,Travel,16.53,22063.73,22047.2,2,Tokyo,Mobile App,Debit Card,0,0,TXN_104692,CUST_14692
69,Checking,Payment,Travel,450.04,20751.79,20301.75,17,Berlin,POS Terminal,UPI / Wallet,0,0,TXN_104951,CUST_14951
57,Savings,Transfer,Retail,357.53,10478.57,10121.04,0,New York,ATM,Wire Transfer,0,0,TXN_102670,CUST_12670
53,Savings,Withdrawal,Electronics,33.83,4411.76,4377.93,20,Tokyo,Mobile App,UPI / Wallet,1,0,TXN_104187,CUST_14187
47,Checking,Transfer,Electronics,74.61,21579.84,21505.23,16,Mumbai,Web Browser,Wire Transfer,0,0,TXN_104949,CUST_14949
32,Savings,Transfer,Groceries,47.92,20354.86,20306.94,16,Tokyo,Web Browser,UPI / Wallet,0,0,TXN_106399,CUST_16399
18,Savings,Deposit,Groceries,288.35,2425.41,2137.06,22,London,ATM,Debit Card,0,0,TXN_103298,CUST_13298
64,Credit,Transfer,Groceries,10.35,21405.19,21394.84,14,Berlin,POS Terminal,UPI / Wallet,0,0,TXN_100784,CUST_10784
44,Credit,Transfer,Entertainment,114.95,22313.39,22198.44,7,Berlin,Web Browser,Debit Card,0,0,TXN_106205,CUST_16205
18,Savings,Transfer,Groceries,300.27,24122.99,23822.72,10,New York,Mobile App,UPI / Wallet,0,0,TXN_102243,CUST_12243
62,Savings,Deposit,Electronics,95.34,16562.34,16467.0,22,Berlin,Web Browser,UPI / Wallet,0,0,TXN_103051,CUST_13051
64,Savings,Transfer,Travel,15.11,17644.68,17629.57,21,Tokyo,Web Browser,Credit Card,0,0,TXN_106133,CUST_16133
28,Savings,Transfer,Retail,31.8,16154.96,16123.16,7,London,Mobile App,Credit Card,0,0,TXN_103600,CUST_13600
40,Savings,Withdrawal,Utilities,41.44,6440.38,6398.94,2,Mumbai,Mobile App,Credit Card,0,0,TXN_100698,CUST_10698
53,Savings,Transfer,Utilities,354.33,17424.28,17069.95,22,Berlin,ATM,UPI / Wallet,0,0,TXN_100297,CUST_10297
58,Checking,Deposit,Electronics,241.29,18370.09,18128.8,4,New York,Mobile App,Wire Transfer,0,0,TXN_105668,CUST_15668
24,Savings,Transfer,Entertainment,507.84,3174.1,2666.26,23,Mumbai,POS Terminal,Debit Card,0,0,TXN_101541,CUST_11541
56,Credit,Transfer,Travel,26.76,23426.08,23399.32,22,Berlin,Mobile App,UPI / Wallet,0,0,TXN_106384,CUST_16384
23,Checking,Withdrawal,Travel,76.35,6738.21,6661.86,10,Tokyo,POS Terminal,Debit Card,0,0,TXN_105349,CUST_15349
18,Checking,Payment,Entertainment,346.88,9851.1,9504.22,12,Tokyo,Web Browser,Credit Card,0,0,TXN_105028,CUST_15028
64,Checking,Transfer,Electronics,105.86,12622.02,12516.16,13,Toronto,ATM,UPI / Wallet,0,0,TXN_103756,CUST_13756
41,Checking,Transfer,Electronics,85.44,27221.73,27136.29,7,Mumbai,Mobile App,Debit Card,0,0,TXN_104022,CUST_14022
18,Checking,Withdrawal,Electronics,12.32,21760.25,21747.93,20,Berlin,Mobile App,UPI / Wallet,1,0,TXN_103774,CUST_13774
46,Checking,Transfer,Electronics,12.05,21998.69,21986.64,11,Mumbai,Web Browser,UPI / Wallet,0,0,TXN_102910,CUST_12910
18,Credit,Withdrawal,Retail,180.83,20638.39,20457.56,16,Tokyo,Web Browser,Debit Card,0,0,TXN_104009,CUST_14009
18,Checking,Payment,Retail,51.55,23774.49,23722.94,9,Mumbai,ATM,Debit Card,0,1,TXN_106762,CUST_16762
38,Checking,Payment,Travel,448.62,22324.74,21876.12,3,Singapore,POS Terminal,UPI / Wallet,0,0,TXN_102806,CUST_12806
19,Business,Withdrawal,Retail,681.7,10999.89,10318.19,19,Mumbai,Mobile App,UPI / Wallet,0,0,TXN_102245,CUST_12245
18,Savings,Withdrawal,Groceries,47.78,25591.76,25543.98,17,Tokyo,Web Browser,Credit Card,1,0,TXN_106039,CUST_16039
24,Savings,Transfer,Electronics,224.12,4265.42,4041.3,10,Berlin,Web Browser,Debit Card,0,0,TXN_105080,CUST_15080
35,Checking,Transfer,Utilities,208.89,21329.65,21120.76,7,Mumbai,POS Terminal,Credit Card,0,0,TXN_101828,CUST_11828
34,Savings,Transfer,Entertainment,82.03,20757.89,20675.86,13,Toronto,ATM,UPI / Wallet,0,0,TXN_106423,CUST_16423
77,Checking,Withdrawal,Retail,131.97,4876.01,4744.04,2,Tokyo,Mobile App,Debit Card,0,0,TXN_105300,CUST_15300
33,Savings,Transfer,Entertainment,18.45,19874.17,19855.72,5,Toronto,Web Browser,UPI / Wallet,0,0,TXN_103327,CUST_13327
55,Checking,Withdrawal,Travel,261.41,27552.41,27291.0,4,Singapore,Mobile App,UPI / Wallet,0,1,TXN_102632,CUST_12632
59,Savings,Withdrawal,Travel,268.93,26159.08,25890.15,10,Tokyo,Web Browser,Credit Card,0,0,TXN_102374,CUST_12374
68,Checking,Payment,Entertainment,3.42,20200.28,20196.86,23,Toronto,Web Browser,Debit Card,0,0,TXN_102920,CUST_12920
39,Checking,Transfer,Entertainment,122.69,21922.87,21800.18,13,Tokyo,Web Browser,Debit Card,1,0,TXN_102232,CUST_12232
46,Checking,Payment,Utilities,506.07,6542.85,6186.78,14,New York,Mobile App,UPI / Wallet,0,1,TXN_105033,CUST_15033
44,Checking,Transfer,Travel,444.38,25731.01,25286.63,1,Mumbai,Web Browser,UPI / Wallet,0,0,TXN_106472,CUST_16472
35,Checking,Deposit,Retail,689.2,18251.87,17562.67,22,Tokyo,POS Terminal,Debit Card,0,0,TXN_102575,CUST_12575
18,Checking,Payment,Retail,149.99,25700.45,25550.46,22,New York,Mobile App,Debit Card,0,0,TXN_103738,CUST_13738
25,Checking,Deposit,Electronics,42.2,23317.55,23275.35,1,Toronto,Web Browser,Credit Card,0,0,TXN_106748,CUST_16748
56,Savings,Transfer,Travel,3.01,16159.85,16156.84,17,Berlin,Mobile App,Debit Card,0,0,TXN_105706,CUST_15706
23,Savings,Payment,Travel,9.72,24138.69,24128.97,5,Toronto,POS Terminal,Debit Card,0,0,TXN_106381,CUST_16381
70,Business,Transfer,Travel,6.93,20377.69,20370.76,6,London,Mobile App,UPI / Wallet,0,0,TXN_106209,CUST_16209
65,Savings,Withdrawal,Groceries,7.71,24643.86,24636.15,16,Singapore,Mobile App,UPI / Wallet,0,0,TXN_106075,CUST_16075
22,Savings,Transfer,Groceries,357.39,24414.94,24057.55,18,London,ATM,Wire Transfer,0,1,TXN_105470,CUST_15470
63,Business,Payment,Retail,45.02,19175.2,19130.18,9,Singapore,Mobile App,Debit Card,1,0,TXN_102123,CUST_12123
42,Business,Payment,Electronics,170.26,16282.3,16112.04,15,Toronto,Mobile App,Wire Transfer,0,0,TXN_106185,CUST_16185
58,Savings,Payment,Entertainment,148.9,25851.64,25702.74,23,Tokyo,Mobile App,Debit Card,0,0,TXN_101409,CUST_11409
20,Checking,Payment,Groceries,63.9,8664.36,8750.46,2,Tokyo,Web Browser,UPI / Wallet,0,0,TXN_103858,CUST_13858
37,Business,Payment,Electronics,30.08,15783.09,15753.01,2,Toronto,ATM,Wire Transfer,0,0,TXN_100473,CUST_10473
20,Checking,Transfer,Utilities,275.14,5382.08,5106.94,15,London,Mobile App,Credit Card,0,0,TXN_104206,CUST_14206
41,Checking,Transfer,Travel,168.82,20173.95,20005.13,11,Mumbai,Web Browser,Credit Card,0,0,TXN_103105,CUST_13105
28,Savings,Transfer,Retail,174.41,27455.38,27280.97,12,Toronto,Web Browser,Credit Card,0,1,TXN_103887,CUST_13887
61,Credit,Transfer,Utilities,608.37,24192.87,23584.5,1,Mumbai,Web Browser,Debit Card,1,0,TXN_103123,CUST_13123
38,Business,Transfer,Groceries,25.29,14856.47,14831.18,22,Berlin,Mobile App,Wire Transfer,0,0,TXN_101114,CUST_11114
23,Checking,Withdrawal,Electronics,167.9,24517.24,24499.34,6,Berlin,POS Terminal,Debit Card,0,0,TXN_101117,CUST_11117
60,Savings,Withdrawal,Retail,465.39,17939.8,17474.41,9,Tokyo,Web Browser,Debit Card,0,0,TXN_106677,CUST_16677
58,Credit,Deposit,Groceries,11.23,19591.56,19580.33,0,Singapore,Mobile App,Wire Transfer,0,1,TXN_100063,CUST_10063
28,Credit,Transfer,Retail,600.64,19036.8,18436.16,13,Tokyo,Web Browser,Debit Card,0,0,TXN_104760,CUST_14760
43,Savings,Transfer,Electronics,148.78,24988.52,24839.74,12,New York,POS Terminal,Wire Transfer,0,0,TXN_106624,CUST_16624
74,Savings,Deposit,Utilities,39.83,21059.2,21019.37,2,Mumbai,Mobile App,Credit Card,0,0,TXN_102665,CUST_12665
51,Business,Withdrawal,Travel,124.58,25433.5,25308.92,6,Mumbai,Web Browser,UPI / Wallet,1,0,TXN_101288,CUST_11288
63,Business,Transfer,Travel,162.44,24704.14,24541.7,0,Berlin,POS Terminal,UPI / Wallet,0,0,TXN_106267,CUST_16267
58,Savings,Deposit,Retail,222.72,9514.69,9291.97,5,Mumbai,Mobile App,UPI / Wallet,0,0,TXN_102976,CUST_12976
57,Credit,Transfer,Utilities,295.97,20436.19,20140.22,11,Mumbai,Web Browser,Debit Card,0,0,TXN_105094,CUST_15094
66,Checking,Payment,Retail,222.23,26338.51,26266.28,3,Mumbai,Web Browser,Debit Card,0,0,TXN_104312,CUST_14312
18,Credit,Payment,Groceries,6.16,22279.63,22273.47,2,Mumbai,POS Terminal,UPI / Wallet,0,1,TXN_104153,CUST_14153
71,Checking,Transfer,Travel,774.52,22852.39,22227.87,4,Singapore,Mobile App,Credit Card,0,0,TXN_100410,CUST_10410
29,Savings,Payment,Entertainment,47.48,22512.02,22464.54,15,Tokyo,ATM,UPI / Wallet,0,0,TXN_104847,CUST_14847
18,Savings,Payment,Entertainment,4.4,25438.29,25433.89,7,Mumbai,ATM,Wire Transfer,0,0,TXN_101730,CUST_11730
37,Savings,Transfer,Entertainment,105.48,19340.85,19235.37,17,London,Mobile App,Credit Card,0,0,TXN_105934,CUST_15934
65,Credit,Withdrawal,Groceries,406.94,3936.45,3529.51,14,Tokyo,Web Browser,Wire Transfer,0,0,TXN_101763,CUST_11763
18,Checking,Deposit,Retail,121.01,6278.18,6157.17,4,London,Web Browser,Credit Card,0,0,TXN_106330,CUST_16330
50,Savings,Withdrawal,Travel,90.7,10580.01,10489.31,7,Singapore,Mobile App,Wire Transfer,0,0,TXN_101264,CUST_11264
36,Savings,Payment,Retail,48.88,23110.42,23061.54,14,Tokyo,ATM,Debit Card,0,0,TXN_100678,CUST_10678
58,Credit,Transfer,Retail,103.25,23690.17,23586.92,13,Tokyo,Mobile App,Debit Card,0,0,TXN_102629,CUST_12629
65,Checking,Transfer,Groceries,81.56,14885.96,14804.4,20,Toronto,Mobile App,Debit Card,0,0,TXN_100596,CUST_10596
63,Checking,Deposit,Electronics,155.13,2362.35,2207.22,16,Toronto,ATM,UPI / Wallet,0,0,TXN_103930,CUST_13930
18,Credit,Transfer,Travel,487.19,25232.82,24745.63,5,Toronto,Web Browser,Debit Card,0,0,TXN_105090,CUST_15090
37,Checking,Payment,Entertainment,0.18,27043.37,27043.19,1,New York,Mobile App,Debit Card,0,0,TXN_101907,CUST_11907
18,Savings,Withdrawal,Utilities,55.11,20914.85,20859.74,22,New York,POS Terminal,Debit Card,0,0,TXN_101699,CUST_11699
18,Business,Payment,Entertainment,405.83,21652.43,21246.6,2,Toronto,Mobile App,UPI / Wallet,0,0,TXN_102979,CUST_12979
56,Checking,Withdrawal,Utilities,1.92,1313.67,1461.75,20,Singapore,Mobile App,Debit Card,0,0,TXN_100657,CUST_10657
67,Credit,Transfer,Utilities,63.18,18746.07,18682.89,5,New York,Web Browser,Debit Card,0,1,TXN_102109,CUST_12109
73,Savings,Withdrawal,Utilities,573.83,20150.89,19577.06,16,Tokyo,ATM,UPI / Wallet,0,0,TXN_103638,CUST_13638
29,Savings,Payment,Groceries,35.26,12571.99,12536.73,11,Mumbai,ATM,Debit Card,0,0,TXN_101815,CUST_11815
24,Checking,Transfer,Utilities,152.8,13380.44,13227.64,9,Tokyo,ATM,Debit Card,0,0,TXN_105312,CUST_15312
63,Business,Deposit,Travel,75.15,15784.0,15858.85,11,Tokyo,Mobile App,UPI / Wallet,0,0,TXN_103626,CUST_13626
20,Checking,Transfer,Retail,63.76,27897.03,27833.27,5,New York,POS Terminal,Debit Card,0,0,TXN_105904,CUST_15904
62,Checking,Payment,Retail,108.84,11128.22,11019.38,20,Mumbai,Mobile App,Wire Transfer,0,0,TXN_101554,CUST_11554
43,Checking,Payment,Travel,377.94,2357.95,1980.01,17,Mumbai,ATM,Debit Card,0,0,TXN_101344,CUST_11344
18,Savings,Payment,Entertainment,4.4,19542.8,19538.4,10,Tokyo,POS Terminal,Debit Card,0,0,TXN_106365,CUST_16365
18,Savings,Deposit,Travel,73.35,19281.6,19208.25,6,Singapore,Web Browser,Debit Card,0,0,TXN_103137,CUST_13137
39,Credit,Payment,Travel,19.09,862.21,993.12,18,Singapore,Web Browser,Credit Card,1,0,TXN_100131,CUST_10131
18,Savings,Transfer,Retail,88.69,17778.03,17689.34,5,Singapore,Web Browser,Debit Card,0,0,TXN_103310,CUST_13310
35,Savings,Payment,Utilities,6.72,21211.85,21205.13,5,Toronto,Mobile App,Debit Card,0,0,TXN_104544,CUST_14544
39,Savings,Deposit,Retail,134.98,25279.17,25144.19,7,Mumbai,Mobile App,Wire Transfer,0,0,TXN_101609,CUST_11609
65,Checking,Transfer,Retail,162.68,13550.93,13388.25,7,Tokyo,Mobile App,Credit Card,0,0,TXN_106394,CUST_16394
32,Checking,Withdrawal,Travel,28.83,27309.29,27280.46,1,Tokyo,ATM,Debit Card,0,0,TXN_104196,CUST_14196
54,Credit,Transfer,Utilities,291.03,20283.42,19992.39,1,Toronto,ATM,Wire Transfer,0,0,TXN_106082,CUST_16082
18,Savings,Payment,Travel,193.46,22441.08,22247.62,9,London,ATM,Wire Transfer,0,0,TXN_101888,CUST_11888
18,Savings,Withdrawal,Retail,76.07,25718.38,25642.31,22,Tokyo,ATM,Credit Card,1,0,TXN_105790,CUST_15790
54,Credit,Payment,Electronics,557.31,15167.01,14609.7,8,Tokyo,ATM,UPI / Wallet,0,0,TXN_106758,CUST_16758
18,Savings,Transfer,Travel,76.38,14462.2,14385.82,8,Berlin,ATM,Debit Card,1,0,TXN_101486,CUST_11486
24,Checking,Deposit,Utilities,269.17,25676.06,25406.89,9,Berlin,POS Terminal,Debit Card,1,0,TXN_103700,CUST_13700
68,Savings,Payment,Entertainment,45.93,23388.09,23342.16,5,Berlin,ATM,Credit Card,0,1,TXN_103784,CUST_13784
55,Savings,Deposit,Electronics,10.25,13923.05,14062.8,7,Berlin,POS Terminal,Debit Card,1,0,TXN_101467,CUST_11467
34,Savings,Payment,Utilities,143.92,18652.3,18508.38,6,Toronto,Web Browser,Credit Card,0,0,TXN_104069,CUST_14069
18,Savings,Deposit,Entertainment,106.93,24588.85,24481.92,1,Tokyo,Web Browser,Credit Card,0,0,TXN_105138,CUST_15138
37,Checking,Payment,Entertainment,411.32,25207.26,24795.94,10,New York,Web Browser,UPI / Wallet,0,0,TXN_101497,CUST_11497
42,Business,Deposit,Utilities,16.9,22093.84,22076.94,12,Mumbai,Mobile App,Debit Card,0,1,TXN_105829,CUST_15829
18,Checking,Withdrawal,Entertainment,54.89,18504.75,18449.86,20,Toronto,ATM,Wire Transfer,0,0,TXN_103769,CUST_13769
54,Savings,Deposit,Groceries,48.29,25366.51,25318.22,6,Mumbai,Web Browser,Debit Card,0,0,TXN_102113,CUST_12113
18,Savings,Deposit,Travel,14.28,23133.65,23119.37,2,London,Mobile App,Debit Card,0,0,TXN_106083,CUST_16083
70,Checking,Payment,Retail,125.19,18583.18,18457.99,19,Tokyo,Mobile App,UPI / Wallet,0,0,TXN_102511,CUST_12511
18,Credit,Withdrawal,Entertainment,148.35,21163.49,21015.14,21,New York,Web Browser,Debit Card,0,0,TXN_104645,CUST_14645
69,Savings,Payment,Entertainment,49.02,13425.25,13376.23,16,Tokyo,Web Browser,Debit Card,1,0,TXN_103735,CUST_13735
31,Business,Deposit,Groceries,5.01,27078.45,27073.44,18,Singapore,Mobile App,Wire Transfer,0,0,TXN_100659,CUST_10659
39,Checking,Transfer,Retail,24.92,12950.89,12925.97,16,Tokyo,Web Browser,Credit Card,0,0,TXN_101713,CUST_11713
27,Savings,Transfer,Electronics,381.27,11275.37,10894.1,9,New York,POS Terminal,Debit Card,0,0,TXN_105632,CUST_15632
60,Checking,Transfer,Electronics,27.02,22814.76,22787.74,23,Mumbai,POS Terminal,Wire Transfer,1,1,TXN_105916,CUST_15916
76,Checking,Payment,Travel,30.33,17072.85,17042.52,7,Singapore,ATM,Debit Card,1,0,TXN_103206,CUST_13206
58,Checking,Payment,Groceries,148.43,23394.46,23246.03,14,Mumbai,ATM,UPI / Wallet,0,0,TXN_101303,CUST_11303
18,Business,Payment,Entertainment,265.18,19262.29,18997.11,10,New York,Web Browser,Debit Card,0,0,TXN_101380,CUST_11380
22,Credit,Withdrawal,Retail,78.43,16617.23,16538.8,0,New York,ATM,Debit Card,0,0,TXN_103553,CUST_13553
18,Credit,Transfer,Entertainment,502.26,14422.88,13920.62,11,New York,POS Terminal,Wire Transfer,0,0,TXN_106621,CUST_16621
50,Credit,Withdrawal,Electronics,395.98,27054.81,26658.83,19,London,POS Terminal,UPI / Wallet,0,0,TXN_101312,CUST_11312
51,Business,Payment,Travel,179.54,18460.55,18281.01,21,Toronto,ATM,Wire Transfer,1,0,TXN_106072,CUST_16072
27,Checking,Transfer,Entertainment,271.02,24180.22,23909.2,4,Mumbai,POS Terminal,Wire Transfer,0,0,TXN_102043,CUST_12043
45,Savings,Transfer,Travel,96.47,18573.43,18476.96,8,London,ATM,Wire Transfer,0,0,TXN_100191,CUST_10191
59,Checking,Deposit,Electronics,57.25,22571.3,22514.05,10,Singapore,Mobile App,Credit Card,1,1,TXN_101278,CUST_11278
70,Savings,Withdrawal,Utilities,62.33,24147.65,24085.32,14,Berlin,ATM,Wire Transfer,0,0,TXN_102955,CUST_12955
18,Checking,Withdrawal,Groceries,60.78,18983.97,18923.19,21,Berlin,Web Browser,UPI / Wallet,1,0,TXN_106892,CUST_16892
42,Business,Transfer,Electronics,140.85,23636.86,23496.01,13,Toronto,ATM,Debit Card,0,0,TXN_102838,CUST_12838
45,Credit,Payment,Utilities,180.72,22659.71,22478.99,5,Singapore,Mobile App,UPI / Wallet,0,1,TXN_103068,CUST_13068
77,Credit,Transfer,Retail,496.19,16969.01,16472.82,7,Mumbai,Web Browser,Credit Card,0,0,TXN_104782,CUST_14782
66,Checking,Payment,Entertainment,162.61,19465.02,19302.41,22,Mumbai,Web Browser,Debit Card,1,0,TXN_105781,CUST_15781
28,Savings,Deposit,Entertainment,411.76,6888.75,6476.99,9,London,ATM,Debit Card,0,0,TXN_106564,CUST_16564
34,Checking,Payment,Retail,9.4,17846.53,17837.13,2,London,POS Terminal,Credit Card,0,0,TXN_102927,CUST_12927
34,Checking,Transfer,Entertainment,508.65,24830.13,24321.48,10,Mumbai,POS Terminal,Wire Transfer,0,0,TXN_101112,CUST_11112
53,Savings,Transfer,Travel,115.28,24932.12,24816.84,18,Tokyo,ATM,Wire Transfer,1,0,TXN_102295,CUST_12295
41,Checking,Transfer,Travel,102.13,14191.06,14088.93,4,Mumbai,ATM,UPI / Wallet,0,0,TXN_106211,CUST_16211
39,Checking,Payment,Groceries,32.62,13609.76,13577.14,0,New York,Mobile App,Wire Transfer,0,1,TXN_103401,CUST_13401
68,Checking,Withdrawal,Groceries,51.64,13024.61,12972.97,22,Tokyo,Web Browser,Debit Card,0,0,TXN_100633,CUST_10633
18,Savings,Withdrawal,Retail,53.12,12860.49,12807.37,21,Singapore,Mobile App,Wire Transfer,0,0,TXN_101261,CUST_11261
48,Credit,Payment,Electronics,238.96,15647.94,15408.98,19,Tokyo,Mobile App,UPI / Wallet,1,1,TXN_103170,CUST_13170
68,Checking,Deposit,Travel,72.99,26850.07,26927.08,5,Singapore,ATM,Debit Card,0,0,TXN_105861,CUST_15861
33,Savings,Transfer,Travel,3.11,11612.23,11609.12,23,Mumbai,ATM,Debit Card,0,1,TXN_106934,CUST_16934
49,Checking,Deposit,Entertainment,7.89,17196.81,17188.92,4,New York,Web Browser,Credit Card,0,0,TXN_100364,CUST_10364
62,Savings,Payment,Travel,25.7,24633.27,24607.57,9,Singapore,ATM,UPI / Wallet,0,1,TXN_105612,CUST_15612
64,Savings,Transfer,Travel,126.08,25898.44,25772.36,12,Berlin,Mobile App,Debit Card,0,0,TXN_106918,CUST_16918
49,Savings,Deposit,Utilities,120.15,20893.95,20773.8,5,London,Mobile App,Debit Card,0,0,TXN_101081,CUST_11081
44,Savings,Payment,Groceries,381.87,20694.42,20312.55,9,Berlin,Web Browser,Wire Transfer,0,0,TXN_103492,CUST_13492
30,Checking,Payment,Utilities,50.25,13713.31,13663.06,18,Toronto,Web Browser,Credit Card,0,0,TXN_106583,CUST_16583
42,Checking,Deposit,Groceries,3.76,27654.7,27650.94,4,Tokyo,Mobile App,Credit Card,0,0,TXN_100310,CUST_10310
58,Savings,Transfer,Groceries,155.3,5614.71,5459.41,6,Toronto,Web Browser,Wire Transfer,0,0,TXN_106509,CUST_16509
36,Checking,Deposit,Travel,14.52,3351.59,3337.07,17,Mumbai,ATM,Debit Card,0,0,TXN_106049,CUST_16049
53,Credit,Payment,Utilities,54.78,25122.56,25067.78,13,New York,Mobile App,Debit Card,0,0,TXN_106573,CUST_16573
37,Checking,Transfer,Retail,89.26,25333.96,25244.7,13,Berlin,Web Browser,Wire Transfer,0,0,TXN_100982,CUST_10982
24,Savings,Transfer,Electronics,230.65,18479.39,18248.74,23,Mumbai,POS Terminal,Debit Card,1,0,TXN_105737,CUST_15737
52,Checking,Withdrawal,Groceries,125.22,23338.89,23363.67,6,Mumbai,Mobile App,Wire Transfer,0,0,TXN_100947,CUST_10947
68,Savings,Deposit,Groceries,88.64,9246.84,9158.2,7,Mumbai,Web Browser,Debit Card,0,1,TXN_102394,CUST_12394
49,Savings,Transfer,Retail,288.12,11168.0,10879.88,8,Mumbai,ATM,Wire Transfer,0,0,TXN_103916,CUST_13916
31,Credit,Transfer,Groceries,43.52,9050.1,9006.58,12,Tokyo,POS Terminal,Debit Card,0,0,TXN_101551,CUST_11551
78,Checking,Withdrawal,Retail,190.0,26157.12,25967.12,1,Berlin,Mobile App,Debit Card,0,0,TXN_105778,CUST_15778
57,Credit,Payment,Travel,265.36,22867.79,22602.43,14,Singapore,POS Terminal,Debit Card,0,0,TXN_105832,CUST_15832
69,Credit,Payment,Electronics,85.2,18827.52,18742.32,13,Mumbai,Mobile App,UPI / Wallet,0,0,TXN_102550,CUST_12550
73,Business,Payment,Groceries,712.62,18941.0,18228.38,1,Berlin,Mobile App,Wire Transfer,0,0,TXN_103944,CUST_13944
61,Savings,Withdrawal,Entertainment,61.41,5907.18,5845.77,10,Tokyo,ATM,Debit Card,0,0,TXN_103690,CUST_13690
29,Savings,Deposit,Entertainment,80.38,22549.75,22619.37,17,Toronto,Web Browser,Debit Card,0,0,TXN_104396,CUST_14396
24,Checking,Payment,Utilities,60.59,17034.54,16973.95,10,Tokyo,POS Terminal,Credit Card,0,0,TXN_101932,CUST_11932
57,Credit,Payment,Groceries,194.32,24172.98,23978.66,13,Singapore,ATM,Debit Card,0,0,TXN_100201,CUST_10201
75,Savings,Transfer,Groceries,56.84,24691.84,24635.0,23,Berlin,Mobile App,Debit Card,0,0,TXN_102697,CUST_12697
18,Savings,Transfer,Retail,161.94,22434.7,22272.76,0,Tokyo,Web Browser,Debit Card,0,1,TXN_103226,CUST_13226
19,Checking,Deposit,Retail,108.77,20495.51,20386.74,1,Tokyo,POS Terminal,Debit Card,0,0,TXN_100245,CUST_10245
69,Savings,Payment,Travel,9.45,25247.17,25237.72,9,Tokyo,ATM,Wire Transfer,0,0,TXN_103692,CUST_13692
18,Credit,Transfer,Entertainment,41.17,24743.06,24701.89,4,Tokyo,Web Browser,Debit Card,0,0,TXN_104194,CUST_14194
77,Savings,Deposit,Groceries,51.98,23454.28,23402.3,23,Singapore,Web Browser,Wire Transfer,0,0,TXN_100652,CUST_10652
32,Checking,Payment,Groceries,219.24,6040.51,5821.27,13,Berlin,Mobile App,Wire Transfer,0,1,TXN_101207,CUST_11207
65,Credit,Transfer,Electronics,26.96,19783.56,19756.6,22,London,Web Browser,Wire Transfer,0,0,TXN_106201,CUST_16201
35,Savings,Transfer,Electronics,5.83,18044.12,18038.29,0,Toronto,ATM,UPI / Wallet,0,0,TXN_106149,CUST_16149
33,Savings,Payment,Utilities,94.4,23293.24,23198.84,20,Toronto,Web Browser,UPI / Wallet,1,0,TXN_101445,CUST_11445
64,Checking,Withdrawal,Travel,60.21,22005.98,22095.77,21,Tokyo,ATM,Debit Card,0,0,TXN_102765,CUST_12765
54,Credit,Deposit,Electronics,11.87,24547.58,24535.71,9,Mumbai,ATM,Debit Card,0,0,TXN_100620,CUST_10620
67,Checking,Transfer,Retail,164.67,24481.63,24466.96,23,London,Mobile App,UPI / Wallet,0,0,TXN_103919,CUST_13919
62,Savings,Transfer,Entertainment,17.25,27962.88,27945.63,12,Tokyo,Web Browser,Debit Card,0,0,TXN_104605,CUST_14605
37,Business,Transfer,Electronics,26.58,7742.2,7715.62,17,Tokyo,ATM,UPI / Wallet,0,0,TXN_102223,CUST_12223
18,Savings,Deposit,Utilities,152.65,20917.62,20764.97,15,Berlin,POS Terminal,UPI / Wallet,1,0,TXN_105475,CUST_15475
59,Credit,Transfer,Groceries,39.75,25673.17,25633.42,22,New York,ATM,Debit Card,1,0,TXN_102432,CUST_12432
61,Savings,Deposit,Entertainment,83.95,12922.72,12838.77,14,Berlin,Web Browser,Debit Card,0,0,TXN_103314,CUST_13314
65,Savings,Withdrawal,Groceries,7.71,24643.86,24636.15,16,Singapore,Mobile App,UPI / Wallet,0,0,TXN_106075,CUST_16075
47,Savings,Transfer,Utilities,121.49,24911.0,24789.51,2,Toronto,Web Browser,Debit Card,0,0,TXN_106173,CUST_16173
53,Savings,Payment,Travel,242.45,27512.54,27270.09,5,Singapore,Web Browser,UPI / Wallet,0,0,TXN_102772,CUST_12772
18,Checking,Transfer,Groceries,139.06,23328.84,23189.78,14,New York,Mobile App,UPI / Wallet,0,0,TXN_104381,CUST_14381
39,Checking,Transfer,Entertainment,122.69,21922.87,21800.18,13,Tokyo,Web Browser,Debit Card,1,0,TXN_102232,CUST_12232
37,Business,Transfer,Travel,23.15,15106.62,15083.47,7,London,POS Terminal,UPI / Wallet,0,0,TXN_105389,CUST_15389
75,Savings,Payment,Utilities,120.94,24083.13,23962.19,14,Toronto,Mobile App,UPI / Wallet,0,0,TXN_105122,CUST_15122
40,Savings,Payment,Groceries,49.55,11187.8,11138.25,22,Mumbai,Web Browser,Debit Card,0,0,TXN_101893,CUST_11893
39,Savings,Withdrawal,Travel,48.27,21896.19,21847.92,1,Tokyo,POS Terminal,UPI / Wallet,0,0,TXN_102823,CUST_12823
39,Checking,Transfer,Entertainment,107.16,22089.24,21982.08,0,Mumbai,POS Terminal,Wire Transfer,0,0,TXN_104624,CUST_14624
18,Checking,Transfer,Entertainment,6.35,22094.29,22237.94,5,Berlin,POS Terminal,Credit Card,0,0,TXN_101573,CUST_11573
42,Checking,Transfer,Retail,52.01,20958.42,20906.41,8,Berlin,ATM,Debit Card,0,0,TXN_104660,CUST_14660
28,Savings,Deposit,Utilities,58.6,20018.03,19959.43,15,Tokyo,Web Browser,Credit Card,0,1,TXN_106570,CUST_16570
44,Checking,Payment,Electronics,417.43,25359.83,24942.4,9,Berlin,Mobile App,Wire Transfer,0,0,TXN_104675,CUST_14675
76,Checking,Transfer,Utilities,463.58,21690.47,21226.89,20,London,POS Terminal,Wire Transfer,0,0,TXN_100273,CUST_10273
18,Checking,Deposit,Entertainment,286.72,26645.69,26358.97,17,Berlin,ATM,Wire Transfer,0,0,TXN_100159,CUST_10159
18,Business,Deposit,Retail,48.66,21110.13,21061.47,10,Berlin,Web Browser,UPI / Wallet,0,0,TXN_101305,CUST_11305
62,Savings,Transfer,Travel,4.39,5894.09,6039.7,10,Tokyo,Mobile App,Wire Transfer,0,0,TXN_105114,CUST_15114
27,Savings,Transfer,Groceries,63.73,8160.06,8096.33,1,New York,ATM,Debit Card,0,0,TXN_103988,CUST_13988
59,Credit,Payment,Electronics,109.94,18460.62,18350.68,8,Mumbai,Mobile App,Debit Card,1,0,TXN_105983,CUST_15983
48,Savings,Transfer,Retail,81.84,21745.59,21663.75,19,Toronto,POS Terminal,Debit Card,0,0,TXN_102676,CUST_12676
43,Checking,Payment,Electronics,367.66,25117.28,24749.62,18,Tokyo,ATM,Debit Card,0,0,TXN_100979,CUST_10979
18,Checking,Payment,Entertainment,21.56,25370.95,25349.39,2,Tokyo,Web Browser,Debit Card,0,0,TXN_105930,CUST_15930
63,Checking,Payment,Travel,168.91,25257.65,25088.74,0,Singapore,Web Browser,Debit Card,1,0,TXN_105820,CUST_15820
35,Business,Payment,Electronics,30.36,21228.51,21198.15,3,Singapore,POS Terminal,Credit Card,0,0,TXN_106774,CUST_16774
19,Savings,Deposit,Retail,134.08,24963.16,24829.08,6,London,POS Terminal,Wire Transfer,0,0,TXN_100533,CUST_10533
25,Checking,Payment,Entertainment,89.63,8574.93,8485.3,6,Berlin,POS Terminal,Debit Card,0,1,TXN_103812,CUST_13812
66,Checking,Transfer,Groceries,58.22,10934.51,10876.29,19,Tokyo,Web Browser,UPI / Wallet,0,0,TXN_100259,CUST_10259
58,Savings,Payment,Groceries,141.17,25501.32,25360.15,11,Mumbai,Mobile App,Wire Transfer,0,0,TXN_100042,CUST_10042
40,Savings,Payment,Groceries,340.95,8829.85,8488.9,16,Berlin,Mobile App,Debit Card,0,0,TXN_104332,CUST_14332
37,Business,Deposit,Retail,94.92,26122.66,26027.74,6,Tokyo,Web Browser,Debit Card,0,1,TXN_101543,CUST_11543
26,Checking,Deposit,Utilities,43.62,23536.97,23493.35,1,Tokyo,ATM,Debit Card,0,0,TXN_100680,CUST_10680
18,Checking,Payment,Utilities,41.85,22302.22,22260.37,10,Berlin,POS Terminal,UPI / Wallet,0,0,TXN_102345,CUST_12345
57,Business,Transfer,Electronics,47.36,13201.93,13154.57,6,Berlin,Mobile App,UPI / Wallet,0,0,TXN_105732,CUST_15732
24,Checking,Payment,Electronics,340.6,10427.38,10086.78,21,Tokyo,Web Browser,Debit Card,0,0,TXN_100820,CUST_10820
24,Savings,Transfer,Utilities,364.77,7126.41,6761.64,3,Berlin,Web Browser,Wire Transfer,0,0,TXN_100580,CUST_10580
20,Savings,Withdrawal,Entertainment,41.35,9935.32,9893.97,19,Mumbai,Web Browser,Credit Card,0,0,TXN_106609,CUST_16609
18,Savings,Withdrawal,Utilities,206.6,2737.09,2530.49,10,New York,POS Terminal,Debit Card,0,0,TXN_105058,CUST_15058
56,Savings,Withdrawal,Retail,10.52,25747.14,25736.62,8,Mumbai,ATM,Wire Transfer,0,0,TXN_105627,CUST_15627
58,Checking,Transfer,Electronics,200.82,23459.69,23258.87,12,New York,Mobile App,Debit Card,0,0,TXN_103066,CUST_13066
66,Business,Transfer,Utilities,61.77,4510.02,4448.25,5,Mumbai,ATM,Credit Card,0,0,TXN_104049,CUST_14049
25,Checking,Deposit,Groceries,534.14,17478.03,16943.89,15,Mumbai,Web Browser,Wire Transfer,0,0,TXN_106100,CUST_16100
63,Business,Transfer,Travel,162.44,24704.14,24541.7,0,Berlin,POS Terminal,UPI / Wallet,0,0,TXN_106267,CUST_16267
20,Checking,Deposit,Travel,33.79,24093.72,24059.93,4,Berlin,Mobile App,Wire Transfer,0,0,TXN_102986,CUST_12986
29,Checking,Withdrawal,Entertainment,34.57,24671.53,24636.96,10,Tokyo,Mobile App,Debit Card,0,0,TXN_105948,CUST_15948
69,Savings,Payment,Retail,165.9,17105.79,16939.89,0,Toronto,POS Terminal,Credit Card,0,0,TXN_105439,CUST_15439
65,Checking,Deposit,Travel,455.41,4605.17,4149.76,13,Berlin,Web Browser,Debit Card,0,0,TXN_101792,CUST_11792
35,Business,Transfer,Retail,62.9,21723.54,21660.64,17,Tokyo,Mobile App,Debit Card,0,0,TXN_101933,CUST_11933
24,Checking,Deposit,Utilities,269.17,25676.06,25556.89,9,Berlin,POS Terminal,Debit Card,1,0,TXN_103700,CUST_13700
60,Checking,Deposit,Utilities,11.54,21357.88,21346.34,4,Tokyo,POS Terminal,Debit Card,0,0,TXN_100290,CUST_10290
62,Checking,Transfer,Electronics,183.93,23628.94,23445.01,6,Mumbai,ATM,UPI / Wallet,0,0,TXN_104857,CUST_14857
68,Checking,Deposit,Electronics,29.3,18442.1,18412.8,21,London,POS Terminal,Wire Transfer,0,0,TXN_100158,CUST_10158
18,Checking,Transfer,Groceries,27.1,7463.3,7436.2,15,New York,Web Browser,Debit Card,1,0,TXN_106550,CUST_16550
20,Credit,Payment,Entertainment,183.14,19000.13,18816.99,10,Mumbai,ATM,Credit Card,0,0,TXN_102124,CUST_12124
54,Credit,Withdrawal,Retail,187.16,12769.63,12582.47,0,New York,Web Browser,UPI / Wallet,0,0,TXN_106030,CUST_16030
68,Savings,Transfer,Travel,86.84,19725.82,19638.98,12,Toronto,POS Terminal,UPI / Wallet,0,0,TXN_102020,CUST_12020
23,Business,Deposit,Retail,9.77,13529.89,13520.12,15,London,Mobile App,Wire Transfer,0,0,TXN_103144,CUST_13144
20,Credit,Payment,Groceries,258.84,24297.13,24038.29,4,Tokyo,Web Browser,Credit Card,0,0,TXN_103833,CUST_13833
18,Business,Transfer,Travel,192.92,18036.53,17843.61,6,Mumbai,POS Terminal,UPI / Wallet,0,0,TXN_103567,CUST_13567
21,Savings,Withdrawal,Utilities,196.59,24572.81,24376.22,9,Singapore,ATM,UPI / Wallet,0,0,TXN_106424,CUST_16424
27,Savings,Payment,Electronics,146.21,8169.52,8023.31,0,Toronto,Web Browser,Debit Card,0,1,TXN_100954,CUST_10954
19,Savings,Payment,Travel,270.48,22978.75,22708.27,17,London,ATM,Debit Card,0,0,TXN_101485,CUST_11485
25,Credit,Withdrawal,Entertainment,3.92,22709.61,22705.69,16,Tokyo,Mobile App,Debit Card,0,0,TXN_104531,CUST_14531
49,Credit,Transfer,Groceries,14.64,1021.95,1007.31,14,New York,Mobile App,UPI / Wallet,0,0,TXN_101371,CUST_11371
32,Savings,Transfer,Travel,74.27,26954.86,26880.59,21,Toronto,Web Browser,Wire Transfer,0,1,TXN_100941,CUST_10941
42,Savings,Payment,Entertainment,82.32,7179.81,7097.49,14,Singapore,ATM,Debit Card,0,0,TXN_103352,CUST_13352
56,Credit,Transfer,Travel,26.76,23426.08,23399.32,22,Berlin,Mobile App,UPI / Wallet,0,0,TXN_106384,CUST_16384
18,Checking,Payment,Groceries,101.58,17419.2,17317.62,15,London,ATM,Wire Transfer,0,0,TXN_104875,CUST_14875
70,Checking,Withdrawal,Groceries,39.35,20619.08,20579.73,14,Tokyo,ATM,Credit Card,0,0,TXN_103156,CUST_13156
18,Credit,Deposit,Travel,188.59,18211.86,18023.27,5,New York,Web Browser,Wire Transfer,0,0,TXN_100169,CUST_10169
18,Savings,Payment,Groceries,90.97,25297.9,25206.93,13,Singapore,Web Browser,Debit Card,0,0,TXN_105501,CUST_15501
18,Checking,Transfer,Travel,197.21,24931.64,24734.43,19,Tokyo,POS Terminal,Wire Transfer,0,0,TXN_106900,CUST_16900
26,Savings,Payment,Groceries,243.91,17733.37,17489.46,16,New York,ATM,Wire Transfer,1,0,TXN_101757,CUST_11757
56,Business,Transfer,Retail,163.04,8402.64,8239.6,2,Tokyo,Mobile App,UPI / Wallet,0,0,TXN_102894,CUST_12894
22,Savings,Transfer,Groceries,207.75,22192.39,21984.64,2,Berlin,Web Browser,Wire Transfer,0,0,TXN_105099,CUST_15099
49,Credit,Withdrawal,Utilities,160.61,5858.03,5697.42,13,London,Mobile App,Debit Card,0,0,TXN_106326,CUST_16326
18,Checking,Transfer,Groceries,193.65,21811.06,21617.41,10,Mumbai,Mobile App,Wire Transfer,1,0,TXN_102841,CUST_12841
75,Credit,Withdrawal,Entertainment,53.62,22871.65,22818.03,4,Mumbai,POS Terminal,Debit Card,1,0,TXN_103813,CUST_13813
28,Checking,Deposit,Electronics,30.58,3299.68,3269.1,12,Berlin,Mobile App,Credit Card,1,0,TXN_105619,CUST_15619
72,Credit,Deposit,Utilities,190.47,25052.47,24862.0,10,Singapore,ATM,Wire Transfer,0,0,TXN_100945,CUST_10945
56,Savings,Withdrawal,Entertainment,195.69,3367.71,3172.02,9,Mumbai,POS Terminal,UPI / Wallet,1,1,TXN_101894,CUST_11894
30,Savings,Transfer,Entertainment,82.16,20434.25,20352.09,22,London,POS Terminal,Debit Card,0,0,TXN_102237,CUST_12237
44,Savings,Deposit,Groceries,48.46,20957.97,20909.51,7,London,Mobile App,UPI / Wallet,0,0,TXN_106693,CUST_16693
57,Credit,Transfer,Entertainment,2.18,21484.3,21482.12,14,New York,POS Terminal,Debit Card,1,0,TXN_106065,CUST_16065
18,Savings,Transfer,Retail,607.1,5749.6,5142.5,2,Tokyo,ATM,Debit Card,0,0,TXN_100311,CUST_10311
18,Checking,Transfer,Groceries,645.67,10418.75,9773.08,0,Toronto,POS Terminal,Credit Card,0,1,TXN_103074,CUST_13074
28,Credit,Transfer,Electronics,30.68,26394.43,26363.75,5,Mumbai,Web Browser,Debit Card,0,0,TXN_105129,CUST_15129
18,Business,Payment,Retail,79.01,25378.45,25299.44,2,New York,POS Terminal,UPI / Wallet,1,0,TXN_105315,CUST_15315
30,Business,Transfer,Travel,326.21,19585.13,19258.92,16,Tokyo,Web Browser,UPI / Wallet,0,0,TXN_106293,CUST_16293
18,Credit,Payment,Electronics,38.38,23316.27,23277.89,6,Tokyo,POS Terminal,Debit Card,0,0,TXN_104257,CUST_14257
66,Savings,Deposit,Groceries,592.96,18164.9,17571.94,5,Tokyo,Web Browser,UPI / Wallet,0,0,TXN_104333,CUST_14333
47,Savings,Withdrawal,Electronics,420.92,19624.14,19203.22,14,Tokyo,Web Browser,Debit Card,0,0,TXN_102620,CUST_12620
18,Checking,Withdrawal,Groceries,1230.91,23299.4,22068.49,6,New York,Web Browser,Debit Card,0,1,TXN_104457,CUST_14457
44,Credit,Deposit,Groceries,19.97,22150.6,22130.63,9,New York,POS Terminal,Wire Transfer,0,0,TXN_100255,CUST_10255
61,Business,Withdrawal,Groceries,695.57,23579.53,22883.96,5,Berlin,POS Terminal,UPI / Wallet,0,0,TXN_100630,CUST_10630
65,Checking,Deposit,Groceries,173.74,1471.86,1298.12,20,Toronto,ATM,Wire Transfer,0,0,TXN_106530,CUST_16530
62,Checking,Payment,Electronics,15.65,22589.12,22723.47,22,London,Web Browser,Credit Card,0,0,TXN_105643,CUST_15643
73,Checking,Transfer,Utilities,110.86,24274.02,24163.16,23,Toronto,Mobile App,UPI / Wallet,1,0,TXN_102787,CUST_12787
21,Checking,Payment,Retail,137.42,9.08,0.0,0,Tokyo,Mobile App,Debit Card,0,0,TXN_100080,CUST_10080
58,Business,Withdrawal,Retail,45.54,26905.14,26859.6,9,Tokyo,Mobile App,Debit Card,0,1,TXN_106317,CUST_16317
34,Savings,Withdrawal,Travel,26.87,25404.3,25377.43,9,Toronto,ATM,UPI / Wallet,0,0,TXN_102006,CUST_12006
30,Checking,Withdrawal,Travel,131.63,15379.95,15248.32,7,Tokyo,ATM,Debit Card,0,0,TXN_100397,CUST_10397
54,Credit,Payment,Electronics,557.31,15167.01,14609.7,8,Tokyo,ATM,UPI / Wallet,0,0,TXN_106758,CUST_16758
51,Credit,Deposit,Travel,87.5,22672.2,22584.7,12,Berlin,Mobile App,UPI / Wallet,0,1,TXN_103158,CUST_13158
57,Credit,Deposit,Entertainment,32.78,28042.75,28009.97,12,London,ATM,Credit Card,0,0,TXN_105855,CUST_15855
44,Credit,Payment,Utilities,59.02,2533.97,2474.95,12,Berlin,Mobile App,Credit Card,0,0,TXN_101972,CUST_11972
29,Savings,Withdrawal,Entertainment,19.54,21606.61,21737.07,1,New York,Mobile App,Credit Card,1,0,TXN_101567,CUST_11567
60,Savings,Withdrawal,Utilities,229.54,16039.06,15809.52,19,Tokyo,POS Terminal,Debit Card,0,0,TXN_103526,CUST_13526
43,Checking,Payment,Electronics,367.66,25117.28,24749.62,18,Tokyo,ATM,Debit Card,0,0,TXN_100979,CUST_10979
26,Credit,Transfer,Entertainment,111.56,19951.08,19839.52,13,New York,ATM,Credit Card,0,0,TXN_106355,CUST_16355
32,Checking,Payment,Electronics,58.54,26621.93,26563.39,4,Singapore,ATM,Wire Transfer,0,0,TXN_100265,CUST_10265
75,Business,Withdrawal,Groceries,529.38,23203.23,22673.85,4,Toronto,Mobile App,UPI / Wallet,0,1,TXN_106409,CUST_16409
26,Business,Payment,Utilities,32.89,25000.01,24967.12,14,Mumbai,Web Browser,Credit Card,1,0,TXN_105444,CUST_15444
46,Savings,Payment,Travel,28.6,1816.12,1937.52,13,London,Mobile App,Wire Transfer,0,0,TXN_104077,CUST_14077
23,Business,Payment,Utilities,163.46,17869.15,17705.69,1,Toronto,Web Browser,Wire Transfer,0,0,TXN_101760,CUST_11760
63,Savings,Payment,Entertainment,37.11,13939.36,13902.25,2,Mumbai,Web Browser,Debit Card,0,0,TXN_100490,CUST_10490
46,Savings,Withdrawal,Retail,318.94,19901.87,19582.93,23,Mumbai,ATM,Debit Card,1,0,TXN_100004,CUST_10004
21,Savings,Payment,Retail,57.85,27262.71,27204.86,14,London,Web Browser,UPI / Wallet,0,0,TXN_101209,CUST_11209
24,Checking,Transfer,Retail,225.65,19352.62,19126.97,8,Berlin,ATM,Credit Card,0,0,TXN_101908,CUST_11908
27,Savings,Withdrawal,Utilities,5.27,4775.8,4770.53,15,Toronto,Mobile App,Debit Card,0,0,TXN_101632,CUST_11632
51,Checking,Deposit,Utilities,62.4,4282.75,4370.35,19,Mumbai,Mobile App,UPI / Wallet,0,0,TXN_105545,CUST_15545
19,Checking,Withdrawal,Retail,147.45,25217.65,25070.2,12,New York,Mobile App,Wire Transfer,0,0,TXN_100190,CUST_10190
18,Savings,Payment,Groceries,103.96,2954.45,2850.49,20,Berlin,POS Terminal,Wire Transfer,0,0,TXN_106722,CUST_16722
18,Savings,Transfer,Retail,83.2,10532.99,10449.79,3,Berlin,Web Browser,UPI / Wallet,0,0,TXN_103680,CUST_13680
31,Business,Deposit,Groceries,20.57,1938.36,1917.79,17,New York,POS Terminal,Credit Card,0,0,TXN_106919,CUST_16919
67,Savings,Withdrawal,Entertainment,135.58,22883.68,22748.1,6,Mumbai,Web Browser,Wire Transfer,0,0,TXN_104251,CUST_14251
34,Business,Transfer,Groceries,81.47,16534.3,16452.83,11,Singapore,Mobile App,UPI / Wallet,0,0,TXN_105182,CUST_15182
22,Credit,Transfer,Groceries,3.51,17903.12,17899.61,6,Toronto,POS Terminal,Credit Card,0,0,TXN_104685,CUST_14685
74,Checking,Payment,Travel,3.8,5145.59,5141.79,22,New York,Mobile App,Debit Card,0,0,TXN_105630,CUST_15630
18,Savings,Payment,Retail,120.77,13684.66,13563.89,3,Toronto,ATM,Debit Card,1,0,TXN_101140,CUST_11140
46,Savings,Transfer,Travel,76.15,20522.39,20596.24,21,Mumbai,Web Browser,Credit Card,0,0,TXN_101963,CUST_11963
43,Credit,Transfer,Entertainment,50.52,23632.04,23581.52,5,Mumbai,Mobile App,Debit Card,0,0,TXN_103880,CUST_13880
78,Checking,Withdrawal,Retail,140.18,7778.1,7637.92,14,Singapore,POS Terminal,Debit Card,0,1,TXN_100932,CUST_10932
27,Checking,Transfer,Entertainment,44.43,22127.12,22082.69,6,Tokyo,Web Browser,UPI / Wallet,0,0,TXN_100018,CUST_10018
41,Savings,Payment,Retail,66.19,19368.34,19302.15,19,Tokyo,POS Terminal,Debit Card,0,0,TXN_106845,CUST_16845
32,Checking,Transfer,Electronics,107.79,13880.47,13772.68,7,Berlin,Mobile App,UPI / Wallet,0,0,TXN_101433,CUST_11433
33,Savings,Deposit,Groceries,13.44,6904.97,6891.53,11,Toronto,ATM,Wire Transfer,0,0,TXN_105747,CUST_15747
28,Business,Transfer,Travel,425.14,26017.46,25592.32,5,Tokyo,Web Browser,Debit Card,0,0,TXN_105063,CUST_15063
58,Credit,Payment,Electronics,11.74,23993.31,23981.57,15,Toronto,Web Browser,UPI / Wallet,0,0,TXN_105844,CUST_15844
62,Business,Withdrawal,Travel,116.22,25568.64,25452.42,7,New York,ATM,Wire Transfer,0,0,TXN_103318,CUST_13318
63,Business,Transfer,Retail,18.01,11961.82,11943.81,6,Toronto,Web Browser,Debit Card,0,0,TXN_102582,CUST_12582
32,Credit,Transfer,Retail,365.49,25488.08,25122.59,11,Berlin,Mobile App,Debit Card,0,0,TXN_103161,CUST_13161
60,Savings,Transfer,Groceries,375.25,9608.05,9232.8,7,Berlin,Mobile App,Wire Transfer,1,0,TXN_102998,CUST_12998
36,Savings,Payment,Utilities,95.63,20177.06,20081.43,17,New York,ATM,UPI / Wallet,0,0,TXN_101340,CUST_11340
79,Savings,Payment,Travel,165.91,3830.82,3664.91,4,Mumbai,Web Browser,Wire Transfer,0,0,TXN_104097,CUST_14097
68,Checking,Payment,Groceries,210.5,907.73,697.23,0,Mumbai,POS Terminal,UPI / Wallet,0,0,TXN_102210,CUST_12210
44,Credit,Transfer,Groceries,80.35,21794.54,21714.19,20,Tokyo,Mobile App,Debit Card,0,0,TXN_104168,CUST_14168
18,Credit,Withdrawal,Groceries,141.08,11974.8,11833.72,20,Tokyo,POS Terminal,UPI / Wallet,0,0,TXN_105514,CUST_15514
64,Checking,Withdrawal,Travel,60.21,22005.98,21945.77,21,Tokyo,ATM,Debit Card,0,0,TXN_102765,CUST_12765
28,Business,Withdrawal,Entertainment,222.59,15763.07,15540.48,15,Singapore,ATM,Credit Card,1,0,TXN_103789,CUST_13789
50,Checking,Withdrawal,Retail,67.01,25777.64,25710.63,14,New York,Mobile App,Debit Card,0,0,TXN_103864,CUST_13864
66,Savings,Payment,Entertainment,13.26,18100.26,18087.0,18,New York,POS Terminal,Debit Card,0,0,TXN_100375,CUST_10375
46,Savings,Payment,Groceries,163.69,22658.26,22494.57,2,Toronto,POS Terminal,Credit Card,0,1,TXN_104982,CUST_14982
40,Checking,Transfer,Entertainment,22.25,14016.54,13994.29,22,Tokyo,POS Terminal,UPI / Wallet,0,0,TXN_101633,CUST_11633
45,Checking,Payment,Entertainment,33.44,25007.14,24973.7,10,New York,Mobile App,Debit Card,0,0,TXN_105211,CUST_15211
38,Checking,Payment,Electronics,112.8,22127.51,22014.71,20,Tokyo,POS Terminal,Debit Card,0,0,TXN_100757,CUST_10757
32,Credit,Withdrawal,Electronics,124.46,27317.33,27192.87,23,Berlin,ATM,Credit Card,0,0,TXN_100867,CUST_10867
18,Checking,Payment,Entertainment,151.04,28130.78,27979.74,11,Singapore,Web Browser,Wire Transfer,0,0,TXN_100246,CUST_10246
66,Credit,Transfer,Travel,153.27,17688.46,17535.19,13,Berlin,POS Terminal,Debit Card,0,0,TXN_105302,CUST_15302
44,Checking,Withdrawal,Entertainment,167.08,9816.08,9649.0,6,Mumbai,Mobile App,Debit Card,0,0,TXN_102988,CUST_12988
44,Savings,Withdrawal,Travel,10.76,24360.1,24349.34,18,Tokyo,Mobile App,Debit Card,0,0,TXN_104945,CUST_14945
41,Savings,Payment,Travel,108.92,16252.98,16144.06,5,Singapore,POS Terminal,Debit Card,0,0,TXN_103519,CUST_13519
22,Savings,Payment,Groceries,342.33,24819.41,24477.08,15,Singapore,Web Browser,UPI / Wallet,0,0,TXN_106954,CUST_16954
42,Savings,Transfer,Utilities,138.49,26169.8,26031.31,5,Tokyo,ATM,Debit Card,0,0,TXN_104697,CUST_14697
54,Savings,Transfer,Retail,14.11,23342.81,23328.7,13,Berlin,POS Terminal,Wire Transfer,0,0,TXN_100002,CUST_10002
36,Credit,Withdrawal,Retail,66.51,10122.05,10055.54,6,Tokyo,Mobile App,Debit Card,0,0,TXN_106251,CUST_16251
34,Business,Withdrawal,Utilities,203.24,22153.57,21950.33,14,Singapore,Mobile App,UPI / Wallet,0,0,TXN_101052,CUST_11052
31,Savings,Payment,Entertainment,316.08,24174.27,23858.19,21,Toronto,ATM,Debit Card,0,0,TXN_103260,CUST_13260
44,Savings,Withdrawal,Travel,10.76,24360.1,24349.34,18,Tokyo,Mobile App,Debit Card,0,0,TXN_104945,CUST_14945
23,Business,Payment,Utilities,163.46,17869.15,17705.69,1,Toronto,Web Browser,Wire Transfer,0,0,TXN_101760,CUST_11760
20,Savings,Withdrawal,Entertainment,41.35,9935.32,9893.97,19,Mumbai,Web Browser,Credit Card,0,0,TXN_106609,CUST_16609
58,Savings,Withdrawal,Retail,3.4,16803.28,16799.88,1,New York,Mobile App,Debit Card,0,0,TXN_104114,CUST_14114
18,Checking,Deposit,Retail,442.0,4412.35,3970.35,3,London,Mobile App,Credit Card,0,0,TXN_102140,CUST_12140
54,Savings,Transfer,Electronics,141.84,26207.23,26065.39,8,London,Mobile App,Debit Card,0,0,TXN_102126,CUST_12126
62,Savings,Transfer,Utilities,35.68,22962.86,22927.18,0,Toronto,ATM,Debit Card,0,0,TXN_102330,CUST_12330
39,Checking,Transfer,Retail,24.92,12950.89,12925.97,16,Tokyo,Web Browser,Credit Card,0,0,TXN_101713,CUST_11713
72,Checking,Payment,Utilities,160.9,23012.4,22851.5,4,Mumbai,Mobile App,Wire Transfer,0,0,TXN_103902,CUST_13902
63,Checking,Withdrawal,Travel,156.52,21484.3,21327.78,7,Singapore,Web Browser,UPI / Wallet,0,0,TXN_104758,CUST_14758
60,Credit,Transfer,Electronics,36.35,25010.6,24974.25,7,Berlin,Mobile App,Wire Transfer,0,0,TXN_103804,CUST_13804
62,Checking,Transfer,Electronics,491.66,18930.57,18438.91,17,Mumbai,ATM,Debit Card,0,0,TXN_101161,CUST_11161
49,Checking,Payment,Utilities,141.1,12406.06,12264.96,17,London,ATM,Debit Card,1,0,TXN_105056,CUST_15056
26,Savings,Deposit,Retail,127.54,22113.78,21986.24,13,London,Web Browser,UPI / Wallet,1,0,TXN_106788,CUST_16788
23,Checking,Payment,Travel,45.69,10584.96,10539.27,16,Berlin,POS Terminal,Wire Transfer,0,0,TXN_105821,CUST_15821
47,Savings,Transfer,Utilities,23.79,9324.11,9300.32,7,Toronto,Mobile App,Wire Transfer,0,0,TXN_106830,CUST_16830
26,Checking,Deposit,Travel,31.99,27297.08,27265.09,0,Singapore,Web Browser,Debit Card,0,0,TXN_101874,CUST_11874
53,Business,Transfer,Retail,401.94,17304.7,16902.76,0,Tokyo,POS Terminal,UPI / Wallet,1,0,TXN_100997,CUST_10997
23,Savings,Transfer,Travel,328.36,9888.37,9560.01,9,New York,Mobile App,Debit Card,0,0,TXN_106437,CUST_16437
37,Checking,Payment,Groceries,48.34,28318.1,28269.76,20,New York,Mobile App,UPI / Wallet,0,0,TXN_102388,CUST_12388
45,Credit,Transfer,Retail,20.1,21968.69,21948.59,9,London,ATM,Debit Card,0,0,TXN_101964,CUST_11964
30,Savings,Withdrawal,Groceries,17.73,24638.13,24620.4,5,Singapore,ATM,Debit Card,0,0,TXN_104668,CUST_14668
30,Checking,Payment,Travel,175.97,12068.57,11892.6,15,Mumbai,POS Terminal,Credit Card,0,0,TXN_102141,CUST_12141
67,Checking,Transfer,Entertainment,468.3,14883.47,14415.17,15,Singapore,ATM,Debit Card,0,0,TXN_102102,CUST_12102
20,Savings,Payment,Electronics,211.97,25983.2,25771.23,18,Tokyo,ATM,Wire Transfer,0,0,TXN_100263,CUST_10263
62,Savings,Deposit,Travel,173.86,21281.8,21257.94,14,Singapore,Mobile App,Debit Card,1,0,TXN_101103,CUST_11103
65,Checking,Payment,Retail,269.27,14634.82,14365.55,13,New York,POS Terminal,Debit Card,0,0,TXN_103977,CUST_13977
46,Business,Transfer,Groceries,21.54,10323.09,10301.55,22,Mumbai,Mobile App,Wire Transfer,0,0,TXN_105941,CUST_15941
31,Savings,Transfer,Retail,381.87,17417.08,17185.21,17,New York,Web Browser,Debit Card,0,0,TXN_104336,CUST_14336
46,Checking,Transfer,Travel,34.68,24669.63,24634.95,9,Mumbai,POS Terminal,Wire Transfer,0,0,TXN_106687,CUST_16687
24,Checking,Transfer,Travel,12.34,25366.45,25354.11,22,Singapore,Web Browser,Wire Transfer,0,0,TXN_105176,CUST_15176
18,Savings,Transfer,Utilities,72.57,23675.96,23603.39,5,Mumbai,Mobile App,Debit Card,0,0,TXN_102451,CUST_12451
40,Savings,Payment,Groceries,49.55,11187.8,11138.25,22,Mumbai,Web Browser,Debit Card,0,0,TXN_101893,CUST_11893
37,Savings,Deposit,Travel,66.49,15461.66,15395.17,14,Tokyo,POS Terminal,Debit Card,0,0,TXN_102294,CUST_12294
66,Savings,Payment,Entertainment,386.5,22530.29,22143.79,16,Berlin,Mobile App,Debit Card,0,0,TXN_105505,CUST_15505
66,Checking,Withdrawal,Travel,98.75,20697.19,20598.44,20,New York,ATM,UPI / Wallet,0,0,TXN_100154,CUST_10154
70,Savings,Transfer,Entertainment,391.93,19785.98,19394.05,18,Tokyo,ATM,Wire Transfer,0,0,TXN_106749,CUST_16749
41,Savings,Transfer,Entertainment,216.17,7732.5,7516.33,0,Tokyo,POS Terminal,UPI / Wallet,1,1,TXN_101736,CUST_11736
33,Savings,Withdrawal,Retail,299.03,23204.67,22905.64,17,Mumbai,Web Browser,Wire Transfer,0,0,TXN_101562,CUST_11562
19,Credit,Transfer,Travel,124.08,19688.39,19564.31,7,Mumbai,ATM,Debit Card,0,0,TXN_101786,CUST_11786
22,Savings,Transfer,Groceries,18.65,15492.32,15473.67,20,Toronto,POS Terminal,Credit Card,0,0,TXN_100879,CUST_10879
68,Credit,Payment,Entertainment,31.33,23054.34,23023.01,21,Tokyo,Web Browser,Wire Transfer,0,0,TXN_106040,CUST_16040
66,Checking,Payment,Retail,4.85,9792.73,9787.88,1,Mumbai,Mobile App,UPI / Wallet,0,0,TXN_105539,CUST_15539
61,Savings,Transfer,Utilities,35.86,7919.2,7883.34,6,Toronto,ATM,Credit Card,0,1,TXN_104761,CUST_14761
63,Savings,Transfer,Electronics,21.59,12586.92,12565.33,0,Berlin,Web Browser,Debit Card,0,0,TXN_100526,CUST_10526
74,Credit,Transfer,Travel,44.82,19639.16,19594.34,14,Berlin,Web Browser,UPI / Wallet,0,0,TXN_101526,CUST_11526
72,Savings,Withdrawal,Electronics,19.63,15006.75,14987.12,23,Berlin,Mobile App,UPI / Wallet,0,0,TXN_100615,CUST_10615
26,Checking,Withdrawal,Travel,137.25,25060.64,24923.39,0,Toronto,Mobile App,Debit Card,0,1,TXN_105017,CUST_15017
68,Savings,Withdrawal,Entertainment,257.34,16967.05,16709.71,22,Tokyo,Mobile App,Credit Card,0,0,TXN_101707,CUST_11707
67,Savings,Payment,Entertainment,177.51,26313.4,26135.89,11,Toronto,POS Terminal,UPI / Wallet,0,0,TXN_105782,CUST_15782
75,Credit,Transfer,Entertainment,98.5,24057.44,23958.94,8,Tokyo,Web Browser,UPI / Wallet,0,0,TXN_100469,CUST_10469
22,Checking,Payment,Retail,92.83,20963.62,20870.79,1,Tokyo,Mobile App,Credit Card,0,0,TXN_100213,CUST_10213
20,Savings,Withdrawal,Electronics,4.28,23107.02,23102.74,21,London,ATM,Debit Card,0,0,TXN_102258,CUST_12258
62,Checking,Payment,Entertainment,138.94,21800.75,21661.81,21,New York,Mobile App,Wire Transfer,0,0,TXN_101233,CUST_11233
31,Savings,Deposit,Groceries,349.94,24725.48,24375.54,13,Mumbai,Web Browser,Credit Card,0,0,TXN_105420,CUST_15420
58,Checking,Payment,Electronics,510.28,23330.55,22820.27,8,Toronto,Web Browser,Debit Card,0,0,TXN_103112,CUST_13112
18,Business,Transfer,Retail,273.88,22563.45,22289.57,5,Mumbai,Web Browser,Debit Card,0,0,TXN_106370,CUST_16370
18,Checking,Deposit,Retail,159.45,24991.96,24832.51,22,Mumbai,Mobile App,Wire Transfer,0,0,TXN_103305,CUST_13305
18,Savings,Transfer,Utilities,59.67,21263.48,21203.81,18,Tokyo,Web Browser,Debit Card,0,0,TXN_101370,CUST_11370
36,Savings,Deposit,Electronics,177.17,23673.57,23496.4,2,Berlin,Mobile App,UPI / Wallet,0,0,TXN_102269,CUST_12269
30,Checking,Transfer,Retail,46.46,19379.23,19332.77,23,Toronto,Web Browser,UPI / Wallet,0,0,TXN_101819,CUST_11819
26,Business,Transfer,Entertainment,1.82,24332.18,24330.36,16,Tokyo,ATM,Debit Card,0,0,TXN_102865,CUST_12865
18,Savings,Withdrawal,Utilities,41.98,22390.73,22348.75,17,Tokyo,ATM,Credit Card,0,0,TXN_106577,CUST_16577
21,Savings,Payment,Retail,196.88,4326.77,4129.89,11,Mumbai,Mobile App,Debit Card,0,0,TXN_101546,CUST_11546
31,Savings,Transfer,Groceries,56.56,2253.75,2197.19,8,Toronto,Mobile App,Debit Card,0,0,TXN_106392,CUST_16392
66,Savings,Withdrawal,Retail,8.71,21638.54,21629.83,20,Toronto,Mobile App,Debit Card,0,0,TXN_100570,CUST_10570
20,Savings,Withdrawal,Entertainment,163.01,19429.15,19266.14,13,Mumbai,Mobile App,Credit Card,0,0,TXN_104293,CUST_14293
71,Checking,Payment,Entertainment,154.13,24356.44,24202.31,11,Singapore,POS Terminal,Debit Card,0,1,TXN_100888,CUST_10888
62,Credit,Payment,Retail,13.22,17736.6,17723.38,22,Tokyo,Web Browser,Wire Transfer,0,0,TXN_101008,CUST_11008
41,Savings,Transfer,Entertainment,556.33,12233.6,11827.27,19,London,ATM,Debit Card,0,0,TXN_105376,CUST_15376
57,Savings,Payment,Retail,153.68,12551.1,12397.42,8,Toronto,Mobile App,UPI / Wallet,0,0,TXN_105332,CUST_15332
52,Business,Transfer,Retail,36.08,2775.71,2739.63,19,Singapore,Web Browser,Credit Card,0,0,TXN_105025,CUST_15025
60,Business,Payment,Groceries,0.8,14462.16,14461.36,17,Mumbai,ATM,Wire Transfer,0,0,TXN_106192,CUST_16192
67,Savings,Deposit,Entertainment,102.17,29005.8,28903.63,4,Tokyo,ATM,UPI / Wallet,0,0,TXN_100175,CUST_10175
53,Business,Deposit,Electronics,144.48,6286.65,6142.17,11,Tokyo,POS Terminal,Debit Card,0,0,TXN_102291,CUST_12291
24,Checking,Payment,Utilities,84.73,26842.44,26757.71,19,Tokyo,Web Browser,Wire Transfer,0,0,TXN_106391,CUST_16391
30,Checking,Payment,Travel,100.94,13168.34,13067.4,9,London,Mobile App,Debit Card,0,0,TXN_104279,CUST_14279
57,Checking,Deposit,Groceries,228.5,19513.75,19285.25,1,Tokyo,ATM,UPI / Wallet,0,0,TXN_101683,CUST_11683
25,Savings,Transfer,Groceries,26.94,3083.85,3206.91,23,Tokyo,Mobile App,UPI / Wallet,0,1,TXN_103000,CUST_13000
19,Checking,Payment,Electronics,511.53,25074.06,24562.53,3,Toronto,ATM,Debit Card,0,0,TXN_103149,CUST_13149
25,Savings,Transfer,Electronics,112.95,22033.25,21920.3,15,Mumbai,ATM,Debit Card,0,0,TXN_100095,CUST_10095
18,Checking,Payment,Utilities,44.5,23512.81,23468.31,23,Toronto,Mobile App,Wire Transfer,0,0,TXN_101752,CUST_11752
62,Checking,Transfer,Groceries,63.64,1080.2,1016.56,23,Tokyo,POS Terminal,Wire Transfer,0,0,TXN_105529,CUST_15529
46,Checking,Payment,Groceries,238.26,27022.81,26784.55,22,Singapore,Mobile App,Wire Transfer,0,0,TXN_106822,CUST_16822
19,Savings,Deposit,Retail,269.62,20805.26,20535.64,7,Berlin,Mobile App,Debit Card,1,0,TXN_102421,CUST_12421
42,Business,Transfer,Utilities,81.27,4604.6,4523.33,20,Tokyo,Mobile App,Debit Card,0,0,TXN_102128,CUST_12128
34,Credit,Transfer,Groceries,137.6,3807.85,3670.25,18,Mumbai,Mobile App,UPI / Wallet,0,0,TXN_104314,CUST_14314
72,Credit,Payment,Utilities,162.74,18143.33,17980.59,13,Singapore,Web Browser,Wire Transfer,0,0,TXN_103462,CUST_13462
39,Credit,Deposit,Entertainment,139.15,22643.97,22504.82,23,New York,Web Browser,UPI / Wallet,0,1,TXN_104070,CUST_14070
18,Credit,Transfer,Utilities,88.95,1005.53,916.58,23,Toronto,Web Browser,Wire Transfer,1,0,TXN_101764,CUST_11764
62,Savings,Transfer,Utilities,109.68,8576.77,8467.09,16,Toronto,Web Browser,Debit Card,1,0,TXN_105819,CUST_15819
41,Savings,Withdrawal,Electronics,24.72,21084.29,21059.57,1,Berlin,Mobile App,Debit Card,0,0,TXN_103325,CUST_13325
60,Savings,Transfer,Groceries,65.1,4012.24,3947.14,15,Berlin,Web Browser,UPI / Wallet,0,1,TXN_105862,CUST_15862
39,Checking,Transfer,Electronics,210.58,3580.92,3370.34,11,Singapore,Web Browser,Wire Transfer,0,1,TXN_104907,CUST_14907
45,Checking,Transfer,Groceries,49.03,17248.55,17199.52,11,Mumbai,Web Browser,Debit Card,0,0,TXN_103121,CUST_13121
69,Checking,Payment,Electronics,231.3,17415.49,17184.19,3,Toronto,Mobile App,Debit Card,0,0,TXN_106247,CUST_16247
19,Savings,Deposit,Entertainment,33.8,20739.08,20705.28,15,Mumbai,POS Terminal,Wire Transfer,0,0,TXN_101780,CUST_11780
22,Savings,Payment,Travel,110.67,21403.06,21292.39,21,Singapore,POS Terminal,Credit Card,0,0,TXN_106086,CUST_16086
56,Checking,Transfer,Travel,174.56,8330.52,8155.96,9,Berlin,Web Browser,Debit Card,0,0,TXN_100303,CUST_10303
35,Savings,Payment,Travel,24.47,9442.25,9567.78,7,Toronto,Web Browser,Debit Card,0,0,TXN_103545,CUST_13545
19,Business,Transfer,Electronics,21.21,4283.93,4262.72,2,Singapore,Mobile App,Credit Card,1,0,TXN_102506,CUST_12506
18,Credit,Transfer,Electronics,231.62,25375.1,25143.48,14,Tokyo,ATM,Debit Card,0,1,TXN_106122,CUST_16122
23,Checking,Deposit,Retail,86.36,24468.62,24382.26,16,Mumbai,Mobile App,Debit Card,1,0,TXN_104826,CUST_14826
62,Checking,Payment,Utilities,170.62,25206.44,25035.82,3,Berlin,Mobile App,Credit Card,1,0,TXN_103448,CUST_13448
50,Checking,Transfer,Travel,123.37,20594.04,20470.67,10,Tokyo,POS Terminal,UPI / Wallet,0,0,TXN_103212,CUST_13212
61,Savings,Deposit,Electronics,314.04,24292.33,23978.29,12,Tokyo,ATM,Debit Card,0,0,TXN_100126,CUST_10126
33,Checking,Withdrawal,Travel,239.95,22083.04,21843.09,6,New York,Web Browser,Debit Card,0,0,TXN_104425,CUST_14425
64,Checking,Transfer,Electronics,29.4,20943.98,20914.58,11,Toronto,Web Browser,Debit Card,0,0,TXN_104068,CUST_14068
18,Checking,Deposit,Electronics,298.63,15051.2,14752.57,19,New York,ATM,UPI / Wallet,0,0,TXN_106603,CUST_16603
57,Checking,Deposit,Retail,77.37,25860.22,25782.85,11,Mumbai,Web Browser,Debit Card,0,0,TXN_100173,CUST_10173
18,Business,Payment,Utilities,436.3,23312.58,22876.28,18,Tokyo,ATM,Wire Transfer,0,0,TXN_105576,CUST_15576
26,Checking,Deposit,Entertainment,542.18,25345.83,24803.65,21,Mumbai,Mobile App,Credit Card,0,0,TXN_101891,CUST_11891
18,Business,Transfer,Groceries,175.53,21538.62,21363.09,3,Berlin,Web Browser,UPI / Wallet,0,0,TXN_106702,CUST_16702
71,Checking,Deposit,Travel,566.97,14322.31,13755.34,23,Berlin,POS Terminal,UPI / Wallet,0,0,TXN_103529,CUST_13529
49,Savings,Withdrawal,Travel,525.08,14198.47,13673.39,3,Singapore,Web Browser,Wire Transfer,0,1,TXN_106081,CUST_16081
66,Savings,Withdrawal,Groceries,99.4,20360.02,20260.62,8,Mumbai,Web Browser,UPI / Wallet,0,0,TXN_106790,CUST_16790
74,Credit,Deposit,Groceries,118.3,2003.63,1885.33,23,Toronto,Web Browser,Debit Card,0,0,TXN_102135,CUST_12135
18,Checking,Transfer,Travel,144.16,25941.45,25797.29,15,Mumbai,ATM,Credit Card,0,0,TXN_100682,CUST_10682
21,Savings,Transfer,Electronics,279.57,11901.31,11621.74,8,Mumbai,Web Browser,Debit Card,0,0,TXN_104296,CUST_14296
21,Checking,Transfer,Groceries,90.44,23249.43,23158.99,22,Mumbai,ATM,Wire Transfer,0,0,TXN_106253,CUST_16253
34,Checking,Payment,Retail,244.06,23963.44,23719.38,5,Tokyo,Web Browser,Wire Transfer,0,0,TXN_103597,CUST_13597
71,Checking,Deposit,Utilities,347.36,19783.5,19436.14,0,Tokyo,Web Browser,Debit Card,0,0,TXN_103438,CUST_13438
43,Checking,Transfer,Retail,48.8,22934.67,22885.87,10,Berlin,ATM,UPI / Wallet,0,0,TXN_100765,CUST_10765
31,Savings,Payment,Utilities,297.59,7880.38,7582.79,18,Tokyo,Web Browser,Debit Card,0,0,TXN_102847,CUST_12847
61,Checking,Transfer,Groceries,34.99,17717.08,17682.09,1,Singapore,Mobile App,Debit Card,0,0,TXN_104551,CUST_14551
63,Savings,Payment,Entertainment,37.11,13939.36,13902.25,2,Mumbai,Web Browser,Debit Card,0,0,TXN_100490,CUST_10490
22,Savings,Deposit,Travel,45.45,15583.13,15537.68,13,New York,Web Browser,Debit Card,1,0,TXN_104874,CUST_14874
55,Savings,Payment,Groceries,218.34,3440.13,3221.79,21,Mumbai,ATM,Credit Card,0,0,TXN_106239,CUST_16239
18,Checking,Transfer,Travel,43.23,27414.8,27371.57,16,Mumbai,POS Terminal,Credit Card,0,0,TXN_101491,CUST_11491
66,Savings,Transfer,Groceries,513.29,17043.94,16530.65,0,Berlin,POS Terminal,Credit Card,0,0,TXN_106568,CUST_16568
43,Checking,Payment,Electronics,367.66,25117.28,24749.62,18,Tokyo,ATM,Debit Card,0,0,TXN_100979,CUST_10979
63,Checking,Payment,Retail,34.59,24149.16,24114.57,1,Berlin,POS Terminal,UPI / Wallet,0,1,TXN_103332,CUST_13332
31,Credit,Transfer,Retail,256.16,23687.28,23431.12,13,Mumbai,POS Terminal,UPI / Wallet,0,0,TXN_104718,CUST_14718
61,Checking,Payment,Travel,69.68,24163.8,24094.12,1,Toronto,Web Browser,Debit Card,0,0,TXN_104299,CUST_14299
69,Checking,Deposit,Electronics,6.01,6582.74,6576.73,21,Toronto,ATM,Debit Card,0,0,TXN_106836,CUST_16836
18,Checking,Deposit,Retail,350.62,22061.63,21711.01,1,Singapore,Mobile App,UPI / Wallet,0,0,TXN_100279,CUST_10279
70,Checking,Transfer,Travel,218.12,19630.75,19412.63,23,Berlin,Web Browser,UPI / Wallet,0,0,TXN_102626,CUST_12626
59,Savings,Transfer,Travel,4.3,20018.82,20014.52,21,London,POS Terminal,Credit Card,0,0,TXN_103118,CUST_13118
62,Checking,Payment,Travel,87.95,26190.54,26102.59,22,Singapore,Mobile App,UPI / Wallet,0,0,TXN_101724,CUST_11724
52,Checking,Withdrawal,Electronics,31.51,4484.11,4452.6,2,Berlin,POS Terminal,UPI / Wallet,1,0,TXN_106794,CUST_16794
71,Checking,Deposit,Travel,566.97,14322.31,13755.34,23,Berlin,POS Terminal,UPI / Wallet,0,0,TXN_103529,CUST_13529
58,Savings,Payment,Groceries,17.09,4471.78,4454.69,18,Toronto,POS Terminal,UPI / Wallet,0,0,TXN_106987,CUST_16987
33,Credit,Transfer,Utilities,83.08,9226.78,9143.7,12,London,Web Browser,Credit Card,0,1,TXN_104128,CUST_14128
37,Credit,Withdrawal,Groceries,313.74,17617.64,17303.9,0,Mumbai,Web Browser,Debit Card,0,0,TXN_102401,CUST_12401
35,Checking,Payment,Travel,35.63,178.1,142.47,14,London,POS Terminal,Credit Card,0,0,TXN_105787,CUST_15787
19,Savings,Transfer,Groceries,369.99,18401.9,18031.91,21,Singapore,Mobile App,Debit Card,0,1,TXN_102130,CUST_12130
44,Credit,Transfer,Travel,150.24,10963.19,10812.95,2,Tokyo,Web Browser,Debit Card,0,0,TXN_103381,CUST_13381
62,Checking,Payment,Electronics,141.8,5686.98,5545.18,15,Mumbai,Mobile App,UPI / Wallet,0,0,TXN_105026,CUST_15026
43,Checking,Withdrawal,Travel,514.22,25936.25,25422.03,17,Mumbai,POS Terminal,Debit Card,0,0,TXN_103168,CUST_13168
44,Savings,Withdrawal,Retail,98.92,24476.22,24377.3,11,Tokyo,ATM,Debit Card,1,0,TXN_101177,CUST_11177
57,Savings,Transfer,Electronics,78.88,26525.29,26446.41,4,Toronto,POS Terminal,Debit Card,0,0,TXN_103708,CUST_13708
21,Business,Transfer,Entertainment,122.25,11387.33,11265.08,0,Tokyo,ATM,UPI / Wallet,0,1,TXN_101321,CUST_11321
67,Savings,Payment,Groceries,121.88,7282.86,7160.98,13,London,Mobile App,Debit Card,1,0,TXN_105926,CUST_15926
44,Checking,Payment,Entertainment,72.14,24034.18,23962.04,9,Singapore,ATM,Credit Card,0,0,TXN_105093,CUST_15093
53,Savings,Deposit,Groceries,145.72,12732.02,12586.3,9,Berlin,Mobile App,UPI / Wallet,1,0,TXN_103308,CUST_13308
62,Savings,Payment,Utilities,34.44,5389.87,5355.43,1,London,Mobile App,Credit Card,1,0,TXN_102032,CUST_12032
21,Business,Deposit,Entertainment,127.54,14189.98,14062.44,4,Mumbai,Web Browser,Debit Card,0,0,TXN_102331,CUST_12331
24,Savings,Withdrawal,Retail,100.06,22416.59,22316.53,17,Tokyo,Web Browser,Credit Card,0,0,TXN_103717,CUST_13717
20,Savings,Payment,Groceries,56.79,4370.72,4313.93,9,Tokyo,Web Browser,Debit Card,1,0,TXN_105751,CUST_15751
18,Savings,Transfer,Entertainment,164.99,8725.62,8560.63,3,London,Web Browser,Credit Card,0,0,TXN_104304,CUST_14304
21,Credit,Deposit,Groceries,1042.66,7511.26,6468.6,21,Mumbai,ATM,Debit Card,0,0,TXN_101414,CUST_11414
56,Credit,Transfer,Entertainment,122.22,16169.63,16047.41,10,Mumbai,POS Terminal,Wire Transfer,0,1,TXN_102207,CUST_12207
61,Savings,Deposit,Entertainment,83.95,12922.72,12838.77,14,Berlin,Web Browser,Debit Card,0,0,TXN_103314,CUST_13314
25,Checking,Transfer,Entertainment,27.27,25057.7,25030.43,10,Toronto,Mobile App,Debit Card,0,0,TXN_106594,CUST_16594
24,Checking,Transfer,Entertainment,10.38,24386.24,24375.86,19,Mumbai,POS Terminal,Credit Card,0,0,TXN_104098,CUST_14098
42,Credit,Deposit,Entertainment,26.68,24660.32,24633.64,19,London,Web Browser,UPI / Wallet,0,0,TXN_100921,CUST_10921
69,Savings,Payment,Entertainment,49.02,13425.25,13376.23,16,Tokyo,Web Browser,Debit Card,1,0,TXN_103735,CUST_13735
72,Business,Payment,Travel,26.83,12414.6,12387.77,17,Mumbai,Mobile App,UPI / Wallet,0,0,TXN_101090,CUST_11090
60,Checking,Transfer,Entertainment,917.16,22364.94,21447.78,7,Mumbai,ATM,Debit Card,0,1,TXN_102167,CUST_12167
23,Credit,Payment,Electronics,9.59,23891.88,23882.29,14,London,Web Browser,Debit Card,0,0,TXN_104548,CUST_14548
32,Business,Transfer,Groceries,12.57,21500.36,21487.79,11,Mumbai,Mobile App,UPI / Wallet,1,0,TXN_103141,CUST_13141
49,Savings,Payment,Travel,79.23,26836.75,26757.52,12,Mumbai,POS Terminal,Debit Card,0,0,TXN_102354,CUST_12354
52,Checking,Withdrawal,Entertainment,42.58,5977.54,5934.96,20,Toronto,Web Browser,Debit Card,0,0,TXN_105760,CUST_15760
73,Business,Deposit,Groceries,67.06,24805.17,24738.11,18,Tokyo,ATM,Debit Card,0,0,TXN_100512,CUST_10512
65,Savings,Withdrawal,Entertainment,63.77,24970.73,24906.96,20,Berlin,Mobile App,UPI / Wallet,0,0,TXN_104720,CUST_14720
51,Credit,Deposit,Electronics,96.27,15454.3,15358.03,2,Mumbai,Web Browser,Debit Card,0,0,TXN_103191,CUST_13191
68,Checking,Deposit,Travel,65.13,1080.78,1015.65,16,New York,Web Browser,UPI / Wallet,0,0,TXN_105104,CUST_15104
66,Checking,Deposit,Groceries,219.92,16031.99,15962.07,12,Singapore,Mobile App,Debit Card,0,0,TXN_100127,CUST_10127
64,Savings,Payment,Groceries,55.34,23272.84,23217.5,11,Tokyo,ATM,UPI / Wallet,0,0,TXN_105243,CUST_15243
78,Credit,Transfer,Electronics,91.19,23289.98,23198.79,16,Mumbai,POS Terminal,Debit Card,0,0,TXN_103792,CUST_13792
70,Savings,Deposit,Travel,119.9,26447.12,26327.22,20,Tokyo,POS Terminal,UPI / Wallet,0,0,TXN_106165,CUST_16165
51,Checking,Deposit,Travel,41.14,6467.17,6426.03,10,Mumbai,POS Terminal,Wire Transfer,0,0,TXN_101147,CUST_11147
30,Checking,Payment,Travel,175.97,12068.57,11892.6,15,Mumbai,POS Terminal,Credit Card,0,0,TXN_102141,CUST_12141
25,Checking,Withdrawal,Groceries,65.05,11886.35,11821.3,11,Tokyo,Web Browser,UPI / Wallet,0,0,TXN_104405,CUST_14405
18,Checking,Transfer,Utilities,91.07,10287.77,10196.7,4,Toronto,ATM,Wire Transfer,0,0,TXN_102416,CUST_12416
26,Savings,Transfer,Travel,39.84,27048.65,27008.81,18,Tokyo,Mobile App,Debit Card,0,1,TXN_106382,CUST_16382
63,Credit,Payment,Utilities,172.93,25708.9,25535.97,13,London,Web Browser,UPI / Wallet,0,0,TXN_104995,CUST_14995
18,Checking,Withdrawal,Retail,33.58,26991.62,26958.04,2,Berlin,Mobile App,Debit Card,0,0,TXN_101774,CUST_11774
66,Checking,Payment,Utilities,31.65,17320.08,17288.43,15,Mumbai,Mobile App,Debit Card,0,0,TXN_106932,CUST_16932
71,Business,Withdrawal,Travel,19.41,23310.05,23440.64,15,London,ATM,Wire Transfer,1,0,TXN_101958,CUST_11958
18,Checking,Transfer,Groceries,265.8,17321.09,17205.29,19,Singapore,Web Browser,Debit Card,1,0,TXN_105648,CUST_15648
57,Credit,Transfer,Retail,124.78,19149.48,19024.7,12,New York,Mobile App,Credit Card,0,0,TXN_103620,CUST_13620
40,Checking,Transfer,Entertainment,437.74,25597.87,25160.13,16,Tokyo,ATM,Debit Card,1,0,TXN_100021,CUST_10021
24,Savings,Transfer,Retail,22.37,16985.26,16962.89,0,Tokyo,Mobile App,UPI / Wallet,0,1,TXN_104666,CUST_14666
48,Checking,Payment,Utilities,167.23,25454.14,25286.91,12,New York,Mobile App,Debit Card,0,0,TXN_105003,CUST_15003
57,Checking,Withdrawal,Utilities,72.42,17102.51,17030.09,10,Toronto,Mobile App,Debit Card,0,0,TXN_103896,CUST_13896
61,Checking,Withdrawal,Electronics,134.63,15215.97,15081.34,3,Berlin,ATM,Debit Card,0,0,TXN_106619,CUST_16619
35,Checking,Withdrawal,Utilities,106.81,21800.27,21693.46,1,Tokyo,Web Browser,Debit Card,0,0,TXN_100223,CUST_10223
40,Business,Transfer,Groceries,353.48,17894.56,17541.08,0,Tokyo,Mobile App,Debit Card,0,0,TXN_102030,CUST_12030
26,Checking,Payment,Utilities,108.82,5332.49,5223.67,13,London,ATM,Wire Transfer,0,0,TXN_101121,CUST_11121
63,Credit,Payment,Entertainment,77.67,23255.12,23177.45,18,Mumbai,POS Terminal,Wire Transfer,0,0,TXN_102909,CUST_12909
31,Savings,Transfer,Travel,13.55,20794.92,20781.37,21,Berlin,Mobile App,Wire Transfer,0,0,TXN_106635,CUST_16635
