WireReferenceID,SenderInstitution_BIC,BeneficiaryInstitution_BIC,OriginCountry,DestinationCountry,TransferAmount_EUR,CurrencyPair,TransferMessageStandard,KYC_CustomerRiskRating,SanctionScreeningResult,SettlementDuration_Minutes,AML_SuspiciousActivityFlag
SWIFT_W92771,DBSSHKHH,INGBNL2A,FR,DE,5519.41,EUR/AED,SEPA_Instant_Credit,Low_Risk,Clean_NoHit,26.66,0
SWIFT_W91412,HSBCGB2L,UBSWCHZH,DE,SG,867.03,USD/JPY,SWIFT_MT103,PEP_Politically_Exposed,Clean_NoHit,3.83,0
SWIFT_W92353,DBSSHKHH,FABAEADX,FR,DE,115021.59,EUR/GBP,SEPA_Instant_Credit,Low_Risk,Cleared_FalsePositive,163.37,0
SWIFT_W92221,DBSSHKHH,INGBNL2A,CH,DE,146821.67,EUR/INR,SEPA_Instant_Credit,Low_Risk,Cleared_FalsePositive,128.42,1
SWIFT_W91517,HDFCINBB,STANHKHH,AU,DE,25942.38,EUR/USD,SEPA_Instant_Credit,Low_Risk,Clean_NoHit,102.96,0
SWIFT_W92427,DBSSHKHH,INGBNL2A,GB,CH,42709.02,EUR/GBP,SEPA_Instant_Credit,Enhanced_Due_Diligence,Cleared_FalsePositive,195.06,0
SWIFT_W92824,HDFCINBB,INGBNL2A,SG,CH,4539.37,EUR/GBP,SWIFT_MT103,Enhanced_Due_Diligence,Clean_NoHit,162.86,0
SWIFT_W92839,HSBCGB2L,INGBNL2A,IN,SG,801.24,EUR/GBP,SWIFT_MT103,PEP_Politically_Exposed,Clean_NoHit,0.57,0
SWIFT_W92150,SANTRSMM,UBSWCHZH,AE,AU,1107.60,EUR/CHF,CHAPS_GBP,PEP_Politically_Exposed,Clean_NoHit,12.44,0
SWIFT_W92716,DEUTDEDD,STANHKHH,AU,CA,13360.74,EUR/AED,Fedwire_Funds,Enhanced_Due_Diligence,Clean_NoHit,27.56,0
SWIFT_W92566,DBSSHKHH,BCOPESMM,DE,CH,21862.66,EUR/CHF,SEPA_Instant_Credit,Enhanced_Due_Diligence,Cleared_FalsePositive,95.72,0
SWIFT_W92021,HSBCGB2L,UBSWCHZH,AU,CA,6697.60,EUR/CHF,ISO20022_pacs008,PEP_Politically_Exposed,Clean_NoHit,15.38,0
SWIFT_W91639,HSBCGB2L,STANHKHH,DE,SG,805.56,EUR/SGD,SWIFT_MT103,Standard_Risk,Clean_NoHit,0.85,0
SWIFT_W92639,DEUTDEDD,BCOPESMM,SG,DE,6238.54,EUR/CHF,SEPA_Instant_Credit,Enhanced_Due_Diligence,Clean_NoHit,115.21,0
SWIFT_W92865,HDFCINBB,STANHKHH,AE,AU,3750.99,EUR/AED,Fedwire_Funds,Enhanced_Due_Diligence,Clean_NoHit,12.44,0
SWIFT_W92777,HSBCGB2L,STANHKHH,CH,AU,5979.09,EUR/AED,ISO20022_pacs008,Enhanced_Due_Diligence,Clean_NoHit,27.16,0
SWIFT_W90978,HDFCINBB,SMBCJPJT,CH,GB,17827.06,EUR/SGD,SEPA_Instant_Credit,Standard_Risk,Clean_NoHit,28.94,0
SWIFT_W91984,DEUTDEDD,SBININBB,DE,ES,99035.23,EUR/USD,SEPA_Instant_Credit,Low_Risk,Clean_NoHit,136.22,0
SWIFT_W92634,DEUTDEDD,SBININBB,GB,CA,36152.08,EUR/CHF,SEPA_Instant_Credit,Enhanced_Due_Diligence,Cleared_FalsePositive,118.28,0
SWIFT_W91655,DBSSHKHH,SBININBB,CH,DE,194896.22,EUR/SGD,SEPA_Instant_Credit,Low_Risk,Cleared_FalsePositive,151.87,1
SWIFT_W92264,HDFCINBB,SMBCJPJT,CH,GB,865.99,EUR/CHF,SWIFT_MT103,Standard_Risk,Clean_NoHit,1.80,0
SWIFT_W90735,HSBCGB2L,STANHKHH,AE,GB,1503.39,USD/CAD,SWIFT_MT103,Standard_Risk,Clean_NoHit,5.77,0
SWIFT_W92233,DBSSHKHH,SBININBB,FR,DE,79239.04,EUR/JPY,SEPA_Instant_Credit,Enhanced_Due_Diligence,Cleared_FalsePositive,197.38,0
SWIFT_W91195,HSBCGB2L,UBSWCHZH,AU,CA,6818.41,EUR/GBP,ISO20022_pacs008,PEP_Politically_Exposed,Clean_NoHit,17.80,0
SWIFT_W92484,HDFCINBB,STANHKHH,AE,DE,3625.67,EUR/INR,SEPA_Instant_Credit,Standard_Risk,Clean_NoHit,8.78,0
SWIFT_W91291,HDFCINBB,STANHKHH,AU,ES,1943.15,USD/CAD,SWIFT_MT103,Standard_Risk,Clean_NoHit,10.71,0
SWIFT_W90606,HSBCGB2L,STANHKHH,AU,GB,2671.69,EUR/USD,SWIFT_MT103,Standard_Risk,Clean_NoHit,15.06,0
SWIFT_W92624,DEUTDEDD,INGBNL2A,DE,CA,25517.96,EUR/AED,ISO20022_pacs008,Enhanced_Due_Diligence,Cleared_FalsePositive,78.72,0
SWIFT_W92753,HSBCGB2L,SMBCJPJT,GB,AU,4712.95,EUR/AED,Fedwire_Funds,Enhanced_Due_Diligence,Clean_NoHit,11.43,0
SWIFT_W92592,DBSSHKHH,FABAEADX,AU,DE,69289.52,EUR/CHF,SEPA_Instant_Credit,PEP_Politically_Exposed,Cleared_FalsePositive,72.22,0
SWIFT_W91282,HDFCINBB,STANHKHH,AU,DE,28246.76,EUR/USD,SEPA_Instant_Credit,PEP_Politically_Exposed,Clean_NoHit,72.63,0
SWIFT_W92937,HSBCGB2L,SMBCJPJT,GB,JP,807.49,EUR/AED,SWIFT_MT103,PEP_Politically_Exposed,Clean_NoHit,0.78,0
SWIFT_W90959,SANTRSMM,UBSWCHZH,CH,SG,800.77,USD/CAD,SWIFT_MT103,Standard_Risk,Clean_NoHit,0.31,0
SWIFT_W92103,DEUTDEDD,RABONL2U,CH,CH,176889.38,EUR/INR,ISO20022_pacs008,Low_Risk,Cleared_FalsePositive,161.67,1
SWIFT_W92298,HDFCINBB,STANHKHH,AU,CA,42324.41,EUR/CHF,Fedwire_Funds,Low_Risk,Clean_NoHit,79.50,1
SWIFT_W92139,DEUTDEDD,FABAEADX,FR,JP,3914.51,EUR/GBP,SWIFT_MT103,Low_Risk,Clean_NoHit,54.65,0
SWIFT_W91039,SANTRSMM,UBSWCHZH,AU,US,800.54,USD/JPY,SWIFT_MT103,Standard_Risk,Clean_NoHit,0.23,0
SWIFT_W92445,DEUTDEDD,BCOPESMM,DE,ES,2714.23,EUR/GBP,SWIFT_MT103,Standard_Risk,Clean_NoHit,18.07,0
SWIFT_W92296,DEUTDEDD,BCOPESMM,DE,JP,1646.04,EUR/GBP,SWIFT_MT103,PEP_Politically_Exposed,Clean_NoHit,13.37,0
SWIFT_W92456,DEUTDEDD,SMBCJPJT,GB,CA,57921.62,EUR/GBP,ISO20022_pacs008,Enhanced_Due_Diligence,Clean_NoHit,79.35,0
SWIFT_W92895,HDFCINBB,RABONL2U,DE,CA,2563.55,EUR/AED,ISO20022_pacs008,Enhanced_Due_Diligence,Clean_NoHit,12.79,0
SWIFT_W91818,DEUTDEDD,RABONL2U,DE,GB,29717.77,EUR/JPY,SEPA_Instant_Credit,PEP_Politically_Exposed,Clean_NoHit,55.29,0
SWIFT_W92735,HDFCINBB,STANHKHH,GB,AU,10937.78,EUR/CHF,ISO20022_pacs008,Enhanced_Due_Diligence,Clean_NoHit,46.09,0
SWIFT_W92385,HDFCINBB,SMBCJPJT,DE,SG,994.32,EUR/GBP,SWIFT_MT103,PEP_Politically_Exposed,Clean_NoHit,3.31,0
SWIFT_W92365,DBSSHKHH,SMBCJPJT,AU,CH,83837.66,EUR/CHF,ISO20022_pacs008,Low_Risk,Cleared_FalsePositive,95.84,1
SWIFT_W92001,HDFCINBB,SMBCJPJT,CH,CA,150896.69,EUR/GBP,ISO20022_pacs008,Low_Risk,Cleared_FalsePositive,101.74,1
SWIFT_W90992,HDFCINBB,SMBCJPJT,CH,ES,15321.39,USD/CAD,SWIFT_MT103,PEP_Politically_Exposed,Clean_NoHit,41.97,0
SWIFT_W92791,HSBCGB2L,SMBCJPJT,SG,CH,1522.83,EUR/AED,SEPA_Instant_Credit,Enhanced_Due_Diligence,Clean_NoHit,11.66,0
SWIFT_W92552,HDFCINBB,STANHKHH,CH,AU,17412.22,EUR/AED,ISO20022_pacs008,Enhanced_Due_Diligence,Cleared_FalsePositive,45.30,0
SWIFT_W92459,HSBCGB2L,UBSWCHZH,AE,AU,6103.41,EUR/CHF,Fedwire_Funds,Low_Risk,Clean_NoHit,72.47,1
SWIFT_W92543,DBSSHKHH,FABAEADX,DE,GB,21760.68,EUR/CHF,SEPA_Instant_Credit,Low_Risk,Cleared_FalsePositive,56.71,0
SWIFT_W92852,DBSGSGSG,INGBNL2A,AE,DE,8046.38,EUR/CHF,SEPA_Instant_Credit,PEP_Politically_Exposed,Cleared_FalsePositive,21.13,0
SWIFT_W91337,DEUTDEDD,STANHKHH,DE,ES,11890.73,USD/CAD,SWIFT_MT103,Low_Risk,Clean_NoHit,44.93,0
SWIFT_W92655,HSBCGB2L,UBSWCHZH,GB,CH,3304.81,EUR/CHF,SEPA_Instant_Credit,Enhanced_Due_Diligence,Clean_NoHit,13.74,0
SWIFT_W92506,HDFCINBB,STANHKHH,AU,AU,12231.95,EUR/CHF,Fedwire_Funds,Enhanced_Due_Diligence,Cleared_FalsePositive,55.75,1
SWIFT_W91855,DBSSHKHH,SBININBB,DE,DE,290517.59,EUR/JPY,SEPA_Instant_Credit,Low_Risk,Cleared_FalsePositive,193.96,1
SWIFT_W92901,HDFCINBB,INGBNL2A,IN,AU,2491.21,EUR/AED,ISO20022_pacs008,Enhanced_Due_Diligence,Clean_NoHit,20.63,0
SWIFT_W92309,HSBCGB2L,INGBNL2A,NL,GB,846.08,EUR/SGD,SWIFT_MT103,PEP_Politically_Exposed,Clean_NoHit,4.86,0
SWIFT_W92881,HSBCGB2L,FABAEADX,SG,DE,869.16,EUR/AED,SWIFT_MT103,Low_Risk,Clean_NoHit,6.12,0
SWIFT_W92666,DBSSHKHH,FABAEADX,IN,CH,7877.51,EUR/CHF,SEPA_Instant_Credit,Enhanced_Due_Diligence,Cleared_FalsePositive,179.56,0
SWIFT_W92786,HDFCINBB,STANHKHH,AU,AU,6327.35,EUR/AED,Fedwire_Funds,Enhanced_Due_Diligence,Clean_NoHit,12.66,0
SWIFT_W92901,SANTRSMM,UBSWCHZH,GB,CH,814.17,EUR/AED,SEPA_Instant_Credit,Low_Risk,Clean_NoHit,0.46,0
SWIFT_W91522,HDFCINBB,STANHKHH,DE,JP,1958.63,USD/CAD,SWIFT_MT103,Low_Risk,Clean_NoHit,19.16,0
SWIFT_W92229,DBSSHKHH,INGBNL2A,DE,CH,86824.55,EUR/GBP,SEPA_Instant_Credit,Enhanced_Due_Diligence,Cleared_FalsePositive,167.88,1
SWIFT_W92002,DEUTDEDD,SBININBB,AU,SG,1325.47,EUR/SGD,SWIFT_MT103,Standard_Risk,Clean_NoHit,5.61,0
SWIFT_W92732,DEUTDEDD,INGBNL2A,NL,CA,14537.18,EUR/GBP,SEPA_Instant_Credit,Enhanced_Due_Diligence,Cleared_FalsePositive,186.14,0
SWIFT_W91178,SANTRSMM,UBSWCHZH,AU,SG,800.57,USD/JPY,SWIFT_MT103,Standard_Risk,Clean_NoHit,0.27,0
SWIFT_W91379,HDFCINBB,SMBCJPJT,DE,JP,1169.82,USD/CAD,SWIFT_MT103,PEP_Politically_Exposed,Clean_NoHit,7.48,0
SWIFT_W91235,HSBCGB2L,UBSWCHZH,CH,JP,1413.72,USD/JPY,SWIFT_MT103,Low_Risk,Clean_NoHit,15.44,0
SWIFT_W92746,DEUTDEDD,BARCGB22,SG,DE,2229.87,EUR/CHF,SWIFT_MT103,Enhanced_Due_Diligence,Clean_NoHit,89.58,0
SWIFT_W92939,HSBCGB2L,BCOPESMM,NL,CH,998.58,EUR/AED,SEPA_Instant_Credit,Enhanced_Due_Diligence,Clean_NoHit,9.55,0
SWIFT_W92763,HDFCINBB,STANHKHH,AU,AU,11073.92,EUR/AED,Fedwire_Funds,Low_Risk,Cleared_FalsePositive,23.48,0
SWIFT_W91559,HDFCINBB,SMBCJPJT,CH,CH,141390.19,EUR/INR,ISO20022_pacs008,Low_Risk,Cleared_FalsePositive,118.02,1
SWIFT_W91776,HSBCGB2L,STANHKHH,AE,CA,19462.81,EUR/GBP,Fedwire_Funds,PEP_Politically_Exposed,Clean_NoHit,54.29,0
SWIFT_W92696,DEUTDEDD,RABONL2U,IN,ES,4733.29,EUR/CHF,SEPA_Instant_Credit,Low_Risk,Clean_NoHit,18.40,0
SWIFT_W91901,DEUTDEDD,RABONL2U,IN,DE,37717.36,EUR/INR,SEPA_Instant_Credit,Low_Risk,Clean_NoHit,119.27,0
SWIFT_W91404,DEUTDEDD,SMBCJPJT,CH,GB,39665.90,EUR/USD,SWIFT_MT103,PEP_Politically_Exposed,Clean_NoHit,62.53,0
SWIFT_W92984,SANTRSMM,SMBCJPJT,SG,CA,829.14,EUR/AED,SEPA_Instant_Credit,Enhanced_Due_Diligence,Clean_NoHit,2.19,0
SWIFT_W91472,DBSSHKHH,FABAEADX,CH,GB,9506.86,EUR/INR,SWIFT_MT103,PEP_Politically_Exposed,Clean_NoHit,42.20,0
SWIFT_W91853,DEUTDEDD,RABONL2U,AU,SG,1978.40,EUR/USD,SWIFT_MT103,Standard_Risk,Clean_NoHit,12.70,0
SWIFT_W91724,DEUTDEDD,SBININBB,DE,CH,103263.76,EUR/SGD,SEPA_Instant_Credit,Low_Risk,Cleared_FalsePositive,128.04,0
SWIFT_W91267,HSBCGB2L,UBSWCHZH,CH,US,806.34,USD/CAD,SWIFT_MT103,Standard_Risk,Clean_NoHit,0.95,0
SWIFT_W91682,HSBCGB2L,STANHKHH,AU,SG,800.73,USD/JPY,SWIFT_MT103,Standard_Risk,Clean_NoHit,0.31,0
SWIFT_W92364,HDFCINBB,STANHKHH,AU,CA,40523.46,EUR/INR,ISO20022_pacs008,Low_Risk,Clean_NoHit,78.65,0
SWIFT_W92414,HSBCGB2L,STANHKHH,GB,GB,817.87,EUR/SGD,SWIFT_MT103,PEP_Politically_Exposed,Clean_NoHit,2.23,0
SWIFT_W91589,DEUTDEDD,SMBCJPJT,CH,ES,131455.92,EUR/USD,SEPA_Instant_Credit,Low_Risk,Cleared_FalsePositive,143.88,0
SWIFT_W92512,DEUTDEDD,RABONL2U,FR,CH,37537.44,EUR/CHF,SEPA_Instant_Credit,Enhanced_Due_Diligence,Cleared_FalsePositive,164.72,0
SWIFT_W92832,HDFCINBB,STANHKHH,DE,CH,969.73,EUR/AED,SEPA_Instant_Credit,PEP_Politically_Exposed,Clean_NoHit,1.91,0
SWIFT_W90824,HSBCGB2L,STANHKHH,DE,SG,805.18,USD/CAD,SWIFT_MT103,PEP_Politically_Exposed,Clean_NoHit,1.12,0
SWIFT_W91388,HDFCINBB,RABONL2U,IN,DE,3818.48,EUR/INR,SWIFT_MT103,PEP_Politically_Exposed,Clean_NoHit,18.12,0
SWIFT_W92285,DEUTDEDD,SMBCJPJT,IN,CA,59974.79,EUR/CHF,SEPA_Instant_Credit,Enhanced_Due_Diligence,Clean_NoHit,103.20,0
SWIFT_W91825,SANTRSMM,STANHKHH,AU,US,800.53,USD/CAD,SWIFT_MT103,Standard_Risk,Clean_NoHit,0.21,0
SWIFT_W92216,HDFCINBB,FABAEADX,GB,CA,75836.22,EUR/INR,SEPA_Instant_Credit,Low_Risk,Clean_NoHit,86.63,0
SWIFT_W91065,SANTRSMM,STANHKHH,GB,JP,812.49,EUR/USD,SWIFT_MT103,Standard_Risk,Clean_NoHit,0.97,0
SWIFT_W92384,HDFCINBB,SBININBB,GB,JP,980.31,EUR/GBP,SWIFT_MT103,PEP_Politically_Exposed,Clean_NoHit,3.35,0
SWIFT_W92176,DBSSHKHH,INGBNL2A,AU,JP,10789.59,EUR/JPY,SWIFT_MT103,PEP_Politically_Exposed,Clean_NoHit,36.05,0
SWIFT_W92833,HDFCINBB,FABAEADX,IN,SG,805.62,EUR/CHF,SWIFT_MT103,PEP_Politically_Exposed,Clean_NoHit,1.94,0
SWIFT_W91341,HDFCINBB,STANHKHH,AU,JP,2089.57,USD/CAD,SWIFT_MT103,PEP_Politically_Exposed,Clean_NoHit,16.92,0
SWIFT_W92707,HDFCINBB,SMBCJPJT,DE,AU,16019.44,EUR/AED,ISO20022_pacs008,Enhanced_Due_Diligence,Cleared_FalsePositive,36.25,0
SWIFT_W92660,HDFCINBB,STANHKHH,CH,AU,13847.19,EUR/AED,Fedwire_Funds,Enhanced_Due_Diligence,Cleared_FalsePositive,48.61,1
SWIFT_W92830,HSBCGB2L,UBSWCHZH,DE,CH,1595.31,EUR/AED,ISO20022_pacs008,Enhanced_Due_Diligence,Clean_NoHit,4.88,0
SWIFT_W92415,HDFCINBB,SMBCJPJT,GB,CH,30786.89,EUR/CHF,SEPA_Instant_Credit,Enhanced_Due_Diligence,Cleared_FalsePositive,129.50,0
SWIFT_W92693,HSBCGB2L,UBSWCHZH,AE,AU,2254.53,EUR/AED,Fedwire_Funds,Low_Risk,Clean_NoHit,10.58,0
SWIFT_W92918,HSBCGB2L,STANHKHH,IN,DE,1116.47,EUR/AED,SEPA_Instant_Credit,Enhanced_Due_Diligence,Clean_NoHit,4.89,0
SWIFT_W92152,DBSSHKHH,SBININBB,DE,CH,240444.52,EUR/INR,ISO20022_pacs008,Low_Risk,Cleared_FalsePositive,149.82,1
SWIFT_W92860,HSBCGB2L,UBSWCHZH,CH,AU,3742.95,EUR/AED,ISO20022_pacs008,Enhanced_Due_Diligence,Clean_NoHit,11.36,0
SWIFT_W92655,HDFCINBB,SMBCJPJT,AU,CA,63712.71,EUR/CHF,Fedwire_Funds,Low_Risk,Cleared_FalsePositive,53.55,0
SWIFT_W91992,HDFCINBB,SBININBB,CH,GB,1136.05,EUR/USD,SWIFT_MT103,PEP_Politically_Exposed,Clean_NoHit,6.07,0
SWIFT_W92001,DEUTDEDD,SMBCJPJT,CH,CH,81093.19,EUR/JPY,SEPA_Instant_Credit,Low_Risk,Cleared_FalsePositive,152.41,1
SWIFT_W92193,DEUTDEDD,SMBCJPJT,CH,CA,76973.17,EUR/CHF,ISO20022_pacs008,Low_Risk,Cleared_FalsePositive,110.97,1
SWIFT_W92210,HDFCINBB,STANHKHH,IN,CA,5798.90,EUR/GBP,SEPA_Instant_Credit,Low_Risk,Clean_NoHit,31.19,0
SWIFT_W92981,HDFCINBB,BCOPESMM,FR,JP,802.55,EUR/AED,SWIFT_MT103,Standard_Risk,Clean_NoHit,0.52,0
SWIFT_W91887,DEUTDEDD,SMBCJPJT,FR,CA,99379.99,EUR/GBP,ISO20022_pacs008,Enhanced_Due_Diligence,Clean_NoHit,80.76,0
SWIFT_W92376,HDFCINBB,STANHKHH,AU,CA,59782.65,EUR/CHF,Fedwire_Funds,Low_Risk,Cleared_FalsePositive,65.35,0
SWIFT_W92615,HDFCINBB,SBININBB,AU,AU,18734.69,EUR/CHF,ISO20022_pacs008,Enhanced_Due_Diligence,Cleared_FalsePositive,87.92,1
SWIFT_W92942,HSBCGB2L,SMBCJPJT,US,JP,838.00,EUR/CHF,SWIFT_MT103,Enhanced_Due_Diligence,Clean_NoHit,3.50,0
SWIFT_W91622,HSBCGB2L,UBSWCHZH,AU,JP,886.84,EUR/SGD,SWIFT_MT103,Standard_Risk,Clean_NoHit,1.65,0
SWIFT_W92651,DBSSHKHH,SBININBB,FR,CH,22937.42,EUR/CHF,ISO20022_pacs008,Low_Risk,Clean_NoHit,54.68,0
SWIFT_W92080,HDFCINBB,STANHKHH,AU,CA,50556.92,EUR/CHF,Fedwire_Funds,Low_Risk,Clean_NoHit,75.50,1
SWIFT_W91703,DBSSHKHH,RABONL2U,DE,CH,282048.25,EUR/GBP,ISO20022_pacs008,Low_Risk,Cleared_FalsePositive,150.12,1
SWIFT_W92225,HDFCINBB,SBININBB,DE,ES,1013.27,EUR/CHF,SWIFT_MT103,Standard_Risk,Clean_NoHit,3.69,0
SWIFT_W92890,SANTRSMM,STANHKHH,DE,SG,800.88,EUR/CHF,SWIFT_MT103,Standard_Risk,Clean_NoHit,0.27,0
SWIFT_W92653,DBSGSGSG,BARCGB22,AU,GB,7040.18,EUR/CHF,SWIFT_MT103,PEP_Politically_Exposed,Cleared_FalsePositive,31.97,0
SWIFT_W92818,HSBCGB2L,STANHKHH,FR,JP,802.67,EUR/CHF,SWIFT_MT103,PEP_Politically_Exposed,Clean_NoHit,0.57,0
SWIFT_W92679,DBSSHKHH,BCOPESMM,DE,DE,5672.90,EUR/CHF,SWIFT_MT103,PEP_Politically_Exposed,Clean_NoHit,35.31,0
SWIFT_W92242,DBSSHKHH,INGBNL2A,DE,DE,101083.60,EUR/JPY,SEPA_Instant_Credit,Low_Risk,Cleared_FalsePositive,154.99,0
SWIFT_W92293,DEUTDEDD,SBININBB,DE,CH,118092.52,EUR/CHF,ISO20022_pacs008,Low_Risk,Cleared_FalsePositive,94.54,0
SWIFT_W92876,HSBCGB2L,SBININBB,SG,CH,2345.43,EUR/AED,SEPA_Instant_Credit,Enhanced_Due_Diligence,Clean_NoHit,29.15,0
SWIFT_W91924,HSBCGB2L,SMBCJPJT,CH,SG,803.70,EUR/USD,SWIFT_MT103,Standard_Risk,Clean_NoHit,0.68,0
SWIFT_W92316,HSBCGB2L,UBSWCHZH,AE,AU,8439.30,EUR/GBP,Fedwire_Funds,Low_Risk,Clean_NoHit,48.10,0
SWIFT_W91904,SANTRSMM,STANHKHH,CH,US,800.53,EUR/INR,SWIFT_MT103,Standard_Risk,Clean_NoHit,0.20,0
SWIFT_W91534,HSBCGB2L,STANHKHH,DE,CA,8837.43,EUR/JPY,SEPA_Instant_Credit,PEP_Politically_Exposed,Clean_NoHit,20.13,0
SWIFT_W92144,DEUTDEDD,SMBCJPJT,IN,CH,92102.18,EUR/GBP,SEPA_Instant_Credit,Enhanced_Due_Diligence,Clean_NoHit,117.84,0
SWIFT_W91225,HDFCINBB,STANHKHH,AU,CH,27223.14,EUR/USD,SEPA_Instant_Credit,PEP_Politically_Exposed,Clean_NoHit,54.54,0
SWIFT_W92837,HSBCGB2L,RABONL2U,US,GB,1404.67,EUR/INR,SWIFT_MT103,Enhanced_Due_Diligence,Clean_NoHit,26.79,0
SWIFT_W92619,DEUTDEDD,INGBNL2A,CH,SG,836.31,EUR/CHF,SWIFT_MT103,PEP_Politically_Exposed,Clean_NoHit,2.65,0
SWIFT_W92974,HDFCINBB,BARCGB22,NL,JP,812.67,EUR/AED,SWIFT_MT103,Low_Risk,Clean_NoHit,4.17,0
SWIFT_W91028,HSBCGB2L,STANHKHH,AU,GB,829.99,EUR/USD,SWIFT_MT103,Standard_Risk,Clean_NoHit,1.27,0
SWIFT_W91404,SANTRSMM,UBSWCHZH,AE,CA,819.39,EUR/CHF,SEPA_Instant_Credit,Standard_Risk,Clean_NoHit,0.82,0
SWIFT_W92789,HDFCINBB,BCOPESMM,NL,SG,816.40,EUR/CHF,SWIFT_MT103,PEP_Politically_Exposed,Clean_NoHit,3.26,0
SWIFT_W92268,DEUTDEDD,RABONL2U,GB,CH,40483.10,EUR/CHF,SEPA_Instant_Credit,Enhanced_Due_Diligence,Cleared_FalsePositive,129.18,0
SWIFT_W92742,DEUTDEDD,SMBCJPJT,AU,CA,23628.44,EUR/CHF,ISO20022_pacs008,Low_Risk,Clean_NoHit,26.53,0
SWIFT_W92523,HSBCGB2L,SMBCJPJT,US,GB,1116.47,EUR/INR,SWIFT_MT103,Enhanced_Due_Diligence,Clean_NoHit,13.40,0
SWIFT_W91722,DBSSHKHH,RABONL2U,DE,ES,27895.60,EUR/SGD,SWIFT_MT103,Low_Risk,Clean_NoHit,95.15,0
SWIFT_W92616,HDFCINBB,SBININBB,SG,ES,2026.26,EUR/GBP,SWIFT_MT103,Enhanced_Due_Diligence,Clean_NoHit,35.52,0
SWIFT_W92323,HDFCINBB,SMBCJPJT,NL,JP,2635.34,EUR/CHF,SWIFT_MT103,Low_Risk,Clean_NoHit,24.14,0
SWIFT_W92701,SANTRSMM,STANHKHH,SG,GB,801.97,EUR/INR,SWIFT_MT103,PEP_Politically_Exposed,Clean_NoHit,0.56,0
SWIFT_W92167,DBSSHKHH,INGBNL2A,FR,DE,57133.95,EUR/CHF,SEPA_Instant_Credit,Low_Risk,Cleared_FalsePositive,129.26,0
SWIFT_W92798,HSBCGB2L,SMBCJPJT,AU,AU,14141.58,EUR/AED,Fedwire_Funds,Enhanced_Due_Diligence,Cleared_FalsePositive,31.16,1
SWIFT_W91157,HSBCGB2L,SMBCJPJT,DE,JP,897.43,EUR/USD,SWIFT_MT103,Standard_Risk,Clean_NoHit,4.78,0
SWIFT_W92064,HDFCINBB,SBININBB,GB,DE,15020.30,EUR/GBP,SEPA_Instant_Credit,PEP_Politically_Exposed,Clean_NoHit,24.61,0
SWIFT_W92138,HDFCINBB,STANHKHH,AU,CH,81489.00,EUR/GBP,ISO20022_pacs008,Low_Risk,Cleared_FalsePositive,108.57,1
SWIFT_W92445,DEUTDEDD,SMBCJPJT,CH,CA,39160.70,EUR/CHF,ISO20022_pacs008,Enhanced_Due_Diligence,Cleared_FalsePositive,95.06,1
SWIFT_W90552,HSBCGB2L,STANHKHH,CH,GB,2296.17,EUR/USD,SWIFT_MT103,Standard_Risk,Clean_NoHit,12.45,0
SWIFT_W92669,HDFCINBB,INGBNL2A,IN,CA,11375.75,EUR/CHF,SEPA_Instant_Credit,Enhanced_Due_Diligence,Cleared_FalsePositive,121.96,0
SWIFT_W92873,HSBCGB2L,UBSWCHZH,CH,AU,1906.82,EUR/AED,Fedwire_Funds,Enhanced_Due_Diligence,Clean_NoHit,4.96,0
SWIFT_W92189,DEUTDEDD,STANHKHH,AU,CA,66741.58,EUR/GBP,ISO20022_pacs008,Low_Risk,Cleared_FalsePositive,111.39,1
SWIFT_W91356,HDFCINBB,SBININBB,AU,SG,895.49,EUR/USD,SWIFT_MT103,Standard_Risk,Clean_NoHit,3.83,0
SWIFT_W92944,HDFCINBB,STANHKHH,AU,ES,1026.84,EUR/AED,SEPA_Instant_Credit,PEP_Politically_Exposed,Clean_NoHit,1.50,0
SWIFT_W90445,HSBCGB2L,STANHKHH,AE,JP,858.01,USD/CAD,SWIFT_MT103,Standard_Risk,Clean_NoHit,1.60,0
SWIFT_W92919,HSBCGB2L,SMBCJPJT,CH,CA,844.63,EUR/AED,SEPA_Instant_Credit,Standard_Risk,Clean_NoHit,0.86,0
SWIFT_W91778,HSBCGB2L,STANHKHH,AU,GB,1250.68,EUR/SGD,SWIFT_MT103,Standard_Risk,Clean_NoHit,3.14,0
SWIFT_W92832,HDFCINBB,RABONL2U,NL,CH,5958.14,EUR/AED,ISO20022_pacs008,Enhanced_Due_Diligence,Clean_NoHit,41.53,0
SWIFT_W92596,DEUTDEDD,FABAEADX,FR,AU,13614.85,EUR/AED,SEPA_Instant_Credit,Enhanced_Due_Diligence,Cleared_FalsePositive,76.76,0
SWIFT_W92463,DBSGSGSG,RABONL2U,AU,DE,32093.38,EUR/INR,SEPA_Instant_Credit,PEP_Politically_Exposed,Cleared_FalsePositive,50.76,0
SWIFT_W92802,DEUTDEDD,FABAEADX,AU,CA,10367.89,EUR/AED,ISO20022_pacs008,Enhanced_Due_Diligence,Cleared_FalsePositive,27.84,0
SWIFT_W91314,DEUTDEDD,SMBCJPJT,CH,CH,78601.04,EUR/SGD,SEPA_Instant_Credit,Low_Risk,Clean_NoHit,99.64,0
SWIFT_W92318,HDFCINBB,STANHKHH,AU,CA,23666.45,EUR/CHF,Fedwire_Funds,Low_Risk,Clean_NoHit,39.75,0
SWIFT_W92888,SANTRSMM,UBSWCHZH,AE,AU,805.04,EUR/AED,ISO20022_pacs008,PEP_Politically_Exposed,Clean_NoHit,0.38,0
SWIFT_W92773,HDFCINBB,STANHKHH,AE,AU,5416.28,EUR/AED,Fedwire_Funds,Enhanced_Due_Diligence,Clean_NoHit,36.36,1
SWIFT_W92424,DEUTDEDD,SMBCJPJT,CH,CA,81792.12,EUR/CHF,ISO20022_pacs008,Low_Risk,Cleared_FalsePositive,70.69,1
SWIFT_W92414,HDFCINBB,SMBCJPJT,AU,CA,37357.96,EUR/CHF,ISO20022_pacs008,Enhanced_Due_Diligence,Cleared_FalsePositive,124.86,1
SWIFT_W90450,SANTRSMM,UBSWCHZH,AE,US,800.53,USD/JPY,SWIFT_MT103,Standard_Risk,Clean_NoHit,0.21,0
SWIFT_W91132,DEUTDEDD,SBININBB,AU,GB,15179.27,EUR/USD,SWIFT_MT103,Standard_Risk,Clean_NoHit,30.51,0
SWIFT_W92158,DBSSHKHH,SBININBB,CH,CH,124211.09,EUR/INR,SEPA_Instant_Credit,Low_Risk,Cleared_FalsePositive,177.90,1
SWIFT_W90350,HSBCGB2L,UBSWCHZH,AE,GB,1066.07,USD/CAD,SWIFT_MT103,Standard_Risk,Clean_NoHit,4.69,0
SWIFT_W92518,HDFCINBB,SBININBB,CH,AU,31662.12,EUR/CHF,ISO20022_pacs008,Enhanced_Due_Diligence,Cleared_FalsePositive,96.41,1
SWIFT_W92123,HSBCGB2L,STANHKHH,DE,US,800.78,EUR/GBP,SWIFT_MT103,Standard_Risk,Clean_NoHit,0.31,0
SWIFT_W92295,DBSSHKHH,INGBNL2A,CH,CA,39582.18,EUR/CHF,SEPA_Instant_Credit,Enhanced_Due_Diligence,Cleared_FalsePositive,151.80,1
SWIFT_W92186,HDFCINBB,SBININBB,NL,CH,10151.38,EUR/CHF,SEPA_Instant_Credit,Low_Risk,Clean_NoHit,32.38,0
SWIFT_W92662,DEUTDEDD,STANHKHH,AU,CA,12068.10,EUR/AED,Fedwire_Funds,Enhanced_Due_Diligence,Clean_NoHit,24.94,0
SWIFT_W92197,HDFCINBB,STANHKHH,FR,ES,4560.94,EUR/INR,SEPA_Instant_Credit,Low_Risk,Clean_NoHit,15.93,0
SWIFT_W91663,SANTRSMM,UBSWCHZH,NL,SG,827.03,EUR/USD,SWIFT_MT103,Low_Risk,Clean_NoHit,2.13,0
SWIFT_W92266,DBSSHKHH,SBININBB,GB,CA,120110.09,EUR/INR,SEPA_Instant_Credit,Enhanced_Due_Diligence,Cleared_FalsePositive,177.10,0
SWIFT_W92894,HSBCGB2L,STANHKHH,SG,CA,1554.21,EUR/AED,SEPA_Instant_Credit,Enhanced_Due_Diligence,Clean_NoHit,15.67,0
SWIFT_W92824,HSBCGB2L,INGBNL2A,NL,AU,3506.15,EUR/AED,SEPA_Instant_Credit,Enhanced_Due_Diligence,Cleared_FalsePositive,77.44,0
SWIFT_W92484,HSBCGB2L,SMBCJPJT,NL,JP,807.68,EUR/GBP,SWIFT_MT103,PEP_Politically_Exposed,Clean_NoHit,1.40,0
SWIFT_W92105,DEUTDEDD,SBININBB,AU,CH,223683.45,EUR/INR,ISO20022_pacs008,Low_Risk,Cleared_FalsePositive,134.71,1
SWIFT_W92944,HSBCGB2L,SBININBB,FR,SG,800.67,EUR/AED,SWIFT_MT103,Standard_Risk,Clean_NoHit,0.26,0
SWIFT_W91196,HSBCGB2L,UBSWCHZH,CH,DE,2914.26,EUR/INR,SEPA_Instant_Credit,PEP_Politically_Exposed,Clean_NoHit,8.34,0
SWIFT_W92323,DEUTDEDD,INGBNL2A,AU,GB,1138.39,EUR/JPY,SWIFT_MT103,Standard_Risk,Clean_NoHit,4.40,0
SWIFT_W92102,DBSSHKHH,SBININBB,GB,ES,90864.67,EUR/INR,SEPA_Instant_Credit,Low_Risk,Clean_NoHit,121.47,0
SWIFT_W92234,HSBCGB2L,UBSWCHZH,CH,DE,5794.95,EUR/CHF,ISO20022_pacs008,Low_Risk,Clean_NoHit,14.39,0
SWIFT_W92478,DBSSHKHH,BARCGB22,CH,ES,7767.04,EUR/GBP,SWIFT_MT103,PEP_Politically_Exposed,Clean_NoHit,34.78,0
SWIFT_W92125,HDFCINBB,STANHKHH,CH,CH,24912.26,EUR/CHF,ISO20022_pacs008,Low_Risk,Clean_NoHit,41.02,0
SWIFT_W91643,DEUTDEDD,SMBCJPJT,CH,DE,172687.64,EUR/JPY,ISO20022_pacs008,PEP_Politically_Exposed,Cleared_FalsePositive,117.20,0
SWIFT_W92321,HSBCGB2L,UBSWCHZH,AU,AU,4967.96,EUR/CHF,Fedwire_Funds,Low_Risk,Clean_NoHit,13.39,0
SWIFT_W92649,HDFCINBB,STANHKHH,CH,AU,19456.90,EUR/CHF,ISO20022_pacs008,Enhanced_Due_Diligence,Clean_NoHit,33.47,0
SWIFT_W92293,SANTRSMM,STANHKHH,SG,SG,800.91,EUR/INR,SWIFT_MT103,PEP_Politically_Exposed,Clean_NoHit,0.47,0
SWIFT_W92216,SANTRSMM,UBSWCHZH,CH,GB,834.58,EUR/SGD,SWIFT_MT103,PEP_Politically_Exposed,Clean_NoHit,1.41,0
SWIFT_W91375,HDFCINBB,SBININBB,GB,ES,8112.78,EUR/JPY,SWIFT_MT103,PEP_Politically_Exposed,Clean_NoHit,39.28,0
SWIFT_W92141,DEUTDEDD,SMBCJPJT,DE,CH,89592.40,EUR/CHF,ISO20022_pacs008,Low_Risk,Cleared_FalsePositive,114.86,1
SWIFT_W92259,DBSSHKHH,INGBNL2A,FR,ES,83293.89,EUR/SGD,SEPA_Instant_Credit,Enhanced_Due_Diligence,Cleared_FalsePositive,163.37,0
SWIFT_W92026,DEUTDEDD,SMBCJPJT,CH,DE,112898.92,EUR/JPY,SEPA_Instant_Credit,Enhanced_Due_Diligence,Cleared_FalsePositive,176.75,1
SWIFT_W92324,SANTRSMM,SBININBB,FR,SG,800.77,EUR/SGD,SWIFT_MT103,Standard_Risk,Clean_NoHit,0.34,0
SWIFT_W90597,HSBCGB2L,UBSWCHZH,AE,JP,862.96,USD/CAD,SWIFT_MT103,Standard_Risk,Clean_NoHit,2.19,0
SWIFT_W92544,DEUTDEDD,SMBCJPJT,AU,CH,33408.63,EUR/GBP,ISO20022_pacs008,PEP_Politically_Exposed,Clean_NoHit,36.32,0
SWIFT_W90928,HSBCGB2L,STANHKHH,AU,GB,1161.59,USD/JPY,SWIFT_MT103,PEP_Politically_Exposed,Clean_NoHit,8.43,0
SWIFT_W92056,DBSSHKHH,INGBNL2A,DE,CH,230027.05,EUR/GBP,ISO20022_pacs008,Low_Risk,Cleared_FalsePositive,161.39,1
SWIFT_W92796,HSBCGB2L,UBSWCHZH,AU,AU,2313.27,EUR/AED,Fedwire_Funds,Low_Risk,Clean_NoHit,8.35,0
SWIFT_W92412,DEUTDEDD,STANHKHH,CH,CA,52397.95,EUR/GBP,ISO20022_pacs008,Enhanced_Due_Diligence,Cleared_FalsePositive,115.51,1
SWIFT_W91285,HSBCGB2L,STANHKHH,AE,SG,806.20,USD/JPY,SWIFT_MT103,Standard_Risk,Clean_NoHit,0.74,0
SWIFT_W91932,HDFCINBB,SMBCJPJT,AU,CH,84984.12,EUR/JPY,ISO20022_pacs008,Low_Risk,Clean_NoHit,81.18,0
SWIFT_W92561,HDFCINBB,SMBCJPJT,FR,CA,22732.31,EUR/CHF,SEPA_Instant_Credit,Enhanced_Due_Diligence,Cleared_FalsePositive,102.98,1
SWIFT_W92252,DBSSHKHH,INGBNL2A,GB,CH,93016.31,EUR/JPY,SEPA_Instant_Credit,Enhanced_Due_Diligence,Cleared_FalsePositive,185.40,0
SWIFT_W90239,SANTRSMM,UBSWCHZH,AE,JP,800.71,USD/JPY,SWIFT_MT103,Standard_Risk,Clean_NoHit,0.28,0
SWIFT_W91974,DBSSHKHH,RABONL2U,FR,CH,44958.87,EUR/CHF,SEPA_Instant_Credit,Low_Risk,Cleared_FalsePositive,134.61,0
SWIFT_W92906,HSBCGB2L,STANHKHH,SG,DE,853.06,EUR/AED,SEPA_Instant_Credit,Enhanced_Due_Diligence,Clean_NoHit,2.87,0
SWIFT_W92122,HDFCINBB,STANHKHH,AE,CA,19169.97,EUR/GBP,ISO20022_pacs008,PEP_Politically_Exposed,Clean_NoHit,41.34,0
SWIFT_W92869,HSBCGB2L,STANHKHH,FR,AU,2167.65,EUR/AED,ISO20022_pacs008,Enhanced_Due_Diligence,Clean_NoHit,8.05,0
SWIFT_W92202,DBSSHKHH,SMBCJPJT,CH,CH,186071.92,EUR/JPY,SEPA_Instant_Credit,Low_Risk,Cleared_FalsePositive,155.70,1
SWIFT_W92345,HSBCGB2L,INGBNL2A,CH,SG,802.26,EUR/CHF,SWIFT_MT103,Standard_Risk,Clean_NoHit,0.55,0
SWIFT_W92953,SANTRSMM,SMBCJPJT,US,GB,801.31,EUR/AED,SWIFT_MT103,Low_Risk,Clean_NoHit,0.55,0
SWIFT_W92321,DEUTDEDD,RABONL2U,CH,CA,89532.33,EUR/CHF,ISO20022_pacs008,Low_Risk,Cleared_FalsePositive,114.67,1
SWIFT_W92183,SANTRSMM,STANHKHH,FR,GB,800.58,EUR/JPY,SWIFT_MT103,Standard_Risk,Clean_NoHit,0.24,0
SWIFT_W91722,HDFCINBB,SMBCJPJT,DE,GB,12454.56,USD/CAD,SWIFT_MT103,Low_Risk,Clean_NoHit,71.47,0
SWIFT_W92573,DBSGSGSG,INGBNL2A,AU,CH,29343.60,EUR/CHF,SEPA_Instant_Credit,Low_Risk,Cleared_FalsePositive,64.51,0
SWIFT_W92645,HDFCINBB,SBININBB,NL,CA,15058.55,EUR/CHF,SEPA_Instant_Credit,Enhanced_Due_Diligence,Clean_NoHit,80.81,0
SWIFT_W91942,DBSGSGSG,RABONL2U,CH,ES,80743.08,EUR/GBP,SEPA_Instant_Credit,PEP_Politically_Exposed,Cleared_FalsePositive,91.60,0
SWIFT_W91826,HDFCINBB,SBININBB,IN,GB,2946.30,EUR/INR,SWIFT_MT103,Low_Risk,Clean_NoHit,16.72,0
SWIFT_W91257,SANTRSMM,UBSWCHZH,AU,JP,800.89,USD/CAD,SWIFT_MT103,Standard_Risk,Clean_NoHit,0.31,0
SWIFT_W91340,HSBCGB2L,UBSWCHZH,AU,SG,844.02,USD/JPY,SWIFT_MT103,PEP_Politically_Exposed,Clean_NoHit,3.11,0
SWIFT_W92735,HDFCINBB,RABONL2U,NL,CA,12151.19,EUR/CHF,SEPA_Instant_Credit,Enhanced_Due_Diligence,Clean_NoHit,59.39,0
SWIFT_W92604,HDFCINBB,INGBNL2A,SG,SG,900.19,EUR/CHF,SWIFT_MT103,Low_Risk,Clean_NoHit,8.40,0
SWIFT_W92576,SANTRSMM,UBSWCHZH,CH,AU,1344.76,EUR/CHF,ISO20022_pacs008,Low_Risk,Clean_NoHit,3.19,0
SWIFT_W92289,SANTRSMM,STANHKHH,NL,US,801.45,EUR/INR,SWIFT_MT103,PEP_Politically_Exposed,Clean_NoHit,0.64,0
SWIFT_W91865,HSBCGB2L,STANHKHH,FR,JP,801.53,EUR/SGD,SWIFT_MT103,Standard_Risk,Clean_NoHit,0.54,0
SWIFT_W92826,HSBCGB2L,BCOPESMM,SG,ES,911.69,EUR/AED,SWIFT_MT103,Low_Risk,Clean_NoHit,8.64,0
SWIFT_W92571,HDFCINBB,STANHKHH,AE,CA,16025.04,EUR/CHF,Fedwire_Funds,Enhanced_Due_Diligence,Cleared_FalsePositive,81.21,1
SWIFT_W92953,HDFCINBB,SMBCJPJT,AU,CA,1971.01,EUR/AED,ISO20022_pacs008,Low_Risk,Clean_NoHit,5.37,0
SWIFT_W92587,HDFCINBB,SBININBB,FR,AU,29969.18,EUR/CHF,ISO20022_pacs008,Enhanced_Due_Diligence,Cleared_FalsePositive,96.72,1
SWIFT_W91362,HSBCGB2L,STANHKHH,DE,SG,805.72,USD/CAD,SWIFT_MT103,Standard_Risk,Clean_NoHit,1.36,0
SWIFT_W92612,DEUTDEDD,RABONL2U,IN,CH,13960.94,EUR/CHF,SEPA_Instant_Credit,Enhanced_Due_Diligence,Clean_NoHit,84.64,0
SWIFT_W92540,SANTRSMM,STANHKHH,NL,SG,800.67,EUR/USD,SWIFT_MT103,PEP_Politically_Exposed,Clean_NoHit,0.38,0
SWIFT_W92687,HSBCGB2L,SMBCJPJT,US,CA,1588.51,EUR/CHF,SEPA_Instant_Credit,Enhanced_Due_Diligence,Clean_NoHit,13.51,0
SWIFT_W90987,SANTRSMM,UBSWCHZH,AE,US,800.53,USD/CAD,SWIFT_MT103,Standard_Risk,Clean_NoHit,0.20,0
SWIFT_W92745,HSBCGB2L,UBSWCHZH,AU,AE,4615.18,EUR/AED,Fedwire_Funds,Enhanced_Due_Diligence,Clean_NoHit,11.80,0
SWIFT_W90366,HSBCGB2L,UBSWCHZH,AU,JP,819.20,USD/JPY,SWIFT_MT103,Standard_Risk,Clean_NoHit,1.24,0
SWIFT_W92644,DEUTDEDD,STANHKHH,AU,DE,6768.43,EUR/AED,ISO20022_pacs008,Low_Risk,Clean_NoHit,13.97,0
SWIFT_W92042,HDFCINBB,SMBCJPJT,IN,ES,9506.50,EUR/JPY,SWIFT_MT103,Low_Risk,Clean_NoHit,32.52,0
SWIFT_W92408,DEUTDEDD,RABONL2U,DE,CA,73304.42,EUR/GBP,SEPA_Instant_Credit,Enhanced_Due_Diligence,Cleared_FalsePositive,133.84,1
SWIFT_W92178,DBSSHKHH,FABAEADX,CH,DE,87649.83,EUR/GBP,SEPA_Instant_Credit,Low_Risk,Cleared_FalsePositive,97.92,0
SWIFT_W90559,SANTRSMM,STANHKHH,AU,SG,810.52,USD/JPY,SWIFT_MT103,Standard_Risk,Clean_NoHit,1.02,0
SWIFT_W92005,HDFCINBB,SMBCJPJT,DE,CH,91202.16,EUR/JPY,SEPA_Instant_Credit,Low_Risk,Clean_NoHit,81.59,0
SWIFT_W92148,DBSSHKHH,SMBCJPJT,AU,CH,103279.80,EUR/INR,ISO20022_pacs008,Low_Risk,Cleared_FalsePositive,130.20,1
SWIFT_W92205,DEUTDEDD,SMBCJPJT,FR,DE,64787.86,EUR/GBP,SEPA_Instant_Credit,Enhanced_Due_Diligence,Cleared_FalsePositive,104.34,0
SWIFT_W91155,HDFCINBB,SBININBB,CH,CH,76090.96,EUR/INR,ISO20022_pacs008,PEP_Politically_Exposed,Clean_NoHit,59.91,0
SWIFT_W92418,DEUTDEDD,STANHKHH,AU,CA,34754.52,EUR/CHF,ISO20022_pacs008,Low_Risk,Cleared_FalsePositive,104.86,1
SWIFT_W92930,HDFCINBB,RABONL2U,IN,GB,867.36,EUR/AED,SEPA_Instant_Credit,PEP_Politically_Exposed,Clean_NoHit,2.51,0
SWIFT_W91822,SANTRSMM,UBSWCHZH,AU,ES,873.13,USD/CAD,SWIFT_MT103,PEP_Politically_Exposed,Clean_NoHit,1.91,0
SWIFT_W91814,SANTRSMM,UBSWCHZH,AE,SG,800.53,USD/JPY,SWIFT_MT103,Standard_Risk,Clean_NoHit,0.21,0
SWIFT_W92734,HSBCGB2L,UBSWCHZH,CH,AU,3551.04,EUR/AED,Fedwire_Funds,Enhanced_Due_Diligence,Clean_NoHit,6.36,0
SWIFT_W92749,HDFCINBB,FABAEADX,GB,CH,9451.42,EUR/AED,SEPA_Instant_Credit,Enhanced_Due_Diligence,Clean_NoHit,49.62,0
SWIFT_W90985,HDFCINBB,STANHKHH,CH,DE,21808.72,USD/CAD,SWIFT_MT103,PEP_Politically_Exposed,Clean_NoHit,52.13,0
SWIFT_W92761,SANTRSMM,SBININBB,NL,SG,800.98,EUR/CHF,SWIFT_MT103,Standard_Risk,Clean_NoHit,0.41,0
SWIFT_W92251,DEUTDEDD,SMBCJPJT,DE,CA,58250.35,EUR/CHF,ISO20022_pacs008,Enhanced_Due_Diligence,Cleared_FalsePositive,86.51,1
SWIFT_W91180,HDFCINBB,SMBCJPJT,AU,GB,1758.55,EUR/JPY,SWIFT_MT103,Standard_Risk,Clean_NoHit,9.80,0
SWIFT_W92974,HSBCGB2L,FABAEADX,NL,GB,839.56,EUR/AED,SEPA_Instant_Credit,Enhanced_Due_Diligence,Clean_NoHit,2.41,0
SWIFT_W92110,DBSSHKHH,SBININBB,CH,CH,193318.52,EUR/GBP,ISO20022_pacs008,Low_Risk,Cleared_FalsePositive,126.52,1
SWIFT_W92685,HSBCGB2L,SMBCJPJT,GB,AU,17357.48,EUR/CHF,ISO20022_pacs008,Low_Risk,Clean_NoHit,26.12,0
SWIFT_W92432,HDFCINBB,STANHKHH,AU,CA,47349.78,EUR/CHF,ISO20022_pacs008,Low_Risk,Clean_NoHit,53.84,0
SWIFT_W92642,HDFCINBB,SMBCJPJT,GB,AU,14541.28,EUR/CHF,ISO20022_pacs008,Enhanced_Due_Diligence,Cleared_FalsePositive,95.41,0
SWIFT_W92880,HDFCINBB,BCOPESMM,IN,DE,1726.96,EUR/AED,SWIFT_MT103,Enhanced_Due_Diligence,Clean_NoHit,16.47,0
SWIFT_W92367,SANTRSMM,STANHKHH,GB,AU,1060.42,EUR/CHF,SEPA_Instant_Credit,Low_Risk,Clean_NoHit,2.39,0
SWIFT_W92446,DEUTDEDD,RABONL2U,GB,CH,19091.96,EUR/CHF,SEPA_Instant_Credit,Enhanced_Due_Diligence,Clean_NoHit,83.28,0
SWIFT_W91614,HDFCINBB,STANHKHH,AE,ES,5005.45,EUR/INR,SEPA_Instant_Credit,Standard_Risk,Clean_NoHit,13.42,0
SWIFT_W92735,HSBCGB2L,UBSWCHZH,AU,AU,2295.37,EUR/AED,Fedwire_Funds,Low_Risk,Clean_NoHit,6.06,0
SWIFT_W92418,DEUTDEDD,SBININBB,AU,CH,117469.73,EUR/GBP,ISO20022_pacs008,Low_Risk,Cleared_FalsePositive,96.57,0
SWIFT_W92799,HSBCGB2L,RABONL2U,US,CA,5038.32,EUR/AED,SEPA_Instant_Credit,Enhanced_Due_Diligence,Clean_NoHit,32.90,0
SWIFT_W92319,HDFCINBB,SMBCJPJT,IN,GB,5515.24,USD/CAD,SWIFT_MT103,Enhanced_Due_Diligence,Clean_NoHit,51.83,0
SWIFT_W92863,HSBCGB2L,STANHKHH,DE,AU,2511.17,EUR/AED,Fedwire_Funds,Enhanced_Due_Diligence,Clean_NoHit,8.08,0
SWIFT_W92776,DEUTDEDD,SMBCJPJT,CH,CA,18020.08,EUR/AED,ISO20022_pacs008,Enhanced_Due_Diligence,Cleared_FalsePositive,36.58,0
SWIFT_W92440,HDFCINBB,STANHKHH,AU,CA,32538.58,EUR/GBP,Fedwire_Funds,Enhanced_Due_Diligence,Cleared_FalsePositive,89.19,1
SWIFT_W92511,HDFCINBB,STANHKHH,CH,AU,12840.24,EUR/AED,Fedwire_Funds,Low_Risk,Clean_NoHit,19.57,0
SWIFT_W92715,HDFCINBB,STANHKHH,CH,AU,10762.23,EUR/AED,ISO20022_pacs008,Enhanced_Due_Diligence,Clean_NoHit,24.19,0
SWIFT_W92748,HDFCINBB,STANHKHH,AU,AU,8846.86,EUR/AED,ISO20022_pacs008,Enhanced_Due_Diligence,Cleared_FalsePositive,50.46,1
SWIFT_W91834,HSBCGB2L,STANHKHH,AU,GB,4940.06,EUR/SGD,SEPA_Instant_Credit,Low_Risk,Clean_NoHit,27.59,0
SWIFT_W92599,DEUTDEDD,SBININBB,FR,CA,58043.26,EUR/CHF,ISO20022_pacs008,Enhanced_Due_Diligence,Cleared_FalsePositive,74.62,0
SWIFT_W92072,HDFCINBB,INGBNL2A,IN,CH,109572.91,EUR/GBP,ISO20022_pacs008,Low_Risk,Clean_NoHit,84.60,0
SWIFT_W90711,SANTRSMM,UBSWCHZH,AU,JP,809.96,EUR/USD,SWIFT_MT103,Standard_Risk,Clean_NoHit,0.70,0
SWIFT_W91736,HDFCINBB,SMBCJPJT,CH,ES,7148.87,EUR/USD,SWIFT_MT103,PEP_Politically_Exposed,Clean_NoHit,17.54,0
SWIFT_W92801,DEUTDEDD,BCOPESMM,DE,ES,1575.90,EUR/AED,SWIFT_MT103,Low_Risk,Clean_NoHit,15.84,0
SWIFT_W90776,HSBCGB2L,UBSWCHZH,AE,DE,1418.52,EUR/INR,SWIFT_MT103,Standard_Risk,Clean_NoHit,5.13,0
SWIFT_W91744,HSBCGB2L,STANHKHH,AU,DE,947.87,EUR/USD,SWIFT_MT103,Standard_Risk,Clean_NoHit,2.29,0
SWIFT_W92380,DEUTDEDD,BCOPESMM,DE,SG,831.34,EUR/CHF,SWIFT_MT103,Standard_Risk,Clean_NoHit,2.83,0
SWIFT_W92646,SANTRSMM,UBSWCHZH,AE,AE,1111.14,EUR/AED,Fedwire_Funds,Low_Risk,Clean_NoHit,3.20,0
SWIFT_W91711,HDFCINBB,SMBCJPJT,GB,GB,5173.14,EUR/USD,SWIFT_MT103,Low_Risk,Clean_NoHit,38.57,0
SWIFT_W92439,DBSGSGSG,FABAEADX,CH,ES,46846.84,EUR/GBP,SEPA_Instant_Credit,Low_Risk,Cleared_FalsePositive,90.20,0
SWIFT_W92282,DEUTDEDD,SMBCJPJT,AU,CA,60390.02,EUR/GBP,ISO20022_pacs008,Low_Risk,Cleared_FalsePositive,135.86,1
SWIFT_W92744,HSBCGB2L,STANHKHH,SG,DE,8351.38,EUR/CHF,SEPA_Instant_Credit,Enhanced_Due_Diligence,Clean_NoHit,59.37,0
SWIFT_W92666,DEUTDEDD,BARCGB22,FR,GB,4009.68,EUR/INR,SWIFT_MT103,Low_Risk,Clean_NoHit,61.54,0
SWIFT_W92508,DBSSHKHH,FABAEADX,FR,CH,24173.36,EUR/CHF,SEPA_Instant_Credit,Enhanced_Due_Diligence,Cleared_FalsePositive,164.40,0
SWIFT_W91196,HSBCGB2L,STANHKHH,AE,CH,2747.96,EUR/JPY,ISO20022_pacs008,Standard_Risk,Clean_NoHit,16.36,0
SWIFT_W92508,HDFCINBB,SBININBB,DE,AU,56298.77,EUR/CHF,ISO20022_pacs008,Enhanced_Due_Diligence,Cleared_FalsePositive,74.45,1
SWIFT_W91527,DEUTDEDD,SBININBB,CH,ES,22847.31,EUR/GBP,SEPA_Instant_Credit,Standard_Risk,Clean_NoHit,25.61,0
SWIFT_W90853,HSBCGB2L,STANHKHH,AU,DE,4751.55,EUR/USD,SEPA_Instant_Credit,Standard_Risk,Clean_NoHit,20.28,0
SWIFT_W91824,DEUTDEDD,STANHKHH,AU,CH,56644.24,EUR/SGD,ISO20022_pacs008,Low_Risk,Cleared_FalsePositive,143.59,1
SWIFT_W92249,HSBCGB2L,UBSWCHZH,AU,AU,4572.52,EUR/CHF,Fedwire_Funds,Low_Risk,Clean_NoHit,13.49,0
SWIFT_W92503,HDFCINBB,SBININBB,CH,AU,27214.46,EUR/CHF,ISO20022_pacs008,Enhanced_Due_Diligence,Cleared_FalsePositive,108.05,1
SWIFT_W91397,HDFCINBB,SMBCJPJT,FR,GB,1088.07,EUR/SGD,SWIFT_MT103,PEP_Politically_Exposed,Clean_NoHit,6.14,0
SWIFT_W92346,DEUTDEDD,SMBCJPJT,AU,CA,31550.35,EUR/CHF,ISO20022_pacs008,Enhanced_Due_Diligence,Cleared_FalsePositive,134.78,1
SWIFT_W91774,DEUTDEDD,SBININBB,AU,DE,46315.68,EUR/SGD,SEPA_Instant_Credit,PEP_Politically_Exposed,Cleared_FalsePositive,105.73,1
SWIFT_W92943,HSBCGB2L,BARCGB22,US,GB,839.70,EUR/AED,SWIFT_MT103,Enhanced_Due_Diligence,Clean_NoHit,16.10,0
SWIFT_W91179,HSBCGB2L,STANHKHH,AU,ES,1115.07,USD/CAD,SWIFT_MT103,Standard_Risk,Clean_NoHit,4.26,0
SWIFT_W92857,HSBCGB2L,RABONL2U,NL,CA,3052.27,EUR/AED,SEPA_Instant_Credit,Enhanced_Due_Diligence,Clean_NoHit,33.82,0
SWIFT_W92466,HSBCGB2L,RABONL2U,FR,JP,1155.16,EUR/INR,SWIFT_MT103,PEP_Politically_Exposed,Clean_NoHit,6.08,0
SWIFT_W92953,SANTRSMM,STANHKHH,SG,CA,934.96,EUR/AED,ISO20022_pacs008,Enhanced_Due_Diligence,Clean_NoHit,2.70,0
SWIFT_W92659,DEUTDEDD,INGBNL2A,GB,CH,15572.14,EUR/CHF,SEPA_Instant_Credit,Enhanced_Due_Diligence,Clean_NoHit,84.52,0
SWIFT_W92668,DBSSHKHH,INGBNL2A,AU,DE,31484.63,EUR/CHF,SEPA_Instant_Credit,Low_Risk,Cleared_FalsePositive,47.43,0
SWIFT_W92114,SANTRSMM,UBSWCHZH,NL,GB,802.17,EUR/SGD,SWIFT_MT103,Standard_Risk,Clean_NoHit,0.45,0
SWIFT_W92055,HDFCINBB,SMBCJPJT,IN,DE,80662.70,EUR/GBP,SEPA_Instant_Credit,Low_Risk,Clean_NoHit,79.97,0
SWIFT_W92151,DEUTDEDD,RABONL2U,NL,ES,9599.89,EUR/CHF,SWIFT_MT103,Low_Risk,Clean_NoHit,53.97,0
SWIFT_W92829,HSBCGB2L,FABAEADX,SG,SG,800.89,EUR/GBP,SWIFT_MT103,PEP_Politically_Exposed,Clean_NoHit,0.77,0
SWIFT_W91341,HSBCGB2L,STANHKHH,AU,SG,860.60,USD/JPY,SWIFT_MT103,Standard_Risk,Clean_NoHit,2.29,0
SWIFT_W92642,DEUTDEDD,SMBCJPJT,AU,AU,31945.48,EUR/CHF,ISO20022_pacs008,PEP_Politically_Exposed,Clean_NoHit,43.22,0
SWIFT_W92091,DEUTDEDD,INGBNL2A,GB,JP,3769.80,EUR/GBP,SWIFT_MT103,PEP_Politically_Exposed,Clean_NoHit,18.28,0
SWIFT_W92735,HDFCINBB,RABONL2U,GB,CA,12596.20,EUR/AED,SEPA_Instant_Credit,Enhanced_Due_Diligence,Clean_NoHit,48.79,0
SWIFT_W92921,HSBCGB2L,UBSWCHZH,FR,AU,1378.53,EUR/AED,Fedwire_Funds,Enhanced_Due_Diligence,Clean_NoHit,4.91,0
SWIFT_W91908,DBSSHKHH,SBININBB,DE,CH,256478.12,EUR/INR,ISO20022_pacs008,Low_Risk,Cleared_FalsePositive,153.03,1
SWIFT_W92369,HSBCGB2L,STANHKHH,CH,GB,865.62,EUR/GBP,SWIFT_MT103,Standard_Risk,Clean_NoHit,1.99,0
SWIFT_W92375,DEUTDEDD,SMBCJPJT,DE,CA,37335.34,EUR/CHF,ISO20022_pacs008,Enhanced_Due_Diligence,Cleared_FalsePositive,49.13,0
SWIFT_W92478,DBSSHKHH,FABAEADX,GB,CH,28876.05,EUR/CHF,SEPA_Instant_Credit,Enhanced_Due_Diligence,Cleared_FalsePositive,99.30,0
SWIFT_W92371,HSBCGB2L,UBSWCHZH,AE,AU,5394.40,EUR/CHF,Fedwire_Funds,Low_Risk,Clean_NoHit,40.27,1
SWIFT_W92567,HSBCGB2L,SMBCJPJT,NL,US,803.93,USD/CAD,SWIFT_MT103,Low_Risk,Clean_NoHit,2.36,0
SWIFT_W92746,HDFCINBB,SBININBB,SG,AU,9223.76,EUR/AED,ISO20022_pacs008,Enhanced_Due_Diligence,Clean_NoHit,38.53,0
SWIFT_W91239,HSBCGB2L,SBININBB,CH,ES,1009.38,EUR/SGD,SWIFT_MT103,Standard_Risk,Clean_NoHit,3.68,0
SWIFT_W92817,HSBCGB2L,STANHKHH,DE,DE,901.21,EUR/CHF,SWIFT_MT103,Low_Risk,Clean_NoHit,1.60,0
SWIFT_W91064,HDFCINBB,SMBCJPJT,AU,ES,29816.36,EUR/USD,SEPA_Instant_Credit,Standard_Risk,Clean_NoHit,44.72,0
SWIFT_W92937,SANTRSMM,UBSWCHZH,IN,AU,1101.59,EUR/AED,ISO20022_pacs008,Enhanced_Due_Diligence,Clean_NoHit,4.57,0
SWIFT_W92248,DBSSHKHH,FABAEADX,CH,CH,75473.24,EUR/GBP,SEPA_Instant_Credit,Low_Risk,Cleared_FalsePositive,131.49,1
SWIFT_W91680,HDFCINBB,STANHKHH,AU,CH,59793.23,EUR/SGD,ISO20022_pacs008,PEP_Politically_Exposed,Clean_NoHit,89.50,0
SWIFT_W92539,HDFCINBB,SMBCJPJT,CH,CA,51968.26,EUR/CHF,ISO20022_pacs008,Low_Risk,Cleared_FalsePositive,58.07,0
SWIFT_W92001,DBSGSGSG,INGBNL2A,CH,ES,158087.02,EUR/INR,SEPA_Instant_Credit,Low_Risk,Cleared_FalsePositive,114.37,0
SWIFT_W91230,HDFCINBB,SMBCJPJT,AU,DE,77154.29,EUR/SGD,ISO20022_pacs008,PEP_Politically_Exposed,Clean_NoHit,96.20,0
SWIFT_W92809,HSBCGB2L,UBSWCHZH,AU,AU,1962.95,EUR/AED,Fedwire_Funds,Enhanced_Due_Diligence,Clean_NoHit,6.18,0
SWIFT_W91712,DBSSHKHH,INGBNL2A,FR,CH,212596.73,EUR/GBP,SEPA_Instant_Credit,Low_Risk,Cleared_FalsePositive,161.44,0
SWIFT_W91121,HDFCINBB,SMBCJPJT,AU,JP,1026.69,USD/JPY,SWIFT_MT103,Standard_Risk,Clean_NoHit,5.91,0
SWIFT_W92637,DBSGSGSG,BCOPESMM,CH,ES,13054.08,EUR/CHF,SEPA_Instant_Credit,PEP_Politically_Exposed,Clean_NoHit,37.86,0
SWIFT_W91217,HDFCINBB,SBININBB,AU,SG,1059.81,EUR/SGD,SWIFT_MT103,Standard_Risk,Clean_NoHit,5.08,0
SWIFT_W91333,HDFCINBB,STANHKHH,DE,DE,26523.38,EUR/GBP,SEPA_Instant_Credit,Low_Risk,Clean_NoHit,30.83,0
SWIFT_W92411,HSBCGB2L,SBININBB,SG,GB,1231.73,USD/CAD,SWIFT_MT103,Enhanced_Due_Diligence,Clean_NoHit,19.94,0
SWIFT_W92861,HSBCGB2L,STANHKHH,AE,AU,3393.77,EUR/AED,Fedwire_Funds,Enhanced_Due_Diligence,Clean_NoHit,12.07,0
SWIFT_W92600,HDFCINBB,STANHKHH,DE,AU,14602.60,EUR/AED,ISO20022_pacs008,Enhanced_Due_Diligence,Clean_NoHit,52.81,0
SWIFT_W92509,DEUTDEDD,RABONL2U,FR,CA,27201.74,EUR/CHF,SEPA_Instant_Credit,Enhanced_Due_Diligence,Cleared_FalsePositive,112.53,0
SWIFT_W92692,DEUTDEDD,BARCGB22,NL,ES,2155.46,EUR/CHF,SWIFT_MT103,Enhanced_Due_Diligence,Clean_NoHit,70.91,0
SWIFT_W92770,HSBCGB2L,UBSWCHZH,AU,AU,3775.41,EUR/AED,Fedwire_Funds,Enhanced_Due_Diligence,Clean_NoHit,9.92,0
SWIFT_W92444,DBSSHKHH,INGBNL2A,CH,CH,66990.85,EUR/CHF,SEPA_Instant_Credit,Low_Risk,Cleared_FalsePositive,106.18,1
SWIFT_W92795,DEUTDEDD,BARCGB22,CH,SG,807.28,EUR/GBP,SWIFT_MT103,Standard_Risk,Clean_NoHit,1.57,0
SWIFT_W92769,HSBCGB2L,RABONL2U,NL,CA,7222.19,EUR/CHF,SEPA_Instant_Credit,Enhanced_Due_Diligence,Clean_NoHit,66.14,0
SWIFT_W92851,DBSSHKHH,BCOPESMM,DE,GB,3133.17,EUR/CHF,SWIFT_MT103,PEP_Politically_Exposed,Clean_NoHit,21.52,0
SWIFT_W92748,HSBCGB2L,SMBCJPJT,IN,AU,5620.05,EUR/AED,ISO20022_pacs008,Enhanced_Due_Diligence,Clean_NoHit,47.42,0
SWIFT_W91398,HSBCGB2L,STANHKHH,DE,JP,932.45,USD/CAD,SWIFT_MT103,PEP_Politically_Exposed,Clean_NoHit,4.16,0
SWIFT_W92520,DEUTDEDD,RABONL2U,IN,CA,47393.14,EUR/GBP,SEPA_Instant_Credit,Enhanced_Due_Diligence,Cleared_FalsePositive,173.73,0
SWIFT_W91893,DBSSHKHH,SBININBB,CH,CH,298476.94,EUR/JPY,SEPA_Instant_Credit,Low_Risk,Cleared_FalsePositive,163.83,1
SWIFT_W92356,HDFCINBB,SMBCJPJT,IN,CH,21562.60,EUR/GBP,SEPA_Instant_Credit,Enhanced_Due_Diligence,Clean_NoHit,49.33,0
SWIFT_W91242,HSBCGB2L,STANHKHH,AU,GB,1170.38,USD/JPY,SWIFT_MT103,Standard_Risk,Clean_NoHit,5.98,0
SWIFT_W92411,HDFCINBB,STANHKHH,CH,CA,20508.78,EUR/AED,Fedwire_Funds,Low_Risk,Clean_NoHit,29.65,0
SWIFT_W92764,DEUTDEDD,BCOPESMM,NL,ES,7238.90,EUR/CHF,SEPA_Instant_Credit,Enhanced_Due_Diligence,Clean_NoHit,82.28,0
SWIFT_W90641,SANTRSMM,UBSWCHZH,AU,SG,800.53,USD/JPY,SWIFT_MT103,Standard_Risk,Clean_NoHit,0.21,0
SWIFT_W92183,HDFCINBB,STANHKHH,AU,GB,2692.72,EUR/GBP,SEPA_Instant_Credit,PEP_Politically_Exposed,Clean_NoHit,6.46,0
SWIFT_W92098,HDFCINBB,STANHKHH,AU,CA,98029.49,EUR/GBP,Fedwire_Funds,Low_Risk,Cleared_FalsePositive,105.14,1
SWIFT_W92828,HSBCGB2L,SMBCJPJT,GB,CA,4779.50,EUR/CHF,ISO20022_pacs008,Low_Risk,Clean_NoHit,10.94,0
SWIFT_W91564,SANTRSMM,UBSWCHZH,AU,GB,800.58,EUR/GBP,SWIFT_MT103,Standard_Risk,Clean_NoHit,0.22,0
SWIFT_W92430,HDFCINBB,STANHKHH,AU,CA,23988.52,EUR/CHF,Fedwire_Funds,Low_Risk,Clean_NoHit,45.25,0
SWIFT_W92792,SANTRSMM,STANHKHH,GB,ES,805.49,EUR/JPY,SWIFT_MT103,PEP_Politically_Exposed,Clean_NoHit,0.67,0
SWIFT_W92350,SANTRSMM,SMBCJPJT,DE,SG,801.27,USD/JPY,SWIFT_MT103,Standard_Risk,Clean_NoHit,0.60,0
SWIFT_W92292,DEUTDEDD,SMBCJPJT,AU,AU,53250.59,EUR/CHF,ISO20022_pacs008,Enhanced_Due_Diligence,Cleared_FalsePositive,110.73,1
SWIFT_W92342,DEUTDEDD,SMBCJPJT,CH,CA,48960.53,EUR/CHF,ISO20022_pacs008,Enhanced_Due_Diligence,Cleared_FalsePositive,116.03,1
SWIFT_W91612,HSBCGB2L,STANHKHH,AE,CA,11562.55,EUR/INR,ISO20022_pacs008,PEP_Politically_Exposed,Clean_NoHit,44.83,0
SWIFT_W91933,DBSSHKHH,RABONL2U,DE,CH,284590.62,EUR/GBP,ISO20022_pacs008,Low_Risk,Cleared_FalsePositive,159.67,1
SWIFT_W91687,DEUTDEDD,SBININBB,AU,ES,104523.45,EUR/SGD,SEPA_Instant_Credit,Low_Risk,Cleared_FalsePositive,124.54,1
SWIFT_W92097,HDFCINBB,STANHKHH,AU,CA,27025.29,EUR/GBP,ISO20022_pacs008,Low_Risk,Clean_NoHit,51.77,0
SWIFT_W92746,SANTRSMM,UBSWCHZH,AE,DE,801.14,EUR/CHF,SWIFT_MT103,Standard_Risk,Clean_NoHit,0.26,0
SWIFT_W91809,DEUTDEDD,STANHKHH,CH,DE,61933.90,EUR/SGD,SEPA_Instant_Credit,Low_Risk,Clean_NoHit,105.51,0
SWIFT_W92665,HSBCGB2L,SMBCJPJT,GB,SG,802.27,EUR/JPY,SWIFT_MT103,Standard_Risk,Clean_NoHit,0.80,0
SWIFT_W91568,DBSSHKHH,SBININBB,CH,DE,159947.23,EUR/SGD,SEPA_Instant_Credit,Low_Risk,Cleared_FalsePositive,118.52,0
SWIFT_W92272,HSBCGB2L,STANHKHH,CH,US,800.68,EUR/USD,SWIFT_MT103,Standard_Risk,Clean_NoHit,0.33,0
SWIFT_W90318,HSBCGB2L,UBSWCHZH,AU,ES,972.21,USD/CAD,SWIFT_MT103,Standard_Risk,Clean_NoHit,4.00,0
SWIFT_W92572,DBSSHKHH,INGBNL2A,GB,CA,52284.52,EUR/INR,SEPA_Instant_Credit,Enhanced_Due_Diligence,Cleared_FalsePositive,146.84,0
SWIFT_W92968,SANTRSMM,SMBCJPJT,US,ES,803.68,EUR/AED,SWIFT_MT103,Enhanced_Due_Diligence,Clean_NoHit,1.04,0
SWIFT_W90731,HSBCGB2L,STANHKHH,AU,ES,5941.79,USD/CAD,SEPA_Instant_Credit,PEP_Politically_Exposed,Clean_NoHit,27.78,0
SWIFT_W92107,DEUTDEDD,SMBCJPJT,AU,CH,50820.85,EUR/GBP,ISO20022_pacs008,PEP_Politically_Exposed,Clean_NoHit,45.39,0
SWIFT_W92112,HSBCGB2L,SBININBB,IN,SG,801.69,EUR/USD,SWIFT_MT103,Standard_Risk,Clean_NoHit,0.90,0
SWIFT_W91607,HSBCGB2L,UBSWCHZH,FR,DE,1003.25,EUR/GBP,SWIFT_MT103,PEP_Politically_Exposed,Clean_NoHit,2.49,0
SWIFT_W92214,HDFCINBB,INGBNL2A,IN,CH,23409.74,EUR/JPY,SEPA_Instant_Credit,Enhanced_Due_Diligence,Clean_NoHit,90.72,0
SWIFT_W92820,HSBCGB2L,UBSWCHZH,AU,AU,1440.96,EUR/AED,Fedwire_Funds,Enhanced_Due_Diligence,Clean_NoHit,8.94,0
SWIFT_W92738,HSBCGB2L,UBSWCHZH,AU,AU,2804.50,EUR/AED,Fedwire_Funds,Enhanced_Due_Diligence,Clean_NoHit,19.91,1
SWIFT_W92464,HDFCINBB,STANHKHH,CH,CA,21933.04,EUR/CHF,ISO20022_pacs008,Enhanced_Due_Diligence,Clean_NoHit,36.74,0
SWIFT_W90592,HDFCINBB,SMBCJPJT,AU,JP,902.84,USD/CAD,SWIFT_MT103,Standard_Risk,Clean_NoHit,3.43,0
SWIFT_W92700,HSBCGB2L,SBININBB,AU,US,800.54,EUR/CHF,SWIFT_MT103,Standard_Risk,Clean_NoHit,0.21,0
SWIFT_W91908,HDFCINBB,STANHKHH,DE,CH,76428.21,EUR/JPY,SEPA_Instant_Credit,Low_Risk,Clean_NoHit,96.08,0
SWIFT_W92402,DBSSHKHH,RABONL2U,DE,CH,93386.59,EUR/GBP,SEPA_Instant_Credit,Enhanced_Due_Diligence,Cleared_FalsePositive,154.15,1
SWIFT_W91920,HSBCGB2L,UBSWCHZH,IN,JP,913.83,EUR/JPY,SWIFT_MT103,Low_Risk,Clean_NoHit,4.92,0
SWIFT_W92795,HDFCINBB,INGBNL2A,IN,DE,4057.89,EUR/AED,SEPA_Instant_Credit,Enhanced_Due_Diligence,Clean_NoHit,51.85,0
SWIFT_W92789,SANTRSMM,UBSWCHZH,AE,DE,800.98,EUR/SGD,SWIFT_MT103,PEP_Politically_Exposed,Clean_NoHit,0.27,0
SWIFT_W92669,HDFCINBB,SMBCJPJT,NL,CH,6034.40,EUR/AED,ISO20022_pacs008,Enhanced_Due_Diligence,Clean_NoHit,34.02,0
SWIFT_W92664,HDFCINBB,RABONL2U,IN,AU,26479.01,EUR/CHF,SEPA_Instant_Credit,Enhanced_Due_Diligence,Clean_NoHit,84.18,0
SWIFT_W91822,HDFCINBB,STANHKHH,CH,GB,1063.30,USD/CAD,SWIFT_MT103,PEP_Politically_Exposed,Clean_NoHit,4.94,0
SWIFT_W91822,DEUTDEDD,RABONL2U,AU,JP,2421.13,EUR/INR,SWIFT_MT103,Standard_Risk,Clean_NoHit,7.01,0
SWIFT_W92068,HSBCGB2L,UBSWCHZH,AU,CH,5024.77,EUR/GBP,ISO20022_pacs008,Low_Risk,Clean_NoHit,15.91,0
SWIFT_W92495,DEUTDEDD,FABAEADX,IN,CA,45427.51,EUR/GBP,SEPA_Instant_Credit,Enhanced_Due_Diligence,Cleared_FalsePositive,124.27,0
SWIFT_W92822,HSBCGB2L,SBININBB,NL,CH,1450.03,EUR/AED,SEPA_Instant_Credit,Enhanced_Due_Diligence,Clean_NoHit,7.73,0
SWIFT_W92563,DBSSHKHH,BARCGB22,DE,GB,3092.06,EUR/CHF,SWIFT_MT103,PEP_Politically_Exposed,Clean_NoHit,29.74,0
SWIFT_W92883,HSBCGB2L,SBININBB,US,CH,1591.89,EUR/AED,SEPA_Instant_Credit,Enhanced_Due_Diligence,Clean_NoHit,21.34,0
SWIFT_W91202,SANTRSMM,UBSWCHZH,AU,JP,801.24,USD/CAD,SWIFT_MT103,Standard_Risk,Clean_NoHit,0.30,0
SWIFT_W91181,HDFCINBB,STANHKHH,AE,GB,1123.91,USD/CAD,SWIFT_MT103,Standard_Risk,Clean_NoHit,3.47,0
SWIFT_W92823,SANTRSMM,UBSWCHZH,AU,SG,800.60,EUR/CHF,SWIFT_MT103,Standard_Risk,Clean_NoHit,0.22,0
SWIFT_W92709,HSBCGB2L,SMBCJPJT,SG,DE,1655.75,EUR/CHF,SEPA_Instant_Credit,Enhanced_Due_Diligence,Clean_NoHit,15.72,0
SWIFT_W92398,HDFCINBB,SMBCJPJT,FR,CA,27757.11,EUR/CHF,ISO20022_pacs008,Enhanced_Due_Diligence,Cleared_FalsePositive,123.46,0
SWIFT_W92606,DEUTDEDD,FABAEADX,IN,CH,15502.77,EUR/GBP,SEPA_Instant_Credit,Enhanced_Due_Diligence,Cleared_FalsePositive,198.94,0
SWIFT_W92126,DBSSHKHH,RABONL2U,CH,CH,189425.78,EUR/INR,SEPA_Instant_Credit,Low_Risk,Cleared_FalsePositive,143.28,1
SWIFT_W92264,DEUTDEDD,SBININBB,CH,CH,82852.04,EUR/CHF,ISO20022_pacs008,PEP_Politically_Exposed,Cleared_FalsePositive,76.42,0
SWIFT_W91346,HDFCINBB,SMBCJPJT,GB,CA,8945.50,EUR/INR,SEPA_Instant_Credit,Low_Risk,Clean_NoHit,36.94,0
SWIFT_W92833,HSBCGB2L,STANHKHH,IN,AU,2514.53,EUR/AED,ISO20022_pacs008,Enhanced_Due_Diligence,Clean_NoHit,12.44,0
SWIFT_W92685,DBSSHKHH,BCOPESMM,FR,ES,17115.56,EUR/CHF,SEPA_Instant_Credit,Low_Risk,Cleared_FalsePositive,74.27,0
SWIFT_W91042,HDFCINBB,STANHKHH,DE,GB,6225.98,EUR/GBP,SEPA_Instant_Credit,Standard_Risk,Clean_NoHit,14.46,0
SWIFT_W92004,DEUTDEDD,SMBCJPJT,AU,CH,68355.29,EUR/JPY,ISO20022_pacs008,Low_Risk,Cleared_FalsePositive,163.09,1
SWIFT_W92168,DBSSHKHH,RABONL2U,CH,CH,77198.72,EUR/GBP,SEPA_Instant_Credit,Enhanced_Due_Diligence,Cleared_FalsePositive,170.27,1
SWIFT_W92866,HDFCINBB,RABONL2U,IN,AU,5555.46,EUR/AED,ISO20022_pacs008,Enhanced_Due_Diligence,Clean_NoHit,64.58,0
SWIFT_W92397,HDFCINBB,STANHKHH,CH,CA,17748.59,EUR/CHF,Fedwire_Funds,Enhanced_Due_Diligence,Cleared_FalsePositive,55.62,1
SWIFT_W92788,HDFCINBB,SMBCJPJT,DE,AU,12918.77,EUR/AED,ISO20022_pacs008,Enhanced_Due_Diligence,Cleared_FalsePositive,36.08,0
SWIFT_W92897,HSBCGB2L,INGBNL2A,US,GB,826.21,EUR/AED,SWIFT_MT103,Enhanced_Due_Diligence,Clean_NoHit,3.57,0
SWIFT_W92306,DBSSHKHH,BCOPESMM,FR,DE,25761.46,EUR/CHF,SEPA_Instant_Credit,Low_Risk,Cleared_FalsePositive,81.32,0
SWIFT_W92852,HDFCINBB,BARCGB22,NL,CH,3079.75,EUR/CHF,SEPA_Instant_Credit,Enhanced_Due_Diligence,Clean_NoHit,52.44,0
SWIFT_W92817,HSBCGB2L,STANHKHH,GB,SG,802.21,EUR/AED,SWIFT_MT103,PEP_Politically_Exposed,Clean_NoHit,0.43,0
SWIFT_W92723,HSBCGB2L,SMBCJPJT,FR,SG,801.89,EUR/GBP,SWIFT_MT103,PEP_Politically_Exposed,Clean_NoHit,0.61,0
SWIFT_W92263,DEUTDEDD,RABONL2U,AU,GB,6123.15,EUR/SGD,SWIFT_MT103,Standard_Risk,Clean_NoHit,13.67,0
SWIFT_W92895,HSBCGB2L,STANHKHH,GB,CA,1766.73,EUR/AED,ISO20022_pacs008,Enhanced_Due_Diligence,Clean_NoHit,5.44,0
SWIFT_W92492,DEUTDEDD,FABAEADX,FR,CH,25251.12,EUR/CHF,SEPA_Instant_Credit,Enhanced_Due_Diligence,Cleared_FalsePositive,175.12,0
SWIFT_W91853,SANTRSMM,UBSWCHZH,AE,GB,800.69,EUR/INR,SWIFT_MT103,Standard_Risk,Clean_NoHit,0.25,0
SWIFT_W91983,HDFCINBB,SMBCJPJT,AU,CA,84692.45,EUR/INR,ISO20022_pacs008,PEP_Politically_Exposed,Clean_NoHit,77.15,0
SWIFT_W92855,HDFCINBB,BCOPESMM,FR,SG,812.48,EUR/AED,SWIFT_MT103,PEP_Politically_Exposed,Clean_NoHit,2.01,0
SWIFT_W91644,HSBCGB2L,STANHKHH,IN,JP,814.31,EUR/JPY,SWIFT_MT103,Standard_Risk,Clean_NoHit,1.18,0
SWIFT_W92887,HDFCINBB,RABONL2U,CH,JP,920.60,EUR/AED,SWIFT_MT103,Standard_Risk,Clean_NoHit,2.12,0
SWIFT_W92236,DBSSHKHH,INGBNL2A,CH,CH,100526.55,EUR/GBP,SEPA_Instant_Credit,Low_Risk,Cleared_FalsePositive,112.90,1
SWIFT_W92870,HSBCGB2L,STANHKHH,SG,AU,1289.73,EUR/AED,ISO20022_pacs008,Enhanced_Due_Diligence,Clean_NoHit,5.99,0
SWIFT_W92848,HSBCGB2L,SBININBB,SG,CA,2974.17,EUR/AED,SEPA_Instant_Credit,Enhanced_Due_Diligence,Clean_NoHit,46.62,0
SWIFT_W92647,HDFCINBB,SBININBB,FR,AU,21200.54,EUR/CHF,ISO20022_pacs008,Enhanced_Due_Diligence,Cleared_FalsePositive,80.09,1
SWIFT_W92377,DEUTDEDD,SMBCJPJT,FR,DE,55149.66,EUR/INR,SEPA_Instant_Credit,Low_Risk,Clean_NoHit,83.12,0
SWIFT_W92652,HDFCINBB,SBININBB,FR,CA,23676.93,EUR/CHF,ISO20022_pacs008,Enhanced_Due_Diligence,Cleared_FalsePositive,52.34,0
SWIFT_W92541,DEUTDEDD,SBININBB,FR,CA,33476.57,EUR/CHF,ISO20022_pacs008,Enhanced_Due_Diligence,Clean_NoHit,67.81,0
SWIFT_W90635,HSBCGB2L,STANHKHH,AE,GB,809.74,EUR/SGD,SWIFT_MT103,Standard_Risk,Clean_NoHit,0.74,0
SWIFT_W92079,DBSSHKHH,SMBCJPJT,AU,DE,82298.28,EUR/INR,ISO20022_pacs008,PEP_Politically_Exposed,Cleared_FalsePositive,85.26,0
SWIFT_W92764,HSBCGB2L,RABONL2U,US,DE,1289.12,EUR/CHF,SWIFT_MT103,Enhanced_Due_Diligence,Clean_NoHit,21.55,0
SWIFT_W90443,SANTRSMM,UBSWCHZH,AE,ES,852.15,USD/CAD,SWIFT_MT103,Standard_Risk,Clean_NoHit,2.66,0
SWIFT_W92914,HSBCGB2L,SBININBB,NL,GB,815.66,EUR/AED,SWIFT_MT103,PEP_Politically_Exposed,Clean_NoHit,0.84,0
SWIFT_W92585,HSBCGB2L,UBSWCHZH,FR,ES,2496.83,EUR/CHF,SEPA_Instant_Credit,Enhanced_Due_Diligence,Clean_NoHit,12.58,0
SWIFT_W92607,HDFCINBB,FABAEADX,GB,CA,12957.98,EUR/AED,SEPA_Instant_Credit,Enhanced_Due_Diligence,Clean_NoHit,61.30,0
SWIFT_W92314,DEUTDEDD,SMBCJPJT,GB,DE,30995.80,EUR/CHF,SEPA_Instant_Credit,Low_Risk,Clean_NoHit,57.08,0
SWIFT_W91701,HDFCINBB,SMBCJPJT,AU,GB,858.23,EUR/USD,SWIFT_MT103,Standard_Risk,Clean_NoHit,2.02,0
SWIFT_W92497,DBSSHKHH,INGBNL2A,GB,ES,28792.29,EUR/CHF,SEPA_Instant_Credit,Low_Risk,Clean_NoHit,87.61,0
SWIFT_W91359,HDFCINBB,SMBCJPJT,DE,JP,9405.64,EUR/JPY,SWIFT_MT103,PEP_Politically_Exposed,Clean_NoHit,23.00,0
SWIFT_W91996,HDFCINBB,SBININBB,FR,SG,828.07,EUR/INR,SWIFT_MT103,Standard_Risk,Clean_NoHit,2.12,0
SWIFT_W91106,SANTRSMM,UBSWCHZH,CH,CA,1946.47,EUR/SGD,SEPA_Instant_Credit,PEP_Politically_Exposed,Clean_NoHit,7.46,0
SWIFT_W92531,DEUTDEDD,FABAEADX,FR,CH,27641.21,EUR/GBP,SEPA_Instant_Credit,Low_Risk,Clean_NoHit,42.93,0
SWIFT_W90752,HSBCGB2L,UBSWCHZH,AU,ES,972.37,EUR/USD,SWIFT_MT103,Standard_Risk,Clean_NoHit,2.97,0
SWIFT_W91999,DBSSHKHH,RABONL2U,DE,CH,258058.55,EUR/INR,SEPA_Instant_Credit,Low_Risk,Cleared_FalsePositive,152.03,1
SWIFT_W91591,SANTRSMM,UBSWCHZH,AE,CA,844.55,EUR/GBP,SEPA_Instant_Credit,Standard_Risk,Clean_NoHit,1.06,0
SWIFT_W90765,HDFCINBB,SMBCJPJT,DE,DE,8579.78,EUR/INR,SWIFT_MT103,Standard_Risk,Clean_NoHit,23.07,0
SWIFT_W92777,HDFCINBB,UBSWCHZH,AE,AU,3424.93,EUR/AED,Fedwire_Funds,Enhanced_Due_Diligence,Clean_NoHit,12.52,0
SWIFT_W92334,DEUTDEDD,INGBNL2A,GB,ES,88682.55,EUR/JPY,SEPA_Instant_Credit,Enhanced_Due_Diligence,Cleared_FalsePositive,182.59,0
SWIFT_W91336,SANTRSMM,UBSWCHZH,AU,JP,802.53,USD/CAD,SWIFT_MT103,Standard_Risk,Clean_NoHit,0.38,0
SWIFT_W92819,HSBCGB2L,SBININBB,US,JP,811.53,EUR/CHF,SWIFT_MT103,Low_Risk,Clean_NoHit,2.28,0
SWIFT_W92777,HDFCINBB,SMBCJPJT,DE,DE,8217.66,EUR/AED,SEPA_Instant_Credit,Low_Risk,Clean_NoHit,13.70,0
SWIFT_W91678,HSBCGB2L,STANHKHH,CH,CH,8949.92,EUR/INR,SEPA_Instant_Credit,PEP_Politically_Exposed,Clean_NoHit,16.91,0
SWIFT_W92286,DBSSHKHH,INGBNL2A,GB,CH,82557.16,EUR/INR,SEPA_Instant_Credit,Enhanced_Due_Diligence,Cleared_FalsePositive,219.82,0
SWIFT_W92623,DEUTDEDD,SBININBB,AU,CA,32273.60,EUR/CHF,ISO20022_pacs008,Low_Risk,Cleared_FalsePositive,84.87,1
SWIFT_W92663,DBSGSGSG,RABONL2U,AU,DE,32560.98,EUR/CHF,ISO20022_pacs008,Low_Risk,Cleared_FalsePositive,44.09,0
SWIFT_W92565,HDFCINBB,STANHKHH,AU,CA,16873.54,EUR/AED,Fedwire_Funds,Low_Risk,Clean_NoHit,24.81,0
SWIFT_W92021,DEUTDEDD,SBININBB,DE,CA,139590.41,EUR/GBP,SEPA_Instant_Credit,Low_Risk,Cleared_FalsePositive,158.30,1
SWIFT_W92595,HDFCINBB,BARCGB22,SG,ES,1173.16,EUR/AED,SWIFT_MT103,Enhanced_Due_Diligence,Clean_NoHit,44.72,0
SWIFT_W92164,HDFCINBB,SMBCJPJT,AU,CA,46351.76,EUR/CHF,ISO20022_pacs008,Low_Risk,Cleared_FalsePositive,126.21,1
SWIFT_W92874,HSBCGB2L,SMBCJPJT,SG,AU,2972.24,EUR/AED,SEPA_Instant_Credit,Enhanced_Due_Diligence,Clean_NoHit,18.95,0
SWIFT_W92390,DBSSHKHH,FABAEADX,CH,ES,16765.10,EUR/SGD,SWIFT_MT103,PEP_Politically_Exposed,Clean_NoHit,43.59,0
SWIFT_W91525,HSBCGB2L,STANHKHH,AU,DE,908.22,EUR/JPY,SWIFT_MT103,Standard_Risk,Clean_NoHit,1.98,0
SWIFT_W92831,HSBCGB2L,STANHKHH,SG,CH,2593.70,EUR/AED,SEPA_Instant_Credit,Enhanced_Due_Diligence,Clean_NoHit,12.23,0
SWIFT_W92747,HDFCINBB,STANHKHH,AU,AU,8861.37,EUR/AED,Fedwire_Funds,Enhanced_Due_Diligence,Clean_NoHit,19.74,0
SWIFT_W92771,HSBCGB2L,STANHKHH,SG,CA,4303.47,EUR/AED,Fedwire_Funds,Enhanced_Due_Diligence,Clean_NoHit,21.64,0
SWIFT_W92188,HSBCGB2L,SMBCJPJT,DE,SG,801.40,EUR/JPY,SWIFT_MT103,Standard_Risk,Clean_NoHit,0.51,0
SWIFT_W92399,DBSSHKHH,INGBNL2A,DE,DE,91194.80,EUR/GBP,SEPA_Instant_Credit,Low_Risk,Cleared_FalsePositive,106.53,0
SWIFT_W90210,SANTRSMM,UBSWCHZH,AE,SG,800.86,USD/JPY,SWIFT_MT103,Standard_Risk,Clean_NoHit,0.37,0
SWIFT_W92821,HDFCINBB,BARCGB22,SG,GB,1105.82,EUR/CHF,SWIFT_MT103,Enhanced_Due_Diligence,Clean_NoHit,36.53,0
SWIFT_W92682,HSBCGB2L,STANHKHH,AU,US,800.58,EUR/SGD,SWIFT_MT103,Standard_Risk,Clean_NoHit,0.25,0
SWIFT_W92351,DBSSHKHH,RABONL2U,CH,CA,77053.94,EUR/GBP,SEPA_Instant_Credit,Low_Risk,Cleared_FalsePositive,123.83,1
SWIFT_W91835,HSBCGB2L,UBSWCHZH,AE,GB,806.81,EUR/INR,SWIFT_MT103,Standard_Risk,Clean_NoHit,0.54,0
SWIFT_W92775,HSBCGB2L,SMBCJPJT,NL,DE,1404.33,EUR/CHF,SWIFT_MT103,Enhanced_Due_Diligence,Clean_NoHit,10.93,0
SWIFT_W92866,HSBCGB2L,STANHKHH,AU,SG,800.94,EUR/CHF,SWIFT_MT103,Standard_Risk,Clean_NoHit,0.26,0
SWIFT_W92198,DBSSHKHH,FABAEADX,AU,JP,1371.13,EUR/GBP,SWIFT_MT103,Standard_Risk,Clean_NoHit,6.13,0
SWIFT_W92824,HDFCINBB,RABONL2U,GB,GB,995.44,EUR/CHF,SWIFT_MT103,Low_Risk,Clean_NoHit,5.64,0
SWIFT_W92491,HSBCGB2L,UBSWCHZH,AE,AU,9781.23,EUR/CHF,Fedwire_Funds,Enhanced_Due_Diligence,Cleared_FalsePositive,90.47,1
SWIFT_W91346,DBSSHKHH,SBININBB,AU,SG,3320.14,EUR/SGD,SWIFT_MT103,Standard_Risk,Clean_NoHit,13.97,0
SWIFT_W92961,HSBCGB2L,BCOPESMM,NL,CA,1278.95,EUR/AED,SEPA_Instant_Credit,Enhanced_Due_Diligence,Clean_NoHit,11.94,0
SWIFT_W92138,DEUTDEDD,SMBCJPJT,CH,CA,140925.67,EUR/GBP,ISO20022_pacs008,Low_Risk,Cleared_FalsePositive,98.95,1
SWIFT_W92920,HSBCGB2L,STANHKHH,DE,CA,1956.67,EUR/AED,ISO20022_pacs008,Enhanced_Due_Diligence,Clean_NoHit,4.59,0
SWIFT_W91961,HSBCGB2L,SMBCJPJT,SG,CH,3537.74,EUR/GBP,SEPA_Instant_Credit,Low_Risk,Clean_NoHit,23.52,0
SWIFT_W92720,HSBCGB2L,SBININBB,US,ES,1393.09,EUR/GBP,SWIFT_MT103,Enhanced_Due_Diligence,Clean_NoHit,21.37,0
SWIFT_W91724,DEUTDEDD,RABONL2U,CH,ES,3665.05,EUR/GBP,SWIFT_MT103,Standard_Risk,Clean_NoHit,13.55,0
SWIFT_W92347,DBSGSGSG,FABAEADX,CH,ES,63287.16,EUR/CHF,SEPA_Instant_Credit,PEP_Politically_Exposed,Cleared_FalsePositive,78.25,0
SWIFT_W92641,DEUTDEDD,SBININBB,AU,CA,43575.50,EUR/CHF,ISO20022_pacs008,Enhanced_Due_Diligence,Cleared_FalsePositive,69.28,1
SWIFT_W91834,DBSSHKHH,SBININBB,CH,CH,165307.19,EUR/JPY,SEPA_Instant_Credit,Low_Risk,Cleared_FalsePositive,109.72,0
SWIFT_W91536,HSBCGB2L,UBSWCHZH,AE,CH,1454.64,EUR/USD,SEPA_Instant_Credit,Standard_Risk,Clean_NoHit,7.28,0
SWIFT_W92281,DBSSHKHH,RABONL2U,AU,ES,10745.54,EUR/JPY,SEPA_Instant_Credit,Standard_Risk,Clean_NoHit,23.45,0
SWIFT_W92154,DBSSHKHH,RABONL2U,CH,CH,141077.05,EUR/GBP,SEPA_Instant_Credit,Low_Risk,Cleared_FalsePositive,147.77,1
SWIFT_W92375,DEUTDEDD,SMBCJPJT,AU,CA,57063.17,EUR/CHF,ISO20022_pacs008,Low_Risk,Clean_NoHit,45.59,0
SWIFT_W92814,HSBCGB2L,STANHKHH,SG,DE,3638.57,EUR/AED,SEPA_Instant_Credit,Enhanced_Due_Diligence,Clean_NoHit,38.10,0
SWIFT_W92860,DEUTDEDD,BARCGB22,IN,GB,1506.04,EUR/AED,SWIFT_MT103,Low_Risk,Clean_NoHit,28.53,0
SWIFT_W92850,HSBCGB2L,INGBNL2A,SG,GB,3477.91,EUR/GBP,SEPA_Instant_Credit,Enhanced_Due_Diligence,Clean_NoHit,68.61,0
SWIFT_W92654,SANTRSMM,SMBCJPJT,NL,GB,823.39,EUR/SGD,SWIFT_MT103,Low_Risk,Clean_NoHit,1.74,0
SWIFT_W91059,HSBCGB2L,UBSWCHZH,AE,CH,835.31,EUR/JPY,SWIFT_MT103,Standard_Risk,Clean_NoHit,0.77,0
SWIFT_W92849,HSBCGB2L,RABONL2U,NL,JP,814.79,EUR/CHF,SWIFT_MT103,PEP_Politically_Exposed,Clean_NoHit,1.12,0
SWIFT_W92889,HSBCGB2L,STANHKHH,SG,GB,826.20,EUR/AED,SWIFT_MT103,Low_Risk,Clean_NoHit,1.34,0
SWIFT_W92613,HDFCINBB,SMBCJPJT,AU,AU,33333.80,EUR/CHF,ISO20022_pacs008,Enhanced_Due_Diligence,Cleared_FalsePositive,42.67,1
SWIFT_W92647,HDFCINBB,BCOPESMM,NL,CH,7916.85,EUR/CHF,SEPA_Instant_Credit,Enhanced_Due_Diligence,Clean_NoHit,67.95,0
SWIFT_W91553,SANTRSMM,UBSWCHZH,AU,AU,2676.55,EUR/INR,ISO20022_pacs008,PEP_Politically_Exposed,Clean_NoHit,7.82,0
SWIFT_W92379,DEUTDEDD,RABONL2U,NL,CH,25603.14,EUR/INR,SEPA_Instant_Credit,Enhanced_Due_Diligence,Clean_NoHit,145.62,0
SWIFT_W91397,HSBCGB2L,STANHKHH,AE,SG,817.03,USD/JPY,SWIFT_MT103,Standard_Risk,Clean_NoHit,1.42,0
SWIFT_W91754,HDFCINBB,STANHKHH,AU,CH,18328.89,EUR/GBP,ISO20022_pacs008,PEP_Politically_Exposed,Clean_NoHit,30.21,0
SWIFT_W91817,HDFCINBB,SBININBB,DE,GB,1036.02,EUR/SGD,SWIFT_MT103,Standard_Risk,Clean_NoHit,5.53,0
SWIFT_W92361,HDFCINBB,STANHKHH,AU,AU,13522.56,EUR/CHF,Fedwire_Funds,Low_Risk,Clean_NoHit,63.00,1
SWIFT_W92412,DBSSHKHH,FABAEADX,AU,GB,25912.89,EUR/GBP,SEPA_Instant_Credit,PEP_Politically_Exposed,Cleared_FalsePositive,56.83,0
SWIFT_W91479,HSBCGB2L,SMBCJPJT,FR,CH,3378.62,EUR/USD,SWIFT_MT103,PEP_Politically_Exposed,Clean_NoHit,16.14,0
SWIFT_W92504,HDFCINBB,STANHKHH,CH,CH,11107.02,EUR/AED,ISO20022_pacs008,Low_Risk,Clean_NoHit,18.67,0
SWIFT_W90479,SANTRSMM,UBSWCHZH,AE,US,800.61,USD/JPY,SWIFT_MT103,Standard_Risk,Clean_NoHit,0.28,0
SWIFT_W91614,DEUTDEDD,RABONL2U,DE,GB,24111.79,EUR/USD,SWIFT_MT103,PEP_Politically_Exposed,Clean_NoHit,56.92,0
SWIFT_W92836,HDFCINBB,FABAEADX,SG,ES,1057.13,EUR/AED,SEPA_Instant_Credit,PEP_Politically_Exposed,Clean_NoHit,6.26,0
SWIFT_W92335,DEUTDEDD,INGBNL2A,GB,CH,71810.08,EUR/GBP,SEPA_Instant_Credit,Enhanced_Due_Diligence,Cleared_FalsePositive,194.81,1
SWIFT_W92601,HDFCINBB,SMBCJPJT,NL,AU,11437.39,EUR/CHF,SEPA_Instant_Credit,Enhanced_Due_Diligence,Clean_NoHit,71.81,0
SWIFT_W92603,HDFCINBB,BCOPESMM,IN,CH,10968.97,EUR/CHF,SEPA_Instant_Credit,Enhanced_Due_Diligence,Cleared_FalsePositive,118.11,0
SWIFT_W92884,HDFCINBB,STANHKHH,AU,AU,3700.30,EUR/AED,Fedwire_Funds,PEP_Politically_Exposed,Clean_NoHit,9.01,0
SWIFT_W92017,DEUTDEDD,INGBNL2A,AU,GB,10584.99,EUR/SGD,SWIFT_MT103,Standard_Risk,Clean_NoHit,21.77,0
SWIFT_W92293,SANTRSMM,UBSWCHZH,CH,CA,912.65,EUR/GBP,SEPA_Instant_Credit,PEP_Politically_Exposed,Clean_NoHit,1.35,0
SWIFT_W91959,HDFCINBB,SMBCJPJT,IN,DE,13898.99,EUR/JPY,SWIFT_MT103,Enhanced_Due_Diligence,Clean_NoHit,60.62,0
SWIFT_W92942,HSBCGB2L,SBININBB,SG,ES,1246.93,EUR/CHF,SEPA_Instant_Credit,Enhanced_Due_Diligence,Clean_NoHit,9.51,0
SWIFT_W92507,HDFCINBB,SBININBB,DE,CA,50601.06,EUR/CHF,ISO20022_pacs008,Enhanced_Due_Diligence,Cleared_FalsePositive,85.54,1
SWIFT_W92346,DBSSHKHH,RABONL2U,AU,GB,11623.33,EUR/CHF,SEPA_Instant_Credit,PEP_Politically_Exposed,Clean_NoHit,24.63,0
SWIFT_W91361,HSBCGB2L,STANHKHH,DE,SG,800.82,USD/CAD,SWIFT_MT103,Standard_Risk,Clean_NoHit,0.49,0
SWIFT_W92734,HDFCINBB,SMBCJPJT,GB,CA,6605.46,EUR/AED,ISO20022_pacs008,Enhanced_Due_Diligence,Clean_NoHit,17.17,0
SWIFT_W92475,HDFCINBB,STANHKHH,AU,AU,34219.06,EUR/CHF,ISO20022_pacs008,Low_Risk,Clean_NoHit,66.65,0
SWIFT_W92909,HSBCGB2L,SBININBB,SG,CA,1722.18,EUR/AED,SEPA_Instant_Credit,Enhanced_Due_Diligence,Clean_NoHit,21.39,0
SWIFT_W91977,DBSSHKHH,INGBNL2A,DE,ES,96134.01,EUR/INR,SEPA_Instant_Credit,Low_Risk,Cleared_FalsePositive,127.79,0
SWIFT_W92370,DEUTDEDD,RABONL2U,DE,CA,47819.10,EUR/CHF,SEPA_Instant_Credit,Enhanced_Due_Diligence,Cleared_FalsePositive,147.27,1
SWIFT_W91547,SANTRSMM,UBSWCHZH,FR,SG,801.23,EUR/JPY,SWIFT_MT103,Standard_Risk,Clean_NoHit,0.39,0
SWIFT_W92756,HDFCINBB,SMBCJPJT,IN,CH,21188.03,EUR/CHF,ISO20022_pacs008,Enhanced_Due_Diligence,Clean_NoHit,49.43,0
SWIFT_W92889,HSBCGB2L,SMBCJPJT,CH,AU,6716.74,EUR/AED,Fedwire_Funds,Enhanced_Due_Diligence,Clean_NoHit,14.32,0
SWIFT_W92620,HDFCINBB,SBININBB,AU,AU,10800.10,EUR/AED,ISO20022_pacs008,Enhanced_Due_Diligence,Cleared_FalsePositive,82.49,1
SWIFT_W91947,HDFCINBB,SBININBB,GB,GB,2666.79,EUR/USD,SWIFT_MT103,Low_Risk,Clean_NoHit,21.78,0
SWIFT_W92693,HSBCGB2L,UBSWCHZH,CH,AU,7721.15,EUR/AED,Fedwire_Funds,Enhanced_Due_Diligence,Clean_NoHit,13.65,0
SWIFT_W92580,DEUTDEDD,FABAEADX,GB,CA,10076.58,EUR/CHF,SEPA_Instant_Credit,Enhanced_Due_Diligence,Cleared_FalsePositive,104.30,0
SWIFT_W91829,HSBCGB2L,STANHKHH,AU,SG,801.93,EUR/SGD,SWIFT_MT103,Standard_Risk,Clean_NoHit,0.41,0
SWIFT_W92699,DEUTDEDD,FABAEADX,NL,DE,6059.15,EUR/AED,SEPA_Instant_Credit,Enhanced_Due_Diligence,Clean_NoHit,106.63,0
SWIFT_W92968,SANTRSMM,BCOPESMM,US,SG,800.54,EUR/AED,SWIFT_MT103,Low_Risk,Clean_NoHit,0.28,0
SWIFT_W92155,HDFCINBB,STANHKHH,GB,DE,14808.72,EUR/JPY,SEPA_Instant_Credit,Enhanced_Due_Diligence,Clean_NoHit,80.43,0
SWIFT_W92427,DEUTDEDD,SMBCJPJT,CH,AU,15187.17,EUR/CHF,SEPA_Instant_Credit,Enhanced_Due_Diligence,Cleared_FalsePositive,126.69,1
SWIFT_W90854,SANTRSMM,STANHKHH,AE,JP,802.65,USD/JPY,SWIFT_MT103,Standard_Risk,Clean_NoHit,0.50,0
SWIFT_W92751,HDFCINBB,SBININBB,DE,CA,9073.14,EUR/AED,ISO20022_pacs008,Low_Risk,Clean_NoHit,17.28,0
SWIFT_W90593,SANTRSMM,UBSWCHZH,AE,SG,801.34,USD/JPY,SWIFT_MT103,Standard_Risk,Clean_NoHit,0.40,0
SWIFT_W91766,DEUTDEDD,SBININBB,CH,CH,250498.62,EUR/JPY,ISO20022_pacs008,Low_Risk,Cleared_FalsePositive,141.05,1
SWIFT_W92241,DEUTDEDD,SBININBB,AU,CH,88719.26,EUR/CHF,ISO20022_pacs008,Low_Risk,Cleared_FalsePositive,96.41,1
SWIFT_W92747,HSBCGB2L,STANHKHH,FR,AU,6554.92,EUR/AED,Fedwire_Funds,Enhanced_Due_Diligence,Clean_NoHit,20.98,0
SWIFT_W92564,HDFCINBB,SMBCJPJT,CH,AU,31487.79,EUR/CHF,ISO20022_pacs008,Enhanced_Due_Diligence,Cleared_FalsePositive,66.42,1
SWIFT_W91912,DBSSHKHH,SBININBB,CH,CH,244585.91,EUR/GBP,ISO20022_pacs008,Low_Risk,Cleared_FalsePositive,151.91,1
SWIFT_W92459,DEUTDEDD,RABONL2U,FR,CA,46634.49,EUR/CHF,ISO20022_pacs008,Enhanced_Due_Diligence,Cleared_FalsePositive,86.43,1
SWIFT_W92484,HSBCGB2L,SMBCJPJT,GB,CA,4051.50,EUR/AED,ISO20022_pacs008,Low_Risk,Clean_NoHit,7.41,0
SWIFT_W92946,HSBCGB2L,SMBCJPJT,US,JP,805.96,EUR/AED,SWIFT_MT103,Enhanced_Due_Diligence,Clean_NoHit,0.95,0
SWIFT_W92747,HDFCINBB,RABONL2U,FR,GB,977.75,EUR/CHF,SWIFT_MT103,PEP_Politically_Exposed,Clean_NoHit,3.37,0
SWIFT_W92883,HSBCGB2L,FABAEADX,US,CH,1311.00,EUR/AED,SEPA_Instant_Credit,Enhanced_Due_Diligence,Clean_NoHit,22.85,0
SWIFT_W92400,DBSSHKHH,RABONL2U,DE,SG,9318.33,EUR/GBP,SWIFT_MT103,Low_Risk,Clean_NoHit,40.97,0
SWIFT_W92572,DEUTDEDD,BCOPESMM,GB,DE,10123.30,EUR/CHF,SEPA_Instant_Credit,Enhanced_Due_Diligence,Cleared_FalsePositive,104.31,0
SWIFT_W92177,DEUTDEDD,RABONL2U,CH,CH,103230.94,EUR/CHF,ISO20022_pacs008,Low_Risk,Cleared_FalsePositive,98.85,1
SWIFT_W92073,DBSSHKHH,SBININBB,CH,CH,249516.16,EUR/INR,ISO20022_pacs008,Low_Risk,Cleared_FalsePositive,155.19,1
SWIFT_W91414,HDFCINBB,STANHKHH,CH,DE,34220.28,USD/CAD,SEPA_Instant_Credit,Low_Risk,Clean_NoHit,70.00,0
SWIFT_W92449,DEUTDEDD,STANHKHH,AU,CA,17818.64,EUR/CHF,SEPA_Instant_Credit,Enhanced_Due_Diligence,Cleared_FalsePositive,136.76,1
SWIFT_W91979,DBSSHKHH,SBININBB,CH,CH,152218.62,EUR/INR,SEPA_Instant_Credit,Low_Risk,Cleared_FalsePositive,176.62,1
SWIFT_W92010,HDFCINBB,RABONL2U,CH,SG,1447.69,EUR/SGD,SWIFT_MT103,PEP_Politically_Exposed,Clean_NoHit,15.62,0
SWIFT_W92916,HSBCGB2L,SMBCJPJT,AU,DE,1073.80,EUR/CHF,SEPA_Instant_Credit,Standard_Risk,Clean_NoHit,1.71,0
SWIFT_W90827,SANTRSMM,UBSWCHZH,AU,SG,809.80,USD/CAD,SWIFT_MT103,Standard_Risk,Clean_NoHit,0.74,0
SWIFT_W91902,DBSSHKHH,RABONL2U,DE,DE,353084.16,EUR/INR,ISO20022_pacs008,Low_Risk,Cleared_FalsePositive,160.22,1
SWIFT_W92607,HDFCINBB,SBININBB,IN,ES,2216.74,EUR/GBP,SWIFT_MT103,PEP_Politically_Exposed,Clean_NoHit,13.13,0
SWIFT_W92899,HDFCINBB,STANHKHH,AE,AU,1637.51,EUR/AED,Fedwire_Funds,Low_Risk,Clean_NoHit,3.54,0
SWIFT_W91858,HDFCINBB,STANHKHH,AU,CH,70426.31,EUR/INR,ISO20022_pacs008,Low_Risk,Cleared_FalsePositive,114.94,1
SWIFT_W92586,DEUTDEDD,SBININBB,DE,CA,25972.67,EUR/CHF,ISO20022_pacs008,Enhanced_Due_Diligence,Clean_NoHit,37.12,0
SWIFT_W92533,HDFCINBB,INGBNL2A,SG,JP,947.95,EUR/INR,SWIFT_MT103,Low_Risk,Clean_NoHit,13.72,0
SWIFT_W92924,HSBCGB2L,SMBCJPJT,SG,ES,818.48,EUR/AED,SWIFT_MT103,Enhanced_Due_Diligence,Clean_NoHit,1.58,0
SWIFT_W91506,HSBCGB2L,STANHKHH,DE,JP,941.76,EUR/USD,SWIFT_MT103,PEP_Politically_Exposed,Clean_NoHit,5.06,0
SWIFT_W92583,DEUTDEDD,SMBCJPJT,DE,CA,46174.69,EUR/CHF,ISO20022_pacs008,Enhanced_Due_Diligence,Clean_NoHit,54.83,0
SWIFT_W92954,HSBCGB2L,STANHKHH,DE,AE,1410.75,EUR/AED,Fedwire_Funds,Enhanced_Due_Diligence,Clean_NoHit,2.97,0
SWIFT_W92864,HSBCGB2L,UBSWCHZH,AU,AU,4311.56,EUR/AED,Fedwire_Funds,Enhanced_Due_Diligence,Clean_NoHit,8.66,0
SWIFT_W91881,HSBCGB2L,SMBCJPJT,CH,JP,804.60,USD/CAD,SWIFT_MT103,Standard_Risk,Clean_NoHit,0.89,0
SWIFT_W92329,DEUTDEDD,SBININBB,FR,CA,60727.23,EUR/CHF,SEPA_Instant_Credit,Enhanced_Due_Diligence,Cleared_FalsePositive,143.93,1
SWIFT_W91161,HSBCGB2L,UBSWCHZH,AU,GB,835.10,USD/CAD,SWIFT_MT103,Standard_Risk,Clean_NoHit,1.32,0
SWIFT_W92282,DBSSHKHH,SBININBB,DE,CA,150204.42,EUR/GBP,ISO20022_pacs008,Low_Risk,Cleared_FalsePositive,140.73,1
SWIFT_W92202,DEUTDEDD,SMBCJPJT,CH,CA,96899.58,EUR/CHF,ISO20022_pacs008,Low_Risk,Cleared_FalsePositive,91.10,0
SWIFT_W92801,HSBCGB2L,SBININBB,SG,CA,4583.93,EUR/CHF,SEPA_Instant_Credit,Enhanced_Due_Diligence,Clean_NoHit,32.87,0
SWIFT_W92167,HSBCGB2L,STANHKHH,SG,ES,1536.94,EUR/JPY,SWIFT_MT103,Low_Risk,Clean_NoHit,10.42,0
SWIFT_W92323,DBSSHKHH,SMBCJPJT,AU,CA,51947.66,EUR/CHF,ISO20022_pacs008,Low_Risk,Cleared_FalsePositive,76.44,0
SWIFT_W92695,HDFCINBB,UBSWCHZH,AE,CA,3424.74,EUR/AED,ISO20022_pacs008,Low_Risk,Clean_NoHit,15.99,0
SWIFT_W91284,DEUTDEDD,RABONL2U,AU,DE,131839.67,EUR/JPY,SEPA_Instant_Credit,PEP_Politically_Exposed,Clean_NoHit,87.96,0
SWIFT_W91789,HSBCGB2L,SMBCJPJT,DE,CA,91088.70,EUR/GBP,ISO20022_pacs008,Low_Risk,Clean_NoHit,60.24,0
SWIFT_W92100,DBSSHKHH,RABONL2U,CH,DE,157709.14,EUR/INR,SEPA_Instant_Credit,Low_Risk,Cleared_FalsePositive,162.89,1
SWIFT_W91051,HDFCINBB,SBININBB,AU,JP,1325.11,USD/CAD,SWIFT_MT103,Standard_Risk,Clean_NoHit,6.30,0
SWIFT_W92534,DEUTDEDD,SMBCJPJT,IN,CH,36554.62,EUR/GBP,SEPA_Instant_Credit,Enhanced_Due_Diligence,Cleared_FalsePositive,114.23,0
SWIFT_W92645,SANTRSMM,UBSWCHZH,DE,GB,803.07,EUR/CHF,SWIFT_MT103,PEP_Politically_Exposed,Clean_NoHit,0.39,0
SWIFT_W92969,HSBCGB2L,FABAEADX,SG,SG,801.46,EUR/AED,SWIFT_MT103,PEP_Politically_Exposed,Clean_NoHit,0.97,0
SWIFT_W91386,DEUTDEDD,SMBCJPJT,CH,ES,63256.31,EUR/USD,SEPA_Instant_Credit,Low_Risk,Clean_NoHit,87.27,0
SWIFT_W92127,DEUTDEDD,SMBCJPJT,AU,CH,118733.76,EUR/INR,ISO20022_pacs008,Low_Risk,Cleared_FalsePositive,140.95,1
SWIFT_W92440,HSBCGB2L,STANHKHH,AU,AU,15257.82,EUR/AED,Fedwire_Funds,Low_Risk,Clean_NoHit,27.61,0
SWIFT_W92854,HSBCGB2L,STANHKHH,SG,AU,1811.13,EUR/AED,ISO20022_pacs008,Enhanced_Due_Diligence,Clean_NoHit,9.90,0
SWIFT_W92394,DEUTDEDD,SMBCJPJT,DE,CA,63079.18,EUR/CHF,Fedwire_Funds,Low_Risk,Clean_NoHit,45.97,0
SWIFT_W90657,SANTRSMM,UBSWCHZH,CH,US,801.37,USD/JPY,SWIFT_MT103,PEP_Politically_Exposed,Clean_NoHit,0.57,0
SWIFT_W91036,SANTRSMM,UBSWCHZH,CH,SG,801.66,USD/JPY,SWIFT_MT103,Standard_Risk,Clean_NoHit,0.51,0
SWIFT_W92874,HSBCGB2L,SBININBB,US,CA,1885.14,EUR/AED,SEPA_Instant_Credit,Enhanced_Due_Diligence,Clean_NoHit,15.60,0
SWIFT_W92563,HDFCINBB,STANHKHH,AU,CA,22760.52,EUR/CHF,Fedwire_Funds,Enhanced_Due_Diligence,Cleared_FalsePositive,70.75,1
SWIFT_W92506,DEUTDEDD,STANHKHH,DE,CA,14361.24,EUR/AED,ISO20022_pacs008,Enhanced_Due_Diligence,Cleared_FalsePositive,51.20,0
SWIFT_W91167,HSBCGB2L,UBSWCHZH,AE,JP,1215.04,USD/JPY,SWIFT_MT103,PEP_Politically_Exposed,Clean_NoHit,8.09,0
SWIFT_W92459,HSBCGB2L,UBSWCHZH,AU,AU,4906.95,EUR/AED,Fedwire_Funds,Low_Risk,Clean_NoHit,15.83,0
SWIFT_W90187,SANTRSMM,UBSWCHZH,AE,SG,801.53,USD/JPY,SWIFT_MT103,Standard_Risk,Clean_NoHit,0.35,0
SWIFT_W92042,DEUTDEDD,SMBCJPJT,AU,CH,152750.62,EUR/INR,ISO20022_pacs008,Low_Risk,Cleared_FalsePositive,146.30,1
SWIFT_W92875,HDFCINBB,UBSWCHZH,AU,AU,3232.56,EUR/AED,Fedwire_Funds,Low_Risk,Clean_NoHit,6.54,0
SWIFT_W91341,HDFCINBB,STANHKHH,AU,JP,5160.57,USD/CAD,SWIFT_MT103,Low_Risk,Clean_NoHit,31.86,0
SWIFT_W91931,DEUTDEDD,SBININBB,AE,SG,1376.91,EUR/USD,SWIFT_MT103,Standard_Risk,Clean_NoHit,12.03,0
SWIFT_W92735,HDFCINBB,RABONL2U,IN,AU,8757.16,EUR/CHF,SEPA_Instant_Credit,Enhanced_Due_Diligence,Clean_NoHit,79.37,0
SWIFT_W92625,SANTRSMM,STANHKHH,SG,GB,802.64,EUR/INR,SWIFT_MT103,Low_Risk,Clean_NoHit,0.57,0
SWIFT_W90856,SANTRSMM,UBSWCHZH,AE,SG,800.61,USD/JPY,SWIFT_MT103,Standard_Risk,Clean_NoHit,0.26,0
SWIFT_W92179,DBSSHKHH,SBININBB,CH,CA,98717.37,EUR/GBP,ISO20022_pacs008,Low_Risk,Cleared_FalsePositive,132.91,1
SWIFT_W92524,HSBCGB2L,STANHKHH,SG,SG,808.30,EUR/CHF,SWIFT_MT103,Low_Risk,Clean_NoHit,1.62,0
SWIFT_W90901,HDFCINBB,STANHKHH,AU,ES,19647.45,EUR/SGD,SEPA_Instant_Credit,Standard_Risk,Clean_NoHit,35.60,0
SWIFT_W92597,HSBCGB2L,STANHKHH,GB,ES,1431.15,EUR/GBP,SWIFT_MT103,Low_Risk,Clean_NoHit,4.20,0
SWIFT_W91064,HSBCGB2L,UBSWCHZH,DE,JP,842.31,USD/CAD,SWIFT_MT103,Standard_Risk,Clean_NoHit,1.67,0
SWIFT_W92600,SANTRSMM,UBSWCHZH,SG,ES,1028.21,EUR/CHF,SWIFT_MT103,Enhanced_Due_Diligence,Clean_NoHit,4.08,0
SWIFT_W92264,SANTRSMM,SMBCJPJT,CH,SG,800.54,EUR/USD,SWIFT_MT103,Standard_Risk,Clean_NoHit,0.22,0
SWIFT_W91952,HDFCINBB,STANHKHH,AU,CA,27874.88,EUR/JPY,Fedwire_Funds,Low_Risk,Clean_NoHit,90.38,1
SWIFT_W90976,HDFCINBB,STANHKHH,AU,GB,1389.40,USD/CAD,SWIFT_MT103,Standard_Risk,Clean_NoHit,7.67,0
SWIFT_W92959,HSBCGB2L,BCOPESMM,NL,CH,1026.57,EUR/AED,SEPA_Instant_Credit,Enhanced_Due_Diligence,Clean_NoHit,13.05,0
SWIFT_W91547,HDFCINBB,SMBCJPJT,CH,SG,2323.48,EUR/JPY,SWIFT_MT103,Standard_Risk,Clean_NoHit,7.66,0
SWIFT_W92501,SANTRSMM,UBSWCHZH,AE,AU,3078.12,EUR/AED,Fedwire_Funds,Low_Risk,Clean_NoHit,22.97,0
SWIFT_W91206,HDFCINBB,SMBCJPJT,CH,CH,8112.31,EUR/USD,SWIFT_MT103,Standard_Risk,Clean_NoHit,19.45,0
SWIFT_W92652,HSBCGB2L,SBININBB,DE,SG,800.62,EUR/INR,SWIFT_MT103,Standard_Risk,Clean_NoHit,0.26,0
SWIFT_W90457,SANTRSMM,UBSWCHZH,AE,JP,811.86,USD/JPY,SWIFT_MT103,Standard_Risk,Clean_NoHit,1.65,0
SWIFT_W92403,DBSSHKHH,RABONL2U,CH,ES,10038.35,EUR/GBP,SWIFT_MT103,PEP_Politically_Exposed,Clean_NoHit,24.97,0
SWIFT_W91652,HSBCGB2L,STANHKHH,CH,JP,899.84,EUR/JPY,SWIFT_MT103,Standard_Risk,Clean_NoHit,2.25,0
SWIFT_W90457,SANTRSMM,UBSWCHZH,AU,JP,801.30,USD/CAD,SWIFT_MT103,Standard_Risk,Clean_NoHit,0.34,0
SWIFT_W90808,SANTRSMM,UBSWCHZH,AE,US,800.61,USD/JPY,SWIFT_MT103,Standard_Risk,Clean_NoHit,0.24,0
SWIFT_W92480,DEUTDEDD,INGBNL2A,CH,JP,4865.09,EUR/JPY,SWIFT_MT103,Low_Risk,Clean_NoHit,30.53,0
SWIFT_W92004,DEUTDEDD,SMBCJPJT,DE,CH,130901.47,EUR/GBP,ISO20022_pacs008,Low_Risk,Cleared_FalsePositive,121.58,1
SWIFT_W92512,HDFCINBB,SBININBB,GB,ES,3893.12,EUR/CHF,SEPA_Instant_Credit,Low_Risk,Clean_NoHit,13.38,0
SWIFT_W90542,SANTRSMM,UBSWCHZH,AE,GB,801.42,USD/CAD,SWIFT_MT103,Standard_Risk,Clean_NoHit,0.35,0
SWIFT_W92100,HSBCGB2L,STANHKHH,FR,JP,802.71,USD/CAD,SWIFT_MT103,PEP_Politically_Exposed,Clean_NoHit,0.87,0
SWIFT_W92535,HDFCINBB,FABAEADX,IN,SG,848.68,EUR/JPY,SWIFT_MT103,PEP_Politically_Exposed,Clean_NoHit,4.92,0
SWIFT_W92400,DEUTDEDD,INGBNL2A,DE,CA,74800.62,EUR/GBP,SEPA_Instant_Credit,Enhanced_Due_Diligence,Cleared_FalsePositive,126.99,1
SWIFT_W92887,HSBCGB2L,STANHKHH,AU,CH,860.65,EUR/CHF,SEPA_Instant_Credit,Standard_Risk,Clean_NoHit,1.24,0
SWIFT_W92704,DBSSHKHH,INGBNL2A,DE,CH,53236.28,EUR/CHF,SEPA_Instant_Credit,Low_Risk,Cleared_FalsePositive,52.25,0
SWIFT_W92750,HDFCINBB,BCOPESMM,SG,US,807.95,EUR/GBP,SWIFT_MT103,Low_Risk,Clean_NoHit,6.51,0
SWIFT_W92176,DBSSHKHH,INGBNL2A,DE,CH,148101.41,EUR/GBP,SEPA_Instant_Credit,Low_Risk,Cleared_FalsePositive,159.83,1
SWIFT_W92874,HSBCGB2L,SMBCJPJT,FR,AU,7047.34,EUR/AED,ISO20022_pacs008,Enhanced_Due_Diligence,Clean_NoHit,16.51,0
SWIFT_W92652,DBSSHKHH,INGBNL2A,CH,GB,8150.49,EUR/INR,SWIFT_MT103,PEP_Politically_Exposed,Clean_NoHit,25.41,0
SWIFT_W92599,HDFCINBB,SBININBB,GB,CA,28213.09,EUR/CHF,ISO20022_pacs008,Enhanced_Due_Diligence,Clean_NoHit,49.31,0
SWIFT_W91595,HDFCINBB,STANHKHH,AU,JP,9669.63,USD/CAD,SWIFT_MT103,Enhanced_Due_Diligence,Clean_NoHit,45.97,0
SWIFT_W91350,HSBCGB2L,STANHKHH,AU,CH,2700.93,EUR/USD,SEPA_Instant_Credit,Standard_Risk,Clean_NoHit,8.97,0
SWIFT_W92267,DBSSHKHH,SBININBB,DE,CA,94175.49,EUR/CHF,ISO20022_pacs008,Enhanced_Due_Diligence,Cleared_FalsePositive,133.78,1
SWIFT_W92934,SANTRSMM,FABAEADX,US,GB,813.79,EUR/AED,SWIFT_MT103,Enhanced_Due_Diligence,Clean_NoHit,4.88,0
SWIFT_W91910,DEUTDEDD,FABAEADX,AU,JP,1317.08,EUR/JPY,SWIFT_MT103,Standard_Risk,Clean_NoHit,8.62,0
SWIFT_W92832,HSBCGB2L,SMBCJPJT,IN,DE,1789.77,EUR/CHF,SEPA_Instant_Credit,Low_Risk,Clean_NoHit,9.05,0
SWIFT_W91066,HSBCGB2L,STANHKHH,DE,SG,809.34,EUR/USD,SWIFT_MT103,Standard_Risk,Clean_NoHit,1.12,0
SWIFT_W91751,HSBCGB2L,STANHKHH,AE,US,800.66,USD/CAD,SWIFT_MT103,Standard_Risk,Clean_NoHit,0.27,0
SWIFT_W92928,HSBCGB2L,STANHKHH,US,AU,1115.24,EUR/AED,SEPA_Instant_Credit,Enhanced_Due_Diligence,Clean_NoHit,11.69,0
SWIFT_W91841,HDFCINBB,SMBCJPJT,AE,DE,8080.30,EUR/INR,SEPA_Instant_Credit,Standard_Risk,Clean_NoHit,21.25,0
SWIFT_W92198,HDFCINBB,STANHKHH,CH,AU,34555.84,EUR/CHF,Fedwire_Funds,Low_Risk,Clean_NoHit,42.96,0
SWIFT_W91232,HSBCGB2L,STANHKHH,AU,JP,1018.67,EUR/SGD,SWIFT_MT103,Standard_Risk,Clean_NoHit,2.59,0
SWIFT_W92103,HDFCINBB,STANHKHH,CH,CA,20510.10,EUR/CHF,ISO20022_pacs008,Enhanced_Due_Diligence,Clean_NoHit,54.65,0
SWIFT_W92155,DBSSHKHH,RABONL2U,DE,CH,183508.12,EUR/GBP,SEPA_Instant_Credit,Low_Risk,Cleared_FalsePositive,134.12,1
SWIFT_W92475,DBSSHKHH,SBININBB,AE,DE,16118.42,EUR/CHF,ISO20022_pacs008,Standard_Risk,Clean_NoHit,31.17,0
SWIFT_W92668,HSBCGB2L,SBININBB,GB,US,800.57,EUR/USD,SWIFT_MT103,Standard_Risk,Clean_NoHit,0.35,0
SWIFT_W91987,DEUTDEDD,SBININBB,AU,CH,76454.36,EUR/GBP,ISO20022_pacs008,PEP_Politically_Exposed,Cleared_FalsePositive,88.49,0
SWIFT_W91405,HDFCINBB,SMBCJPJT,CH,SG,1947.28,EUR/USD,SWIFT_MT103,PEP_Politically_Exposed,Clean_NoHit,11.20,0
SWIFT_W92630,HSBCGB2L,UBSWCHZH,AU,AU,5459.51,EUR/AED,Fedwire_Funds,Enhanced_Due_Diligence,Clean_NoHit,10.80,0
SWIFT_W91263,HDFCINBB,SBININBB,CH,ES,70235.78,EUR/USD,SEPA_Instant_Credit,PEP_Politically_Exposed,Clean_NoHit,87.43,0
SWIFT_W92402,DEUTDEDD,STANHKHH,AU,AU,25413.52,EUR/CHF,ISO20022_pacs008,Enhanced_Due_Diligence,Cleared_FalsePositive,94.43,1
SWIFT_W92696,DBSGSGSG,BCOPESMM,AU,DE,21410.61,EUR/CHF,SEPA_Instant_Credit,Low_Risk,Cleared_FalsePositive,57.35,0
SWIFT_W92282,DBSSHKHH,SBININBB,FR,CH,114926.66,EUR/GBP,SEPA_Instant_Credit,Low_Risk,Cleared_FalsePositive,128.91,0
SWIFT_W91747,DEUTDEDD,SBININBB,DE,CH,143676.02,EUR/GBP,SEPA_Instant_Credit,Low_Risk,Cleared_FalsePositive,106.84,0
SWIFT_W92510,HSBCGB2L,STANHKHH,GB,DE,1735.09,EUR/JPY,SWIFT_MT103,Low_Risk,Clean_NoHit,8.52,0
SWIFT_W92415,DEUTDEDD,FABAEADX,DE,CH,64376.00,EUR/CHF,SEPA_Instant_Credit,Enhanced_Due_Diligence,Cleared_FalsePositive,150.70,0
SWIFT_W91316,HDFCINBB,SMBCJPJT,AU,DE,29085.70,EUR/SGD,SEPA_Instant_Credit,PEP_Politically_Exposed,Clean_NoHit,48.87,0
SWIFT_W92179,DEUTDEDD,SMBCJPJT,DE,CH,136188.06,EUR/GBP,ISO20022_pacs008,Enhanced_Due_Diligence,Cleared_FalsePositive,148.75,1
SWIFT_W91157,SANTRSMM,UBSWCHZH,DE,SG,800.93,EUR/JPY,SWIFT_MT103,Standard_Risk,Clean_NoHit,0.35,0
SWIFT_W92968,HSBCGB2L,SBININBB,DE,US,800.62,EUR/CHF,SWIFT_MT103,Standard_Risk,Clean_NoHit,0.28,0
SWIFT_W92440,DBSSHKHH,RABONL2U,DE,ES,19898.30,EUR/AED,SEPA_Instant_Credit,PEP_Politically_Exposed,Cleared_FalsePositive,48.45,0
SWIFT_W92893,HSBCGB2L,RABONL2U,SG,DE,2226.10,EUR/AED,SEPA_Instant_Credit,Enhanced_Due_Diligence,Clean_NoHit,41.03,0
SWIFT_W92178,SANTRSMM,UBSWCHZH,AU,SG,800.53,EUR/INR,SWIFT_MT103,Standard_Risk,Clean_NoHit,0.20,0
SWIFT_W92683,HDFCINBB,STANHKHH,FR,AU,15683.74,EUR/AED,ISO20022_pacs008,Enhanced_Due_Diligence,Clean_NoHit,42.15,0
SWIFT_W92829,HSBCGB2L,SMBCJPJT,SG,CH,3357.59,EUR/AED,SEPA_Instant_Credit,Enhanced_Due_Diligence,Clean_NoHit,22.12,0
SWIFT_W92675,HDFCINBB,INGBNL2A,NL,CA,14812.40,EUR/GBP,SEPA_Instant_Credit,Enhanced_Due_Diligence,Clean_NoHit,85.39,0
SWIFT_W91958,DEUTDEDD,SMBCJPJT,AU,CH,177363.55,EUR/INR,ISO20022_pacs008,Low_Risk,Cleared_FalsePositive,148.54,1
SWIFT_W92492,DEUTDEDD,SMBCJPJT,AU,CA,42765.42,EUR/CHF,ISO20022_pacs008,Enhanced_Due_Diligence,Cleared_FalsePositive,100.64,1
SWIFT_W92625,DEUTDEDD,SMBCJPJT,AU,AU,53920.86,EUR/CHF,Fedwire_Funds,Low_Risk,Clean_NoHit,68.80,0
SWIFT_W92555,DEUTDEDD,SBININBB,DE,CA,39520.97,EUR/CHF,ISO20022_pacs008,Enhanced_Due_Diligence,Cleared_FalsePositive,99.60,1
SWIFT_W92955,HSBCGB2L,SBININBB,GB,CA,1532.70,EUR/AED,ISO20022_pacs008,Enhanced_Due_Diligence,Clean_NoHit,6.53,0
SWIFT_W91340,HDFCINBB,RABONL2U,FR,ES,11071.03,USD/CAD,SWIFT_MT103,Low_Risk,Clean_NoHit,48.06,0
SWIFT_W92445,DEUTDEDD,SMBCJPJT,DE,CA,73762.06,EUR/CHF,ISO20022_pacs008,Enhanced_Due_Diligence,Cleared_FalsePositive,62.73,0
SWIFT_W92912,HSBCGB2L,BARCGB22,DE,US,800.57,EUR/CHF,SWIFT_MT103,Standard_Risk,Clean_NoHit,0.32,0
SWIFT_W92956,SANTRSMM,STANHKHH,SG,CH,818.94,EUR/AED,SWIFT_MT103,Low_Risk,Clean_NoHit,0.77,0
SWIFT_W92007,SANTRSMM,UBSWCHZH,GB,SG,800.61,USD/CAD,SWIFT_MT103,Standard_Risk,Clean_NoHit,0.28,0
SWIFT_W91913,DBSSHKHH,INGBNL2A,CH,CH,215701.80,EUR/INR,SEPA_Instant_Credit,PEP_Politically_Exposed,Cleared_FalsePositive,114.13,0
SWIFT_W92506,HDFCINBB,INGBNL2A,IN,JP,1060.80,EUR/JPY,SWIFT_MT103,PEP_Politically_Exposed,Clean_NoHit,11.29,0
SWIFT_W92888,DBSSHKHH,BCOPESMM,AU,ES,963.41,EUR/CHF,SWIFT_MT103,Standard_Risk,Clean_NoHit,2.88,0
SWIFT_W91801,DEUTDEDD,SBININBB,CH,DE,256323.22,EUR/INR,ISO20022_pacs008,Low_Risk,Cleared_FalsePositive,169.32,1
SWIFT_W92358,DBSSHKHH,BCOPESMM,IN,CH,50034.49,EUR/GBP,SEPA_Instant_Credit,Enhanced_Due_Diligence,Cleared_FalsePositive,169.49,0
SWIFT_W92975,HSBCGB2L,UBSWCHZH,AU,AU,873.09,EUR/AED,ISO20022_pacs008,Low_Risk,Clean_NoHit,0.76,0
SWIFT_W92437,DEUTDEDD,SMBCJPJT,AU,CA,29377.29,EUR/CHF,ISO20022_pacs008,Low_Risk,Cleared_FalsePositive,99.57,1
SWIFT_W92037,DBSSHKHH,SBININBB,CH,CH,216263.42,EUR/GBP,ISO20022_pacs008,Low_Risk,Cleared_FalsePositive,153.69,1
SWIFT_W92565,HDFCINBB,STANHKHH,FR,CA,15648.83,EUR/AED,ISO20022_pacs008,Enhanced_Due_Diligence,Cleared_FalsePositive,73.50,0
SWIFT_W92320,DEUTDEDD,SBININBB,FR,DE,7725.56,EUR/GBP,SWIFT_MT103,Low_Risk,Clean_NoHit,32.43,0
SWIFT_W92649,DEUTDEDD,STANHKHH,AU,CA,12070.10,EUR/AED,Fedwire_Funds,Enhanced_Due_Diligence,Cleared_FalsePositive,38.47,0
SWIFT_W92370,DEUTDEDD,SMBCJPJT,DE,CH,29447.54,EUR/CHF,ISO20022_pacs008,Low_Risk,Clean_NoHit,36.23,0
SWIFT_W91836,DEUTDEDD,SMBCJPJT,AE,GB,3914.48,EUR/USD,SWIFT_MT103,Standard_Risk,Clean_NoHit,12.43,0
SWIFT_W91810,HSBCGB2L,UBSWCHZH,AE,CA,1070.40,EUR/GBP,SEPA_Instant_Credit,Standard_Risk,Clean_NoHit,4.87,0
SWIFT_W92830,HSBCGB2L,UBSWCHZH,AU,AU,1715.33,EUR/AED,Fedwire_Funds,Low_Risk,Clean_NoHit,2.91,0
SWIFT_W92746,SANTRSMM,SMBCJPJT,US,GB,813.79,EUR/SGD,SWIFT_MT103,Enhanced_Due_Diligence,Clean_NoHit,6.00,0
SWIFT_W92945,HDFCINBB,BCOPESMM,FR,JP,864.42,EUR/AED,SWIFT_MT103,Low_Risk,Clean_NoHit,4.98,0
SWIFT_W92820,HDFCINBB,SMBCJPJT,DE,GB,2182.06,EUR/CHF,SWIFT_MT103,Low_Risk,Clean_NoHit,8.87,0
SWIFT_W92408,HDFCINBB,STANHKHH,CH,CA,29001.05,EUR/CHF,Fedwire_Funds,Enhanced_Due_Diligence,Cleared_FalsePositive,62.71,1
SWIFT_W92484,DBSSHKHH,FABAEADX,GB,CH,23183.91,EUR/CHF,SEPA_Instant_Credit,Enhanced_Due_Diligence,Cleared_FalsePositive,182.71,0
SWIFT_W91099,HSBCGB2L,STANHKHH,CH,ES,7412.37,EUR/USD,SWIFT_MT103,Low_Risk,Clean_NoHit,26.57,0
SWIFT_W92543,SANTRSMM,UBSWCHZH,CH,US,800.54,EUR/USD,SWIFT_MT103,Standard_Risk,Clean_NoHit,0.22,0
SWIFT_W91513,HSBCGB2L,SMBCJPJT,GB,JP,803.94,EUR/SGD,SWIFT_MT103,Standard_Risk,Clean_NoHit,0.74,0
SWIFT_W92361,HDFCINBB,STANHKHH,AU,CA,35675.36,EUR/CHF,Fedwire_Funds,PEP_Politically_Exposed,Clean_NoHit,46.49,0
SWIFT_W91677,HSBCGB2L,STANHKHH,AE,CA,19804.34,EUR/INR,Fedwire_Funds,PEP_Politically_Exposed,Clean_NoHit,59.70,0
SWIFT_W90356,HSBCGB2L,UBSWCHZH,AE,ES,1073.62,USD/JPY,SWIFT_MT103,Standard_Risk,Clean_NoHit,5.42,0
SWIFT_W92292,DBSSHKHH,SBININBB,DE,CH,118235.80,EUR/GBP,ISO20022_pacs008,Low_Risk,Cleared_FalsePositive,116.89,0
SWIFT_W92272,HSBCGB2L,SMBCJPJT,DE,JP,934.71,EUR/JPY,SWIFT_MT103,Standard_Risk,Clean_NoHit,3.74,0
SWIFT_W92066,DBSSHKHH,SBININBB,CH,CH,174746.28,EUR/INR,ISO20022_pacs008,Low_Risk,Cleared_FalsePositive,166.40,1
SWIFT_W90688,HSBCGB2L,STANHKHH,AU,DE,3066.36,EUR/USD,SWIFT_MT103,Standard_Risk,Clean_NoHit,12.01,0
SWIFT_W92575,HDFCINBB,STANHKHH,CH,CA,35525.20,EUR/CHF,Fedwire_Funds,Low_Risk,Clean_NoHit,37.39,0
SWIFT_W92293,DBSSHKHH,SBININBB,AU,CH,134935.91,EUR/GBP,ISO20022_pacs008,Low_Risk,Cleared_FalsePositive,106.96,1
SWIFT_W91029,SANTRSMM,UBSWCHZH,AU,JP,803.77,USD/JPY,SWIFT_MT103,Standard_Risk,Clean_NoHit,0.68,0
SWIFT_W92450,DBSSHKHH,SBININBB,AU,CH,59215.10,EUR/CHF,ISO20022_pacs008,Low_Risk,Cleared_FalsePositive,94.52,1
SWIFT_W92251,SANTRSMM,UBSWCHZH,CH,DE,852.15,EUR/GBP,SWIFT_MT103,PEP_Politically_Exposed,Clean_NoHit,1.14,0
SWIFT_W92766,DEUTDEDD,FABAEADX,DE,JP,880.19,EUR/GBP,SWIFT_MT103,PEP_Politically_Exposed,Clean_NoHit,3.50,0
SWIFT_W91975,SANTRSMM,UBSWCHZH,AU,ES,900.16,USD/CAD,SWIFT_MT103,PEP_Politically_Exposed,Clean_NoHit,2.04,0
SWIFT_W92013,HSBCGB2L,STANHKHH,GB,DE,5295.64,EUR/JPY,SEPA_Instant_Credit,Low_Risk,Clean_NoHit,21.87,0
SWIFT_W92787,HSBCGB2L,STANHKHH,CH,CA,1135.22,EUR/AED,SEPA_Instant_Credit,Low_Risk,Clean_NoHit,2.03,0
SWIFT_W91302,HSBCGB2L,STANHKHH,FR,JP,4530.81,EUR/SGD,SWIFT_MT103,PEP_Politically_Exposed,Clean_NoHit,21.70,0
SWIFT_W92551,HSBCGB2L,SBININBB,IN,JP,863.23,EUR/CHF,SWIFT_MT103,PEP_Politically_Exposed,Clean_NoHit,3.16,0
SWIFT_W92392,HDFCINBB,STANHKHH,AU,AU,20505.92,EUR/CHF,ISO20022_pacs008,Enhanced_Due_Diligence,Cleared_FalsePositive,92.25,1
SWIFT_W92843,DBSSHKHH,BCOPESMM,AE,SG,812.10,EUR/GBP,SWIFT_MT103,Standard_Risk,Clean_NoHit,1.25,0
SWIFT_W92180,DEUTDEDD,SMBCJPJT,DE,CH,77013.49,EUR/INR,SEPA_Instant_Credit,Enhanced_Due_Diligence,Cleared_FalsePositive,155.81,1
SWIFT_W90499,SANTRSMM,UBSWCHZH,AE,DE,800.65,EUR/USD,SWIFT_MT103,Standard_Risk,Clean_NoHit,0.25,0
SWIFT_W92723,HDFCINBB,FABAEADX,SG,CH,9563.19,EUR/CHF,SEPA_Instant_Credit,Enhanced_Due_Diligence,Clean_NoHit,81.08,0
SWIFT_W92403,DEUTDEDD,SBININBB,AU,CH,153276.84,EUR/GBP,ISO20022_pacs008,Low_Risk,Cleared_FalsePositive,108.79,1
SWIFT_W91747,HDFCINBB,STANHKHH,IN,ES,5116.11,EUR/JPY,SWIFT_MT103,Low_Risk,Clean_NoHit,19.69,0
SWIFT_W92855,HDFCINBB,STANHKHH,DE,AU,5471.37,EUR/AED,ISO20022_pacs008,Enhanced_Due_Diligence,Clean_NoHit,13.81,0
SWIFT_W92770,HSBCGB2L,SBININBB,NL,SG,806.09,EUR/AED,SWIFT_MT103,PEP_Politically_Exposed,Clean_NoHit,1.23,0
SWIFT_W91322,SANTRSMM,UBSWCHZH,AE,JP,800.89,USD/JPY,SWIFT_MT103,Standard_Risk,Clean_NoHit,0.30,0
SWIFT_W92566,HDFCINBB,SBININBB,SG,CH,9029.26,EUR/CHF,SEPA_Instant_Credit,Enhanced_Due_Diligence,Clean_NoHit,68.79,0
SWIFT_W91966,SANTRSMM,UBSWCHZH,FR,JP,800.55,USD/CAD,SWIFT_MT103,Standard_Risk,Clean_NoHit,0.23,0
SWIFT_W92874,DEUTDEDD,BARCGB22,CH,GB,989.80,EUR/AED,SWIFT_MT103,PEP_Politically_Exposed,Clean_NoHit,6.00,0
SWIFT_W91155,HSBCGB2L,STANHKHH,DE,SG,843.32,EUR/JPY,SWIFT_MT103,PEP_Politically_Exposed,Clean_NoHit,1.79,0
SWIFT_W92192,DEUTDEDD,SMBCJPJT,FR,CA,63176.08,EUR/CHF,ISO20022_pacs008,Enhanced_Due_Diligence,Cleared_FalsePositive,76.31,0
SWIFT_W92397,HDFCINBB,SMBCJPJT,IN,CA,57114.45,EUR/GBP,ISO20022_pacs008,Enhanced_Due_Diligence,Clean_NoHit,83.87,0
SWIFT_W92720,DEUTDEDD,SBININBB,SG,DE,5661.26,EUR/AED,SEPA_Instant_Credit,Enhanced_Due_Diligence,Clean_NoHit,40.60,0
SWIFT_W90470,SANTRSMM,UBSWCHZH,AE,US,800.53,USD/JPY,SWIFT_MT103,Standard_Risk,Clean_NoHit,0.20,0
SWIFT_W92838,HDFCINBB,STANHKHH,AU,AU,4897.49,EUR/AED,Fedwire_Funds,Enhanced_Due_Diligence,Clean_NoHit,18.51,0
SWIFT_W92633,HSBCGB2L,INGBNL2A,IN,JP,814.67,EUR/CHF,SWIFT_MT103,Standard_Risk,Clean_NoHit,1.33,0
SWIFT_W92352,DEUTDEDD,SMBCJPJT,FR,CA,75351.50,EUR/CHF,ISO20022_pacs008,Enhanced_Due_Diligence,Clean_NoHit,67.53,0
SWIFT_W92042,HDFCINBB,SMBCJPJT,AU,CH,107116.86,EUR/INR,ISO20022_pacs008,Low_Risk,Cleared_FalsePositive,110.83,0
SWIFT_W92835,HSBCGB2L,INGBNL2A,US,CH,951.25,EUR/CHF,SWIFT_MT103,Enhanced_Due_Diligence,Clean_NoHit,20.16,0
SWIFT_W91805,SANTRSMM,STANHKHH,GB,SG,800.80,USD/CAD,SWIFT_MT103,Standard_Risk,Clean_NoHit,0.43,0
SWIFT_W92045,DBSSHKHH,RABONL2U,DE,CH,285865.47,EUR/GBP,ISO20022_pacs008,Low_Risk,Cleared_FalsePositive,144.03,1
SWIFT_W90349,HSBCGB2L,UBSWCHZH,AU,GB,945.05,USD/JPY,SWIFT_MT103,Standard_Risk,Clean_NoHit,3.87,0
SWIFT_W91353,HSBCGB2L,STANHKHH,GB,GB,1116.96,USD/CAD,SWIFT_MT103,PEP_Politically_Exposed,Clean_NoHit,5.56,0
SWIFT_W92644,DEUTDEDD,BCOPESMM,NL,CH,7341.44,EUR/CHF,SEPA_Instant_Credit,Enhanced_Due_Diligence,Clean_NoHit,81.91,0
SWIFT_W90964,SANTRSMM,UBSWCHZH,AU,SG,800.59,USD/JPY,SWIFT_MT103,Standard_Risk,Clean_NoHit,0.26,0
SWIFT_W91728,SANTRSMM,UBSWCHZH,AU,JP,802.18,EUR/USD,SWIFT_MT103,Standard_Risk,Clean_NoHit,0.40,0
SWIFT_W92886,HSBCGB2L,UBSWCHZH,CH,AU,2389.65,EUR/AED,Fedwire_Funds,Enhanced_Due_Diligence,Clean_NoHit,7.47,0
SWIFT_W91624,DEUTDEDD,SMBCJPJT,CH,ES,80403.06,EUR/USD,SEPA_Instant_Credit,Low_Risk,Clean_NoHit,93.58,0
SWIFT_W92834,HSBCGB2L,STANHKHH,FR,CA,3236.99,EUR/AED,ISO20022_pacs008,Enhanced_Due_Diligence,Clean_NoHit,9.99,0
SWIFT_W91918,HSBCGB2L,SMBCJPJT,NL,SG,800.82,EUR/INR,SWIFT_MT103,Standard_Risk,Clean_NoHit,0.37,0
SWIFT_W92027,HDFCINBB,SBININBB,CH,JP,1064.43,EUR/USD,SWIFT_MT103,Standard_Risk,Clean_NoHit,4.29,0
SWIFT_W91309,DBSSHKHH,SMBCJPJT,CH,GB,14429.83,EUR/JPY,SWIFT_MT103,PEP_Politically_Exposed,Clean_NoHit,33.90,0
SWIFT_W92114,HDFCINBB,STANHKHH,CH,CA,60365.11,EUR/CHF,ISO20022_pacs008,Enhanced_Due_Diligence,Cleared_FalsePositive,91.77,1
SWIFT_W91914,DBSSHKHH,SBININBB,CH,DE,234433.12,EUR/JPY,ISO20022_pacs008,Low_Risk,Cleared_FalsePositive,154.67,1
SWIFT_W92350,HDFCINBB,SMBCJPJT,DE,CA,44588.43,EUR/AED,ISO20022_pacs008,Enhanced_Due_Diligence,Cleared_FalsePositive,65.26,0
SWIFT_W92022,SANTRSMM,SMBCJPJT,FR,SG,800.60,EUR/SGD,SWIFT_MT103,Standard_Risk,Clean_NoHit,0.31,0
SWIFT_W92667,HDFCINBB,SBININBB,FR,CA,48389.14,EUR/CHF,ISO20022_pacs008,Low_Risk,Clean_NoHit,65.46,0
SWIFT_W92851,HSBCGB2L,SMBCJPJT,CH,DE,1063.78,EUR/CHF,SEPA_Instant_Credit,PEP_Politically_Exposed,Clean_NoHit,2.23,0
SWIFT_W92468,DEUTDEDD,INGBNL2A,GB,CA,41551.68,EUR/CHF,SEPA_Instant_Credit,Enhanced_Due_Diligence,Cleared_FalsePositive,122.67,0
SWIFT_W92347,DEUTDEDD,RABONL2U,FR,CH,28611.80,EUR/CHF,SEPA_Instant_Credit,Low_Risk,Clean_NoHit,49.43,0
SWIFT_W91901,DBSSHKHH,SBININBB,DE,CH,248756.23,EUR/INR,ISO20022_pacs008,Low_Risk,Cleared_FalsePositive,172.61,1
SWIFT_W92922,HDFCINBB,STANHKHH,FR,AU,2441.34,EUR/AED,Fedwire_Funds,Enhanced_Due_Diligence,Clean_NoHit,10.41,0
SWIFT_W92918,HSBCGB2L,STANHKHH,FR,CA,997.68,EUR/AED,SEPA_Instant_Credit,Low_Risk,Clean_NoHit,2.24,0
SWIFT_W92222,DEUTDEDD,SMBCJPJT,AE,CA,29036.26,EUR/CHF,ISO20022_pacs008,PEP_Politically_Exposed,Clean_NoHit,49.61,0
SWIFT_W91922,SANTRSMM,STANHKHH,AE,US,800.53,USD/JPY,SWIFT_MT103,Standard_Risk,Clean_NoHit,0.20,0
SWIFT_W91610,SANTRSMM,UBSWCHZH,CH,DE,842.22,EUR/JPY,SWIFT_MT103,PEP_Politically_Exposed,Clean_NoHit,1.15,0
SWIFT_W92066,HSBCGB2L,STANHKHH,IN,CH,28375.56,EUR/GBP,SEPA_Instant_Credit,Low_Risk,Clean_NoHit,35.73,0
SWIFT_W91227,HSBCGB2L,STANHKHH,AU,SG,801.00,EUR/USD,SWIFT_MT103,Standard_Risk,Clean_NoHit,0.40,0
SWIFT_W92556,HDFCINBB,STANHKHH,DE,AU,14048.52,EUR/AED,ISO20022_pacs008,Enhanced_Due_Diligence,Clean_NoHit,28.50,0
SWIFT_W92119,DBSSHKHH,SBININBB,CH,CH,230465.05,EUR/INR,ISO20022_pacs008,Low_Risk,Cleared_FalsePositive,134.21,1
SWIFT_W91247,HDFCINBB,STANHKHH,CH,GB,1148.24,USD/CAD,SWIFT_MT103,Standard_Risk,Clean_NoHit,5.01,0
SWIFT_W92695,HSBCGB2L,STANHKHH,IN,AU,8259.00,EUR/AED,ISO20022_pacs008,Enhanced_Due_Diligence,Clean_NoHit,24.50,0
SWIFT_W92547,DBSSHKHH,BCOPESMM,FR,CA,25703.72,EUR/CHF,SEPA_Instant_Credit,Enhanced_Due_Diligence,Cleared_FalsePositive,125.01,0
SWIFT_W91052,HSBCGB2L,UBSWCHZH,AE,SG,801.39,EUR/USD,SWIFT_MT103,Standard_Risk,Clean_NoHit,0.34,0
SWIFT_W92537,DEUTDEDD,INGBNL2A,AU,JP,1175.14,EUR/GBP,SWIFT_MT103,Standard_Risk,Clean_NoHit,6.08,0
SWIFT_W92419,HDFCINBB,SMBCJPJT,DE,AU,34952.85,EUR/CHF,ISO20022_pacs008,Enhanced_Due_Diligence,Clean_NoHit,45.95,0
SWIFT_W92338,HDFCINBB,SMBCJPJT,SG,JP,1397.12,EUR/INR,SWIFT_MT103,Enhanced_Due_Diligence,Clean_NoHit,25.26,0
SWIFT_W91931,DBSSHKHH,RABONL2U,DE,ES,19940.57,EUR/USD,SWIFT_MT103,Low_Risk,Clean_NoHit,82.31,0
SWIFT_W91653,HSBCGB2L,SMBCJPJT,FR,JP,810.13,USD/CAD,SWIFT_MT103,Standard_Risk,Clean_NoHit,1.30,0
SWIFT_W92940,HSBCGB2L,SBININBB,US,CH,994.24,EUR/AED,SEPA_Instant_Credit,Enhanced_Due_Diligence,Clean_NoHit,11.26,0
SWIFT_W92570,HSBCGB2L,SBININBB,DE,US,800.80,EUR/GBP,SWIFT_MT103,Standard_Risk,Clean_NoHit,0.35,0
SWIFT_W91029,HSBCGB2L,UBSWCHZH,AU,JP,824.47,USD/JPY,SWIFT_MT103,Standard_Risk,Clean_NoHit,1.14,0
SWIFT_W92798,HSBCGB2L,STANHKHH,IN,CH,2387.88,EUR/AED,ISO20022_pacs008,Enhanced_Due_Diligence,Clean_NoHit,11.15,0
SWIFT_W92774,HSBCGB2L,RABONL2U,NL,US,800.59,EUR/AED,SWIFT_MT103,Standard_Risk,Clean_NoHit,0.28,0
SWIFT_W92156,DEUTDEDD,RABONL2U,DE,CA,129368.55,EUR/INR,ISO20022_pacs008,Enhanced_Due_Diligence,Cleared_FalsePositive,167.96,1
SWIFT_W92413,DEUTDEDD,SBININBB,GB,CH,88689.34,EUR/INR,SEPA_Instant_Credit,Enhanced_Due_Diligence,Cleared_FalsePositive,148.51,0
SWIFT_W91528,DEUTDEDD,SBININBB,AU,JP,4288.68,EUR/USD,SWIFT_MT103,PEP_Politically_Exposed,Clean_NoHit,17.84,0
SWIFT_W92086,DBSSHKHH,SBININBB,CH,CH,167027.31,EUR/GBP,ISO20022_pacs008,Low_Risk,Cleared_FalsePositive,150.23,1
SWIFT_W92209,DBSSHKHH,INGBNL2A,CH,CH,76029.98,EUR/GBP,SEPA_Instant_Credit,Low_Risk,Cleared_FalsePositive,129.76,1
SWIFT_W92090,HSBCGB2L,SMBCJPJT,DE,JP,805.53,EUR/INR,SWIFT_MT103,Standard_Risk,Clean_NoHit,0.76,0
SWIFT_W92390,DBSSHKHH,INGBNL2A,CH,CA,41316.92,EUR/CHF,SEPA_Instant_Credit,Low_Risk,Cleared_FalsePositive,107.50,1
SWIFT_W92089,DBSSHKHH,SBININBB,DE,CA,174558.09,EUR/INR,SEPA_Instant_Credit,Low_Risk,Cleared_FalsePositive,167.28,1
SWIFT_W92251,DEUTDEDD,STANHKHH,AU,CA,43435.51,EUR/GBP,ISO20022_pacs008,Enhanced_Due_Diligence,Cleared_FalsePositive,163.96,1
SWIFT_W92588,DBSSHKHH,RABONL2U,AU,CA,51931.30,EUR/CHF,ISO20022_pacs008,Low_Risk,Cleared_FalsePositive,68.05,1
SWIFT_W92061,SANTRSMM,SMBCJPJT,NL,SG,800.54,EUR/INR,SWIFT_MT103,Standard_Risk,Clean_NoHit,0.24,0
SWIFT_W92365,DBSSHKHH,INGBNL2A,DE,CH,99202.97,EUR/GBP,SEPA_Instant_Credit,Low_Risk,Cleared_FalsePositive,131.41,0
SWIFT_W92312,HDFCINBB,STANHKHH,AU,CA,59747.74,EUR/GBP,ISO20022_pacs008,Low_Risk,Cleared_FalsePositive,99.30,1
SWIFT_W92082,DBSSHKHH,SBININBB,DE,CH,216628.09,EUR/INR,ISO20022_pacs008,Enhanced_Due_Diligence,Cleared_FalsePositive,156.76,1
SWIFT_W92971,SANTRSMM,INGBNL2A,US,US,800.53,EUR/CHF,SWIFT_MT103,PEP_Politically_Exposed,Clean_NoHit,0.23,0
SWIFT_W92548,DEUTDEDD,RABONL2U,IN,CH,41368.29,EUR/CHF,ISO20022_pacs008,Enhanced_Due_Diligence,Clean_NoHit,77.18,0
SWIFT_W92949,HSBCGB2L,SBININBB,SG,CA,1071.82,EUR/AED,ISO20022_pacs008,Enhanced_Due_Diligence,Clean_NoHit,5.23,0
SWIFT_W92168,DEUTDEDD,INGBNL2A,AU,SG,1401.54,EUR/JPY,SWIFT_MT103,Standard_Risk,Clean_NoHit,7.87,0
SWIFT_W92897,SANTRSMM,UBSWCHZH,CH,AU,1103.41,EUR/AED,Fedwire_Funds,Low_Risk,Clean_NoHit,2.44,0
SWIFT_W92366,DBSSHKHH,INGBNL2A,FR,CH,102643.90,EUR/GBP,SEPA_Instant_Credit,Low_Risk,Cleared_FalsePositive,139.92,0
SWIFT_W92940,HSBCGB2L,INGBNL2A,US,CH,1337.90,EUR/AED,SEPA_Instant_Credit,Enhanced_Due_Diligence,Clean_NoHit,56.35,0
SWIFT_W91894,DEUTDEDD,SMBCJPJT,CH,CH,189053.09,EUR/GBP,ISO20022_pacs008,Low_Risk,Cleared_FalsePositive,150.66,1
SWIFT_W91800,HSBCGB2L,UBSWCHZH,AE,AU,1917.95,EUR/INR,ISO20022_pacs008,PEP_Politically_Exposed,Clean_NoHit,10.65,0
SWIFT_W91925,HDFCINBB,RABONL2U,AU,SG,828.64,EUR/USD,SWIFT_MT103,Standard_Risk,Clean_NoHit,2.14,0
SWIFT_W92276,DBSSHKHH,INGBNL2A,FR,CH,99682.02,EUR/GBP,SEPA_Instant_Credit,Enhanced_Due_Diligence,Cleared_FalsePositive,180.43,1
SWIFT_W91672,DEUTDEDD,RABONL2U,AU,GB,38666.18,EUR/SGD,SEPA_Instant_Credit,PEP_Politically_Exposed,Clean_NoHit,54.75,0
SWIFT_W91819,DEUTDEDD,SMBCJPJT,FR,CH,79671.84,EUR/INR,SEPA_Instant_Credit,Low_Risk,Clean_NoHit,104.52,0
SWIFT_W92292,DEUTDEDD,RABONL2U,AU,CH,120251.23,EUR/GBP,ISO20022_pacs008,Low_Risk,Cleared_FalsePositive,123.31,1
SWIFT_W92569,SANTRSMM,SMBCJPJT,SG,GB,815.70,EUR/INR,SWIFT_MT103,Low_Risk,Clean_NoHit,1.50,0
SWIFT_W90968,HSBCGB2L,STANHKHH,AU,JP,833.77,USD/CAD,SWIFT_MT103,Standard_Risk,Clean_NoHit,1.83,0
SWIFT_W91988,HDFCINBB,SBININBB,AU,CH,7205.68,EUR/SGD,SEPA_Instant_Credit,Standard_Risk,Clean_NoHit,20.80,0
SWIFT_W92494,HSBCGB2L,UBSWCHZH,AE,CH,960.28,EUR/AED,ISO20022_pacs008,Low_Risk,Clean_NoHit,1.90,0
SWIFT_W92100,DEUTDEDD,STANHKHH,CH,CH,84121.22,EUR/INR,ISO20022_pacs008,Low_Risk,Clean_NoHit,86.96,0
SWIFT_W92495,DEUTDEDD,SMBCJPJT,AU,AU,20795.91,EUR/AED,ISO20022_pacs008,Low_Risk,Cleared_FalsePositive,58.94,1
SWIFT_W92678,DBSSHKHH,FABAEADX,AU,JP,1169.20,EUR/INR,SWIFT_MT103,Standard_Risk,Clean_NoHit,6.19,0
SWIFT_W90984,HDFCINBB,STANHKHH,AU,GB,1835.38,USD/JPY,SWIFT_MT103,PEP_Politically_Exposed,Clean_NoHit,11.89,0
SWIFT_W92520,DEUTDEDD,SMBCJPJT,CH,CH,57914.90,EUR/CHF,ISO20022_pacs008,Low_Risk,Clean_NoHit,49.86,0
SWIFT_W91938,SANTRSMM,UBSWCHZH,AE,DE,802.15,EUR/USD,SWIFT_MT103,Standard_Risk,Clean_NoHit,0.35,0
SWIFT_W92336,HSBCGB2L,UBSWCHZH,AE,AU,4684.57,EUR/AED,Fedwire_Funds,Low_Risk,Clean_NoHit,28.52,0
SWIFT_W92257,DEUTDEDD,RABONL2U,AU,CA,52268.88,EUR/CHF,ISO20022_pacs008,Enhanced_Due_Diligence,Cleared_FalsePositive,100.86,1
SWIFT_W92166,DBSSHKHH,RABONL2U,DE,CH,94818.77,EUR/GBP,SEPA_Instant_Credit,Low_Risk,Cleared_FalsePositive,158.72,1
SWIFT_W92337,DEUTDEDD,FABAEADX,AE,SG,853.21,EUR/INR,SWIFT_MT103,Standard_Risk,Clean_NoHit,1.83,0
SWIFT_W91402,HDFCINBB,SMBCJPJT,DE,ES,11601.94,EUR/USD,SWIFT_MT103,Low_Risk,Clean_NoHit,45.60,0
SWIFT_W92413,DBSSHKHH,BCOPESMM,GB,JP,3754.18,EUR/CHF,SWIFT_MT103,Low_Risk,Clean_NoHit,48.86,0
SWIFT_W92462,DBSSHKHH,FABAEADX,CH,DE,25458.71,EUR/CHF,SEPA_Instant_Credit,PEP_Politically_Exposed,Clean_NoHit,50.28,0
SWIFT_W91932,HDFCINBB,STANHKHH,AE,CH,5175.15,EUR/INR,SEPA_Instant_Credit,Standard_Risk,Clean_NoHit,15.91,0
SWIFT_W91994,DEUTDEDD,SBININBB,FR,DE,120173.11,EUR/INR,SEPA_Instant_Credit,Low_Risk,Clean_NoHit,96.53,0
SWIFT_W92788,HDFCINBB,RABONL2U,SG,CH,7056.32,EUR/GBP,SWIFT_MT103,Enhanced_Due_Diligence,Clean_NoHit,129.52,0
SWIFT_W92687,HSBCGB2L,STANHKHH,NL,DE,2658.28,EUR/CHF,SEPA_Instant_Credit,Enhanced_Due_Diligence,Clean_NoHit,16.14,0
SWIFT_W92915,HSBCGB2L,UBSWCHZH,SG,CA,1278.96,EUR/AED,ISO20022_pacs008,Enhanced_Due_Diligence,Clean_NoHit,8.34,0
SWIFT_W91912,SANTRSMM,UBSWCHZH,NL,JP,803.53,EUR/SGD,SWIFT_MT103,PEP_Politically_Exposed,Clean_NoHit,0.68,0
SWIFT_W91870,HDFCINBB,SBININBB,GB,JP,1428.19,EUR/SGD,SWIFT_MT103,Low_Risk,Clean_NoHit,18.39,0
SWIFT_W92779,HSBCGB2L,SBININBB,NL,CH,9644.08,EUR/CHF,SEPA_Instant_Credit,Enhanced_Due_Diligence,Clean_NoHit,25.97,0
SWIFT_W92079,DEUTDEDD,SMBCJPJT,FR,DE,56741.96,EUR/CHF,ISO20022_pacs008,Low_Risk,Clean_NoHit,59.45,0
SWIFT_W92914,HSBCGB2L,UBSWCHZH,FR,AU,2041.08,EUR/AED,Fedwire_Funds,Enhanced_Due_Diligence,Clean_NoHit,7.05,0
SWIFT_W90296,SANTRSMM,UBSWCHZH,AE,US,800.78,USD/JPY,SWIFT_MT103,Standard_Risk,Clean_NoHit,0.36,0
SWIFT_W92137,DBSSHKHH,INGBNL2A,CH,CH,106739.66,EUR/CHF,SEPA_Instant_Credit,Low_Risk,Cleared_FalsePositive,134.07,1
SWIFT_W90493,HSBCGB2L,UBSWCHZH,AU,GB,2446.12,USD/CAD,SWIFT_MT103,PEP_Politically_Exposed,Clean_NoHit,13.28,0
SWIFT_W92623,DEUTDEDD,BCOPESMM,IN,DE,11270.03,EUR/CHF,SEPA_Instant_Credit,Enhanced_Due_Diligence,Cleared_FalsePositive,95.94,0
SWIFT_W92443,DEUTDEDD,INGBNL2A,FR,CH,26866.74,EUR/CHF,SEPA_Instant_Credit,Enhanced_Due_Diligence,Cleared_FalsePositive,147.46,0
SWIFT_W91876,DEUTDEDD,SBININBB,DE,DE,177823.22,EUR/JPY,SEPA_Instant_Credit,Low_Risk,Cleared_FalsePositive,163.18,1
SWIFT_W92773,HDFCINBB,STANHKHH,AE,AU,4644.73,EUR/AED,Fedwire_Funds,Enhanced_Due_Diligence,Cleared_FalsePositive,32.68,1
SWIFT_W91837,SANTRSMM,UBSWCHZH,IN,US,800.53,EUR/JPY,SWIFT_MT103,Standard_Risk,Clean_NoHit,0.22,0
SWIFT_W92612,DBSSHKHH,BARCGB22,GB,GB,8689.50,EUR/CHF,SWIFT_MT103,Low_Risk,Clean_NoHit,60.64,0
SWIFT_W91894,DBSSHKHH,RABONL2U,DE,DE,311972.38,EUR/INR,ISO20022_pacs008,Low_Risk,Cleared_FalsePositive,179.16,1
SWIFT_W92259,DBSSHKHH,RABONL2U,FR,CH,90661.95,EUR/CHF,SEPA_Instant_Credit,Enhanced_Due_Diligence,Cleared_FalsePositive,158.26,0
SWIFT_W92748,DEUTDEDD,SBININBB,AU,CA,25060.30,EUR/AED,ISO20022_pacs008,Enhanced_Due_Diligence,Clean_NoHit,25.21,0
SWIFT_W92838,HSBCGB2L,BCOPESMM,US,SG,825.77,EUR/CHF,SWIFT_MT103,Enhanced_Due_Diligence,Clean_NoHit,7.54,0
SWIFT_W91115,HSBCGB2L,STANHKHH,CH,JP,805.81,USD/CAD,SWIFT_MT103,Standard_Risk,Clean_NoHit,1.03,0
SWIFT_W92759,HSBCGB2L,UBSWCHZH,AU,AU,4271.93,EUR/AED,Fedwire_Funds,Enhanced_Due_Diligence,Clean_NoHit,20.10,0
SWIFT_W92294,SANTRSMM,UBSWCHZH,AU,CA,2061.69,EUR/CHF,ISO20022_pacs008,Low_Risk,Clean_NoHit,5.19,0
SWIFT_W92681,DEUTDEDD,RABONL2U,FR,CA,24886.16,EUR/CHF,ISO20022_pacs008,Enhanced_Due_Diligence,Clean_NoHit,38.20,0
SWIFT_W92299,HSBCGB2L,STANHKHH,NL,JP,805.39,EUR/CHF,SWIFT_MT103,PEP_Politically_Exposed,Clean_NoHit,1.07,0
SWIFT_W91686,HDFCINBB,STANHKHH,DE,DE,51021.65,EUR/JPY,SEPA_Instant_Credit,Low_Risk,Clean_NoHit,106.76,0
SWIFT_W92256,HDFCINBB,SMBCJPJT,NL,GB,1967.19,EUR/USD,SWIFT_MT103,Enhanced_Due_Diligence,Clean_NoHit,39.58,0
SWIFT_W92075,HSBCGB2L,STANHKHH,AE,US,800.53,EUR/USD,SWIFT_MT103,Standard_Risk,Clean_NoHit,0.21,0
SWIFT_W92564,HSBCGB2L,SMBCJPJT,US,GB,879.05,EUR/CHF,SWIFT_MT103,Enhanced_Due_Diligence,Clean_NoHit,6.57,0
SWIFT_W92464,DEUTDEDD,FABAEADX,NL,DE,14451.62,EUR/CHF,SEPA_Instant_Credit,Enhanced_Due_Diligence,Clean_NoHit,98.44,0
SWIFT_W92696,HSBCGB2L,SMBCJPJT,IN,AU,8145.09,EUR/AED,ISO20022_pacs008,Enhanced_Due_Diligence,Clean_NoHit,30.90,0
SWIFT_W91875,DBSSHKHH,SBININBB,CH,CH,288861.47,EUR/INR,ISO20022_pacs008,Low_Risk,Cleared_FalsePositive,152.30,1
SWIFT_W92658,HDFCINBB,RABONL2U,SG,CH,5718.92,EUR/AED,ISO20022_pacs008,Enhanced_Due_Diligence,Clean_NoHit,36.15,0
SWIFT_W92933,DBSSHKHH,INGBNL2A,AU,ES,1321.86,EUR/AED,SEPA_Instant_Credit,PEP_Politically_Exposed,Clean_NoHit,4.75,0
SWIFT_W92575,DBSGSGSG,FABAEADX,AU,ES,41570.74,EUR/CHF,SEPA_Instant_Credit,PEP_Politically_Exposed,Cleared_FalsePositive,85.12,0
SWIFT_W91752,DEUTDEDD,SBININBB,DE,CH,199808.36,EUR/GBP,ISO20022_pacs008,Low_Risk,Cleared_FalsePositive,132.14,1
SWIFT_W91469,SANTRSMM,UBSWCHZH,AE,SG,800.54,USD/CAD,SWIFT_MT103,Standard_Risk,Clean_NoHit,0.22,0
SWIFT_W92570,HDFCINBB,STANHKHH,AU,AU,18439.70,EUR/AED,Fedwire_Funds,Low_Risk,Clean_NoHit,38.52,0
SWIFT_W92684,HDFCINBB,INGBNL2A,NL,JP,879.38,EUR/CHF,SWIFT_MT103,Low_Risk,Clean_NoHit,5.10,0
SWIFT_W92103,HDFCINBB,STANHKHH,CH,CH,33922.92,EUR/INR,ISO20022_pacs008,Enhanced_Due_Diligence,Clean_NoHit,99.30,0
SWIFT_W92335,HDFCINBB,STANHKHH,AU,CA,42128.19,EUR/GBP,ISO20022_pacs008,Enhanced_Due_Diligence,Cleared_FalsePositive,125.46,1
SWIFT_W92787,HSBCGB2L,SBININBB,SG,DE,2696.17,EUR/CHF,SEPA_Instant_Credit,Low_Risk,Clean_NoHit,15.87,0
SWIFT_W92909,HSBCGB2L,BARCGB22,SG,CH,1162.54,EUR/AED,SWIFT_MT103,Enhanced_Due_Diligence,Clean_NoHit,31.06,0
SWIFT_W91880,DEUTDEDD,SBININBB,AU,JP,1762.03,EUR/USD,SWIFT_MT103,Standard_Risk,Clean_NoHit,7.84,0
SWIFT_W92744,HDFCINBB,INGBNL2A,NL,CA,4442.62,EUR/AED,SEPA_Instant_Credit,Enhanced_Due_Diligence,Clean_NoHit,58.11,0
SWIFT_W92430,HDFCINBB,RABONL2U,IN,CA,32454.06,EUR/GBP,SEPA_Instant_Credit,Enhanced_Due_Diligence,Clean_NoHit,88.75,0
SWIFT_W92221,DBSGSGSG,FABAEADX,CH,ES,94716.85,EUR/GBP,SEPA_Instant_Credit,Low_Risk,Cleared_FalsePositive,115.18,1
SWIFT_W90639,HSBCGB2L,STANHKHH,AU,GB,1394.19,USD/JPY,SWIFT_MT103,PEP_Politically_Exposed,Clean_NoHit,10.61,0
SWIFT_W91569,HSBCGB2L,STANHKHH,FR,JP,828.22,USD/CAD,SWIFT_MT103,PEP_Politically_Exposed,Clean_NoHit,1.61,0
SWIFT_W92566,HSBCGB2L,SMBCJPJT,GB,GB,917.38,EUR/AED,SWIFT_MT103,PEP_Politically_Exposed,Clean_NoHit,1.72,0
SWIFT_W92509,DEUTDEDD,SMBCJPJT,AU,CA,22313.84,EUR/GBP,ISO20022_pacs008,PEP_Politically_Exposed,Clean_NoHit,32.72,0
SWIFT_W92470,HDFCINBB,SMBCJPJT,FR,AU,20170.02,EUR/CHF,ISO20022_pacs008,Enhanced_Due_Diligence,Cleared_FalsePositive,97.16,1
SWIFT_W91980,HDFCINBB,STANHKHH,DE,GB,6736.44,EUR/SGD,SWIFT_MT103,Low_Risk,Clean_NoHit,30.43,0
SWIFT_W92329,DBSSHKHH,FABAEADX,FR,DE,131269.36,EUR/GBP,SEPA_Instant_Credit,Low_Risk,Cleared_FalsePositive,125.88,0
SWIFT_W91146,SANTRSMM,UBSWCHZH,AE,SG,800.55,EUR/USD,SWIFT_MT103,Standard_Risk,Clean_NoHit,0.21,0
SWIFT_W91963,HSBCGB2L,STANHKHH,AE,CA,17284.91,EUR/GBP,Fedwire_Funds,Low_Risk,Clean_NoHit,54.76,1
SWIFT_W92276,SANTRSMM,STANHKHH,DE,US,800.53,EUR/USD,SWIFT_MT103,Standard_Risk,Clean_NoHit,0.21,0
SWIFT_W92745,HDFCINBB,STANHKHH,AU,CA,4684.51,EUR/AED,ISO20022_pacs008,Low_Risk,Clean_NoHit,8.90,0
SWIFT_W91739,DEUTDEDD,STANHKHH,CH,ES,20080.33,EUR/JPY,SEPA_Instant_Credit,Low_Risk,Clean_NoHit,40.44,0
SWIFT_W92385,DEUTDEDD,SBININBB,AU,AU,25400.69,EUR/CHF,SEPA_Instant_Credit,Enhanced_Due_Diligence,Cleared_FalsePositive,118.45,1
SWIFT_W92710,SANTRSMM,UBSWCHZH,CH,AU,2136.75,EUR/CHF,Fedwire_Funds,Low_Risk,Clean_NoHit,5.08,0
SWIFT_W92901,HSBCGB2L,SBININBB,US,GB,840.61,EUR/AED,SWIFT_MT103,Enhanced_Due_Diligence,Clean_NoHit,8.39,0
SWIFT_W92309,DEUTDEDD,BCOPESMM,FR,CH,74907.24,EUR/GBP,SEPA_Instant_Credit,Low_Risk,Cleared_FalsePositive,115.59,0
SWIFT_W92483,HSBCGB2L,INGBNL2A,NL,SG,801.08,EUR/INR,SWIFT_MT103,PEP_Politically_Exposed,Clean_NoHit,0.88,0
SWIFT_W91828,DBSSHKHH,INGBNL2A,DE,ES,210387.41,EUR/INR,SEPA_Instant_Credit,Low_Risk,Cleared_FalsePositive,143.36,0
SWIFT_W92118,DBSSHKHH,SBININBB,DE,CA,99723.62,EUR/GBP,SEPA_Instant_Credit,Enhanced_Due_Diligence,Cleared_FalsePositive,157.87,1
SWIFT_W92142,DBSSHKHH,FABAEADX,DE,DE,130119.74,EUR/GBP,SEPA_Instant_Credit,Low_Risk,Cleared_FalsePositive,156.41,1
SWIFT_W92918,HSBCGB2L,BCOPESMM,IN,GB,824.69,EUR/AED,SWIFT_MT103,PEP_Politically_Exposed,Clean_NoHit,2.03,0
SWIFT_W91008,HSBCGB2L,STANHKHH,AE,GB,817.51,USD/CAD,SWIFT_MT103,Standard_Risk,Clean_NoHit,0.94,0
SWIFT_W92324,DEUTDEDD,SMBCJPJT,AU,CA,96219.20,EUR/GBP,ISO20022_pacs008,Low_Risk,Cleared_FalsePositive,127.96,1
SWIFT_W92630,HDFCINBB,SMBCJPJT,DE,AU,13114.51,EUR/AED,ISO20022_pacs008,Enhanced_Due_Diligence,Cleared_FalsePositive,50.91,0
SWIFT_W92059,HSBCGB2L,STANHKHH,CH,AU,21374.08,EUR/GBP,ISO20022_pacs008,Low_Risk,Clean_NoHit,23.69,0
SWIFT_W92289,DEUTDEDD,SMBCJPJT,AU,CA,80077.86,EUR/GBP,ISO20022_pacs008,Enhanced_Due_Diligence,Cleared_FalsePositive,135.18,1
SWIFT_W91101,SANTRSMM,STANHKHH,CH,DE,812.36,EUR/SGD,SWIFT_MT103,Standard_Risk,Clean_NoHit,0.73,0
SWIFT_W92364,DBSSHKHH,BCOPESMM,DE,GB,15770.30,EUR/GBP,SWIFT_MT103,Low_Risk,Cleared_FalsePositive,62.75,0
SWIFT_W92476,DEUTDEDD,SBININBB,IN,DE,43150.17,EUR/JPY,SEPA_Instant_Credit,Enhanced_Due_Diligence,Cleared_FalsePositive,181.78,0
SWIFT_W92563,SANTRSMM,UBSWCHZH,CH,SG,800.62,EUR/AED,SWIFT_MT103,Standard_Risk,Clean_NoHit,0.23,0
SWIFT_W90774,HSBCGB2L,UBSWCHZH,AU,JP,925.70,USD/CAD,SWIFT_MT103,Standard_Risk,Clean_NoHit,2.73,0
SWIFT_W91268,HDFCINBB,SMBCJPJT,AU,DE,47203.32,EUR/JPY,ISO20022_pacs008,PEP_Politically_Exposed,Clean_NoHit,62.89,0
SWIFT_W92272,DEUTDEDD,SMBCJPJT,CH,CA,73137.86,EUR/GBP,ISO20022_pacs008,Enhanced_Due_Diligence,Cleared_FalsePositive,127.13,1
SWIFT_W92790,HSBCGB2L,SMBCJPJT,US,CH,989.60,EUR/AED,SEPA_Instant_Credit,Enhanced_Due_Diligence,Clean_NoHit,6.42,0
SWIFT_W92420,DBSSHKHH,RABONL2U,GB,CH,108592.95,EUR/INR,SEPA_Instant_Credit,Low_Risk,Cleared_FalsePositive,140.53,0
SWIFT_W92468,DEUTDEDD,SBININBB,CH,AU,35349.12,EUR/CHF,SEPA_Instant_Credit,Enhanced_Due_Diligence,Cleared_FalsePositive,109.53,1
SWIFT_W92914,HSBCGB2L,SMBCJPJT,US,JP,809.50,EUR/AED,SWIFT_MT103,Enhanced_Due_Diligence,Clean_NoHit,1.43,0
SWIFT_W91834,HSBCGB2L,STANHKHH,GB,GB,3449.41,EUR/USD,SWIFT_MT103,Low_Risk,Clean_NoHit,22.67,0
SWIFT_W92751,HSBCGB2L,SMBCJPJT,FR,CA,21441.94,EUR/CHF,ISO20022_pacs008,Enhanced_Due_Diligence,Clean_NoHit,40.83,0
SWIFT_W92725,HSBCGB2L,SMBCJPJT,GB,AU,5894.86,EUR/AED,ISO20022_pacs008,Enhanced_Due_Diligence,Clean_NoHit,26.65,0
SWIFT_W92799,HDFCINBB,FABAEADX,NL,SG,809.54,EUR/AED,SWIFT_MT103,PEP_Politically_Exposed,Clean_NoHit,1.83,0
SWIFT_W92788,DEUTDEDD,SBININBB,AU,CA,11748.26,EUR/AED,ISO20022_pacs008,Low_Risk,Cleared_FalsePositive,26.60,0
SWIFT_W92566,DEUTDEDD,FABAEADX,FR,DE,28715.69,EUR/CHF,SEPA_Instant_Credit,Low_Risk,Cleared_FalsePositive,119.23,0
SWIFT_W92986,HSBCGB2L,SBININBB,US,GB,803.59,EUR/AED,SWIFT_MT103,Enhanced_Due_Diligence,Clean_NoHit,0.99,0
SWIFT_W91642,HSBCGB2L,SMBCJPJT,GB,ES,846.48,EUR/SGD,SWIFT_MT103,PEP_Politically_Exposed,Clean_NoHit,2.39,0
SWIFT_W92595,HDFCINBB,SMBCJPJT,IN,CH,2630.29,EUR/GBP,SWIFT_MT103,Low_Risk,Clean_NoHit,14.94,0
SWIFT_W91847,DBSSHKHH,RABONL2U,CH,DE,177061.12,EUR/GBP,SEPA_Instant_Credit,Low_Risk,Cleared_FalsePositive,143.92,1
SWIFT_W92578,DEUTDEDD,SBININBB,CH,JP,1071.80,EUR/AED,SWIFT_MT103,PEP_Politically_Exposed,Clean_NoHit,3.55,0
SWIFT_W91866,DEUTDEDD,SMBCJPJT,AE,US,829.40,EUR/JPY,SWIFT_MT103,Standard_Risk,Clean_NoHit,1.23,0
SWIFT_W92721,HSBCGB2L,STANHKHH,CH,CH,1330.41,EUR/GBP,SEPA_Instant_Credit,Low_Risk,Clean_NoHit,2.78,0
SWIFT_W92312,HDFCINBB,SMBCJPJT,CH,CA,98955.91,EUR/CHF,ISO20022_pacs008,Low_Risk,Cleared_FalsePositive,76.35,0
SWIFT_W90221,SANTRSMM,UBSWCHZH,AE,JP,800.76,USD/JPY,SWIFT_MT103,Standard_Risk,Clean_NoHit,0.29,0
SWIFT_W92703,DEUTDEDD,FABAEADX,FR,CA,7901.98,EUR/AED,SEPA_Instant_Credit,Enhanced_Due_Diligence,Cleared_FalsePositive,94.59,0
SWIFT_W92598,HDFCINBB,STANHKHH,CH,AU,16167.74,EUR/CHF,ISO20022_pacs008,Enhanced_Due_Diligence,Cleared_FalsePositive,83.01,1
SWIFT_W92429,DEUTDEDD,SMBCJPJT,DE,CA,80797.16,EUR/GBP,ISO20022_pacs008,Enhanced_Due_Diligence,Cleared_FalsePositive,105.56,1
SWIFT_W92632,HDFCINBB,SMBCJPJT,AU,AU,7381.93,EUR/CHF,ISO20022_pacs008,Enhanced_Due_Diligence,Cleared_FalsePositive,81.32,1
SWIFT_W92897,SANTRSMM,UBSWCHZH,DE,AU,1486.45,EUR/AED,Fedwire_Funds,Enhanced_Due_Diligence,Clean_NoHit,9.03,0
SWIFT_W92479,DEUTDEDD,RABONL2U,DE,CA,33472.50,EUR/CHF,ISO20022_pacs008,Enhanced_Due_Diligence,Cleared_FalsePositive,106.84,1
SWIFT_W92124,DBSSHKHH,SBININBB,AU,GB,86120.53,EUR/JPY,SEPA_Instant_Credit,PEP_Politically_Exposed,Cleared_FalsePositive,78.86,0
SWIFT_W92827,HDFCINBB,SMBCJPJT,IN,CH,2388.31,EUR/AED,SEPA_Instant_Credit,Enhanced_Due_Diligence,Clean_NoHit,14.40,0
SWIFT_W92231,DBSGSGSG,SBININBB,AU,DE,111943.47,EUR/GBP,ISO20022_pacs008,Low_Risk,Cleared_FalsePositive,91.36,0
SWIFT_W92651,HSBCGB2L,UBSWCHZH,AU,AU,4340.56,EUR/CHF,Fedwire_Funds,Low_Risk,Clean_NoHit,16.28,0
SWIFT_W92244,HDFCINBB,RABONL2U,NL,JP,1125.83,EUR/SGD,SWIFT_MT103,Enhanced_Due_Diligence,Clean_NoHit,23.85,0
SWIFT_W92841,HSBCGB2L,FABAEADX,SG,CA,1712.20,EUR/AED,SEPA_Instant_Credit,Enhanced_Due_Diligence,Clean_NoHit,72.19,0
SWIFT_W92652,DBSSHKHH,BCOPESMM,CH,SG,1960.31,EUR/GBP,SWIFT_MT103,PEP_Politically_Exposed,Clean_NoHit,19.53,0
SWIFT_W92124,DBSSHKHH,INGBNL2A,CH,CH,183293.05,EUR/GBP,ISO20022_pacs008,Low_Risk,Cleared_FalsePositive,138.72,1
SWIFT_W92676,HSBCGB2L,INGBNL2A,NL,CA,20089.07,EUR/CHF,ISO20022_pacs008,Low_Risk,Clean_NoHit,38.46,0
SWIFT_W92065,DBSSHKHH,INGBNL2A,DE,CH,232658.44,EUR/GBP,SEPA_Instant_Credit,Low_Risk,Cleared_FalsePositive,170.00,1
SWIFT_W91774,HDFCINBB,STANHKHH,CH,DE,54253.43,EUR/SGD,SEPA_Instant_Credit,Low_Risk,Clean_NoHit,81.92,0
SWIFT_W92897,HDFCINBB,BARCGB22,GB,JP,819.05,EUR/CHF,SWIFT_MT103,PEP_Politically_Exposed,Clean_NoHit,3.58,0
SWIFT_W91689,HSBCGB2L,STANHKHH,GB,JP,802.93,USD/CAD,SWIFT_MT103,PEP_Politically_Exposed,Clean_NoHit,1.04,0
SWIFT_W92677,HSBCGB2L,UBSWCHZH,DE,AU,4405.00,EUR/AED,Fedwire_Funds,Enhanced_Due_Diligence,Clean_NoHit,9.73,0
SWIFT_W92546,HSBCGB2L,UBSWCHZH,AU,AU,3989.02,EUR/AED,Fedwire_Funds,Enhanced_Due_Diligence,Clean_NoHit,19.64,0
SWIFT_W91399,HSBCGB2L,UBSWCHZH,AE,CA,4375.48,EUR/JPY,Fedwire_Funds,Standard_Risk,Clean_NoHit,34.85,0
SWIFT_W91653,DEUTDEDD,SBININBB,CH,SG,1077.14,EUR/INR,SWIFT_MT103,Standard_Risk,Clean_NoHit,4.27,0
SWIFT_W91241,HSBCGB2L,UBSWCHZH,AE,DE,2161.96,USD/CAD,SEPA_Instant_Credit,PEP_Politically_Exposed,Clean_NoHit,17.09,0
SWIFT_W91289,SANTRSMM,UBSWCHZH,AU,US,800.54,USD/CAD,SWIFT_MT103,Standard_Risk,Clean_NoHit,0.22,0
SWIFT_W92519,HDFCINBB,SMBCJPJT,AU,DE,24345.84,EUR/CHF,ISO20022_pacs008,PEP_Politically_Exposed,Clean_NoHit,29.29,0
SWIFT_W91723,DEUTDEDD,SBININBB,DE,CA,154256.45,EUR/CHF,ISO20022_pacs008,Low_Risk,Cleared_FalsePositive,80.30,0
SWIFT_W91757,DEUTDEDD,INGBNL2A,AU,GB,18096.23,EUR/JPY,SWIFT_MT103,Standard_Risk,Clean_NoHit,26.31,0
SWIFT_W92792,HSBCGB2L,SMBCJPJT,US,CH,1527.56,EUR/AED,SEPA_Instant_Credit,Enhanced_Due_Diligence,Clean_NoHit,15.92,0
SWIFT_W90519,SANTRSMM,STANHKHH,AE,SG,800.57,USD/CAD,SWIFT_MT103,Standard_Risk,Clean_NoHit,0.23,0
SWIFT_W92364,DBSSHKHH,FABAEADX,CH,DE,103816.52,EUR/CHF,SEPA_Instant_Credit,PEP_Politically_Exposed,Cleared_FalsePositive,82.41,0
SWIFT_W91931,DEUTDEDD,STANHKHH,AE,DE,5108.63,EUR/USD,SEPA_Instant_Credit,Standard_Risk,Clean_NoHit,17.48,0
SWIFT_W91053,DEUTDEDD,STANHKHH,AU,ES,25080.14,USD/CAD,SEPA_Instant_Credit,Low_Risk,Clean_NoHit,71.14,0
SWIFT_W92702,HDFCINBB,SMBCJPJT,AU,CA,29334.44,EUR/CHF,Fedwire_Funds,Low_Risk,Cleared_FalsePositive,59.59,0
SWIFT_W90504,SANTRSMM,UBSWCHZH,AE,SG,800.55,USD/JPY,SWIFT_MT103,Standard_Risk,Clean_NoHit,0.22,0
SWIFT_W91577,DEUTDEDD,SBININBB,CH,DE,218252.14,EUR/SGD,SEPA_Instant_Credit,Low_Risk,Cleared_FalsePositive,115.94,0
SWIFT_W90705,HSBCGB2L,UBSWCHZH,AE,SG,807.13,USD/JPY,SWIFT_MT103,Standard_Risk,Clean_NoHit,0.83,0
SWIFT_W92715,HDFCINBB,RABONL2U,GB,CA,19260.35,EUR/CHF,SEPA_Instant_Credit,Enhanced_Due_Diligence,Clean_NoHit,45.39,0
SWIFT_W92532,DBSSHKHH,RABONL2U,DE,CH,68417.69,EUR/CHF,SEPA_Instant_Credit,Enhanced_Due_Diligence,Cleared_FalsePositive,88.94,0
SWIFT_W90807,HDFCINBB,STANHKHH,AE,JP,938.39,USD/CAD,SWIFT_MT103,Standard_Risk,Clean_NoHit,2.07,0
SWIFT_W92796,HSBCGB2L,SMBCJPJT,IN,AU,6858.77,EUR/AED,ISO20022_pacs008,Enhanced_Due_Diligence,Clean_NoHit,50.01,0
SWIFT_W92190,DBSSHKHH,SBININBB,DE,CH,138171.14,EUR/JPY,SEPA_Instant_Credit,Enhanced_Due_Diligence,Cleared_FalsePositive,192.24,1
SWIFT_W92805,DEUTDEDD,INGBNL2A,CH,ES,1077.94,EUR/INR,SWIFT_MT103,Standard_Risk,Clean_NoHit,3.78,0
SWIFT_W91601,SANTRSMM,UBSWCHZH,FR,US,800.54,USD/CAD,SWIFT_MT103,Standard_Risk,Clean_NoHit,0.23,0
SWIFT_W92003,DBSGSGSG,RABONL2U,CH,ES,110498.34,EUR/INR,SEPA_Instant_Credit,PEP_Politically_Exposed,Cleared_FalsePositive,79.28,0
SWIFT_W91752,DBSSHKHH,SBININBB,DE,CH,235153.58,EUR/GBP,ISO20022_pacs008,Low_Risk,Cleared_FalsePositive,169.34,1
SWIFT_W92779,HSBCGB2L,UBSWCHZH,NL,CA,3046.82,EUR/AED,ISO20022_pacs008,Enhanced_Due_Diligence,Clean_NoHit,17.52,0
SWIFT_W92826,DBSSHKHH,FABAEADX,AE,CA,3872.06,EUR/AED,SEPA_Instant_Credit,Low_Risk,Cleared_FalsePositive,39.17,1
SWIFT_W92403,DEUTDEDD,INGBNL2A,IN,DE,36279.74,EUR/GBP,SEPA_Instant_Credit,Enhanced_Due_Diligence,Clean_NoHit,127.68,0
SWIFT_W90308,SANTRSMM,UBSWCHZH,AE,ES,800.58,USD/JPY,SWIFT_MT103,Standard_Risk,Clean_NoHit,0.23,0
SWIFT_W92348,DEUTDEDD,SMBCJPJT,CH,CA,83290.76,EUR/CHF,Fedwire_Funds,Low_Risk,Clean_NoHit,58.39,0
SWIFT_W91488,HSBCGB2L,STANHKHH,DE,CH,1859.41,EUR/GBP,SEPA_Instant_Credit,Standard_Risk,Clean_NoHit,5.19,0
SWIFT_W91606,SANTRSMM,UBSWCHZH,AE,ES,811.59,EUR/JPY,SWIFT_MT103,Standard_Risk,Clean_NoHit,0.63,0
SWIFT_W92865,HDFCINBB,BCOPESMM,SG,CA,4145.27,EUR/CHF,SEPA_Instant_Credit,Enhanced_Due_Diligence,Clean_NoHit,75.69,0
SWIFT_W92882,HSBCGB2L,SMBCJPJT,US,DE,1735.97,EUR/CHF,SEPA_Instant_Credit,Enhanced_Due_Diligence,Clean_NoHit,26.88,0
SWIFT_W92669,HSBCGB2L,SBININBB,IN,JP,811.58,EUR/CHF,SWIFT_MT103,Standard_Risk,Clean_NoHit,1.42,0
SWIFT_W91474,SANTRSMM,UBSWCHZH,AE,US,800.60,USD/JPY,SWIFT_MT103,Standard_Risk,Clean_NoHit,0.24,0
SWIFT_W92480,DBSSHKHH,SBININBB,AU,CH,36266.13,EUR/CHF,ISO20022_pacs008,Low_Risk,Cleared_FalsePositive,76.52,1
SWIFT_W92529,HDFCINBB,STANHKHH,AU,AU,20255.70,EUR/CHF,ISO20022_pacs008,Enhanced_Due_Diligence,Cleared_FalsePositive,81.68,1
SWIFT_W91864,DBSSHKHH,SBININBB,DE,DE,111308.02,EUR/SGD,SEPA_Instant_Credit,Low_Risk,Cleared_FalsePositive,172.34,1
SWIFT_W92251,HSBCGB2L,SMBCJPJT,GB,JP,800.94,EUR/SGD,SWIFT_MT103,Standard_Risk,Clean_NoHit,0.40,0
SWIFT_W91913,HDFCINBB,SBININBB,IN,DE,17471.22,EUR/INR,SWIFT_MT103,Low_Risk,Clean_NoHit,54.49,0
SWIFT_W90538,HSBCGB2L,STANHKHH,AU,JP,1118.05,USD/JPY,SWIFT_MT103,Standard_Risk,Clean_NoHit,4.46,0
SWIFT_W92387,HDFCINBB,STANHKHH,AU,CA,28790.50,EUR/CHF,Fedwire_Funds,Low_Risk,Clean_NoHit,55.99,1
SWIFT_W92552,HSBCGB2L,SBININBB,NL,JP,1079.22,EUR/INR,SWIFT_MT103,Low_Risk,Clean_NoHit,7.90,0
SWIFT_W91949,HDFCINBB,SBININBB,FR,ES,1520.76,EUR/SGD,SWIFT_MT103,PEP_Politically_Exposed,Clean_NoHit,8.46,0
SWIFT_W91225,HDFCINBB,STANHKHH,AU,ES,20729.38,EUR/SGD,SEPA_Instant_Credit,PEP_Politically_Exposed,Clean_NoHit,43.29,0
SWIFT_W92590,DEUTDEDD,SBININBB,FR,CA,31936.01,EUR/CHF,ISO20022_pacs008,Enhanced_Due_Diligence,Cleared_FalsePositive,87.88,0
SWIFT_W91729,HSBCGB2L,UBSWCHZH,CH,ES,941.32,EUR/GBP,SEPA_Instant_Credit,PEP_Politically_Exposed,Clean_NoHit,1.84,0
SWIFT_W90967,HSBCGB2L,STANHKHH,AU,GB,812.02,USD/CAD,SWIFT_MT103,Standard_Risk,Clean_NoHit,1.03,0
SWIFT_W92526,DEUTDEDD,SBININBB,GB,CA,75201.40,EUR/GBP,SEPA_Instant_Credit,Enhanced_Due_Diligence,Cleared_FalsePositive,141.75,0
SWIFT_W92186,SANTRSMM,UBSWCHZH,FR,DE,816.89,EUR/SGD,SWIFT_MT103,PEP_Politically_Exposed,Clean_NoHit,0.95,0
SWIFT_W91300,HSBCGB2L,STANHKHH,CH,GB,873.78,USD/JPY,SWIFT_MT103,PEP_Politically_Exposed,Clean_NoHit,2.78,0
SWIFT_W92670,HDFCINBB,FABAEADX,SG,GB,1253.64,EUR/CHF,SWIFT_MT103,Low_Risk,Clean_NoHit,14.68,0
SWIFT_W91604,SANTRSMM,UBSWCHZH,DE,ES,892.00,EUR/CHF,SWIFT_MT103,PEP_Politically_Exposed,Clean_NoHit,1.65,0
SWIFT_W92185,SANTRSMM,UBSWCHZH,AU,GB,805.89,EUR/INR,SWIFT_MT103,Standard_Risk,Clean_NoHit,0.51,0
SWIFT_W91699,HSBCGB2L,UBSWCHZH,AE,GB,814.12,EUR/JPY,SWIFT_MT103,Standard_Risk,Clean_NoHit,0.87,0
SWIFT_W91980,HSBCGB2L,STANHKHH,FR,GB,1222.42,EUR/CHF,SWIFT_MT103,Standard_Risk,Clean_NoHit,3.24,0
SWIFT_W91494,HSBCGB2L,UBSWCHZH,AE,CA,2692.17,EUR/CHF,Fedwire_Funds,Standard_Risk,Clean_NoHit,16.87,0
SWIFT_W92653,SANTRSMM,STANHKHH,GB,US,800.53,EUR/CHF,SWIFT_MT103,Standard_Risk,Clean_NoHit,0.20,0
SWIFT_W90955,HSBCGB2L,UBSWCHZH,AU,GB,808.65,EUR/USD,SWIFT_MT103,Standard_Risk,Clean_NoHit,0.77,0
SWIFT_W91653,HSBCGB2L,UBSWCHZH,AE,CA,8660.06,EUR/INR,Fedwire_Funds,PEP_Politically_Exposed,Clean_NoHit,55.90,0
SWIFT_W92477,DEUTDEDD,RABONL2U,FR,CA,104456.04,EUR/CHF,ISO20022_pacs008,Enhanced_Due_Diligence,Cleared_FalsePositive,96.59,0
SWIFT_W92079,SANTRSMM,STANHKHH,FR,SG,800.60,EUR/SGD,SWIFT_MT103,Standard_Risk,Clean_NoHit,0.26,0
SWIFT_W92925,HSBCGB2L,INGBNL2A,SG,ES,867.48,EUR/AED,SWIFT_MT103,Low_Risk,Clean_NoHit,4.78,0
SWIFT_W92864,HSBCGB2L,STANHKHH,DE,AE,2930.89,EUR/AED,Fedwire_Funds,Enhanced_Due_Diligence,Clean_NoHit,15.13,0
SWIFT_W92309,DEUTDEDD,SMBCJPJT,AU,CA,86579.59,EUR/GBP,ISO20022_pacs008,Low_Risk,Cleared_FalsePositive,129.06,1
SWIFT_W92924,HSBCGB2L,RABONL2U,US,CA,1070.44,EUR/AED,SEPA_Instant_Credit,Enhanced_Due_Diligence,Clean_NoHit,14.43,0
SWIFT_W92568,DEUTDEDD,FABAEADX,DE,CA,51145.36,EUR/CHF,SEPA_Instant_Credit,Enhanced_Due_Diligence,Cleared_FalsePositive,99.44,0
SWIFT_W92248,SANTRSMM,UBSWCHZH,AU,US,800.55,EUR/JPY,SWIFT_MT103,Standard_Risk,Clean_NoHit,0.22,0
SWIFT_W92380,HSBCGB2L,SBININBB,DE,SG,809.96,EUR/CHF,SWIFT_MT103,Standard_Risk,Clean_NoHit,0.79,0
SWIFT_W92768,HSBCGB2L,UBSWCHZH,AU,AU,4614.89,EUR/AED,Fedwire_Funds,Enhanced_Due_Diligence,Clean_NoHit,19.67,0
SWIFT_W91503,HDFCINBB,STANHKHH,AU,GB,3273.34,USD/CAD,SWIFT_MT103,Standard_Risk,Clean_NoHit,10.79,0
SWIFT_W92096,DBSSHKHH,INGBNL2A,CH,DE,85363.52,EUR/GBP,SEPA_Instant_Credit,Low_Risk,Cleared_FalsePositive,131.54,1
SWIFT_W92573,DEUTDEDD,SBININBB,AU,CA,35838.85,EUR/CHF,ISO20022_pacs008,Low_Risk,Cleared_FalsePositive,89.90,1
SWIFT_W92305,DEUTDEDD,BCOPESMM,NL,ES,7683.15,EUR/GBP,SWIFT_MT103,Low_Risk,Clean_NoHit,96.91,0
SWIFT_W92261,HSBCGB2L,SMBCJPJT,CH,SG,800.69,EUR/SGD,SWIFT_MT103,Standard_Risk,Clean_NoHit,0.37,0
SWIFT_W92848,DEUTDEDD,BCOPESMM,GB,CA,5147.44,EUR/AED,SEPA_Instant_Credit,Enhanced_Due_Diligence,Clean_NoHit,40.42,0
SWIFT_W92951,SANTRSMM,FABAEADX,US,DE,853.73,EUR/AED,SWIFT_MT103,Enhanced_Due_Diligence,Clean_NoHit,13.38,0
SWIFT_W92552,DEUTDEDD,RABONL2U,CH,CH,42310.00,EUR/CHF,ISO20022_pacs008,Low_Risk,Clean_NoHit,40.51,0
SWIFT_W91565,HDFCINBB,STANHKHH,AU,DE,19934.31,EUR/SGD,SEPA_Instant_Credit,PEP_Politically_Exposed,Clean_NoHit,46.03,0
SWIFT_W92922,DBSSHKHH,BARCGB22,DE,SG,830.49,EUR/AED,SWIFT_MT103,PEP_Politically_Exposed,Clean_NoHit,5.71,0
SWIFT_W92649,DEUTDEDD,RABONL2U,FR,CA,16310.12,EUR/AED,SEPA_Instant_Credit,Enhanced_Due_Diligence,Cleared_FalsePositive,57.57,0
SWIFT_W92017,DEUTDEDD,SMBCJPJT,CH,CA,103784.12,EUR/GBP,ISO20022_pacs008,Enhanced_Due_Diligence,Cleared_FalsePositive,103.43,1
SWIFT_W91971,DBSSHKHH,RABONL2U,FR,DE,143754.78,EUR/GBP,SEPA_Instant_Credit,Enhanced_Due_Diligence,Cleared_FalsePositive,196.85,0
SWIFT_W92949,HSBCGB2L,UBSWCHZH,AU,AE,1316.19,EUR/AED,Fedwire_Funds,Enhanced_Due_Diligence,Clean_NoHit,2.96,0
SWIFT_W90690,HSBCGB2L,STANHKHH,AU,SG,824.63,USD/CAD,SWIFT_MT103,Standard_Risk,Clean_NoHit,1.35,0
SWIFT_W92898,HSBCGB2L,BCOPESMM,SG,SG,865.14,EUR/AED,SWIFT_MT103,Enhanced_Due_Diligence,Clean_NoHit,13.04,0
SWIFT_W92892,HSBCGB2L,UBSWCHZH,AU,AU,1490.12,EUR/AED,Fedwire_Funds,Enhanced_Due_Diligence,Clean_NoHit,5.52,0
SWIFT_W91544,DEUTDEDD,SBININBB,CH,GB,3485.09,EUR/JPY,SWIFT_MT103,Standard_Risk,Clean_NoHit,15.82,0
SWIFT_W90592,SANTRSMM,UBSWCHZH,AE,DE,811.47,EUR/USD,SWIFT_MT103,Standard_Risk,Clean_NoHit,1.01,0
SWIFT_W90507,HSBCGB2L,UBSWCHZH,AE,DE,849.18,USD/JPY,SWIFT_MT103,Standard_Risk,Clean_NoHit,2.54,0
SWIFT_W91951,HSBCGB2L,STANHKHH,AU,DE,3329.43,USD/CAD,SWIFT_MT103,Low_Risk,Clean_NoHit,18.19,0
SWIFT_W91050,HSBCGB2L,STANHKHH,AU,CA,5626.98,EUR/JPY,SEPA_Instant_Credit,Standard_Risk,Clean_NoHit,15.25,0
SWIFT_W91935,DBSSHKHH,RABONL2U,DE,CH,283167.25,EUR/INR,ISO20022_pacs008,Low_Risk,Cleared_FalsePositive,132.79,1
SWIFT_W92518,HSBCGB2L,RABONL2U,IN,SG,801.48,EUR/SGD,SWIFT_MT103,PEP_Politically_Exposed,Clean_NoHit,0.78,0
SWIFT_W91515,SANTRSMM,UBSWCHZH,FR,DE,836.16,EUR/GBP,SWIFT_MT103,Standard_Risk,Clean_NoHit,1.00,0
SWIFT_W92187,HSBCGB2L,STANHKHH,DE,CA,17835.77,EUR/CHF,ISO20022_pacs008,Enhanced_Due_Diligence,Clean_NoHit,35.68,0
SWIFT_W92791,HDFCINBB,STANHKHH,IN,AU,5573.62,EUR/AED,ISO20022_pacs008,Enhanced_Due_Diligence,Clean_NoHit,32.05,0
SWIFT_W92870,SANTRSMM,UBSWCHZH,NL,AU,809.55,EUR/AED,SEPA_Instant_Credit,Low_Risk,Clean_NoHit,0.41,0
SWIFT_W92738,HDFCINBB,RABONL2U,NL,ES,2445.03,EUR/CHF,SWIFT_MT103,Low_Risk,Clean_NoHit,28.94,0
SWIFT_W91549,DBSSHKHH,RABONL2U,CH,DE,289067.28,EUR/JPY,SEPA_Instant_Credit,Low_Risk,Cleared_FalsePositive,151.31,0
SWIFT_W92729,HSBCGB2L,FABAEADX,SG,ES,1075.95,EUR/AED,SWIFT_MT103,Enhanced_Due_Diligence,Clean_NoHit,16.74,0
SWIFT_W92440,DBSGSGSG,INGBNL2A,AU,CH,28601.41,EUR/CHF,SEPA_Instant_Credit,Low_Risk,Cleared_FalsePositive,88.70,1
SWIFT_W90691,HSBCGB2L,UBSWCHZH,AU,ES,1111.72,EUR/SGD,SWIFT_MT103,Standard_Risk,Clean_NoHit,3.66,0
SWIFT_W91983,DBSGSGSG,RABONL2U,DE,CH,413315.53,EUR/INR,ISO20022_pacs008,Low_Risk,Cleared_FalsePositive,163.98,1
SWIFT_W92150,DEUTDEDD,SBININBB,FR,CA,100120.00,EUR/GBP,ISO20022_pacs008,Enhanced_Due_Diligence,Cleared_FalsePositive,126.28,1
SWIFT_W90895,HSBCGB2L,UBSWCHZH,AU,GB,2351.66,USD/CAD,SWIFT_MT103,PEP_Politically_Exposed,Clean_NoHit,14.60,0
SWIFT_W92074,SANTRSMM,UBSWCHZH,AE,CH,810.90,EUR/INR,SEPA_Instant_Credit,Standard_Risk,Clean_NoHit,0.70,0
SWIFT_W91054,HSBCGB2L,UBSWCHZH,CH,DE,7196.72,EUR/SGD,SEPA_Instant_Credit,PEP_Politically_Exposed,Clean_NoHit,21.33,0
SWIFT_W92790,HSBCGB2L,UBSWCHZH,AU,AU,2412.82,EUR/AED,Fedwire_Funds,Enhanced_Due_Diligence,Clean_NoHit,14.01,1
SWIFT_W92730,HSBCGB2L,STANHKHH,DE,DE,822.00,EUR/CHF,SWIFT_MT103,Standard_Risk,Clean_NoHit,0.87,0
SWIFT_W92355,HSBCGB2L,STANHKHH,CH,DE,992.73,EUR/CHF,SWIFT_MT103,Standard_Risk,Clean_NoHit,1.68,0
SWIFT_W92590,DEUTDEDD,RABONL2U,CH,CA,27586.89,EUR/AED,ISO20022_pacs008,Enhanced_Due_Diligence,Cleared_FalsePositive,68.08,0
SWIFT_W92123,HDFCINBB,SMBCJPJT,AU,GB,1129.28,EUR/JPY,SWIFT_MT103,Standard_Risk,Clean_NoHit,3.55,0
SWIFT_W91351,HSBCGB2L,UBSWCHZH,AU,CH,14461.31,EUR/INR,ISO20022_pacs008,Low_Risk,Clean_NoHit,57.23,0
SWIFT_W92681,HDFCINBB,SMBCJPJT,DE,AU,18256.78,EUR/AED,ISO20022_pacs008,Enhanced_Due_Diligence,Clean_NoHit,44.12,0
SWIFT_W92698,HSBCGB2L,SMBCJPJT,SG,SG,887.71,EUR/GBP,SWIFT_MT103,Low_Risk,Clean_NoHit,5.80,0
SWIFT_W91842,HSBCGB2L,STANHKHH,FR,SG,803.22,EUR/JPY,SWIFT_MT103,PEP_Politically_Exposed,Clean_NoHit,0.65,0
SWIFT_W91658,HDFCINBB,SMBCJPJT,AU,CH,6623.46,EUR/GBP,SEPA_Instant_Credit,Standard_Risk,Clean_NoHit,12.65,0
SWIFT_W91002,HSBCGB2L,UBSWCHZH,AE,DE,1505.18,EUR/SGD,SEPA_Instant_Credit,PEP_Politically_Exposed,Clean_NoHit,7.54,0
SWIFT_W91967,DEUTDEDD,STANHKHH,AU,CH,93631.67,EUR/INR,ISO20022_pacs008,Low_Risk,Cleared_FalsePositive,137.12,1
SWIFT_W92930,SANTRSMM,STANHKHH,US,SG,800.54,EUR/CHF,SWIFT_MT103,PEP_Politically_Exposed,Clean_NoHit,0.26,0
SWIFT_W92775,HDFCINBB,INGBNL2A,NL,AU,5086.08,EUR/CHF,SEPA_Instant_Credit,Enhanced_Due_Diligence,Clean_NoHit,109.86,0
SWIFT_W92356,DEUTDEDD,SBININBB,CH,CH,160866.27,EUR/CHF,ISO20022_pacs008,Low_Risk,Cleared_FalsePositive,109.12,1
SWIFT_W92596,DEUTDEDD,RABONL2U,FR,CA,89071.18,EUR/INR,ISO20022_pacs008,Enhanced_Due_Diligence,Cleared_FalsePositive,139.41,0
SWIFT_W90968,SANTRSMM,UBSWCHZH,GB,SG,800.63,USD/CAD,SWIFT_MT103,Standard_Risk,Clean_NoHit,0.32,0
SWIFT_W91952,DBSSHKHH,INGBNL2A,DE,DE,368737.69,EUR/GBP,ISO20022_pacs008,Low_Risk,Cleared_FalsePositive,165.20,1
SWIFT_W92911,HDFCINBB,FABAEADX,GB,SG,820.22,EUR/AED,SWIFT_MT103,Standard_Risk,Clean_NoHit,1.56,0
SWIFT_W91666,DEUTDEDD,INGBNL2A,CH,GB,2517.77,EUR/JPY,SWIFT_MT103,Standard_Risk,Clean_NoHit,11.18,0
SWIFT_W92624,DBSSHKHH,SBININBB,AU,CH,55198.22,EUR/CHF,ISO20022_pacs008,Low_Risk,Cleared_FalsePositive,46.49,0
SWIFT_W92714,HSBCGB2L,STANHKHH,FR,ES,854.90,EUR/AED,SWIFT_MT103,PEP_Politically_Exposed,Clean_NoHit,1.10,0
SWIFT_W92281,DEUTDEDD,SBININBB,CH,CA,92501.97,EUR/GBP,ISO20022_pacs008,Low_Risk,Cleared_FalsePositive,156.43,1
SWIFT_W92921,SANTRSMM,STANHKHH,SG,CH,805.07,EUR/AED,SWIFT_MT103,Low_Risk,Clean_NoHit,0.54,0
SWIFT_W92852,HSBCGB2L,STANHKHH,NL,SG,801.26,EUR/CHF,SWIFT_MT103,PEP_Politically_Exposed,Clean_NoHit,0.44,0
SWIFT_W92361,HDFCINBB,SMBCJPJT,AE,CH,9995.62,EUR/GBP,SEPA_Instant_Credit,Standard_Risk,Clean_NoHit,19.86,0
SWIFT_W92818,HDFCINBB,SMBCJPJT,FR,AU,9281.29,EUR/AED,ISO20022_pacs008,Enhanced_Due_Diligence,Clean_NoHit,48.20,0
SWIFT_W92005,HDFCINBB,SMBCJPJT,CH,CA,76044.44,EUR/INR,ISO20022_pacs008,Low_Risk,Clean_NoHit,65.19,0
SWIFT_W92944,HSBCGB2L,RABONL2U,NL,SG,802.18,EUR/AED,SWIFT_MT103,PEP_Politically_Exposed,Clean_NoHit,0.51,0
SWIFT_W92277,DBSSHKHH,RABONL2U,CH,DE,81711.61,EUR/GBP,SEPA_Instant_Credit,Low_Risk,Cleared_FalsePositive,70.08,0
SWIFT_W92676,DBSGSGSG,BCOPESMM,CH,ES,11661.24,EUR/GBP,SWIFT_MT103,PEP_Politically_Exposed,Clean_NoHit,31.95,0
SWIFT_W92332,HDFCINBB,STANHKHH,AU,CA,32622.61,EUR/CHF,ISO20022_pacs008,Low_Risk,Clean_NoHit,46.96,0
SWIFT_W92701,DEUTDEDD,INGBNL2A,DE,CA,14940.88,EUR/AED,ISO20022_pacs008,Enhanced_Due_Diligence,Cleared_FalsePositive,52.18,0
SWIFT_W92077,DEUTDEDD,SMBCJPJT,AU,CH,148221.30,EUR/INR,Fedwire_Funds,Low_Risk,Cleared_FalsePositive,115.02,0
SWIFT_W92636,HSBCGB2L,SBININBB,SG,DE,1230.87,EUR/CHF,SWIFT_MT103,Enhanced_Due_Diligence,Clean_NoHit,10.45,0
SWIFT_W91672,DEUTDEDD,RABONL2U,FR,DE,206654.23,EUR/JPY,SEPA_Instant_Credit,Low_Risk,Cleared_FalsePositive,151.14,0
SWIFT_W92852,HSBCGB2L,FABAEADX,SG,SG,807.48,EUR/AED,SWIFT_MT103,Low_Risk,Clean_NoHit,2.56,0
SWIFT_W92172,DEUTDEDD,SMBCJPJT,AU,CA,93979.01,EUR/GBP,Fedwire_Funds,Low_Risk,Cleared_FalsePositive,92.45,1
SWIFT_W92246,DBSSHKHH,RABONL2U,FR,CA,79799.06,EUR/GBP,SEPA_Instant_Credit,Low_Risk,Cleared_FalsePositive,148.14,1
SWIFT_W92674,DBSGSGSG,INGBNL2A,AU,CH,26800.81,EUR/CHF,SEPA_Instant_Credit,PEP_Politically_Exposed,Cleared_FalsePositive,49.01,0
SWIFT_W91914,DBSSHKHH,SBININBB,FR,DE,77932.48,EUR/JPY,SEPA_Instant_Credit,Low_Risk,Clean_NoHit,131.87,0
SWIFT_W92184,SANTRSMM,UBSWCHZH,AU,CH,909.61,EUR/GBP,SEPA_Instant_Credit,PEP_Politically_Exposed,Clean_NoHit,1.54,0
SWIFT_W91832,DEUTDEDD,RABONL2U,AU,GB,25259.21,EUR/SGD,SWIFT_MT103,PEP_Politically_Exposed,Clean_NoHit,47.09,0
SWIFT_W91604,DBSSHKHH,RABONL2U,DE,ES,158454.61,EUR/INR,SEPA_Instant_Credit,Low_Risk,Cleared_FalsePositive,144.33,0
SWIFT_W92317,HSBCGB2L,STANHKHH,AU,ES,805.26,EUR/GBP,SWIFT_MT103,Standard_Risk,Clean_NoHit,0.45,0
SWIFT_W91632,SANTRSMM,STANHKHH,AE,SG,800.58,EUR/SGD,SWIFT_MT103,Standard_Risk,Clean_NoHit,0.25,0
SWIFT_W92539,DEUTDEDD,FABAEADX,FR,CA,20106.33,EUR/GBP,SEPA_Instant_Credit,Enhanced_Due_Diligence,Cleared_FalsePositive,187.72,1
SWIFT_W92250,DEUTDEDD,INGBNL2A,AU,CH,63410.80,EUR/GBP,ISO20022_pacs008,Low_Risk,Cleared_FalsePositive,114.08,1
SWIFT_W92301,DBSSHKHH,RABONL2U,DE,ES,68637.74,EUR/GBP,SEPA_Instant_Credit,Low_Risk,Cleared_FalsePositive,69.31,0
SWIFT_W91939,HDFCINBB,SBININBB,AE,SG,882.61,EUR/USD,SWIFT_MT103,Standard_Risk,Clean_NoHit,2.29,0
SWIFT_W92337,HSBCGB2L,SMBCJPJT,SG,DE,4820.60,EUR/CHF,SEPA_Instant_Credit,Enhanced_Due_Diligence,Clean_NoHit,38.11,0
SWIFT_W92633,HDFCINBB,SBININBB,FR,CA,20177.43,EUR/CHF,ISO20022_pacs008,PEP_Politically_Exposed,Clean_NoHit,25.41,0
SWIFT_W92737,HSBCGB2L,SBININBB,FR,AU,23085.50,EUR/CHF,ISO20022_pacs008,Enhanced_Due_Diligence,Clean_NoHit,71.95,1
SWIFT_W91473,HSBCGB2L,SMBCJPJT,CH,JP,1621.08,USD/CAD,SWIFT_MT103,Standard_Risk,Clean_NoHit,7.52,0
SWIFT_W91770,SANTRSMM,UBSWCHZH,CH,SG,800.75,EUR/JPY,SWIFT_MT103,Standard_Risk,Clean_NoHit,0.26,0
SWIFT_W92345,DEUTDEDD,RABONL2U,GB,GB,1299.06,EUR/CHF,SWIFT_MT103,PEP_Politically_Exposed,Clean_NoHit,6.42,0
SWIFT_W92400,DEUTDEDD,INGBNL2A,IN,CH,46291.12,EUR/CHF,SEPA_Instant_Credit,Enhanced_Due_Diligence,Cleared_FalsePositive,118.33,0
SWIFT_W91819,DEUTDEDD,SMBCJPJT,AU,CH,161402.38,EUR/JPY,ISO20022_pacs008,PEP_Politically_Exposed,Cleared_FalsePositive,132.11,1
SWIFT_W92423,DEUTDEDD,SBININBB,AU,CA,51366.10,EUR/GBP,ISO20022_pacs008,Low_Risk,Cleared_FalsePositive,123.04,1
SWIFT_W92516,HDFCINBB,SBININBB,IN,CA,30389.98,EUR/CHF,ISO20022_pacs008,Low_Risk,Clean_NoHit,59.84,0
SWIFT_W91452,SANTRSMM,UBSWCHZH,CH,US,800.53,USD/CAD,SWIFT_MT103,Standard_Risk,Clean_NoHit,0.23,0
SWIFT_W92761,HDFCINBB,SBININBB,NL,CH,2984.41,EUR/AED,SEPA_Instant_Credit,Low_Risk,Clean_NoHit,9.34,0
SWIFT_W91940,DEUTDEDD,STANHKHH,CH,ES,28548.62,EUR/GBP,SEPA_Instant_Credit,PEP_Politically_Exposed,Clean_NoHit,39.77,0
SWIFT_W92642,HDFCINBB,RABONL2U,FR,DE,7611.93,EUR/AED,ISO20022_pacs008,Enhanced_Due_Diligence,Clean_NoHit,29.93,0
SWIFT_W92114,DBSSHKHH,INGBNL2A,FR,CH,114958.96,EUR/GBP,SEPA_Instant_Credit,Enhanced_Due_Diligence,Cleared_FalsePositive,196.02,1
SWIFT_W91090,HDFCINBB,SMBCJPJT,AU,DE,20199.25,USD/CAD,SEPA_Instant_Credit,Standard_Risk,Clean_NoHit,41.12,0
SWIFT_W92549,HDFCINBB,SMBCJPJT,DE,AU,20374.96,EUR/CHF,ISO20022_pacs008,Enhanced_Due_Diligence,Cleared_FalsePositive,79.78,1
SWIFT_W92441,HDFCINBB,SMBCJPJT,NL,CH,5678.81,EUR/CHF,SEPA_Instant_Credit,Low_Risk,Clean_NoHit,23.11,0
SWIFT_W91929,DBSSHKHH,RABONL2U,DE,ES,153031.83,EUR/JPY,SEPA_Instant_Credit,Low_Risk,Cleared_FalsePositive,144.51,0
SWIFT_W92057,DBSSHKHH,STANHKHH,AU,CA,63850.14,EUR/CHF,ISO20022_pacs008,Low_Risk,Cleared_FalsePositive,76.42,0
SWIFT_W92159,DEUTDEDD,SBININBB,IN,GB,6070.89,EUR/CHF,SEPA_Instant_Credit,Low_Risk,Clean_NoHit,19.37,0
SWIFT_W92748,DBSSHKHH,INGBNL2A,DE,JP,3568.52,EUR/CHF,SWIFT_MT103,PEP_Politically_Exposed,Clean_NoHit,16.62,0
SWIFT_W92618,HDFCINBB,SMBCJPJT,IN,CA,17627.62,EUR/CHF,ISO20022_pacs008,Enhanced_Due_Diligence,Clean_NoHit,40.07,0
SWIFT_W92761,HDFCINBB,RABONL2U,SG,DE,1905.86,EUR/AED,SEPA_Instant_Credit,Enhanced_Due_Diligence,Clean_NoHit,33.25,0
SWIFT_W91306,SANTRSMM,UBSWCHZH,AU,JP,805.62,USD/CAD,SWIFT_MT103,Standard_Risk,Clean_NoHit,0.63,0
SWIFT_W92563,DBSSHKHH,BCOPESMM,DE,JP,7280.92,EUR/CHF,SWIFT_MT103,Low_Risk,Clean_NoHit,60.00,0
SWIFT_W92892,HSBCGB2L,STANHKHH,NL,DE,1933.43,EUR/AED,SEPA_Instant_Credit,Enhanced_Due_Diligence,Clean_NoHit,12.49,0
SWIFT_W91241,HDFCINBB,STANHKHH,AU,JP,1592.42,USD/JPY,SWIFT_MT103,PEP_Politically_Exposed,Clean_NoHit,12.91,0
SWIFT_W91974,SANTRSMM,STANHKHH,AU,SG,800.55,EUR/USD,SWIFT_MT103,Standard_Risk,Clean_NoHit,0.22,0
SWIFT_W91780,HSBCGB2L,UBSWCHZH,CH,JP,1024.98,EUR/USD,SWIFT_MT103,PEP_Politically_Exposed,Clean_NoHit,5.22,0
SWIFT_W92486,HSBCGB2L,STANHKHH,AU,CA,17925.82,EUR/CHF,Fedwire_Funds,Enhanced_Due_Diligence,Clean_NoHit,49.01,1
SWIFT_W92577,DBSSHKHH,BCOPESMM,DE,JP,3800.56,EUR/CHF,SWIFT_MT103,PEP_Politically_Exposed,Clean_NoHit,23.77,0
SWIFT_W92756,HSBCGB2L,STANHKHH,CH,AU,4571.65,EUR/AED,Fedwire_Funds,Enhanced_Due_Diligence,Clean_NoHit,16.06,0
SWIFT_W91679,DEUTDEDD,SMBCJPJT,AU,DE,99276.41,EUR/JPY,ISO20022_pacs008,Low_Risk,Clean_NoHit,115.30,0
SWIFT_W92931,DEUTDEDD,INGBNL2A,AU,DE,1284.64,EUR/CHF,SEPA_Instant_Credit,Standard_Risk,Clean_NoHit,4.02,0
SWIFT_W92553,HDFCINBB,SMBCJPJT,IN,CA,23775.47,EUR/CHF,SEPA_Instant_Credit,Enhanced_Due_Diligence,Clean_NoHit,86.00,0
SWIFT_W92103,HSBCGB2L,STANHKHH,AU,DE,4675.34,EUR/JPY,SEPA_Instant_Credit,PEP_Politically_Exposed,Clean_NoHit,11.16,0
SWIFT_W90741,HDFCINBB,STANHKHH,AU,SG,1463.02,EUR/USD,SWIFT_MT103,Standard_Risk,Clean_NoHit,9.44,0
SWIFT_W92767,HDFCINBB,RABONL2U,FR,AU,10575.42,EUR/AED,ISO20022_pacs008,Enhanced_Due_Diligence,Clean_NoHit,30.79,0
SWIFT_W92489,HSBCGB2L,FABAEADX,NL,JP,819.17,EUR/INR,SWIFT_MT103,PEP_Politically_Exposed,Clean_NoHit,2.34,0
SWIFT_W92481,DBSSHKHH,RABONL2U,AU,DE,63024.44,EUR/GBP,SEPA_Instant_Credit,PEP_Politically_Exposed,Cleared_FalsePositive,65.39,0
SWIFT_W92104,DBSSHKHH,SBININBB,DE,DE,202825.36,EUR/JPY,SEPA_Instant_Credit,Low_Risk,Cleared_FalsePositive,147.73,0
SWIFT_W92217,HSBCGB2L,RABONL2U,DE,JP,834.78,EUR/JPY,SWIFT_MT103,Standard_Risk,Clean_NoHit,1.57,0
SWIFT_W92955,SANTRSMM,SBININBB,US,CH,824.19,EUR/AED,SWIFT_MT103,Enhanced_Due_Diligence,Clean_NoHit,2.78,0
SWIFT_W92539,DBSSHKHH,FABAEADX,IN,DE,18450.60,EUR/INR,SEPA_Instant_Credit,Enhanced_Due_Diligence,Clean_NoHit,137.61,0
SWIFT_W90547,SANTRSMM,UBSWCHZH,AE,ES,948.70,USD/JPY,SWIFT_MT103,PEP_Politically_Exposed,Clean_NoHit,5.65,0
SWIFT_W92355,DEUTDEDD,SMBCJPJT,DE,CA,44198.40,EUR/CHF,ISO20022_pacs008,Enhanced_Due_Diligence,Cleared_FalsePositive,114.55,1
SWIFT_W92529,SANTRSMM,UBSWCHZH,DE,CA,1311.36,EUR/AED,ISO20022_pacs008,Enhanced_Due_Diligence,Clean_NoHit,2.94,0
SWIFT_W92103,DBSSHKHH,SBININBB,FR,DE,79750.80,EUR/JPY,SEPA_Instant_Credit,Enhanced_Due_Diligence,Cleared_FalsePositive,185.49,0
SWIFT_W91672,HDFCINBB,STANHKHH,IN,ES,5659.47,EUR/INR,SEPA_Instant_Credit,Low_Risk,Clean_NoHit,21.50,0
SWIFT_W92301,DEUTDEDD,SMBCJPJT,DE,CH,126642.35,EUR/GBP,ISO20022_pacs008,Enhanced_Due_Diligence,Cleared_FalsePositive,115.70,1
SWIFT_W92822,HDFCINBB,RABONL2U,GB,CH,5531.30,EUR/AED,SEPA_Instant_Credit,Enhanced_Due_Diligence,Clean_NoHit,33.38,0
SWIFT_W92312,DBSGSGSG,INGBNL2A,AU,DE,66167.30,EUR/GBP,SEPA_Instant_Credit,Low_Risk,Cleared_FalsePositive,102.45,0
SWIFT_W92910,HSBCGB2L,RABONL2U,US,ES,851.98,EUR/AED,SWIFT_MT103,Enhanced_Due_Diligence,Clean_NoHit,5.29,0
SWIFT_W92775,HSBCGB2L,UBSWCHZH,AU,AU,3102.63,EUR/AED,Fedwire_Funds,Enhanced_Due_Diligence,Clean_NoHit,12.90,0
SWIFT_W92735,DBSSHKHH,RABONL2U,AU,CA,9720.38,EUR/AED,ISO20022_pacs008,Low_Risk,Cleared_FalsePositive,36.72,0
SWIFT_W91843,DEUTDEDD,SMBCJPJT,CH,CH,154439.66,EUR/INR,ISO20022_pacs008,Low_Risk,Cleared_FalsePositive,120.93,1
SWIFT_W92378,DBSSHKHH,SBININBB,CH,CA,58952.99,EUR/CHF,ISO20022_pacs008,Low_Risk,Cleared_FalsePositive,94.42,1
SWIFT_W92504,HDFCINBB,SMBCJPJT,GB,CA,28690.61,EUR/AED,ISO20022_pacs008,Low_Risk,Clean_NoHit,34.88,0
SWIFT_W90705,HSBCGB2L,UBSWCHZH,AU,DE,1817.26,EUR/USD,SWIFT_MT103,Standard_Risk,Clean_NoHit,7.40,0
SWIFT_W92217,DBSSHKHH,RABONL2U,CH,CA,70160.52,EUR/GBP,SEPA_Instant_Credit,Low_Risk,Cleared_FalsePositive,147.07,1
SWIFT_W92723,HDFCINBB,RABONL2U,IN,CA,20018.98,EUR/CHF,SEPA_Instant_Credit,Enhanced_Due_Diligence,Clean_NoHit,48.21,0
SWIFT_W91463,DEUTDEDD,RABONL2U,CH,ES,29958.12,EUR/SGD,SWIFT_MT103,PEP_Politically_Exposed,Clean_NoHit,51.27,0
SWIFT_W92082,DBSSHKHH,SBININBB,DE,CH,244746.44,EUR/INR,SEPA_Instant_Credit,Low_Risk,Cleared_FalsePositive,172.03,1
SWIFT_W92709,DEUTDEDD,SBININBB,FR,CA,9251.01,EUR/AED,ISO20022_pacs008,Enhanced_Due_Diligence,Clean_NoHit,33.86,0
SWIFT_W91189,HSBCGB2L,UBSWCHZH,CH,CH,1372.18,EUR/CHF,SEPA_Instant_Credit,PEP_Politically_Exposed,Clean_NoHit,3.37,0
SWIFT_W91738,DBSSHKHH,RABONL2U,DE,DE,332463.22,EUR/INR,ISO20022_pacs008,Low_Risk,Cleared_FalsePositive,157.39,1
SWIFT_W92355,HSBCGB2L,STANHKHH,AU,AU,24311.84,EUR/CHF,Fedwire_Funds,Low_Risk,Clean_NoHit,26.44,0
SWIFT_W92436,SANTRSMM,UBSWCHZH,IN,JP,800.94,EUR/CHF,SWIFT_MT103,Standard_Risk,Clean_NoHit,0.29,0
SWIFT_W90366,SANTRSMM,UBSWCHZH,AE,GB,802.29,USD/JPY,SWIFT_MT103,Standard_Risk,Clean_NoHit,0.70,0
SWIFT_W92497,HSBCGB2L,STANHKHH,FR,AU,23663.21,EUR/CHF,ISO20022_pacs008,Enhanced_Due_Diligence,Clean_NoHit,44.44,0
SWIFT_W92160,DEUTDEDD,STANHKHH,CH,CH,24765.92,EUR/GBP,ISO20022_pacs008,Enhanced_Due_Diligence,Clean_NoHit,34.52,0
SWIFT_W90780,HDFCINBB,STANHKHH,AU,ES,3274.16,USD/CAD,SWIFT_MT103,PEP_Politically_Exposed,Clean_NoHit,17.17,0
SWIFT_W90946,HSBCGB2L,UBSWCHZH,AE,SG,801.54,USD/CAD,SWIFT_MT103,Standard_Risk,Clean_NoHit,0.40,0
SWIFT_W92651,HDFCINBB,FABAEADX,IN,CA,9302.72,EUR/CHF,SEPA_Instant_Credit,Enhanced_Due_Diligence,Cleared_FalsePositive,111.72,0
SWIFT_W91868,HDFCINBB,SBININBB,AU,CH,10224.11,EUR/JPY,SEPA_Instant_Credit,PEP_Politically_Exposed,Clean_NoHit,19.36,0
SWIFT_W92658,HSBCGB2L,STANHKHH,FR,AU,5339.21,EUR/AED,ISO20022_pacs008,Enhanced_Due_Diligence,Clean_NoHit,13.82,0
SWIFT_W90785,HSBCGB2L,STANHKHH,CH,GB,2390.36,USD/CAD,SWIFT_MT103,PEP_Politically_Exposed,Clean_NoHit,10.51,0
SWIFT_W92297,HDFCINBB,STANHKHH,AU,CA,34102.43,EUR/CHF,Fedwire_Funds,Enhanced_Due_Diligence,Clean_NoHit,79.25,1
SWIFT_W92435,DEUTDEDD,INGBNL2A,GB,ES,10030.65,EUR/INR,SWIFT_MT103,Low_Risk,Clean_NoHit,76.18,0
SWIFT_W92449,HDFCINBB,STANHKHH,AU,CA,39849.84,EUR/CHF,Fedwire_Funds,Enhanced_Due_Diligence,Cleared_FalsePositive,58.47,1
SWIFT_W92937,HSBCGB2L,SBININBB,IN,SG,828.61,EUR/AED,SWIFT_MT103,Low_Risk,Clean_NoHit,1.45,0
SWIFT_W92547,DEUTDEDD,SBININBB,FR,CA,46299.48,EUR/GBP,SEPA_Instant_Credit,Enhanced_Due_Diligence,Cleared_FalsePositive,148.47,1
SWIFT_W91715,SANTRSMM,UBSWCHZH,AE,DE,1114.99,EUR/USD,SWIFT_MT103,Standard_Risk,Clean_NoHit,3.34,0
SWIFT_W92445,DEUTDEDD,SBININBB,AU,CA,110100.38,EUR/CHF,Fedwire_Funds,PEP_Politically_Exposed,Cleared_FalsePositive,100.33,1
SWIFT_W92155,DBSSHKHH,SBININBB,CH,CH,189710.92,EUR/GBP,ISO20022_pacs008,Low_Risk,Cleared_FalsePositive,147.86,1
SWIFT_W92795,HDFCINBB,STANHKHH,AU,AU,4381.33,EUR/AED,ISO20022_pacs008,Low_Risk,Clean_NoHit,11.11,0
SWIFT_W92582,DEUTDEDD,FABAEADX,NL,DE,15795.26,EUR/GBP,SEPA_Instant_Credit,Enhanced_Due_Diligence,Clean_NoHit,112.15,0
SWIFT_W92389,HSBCGB2L,STANHKHH,DE,SG,805.56,EUR/JPY,SWIFT_MT103,Standard_Risk,Clean_NoHit,0.82,0
SWIFT_W90540,SANTRSMM,UBSWCHZH,AE,JP,800.65,USD/CAD,SWIFT_MT103,Standard_Risk,Clean_NoHit,0.24,0
SWIFT_W90729,HSBCGB2L,STANHKHH,AU,GB,1663.24,USD/CAD,SWIFT_MT103,Standard_Risk,Clean_NoHit,7.91,0
SWIFT_W92009,HSBCGB2L,SMBCJPJT,NL,GB,5193.53,EUR/INR,SWIFT_MT103,Low_Risk,Clean_NoHit,31.37,0
SWIFT_W92258,HDFCINBB,STANHKHH,DE,CA,48297.26,EUR/CHF,Fedwire_Funds,Enhanced_Due_Diligence,Clean_NoHit,56.77,1
SWIFT_W92638,DBSGSGSG,BCOPESMM,DE,DE,22553.28,EUR/CHF,SEPA_Instant_Credit,PEP_Politically_Exposed,Cleared_FalsePositive,61.40,0
SWIFT_W91248,HDFCINBB,STANHKHH,CH,ES,1576.42,USD/CAD,SWIFT_MT103,PEP_Politically_Exposed,Clean_NoHit,11.20,0
SWIFT_W92451,HDFCINBB,STANHKHH,AU,CA,11438.87,EUR/CHF,ISO20022_pacs008,PEP_Politically_Exposed,Clean_NoHit,19.33,0
SWIFT_W92492,HDFCINBB,STANHKHH,DE,AU,40315.24,EUR/AED,Fedwire_Funds,Low_Risk,Clean_NoHit,34.66,0
SWIFT_W92917,HSBCGB2L,SMBCJPJT,NL,AU,3338.55,EUR/AED,Fedwire_Funds,Enhanced_Due_Diligence,Clean_NoHit,10.75,0
SWIFT_W92924,SANTRSMM,SBININBB,SG,SG,801.05,EUR/CHF,SWIFT_MT103,Low_Risk,Clean_NoHit,0.59,0
SWIFT_W91504,HDFCINBB,SMBCJPJT,AU,CH,60552.72,EUR/JPY,ISO20022_pacs008,PEP_Politically_Exposed,Clean_NoHit,100.66,0
SWIFT_W92497,DEUTDEDD,BCOPESMM,IN,GB,2960.61,EUR/GBP,SWIFT_MT103,Low_Risk,Clean_NoHit,57.56,0
SWIFT_W92708,DEUTDEDD,STANHKHH,AU,CA,23469.64,EUR/AED,Fedwire_Funds,Enhanced_Due_Diligence,Clean_NoHit,35.28,0
SWIFT_W91527,HDFCINBB,SMBCJPJT,CH,CH,18920.59,EUR/SGD,SWIFT_MT103,PEP_Politically_Exposed,Clean_NoHit,40.51,0
SWIFT_W92293,DEUTDEDD,SBININBB,NL,CH,33930.70,EUR/GBP,SEPA_Instant_Credit,Enhanced_Due_Diligence,Clean_NoHit,122.66,0
SWIFT_W92346,DEUTDEDD,FABAEADX,AU,DE,42003.75,EUR/GBP,SEPA_Instant_Credit,PEP_Politically_Exposed,Cleared_FalsePositive,47.36,0
SWIFT_W90845,HSBCGB2L,STANHKHH,AU,ES,4229.20,USD/CAD,SEPA_Instant_Credit,PEP_Politically_Exposed,Clean_NoHit,22.20,0
SWIFT_W92173,DBSSHKHH,RABONL2U,FR,CH,105637.93,EUR/INR,SEPA_Instant_Credit,Enhanced_Due_Diligence,Cleared_FalsePositive,193.74,1
SWIFT_W92429,DEUTDEDD,SBININBB,NL,CH,37459.26,EUR/GBP,SEPA_Instant_Credit,Enhanced_Due_Diligence,Cleared_FalsePositive,154.47,0
SWIFT_W92330,SANTRSMM,STANHKHH,SG,SG,801.50,EUR/USD,SWIFT_MT103,PEP_Politically_Exposed,Clean_NoHit,0.69,0
SWIFT_W92450,DEUTDEDD,FABAEADX,CH,CH,65223.92,EUR/CHF,SEPA_Instant_Credit,Low_Risk,Cleared_FalsePositive,129.56,1
SWIFT_W92785,DEUTDEDD,RABONL2U,IN,JP,1405.62,EUR/GBP,SWIFT_MT103,Low_Risk,Clean_NoHit,10.18,0
SWIFT_W92197,HSBCGB2L,STANHKHH,AE,DE,1062.84,EUR/SGD,SEPA_Instant_Credit,Standard_Risk,Clean_NoHit,3.42,0
SWIFT_W92856,HDFCINBB,RABONL2U,SG,DE,3477.66,EUR/AED,SEPA_Instant_Credit,Enhanced_Due_Diligence,Clean_NoHit,51.86,0
SWIFT_W92740,HDFCINBB,STANHKHH,NL,CH,14436.76,EUR/JPY,SEPA_Instant_Credit,Enhanced_Due_Diligence,Clean_NoHit,80.48,0
SWIFT_W92906,HSBCGB2L,BCOPESMM,US,DE,982.16,EUR/AED,SWIFT_MT103,Enhanced_Due_Diligence,Clean_NoHit,51.11,0
SWIFT_W92448,DEUTDEDD,RABONL2U,AU,CA,52943.05,EUR/CHF,SEPA_Instant_Credit,Low_Risk,Cleared_FalsePositive,105.00,1
SWIFT_W92642,HDFCINBB,STANHKHH,AE,AU,7988.48,EUR/AED,Fedwire_Funds,Enhanced_Due_Diligence,Cleared_FalsePositive,43.93,1
SWIFT_W92926,HDFCINBB,BARCGB22,SG,JP,875.07,EUR/AED,SWIFT_MT103,Enhanced_Due_Diligence,Clean_NoHit,18.16,0
SWIFT_W90125,SANTRSMM,UBSWCHZH,AE,SG,800.54,USD/JPY,SWIFT_MT103,Standard_Risk,Clean_NoHit,0.22,0
SWIFT_W91620,HSBCGB2L,STANHKHH,DE,CA,33036.70,EUR/CHF,ISO20022_pacs008,Low_Risk,Clean_NoHit,34.10,0
SWIFT_W92927,HSBCGB2L,UBSWCHZH,AU,AE,1308.75,EUR/AED,Fedwire_Funds,Enhanced_Due_Diligence,Clean_NoHit,2.64,0
SWIFT_W92561,DBSSHKHH,SBININBB,IN,CH,28786.08,EUR/GBP,SEPA_Instant_Credit,Enhanced_Due_Diligence,Cleared_FalsePositive,143.43,0
SWIFT_W92616,DEUTDEDD,FABAEADX,IN,CA,12809.06,EUR/CHF,SEPA_Instant_Credit,Enhanced_Due_Diligence,Cleared_FalsePositive,140.80,0
SWIFT_W92329,HDFCINBB,STANHKHH,DE,AU,20343.55,EUR/AED,ISO20022_pacs008,Enhanced_Due_Diligence,Cleared_FalsePositive,65.18,1
SWIFT_W92359,DBSSHKHH,FABAEADX,CH,CH,56685.76,EUR/CHF,SEPA_Instant_Credit,Low_Risk,Cleared_FalsePositive,115.28,1
SWIFT_W92882,HSBCGB2L,RABONL2U,SG,SG,832.64,EUR/AED,SWIFT_MT103,Enhanced_Due_Diligence,Clean_NoHit,4.60,0
SWIFT_W92575,DEUTDEDD,FABAEADX,FR,JP,1069.83,EUR/CHF,SWIFT_MT103,PEP_Politically_Exposed,Clean_NoHit,10.02,0
SWIFT_W92656,HSBCGB2L,STANHKHH,NL,CH,2328.68,EUR/CHF,SEPA_Instant_Credit,Enhanced_Due_Diligence,Clean_NoHit,13.30,0
SWIFT_W91784,HSBCGB2L,STANHKHH,DE,US,802.72,USD/JPY,SWIFT_MT103,PEP_Politically_Exposed,Clean_NoHit,1.14,0
SWIFT_W92300,HSBCGB2L,UBSWCHZH,AE,AU,2777.61,EUR/CHF,ISO20022_pacs008,PEP_Politically_Exposed,Clean_NoHit,7.08,0
SWIFT_W91667,DEUTDEDD,SBININBB,DE,ES,38107.10,EUR/USD,SWIFT_MT103,Low_Risk,Clean_NoHit,87.98,0
SWIFT_W92893,HSBCGB2L,SMBCJPJT,SG,CH,1263.36,EUR/AED,SEPA_Instant_Credit,Enhanced_Due_Diligence,Clean_NoHit,7.34,0
SWIFT_W92800,DEUTDEDD,SMBCJPJT,AU,DE,12969.66,EUR/AED,ISO20022_pacs008,Low_Risk,Clean_NoHit,18.38,0
SWIFT_W92968,HDFCINBB,SBININBB,AE,CA,1756.52,EUR/AED,ISO20022_pacs008,Low_Risk,Clean_NoHit,4.20,0
SWIFT_W92099,HDFCINBB,SBININBB,DE,JP,1210.87,USD/CAD,SWIFT_MT103,PEP_Politically_Exposed,Clean_NoHit,12.78,0
SWIFT_W92571,HDFCINBB,STANHKHH,IN,DE,5404.41,EUR/CHF,SEPA_Instant_Credit,Low_Risk,Clean_NoHit,20.56,0
SWIFT_W90865,HSBCGB2L,UBSWCHZH,DE,JP,823.31,USD/JPY,SWIFT_MT103,PEP_Politically_Exposed,Clean_NoHit,1.87,0
SWIFT_W92294,HSBCGB2L,SBININBB,NL,DE,8331.84,EUR/CHF,SEPA_Instant_Credit,Enhanced_Due_Diligence,Clean_NoHit,35.10,0
SWIFT_W90612,HSBCGB2L,UBSWCHZH,AU,US,804.73,USD/JPY,SWIFT_MT103,PEP_Politically_Exposed,Clean_NoHit,1.16,0
SWIFT_W92446,DBSSHKHH,SMBCJPJT,AU,CA,35571.12,EUR/CHF,ISO20022_pacs008,Low_Risk,Cleared_FalsePositive,85.17,1
SWIFT_W92301,DBSGSGSG,FABAEADX,DE,CH,86721.03,EUR/GBP,SEPA_Instant_Credit,PEP_Politically_Exposed,Cleared_FalsePositive,81.20,0
SWIFT_W91089,HSBCGB2L,UBSWCHZH,AU,GB,1367.68,USD/CAD,SWIFT_MT103,Standard_Risk,Clean_NoHit,6.90,0
SWIFT_W92496,HDFCINBB,INGBNL2A,IN,JP,1133.11,EUR/AED,SWIFT_MT103,Low_Risk,Clean_NoHit,8.00,0
SWIFT_W92896,SANTRSMM,SMBCJPJT,US,US,800.55,EUR/CHF,SWIFT_MT103,PEP_Politically_Exposed,Clean_NoHit,0.26,0
SWIFT_W92083,DBSSHKHH,SBININBB,CH,CA,105935.24,EUR/GBP,ISO20022_pacs008,Low_Risk,Cleared_FalsePositive,142.51,1
SWIFT_W90360,HSBCGB2L,UBSWCHZH,AE,JP,813.73,USD/JPY,SWIFT_MT103,Standard_Risk,Clean_NoHit,0.88,0
SWIFT_W91746,HSBCGB2L,STANHKHH,AU,SG,822.03,USD/CAD,SWIFT_MT103,Standard_Risk,Clean_NoHit,1.54,0
SWIFT_W91046,HSBCGB2L,UBSWCHZH,AE,SG,805.76,USD/JPY,SWIFT_MT103,Standard_Risk,Clean_NoHit,0.64,0
SWIFT_W92244,HSBCGB2L,STANHKHH,AU,CA,29774.51,EUR/GBP,ISO20022_pacs008,PEP_Politically_Exposed,Clean_NoHit,34.73,0
SWIFT_W91212,HSBCGB2L,UBSWCHZH,AE,CH,2251.25,EUR/SGD,SEPA_Instant_Credit,Standard_Risk,Clean_NoHit,8.25,0
SWIFT_W92630,HSBCGB2L,SMBCJPJT,GB,SG,800.80,EUR/INR,SWIFT_MT103,Standard_Risk,Clean_NoHit,0.34,0
SWIFT_W92417,HSBCGB2L,UBSWCHZH,AU,AU,12394.76,EUR/GBP,Fedwire_Funds,Low_Risk,Clean_NoHit,40.25,0
SWIFT_W91114,HDFCINBB,STANHKHH,CH,GB,28256.43,EUR/USD,SWIFT_MT103,Low_Risk,Clean_NoHit,68.10,0
SWIFT_W92108,HDFCINBB,SBININBB,GB,DE,12246.66,EUR/GBP,SEPA_Instant_Credit,PEP_Politically_Exposed,Clean_NoHit,28.44,0
SWIFT_W92688,HDFCINBB,STANHKHH,CH,AU,20144.57,EUR/CHF,ISO20022_pacs008,Enhanced_Due_Diligence,Clean_NoHit,38.50,0
SWIFT_W92287,DEUTDEDD,STANHKHH,AU,DE,7578.12,EUR/CHF,SEPA_Instant_Credit,PEP_Politically_Exposed,Clean_NoHit,17.87,0
SWIFT_W92987,HSBCGB2L,ANZBAU3M,SG,JP,804.10,EUR/AED,SWIFT_MT103,Low_Risk,Clean_NoHit,2.87,0
SWIFT_W92226,DEUTDEDD,INGBNL2A,IN,DE,22675.01,EUR/INR,SWIFT_MT103,Enhanced_Due_Diligence,Clean_NoHit,138.06,0
SWIFT_W92093,HSBCGB2L,SMBCJPJT,AU,JP,806.90,EUR/SGD,SWIFT_MT103,Standard_Risk,Clean_NoHit,0.64,0
SWIFT_W90934,HSBCGB2L,STANHKHH,AE,SG,800.57,USD/CAD,SWIFT_MT103,Standard_Risk,Clean_NoHit,0.23,0
SWIFT_W91000,HDFCINBB,STANHKHH,AE,SG,1388.18,USD/CAD,SWIFT_MT103,Standard_Risk,Clean_NoHit,6.96,0
SWIFT_W92303,HSBCGB2L,SBININBB,CH,US,800.58,EUR/USD,SWIFT_MT103,Standard_Risk,Clean_NoHit,0.33,0
SWIFT_W91749,HDFCINBB,STANHKHH,AE,DE,1868.01,EUR/SGD,SWIFT_MT103,Standard_Risk,Clean_NoHit,6.50,0
SWIFT_W92969,HSBCGB2L,BCOPESMM,US,ES,822.27,EUR/AED,SWIFT_MT103,Enhanced_Due_Diligence,Clean_NoHit,10.90,0
SWIFT_W92637,HSBCGB2L,FABAEADX,SG,SG,809.50,EUR/GBP,SWIFT_MT103,PEP_Politically_Exposed,Clean_NoHit,1.81,0
SWIFT_W92616,DEUTDEDD,INGBNL2A,IN,CA,34491.73,EUR/CHF,SEPA_Instant_Credit,Enhanced_Due_Diligence,Cleared_FalsePositive,98.17,0
SWIFT_W92448,HDFCINBB,STANHKHH,CH,AU,29516.14,EUR/CHF,Fedwire_Funds,Enhanced_Due_Diligence,Cleared_FalsePositive,62.21,1
SWIFT_W91761,HSBCGB2L,INGBNL2A,FR,SG,806.46,EUR/JPY,SWIFT_MT103,Standard_Risk,Clean_NoHit,1.45,0
SWIFT_W91791,HSBCGB2L,STANHKHH,GB,ES,5149.56,EUR/GBP,SEPA_Instant_Credit,Low_Risk,Clean_NoHit,17.85,0
SWIFT_W92529,HSBCGB2L,UBSWCHZH,DE,AU,4986.19,EUR/AED,Fedwire_Funds,Enhanced_Due_Diligence,Clean_NoHit,13.81,0
SWIFT_W91472,HSBCGB2L,UBSWCHZH,CH,SG,811.53,USD/JPY,SWIFT_MT103,PEP_Politically_Exposed,Clean_NoHit,1.15,0
SWIFT_W92326,DEUTDEDD,SMBCJPJT,AU,CA,79321.40,EUR/CHF,ISO20022_pacs008,Low_Risk,Cleared_FalsePositive,121.16,1
SWIFT_W91893,DEUTDEDD,RABONL2U,DE,GB,78817.42,EUR/JPY,SEPA_Instant_Credit,Low_Risk,Clean_NoHit,82.70,0
SWIFT_W90629,SANTRSMM,UBSWCHZH,AU,SG,810.79,USD/JPY,SWIFT_MT103,Standard_Risk,Clean_NoHit,1.15,0
SWIFT_W92662,HDFCINBB,SMBCJPJT,GB,CH,40761.31,EUR/CHF,ISO20022_pacs008,Enhanced_Due_Diligence,Clean_NoHit,57.34,0
SWIFT_W92788,HSBCGB2L,UBSWCHZH,CH,AE,2339.72,EUR/AED,Fedwire_Funds,Enhanced_Due_Diligence,Clean_NoHit,7.85,0
SWIFT_W92591,HSBCGB2L,UBSWCHZH,AE,AU,3297.90,EUR/CHF,Fedwire_Funds,Enhanced_Due_Diligence,Clean_NoHit,44.53,1
SWIFT_W92121,HDFCINBB,SMBCJPJT,FR,ES,14215.29,EUR/USD,SWIFT_MT103,Enhanced_Due_Diligence,Clean_NoHit,65.72,0
SWIFT_W92686,HDFCINBB,STANHKHH,AU,CA,12653.32,EUR/AED,Fedwire_Funds,Low_Risk,Clean_NoHit,15.55,0
SWIFT_W92079,DBSSHKHH,RABONL2U,AU,DE,33324.10,EUR/SGD,SWIFT_MT103,PEP_Politically_Exposed,Clean_NoHit,59.78,0
SWIFT_W92314,DBSGSGSG,BCOPESMM,CH,DE,70466.64,EUR/INR,SEPA_Instant_Credit,PEP_Politically_Exposed,Cleared_FalsePositive,70.27,0
SWIFT_W92818,HSBCGB2L,SMBCJPJT,US,SG,813.19,EUR/GBP,SWIFT_MT103,Low_Risk,Clean_NoHit,2.54,0
SWIFT_W92674,HSBCGB2L,SMBCJPJT,IN,SG,811.04,EUR/GBP,SWIFT_MT103,PEP_Politically_Exposed,Clean_NoHit,0.92,0
SWIFT_W92762,DEUTDEDD,FABAEADX,GB,CH,6284.78,EUR/AED,SEPA_Instant_Credit,Low_Risk,Clean_NoHit,40.40,0
SWIFT_W92305,HDFCINBB,STANHKHH,DE,CA,23133.44,EUR/AED,Fedwire_Funds,Enhanced_Due_Diligence,Clean_NoHit,34.47,0
SWIFT_W92111,DBSSHKHH,FABAEADX,CH,DE,225693.88,EUR/GBP,SEPA_Instant_Credit,Low_Risk,Cleared_FalsePositive,132.84,0
SWIFT_W92845,HSBCGB2L,UBSWCHZH,AE,AU,1004.99,EUR/AED,ISO20022_pacs008,Low_Risk,Clean_NoHit,2.45,0
SWIFT_W92902,SANTRSMM,UBSWCHZH,AU,AE,945.17,EUR/AED,Fedwire_Funds,Enhanced_Due_Diligence,Clean_NoHit,1.51,0
SWIFT_W92055,DBSSHKHH,RABONL2U,CH,DE,193918.44,EUR/JPY,SEPA_Instant_Credit,PEP_Politically_Exposed,Cleared_FalsePositive,119.03,0
SWIFT_W92716,HDFCINBB,STANHKHH,AU,AU,12056.35,EUR/AED,ISO20022_pacs008,Enhanced_Due_Diligence,Cleared_FalsePositive,52.16,1
SWIFT_W91312,HSBCGB2L,SMBCJPJT,AU,DE,834.72,USD/CAD,SWIFT_MT103,Standard_Risk,Clean_NoHit,1.46,0
SWIFT_W90998,HSBCGB2L,STANHKHH,CH,SG,840.89,USD/CAD,SWIFT_MT103,Standard_Risk,Clean_NoHit,1.72,0
SWIFT_W92298,HDFCINBB,INGBNL2A,IN,CH,86694.98,EUR/GBP,SEPA_Instant_Credit,Enhanced_Due_Diligence,Clean_NoHit,96.93,0
SWIFT_W92463,HSBCGB2L,STANHKHH,AU,ES,823.55,EUR/AED,SWIFT_MT103,Standard_Risk,Clean_NoHit,0.70,0
SWIFT_W91363,DEUTDEDD,STANHKHH,AU,DE,21188.82,USD/CAD,SWIFT_MT103,PEP_Politically_Exposed,Clean_NoHit,55.56,0
SWIFT_W92559,DBSSHKHH,RABONL2U,AU,CH,44392.50,EUR/GBP,SEPA_Instant_Credit,Low_Risk,Cleared_FalsePositive,80.23,1
SWIFT_W91329,SANTRSMM,UBSWCHZH,AE,CH,802.81,EUR/SGD,SWIFT_MT103,Standard_Risk,Clean_NoHit,0.34,0
SWIFT_W92211,DBSSHKHH,INGBNL2A,CH,CH,157348.03,EUR/GBP,SEPA_Instant_Credit,Low_Risk,Cleared_FalsePositive,127.19,1
SWIFT_W92969,SANTRSMM,UBSWCHZH,SG,DE,813.22,EUR/AED,SEPA_Instant_Credit,Enhanced_Due_Diligence,Clean_NoHit,0.81,0
SWIFT_W92388,DBSSHKHH,FABAEADX,FR,CH,123788.29,EUR/GBP,SEPA_Instant_Credit,Low_Risk,Cleared_FalsePositive,150.13,1
SWIFT_W92032,DBSSHKHH,RABONL2U,CH,CA,169632.34,EUR/GBP,SEPA_Instant_Credit,Low_Risk,Cleared_FalsePositive,131.10,1
SWIFT_W92938,HDFCINBB,INGBNL2A,GB,DE,1301.48,EUR/AED,SEPA_Instant_Credit,Low_Risk,Clean_NoHit,6.70,0
SWIFT_W92761,HSBCGB2L,STANHKHH,NL,CA,3339.84,EUR/AED,ISO20022_pacs008,Enhanced_Due_Diligence,Clean_NoHit,10.50,0
SWIFT_W92630,HSBCGB2L,STANHKHH,GB,SG,800.77,EUR/AED,SWIFT_MT103,Standard_Risk,Clean_NoHit,0.27,0
SWIFT_W92750,HSBCGB2L,SMBCJPJT,NL,US,805.42,EUR/GBP,SWIFT_MT103,Low_Risk,Clean_NoHit,1.53,0
SWIFT_W90207,SANTRSMM,UBSWCHZH,AE,JP,801.03,USD/JPY,SWIFT_MT103,Standard_Risk,Clean_NoHit,0.35,0
SWIFT_W91548,SANTRSMM,UBSWCHZH,DE,ES,825.74,EUR/SGD,SWIFT_MT103,Standard_Risk,Clean_NoHit,0.84,0
SWIFT_W92238,DBSSHKHH,SBININBB,DE,CH,108045.23,EUR/CHF,ISO20022_pacs008,Low_Risk,Cleared_FalsePositive,120.75,1
SWIFT_W92404,HDFCINBB,SMBCJPJT,CH,AU,89576.42,EUR/CHF,ISO20022_pacs008,Low_Risk,Cleared_FalsePositive,69.56,0
SWIFT_W92217,DBSGSGSG,INGBNL2A,AU,GB,17219.92,EUR/INR,SWIFT_MT103,PEP_Politically_Exposed,Clean_NoHit,34.06,0
SWIFT_W91909,DEUTDEDD,STANHKHH,AU,CA,98977.46,EUR/GBP,Fedwire_Funds,Low_Risk,Cleared_FalsePositive,102.82,1
SWIFT_W92944,HSBCGB2L,SBININBB,NL,CH,1027.61,EUR/AED,SEPA_Instant_Credit,Enhanced_Due_Diligence,Clean_NoHit,7.29,0
SWIFT_W92672,DEUTDEDD,INGBNL2A,IN,ES,11122.63,EUR/CHF,SEPA_Instant_Credit,Low_Risk,Clean_NoHit,65.03,0
SWIFT_W92778,HSBCGB2L,UBSWCHZH,CH,CA,3637.40,EUR/CHF,ISO20022_pacs008,Enhanced_Due_Diligence,Clean_NoHit,8.58,0
SWIFT_W92654,DEUTDEDD,BCOPESMM,IN,CH,18504.42,EUR/GBP,SEPA_Instant_Credit,Enhanced_Due_Diligence,Clean_NoHit,118.43,0
SWIFT_W91769,HSBCGB2L,STANHKHH,NL,ES,1858.78,USD/CAD,SWIFT_MT103,Low_Risk,Clean_NoHit,20.91,0
SWIFT_W91555,HSBCGB2L,SMBCJPJT,AU,SG,800.68,USD/CAD,SWIFT_MT103,Standard_Risk,Clean_NoHit,0.29,0
SWIFT_W92726,HSBCGB2L,STANHKHH,CH,AU,2665.15,EUR/AED,ISO20022_pacs008,Low_Risk,Clean_NoHit,5.40,0
SWIFT_W92345,SANTRSMM,UBSWCHZH,AU,GB,851.15,EUR/SGD,SWIFT_MT103,PEP_Politically_Exposed,Clean_NoHit,1.29,0
SWIFT_W92839,HSBCGB2L,BCOPESMM,SG,SG,801.19,EUR/CHF,SWIFT_MT103,PEP_Politically_Exposed,Clean_NoHit,0.99,0
SWIFT_W92853,HDFCINBB,FABAEADX,NL,CA,9496.72,EUR/CHF,SEPA_Instant_Credit,Enhanced_Due_Diligence,Clean_NoHit,70.00,0
SWIFT_W91635,DBSSHKHH,SBININBB,FR,CH,129324.30,EUR/INR,SEPA_Instant_Credit,Low_Risk,Cleared_FalsePositive,149.38,0
SWIFT_W92480,SANTRSMM,STANHKHH,GB,US,800.53,USD/CAD,SWIFT_MT103,Standard_Risk,Clean_NoHit,0.21,0
SWIFT_W92407,DEUTDEDD,INGBNL2A,CH,CH,91878.81,EUR/CHF,ISO20022_pacs008,Low_Risk,Cleared_FalsePositive,117.07,1
SWIFT_W91070,SANTRSMM,UBSWCHZH,AU,SG,800.58,USD/CAD,SWIFT_MT103,Standard_Risk,Clean_NoHit,0.26,0
SWIFT_W92762,DEUTDEDD,INGBNL2A,CH,CA,6277.49,EUR/AED,SEPA_Instant_Credit,Enhanced_Due_Diligence,Cleared_FalsePositive,43.50,0
SWIFT_W92297,DEUTDEDD,INGBNL2A,FR,CA,118747.57,EUR/GBP,SEPA_Instant_Credit,Enhanced_Due_Diligence,Cleared_FalsePositive,141.77,1
SWIFT_W92081,DEUTDEDD,SMBCJPJT,AE,SG,837.77,EUR/GBP,SWIFT_MT103,Standard_Risk,Clean_NoHit,1.13,0
SWIFT_W91312,HDFCINBB,STANHKHH,CH,JP,2913.46,EUR/SGD,SWIFT_MT103,PEP_Politically_Exposed,Clean_NoHit,18.45,0
SWIFT_W92403,HSBCGB2L,UBSWCHZH,DE,AU,4151.65,EUR/AED,Fedwire_Funds,Enhanced_Due_Diligence,Clean_NoHit,13.41,0
SWIFT_W92893,HSBCGB2L,BCOPESMM,US,DE,928.93,EUR/AED,SEPA_Instant_Credit,Enhanced_Due_Diligence,Clean_NoHit,10.49,0
SWIFT_W90870,SANTRSMM,UBSWCHZH,AE,ES,817.79,USD/JPY,SWIFT_MT103,Standard_Risk,Clean_NoHit,1.18,0
SWIFT_W91562,HSBCGB2L,STANHKHH,AE,GB,824.13,EUR/INR,SWIFT_MT103,Standard_Risk,Clean_NoHit,0.96,0
SWIFT_W92079,DEUTDEDD,SMBCJPJT,CH,CH,114701.54,EUR/JPY,ISO20022_pacs008,Low_Risk,Clean_NoHit,112.16,0
SWIFT_W91605,DEUTDEDD,SMBCJPJT,CH,CH,141556.91,EUR/JPY,SEPA_Instant_Credit,Low_Risk,Cleared_FalsePositive,134.02,1
SWIFT_W91318,HDFCINBB,SMBCJPJT,AU,SG,802.55,EUR/USD,SWIFT_MT103,Standard_Risk,Clean_NoHit,0.56,0
SWIFT_W92900,HDFCINBB,BCOPESMM,SG,ES,1170.24,EUR/AED,SEPA_Instant_Credit,Enhanced_Due_Diligence,Clean_NoHit,17.95,0
SWIFT_W91856,DBSSHKHH,SBININBB,DE,CH,227866.06,EUR/JPY,ISO20022_pacs008,Low_Risk,Cleared_FalsePositive,162.91,1
SWIFT_W91757,SANTRSMM,UBSWCHZH,DE,GB,804.62,EUR/SGD,SWIFT_MT103,PEP_Politically_Exposed,Clean_NoHit,0.48,0
SWIFT_W92676,HDFCINBB,RABONL2U,SG,CH,4538.18,EUR/AED,SEPA_Instant_Credit,Enhanced_Due_Diligence,Clean_NoHit,70.13,0
SWIFT_W92837,HSBCGB2L,SBININBB,SG,AU,4345.25,EUR/AED,ISO20022_pacs008,Enhanced_Due_Diligence,Clean_NoHit,26.36,0
SWIFT_W92851,HSBCGB2L,UBSWCHZH,AU,AU,1942.18,EUR/AED,Fedwire_Funds,Enhanced_Due_Diligence,Clean_NoHit,6.07,0
SWIFT_W91553,HSBCGB2L,UBSWCHZH,AU,DE,3916.68,USD/CAD,SEPA_Instant_Credit,Low_Risk,Clean_NoHit,29.53,0
SWIFT_W91932,DEUTDEDD,STANHKHH,IN,DE,20434.76,EUR/INR,SEPA_Instant_Credit,Enhanced_Due_Diligence,Clean_NoHit,70.43,0
SWIFT_W92393,HSBCGB2L,STANHKHH,CH,ES,821.19,EUR/JPY,SWIFT_MT103,Standard_Risk,Clean_NoHit,1.15,0
SWIFT_W90357,SANTRSMM,UBSWCHZH,AE,JP,800.55,USD/JPY,SWIFT_MT103,Standard_Risk,Clean_NoHit,0.22,0
SWIFT_W91178,HDFCINBB,STANHKHH,AU,ES,6090.14,USD/CAD,SWIFT_MT103,PEP_Politically_Exposed,Clean_NoHit,26.54,0
SWIFT_W90475,HSBCGB2L,STANHKHH,AE,JP,944.90,EUR/USD,SWIFT_MT103,Standard_Risk,Clean_NoHit,2.71,0
SWIFT_W92748,DBSGSGSG,BCOPESMM,CH,SG,1081.93,EUR/CHF,SWIFT_MT103,PEP_Politically_Exposed,Clean_NoHit,7.13,0
SWIFT_W92383,DEUTDEDD,STANHKHH,GB,CH,27967.69,EUR/INR,SEPA_Instant_Credit,Enhanced_Due_Diligence,Clean_NoHit,84.61,0
SWIFT_W92091,DBSSHKHH,FABAEADX,CH,DE,48204.61,EUR/INR,SEPA_Instant_Credit,PEP_Politically_Exposed,Cleared_FalsePositive,94.97,0
SWIFT_W92891,HSBCGB2L,SMBCJPJT,US,ES,1475.38,EUR/CHF,SEPA_Instant_Credit,Enhanced_Due_Diligence,Clean_NoHit,28.10,0
SWIFT_W92188,HDFCINBB,FABAEADX,IN,GB,2581.21,EUR/CHF,SWIFT_MT103,PEP_Politically_Exposed,Clean_NoHit,19.41,0
SWIFT_W92183,DEUTDEDD,INGBNL2A,DE,CH,115547.22,EUR/GBP,SEPA_Instant_Credit,Enhanced_Due_Diligence,Cleared_FalsePositive,166.56,1
SWIFT_W92185,DEUTDEDD,SMBCJPJT,CH,AU,68675.46,EUR/CHF,ISO20022_pacs008,Enhanced_Due_Diligence,Cleared_FalsePositive,128.08,1
SWIFT_W92947,HDFCINBB,SMBCJPJT,DE,CA,981.75,EUR/AED,ISO20022_pacs008,Low_Risk,Clean_NoHit,1.76,0
SWIFT_W91913,DBSSHKHH,INGBNL2A,DE,DE,247590.23,EUR/GBP,SEPA_Instant_Credit,Low_Risk,Cleared_FalsePositive,166.67,1
SWIFT_W90775,HDFCINBB,SMBCJPJT,CH,JP,1293.29,EUR/USD,SWIFT_MT103,Standard_Risk,Clean_NoHit,7.62,0
SWIFT_W91268,DEUTDEDD,SMBCJPJT,CH,DE,42467.56,USD/CAD,SEPA_Instant_Credit,Low_Risk,Clean_NoHit,85.25,0
SWIFT_W91270,HDFCINBB,RABONL2U,DE,GB,2418.00,EUR/USD,SWIFT_MT103,PEP_Politically_Exposed,Clean_NoHit,23.93,0
SWIFT_W91830,HSBCGB2L,SBININBB,SG,ES,3278.96,EUR/JPY,SWIFT_MT103,Low_Risk,Clean_NoHit,22.72,0
SWIFT_W92298,DBSSHKHH,FABAEADX,CH,DE,80755.54,EUR/CHF,SEPA_Instant_Credit,Low_Risk,Cleared_FalsePositive,116.94,1
SWIFT_W92863,HDFCINBB,RABONL2U,NL,JP,883.86,EUR/CHF,SWIFT_MT103,Low_Risk,Clean_NoHit,3.41,0
SWIFT_W91035,SANTRSMM,UBSWCHZH,FR,GB,800.79,EUR/SGD,SWIFT_MT103,Standard_Risk,Clean_NoHit,0.30,0
SWIFT_W92669,HDFCINBB,STANHKHH,AU,AU,16959.94,EUR/AED,Fedwire_Funds,Enhanced_Due_Diligence,Clean_NoHit,36.77,1
SWIFT_W92676,HDFCINBB,STANHKHH,CH,AU,13929.74,EUR/AED,Fedwire_Funds,Enhanced_Due_Diligence,Clean_NoHit,24.35,0
SWIFT_W91082,HSBCGB2L,STANHKHH,AU,JP,806.80,USD/JPY,SWIFT_MT103,Standard_Risk,Clean_NoHit,0.76,0
SWIFT_W92448,DEUTDEDD,INGBNL2A,GB,CA,52289.34,EUR/GBP,SEPA_Instant_Credit,Enhanced_Due_Diligence,Cleared_FalsePositive,141.76,0
SWIFT_W90883,HSBCGB2L,STANHKHH,FR,GB,811.45,USD/CAD,SWIFT_MT103,Standard_Risk,Clean_NoHit,1.19,0
SWIFT_W92101,DEUTDEDD,RABONL2U,IN,DE,35775.38,EUR/GBP,SEPA_Instant_Credit,Enhanced_Due_Diligence,Clean_NoHit,113.75,0
SWIFT_W92064,DEUTDEDD,STANHKHH,CH,CH,82531.28,EUR/JPY,ISO20022_pacs008,Enhanced_Due_Diligence,Cleared_FalsePositive,155.59,1
SWIFT_W92647,HSBCGB2L,RABONL2U,SG,CH,10787.19,EUR/CHF,SEPA_Instant_Credit,Enhanced_Due_Diligence,Clean_NoHit,48.16,0
SWIFT_W92232,DEUTDEDD,SBININBB,FR,CA,85239.82,EUR/CHF,SEPA_Instant_Credit,Enhanced_Due_Diligence,Cleared_FalsePositive,130.97,1
SWIFT_W91309,HDFCINBB,SMBCJPJT,CH,CH,87793.00,EUR/JPY,ISO20022_pacs008,PEP_Politically_Exposed,Clean_NoHit,68.90,0
SWIFT_W91092,HDFCINBB,STANHKHH,AU,CH,17532.53,USD/CAD,SEPA_Instant_Credit,PEP_Politically_Exposed,Clean_NoHit,44.91,0
SWIFT_W92737,SANTRSMM,UBSWCHZH,AE,CA,822.29,EUR/CHF,SEPA_Instant_Credit,PEP_Politically_Exposed,Clean_NoHit,0.72,0
SWIFT_W91419,HSBCGB2L,UBSWCHZH,AU,GB,1169.76,USD/CAD,SWIFT_MT103,Standard_Risk,Clean_NoHit,4.52,0
SWIFT_W92446,HSBCGB2L,STANHKHH,GB,DE,1128.70,EUR/GBP,SWIFT_MT103,Low_Risk,Clean_NoHit,3.97,0
SWIFT_W91786,DBSSHKHH,FABAEADX,FR,DE,75366.72,EUR/INR,SEPA_Instant_Credit,Low_Risk,Cleared_FalsePositive,122.41,0
SWIFT_W92498,DEUTDEDD,FABAEADX,GB,CH,73599.85,EUR/CHF,SEPA_Instant_Credit,Low_Risk,Cleared_FalsePositive,125.91,0
SWIFT_W91986,DEUTDEDD,RABONL2U,AU,JP,6416.84,EUR/SGD,SWIFT_MT103,PEP_Politically_Exposed,Clean_NoHit,27.37,0
SWIFT_W92710,DBSGSGSG,RABONL2U,AU,CH,41871.54,EUR/CHF,ISO20022_pacs008,PEP_Politically_Exposed,Cleared_FalsePositive,50.37,0
SWIFT_W92638,HSBCGB2L,UBSWCHZH,AU,AU,1135.33,EUR/CHF,ISO20022_pacs008,PEP_Politically_Exposed,Clean_NoHit,2.19,0
SWIFT_W92854,HSBCGB2L,UBSWCHZH,CH,ES,802.20,EUR/CHF,SWIFT_MT103,Standard_Risk,Clean_NoHit,0.33,0
SWIFT_W92353,DBSSHKHH,INGBNL2A,CH,DE,99895.45,EUR/GBP,SEPA_Instant_Credit,Low_Risk,Cleared_FalsePositive,114.30,1
SWIFT_W91165,HSBCGB2L,STANHKHH,AU,SG,871.31,USD/CAD,SWIFT_MT103,Standard_Risk,Clean_NoHit,3.30,0
SWIFT_W91854,DEUTDEDD,SMBCJPJT,CH,CH,182411.95,EUR/INR,ISO20022_pacs008,Low_Risk,Cleared_FalsePositive,146.16,1
SWIFT_W92835,HDFCINBB,RABONL2U,GB,DE,3705.69,EUR/AED,SEPA_Instant_Credit,Enhanced_Due_Diligence,Clean_NoHit,14.60,0
SWIFT_W92159,DBSSHKHH,INGBNL2A,FR,CA,45488.10,EUR/CHF,SEPA_Instant_Credit,Enhanced_Due_Diligence,Cleared_FalsePositive,165.80,1
SWIFT_W92809,HDFCINBB,FABAEADX,SG,SG,1086.89,EUR/CHF,SWIFT_MT103,Enhanced_Due_Diligence,Clean_NoHit,27.74,0
SWIFT_W91244,DEUTDEDD,SMBCJPJT,CH,ES,20650.86,EUR/USD,SWIFT_MT103,Low_Risk,Clean_NoHit,82.16,0
SWIFT_W92808,HSBCGB2L,STANHKHH,AE,AU,3904.60,EUR/AED,Fedwire_Funds,Low_Risk,Cleared_FalsePositive,31.12,1
SWIFT_W92632,DEUTDEDD,SMBCJPJT,AU,CA,36771.51,EUR/CHF,Fedwire_Funds,Low_Risk,Cleared_FalsePositive,47.73,0
SWIFT_W91362,HDFCINBB,SMBCJPJT,CH,DE,30112.87,EUR/USD,SEPA_Instant_Credit,Low_Risk,Clean_NoHit,49.52,0
SWIFT_W92423,DBSSHKHH,FABAEADX,CH,CA,27412.84,EUR/CHF,SEPA_Instant_Credit,Enhanced_Due_Diligence,Cleared_FalsePositive,126.25,1
SWIFT_W92880,HDFCINBB,SMBCJPJT,NL,SG,1032.96,EUR/CHF,SWIFT_MT103,Low_Risk,Clean_NoHit,6.84,0
SWIFT_W92054,DBSSHKHH,RABONL2U,AU,JP,9725.39,EUR/SGD,SWIFT_MT103,PEP_Politically_Exposed,Clean_NoHit,22.53,0
SWIFT_W92345,DBSSHKHH,RABONL2U,DE,CH,64647.40,EUR/CHF,SEPA_Instant_Credit,Low_Risk,Cleared_FalsePositive,89.79,0
SWIFT_W92165,HSBCGB2L,STANHKHH,FR,SG,801.67,EUR/USD,SWIFT_MT103,Standard_Risk,Clean_NoHit,0.55,0
SWIFT_W91770,DEUTDEDD,SBININBB,DE,ES,40970.71,EUR/USD,SWIFT_MT103,Low_Risk,Clean_NoHit,106.19,0
SWIFT_W91007,HSBCGB2L,STANHKHH,AU,CH,28153.22,EUR/USD,SEPA_Instant_Credit,PEP_Politically_Exposed,Clean_NoHit,71.44,0
SWIFT_W91625,HDFCINBB,SMBCJPJT,DE,ES,13891.41,EUR/JPY,SEPA_Instant_Credit,PEP_Politically_Exposed,Clean_NoHit,34.42,0
SWIFT_W92622,HDFCINBB,STANHKHH,GB,DE,15423.08,EUR/CHF,SEPA_Instant_Credit,Enhanced_Due_Diligence,Clean_NoHit,43.86,0
SWIFT_W91635,SANTRSMM,STANHKHH,SG,DE,810.92,EUR/CHF,SWIFT_MT103,Standard_Risk,Clean_NoHit,0.90,0
SWIFT_W92240,DEUTDEDD,SBININBB,DE,CA,65208.18,EUR/CHF,SEPA_Instant_Credit,Enhanced_Due_Diligence,Cleared_FalsePositive,153.41,1
SWIFT_W92194,DEUTDEDD,SBININBB,CH,CH,181002.20,EUR/INR,ISO20022_pacs008,Low_Risk,Cleared_FalsePositive,130.14,1
SWIFT_W92217,SANTRSMM,STANHKHH,NL,SG,801.59,EUR/JPY,SWIFT_MT103,Standard_Risk,Clean_NoHit,0.51,0
SWIFT_W92257,SANTRSMM,STANHKHH,CH,JP,812.14,EUR/SGD,SWIFT_MT103,Standard_Risk,Clean_NoHit,0.76,0
SWIFT_W91485,SANTRSMM,UBSWCHZH,AE,SG,801.66,USD/CAD,SWIFT_MT103,Standard_Risk,Clean_NoHit,0.42,0
SWIFT_W92584,HSBCGB2L,SMBCJPJT,CH,CH,1279.08,EUR/GBP,SWIFT_MT103,Standard_Risk,Clean_NoHit,2.95,0
SWIFT_W92836,DEUTDEDD,INGBNL2A,AU,CA,7287.57,EUR/AED,SEPA_Instant_Credit,Low_Risk,Cleared_FalsePositive,30.05,0
SWIFT_W92455,HSBCGB2L,SMBCJPJT,IN,ES,1625.34,EUR/CHF,SWIFT_MT103,Low_Risk,Clean_NoHit,7.23,0
SWIFT_W92942,HSBCGB2L,RABONL2U,US,GB,829.29,EUR/AED,SWIFT_MT103,Enhanced_Due_Diligence,Clean_NoHit,5.45,0
SWIFT_W92605,HDFCINBB,STANHKHH,CH,CA,8888.45,EUR/AED,ISO20022_pacs008,Low_Risk,Clean_NoHit,18.67,0
SWIFT_W92552,HDFCINBB,FABAEADX,FR,US,801.71,EUR/SGD,SWIFT_MT103,Standard_Risk,Clean_NoHit,1.09,0
SWIFT_W92226,DEUTDEDD,SBININBB,CH,CA,108017.45,EUR/INR,ISO20022_pacs008,Low_Risk,Cleared_FalsePositive,137.09,1
SWIFT_W92504,DEUTDEDD,SMBCJPJT,GB,CA,57689.90,EUR/CHF,SEPA_Instant_Credit,Enhanced_Due_Diligence,Clean_NoHit,93.86,0
SWIFT_W91247,DEUTDEDD,SBININBB,CH,ES,38669.26,EUR/USD,SWIFT_MT103,Low_Risk,Clean_NoHit,90.43,0
SWIFT_W92306,DEUTDEDD,SMBCJPJT,AU,CA,106906.51,EUR/GBP,ISO20022_pacs008,Low_Risk,Cleared_FalsePositive,102.62,1
SWIFT_W92415,DBSSHKHH,INGBNL2A,AU,JP,6506.63,EUR/GBP,SWIFT_MT103,Standard_Risk,Clean_NoHit,24.39,0
SWIFT_W91496,SANTRSMM,UBSWCHZH,AU,US,800.56,USD/JPY,SWIFT_MT103,Standard_Risk,Clean_NoHit,0.25,0
SWIFT_W92836,HDFCINBB,STANHKHH,FR,DE,1350.33,EUR/AED,SEPA_Instant_Credit,Enhanced_Due_Diligence,Clean_NoHit,3.86,0
SWIFT_W91568,HSBCGB2L,STANHKHH,CH,SG,801.87,USD/CAD,SWIFT_MT103,Standard_Risk,Clean_NoHit,0.49,0
SWIFT_W92369,DEUTDEDD,SBININBB,DE,CA,115729.45,EUR/CHF,ISO20022_pacs008,Low_Risk,Cleared_FalsePositive,111.45,1
SWIFT_W92755,DEUTDEDD,BARCGB22,GB,GB,1816.33,EUR/CHF,SWIFT_MT103,Low_Risk,Clean_NoHit,26.59,0
SWIFT_W92370,HDFCINBB,STANHKHH,AU,AU,17554.56,EUR/CHF,ISO20022_pacs008,Enhanced_Due_Diligence,Clean_NoHit,38.17,0
SWIFT_W92994,SANTRSMM,STANHKHH,IN,CH,807.52,EUR/AED,SEPA_Instant_Credit,Enhanced_Due_Diligence,Clean_NoHit,0.61,0
SWIFT_W90969,HSBCGB2L,STANHKHH,AE,ES,1991.34,USD/CAD,SEPA_Instant_Credit,Standard_Risk,Clean_NoHit,12.40,0
SWIFT_W92359,DBSSHKHH,BCOPESMM,FR,CH,14532.92,EUR/CHF,SWIFT_MT103,Low_Risk,Clean_NoHit,86.74,0
SWIFT_W91293,DEUTDEDD,RABONL2U,IN,DE,16721.02,EUR/INR,SWIFT_MT103,Low_Risk,Clean_NoHit,58.54,0
SWIFT_W92153,DBSSHKHH,RABONL2U,CH,DE,12248.85,EUR/CHF,SEPA_Instant_Credit,Standard_Risk,Clean_NoHit,15.10,0
SWIFT_W92952,HDFCINBB,RABONL2U,AU,CH,1380.27,EUR/AED,SEPA_Instant_Credit,PEP_Politically_Exposed,Clean_NoHit,3.86,0
SWIFT_W92906,SANTRSMM,SMBCJPJT,GB,SG,800.77,EUR/AED,SWIFT_MT103,Standard_Risk,Clean_NoHit,0.28,0
SWIFT_W91500,HDFCINBB,STANHKHH,CH,ES,7347.37,USD/JPY,SWIFT_MT103,Low_Risk,Clean_NoHit,35.23,0
SWIFT_W91650,HDFCINBB,SMBCJPJT,AE,CH,10182.30,EUR/SGD,SEPA_Instant_Credit,Standard_Risk,Clean_NoHit,25.08,0
SWIFT_W91969,HDFCINBB,RABONL2U,AU,GB,987.03,EUR/JPY,SWIFT_MT103,Standard_Risk,Clean_NoHit,3.63,0
SWIFT_W92014,DBSSHKHH,RABONL2U,DE,CH,308210.25,EUR/GBP,ISO20022_pacs008,Low_Risk,Cleared_FalsePositive,145.87,1
SWIFT_W92156,HSBCGB2L,UBSWCHZH,AE,ES,1220.14,EUR/INR,SWIFT_MT103,Standard_Risk,Clean_NoHit,4.67,0
SWIFT_W92869,DEUTDEDD,FABAEADX,DE,JP,918.73,EUR/AED,SWIFT_MT103,PEP_Politically_Exposed,Clean_NoHit,3.92,0
SWIFT_W91853,HDFCINBB,STANHKHH,AU,CH,61189.38,EUR/INR,ISO20022_pacs008,Low_Risk,Cleared_FalsePositive,118.30,1
SWIFT_W92517,DEUTDEDD,STANHKHH,AU,CA,31147.94,EUR/GBP,ISO20022_pacs008,Enhanced_Due_Diligence,Cleared_FalsePositive,125.48,1
SWIFT_W92565,HDFCINBB,SMBCJPJT,FR,CA,58805.15,EUR/GBP,ISO20022_pacs008,Enhanced_Due_Diligence,Clean_NoHit,112.63,0
SWIFT_W92299,HDFCINBB,STANHKHH,AU,AU,26352.86,EUR/GBP,ISO20022_pacs008,Enhanced_Due_Diligence,Clean_NoHit,44.45,0
SWIFT_W92807,HSBCGB2L,BCOPESMM,SG,SG,813.34,EUR/JPY,SWIFT_MT103,Low_Risk,Clean_NoHit,6.13,0
SWIFT_W92642,DEUTDEDD,STANHKHH,AU,CA,18232.80,EUR/CHF,Fedwire_Funds,Enhanced_Due_Diligence,Cleared_FalsePositive,71.36,1
SWIFT_W91752,SANTRSMM,STANHKHH,NL,JP,800.91,EUR/USD,SWIFT_MT103,PEP_Politically_Exposed,Clean_NoHit,0.53,0
SWIFT_W92662,HDFCINBB,SMBCJPJT,AE,JP,829.59,EUR/GBP,SWIFT_MT103,Standard_Risk,Clean_NoHit,1.20,0
SWIFT_W92584,DEUTDEDD,BCOPESMM,NL,GB,1533.75,EUR/INR,SWIFT_MT103,Low_Risk,Clean_NoHit,39.02,0
SWIFT_W92649,HDFCINBB,SBININBB,FR,CA,22447.05,EUR/CHF,ISO20022_pacs008,Enhanced_Due_Diligence,Cleared_FalsePositive,76.06,0
SWIFT_W92840,HSBCGB2L,RABONL2U,NL,JP,1008.11,EUR/CHF,SWIFT_MT103,Low_Risk,Clean_NoHit,4.73,0
SWIFT_W91522,HSBCGB2L,SMBCJPJT,CH,CA,7424.24,EUR/GBP,SEPA_Instant_Credit,PEP_Politically_Exposed,Clean_NoHit,11.97,0
SWIFT_W92901,HSBCGB2L,INGBNL2A,US,GB,831.95,EUR/AED,SWIFT_MT103,Enhanced_Due_Diligence,Clean_NoHit,6.54,0
SWIFT_W92734,DEUTDEDD,RABONL2U,CH,CA,11964.42,EUR/AED,ISO20022_pacs008,Enhanced_Due_Diligence,Cleared_FalsePositive,31.62,0
SWIFT_W92430,DBSGSGSG,FABAEADX,CH,DE,78068.94,EUR/CHF,SEPA_Instant_Credit,PEP_Politically_Exposed,Cleared_FalsePositive,80.84,0
SWIFT_W92547,HSBCGB2L,STANHKHH,CH,CA,15585.28,EUR/CHF,ISO20022_pacs008,Low_Risk,Clean_NoHit,28.68,0
SWIFT_W91285,DEUTDEDD,SBININBB,DE,DE,70836.58,EUR/SGD,SEPA_Instant_Credit,Low_Risk,Clean_NoHit,85.93,0
SWIFT_W92276,DEUTDEDD,FABAEADX,IN,CH,18616.65,EUR/CHF,SEPA_Instant_Credit,Low_Risk,Clean_NoHit,78.74,0
SWIFT_W91662,HDFCINBB,SMBCJPJT,AU,DE,66019.60,EUR/USD,SEPA_Instant_Credit,Low_Risk,Cleared_FalsePositive,141.78,0
SWIFT_W92750,SANTRSMM,UBSWCHZH,CH,CA,1049.52,EUR/GBP,SEPA_Instant_Credit,Low_Risk,Clean_NoHit,2.15,0
SWIFT_W92678,HDFCINBB,SBININBB,CH,CA,62683.42,EUR/CHF,ISO20022_pacs008,Low_Risk,Clean_NoHit,40.54,0
SWIFT_W92342,DBSSHKHH,SBININBB,CH,DE,160738.09,EUR/GBP,SEPA_Instant_Credit,Low_Risk,Cleared_FalsePositive,103.53,0
SWIFT_W92938,HSBCGB2L,BCOPESMM,US,ES,808.77,EUR/AED,SWIFT_MT103,Enhanced_Due_Diligence,Clean_NoHit,10.38,0
SWIFT_W92008,HSBCGB2L,SBININBB,DE,SG,802.71,EUR/SGD,SWIFT_MT103,Standard_Risk,Clean_NoHit,0.78,0
SWIFT_W91714,HSBCGB2L,STANHKHH,IN,DE,1785.65,EUR/USD,SWIFT_MT103,PEP_Politically_Exposed,Clean_NoHit,9.52,0
SWIFT_W91169,SANTRSMM,UBSWCHZH,CH,GB,800.93,EUR/USD,SWIFT_MT103,Standard_Risk,Clean_NoHit,0.35,0
SWIFT_W92404,DEUTDEDD,SBININBB,AU,CA,67007.72,EUR/GBP,ISO20022_pacs008,Low_Risk,Cleared_FalsePositive,125.88,1
SWIFT_W92610,HDFCINBB,INGBNL2A,NL,AU,13794.87,EUR/CHF,SEPA_Instant_Credit,Enhanced_Due_Diligence,Clean_NoHit,123.62,0
SWIFT_W92403,HSBCGB2L,SMBCJPJT,SG,GB,948.40,EUR/JPY,SWIFT_MT103,Low_Risk,Clean_NoHit,7.11,0
SWIFT_W91413,HSBCGB2L,STANHKHH,AE,SG,834.07,EUR/USD,SWIFT_MT103,Standard_Risk,Clean_NoHit,1.18,0
SWIFT_W92005,HSBCGB2L,UBSWCHZH,AU,CA,8999.52,EUR/CHF,Fedwire_Funds,Low_Risk,Clean_NoHit,33.18,0
SWIFT_W92713,HSBCGB2L,UBSWCHZH,AE,AU,941.80,EUR/AED,ISO20022_pacs008,Standard_Risk,Clean_NoHit,1.21,0
SWIFT_W92517,HDFCINBB,STANHKHH,AU,AU,14786.85,EUR/AED,ISO20022_pacs008,Enhanced_Due_Diligence,Cleared_FalsePositive,71.09,1
SWIFT_W92778,HSBCGB2L,STANHKHH,SG,JP,813.16,EUR/AED,SWIFT_MT103,Low_Risk,Clean_NoHit,1.70,0
SWIFT_W92915,HSBCGB2L,SBININBB,IN,DE,2503.51,EUR/CHF,SEPA_Instant_Credit,Low_Risk,Clean_NoHit,6.88,0
SWIFT_W92783,HSBCGB2L,BCOPESMM,SG,SG,807.05,EUR/CHF,SWIFT_MT103,Low_Risk,Clean_NoHit,2.21,0
SWIFT_W92633,HDFCINBB,INGBNL2A,GB,SG,804.52,EUR/CHF,SWIFT_MT103,PEP_Politically_Exposed,Clean_NoHit,1.44,0
SWIFT_W90923,DEUTDEDD,SMBCJPJT,CH,DE,70436.28,EUR/USD,SEPA_Instant_Credit,PEP_Politically_Exposed,Clean_NoHit,66.26,0
SWIFT_W92763,SANTRSMM,UBSWCHZH,GB,GB,802.37,EUR/CHF,SWIFT_MT103,PEP_Politically_Exposed,Clean_NoHit,0.33,0
SWIFT_W91546,HSBCGB2L,UBSWCHZH,AU,CA,2247.35,EUR/USD,SEPA_Instant_Credit,PEP_Politically_Exposed,Clean_NoHit,8.84,0
SWIFT_W91807,DEUTDEDD,STANHKHH,AU,DE,62886.49,EUR/SGD,SEPA_Instant_Credit,Low_Risk,Cleared_FalsePositive,133.60,1
SWIFT_W92269,DBSSHKHH,SBININBB,CH,CH,205861.44,EUR/GBP,ISO20022_pacs008,Low_Risk,Cleared_FalsePositive,107.22,0
SWIFT_W92832,SANTRSMM,SMBCJPJT,US,SG,800.58,EUR/CHF,SWIFT_MT103,PEP_Politically_Exposed,Clean_NoHit,0.32,0
SWIFT_W92853,HSBCGB2L,STANHKHH,AU,AU,6746.62,EUR/AED,Fedwire_Funds,Low_Risk,Clean_NoHit,10.13,0
SWIFT_W92512,DEUTDEDD,INGBNL2A,AU,JP,1131.05,EUR/INR,SWIFT_MT103,Standard_Risk,Clean_NoHit,4.14,0
SWIFT_W92144,DBSSHKHH,SMBCJPJT,CH,CH,165160.02,EUR/GBP,ISO20022_pacs008,Low_Risk,Cleared_FalsePositive,122.10,1
SWIFT_W91705,HSBCGB2L,SMBCJPJT,IN,JP,822.50,EUR/SGD,SWIFT_MT103,Standard_Risk,Clean_NoHit,1.53,0
SWIFT_W92937,DEUTDEDD,SMBCJPJT,AE,CH,1091.16,EUR/AED,SEPA_Instant_Credit,Standard_Risk,Clean_NoHit,2.02,0
SWIFT_W90636,HSBCGB2L,UBSWCHZH,AU,JP,937.69,USD/JPY,SWIFT_MT103,PEP_Politically_Exposed,Clean_NoHit,4.24,0
SWIFT_W92566,DEUTDEDD,FABAEADX,FR,CH,32528.40,EUR/CHF,SEPA_Instant_Credit,Low_Risk,Clean_NoHit,67.49,0
SWIFT_W92934,SANTRSMM,STANHKHH,SG,ES,801.31,EUR/CHF,SWIFT_MT103,PEP_Politically_Exposed,Clean_NoHit,0.36,0
SWIFT_W92703,DEUTDEDD,BCOPESMM,NL,ES,5141.19,EUR/CHF,SEPA_Instant_Credit,Low_Risk,Clean_NoHit,68.65,0
SWIFT_W92211,DEUTDEDD,SBININBB,DE,CA,50029.74,EUR/CHF,ISO20022_pacs008,Low_Risk,Cleared_FalsePositive,83.04,0
SWIFT_W92663,DEUTDEDD,RABONL2U,CH,SG,924.94,EUR/CHF,SWIFT_MT103,PEP_Politically_Exposed,Clean_NoHit,2.92,0
SWIFT_W91069,SANTRSMM,UBSWCHZH,AE,US,800.54,USD/JPY,SWIFT_MT103,Standard_Risk,Clean_NoHit,0.22,0
SWIFT_W92257,HDFCINBB,SBININBB,NL,CH,10827.50,EUR/AED,SEPA_Instant_Credit,Low_Risk,Clean_NoHit,44.24,0
SWIFT_W92384,DBSGSGSG,INGBNL2A,CH,ES,133201.64,EUR/GBP,SEPA_Instant_Credit,Low_Risk,Cleared_FalsePositive,91.43,0
SWIFT_W91930,DEUTDEDD,INGBNL2A,DE,GB,8050.44,EUR/INR,SWIFT_MT103,PEP_Politically_Exposed,Clean_NoHit,34.96,0
SWIFT_W91412,DEUTDEDD,RABONL2U,CH,ES,11106.44,EUR/SGD,SWIFT_MT103,Standard_Risk,Clean_NoHit,20.38,0
SWIFT_W92112,SANTRSMM,UBSWCHZH,AU,US,800.53,USD/CAD,SWIFT_MT103,Standard_Risk,Clean_NoHit,0.20,0
SWIFT_W91741,DEUTDEDD,SBININBB,GB,DE,104649.11,EUR/JPY,SEPA_Instant_Credit,Low_Risk,Clean_NoHit,128.32,0
SWIFT_W92859,HSBCGB2L,FABAEADX,NL,DE,4379.83,EUR/CHF,SEPA_Instant_Credit,Enhanced_Due_Diligence,Clean_NoHit,30.26,0
SWIFT_W92086,DBSSHKHH,SBININBB,CH,DE,167130.59,EUR/INR,ISO20022_pacs008,Low_Risk,Cleared_FalsePositive,99.45,0
SWIFT_W91597,HSBCGB2L,STANHKHH,AU,SG,901.79,EUR/JPY,SWIFT_MT103,Standard_Risk,Clean_NoHit,2.22,0
SWIFT_W92480,HDFCINBB,STANHKHH,AU,AU,32212.14,EUR/CHF,Fedwire_Funds,Low_Risk,Cleared_FalsePositive,69.41,1
SWIFT_W91555,HSBCGB2L,UBSWCHZH,AE,JP,801.34,USD/CAD,SWIFT_MT103,Standard_Risk,Clean_NoHit,0.34,0
SWIFT_W91435,SANTRSMM,STANHKHH,AU,US,800.53,EUR/USD,SWIFT_MT103,Standard_Risk,Clean_NoHit,0.20,0
SWIFT_W91908,DEUTDEDD,RABONL2U,FR,ES,31161.63,EUR/INR,SEPA_Instant_Credit,Low_Risk,Clean_NoHit,70.57,0
SWIFT_W92491,HSBCGB2L,UBSWCHZH,AE,ES,805.87,EUR/GBP,SWIFT_MT103,Standard_Risk,Clean_NoHit,0.37,0
SWIFT_W92909,HSBCGB2L,RABONL2U,US,JP,804.48,EUR/AED,SWIFT_MT103,Low_Risk,Clean_NoHit,1.02,0
SWIFT_W92811,DBSSHKHH,FABAEADX,FR,GB,6463.13,EUR/CHF,SEPA_Instant_Credit,Low_Risk,Clean_NoHit,28.90,0
SWIFT_W92897,HSBCGB2L,FABAEADX,FR,US,800.57,EUR/GBP,SWIFT_MT103,Standard_Risk,Clean_NoHit,0.33,0
SWIFT_W92567,DEUTDEDD,FABAEADX,GB,CH,28100.32,EUR/GBP,SEPA_Instant_Credit,Enhanced_Due_Diligence,Cleared_FalsePositive,145.65,0
SWIFT_W92740,HSBCGB2L,UBSWCHZH,AE,AU,2687.57,EUR/AED,Fedwire_Funds,Enhanced_Due_Diligence,Clean_NoHit,15.26,0
SWIFT_W91986,HSBCGB2L,UBSWCHZH,DE,CA,8680.35,EUR/CHF,ISO20022_pacs008,Low_Risk,Clean_NoHit,22.35,0
SWIFT_W91027,HSBCGB2L,UBSWCHZH,AU,DE,2399.35,EUR/USD,SEPA_Instant_Credit,Standard_Risk,Clean_NoHit,9.93,0
SWIFT_W92175,HSBCGB2L,STANHKHH,AE,CA,3643.09,EUR/CHF,ISO20022_pacs008,Standard_Risk,Clean_NoHit,9.97,0
SWIFT_W91613,DEUTDEDD,RABONL2U,DE,GB,14543.76,EUR/JPY,SWIFT_MT103,PEP_Politically_Exposed,Clean_NoHit,35.54,0
SWIFT_W92152,DBSGSGSG,INGBNL2A,AU,ES,62311.31,EUR/INR,SEPA_Instant_Credit,PEP_Politically_Exposed,Cleared_FalsePositive,87.30,1
SWIFT_W92790,HDFCINBB,SBININBB,AU,SG,801.48,EUR/GBP,SWIFT_MT103,Standard_Risk,Clean_NoHit,0.38,0
SWIFT_W92505,DBSSHKHH,FABAEADX,DE,SG,868.48,EUR/GBP,SWIFT_MT103,PEP_Politically_Exposed,Clean_NoHit,6.76,0
SWIFT_W92198,DBSSHKHH,SBININBB,CH,CH,247388.42,EUR/INR,ISO20022_pacs008,Low_Risk,Cleared_FalsePositive,112.39,0
SWIFT_W92369,DBSSHKHH,INGBNL2A,CH,CA,82512.01,EUR/CHF,ISO20022_pacs008,Low_Risk,Cleared_FalsePositive,77.40,1
SWIFT_W92669,HDFCINBB,BCOPESMM,SG,DE,8640.14,EUR/CHF,SEPA_Instant_Credit,Enhanced_Due_Diligence,Clean_NoHit,108.98,0
SWIFT_W92843,HSBCGB2L,STANHKHH,FR,AU,7746.48,EUR/AED,Fedwire_Funds,Enhanced_Due_Diligence,Clean_NoHit,14.58,0
SWIFT_W92131,DBSSHKHH,INGBNL2A,CH,DE,135989.62,EUR/GBP,SEPA_Instant_Credit,Low_Risk,Cleared_FalsePositive,164.93,1
SWIFT_W92339,HDFCINBB,STANHKHH,CH,CA,12774.15,EUR/AED,ISO20022_pacs008,Low_Risk,Clean_NoHit,17.35,0
SWIFT_W92883,HSBCGB2L,RABONL2U,NL,AU,4029.95,EUR/AED,ISO20022_pacs008,Enhanced_Due_Diligence,Clean_NoHit,19.72,0
SWIFT_W92799,HSBCGB2L,STANHKHH,FR,DE,1081.95,EUR/CHF,SEPA_Instant_Credit,Low_Risk,Clean_NoHit,3.75,0
SWIFT_W92917,DEUTDEDD,FABAEADX,DE,CH,4037.37,EUR/AED,ISO20022_pacs008,Enhanced_Due_Diligence,Clean_NoHit,20.53,0
SWIFT_W91515,HSBCGB2L,RABONL2U,AU,JP,887.34,EUR/JPY,SWIFT_MT103,Standard_Risk,Clean_NoHit,2.71,0
SWIFT_W90577,SANTRSMM,UBSWCHZH,AU,JP,803.91,USD/JPY,SWIFT_MT103,Standard_Risk,Clean_NoHit,0.62,0
SWIFT_W92797,HSBCGB2L,STANHKHH,NL,ES,862.99,EUR/CHF,SWIFT_MT103,Low_Risk,Clean_NoHit,1.95,0
SWIFT_W91937,DBSSHKHH,SBININBB,CH,DE,143502.48,EUR/JPY,SEPA_Instant_Credit,Low_Risk,Cleared_FalsePositive,159.50,1
SWIFT_W92068,DBSSHKHH,RABONL2U,DE,CH,188405.84,EUR/GBP,SEPA_Instant_Credit,Low_Risk,Cleared_FalsePositive,167.30,1
SWIFT_W92913,HSBCGB2L,STANHKHH,CH,AU,1750.04,EUR/AED,ISO20022_pacs008,Low_Risk,Clean_NoHit,3.25,0
SWIFT_W92371,DEUTDEDD,SMBCJPJT,FR,CH,59198.42,EUR/CHF,ISO20022_pacs008,Enhanced_Due_Diligence,Clean_NoHit,50.09,0
SWIFT_W92141,DBSSHKHH,INGBNL2A,DE,JP,5122.34,EUR/INR,SWIFT_MT103,PEP_Politically_Exposed,Clean_NoHit,24.71,0
SWIFT_W91818,DBSSHKHH,INGBNL2A,CH,DE,45619.28,EUR/CHF,SEPA_Instant_Credit,Low_Risk,Clean_NoHit,64.12,0
SWIFT_W91244,DEUTDEDD,SMBCJPJT,AU,SG,1864.89,EUR/USD,SWIFT_MT103,Standard_Risk,Clean_NoHit,8.81,0
SWIFT_W92133,DEUTDEDD,RABONL2U,FR,CH,121668.00,EUR/GBP,SEPA_Instant_Credit,Enhanced_Due_Diligence,Cleared_FalsePositive,170.51,0
SWIFT_W90495,HSBCGB2L,UBSWCHZH,AE,GB,853.34,USD/JPY,SWIFT_MT103,Standard_Risk,Clean_NoHit,2.25,0
SWIFT_W92162,DEUTDEDD,RABONL2U,DE,CH,190563.70,EUR/GBP,ISO20022_pacs008,Enhanced_Due_Diligence,Cleared_FalsePositive,160.72,1
SWIFT_W92584,HSBCGB2L,UBSWCHZH,AE,AU,4826.13,EUR/GBP,Fedwire_Funds,PEP_Politically_Exposed,Clean_NoHit,23.15,0
SWIFT_W91633,DEUTDEDD,RABONL2U,GB,DE,29301.17,EUR/INR,SEPA_Instant_Credit,PEP_Politically_Exposed,Clean_NoHit,69.81,0
SWIFT_W92939,HSBCGB2L,RABONL2U,NL,ES,816.49,EUR/AED,SWIFT_MT103,PEP_Politically_Exposed,Clean_NoHit,1.48,0
SWIFT_W92728,HSBCGB2L,SMBCJPJT,GB,CA,21035.34,EUR/CHF,ISO20022_pacs008,Enhanced_Due_Diligence,Clean_NoHit,49.05,0
SWIFT_W91141,HSBCGB2L,STANHKHH,AU,US,800.88,USD/CAD,SWIFT_MT103,Standard_Risk,Clean_NoHit,0.39,0
SWIFT_W92199,DBSSHKHH,FABAEADX,CH,ES,80840.51,EUR/GBP,SEPA_Instant_Credit,Low_Risk,Cleared_FalsePositive,105.84,0
SWIFT_W92675,HDFCINBB,STANHKHH,AU,AU,11037.40,EUR/AED,Fedwire_Funds,Enhanced_Due_Diligence,Clean_NoHit,32.20,0
SWIFT_W92300,DBSGSGSG,INGBNL2A,CH,ES,74987.90,EUR/GBP,SEPA_Instant_Credit,Low_Risk,Cleared_FalsePositive,98.92,0
SWIFT_W92269,DEUTDEDD,RABONL2U,FR,GB,2967.97,EUR/GBP,SWIFT_MT103,PEP_Politically_Exposed,Clean_NoHit,16.24,0
SWIFT_W92487,DBSSHKHH,SMBCJPJT,DE,GB,6820.23,EUR/CHF,SEPA_Instant_Credit,Low_Risk,Clean_NoHit,25.17,0
SWIFT_W91974,HSBCGB2L,STANHKHH,CH,CA,2309.38,EUR/CHF,SEPA_Instant_Credit,PEP_Politically_Exposed,Clean_NoHit,4.96,0
SWIFT_W92693,HDFCINBB,SBININBB,NL,CH,7796.86,EUR/CHF,SEPA_Instant_Credit,Enhanced_Due_Diligence,Clean_NoHit,49.95,0
SWIFT_W92509,HDFCINBB,STANHKHH,GB,CA,27397.56,EUR/CHF,ISO20022_pacs008,Enhanced_Due_Diligence,Clean_NoHit,34.53,0
SWIFT_W92509,SANTRSMM,UBSWCHZH,NL,ES,801.40,EUR/JPY,SWIFT_MT103,PEP_Politically_Exposed,Clean_NoHit,0.34,0
SWIFT_W91207,HSBCGB2L,STANHKHH,CH,GB,2451.64,USD/CAD,SWIFT_MT103,PEP_Politically_Exposed,Clean_NoHit,13.70,0
SWIFT_W92227,SANTRSMM,UBSWCHZH,CH,SG,800.74,EUR/JPY,SWIFT_MT103,Standard_Risk,Clean_NoHit,0.25,0
SWIFT_W92423,DEUTDEDD,INGBNL2A,CH,CA,25970.54,EUR/CHF,SEPA_Instant_Credit,Enhanced_Due_Diligence,Cleared_FalsePositive,99.97,1
SWIFT_W92586,DEUTDEDD,INGBNL2A,IN,CA,71491.34,EUR/INR,SEPA_Instant_Credit,Enhanced_Due_Diligence,Cleared_FalsePositive,172.46,0
SWIFT_W92619,HDFCINBB,FABAEADX,DE,JP,958.46,EUR/CHF,SWIFT_MT103,PEP_Politically_Exposed,Clean_NoHit,3.82,0
SWIFT_W92077,DBSSHKHH,INGBNL2A,DE,DE,189681.42,EUR/JPY,SEPA_Instant_Credit,Low_Risk,Cleared_FalsePositive,153.46,0
SWIFT_W92450,SANTRSMM,UBSWCHZH,AE,AU,2084.86,EUR/CHF,Fedwire_Funds,PEP_Politically_Exposed,Clean_NoHit,8.04,0
SWIFT_W92468,DBSGSGSG,BCOPESMM,CH,ES,45170.48,EUR/GBP,SEPA_Instant_Credit,PEP_Politically_Exposed,Cleared_FalsePositive,75.75,0
SWIFT_W92010,DEUTDEDD,RABONL2U,FR,DE,7071.99,EUR/SGD,SWIFT_MT103,Low_Risk,Clean_NoHit,34.15,0
SWIFT_W91260,SANTRSMM,UBSWCHZH,AE,DE,804.81,EUR/USD,SWIFT_MT103,Standard_Risk,Clean_NoHit,0.48,0
SWIFT_W92356,DEUTDEDD,RABONL2U,IN,CH,61550.62,EUR/INR,SEPA_Instant_Credit,Enhanced_Due_Diligence,Cleared_FalsePositive,148.03,0
SWIFT_W91058,HSBCGB2L,UBSWCHZH,AE,GB,1722.66,USD/CAD,SEPA_Instant_Credit,Standard_Risk,Clean_NoHit,12.22,0
SWIFT_W91959,HDFCINBB,STANHKHH,AU,DE,2987.26,EUR/GBP,SEPA_Instant_Credit,Standard_Risk,Clean_NoHit,6.48,0
SWIFT_W92541,SANTRSMM,UBSWCHZH,US,SG,800.54,EUR/JPY,SWIFT_MT103,PEP_Politically_Exposed,Clean_NoHit,0.23,0
SWIFT_W92497,HDFCINBB,SMBCJPJT,FR,AU,38266.32,EUR/CHF,ISO20022_pacs008,Enhanced_Due_Diligence,Clean_NoHit,42.65,0
SWIFT_W91933,DEUTDEDD,SMBCJPJT,AU,CH,110984.96,EUR/JPY,ISO20022_pacs008,Low_Risk,Cleared_FalsePositive,132.98,1
SWIFT_W91847,HDFCINBB,SBININBB,FR,CA,80234.35,EUR/GBP,SEPA_Instant_Credit,Low_Risk,Clean_NoHit,59.91,0
SWIFT_W91568,DBSSHKHH,SBININBB,DE,DE,121144.99,EUR/JPY,SEPA_Instant_Credit,Low_Risk,Cleared_FalsePositive,133.88,0
SWIFT_W92584,HDFCINBB,SBININBB,FR,CH,44058.36,EUR/INR,SEPA_Instant_Credit,Low_Risk,Clean_NoHit,62.80,0
SWIFT_W91973,HSBCGB2L,STANHKHH,NL,JP,2335.19,EUR/SGD,SWIFT_MT103,Low_Risk,Clean_NoHit,26.17,0
SWIFT_W91535,HDFCINBB,STANHKHH,GB,ES,30463.36,EUR/JPY,SEPA_Instant_Credit,Low_Risk,Clean_NoHit,74.29,0
SWIFT_W92472,DBSSHKHH,INGBNL2A,CH,DE,30523.27,EUR/CHF,SEPA_Instant_Credit,PEP_Politically_Exposed,Cleared_FalsePositive,42.57,0
SWIFT_W90293,SANTRSMM,UBSWCHZH,AU,SG,800.72,USD/JPY,SWIFT_MT103,Standard_Risk,Clean_NoHit,0.30,0
SWIFT_W92848,HSBCGB2L,STANHKHH,CH,AU,4700.72,EUR/AED,Fedwire_Funds,Enhanced_Due_Diligence,Clean_NoHit,8.27,0
SWIFT_W92564,HSBCGB2L,UBSWCHZH,CH,AU,3969.85,EUR/AED,Fedwire_Funds,Enhanced_Due_Diligence,Clean_NoHit,26.98,1
SWIFT_W92643,HDFCINBB,RABONL2U,CH,US,815.68,EUR/CHF,SWIFT_MT103,Standard_Risk,Clean_NoHit,1.53,0
SWIFT_W92783,DEUTDEDD,BARCGB22,GB,ES,3229.71,EUR/CHF,SWIFT_MT103,Enhanced_Due_Diligence,Clean_NoHit,76.30,0
SWIFT_W92923,HSBCGB2L,SBININBB,FR,DE,1052.24,EUR/AED,SWIFT_MT103,Low_Risk,Clean_NoHit,3.43,0
SWIFT_W91482,HSBCGB2L,STANHKHH,AU,CA,26201.91,EUR/SGD,ISO20022_pacs008,PEP_Politically_Exposed,Clean_NoHit,64.41,0
SWIFT_W92870,HDFCINBB,STANHKHH,AU,CH,2067.11,EUR/AED,SEPA_Instant_Credit,Low_Risk,Clean_NoHit,4.12,0
SWIFT_W91595,DEUTDEDD,SBININBB,AU,ES,11261.36,EUR/GBP,SEPA_Instant_Credit,Standard_Risk,Clean_NoHit,22.53,0
SWIFT_W92762,HSBCGB2L,RABONL2U,US,GB,1027.78,EUR/CHF,SWIFT_MT103,Enhanced_Due_Diligence,Clean_NoHit,12.25,0
SWIFT_W92020,DBSSHKHH,SBININBB,CH,CH,128467.62,EUR/INR,ISO20022_pacs008,Low_Risk,Cleared_FalsePositive,164.12,1
SWIFT_W92874,HDFCINBB,STANHKHH,CH,CA,2207.32,EUR/AED,Fedwire_Funds,Low_Risk,Clean_NoHit,5.74,0
SWIFT_W91945,HSBCGB2L,SBININBB,CH,GB,812.00,EUR/JPY,SWIFT_MT103,Standard_Risk,Clean_NoHit,1.06,0
SWIFT_W92813,DEUTDEDD,BCOPESMM,FR,GB,2295.99,EUR/AED,SWIFT_MT103,Low_Risk,Clean_NoHit,25.34,0
SWIFT_W92325,HSBCGB2L,STANHKHH,AU,AU,15002.93,EUR/CHF,Fedwire_Funds,Low_Risk,Clean_NoHit,32.14,0
SWIFT_W90801,HSBCGB2L,UBSWCHZH,AE,ES,1137.14,USD/CAD,SWIFT_MT103,Standard_Risk,Clean_NoHit,5.42,0
SWIFT_W92738,DEUTDEDD,BCOPESMM,NL,GB,4905.37,EUR/CHF,SWIFT_MT103,Low_Risk,Clean_NoHit,58.25,0
SWIFT_W92416,HDFCINBB,STANHKHH,DE,AU,26505.93,EUR/CHF,ISO20022_pacs008,Enhanced_Due_Diligence,Cleared_FalsePositive,67.84,1
SWIFT_W90675,HSBCGB2L,STANHKHH,CH,DE,1786.76,USD/CAD,SWIFT_MT103,PEP_Politically_Exposed,Clean_NoHit,10.83,0
SWIFT_W92465,HDFCINBB,FABAEADX,IN,GB,3849.24,EUR/GBP,SWIFT_MT103,Low_Risk,Clean_NoHit,37.98,0
SWIFT_W92852,HDFCINBB,STANHKHH,AU,CH,1125.81,EUR/AED,SEPA_Instant_Credit,Standard_Risk,Clean_NoHit,2.08,0
SWIFT_W91466,HDFCINBB,SBININBB,DE,JP,10057.03,EUR/SGD,SWIFT_MT103,PEP_Politically_Exposed,Clean_NoHit,24.90,0
SWIFT_W91854,HDFCINBB,STANHKHH,FR,ES,7543.27,EUR/CHF,SEPA_Instant_Credit,PEP_Politically_Exposed,Clean_NoHit,16.98,0
SWIFT_W91276,DEUTDEDD,SMBCJPJT,CH,DE,195846.20,EUR/JPY,ISO20022_pacs008,PEP_Politically_Exposed,Cleared_FalsePositive,130.68,0
SWIFT_W91008,HSBCGB2L,STANHKHH,CH,SG,823.77,USD/CAD,SWIFT_MT103,Standard_Risk,Clean_NoHit,1.59,0
SWIFT_W91462,HSBCGB2L,STANHKHH,FR,JP,972.07,USD/CAD,SWIFT_MT103,Standard_Risk,Clean_NoHit,4.14,0
SWIFT_W92811,DEUTDEDD,BCOPESMM,DE,CA,13842.76,EUR/CHF,SEPA_Instant_Credit,Enhanced_Due_Diligence,Cleared_FalsePositive,41.03,0
SWIFT_W92636,HSBCGB2L,SMBCJPJT,SG,CA,6548.54,EUR/CHF,SEPA_Instant_Credit,Enhanced_Due_Diligence,Clean_NoHit,26.12,0
SWIFT_W90581,HSBCGB2L,STANHKHH,AU,DE,1265.18,EUR/SGD,SWIFT_MT103,Standard_Risk,Clean_NoHit,3.57,0
SWIFT_W92838,DBSSHKHH,BARCGB22,FR,ES,2817.22,EUR/AED,SEPA_Instant_Credit,Low_Risk,Cleared_FalsePositive,33.98,0
SWIFT_W92828,HSBCGB2L,UBSWCHZH,AE,AU,1377.79,EUR/AED,CHAPS_GBP,Enhanced_Due_Diligence,Clean_NoHit,29.50,1
SWIFT_W92930,HSBCGB2L,FABAEADX,US,DE,1043.52,EUR/AED,SEPA_Instant_Credit,Enhanced_Due_Diligence,Clean_NoHit,14.77,0
SWIFT_W92765,DEUTDEDD,BCOPESMM,FR,DE,4440.51,EUR/AED,SEPA_Instant_Credit,Enhanced_Due_Diligence,Clean_NoHit,43.08,0
SWIFT_W92482,DEUTDEDD,SMBCJPJT,DE,CA,37644.02,EUR/CHF,ISO20022_pacs008,Enhanced_Due_Diligence,Clean_NoHit,49.20,0
SWIFT_W92438,HSBCGB2L,SMBCJPJT,IN,SG,816.70,EUR/USD,SWIFT_MT103,Low_Risk,Clean_NoHit,2.69,0
SWIFT_W92567,DEUTDEDD,SBININBB,AU,CH,62059.64,EUR/GBP,ISO20022_pacs008,PEP_Politically_Exposed,Cleared_FalsePositive,74.38,0
SWIFT_W92119,HSBCGB2L,STANHKHH,AU,SG,817.36,USD/CAD,SWIFT_MT103,Standard_Risk,Clean_NoHit,1.40,0
SWIFT_W91527,DEUTDEDD,STANHKHH,AU,ES,40135.50,EUR/USD,SEPA_Instant_Credit,Low_Risk,Clean_NoHit,101.12,0
SWIFT_W92286,HSBCGB2L,STANHKHH,DE,DE,6155.79,EUR/GBP,SEPA_Instant_Credit,Low_Risk,Clean_NoHit,15.59,0
SWIFT_W92815,HDFCINBB,SBININBB,NL,CA,10740.90,EUR/AED,ISO20022_pacs008,Enhanced_Due_Diligence,Clean_NoHit,27.77,0
SWIFT_W91964,DEUTDEDD,RABONL2U,IN,ES,16456.39,EUR/SGD,SWIFT_MT103,Enhanced_Due_Diligence,Clean_NoHit,85.36,0
SWIFT_W92417,HSBCGB2L,STANHKHH,NL,SG,850.10,USD/CAD,SWIFT_MT103,Enhanced_Due_Diligence,Clean_NoHit,7.14,0
SWIFT_W91243,DEUTDEDD,STANHKHH,AU,GB,15382.35,USD/CAD,SWIFT_MT103,PEP_Politically_Exposed,Clean_NoHit,46.67,0
SWIFT_W91736,DEUTDEDD,INGBNL2A,DE,JP,1018.37,EUR/SGD,SWIFT_MT103,PEP_Politically_Exposed,Clean_NoHit,8.19,0
SWIFT_W92678,DBSGSGSG,INGBNL2A,CH,ES,7171.18,EUR/AED,SEPA_Instant_Credit,Low_Risk,Clean_NoHit,24.45,0
SWIFT_W92539,DEUTDEDD,SBININBB,AU,CA,44672.58,EUR/CHF,ISO20022_pacs008,Low_Risk,Cleared_FalsePositive,83.80,1
SWIFT_W92619,HDFCINBB,STANHKHH,IN,CH,17609.39,EUR/CHF,ISO20022_pacs008,Enhanced_Due_Diligence,Clean_NoHit,61.17,0
SWIFT_W92760,HSBCGB2L,UBSWCHZH,AU,AU,1639.57,EUR/AED,Fedwire_Funds,Enhanced_Due_Diligence,Clean_NoHit,6.89,0
SWIFT_W92095,DEUTDEDD,SMBCJPJT,FR,ES,32068.71,EUR/USD,SWIFT_MT103,Enhanced_Due_Diligence,Clean_NoHit,122.28,0
SWIFT_W92178,DEUTDEDD,SMBCJPJT,DE,CH,117752.29,EUR/INR,ISO20022_pacs008,Enhanced_Due_Diligence,Cleared_FalsePositive,164.67,1
SWIFT_W92913,HDFCINBB,FABAEADX,CH,JP,809.68,EUR/INR,SWIFT_MT103,Standard_Risk,Clean_NoHit,0.85,0
SWIFT_W92269,DBSSHKHH,SBININBB,DE,DE,85384.74,EUR/GBP,SEPA_Instant_Credit,Low_Risk,Cleared_FalsePositive,102.93,0
SWIFT_W91276,DEUTDEDD,SMBCJPJT,CH,DE,107113.61,EUR/SGD,SEPA_Instant_Credit,PEP_Politically_Exposed,Cleared_FalsePositive,114.35,0
SWIFT_W91628,HDFCINBB,STANHKHH,AU,DE,12788.37,EUR/INR,SEPA_Instant_Credit,PEP_Politically_Exposed,Clean_NoHit,24.98,0
SWIFT_W92728,HDFCINBB,SMBCJPJT,GB,CA,20616.77,EUR/CHF,ISO20022_pacs008,Enhanced_Due_Diligence,Clean_NoHit,45.91,0
SWIFT_W92409,DBSSHKHH,INGBNL2A,CH,CH,92218.69,EUR/CHF,SEPA_Instant_Credit,Low_Risk,Cleared_FalsePositive,109.90,1
SWIFT_W92067,DEUTDEDD,SBININBB,DE,CA,211079.69,EUR/GBP,ISO20022_pacs008,Low_Risk,Cleared_FalsePositive,132.51,1
SWIFT_W92458,DEUTDEDD,RABONL2U,AU,CA,51855.60,EUR/CHF,ISO20022_pacs008,Enhanced_Due_Diligence,Cleared_FalsePositive,74.68,1
SWIFT_W92483,DEUTDEDD,FABAEADX,NL,CA,24526.87,EUR/CHF,SEPA_Instant_Credit,Enhanced_Due_Diligence,Clean_NoHit,130.39,0
SWIFT_W92218,DEUTDEDD,SMBCJPJT,DE,CH,60886.52,EUR/CHF,ISO20022_pacs008,PEP_Politically_Exposed,Clean_NoHit,42.97,0
SWIFT_W92609,DEUTDEDD,INGBNL2A,NL,CH,18023.48,EUR/GBP,SEPA_Instant_Credit,Enhanced_Due_Diligence,Cleared_FalsePositive,188.06,0
SWIFT_W91936,HSBCGB2L,STANHKHH,AU,SG,814.79,EUR/JPY,SWIFT_MT103,Standard_Risk,Clean_NoHit,1.01,0
SWIFT_W92294,HSBCGB2L,INGBNL2A,FR,SG,800.78,EUR/SGD,SWIFT_MT103,Standard_Risk,Clean_NoHit,0.52,0
SWIFT_W91965,HSBCGB2L,SBININBB,GB,SG,800.58,EUR/SGD,SWIFT_MT103,Standard_Risk,Clean_NoHit,0.29,0
SWIFT_W92218,HDFCINBB,FABAEADX,IN,ES,4047.61,EUR/SGD,SWIFT_MT103,Low_Risk,Clean_NoHit,50.25,0
SWIFT_W92708,DEUTDEDD,RABONL2U,IN,CA,26006.10,EUR/CHF,SEPA_Instant_Credit,Low_Risk,Clean_NoHit,58.70,0
SWIFT_W92353,DBSSHKHH,FABAEADX,FR,DE,104436.78,EUR/GBP,SEPA_Instant_Credit,Low_Risk,Cleared_FalsePositive,141.70,0
SWIFT_W92257,DEUTDEDD,INGBNL2A,FR,CA,129850.17,EUR/GBP,ISO20022_pacs008,Enhanced_Due_Diligence,Cleared_FalsePositive,135.27,1
SWIFT_W90992,SANTRSMM,UBSWCHZH,CH,SG,801.94,EUR/SGD,SWIFT_MT103,Standard_Risk,Clean_NoHit,0.47,0
SWIFT_W92826,HSBCGB2L,SBININBB,SG,SG,803.95,EUR/INR,SWIFT_MT103,Low_Risk,Clean_NoHit,1.45,0
SWIFT_W90764,HSBCGB2L,STANHKHH,AE,GB,1224.25,USD/CAD,SWIFT_MT103,Standard_Risk,Clean_NoHit,5.28,0
SWIFT_W92064,DBSSHKHH,SMBCJPJT,AE,JP,1457.82,EUR/INR,SWIFT_MT103,Standard_Risk,Clean_NoHit,4.84,0
SWIFT_W91678,HDFCINBB,STANHKHH,DE,ES,25966.10,USD/CAD,SWIFT_MT103,Enhanced_Due_Diligence,Clean_NoHit,78.99,0
SWIFT_W92493,HDFCINBB,SMBCJPJT,IN,CH,35837.16,EUR/GBP,SEPA_Instant_Credit,Enhanced_Due_Diligence,Clean_NoHit,100.95,0
SWIFT_W91869,HDFCINBB,SMBCJPJT,CH,CA,57228.22,EUR/INR,ISO20022_pacs008,Low_Risk,Clean_NoHit,55.42,0
SWIFT_W92947,HSBCGB2L,SMBCJPJT,IN,AE,1659.00,EUR/AED,Fedwire_Funds,Enhanced_Due_Diligence,Clean_NoHit,7.23,0
SWIFT_W92609,HDFCINBB,SMBCJPJT,NL,CH,28253.24,EUR/GBP,SEPA_Instant_Credit,Enhanced_Due_Diligence,Clean_NoHit,106.49,0
SWIFT_W92951,HSBCGB2L,BCOPESMM,SG,SG,802.89,EUR/AED,SWIFT_MT103,Low_Risk,Clean_NoHit,1.98,0
SWIFT_W91317,HSBCGB2L,STANHKHH,AU,DE,12492.29,EUR/JPY,SEPA_Instant_Credit,PEP_Politically_Exposed,Clean_NoHit,31.60,0
SWIFT_W91800,HSBCGB2L,STANHKHH,DE,SG,824.08,USD/CAD,SWIFT_MT103,PEP_Politically_Exposed,Clean_NoHit,2.33,0
SWIFT_W92287,HDFCINBB,UBSWCHZH,DE,DE,5561.58,EUR/SGD,SEPA_Instant_Credit,Enhanced_Due_Diligence,Clean_NoHit,31.30,0
SWIFT_W92933,HSBCGB2L,INGBNL2A,SG,CH,1423.84,EUR/AED,SEPA_Instant_Credit,Enhanced_Due_Diligence,Clean_NoHit,26.82,0
SWIFT_W91412,HDFCINBB,SBININBB,AU,ES,1124.85,EUR/INR,SWIFT_MT103,Standard_Risk,Clean_NoHit,4.20,0
SWIFT_W91168,HDFCINBB,STANHKHH,AU,JP,1718.58,USD/CAD,SWIFT_MT103,PEP_Politically_Exposed,Clean_NoHit,9.24,0
SWIFT_W92544,HSBCGB2L,UBSWCHZH,CH,CA,9167.87,EUR/AED,Fedwire_Funds,Enhanced_Due_Diligence,Clean_NoHit,21.88,0
SWIFT_W92883,HSBCGB2L,UBSWCHZH,DE,AU,1228.66,EUR/AED,ISO20022_pacs008,Low_Risk,Clean_NoHit,2.37,0
SWIFT_W92118,DEUTDEDD,SBININBB,AU,DE,2864.89,EUR/CHF,SEPA_Instant_Credit,Standard_Risk,Clean_NoHit,10.12,0
SWIFT_W92896,DEUTDEDD,SMBCJPJT,AU,CA,4524.12,EUR/AED,ISO20022_pacs008,PEP_Politically_Exposed,Clean_NoHit,9.12,0
SWIFT_W91871,SANTRSMM,UBSWCHZH,AU,GB,803.98,EUR/SGD,SWIFT_MT103,Standard_Risk,Clean_NoHit,0.41,0
SWIFT_W91907,HSBCGB2L,SBININBB,NL,CH,17044.62,EUR/INR,SEPA_Instant_Credit,Low_Risk,Clean_NoHit,43.74,0
SWIFT_W90596,HSBCGB2L,UBSWCHZH,AE,GB,839.14,USD/JPY,SWIFT_MT103,Standard_Risk,Clean_NoHit,1.98,0
SWIFT_W91961,DBSSHKHH,SBININBB,FR,CH,51744.24,EUR/JPY,SEPA_Instant_Credit,Enhanced_Due_Diligence,Cleared_FalsePositive,139.57,0
SWIFT_W92436,DEUTDEDD,FABAEADX,DE,DE,77279.10,EUR/GBP,SEPA_Instant_Credit,PEP_Politically_Exposed,Cleared_FalsePositive,86.08,0
SWIFT_W92861,HDFCINBB,BCOPESMM,IN,SG,804.31,EUR/CHF,SWIFT_MT103,PEP_Politically_Exposed,Clean_NoHit,2.37,0
SWIFT_W91859,DBSSHKHH,SBININBB,CH,CH,201480.20,EUR/INR,ISO20022_pacs008,Low_Risk,Cleared_FalsePositive,153.05,1
SWIFT_W92030,HSBCGB2L,UBSWCHZH,AE,ES,1257.50,EUR/INR,SEPA_Instant_Credit,PEP_Politically_Exposed,Clean_NoHit,4.28,0
SWIFT_W92632,HDFCINBB,SMBCJPJT,DE,CA,38064.72,EUR/CHF,ISO20022_pacs008,Enhanced_Due_Diligence,Clean_NoHit,36.30,0
SWIFT_W92307,DEUTDEDD,SMBCJPJT,AU,CA,39600.58,EUR/GBP,ISO20022_pacs008,Enhanced_Due_Diligence,Cleared_FalsePositive,143.69,1
SWIFT_W90864,SANTRSMM,UBSWCHZH,AU,SG,802.49,USD/JPY,SWIFT_MT103,PEP_Politically_Exposed,Clean_NoHit,0.80,0
SWIFT_W92544,DEUTDEDD,SMBCJPJT,AU,AU,14084.20,EUR/CHF,ISO20022_pacs008,Enhanced_Due_Diligence,Cleared_FalsePositive,113.10,1
SWIFT_W91361,HSBCGB2L,STANHKHH,FR,GB,3222.82,EUR/USD,SWIFT_MT103,Low_Risk,Clean_NoHit,19.67,0
SWIFT_W91250,SANTRSMM,UBSWCHZH,CH,GB,801.47,EUR/SGD,SWIFT_MT103,Standard_Risk,Clean_NoHit,0.34,0
SWIFT_W92397,HSBCGB2L,UBSWCHZH,DE,CA,1605.67,EUR/AED,SEPA_Instant_Credit,PEP_Politically_Exposed,Clean_NoHit,4.06,0
SWIFT_W92448,DBSSHKHH,FABAEADX,CH,CH,80180.66,EUR/CHF,SEPA_Instant_Credit,Low_Risk,Cleared_FalsePositive,120.34,1
SWIFT_W90865,HSBCGB2L,STANHKHH,AE,GB,1533.78,USD/JPY,SWIFT_MT103,Standard_Risk,Clean_NoHit,7.70,0
SWIFT_W91304,HSBCGB2L,UBSWCHZH,AE,JP,813.32,USD/CAD,SWIFT_MT103,Standard_Risk,Clean_NoHit,0.85,0
SWIFT_W92457,HSBCGB2L,STANHKHH,US,JP,816.98,EUR/INR,SWIFT_MT103,Low_Risk,Clean_NoHit,2.69,0
SWIFT_W92904,HSBCGB2L,STANHKHH,AU,AU,1477.50,EUR/AED,Fedwire_Funds,Low_Risk,Clean_NoHit,3.66,0
SWIFT_W92838,HSBCGB2L,SBININBB,IN,AU,5551.86,EUR/AED,ISO20022_pacs008,Enhanced_Due_Diligence,Clean_NoHit,15.36,0
SWIFT_W91861,HDFCINBB,STANHKHH,AE,SG,934.42,USD/CAD,SWIFT_MT103,Standard_Risk,Clean_NoHit,3.23,0
SWIFT_W92052,DEUTDEDD,SMBCJPJT,AU,ES,61706.59,EUR/INR,ISO20022_pacs008,PEP_Politically_Exposed,Clean_NoHit,67.69,0
SWIFT_W92892,HSBCGB2L,RABONL2U,SG,AU,2505.26,EUR/AED,SEPA_Instant_Credit,Enhanced_Due_Diligence,Clean_NoHit,41.83,0
SWIFT_W91664,DEUTDEDD,SBININBB,GB,ES,38059.52,EUR/SGD,SWIFT_MT103,Low_Risk,Clean_NoHit,65.48,0
SWIFT_W91934,HSBCGB2L,SMBCJPJT,FR,CH,5769.92,EUR/JPY,SWIFT_MT103,Low_Risk,Clean_NoHit,21.32,0
SWIFT_W91810,SANTRSMM,UBSWCHZH,AU,GB,806.52,EUR/INR,SWIFT_MT103,Standard_Risk,Clean_NoHit,0.61,0
SWIFT_W92403,DEUTDEDD,RABONL2U,GB,DE,99652.95,EUR/GBP,ISO20022_pacs008,Enhanced_Due_Diligence,Cleared_FalsePositive,111.82,0
SWIFT_W92109,DBSSHKHH,INGBNL2A,DE,ES,133465.98,EUR/GBP,SEPA_Instant_Credit,PEP_Politically_Exposed,Cleared_FalsePositive,108.84,0
SWIFT_W92203,HSBCGB2L,UBSWCHZH,AE,CH,877.40,EUR/CHF,SEPA_Instant_Credit,Standard_Risk,Clean_NoHit,1.54,0
SWIFT_W92821,HDFCINBB,UBSWCHZH,AU,AU,2652.59,EUR/AED,Fedwire_Funds,Enhanced_Due_Diligence,Clean_NoHit,7.54,0
SWIFT_W92829,HDFCINBB,SMBCJPJT,AU,AU,3640.49,EUR/AED,ISO20022_pacs008,Enhanced_Due_Diligence,Cleared_FalsePositive,16.09,0
SWIFT_W92868,HSBCGB2L,RABONL2U,NL,GB,949.14,EUR/AED,SWIFT_MT103,Enhanced_Due_Diligence,Clean_NoHit,10.83,0
SWIFT_W92593,HSBCGB2L,UBSWCHZH,AE,AU,1257.07,EUR/AED,Fedwire_Funds,PEP_Politically_Exposed,Clean_NoHit,3.00,0
SWIFT_W92879,HDFCINBB,RABONL2U,AU,CH,1082.80,EUR/AED,SEPA_Instant_Credit,Standard_Risk,Clean_NoHit,3.32,0
SWIFT_W92633,HSBCGB2L,RABONL2U,SG,CH,2450.23,EUR/AED,SEPA_Instant_Credit,Enhanced_Due_Diligence,Clean_NoHit,32.19,0
SWIFT_W92429,DBSSHKHH,BCOPESMM,FR,GB,9545.74,EUR/CHF,SWIFT_MT103,PEP_Politically_Exposed,Clean_NoHit,58.46,0
SWIFT_W92814,SANTRSMM,UBSWCHZH,IN,CA,891.06,EUR/AED,SEPA_Instant_Credit,Low_Risk,Clean_NoHit,1.28,0
SWIFT_W92681,SANTRSMM,UBSWCHZH,SG,US,800.53,EUR/JPY,SWIFT_MT103,PEP_Politically_Exposed,Clean_NoHit,0.22,0
SWIFT_W90686,SANTRSMM,UBSWCHZH,AU,SG,800.61,USD/JPY,SWIFT_MT103,Standard_Risk,Clean_NoHit,0.25,0
SWIFT_W92417,DEUTDEDD,RABONL2U,CH,CA,70545.28,EUR/CHF,ISO20022_pacs008,Enhanced_Due_Diligence,Cleared_FalsePositive,116.75,1
SWIFT_W92210,HDFCINBB,STANHKHH,AU,CA,37460.92,EUR/INR,ISO20022_pacs008,Low_Risk,Clean_NoHit,98.66,1
SWIFT_W92420,DBSGSGSG,BCOPESMM,CH,ES,35737.64,EUR/CHF,SEPA_Instant_Credit,Low_Risk,Cleared_FalsePositive,83.77,0
SWIFT_W91328,DEUTDEDD,STANHKHH,CH,DE,23163.09,EUR/USD,SWIFT_MT103,Low_Risk,Clean_NoHit,76.53,0
SWIFT_W92380,HDFCINBB,SBININBB,AU,GB,1127.74,EUR/CHF,SWIFT_MT103,PEP_Politically_Exposed,Clean_NoHit,3.05,0
SWIFT_W90635,HSBCGB2L,UBSWCHZH,AE,SG,803.65,USD/JPY,SWIFT_MT103,Standard_Risk,Clean_NoHit,0.79,0
SWIFT_W92898,HSBCGB2L,SMBCJPJT,SG,CA,2690.58,EUR/AED,SEPA_Instant_Credit,Enhanced_Due_Diligence,Clean_NoHit,23.78,0
SWIFT_W92424,HSBCGB2L,STANHKHH,GB,ES,814.44,EUR/CHF,SWIFT_MT103,PEP_Politically_Exposed,Clean_NoHit,0.79,0
SWIFT_W92247,HDFCINBB,STANHKHH,FR,ES,3846.57,EUR/USD,SWIFT_MT103,Low_Risk,Clean_NoHit,14.72,0
SWIFT_W92567,HSBCGB2L,STANHKHH,CH,SG,800.72,EUR/CHF,SWIFT_MT103,Standard_Risk,Clean_NoHit,0.28,0
SWIFT_W92373,DBSSHKHH,INGBNL2A,CH,CH,199874.62,EUR/GBP,ISO20022_pacs008,Low_Risk,Cleared_FalsePositive,123.60,1
SWIFT_W92507,SANTRSMM,SMBCJPJT,DE,US,800.53,EUR/USD,SWIFT_MT103,Standard_Risk,Clean_NoHit,0.21,0
SWIFT_W92875,DEUTDEDD,INGBNL2A,AU,US,813.89,EUR/CHF,SWIFT_MT103,Standard_Risk,Clean_NoHit,0.99,0
SWIFT_W92344,DEUTDEDD,RABONL2U,CH,CA,54508.22,EUR/CHF,SEPA_Instant_Credit,Enhanced_Due_Diligence,Cleared_FalsePositive,126.67,1
SWIFT_W92788,DBSSHKHH,FABAEADX,CH,ES,3044.90,EUR/AED,SWIFT_MT103,PEP_Politically_Exposed,Clean_NoHit,13.22,0
SWIFT_W91602,DBSSHKHH,INGBNL2A,CH,ES,71354.36,EUR/INR,SEPA_Instant_Credit,PEP_Politically_Exposed,Clean_NoHit,68.95,0
SWIFT_W92007,DBSSHKHH,RABONL2U,DE,CH,258767.64,EUR/INR,SEPA_Instant_Credit,Low_Risk,Cleared_FalsePositive,176.92,1
SWIFT_W92036,DEUTDEDD,RABONL2U,NL,CH,70129.46,EUR/INR,SEPA_Instant_Credit,Enhanced_Due_Diligence,Clean_NoHit,118.57,0
SWIFT_W92471,HDFCINBB,FABAEADX,SG,JP,915.65,EUR/INR,SWIFT_MT103,Low_Risk,Clean_NoHit,9.77,0
SWIFT_W92829,HDFCINBB,STANHKHH,AE,AU,6189.74,EUR/AED,Fedwire_Funds,Enhanced_Due_Diligence,Cleared_FalsePositive,34.81,1
SWIFT_W92676,HDFCINBB,FABAEADX,AU,AU,10841.78,EUR/AED,SEPA_Instant_Credit,Enhanced_Due_Diligence,Cleared_FalsePositive,101.75,1
SWIFT_W90525,HSBCGB2L,STANHKHH,AU,ES,3231.13,EUR/USD,SEPA_Instant_Credit,Standard_Risk,Clean_NoHit,12.12,0
SWIFT_W92701,HDFCINBB,SBININBB,SG,CA,5889.46,EUR/AED,SEPA_Instant_Credit,Enhanced_Due_Diligence,Clean_NoHit,54.86,0
SWIFT_W92517,DBSSHKHH,INGBNL2A,AU,ES,15091.16,EUR/CHF,SEPA_Instant_Credit,PEP_Politically_Exposed,Clean_NoHit,33.51,0
SWIFT_W92300,DBSGSGSG,FABAEADX,DE,DE,65886.52,EUR/GBP,SEPA_Instant_Credit,Low_Risk,Cleared_FalsePositive,123.12,0
SWIFT_W91759,HSBCGB2L,STANHKHH,NL,ES,3374.68,EUR/JPY,SWIFT_MT103,Low_Risk,Clean_NoHit,28.10,0
SWIFT_W92042,DEUTDEDD,SMBCJPJT,AU,CH,59582.02,EUR/GBP,Fedwire_Funds,PEP_Politically_Exposed,Clean_NoHit,94.18,0
SWIFT_W92025,DEUTDEDD,SMBCJPJT,AU,CH,98897.06,EUR/CHF,Fedwire_Funds,Low_Risk,Cleared_FalsePositive,84.44,0
SWIFT_W91959,DBSSHKHH,RABONL2U,DE,DE,183462.95,EUR/GBP,SEPA_Instant_Credit,Low_Risk,Cleared_FalsePositive,156.95,1
SWIFT_W92117,DBSSHKHH,SBININBB,CH,CH,197320.70,EUR/INR,ISO20022_pacs008,Low_Risk,Cleared_FalsePositive,133.15,1
SWIFT_W92428,DEUTDEDD,FABAEADX,DE,CA,29798.47,EUR/CHF,SEPA_Instant_Credit,Enhanced_Due_Diligence,Cleared_FalsePositive,146.47,1
SWIFT_W92634,SANTRSMM,UBSWCHZH,SG,GB,806.15,EUR/AED,SWIFT_MT103,PEP_Politically_Exposed,Clean_NoHit,0.43,0
SWIFT_W90719,SANTRSMM,UBSWCHZH,AE,US,800.59,USD/JPY,SWIFT_MT103,Standard_Risk,Clean_NoHit,0.24,0
SWIFT_W91603,HDFCINBB,SBININBB,GB,JP,2031.66,EUR/USD,SWIFT_MT103,PEP_Politically_Exposed,Clean_NoHit,14.89,0
SWIFT_W90941,HSBCGB2L,SMBCJPJT,CH,DE,1269.98,EUR/USD,SWIFT_MT103,Standard_Risk,Clean_NoHit,4.83,0
SWIFT_W91536,DEUTDEDD,SBININBB,CH,CH,140367.38,EUR/INR,ISO20022_pacs008,Low_Risk,Cleared_FalsePositive,140.46,1
SWIFT_W92046,DBSSHKHH,RABONL2U,FR,DE,158602.14,EUR/INR,SEPA_Instant_Credit,PEP_Politically_Exposed,Cleared_FalsePositive,101.47,0
SWIFT_W92932,HSBCGB2L,RABONL2U,IN,SG,805.69,EUR/GBP,SWIFT_MT103,Low_Risk,Clean_NoHit,1.70,0
SWIFT_W91554,HSBCGB2L,UBSWCHZH,AE,ES,958.56,EUR/JPY,SWIFT_MT103,Standard_Risk,Clean_NoHit,2.87,0
SWIFT_W92862,SANTRSMM,UBSWCHZH,AE,AE,973.52,EUR/AED,CHAPS_GBP,Enhanced_Due_Diligence,Clean_NoHit,5.19,0
SWIFT_W92741,HSBCGB2L,UBSWCHZH,AE,AU,5126.48,EUR/AED,Fedwire_Funds,Low_Risk,Cleared_FalsePositive,36.78,1
SWIFT_W92675,HDFCINBB,SMBCJPJT,GB,CA,5035.66,EUR/AED,ISO20022_pacs008,Low_Risk,Clean_NoHit,12.77,0
SWIFT_W92456,DBSSHKHH,INGBNL2A,AU,CH,77480.70,EUR/GBP,SEPA_Instant_Credit,Low_Risk,Cleared_FalsePositive,105.07,1
SWIFT_W90420,HSBCGB2L,UBSWCHZH,AU,JP,871.47,USD/JPY,SWIFT_MT103,Standard_Risk,Clean_NoHit,2.55,0
SWIFT_W90788,HDFCINBB,SMBCJPJT,CH,GB,4826.09,USD/CAD,SWIFT_MT103,PEP_Politically_Exposed,Clean_NoHit,23.46,0
SWIFT_W92262,HSBCGB2L,STANHKHH,CH,DE,1322.73,EUR/SGD,SWIFT_MT103,PEP_Politically_Exposed,Clean_NoHit,4.16,0
SWIFT_W92181,HDFCINBB,STANHKHH,AU,CA,45547.52,EUR/CHF,Fedwire_Funds,Low_Risk,Clean_NoHit,54.10,0
SWIFT_W91579,HDFCINBB,UBSWCHZH,AE,DE,1199.57,EUR/INR,SEPA_Instant_Credit,Standard_Risk,Clean_NoHit,2.84,0
SWIFT_W92048,HSBCGB2L,UBSWCHZH,AU,AU,3598.23,EUR/CHF,Fedwire_Funds,Low_Risk,Clean_NoHit,16.59,0
SWIFT_W92299,DEUTDEDD,SMBCJPJT,AU,CA,77249.96,EUR/CHF,ISO20022_pacs008,Low_Risk,Cleared_FalsePositive,80.90,0
SWIFT_W92474,DBSSHKHH,RABONL2U,AU,CH,28790.40,EUR/CHF,ISO20022_pacs008,PEP_Politically_Exposed,Cleared_FalsePositive,45.67,0
SWIFT_W92701,HDFCINBB,BARCGB22,IN,CA,6752.63,EUR/CHF,SEPA_Instant_Credit,Enhanced_Due_Diligence,Clean_NoHit,88.69,0
SWIFT_W91486,HSBCGB2L,STANHKHH,FR,GB,1567.41,EUR/INR,SWIFT_MT103,PEP_Politically_Exposed,Clean_NoHit,8.10,0
SWIFT_W92432,DBSSHKHH,FABAEADX,DE,CH,24042.09,EUR/CHF,SEPA_Instant_Credit,Low_Risk,Cleared_FalsePositive,64.30,0
SWIFT_W91859,HDFCINBB,STANHKHH,CH,CH,50177.94,EUR/SGD,ISO20022_pacs008,Low_Risk,Clean_NoHit,57.95,0
SWIFT_W92928,HSBCGB2L,FABAEADX,US,CH,1140.66,EUR/AED,SEPA_Instant_Credit,Enhanced_Due_Diligence,Clean_NoHit,19.03,0
SWIFT_W91768,HDFCINBB,SMBCJPJT,DE,CA,199122.05,EUR/GBP,ISO20022_pacs008,Low_Risk,Cleared_FalsePositive,100.30,1
SWIFT_W92860,SANTRSMM,STANHKHH,NL,US,800.53,EUR/SGD,SWIFT_MT103,Standard_Risk,Clean_NoHit,0.22,0
SWIFT_W92833,SANTRSMM,STANHKHH,US,DE,844.24,EUR/CHF,SWIFT_MT103,Enhanced_Due_Diligence,Clean_NoHit,2.76,0
SWIFT_W90637,HSBCGB2L,UBSWCHZH,AE,JP,801.96,USD/CAD,SWIFT_MT103,Standard_Risk,Clean_NoHit,0.39,0
SWIFT_W92302,DBSSHKHH,RABONL2U,CH,CH,100597.15,EUR/GBP,ISO20022_pacs008,Low_Risk,Cleared_FalsePositive,130.08,1
SWIFT_W92548,SANTRSMM,STANHKHH,US,SG,801.53,EUR/JPY,SWIFT_MT103,Low_Risk,Clean_NoHit,0.69,0
SWIFT_W90907,HDFCINBB,STANHKHH,AE,SG,2071.58,USD/CAD,SWIFT_MT103,Standard_Risk,Clean_NoHit,12.46,0
SWIFT_W92942,HSBCGB2L,FABAEADX,NL,JP,803.83,EUR/AED,SWIFT_MT103,Standard_Risk,Clean_NoHit,0.73,0
SWIFT_W90824,HSBCGB2L,SMBCJPJT,DE,JP,815.42,USD/CAD,SWIFT_MT103,Standard_Risk,Clean_NoHit,1.89,0
SWIFT_W91068,HSBCGB2L,STANHKHH,AE,CH,3137.42,EUR/SGD,SEPA_Instant_Credit,Standard_Risk,Clean_NoHit,13.64,0
SWIFT_W92204,DEUTDEDD,STANHKHH,AU,CA,48670.90,EUR/GBP,ISO20022_pacs008,Enhanced_Due_Diligence,Cleared_FalsePositive,120.85,1
SWIFT_W92691,HSBCGB2L,STANHKHH,CH,AU,14640.25,EUR/CHF,Fedwire_Funds,Enhanced_Due_Diligence,Clean_NoHit,35.26,0
SWIFT_W92722,HDFCINBB,UBSWCHZH,AU,AU,4941.76,EUR/AED,ISO20022_pacs008,Enhanced_Due_Diligence,Clean_NoHit,16.66,0
SWIFT_W91794,HDFCINBB,SMBCJPJT,CH,GB,1006.46,EUR/INR,SWIFT_MT103,PEP_Politically_Exposed,Clean_NoHit,3.38,0
SWIFT_W91695,SANTRSMM,UBSWCHZH,AE,CH,895.28,EUR/INR,SEPA_Instant_Credit,PEP_Politically_Exposed,Clean_NoHit,2.24,0
SWIFT_W92251,DBSSHKHH,RABONL2U,CH,DE,130080.28,EUR/GBP,ISO20022_pacs008,Low_Risk,Cleared_FalsePositive,126.87,1
SWIFT_W92724,HSBCGB2L,STANHKHH,DE,AU,4613.25,EUR/AED,Fedwire_Funds,Enhanced_Due_Diligence,Clean_NoHit,25.56,1
SWIFT_W92047,HDFCINBB,STANHKHH,AE,SG,802.77,EUR/USD,SWIFT_MT103,Standard_Risk,Clean_NoHit,0.43,0
SWIFT_W92521,HDFCINBB,STANHKHH,AU,AU,26368.29,EUR/CHF,ISO20022_pacs008,Enhanced_Due_Diligence,Cleared_FalsePositive,67.08,1
SWIFT_W91358,HSBCGB2L,UBSWCHZH,AE,ES,894.56,EUR/INR,SEPA_Instant_Credit,Standard_Risk,Clean_NoHit,2.18,0
SWIFT_W92879,HDFCINBB,BARCGB22,SG,DE,1689.39,EUR/AED,SWIFT_MT103,Enhanced_Due_Diligence,Clean_NoHit,60.96,0
SWIFT_W91959,HSBCGB2L,STANHKHH,AU,US,800.55,USD/CAD,SWIFT_MT103,Standard_Risk,Clean_NoHit,0.24,0
SWIFT_W92966,HSBCGB2L,BCOPESMM,SG,SG,802.69,EUR/AED,SWIFT_MT103,PEP_Politically_Exposed,Clean_NoHit,1.65,0
SWIFT_W92764,HSBCGB2L,SBININBB,DE,GB,857.59,EUR/CHF,SWIFT_MT103,Standard_Risk,Clean_NoHit,1.02,0
SWIFT_W92894,DEUTDEDD,BCOPESMM,CH,DE,4421.05,EUR/AED,SEPA_Instant_Credit,Low_Risk,Cleared_FalsePositive,23.49,0
SWIFT_W91476,HDFCINBB,SBININBB,FR,ES,8390.36,EUR/USD,SWIFT_MT103,Low_Risk,Clean_NoHit,53.25,0
SWIFT_W92531,HSBCGB2L,RABONL2U,SG,DE,925.14,EUR/GBP,SWIFT_MT103,Low_Risk,Clean_NoHit,4.10,0
SWIFT_W92315,DEUTDEDD,INGBNL2A,DE,CA,46153.76,EUR/CHF,SEPA_Instant_Credit,Enhanced_Due_Diligence,Cleared_FalsePositive,131.15,1
SWIFT_W92983,SANTRSMM,STANHKHH,IN,CH,802.95,EUR/AED,SEPA_Instant_Credit,PEP_Politically_Exposed,Clean_NoHit,0.37,0
SWIFT_W90860,HSBCGB2L,UBSWCHZH,AE,CH,1668.47,EUR/SGD,SEPA_Instant_Credit,Standard_Risk,Clean_NoHit,8.28,0
SWIFT_W92287,DEUTDEDD,INGBNL2A,CH,GB,7479.35,EUR/INR,SWIFT_MT103,Standard_Risk,Clean_NoHit,18.16,0
SWIFT_W92194,DEUTDEDD,SMBCJPJT,FR,CH,95686.73,EUR/GBP,SEPA_Instant_Credit,Enhanced_Due_Diligence,Cleared_FalsePositive,151.77,1
SWIFT_W92723,DBSSHKHH,INGBNL2A,CH,SG,2300.78,EUR/GBP,SWIFT_MT103,PEP_Politically_Exposed,Clean_NoHit,12.09,0
SWIFT_W91911,HDFCINBB,STANHKHH,AU,ES,13544.64,EUR/SGD,SEPA_Instant_Credit,Low_Risk,Clean_NoHit,30.44,0
SWIFT_W90468,HSBCGB2L,STANHKHH,AU,GB,1173.05,USD/CAD,SWIFT_MT103,Standard_Risk,Clean_NoHit,6.33,0
SWIFT_W92023,DEUTDEDD,SMBCJPJT,AU,CH,158531.70,EUR/INR,ISO20022_pacs008,Low_Risk,Cleared_FalsePositive,155.14,1
SWIFT_W92776,SANTRSMM,SBININBB,SG,CH,991.61,EUR/CHF,SEPA_Instant_Credit,Low_Risk,Clean_NoHit,2.62,0
SWIFT_W92364,DEUTDEDD,SMBCJPJT,AE,ES,3261.56,EUR/CHF,SEPA_Instant_Credit,Standard_Risk,Clean_NoHit,10.07,0
SWIFT_W91240,HSBCGB2L,SMBCJPJT,AU,SG,819.12,USD/CAD,SWIFT_MT103,Standard_Risk,Clean_NoHit,1.30,0
SWIFT_W92409,HDFCINBB,SBININBB,DE,AU,46187.92,EUR/CHF,ISO20022_pacs008,Enhanced_Due_Diligence,Cleared_FalsePositive,96.77,1
SWIFT_W92417,HDFCINBB,STANHKHH,AE,AU,9965.10,EUR/CHF,Fedwire_Funds,Low_Risk,Clean_NoHit,33.66,0
SWIFT_W92512,DBSSHKHH,BCOPESMM,CH,ES,11996.01,EUR/CHF,SWIFT_MT103,PEP_Politically_Exposed,Clean_NoHit,34.28,0
SWIFT_W92827,HSBCGB2L,UBSWCHZH,AU,AU,4108.53,EUR/AED,Fedwire_Funds,Enhanced_Due_Diligence,Clean_NoHit,7.31,0
SWIFT_W91619,SANTRSMM,STANHKHH,FR,SG,806.85,USD/CAD,SWIFT_MT103,PEP_Politically_Exposed,Clean_NoHit,1.46,0
SWIFT_W92588,DEUTDEDD,FABAEADX,NL,GB,3965.88,EUR/INR,SWIFT_MT103,Low_Risk,Clean_NoHit,57.31,0
SWIFT_W92745,HSBCGB2L,UBSWCHZH,DE,AU,4105.76,EUR/AED,Fedwire_Funds,Enhanced_Due_Diligence,Clean_NoHit,10.37,0
SWIFT_W90385,HSBCGB2L,UBSWCHZH,AU,SG,833.09,USD/JPY,SWIFT_MT103,Standard_Risk,Clean_NoHit,2.41,0
SWIFT_W92467,HDFCINBB,STANHKHH,AU,AU,35128.58,EUR/CHF,Fedwire_Funds,Low_Risk,Cleared_FalsePositive,80.46,1
SWIFT_W91940,DBSSHKHH,INGBNL2A,DE,DE,178824.91,EUR/INR,SEPA_Instant_Credit,Low_Risk,Cleared_FalsePositive,159.81,0
SWIFT_W92611,DEUTDEDD,BCOPESMM,GB,GB,4343.35,EUR/AED,SEPA_Instant_Credit,PEP_Politically_Exposed,Clean_NoHit,30.43,0
SWIFT_W91981,DEUTDEDD,RABONL2U,GB,GB,2032.22,EUR/INR,SWIFT_MT103,PEP_Politically_Exposed,Clean_NoHit,18.22,0
SWIFT_W91737,SANTRSMM,STANHKHH,AE,SG,800.72,USD/CAD,SWIFT_MT103,Standard_Risk,Clean_NoHit,0.30,0
SWIFT_W91802,HDFCINBB,SBININBB,AU,DE,6650.06,EUR/USD,SEPA_Instant_Credit,Standard_Risk,Clean_NoHit,15.81,0
SWIFT_W92599,HDFCINBB,SMBCJPJT,NL,CA,13477.42,EUR/CHF,SEPA_Instant_Credit,Enhanced_Due_Diligence,Clean_NoHit,46.51,0
SWIFT_W92569,HDFCINBB,SBININBB,AU,CA,4403.28,EUR/AED,SEPA_Instant_Credit,Standard_Risk,Clean_NoHit,8.02,0
SWIFT_W92498,HSBCGB2L,STANHKHH,IN,ES,1026.99,EUR/INR,SWIFT_MT103,Low_Risk,Clean_NoHit,4.45,0
SWIFT_W92730,HDFCINBB,SBININBB,FR,AU,8205.63,EUR/AED,ISO20022_pacs008,Enhanced_Due_Diligence,Cleared_FalsePositive,42.09,0
SWIFT_W92702,DEUTDEDD,FABAEADX,IN,GB,2037.94,EUR/AED,SEPA_Instant_Credit,Low_Risk,Clean_NoHit,21.81,0
SWIFT_W90779,DEUTDEDD,SMBCJPJT,AU,GB,11586.57,EUR/USD,SWIFT_MT103,PEP_Politically_Exposed,Clean_NoHit,30.40,0
SWIFT_W92766,HSBCGB2L,UBSWCHZH,AU,AU,2023.14,EUR/AED,Fedwire_Funds,Enhanced_Due_Diligence,Clean_NoHit,15.71,1
SWIFT_W92842,HSBCGB2L,INGBNL2A,SG,CA,2170.17,EUR/AED,SEPA_Instant_Credit,Enhanced_Due_Diligence,Clean_NoHit,36.59,0
SWIFT_W91535,HSBCGB2L,UBSWCHZH,AE,CH,3408.06,EUR/JPY,ISO20022_pacs008,Standard_Risk,Clean_NoHit,17.03,0
SWIFT_W92359,HDFCINBB,STANHKHH,CH,AU,52401.76,EUR/CHF,ISO20022_pacs008,Enhanced_Due_Diligence,Cleared_FalsePositive,71.35,1
SWIFT_W91354,SANTRSMM,UBSWCHZH,AU,ES,819.50,EUR/USD,SWIFT_MT103,Standard_Risk,Clean_NoHit,1.16,0
SWIFT_W92426,HSBCGB2L,SMBCJPJT,CH,JP,1123.72,EUR/SGD,SWIFT_MT103,PEP_Politically_Exposed,Clean_NoHit,4.28,0
SWIFT_W91667,DEUTDEDD,SBININBB,CH,ES,41306.12,EUR/USD,SEPA_Instant_Credit,PEP_Politically_Exposed,Clean_NoHit,60.32,0
SWIFT_W92159,HSBCGB2L,SMBCJPJT,DE,ES,26006.89,EUR/SGD,SEPA_Instant_Credit,Low_Risk,Clean_NoHit,37.76,0
SWIFT_W92918,HSBCGB2L,UBSWCHZH,AU,AE,1265.60,EUR/AED,Fedwire_Funds,Enhanced_Due_Diligence,Clean_NoHit,5.26,0
SWIFT_W92535,HDFCINBB,SMBCJPJT,NL,CA,8231.12,EUR/AED,ISO20022_pacs008,Enhanced_Due_Diligence,Clean_NoHit,31.63,0
SWIFT_W92846,HSBCGB2L,RABONL2U,SG,GB,845.76,EUR/AED,SWIFT_MT103,Enhanced_Due_Diligence,Clean_NoHit,4.30,0
SWIFT_W92938,DEUTDEDD,FABAEADX,CH,DE,1071.43,EUR/AED,SEPA_Instant_Credit,PEP_Politically_Exposed,Clean_NoHit,3.63,0
SWIFT_W92124,HSBCGB2L,RABONL2U,GB,SG,808.85,EUR/JPY,SWIFT_MT103,Standard_Risk,Clean_NoHit,1.32,0
SWIFT_W91279,HSBCGB2L,UBSWCHZH,AE,CA,1015.93,EUR/JPY,SWIFT_MT103,PEP_Politically_Exposed,Clean_NoHit,2.81,0
SWIFT_W92752,DBSSHKHH,SBININBB,AU,CH,30910.72,EUR/CHF,ISO20022_pacs008,Low_Risk,Clean_NoHit,27.32,0
SWIFT_W92267,DEUTDEDD,SMBCJPJT,GB,DE,15479.21,EUR/SGD,SWIFT_MT103,Enhanced_Due_Diligence,Clean_NoHit,79.62,0
SWIFT_W91147,HSBCGB2L,STANHKHH,AU,JP,1001.43,EUR/USD,SWIFT_MT103,Standard_Risk,Clean_NoHit,3.93,0
SWIFT_W92902,HSBCGB2L,UBSWCHZH,AE,AE,1027.84,EUR/AED,CHAPS_GBP,Enhanced_Due_Diligence,Clean_NoHit,7.98,1
SWIFT_W92793,HSBCGB2L,STANHKHH,CH,DE,1364.66,EUR/AED,SEPA_Instant_Credit,PEP_Politically_Exposed,Clean_NoHit,2.73,0
SWIFT_W92923,SANTRSMM,SBININBB,SG,DE,802.36,EUR/GBP,SWIFT_MT103,PEP_Politically_Exposed,Clean_NoHit,0.50,0
SWIFT_W92773,HDFCINBB,SMBCJPJT,FR,AU,9617.26,EUR/AED,ISO20022_pacs008,Enhanced_Due_Diligence,Clean_NoHit,19.14,0
SWIFT_W91081,HDFCINBB,SMBCJPJT,CH,DE,56851.28,EUR/GBP,SEPA_Instant_Credit,PEP_Politically_Exposed,Clean_NoHit,39.55,0
SWIFT_W92621,HDFCINBB,SMBCJPJT,FR,CA,38778.53,EUR/CHF,ISO20022_pacs008,Enhanced_Due_Diligence,Clean_NoHit,63.39,0
SWIFT_W92784,SANTRSMM,UBSWCHZH,SG,JP,801.05,EUR/AED,SWIFT_MT103,PEP_Politically_Exposed,Clean_NoHit,0.31,0
SWIFT_W90696,HSBCGB2L,STANHKHH,AU,SG,1053.39,USD/CAD,SWIFT_MT103,Standard_Risk,Clean_NoHit,5.35,0
SWIFT_W90995,HSBCGB2L,UBSWCHZH,AE,ES,894.28,USD/CAD,SWIFT_MT103,Standard_Risk,Clean_NoHit,2.29,0
SWIFT_W92628,DBSSHKHH,INGBNL2A,AU,DE,23717.04,EUR/CHF,SEPA_Instant_Credit,PEP_Politically_Exposed,Cleared_FalsePositive,32.26,0
SWIFT_W91074,HSBCGB2L,SMBCJPJT,FR,JP,826.32,EUR/USD,SWIFT_MT103,Standard_Risk,Clean_NoHit,2.36,0
SWIFT_W92275,DBSSHKHH,INGBNL2A,GB,CH,61166.37,EUR/GBP,SEPA_Instant_Credit,Low_Risk,Cleared_FalsePositive,127.05,0
SWIFT_W92650,HSBCGB2L,UBSWCHZH,AE,AU,2752.72,EUR/AED,Fedwire_Funds,Enhanced_Due_Diligence,Cleared_FalsePositive,36.10,1
SWIFT_W91909,HDFCINBB,SMBCJPJT,NL,GB,6264.20,EUR/JPY,SWIFT_MT103,Low_Risk,Clean_NoHit,42.09,0
SWIFT_W92904,HSBCGB2L,BCOPESMM,SG,CH,981.55,EUR/AED,SEPA_Instant_Credit,Enhanced_Due_Diligence,Clean_NoHit,31.36,0
SWIFT_W91860,HDFCINBB,SMBCJPJT,FR,SG,969.60,EUR/GBP,SWIFT_MT103,PEP_Politically_Exposed,Clean_NoHit,4.47,0
SWIFT_W90910,HSBCGB2L,STANHKHH,AU,ES,1246.33,USD/JPY,SWIFT_MT103,Standard_Risk,Clean_NoHit,6.19,0
SWIFT_W92504,DEUTDEDD,SMBCJPJT,AU,CA,30464.44,EUR/CHF,Fedwire_Funds,Low_Risk,Cleared_FalsePositive,76.71,1
SWIFT_W92575,SANTRSMM,RABONL2U,SG,SG,800.55,EUR/JPY,SWIFT_MT103,Standard_Risk,Clean_NoHit,0.28,0
SWIFT_W92881,HSBCGB2L,FABAEADX,SG,CA,2202.39,EUR/AED,SEPA_Instant_Credit,Enhanced_Due_Diligence,Clean_NoHit,31.30,0
SWIFT_W91697,DEUTDEDD,RABONL2U,CH,DE,243112.80,EUR/JPY,SEPA_Instant_Credit,PEP_Politically_Exposed,Cleared_FalsePositive,123.81,0
SWIFT_W92832,HDFCINBB,SMBCJPJT,CH,CA,7170.76,EUR/AED,ISO20022_pacs008,Low_Risk,Clean_NoHit,9.96,0
SWIFT_W92897,HDFCINBB,BCOPESMM,SG,ES,1065.70,EUR/AED,SWIFT_MT103,Low_Risk,Clean_NoHit,17.90,0
SWIFT_W92521,HSBCGB2L,UBSWCHZH,CH,CA,10127.47,EUR/AED,ISO20022_pacs008,Enhanced_Due_Diligence,Clean_NoHit,25.48,0
SWIFT_W92948,HSBCGB2L,STANHKHH,US,CA,1077.76,EUR/AED,ISO20022_pacs008,Enhanced_Due_Diligence,Clean_NoHit,10.07,0
SWIFT_W91395,DEUTDEDD,SBININBB,CH,DE,122045.95,EUR/SGD,SEPA_Instant_Credit,Low_Risk,Cleared_FalsePositive,134.36,0
SWIFT_W92721,HSBCGB2L,UBSWCHZH,AU,CA,4164.16,EUR/CHF,ISO20022_pacs008,Low_Risk,Clean_NoHit,9.37,0
SWIFT_W92108,HDFCINBB,STANHKHH,DE,AU,36941.66,EUR/CHF,ISO20022_pacs008,Enhanced_Due_Diligence,Cleared_FalsePositive,79.49,1
SWIFT_W92677,HSBCGB2L,UBSWCHZH,DE,AU,4552.58,EUR/AED,Fedwire_Funds,Enhanced_Due_Diligence,Clean_NoHit,8.57,0
SWIFT_W91615,DEUTDEDD,SBININBB,CH,CH,253690.91,EUR/INR,ISO20022_pacs008,PEP_Politically_Exposed,Cleared_FalsePositive,122.06,0
SWIFT_W92109,SANTRSMM,UBSWCHZH,FR,SG,800.92,EUR/SGD,SWIFT_MT103,Standard_Risk,Clean_NoHit,0.32,0
SWIFT_W91801,HSBCGB2L,STANHKHH,AU,CH,1675.65,EUR/SGD,SEPA_Instant_Credit,Standard_Risk,Clean_NoHit,6.19,0
SWIFT_W91272,HDFCINBB,STANHKHH,AU,CA,34513.81,EUR/SGD,SEPA_Instant_Credit,PEP_Politically_Exposed,Clean_NoHit,57.48,0
SWIFT_W92977,SANTRSMM,UBSWCHZH,AU,AU,1104.35,EUR/AED,Fedwire_Funds,Enhanced_Due_Diligence,Clean_NoHit,1.86,0
SWIFT_W90940,HDFCINBB,SBININBB,AU,GB,1808.01,EUR/SGD,SWIFT_MT103,Standard_Risk,Clean_NoHit,6.56,0
SWIFT_W92449,DEUTDEDD,SBININBB,CH,CA,86056.87,EUR/CHF,ISO20022_pacs008,Low_Risk,Cleared_FalsePositive,76.77,0
SWIFT_W91999,DEUTDEDD,SMBCJPJT,AU,CH,139401.36,EUR/INR,ISO20022_pacs008,Low_Risk,Cleared_FalsePositive,156.80,1
SWIFT_W92902,HSBCGB2L,STANHKHH,SG,DE,833.49,EUR/AED,SWIFT_MT103,Enhanced_Due_Diligence,Clean_NoHit,1.48,0
SWIFT_W90504,SANTRSMM,UBSWCHZH,AU,US,800.53,USD/JPY,SWIFT_MT103,Standard_Risk,Clean_NoHit,0.21,0
SWIFT_W91928,DBSSHKHH,RABONL2U,CH,DE,241510.14,EUR/INR,ISO20022_pacs008,PEP_Politically_Exposed,Cleared_FalsePositive,111.20,0
SWIFT_W92286,DEUTDEDD,SBININBB,AU,CH,169018.59,EUR/GBP,ISO20022_pacs008,PEP_Politically_Exposed,Cleared_FalsePositive,111.72,0
SWIFT_W91409,HDFCINBB,STANHKHH,AU,CH,53646.35,EUR/JPY,ISO20022_pacs008,PEP_Politically_Exposed,Clean_NoHit,110.75,1
SWIFT_W92433,DEUTDEDD,SMBCJPJT,CH,CA,60702.48,EUR/CHF,ISO20022_pacs008,Enhanced_Due_Diligence,Cleared_FalsePositive,101.12,1
SWIFT_W92749,HSBCGB2L,UBSWCHZH,AE,AU,4465.42,EUR/AED,Fedwire_Funds,Enhanced_Due_Diligence,Clean_NoHit,22.85,1
SWIFT_W92824,SANTRSMM,STANHKHH,IN,SG,800.54,EUR/SGD,SWIFT_MT103,Standard_Risk,Clean_NoHit,0.24,0
SWIFT_W92585,DEUTDEDD,BCOPESMM,IN,CA,17994.67,EUR/CHF,SEPA_Instant_Credit,Enhanced_Due_Diligence,Cleared_FalsePositive,139.24,0
SWIFT_W92595,HDFCINBB,INGBNL2A,NL,CH,10129.43,EUR/CHF,SEPA_Instant_Credit,Enhanced_Due_Diligence,Clean_NoHit,74.59,0
SWIFT_W91962,SANTRSMM,STANHKHH,FR,JP,801.78,EUR/SGD,SWIFT_MT103,Standard_Risk,Clean_NoHit,0.52,0
SWIFT_W92492,HSBCGB2L,SMBCJPJT,SG,CH,15100.40,EUR/CHF,SEPA_Instant_Credit,Enhanced_Due_Diligence,Clean_NoHit,81.40,0
SWIFT_W92900,HSBCGB2L,SMBCJPJT,SG,CA,1804.87,EUR/AED,ISO20022_pacs008,Enhanced_Due_Diligence,Clean_NoHit,9.49,0
SWIFT_W92663,HDFCINBB,BCOPESMM,IN,DE,4243.94,EUR/CHF,SWIFT_MT103,Low_Risk,Clean_NoHit,32.76,0
SWIFT_W92357,HDFCINBB,STANHKHH,CH,CA,8970.09,EUR/AED,Fedwire_Funds,PEP_Politically_Exposed,Clean_NoHit,12.72,0
SWIFT_W92553,DEUTDEDD,SMBCJPJT,DE,CA,36435.82,EUR/CHF,ISO20022_pacs008,Enhanced_Due_Diligence,Cleared_FalsePositive,73.87,0
SWIFT_W92152,DBSSHKHH,RABONL2U,CH,CH,279799.44,EUR/GBP,ISO20022_pacs008,Low_Risk,Cleared_FalsePositive,144.04,1
SWIFT_W92686,HDFCINBB,SBININBB,FR,CA,30684.87,EUR/CHF,ISO20022_pacs008,Enhanced_Due_Diligence,Clean_NoHit,46.23,0
SWIFT_W90947,HDFCINBB,SMBCJPJT,DE,ES,17223.64,EUR/USD,SWIFT_MT103,PEP_Politically_Exposed,Clean_NoHit,45.97,0
SWIFT_W90522,HSBCGB2L,UBSWCHZH,AE,CH,3606.92,EUR/USD,SEPA_Instant_Credit,Standard_Risk,Clean_NoHit,21.84,0
SWIFT_W92680,HSBCGB2L,STANHKHH,CH,AU,8284.53,EUR/AED,Fedwire_Funds,Enhanced_Due_Diligence,Clean_NoHit,21.08,1
SWIFT_W91825,DEUTDEDD,SMBCJPJT,CH,ES,179473.45,EUR/SGD,SEPA_Instant_Credit,Low_Risk,Cleared_FalsePositive,161.99,0
SWIFT_W92377,DBSSHKHH,SBININBB,CH,CH,88664.47,EUR/CHF,ISO20022_pacs008,Low_Risk,Cleared_FalsePositive,128.95,1
SWIFT_W92924,HSBCGB2L,INGBNL2A,IN,JP,838.45,EUR/AED,SWIFT_MT103,Low_Risk,Clean_NoHit,1.92,0
SWIFT_W92233,DBSSHKHH,RABONL2U,DE,CH,53235.08,EUR/CHF,SEPA_Instant_Credit,Low_Risk,Cleared_FalsePositive,81.17,0
SWIFT_W90435,HSBCGB2L,UBSWCHZH,AE,ES,941.35,USD/CAD,SWIFT_MT103,Standard_Risk,Clean_NoHit,3.12,0
SWIFT_W92288,DEUTDEDD,FABAEADX,NL,ES,9140.18,EUR/CHF,SWIFT_MT103,Low_Risk,Clean_NoHit,55.91,0
SWIFT_W91936,DEUTDEDD,SBININBB,FR,CH,252405.48,EUR/GBP,ISO20022_pacs008,Low_Risk,Cleared_FalsePositive,142.32,1
SWIFT_W92745,HDFCINBB,INGBNL2A,GB,CA,7786.24,EUR/AED,SEPA_Instant_Credit,Enhanced_Due_Diligence,Clean_NoHit,44.10,0
SWIFT_W92147,DEUTDEDD,SBININBB,CH,CH,257791.69,EUR/GBP,ISO20022_pacs008,Low_Risk,Cleared_FalsePositive,126.75,1
SWIFT_W92077,HSBCGB2L,SMBCJPJT,CH,SG,811.24,EUR/JPY,SWIFT_MT103,Standard_Risk,Clean_NoHit,1.32,0
SWIFT_W92337,HSBCGB2L,SBININBB,SG,GB,907.86,EUR/SGD,SWIFT_MT103,Low_Risk,Clean_NoHit,6.80,0
SWIFT_W91312,DEUTDEDD,RABONL2U,DE,ES,134518.34,EUR/SGD,SEPA_Instant_Credit,Low_Risk,Clean_NoHit,109.40,0
SWIFT_W92111,DEUTDEDD,STANHKHH,AU,CA,48823.24,EUR/CHF,Fedwire_Funds,Low_Risk,Cleared_FalsePositive,80.62,0
SWIFT_W92575,SANTRSMM,UBSWCHZH,DE,DE,818.75,EUR/AED,SEPA_Instant_Credit,PEP_Politically_Exposed,Clean_NoHit,0.75,0
SWIFT_W91896,DBSSHKHH,RABONL2U,FR,ES,64266.65,EUR/GBP,SEPA_Instant_Credit,Low_Risk,Cleared_FalsePositive,152.28,0
SWIFT_W92931,HSBCGB2L,UBSWCHZH,AE,AE,1032.80,EUR/AED,Fedwire_Funds,Enhanced_Due_Diligence,Clean_NoHit,4.22,0
SWIFT_W92217,DEUTDEDD,FABAEADX,FR,GB,5465.33,EUR/GBP,SWIFT_MT103,PEP_Politically_Exposed,Clean_NoHit,37.39,0
SWIFT_W91815,DEUTDEDD,STANHKHH,AU,CH,54679.09,EUR/GBP,ISO20022_pacs008,Low_Risk,Clean_NoHit,66.61,0
SWIFT_W92034,HDFCINBB,SBININBB,AU,SG,1063.94,EUR/USD,SWIFT_MT103,Standard_Risk,Clean_NoHit,3.70,0
SWIFT_W91078,SANTRSMM,UBSWCHZH,AU,SG,801.08,USD/JPY,SWIFT_MT103,Standard_Risk,Clean_NoHit,0.37,0
SWIFT_W92231,DBSSHKHH,SBININBB,IN,ES,23200.79,EUR/SGD,SWIFT_MT103,Enhanced_Due_Diligence,Clean_NoHit,141.45,0
SWIFT_W92911,HDFCINBB,INGBNL2A,DE,CH,2918.49,EUR/AED,SEPA_Instant_Credit,Enhanced_Due_Diligence,Clean_NoHit,13.50,0
SWIFT_W92308,DEUTDEDD,STANHKHH,DE,CH,59529.42,EUR/CHF,ISO20022_pacs008,Enhanced_Due_Diligence,Cleared_FalsePositive,100.76,1
SWIFT_W92673,DEUTDEDD,SMBCJPJT,AU,CA,30433.72,EUR/CHF,ISO20022_pacs008,Low_Risk,Cleared_FalsePositive,53.67,0
SWIFT_W92749,HSBCGB2L,UBSWCHZH,AU,AU,4067.14,EUR/AED,Fedwire_Funds,Enhanced_Due_Diligence,Clean_NoHit,22.71,0
SWIFT_W91774,HDFCINBB,STANHKHH,DE,GB,1107.86,EUR/GBP,SWIFT_MT103,Standard_Risk,Clean_NoHit,3.52,0
SWIFT_W92365,DBSSHKHH,RABONL2U,CH,CH,44214.88,EUR/CHF,ISO20022_pacs008,Enhanced_Due_Diligence,Cleared_FalsePositive,75.03,0
SWIFT_W92691,SANTRSMM,SMBCJPJT,CH,US,800.55,EUR/INR,SWIFT_MT103,Standard_Risk,Clean_NoHit,0.23,0
SWIFT_W91289,DEUTDEDD,SMBCJPJT,DE,DE,47268.33,EUR/USD,SEPA_Instant_Credit,Low_Risk,Clean_NoHit,83.28,0
SWIFT_W92700,DBSSHKHH,STANHKHH,AU,CH,10510.38,EUR/AED,ISO20022_pacs008,Low_Risk,Clean_NoHit,18.02,0
SWIFT_W92081,DEUTDEDD,SBININBB,AU,CH,211568.45,EUR/INR,ISO20022_pacs008,PEP_Politically_Exposed,Cleared_FalsePositive,128.31,1
SWIFT_W92676,SANTRSMM,UBSWCHZH,AE,AU,1366.21,EUR/AED,Fedwire_Funds,PEP_Politically_Exposed,Clean_NoHit,3.20,0
SWIFT_W92963,SANTRSMM,UBSWCHZH,IN,CH,812.11,EUR/AED,SEPA_Instant_Credit,Enhanced_Due_Diligence,Clean_NoHit,0.80,0
SWIFT_W91818,DBSSHKHH,SBININBB,DE,CH,367688.72,EUR/INR,ISO20022_pacs008,Low_Risk,Cleared_FalsePositive,160.42,1
SWIFT_W92374,DEUTDEDD,INGBNL2A,CH,CA,75766.99,EUR/GBP,SEPA_Instant_Credit,Low_Risk,Cleared_FalsePositive,141.48,1
SWIFT_W91726,DEUTDEDD,SMBCJPJT,DE,CH,104602.84,EUR/INR,ISO20022_pacs008,Low_Risk,Cleared_FalsePositive,129.43,0
SWIFT_W92401,HSBCGB2L,UBSWCHZH,AU,SG,827.09,EUR/JPY,SWIFT_MT103,Standard_Risk,Clean_NoHit,0.90,0
SWIFT_W92959,HSBCGB2L,SBININBB,NL,CA,1134.20,EUR/AED,ISO20022_pacs008,Enhanced_Due_Diligence,Clean_NoHit,5.39,0
SWIFT_W90835,HSBCGB2L,UBSWCHZH,AE,JP,1336.54,USD/CAD,SWIFT_MT103,Standard_Risk,Clean_NoHit,6.40,0
SWIFT_W92534,DBSSHKHH,BCOPESMM,CH,CH,52046.95,EUR/CHF,SEPA_Instant_Credit,Low_Risk,Cleared_FalsePositive,103.11,1
SWIFT_W92859,HSBCGB2L,STANHKHH,IN,CA,4376.31,EUR/AED,ISO20022_pacs008,Enhanced_Due_Diligence,Clean_NoHit,11.19,0
SWIFT_W91959,DEUTDEDD,INGBNL2A,AU,JP,1273.19,EUR/SGD,SWIFT_MT103,Standard_Risk,Clean_NoHit,8.80,0
SWIFT_W92466,DEUTDEDD,INGBNL2A,FR,GB,18389.76,EUR/CHF,SEPA_Instant_Credit,Low_Risk,Clean_NoHit,44.24,0
SWIFT_W92513,DEUTDEDD,INGBNL2A,GB,CH,73839.84,EUR/INR,SEPA_Instant_Credit,Enhanced_Due_Diligence,Clean_NoHit,109.41,0
SWIFT_W91134,HSBCGB2L,STANHKHH,AE,SG,804.75,USD/CAD,SWIFT_MT103,Standard_Risk,Clean_NoHit,0.63,0
SWIFT_W92388,DEUTDEDD,SMBCJPJT,CH,AU,36450.44,EUR/CHF,ISO20022_pacs008,Enhanced_Due_Diligence,Cleared_FalsePositive,85.61,1
SWIFT_W92684,DEUTDEDD,SMBCJPJT,AU,CA,11514.57,EUR/AED,ISO20022_pacs008,Low_Risk,Cleared_FalsePositive,25.10,0
SWIFT_W92070,DBSGSGSG,FABAEADX,FR,GB,37025.92,EUR/CHF,SEPA_Instant_Credit,Low_Risk,Cleared_FalsePositive,86.99,0
SWIFT_W91595,DEUTDEDD,SMBCJPJT,AU,DE,108881.57,EUR/SGD,ISO20022_pacs008,Low_Risk,Clean_NoHit,119.54,1
SWIFT_W90871,HDFCINBB,SMBCJPJT,CH,CH,97868.73,EUR/SGD,SEPA_Instant_Credit,PEP_Politically_Exposed,Clean_NoHit,71.02,0
SWIFT_W92427,DBSSHKHH,SBININBB,AU,CH,138592.30,EUR/GBP,ISO20022_pacs008,Low_Risk,Cleared_FalsePositive,93.25,0
SWIFT_W92812,HSBCGB2L,UBSWCHZH,CH,AU,2988.14,EUR/AED,Fedwire_Funds,Enhanced_Due_Diligence,Clean_NoHit,9.15,0
SWIFT_W92822,DEUTDEDD,SBININBB,CH,AU,11971.19,EUR/AED,ISO20022_pacs008,PEP_Politically_Exposed,Clean_NoHit,16.35,0
SWIFT_W91574,HSBCGB2L,STANHKHH,AE,CH,5562.83,EUR/SGD,ISO20022_pacs008,PEP_Politically_Exposed,Clean_NoHit,21.31,0
SWIFT_W91042,HDFCINBB,STANHKHH,AU,GB,3655.59,USD/CAD,SWIFT_MT103,Standard_Risk,Clean_NoHit,15.40,0
SWIFT_W92286,HSBCGB2L,UBSWCHZH,AE,AU,6772.14,EUR/CHF,Fedwire_Funds,Low_Risk,Clean_NoHit,41.98,1
SWIFT_W92597,HDFCINBB,STANHKHH,CH,CA,8008.50,EUR/AED,Fedwire_Funds,Low_Risk,Clean_NoHit,13.51,0
SWIFT_W91181,DEUTDEDD,SMBCJPJT,AU,CH,38219.77,EUR/SGD,SEPA_Instant_Credit,PEP_Politically_Exposed,Clean_NoHit,56.81,0
SWIFT_W92416,HSBCGB2L,SBININBB,GB,US,801.02,EUR/INR,SWIFT_MT103,Standard_Risk,Clean_NoHit,0.42,0
SWIFT_W92939,HSBCGB2L,STANHKHH,IN,DE,924.50,EUR/AED,SEPA_Instant_Credit,Low_Risk,Clean_NoHit,2.14,0
SWIFT_W92560,HSBCGB2L,STANHKHH,SG,GB,986.43,EUR/GBP,SWIFT_MT103,Enhanced_Due_Diligence,Clean_NoHit,7.13,0
SWIFT_W91298,DEUTDEDD,STANHKHH,CH,GB,8817.20,EUR/USD,SWIFT_MT103,PEP_Politically_Exposed,Clean_NoHit,34.50,0
SWIFT_W92721,HDFCINBB,SMBCJPJT,GB,AU,9184.03,EUR/AED,ISO20022_pacs008,Enhanced_Due_Diligence,Clean_NoHit,25.30,0
SWIFT_W91107,SANTRSMM,STANHKHH,AU,SG,800.64,USD/JPY,SWIFT_MT103,Standard_Risk,Clean_NoHit,0.28,0
SWIFT_W92420,DEUTDEDD,INGBNL2A,FR,CA,80230.22,EUR/CHF,SEPA_Instant_Credit,Enhanced_Due_Diligence,Cleared_FalsePositive,96.77,0
SWIFT_W91842,HSBCGB2L,STANHKHH,AE,CA,16478.62,EUR/INR,Fedwire_Funds,Low_Risk,Clean_NoHit,60.48,0
SWIFT_W91801,DBSSHKHH,SBININBB,DE,CH,247235.64,EUR/INR,ISO20022_pacs008,Low_Risk,Cleared_FalsePositive,134.98,1
SWIFT_W92020,DEUTDEDD,SMBCJPJT,AU,CH,111429.61,EUR/CHF,ISO20022_pacs008,PEP_Politically_Exposed,Cleared_FalsePositive,85.14,0
SWIFT_W92801,HSBCGB2L,RABONL2U,IN,SG,801.37,EUR/CHF,SWIFT_MT103,Standard_Risk,Clean_NoHit,0.50,0
SWIFT_W91941,DEUTDEDD,RABONL2U,CH,CH,288356.75,EUR/GBP,ISO20022_pacs008,Low_Risk,Cleared_FalsePositive,134.47,1
SWIFT_W92726,HDFCINBB,SMBCJPJT,NL,CH,13605.28,EUR/CHF,SEPA_Instant_Credit,Enhanced_Due_Diligence,Clean_NoHit,66.21,0
SWIFT_W92043,DBSSHKHH,INGBNL2A,DE,DE,276084.06,EUR/GBP,SEPA_Instant_Credit,Low_Risk,Cleared_FalsePositive,129.05,0
SWIFT_W92485,DBSSHKHH,RABONL2U,CH,CH,59606.84,EUR/CHF,SEPA_Instant_Credit,Low_Risk,Cleared_FalsePositive,88.48,0
SWIFT_W91585,DEUTDEDD,SBININBB,CH,DE,216591.02,EUR/INR,SEPA_Instant_Credit,Low_Risk,Cleared_FalsePositive,132.29,1
SWIFT_W92438,HDFCINBB,STANHKHH,DE,AU,29229.99,EUR/CHF,ISO20022_pacs008,Enhanced_Due_Diligence,Cleared_FalsePositive,99.54,1
SWIFT_W92389,SANTRSMM,UBSWCHZH,AU,CH,821.69,EUR/CHF,SWIFT_MT103,PEP_Politically_Exposed,Clean_NoHit,0.67,0
SWIFT_W92558,DEUTDEDD,BCOPESMM,FR,JP,1096.60,EUR/GBP,SWIFT_MT103,PEP_Politically_Exposed,Clean_NoHit,9.52,0
SWIFT_W92661,HSBCGB2L,UBSWCHZH,AU,CA,9536.10,EUR/CHF,Fedwire_Funds,Enhanced_Due_Diligence,Clean_NoHit,49.52,0
SWIFT_W91210,HSBCGB2L,STANHKHH,AE,JP,801.19,EUR/JPY,SWIFT_MT103,Standard_Risk,Clean_NoHit,0.28,0
SWIFT_W92928,HSBCGB2L,UBSWCHZH,CH,CA,993.00,EUR/AED,Fedwire_Funds,Low_Risk,Clean_NoHit,1.16,0
SWIFT_W92855,HSBCGB2L,STANHKHH,SG,SG,873.98,EUR/AED,SWIFT_MT103,Enhanced_Due_Diligence,Clean_NoHit,6.51,0
SWIFT_W92821,HSBCGB2L,STANHKHH,FR,AU,6531.45,EUR/AED,Fedwire_Funds,Low_Risk,Clean_NoHit,13.18,0
SWIFT_W91902,HSBCGB2L,SMBCJPJT,GB,SG,811.26,EUR/USD,SWIFT_MT103,PEP_Politically_Exposed,Clean_NoHit,1.16,0
SWIFT_W92400,DEUTDEDD,SBININBB,AU,CA,82072.66,EUR/CHF,ISO20022_pacs008,Low_Risk,Cleared_FalsePositive,95.32,1
SWIFT_W92858,HSBCGB2L,STANHKHH,SG,CH,1177.14,EUR/AED,SEPA_Instant_Credit,Enhanced_Due_Diligence,Clean_NoHit,5.25,0
SWIFT_W91896,HDFCINBB,SBININBB,FR,ES,15475.72,EUR/SGD,SWIFT_MT103,Low_Risk,Clean_NoHit,39.16,0
SWIFT_W92597,DEUTDEDD,INGBNL2A,FR,AU,27621.87,EUR/CHF,SEPA_Instant_Credit,Enhanced_Due_Diligence,Cleared_FalsePositive,79.45,0
SWIFT_W92428,DBSSHKHH,RABONL2U,AU,CH,76844.20,EUR/GBP,ISO20022_pacs008,Low_Risk,Cleared_FalsePositive,101.78,1
SWIFT_W92405,DBSSHKHH,FABAEADX,FR,DE,18539.71,EUR/CHF,SEPA_Instant_Credit,PEP_Politically_Exposed,Clean_NoHit,40.25,0
SWIFT_W91752,DBSSHKHH,RABONL2U,CH,GB,45925.92,EUR/JPY,SWIFT_MT103,Low_Risk,Clean_NoHit,50.11,0
SWIFT_W92564,DEUTDEDD,SMBCJPJT,AU,CA,26319.94,EUR/CHF,ISO20022_pacs008,Enhanced_Due_Diligence,Cleared_FalsePositive,62.67,1
SWIFT_W92451,DEUTDEDD,SBININBB,DE,CA,44720.63,EUR/GBP,SEPA_Instant_Credit,Enhanced_Due_Diligence,Cleared_FalsePositive,153.91,1
SWIFT_W91604,SANTRSMM,UBSWCHZH,NL,SG,800.55,EUR/SGD,SWIFT_MT103,Standard_Risk,Clean_NoHit,0.24,0
SWIFT_W92612,HDFCINBB,SBININBB,DE,AU,23377.46,EUR/CHF,ISO20022_pacs008,Enhanced_Due_Diligence,Cleared_FalsePositive,106.83,1
SWIFT_W92722,DEUTDEDD,FABAEADX,NL,ES,12152.15,EUR/INR,SWIFT_MT103,Enhanced_Due_Diligence,Clean_NoHit,154.48,0
SWIFT_W91684,DEUTDEDD,SMBCJPJT,CH,DE,81612.52,EUR/SGD,SEPA_Instant_Credit,Low_Risk,Cleared_FalsePositive,125.51,0
SWIFT_W92830,SANTRSMM,UBSWCHZH,US,JP,800.94,EUR/AED,SWIFT_MT103,Low_Risk,Clean_NoHit,0.34,0
SWIFT_W91511,HDFCINBB,SMBCJPJT,DE,CA,49129.28,EUR/CHF,ISO20022_pacs008,PEP_Politically_Exposed,Clean_NoHit,41.02,0
SWIFT_W92386,DEUTDEDD,SMBCJPJT,CH,CA,51350.54,EUR/CHF,ISO20022_pacs008,Enhanced_Due_Diligence,Cleared_FalsePositive,112.88,1
SWIFT_W90470,HSBCGB2L,UBSWCHZH,AU,ES,1515.77,USD/CAD,SWIFT_MT103,Standard_Risk,Clean_NoHit,7.95,0
SWIFT_W92478,DEUTDEDD,RABONL2U,DE,CA,37820.47,EUR/CHF,ISO20022_pacs008,Low_Risk,Cleared_FalsePositive,94.06,1
SWIFT_W92516,DBSSHKHH,RABONL2U,AU,DE,36774.59,EUR/CHF,SEPA_Instant_Credit,PEP_Politically_Exposed,Cleared_FalsePositive,48.99,0
SWIFT_W92152,HDFCINBB,RABONL2U,GB,ES,6444.84,EUR/SGD,SWIFT_MT103,PEP_Politically_Exposed,Clean_NoHit,29.62,0
SWIFT_W92504,HDFCINBB,SMBCJPJT,CH,AU,45843.93,EUR/CHF,ISO20022_pacs008,Enhanced_Due_Diligence,Cleared_FalsePositive,66.75,1
SWIFT_W92583,HSBCGB2L,STANHKHH,NL,CA,1098.67,EUR/AED,ISO20022_pacs008,PEP_Politically_Exposed,Clean_NoHit,2.43,0
SWIFT_W92215,DBSSHKHH,SBININBB,CH,CA,75913.39,EUR/GBP,SEPA_Instant_Credit,Enhanced_Due_Diligence,Cleared_FalsePositive,153.61,1
SWIFT_W92638,HSBCGB2L,STANHKHH,AU,AU,6542.34,EUR/AED,Fedwire_Funds,Enhanced_Due_Diligence,Clean_NoHit,28.40,1
SWIFT_W91778,DEUTDEDD,INGBNL2A,IN,GB,3267.16,EUR/SGD,SWIFT_MT103,PEP_Politically_Exposed,Clean_NoHit,25.14,0
SWIFT_W91447,DBSSHKHH,RABONL2U,DE,CH,94344.92,EUR/INR,SEPA_Instant_Credit,PEP_Politically_Exposed,Cleared_FalsePositive,99.51,0
SWIFT_W91888,HDFCINBB,SMBCJPJT,FR,ES,4362.72,EUR/CHF,SEPA_Instant_Credit,PEP_Politically_Exposed,Clean_NoHit,11.07,0
SWIFT_W92477,DBSSHKHH,FABAEADX,GB,CH,36602.96,EUR/CHF,SEPA_Instant_Credit,Enhanced_Due_Diligence,Cleared_FalsePositive,151.17,0
SWIFT_W92970,HSBCGB2L,STANHKHH,IN,ES,819.95,EUR/AED,SEPA_Instant_Credit,Low_Risk,Clean_NoHit,0.97,0
SWIFT_W91909,HDFCINBB,SMBCJPJT,FR,DE,54284.20,EUR/SGD,SEPA_Instant_Credit,Low_Risk,Clean_NoHit,108.08,0
SWIFT_W92320,DEUTDEDD,SMBCJPJT,CH,CA,128334.91,EUR/GBP,ISO20022_pacs008,Low_Risk,Cleared_FalsePositive,74.83,0
SWIFT_W92971,HSBCGB2L,STANHKHH,FR,CA,865.38,EUR/AED,ISO20022_pacs008,Enhanced_Due_Diligence,Clean_NoHit,1.28,0
SWIFT_W91963,DBSSHKHH,SBININBB,DE,CH,269208.50,EUR/INR,ISO20022_pacs008,Low_Risk,Cleared_FalsePositive,147.41,1
SWIFT_W92111,DBSSHKHH,INGBNL2A,FR,DE,150396.64,EUR/GBP,SEPA_Instant_Credit,Low_Risk,Cleared_FalsePositive,169.41,0
SWIFT_W92558,HSBCGB2L,STANHKHH,CH,AU,13594.30,EUR/AED,Fedwire_Funds,Enhanced_Due_Diligence,Clean_NoHit,37.19,1
SWIFT_W92026,DBSSHKHH,RABONL2U,CH,CH,165446.33,EUR/GBP,SEPA_Instant_Credit,Low_Risk,Cleared_FalsePositive,169.48,1
SWIFT_W92627,HSBCGB2L,UBSWCHZH,AU,CA,1307.91,EUR/CHF,SEPA_Instant_Credit,Standard_Risk,Clean_NoHit,2.92,0
SWIFT_W92775,HDFCINBB,RABONL2U,NL,CA,5620.47,EUR/AED,SEPA_Instant_Credit,Enhanced_Due_Diligence,Clean_NoHit,36.34,0
SWIFT_W92363,DEUTDEDD,SBININBB,CH,CA,81352.34,EUR/CHF,ISO20022_pacs008,Enhanced_Due_Diligence,Cleared_FalsePositive,126.82,1
SWIFT_W92403,HSBCGB2L,SBININBB,NL,SG,822.68,EUR/GBP,SWIFT_MT103,Low_Risk,Clean_NoHit,3.20,0
SWIFT_W92660,HDFCINBB,FABAEADX,GB,JP,1306.83,EUR/AED,SWIFT_MT103,Low_Risk,Clean_NoHit,10.53,0
SWIFT_W92466,HSBCGB2L,STANHKHH,NL,US,800.54,EUR/JPY,SWIFT_MT103,PEP_Politically_Exposed,Clean_NoHit,0.28,0
SWIFT_W91740,DEUTDEDD,SBININBB,CH,DE,160873.39,EUR/JPY,ISO20022_pacs008,Low_Risk,Cleared_FalsePositive,147.00,1
SWIFT_W91585,HDFCINBB,STANHKHH,AU,ES,20105.78,USD/CAD,SEPA_Instant_Credit,PEP_Politically_Exposed,Clean_NoHit,49.48,0
SWIFT_W92846,HDFCINBB,BARCGB22,IN,CH,1793.85,EUR/AED,SEPA_Instant_Credit,Enhanced_Due_Diligence,Clean_NoHit,48.33,0
SWIFT_W92712,HDFCINBB,FABAEADX,IN,CH,14237.79,EUR/CHF,SEPA_Instant_Credit,Enhanced_Due_Diligence,Clean_NoHit,74.61,0
SWIFT_W92772,HDFCINBB,RABONL2U,IN,CA,9845.19,EUR/AED,ISO20022_pacs008,Enhanced_Due_Diligence,Clean_NoHit,34.93,0
SWIFT_W92866,HDFCINBB,UBSWCHZH,AE,AU,2037.06,EUR/AED,Fedwire_Funds,Low_Risk,Clean_NoHit,4.30,0
SWIFT_W91927,HDFCINBB,SMBCJPJT,DE,CH,5161.47,EUR/CHF,SEPA_Instant_Credit,Standard_Risk,Clean_NoHit,12.12,0
SWIFT_W92771,SANTRSMM,STANHKHH,NL,AU,2457.51,EUR/CHF,ISO20022_pacs008,Enhanced_Due_Diligence,Clean_NoHit,9.62,0
SWIFT_W92746,DEUTDEDD,FABAEADX,IN,CH,8875.23,EUR/CHF,SEPA_Instant_Credit,Low_Risk,Clean_NoHit,24.62,0
SWIFT_W91089,HSBCGB2L,UBSWCHZH,CH,SG,807.43,USD/JPY,SWIFT_MT103,PEP_Politically_Exposed,Clean_NoHit,1.11,0
SWIFT_W91389,HSBCGB2L,STANHKHH,GB,GB,849.65,EUR/USD,SWIFT_MT103,PEP_Politically_Exposed,Clean_NoHit,3.11,0
SWIFT_W91909,DBSSHKHH,INGBNL2A,FR,DE,75974.89,EUR/INR,SEPA_Instant_Credit,Low_Risk,Clean_NoHit,112.85,0
SWIFT_W92666,HDFCINBB,STANHKHH,CH,AU,25350.96,EUR/CHF,Fedwire_Funds,Low_Risk,Clean_NoHit,21.99,0
SWIFT_W92563,DEUTDEDD,RABONL2U,IN,ES,53886.86,EUR/INR,SEPA_Instant_Credit,Enhanced_Due_Diligence,Clean_NoHit,131.09,0
SWIFT_W92401,SANTRSMM,STANHKHH,IN,SG,800.68,USD/CAD,SWIFT_MT103,PEP_Politically_Exposed,Clean_NoHit,0.38,0
SWIFT_W92273,HDFCINBB,SMBCJPJT,IN,CA,13519.66,EUR/CHF,SEPA_Instant_Credit,Low_Risk,Clean_NoHit,30.12,0
SWIFT_W92640,HSBCGB2L,BCOPESMM,GB,US,800.64,EUR/GBP,SWIFT_MT103,Standard_Risk,Clean_NoHit,0.41,0
SWIFT_W92023,DBSSHKHH,INGBNL2A,AU,ES,12933.36,EUR/INR,SWIFT_MT103,Standard_Risk,Clean_NoHit,31.69,0
SWIFT_W92656,HDFCINBB,UBSWCHZH,GB,DE,3584.36,EUR/CHF,SEPA_Instant_Credit,Enhanced_Due_Diligence,Clean_NoHit,20.48,0
SWIFT_W91041,HSBCGB2L,STANHKHH,AU,SG,812.27,USD/CAD,SWIFT_MT103,Standard_Risk,Clean_NoHit,1.29,0
SWIFT_W92362,HDFCINBB,SMBCJPJT,NL,GB,2971.14,EUR/SGD,SWIFT_MT103,Enhanced_Due_Diligence,Clean_NoHit,49.77,0
SWIFT_W92698,HDFCINBB,SMBCJPJT,CH,AU,18150.01,EUR/AED,Fedwire_Funds,Enhanced_Due_Diligence,Cleared_FalsePositive,28.58,0
SWIFT_W90764,SANTRSMM,UBSWCHZH,AE,SG,800.83,USD/JPY,SWIFT_MT103,Standard_Risk,Clean_NoHit,0.30,0
SWIFT_W91880,HSBCGB2L,UBSWCHZH,CH,DE,4976.67,EUR/GBP,SEPA_Instant_Credit,Low_Risk,Clean_NoHit,16.81,0
SWIFT_W91833,DBSGSGSG,SBININBB,AE,GB,3104.24,EUR/GBP,SWIFT_MT103,Standard_Risk,Clean_NoHit,7.77,0
SWIFT_W91954,SANTRSMM,UBSWCHZH,AE,DE,804.95,EUR/GBP,SWIFT_MT103,Standard_Risk,Clean_NoHit,0.53,0
SWIFT_W92177,DEUTDEDD,SBININBB,CH,CA,109447.34,EUR/GBP,SEPA_Instant_Credit,Low_Risk,Cleared_FalsePositive,159.29,1
SWIFT_W91298,HDFCINBB,STANHKHH,AU,CH,9682.45,EUR/INR,SEPA_Instant_Credit,PEP_Politically_Exposed,Clean_NoHit,17.02,0
SWIFT_W92859,HSBCGB2L,UBSWCHZH,FR,JP,809.37,EUR/AED,SWIFT_MT103,PEP_Politically_Exposed,Clean_NoHit,0.68,0
SWIFT_W91140,HSBCGB2L,STANHKHH,CH,DE,3655.22,EUR/USD,SWIFT_MT103,PEP_Politically_Exposed,Clean_NoHit,16.05,0
SWIFT_W92442,HSBCGB2L,UBSWCHZH,AE,AU,1528.38,EUR/GBP,ISO20022_pacs008,PEP_Politically_Exposed,Clean_NoHit,3.79,0
SWIFT_W91792,HSBCGB2L,STANHKHH,GB,CH,3840.16,EUR/GBP,SEPA_Instant_Credit,PEP_Politically_Exposed,Clean_NoHit,13.63,0
SWIFT_W92490,HDFCINBB,SBININBB,GB,GB,1687.69,EUR/CHF,SWIFT_MT103,PEP_Politically_Exposed,Clean_NoHit,10.94,0
SWIFT_W92601,DBSSHKHH,RABONL2U,AU,CH,71753.86,EUR/GBP,ISO20022_pacs008,Low_Risk,Cleared_FalsePositive,58.40,0
SWIFT_W91763,HSBCGB2L,STANHKHH,GB,ES,2176.15,EUR/JPY,SWIFT_MT103,Low_Risk,Clean_NoHit,16.17,0
SWIFT_W92388,DEUTDEDD,RABONL2U,AE,ES,6060.61,EUR/SGD,SWIFT_MT103,Standard_Risk,Clean_NoHit,17.63,0
SWIFT_W92167,HSBCGB2L,STANHKHH,CH,CA,2348.30,EUR/AED,ISO20022_pacs008,Standard_Risk,Clean_NoHit,5.75,0
SWIFT_W92614,DBSSHKHH,FABAEADX,GB,DE,9778.09,EUR/CHF,SEPA_Instant_Credit,PEP_Politically_Exposed,Clean_NoHit,44.94,0
SWIFT_W92553,HDFCINBB,STANHKHH,CH,AU,22271.72,EUR/CHF,ISO20022_pacs008,Enhanced_Due_Diligence,Cleared_FalsePositive,102.81,1
SWIFT_W90639,HSBCGB2L,STANHKHH,AU,GB,3421.37,USD/CAD,SWIFT_MT103,Standard_Risk,Clean_NoHit,12.37,0
SWIFT_W92959,HSBCGB2L,INGBNL2A,US,DE,920.46,EUR/AED,SEPA_Instant_Credit,Enhanced_Due_Diligence,Clean_NoHit,6.33,0
SWIFT_W91544,DEUTDEDD,RABONL2U,FR,SG,1204.35,EUR/INR,SWIFT_MT103,PEP_Politically_Exposed,Clean_NoHit,9.81,0
SWIFT_W92354,HSBCGB2L,SMBCJPJT,FR,SG,800.77,EUR/GBP,SWIFT_MT103,Standard_Risk,Clean_NoHit,0.35,0
SWIFT_W92090,DEUTDEDD,RABONL2U,FR,CH,162874.77,EUR/INR,SEPA_Instant_Credit,Enhanced_Due_Diligence,Cleared_FalsePositive,128.57,0
SWIFT_W91704,DEUTDEDD,RABONL2U,CH,JP,5541.73,EUR/USD,SWIFT_MT103,Low_Risk,Clean_NoHit,32.62,0
SWIFT_W92697,HDFCINBB,INGBNL2A,NL,CH,5381.52,EUR/AED,SEPA_Instant_Credit,Low_Risk,Clean_NoHit,28.39,0
SWIFT_W92732,DEUTDEDD,FABAEADX,FR,DE,10878.66,EUR/CHF,SEPA_Instant_Credit,Low_Risk,Clean_NoHit,33.88,0
SWIFT_W92876,HSBCGB2L,SBININBB,IN,JP,840.42,EUR/AED,SWIFT_MT103,PEP_Politically_Exposed,Clean_NoHit,2.49,0
SWIFT_W91320,HDFCINBB,STANHKHH,CH,DE,43638.92,EUR/USD,SEPA_Instant_Credit,Low_Risk,Clean_NoHit,71.91,0
SWIFT_W92860,HSBCGB2L,STANHKHH,IN,ES,868.76,EUR/AED,SWIFT_MT103,Low_Risk,Clean_NoHit,1.97,0
SWIFT_W92136,HDFCINBB,RABONL2U,NL,ES,1101.04,EUR/SGD,SWIFT_MT103,Low_Risk,Clean_NoHit,18.59,0
SWIFT_W92863,HDFCINBB,INGBNL2A,SG,DE,1382.77,EUR/AED,SEPA_Instant_Credit,Enhanced_Due_Diligence,Clean_NoHit,19.26,0
SWIFT_W92253,HDFCINBB,SMBCJPJT,FR,AU,65902.08,EUR/CHF,ISO20022_pacs008,Enhanced_Due_Diligence,Cleared_FalsePositive,61.87,1
SWIFT_W92474,HDFCINBB,RABONL2U,NL,JP,1087.19,EUR/CHF,SWIFT_MT103,PEP_Politically_Exposed,Clean_NoHit,8.89,0
SWIFT_W92416,DBSSHKHH,FABAEADX,GB,DE,30834.75,EUR/CHF,SEPA_Instant_Credit,Low_Risk,Cleared_FalsePositive,109.36,0
SWIFT_W92813,HDFCINBB,RABONL2U,DE,AU,6036.35,EUR/AED,ISO20022_pacs008,Enhanced_Due_Diligence,Cleared_FalsePositive,44.33,0
SWIFT_W92108,DBSSHKHH,FABAEADX,IN,GB,14265.06,EUR/INR,SWIFT_MT103,Low_Risk,Clean_NoHit,56.07,0
SWIFT_W92639,DBSSHKHH,BARCGB22,DE,ES,10633.70,EUR/CHF,SWIFT_MT103,Low_Risk,Cleared_FalsePositive,57.27,0
SWIFT_W91984,HDFCINBB,RABONL2U,CH,JP,1290.81,EUR/CHF,SWIFT_MT103,Standard_Risk,Clean_NoHit,7.02,0
SWIFT_W91861,HDFCINBB,SMBCJPJT,CH,CA,66268.30,EUR/GBP,ISO20022_pacs008,PEP_Politically_Exposed,Clean_NoHit,52.36,0
SWIFT_W91468,HSBCGB2L,UBSWCHZH,AU,JP,1729.29,USD/CAD,SWIFT_MT103,PEP_Politically_Exposed,Clean_NoHit,10.64,0
SWIFT_W92562,HDFCINBB,FABAEADX,SG,ES,1525.40,EUR/CHF,SWIFT_MT103,Low_Risk,Clean_NoHit,21.51,0
SWIFT_W92424,HSBCGB2L,UBSWCHZH,FR,ES,1031.76,EUR/INR,SWIFT_MT103,Enhanced_Due_Diligence,Clean_NoHit,4.92,0
SWIFT_W92684,DBSSHKHH,INGBNL2A,AU,CA,19987.25,EUR/AED,SEPA_Instant_Credit,Enhanced_Due_Diligence,Cleared_FalsePositive,58.79,1
SWIFT_W91367,HDFCINBB,SMBCJPJT,FR,DE,4922.88,USD/CAD,SWIFT_MT103,Low_Risk,Clean_NoHit,23.79,0
SWIFT_W92142,HDFCINBB,SMBCJPJT,GB,DE,12455.42,EUR/JPY,SWIFT_MT103,Enhanced_Due_Diligence,Clean_NoHit,51.72,0
SWIFT_W92633,HSBCGB2L,UBSWCHZH,AE,AU,5238.41,EUR/AED,Fedwire_Funds,Low_Risk,Clean_NoHit,16.73,0
SWIFT_W92703,HDFCINBB,SMBCJPJT,AU,AU,24964.15,EUR/AED,ISO20022_pacs008,Low_Risk,Cleared_FalsePositive,46.17,1
SWIFT_W92158,HDFCINBB,SBININBB,NL,ES,1780.53,EUR/GBP,SWIFT_MT103,Low_Risk,Clean_NoHit,15.48,0
SWIFT_W92957,HDFCINBB,BCOPESMM,NL,CH,1033.89,EUR/AED,SEPA_Instant_Credit,Enhanced_Due_Diligence,Clean_NoHit,12.26,0
SWIFT_W92097,DBSSHKHH,INGBNL2A,CH,CH,171328.55,EUR/INR,SEPA_Instant_Credit,Low_Risk,Cleared_FalsePositive,150.39,1
SWIFT_W91762,HSBCGB2L,STANHKHH,GB,GB,1237.37,USD/CAD,SWIFT_MT103,PEP_Politically_Exposed,Clean_NoHit,9.22,0
SWIFT_W92553,HSBCGB2L,STANHKHH,DE,AU,6760.27,EUR/AED,Fedwire_Funds,Enhanced_Due_Diligence,Clean_NoHit,24.81,0
SWIFT_W92194,HSBCGB2L,SMBCJPJT,CH,US,800.69,EUR/INR,SWIFT_MT103,Standard_Risk,Clean_NoHit,0.32,0
SWIFT_W91947,HSBCGB2L,STANHKHH,AE,CA,2949.25,EUR/SGD,SEPA_Instant_Credit,PEP_Politically_Exposed,Clean_NoHit,8.80,0
SWIFT_W91272,HDFCINBB,STANHKHH,CH,ES,22575.32,USD/CAD,SEPA_Instant_Credit,Low_Risk,Clean_NoHit,68.01,0
SWIFT_W90354,SANTRSMM,UBSWCHZH,AE,ES,846.20,USD/JPY,SWIFT_MT103,Standard_Risk,Clean_NoHit,3.08,0
SWIFT_W90283,SANTRSMM,STANHKHH,AE,JP,805.23,USD/JPY,SWIFT_MT103,Standard_Risk,Clean_NoHit,0.68,0
SWIFT_W92683,DEUTDEDD,FABAEADX,IN,ES,3188.89,EUR/AED,SEPA_Instant_Credit,Enhanced_Due_Diligence,Clean_NoHit,42.08,0
SWIFT_W90712,SANTRSMM,UBSWCHZH,AU,CH,937.13,EUR/CHF,SEPA_Instant_Credit,Standard_Risk,Clean_NoHit,1.82,0
SWIFT_W92672,DEUTDEDD,SMBCJPJT,AU,CA,22188.18,EUR/CHF,ISO20022_pacs008,Low_Risk,Clean_NoHit,25.04,0
SWIFT_W92902,HSBCGB2L,SBININBB,SG,JP,812.77,EUR/AED,SWIFT_MT103,Low_Risk,Clean_NoHit,2.09,0
SWIFT_W91995,DBSSHKHH,RABONL2U,FR,ES,106973.66,EUR/JPY,SEPA_Instant_Credit,Low_Risk,Cleared_FalsePositive,146.66,0
SWIFT_W92801,DBSSHKHH,BARCGB22,IN,DE,2632.72,EUR/AED,SWIFT_MT103,Enhanced_Due_Diligence,Cleared_FalsePositive,125.20,0
SWIFT_W92808,HDFCINBB,INGBNL2A,GB,SG,826.28,EUR/CHF,SWIFT_MT103,PEP_Politically_Exposed,Clean_NoHit,2.57,0
SWIFT_W92673,HDFCINBB,STANHKHH,AU,AU,12280.64,EUR/CHF,Fedwire_Funds,Enhanced_Due_Diligence,Clean_NoHit,32.33,0
SWIFT_W92887,HSBCGB2L,RABONL2U,US,ES,891.77,EUR/CHF,SWIFT_MT103,Enhanced_Due_Diligence,Clean_NoHit,10.10,0
SWIFT_W92630,HDFCINBB,STANHKHH,DE,CH,29796.09,EUR/CHF,ISO20022_pacs008,Enhanced_Due_Diligence,Clean_NoHit,72.97,0
SWIFT_W92370,HDFCINBB,STANHKHH,AU,AU,13851.00,EUR/CHF,ISO20022_pacs008,Enhanced_Due_Diligence,Cleared_FalsePositive,81.80,1
SWIFT_W92546,HDFCINBB,STANHKHH,AU,CA,28606.32,EUR/CHF,Fedwire_Funds,Low_Risk,Clean_NoHit,43.06,0
SWIFT_W91968,DBSSHKHH,RABONL2U,DE,CH,438233.75,EUR/INR,ISO20022_pacs008,Low_Risk,Cleared_FalsePositive,160.16,1
SWIFT_W92695,HDFCINBB,SMBCJPJT,FR,AU,29465.24,EUR/CHF,ISO20022_pacs008,Enhanced_Due_Diligence,Clean_NoHit,58.12,0
SWIFT_W92338,HDFCINBB,STANHKHH,AE,CA,9525.86,EUR/GBP,ISO20022_pacs008,PEP_Politically_Exposed,Clean_NoHit,24.28,0
SWIFT_W91200,HSBCGB2L,STANHKHH,CH,CA,2201.60,EUR/SGD,SEPA_Instant_Credit,Standard_Risk,Clean_NoHit,7.56,0
SWIFT_W91973,DEUTDEDD,SMBCJPJT,CH,CA,92179.15,EUR/INR,ISO20022_pacs008,Low_Risk,Cleared_FalsePositive,134.22,1
SWIFT_W92617,HSBCGB2L,UBSWCHZH,AE,AU,3137.51,EUR/AED,Fedwire_Funds,Enhanced_Due_Diligence,Clean_NoHit,40.54,1
SWIFT_W92979,SANTRSMM,SBININBB,US,CH,828.27,EUR/AED,SEPA_Instant_Credit,Enhanced_Due_Diligence,Clean_NoHit,6.00,0
SWIFT_W92432,HDFCINBB,SBININBB,DE,CH,7838.37,EUR/AED,SEPA_Instant_Credit,Low_Risk,Clean_NoHit,15.17,0
SWIFT_W92758,HDFCINBB,UBSWCHZH,AU,AU,5045.24,EUR/AED,Fedwire_Funds,Enhanced_Due_Diligence,Clean_NoHit,15.61,0
SWIFT_W92223,DEUTDEDD,SMBCJPJT,IN,DE,25994.24,EUR/SGD,SEPA_Instant_Credit,Enhanced_Due_Diligence,Clean_NoHit,87.59,0
SWIFT_W92220,DEUTDEDD,STANHKHH,DE,CH,66471.88,EUR/GBP,ISO20022_pacs008,Enhanced_Due_Diligence,Cleared_FalsePositive,131.38,1
SWIFT_W92665,DEUTDEDD,INGBNL2A,FR,CH,25141.26,EUR/CHF,SEPA_Instant_Credit,Enhanced_Due_Diligence,Cleared_FalsePositive,82.56,0
SWIFT_W92653,DEUTDEDD,RABONL2U,AU,CA,29306.90,EUR/AED,ISO20022_pacs008,Low_Risk,Cleared_FalsePositive,66.70,0
SWIFT_W92728,HSBCGB2L,STANHKHH,FR,AU,7832.09,EUR/AED,Fedwire_Funds,Enhanced_Due_Diligence,Clean_NoHit,22.00,0
SWIFT_W92658,SANTRSMM,SMBCJPJT,IN,US,800.58,EUR/INR,SWIFT_MT103,Standard_Risk,Clean_NoHit,0.27,0
SWIFT_W92072,HDFCINBB,STANHKHH,GB,DE,18037.83,EUR/INR,SEPA_Instant_Credit,Low_Risk,Clean_NoHit,43.07,0
SWIFT_W92740,HSBCGB2L,SMBCJPJT,FR,US,800.53,EUR/CHF,SWIFT_MT103,Standard_Risk,Clean_NoHit,0.22,0
SWIFT_W91585,HDFCINBB,SBININBB,AU,JP,1200.24,EUR/USD,SWIFT_MT103,Standard_Risk,Clean_NoHit,6.12,0
SWIFT_W92137,HDFCINBB,SBININBB,FR,CH,92121.15,EUR/JPY,SEPA_Instant_Credit,Enhanced_Due_Diligence,Clean_NoHit,91.77,0
SWIFT_W92181,SANTRSMM,STANHKHH,AU,SG,800.64,EUR/SGD,SWIFT_MT103,Standard_Risk,Clean_NoHit,0.25,0
SWIFT_W92357,DEUTDEDD,SMBCJPJT,AU,AU,38392.18,EUR/CHF,ISO20022_pacs008,Enhanced_Due_Diligence,Cleared_FalsePositive,113.79,1
SWIFT_W90669,HSBCGB2L,STANHKHH,CH,GB,839.96,EUR/JPY,SWIFT_MT103,Standard_Risk,Clean_NoHit,1.57,0
SWIFT_W91766,DBSSHKHH,SBININBB,DE,DE,94560.80,EUR/USD,SEPA_Instant_Credit,Low_Risk,Cleared_FalsePositive,128.36,0
SWIFT_W92450,SANTRSMM,STANHKHH,FR,US,800.53,EUR/GBP,SWIFT_MT103,Standard_Risk,Clean_NoHit,0.20,0
SWIFT_W92693,DEUTDEDD,RABONL2U,IN,CH,19635.59,EUR/GBP,SEPA_Instant_Credit,Enhanced_Due_Diligence,Cleared_FalsePositive,147.44,0
SWIFT_W91941,DBSGSGSG,INGBNL2A,DE,CH,166579.42,EUR/GBP,SEPA_Instant_Credit,Low_Risk,Cleared_FalsePositive,156.06,1
SWIFT_W92527,DEUTDEDD,INGBNL2A,GB,CA,21546.30,EUR/CHF,SEPA_Instant_Credit,Enhanced_Due_Diligence,Cleared_FalsePositive,108.25,0
SWIFT_W92401,DBSSHKHH,RABONL2U,DE,CA,66867.35,EUR/CHF,SEPA_Instant_Credit,Low_Risk,Cleared_FalsePositive,92.80,1
SWIFT_W91995,DEUTDEDD,RABONL2U,AU,JP,6673.29,EUR/SGD,SWIFT_MT103,Standard_Risk,Clean_NoHit,22.68,0
SWIFT_W92921,HSBCGB2L,SBININBB,US,DE,929.30,EUR/AED,SWIFT_MT103,Enhanced_Due_Diligence,Clean_NoHit,5.55,0
SWIFT_W92729,DEUTDEDD,BARCGB22,DE,ES,7406.82,EUR/AED,SWIFT_MT103,Low_Risk,Cleared_FalsePositive,79.69,0
SWIFT_W92690,HDFCINBB,STANHKHH,CH,AU,5025.38,EUR/AED,ISO20022_pacs008,Enhanced_Due_Diligence,Cleared_FalsePositive,43.40,1
SWIFT_W92533,HSBCGB2L,STANHKHH,DE,GB,998.44,EUR/INR,SWIFT_MT103,Low_Risk,Clean_NoHit,3.86,0
SWIFT_W91486,DEUTDEDD,SMBCJPJT,AU,DE,56437.86,USD/CAD,SEPA_Instant_Credit,Low_Risk,Clean_NoHit,118.77,0
SWIFT_W92293,DBSGSGSG,INGBNL2A,CH,GB,26517.20,EUR/CHF,SEPA_Instant_Credit,Low_Risk,Clean_NoHit,54.31,0
SWIFT_W92494,HDFCINBB,UBSWCHZH,AU,CA,12482.37,EUR/AED,Fedwire_Funds,Enhanced_Due_Diligence,Clean_NoHit,33.85,0
SWIFT_W92739,HSBCGB2L,SMBCJPJT,AU,AU,17968.80,EUR/AED,Fedwire_Funds,Enhanced_Due_Diligence,Cleared_FalsePositive,45.54,1
SWIFT_W92745,DEUTDEDD,BCOPESMM,DE,AU,8776.66,EUR/AED,SEPA_Instant_Credit,Enhanced_Due_Diligence,Cleared_FalsePositive,69.66,0
SWIFT_W92017,HDFCINBB,SBININBB,NL,ES,7082.57,EUR/INR,SWIFT_MT103,Low_Risk,Clean_NoHit,28.59,0
SWIFT_W91912,HDFCINBB,RABONL2U,DE,US,806.61,EUR/GBP,SWIFT_MT103,Standard_Risk,Clean_NoHit,1.22,0
SWIFT_W91982,SANTRSMM,UBSWCHZH,AU,GB,802.13,EUR/CHF,SWIFT_MT103,Standard_Risk,Clean_NoHit,0.32,0
SWIFT_W92481,DEUTDEDD,STANHKHH,CH,CH,27975.86,EUR/CHF,ISO20022_pacs008,Low_Risk,Clean_NoHit,58.65,0
SWIFT_W92403,HSBCGB2L,STANHKHH,GB,AU,13424.71,EUR/AED,ISO20022_pacs008,Enhanced_Due_Diligence,Clean_NoHit,24.30,0
SWIFT_W92332,HSBCGB2L,STANHKHH,GB,CH,14036.86,EUR/AED,ISO20022_pacs008,Enhanced_Due_Diligence,Clean_NoHit,33.16,0
SWIFT_W90539,HDFCINBB,STANHKHH,AE,JP,1667.97,USD/CAD,SWIFT_MT103,Standard_Risk,Clean_NoHit,10.89,0
SWIFT_W92393,DEUTDEDD,SBININBB,AU,CH,66388.12,EUR/GBP,SEPA_Instant_Credit,PEP_Politically_Exposed,Clean_NoHit,67.61,0
SWIFT_W92477,DEUTDEDD,STANHKHH,AE,DE,17040.38,EUR/CHF,ISO20022_pacs008,PEP_Politically_Exposed,Cleared_FalsePositive,42.19,0
SWIFT_W90755,HSBCGB2L,UBSWCHZH,AE,DE,2972.67,USD/CAD,SEPA_Instant_Credit,PEP_Politically_Exposed,Clean_NoHit,22.27,0
SWIFT_W92416,DBSSHKHH,FABAEADX,IN,CH,62030.21,EUR/GBP,SEPA_Instant_Credit,Enhanced_Due_Diligence,Cleared_FalsePositive,138.18,0
SWIFT_W92725,DBSSHKHH,FABAEADX,AU,DE,8677.65,EUR/AED,SEPA_Instant_Credit,Enhanced_Due_Diligence,Cleared_FalsePositive,40.95,0
SWIFT_W90750,HSBCGB2L,UBSWCHZH,AU,DE,3585.04,EUR/USD,SEPA_Instant_Credit,Standard_Risk,Clean_NoHit,14.57,0
SWIFT_W92398,DEUTDEDD,SMBCJPJT,CH,DE,29138.23,EUR/GBP,SEPA_Instant_Credit,Low_Risk,Clean_NoHit,48.15,0
SWIFT_W92724,HSBCGB2L,STANHKHH,NL,CH,1207.17,EUR/CHF,SEPA_Instant_Credit,Low_Risk,Clean_NoHit,4.79,0
SWIFT_W92359,DBSSHKHH,INGBNL2A,DE,CA,56120.61,EUR/GBP,SEPA_Instant_Credit,Enhanced_Due_Diligence,Cleared_FalsePositive,175.08,1
SWIFT_W91104,HSBCGB2L,UBSWCHZH,AE,DE,1614.19,EUR/INR,SEPA_Instant_Credit,Standard_Risk,Clean_NoHit,5.83,0
SWIFT_W92841,DEUTDEDD,BCOPESMM,NL,ES,4320.97,EUR/CHF,SEPA_Instant_Credit,Enhanced_Due_Diligence,Clean_NoHit,59.02,0
SWIFT_W92598,HDFCINBB,STANHKHH,AE,AU,12490.06,EUR/CHF,Fedwire_Funds,Low_Risk,Cleared_FalsePositive,72.47,1
SWIFT_W92020,HSBCGB2L,STANHKHH,FR,SG,1018.50,USD/JPY,SWIFT_MT103,Low_Risk,Clean_NoHit,11.76,0
SWIFT_W91966,DBSSHKHH,RABONL2U,AU,DE,85919.48,EUR/INR,SEPA_Instant_Credit,PEP_Politically_Exposed,Cleared_FalsePositive,92.14,0
SWIFT_W92013,DBSSHKHH,SBININBB,CH,DE,191298.38,EUR/GBP,SEPA_Instant_Credit,Low_Risk,Cleared_FalsePositive,157.77,1
SWIFT_W91306,HDFCINBB,STANHKHH,AU,DE,16461.18,USD/CAD,SEPA_Instant_Credit,Low_Risk,Clean_NoHit,73.45,0
SWIFT_W92682,HSBCGB2L,UBSWCHZH,AE,CA,1345.69,EUR/CHF,ISO20022_pacs008,Low_Risk,Clean_NoHit,4.27,0
SWIFT_W91518,HSBCGB2L,STANHKHH,AU,CA,14543.44,EUR/INR,ISO20022_pacs008,Standard_Risk,Clean_NoHit,32.92,0
SWIFT_W90265,SANTRSMM,UBSWCHZH,AE,JP,801.81,USD/JPY,SWIFT_MT103,Standard_Risk,Clean_NoHit,0.75,0
SWIFT_W92617,HSBCGB2L,UBSWCHZH,AE,AU,1307.99,EUR/AED,ISO20022_pacs008,PEP_Politically_Exposed,Clean_NoHit,3.82,0
SWIFT_W92570,HSBCGB2L,STANHKHH,AU,AU,6220.28,EUR/AED,Fedwire_Funds,PEP_Politically_Exposed,Clean_NoHit,14.14,0
SWIFT_W92599,HSBCGB2L,SMBCJPJT,NL,US,805.76,EUR/GBP,SWIFT_MT103,Low_Risk,Clean_NoHit,2.09,0
SWIFT_W92603,HSBCGB2L,SMBCJPJT,CH,SG,800.85,EUR/INR,SWIFT_MT103,Standard_Risk,Clean_NoHit,0.29,0
SWIFT_W92909,HSBCGB2L,STANHKHH,NL,CA,1170.93,EUR/AED,SEPA_Instant_Credit,Enhanced_Due_Diligence,Clean_NoHit,4.91,0
SWIFT_W92904,HDFCINBB,BARCGB22,SG,DE,1589.64,EUR/AED,SWIFT_MT103,Enhanced_Due_Diligence,Clean_NoHit,36.82,0
SWIFT_W92387,DEUTDEDD,SMBCJPJT,DE,CA,137232.12,EUR/INR,ISO20022_pacs008,Enhanced_Due_Diligence,Cleared_FalsePositive,135.22,0
SWIFT_W91377,HSBCGB2L,SMBCJPJT,DE,SG,823.29,EUR/USD,SWIFT_MT103,Standard_Risk,Clean_NoHit,1.92,0
SWIFT_W92697,HSBCGB2L,STANHKHH,CH,AU,11587.27,EUR/CHF,ISO20022_pacs008,Low_Risk,Clean_NoHit,28.74,0
SWIFT_W91431,HDFCINBB,STANHKHH,CH,ES,11537.93,EUR/JPY,SEPA_Instant_Credit,Standard_Risk,Clean_NoHit,24.50,0
SWIFT_W92381,DBSGSGSG,FABAEADX,FR,GB,66985.52,EUR/INR,SEPA_Instant_Credit,Low_Risk,Cleared_FalsePositive,94.54,0
SWIFT_W92836,HSBCGB2L,SMBCJPJT,FR,ES,818.48,EUR/AED,SWIFT_MT103,Standard_Risk,Clean_NoHit,0.87,0
SWIFT_W91953,DBSGSGSG,FABAEADX,CH,DE,136172.00,EUR/GBP,SEPA_Instant_Credit,Low_Risk,Cleared_FalsePositive,104.94,1
SWIFT_W92116,DBSSHKHH,FABAEADX,FR,CH,18744.94,EUR/CHF,SEPA_Instant_Credit,Low_Risk,Clean_NoHit,50.35,0
SWIFT_W92012,HSBCGB2L,SBININBB,AU,SG,820.22,EUR/USD,SWIFT_MT103,Standard_Risk,Clean_NoHit,1.38,0
SWIFT_W92802,DEUTDEDD,INGBNL2A,CH,ES,1285.10,EUR/CHF,SWIFT_MT103,Standard_Risk,Clean_NoHit,4.43,0
SWIFT_W92498,DEUTDEDD,RABONL2U,DE,AU,40172.24,EUR/CHF,ISO20022_pacs008,Low_Risk,Cleared_FalsePositive,89.98,1
SWIFT_W92801,HSBCGB2L,FABAEADX,NL,SG,812.78,EUR/CHF,SWIFT_MT103,PEP_Politically_Exposed,Clean_NoHit,1.84,0
SWIFT_W92075,DBSSHKHH,SBININBB,CH,CH,167141.41,EUR/GBP,ISO20022_pacs008,Low_Risk,Cleared_FalsePositive,154.06,1
SWIFT_W91433,HSBCGB2L,UBSWCHZH,AU,ES,1048.66,USD/CAD,SWIFT_MT103,Standard_Risk,Clean_NoHit,4.01,0
SWIFT_W92258,DEUTDEDD,STANHKHH,AU,CA,41034.10,EUR/CHF,Fedwire_Funds,Enhanced_Due_Diligence,Cleared_FalsePositive,92.96,1
SWIFT_W90548,HSBCGB2L,UBSWCHZH,CH,JP,1570.01,USD/JPY,SWIFT_MT103,PEP_Politically_Exposed,Clean_NoHit,7.77,0
SWIFT_W92423,HSBCGB2L,UBSWCHZH,AE,CH,1033.78,EUR/CHF,SEPA_Instant_Credit,PEP_Politically_Exposed,Clean_NoHit,2.29,0
SWIFT_W92530,DEUTDEDD,SMBCJPJT,AU,CA,45357.32,EUR/CHF,Fedwire_Funds,Low_Risk,Cleared_FalsePositive,79.41,1
SWIFT_W92260,HSBCGB2L,STANHKHH,CH,CA,45071.10,EUR/INR,ISO20022_pacs008,Low_Risk,Clean_NoHit,53.74,0
SWIFT_W92412,HSBCGB2L,STANHKHH,AU,SG,801.99,EUR/GBP,SWIFT_MT103,Standard_Risk,Clean_NoHit,0.36,0
SWIFT_W90843,HSBCGB2L,UBSWCHZH,AU,DE,2346.47,EUR/USD,SWIFT_MT103,PEP_Politically_Exposed,Clean_NoHit,10.60,0
SWIFT_W92605,DBSSHKHH,FABAEADX,AU,DE,29416.13,EUR/CHF,SEPA_Instant_Credit,Low_Risk,Cleared_FalsePositive,69.84,0
SWIFT_W92782,HDFCINBB,RABONL2U,NL,DE,2254.17,EUR/AED,SEPA_Instant_Credit,Enhanced_Due_Diligence,Clean_NoHit,17.33,0
SWIFT_W92232,HSBCGB2L,RABONL2U,AE,US,800.63,EUR/JPY,SWIFT_MT103,Standard_Risk,Clean_NoHit,0.26,0
SWIFT_W92917,HSBCGB2L,UBSWCHZH,AE,AE,2657.50,EUR/AED,CHAPS_GBP,Enhanced_Due_Diligence,Clean_NoHit,9.14,0
SWIFT_W91693,HDFCINBB,STANHKHH,CH,CA,80509.81,EUR/CHF,Fedwire_Funds,Low_Risk,Clean_NoHit,52.75,0
SWIFT_W92563,HSBCGB2L,SMBCJPJT,CH,ES,1227.24,EUR/CHF,SWIFT_MT103,Standard_Risk,Clean_NoHit,4.32,0
SWIFT_W91825,HDFCINBB,SMBCJPJT,FR,CA,74786.98,EUR/GBP,ISO20022_pacs008,Low_Risk,Clean_NoHit,79.54,0
SWIFT_W90826,HSBCGB2L,STANHKHH,CH,ES,15919.78,EUR/USD,SEPA_Instant_Credit,PEP_Politically_Exposed,Clean_NoHit,45.48,0
SWIFT_W92007,DBSSHKHH,SBININBB,DE,DE,210488.41,EUR/INR,SEPA_Instant_Credit,Low_Risk,Cleared_FalsePositive,161.92,1
SWIFT_W92874,HDFCINBB,SBININBB,CH,DE,1407.68,EUR/AED,SEPA_Instant_Credit,PEP_Politically_Exposed,Clean_NoHit,4.35,0
SWIFT_W92763,DEUTDEDD,RABONL2U,CH,CA,17035.85,EUR/AED,ISO20022_pacs008,Enhanced_Due_Diligence,Cleared_FalsePositive,32.96,0
SWIFT_W91823,SANTRSMM,UBSWCHZH,DE,US,800.53,USD/CAD,SWIFT_MT103,Standard_Risk,Clean_NoHit,0.21,0
SWIFT_W92758,DBSGSGSG,BCOPESMM,DE,DE,12847.83,EUR/CHF,SEPA_Instant_Credit,Low_Risk,Cleared_FalsePositive,47.61,0
SWIFT_W90145,SANTRSMM,UBSWCHZH,AE,GB,811.17,USD/JPY,SWIFT_MT103,Standard_Risk,Clean_NoHit,0.96,0
SWIFT_W92054,DEUTDEDD,SMBCJPJT,CH,CH,90240.84,EUR/INR,ISO20022_pacs008,Enhanced_Due_Diligence,Cleared_FalsePositive,188.42,1
SWIFT_W92813,SANTRSMM,SBININBB,NL,SG,800.62,EUR/AED,SWIFT_MT103,Standard_Risk,Clean_NoHit,0.34,0
SWIFT_W92597,HDFCINBB,STANHKHH,CH,CH,53580.94,EUR/CHF,Fedwire_Funds,Low_Risk,Cleared_FalsePositive,59.73,0
SWIFT_W92316,DBSSHKHH,FABAEADX,DE,CH,59401.68,EUR/CHF,SEPA_Instant_Credit,Low_Risk,Cleared_FalsePositive,127.64,0
SWIFT_W92235,DEUTDEDD,STANHKHH,AU,CH,83884.51,EUR/GBP,Fedwire_Funds,Low_Risk,Cleared_FalsePositive,94.13,1
SWIFT_W92815,HSBCGB2L,SMBCJPJT,IN,GB,1076.03,EUR/CHF,SWIFT_MT103,PEP_Politically_Exposed,Clean_NoHit,5.03,0
SWIFT_W92422,DEUTDEDD,FABAEADX,CH,JP,2429.24,EUR/GBP,SWIFT_MT103,Standard_Risk,Clean_NoHit,13.26,0
SWIFT_W92875,HSBCGB2L,RABONL2U,SG,CH,3719.93,EUR/AED,ISO20022_pacs008,Enhanced_Due_Diligence,Clean_NoHit,39.75,0
SWIFT_W92046,DEUTDEDD,RABONL2U,DE,DE,24766.26,EUR/INR,SEPA_Instant_Credit,PEP_Politically_Exposed,Clean_NoHit,49.28,0
SWIFT_W92115,DEUTDEDD,INGBNL2A,CH,JP,2078.34,EUR/INR,SWIFT_MT103,Standard_Risk,Clean_NoHit,11.46,0
SWIFT_W92039,DBSSHKHH,SMBCJPJT,CH,CH,155373.23,EUR/INR,ISO20022_pacs008,Low_Risk,Cleared_FalsePositive,156.78,1
SWIFT_W92156,DBSSHKHH,SBININBB,CH,CH,166412.52,EUR/GBP,ISO20022_pacs008,Low_Risk,Cleared_FalsePositive,142.08,1
SWIFT_W91917,HDFCINBB,SBININBB,FR,ES,2967.18,EUR/JPY,SWIFT_MT103,PEP_Politically_Exposed,Clean_NoHit,16.27,0
SWIFT_W92134,DBSSHKHH,SBININBB,AU,DE,133641.64,EUR/INR,ISO20022_pacs008,Low_Risk,Cleared_FalsePositive,118.45,1
SWIFT_W91277,HDFCINBB,SBININBB,CH,CH,73772.54,EUR/INR,SEPA_Instant_Credit,PEP_Politically_Exposed,Clean_NoHit,58.73,0
SWIFT_W92631,DBSSHKHH,SBININBB,AU,ES,3500.71,EUR/CHF,SEPA_Instant_Credit,PEP_Politically_Exposed,Clean_NoHit,7.62,0
SWIFT_W91121,HSBCGB2L,STANHKHH,CH,SG,810.70,USD/CAD,SWIFT_MT103,Standard_Risk,Clean_NoHit,1.12,0
SWIFT_W91455,HDFCINBB,SMBCJPJT,AU,CA,77078.25,EUR/GBP,ISO20022_pacs008,PEP_Politically_Exposed,Clean_NoHit,60.18,0
SWIFT_W92392,DEUTDEDD,SBININBB,AU,CA,44322.76,EUR/CHF,ISO20022_pacs008,Low_Risk,Cleared_FalsePositive,106.36,1
SWIFT_W92293,DBSGSGSG,FABAEADX,DE,DE,59506.48,EUR/INR,SEPA_Instant_Credit,Low_Risk,Cleared_FalsePositive,133.74,0
SWIFT_W91739,DEUTDEDD,SMBCJPJT,DE,DE,57672.02,EUR/USD,SEPA_Instant_Credit,Low_Risk,Clean_NoHit,96.76,0
SWIFT_W92311,DBSSHKHH,FABAEADX,DE,DE,60632.82,EUR/CHF,SEPA_Instant_Credit,Enhanced_Due_Diligence,Cleared_FalsePositive,169.48,0
SWIFT_W91927,DBSSHKHH,INGBNL2A,FR,DE,86320.94,EUR/GBP,SEPA_Instant_Credit,Low_Risk,Cleared_FalsePositive,144.16,0
SWIFT_W92565,HDFCINBB,STANHKHH,DE,AU,23062.00,EUR/CHF,ISO20022_pacs008,Enhanced_Due_Diligence,Clean_NoHit,50.04,0
SWIFT_W92825,HSBCGB2L,SBININBB,NL,CA,1110.97,EUR/AED,SEPA_Instant_Credit,Enhanced_Due_Diligence,Clean_NoHit,2.77,0
SWIFT_W91950,SANTRSMM,UBSWCHZH,AU,ES,808.62,EUR/INR,SWIFT_MT103,Standard_Risk,Clean_NoHit,0.48,0
SWIFT_W91968,DBSSHKHH,SBININBB,CH,CH,247312.73,EUR/INR,ISO20022_pacs008,Low_Risk,Cleared_FalsePositive,118.29,0
SWIFT_W92696,HSBCGB2L,STANHKHH,CH,AU,8400.71,EUR/AED,Fedwire_Funds,Enhanced_Due_Diligence,Clean_NoHit,16.47,0
SWIFT_W92285,HDFCINBB,STANHKHH,AU,CA,59379.58,EUR/GBP,ISO20022_pacs008,Enhanced_Due_Diligence,Cleared_FalsePositive,102.12,1
SWIFT_W92103,SANTRSMM,UBSWCHZH,AU,SG,801.20,USD/CAD,SWIFT_MT103,Standard_Risk,Clean_NoHit,0.39,0
SWIFT_W92492,HSBCGB2L,UBSWCHZH,AE,GB,803.70,EUR/CHF,SWIFT_MT103,Standard_Risk,Clean_NoHit,0.38,0
SWIFT_W92002,SANTRSMM,UBSWCHZH,AU,CH,856.14,EUR/CHF,SEPA_Instant_Credit,PEP_Politically_Exposed,Clean_NoHit,1.04,0
SWIFT_W91930,DEUTDEDD,RABONL2U,DE,ES,52954.90,EUR/SGD,SWIFT_MT103,Low_Risk,Cleared_FalsePositive,120.32,0
SWIFT_W92147,DBSSHKHH,RABONL2U,DE,CH,67965.12,EUR/SGD,SEPA_Instant_Credit,Low_Risk,Cleared_FalsePositive,153.38,1
SWIFT_W90827,DEUTDEDD,SBININBB,AU,GB,5985.62,EUR/USD,SWIFT_MT103,Standard_Risk,Clean_NoHit,19.58,0
SWIFT_W91745,DEUTDEDD,SMBCJPJT,FR,CH,52782.20,EUR/GBP,SEPA_Instant_Credit,Low_Risk,Clean_NoHit,89.87,0
SWIFT_W92877,HDFCINBB,BARCGB22,SG,DE,1659.56,EUR/AED,SWIFT_MT103,Enhanced_Due_Diligence,Clean_NoHit,59.22,0
SWIFT_W91543,SANTRSMM,STANHKHH,GB,SG,800.56,EUR/SGD,SWIFT_MT103,Standard_Risk,Clean_NoHit,0.27,0
SWIFT_W92281,HDFCINBB,SMBCJPJT,IN,CH,15383.84,EUR/CHF,SEPA_Instant_Credit,Enhanced_Due_Diligence,Clean_NoHit,72.86,0
SWIFT_W92495,DEUTDEDD,FABAEADX,FR,CH,30122.61,EUR/CHF,SEPA_Instant_Credit,Enhanced_Due_Diligence,Cleared_FalsePositive,113.45,0
SWIFT_W92995,SANTRSMM,SMBCJPJT,NL,SG,800.54,EUR/AED,SWIFT_MT103,PEP_Politically_Exposed,Clean_NoHit,0.22,0
SWIFT_W92373,DEUTDEDD,STANHKHH,CH,CA,55722.92,EUR/CHF,ISO20022_pacs008,Enhanced_Due_Diligence,Cleared_FalsePositive,89.45,1
SWIFT_W91923,DBSSHKHH,RABONL2U,DE,CH,220594.91,EUR/INR,SEPA_Instant_Credit,Low_Risk,Cleared_FalsePositive,176.73,1
SWIFT_W92527,DEUTDEDD,RABONL2U,DE,AU,36288.84,EUR/CHF,ISO20022_pacs008,Enhanced_Due_Diligence,Cleared_FalsePositive,72.74,1
SWIFT_W92606,DEUTDEDD,BARCGB22,GB,CH,10031.27,EUR/CHF,SEPA_Instant_Credit,Enhanced_Due_Diligence,Cleared_FalsePositive,159.65,0
SWIFT_W91453,SANTRSMM,UBSWCHZH,CH,SG,801.77,EUR/USD,SWIFT_MT103,Standard_Risk,Clean_NoHit,0.44,0
SWIFT_W91417,DEUTDEDD,SBININBB,CH,DE,203670.59,EUR/JPY,SEPA_Instant_Credit,PEP_Politically_Exposed,Cleared_FalsePositive,100.21,0
SWIFT_W90778,SANTRSMM,UBSWCHZH,AE,DE,947.48,USD/CAD,SWIFT_MT103,Standard_Risk,Clean_NoHit,3.55,0
SWIFT_W92579,SANTRSMM,UBSWCHZH,AE,CA,888.13,EUR/GBP,SEPA_Instant_Credit,Standard_Risk,Clean_NoHit,1.16,0
SWIFT_W91529,SANTRSMM,UBSWCHZH,AE,SG,800.53,USD/JPY,SWIFT_MT103,Standard_Risk,Clean_NoHit,0.20,0
SWIFT_W92952,HSBCGB2L,RABONL2U,FR,CH,1799.13,EUR/AED,SEPA_Instant_Credit,Low_Risk,Clean_NoHit,5.63,0
SWIFT_W92900,HSBCGB2L,UBSWCHZH,AU,AU,2064.27,EUR/AED,Fedwire_Funds,Enhanced_Due_Diligence,Clean_NoHit,5.18,0
SWIFT_W92084,SANTRSMM,UBSWCHZH,FR,SG,800.61,EUR/INR,SWIFT_MT103,Standard_Risk,Clean_NoHit,0.26,0
SWIFT_W92682,HSBCGB2L,UBSWCHZH,CH,AU,1557.42,EUR/AED,Fedwire_Funds,Low_Risk,Clean_NoHit,4.03,0
SWIFT_W91761,DBSSHKHH,SMBCJPJT,CH,DE,214410.56,EUR/JPY,SEPA_Instant_Credit,Low_Risk,Cleared_FalsePositive,161.09,1
SWIFT_W91963,DEUTDEDD,SMBCJPJT,AU,CA,102506.30,EUR/JPY,ISO20022_pacs008,Low_Risk,Clean_NoHit,107.65,1
SWIFT_W92954,HSBCGB2L,STANHKHH,NL,JP,939.88,EUR/AED,SEPA_Instant_Credit,Enhanced_Due_Diligence,Clean_NoHit,3.22,0
SWIFT_W92559,HDFCINBB,STANHKHH,CH,CA,7935.40,EUR/CHF,ISO20022_pacs008,Low_Risk,Clean_NoHit,14.20,0
SWIFT_W92343,DEUTDEDD,SBININBB,CH,CH,68353.48,EUR/GBP,ISO20022_pacs008,Low_Risk,Clean_NoHit,44.25,0
SWIFT_W92132,DBSSHKHH,SBININBB,AU,SG,962.85,EUR/GBP,SWIFT_MT103,Standard_Risk,Clean_NoHit,2.47,0
SWIFT_W92165,DBSSHKHH,SBININBB,CH,CA,158023.86,EUR/GBP,ISO20022_pacs008,Low_Risk,Cleared_FalsePositive,133.95,1
SWIFT_W92213,DEUTDEDD,SMBCJPJT,AU,CA,47207.91,EUR/CHF,ISO20022_pacs008,PEP_Politically_Exposed,Clean_NoHit,61.56,0
SWIFT_W90878,HDFCINBB,STANHKHH,AU,ES,15396.53,USD/CAD,SEPA_Instant_Credit,PEP_Politically_Exposed,Clean_NoHit,44.25,0
SWIFT_W91743,HSBCGB2L,STANHKHH,DE,ES,834.66,EUR/CHF,SWIFT_MT103,Standard_Risk,Clean_NoHit,1.19,0
SWIFT_W92097,DEUTDEDD,INGBNL2A,AU,JP,1191.99,EUR/USD,SWIFT_MT103,PEP_Politically_Exposed,Clean_NoHit,11.60,0
SWIFT_W92338,HSBCGB2L,SBININBB,FR,US,800.68,EUR/SGD,SWIFT_MT103,Standard_Risk,Clean_NoHit,0.36,0
SWIFT_W92896,HSBCGB2L,SMBCJPJT,IN,AU,2717.36,EUR/AED,ISO20022_pacs008,Enhanced_Due_Diligence,Clean_NoHit,12.67,0
SWIFT_W92010,DBSSHKHH,SMBCJPJT,DE,CH,177324.59,EUR/INR,SEPA_Instant_Credit,Low_Risk,Cleared_FalsePositive,164.19,1
SWIFT_W91995,HSBCGB2L,UBSWCHZH,AU,DE,946.03,EUR/GBP,SEPA_Instant_Credit,Standard_Risk,Clean_NoHit,1.44,0
SWIFT_W91412,HSBCGB2L,SMBCJPJT,CH,SG,803.13,USD/JPY,SWIFT_MT103,Standard_Risk,Clean_NoHit,0.78,0
SWIFT_W91374,HDFCINBB,STANHKHH,AU,DE,5664.61,USD/CAD,SEPA_Instant_Credit,Low_Risk,Clean_NoHit,38.44,0
SWIFT_W91800,HSBCGB2L,STANHKHH,AU,SG,800.83,USD/CAD,SWIFT_MT103,Standard_Risk,Clean_NoHit,0.34,0
SWIFT_W92025,HSBCGB2L,SMBCJPJT,GB,JP,802.74,EUR/JPY,SWIFT_MT103,Standard_Risk,Clean_NoHit,0.57,0
SWIFT_W91417,HSBCGB2L,UBSWCHZH,AE,DE,1750.94,EUR/USD,SEPA_Instant_Credit,PEP_Politically_Exposed,Clean_NoHit,11.40,0
SWIFT_W92674,SANTRSMM,UBSWCHZH,CH,SG,800.53,EUR/INR,SWIFT_MT103,Standard_Risk,Clean_NoHit,0.20,0
SWIFT_W92602,SANTRSMM,STANHKHH,SG,JP,822.77,EUR/JPY,SWIFT_MT103,Low_Risk,Clean_NoHit,1.81,0
SWIFT_W91393,HSBCGB2L,STANHKHH,AU,CA,28693.60,EUR/INR,ISO20022_pacs008,PEP_Politically_Exposed,Clean_NoHit,55.72,0
SWIFT_W92921,HSBCGB2L,INGBNL2A,US,CH,1248.40,EUR/CHF,SWIFT_MT103,Enhanced_Due_Diligence,Clean_NoHit,39.30,0
SWIFT_W91549,HSBCGB2L,SBININBB,CH,GB,1059.05,EUR/JPY,SWIFT_MT103,Standard_Risk,Clean_NoHit,3.31,0
SWIFT_W92709,HSBCGB2L,UBSWCHZH,CH,AU,2196.44,EUR/AED,Fedwire_Funds,Low_Risk,Clean_NoHit,3.84,0
SWIFT_W92433,DBSSHKHH,FABAEADX,FR,DE,25407.32,EUR/CHF,SEPA_Instant_Credit,Low_Risk,Cleared_FalsePositive,108.35,0
SWIFT_W92486,HSBCGB2L,SBININBB,FR,JP,806.02,EUR/SGD,SWIFT_MT103,PEP_Politically_Exposed,Clean_NoHit,1.19,0
SWIFT_W91212,HDFCINBB,SMBCJPJT,CH,DE,2937.35,EUR/USD,SWIFT_MT103,Standard_Risk,Clean_NoHit,11.67,0
SWIFT_W91671,HSBCGB2L,SMBCJPJT,DE,SG,885.17,USD/CAD,SWIFT_MT103,PEP_Politically_Exposed,Clean_NoHit,4.27,0
SWIFT_W90799,HSBCGB2L,STANHKHH,AE,JP,802.25,USD/JPY,SWIFT_MT103,Standard_Risk,Clean_NoHit,0.49,0
SWIFT_W92748,HSBCGB2L,INGBNL2A,SG,ES,2177.19,EUR/CHF,SEPA_Instant_Credit,Enhanced_Due_Diligence,Clean_NoHit,63.34,0
SWIFT_W92337,HSBCGB2L,UBSWCHZH,IN,GB,2436.00,EUR/INR,SWIFT_MT103,Enhanced_Due_Diligence,Clean_NoHit,19.21,0
SWIFT_W92386,HDFCINBB,STANHKHH,AU,CA,50217.49,EUR/GBP,Fedwire_Funds,Enhanced_Due_Diligence,Cleared_FalsePositive,98.09,1
SWIFT_W92653,HSBCGB2L,FABAEADX,AU,US,800.54,EUR/INR,SWIFT_MT103,Standard_Risk,Clean_NoHit,0.23,0
SWIFT_W92515,HDFCINBB,STANHKHH,AU,CA,9753.97,EUR/AED,Fedwire_Funds,PEP_Politically_Exposed,Clean_NoHit,20.83,0
SWIFT_W91680,HDFCINBB,STANHKHH,CH,SG,1005.11,USD/CAD,SWIFT_MT103,Standard_Risk,Clean_NoHit,5.25,0
SWIFT_W92138,DBSSHKHH,INGBNL2A,FR,CH,71483.81,EUR/INR,SEPA_Instant_Credit,Low_Risk,Cleared_FalsePositive,166.80,0
SWIFT_W91867,HDFCINBB,STANHKHH,AU,ES,3203.23,EUR/SGD,SEPA_Instant_Credit,Standard_Risk,Clean_NoHit,10.05,0
SWIFT_W92334,HDFCINBB,SMBCJPJT,DE,CA,67438.86,EUR/CHF,Fedwire_Funds,Enhanced_Due_Diligence,Cleared_FalsePositive,70.42,1
SWIFT_W92811,SANTRSMM,STANHKHH,NL,DE,822.80,EUR/CHF,SWIFT_MT103,Low_Risk,Clean_NoHit,1.04,0
SWIFT_W90601,HSBCGB2L,UBSWCHZH,AE,JP,822.56,USD/JPY,SWIFT_MT103,Standard_Risk,Clean_NoHit,1.27,0
SWIFT_W92556,HSBCGB2L,UBSWCHZH,AE,AU,6164.38,EUR/CHF,Fedwire_Funds,Enhanced_Due_Diligence,Clean_NoHit,48.11,1
SWIFT_W92320,HDFCINBB,RABONL2U,DE,SG,803.67,EUR/GBP,SWIFT_MT103,Standard_Risk,Clean_NoHit,0.93,0
SWIFT_W91606,HSBCGB2L,STANHKHH,AU,SG,808.86,USD/JPY,SWIFT_MT103,Standard_Risk,Clean_NoHit,0.77,0
SWIFT_W91334,SANTRSMM,UBSWCHZH,CH,DE,806.58,EUR/JPY,SWIFT_MT103,Standard_Risk,Clean_NoHit,0.50,0
SWIFT_W92188,HDFCINBB,SMBCJPJT,CH,CA,91243.84,EUR/CHF,ISO20022_pacs008,Low_Risk,Cleared_FalsePositive,74.74,1
SWIFT_W92336,DEUTDEDD,RABONL2U,GB,JP,943.86,EUR/JPY,SWIFT_MT103,PEP_Politically_Exposed,Clean_NoHit,6.99,0
SWIFT_W91851,DEUTDEDD,SBININBB,CH,CH,178088.09,EUR/INR,ISO20022_pacs008,Low_Risk,Cleared_FalsePositive,148.32,1
SWIFT_W92559,HSBCGB2L,SMBCJPJT,IN,JP,852.69,EUR/AED,SWIFT_MT103,Standard_Risk,Clean_NoHit,2.21,0
SWIFT_W92389,DEUTDEDD,SBININBB,CH,AU,32597.27,EUR/CHF,SEPA_Instant_Credit,Enhanced_Due_Diligence,Cleared_FalsePositive,152.52,1
SWIFT_W91331,DEUTDEDD,STANHKHH,AU,ES,32947.57,USD/CAD,SEPA_Instant_Credit,Low_Risk,Clean_NoHit,77.26,0
SWIFT_W90417,HSBCGB2L,UBSWCHZH,AU,JP,896.59,USD/JPY,SWIFT_MT103,PEP_Politically_Exposed,Clean_NoHit,3.99,0
SWIFT_W92314,DBSSHKHH,INGBNL2A,GB,CH,53538.09,EUR/CHF,SEPA_Instant_Credit,Enhanced_Due_Diligence,Cleared_FalsePositive,144.16,0
SWIFT_W92088,HDFCINBB,SMBCJPJT,FR,ES,3178.42,EUR/USD,SWIFT_MT103,PEP_Politically_Exposed,Clean_NoHit,20.20,0
SWIFT_W92119,HSBCGB2L,STANHKHH,NL,JP,2206.33,EUR/INR,SWIFT_MT103,Low_Risk,Clean_NoHit,14.85,0
SWIFT_W92090,DEUTDEDD,SMBCJPJT,GB,CH,98569.71,EUR/GBP,ISO20022_pacs008,Enhanced_Due_Diligence,Cleared_FalsePositive,136.00,0
SWIFT_W92650,SANTRSMM,UBSWCHZH,DE,GB,800.96,EUR/CHF,SWIFT_MT103,Standard_Risk,Clean_NoHit,0.29,0
SWIFT_W92932,HSBCGB2L,SMBCJPJT,GB,AU,2553.17,EUR/AED,ISO20022_pacs008,Enhanced_Due_Diligence,Clean_NoHit,8.10,0
SWIFT_W92810,HSBCGB2L,SMBCJPJT,NL,SG,802.08,EUR/AED,SWIFT_MT103,PEP_Politically_Exposed,Clean_NoHit,0.52,0
SWIFT_W90904,SANTRSMM,UBSWCHZH,AU,JP,810.99,USD/CAD,SWIFT_MT103,Standard_Risk,Clean_NoHit,0.68,0
SWIFT_W92049,HSBCGB2L,STANHKHH,IN,GB,910.74,EUR/AED,SWIFT_MT103,PEP_Politically_Exposed,Clean_NoHit,3.58,0
SWIFT_W92615,HSBCGB2L,SBININBB,NL,JP,803.03,EUR/JPY,SWIFT_MT103,PEP_Politically_Exposed,Clean_NoHit,0.91,0
SWIFT_W92688,HDFCINBB,SMBCJPJT,DE,AU,8275.01,EUR/AED,ISO20022_pacs008,Enhanced_Due_Diligence,Cleared_FalsePositive,47.15,1
SWIFT_W91881,HSBCGB2L,STANHKHH,NL,SG,848.02,EUR/SGD,SWIFT_MT103,Low_Risk,Clean_NoHit,3.16,0
SWIFT_W90376,HSBCGB2L,STANHKHH,AU,JP,1130.63,USD/JPY,SWIFT_MT103,Standard_Risk,Clean_NoHit,6.31,0
SWIFT_W92026,DBSSHKHH,RABONL2U,DE,CH,111531.02,EUR/GBP,SEPA_Instant_Credit,Enhanced_Due_Diligence,Cleared_FalsePositive,188.16,1
SWIFT_W91183,HSBCGB2L,STANHKHH,CH,JP,862.78,USD/JPY,SWIFT_MT103,PEP_Politically_Exposed,Clean_NoHit,2.76,0
SWIFT_W92842,HSBCGB2L,STANHKHH,AU,AU,3787.52,EUR/AED,Fedwire_Funds,Enhanced_Due_Diligence,Clean_NoHit,7.99,0
SWIFT_W92742,HDFCINBB,SBININBB,NL,ES,15295.72,EUR/CHF,SEPA_Instant_Credit,Enhanced_Due_Diligence,Clean_NoHit,56.65,0
SWIFT_W91869,HSBCGB2L,SMBCJPJT,DE,SG,856.06,USD/CAD,SWIFT_MT103,Standard_Risk,Clean_NoHit,3.25,0
SWIFT_W92992,SANTRSMM,STANHKHH,SG,DE,802.06,EUR/AED,SEPA_Instant_Credit,Enhanced_Due_Diligence,Clean_NoHit,0.40,0
SWIFT_W92686,DBSSHKHH,BARCGB22,GB,DE,14902.84,EUR/CHF,SEPA_Instant_Credit,Enhanced_Due_Diligence,Cleared_FalsePositive,119.49,0
SWIFT_W92576,HSBCGB2L,SBININBB,AU,JP,801.27,EUR/CHF,SWIFT_MT103,Standard_Risk,Clean_NoHit,0.30,0
SWIFT_W92861,DEUTDEDD,SBININBB,AE,CA,7280.69,EUR/AED,ISO20022_pacs008,Low_Risk,Cleared_FalsePositive,22.67,0
SWIFT_W92673,HSBCGB2L,SMBCJPJT,FR,CH,24877.21,EUR/CHF,ISO20022_pacs008,Enhanced_Due_Diligence,Clean_NoHit,46.06,0
SWIFT_W92506,SANTRSMM,STANHKHH,FR,JP,801.03,EUR/CHF,SWIFT_MT103,Standard_Risk,Clean_NoHit,0.33,0
SWIFT_W91473,DEUTDEDD,RABONL2U,DE,JP,1555.66,EUR/INR,SWIFT_MT103,Standard_Risk,Clean_NoHit,11.09,0
SWIFT_W92789,HSBCGB2L,STANHKHH,AE,AU,4567.37,EUR/AED,Fedwire_Funds,Low_Risk,Clean_NoHit,11.56,0
SWIFT_W92963,HSBCGB2L,SBININBB,CH,GB,820.58,EUR/AED,SWIFT_MT103,Standard_Risk,Clean_NoHit,0.58,0
SWIFT_W92561,HSBCGB2L,UBSWCHZH,CH,CH,1172.74,EUR/INR,SEPA_Instant_Credit,Low_Risk,Clean_NoHit,3.63,0
SWIFT_W92008,DBSSHKHH,FABAEADX,DE,DE,72203.21,EUR/CHF,SEPA_Instant_Credit,Low_Risk,Cleared_FalsePositive,106.28,0
SWIFT_W92035,HSBCGB2L,STANHKHH,IN,DE,2065.87,EUR/GBP,SEPA_Instant_Credit,PEP_Politically_Exposed,Clean_NoHit,9.50,0
SWIFT_W92390,DEUTDEDD,INGBNL2A,GB,CH,57847.44,EUR/GBP,SEPA_Instant_Credit,Enhanced_Due_Diligence,Cleared_FalsePositive,187.39,0
SWIFT_W90577,SANTRSMM,UBSWCHZH,AE,DE,837.84,USD/JPY,SWIFT_MT103,Standard_Risk,Clean_NoHit,1.75,0
SWIFT_W92311,DEUTDEDD,SBININBB,AU,CH,47319.45,EUR/CHF,ISO20022_pacs008,Low_Risk,Cleared_FalsePositive,109.15,1
SWIFT_W91723,HDFCINBB,SMBCJPJT,AU,SG,937.51,USD/CAD,SWIFT_MT103,Standard_Risk,Clean_NoHit,4.83,0
SWIFT_W92680,HDFCINBB,RABONL2U,FR,AU,29599.29,EUR/CHF,ISO20022_pacs008,Enhanced_Due_Diligence,Cleared_FalsePositive,82.89,0
SWIFT_W92204,DEUTDEDD,SMBCJPJT,DE,CA,115371.17,EUR/INR,ISO20022_pacs008,Low_Risk,Cleared_FalsePositive,144.76,1
SWIFT_W92820,HDFCINBB,BARCGB22,SG,JP,873.76,EUR/AED,SWIFT_MT103,Enhanced_Due_Diligence,Clean_NoHit,29.08,0
SWIFT_W92435,HDFCINBB,RABONL2U,FR,CA,57266.65,EUR/GBP,SEPA_Instant_Credit,Enhanced_Due_Diligence,Cleared_FalsePositive,154.20,1
SWIFT_W92426,HDFCINBB,SMBCJPJT,NL,CH,20994.00,EUR/CHF,ISO20022_pacs008,Low_Risk,Clean_NoHit,50.88,0
SWIFT_W91675,HDFCINBB,SMBCJPJT,AU,DE,54690.80,EUR/SGD,ISO20022_pacs008,PEP_Politically_Exposed,Clean_NoHit,117.09,1
SWIFT_W92389,DEUTDEDD,SMBCJPJT,AU,CA,30404.02,EUR/CHF,ISO20022_pacs008,Enhanced_Due_Diligence,Cleared_FalsePositive,94.99,1
SWIFT_W92106,DBSSHKHH,RABONL2U,FR,DE,242874.09,EUR/INR,SEPA_Instant_Credit,Low_Risk,Cleared_FalsePositive,160.48,0
SWIFT_W91985,HSBCGB2L,STANHKHH,AU,CA,7764.25,EUR/INR,ISO20022_pacs008,PEP_Politically_Exposed,Clean_NoHit,13.59,0
SWIFT_W90377,SANTRSMM,UBSWCHZH,AE,JP,801.38,USD/JPY,SWIFT_MT103,Standard_Risk,Clean_NoHit,0.35,0
SWIFT_W92570,HDFCINBB,SBININBB,AU,AU,13935.96,EUR/CHF,ISO20022_pacs008,Enhanced_Due_Diligence,Cleared_FalsePositive,90.61,1
SWIFT_W91388,DEUTDEDD,SMBCJPJT,AU,DE,85713.72,EUR/SGD,SEPA_Instant_Credit,PEP_Politically_Exposed,Clean_NoHit,101.80,0
SWIFT_W92754,HSBCGB2L,STANHKHH,FR,AU,1450.36,EUR/AED,ISO20022_pacs008,Low_Risk,Clean_NoHit,4.08,0
SWIFT_W92109,DBSSHKHH,RABONL2U,AU,CH,97169.48,EUR/GBP,ISO20022_pacs008,Low_Risk,Cleared_FalsePositive,148.45,1
SWIFT_W91091,HDFCINBB,SMBCJPJT,CH,GB,1575.03,USD/CAD,SWIFT_MT103,PEP_Politically_Exposed,Clean_NoHit,16.44,0
SWIFT_W91969,DBSSHKHH,BCOPESMM,FR,GB,60675.30,EUR/GBP,SEPA_Instant_Credit,Low_Risk,Cleared_FalsePositive,102.86,0
SWIFT_W91735,DEUTDEDD,SMBCJPJT,AE,DE,4848.86,EUR/INR,SEPA_Instant_Credit,Standard_Risk,Clean_NoHit,13.84,0
SWIFT_W92188,HDFCINBB,STANHKHH,AU,DE,4071.35,EUR/GBP,SEPA_Instant_Credit,Standard_Risk,Clean_NoHit,9.66,0
SWIFT_W92585,HSBCGB2L,STANHKHH,SG,GB,1208.28,EUR/USD,SWIFT_MT103,Enhanced_Due_Diligence,Clean_NoHit,11.79,0
SWIFT_W90550,HSBCGB2L,UBSWCHZH,AE,SG,814.55,USD/JPY,SWIFT_MT103,Standard_Risk,Clean_NoHit,1.25,0
SWIFT_W91090,HDFCINBB,RABONL2U,AU,JP,1410.71,EUR/USD,SWIFT_MT103,Standard_Risk,Clean_NoHit,8.94,0
SWIFT_W92063,DEUTDEDD,RABONL2U,CH,CH,273636.03,EUR/INR,ISO20022_pacs008,Low_Risk,Cleared_FalsePositive,132.34,1
SWIFT_W91364,HDFCINBB,STANHKHH,AU,ES,32931.40,EUR/USD,SEPA_Instant_Credit,Low_Risk,Clean_NoHit,91.84,0
SWIFT_W92936,HDFCINBB,BARCGB22,SG,SG,807.24,EUR/AED,SWIFT_MT103,Low_Risk,Clean_NoHit,5.08,0
SWIFT_W92649,HDFCINBB,STANHKHH,AU,AU,9516.56,EUR/AED,Fedwire_Funds,Enhanced_Due_Diligence,Cleared_FalsePositive,49.03,1
SWIFT_W92458,SANTRSMM,UBSWCHZH,CH,GB,800.54,EUR/JPY,SWIFT_MT103,Standard_Risk,Clean_NoHit,0.21,0
SWIFT_W92371,HDFCINBB,STANHKHH,NL,DE,6193.30,EUR/INR,SEPA_Instant_Credit,Enhanced_Due_Diligence,Clean_NoHit,42.23,0
SWIFT_W90779,HSBCGB2L,SMBCJPJT,AU,JP,894.26,EUR/USD,SWIFT_MT103,Standard_Risk,Clean_NoHit,2.34,0
SWIFT_W92704,HDFCINBB,BARCGB22,SG,JP,925.68,EUR/CHF,SWIFT_MT103,Low_Risk,Clean_NoHit,13.60,0
SWIFT_W92634,SANTRSMM,SMBCJPJT,SG,SG,800.70,EUR/GBP,SWIFT_MT103,PEP_Politically_Exposed,Clean_NoHit,0.52,0
SWIFT_W92626,HDFCINBB,RABONL2U,FR,CA,53235.44,EUR/CHF,ISO20022_pacs008,Enhanced_Due_Diligence,Cleared_FalsePositive,64.03,0
SWIFT_W92931,HDFCINBB,SBININBB,NL,GB,1471.47,EUR/AED,SEPA_Instant_Credit,Low_Risk,Clean_NoHit,7.02,0
SWIFT_W91832,HDFCINBB,SMBCJPJT,DE,CH,56232.67,EUR/SGD,SEPA_Instant_Credit,Low_Risk,Clean_NoHit,104.73,0
SWIFT_W92258,DEUTDEDD,SBININBB,CH,CA,49661.69,EUR/GBP,SEPA_Instant_Credit,Enhanced_Due_Diligence,Cleared_FalsePositive,148.74,1
SWIFT_W90958,HDFCINBB,STANHKHH,AU,ES,5721.55,USD/CAD,SEPA_Instant_Credit,Standard_Risk,Clean_NoHit,30.16,0
SWIFT_W91838,HSBCGB2L,SBININBB,CH,SG,809.04,EUR/USD,SWIFT_MT103,Standard_Risk,Clean_NoHit,1.23,0
SWIFT_W92840,DBSSHKHH,FABAEADX,DE,DE,7168.52,EUR/CHF,SEPA_Instant_Credit,Low_Risk,Clean_NoHit,25.55,0
SWIFT_W92946,SANTRSMM,UBSWCHZH,NL,CA,803.91,EUR/AED,SEPA_Instant_Credit,Low_Risk,Clean_NoHit,0.41,0
SWIFT_W92527,HDFCINBB,SMBCJPJT,GB,CA,26364.85,EUR/CHF,ISO20022_pacs008,Enhanced_Due_Diligence,Cleared_FalsePositive,94.34,0
SWIFT_W92575,HDFCINBB,SMBCJPJT,AU,AU,10934.32,EUR/AED,ISO20022_pacs008,Enhanced_Due_Diligence,Cleared_FalsePositive,31.14,1
SWIFT_W92507,DBSSHKHH,BCOPESMM,GB,CH,23856.94,EUR/GBP,SEPA_Instant_Credit,Enhanced_Due_Diligence,Cleared_FalsePositive,160.68,0
SWIFT_W92701,HDFCINBB,STANHKHH,GB,AU,9603.06,EUR/AED,ISO20022_pacs008,Enhanced_Due_Diligence,Clean_NoHit,23.93,0
SWIFT_W91146,HSBCGB2L,STANHKHH,AE,SG,801.27,USD/CAD,SWIFT_MT103,Standard_Risk,Clean_NoHit,0.38,0
SWIFT_W92835,HSBCGB2L,SBININBB,SG,AU,2344.68,EUR/AED,SEPA_Instant_Credit,Enhanced_Due_Diligence,Clean_NoHit,50.24,0
SWIFT_W92678,SANTRSMM,SBININBB,GB,US,800.53,EUR/JPY,SWIFT_MT103,Standard_Risk,Clean_NoHit,0.22,0
SWIFT_W91823,HSBCGB2L,UBSWCHZH,AE,CH,1748.15,EUR/GBP,ISO20022_pacs008,Standard_Risk,Clean_NoHit,6.16,0
SWIFT_W90915,SANTRSMM,UBSWCHZH,AU,CA,812.02,EUR/INR,SWIFT_MT103,Standard_Risk,Clean_NoHit,0.53,0
SWIFT_W91369,HSBCGB2L,UBSWCHZH,FR,GB,816.26,USD/CAD,SWIFT_MT103,PEP_Politically_Exposed,Clean_NoHit,1.45,0
SWIFT_W92325,HDFCINBB,STANHKHH,AU,CA,31595.31,EUR/CHF,Fedwire_Funds,Low_Risk,Cleared_FalsePositive,73.31,1
SWIFT_W92001,HSBCGB2L,STANHKHH,FR,JP,819.10,EUR/INR,SWIFT_MT103,PEP_Politically_Exposed,Clean_NoHit,1.01,0
SWIFT_W92667,HSBCGB2L,RABONL2U,DE,SG,802.29,EUR/JPY,SWIFT_MT103,PEP_Politically_Exposed,Clean_NoHit,0.84,0
SWIFT_W92474,HDFCINBB,FABAEADX,DE,JP,849.83,EUR/CHF,SWIFT_MT103,PEP_Politically_Exposed,Clean_NoHit,3.21,0
SWIFT_W92891,HSBCGB2L,SBININBB,GB,CH,2154.25,EUR/AED,ISO20022_pacs008,Enhanced_Due_Diligence,Clean_NoHit,17.15,0
SWIFT_W91942,DBSSHKHH,INGBNL2A,DE,CH,238976.09,EUR/GBP,ISO20022_pacs008,Low_Risk,Cleared_FalsePositive,137.24,1
SWIFT_W92268,HDFCINBB,SBININBB,CH,CA,64806.50,EUR/CHF,ISO20022_pacs008,Enhanced_Due_Diligence,Cleared_FalsePositive,109.49,1
SWIFT_W92829,HSBCGB2L,SMBCJPJT,DE,AU,17020.77,EUR/AED,Fedwire_Funds,Enhanced_Due_Diligence,Clean_NoHit,19.20,0
SWIFT_W92638,HDFCINBB,STANHKHH,CH,AU,25912.50,EUR/CHF,ISO20022_pacs008,Enhanced_Due_Diligence,Clean_NoHit,43.41,0
SWIFT_W92838,HDFCINBB,INGBNL2A,SG,CA,3727.02,EUR/AED,SEPA_Instant_Credit,Enhanced_Due_Diligence,Clean_NoHit,31.59,0
SWIFT_W92753,DBSSHKHH,BCOPESMM,AU,SG,814.69,EUR/CHF,SWIFT_MT103,Standard_Risk,Clean_NoHit,1.89,0
SWIFT_W92553,HDFCINBB,SBININBB,IN,CA,14159.30,EUR/CHF,SEPA_Instant_Credit,Enhanced_Due_Diligence,Cleared_FalsePositive,119.86,0
SWIFT_W92038,DBSSHKHH,SMBCJPJT,CH,CH,156940.64,EUR/JPY,ISO20022_pacs008,Low_Risk,Cleared_FalsePositive,172.23,1
SWIFT_W92705,HDFCINBB,SBININBB,NL,CA,6502.29,EUR/AED,SEPA_Instant_Credit,Enhanced_Due_Diligence,Clean_NoHit,38.97,0
SWIFT_W92703,HDFCINBB,SBININBB,SG,GB,1792.10,EUR/CHF,SEPA_Instant_Credit,Low_Risk,Clean_NoHit,13.56,0
SWIFT_W92076,DBSSHKHH,INGBNL2A,GB,DE,57690.62,EUR/CHF,SEPA_Instant_Credit,Low_Risk,Cleared_FalsePositive,88.44,0
SWIFT_W91303,DEUTDEDD,SBININBB,AU,JP,3734.31,EUR/USD,SWIFT_MT103,PEP_Politically_Exposed,Clean_NoHit,17.32,0
SWIFT_W90330,HSBCGB2L,UBSWCHZH,AE,SG,801.45,USD/JPY,SWIFT_MT103,Standard_Risk,Clean_NoHit,0.39,0
SWIFT_W91843,HDFCINBB,SBININBB,AU,DE,2843.39,EUR/AED,SEPA_Instant_Credit,Standard_Risk,Clean_NoHit,6.99,0
SWIFT_W92720,HSBCGB2L,UBSWCHZH,AE,CA,3786.76,EUR/AED,Fedwire_Funds,Low_Risk,Clean_NoHit,9.53,0
SWIFT_W91463,HDFCINBB,SMBCJPJT,AU,DE,22694.85,USD/CAD,SEPA_Instant_Credit,PEP_Politically_Exposed,Clean_NoHit,44.54,0
SWIFT_W91517,DEUTDEDD,SBININBB,AU,ES,31354.19,EUR/USD,SWIFT_MT103,PEP_Politically_Exposed,Clean_NoHit,64.42,0
SWIFT_W92973,SANTRSMM,SMBCJPJT,US,CH,817.49,EUR/AED,SEPA_Instant_Credit,Enhanced_Due_Diligence,Clean_NoHit,3.14,0
SWIFT_W90993,SANTRSMM,STANHKHH,FR,GB,812.82,EUR/SGD,SWIFT_MT103,Standard_Risk,Clean_NoHit,0.82,0
SWIFT_W91697,SANTRSMM,UBSWCHZH,IN,SG,802.02,EUR/JPY,SWIFT_MT103,PEP_Politically_Exposed,Clean_NoHit,0.67,0
SWIFT_W92815,HSBCGB2L,UBSWCHZH,AU,AU,2739.68,EUR/AED,Fedwire_Funds,Enhanced_Due_Diligence,Clean_NoHit,12.54,0
SWIFT_W92740,HSBCGB2L,SBININBB,SG,AU,7808.25,EUR/CHF,ISO20022_pacs008,Enhanced_Due_Diligence,Clean_NoHit,51.68,0
SWIFT_W92661,HSBCGB2L,STANHKHH,SG,JP,832.90,EUR/CHF,SWIFT_MT103,Low_Risk,Clean_NoHit,1.85,0
SWIFT_W92202,DEUTDEDD,RABONL2U,AU,JP,4842.11,EUR/INR,SWIFT_MT103,Standard_Risk,Clean_NoHit,11.55,0
SWIFT_W90543,HDFCINBB,STANHKHH,AE,JP,1001.05,USD/CAD,SWIFT_MT103,Standard_Risk,Clean_NoHit,3.23,0
SWIFT_W92532,HDFCINBB,FABAEADX,SG,DE,5681.64,EUR/GBP,SEPA_Instant_Credit,Low_Risk,Clean_NoHit,44.56,0
SWIFT_W92134,DEUTDEDD,INGBNL2A,CH,SG,1550.12,EUR/INR,SWIFT_MT103,PEP_Politically_Exposed,Clean_NoHit,17.93,0
SWIFT_W92531,DBSSHKHH,INGBNL2A,AU,ES,37039.68,EUR/GBP,SEPA_Instant_Credit,PEP_Politically_Exposed,Cleared_FalsePositive,63.35,0
SWIFT_W92910,HDFCINBB,RABONL2U,DE,CA,3143.12,EUR/AED,SEPA_Instant_Credit,Enhanced_Due_Diligence,Clean_NoHit,10.64,0
SWIFT_W92508,HDFCINBB,SBININBB,SG,JP,1008.14,EUR/CHF,SWIFT_MT103,Low_Risk,Clean_NoHit,9.94,0
SWIFT_W92434,HSBCGB2L,UBSWCHZH,AE,AU,9151.74,EUR/CHF,Fedwire_Funds,PEP_Politically_Exposed,Clean_NoHit,25.16,0
SWIFT_W92448,DEUTDEDD,SMBCJPJT,AU,CA,28929.10,EUR/CHF,ISO20022_pacs008,Low_Risk,Clean_NoHit,33.79,0
SWIFT_W92485,DBSSHKHH,INGBNL2A,AU,CA,91582.23,EUR/GBP,ISO20022_pacs008,Low_Risk,Cleared_FalsePositive,88.92,1
SWIFT_W92757,DBSGSGSG,FABAEADX,AE,GB,10239.15,EUR/CHF,SEPA_Instant_Credit,PEP_Politically_Exposed,Cleared_FalsePositive,24.65,0
SWIFT_W90534,HSBCGB2L,UBSWCHZH,AE,JP,832.39,EUR/USD,SWIFT_MT103,Standard_Risk,Clean_NoHit,1.38,0
SWIFT_W92651,HSBCGB2L,SMBCJPJT,GB,CH,1838.29,EUR/CHF,SEPA_Instant_Credit,Low_Risk,Clean_NoHit,8.16,0
SWIFT_W92286,DEUTDEDD,RABONL2U,DE,CH,40164.12,EUR/CHF,ISO20022_pacs008,PEP_Politically_Exposed,Clean_NoHit,47.05,0
SWIFT_W92483,DEUTDEDD,STANHKHH,AU,CA,28534.23,EUR/CHF,Fedwire_Funds,Low_Risk,Cleared_FalsePositive,58.24,1
SWIFT_W92150,HDFCINBB,SMBCJPJT,CH,CA,36982.87,EUR/INR,SEPA_Instant_Credit,PEP_Politically_Exposed,Clean_NoHit,33.63,0
SWIFT_W91978,HSBCGB2L,STANHKHH,CH,AU,14160.95,EUR/CHF,Fedwire_Funds,PEP_Politically_Exposed,Clean_NoHit,21.52,0
SWIFT_W92647,HSBCGB2L,STANHKHH,AU,AU,9320.16,EUR/AED,Fedwire_Funds,Low_Risk,Clean_NoHit,16.98,0
SWIFT_W92304,HDFCINBB,RABONL2U,IN,SG,976.83,EUR/USD,SWIFT_MT103,PEP_Politically_Exposed,Clean_NoHit,10.75,0
SWIFT_W91660,HDFCINBB,STANHKHH,AU,CA,11152.62,EUR/CHF,ISO20022_pacs008,PEP_Politically_Exposed,Clean_NoHit,27.47,0
SWIFT_W92675,SANTRSMM,SBININBB,SG,SG,800.55,EUR/INR,SWIFT_MT103,Standard_Risk,Clean_NoHit,0.26,0
SWIFT_W90880,HSBCGB2L,UBSWCHZH,CH,SG,807.81,USD/CAD,SWIFT_MT103,Standard_Risk,Clean_NoHit,0.81,0
SWIFT_W91706,DEUTDEDD,RABONL2U,AU,SG,852.15,EUR/SGD,SWIFT_MT103,Standard_Risk,Clean_NoHit,2.76,0
SWIFT_W91695,DEUTDEDD,SMBCJPJT,AU,DE,6776.92,EUR/CHF,SEPA_Instant_Credit,Standard_Risk,Clean_NoHit,13.52,0
SWIFT_W92274,HDFCINBB,RABONL2U,IN,JP,849.21,USD/CAD,SWIFT_MT103,Low_Risk,Clean_NoHit,8.34,0
SWIFT_W92810,HSBCGB2L,RABONL2U,US,ES,846.66,EUR/AED,SWIFT_MT103,Enhanced_Due_Diligence,Clean_NoHit,10.13,0
SWIFT_W90915,HSBCGB2L,UBSWCHZH,AE,US,800.60,USD/JPY,SWIFT_MT103,Standard_Risk,Clean_NoHit,0.24,0
SWIFT_W90979,SANTRSMM,UBSWCHZH,AE,SG,800.53,USD/CAD,SWIFT_MT103,Standard_Risk,Clean_NoHit,0.21,0
SWIFT_W92748,DEUTDEDD,STANHKHH,AU,CA,12214.56,EUR/AED,Fedwire_Funds,Enhanced_Due_Diligence,Clean_NoHit,24.50,0
SWIFT_W92212,HDFCINBB,SMBCJPJT,NL,DE,5462.43,EUR/INR,SWIFT_MT103,Low_Risk,Clean_NoHit,32.63,0
SWIFT_W92620,DEUTDEDD,SMBCJPJT,FR,CA,20072.88,EUR/CHF,ISO20022_pacs008,Enhanced_Due_Diligence,Clean_NoHit,39.40,0
SWIFT_W91408,DEUTDEDD,SMBCJPJT,CH,DE,83824.22,EUR/USD,SEPA_Instant_Credit,Low_Risk,Clean_NoHit,118.15,0
SWIFT_W92344,DEUTDEDD,INGBNL2A,CH,CA,33650.22,EUR/CHF,SEPA_Instant_Credit,Enhanced_Due_Diligence,Cleared_FalsePositive,167.08,1
SWIFT_W92219,HSBCGB2L,SBININBB,NL,CA,51884.20,EUR/CHF,ISO20022_pacs008,Enhanced_Due_Diligence,Clean_NoHit,56.73,0
SWIFT_W92732,DBSSHKHH,BARCGB22,CH,JP,1073.18,EUR/CHF,SWIFT_MT103,Standard_Risk,Clean_NoHit,7.46,0
SWIFT_W91338,HDFCINBB,STANHKHH,AE,ES,2967.31,EUR/USD,SEPA_Instant_Credit,Standard_Risk,Clean_NoHit,17.76,0
SWIFT_W92269,HDFCINBB,SMBCJPJT,FR,ES,2147.58,EUR/CHF,SEPA_Instant_Credit,Standard_Risk,Clean_NoHit,6.62,0
SWIFT_W92377,DBSSHKHH,BARCGB22,IN,GB,1699.22,EUR/CHF,SWIFT_MT103,PEP_Politically_Exposed,Clean_NoHit,17.48,0
SWIFT_W91081,HDFCINBB,SMBCJPJT,FR,GB,2848.02,EUR/JPY,SWIFT_MT103,PEP_Politically_Exposed,Clean_NoHit,12.02,0
SWIFT_W92795,HSBCGB2L,SBININBB,FR,CA,10955.21,EUR/AED,ISO20022_pacs008,Enhanced_Due_Diligence,Clean_NoHit,13.92,0
SWIFT_W92609,DEUTDEDD,SMBCJPJT,CH,CA,17149.71,EUR/GBP,SEPA_Instant_Credit,PEP_Politically_Exposed,Clean_NoHit,26.66,0
SWIFT_W90982,HSBCGB2L,STANHKHH,CH,ES,2972.80,USD/JPY,SWIFT_MT103,PEP_Politically_Exposed,Clean_NoHit,18.13,0
SWIFT_W92694,HDFCINBB,SMBCJPJT,GB,JP,841.52,EUR/CHF,SWIFT_MT103,PEP_Politically_Exposed,Clean_NoHit,2.21,0
SWIFT_W91825,DEUTDEDD,SMBCJPJT,AE,SG,925.87,EUR/USD,SWIFT_MT103,Standard_Risk,Clean_NoHit,2.60,0
SWIFT_W91952,HSBCGB2L,STANHKHH,GB,JP,851.37,EUR/INR,SWIFT_MT103,PEP_Politically_Exposed,Clean_NoHit,2.03,0
SWIFT_W91641,HSBCGB2L,STANHKHH,CH,ES,6152.62,EUR/USD,SWIFT_MT103,PEP_Politically_Exposed,Clean_NoHit,20.15,0
SWIFT_W90442,HSBCGB2L,UBSWCHZH,AE,GB,820.03,USD/CAD,SWIFT_MT103,Standard_Risk,Clean_NoHit,1.03,0
SWIFT_W92830,HDFCINBB,STANHKHH,CH,AU,3458.08,EUR/AED,Fedwire_Funds,Enhanced_Due_Diligence,Clean_NoHit,10.52,0
SWIFT_W92779,DEUTDEDD,BCOPESMM,CH,CA,15193.60,EUR/AED,SEPA_Instant_Credit,Enhanced_Due_Diligence,Cleared_FalsePositive,37.92,0
SWIFT_W90742,HSBCGB2L,UBSWCHZH,AE,GB,880.35,USD/JPY,SWIFT_MT103,PEP_Politically_Exposed,Clean_NoHit,4.73,0
SWIFT_W92161,DBSSHKHH,SBININBB,CH,CA,91828.01,EUR/CHF,ISO20022_pacs008,Low_Risk,Cleared_FalsePositive,128.80,1
SWIFT_W92492,DBSGSGSG,RABONL2U,AU,ES,59467.90,EUR/GBP,SEPA_Instant_Credit,Low_Risk,Cleared_FalsePositive,67.95,0
SWIFT_W91978,HSBCGB2L,SMBCJPJT,IN,CH,2808.78,EUR/INR,SWIFT_MT103,PEP_Politically_Exposed,Clean_NoHit,13.08,0
SWIFT_W92705,DBSSHKHH,FABAEADX,DE,SG,962.00,EUR/CHF,SWIFT_MT103,PEP_Politically_Exposed,Clean_NoHit,4.58,0
SWIFT_W91872,HSBCGB2L,SMBCJPJT,DE,GB,813.04,EUR/CHF,SWIFT_MT103,Standard_Risk,Clean_NoHit,0.67,0
SWIFT_W91205,HSBCGB2L,SMBCJPJT,CH,JP,844.01,USD/CAD,SWIFT_MT103,Standard_Risk,Clean_NoHit,2.73,0
SWIFT_W92128,HDFCINBB,STANHKHH,DE,CA,32259.48,EUR/CHF,ISO20022_pacs008,Enhanced_Due_Diligence,Clean_NoHit,49.73,0
SWIFT_W92726,HDFCINBB,STANHKHH,AU,AU,4499.44,EUR/AED,Fedwire_Funds,Enhanced_Due_Diligence,Cleared_FalsePositive,36.35,1
SWIFT_W92180,DEUTDEDD,SMBCJPJT,AU,CA,46273.02,EUR/CHF,ISO20022_pacs008,Enhanced_Due_Diligence,Cleared_FalsePositive,129.43,1
SWIFT_W92713,HDFCINBB,SMBCJPJT,GB,CA,9768.79,EUR/AED,ISO20022_pacs008,Low_Risk,Clean_NoHit,18.09,0
SWIFT_W92965,HSBCGB2L,FABAEADX,US,SG,802.88,EUR/AED,SWIFT_MT103,Enhanced_Due_Diligence,Clean_NoHit,2.50,0
SWIFT_W92862,HSBCGB2L,SBININBB,SG,CA,1817.26,EUR/AED,SEPA_Instant_Credit,Enhanced_Due_Diligence,Clean_NoHit,29.58,0
SWIFT_W91040,SANTRSMM,UBSWCHZH,CH,DE,802.31,EUR/SGD,SWIFT_MT103,Standard_Risk,Clean_NoHit,0.39,0
SWIFT_W92225,HDFCINBB,STANHKHH,CH,CA,64660.66,EUR/CHF,ISO20022_pacs008,Low_Risk,Cleared_FalsePositive,83.37,1
SWIFT_W92468,HSBCGB2L,SMBCJPJT,AE,JP,801.99,EUR/USD,SWIFT_MT103,Standard_Risk,Clean_NoHit,0.41,0
SWIFT_W92425,HSBCGB2L,SMBCJPJT,SG,US,809.48,EUR/JPY,SWIFT_MT103,Low_Risk,Clean_NoHit,3.09,0
SWIFT_W92081,DEUTDEDD,SBININBB,FR,CA,72600.44,EUR/CHF,SEPA_Instant_Credit,Low_Risk,Cleared_FalsePositive,119.59,1
SWIFT_W91993,HSBCGB2L,STANHKHH,AU,GB,821.88,EUR/JPY,SWIFT_MT103,Standard_Risk,Clean_NoHit,0.90,0
SWIFT_W92797,HDFCINBB,SBININBB,NL,CH,3400.87,EUR/AED,SEPA_Instant_Credit,Enhanced_Due_Diligence,Clean_NoHit,32.15,0
SWIFT_W91682,HDFCINBB,RABONL2U,AE,JP,1102.76,EUR/SGD,SWIFT_MT103,Standard_Risk,Clean_NoHit,3.94,0
SWIFT_W90909,SANTRSMM,UBSWCHZH,AE,SG,800.71,USD/JPY,SWIFT_MT103,Standard_Risk,Clean_NoHit,0.29,0
SWIFT_W90994,HDFCINBB,SMBCJPJT,CH,DE,48954.09,USD/CAD,SEPA_Instant_Credit,PEP_Politically_Exposed,Clean_NoHit,63.72,0
SWIFT_W92288,DBSSHKHH,SBININBB,AU,DE,28141.82,EUR/CHF,SEPA_Instant_Credit,PEP_Politically_Exposed,Clean_NoHit,34.53,0
SWIFT_W92737,HDFCINBB,SBININBB,IN,CA,13420.40,EUR/CHF,SEPA_Instant_Credit,Enhanced_Due_Diligence,Clean_NoHit,58.06,0
SWIFT_W91540,DEUTDEDD,SMBCJPJT,CH,GB,49811.34,EUR/USD,SEPA_Instant_Credit,Low_Risk,Clean_NoHit,83.32,0
SWIFT_W92792,DEUTDEDD,BARCGB22,IN,DE,2779.93,EUR/AED,SEPA_Instant_Credit,Enhanced_Due_Diligence,Clean_NoHit,48.55,0
SWIFT_W92439,HSBCGB2L,UBSWCHZH,AU,AU,7744.75,EUR/AED,Fedwire_Funds,Low_Risk,Clean_NoHit,34.11,0
SWIFT_W92962,HSBCGB2L,STANHKHH,SG,DE,810.82,EUR/AED,SWIFT_MT103,Enhanced_Due_Diligence,Clean_NoHit,0.95,0
SWIFT_W92745,DEUTDEDD,SMBCJPJT,AE,CH,1812.36,EUR/CHF,SEPA_Instant_Credit,Standard_Risk,Clean_NoHit,4.97,0
SWIFT_W92703,HDFCINBB,SMBCJPJT,AU,CH,12492.02,EUR/CHF,ISO20022_pacs008,PEP_Politically_Exposed,Clean_NoHit,18.22,0
SWIFT_W91338,HSBCGB2L,STANHKHH,AU,ES,17239.44,EUR/USD,ISO20022_pacs008,Low_Risk,Clean_NoHit,59.28,0
SWIFT_W92501,DEUTDEDD,STANHKHH,CH,CA,32448.78,EUR/CHF,ISO20022_pacs008,Enhanced_Due_Diligence,Cleared_FalsePositive,68.06,1
SWIFT_W92682,DEUTDEDD,SMBCJPJT,FR,ES,3748.15,EUR/AED,SEPA_Instant_Credit,Low_Risk,Clean_NoHit,15.45,0
SWIFT_W92687,HDFCINBB,INGBNL2A,NL,CA,10410.51,EUR/CHF,SEPA_Instant_Credit,Enhanced_Due_Diligence,Clean_NoHit,101.57,0
SWIFT_W91784,DEUTDEDD,SMBCJPJT,CH,CH,220215.08,EUR/INR,ISO20022_pacs008,Low_Risk,Cleared_FalsePositive,126.11,1
SWIFT_W90890,SANTRSMM,UBSWCHZH,AE,ES,801.54,USD/CAD,SWIFT_MT103,Standard_Risk,Clean_NoHit,0.32,0
SWIFT_W92867,HDFCINBB,INGBNL2A,FR,ES,1479.54,EUR/AED,SWIFT_MT103,Low_Risk,Clean_NoHit,6.35,0
SWIFT_W90839,SANTRSMM,UBSWCHZH,AU,SG,800.64,USD/JPY,SWIFT_MT103,Standard_Risk,Clean_NoHit,0.30,0
SWIFT_W92869,HSBCGB2L,STANHKHH,CH,AU,4829.85,EUR/AED,Fedwire_Funds,Enhanced_Due_Diligence,Clean_NoHit,10.45,0
SWIFT_W91617,HSBCGB2L,STANHKHH,AU,DE,938.08,EUR/SGD,SWIFT_MT103,PEP_Politically_Exposed,Clean_NoHit,1.71,0
SWIFT_W92389,DEUTDEDD,RABONL2U,AU,DE,106009.16,EUR/GBP,ISO20022_pacs008,Low_Risk,Cleared_FalsePositive,96.27,1
SWIFT_W92491,DEUTDEDD,RABONL2U,CH,AU,30851.31,EUR/CHF,SEPA_Instant_Credit,Enhanced_Due_Diligence,Cleared_FalsePositive,91.30,1
SWIFT_W92252,HDFCINBB,STANHKHH,AU,CA,35748.08,EUR/CHF,Fedwire_Funds,Low_Risk,Clean_NoHit,67.54,0
SWIFT_W92589,HDFCINBB,SBININBB,AU,AU,14038.61,EUR/CHF,ISO20022_pacs008,Enhanced_Due_Diligence,Cleared_FalsePositive,85.43,1
SWIFT_W92644,HDFCINBB,STANHKHH,AU,AU,15836.72,EUR/AED,Fedwire_Funds,Enhanced_Due_Diligence,Clean_NoHit,34.67,0
SWIFT_W92745,DEUTDEDD,BARCGB22,NL,GB,2278.25,EUR/AED,SWIFT_MT103,Low_Risk,Clean_NoHit,34.39,0
SWIFT_W92594,HDFCINBB,STANHKHH,AU,CA,26938.18,EUR/CHF,Fedwire_Funds,Low_Risk,Cleared_FalsePositive,64.22,1
SWIFT_W92002,HDFCINBB,SBININBB,AU,JP,874.73,EUR/JPY,SWIFT_MT103,Standard_Risk,Clean_NoHit,1.84,0
SWIFT_W92761,DEUTDEDD,INGBNL2A,IN,DE,5357.04,EUR/AED,SEPA_Instant_Credit,Low_Risk,Clean_NoHit,30.55,0
SWIFT_W92737,HSBCGB2L,STANHKHH,AU,AU,8917.17,EUR/CHF,Fedwire_Funds,Enhanced_Due_Diligence,Clean_NoHit,47.98,1
SWIFT_W91041,HSBCGB2L,STANHKHH,AU,SG,800.78,USD/CAD,SWIFT_MT103,Standard_Risk,Clean_NoHit,0.32,0
SWIFT_W92776,SANTRSMM,UBSWCHZH,DE,CH,912.75,EUR/GBP,SEPA_Instant_Credit,Low_Risk,Clean_NoHit,1.92,0
SWIFT_W91531,DEUTDEDD,SMBCJPJT,FR,GB,9769.15,EUR/USD,SWIFT_MT103,Low_Risk,Clean_NoHit,42.86,0
SWIFT_W92385,HDFCINBB,STANHKHH,DE,CA,33201.01,EUR/INR,SEPA_Instant_Credit,Enhanced_Due_Diligence,Clean_NoHit,79.69,0
SWIFT_W91271,HDFCINBB,SMBCJPJT,AU,SG,971.29,USD/CAD,SWIFT_MT103,Standard_Risk,Clean_NoHit,4.08,0
SWIFT_W92086,DBSSHKHH,SBININBB,FR,DE,140201.98,EUR/GBP,SEPA_Instant_Credit,Low_Risk,Cleared_FalsePositive,154.48,0
SWIFT_W91211,DEUTDEDD,SMBCJPJT,CH,DE,23195.24,EUR/USD,SEPA_Instant_Credit,PEP_Politically_Exposed,Clean_NoHit,58.62,0
SWIFT_W92090,DBSSHKHH,RABONL2U,DE,DE,181275.92,EUR/INR,SEPA_Instant_Credit,Low_Risk,Cleared_FalsePositive,164.34,1
SWIFT_W91140,HDFCINBB,STANHKHH,CH,CA,43042.32,EUR/GBP,ISO20022_pacs008,PEP_Politically_Exposed,Clean_NoHit,52.08,0
SWIFT_W92713,HDFCINBB,SBININBB,FR,CA,21593.68,EUR/CHF,ISO20022_pacs008,Enhanced_Due_Diligence,Clean_NoHit,63.62,0
SWIFT_W91869,SANTRSMM,STANHKHH,GB,ES,859.37,EUR/USD,SWIFT_MT103,PEP_Politically_Exposed,Clean_NoHit,2.31,0
SWIFT_W92794,HDFCINBB,INGBNL2A,DE,CA,13057.18,EUR/AED,ISO20022_pacs008,Enhanced_Due_Diligence,Cleared_FalsePositive,31.06,0
SWIFT_W90932,HSBCGB2L,STANHKHH,AE,DE,7070.02,EUR/USD,SEPA_Instant_Credit,Standard_Risk,Clean_NoHit,29.04,0
SWIFT_W92773,DEUTDEDD,INGBNL2A,GB,DE,5861.65,EUR/AED,SEPA_Instant_Credit,Enhanced_Due_Diligence,Clean_NoHit,38.21,0
SWIFT_W92838,HSBCGB2L,SMBCJPJT,NL,AU,3732.90,EUR/AED,ISO20022_pacs008,Enhanced_Due_Diligence,Clean_NoHit,25.92,0
SWIFT_W92661,DBSSHKHH,FABAEADX,AU,DE,15198.45,EUR/GBP,SEPA_Instant_Credit,PEP_Politically_Exposed,Clean_NoHit,35.15,0
SWIFT_W92808,HSBCGB2L,SBININBB,SG,CA,2993.59,EUR/CHF,SEPA_Instant_Credit,Enhanced_Due_Diligence,Clean_NoHit,43.92,0
SWIFT_W92431,HDFCINBB,STANHKHH,CH,CA,41722.62,EUR/CHF,Fedwire_Funds,Enhanced_Due_Diligence,Cleared_FalsePositive,77.18,0
SWIFT_W90590,SANTRSMM,UBSWCHZH,AE,SG,800.56,USD/JPY,SWIFT_MT103,Standard_Risk,Clean_NoHit,0.25,0
SWIFT_W92832,SANTRSMM,UBSWCHZH,DE,AU,858.93,EUR/AED,SEPA_Instant_Credit,PEP_Politically_Exposed,Clean_NoHit,0.76,0
SWIFT_W92031,HDFCINBB,STANHKHH,AE,CA,11759.56,EUR/SGD,SEPA_Instant_Credit,PEP_Politically_Exposed,Clean_NoHit,31.63,0
SWIFT_W92626,HSBCGB2L,STANHKHH,CH,AU,9316.82,EUR/AED,Fedwire_Funds,Low_Risk,Clean_NoHit,14.18,0
SWIFT_W92587,SANTRSMM,UBSWCHZH,AE,AU,1167.09,EUR/AED,CHAPS_GBP,PEP_Politically_Exposed,Clean_NoHit,7.86,0
SWIFT_W92498,SANTRSMM,UBSWCHZH,AE,AE,1873.45,EUR/AED,Fedwire_Funds,PEP_Politically_Exposed,Clean_NoHit,6.43,0
SWIFT_W91578,SANTRSMM,UBSWCHZH,AU,US,800.53,USD/JPY,SWIFT_MT103,Standard_Risk,Clean_NoHit,0.20,0
SWIFT_W92896,DEUTDEDD,INGBNL2A,FR,DE,1804.26,EUR/AED,SEPA_Instant_Credit,Enhanced_Due_Diligence,Clean_NoHit,11.60,0
SWIFT_W92546,DEUTDEDD,SBININBB,AU,CA,44639.32,EUR/CHF,ISO20022_pacs008,Low_Risk,Cleared_FalsePositive,73.35,1
SWIFT_W92243,HSBCGB2L,UBSWCHZH,GB,CH,6980.51,EUR/CHF,SEPA_Instant_Credit,Low_Risk,Clean_NoHit,17.93,0
SWIFT_W92419,DBSSHKHH,SMBCJPJT,CH,CH,29017.06,EUR/CHF,SEPA_Instant_Credit,Low_Risk,Clean_NoHit,37.44,0
SWIFT_W92396,HSBCGB2L,SBININBB,DE,SG,802.21,EUR/SGD,SWIFT_MT103,Standard_Risk,Clean_NoHit,0.60,0
SWIFT_W92230,DEUTDEDD,RABONL2U,FR,CA,88864.78,EUR/GBP,SEPA_Instant_Credit,Enhanced_Due_Diligence,Cleared_FalsePositive,160.38,1
SWIFT_W91906,DBSSHKHH,RABONL2U,CH,CH,277410.34,EUR/GBP,ISO20022_pacs008,Low_Risk,Cleared_FalsePositive,150.66,1
SWIFT_W92066,DBSSHKHH,RABONL2U,CH,DE,171348.66,EUR/INR,ISO20022_pacs008,PEP_Politically_Exposed,Cleared_FalsePositive,101.42,0
SWIFT_W92439,HDFCINBB,RABONL2U,GB,CA,44794.18,EUR/CHF,SEPA_Instant_Credit,Enhanced_Due_Diligence,Cleared_FalsePositive,121.36,0
SWIFT_W92304,DEUTDEDD,SMBCJPJT,CH,CA,52373.85,EUR/CHF,ISO20022_pacs008,Enhanced_Due_Diligence,Cleared_FalsePositive,58.59,0
SWIFT_W90948,HSBCGB2L,UBSWCHZH,AE,SG,812.76,USD/JPY,SWIFT_MT103,Standard_Risk,Clean_NoHit,1.02,0
SWIFT_W92437,DEUTDEDD,BCOPESMM,NL,GB,1534.41,EUR/CHF,SWIFT_MT103,Low_Risk,Clean_NoHit,24.08,0
SWIFT_W92052,HDFCINBB,RABONL2U,FR,JP,1531.80,EUR/CHF,SWIFT_MT103,Low_Risk,Clean_NoHit,13.26,0
SWIFT_W92137,DBSSHKHH,SBININBB,CH,CA,115927.67,EUR/GBP,SEPA_Instant_Credit,Low_Risk,Cleared_FalsePositive,161.17,1
SWIFT_W92018,HSBCGB2L,STANHKHH,AE,SG,800.74,EUR/USD,SWIFT_MT103,Standard_Risk,Clean_NoHit,0.25,0
SWIFT_W92507,HDFCINBB,STANHKHH,CH,CA,29081.08,EUR/CHF,ISO20022_pacs008,Enhanced_Due_Diligence,Cleared_FalsePositive,123.95,1
SWIFT_W92485,HDFCINBB,STANHKHH,AU,AU,20992.02,EUR/CHF,Fedwire_Funds,Enhanced_Due_Diligence,Clean_NoHit,29.64,0
SWIFT_W92052,DBSSHKHH,INGBNL2A,DE,CH,138405.23,EUR/GBP,SEPA_Instant_Credit,Low_Risk,Cleared_FalsePositive,164.74,1
SWIFT_W92257,HDFCINBB,STANHKHH,FR,DE,6197.34,EUR/AED,ISO20022_pacs008,PEP_Politically_Exposed,Clean_NoHit,11.84,0
SWIFT_W91818,HDFCINBB,SMBCJPJT,AE,US,800.78,EUR/JPY,SWIFT_MT103,Standard_Risk,Clean_NoHit,0.29,0
SWIFT_W91662,DBSSHKHH,INGBNL2A,DE,JP,9440.75,EUR/GBP,SWIFT_MT103,Low_Risk,Clean_NoHit,41.47,0
SWIFT_W92551,DEUTDEDD,INGBNL2A,IN,CH,19499.20,EUR/CHF,SEPA_Instant_Credit,Enhanced_Due_Diligence,Cleared_FalsePositive,83.92,0
SWIFT_W92249,DBSSHKHH,SBININBB,FR,CH,68069.83,EUR/GBP,SEPA_Instant_Credit,Enhanced_Due_Diligence,Cleared_FalsePositive,186.50,1
SWIFT_W92776,HDFCINBB,SBININBB,IN,AU,11229.53,EUR/CHF,SEPA_Instant_Credit,Enhanced_Due_Diligence,Clean_NoHit,68.11,0
SWIFT_W92130,HDFCINBB,SMBCJPJT,NL,ES,14636.15,EUR/JPY,SEPA_Instant_Credit,Enhanced_Due_Diligence,Clean_NoHit,76.60,0
SWIFT_W92066,DBSSHKHH,FABAEADX,CH,DE,100924.99,EUR/GBP,SEPA_Instant_Credit,Low_Risk,Cleared_FalsePositive,144.89,1
SWIFT_W92238,DEUTDEDD,SBININBB,CH,CH,88170.93,EUR/CHF,ISO20022_pacs008,Low_Risk,Cleared_FalsePositive,115.18,1
SWIFT_W91834,DEUTDEDD,SBININBB,AU,GB,1061.49,EUR/INR,SWIFT_MT103,Standard_Risk,Clean_NoHit,3.05,0
SWIFT_W92964,SANTRSMM,INGBNL2A,US,CH,849.03,EUR/AED,SEPA_Instant_Credit,Enhanced_Due_Diligence,Clean_NoHit,9.17,0
SWIFT_W92224,DEUTDEDD,RABONL2U,FR,CH,195645.77,EUR/INR,SEPA_Instant_Credit,Low_Risk,Cleared_FalsePositive,117.33,0
SWIFT_W91026,HSBCGB2L,STANHKHH,AE,CH,1314.79,EUR/INR,SEPA_Instant_Credit,Standard_Risk,Clean_NoHit,5.24,0
SWIFT_W91493,HSBCGB2L,STANHKHH,NL,DE,1839.00,EUR/INR,SWIFT_MT103,PEP_Politically_Exposed,Clean_NoHit,9.84,0
SWIFT_W92026,DBSSHKHH,SBININBB,CH,CH,204925.91,EUR/GBP,ISO20022_pacs008,Low_Risk,Cleared_FalsePositive,151.53,1
SWIFT_W92557,HDFCINBB,STANHKHH,AU,CA,18096.21,EUR/AED,Fedwire_Funds,Low_Risk,Clean_NoHit,30.51,0
SWIFT_W92253,HSBCGB2L,STANHKHH,DE,CH,3191.68,EUR/AED,ISO20022_pacs008,PEP_Politically_Exposed,Clean_NoHit,6.28,0
SWIFT_W92919,HSBCGB2L,INGBNL2A,SG,GB,835.09,EUR/AED,SWIFT_MT103,Enhanced_Due_Diligence,Clean_NoHit,4.10,0
SWIFT_W92612,DEUTDEDD,SBININBB,FR,AU,13959.94,EUR/AED,ISO20022_pacs008,Enhanced_Due_Diligence,Cleared_FalsePositive,51.56,0
SWIFT_W92679,HDFCINBB,SMBCJPJT,AU,AU,12905.47,EUR/AED,Fedwire_Funds,Enhanced_Due_Diligence,Cleared_FalsePositive,49.05,1
SWIFT_W91666,HDFCINBB,STANHKHH,AU,DE,19466.63,EUR/JPY,SEPA_Instant_Credit,Low_Risk,Clean_NoHit,39.08,0
SWIFT_W92415,DBSSHKHH,SBININBB,AU,DE,11721.18,EUR/AED,SEPA_Instant_Credit,PEP_Politically_Exposed,Clean_NoHit,27.30,0
SWIFT_W92301,HDFCINBB,SBININBB,AU,SG,812.21,EUR/INR,SWIFT_MT103,Standard_Risk,Clean_NoHit,0.97,0
SWIFT_W92625,HDFCINBB,STANHKHH,CH,AU,13450.31,EUR/AED,ISO20022_pacs008,Low_Risk,Clean_NoHit,22.37,0
SWIFT_W92558,DBSSHKHH,INGBNL2A,DE,ES,34227.59,EUR/CHF,SEPA_Instant_Credit,Low_Risk,Cleared_FalsePositive,71.12,0
SWIFT_W92747,HSBCGB2L,UBSWCHZH,AU,AU,6111.38,EUR/AED,Fedwire_Funds,Enhanced_Due_Diligence,Clean_NoHit,34.48,1
SWIFT_W92717,DBSSHKHH,FABAEADX,GB,ES,7986.90,EUR/AED,SEPA_Instant_Credit,Low_Risk,Clean_NoHit,36.54,0
SWIFT_W92128,HDFCINBB,STANHKHH,CH,CA,40762.39,EUR/INR,ISO20022_pacs008,Enhanced_Due_Diligence,Clean_NoHit,76.74,0
SWIFT_W92168,DEUTDEDD,STANHKHH,CH,CH,39396.20,EUR/GBP,ISO20022_pacs008,Enhanced_Due_Diligence,Cleared_FalsePositive,119.46,1
SWIFT_W90661,HSBCGB2L,STANHKHH,AE,GB,1751.42,USD/CAD,SWIFT_MT103,Standard_Risk,Clean_NoHit,6.20,0
SWIFT_W92801,HDFCINBB,INGBNL2A,SG,DE,3929.16,EUR/CHF,SEPA_Instant_Credit,Enhanced_Due_Diligence,Clean_NoHit,53.62,0
SWIFT_W91858,DBSSHKHH,RABONL2U,CH,DE,235897.50,EUR/INR,SEPA_Instant_Credit,Low_Risk,Cleared_FalsePositive,168.21,1
SWIFT_W92774,HDFCINBB,SBININBB,DE,ES,1794.39,EUR/AED,SEPA_Instant_Credit,Low_Risk,Clean_NoHit,7.12,0
SWIFT_W91890,HDFCINBB,STANHKHH,AU,CH,35306.83,EUR/JPY,ISO20022_pacs008,Low_Risk,Clean_NoHit,115.64,1
SWIFT_W90592,SANTRSMM,UBSWCHZH,AU,SG,800.64,USD/JPY,SWIFT_MT103,Standard_Risk,Clean_NoHit,0.34,0
SWIFT_W90297,SANTRSMM,UBSWCHZH,AE,DE,1261.26,EUR/USD,SEPA_Instant_Credit,Standard_Risk,Clean_NoHit,7.60,0
SWIFT_W92484,DEUTDEDD,FABAEADX,GB,CH,46949.85,EUR/GBP,SEPA_Instant_Credit,Enhanced_Due_Diligence,Cleared_FalsePositive,134.16,0
SWIFT_W92682,HDFCINBB,SBININBB,IN,SG,916.95,EUR/GBP,SWIFT_MT103,Low_Risk,Clean_NoHit,6.87,0
SWIFT_W92841,HSBCGB2L,STANHKHH,IN,CA,2769.53,EUR/AED,SEPA_Instant_Credit,Enhanced_Due_Diligence,Clean_NoHit,8.41,0
SWIFT_W92362,SANTRSMM,SMBCJPJT,SG,JP,802.17,EUR/SGD,SWIFT_MT103,Low_Risk,Clean_NoHit,0.95,0
SWIFT_W91452,DEUTDEDD,SMBCJPJT,CH,CH,79901.40,EUR/SGD,SEPA_Instant_Credit,Low_Risk,Clean_NoHit,95.27,0
SWIFT_W92068,DBSSHKHH,RABONL2U,CH,DE,196895.52,EUR/GBP,SEPA_Instant_Credit,Low_Risk,Cleared_FalsePositive,130.06,1
SWIFT_W91758,HSBCGB2L,SMBCJPJT,NL,JP,807.95,EUR/INR,SWIFT_MT103,PEP_Politically_Exposed,Clean_NoHit,1.67,0
SWIFT_W92162,DBSSHKHH,SBININBB,CH,CH,148988.55,EUR/GBP,ISO20022_pacs008,Low_Risk,Cleared_FalsePositive,139.13,1
SWIFT_W92669,HDFCINBB,SMBCJPJT,IN,CH,15494.33,EUR/CHF,SEPA_Instant_Credit,Enhanced_Due_Diligence,Clean_NoHit,55.09,0
SWIFT_W91680,SANTRSMM,UBSWCHZH,AU,SG,800.64,USD/CAD,SWIFT_MT103,Standard_Risk,Clean_NoHit,0.27,0
SWIFT_W91987,DEUTDEDD,STANHKHH,CH,DE,50931.12,EUR/SGD,SEPA_Instant_Credit,Enhanced_Due_Diligence,Cleared_FalsePositive,142.52,0
SWIFT_W91561,HSBCGB2L,SMBCJPJT,GB,JP,1530.98,EUR/SGD,SWIFT_MT103,PEP_Politically_Exposed,Clean_NoHit,13.23,0
SWIFT_W92868,HDFCINBB,SMBCJPJT,AU,AU,4406.80,EUR/AED,Fedwire_Funds,Enhanced_Due_Diligence,Cleared_FalsePositive,22.36,1
SWIFT_W92451,DEUTDEDD,SBININBB,GB,CH,13265.29,EUR/CHF,SEPA_Instant_Credit,Enhanced_Due_Diligence,Clean_NoHit,38.82,0
SWIFT_W92416,DEUTDEDD,BCOPESMM,IN,ES,34571.74,EUR/GBP,SEPA_Instant_Credit,Enhanced_Due_Diligence,Cleared_FalsePositive,163.72,0
SWIFT_W92801,HDFCINBB,INGBNL2A,IN,DE,1980.09,EUR/AED,SEPA_Instant_Credit,Low_Risk,Clean_NoHit,13.23,0
SWIFT_W92074,HDFCINBB,SMBCJPJT,AU,CA,75924.62,EUR/CHF,ISO20022_pacs008,PEP_Politically_Exposed,Clean_NoHit,63.17,0
SWIFT_W91833,DEUTDEDD,SBININBB,FR,GB,23670.35,EUR/USD,SWIFT_MT103,Low_Risk,Clean_NoHit,88.25,0
SWIFT_W92535,DEUTDEDD,RABONL2U,AU,CA,33413.15,EUR/CHF,ISO20022_pacs008,Enhanced_Due_Diligence,Cleared_FalsePositive,113.36,1
SWIFT_W92973,HSBCGB2L,FABAEADX,SG,GB,806.01,EUR/AED,SWIFT_MT103,Enhanced_Due_Diligence,Clean_NoHit,1.66,0
SWIFT_W92315,DEUTDEDD,STANHKHH,CH,CH,39394.58,EUR/CHF,ISO20022_pacs008,Low_Risk,Cleared_FalsePositive,64.03,0
SWIFT_W92888,HDFCINBB,INGBNL2A,DE,GB,2197.08,EUR/AED,SWIFT_MT103,Low_Risk,Clean_NoHit,12.43,0
SWIFT_W92505,DEUTDEDD,STANHKHH,DE,CH,40085.92,EUR/INR,ISO20022_pacs008,Enhanced_Due_Diligence,Clean_NoHit,74.93,0
SWIFT_W92449,DEUTDEDD,SBININBB,CH,ES,41665.35,EUR/INR,SEPA_Instant_Credit,PEP_Politically_Exposed,Clean_NoHit,57.43,0
SWIFT_W92298,HDFCINBB,SMBCJPJT,AU,SG,843.39,EUR/INR,SWIFT_MT103,Standard_Risk,Clean_NoHit,2.16,0
SWIFT_W91704,HDFCINBB,SMBCJPJT,DE,JP,15746.71,EUR/USD,SWIFT_MT103,Low_Risk,Clean_NoHit,49.60,0
SWIFT_W91459,DEUTDEDD,SMBCJPJT,AU,DE,73330.22,EUR/SGD,SEPA_Instant_Credit,Low_Risk,Clean_NoHit,111.79,0
SWIFT_W91481,HSBCGB2L,UBSWCHZH,DE,DE,4928.36,EUR/GBP,SEPA_Instant_Credit,PEP_Politically_Exposed,Clean_NoHit,13.90,0
SWIFT_W91376,DEUTDEDD,SMBCJPJT,AU,DE,32224.00,EUR/SGD,SEPA_Instant_Credit,PEP_Politically_Exposed,Clean_NoHit,63.69,0
SWIFT_W92971,HSBCGB2L,BARCGB22,US,GB,819.51,EUR/AED,SWIFT_MT103,Enhanced_Due_Diligence,Clean_NoHit,12.56,0
SWIFT_W91928,SANTRSMM,UBSWCHZH,AE,SG,800.58,USD/CAD,SWIFT_MT103,Standard_Risk,Clean_NoHit,0.24,0
SWIFT_W92622,DEUTDEDD,BCOPESMM,NL,DE,13087.30,EUR/GBP,SEPA_Instant_Credit,Enhanced_Due_Diligence,Cleared_FalsePositive,176.92,0
SWIFT_W92744,HSBCGB2L,SMBCJPJT,SG,CA,3539.45,EUR/CHF,SEPA_Instant_Credit,Enhanced_Due_Diligence,Clean_NoHit,18.86,0
SWIFT_W92533,HDFCINBB,SMBCJPJT,DE,CA,9040.54,EUR/AED,SEPA_Instant_Credit,Low_Risk,Clean_NoHit,15.32,0
SWIFT_W91839,HSBCGB2L,STANHKHH,GB,JP,929.77,EUR/SGD,SWIFT_MT103,PEP_Politically_Exposed,Clean_NoHit,3.39,0
SWIFT_W92230,HDFCINBB,STANHKHH,IN,CA,16710.90,EUR/GBP,SEPA_Instant_Credit,Enhanced_Due_Diligence,Clean_NoHit,59.09,0
SWIFT_W92589,HSBCGB2L,STANHKHH,CH,CA,15915.18,EUR/CHF,Fedwire_Funds,Low_Risk,Clean_NoHit,22.29,0
SWIFT_W92517,SANTRSMM,UBSWCHZH,GB,JP,805.42,EUR/INR,SWIFT_MT103,PEP_Politically_Exposed,Clean_NoHit,0.63,0
SWIFT_W92027,DBSSHKHH,SBININBB,CH,CH,311693.41,EUR/INR,ISO20022_pacs008,Low_Risk,Cleared_FalsePositive,139.00,1
SWIFT_W92705,DEUTDEDD,SMBCJPJT,AU,CH,34004.08,EUR/CHF,ISO20022_pacs008,Low_Risk,Clean_NoHit,28.42,0
SWIFT_W92478,SANTRSMM,STANHKHH,NL,SG,800.55,EUR/SGD,SWIFT_MT103,Standard_Risk,Clean_NoHit,0.24,0
SWIFT_W90586,SANTRSMM,UBSWCHZH,AE,JP,800.73,USD/JPY,SWIFT_MT103,Standard_Risk,Clean_NoHit,0.27,0
SWIFT_W92692,HDFCINBB,STANHKHH,AU,AU,9137.46,EUR/AED,Fedwire_Funds,Enhanced_Due_Diligence,Cleared_FalsePositive,39.54,1
SWIFT_W91424,DEUTDEDD,SMBCJPJT,AU,DE,62592.90,EUR/USD,SEPA_Instant_Credit,Low_Risk,Clean_NoHit,112.86,0
SWIFT_W92111,DEUTDEDD,SBININBB,DE,CA,146697.47,EUR/GBP,SEPA_Instant_Credit,Low_Risk,Cleared_FalsePositive,137.55,1
SWIFT_W92938,HSBCGB2L,RABONL2U,GB,SG,800.58,EUR/AED,SWIFT_MT103,Standard_Risk,Clean_NoHit,0.25,0
SWIFT_W92937,HSBCGB2L,SBININBB,SG,ES,1016.79,EUR/AED,SWIFT_MT103,Enhanced_Due_Diligence,Clean_NoHit,7.50,0
SWIFT_W92601,HDFCINBB,SMBCJPJT,AU,AU,28605.71,EUR/CHF,Fedwire_Funds,Enhanced_Due_Diligence,Cleared_FalsePositive,68.27,1
SWIFT_W92679,HSBCGB2L,UBSWCHZH,AU,AU,5629.48,EUR/AED,Fedwire_Funds,Enhanced_Due_Diligence,Clean_NoHit,32.10,1
SWIFT_W92035,HDFCINBB,SMBCJPJT,AU,CA,8438.52,EUR/INR,SEPA_Instant_Credit,Standard_Risk,Clean_NoHit,15.69,0
SWIFT_W92773,DEUTDEDD,SMBCJPJT,AU,CA,13408.15,EUR/AED,ISO20022_pacs008,PEP_Politically_Exposed,Clean_NoHit,18.77,0
SWIFT_W91845,HSBCGB2L,STANHKHH,AU,CA,23443.37,EUR/GBP,ISO20022_pacs008,PEP_Politically_Exposed,Clean_NoHit,68.12,0
SWIFT_W91688,SANTRSMM,UBSWCHZH,AE,CA,800.75,EUR/CHF,SWIFT_MT103,Standard_Risk,Clean_NoHit,0.24,0
SWIFT_W92896,HSBCGB2L,SBININBB,US,CH,1206.13,EUR/AED,SEPA_Instant_Credit,Enhanced_Due_Diligence,Clean_NoHit,12.80,0
SWIFT_W91111,DEUTDEDD,SMBCJPJT,AU,DE,35422.52,EUR/JPY,SEPA_Instant_Credit,Standard_Risk,Clean_NoHit,38.90,0
SWIFT_W91839,HDFCINBB,SMBCJPJT,CH,SG,902.28,EUR/SGD,SWIFT_MT103,Standard_Risk,Clean_NoHit,3.00,0
SWIFT_W92516,HSBCGB2L,STANHKHH,SG,ES,1089.69,EUR/AED,SWIFT_MT103,Enhanced_Due_Diligence,Clean_NoHit,9.54,0
SWIFT_W92352,HSBCGB2L,STANHKHH,FR,CH,17390.90,EUR/CHF,ISO20022_pacs008,Enhanced_Due_Diligence,Clean_NoHit,35.76,0
SWIFT_W92878,SANTRSMM,SMBCJPJT,NL,US,800.55,EUR/AED,SWIFT_MT103,PEP_Politically_Exposed,Clean_NoHit,0.25,0
SWIFT_W91474,SANTRSMM,UBSWCHZH,DE,JP,815.16,EUR/USD,SWIFT_MT103,Standard_Risk,Clean_NoHit,1.07,0
SWIFT_W91383,DEUTDEDD,STANHKHH,AU,DE,51064.96,EUR/SGD,SEPA_Instant_Credit,Low_Risk,Clean_NoHit,116.36,0
SWIFT_W92932,DBSSHKHH,FABAEADX,AE,DE,1952.60,EUR/AED,SEPA_Instant_Credit,PEP_Politically_Exposed,Clean_NoHit,8.01,0
SWIFT_W92181,DBSSHKHH,FABAEADX,DE,CH,130220.66,EUR/GBP,SEPA_Instant_Credit,Low_Risk,Cleared_FalsePositive,139.10,1
SWIFT_W91722,HSBCGB2L,UBSWCHZH,AU,CH,2480.07,EUR/INR,SEPA_Instant_Credit,Low_Risk,Clean_NoHit,13.75,0
SWIFT_W92050,HDFCINBB,SBININBB,NL,ES,4693.54,EUR/INR,SWIFT_MT103,Low_Risk,Clean_NoHit,31.42,0
SWIFT_W92488,HDFCINBB,STANHKHH,AU,AU,24661.87,EUR/CHF,ISO20022_pacs008,Low_Risk,Cleared_FalsePositive,93.94,1
SWIFT_W91499,HSBCGB2L,STANHKHH,FR,GB,819.52,EUR/JPY,SWIFT_MT103,Standard_Risk,Clean_NoHit,1.13,0
SWIFT_W92185,HSBCGB2L,SMBCJPJT,DE,US,800.68,EUR/USD,SWIFT_MT103,Standard_Risk,Clean_NoHit,0.33,0
SWIFT_W90731,SANTRSMM,UBSWCHZH,AU,SG,800.58,EUR/USD,SWIFT_MT103,Standard_Risk,Clean_NoHit,0.23,0
SWIFT_W91931,HDFCINBB,SMBCJPJT,AE,SG,805.23,EUR/USD,SWIFT_MT103,Standard_Risk,Clean_NoHit,0.65,0
SWIFT_W92247,DBSSHKHH,RABONL2U,AU,CH,148454.89,EUR/INR,ISO20022_pacs008,Low_Risk,Cleared_FalsePositive,134.48,1
SWIFT_W92022,DEUTDEDD,SBININBB,GB,ES,49242.02,EUR/SGD,SWIFT_MT103,Enhanced_Due_Diligence,Clean_NoHit,133.25,0
SWIFT_W92161,HSBCGB2L,STANHKHH,CH,CA,59037.32,EUR/CHF,Fedwire_Funds,Low_Risk,Clean_NoHit,59.79,1
SWIFT_W92419,HSBCGB2L,STANHKHH,SG,JP,987.13,EUR/JPY,SWIFT_MT103,Enhanced_Due_Diligence,Clean_NoHit,6.78,0
SWIFT_W92023,HDFCINBB,SMBCJPJT,DE,GB,4482.16,EUR/GBP,SWIFT_MT103,PEP_Politically_Exposed,Clean_NoHit,12.90,0
SWIFT_W92301,DBSSHKHH,INGBNL2A,DE,CA,38735.07,EUR/CHF,SEPA_Instant_Credit,Enhanced_Due_Diligence,Cleared_FalsePositive,128.77,1
SWIFT_W92309,SANTRSMM,UBSWCHZH,CH,DE,810.07,EUR/JPY,SWIFT_MT103,PEP_Politically_Exposed,Clean_NoHit,0.63,0
SWIFT_W92357,HDFCINBB,SMBCJPJT,AU,CA,50133.87,EUR/CHF,Fedwire_Funds,PEP_Politically_Exposed,Clean_NoHit,59.67,0
SWIFT_W91628,HDFCINBB,SBININBB,AU,CH,63890.42,EUR/SGD,SEPA_Instant_Credit,Standard_Risk,Clean_NoHit,68.65,0
SWIFT_W92514,HSBCGB2L,INGBNL2A,NL,SG,883.51,EUR/CHF,SWIFT_MT103,PEP_Politically_Exposed,Clean_NoHit,4.72,0
SWIFT_W92673,HDFCINBB,FABAEADX,NL,SG,813.45,EUR/GBP,SWIFT_MT103,PEP_Politically_Exposed,Clean_NoHit,3.64,0
SWIFT_W92746,HSBCGB2L,STANHKHH,DE,AU,7551.54,EUR/AED,ISO20022_pacs008,Low_Risk,Clean_NoHit,12.41,0
SWIFT_W92617,HSBCGB2L,UBSWCHZH,AE,AU,6195.18,EUR/AED,Fedwire_Funds,PEP_Politically_Exposed,Clean_NoHit,17.84,0
SWIFT_W92353,HDFCINBB,STANHKHH,DE,CA,38368.90,EUR/CHF,ISO20022_pacs008,Enhanced_Due_Diligence,Cleared_FalsePositive,47.16,0
SWIFT_W91944,DEUTDEDD,SMBCJPJT,CH,CH,155712.95,EUR/GBP,ISO20022_pacs008,Low_Risk,Cleared_FalsePositive,115.72,1
SWIFT_W92698,HDFCINBB,FABAEADX,CH,SG,838.03,EUR/INR,SWIFT_MT103,Standard_Risk,Clean_NoHit,1.76,0
SWIFT_W91754,DEUTDEDD,SMBCJPJT,DE,DE,103744.65,EUR/SGD,SEPA_Instant_Credit,Low_Risk,Clean_NoHit,115.14,0
SWIFT_W92115,DBSSHKHH,INGBNL2A,DE,DE,241775.05,EUR/INR,SEPA_Instant_Credit,Low_Risk,Cleared_FalsePositive,144.82,1
SWIFT_W91995,DBSSHKHH,RABONL2U,CH,CH,195409.81,EUR/INR,ISO20022_pacs008,Low_Risk,Cleared_FalsePositive,145.44,1
SWIFT_W90567,HSBCGB2L,UBSWCHZH,AE,DE,1023.78,USD/CAD,SWIFT_MT103,Standard_Risk,Clean_NoHit,5.02,0
SWIFT_W92268,DEUTDEDD,RABONL2U,AU,SG,937.17,EUR/GBP,SWIFT_MT103,Standard_Risk,Clean_NoHit,2.45,0
SWIFT_W90548,HSBCGB2L,SMBCJPJT,CH,SG,828.10,EUR/USD,SWIFT_MT103,Standard_Risk,Clean_NoHit,1.65,0
SWIFT_W91688,DEUTDEDD,RABONL2U,AU,SG,896.18,EUR/GBP,SWIFT_MT103,Standard_Risk,Clean_NoHit,2.10,0
SWIFT_W92365,DBSSHKHH,SBININBB,AU,CH,51884.17,EUR/GBP,ISO20022_pacs008,Low_Risk,Cleared_FalsePositive,96.27,1
SWIFT_W92211,DBSSHKHH,SBININBB,CH,CA,68287.47,EUR/CHF,SEPA_Instant_Credit,Low_Risk,Cleared_FalsePositive,131.22,1
SWIFT_W91236,HDFCINBB,SMBCJPJT,AU,ES,5472.43,USD/CAD,SWIFT_MT103,Standard_Risk,Clean_NoHit,19.51,0
SWIFT_W92574,DBSSHKHH,FABAEADX,CH,CH,31106.35,EUR/CHF,SEPA_Instant_Credit,Enhanced_Due_Diligence,Cleared_FalsePositive,69.38,0
SWIFT_W91853,HSBCGB2L,UBSWCHZH,AE,CA,2879.74,EUR/INR,ISO20022_pacs008,PEP_Politically_Exposed,Clean_NoHit,10.41,0
SWIFT_W92139,HDFCINBB,STANHKHH,AU,CH,53708.88,EUR/INR,ISO20022_pacs008,Low_Risk,Clean_NoHit,78.71,0
SWIFT_W92248,DEUTDEDD,RABONL2U,DE,CA,132328.44,EUR/GBP,ISO20022_pacs008,Enhanced_Due_Diligence,Cleared_FalsePositive,125.40,1
SWIFT_W92755,DEUTDEDD,SBININBB,GB,DE,14919.15,EUR/CHF,SEPA_Instant_Credit,Enhanced_Due_Diligence,Clean_NoHit,49.06,0
SWIFT_W90755,HSBCGB2L,UBSWCHZH,AU,SG,810.32,USD/JPY,SWIFT_MT103,PEP_Politically_Exposed,Clean_NoHit,1.47,0
SWIFT_W92200,HDFCINBB,STANHKHH,CH,CA,66492.62,EUR/CHF,Fedwire_Funds,Low_Risk,Cleared_FalsePositive,55.13,1
SWIFT_W90859,HDFCINBB,STANHKHH,AU,DE,19230.73,USD/CAD,SWIFT_MT103,PEP_Politically_Exposed,Clean_NoHit,36.50,0
SWIFT_W92753,HDFCINBB,SMBCJPJT,CH,CH,2182.97,EUR/CHF,SEPA_Instant_Credit,Low_Risk,Clean_NoHit,5.68,0
SWIFT_W90556,HDFCINBB,STANHKHH,DE,ES,7222.83,EUR/USD,SEPA_Instant_Credit,PEP_Politically_Exposed,Clean_NoHit,17.43,0
SWIFT_W92634,HDFCINBB,BCOPESMM,SG,SG,842.60,EUR/CHF,SWIFT_MT103,Low_Risk,Clean_NoHit,14.76,0
SWIFT_W92189,HSBCGB2L,SMBCJPJT,FR,SG,800.74,USD/CAD,SWIFT_MT103,Standard_Risk,Clean_NoHit,0.46,0
SWIFT_W92230,DEUTDEDD,SMBCJPJT,FR,CH,76524.81,EUR/CHF,ISO20022_pacs008,Enhanced_Due_Diligence,Cleared_FalsePositive,72.77,0
SWIFT_W92253,HDFCINBB,INGBNL2A,DE,US,800.97,EUR/INR,SWIFT_MT103,Standard_Risk,Clean_NoHit,0.69,0
SWIFT_W92655,HSBCGB2L,UBSWCHZH,AE,AU,1239.64,EUR/AED,Fedwire_Funds,PEP_Politically_Exposed,Clean_NoHit,4.10,0
SWIFT_W92200,DEUTDEDD,SBININBB,CH,CH,138031.06,EUR/GBP,ISO20022_pacs008,Low_Risk,Cleared_FalsePositive,131.81,1
SWIFT_W92615,HSBCGB2L,UBSWCHZH,AU,CA,2162.85,EUR/AED,ISO20022_pacs008,PEP_Politically_Exposed,Clean_NoHit,3.38,0
SWIFT_W92481,HDFCINBB,STANHKHH,NL,CH,6726.39,EUR/INR,SEPA_Instant_Credit,Enhanced_Due_Diligence,Clean_NoHit,43.49,0
SWIFT_W92344,DBSGSGSG,FABAEADX,DE,DE,74838.44,EUR/INR,SEPA_Instant_Credit,Low_Risk,Cleared_FalsePositive,113.94,0
SWIFT_W91806,DEUTDEDD,STANHKHH,AU,CH,38750.78,EUR/USD,ISO20022_pacs008,Low_Risk,Clean_NoHit,101.74,0
SWIFT_W92675,HSBCGB2L,STANHKHH,FR,CA,10790.36,EUR/AED,ISO20022_pacs008,Enhanced_Due_Diligence,Clean_NoHit,19.70,0
SWIFT_W92292,HDFCINBB,STANHKHH,NL,JP,1137.84,EUR/SGD,SWIFT_MT103,Enhanced_Due_Diligence,Clean_NoHit,21.49,0
SWIFT_W91957,HDFCINBB,SMBCJPJT,AU,CA,94371.73,EUR/INR,ISO20022_pacs008,Low_Risk,Cleared_FalsePositive,115.35,1
SWIFT_W92151,DEUTDEDD,SBININBB,AU,CA,223409.41,EUR/GBP,ISO20022_pacs008,PEP_Politically_Exposed,Cleared_FalsePositive,126.53,1
SWIFT_W92802,HDFCINBB,SBININBB,GB,ES,2125.68,EUR/AED,SEPA_Instant_Credit,PEP_Politically_Exposed,Clean_NoHit,7.69,0
SWIFT_W92601,HDFCINBB,STANHKHH,AU,AU,19902.88,EUR/CHF,Fedwire_Funds,Low_Risk,Clean_NoHit,31.08,0
SWIFT_W92894,SANTRSMM,STANHKHH,AU,SG,800.55,EUR/AED,SWIFT_MT103,Standard_Risk,Clean_NoHit,0.21,0
SWIFT_W92439,HSBCGB2L,UBSWCHZH,AE,AU,4019.31,EUR/CHF,Fedwire_Funds,PEP_Politically_Exposed,Clean_NoHit,23.61,0
SWIFT_W91563,HDFCINBB,RABONL2U,AU,GB,8016.87,EUR/INR,SWIFT_MT103,Standard_Risk,Clean_NoHit,24.91,0
SWIFT_W92703,HDFCINBB,INGBNL2A,NL,CH,6778.59,EUR/CHF,SEPA_Instant_Credit,Enhanced_Due_Diligence,Clean_NoHit,75.57,0
SWIFT_W92308,HSBCGB2L,STANHKHH,NL,GB,1008.94,EUR/CHF,SWIFT_MT103,Low_Risk,Clean_NoHit,5.46,0
SWIFT_W91521,DEUTDEDD,SBININBB,GB,ES,23840.39,EUR/USD,SWIFT_MT103,Low_Risk,Clean_NoHit,63.84,0
SWIFT_W90882,HDFCINBB,STANHKHH,AE,ES,1700.02,USD/CAD,SWIFT_MT103,Standard_Risk,Clean_NoHit,7.55,0
SWIFT_W92592,HDFCINBB,STANHKHH,FR,AU,6551.09,EUR/AED,ISO20022_pacs008,Enhanced_Due_Diligence,Clean_NoHit,23.99,0
SWIFT_W91857,DBSSHKHH,RABONL2U,FR,DE,128137.65,EUR/GBP,SEPA_Instant_Credit,Low_Risk,Cleared_FalsePositive,117.73,0
SWIFT_W92937,HDFCINBB,BCOPESMM,GB,SG,803.55,EUR/AED,SWIFT_MT103,PEP_Politically_Exposed,Clean_NoHit,1.15,0
SWIFT_W92285,DBSSHKHH,FABAEADX,FR,DE,122275.65,EUR/GBP,SEPA_Instant_Credit,Low_Risk,Cleared_FalsePositive,152.59,0
SWIFT_W92574,HDFCINBB,STANHKHH,CH,AU,25977.36,EUR/AED,Fedwire_Funds,Enhanced_Due_Diligence,Clean_NoHit,37.72,0
SWIFT_W92018,HSBCGB2L,STANHKHH,FR,CH,11667.90,EUR/INR,SEPA_Instant_Credit,Enhanced_Due_Diligence,Clean_NoHit,27.81,0
SWIFT_W91651,SANTRSMM,UBSWCHZH,AE,CA,868.56,EUR/USD,SEPA_Instant_Credit,Standard_Risk,Clean_NoHit,2.08,0
SWIFT_W90404,SANTRSMM,UBSWCHZH,AE,GB,889.16,USD/JPY,SWIFT_MT103,Standard_Risk,Clean_NoHit,2.94,0
SWIFT_W92498,HDFCINBB,RABONL2U,SG,DE,11515.34,EUR/INR,SEPA_Instant_Credit,Enhanced_Due_Diligence,Clean_NoHit,102.85,0
SWIFT_W91632,DEUTDEDD,SMBCJPJT,AU,ES,117869.56,EUR/USD,SEPA_Instant_Credit,Low_Risk,Clean_NoHit,113.74,0
SWIFT_W92607,HSBCGB2L,STANHKHH,AU,JP,804.18,EUR/JPY,SWIFT_MT103,Standard_Risk,Clean_NoHit,0.47,0
SWIFT_W92416,DEUTDEDD,SMBCJPJT,DE,CH,48397.68,EUR/CHF,SEPA_Instant_Credit,Enhanced_Due_Diligence,Cleared_FalsePositive,95.86,0
SWIFT_W92394,HDFCINBB,FABAEADX,FR,JP,2562.97,EUR/JPY,SWIFT_MT103,Low_Risk,Clean_NoHit,27.47,0
SWIFT_W92465,HDFCINBB,SBININBB,FR,AU,47162.52,EUR/CHF,ISO20022_pacs008,Enhanced_Due_Diligence,Cleared_FalsePositive,78.79,0
SWIFT_W92124,DBSSHKHH,FABAEADX,GB,DE,126981.80,EUR/GBP,SEPA_Instant_Credit,Low_Risk,Cleared_FalsePositive,171.22,0
SWIFT_W92674,HDFCINBB,STANHKHH,CH,AU,12729.95,EUR/CHF,ISO20022_pacs008,Enhanced_Due_Diligence,Clean_NoHit,44.08,1
SWIFT_W91892,DBSSHKHH,RABONL2U,CH,CH,320956.91,EUR/INR,ISO20022_pacs008,Low_Risk,Cleared_FalsePositive,167.75,1
SWIFT_W92752,SANTRSMM,STANHKHH,IN,ES,811.29,EUR/AED,SWIFT_MT103,Standard_Risk,Clean_NoHit,0.55,0
SWIFT_W91018,HDFCINBB,STANHKHH,CH,JP,1960.13,EUR/INR,SWIFT_MT103,Standard_Risk,Clean_NoHit,8.25,0
SWIFT_W90458,HSBCGB2L,UBSWCHZH,AE,SG,888.11,USD/JPY,SWIFT_MT103,Standard_Risk,Clean_NoHit,3.23,0
SWIFT_W92080,HSBCGB2L,STANHKHH,DE,SG,807.20,USD/CAD,SWIFT_MT103,Standard_Risk,Clean_NoHit,0.96,0
SWIFT_W92185,SANTRSMM,UBSWCHZH,FR,SG,801.82,EUR/SGD,SWIFT_MT103,PEP_Politically_Exposed,Clean_NoHit,0.37,0
SWIFT_W90638,HSBCGB2L,UBSWCHZH,AE,ES,867.34,USD/JPY,SWIFT_MT103,Standard_Risk,Clean_NoHit,1.95,0
SWIFT_W92601,SANTRSMM,SMBCJPJT,NL,JP,800.78,EUR/GBP,SWIFT_MT103,PEP_Politically_Exposed,Clean_NoHit,0.34,0
SWIFT_W92921,HSBCGB2L,SMBCJPJT,NL,AU,975.75,EUR/AED,ISO20022_pacs008,Low_Risk,Clean_NoHit,2.42,0
SWIFT_W92923,HDFCINBB,BARCGB22,SG,GB,845.41,EUR/AED,SWIFT_MT103,PEP_Politically_Exposed,Clean_NoHit,6.58,0
SWIFT_W92772,HDFCINBB,BCOPESMM,NL,GB,1443.34,EUR/AED,SWIFT_MT103,Enhanced_Due_Diligence,Clean_NoHit,25.81,0
SWIFT_W92517,HDFCINBB,SMBCJPJT,DE,CA,84391.08,EUR/CHF,ISO20022_pacs008,Low_Risk,Clean_NoHit,40.61,0
SWIFT_W91025,HSBCGB2L,STANHKHH,AU,CA,20336.99,EUR/SGD,SEPA_Instant_Credit,PEP_Politically_Exposed,Clean_NoHit,48.59,0
SWIFT_W92176,DBSSHKHH,BCOPESMM,GB,ES,22135.90,EUR/CHF,SEPA_Instant_Credit,Low_Risk,Clean_NoHit,99.55,0
SWIFT_W92672,HSBCGB2L,SMBCJPJT,NL,DE,2988.08,EUR/GBP,SEPA_Instant_Credit,Enhanced_Due_Diligence,Clean_NoHit,9.14,0
SWIFT_W92178,DBSSHKHH,SBININBB,CH,CH,165807.27,EUR/GBP,ISO20022_pacs008,Low_Risk,Cleared_FalsePositive,99.18,0
SWIFT_W92259,HSBCGB2L,STANHKHH,SG,ES,841.75,EUR/JPY,SWIFT_MT103,Low_Risk,Clean_NoHit,2.44,0
SWIFT_W92545,HDFCINBB,STANHKHH,FR,ES,8020.58,EUR/GBP,SEPA_Instant_Credit,Enhanced_Due_Diligence,Clean_NoHit,36.98,0
SWIFT_W92797,HSBCGB2L,UBSWCHZH,DE,CA,949.47,EUR/AED,ISO20022_pacs008,Low_Risk,Clean_NoHit,1.45,0
SWIFT_W92955,SANTRSMM,UBSWCHZH,AU,AU,848.40,EUR/AED,Fedwire_Funds,PEP_Politically_Exposed,Clean_NoHit,0.73,0
SWIFT_W92481,DBSSHKHH,BARCGB22,DE,GB,8067.43,EUR/CHF,SWIFT_MT103,Low_Risk,Cleared_FalsePositive,55.07,0
SWIFT_W92147,DEUTDEDD,SBININBB,CH,GB,10292.52,EUR/SGD,SWIFT_MT103,PEP_Politically_Exposed,Clean_NoHit,36.61,0
SWIFT_W92572,HSBCGB2L,SMBCJPJT,SG,SG,800.99,EUR/SGD,SWIFT_MT103,Low_Risk,Clean_NoHit,0.66,0
SWIFT_W92983,SANTRSMM,SBININBB,US,JP,801.12,EUR/AED,SWIFT_MT103,Enhanced_Due_Diligence,Clean_NoHit,0.46,0
SWIFT_W92819,HDFCINBB,UBSWCHZH,AU,AU,4712.09,EUR/AED,Fedwire_Funds,Low_Risk,Clean_NoHit,7.50,0
SWIFT_W91430,HDFCINBB,STANHKHH,AU,DE,15969.25,USD/CAD,SEPA_Instant_Credit,PEP_Politically_Exposed,Clean_NoHit,66.77,0
SWIFT_W90726,HSBCGB2L,STANHKHH,CH,GB,895.61,USD/CAD,SWIFT_MT103,Standard_Risk,Clean_NoHit,3.43,0
SWIFT_W91879,DBSGSGSG,RABONL2U,DE,ES,178881.23,EUR/JPY,SEPA_Instant_Credit,Low_Risk,Cleared_FalsePositive,133.67,0
SWIFT_W90482,SANTRSMM,UBSWCHZH,CH,SG,800.56,USD/CAD,SWIFT_MT103,Standard_Risk,Clean_NoHit,0.24,0
SWIFT_W91102,HSBCGB2L,STANHKHH,AE,SG,800.86,USD/CAD,SWIFT_MT103,Standard_Risk,Clean_NoHit,0.27,0
SWIFT_W92197,DBSSHKHH,FABAEADX,DE,CH,165686.03,EUR/GBP,SEPA_Instant_Credit,Low_Risk,Cleared_FalsePositive,139.50,1
SWIFT_W90852,HDFCINBB,STANHKHH,AU,GB,3911.44,USD/CAD,SWIFT_MT103,PEP_Politically_Exposed,Clean_NoHit,22.76,0
SWIFT_W92771,HSBCGB2L,SBININBB,SG,GB,1110.20,EUR/GBP,SWIFT_MT103,Enhanced_Due_Diligence,Clean_NoHit,18.32,0
SWIFT_W92856,HSBCGB2L,SBININBB,US,GB,1098.57,EUR/AED,SEPA_Instant_Credit,Enhanced_Due_Diligence,Clean_NoHit,12.08,0
SWIFT_W92133,DEUTDEDD,STANHKHH,DE,CA,54407.94,EUR/CHF,ISO20022_pacs008,Enhanced_Due_Diligence,Cleared_FalsePositive,72.02,1
SWIFT_W90913,HDFCINBB,STANHKHH,AU,SG,1224.87,USD/CAD,SWIFT_MT103,Standard_Risk,Clean_NoHit,6.92,0
SWIFT_W92439,DBSGSGSG,RABONL2U,CH,DE,106027.78,EUR/GBP,SEPA_Instant_Credit,Low_Risk,Cleared_FalsePositive,101.00,0
SWIFT_W92487,HSBCGB2L,UBSWCHZH,AU,AU,4376.31,EUR/AED,Fedwire_Funds,Low_Risk,Clean_NoHit,16.13,0
SWIFT_W92696,DEUTDEDD,RABONL2U,IN,CA,23119.40,EUR/CHF,SEPA_Instant_Credit,Enhanced_Due_Diligence,Cleared_FalsePositive,140.63,0
SWIFT_W91510,HSBCGB2L,SMBCJPJT,CH,US,800.94,EUR/SGD,SWIFT_MT103,Standard_Risk,Clean_NoHit,0.48,0
SWIFT_W92442,HDFCINBB,STANHKHH,AU,CA,15947.31,EUR/CHF,ISO20022_pacs008,Enhanced_Due_Diligence,Cleared_FalsePositive,93.66,1
SWIFT_W92402,DEUTDEDD,SBININBB,IN,CH,41492.85,EUR/INR,SEPA_Instant_Credit,Enhanced_Due_Diligence,Cleared_FalsePositive,146.80,0
SWIFT_W91676,HSBCGB2L,SMBCJPJT,DE,SG,800.57,USD/CAD,SWIFT_MT103,Standard_Risk,Clean_NoHit,0.31,0
SWIFT_W92060,DBSSHKHH,FABAEADX,AU,SG,1215.64,EUR/CHF,SWIFT_MT103,Standard_Risk,Clean_NoHit,5.11,0
SWIFT_W91853,HSBCGB2L,STANHKHH,FR,JP,816.69,EUR/CHF,SWIFT_MT103,Standard_Risk,Clean_NoHit,1.00,0
SWIFT_W92674,DBSSHKHH,BCOPESMM,AU,CH,23282.19,EUR/CHF,SEPA_Instant_Credit,PEP_Politically_Exposed,Cleared_FalsePositive,67.89,0
SWIFT_W92332,HSBCGB2L,STANHKHH,DE,SG,807.16,USD/CAD,SWIFT_MT103,PEP_Politically_Exposed,Clean_NoHit,1.24,0
SWIFT_W90748,HSBCGB2L,UBSWCHZH,AE,GB,908.80,USD/JPY,SWIFT_MT103,Standard_Risk,Clean_NoHit,2.69,0
SWIFT_W92523,DBSSHKHH,BCOPESMM,CH,JP,1587.72,EUR/INR,SWIFT_MT103,PEP_Politically_Exposed,Clean_NoHit,12.05,0
SWIFT_W92433,DEUTDEDD,SMBCJPJT,CH,CA,45372.48,EUR/CHF,ISO20022_pacs008,Enhanced_Due_Diligence,Cleared_FalsePositive,57.80,0
SWIFT_W92391,HDFCINBB,STANHKHH,AU,CA,19123.32,EUR/GBP,ISO20022_pacs008,Enhanced_Due_Diligence,Cleared_FalsePositive,152.36,1
SWIFT_W92332,DBSSHKHH,RABONL2U,CH,CA,94222.96,EUR/CHF,ISO20022_pacs008,Low_Risk,Cleared_FalsePositive,101.44,1
SWIFT_W92794,HSBCGB2L,UBSWCHZH,DE,AU,2035.38,EUR/AED,Fedwire_Funds,Enhanced_Due_Diligence,Clean_NoHit,6.04,0
SWIFT_W92028,HSBCGB2L,SBININBB,GB,JP,858.98,EUR/SGD,SWIFT_MT103,PEP_Politically_Exposed,Clean_NoHit,4.33,0
SWIFT_W92823,DEUTDEDD,BCOPESMM,IN,DE,5999.54,EUR/CHF,SEPA_Instant_Credit,Enhanced_Due_Diligence,Clean_NoHit,73.43,0
SWIFT_W92198,HDFCINBB,STANHKHH,DE,CH,49459.76,EUR/CHF,ISO20022_pacs008,Enhanced_Due_Diligence,Cleared_FalsePositive,86.45,0
SWIFT_W92717,HSBCGB2L,SMBCJPJT,SG,SG,817.66,EUR/CHF,SWIFT_MT103,Low_Risk,Clean_NoHit,3.27,0
SWIFT_W92420,DEUTDEDD,SBININBB,AU,AU,51485.30,EUR/GBP,ISO20022_pacs008,Enhanced_Due_Diligence,Cleared_FalsePositive,114.43,1
SWIFT_W92410,HDFCINBB,SMBCJPJT,NL,DE,12843.80,EUR/CHF,SEPA_Instant_Credit,Enhanced_Due_Diligence,Clean_NoHit,62.27,0
SWIFT_W91704,HDFCINBB,STANHKHH,CH,CH,75603.72,EUR/JPY,ISO20022_pacs008,Low_Risk,Clean_NoHit,83.96,0
SWIFT_W92410,DEUTDEDD,SMBCJPJT,CH,CA,109342.63,EUR/GBP,ISO20022_pacs008,Enhanced_Due_Diligence,Cleared_FalsePositive,122.70,1
SWIFT_W92533,HDFCINBB,SMBCJPJT,AU,AU,26993.37,EUR/CHF,Fedwire_Funds,Enhanced_Due_Diligence,Cleared_FalsePositive,71.50,1
SWIFT_W92525,HDFCINBB,SMBCJPJT,DE,AU,38171.44,EUR/CHF,ISO20022_pacs008,Low_Risk,Clean_NoHit,43.83,0
SWIFT_W92552,SANTRSMM,SMBCJPJT,SG,GB,809.98,EUR/JPY,SWIFT_MT103,Low_Risk,Clean_NoHit,1.73,0
SWIFT_W92468,SANTRSMM,STANHKHH,SG,SG,802.74,EUR/USD,SWIFT_MT103,Low_Risk,Clean_NoHit,0.94,0
SWIFT_W90376,SANTRSMM,UBSWCHZH,AE,GB,800.71,USD/JPY,SWIFT_MT103,Standard_Risk,Clean_NoHit,0.27,0
SWIFT_W92422,DEUTDEDD,SBININBB,CH,CA,129283.08,EUR/GBP,ISO20022_pacs008,Low_Risk,Cleared_FalsePositive,90.65,1
SWIFT_W91550,HDFCINBB,SMBCJPJT,AU,DE,81351.96,EUR/INR,ISO20022_pacs008,PEP_Politically_Exposed,Clean_NoHit,78.70,0
SWIFT_W91527,DEUTDEDD,SMBCJPJT,CH,DE,347618.25,EUR/JPY,ISO20022_pacs008,Low_Risk,Cleared_FalsePositive,157.73,1
SWIFT_W91553,HDFCINBB,SMBCJPJT,AE,GB,5250.22,EUR/USD,SEPA_Instant_Credit,Standard_Risk,Clean_NoHit,27.17,0
SWIFT_W92680,HDFCINBB,STANHKHH,AU,AU,4710.77,EUR/AED,Fedwire_Funds,Enhanced_Due_Diligence,Cleared_FalsePositive,35.96,1
SWIFT_W92735,HSBCGB2L,UBSWCHZH,AU,AU,2908.97,EUR/AED,Fedwire_Funds,Low_Risk,Clean_NoHit,6.73,0
SWIFT_W91224,HSBCGB2L,STANHKHH,AU,ES,3752.75,USD/CAD,SWIFT_MT103,PEP_Politically_Exposed,Clean_NoHit,12.99,0
SWIFT_W92528,DEUTDEDD,BCOPESMM,FR,CA,20196.30,EUR/CHF,SEPA_Instant_Credit,Enhanced_Due_Diligence,Cleared_FalsePositive,138.43,0
SWIFT_W92588,DEUTDEDD,FABAEADX,DE,SG,842.99,EUR/INR,SWIFT_MT103,PEP_Politically_Exposed,Clean_NoHit,3.05,0
SWIFT_W91577,HSBCGB2L,STANHKHH,DE,SG,849.95,USD/CAD,SWIFT_MT103,PEP_Politically_Exposed,Clean_NoHit,2.66,0
SWIFT_W92555,SANTRSMM,UBSWCHZH,AE,CH,853.94,EUR/INR,SEPA_Instant_Credit,Standard_Risk,Clean_NoHit,1.13,0
SWIFT_W92831,SANTRSMM,UBSWCHZH,GB,ES,804.83,EUR/AED,SWIFT_MT103,PEP_Politically_Exposed,Clean_NoHit,0.50,0
SWIFT_W91947,DEUTDEDD,SMBCJPJT,AU,CH,98582.19,EUR/GBP,ISO20022_pacs008,PEP_Politically_Exposed,Cleared_FalsePositive,97.30,0
SWIFT_W92482,HDFCINBB,SMBCJPJT,DE,AU,47021.15,EUR/AED,Fedwire_Funds,Low_Risk,Cleared_FalsePositive,44.71,0
SWIFT_W92707,HDFCINBB,SBININBB,IN,ES,2504.67,EUR/JPY,SWIFT_MT103,Low_Risk,Clean_NoHit,14.09,0
SWIFT_W92632,DEUTDEDD,BARCGB22,GB,JP,1120.52,EUR/CHF,SWIFT_MT103,PEP_Politically_Exposed,Clean_NoHit,11.86,0
SWIFT_W92782,HSBCGB2L,UBSWCHZH,AU,AE,3448.22,EUR/AED,Fedwire_Funds,Low_Risk,Clean_NoHit,6.21,0
SWIFT_W92953,HSBCGB2L,RABONL2U,SG,GB,1264.24,EUR/AED,SEPA_Instant_Credit,Enhanced_Due_Diligence,Clean_NoHit,6.95,0
SWIFT_W92582,DEUTDEDD,BCOPESMM,FR,DE,36523.84,EUR/CHF,SEPA_Instant_Credit,Enhanced_Due_Diligence,Cleared_FalsePositive,130.58,0
SWIFT_W92747,HSBCGB2L,SMBCJPJT,SG,DE,2247.30,EUR/AED,SEPA_Instant_Credit,Enhanced_Due_Diligence,Clean_NoHit,11.32,0
SWIFT_W91911,DEUTDEDD,INGBNL2A,IN,DE,40221.69,EUR/GBP,SEPA_Instant_Credit,Low_Risk,Clean_NoHit,99.49,0
SWIFT_W91136,HSBCGB2L,UBSWCHZH,AU,CA,2959.65,EUR/INR,SEPA_Instant_Credit,Standard_Risk,Clean_NoHit,12.47,0
SWIFT_W92381,DEUTDEDD,STANHKHH,CH,CH,52429.90,EUR/CHF,ISO20022_pacs008,Enhanced_Due_Diligence,Cleared_FalsePositive,74.14,1
SWIFT_W92057,DEUTDEDD,SMBCJPJT,CH,CH,173376.12,EUR/INR,ISO20022_pacs008,Low_Risk,Cleared_FalsePositive,130.04,1
SWIFT_W92437,HDFCINBB,STANHKHH,AU,CA,27570.08,EUR/CHF,ISO20022_pacs008,Low_Risk,Clean_NoHit,71.01,0
SWIFT_W90225,SANTRSMM,UBSWCHZH,AE,SG,800.89,USD/JPY,SWIFT_MT103,Standard_Risk,Clean_NoHit,0.33,0
SWIFT_W92693,HSBCGB2L,SMBCJPJT,DE,SG,800.70,EUR/CHF,SWIFT_MT103,Standard_Risk,Clean_NoHit,0.26,0
SWIFT_W92925,HDFCINBB,FABAEADX,IN,SG,801.68,EUR/AED,SWIFT_MT103,Standard_Risk,Clean_NoHit,0.64,0
SWIFT_W91542,HSBCGB2L,STANHKHH,AE,US,801.04,EUR/USD,SWIFT_MT103,Standard_Risk,Clean_NoHit,0.32,0
SWIFT_W91305,HSBCGB2L,UBSWCHZH,AE,DE,1315.97,EUR/SGD,SEPA_Instant_Credit,Standard_Risk,Clean_NoHit,5.06,0
SWIFT_W92738,SANTRSMM,STANHKHH,NL,CH,1070.35,EUR/AED,SEPA_Instant_Credit,Low_Risk,Clean_NoHit,2.91,0
SWIFT_W91454,DEUTDEDD,SBININBB,CH,DE,120456.34,EUR/SGD,SEPA_Instant_Credit,Low_Risk,Cleared_FalsePositive,119.32,0
SWIFT_W92536,HSBCGB2L,UBSWCHZH,CH,CA,880.57,EUR/AED,SEPA_Instant_Credit,PEP_Politically_Exposed,Clean_NoHit,1.31,0
SWIFT_W92135,DBSSHKHH,SBININBB,CH,CA,187727.23,EUR/GBP,ISO20022_pacs008,Low_Risk,Cleared_FalsePositive,146.53,1
SWIFT_W92312,DEUTDEDD,SMBCJPJT,CH,CA,60668.20,EUR/CHF,ISO20022_pacs008,Low_Risk,Cleared_FalsePositive,92.23,1
SWIFT_W92575,HDFCINBB,SBININBB,CH,GB,2148.31,EUR/CHF,SEPA_Instant_Credit,Standard_Risk,Clean_NoHit,6.18,0
SWIFT_W91674,DEUTDEDD,SMBCJPJT,CH,DE,117066.91,EUR/SGD,SEPA_Instant_Credit,Low_Risk,Cleared_FalsePositive,138.48,1
SWIFT_W92243,DBSSHKHH,INGBNL2A,AU,DE,46630.07,EUR/GBP,SEPA_Instant_Credit,Low_Risk,Cleared_FalsePositive,118.57,1
SWIFT_W92451,DEUTDEDD,RABONL2U,FR,DE,75665.54,EUR/CHF,SEPA_Instant_Credit,Enhanced_Due_Diligence,Cleared_FalsePositive,117.62,0
SWIFT_W92465,HDFCINBB,SMBCJPJT,FR,AU,29672.83,EUR/CHF,ISO20022_pacs008,Low_Risk,Clean_NoHit,31.30,0
SWIFT_W92431,DBSSHKHH,SBININBB,FR,DE,28006.59,EUR/INR,SEPA_Instant_Credit,Low_Risk,Clean_NoHit,73.56,0
SWIFT_W92937,SANTRSMM,UBSWCHZH,FR,CA,807.76,EUR/AED,SEPA_Instant_Credit,Low_Risk,Clean_NoHit,0.45,0
SWIFT_W90721,HSBCGB2L,STANHKHH,AE,DE,1211.29,USD/CAD,SWIFT_MT103,Standard_Risk,Clean_NoHit,5.85,0
SWIFT_W91099,HSBCGB2L,UBSWCHZH,AU,ES,890.12,USD/CAD,SWIFT_MT103,Standard_Risk,Clean_NoHit,2.57,0
SWIFT_W91826,DEUTDEDD,SBININBB,DE,CH,171125.38,EUR/INR,ISO20022_pacs008,Low_Risk,Cleared_FalsePositive,125.25,0
SWIFT_W92577,SANTRSMM,SBININBB,SG,JP,800.60,EUR/GBP,SWIFT_MT103,Standard_Risk,Clean_NoHit,0.28,0
SWIFT_W92941,HDFCINBB,FABAEADX,NL,GB,894.80,EUR/AED,SWIFT_MT103,Enhanced_Due_Diligence,Clean_NoHit,4.97,0
SWIFT_W91694,DEUTDEDD,SBININBB,DE,CH,212949.23,EUR/JPY,SEPA_Instant_Credit,Low_Risk,Cleared_FalsePositive,144.56,0
SWIFT_W92367,DEUTDEDD,SMBCJPJT,CH,CA,103714.20,EUR/CHF,ISO20022_pacs008,Enhanced_Due_Diligence,Cleared_FalsePositive,104.40,1
SWIFT_W91787,DBSSHKHH,INGBNL2A,DE,CH,253097.09,EUR/INR,SEPA_Instant_Credit,Low_Risk,Cleared_FalsePositive,168.23,1
SWIFT_W91772,DEUTDEDD,STANHKHH,CH,ES,61736.24,EUR/USD,SEPA_Instant_Credit,Low_Risk,Clean_NoHit,116.64,0
SWIFT_W92798,HSBCGB2L,INGBNL2A,US,ES,1917.57,EUR/CHF,SWIFT_MT103,Enhanced_Due_Diligence,Clean_NoHit,39.06,0
SWIFT_W92042,DBSSHKHH,INGBNL2A,CH,CH,102644.47,EUR/GBP,SEPA_Instant_Credit,Low_Risk,Cleared_FalsePositive,164.77,1
SWIFT_W91708,HDFCINBB,SMBCJPJT,DE,DE,70503.80,EUR/USD,SEPA_Instant_Credit,Low_Risk,Clean_NoHit,92.27,0
SWIFT_W92297,DEUTDEDD,SBININBB,FR,CH,148961.44,EUR/INR,SEPA_Instant_Credit,Enhanced_Due_Diligence,Cleared_FalsePositive,164.84,0
SWIFT_W91826,DBSSHKHH,SMBCJPJT,CH,CH,233782.81,EUR/INR,ISO20022_pacs008,Low_Risk,Cleared_FalsePositive,142.51,1
SWIFT_W92053,HDFCINBB,SMBCJPJT,IN,ES,3194.91,EUR/INR,SWIFT_MT103,Low_Risk,Clean_NoHit,24.34,0
SWIFT_W91850,HSBCGB2L,UBSWCHZH,AU,CH,4964.44,EUR/JPY,SEPA_Instant_Credit,Low_Risk,Clean_NoHit,16.61,0
SWIFT_W92723,HDFCINBB,INGBNL2A,NL,SG,1044.97,EUR/CHF,SWIFT_MT103,Low_Risk,Clean_NoHit,12.08,0
SWIFT_W92367,DBSGSGSG,FABAEADX,AU,ES,43778.94,EUR/CHF,SEPA_Instant_Credit,PEP_Politically_Exposed,Cleared_FalsePositive,57.06,0
SWIFT_W92807,DEUTDEDD,SBININBB,AU,CH,23153.40,EUR/CHF,ISO20022_pacs008,Low_Risk,Cleared_FalsePositive,30.08,0
SWIFT_W92346,DBSSHKHH,INGBNL2A,GB,CH,64396.52,EUR/GBP,SEPA_Instant_Credit,Enhanced_Due_Diligence,Cleared_FalsePositive,155.83,0
SWIFT_W92424,SANTRSMM,SMBCJPJT,DE,US,800.53,EUR/SGD,SWIFT_MT103,Standard_Risk,Clean_NoHit,0.20,0
SWIFT_W91751,HDFCINBB,STANHKHH,AU,CH,61248.90,EUR/GBP,ISO20022_pacs008,PEP_Politically_Exposed,Clean_NoHit,77.71,0
SWIFT_W92694,DEUTDEDD,INGBNL2A,NL,CH,14899.34,EUR/GBP,SEPA_Instant_Credit,Enhanced_Due_Diligence,Cleared_FalsePositive,187.44,0
SWIFT_W92897,HSBCGB2L,STANHKHH,AU,AU,3722.81,EUR/AED,Fedwire_Funds,Low_Risk,Clean_NoHit,7.85,0
SWIFT_W92226,DBSSHKHH,INGBNL2A,CH,GB,12915.07,EUR/CHF,SEPA_Instant_Credit,PEP_Politically_Exposed,Clean_NoHit,33.23,0
SWIFT_W92795,HSBCGB2L,UBSWCHZH,CH,AU,1920.36,EUR/AED,Fedwire_Funds,Enhanced_Due_Diligence,Clean_NoHit,4.24,0
SWIFT_W92491,HSBCGB2L,STANHKHH,SG,ES,1027.67,EUR/SGD,SWIFT_MT103,Low_Risk,Clean_NoHit,4.45,0
SWIFT_W92399,DEUTDEDD,SBININBB,NL,CA,19600.53,EUR/GBP,SEPA_Instant_Credit,Enhanced_Due_Diligence,Clean_NoHit,136.40,0
SWIFT_W92809,HSBCGB2L,SBININBB,SG,CH,1474.03,EUR/CHF,SWIFT_MT103,Low_Risk,Clean_NoHit,8.68,0
SWIFT_W92819,HDFCINBB,INGBNL2A,NL,CA,4570.05,EUR/AED,SEPA_Instant_Credit,Enhanced_Due_Diligence,Clean_NoHit,39.40,0
SWIFT_W92594,HDFCINBB,RABONL2U,GB,CA,21427.74,EUR/CHF,ISO20022_pacs008,Enhanced_Due_Diligence,Cleared_FalsePositive,83.35,0
SWIFT_W92763,DEUTDEDD,BARCGB22,DE,SG,836.55,EUR/AED,SWIFT_MT103,PEP_Politically_Exposed,Clean_NoHit,3.98,0
SWIFT_W92480,HDFCINBB,SMBCJPJT,SG,DE,11700.27,EUR/CHF,SEPA_Instant_Credit,Enhanced_Due_Diligence,Clean_NoHit,62.94,0
SWIFT_W92800,HSBCGB2L,SBININBB,DE,AU,7926.14,EUR/AED,ISO20022_pacs008,Enhanced_Due_Diligence,Cleared_FalsePositive,41.81,0
SWIFT_W92799,DEUTDEDD,BCOPESMM,FR,SG,868.98,EUR/AED,SWIFT_MT103,PEP_Politically_Exposed,Clean_NoHit,4.61,0
SWIFT_W92065,DEUTDEDD,RABONL2U,CH,DE,120786.23,EUR/INR,SEPA_Instant_Credit,PEP_Politically_Exposed,Cleared_FalsePositive,84.74,0
SWIFT_W90337,SANTRSMM,UBSWCHZH,AE,JP,801.35,USD/JPY,SWIFT_MT103,Standard_Risk,Clean_NoHit,0.41,0
SWIFT_W92740,DEUTDEDD,BCOPESMM,IN,DE,3797.18,EUR/CHF,SWIFT_MT103,Low_Risk,Clean_NoHit,34.14,0
SWIFT_W92868,DEUTDEDD,INGBNL2A,AU,JP,819.18,EUR/AED,SWIFT_MT103,Standard_Risk,Clean_NoHit,1.03,0
SWIFT_W92439,DBSSHKHH,SBININBB,GB,ES,64771.55,EUR/GBP,SEPA_Instant_Credit,Low_Risk,Clean_NoHit,109.80,0
SWIFT_W92041,DEUTDEDD,RABONL2U,DE,CA,175194.20,EUR/GBP,ISO20022_pacs008,Low_Risk,Cleared_FalsePositive,165.28,1
SWIFT_W92548,HDFCINBB,SBININBB,IN,CH,12967.87,EUR/AED,SEPA_Instant_Credit,Enhanced_Due_Diligence,Clean_NoHit,44.86,0
SWIFT_W92543,HDFCINBB,SBININBB,CH,AU,50735.84,EUR/CHF,ISO20022_pacs008,Enhanced_Due_Diligence,Cleared_FalsePositive,62.09,0
SWIFT_W92797,HDFCINBB,INGBNL2A,NL,GB,893.12,EUR/AED,SWIFT_MT103,PEP_Politically_Exposed,Clean_NoHit,4.05,0
SWIFT_W92622,DEUTDEDD,BCOPESMM,FR,JP,1903.78,EUR/INR,SWIFT_MT103,Low_Risk,Clean_NoHit,30.45,0
SWIFT_W92510,DEUTDEDD,RABONL2U,IN,DE,23047.04,EUR/INR,SEPA_Instant_Credit,Low_Risk,Clean_NoHit,42.76,0
SWIFT_W91959,DBSSHKHH,SMBCJPJT,AU,DE,30050.55,EUR/INR,SEPA_Instant_Credit,PEP_Politically_Exposed,Clean_NoHit,39.65,0
SWIFT_W91060,HSBCGB2L,STANHKHH,CH,JP,1328.71,USD/JPY,SWIFT_MT103,PEP_Politically_Exposed,Clean_NoHit,7.42,0
SWIFT_W90301,SANTRSMM,UBSWCHZH,AE,GB,817.48,USD/JPY,SWIFT_MT103,Standard_Risk,Clean_NoHit,1.98,0
SWIFT_W92255,SANTRSMM,SBININBB,GB,US,800.62,EUR/JPY,SWIFT_MT103,Standard_Risk,Clean_NoHit,0.35,0
SWIFT_W91934,DBSSHKHH,SBININBB,CH,DE,148058.78,EUR/GBP,SEPA_Instant_Credit,Low_Risk,Clean_NoHit,76.15,0
SWIFT_W91881,HDFCINBB,SMBCJPJT,AU,US,801.76,EUR/USD,SWIFT_MT103,Standard_Risk,Clean_NoHit,0.67,0
SWIFT_W92455,DBSGSGSG,INGBNL2A,AU,GB,11827.70,EUR/JPY,SWIFT_MT103,Standard_Risk,Clean_NoHit,26.07,0
SWIFT_W92725,HDFCINBB,SMBCJPJT,IN,CA,12639.86,EUR/AED,ISO20022_pacs008,Enhanced_Due_Diligence,Clean_NoHit,39.23,0
SWIFT_W92141,DBSSHKHH,FABAEADX,CH,JP,7595.29,EUR/INR,SWIFT_MT103,PEP_Politically_Exposed,Clean_NoHit,44.12,0
SWIFT_W92489,HDFCINBB,SBININBB,FR,CA,50021.72,EUR/CHF,ISO20022_pacs008,Enhanced_Due_Diligence,Cleared_FalsePositive,123.73,0
SWIFT_W91993,DEUTDEDD,SMBCJPJT,DE,CH,111350.44,EUR/SGD,SEPA_Instant_Credit,Low_Risk,Cleared_FalsePositive,132.58,0
SWIFT_W92445,DEUTDEDD,FABAEADX,FR,CA,32886.08,EUR/CHF,SEPA_Instant_Credit,Enhanced_Due_Diligence,Cleared_FalsePositive,172.51,0
SWIFT_W92279,DEUTDEDD,SBININBB,AU,CH,54334.74,EUR/INR,ISO20022_pacs008,Low_Risk,Cleared_FalsePositive,138.70,1
SWIFT_W90976,SANTRSMM,UBSWCHZH,AE,CH,985.80,USD/CAD,SEPA_Instant_Credit,PEP_Politically_Exposed,Clean_NoHit,6.73,0
SWIFT_W92755,DEUTDEDD,SBININBB,AU,CA,2879.36,EUR/AED,SEPA_Instant_Credit,Standard_Risk,Clean_NoHit,8.55,0
SWIFT_W92930,HDFCINBB,SBININBB,GB,ES,1644.66,EUR/AED,SEPA_Instant_Credit,Enhanced_Due_Diligence,Clean_NoHit,6.60,0
SWIFT_W92401,HDFCINBB,STANHKHH,AU,CA,33287.80,EUR/CHF,Fedwire_Funds,Low_Risk,Cleared_FalsePositive,69.14,1
SWIFT_W91486,HDFCINBB,STANHKHH,AE,GB,1577.55,EUR/JPY,SWIFT_MT103,Standard_Risk,Clean_NoHit,4.85,0
SWIFT_W92009,DBSSHKHH,RABONL2U,DE,DE,327049.75,EUR/JPY,SEPA_Instant_Credit,Low_Risk,Cleared_FalsePositive,161.93,1
SWIFT_W92927,HSBCGB2L,STANHKHH,US,CA,993.31,EUR/AED,SEPA_Instant_Credit,Enhanced_Due_Diligence,Clean_NoHit,4.69,0
SWIFT_W92546,HDFCINBB,SBININBB,DE,CA,22455.22,EUR/CHF,ISO20022_pacs008,Low_Risk,Clean_NoHit,45.07,0
SWIFT_W92507,DEUTDEDD,RABONL2U,GB,DE,15116.05,EUR/JPY,SWIFT_MT103,Enhanced_Due_Diligence,Cleared_FalsePositive,171.97,0
SWIFT_W91816,HSBCGB2L,STANHKHH,DE,CA,20901.57,EUR/CHF,Fedwire_Funds,Low_Risk,Clean_NoHit,27.80,0
SWIFT_W92099,DBSSHKHH,SBININBB,CH,CA,243537.69,EUR/GBP,ISO20022_pacs008,Low_Risk,Cleared_FalsePositive,143.96,1
SWIFT_W92379,DEUTDEDD,RABONL2U,FR,CA,44037.20,EUR/GBP,SEPA_Instant_Credit,Enhanced_Due_Diligence,Cleared_FalsePositive,166.59,1
SWIFT_W90662,HSBCGB2L,STANHKHH,AU,GB,3013.31,USD/CAD,SWIFT_MT103,PEP_Politically_Exposed,Clean_NoHit,15.88,0
SWIFT_W92445,HDFCINBB,STANHKHH,AU,AU,15238.70,EUR/CHF,Fedwire_Funds,Low_Risk,Cleared_FalsePositive,47.15,1
SWIFT_W92939,HSBCGB2L,SBININBB,NL,US,802.01,EUR/AED,SWIFT_MT103,PEP_Politically_Exposed,Clean_NoHit,0.76,0
SWIFT_W91907,DEUTDEDD,SMBCJPJT,CH,CH,110213.00,EUR/GBP,ISO20022_pacs008,Low_Risk,Cleared_FalsePositive,125.79,1
SWIFT_W92535,HDFCINBB,SBININBB,NL,ES,10971.80,EUR/GBP,SEPA_Instant_Credit,Enhanced_Due_Diligence,Clean_NoHit,97.09,0
SWIFT_W92204,DBSSHKHH,RABONL2U,CH,DE,103278.12,EUR/GBP,SEPA_Instant_Credit,Low_Risk,Cleared_FalsePositive,130.34,1
SWIFT_W90831,SANTRSMM,UBSWCHZH,CH,SG,800.53,EUR/USD,SWIFT_MT103,Standard_Risk,Clean_NoHit,0.21,0
SWIFT_W91468,HDFCINBB,STANHKHH,DE,SG,1356.04,EUR/USD,SWIFT_MT103,PEP_Politically_Exposed,Clean_NoHit,8.35,0
SWIFT_W91949,DEUTDEDD,SMBCJPJT,CH,CH,127558.46,EUR/CHF,ISO20022_pacs008,Low_Risk,Cleared_FalsePositive,109.51,1
SWIFT_W91954,DEUTDEDD,SBININBB,CH,CH,126741.22,EUR/INR,ISO20022_pacs008,Low_Risk,Cleared_FalsePositive,172.02,1
SWIFT_W92058,HSBCGB2L,STANHKHH,IN,ES,6107.09,EUR/GBP,SEPA_Instant_Credit,Low_Risk,Clean_NoHit,20.01,0
SWIFT_W92339,HSBCGB2L,STANHKHH,AU,CA,42325.88,EUR/GBP,Fedwire_Funds,Low_Risk,Clean_NoHit,78.75,1
SWIFT_W91233,SANTRSMM,UBSWCHZH,AE,SG,801.09,EUR/USD,SWIFT_MT103,Standard_Risk,Clean_NoHit,0.30,0
SWIFT_W92705,SANTRSMM,UBSWCHZH,AE,AU,991.47,EUR/AED,Fedwire_Funds,PEP_Politically_Exposed,Clean_NoHit,2.06,0
SWIFT_W92364,HDFCINBB,SMBCJPJT,NL,DE,20198.39,EUR/CHF,SEPA_Instant_Credit,Enhanced_Due_Diligence,Clean_NoHit,52.77,0
SWIFT_W92708,HSBCGB2L,SMBCJPJT,SG,SG,806.91,EUR/CHF,SWIFT_MT103,PEP_Politically_Exposed,Clean_NoHit,1.59,0
SWIFT_W92630,HDFCINBB,STANHKHH,AU,AU,9762.09,EUR/AED,Fedwire_Funds,Low_Risk,Cleared_FalsePositive,36.86,1
SWIFT_W92765,HDFCINBB,FABAEADX,DE,JP,1033.92,EUR/AED,SWIFT_MT103,PEP_Politically_Exposed,Clean_NoHit,3.24,0
SWIFT_W92155,HDFCINBB,SMBCJPJT,IN,DE,14598.34,EUR/SGD,SWIFT_MT103,Enhanced_Due_Diligence,Clean_NoHit,55.84,0
SWIFT_W92885,HSBCGB2L,SMBCJPJT,FR,AU,4192.11,EUR/AED,Fedwire_Funds,Low_Risk,Clean_NoHit,8.16,0
SWIFT_W92305,DEUTDEDD,SBININBB,CH,JP,1372.72,EUR/INR,SWIFT_MT103,Standard_Risk,Clean_NoHit,5.28,0
SWIFT_W92464,DEUTDEDD,RABONL2U,IN,ES,3488.72,EUR/CHF,SWIFT_MT103,Low_Risk,Clean_NoHit,23.29,0
SWIFT_W91874,DEUTDEDD,SBININBB,CH,CH,214793.55,EUR/INR,ISO20022_pacs008,Low_Risk,Cleared_FalsePositive,161.07,1
SWIFT_W92591,HDFCINBB,STANHKHH,GB,CA,11770.67,EUR/CHF,ISO20022_pacs008,Enhanced_Due_Diligence,Cleared_FalsePositive,68.92,0
SWIFT_W92750,HDFCINBB,INGBNL2A,NL,CA,8099.69,EUR/CHF,SEPA_Instant_Credit,Enhanced_Due_Diligence,Clean_NoHit,59.87,0
SWIFT_W91674,HSBCGB2L,STANHKHH,DE,JP,819.08,USD/CAD,SWIFT_MT103,PEP_Politically_Exposed,Clean_NoHit,1.97,0
SWIFT_W92847,HDFCINBB,SBININBB,IN,CA,6155.89,EUR/AED,ISO20022_pacs008,Enhanced_Due_Diligence,Clean_NoHit,22.45,0
SWIFT_W92312,DEUTDEDD,SBININBB,CH,CA,92426.24,EUR/CHF,ISO20022_pacs008,Enhanced_Due_Diligence,Cleared_FalsePositive,104.12,1
SWIFT_W92648,HSBCGB2L,UBSWCHZH,CH,AU,2209.66,EUR/AED,Fedwire_Funds,Enhanced_Due_Diligence,Clean_NoHit,6.36,0
SWIFT_W92817,DEUTDEDD,BARCGB22,NL,DE,3430.74,EUR/AED,SEPA_Instant_Credit,Enhanced_Due_Diligence,Clean_NoHit,75.99,0
SWIFT_W92788,HSBCGB2L,UBSWCHZH,AU,AU,2532.01,EUR/AED,Fedwire_Funds,Enhanced_Due_Diligence,Clean_NoHit,4.72,0
SWIFT_W92582,HDFCINBB,STANHKHH,FR,AU,15778.99,EUR/AED,ISO20022_pacs008,Enhanced_Due_Diligence,Cleared_FalsePositive,48.05,0
SWIFT_W92853,HSBCGB2L,STANHKHH,FR,JP,804.53,EUR/AED,SWIFT_MT103,Standard_Risk,Clean_NoHit,0.54,0
SWIFT_W90780,HSBCGB2L,UBSWCHZH,AE,JP,994.47,USD/CAD,SWIFT_MT103,Standard_Risk,Clean_NoHit,3.02,0
SWIFT_W92183,DEUTDEDD,SBININBB,DE,CA,208713.50,EUR/INR,ISO20022_pacs008,Low_Risk,Cleared_FalsePositive,108.08,1
SWIFT_W92903,HDFCINBB,BCOPESMM,SG,DE,1419.73,EUR/AED,SEPA_Instant_Credit,Enhanced_Due_Diligence,Clean_NoHit,28.73,0
SWIFT_W92049,DEUTDEDD,STANHKHH,AU,CH,78695.71,EUR/INR,ISO20022_pacs008,Low_Risk,Cleared_FalsePositive,148.70,1
SWIFT_W92855,DEUTDEDD,FABAEADX,AU,JP,1253.39,EUR/AED,SWIFT_MT103,Standard_Risk,Clean_NoHit,6.32,0
SWIFT_W92660,HSBCGB2L,STANHKHH,AU,AU,8724.98,EUR/AED,Fedwire_Funds,Enhanced_Due_Diligence,Clean_NoHit,17.21,0
SWIFT_W90405,HSBCGB2L,UBSWCHZH,AE,JP,820.05,USD/JPY,SWIFT_MT103,Standard_Risk,Clean_NoHit,0.95,0
SWIFT_W92686,HSBCGB2L,SBININBB,US,CH,1703.65,EUR/CHF,SEPA_Instant_Credit,Enhanced_Due_Diligence,Clean_NoHit,28.06,0
SWIFT_W92727,HSBCGB2L,STANHKHH,AU,AU,6426.39,EUR/AED,Fedwire_Funds,Low_Risk,Clean_NoHit,11.15,0
SWIFT_W91369,SANTRSMM,STANHKHH,CH,GB,827.70,USD/CAD,SWIFT_MT103,Standard_Risk,Clean_NoHit,1.23,0
SWIFT_W92496,DBSSHKHH,BCOPESMM,FR,DE,32429.58,EUR/CHF,SEPA_Instant_Credit,Enhanced_Due_Diligence,Cleared_FalsePositive,155.43,0
SWIFT_W92147,DEUTDEDD,SMBCJPJT,DE,CH,154649.53,EUR/INR,ISO20022_pacs008,Enhanced_Due_Diligence,Cleared_FalsePositive,137.60,1
SWIFT_W91149,SANTRSMM,UBSWCHZH,AU,US,800.53,EUR/JPY,SWIFT_MT103,Standard_Risk,Clean_NoHit,0.20,0
SWIFT_W92244,DBSSHKHH,RABONL2U,CH,CA,95292.59,EUR/CHF,SEPA_Instant_Credit,Low_Risk,Cleared_FalsePositive,111.83,1
SWIFT_W91737,DEUTDEDD,SBININBB,AU,JP,2753.04,EUR/USD,SWIFT_MT103,Standard_Risk,Clean_NoHit,8.69,0
SWIFT_W92834,SANTRSMM,UBSWCHZH,GB,GB,806.47,EUR/AED,SWIFT_MT103,PEP_Politically_Exposed,Clean_NoHit,0.44,0
SWIFT_W92781,HSBCGB2L,SBININBB,SG,CA,6279.06,EUR/AED,SEPA_Instant_Credit,Enhanced_Due_Diligence,Clean_NoHit,38.46,0
SWIFT_W91593,HSBCGB2L,SMBCJPJT,AU,GB,1409.69,EUR/USD,SWIFT_MT103,Standard_Risk,Clean_NoHit,5.68,0
SWIFT_W90677,SANTRSMM,UBSWCHZH,AU,SG,801.82,USD/JPY,SWIFT_MT103,Standard_Risk,Clean_NoHit,0.43,0
SWIFT_W91232,DEUTDEDD,SBININBB,AU,ES,79874.79,EUR/SGD,SEPA_Instant_Credit,PEP_Politically_Exposed,Clean_NoHit,95.42,0
SWIFT_W91420,DBSSHKHH,RABONL2U,AU,ES,77793.54,EUR/JPY,SEPA_Instant_Credit,PEP_Politically_Exposed,Cleared_FalsePositive,104.09,0
SWIFT_W92949,SANTRSMM,SMBCJPJT,NL,CA,932.23,EUR/AED,ISO20022_pacs008,Low_Risk,Clean_NoHit,1.75,0
SWIFT_W90937,HSBCGB2L,STANHKHH,CH,JP,903.17,USD/JPY,SWIFT_MT103,PEP_Politically_Exposed,Clean_NoHit,3.81,0
SWIFT_W92340,HSBCGB2L,STANHKHH,IN,SG,801.31,EUR/AED,SWIFT_MT103,Standard_Risk,Clean_NoHit,0.38,0
SWIFT_W92685,HDFCINBB,STANHKHH,AU,AU,7438.73,EUR/AED,Fedwire_Funds,Enhanced_Due_Diligence,Cleared_FalsePositive,35.14,1
SWIFT_W92238,DBSSHKHH,INGBNL2A,CH,DE,159033.81,EUR/GBP,SEPA_Instant_Credit,Low_Risk,Cleared_FalsePositive,117.55,0
SWIFT_W92642,HDFCINBB,SBININBB,DE,AU,11270.20,EUR/CHF,SEPA_Instant_Credit,Enhanced_Due_Diligence,Cleared_FalsePositive,89.48,1
SWIFT_W92591,HSBCGB2L,SMBCJPJT,IN,CH,4241.43,EUR/GBP,SEPA_Instant_Credit,Low_Risk,Clean_NoHit,14.25,0
SWIFT_W91770,SANTRSMM,UBSWCHZH,AE,ES,819.27,EUR/GBP,SWIFT_MT103,Standard_Risk,Clean_NoHit,0.82,0
SWIFT_W92090,DBSGSGSG,SBININBB,AE,ES,13007.48,EUR/CHF,SEPA_Instant_Credit,PEP_Politically_Exposed,Clean_NoHit,22.12,0
SWIFT_W92119,HSBCGB2L,SBININBB,FR,CH,19828.23,EUR/GBP,SEPA_Instant_Credit,Low_Risk,Clean_NoHit,32.43,0
SWIFT_W92340,DEUTDEDD,RABONL2U,CH,CH,152551.14,EUR/GBP,ISO20022_pacs008,PEP_Politically_Exposed,Cleared_FalsePositive,93.79,0
SWIFT_W92307,DBSSHKHH,RABONL2U,DE,ES,62022.97,EUR/CHF,SEPA_Instant_Credit,Low_Risk,Cleared_FalsePositive,105.13,0
SWIFT_W91676,DEUTDEDD,SBININBB,CH,ES,40847.96,EUR/USD,SEPA_Instant_Credit,PEP_Politically_Exposed,Clean_NoHit,60.13,0
SWIFT_W91742,HDFCINBB,SMBCJPJT,AE,SG,805.49,EUR/USD,SWIFT_MT103,Standard_Risk,Clean_NoHit,0.64,0
SWIFT_W92237,DBSSHKHH,SMBCJPJT,CH,CA,107653.00,EUR/GBP,ISO20022_pacs008,Low_Risk,Cleared_FalsePositive,137.48,1
SWIFT_W92501,DEUTDEDD,SMBCJPJT,CH,AU,50911.96,EUR/CHF,ISO20022_pacs008,Enhanced_Due_Diligence,Cleared_FalsePositive,65.91,1
SWIFT_W91974,HDFCINBB,SMBCJPJT,DE,SG,2425.16,EUR/USD,SWIFT_MT103,PEP_Politically_Exposed,Clean_NoHit,14.51,0
SWIFT_W91978,DEUTDEDD,SMBCJPJT,CH,CH,150734.84,EUR/JPY,ISO20022_pacs008,Enhanced_Due_Diligence,Cleared_FalsePositive,163.28,1
SWIFT_W92370,HDFCINBB,SBININBB,AU,CA,54772.78,EUR/CHF,ISO20022_pacs008,Enhanced_Due_Diligence,Cleared_FalsePositive,115.48,1
SWIFT_W91791,DEUTDEDD,SBININBB,FR,ES,64268.02,EUR/JPY,SEPA_Instant_Credit,Low_Risk,Clean_NoHit,126.09,0
SWIFT_W92508,HSBCGB2L,STANHKHH,FR,JP,800.65,EUR/INR,SWIFT_MT103,Standard_Risk,Clean_NoHit,0.28,0
SWIFT_W92360,DBSSHKHH,RABONL2U,CH,CH,120832.82,EUR/CHF,ISO20022_pacs008,Low_Risk,Cleared_FalsePositive,108.43,1
SWIFT_W91823,HSBCGB2L,UBSWCHZH,AU,AU,7954.06,EUR/GBP,ISO20022_pacs008,PEP_Politically_Exposed,Clean_NoHit,24.00,0
SWIFT_W92456,HSBCGB2L,STANHKHH,NL,ES,1371.99,EUR/GBP,SWIFT_MT103,Low_Risk,Clean_NoHit,9.05,0
SWIFT_W90740,HSBCGB2L,STANHKHH,AE,DE,2951.39,USD/CAD,SEPA_Instant_Credit,PEP_Politically_Exposed,Clean_NoHit,22.30,0
SWIFT_W92518,HSBCGB2L,SMBCJPJT,GB,ES,929.75,EUR/CHF,SWIFT_MT103,PEP_Politically_Exposed,Clean_NoHit,2.03,0
SWIFT_W92454,HDFCINBB,STANHKHH,CH,ES,6626.10,EUR/JPY,SEPA_Instant_Credit,Low_Risk,Clean_NoHit,23.97,0
SWIFT_W91287,HSBCGB2L,STANHKHH,DE,ES,1242.69,USD/JPY,SWIFT_MT103,PEP_Politically_Exposed,Clean_NoHit,9.02,0
SWIFT_W92596,HDFCINBB,BCOPESMM,NL,ES,2268.38,EUR/CHF,SWIFT_MT103,Enhanced_Due_Diligence,Clean_NoHit,43.58,0
SWIFT_W90768,SANTRSMM,UBSWCHZH,AE,CH,830.24,USD/CAD,SEPA_Instant_Credit,Standard_Risk,Clean_NoHit,2.39,0
SWIFT_W92252,DEUTDEDD,SBININBB,DE,CH,88065.31,EUR/GBP,ISO20022_pacs008,Enhanced_Due_Diligence,Cleared_FalsePositive,177.08,1
SWIFT_W92958,HSBCGB2L,SBININBB,GB,JP,812.16,EUR/AED,SWIFT_MT103,Low_Risk,Clean_NoHit,0.67,0
SWIFT_W92382,DBSSHKHH,SBININBB,CH,CA,76430.15,EUR/CHF,ISO20022_pacs008,Low_Risk,Cleared_FalsePositive,90.69,1
SWIFT_W92903,SANTRSMM,STANHKHH,SG,ES,808.56,EUR/AED,SWIFT_MT103,Low_Risk,Clean_NoHit,0.63,0
SWIFT_W92583,HDFCINBB,RABONL2U,IN,CA,47670.26,EUR/CHF,ISO20022_pacs008,Low_Risk,Clean_NoHit,63.92,0
SWIFT_W92916,HSBCGB2L,RABONL2U,SG,JP,809.11,EUR/CHF,SWIFT_MT103,Low_Risk,Clean_NoHit,2.19,0
SWIFT_W92105,DBSSHKHH,SBININBB,FR,CH,127104.67,EUR/SGD,SEPA_Instant_Credit,Low_Risk,Clean_NoHit,130.66,0
SWIFT_W92470,DEUTDEDD,SBININBB,AU,AU,50146.78,EUR/CHF,ISO20022_pacs008,Enhanced_Due_Diligence,Cleared_FalsePositive,77.71,1
SWIFT_W92936,HSBCGB2L,SBININBB,SG,CA,966.37,EUR/AED,SEPA_Instant_Credit,Enhanced_Due_Diligence,Clean_NoHit,4.25,0
SWIFT_W92886,HSBCGB2L,STANHKHH,FR,AE,1138.14,EUR/AED,ISO20022_pacs008,Enhanced_Due_Diligence,Clean_NoHit,27.47,1
SWIFT_W91442,DBSSHKHH,RABONL2U,CH,ES,123268.80,EUR/SGD,SEPA_Instant_Credit,Low_Risk,Cleared_FalsePositive,118.98,0
SWIFT_W92769,DEUTDEDD,INGBNL2A,CH,CA,14687.72,EUR/AED,ISO20022_pacs008,Low_Risk,Cleared_FalsePositive,41.04,0
SWIFT_W92241,DEUTDEDD,INGBNL2A,DE,CH,141360.39,EUR/CHF,SEPA_Instant_Credit,Low_Risk,Cleared_FalsePositive,110.29,0
SWIFT_W91964,SANTRSMM,UBSWCHZH,FR,JP,803.35,EUR/CHF,SWIFT_MT103,PEP_Politically_Exposed,Clean_NoHit,0.47,0
SWIFT_W90811,HDFCINBB,STANHKHH,AU,ES,12389.13,USD/CAD,SEPA_Instant_Credit,PEP_Politically_Exposed,Clean_NoHit,42.52,0
SWIFT_W91928,DEUTDEDD,SMBCJPJT,CH,CH,125352.30,EUR/SGD,SEPA_Instant_Credit,Low_Risk,Cleared_FalsePositive,135.82,0
SWIFT_W92036,HDFCINBB,INGBNL2A,GB,ES,19903.59,EUR/SGD,SWIFT_MT103,PEP_Politically_Exposed,Clean_NoHit,51.18,0
SWIFT_W92119,DBSSHKHH,SBININBB,GB,CA,89125.67,EUR/INR,SEPA_Instant_Credit,Enhanced_Due_Diligence,Cleared_FalsePositive,162.76,0
SWIFT_W92662,DBSSHKHH,BARCGB22,FR,ES,5751.91,EUR/CHF,SWIFT_MT103,Low_Risk,Clean_NoHit,66.32,0
SWIFT_W91416,HSBCGB2L,STANHKHH,FR,DE,930.48,USD/CAD,SWIFT_MT103,PEP_Politically_Exposed,Clean_NoHit,3.61,0
SWIFT_W92071,DEUTDEDD,SMBCJPJT,AU,CH,99035.87,EUR/GBP,Fedwire_Funds,Low_Risk,Cleared_FalsePositive,95.56,1
SWIFT_W91894,HDFCINBB,SBININBB,AU,DE,3628.80,EUR/JPY,SEPA_Instant_Credit,Standard_Risk,Clean_NoHit,10.66,0
SWIFT_W92191,DEUTDEDD,STANHKHH,CH,CA,63647.24,EUR/GBP,ISO20022_pacs008,Enhanced_Due_Diligence,Cleared_FalsePositive,112.39,1
SWIFT_W92189,DBSSHKHH,FABAEADX,CH,DE,107819.36,EUR/GBP,SEPA_Instant_Credit,Low_Risk,Cleared_FalsePositive,130.65,0
SWIFT_W92219,HDFCINBB,STANHKHH,AE,CA,30640.46,EUR/GBP,Fedwire_Funds,PEP_Politically_Exposed,Clean_NoHit,77.04,0
SWIFT_W92794,HSBCGB2L,INGBNL2A,IN,SG,802.52,EUR/CHF,SWIFT_MT103,PEP_Politically_Exposed,Clean_NoHit,0.99,0
SWIFT_W91807,DEUTDEDD,SMBCJPJT,CH,CH,95764.16,EUR/GBP,ISO20022_pacs008,Low_Risk,Clean_NoHit,85.19,0
SWIFT_W92205,DBSSHKHH,INGBNL2A,AU,GB,16047.11,EUR/JPY,SWIFT_MT103,PEP_Politically_Exposed,Clean_NoHit,46.73,0
SWIFT_W92749,HDFCINBB,SMBCJPJT,NL,CA,6339.60,EUR/AED,SEPA_Instant_Credit,Enhanced_Due_Diligence,Clean_NoHit,32.21,0
SWIFT_W92664,DBSGSGSG,BARCGB22,FR,ES,5542.39,EUR/CHF,SWIFT_MT103,Low_Risk,Clean_NoHit,47.57,0
SWIFT_W92411,DEUTDEDD,RABONL2U,DE,CA,38129.80,EUR/CHF,SEPA_Instant_Credit,Enhanced_Due_Diligence,Cleared_FalsePositive,159.96,1
SWIFT_W92076,DBSSHKHH,RABONL2U,FR,DE,250761.09,EUR/INR,SEPA_Instant_Credit,Low_Risk,Cleared_FalsePositive,175.39,1
SWIFT_W92592,HSBCGB2L,SBININBB,IN,US,800.62,EUR/USD,SWIFT_MT103,PEP_Politically_Exposed,Clean_NoHit,0.48,0
SWIFT_W92808,HSBCGB2L,SMBCJPJT,SG,CA,2709.72,EUR/AED,SEPA_Instant_Credit,Enhanced_Due_Diligence,Clean_NoHit,12.39,0
SWIFT_W92721,HDFCINBB,BCOPESMM,DE,SG,824.77,EUR/INR,SWIFT_MT103,PEP_Politically_Exposed,Clean_NoHit,3.87,0
SWIFT_W92779,HSBCGB2L,UBSWCHZH,AU,AU,3049.67,EUR/AED,Fedwire_Funds,Enhanced_Due_Diligence,Clean_NoHit,22.47,1
SWIFT_W92618,DEUTDEDD,RABONL2U,AU,CH,10822.34,EUR/AED,SEPA_Instant_Credit,PEP_Politically_Exposed,Clean_NoHit,23.93,0
SWIFT_W92430,HDFCINBB,SMBCJPJT,AU,CA,52459.71,EUR/CHF,ISO20022_pacs008,Enhanced_Due_Diligence,Cleared_FalsePositive,86.81,1
SWIFT_W92382,HDFCINBB,STANHKHH,AU,CA,25100.78,EUR/CHF,Fedwire_Funds,Low_Risk,Cleared_FalsePositive,69.96,1
SWIFT_W91850,HDFCINBB,SMBCJPJT,AE,SG,916.52,EUR/SGD,SWIFT_MT103,Standard_Risk,Clean_NoHit,2.44,0
SWIFT_W92275,HDFCINBB,SMBCJPJT,DE,CA,115873.02,EUR/GBP,ISO20022_pacs008,Low_Risk,Cleared_FalsePositive,113.16,1
SWIFT_W91985,DEUTDEDD,SMBCJPJT,CH,CA,103082.66,EUR/CHF,ISO20022_pacs008,Low_Risk,Cleared_FalsePositive,125.05,1
SWIFT_W92383,DBSSHKHH,FABAEADX,FR,CH,59303.66,EUR/GBP,SEPA_Instant_Credit,Low_Risk,Cleared_FalsePositive,164.66,1
SWIFT_W92899,DEUTDEDD,SBININBB,AU,CA,7319.65,EUR/AED,ISO20022_pacs008,Low_Risk,Clean_NoHit,12.59,0
SWIFT_W92068,DEUTDEDD,SMBCJPJT,AU,CH,71510.53,EUR/GBP,ISO20022_pacs008,Low_Risk,Cleared_FalsePositive,149.09,1
SWIFT_W91597,DEUTDEDD,RABONL2U,CH,JP,5170.08,EUR/USD,SWIFT_MT103,PEP_Politically_Exposed,Clean_NoHit,33.10,0
SWIFT_W92646,DEUTDEDD,BCOPESMM,IN,CA,13900.31,EUR/CHF,SEPA_Instant_Credit,Enhanced_Due_Diligence,Cleared_FalsePositive,156.95,0
SWIFT_W92199,HSBCGB2L,STANHKHH,FR,JP,816.67,EUR/INR,SWIFT_MT103,PEP_Politically_Exposed,Clean_NoHit,1.06,0
SWIFT_W90937,HSBCGB2L,SMBCJPJT,DE,JP,1811.33,EUR/SGD,SWIFT_MT103,Standard_Risk,Clean_NoHit,8.00,0
SWIFT_W92186,DEUTDEDD,FABAEADX,IN,CH,44891.72,EUR/CHF,SEPA_Instant_Credit,Enhanced_Due_Diligence,Cleared_FalsePositive,138.48,0
SWIFT_W92532,HDFCINBB,INGBNL2A,DE,SG,848.61,EUR/INR,SWIFT_MT103,Standard_Risk,Clean_NoHit,2.51,0
SWIFT_W92537,DBSSHKHH,RABONL2U,CH,ES,19704.70,EUR/AED,SEPA_Instant_Credit,Low_Risk,Cleared_FalsePositive,31.04,0
SWIFT_W92430,HSBCGB2L,UBSWCHZH,CH,CA,5417.72,EUR/AED,ISO20022_pacs008,Low_Risk,Clean_NoHit,12.49,0
SWIFT_W92315,HDFCINBB,SMBCJPJT,FR,AU,50147.92,EUR/CHF,ISO20022_pacs008,Enhanced_Due_Diligence,Clean_NoHit,64.33,0
SWIFT_W92615,DBSSHKHH,SBININBB,CH,CA,25464.28,EUR/AED,ISO20022_pacs008,Low_Risk,Cleared_FalsePositive,35.76,0
SWIFT_W92724,HSBCGB2L,STANHKHH,GB,ES,1315.35,EUR/CHF,SEPA_Instant_Credit,Enhanced_Due_Diligence,Clean_NoHit,6.37,0
SWIFT_W92485,DBSSHKHH,BCOPESMM,CH,DE,39805.72,EUR/CHF,SEPA_Instant_Credit,Low_Risk,Cleared_FalsePositive,103.51,0
SWIFT_W91975,HDFCINBB,SMBCJPJT,FR,ES,4019.30,EUR/GBP,SWIFT_MT103,Low_Risk,Clean_NoHit,12.14,0
SWIFT_W92704,HSBCGB2L,UBSWCHZH,AU,DE,1020.78,EUR/AED,SEPA_Instant_Credit,Standard_Risk,Clean_NoHit,2.06,0
SWIFT_W92849,HDFCINBB,RABONL2U,NL,AU,3402.03,EUR/AED,SEPA_Instant_Credit,Enhanced_Due_Diligence,Clean_NoHit,31.09,0
SWIFT_W92869,HDFCINBB,FABAEADX,SG,DE,3018.12,EUR/CHF,SEPA_Instant_Credit,Enhanced_Due_Diligence,Clean_NoHit,39.41,0
SWIFT_W92611,DEUTDEDD,FABAEADX,IN,CA,14083.32,EUR/CHF,SEPA_Instant_Credit,Enhanced_Due_Diligence,Cleared_FalsePositive,139.71,0
SWIFT_W92619,HDFCINBB,SMBCJPJT,DE,CA,56756.08,EUR/CHF,Fedwire_Funds,Enhanced_Due_Diligence,Clean_NoHit,52.67,0
SWIFT_W91664,HDFCINBB,SMBCJPJT,CH,CH,85135.87,EUR/USD,SEPA_Instant_Credit,Low_Risk,Clean_NoHit,81.13,0
SWIFT_W92827,HSBCGB2L,INGBNL2A,SG,CH,3710.97,EUR/CHF,SEPA_Instant_Credit,Enhanced_Due_Diligence,Clean_NoHit,66.67,0
SWIFT_W91369,DEUTDEDD,SBININBB,AU,GB,5692.16,EUR/JPY,SWIFT_MT103,Standard_Risk,Clean_NoHit,15.91,0
SWIFT_W92029,SANTRSMM,UBSWCHZH,DE,JP,812.09,EUR/INR,SWIFT_MT103,PEP_Politically_Exposed,Clean_NoHit,0.67,0
SWIFT_W92717,HDFCINBB,RABONL2U,CH,JP,810.69,EUR/CHF,SWIFT_MT103,Standard_Risk,Clean_NoHit,0.74,0
SWIFT_W90670,HSBCGB2L,STANHKHH,DE,GB,972.04,USD/CAD,SWIFT_MT103,PEP_Politically_Exposed,Clean_NoHit,4.58,0
SWIFT_W92522,DEUTDEDD,SMBCJPJT,CH,CA,96930.08,EUR/CHF,ISO20022_pacs008,Low_Risk,Clean_NoHit,63.36,0
SWIFT_W92194,DEUTDEDD,SBININBB,DE,CA,88702.42,EUR/GBP,ISO20022_pacs008,Enhanced_Due_Diligence,Cleared_FalsePositive,156.59,1
SWIFT_W92027,HDFCINBB,RABONL2U,AU,JP,1659.55,EUR/SGD,SWIFT_MT103,Standard_Risk,Clean_NoHit,6.14,0
SWIFT_W92462,HDFCINBB,STANHKHH,CH,CA,44838.88,EUR/CHF,ISO20022_pacs008,Enhanced_Due_Diligence,Cleared_FalsePositive,55.32,0
SWIFT_W92386,HSBCGB2L,STANHKHH,SG,GB,1275.15,EUR/INR,SWIFT_MT103,Enhanced_Due_Diligence,Clean_NoHit,8.98,0
SWIFT_W91793,DEUTDEDD,SBININBB,CH,SG,1793.09,EUR/USD,SWIFT_MT103,PEP_Politically_Exposed,Clean_NoHit,13.07,0
SWIFT_W92669,HDFCINBB,STANHKHH,AU,AU,7111.40,EUR/AED,ISO20022_pacs008,Enhanced_Due_Diligence,Cleared_FalsePositive,43.69,1
SWIFT_W92804,HSBCGB2L,UBSWCHZH,AU,AU,2851.52,EUR/AED,Fedwire_Funds,Low_Risk,Clean_NoHit,5.94,0
SWIFT_W92926,HSBCGB2L,STANHKHH,NL,AU,1553.32,EUR/AED,Fedwire_Funds,Enhanced_Due_Diligence,Clean_NoHit,7.13,0
SWIFT_W92919,HSBCGB2L,SBININBB,SG,GB,957.81,EUR/AED,SWIFT_MT103,Enhanced_Due_Diligence,Clean_NoHit,7.41,0
SWIFT_W92542,HDFCINBB,SMBCJPJT,AU,AU,11434.05,EUR/AED,ISO20022_pacs008,Enhanced_Due_Diligence,Cleared_FalsePositive,62.15,1
SWIFT_W92570,DBSSHKHH,BCOPESMM,DE,DE,37063.64,EUR/CHF,SEPA_Instant_Credit,Low_Risk,Cleared_FalsePositive,124.77,0
SWIFT_W92438,HDFCINBB,STANHKHH,IN,DE,24851.45,EUR/CHF,SEPA_Instant_Credit,Enhanced_Due_Diligence,Clean_NoHit,87.84,0
SWIFT_W92581,DEUTDEDD,SMBCJPJT,CH,AU,28661.72,EUR/CHF,ISO20022_pacs008,Enhanced_Due_Diligence,Cleared_FalsePositive,79.90,1
SWIFT_W91827,HDFCINBB,RABONL2U,CH,GB,1918.62,EUR/SGD,SWIFT_MT103,PEP_Politically_Exposed,Clean_NoHit,13.89,0
SWIFT_W92319,DBSSHKHH,BCOPESMM,FR,DE,29812.70,EUR/CHF,SEPA_Instant_Credit,PEP_Politically_Exposed,Cleared_FalsePositive,72.15,0
SWIFT_W92602,HDFCINBB,RABONL2U,CH,US,801.50,EUR/INR,SWIFT_MT103,Standard_Risk,Clean_NoHit,0.74,0
SWIFT_W92866,HDFCINBB,BCOPESMM,NL,SG,804.62,EUR/AED,SWIFT_MT103,PEP_Politically_Exposed,Clean_NoHit,1.31,0
SWIFT_W92493,HDFCINBB,STANHKHH,AE,GB,956.01,EUR/CHF,SWIFT_MT103,Standard_Risk,Clean_NoHit,1.71,0
SWIFT_W92716,HSBCGB2L,STANHKHH,CH,AU,3536.12,EUR/AED,Fedwire_Funds,Low_Risk,Clean_NoHit,7.23,0
SWIFT_W91950,HDFCINBB,SMBCJPJT,IN,DE,12767.12,EUR/JPY,SEPA_Instant_Credit,Low_Risk,Clean_NoHit,43.34,0
SWIFT_W92492,HSBCGB2L,STANHKHH,CH,AU,10953.89,EUR/AED,Fedwire_Funds,Enhanced_Due_Diligence,Clean_NoHit,36.80,1
SWIFT_W92859,HSBCGB2L,STANHKHH,CH,AU,4767.74,EUR/AED,Fedwire_Funds,Enhanced_Due_Diligence,Clean_NoHit,14.71,0
SWIFT_W92248,HSBCGB2L,UBSWCHZH,AU,DE,1122.49,EUR/CHF,SEPA_Instant_Credit,PEP_Politically_Exposed,Clean_NoHit,1.87,0
SWIFT_W92305,HSBCGB2L,STANHKHH,AE,AU,7634.81,EUR/CHF,Fedwire_Funds,PEP_Politically_Exposed,Clean_NoHit,26.07,0
SWIFT_W92044,HSBCGB2L,STANHKHH,DE,SG,801.21,EUR/USD,SWIFT_MT103,Standard_Risk,Clean_NoHit,0.49,0
SWIFT_W92321,SANTRSMM,UBSWCHZH,AE,CA,1386.10,EUR/JPY,SEPA_Instant_Credit,PEP_Politically_Exposed,Clean_NoHit,3.77,0
SWIFT_W92968,HSBCGB2L,INGBNL2A,NL,JP,806.24,EUR/AED,SWIFT_MT103,Low_Risk,Clean_NoHit,1.28,0
SWIFT_W90403,HSBCGB2L,UBSWCHZH,AE,DE,1244.50,USD/JPY,SWIFT_MT103,Standard_Risk,Clean_NoHit,10.13,0
SWIFT_W92709,HDFCINBB,STANHKHH,AU,AU,14591.53,EUR/AED,Fedwire_Funds,Low_Risk,Clean_NoHit,32.85,0
SWIFT_W91738,DEUTDEDD,SMBCJPJT,DE,DE,94245.63,EUR/SGD,SEPA_Instant_Credit,Low_Risk,Clean_NoHit,117.37,0
SWIFT_W91825,DBSSHKHH,RABONL2U,CH,GB,40247.67,EUR/JPY,SEPA_Instant_Credit,PEP_Politically_Exposed,Cleared_FalsePositive,94.41,0
SWIFT_W92600,HDFCINBB,FABAEADX,NL,JP,4418.72,EUR/GBP,SWIFT_MT103,Enhanced_Due_Diligence,Clean_NoHit,77.10,0
SWIFT_W92824,HSBCGB2L,BCOPESMM,SG,GB,1677.16,EUR/INR,SWIFT_MT103,Enhanced_Due_Diligence,Clean_NoHit,32.35,0
SWIFT_W92201,DEUTDEDD,SMBCJPJT,AU,CA,91937.88,EUR/GBP,ISO20022_pacs008,Low_Risk,Cleared_FalsePositive,143.24,1
SWIFT_W92906,HDFCINBB,SMBCJPJT,FR,AU,2498.74,EUR/AED,ISO20022_pacs008,Enhanced_Due_Diligence,Clean_NoHit,8.34,0
SWIFT_W92705,DEUTDEDD,BCOPESMM,DE,DE,4239.31,EUR/AED,SWIFT_MT103,Low_Risk,Clean_NoHit,24.28,0
SWIFT_W92620,HSBCGB2L,SMBCJPJT,DE,US,800.54,EUR/SGD,SWIFT_MT103,Standard_Risk,Clean_NoHit,0.23,0
SWIFT_W92639,DEUTDEDD,INGBNL2A,NL,CA,8740.94,EUR/CHF,SEPA_Instant_Credit,Enhanced_Due_Diligence,Cleared_FalsePositive,143.31,0
SWIFT_W92046,HDFCINBB,STANHKHH,AU,CH,28985.70,EUR/INR,ISO20022_pacs008,Low_Risk,Clean_NoHit,76.18,0
SWIFT_W92434,HSBCGB2L,STANHKHH,NL,CA,4511.22,EUR/AED,ISO20022_pacs008,Enhanced_Due_Diligence,Clean_NoHit,18.25,0
SWIFT_W92899,HSBCGB2L,STANHKHH,IN,AU,2955.25,EUR/AED,ISO20022_pacs008,Enhanced_Due_Diligence,Clean_NoHit,10.98,0
SWIFT_W92800,HSBCGB2L,STANHKHH,NL,AU,3301.75,EUR/AED,Fedwire_Funds,Enhanced_Due_Diligence,Clean_NoHit,12.10,0
SWIFT_W91578,HSBCGB2L,STANHKHH,AE,CA,1461.99,EUR/SGD,SEPA_Instant_Credit,Standard_Risk,Clean_NoHit,8.46,0
SWIFT_W91525,HSBCGB2L,STANHKHH,FR,GB,1115.27,EUR/USD,SWIFT_MT103,PEP_Politically_Exposed,Clean_NoHit,6.35,0
SWIFT_W92786,HDFCINBB,RABONL2U,NL,CA,14043.78,EUR/CHF,SEPA_Instant_Credit,Enhanced_Due_Diligence,Clean_NoHit,72.24,0
SWIFT_W92025,DEUTDEDD,SBININBB,CH,CH,120465.10,EUR/CHF,ISO20022_pacs008,Low_Risk,Cleared_FalsePositive,127.83,1
SWIFT_W92307,DEUTDEDD,INGBNL2A,IN,ES,35580.44,EUR/GBP,SEPA_Instant_Credit,Enhanced_Due_Diligence,Cleared_FalsePositive,140.82,0
SWIFT_W92450,DEUTDEDD,RABONL2U,DE,CA,43769.35,EUR/CHF,ISO20022_pacs008,Enhanced_Due_Diligence,Cleared_FalsePositive,92.97,0
SWIFT_W91869,DEUTDEDD,SBININBB,DE,CA,156668.08,EUR/JPY,ISO20022_pacs008,Low_Risk,Cleared_FalsePositive,145.20,1
SWIFT_W92494,DEUTDEDD,SMBCJPJT,IN,DE,30119.49,EUR/GBP,SEPA_Instant_Credit,Enhanced_Due_Diligence,Clean_NoHit,122.22,0
SWIFT_W91976,HSBCGB2L,STANHKHH,CH,GB,932.79,EUR/JPY,SWIFT_MT103,Standard_Risk,Clean_NoHit,2.77,0
SWIFT_W91832,HDFCINBB,SMBCJPJT,DE,GB,2151.49,EUR/INR,SWIFT_MT103,PEP_Politically_Exposed,Clean_NoHit,8.99,0
SWIFT_W92004,DEUTDEDD,STANHKHH,DE,CA,61902.66,EUR/INR,SEPA_Instant_Credit,Enhanced_Due_Diligence,Clean_NoHit,106.89,0
SWIFT_W92670,DEUTDEDD,BCOPESMM,GB,CH,15954.76,EUR/CHF,SEPA_Instant_Credit,Low_Risk,Clean_NoHit,42.51,0
SWIFT_W92223,DBSSHKHH,RABONL2U,GB,CH,110849.06,EUR/JPY,SEPA_Instant_Credit,Enhanced_Due_Diligence,Cleared_FalsePositive,179.89,0
SWIFT_W92828,HSBCGB2L,SMBCJPJT,NL,CA,9778.99,EUR/CHF,ISO20022_pacs008,Enhanced_Due_Diligence,Clean_NoHit,52.40,0
SWIFT_W92818,HSBCGB2L,FABAEADX,US,CA,1595.73,EUR/AED,SEPA_Instant_Credit,Enhanced_Due_Diligence,Clean_NoHit,56.83,0
SWIFT_W90997,HSBCGB2L,UBSWCHZH,AE,CH,915.57,USD/CAD,SWIFT_MT103,PEP_Politically_Exposed,Clean_NoHit,3.33,0
SWIFT_W92652,DEUTDEDD,RABONL2U,DE,CA,14663.30,EUR/AED,ISO20022_pacs008,Enhanced_Due_Diligence,Cleared_FalsePositive,54.58,0
SWIFT_W92200,DBSSHKHH,INGBNL2A,FR,CH,82120.86,EUR/CHF,SEPA_Instant_Credit,Low_Risk,Cleared_FalsePositive,136.67,0
SWIFT_W90883,HSBCGB2L,STANHKHH,CH,ES,1307.20,USD/JPY,SWIFT_MT103,PEP_Politically_Exposed,Clean_NoHit,10.53,0
SWIFT_W92661,DEUTDEDD,STANHKHH,CH,CH,9700.79,EUR/AED,ISO20022_pacs008,Low_Risk,Clean_NoHit,17.33,0
SWIFT_W92500,HSBCGB2L,STANHKHH,AU,CA,12111.54,EUR/CHF,Fedwire_Funds,PEP_Politically_Exposed,Clean_NoHit,23.30,0
SWIFT_W92586,SANTRSMM,UBSWCHZH,AE,AE,851.32,EUR/AED,Fedwire_Funds,PEP_Politically_Exposed,Clean_NoHit,1.57,0
SWIFT_W92394,HSBCGB2L,SMBCJPJT,GB,JP,809.64,EUR/CHF,SWIFT_MT103,PEP_Politically_Exposed,Clean_NoHit,1.02,0
SWIFT_W91963,DBSSHKHH,FABAEADX,DE,ES,21136.26,EUR/JPY,SWIFT_MT103,Low_Risk,Cleared_FalsePositive,90.30,0
SWIFT_W92984,HSBCGB2L,RABONL2U,SG,SG,801.00,EUR/AED,SWIFT_MT103,Low_Risk,Clean_NoHit,0.45,0
SWIFT_W92821,HDFCINBB,BCOPESMM,DE,CA,6814.33,EUR/AED,SEPA_Instant_Credit,Enhanced_Due_Diligence,Cleared_FalsePositive,66.82,0
SWIFT_W91847,DEUTDEDD,SMBCJPJT,AU,CH,96762.80,EUR/INR,ISO20022_pacs008,Low_Risk,Cleared_FalsePositive,152.75,1
SWIFT_W92658,HDFCINBB,INGBNL2A,SG,CH,9874.81,EUR/CHF,SEPA_Instant_Credit,Enhanced_Due_Diligence,Clean_NoHit,123.43,0
SWIFT_W91711,DBSSHKHH,RABONL2U,DE,DE,300015.41,EUR/JPY,SEPA_Instant_Credit,Low_Risk,Cleared_FalsePositive,162.55,1
SWIFT_W92197,HSBCGB2L,SMBCJPJT,FR,SG,804.06,EUR/JPY,SWIFT_MT103,Standard_Risk,Clean_NoHit,0.65,0
SWIFT_W92820,HSBCGB2L,SMBCJPJT,IN,SG,800.66,EUR/CHF,SWIFT_MT103,Standard_Risk,Clean_NoHit,0.30,0
SWIFT_W92720,HSBCGB2L,RABONL2U,US,ES,2544.38,EUR/CHF,SEPA_Instant_Credit,Enhanced_Due_Diligence,Clean_NoHit,51.42,0
SWIFT_W90780,HDFCINBB,SMBCJPJT,AU,DE,5688.84,USD/CAD,SWIFT_MT103,PEP_Politically_Exposed,Clean_NoHit,33.56,0
SWIFT_W92288,DBSSHKHH,RABONL2U,DE,CH,186695.84,EUR/GBP,ISO20022_pacs008,Low_Risk,Cleared_FalsePositive,134.73,1
SWIFT_W92801,HSBCGB2L,UBSWCHZH,AE,AU,4319.64,EUR/AED,Fedwire_Funds,Enhanced_Due_Diligence,Clean_NoHit,35.81,1
SWIFT_W92006,HDFCINBB,SMBCJPJT,AU,DE,30948.95,EUR/SGD,SEPA_Instant_Credit,PEP_Politically_Exposed,Clean_NoHit,49.84,0
SWIFT_W91840,DBSSHKHH,RABONL2U,FR,DE,265855.25,EUR/INR,SEPA_Instant_Credit,Low_Risk,Cleared_FalsePositive,175.77,1
SWIFT_W92018,SANTRSMM,UBSWCHZH,AE,SG,800.53,EUR/JPY,SWIFT_MT103,Standard_Risk,Clean_NoHit,0.20,0
SWIFT_W92744,SANTRSMM,STANHKHH,AU,GB,801.19,EUR/USD,SWIFT_MT103,Standard_Risk,Clean_NoHit,0.33,0
SWIFT_W92763,HSBCGB2L,STANHKHH,FR,CA,8397.90,EUR/AED,ISO20022_pacs008,Enhanced_Due_Diligence,Clean_NoHit,16.23,0
SWIFT_W92956,SANTRSMM,STANHKHH,NL,SG,800.54,EUR/AED,SWIFT_MT103,PEP_Politically_Exposed,Clean_NoHit,0.22,0
SWIFT_W92648,HSBCGB2L,UBSWCHZH,AU,AU,3357.78,EUR/AED,Fedwire_Funds,Enhanced_Due_Diligence,Clean_NoHit,15.33,0
SWIFT_W92208,DEUTDEDD,SBININBB,FR,DE,30905.72,EUR/USD,SWIFT_MT103,Enhanced_Due_Diligence,Cleared_FalsePositive,166.16,0
SWIFT_W92738,HDFCINBB,INGBNL2A,NL,GB,1142.88,EUR/AED,SWIFT_MT103,Enhanced_Due_Diligence,Clean_NoHit,17.05,0
SWIFT_W92483,DEUTDEDD,RABONL2U,NL,CH,21060.86,EUR/INR,SEPA_Instant_Credit,Enhanced_Due_Diligence,Clean_NoHit,154.14,0
SWIFT_W92701,HDFCINBB,STANHKHH,CH,AU,10313.57,EUR/AED,Fedwire_Funds,Enhanced_Due_Diligence,Clean_NoHit,32.26,1
SWIFT_W92523,SANTRSMM,UBSWCHZH,FR,GB,801.78,EUR/AED,SWIFT_MT103,Standard_Risk,Clean_NoHit,0.30,0
SWIFT_W92354,DEUTDEDD,RABONL2U,GB,CH,48010.48,EUR/CHF,SEPA_Instant_Credit,Low_Risk,Cleared_FalsePositive,106.75,0
SWIFT_W92272,HSBCGB2L,STANHKHH,AU,ES,874.31,EUR/JPY,SWIFT_MT103,Standard_Risk,Clean_NoHit,1.43,0
SWIFT_W92052,DBSSHKHH,RABONL2U,CH,CH,346702.38,EUR/INR,ISO20022_pacs008,Low_Risk,Cleared_FalsePositive,151.50,1
SWIFT_W91391,HSBCGB2L,STANHKHH,AE,CA,2819.63,EUR/SGD,SEPA_Instant_Credit,Standard_Risk,Clean_NoHit,9.35,0
SWIFT_W92131,DEUTDEDD,STANHKHH,DE,CH,90419.05,EUR/JPY,SEPA_Instant_Credit,Enhanced_Due_Diligence,Cleared_FalsePositive,130.54,0
SWIFT_W90370,SANTRSMM,UBSWCHZH,AE,GB,839.27,USD/JPY,SWIFT_MT103,Standard_Risk,Clean_NoHit,2.32,0
SWIFT_W92747,HDFCINBB,BARCGB22,SG,GB,1676.10,EUR/CHF,SWIFT_MT103,Enhanced_Due_Diligence,Clean_NoHit,99.75,0
SWIFT_W92884,SANTRSMM,STANHKHH,IN,CH,824.40,EUR/AED,SEPA_Instant_Credit,PEP_Politically_Exposed,Clean_NoHit,0.72,0
SWIFT_W92218,DBSSHKHH,RABONL2U,FR,CH,122262.45,EUR/GBP,SEPA_Instant_Credit,Enhanced_Due_Diligence,Cleared_FalsePositive,175.09,1
SWIFT_W92839,HSBCGB2L,STANHKHH,AU,AE,3467.22,EUR/AED,Fedwire_Funds,Enhanced_Due_Diligence,Clean_NoHit,8.66,0
SWIFT_W92539,DEUTDEDD,RABONL2U,GB,DE,35108.64,EUR/CHF,SEPA_Instant_Credit,Enhanced_Due_Diligence,Clean_NoHit,86.16,0
SWIFT_W92480,HSBCGB2L,STANHKHH,SG,JP,838.90,EUR/INR,SWIFT_MT103,PEP_Politically_Exposed,Clean_NoHit,2.97,0
SWIFT_W91690,HSBCGB2L,STANHKHH,AU,CH,5765.53,EUR/GBP,ISO20022_pacs008,Standard_Risk,Clean_NoHit,9.49,0
SWIFT_W92163,HDFCINBB,STANHKHH,DE,CA,43239.37,EUR/CHF,ISO20022_pacs008,Low_Risk,Clean_NoHit,37.28,0
SWIFT_W91880,SANTRSMM,UBSWCHZH,CH,CH,803.72,EUR/JPY,SWIFT_MT103,Standard_Risk,Clean_NoHit,0.42,0
SWIFT_W91142,SANTRSMM,UBSWCHZH,AU,JP,801.22,USD/CAD,SWIFT_MT103,Standard_Risk,Clean_NoHit,0.38,0
SWIFT_W92795,DEUTDEDD,BCOPESMM,IN,GB,1198.41,EUR/CHF,SWIFT_MT103,Low_Risk,Clean_NoHit,12.87,0
SWIFT_W92650,HDFCINBB,RABONL2U,SG,CA,5169.21,EUR/GBP,SEPA_Instant_Credit,Low_Risk,Clean_NoHit,21.45,0
SWIFT_W92445,HSBCGB2L,STANHKHH,AU,SG,800.78,EUR/JPY,SWIFT_MT103,Standard_Risk,Clean_NoHit,0.29,0
SWIFT_W90523,HSBCGB2L,STANHKHH,AU,DE,5177.64,USD/CAD,SEPA_Instant_Credit,Standard_Risk,Clean_NoHit,19.06,0
SWIFT_W92470,DBSSHKHH,FABAEADX,GB,CH,26144.39,EUR/CHF,SEPA_Instant_Credit,Enhanced_Due_Diligence,Cleared_FalsePositive,140.09,0
SWIFT_W92231,DBSSHKHH,SBININBB,DE,JP,6737.28,EUR/SGD,SWIFT_MT103,Low_Risk,Clean_NoHit,60.88,0
SWIFT_W91085,HDFCINBB,SMBCJPJT,AU,ES,20225.20,EUR/USD,SWIFT_MT103,PEP_Politically_Exposed,Clean_NoHit,39.59,0
SWIFT_W91479,HDFCINBB,STANHKHH,AE,CH,8854.95,EUR/GBP,ISO20022_pacs008,Standard_Risk,Clean_NoHit,22.20,0
SWIFT_W90326,HSBCGB2L,STANHKHH,AE,GB,829.11,USD/JPY,SWIFT_MT103,Standard_Risk,Clean_NoHit,1.40,0
SWIFT_W92233,HDFCINBB,SMBCJPJT,FR,CH,10474.08,EUR/GBP,SEPA_Instant_Credit,PEP_Politically_Exposed,Clean_NoHit,22.67,0
SWIFT_W92545,HSBCGB2L,STANHKHH,CH,AU,18535.52,EUR/AED,Fedwire_Funds,Enhanced_Due_Diligence,Clean_NoHit,31.53,0
SWIFT_W92603,HDFCINBB,SMBCJPJT,CH,AU,15500.37,EUR/AED,ISO20022_pacs008,Enhanced_Due_Diligence,Cleared_FalsePositive,57.49,1
SWIFT_W92443,HDFCINBB,STANHKHH,AE,AU,12548.81,EUR/CHF,Fedwire_Funds,Low_Risk,Cleared_FalsePositive,79.51,1
SWIFT_W91888,HSBCGB2L,STANHKHH,IN,ES,2235.32,EUR/CHF,SEPA_Instant_Credit,Low_Risk,Clean_NoHit,14.00,0
SWIFT_W92003,DEUTDEDD,SBININBB,CH,CA,207596.72,EUR/GBP,ISO20022_pacs008,Low_Risk,Cleared_FalsePositive,122.04,1
SWIFT_W92701,DEUTDEDD,SMBCJPJT,FR,DE,2377.30,EUR/AED,SEPA_Instant_Credit,PEP_Politically_Exposed,Clean_NoHit,9.52,0
SWIFT_W92672,SANTRSMM,UBSWCHZH,CH,AU,1008.06,EUR/AED,Fedwire_Funds,PEP_Politically_Exposed,Clean_NoHit,1.48,0
SWIFT_W91723,DEUTDEDD,SMBCJPJT,AU,GB,6459.10,USD/CAD,SWIFT_MT103,PEP_Politically_Exposed,Clean_NoHit,18.51,0
SWIFT_W92695,HDFCINBB,STANHKHH,CH,CH,9118.49,EUR/AED,ISO20022_pacs008,Enhanced_Due_Diligence,Clean_NoHit,25.04,0
SWIFT_W92166,HDFCINBB,STANHKHH,DE,CA,23866.26,EUR/CHF,Fedwire_Funds,Enhanced_Due_Diligence,Clean_NoHit,50.87,0
SWIFT_W92034,HSBCGB2L,UBSWCHZH,NL,GB,905.48,EUR/GBP,SWIFT_MT103,Low_Risk,Clean_NoHit,4.05,0
SWIFT_W92369,DBSSHKHH,SBININBB,CH,CH,49570.06,EUR/CHF,SEPA_Instant_Credit,Low_Risk,Cleared_FalsePositive,106.26,1
SWIFT_W91952,DEUTDEDD,SMBCJPJT,FR,DE,28415.88,EUR/USD,SWIFT_MT103,Enhanced_Due_Diligence,Clean_NoHit,112.33,0
SWIFT_W91683,DEUTDEDD,SMBCJPJT,DE,GB,7197.22,USD/CAD,SWIFT_MT103,Low_Risk,Clean_NoHit,44.32,0
SWIFT_W91281,DEUTDEDD,SBININBB,CH,GB,80515.62,EUR/SGD,SEPA_Instant_Credit,PEP_Politically_Exposed,Clean_NoHit,81.31,0
SWIFT_W91369,SANTRSMM,UBSWCHZH,AU,DE,821.37,EUR/GBP,SWIFT_MT103,Standard_Risk,Clean_NoHit,0.71,0
SWIFT_W92474,HSBCGB2L,STANHKHH,CH,AU,14085.64,EUR/AED,Fedwire_Funds,Low_Risk,Clean_NoHit,24.42,0
SWIFT_W92556,HSBCGB2L,STANHKHH,GB,CA,2452.60,EUR/CHF,SEPA_Instant_Credit,Low_Risk,Clean_NoHit,7.74,0
SWIFT_W92851,HSBCGB2L,STANHKHH,AU,AU,6017.62,EUR/AED,Fedwire_Funds,Enhanced_Due_Diligence,Clean_NoHit,12.62,0
SWIFT_W92410,DEUTDEDD,INGBNL2A,AU,DE,15685.79,EUR/CHF,SEPA_Instant_Credit,Standard_Risk,Clean_NoHit,27.39,0
SWIFT_W92006,HSBCGB2L,SMBCJPJT,NL,ES,979.89,EUR/SGD,SWIFT_MT103,Low_Risk,Clean_NoHit,3.73,0
SWIFT_W92409,HDFCINBB,STANHKHH,AU,CA,23332.21,EUR/CHF,Fedwire_Funds,Low_Risk,Clean_NoHit,59.19,1
SWIFT_W91841,DBSSHKHH,SBININBB,DE,DE,329114.25,EUR/JPY,SEPA_Instant_Credit,Low_Risk,Cleared_FalsePositive,159.72,1
SWIFT_W92498,DBSSHKHH,BARCGB22,DE,ES,14923.26,EUR/CHF,SWIFT_MT103,Low_Risk,Cleared_FalsePositive,83.34,0
SWIFT_W92418,DEUTDEDD,STANHKHH,AU,AU,20660.28,EUR/CHF,ISO20022_pacs008,Enhanced_Due_Diligence,Cleared_FalsePositive,111.91,1
SWIFT_W92207,DEUTDEDD,RABONL2U,AU,GB,7826.25,EUR/USD,SWIFT_MT103,PEP_Politically_Exposed,Clean_NoHit,55.48,0
SWIFT_W92773,HDFCINBB,RABONL2U,IN,GB,887.10,EUR/INR,SWIFT_MT103,PEP_Politically_Exposed,Clean_NoHit,4.89,0
SWIFT_W92943,HSBCGB2L,RABONL2U,NL,AU,1670.02,EUR/AED,ISO20022_pacs008,Enhanced_Due_Diligence,Clean_NoHit,20.75,0
SWIFT_W91964,DBSSHKHH,INGBNL2A,FR,CH,170519.80,EUR/INR,SEPA_Instant_Credit,Low_Risk,Cleared_FalsePositive,167.79,0
SWIFT_W91251,SANTRSMM,UBSWCHZH,AE,JP,804.55,USD/CAD,SWIFT_MT103,Standard_Risk,Clean_NoHit,0.53,0
SWIFT_W92289,DBSSHKHH,RABONL2U,DE,CA,64448.94,EUR/CHF,ISO20022_pacs008,Low_Risk,Cleared_FalsePositive,87.17,1
SWIFT_W92637,DEUTDEDD,STANHKHH,AE,GB,1108.21,EUR/GBP,SWIFT_MT103,PEP_Politically_Exposed,Clean_NoHit,2.82,0
SWIFT_W90847,HSBCGB2L,UBSWCHZH,AU,CH,875.70,EUR/JPY,SWIFT_MT103,Standard_Risk,Clean_NoHit,1.24,0
SWIFT_W91101,HSBCGB2L,UBSWCHZH,AE,GB,803.77,EUR/USD,SWIFT_MT103,Standard_Risk,Clean_NoHit,0.44,0
SWIFT_W92920,HDFCINBB,SMBCJPJT,FR,DE,958.45,EUR/AED,SEPA_Instant_Credit,Low_Risk,Clean_NoHit,2.42,0
SWIFT_W92257,DEUTDEDD,BCOPESMM,NL,CH,8220.21,EUR/CHF,SWIFT_MT103,Enhanced_Due_Diligence,Clean_NoHit,118.01,0
SWIFT_W92938,HSBCGB2L,SMBCJPJT,FR,AU,1847.93,EUR/AED,Fedwire_Funds,Enhanced_Due_Diligence,Clean_NoHit,8.54,0
SWIFT_W92735,SANTRSMM,SMBCJPJT,DE,US,800.56,EUR/JPY,SWIFT_MT103,Standard_Risk,Clean_NoHit,0.25,0
SWIFT_W92767,HSBCGB2L,STANHKHH,NL,DE,837.96,EUR/CHF,SWIFT_MT103,Low_Risk,Clean_NoHit,1.73,0
SWIFT_W91174,SANTRSMM,UBSWCHZH,AU,GB,801.41,EUR/GBP,SWIFT_MT103,Standard_Risk,Clean_NoHit,0.30,0
SWIFT_W92397,DEUTDEDD,SBININBB,CH,CA,37921.44,EUR/CHF,ISO20022_pacs008,Enhanced_Due_Diligence,Cleared_FalsePositive,126.51,1
SWIFT_W92178,HDFCINBB,STANHKHH,DE,DE,10542.56,EUR/CHF,SEPA_Instant_Credit,Low_Risk,Clean_NoHit,17.09,0
SWIFT_W92365,HDFCINBB,SMBCJPJT,FR,JP,1477.66,EUR/GBP,SWIFT_MT103,Standard_Risk,Clean_NoHit,5.76,0
SWIFT_W92971,DEUTDEDD,STANHKHH,AE,CH,934.72,EUR/AED,ISO20022_pacs008,PEP_Politically_Exposed,Clean_NoHit,1.35,0
SWIFT_W90853,DEUTDEDD,STANHKHH,AU,DE,21719.07,USD/CAD,SEPA_Instant_Credit,PEP_Politically_Exposed,Clean_NoHit,59.02,0
SWIFT_W92544,DBSSHKHH,FABAEADX,GB,ES,20752.12,EUR/GBP,SWIFT_MT103,Enhanced_Due_Diligence,Clean_NoHit,102.88,0
SWIFT_W92763,DEUTDEDD,SBININBB,CH,CA,10418.49,EUR/AED,ISO20022_pacs008,Enhanced_Due_Diligence,Clean_NoHit,26.90,0
SWIFT_W92906,HSBCGB2L,INGBNL2A,SG,GB,920.18,EUR/CHF,SWIFT_MT103,Enhanced_Due_Diligence,Clean_NoHit,4.75,0
SWIFT_W92763,HDFCINBB,FABAEADX,SG,DE,1870.43,EUR/AED,SWIFT_MT103,Low_Risk,Clean_NoHit,20.21,0
SWIFT_W92067,HSBCGB2L,STANHKHH,AE,US,800.53,USD/CAD,SWIFT_MT103,Standard_Risk,Clean_NoHit,0.21,0
SWIFT_W91706,DBSSHKHH,BCOPESMM,DE,DE,25083.55,EUR/GBP,SWIFT_MT103,PEP_Politically_Exposed,Clean_NoHit,56.50,0
SWIFT_W92810,SANTRSMM,UBSWCHZH,NL,ES,800.89,EUR/AED,SWIFT_MT103,PEP_Politically_Exposed,Clean_NoHit,0.26,0
SWIFT_W92911,HDFCINBB,FABAEADX,SG,GB,1228.83,EUR/CHF,SWIFT_MT103,Enhanced_Due_Diligence,Clean_NoHit,26.96,0
SWIFT_W92885,HSBCGB2L,SMBCJPJT,GB,AU,4453.13,EUR/AED,ISO20022_pacs008,Enhanced_Due_Diligence,Clean_NoHit,15.14,0
SWIFT_W91492,HSBCGB2L,STANHKHH,AE,JP,859.09,EUR/USD,SWIFT_MT103,Standard_Risk,Clean_NoHit,1.65,0
SWIFT_W92190,SANTRSMM,UBSWCHZH,AE,JP,807.79,EUR/JPY,SWIFT_MT103,Standard_Risk,Clean_NoHit,0.66,0
SWIFT_W92841,DEUTDEDD,INGBNL2A,GB,ES,1650.50,EUR/AED,SWIFT_MT103,PEP_Politically_Exposed,Clean_NoHit,8.99,0
SWIFT_W92352,DEUTDEDD,STANHKHH,AU,GB,36275.11,EUR/INR,SEPA_Instant_Credit,Low_Risk,Clean_NoHit,85.95,0
SWIFT_W92751,HDFCINBB,SBININBB,NL,CA,5178.06,EUR/AED,SEPA_Instant_Credit,Enhanced_Due_Diligence,Clean_NoHit,27.09,0
SWIFT_W91412,SANTRSMM,STANHKHH,DE,SG,801.57,EUR/USD,SWIFT_MT103,Standard_Risk,Clean_NoHit,0.50,0
SWIFT_W92612,HDFCINBB,SMBCJPJT,DE,CH,28877.68,EUR/CHF,ISO20022_pacs008,Enhanced_Due_Diligence,Clean_NoHit,60.16,0
SWIFT_W92549,DEUTDEDD,SBININBB,GB,AU,47568.34,EUR/GBP,SEPA_Instant_Credit,Enhanced_Due_Diligence,Clean_NoHit,87.35,0
SWIFT_W92557,HSBCGB2L,STANHKHH,AU,AU,53890.54,EUR/CHF,Fedwire_Funds,Low_Risk,Clean_NoHit,49.54,0
SWIFT_W92786,HSBCGB2L,SMBCJPJT,NL,JP,803.51,EUR/CHF,SWIFT_MT103,PEP_Politically_Exposed,Clean_NoHit,0.87,0
SWIFT_W92619,HDFCINBB,FABAEADX,IN,AU,15653.95,EUR/CHF,SEPA_Instant_Credit,Enhanced_Due_Diligence,Clean_NoHit,108.04,0
SWIFT_W92524,DEUTDEDD,FABAEADX,NL,DE,12038.88,EUR/GBP,SEPA_Instant_Credit,Enhanced_Due_Diligence,Clean_NoHit,92.68,0
SWIFT_W91856,HSBCGB2L,STANHKHH,GB,SG,801.08,EUR/SGD,SWIFT_MT103,Standard_Risk,Clean_NoHit,0.54,0
SWIFT_W92625,DBSSHKHH,RABONL2U,FR,CH,28473.74,EUR/CHF,SEPA_Instant_Credit,Low_Risk,Cleared_FalsePositive,66.32,0
SWIFT_W92767,DEUTDEDD,BCOPESMM,SG,CA,4798.27,EUR/CHF,SEPA_Instant_Credit,Enhanced_Due_Diligence,Clean_NoHit,98.43,0
SWIFT_W92593,HDFCINBB,INGBNL2A,NL,CH,3528.08,EUR/CHF,SWIFT_MT103,Low_Risk,Clean_NoHit,26.45,0
SWIFT_W92909,HDFCINBB,RABONL2U,IN,ES,1193.78,EUR/AED,SEPA_Instant_Credit,Enhanced_Due_Diligence,Clean_NoHit,6.99,0
SWIFT_W91410,HSBCGB2L,STANHKHH,CH,JP,1035.31,EUR/USD,SWIFT_MT103,Standard_Risk,Clean_NoHit,3.95,0
SWIFT_W91059,SANTRSMM,UBSWCHZH,AU,SG,800.75,USD/JPY,SWIFT_MT103,Standard_Risk,Clean_NoHit,0.30,0
SWIFT_W92621,DBSSHKHH,RABONL2U,CH,ES,29786.14,EUR/CHF,SEPA_Instant_Credit,PEP_Politically_Exposed,Cleared_FalsePositive,32.85,0
SWIFT_W92157,HDFCINBB,STANHKHH,CH,CH,7134.49,EUR/CHF,ISO20022_pacs008,Standard_Risk,Clean_NoHit,14.51,0
SWIFT_W92955,SANTRSMM,SBININBB,SG,GB,825.30,EUR/AED,SWIFT_MT103,Enhanced_Due_Diligence,Clean_NoHit,1.73,0
SWIFT_W91921,DEUTDEDD,SBININBB,AE,SG,1263.14,EUR/SGD,SWIFT_MT103,Standard_Risk,Clean_NoHit,5.18,0
SWIFT_W92628,DEUTDEDD,SBININBB,IN,CA,16797.34,EUR/GBP,SEPA_Instant_Credit,Enhanced_Due_Diligence,Cleared_FalsePositive,177.32,0
SWIFT_W91918,HSBCGB2L,UBSWCHZH,AE,AU,6878.29,EUR/GBP,Fedwire_Funds,PEP_Politically_Exposed,Clean_NoHit,43.37,0
SWIFT_W92132,HDFCINBB,STANHKHH,FR,CH,53197.30,EUR/CHF,ISO20022_pacs008,Enhanced_Due_Diligence,Cleared_FalsePositive,90.86,0
SWIFT_W92192,HSBCGB2L,STANHKHH,AU,GB,814.73,USD/CAD,SWIFT_MT103,Standard_Risk,Clean_NoHit,0.95,0
SWIFT_W92642,DEUTDEDD,SMBCJPJT,AU,CA,17023.26,EUR/AED,ISO20022_pacs008,Low_Risk,Cleared_FalsePositive,56.73,1
SWIFT_W90740,HSBCGB2L,UBSWCHZH,AE,ES,2697.99,USD/JPY,SWIFT_MT103,PEP_Politically_Exposed,Clean_NoHit,20.53,0
SWIFT_W91891,HDFCINBB,SMBCJPJT,DE,JP,2975.50,EUR/JPY,SWIFT_MT103,PEP_Politically_Exposed,Clean_NoHit,11.18,0
SWIFT_W91628,DEUTDEDD,SBININBB,CH,JP,1924.84,EUR/JPY,SWIFT_MT103,Standard_Risk,Clean_NoHit,8.52,0
SWIFT_W92081,DEUTDEDD,RABONL2U,DE,CH,397984.38,EUR/INR,ISO20022_pacs008,Low_Risk,Cleared_FalsePositive,142.68,1
SWIFT_W92492,HSBCGB2L,STANHKHH,CH,CA,25372.76,EUR/CHF,Fedwire_Funds,Enhanced_Due_Diligence,Clean_NoHit,58.18,1
SWIFT_W91239,SANTRSMM,UBSWCHZH,DE,SG,800.55,USD/CAD,SWIFT_MT103,Standard_Risk,Clean_NoHit,0.23,0
SWIFT_W91976,DBSSHKHH,RABONL2U,CH,ES,140146.53,EUR/JPY,SEPA_Instant_Credit,Low_Risk,Cleared_FalsePositive,130.97,1
SWIFT_W92754,DEUTDEDD,STANHKHH,AU,CA,18276.24,EUR/AED,ISO20022_pacs008,Enhanced_Due_Diligence,Clean_NoHit,25.14,0
SWIFT_W92480,DEUTDEDD,FABAEADX,DE,CA,42674.86,EUR/CHF,SEPA_Instant_Credit,Enhanced_Due_Diligence,Cleared_FalsePositive,108.56,0
SWIFT_W91758,HSBCGB2L,STANHKHH,DE,DE,13113.08,EUR/INR,SEPA_Instant_Credit,PEP_Politically_Exposed,Clean_NoHit,17.06,0
SWIFT_W91015,HSBCGB2L,UBSWCHZH,AE,GB,1386.54,USD/JPY,SWIFT_MT103,Low_Risk,Clean_NoHit,20.20,0
SWIFT_W92424,SANTRSMM,UBSWCHZH,AU,CH,886.71,EUR/USD,SWIFT_MT103,Standard_Risk,Clean_NoHit,1.90,0
SWIFT_W91301,HSBCGB2L,SMBCJPJT,DE,SG,806.88,EUR/USD,SWIFT_MT103,Standard_Risk,Clean_NoHit,1.69,0
SWIFT_W92380,DBSSHKHH,INGBNL2A,IN,CH,32721.18,EUR/JPY,SEPA_Instant_Credit,Enhanced_Due_Diligence,Cleared_FalsePositive,154.22,0
SWIFT_W92000,HSBCGB2L,SMBCJPJT,DE,CA,10971.42,EUR/GBP,SEPA_Instant_Credit,Low_Risk,Clean_NoHit,14.47,0
SWIFT_W92076,DBSSHKHH,RABONL2U,CH,CH,123312.05,EUR/GBP,SEPA_Instant_Credit,Low_Risk,Cleared_FalsePositive,148.30,1
SWIFT_W92372,DBSSHKHH,FABAEADX,GB,ES,34414.76,EUR/GBP,SEPA_Instant_Credit,Low_Risk,Clean_NoHit,65.77,0
SWIFT_W92754,DEUTDEDD,BARCGB22,IN,ES,1886.46,EUR/CHF,SWIFT_MT103,Low_Risk,Clean_NoHit,57.52,0
SWIFT_W92355,DEUTDEDD,SMBCJPJT,AU,CH,100655.41,EUR/INR,ISO20022_pacs008,PEP_Politically_Exposed,Cleared_FalsePositive,117.61,1
SWIFT_W92350,DEUTDEDD,RABONL2U,IN,ES,28575.65,EUR/CHF,SEPA_Instant_Credit,Enhanced_Due_Diligence,Cleared_FalsePositive,161.05,0
SWIFT_W92811,HDFCINBB,UBSWCHZH,AU,CA,4980.83,EUR/AED,Fedwire_Funds,Low_Risk,Clean_NoHit,8.18,0
SWIFT_W91452,HSBCGB2L,UBSWCHZH,AE,DE,5207.44,EUR/USD,SEPA_Instant_Credit,Low_Risk,Clean_NoHit,27.19,0
SWIFT_W90566,HSBCGB2L,UBSWCHZH,AE,ES,836.60,EUR/USD,SWIFT_MT103,Standard_Risk,Clean_NoHit,1.41,0
SWIFT_W92331,HDFCINBB,STANHKHH,AE,CA,5574.83,EUR/CHF,Fedwire_Funds,PEP_Politically_Exposed,Clean_NoHit,21.60,0
SWIFT_W92330,DBSSHKHH,RABONL2U,AU,ES,3566.85,EUR/GBP,SWIFT_MT103,Standard_Risk,Clean_NoHit,13.22,0
SWIFT_W92611,SANTRSMM,SMBCJPJT,US,ES,819.27,EUR/INR,SWIFT_MT103,Low_Risk,Clean_NoHit,2.54,0
SWIFT_W92756,HDFCINBB,STANHKHH,CH,AU,12034.49,EUR/AED,Fedwire_Funds,Enhanced_Due_Diligence,Cleared_FalsePositive,25.70,0
SWIFT_W92244,DEUTDEDD,SMBCJPJT,CH,CA,86492.88,EUR/GBP,ISO20022_pacs008,Low_Risk,Cleared_FalsePositive,150.20,1
SWIFT_W91787,HSBCGB2L,UBSWCHZH,DE,GB,845.31,EUR/JPY,SWIFT_MT103,Low_Risk,Clean_NoHit,1.90,0
SWIFT_W91879,HSBCGB2L,STANHKHH,CH,ES,808.03,EUR/USD,SWIFT_MT103,Standard_Risk,Clean_NoHit,0.68,0
SWIFT_W92368,DEUTDEDD,RABONL2U,DE,CA,43761.72,EUR/CHF,ISO20022_pacs008,Enhanced_Due_Diligence,Cleared_FalsePositive,80.71,0
SWIFT_W91566,HSBCGB2L,SMBCJPJT,FR,US,805.01,EUR/USD,SWIFT_MT103,Standard_Risk,Clean_NoHit,0.94,0
SWIFT_W92365,DEUTDEDD,SBININBB,AU,GB,15062.93,EUR/CHF,SEPA_Instant_Credit,PEP_Politically_Exposed,Clean_NoHit,25.10,0
SWIFT_W92923,SANTRSMM,UBSWCHZH,CH,CA,931.32,EUR/AED,ISO20022_pacs008,Enhanced_Due_Diligence,Clean_NoHit,1.96,0
SWIFT_W92872,HSBCGB2L,FABAEADX,US,ES,859.31,EUR/AED,SWIFT_MT103,Enhanced_Due_Diligence,Clean_NoHit,5.81,0
SWIFT_W91846,HSBCGB2L,SMBCJPJT,NL,JP,1249.39,EUR/INR,SWIFT_MT103,Low_Risk,Clean_NoHit,6.31,0
SWIFT_W92736,SANTRSMM,UBSWCHZH,DE,US,800.54,EUR/JPY,SWIFT_MT103,Standard_Risk,Clean_NoHit,0.22,0
SWIFT_W92844,SANTRSMM,UBSWCHZH,FR,GB,801.68,EUR/AED,SWIFT_MT103,PEP_Politically_Exposed,Clean_NoHit,0.36,0
SWIFT_W92969,SANTRSMM,STANHKHH,US,ES,816.31,EUR/AED,SEPA_Instant_Credit,Enhanced_Due_Diligence,Clean_NoHit,1.80,0
SWIFT_W92619,HSBCGB2L,STANHKHH,NL,DE,1737.86,EUR/AED,SEPA_Instant_Credit,Enhanced_Due_Diligence,Clean_NoHit,13.37,0
SWIFT_W92038,SANTRSMM,SMBCJPJT,CH,JP,800.76,EUR/JPY,SWIFT_MT103,Standard_Risk,Clean_NoHit,0.30,0
SWIFT_W92141,HSBCGB2L,SMBCJPJT,AE,US,800.56,USD/CAD,SWIFT_MT103,Standard_Risk,Clean_NoHit,0.24,0
SWIFT_W91893,HSBCGB2L,STANHKHH,AU,CA,25195.45,EUR/CHF,Fedwire_Funds,PEP_Politically_Exposed,Clean_NoHit,29.47,0
SWIFT_W91677,HSBCGB2L,SMBCJPJT,DE,ES,940.45,EUR/INR,SWIFT_MT103,Standard_Risk,Clean_NoHit,2.17,0
SWIFT_W92983,SANTRSMM,BCOPESMM,US,GB,805.42,EUR/AED,SWIFT_MT103,Enhanced_Due_Diligence,Clean_NoHit,13.72,0
SWIFT_W92529,DEUTDEDD,SMBCJPJT,FR,CH,3711.96,EUR/AED,ISO20022_pacs008,PEP_Politically_Exposed,Clean_NoHit,8.08,0
SWIFT_W92845,HSBCGB2L,SMBCJPJT,SG,AU,1843.18,EUR/AED,SEPA_Instant_Credit,Enhanced_Due_Diligence,Clean_NoHit,10.44,0
SWIFT_W90487,HSBCGB2L,STANHKHH,AU,ES,13175.54,EUR/USD,SEPA_Instant_Credit,PEP_Politically_Exposed,Clean_NoHit,29.12,0
SWIFT_W91844,HDFCINBB,STANHKHH,AU,DE,1553.10,EUR/CHF,SEPA_Instant_Credit,Standard_Risk,Clean_NoHit,3.82,0
SWIFT_W92702,DBSSHKHH,INGBNL2A,DE,JP,1736.41,EUR/CHF,SWIFT_MT103,PEP_Politically_Exposed,Clean_NoHit,8.85,0
SWIFT_W90607,SANTRSMM,UBSWCHZH,AU,SG,800.87,USD/JPY,SWIFT_MT103,Standard_Risk,Clean_NoHit,0.36,0
SWIFT_W91352,HSBCGB2L,SBININBB,CH,SG,801.00,EUR/USD,SWIFT_MT103,Standard_Risk,Clean_NoHit,0.43,0
SWIFT_W92659,DBSGSGSG,BCOPESMM,CH,DE,22432.62,EUR/CHF,SEPA_Instant_Credit,PEP_Politically_Exposed,Cleared_FalsePositive,44.76,0
SWIFT_W92803,HDFCINBB,FABAEADX,NL,CA,5170.66,EUR/AED,SEPA_Instant_Credit,Enhanced_Due_Diligence,Clean_NoHit,83.17,0
SWIFT_W92179,DBSSHKHH,RABONL2U,CH,CH,143363.22,EUR/GBP,ISO20022_pacs008,Low_Risk,Cleared_FalsePositive,143.27,1
SWIFT_W92409,DEUTDEDD,STANHKHH,AU,CA,20504.89,EUR/CHF,ISO20022_pacs008,Enhanced_Due_Diligence,Cleared_FalsePositive,124.21,1
SWIFT_W92962,HSBCGB2L,RABONL2U,SG,CA,903.18,EUR/AED,SEPA_Instant_Credit,Enhanced_Due_Diligence,Clean_NoHit,4.69,0
SWIFT_W92231,HSBCGB2L,STANHKHH,CH,CH,2887.61,EUR/SGD,SEPA_Instant_Credit,Low_Risk,Clean_NoHit,11.73,0
SWIFT_W90666,HDFCINBB,STANHKHH,AU,ES,7466.13,USD/CAD,SEPA_Instant_Credit,PEP_Politically_Exposed,Clean_NoHit,23.00,0
SWIFT_W91366,HSBCGB2L,SMBCJPJT,AU,US,802.41,EUR/USD,SWIFT_MT103,Standard_Risk,Clean_NoHit,0.68,0
SWIFT_W91773,DEUTDEDD,SMBCJPJT,DE,CH,99823.09,EUR/JPY,SEPA_Instant_Credit,Low_Risk,Cleared_FalsePositive,146.54,0
SWIFT_W92956,HSBCGB2L,UBSWCHZH,AU,AU,882.99,EUR/AED,Fedwire_Funds,Enhanced_Due_Diligence,Clean_NoHit,1.32,0
SWIFT_W92601,HSBCGB2L,SMBCJPJT,IN,US,801.29,EUR/CHF,SWIFT_MT103,Standard_Risk,Clean_NoHit,0.45,0
SWIFT_W91982,HDFCINBB,SBININBB,AU,US,802.79,EUR/SGD,SWIFT_MT103,Standard_Risk,Clean_NoHit,0.78,0
SWIFT_W92911,HSBCGB2L,SBININBB,SG,JP,813.98,EUR/AED,SWIFT_MT103,Low_Risk,Clean_NoHit,1.77,0
SWIFT_W91305,SANTRSMM,STANHKHH,AU,DE,822.58,EUR/INR,SWIFT_MT103,Standard_Risk,Clean_NoHit,0.78,0
SWIFT_W92715,HSBCGB2L,SBININBB,NL,AU,14291.14,EUR/CHF,ISO20022_pacs008,Enhanced_Due_Diligence,Clean_NoHit,56.34,0
SWIFT_W92400,DEUTDEDD,SMBCJPJT,CH,AU,37282.77,EUR/CHF,ISO20022_pacs008,Enhanced_Due_Diligence,Cleared_FalsePositive,110.19,1
SWIFT_W92978,SANTRSMM,INGBNL2A,US,CH,838.71,EUR/AED,SEPA_Instant_Credit,Enhanced_Due_Diligence,Clean_NoHit,3.48,0
SWIFT_W92206,DEUTDEDD,RABONL2U,AU,SG,1955.19,EUR/USD,SWIFT_MT103,PEP_Politically_Exposed,Clean_NoHit,13.79,0
SWIFT_W92455,HDFCINBB,STANHKHH,CH,CA,30822.97,EUR/CHF,Fedwire_Funds,Low_Risk,Clean_NoHit,42.96,0
SWIFT_W91030,DEUTDEDD,RABONL2U,CH,GB,1992.04,EUR/JPY,SWIFT_MT103,Standard_Risk,Clean_NoHit,11.94,0
SWIFT_W92757,HDFCINBB,RABONL2U,GB,AU,9654.44,EUR/AED,ISO20022_pacs008,Enhanced_Due_Diligence,Clean_NoHit,30.51,0
SWIFT_W92551,HDFCINBB,RABONL2U,IN,ES,1933.72,EUR/USD,SWIFT_MT103,Low_Risk,Clean_NoHit,24.38,0
SWIFT_W91235,DEUTDEDD,STANHKHH,AU,GB,31391.52,USD/CAD,SEPA_Instant_Credit,Low_Risk,Clean_NoHit,94.58,0
SWIFT_W91493,DEUTDEDD,RABONL2U,DE,ES,49849.03,EUR/USD,SWIFT_MT103,Low_Risk,Clean_NoHit,87.68,0
SWIFT_W92871,SANTRSMM,SMBCJPJT,US,GB,815.81,EUR/AED,SWIFT_MT103,Enhanced_Due_Diligence,Clean_NoHit,2.64,0
SWIFT_W92278,HDFCINBB,SMBCJPJT,NL,ES,6671.81,EUR/JPY,SWIFT_MT103,Enhanced_Due_Diligence,Clean_NoHit,53.30,0
SWIFT_W92445,DEUTDEDD,INGBNL2A,FR,CA,40657.54,EUR/GBP,SEPA_Instant_Credit,Enhanced_Due_Diligence,Cleared_FalsePositive,172.07,1
SWIFT_W92859,HDFCINBB,STANHKHH,AU,AU,9570.77,EUR/AED,Fedwire_Funds,Enhanced_Due_Diligence,Clean_NoHit,13.45,0
SWIFT_W92355,SANTRSMM,UBSWCHZH,DE,AU,1011.86,EUR/CHF,SEPA_Instant_Credit,PEP_Politically_Exposed,Clean_NoHit,1.84,0
SWIFT_W91541,DEUTDEDD,SBININBB,DE,GB,12977.53,EUR/USD,SWIFT_MT103,Low_Risk,Clean_NoHit,53.76,0
SWIFT_W91663,HDFCINBB,STANHKHH,AU,CH,45767.50,EUR/SGD,ISO20022_pacs008,Low_Risk,Clean_NoHit,95.49,0
SWIFT_W91570,HSBCGB2L,STANHKHH,AU,CH,25467.55,EUR/GBP,ISO20022_pacs008,PEP_Politically_Exposed,Clean_NoHit,56.26,0
SWIFT_W91043,SANTRSMM,UBSWCHZH,AE,DE,803.25,EUR/JPY,SWIFT_MT103,Standard_Risk,Clean_NoHit,0.44,0
SWIFT_W92254,HSBCGB2L,SMBCJPJT,SG,DE,3227.35,EUR/GBP,SEPA_Instant_Credit,Low_Risk,Clean_NoHit,14.90,0
SWIFT_W91278,HDFCINBB,STANHKHH,AU,ES,13587.53,EUR/SGD,SEPA_Instant_Credit,PEP_Politically_Exposed,Clean_NoHit,26.91,0
SWIFT_W92899,DEUTDEDD,INGBNL2A,IN,DE,2470.75,EUR/AED,SEPA_Instant_Credit,Low_Risk,Clean_NoHit,17.17,0
SWIFT_W91943,DBSSHKHH,SBININBB,DE,DE,136922.25,EUR/INR,SEPA_Instant_Credit,Enhanced_Due_Diligence,Cleared_FalsePositive,174.98,1
SWIFT_W92903,HSBCGB2L,STANHKHH,DE,AU,3264.25,EUR/AED,Fedwire_Funds,Enhanced_Due_Diligence,Clean_NoHit,12.09,0
SWIFT_W92823,DEUTDEDD,BARCGB22,GB,CH,4706.30,EUR/CHF,SEPA_Instant_Credit,Enhanced_Due_Diligence,Cleared_FalsePositive,83.10,0
SWIFT_W91842,HDFCINBB,STANHKHH,DE,DE,26656.90,EUR/USD,SEPA_Instant_Credit,Low_Risk,Clean_NoHit,85.08,0
SWIFT_W92972,HDFCINBB,BARCGB22,GB,SG,804.48,EUR/AED,SWIFT_MT103,PEP_Politically_Exposed,Clean_NoHit,2.41,0
SWIFT_W90678,HSBCGB2L,STANHKHH,AE,ES,1764.28,EUR/JPY,SWIFT_MT103,Standard_Risk,Clean_NoHit,6.62,0
SWIFT_W91531,DBSSHKHH,RABONL2U,CH,CH,39085.96,EUR/JPY,SEPA_Instant_Credit,Standard_Risk,Clean_NoHit,49.97,0
SWIFT_W92052,DBSSHKHH,RABONL2U,AU,ES,20206.69,EUR/INR,SWIFT_MT103,PEP_Politically_Exposed,Clean_NoHit,33.97,0
SWIFT_W92208,HSBCGB2L,RABONL2U,CH,SG,802.42,EUR/SGD,SWIFT_MT103,Standard_Risk,Clean_NoHit,0.77,0
SWIFT_W92562,SANTRSMM,UBSWCHZH,DE,CA,1349.41,EUR/AED,Fedwire_Funds,Enhanced_Due_Diligence,Clean_NoHit,2.80,0
SWIFT_W91692,DBSSHKHH,SBININBB,CH,DE,301207.66,EUR/INR,ISO20022_pacs008,Low_Risk,Cleared_FalsePositive,166.62,1
SWIFT_W92689,HSBCGB2L,STANHKHH,NL,CH,2392.11,EUR/AED,SEPA_Instant_Credit,Enhanced_Due_Diligence,Clean_NoHit,13.91,0
SWIFT_W92116,DEUTDEDD,INGBNL2A,IN,ES,36293.28,EUR/JPY,SEPA_Instant_Credit,Low_Risk,Clean_NoHit,62.58,0
SWIFT_W92324,DEUTDEDD,INGBNL2A,CH,CA,46915.12,EUR/CHF,SEPA_Instant_Credit,Low_Risk,Cleared_FalsePositive,118.21,1
SWIFT_W92745,HDFCINBB,FABAEADX,SG,DE,3474.78,EUR/AED,SEPA_Instant_Credit,Enhanced_Due_Diligence,Clean_NoHit,37.90,0
SWIFT_W90721,HSBCGB2L,STANHKHH,AU,CH,2620.05,EUR/USD,SEPA_Instant_Credit,Standard_Risk,Clean_NoHit,9.76,0
SWIFT_W92223,HSBCGB2L,UBSWCHZH,AE,AU,953.12,EUR/CHF,ISO20022_pacs008,PEP_Politically_Exposed,Clean_NoHit,2.55,0
SWIFT_W91259,HDFCINBB,STANHKHH,CH,DE,57206.44,EUR/SGD,SEPA_Instant_Credit,PEP_Politically_Exposed,Clean_NoHit,65.63,0
SWIFT_W92874,HSBCGB2L,UBSWCHZH,AE,AU,2051.00,EUR/AED,Fedwire_Funds,Low_Risk,Clean_NoHit,5.14,0
SWIFT_W92734,HSBCGB2L,STANHKHH,AU,AU,7974.10,EUR/AED,Fedwire_Funds,Enhanced_Due_Diligence,Clean_NoHit,13.44,0
SWIFT_W92823,HDFCINBB,FABAEADX,NL,CA,2198.45,EUR/AED,SEPA_Instant_Credit,Enhanced_Due_Diligence,Clean_NoHit,62.54,0
SWIFT_W92816,DEUTDEDD,SMBCJPJT,CH,AU,13509.38,EUR/AED,ISO20022_pacs008,Low_Risk,Clean_NoHit,25.60,0
SWIFT_W92131,HSBCGB2L,SBININBB,SG,JP,814.82,EUR/SGD,SWIFT_MT103,Low_Risk,Clean_NoHit,2.73,0
SWIFT_W92483,HDFCINBB,STANHKHH,AU,CA,7671.42,EUR/AED,ISO20022_pacs008,Low_Risk,Clean_NoHit,14.15,0
SWIFT_W92262,DEUTDEDD,SBININBB,DE,SG,1031.23,EUR/CHF,SWIFT_MT103,Standard_Risk,Clean_NoHit,4.97,0
SWIFT_W92595,DEUTDEDD,SBININBB,GB,AU,26836.48,EUR/CHF,ISO20022_pacs008,Enhanced_Due_Diligence,Cleared_FalsePositive,101.89,0
SWIFT_W92295,DEUTDEDD,SBININBB,DE,CA,122546.51,EUR/CHF,ISO20022_pacs008,Low_Risk,Cleared_FalsePositive,86.21,0
SWIFT_W92699,HSBCGB2L,STANHKHH,IN,US,800.64,EUR/GBP,SWIFT_MT103,Standard_Risk,Clean_NoHit,0.33,0
SWIFT_W92524,HDFCINBB,INGBNL2A,IN,CA,14331.96,EUR/CHF,SEPA_Instant_Credit,Enhanced_Due_Diligence,Cleared_FalsePositive,118.01,0
SWIFT_W92492,HDFCINBB,SMBCJPJT,NL,CH,27512.33,EUR/CHF,SEPA_Instant_Credit,Enhanced_Due_Diligence,Clean_NoHit,65.63,0
SWIFT_W92488,HSBCGB2L,SMBCJPJT,GB,US,800.59,EUR/GBP,SWIFT_MT103,Standard_Risk,Clean_NoHit,0.27,0
SWIFT_W92514,HDFCINBB,SMBCJPJT,AU,AU,65196.20,EUR/CHF,Fedwire_Funds,Low_Risk,Cleared_FalsePositive,79.08,1
SWIFT_W92027,DBSSHKHH,SMBCJPJT,CH,CA,173112.20,EUR/GBP,ISO20022_pacs008,Low_Risk,Cleared_FalsePositive,124.35,1
SWIFT_W92217,HDFCINBB,STANHKHH,AE,CA,27179.66,EUR/CHF,Fedwire_Funds,PEP_Politically_Exposed,Clean_NoHit,44.95,0
SWIFT_W92268,DEUTDEDD,INGBNL2A,DE,CH,80881.06,EUR/GBP,SEPA_Instant_Credit,Enhanced_Due_Diligence,Cleared_FalsePositive,167.69,1
SWIFT_W92608,HDFCINBB,SBININBB,CH,AU,26747.18,EUR/CHF,ISO20022_pacs008,Enhanced_Due_Diligence,Cleared_FalsePositive,122.72,1
SWIFT_W92252,SANTRSMM,STANHKHH,AU,US,800.53,USD/CAD,SWIFT_MT103,Standard_Risk,Clean_NoHit,0.20,0
SWIFT_W92958,SANTRSMM,SBININBB,US,SG,800.54,EUR/AED,SWIFT_MT103,PEP_Politically_Exposed,Clean_NoHit,0.25,0
SWIFT_W92087,DBSSHKHH,INGBNL2A,FR,CH,147649.23,EUR/GBP,SEPA_Instant_Credit,Low_Risk,Cleared_FalsePositive,173.16,1
SWIFT_W92043,DBSSHKHH,FABAEADX,DE,DE,120833.47,EUR/GBP,SEPA_Instant_Credit,Low_Risk,Cleared_FalsePositive,163.91,0
SWIFT_W92967,HSBCGB2L,RABONL2U,NL,ES,813.19,EUR/AED,SWIFT_MT103,Low_Risk,Clean_NoHit,0.78,0
SWIFT_W92634,DEUTDEDD,INGBNL2A,AU,CH,26158.86,EUR/AED,ISO20022_pacs008,Low_Risk,Cleared_FalsePositive,50.25,0
SWIFT_W92200,DEUTDEDD,STANHKHH,AU,CA,37341.56,EUR/CHF,Fedwire_Funds,Low_Risk,Cleared_FalsePositive,93.06,1
SWIFT_W92231,HSBCGB2L,SMBCJPJT,NL,ES,1557.84,USD/CAD,SWIFT_MT103,Enhanced_Due_Diligence,Clean_NoHit,35.22,0
SWIFT_W92595,DBSSHKHH,INGBNL2A,AU,CH,49419.04,EUR/CHF,SEPA_Instant_Credit,Low_Risk,Cleared_FalsePositive,73.22,0
SWIFT_W91737,HDFCINBB,SMBCJPJT,AU,CH,79812.11,EUR/INR,ISO20022_pacs008,Low_Risk,Clean_NoHit,67.84,0
SWIFT_W92807,HSBCGB2L,UBSWCHZH,AE,AU,3351.66,EUR/AED,Fedwire_Funds,Low_Risk,Clean_NoHit,10.99,0
SWIFT_W91319,SANTRSMM,UBSWCHZH,AU,US,800.53,USD/JPY,SWIFT_MT103,Standard_Risk,Clean_NoHit,0.22,0
SWIFT_W92295,HSBCGB2L,SMBCJPJT,DE,US,800.88,EUR/GBP,SWIFT_MT103,Standard_Risk,Clean_NoHit,0.38,0
SWIFT_W92389,DEUTDEDD,SBININBB,IN,CA,81418.44,EUR/INR,SEPA_Instant_Credit,Enhanced_Due_Diligence,Cleared_FalsePositive,125.80,0
SWIFT_W92710,HDFCINBB,STANHKHH,FR,GB,971.96,EUR/AED,SWIFT_MT103,Low_Risk,Clean_NoHit,3.48,0
SWIFT_W92025,HDFCINBB,SMBCJPJT,AU,CA,79249.60,EUR/INR,Fedwire_Funds,Low_Risk,Clean_NoHit,92.26,1
SWIFT_W92083,DEUTDEDD,RABONL2U,CH,CH,176080.69,EUR/GBP,SEPA_Instant_Credit,Low_Risk,Cleared_FalsePositive,153.26,1
SWIFT_W92550,DBSGSGSG,BCOPESMM,CH,DE,41786.64,EUR/CHF,SEPA_Instant_Credit,Low_Risk,Cleared_FalsePositive,99.12,0
SWIFT_W91738,DBSSHKHH,SBININBB,CH,DE,249772.81,EUR/SGD,SEPA_Instant_Credit,Low_Risk,Cleared_FalsePositive,166.73,1
SWIFT_W92768,HSBCGB2L,STANHKHH,CH,JP,801.91,EUR/GBP,SWIFT_MT103,Standard_Risk,Clean_NoHit,0.43,0
SWIFT_W92720,DEUTDEDD,BCOPESMM,SG,CA,2819.03,EUR/CHF,SWIFT_MT103,Enhanced_Due_Diligence,Clean_NoHit,180.52,0
SWIFT_W91748,DEUTDEDD,STANHKHH,AE,DE,2834.15,USD/CAD,SWIFT_MT103,Standard_Risk,Clean_NoHit,15.40,0
SWIFT_W92677,DEUTDEDD,INGBNL2A,AU,CH,47383.64,EUR/CHF,ISO20022_pacs008,Low_Risk,Cleared_FalsePositive,54.92,0
SWIFT_W91895,HSBCGB2L,UBSWCHZH,AE,DE,1348.65,EUR/USD,SEPA_Instant_Credit,PEP_Politically_Exposed,Clean_NoHit,4.32,0
SWIFT_W91698,HDFCINBB,SBININBB,AU,GB,1035.80,EUR/USD,SWIFT_MT103,Standard_Risk,Clean_NoHit,3.63,0
SWIFT_W92957,SANTRSMM,SMBCJPJT,SG,GB,803.14,EUR/AED,SWIFT_MT103,Enhanced_Due_Diligence,Clean_NoHit,0.73,0
SWIFT_W92814,HSBCGB2L,SMBCJPJT,SG,DE,1098.58,EUR/AED,SEPA_Instant_Credit,Enhanced_Due_Diligence,Clean_NoHit,5.36,0
SWIFT_W92166,DEUTDEDD,SMBCJPJT,CH,CH,116719.02,EUR/GBP,ISO20022_pacs008,PEP_Politically_Exposed,Clean_NoHit,72.71,0
SWIFT_W92341,DEUTDEDD,INGBNL2A,FR,CH,99149.27,EUR/GBP,SEPA_Instant_Credit,Enhanced_Due_Diligence,Cleared_FalsePositive,160.91,0
SWIFT_W92792,HSBCGB2L,STANHKHH,GB,AU,4379.41,EUR/AED,ISO20022_pacs008,Enhanced_Due_Diligence,Clean_NoHit,8.94,0
SWIFT_W92921,HSBCGB2L,SMBCJPJT,US,DE,968.09,EUR/AED,ISO20022_pacs008,Enhanced_Due_Diligence,Clean_NoHit,5.08,0
SWIFT_W92093,HDFCINBB,STANHKHH,AU,CA,35280.96,EUR/CHF,Fedwire_Funds,Low_Risk,Clean_NoHit,76.61,1
SWIFT_W92503,DEUTDEDD,SMBCJPJT,AU,AU,20352.01,EUR/CHF,ISO20022_pacs008,Enhanced_Due_Diligence,Cleared_FalsePositive,114.63,1
SWIFT_W92144,HDFCINBB,STANHKHH,AU,CA,62284.71,EUR/GBP,ISO20022_pacs008,Low_Risk,Cleared_FalsePositive,81.16,0
SWIFT_W92265,HDFCINBB,SMBCJPJT,FR,CH,65405.74,EUR/CHF,ISO20022_pacs008,Enhanced_Due_Diligence,Cleared_FalsePositive,94.95,0
SWIFT_W92686,HDFCINBB,FABAEADX,CH,JP,956.91,EUR/CHF,SWIFT_MT103,Standard_Risk,Clean_NoHit,3.98,0
SWIFT_W92061,HDFCINBB,RABONL2U,NL,CH,35452.65,EUR/INR,SEPA_Instant_Credit,Low_Risk,Clean_NoHit,77.43,0
SWIFT_W91236,HDFCINBB,SMBCJPJT,AU,DE,17875.23,EUR/USD,SEPA_Instant_Credit,PEP_Politically_Exposed,Clean_NoHit,27.19,0
SWIFT_W92660,HSBCGB2L,INGBNL2A,DE,SG,800.56,EUR/SGD,SWIFT_MT103,Standard_Risk,Clean_NoHit,0.26,0
SWIFT_W92921,HDFCINBB,STANHKHH,AE,DE,1344.34,EUR/AED,ISO20022_pacs008,PEP_Politically_Exposed,Clean_NoHit,3.28,0
SWIFT_W92246,DBSSHKHH,RABONL2U,DE,ES,125918.06,EUR/GBP,SEPA_Instant_Credit,Low_Risk,Cleared_FalsePositive,120.19,0
SWIFT_W92593,HDFCINBB,SMBCJPJT,SG,ES,3451.18,EUR/GBP,SEPA_Instant_Credit,Enhanced_Due_Diligence,Clean_NoHit,31.94,0
SWIFT_W92806,HSBCGB2L,SBININBB,SG,CA,3284.89,EUR/AED,SEPA_Instant_Credit,Enhanced_Due_Diligence,Clean_NoHit,33.36,0
SWIFT_W91525,DEUTDEDD,SMBCJPJT,CH,ES,21592.94,EUR/GBP,SEPA_Instant_Credit,PEP_Politically_Exposed,Clean_NoHit,34.85,0
SWIFT_W91894,HSBCGB2L,STANHKHH,NL,ES,818.72,EUR/JPY,SWIFT_MT103,PEP_Politically_Exposed,Clean_NoHit,1.71,0
SWIFT_W92328,DBSGSGSG,RABONL2U,CH,JP,20743.23,EUR/INR,SEPA_Instant_Credit,PEP_Politically_Exposed,Clean_NoHit,63.25,0
SWIFT_W91777,HSBCGB2L,STANHKHH,AU,GB,1321.14,EUR/SGD,SWIFT_MT103,Standard_Risk,Clean_NoHit,5.22,0
SWIFT_W92625,HSBCGB2L,FABAEADX,AU,US,800.53,EUR/INR,SWIFT_MT103,Standard_Risk,Clean_NoHit,0.22,0
SWIFT_W92216,DEUTDEDD,FABAEADX,AU,JP,872.23,EUR/SGD,SWIFT_MT103,Standard_Risk,Clean_NoHit,2.40,0
SWIFT_W92410,DBSGSGSG,FABAEADX,AU,JP,3036.55,EUR/CHF,SWIFT_MT103,Standard_Risk,Clean_NoHit,10.17,0
SWIFT_W91656,DBSSHKHH,SBININBB,DE,DE,115806.45,EUR/SGD,SEPA_Instant_Credit,Low_Risk,Cleared_FalsePositive,118.14,0
SWIFT_W92044,DBSSHKHH,SBININBB,CH,DE,184456.95,EUR/INR,ISO20022_pacs008,Low_Risk,Cleared_FalsePositive,168.90,1
SWIFT_W91742,SANTRSMM,UBSWCHZH,AE,AU,1372.51,EUR/GBP,Fedwire_Funds,PEP_Politically_Exposed,Clean_NoHit,9.42,0
SWIFT_W91791,HDFCINBB,SMBCJPJT,AU,JP,895.54,EUR/GBP,SWIFT_MT103,Standard_Risk,Clean_NoHit,2.23,0
SWIFT_W92099,SANTRSMM,UBSWCHZH,AE,AU,1422.56,EUR/AED,Fedwire_Funds,PEP_Politically_Exposed,Clean_NoHit,7.63,0
SWIFT_W92010,SANTRSMM,STANHKHH,NL,GB,844.18,EUR/GBP,SWIFT_MT103,PEP_Politically_Exposed,Clean_NoHit,1.72,0
SWIFT_W92098,HSBCGB2L,SBININBB,NL,CA,2568.44,EUR/INR,SWIFT_MT103,Low_Risk,Clean_NoHit,17.95,0
SWIFT_W92657,HSBCGB2L,STANHKHH,IN,CA,14063.00,EUR/GBP,ISO20022_pacs008,Enhanced_Due_Diligence,Clean_NoHit,80.17,0
SWIFT_W92424,DEUTDEDD,SMBCJPJT,CH,CA,33825.66,EUR/CHF,ISO20022_pacs008,Enhanced_Due_Diligence,Cleared_FalsePositive,96.46,1
SWIFT_W92174,DEUTDEDD,SMBCJPJT,CH,CH,118750.39,EUR/INR,ISO20022_pacs008,Enhanced_Due_Diligence,Cleared_FalsePositive,156.06,1
SWIFT_W90475,SANTRSMM,UBSWCHZH,AE,ES,917.45,USD/JPY,SWIFT_MT103,Standard_Risk,Clean_NoHit,3.91,0
SWIFT_W92741,DBSGSGSG,FABAEADX,AU,ES,11592.88,EUR/CHF,SEPA_Instant_Credit,PEP_Politically_Exposed,Cleared_FalsePositive,30.42,0
SWIFT_W90792,HSBCGB2L,UBSWCHZH,AU,JP,1370.71,USD/JPY,SWIFT_MT103,PEP_Politically_Exposed,Clean_NoHit,11.96,0
SWIFT_W92793,DEUTDEDD,FABAEADX,NL,GB,2089.77,EUR/AED,SWIFT_MT103,Low_Risk,Clean_NoHit,18.20,0
SWIFT_W92903,DEUTDEDD,BARCGB22,IN,JP,941.14,EUR/AED,SWIFT_MT103,Low_Risk,Clean_NoHit,18.55,0
SWIFT_W91235,DEUTDEDD,SMBCJPJT,AU,GB,3591.01,EUR/USD,SWIFT_MT103,Standard_Risk,Clean_NoHit,13.35,0
SWIFT_W92623,DEUTDEDD,SBININBB,CH,CH,24404.96,EUR/CHF,SEPA_Instant_Credit,Low_Risk,Clean_NoHit,39.52,0
SWIFT_W91975,DEUTDEDD,RABONL2U,FR,CA,102515.62,EUR/CHF,SEPA_Instant_Credit,Low_Risk,Cleared_FalsePositive,129.97,1
SWIFT_W92611,HSBCGB2L,STANHKHH,FR,CA,15783.86,EUR/CHF,ISO20022_pacs008,Enhanced_Due_Diligence,Clean_NoHit,20.60,0
SWIFT_W92833,SANTRSMM,SBININBB,SG,SG,800.74,EUR/GBP,SWIFT_MT103,PEP_Politically_Exposed,Clean_NoHit,0.56,0
SWIFT_W90744,HSBCGB2L,UBSWCHZH,AE,JP,844.30,USD/JPY,SWIFT_MT103,Standard_Risk,Clean_NoHit,1.51,0
SWIFT_W92559,HDFCINBB,FABAEADX,GB,JP,999.39,EUR/CHF,SWIFT_MT103,Standard_Risk,Clean_NoHit,6.28,0
SWIFT_W92405,HDFCINBB,RABONL2U,NL,JP,996.24,EUR/INR,SWIFT_MT103,Low_Risk,Clean_NoHit,13.64,0
SWIFT_W92659,DEUTDEDD,SMBCJPJT,GB,CA,14880.88,EUR/CHF,SEPA_Instant_Credit,Enhanced_Due_Diligence,Clean_NoHit,51.09,0
SWIFT_W91207,HSBCGB2L,STANHKHH,AU,SG,823.05,EUR/USD,SWIFT_MT103,Standard_Risk,Clean_NoHit,1.02,0
SWIFT_W92724,HDFCINBB,STANHKHH,FR,CH,9242.75,EUR/AED,ISO20022_pacs008,Enhanced_Due_Diligence,Clean_NoHit,27.51,0
SWIFT_W92667,DBSGSGSG,BARCGB22,CH,GB,4823.61,EUR/AED,SEPA_Instant_Credit,Low_Risk,Cleared_FalsePositive,38.54,0
SWIFT_W92467,HSBCGB2L,STANHKHH,NL,GB,825.38,EUR/JPY,SWIFT_MT103,PEP_Politically_Exposed,Clean_NoHit,1.61,0
SWIFT_W92777,DEUTDEDD,STANHKHH,AU,CA,7017.08,EUR/AED,Fedwire_Funds,Low_Risk,Cleared_FalsePositive,19.13,0
SWIFT_W92454,HSBCGB2L,STANHKHH,FR,CA,839.28,EUR/CHF,SWIFT_MT103,PEP_Politically_Exposed,Clean_NoHit,0.89,0
SWIFT_W92782,DBSSHKHH,BCOPESMM,IN,CH,12312.13,EUR/CHF,SEPA_Instant_Credit,Enhanced_Due_Diligence,Clean_NoHit,68.39,0
SWIFT_W92159,DBSSHKHH,INGBNL2A,CH,CH,91126.34,EUR/CHF,SEPA_Instant_Credit,Low_Risk,Cleared_FalsePositive,139.05,1
SWIFT_W91039,HSBCGB2L,STANHKHH,CH,SG,801.58,USD/CAD,SWIFT_MT103,Standard_Risk,Clean_NoHit,0.50,0
SWIFT_W91921,DBSSHKHH,SMBCJPJT,CH,CH,169489.98,EUR/GBP,ISO20022_pacs008,Low_Risk,Cleared_FalsePositive,128.12,1
SWIFT_W91991,HDFCINBB,SBININBB,IN,CH,42680.50,EUR/INR,SEPA_Instant_Credit,Low_Risk,Clean_NoHit,75.51,0
SWIFT_W92758,SANTRSMM,STANHKHH,NL,CA,1975.60,EUR/CHF,SEPA_Instant_Credit,Enhanced_Due_Diligence,Clean_NoHit,9.38,0
SWIFT_W92318,DEUTDEDD,SBININBB,DE,CA,48471.38,EUR/CHF,ISO20022_pacs008,Enhanced_Due_Diligence,Cleared_FalsePositive,109.87,1
SWIFT_W90593,SANTRSMM,UBSWCHZH,AE,SG,800.56,USD/JPY,SWIFT_MT103,Standard_Risk,Clean_NoHit,0.23,0
SWIFT_W92781,HSBCGB2L,RABONL2U,GB,CA,6789.04,EUR/AED,ISO20022_pacs008,Low_Risk,Clean_NoHit,19.64,0
SWIFT_W92514,DBSSHKHH,BCOPESMM,CH,CH,56862.92,EUR/CHF,SEPA_Instant_Credit,Low_Risk,Cleared_FalsePositive,109.37,1
SWIFT_W92382,HDFCINBB,SBININBB,SG,JP,1582.52,EUR/SGD,SWIFT_MT103,Enhanced_Due_Diligence,Clean_NoHit,31.59,0
SWIFT_W92394,HDFCINBB,SMBCJPJT,CH,AU,58183.70,EUR/CHF,ISO20022_pacs008,Enhanced_Due_Diligence,Cleared_FalsePositive,93.26,1
SWIFT_W92623,DEUTDEDD,FABAEADX,GB,JP,2327.45,EUR/CHF,SWIFT_MT103,Low_Risk,Clean_NoHit,29.96,0
SWIFT_W92637,HDFCINBB,SMBCJPJT,GB,CA,25024.99,EUR/CHF,ISO20022_pacs008,Enhanced_Due_Diligence,Clean_NoHit,64.41,0
SWIFT_W92922,SANTRSMM,RABONL2U,US,DE,816.62,EUR/AED,SWIFT_MT103,Enhanced_Due_Diligence,Clean_NoHit,5.37,0
SWIFT_W92561,HDFCINBB,SMBCJPJT,DE,AU,34469.37,EUR/CHF,ISO20022_pacs008,Enhanced_Due_Diligence,Clean_NoHit,46.85,0
SWIFT_W91708,HDFCINBB,SBININBB,GB,GB,6110.13,EUR/JPY,SWIFT_MT103,Low_Risk,Clean_NoHit,31.73,0
SWIFT_W92695,HSBCGB2L,FABAEADX,US,GB,873.52,EUR/CHF,SWIFT_MT103,Enhanced_Due_Diligence,Clean_NoHit,12.00,0
SWIFT_W91704,SANTRSMM,STANHKHH,CH,SG,800.69,USD/CAD,SWIFT_MT103,Standard_Risk,Clean_NoHit,0.30,0
SWIFT_W92649,HSBCGB2L,UBSWCHZH,AU,AU,6465.37,EUR/AED,Fedwire_Funds,Enhanced_Due_Diligence,Clean_NoHit,19.62,0
SWIFT_W91475,HDFCINBB,SMBCJPJT,AU,DE,50564.74,EUR/USD,SEPA_Instant_Credit,PEP_Politically_Exposed,Clean_NoHit,67.58,0
SWIFT_W92689,DEUTDEDD,INGBNL2A,FR,DE,15934.90,EUR/CHF,SEPA_Instant_Credit,Low_Risk,Clean_NoHit,40.94,0
SWIFT_W92493,DEUTDEDD,SMBCJPJT,AE,ES,4221.74,EUR/INR,SWIFT_MT103,Standard_Risk,Clean_NoHit,8.94,0
SWIFT_W92915,HDFCINBB,RABONL2U,NL,CA,1934.88,EUR/AED,SEPA_Instant_Credit,Enhanced_Due_Diligence,Clean_NoHit,12.70,0
SWIFT_W92202,DBSSHKHH,RABONL2U,FR,CH,80840.26,EUR/CHF,SEPA_Instant_Credit,Low_Risk,Clean_NoHit,99.16,0
SWIFT_W92868,HSBCGB2L,STANHKHH,NL,AU,2206.03,EUR/AED,ISO20022_pacs008,Enhanced_Due_Diligence,Clean_NoHit,7.55,0
SWIFT_W92674,HDFCINBB,FABAEADX,GB,DE,1467.30,EUR/CHF,SWIFT_MT103,PEP_Politically_Exposed,Clean_NoHit,8.49,0
SWIFT_W91452,SANTRSMM,UBSWCHZH,AU,SG,800.71,EUR/USD,SWIFT_MT103,Standard_Risk,Clean_NoHit,0.29,0
SWIFT_W92477,HDFCINBB,FABAEADX,NL,GB,985.43,EUR/CHF,SWIFT_MT103,PEP_Politically_Exposed,Clean_NoHit,8.12,0
SWIFT_W92629,HDFCINBB,FABAEADX,SG,CA,15200.63,EUR/GBP,SEPA_Instant_Credit,Enhanced_Due_Diligence,Clean_NoHit,135.72,0
SWIFT_W92825,HDFCINBB,INGBNL2A,GB,CH,3866.62,EUR/AED,SEPA_Instant_Credit,Enhanced_Due_Diligence,Clean_NoHit,36.29,0
SWIFT_W92839,HSBCGB2L,RABONL2U,SG,GB,991.53,EUR/CHF,SWIFT_MT103,Enhanced_Due_Diligence,Clean_NoHit,10.72,0
SWIFT_W91819,DEUTDEDD,SBININBB,GB,ES,69972.02,EUR/GBP,SEPA_Instant_Credit,Low_Risk,Clean_NoHit,100.59,0
SWIFT_W92593,SANTRSMM,UBSWCHZH,SG,SG,800.58,EUR/GBP,SWIFT_MT103,PEP_Politically_Exposed,Clean_NoHit,0.26,0
SWIFT_W90680,HSBCGB2L,STANHKHH,CH,JP,827.74,USD/CAD,SWIFT_MT103,Standard_Risk,Clean_NoHit,1.56,0
SWIFT_W92655,HSBCGB2L,RABONL2U,NL,SG,800.91,EUR/CHF,SWIFT_MT103,Standard_Risk,Clean_NoHit,0.42,0
SWIFT_W92710,HSBCGB2L,STANHKHH,FR,AU,6395.00,EUR/AED,ISO20022_pacs008,Enhanced_Due_Diligence,Clean_NoHit,20.74,0
SWIFT_W92845,HSBCGB2L,STANHKHH,NL,ES,1111.39,EUR/AED,SEPA_Instant_Credit,Enhanced_Due_Diligence,Clean_NoHit,5.72,0
SWIFT_W92374,HSBCGB2L,STANHKHH,FR,SG,803.71,EUR/GBP,SWIFT_MT103,Standard_Risk,Clean_NoHit,0.65,0
SWIFT_W92732,DBSSHKHH,SBININBB,AU,CH,27533.44,EUR/CHF,ISO20022_pacs008,PEP_Politically_Exposed,Cleared_FalsePositive,41.92,0
SWIFT_W92883,DEUTDEDD,SBININBB,DE,CH,5030.01,EUR/AED,ISO20022_pacs008,Low_Risk,Clean_NoHit,14.71,0
SWIFT_W91666,HDFCINBB,STANHKHH,FR,ES,64608.55,EUR/INR,ISO20022_pacs008,Low_Risk,Clean_NoHit,58.83,0
SWIFT_W91516,DEUTDEDD,SMBCJPJT,AU,ES,102223.62,EUR/JPY,ISO20022_pacs008,Low_Risk,Cleared_FalsePositive,139.28,1
SWIFT_W92645,DEUTDEDD,BCOPESMM,NL,DE,4498.36,EUR/CHF,SWIFT_MT103,Enhanced_Due_Diligence,Clean_NoHit,102.16,0
SWIFT_W92223,DEUTDEDD,SBININBB,NL,GB,8188.80,EUR/CHF,SEPA_Instant_Credit,Low_Risk,Clean_NoHit,36.67,0
SWIFT_W91171,HSBCGB2L,SMBCJPJT,CH,GB,892.58,EUR/USD,SWIFT_MT103,Standard_Risk,Clean_NoHit,2.86,0
SWIFT_W92663,SANTRSMM,UBSWCHZH,FR,CH,815.19,EUR/GBP,SWIFT_MT103,Low_Risk,Clean_NoHit,0.79,0
SWIFT_W92813,HSBCGB2L,STANHKHH,NL,CA,3312.75,EUR/AED,ISO20022_pacs008,Enhanced_Due_Diligence,Clean_NoHit,16.94,0
SWIFT_W91124,HDFCINBB,UBSWCHZH,AU,ES,5423.70,USD/CAD,SEPA_Instant_Credit,PEP_Politically_Exposed,Clean_NoHit,25.10,0
SWIFT_W92936,HSBCGB2L,SMBCJPJT,IN,US,800.64,EUR/AED,SWIFT_MT103,Standard_Risk,Clean_NoHit,0.29,0
SWIFT_W91641,HDFCINBB,SBININBB,DE,DE,67271.90,EUR/SGD,SEPA_Instant_Credit,PEP_Politically_Exposed,Clean_NoHit,51.26,0
SWIFT_W92523,HSBCGB2L,SMBCJPJT,FR,US,800.65,EUR/INR,SWIFT_MT103,Standard_Risk,Clean_NoHit,0.30,0
SWIFT_W92447,DEUTDEDD,SBININBB,AU,AU,17471.68,EUR/CHF,SEPA_Instant_Credit,Enhanced_Due_Diligence,Cleared_FalsePositive,130.43,1
SWIFT_W91938,SANTRSMM,UBSWCHZH,GB,ES,1009.65,EUR/JPY,SWIFT_MT103,Low_Risk,Clean_NoHit,3.00,0
SWIFT_W91315,SANTRSMM,UBSWCHZH,AU,US,800.60,USD/JPY,SWIFT_MT103,Standard_Risk,Clean_NoHit,0.31,0
SWIFT_W92800,DEUTDEDD,BARCGB22,GB,ES,8702.43,EUR/GBP,SWIFT_MT103,Low_Risk,Clean_NoHit,71.66,0
SWIFT_W91594,HDFCINBB,SMBCJPJT,AU,SG,880.24,USD/CAD,SWIFT_MT103,Standard_Risk,Clean_NoHit,3.09,0
SWIFT_W92286,HSBCGB2L,STANHKHH,AE,AU,8660.33,EUR/CHF,Fedwire_Funds,PEP_Politically_Exposed,Clean_NoHit,46.71,0
SWIFT_W91977,SANTRSMM,UBSWCHZH,NL,US,800.53,USD/CAD,SWIFT_MT103,Standard_Risk,Clean_NoHit,0.21,0
SWIFT_W92474,HDFCINBB,RABONL2U,IN,AU,38720.32,EUR/CHF,ISO20022_pacs008,Enhanced_Due_Diligence,Cleared_FalsePositive,106.81,0
SWIFT_W91587,HDFCINBB,SMBCJPJT,CH,GB,2737.84,EUR/USD,SWIFT_MT103,Standard_Risk,Clean_NoHit,11.09,0
SWIFT_W90473,SANTRSMM,UBSWCHZH,AE,CH,809.36,USD/CAD,SWIFT_MT103,Standard_Risk,Clean_NoHit,0.68,0
SWIFT_W92178,HSBCGB2L,UBSWCHZH,CH,GB,1387.74,EUR/GBP,SWIFT_MT103,Low_Risk,Clean_NoHit,4.71,0
SWIFT_W91590,DEUTDEDD,SMBCJPJT,CH,CH,59529.72,EUR/GBP,ISO20022_pacs008,PEP_Politically_Exposed,Clean_NoHit,56.10,0
SWIFT_W91731,HDFCINBB,STANHKHH,CH,CH,29392.66,EUR/GBP,ISO20022_pacs008,Enhanced_Due_Diligence,Clean_NoHit,66.62,0
SWIFT_W91941,DBSSHKHH,SBININBB,DE,DE,150973.83,EUR/INR,SEPA_Instant_Credit,Enhanced_Due_Diligence,Cleared_FalsePositive,192.36,1
SWIFT_W90706,HSBCGB2L,STANHKHH,AU,JP,1006.25,USD/JPY,SWIFT_MT103,Standard_Risk,Clean_NoHit,3.93,0
SWIFT_W92402,HDFCINBB,STANHKHH,AU,JP,3990.07,EUR/CHF,SEPA_Instant_Credit,PEP_Politically_Exposed,Clean_NoHit,14.56,0
SWIFT_W92527,HDFCINBB,STANHKHH,AU,AU,20919.83,EUR/CHF,ISO20022_pacs008,Enhanced_Due_Diligence,Cleared_FalsePositive,103.42,1
SWIFT_W92666,HDFCINBB,UBSWCHZH,AU,AU,11162.75,EUR/AED,Fedwire_Funds,Enhanced_Due_Diligence,Clean_NoHit,30.43,0
SWIFT_W92552,HDFCINBB,SMBCJPJT,CH,AU,54305.02,EUR/CHF,ISO20022_pacs008,Enhanced_Due_Diligence,Clean_NoHit,49.26,0
SWIFT_W92418,DBSSHKHH,INGBNL2A,FR,DE,29191.55,EUR/GBP,SEPA_Instant_Credit,Low_Risk,Clean_NoHit,63.58,0
SWIFT_W92882,HSBCGB2L,STANHKHH,GB,AU,2458.38,EUR/AED,ISO20022_pacs008,Enhanced_Due_Diligence,Clean_NoHit,12.89,0
SWIFT_W92670,HDFCINBB,FABAEADX,NL,ES,7620.56,EUR/CHF,SEPA_Instant_Credit,Enhanced_Due_Diligence,Clean_NoHit,88.47,0
SWIFT_W92071,HDFCINBB,RABONL2U,IN,ES,1481.55,EUR/SGD,SWIFT_MT103,Low_Risk,Clean_NoHit,14.16,0
SWIFT_W92123,DEUTDEDD,SBININBB,GB,DE,82916.40,EUR/INR,SEPA_Instant_Credit,Enhanced_Due_Diligence,Cleared_FalsePositive,166.51,0
SWIFT_W92363,SANTRSMM,STANHKHH,NL,JP,801.65,EUR/INR,SWIFT_MT103,Standard_Risk,Clean_NoHit,0.50,0
SWIFT_W92784,HSBCGB2L,STANHKHH,US,ES,983.99,EUR/CHF,SWIFT_MT103,Enhanced_Due_Diligence,Clean_NoHit,5.09,0
SWIFT_W92788,DBSSHKHH,FABAEADX,AU,CH,11962.43,EUR/AED,SEPA_Instant_Credit,Low_Risk,Cleared_FalsePositive,29.41,0
SWIFT_W92311,SANTRSMM,SMBCJPJT,NL,SG,800.62,EUR/SGD,SWIFT_MT103,PEP_Politically_Exposed,Clean_NoHit,0.41,0
SWIFT_W91007,HSBCGB2L,STANHKHH,CH,GB,1037.56,USD/CAD,SWIFT_MT103,Standard_Risk,Clean_NoHit,4.80,0
SWIFT_W92540,HDFCINBB,RABONL2U,IN,CA,38262.11,EUR/GBP,SEPA_Instant_Credit,Enhanced_Due_Diligence,Cleared_FalsePositive,148.74,0
SWIFT_W92532,HDFCINBB,SMBCJPJT,FR,CH,61027.90,EUR/INR,ISO20022_pacs008,Enhanced_Due_Diligence,Cleared_FalsePositive,128.30,0
SWIFT_W92033,HDFCINBB,SMBCJPJT,CH,CA,114888.02,EUR/GBP,ISO20022_pacs008,Low_Risk,Cleared_FalsePositive,99.98,1
SWIFT_W92039,DEUTDEDD,FABAEADX,AU,GB,6051.33,EUR/SGD,SWIFT_MT103,PEP_Politically_Exposed,Clean_NoHit,20.88,0
SWIFT_W92928,SANTRSMM,UBSWCHZH,DE,JP,800.94,EUR/CHF,SWIFT_MT103,Standard_Risk,Clean_NoHit,0.26,0
SWIFT_W92661,HDFCINBB,STANHKHH,DE,AU,10297.53,EUR/AED,ISO20022_pacs008,Enhanced_Due_Diligence,Clean_NoHit,26.06,0
SWIFT_W92794,HSBCGB2L,STANHKHH,GB,AU,15077.47,EUR/AED,Fedwire_Funds,Enhanced_Due_Diligence,Clean_NoHit,20.47,0
SWIFT_W92244,DEUTDEDD,SMBCJPJT,AU,CH,52461.97,EUR/GBP,ISO20022_pacs008,Low_Risk,Cleared_FalsePositive,106.46,1
SWIFT_W92410,HSBCGB2L,STANHKHH,SG,ES,2431.66,EUR/JPY,SWIFT_MT103,Enhanced_Due_Diligence,Clean_NoHit,22.27,0
SWIFT_W91841,HDFCINBB,STANHKHH,AE,ES,2483.29,EUR/USD,SWIFT_MT103,Standard_Risk,Clean_NoHit,9.18,0
SWIFT_W92936,HSBCGB2L,SBININBB,SG,CA,1423.23,EUR/AED,ISO20022_pacs008,Enhanced_Due_Diligence,Clean_NoHit,10.46,0
SWIFT_W92245,DEUTDEDD,BCOPESMM,CH,SG,841.24,EUR/GBP,SWIFT_MT103,Standard_Risk,Clean_NoHit,3.49,0
SWIFT_W92771,HSBCGB2L,UBSWCHZH,AE,AU,840.87,EUR/AED,ISO20022_pacs008,Standard_Risk,Clean_NoHit,0.87,0
SWIFT_W92609,SANTRSMM,UBSWCHZH,AU,JP,800.53,EUR/INR,SWIFT_MT103,Standard_Risk,Clean_NoHit,0.21,0
SWIFT_W92200,DBSSHKHH,RABONL2U,DE,ES,132092.36,EUR/GBP,SEPA_Instant_Credit,Low_Risk,Cleared_FalsePositive,116.94,0
SWIFT_W92040,DBSSHKHH,SBININBB,AU,ES,74022.67,EUR/INR,SEPA_Instant_Credit,PEP_Politically_Exposed,Clean_NoHit,74.81,0
SWIFT_W92837,HDFCINBB,INGBNL2A,NL,CA,4932.37,EUR/CHF,SEPA_Instant_Credit,Enhanced_Due_Diligence,Clean_NoHit,166.53,0
SWIFT_W92486,HDFCINBB,SMBCJPJT,SG,DE,4968.77,EUR/AED,SEPA_Instant_Credit,Enhanced_Due_Diligence,Clean_NoHit,49.91,0
SWIFT_W92485,HDFCINBB,STANHKHH,AU,CA,24242.08,EUR/CHF,ISO20022_pacs008,Enhanced_Due_Diligence,Cleared_FalsePositive,93.49,1
SWIFT_W92413,HDFCINBB,SMBCJPJT,CH,AU,50685.88,EUR/CHF,ISO20022_pacs008,Enhanced_Due_Diligence,Cleared_FalsePositive,94.66,1
SWIFT_W91572,DEUTDEDD,SMBCJPJT,CH,DE,204226.27,EUR/INR,ISO20022_pacs008,Low_Risk,Cleared_FalsePositive,132.50,1
SWIFT_W92286,DEUTDEDD,SMBCJPJT,AU,CA,63783.57,EUR/CHF,ISO20022_pacs008,Low_Risk,Cleared_FalsePositive,101.84,1
SWIFT_W90631,SANTRSMM,UBSWCHZH,AE,CH,808.19,USD/CAD,SWIFT_MT103,Standard_Risk,Clean_NoHit,0.80,0
SWIFT_W92270,DEUTDEDD,SMBCJPJT,CH,CA,67408.21,EUR/CHF,ISO20022_pacs008,Low_Risk,Cleared_FalsePositive,75.97,0
SWIFT_W92422,DEUTDEDD,INGBNL2A,NL,DE,33828.82,EUR/GBP,SEPA_Instant_Credit,Enhanced_Due_Diligence,Clean_NoHit,130.75,0
SWIFT_W92719,HDFCINBB,INGBNL2A,CH,SG,806.06,EUR/JPY,SWIFT_MT103,Standard_Risk,Clean_NoHit,0.73,0
SWIFT_W92631,DEUTDEDD,INGBNL2A,IN,CA,11429.39,EUR/CHF,SEPA_Instant_Credit,Enhanced_Due_Diligence,Cleared_FalsePositive,197.05,0
SWIFT_W91534,HDFCINBB,SMBCJPJT,FR,JP,2468.08,EUR/JPY,SWIFT_MT103,PEP_Politically_Exposed,Clean_NoHit,15.72,0
SWIFT_W92686,HDFCINBB,FABAEADX,NL,CH,14471.70,EUR/CHF,SEPA_Instant_Credit,Enhanced_Due_Diligence,Clean_NoHit,154.32,0
SWIFT_W92323,HDFCINBB,STANHKHH,CH,AU,20389.03,EUR/CHF,Fedwire_Funds,Enhanced_Due_Diligence,Clean_NoHit,34.45,0
SWIFT_W92661,DEUTDEDD,STANHKHH,CH,CA,10553.80,EUR/AED,ISO20022_pacs008,Low_Risk,Clean_NoHit,14.04,0
SWIFT_W90880,HDFCINBB,SMBCJPJT,AE,ES,2117.48,EUR/USD,SWIFT_MT103,Standard_Risk,Clean_NoHit,7.45,0
SWIFT_W91805,DEUTDEDD,SBININBB,AU,CH,124451.66,EUR/JPY,SEPA_Instant_Credit,PEP_Politically_Exposed,Cleared_FalsePositive,111.75,1
SWIFT_W92600,DEUTDEDD,STANHKHH,AU,CA,26095.40,EUR/CHF,ISO20022_pacs008,Enhanced_Due_Diligence,Cleared_FalsePositive,53.27,0
SWIFT_W91213,DEUTDEDD,SMBCJPJT,AU,CH,51674.94,EUR/USD,SEPA_Instant_Credit,PEP_Politically_Exposed,Clean_NoHit,47.67,0
SWIFT_W92375,DEUTDEDD,SMBCJPJT,CH,CA,47950.14,EUR/CHF,ISO20022_pacs008,Low_Risk,Cleared_FalsePositive,97.08,1
SWIFT_W92735,HDFCINBB,RABONL2U,IN,SG,826.64,EUR/CHF,SWIFT_MT103,Low_Risk,Clean_NoHit,2.79,0
SWIFT_W92013,HSBCGB2L,STANHKHH,GB,GB,823.83,EUR/JPY,SWIFT_MT103,PEP_Politically_Exposed,Clean_NoHit,1.65,0
SWIFT_W91827,HSBCGB2L,UBSWCHZH,AE,AU,1934.47,EUR/GBP,Fedwire_Funds,Standard_Risk,Clean_NoHit,10.60,0
SWIFT_W92924,HSBCGB2L,FABAEADX,NL,ES,967.57,EUR/CHF,SWIFT_MT103,Low_Risk,Clean_NoHit,6.62,0
SWIFT_W92121,HSBCGB2L,STANHKHH,AU,SG,801.08,EUR/SGD,SWIFT_MT103,Standard_Risk,Clean_NoHit,0.31,0
SWIFT_W92614,DBSSHKHH,INGBNL2A,AU,CH,45143.10,EUR/CHF,ISO20022_pacs008,Low_Risk,Cleared_FalsePositive,76.93,0
SWIFT_W91686,HSBCGB2L,SMBCJPJT,DE,CH,16224.32,EUR/JPY,SEPA_Instant_Credit,PEP_Politically_Exposed,Clean_NoHit,29.17,0
SWIFT_W91048,HDFCINBB,SMBCJPJT,DE,DE,35461.12,EUR/JPY,SEPA_Instant_Credit,Low_Risk,Clean_NoHit,64.65,0
SWIFT_W92591,DEUTDEDD,INGBNL2A,FR,CA,30080.96,EUR/CHF,SEPA_Instant_Credit,Enhanced_Due_Diligence,Cleared_FalsePositive,133.16,0
SWIFT_W92456,DEUTDEDD,SMBCJPJT,CH,AU,13864.53,EUR/CHF,SEPA_Instant_Credit,Enhanced_Due_Diligence,Cleared_FalsePositive,94.42,1
SWIFT_W92640,DEUTDEDD,RABONL2U,FR,DE,17088.11,EUR/CHF,SEPA_Instant_Credit,Low_Risk,Clean_NoHit,37.25,0
SWIFT_W92375,DBSGSGSG,RABONL2U,AU,DE,49243.81,EUR/GBP,SEPA_Instant_Credit,PEP_Politically_Exposed,Cleared_FalsePositive,49.42,0
SWIFT_W92414,DEUTDEDD,SBININBB,FR,CA,77589.61,EUR/INR,SEPA_Instant_Credit,Enhanced_Due_Diligence,Cleared_FalsePositive,154.85,1
SWIFT_W92853,HSBCGB2L,UBSWCHZH,AU,AU,1993.07,EUR/AED,Fedwire_Funds,Enhanced_Due_Diligence,Clean_NoHit,9.89,0
SWIFT_W92534,DEUTDEDD,INGBNL2A,IN,CA,18535.68,EUR/CHF,SEPA_Instant_Credit,Enhanced_Due_Diligence,Cleared_FalsePositive,121.45,0
SWIFT_W92726,HSBCGB2L,SBININBB,SG,CH,2146.01,EUR/CHF,SEPA_Instant_Credit,Low_Risk,Clean_NoHit,10.69,0
SWIFT_W91419,HDFCINBB,STANHKHH,AU,CH,12773.78,EUR/JPY,ISO20022_pacs008,PEP_Politically_Exposed,Clean_NoHit,44.29,0
SWIFT_W92066,HSBCGB2L,STANHKHH,AU,CA,12205.70,EUR/GBP,ISO20022_pacs008,Low_Risk,Clean_NoHit,39.91,0
SWIFT_W92237,DBSSHKHH,SBININBB,CH,DE,106601.62,EUR/JPY,SEPA_Instant_Credit,Low_Risk,Cleared_FalsePositive,94.66,0
SWIFT_W92698,HDFCINBB,STANHKHH,AU,AU,16827.93,EUR/AED,Fedwire_Funds,Low_Risk,Clean_NoHit,25.61,0
SWIFT_W92934,HSBCGB2L,SBININBB,SG,SG,804.35,EUR/AED,SWIFT_MT103,Low_Risk,Clean_NoHit,1.00,0
SWIFT_W92281,HSBCGB2L,STANHKHH,SG,ES,2616.15,EUR/CHF,SEPA_Instant_Credit,Enhanced_Due_Diligence,Clean_NoHit,21.38,0
SWIFT_W92359,SANTRSMM,UBSWCHZH,CH,ES,802.35,EUR/SGD,SWIFT_MT103,Standard_Risk,Clean_NoHit,0.37,0
SWIFT_W91544,HDFCINBB,SMBCJPJT,AU,JP,2455.38,EUR/SGD,SWIFT_MT103,Standard_Risk,Clean_NoHit,8.76,0
SWIFT_W92919,HSBCGB2L,STANHKHH,AU,AU,2505.70,EUR/AED,Fedwire_Funds,Enhanced_Due_Diligence,Clean_NoHit,5.50,0
SWIFT_W92326,HSBCGB2L,STANHKHH,NL,CH,1992.39,EUR/CHF,SEPA_Instant_Credit,Low_Risk,Clean_NoHit,12.50,0
SWIFT_W92854,DEUTDEDD,INGBNL2A,DE,CA,7667.32,EUR/AED,SEPA_Instant_Credit,Enhanced_Due_Diligence,Cleared_FalsePositive,24.51,0
SWIFT_W92594,HSBCGB2L,STANHKHH,NL,CA,1546.99,EUR/CHF,SWIFT_MT103,Low_Risk,Clean_NoHit,10.62,0
SWIFT_W92134,DBSSHKHH,RABONL2U,AU,DE,95838.33,EUR/GBP,ISO20022_pacs008,PEP_Politically_Exposed,Cleared_FalsePositive,103.30,0
SWIFT_W90197,HSBCGB2L,UBSWCHZH,AE,GB,809.60,USD/JPY,SWIFT_MT103,Standard_Risk,Clean_NoHit,0.93,0
SWIFT_W91573,HSBCGB2L,UBSWCHZH,AU,DE,1966.21,EUR/INR,SEPA_Instant_Credit,Low_Risk,Clean_NoHit,6.34,0
SWIFT_W91786,DBSSHKHH,RABONL2U,AU,GB,32001.00,EUR/INR,SEPA_Instant_Credit,PEP_Politically_Exposed,Clean_NoHit,48.47,0
SWIFT_W92795,HSBCGB2L,UBSWCHZH,AU,AU,4527.37,EUR/AED,Fedwire_Funds,Enhanced_Due_Diligence,Clean_NoHit,18.08,0
SWIFT_W92485,HDFCINBB,STANHKHH,AU,AU,15301.38,EUR/CHF,Fedwire_Funds,Enhanced_Due_Diligence,Clean_NoHit,47.60,1
SWIFT_W91888,DBSSHKHH,FABAEADX,CH,GB,50275.49,EUR/CHF,SEPA_Instant_Credit,Low_Risk,Cleared_FalsePositive,91.79,0
SWIFT_W92301,DBSSHKHH,FABAEADX,CH,CH,55533.84,EUR/CHF,SEPA_Instant_Credit,Low_Risk,Cleared_FalsePositive,124.49,0
SWIFT_W92683,HDFCINBB,STANHKHH,AU,AU,14678.04,EUR/CHF,Fedwire_Funds,Enhanced_Due_Diligence,Cleared_FalsePositive,44.57,1
SWIFT_W91756,DEUTDEDD,SBININBB,DE,DE,110619.62,EUR/CHF,ISO20022_pacs008,PEP_Politically_Exposed,Clean_NoHit,74.79,0
SWIFT_W92026,HDFCINBB,STANHKHH,AE,CH,9921.33,EUR/CHF,ISO20022_pacs008,Standard_Risk,Clean_NoHit,32.52,0
SWIFT_W91247,HDFCINBB,STANHKHH,FR,ES,5863.68,USD/CAD,SWIFT_MT103,Low_Risk,Clean_NoHit,27.07,0
SWIFT_W92072,DEUTDEDD,SMBCJPJT,CH,CA,97807.84,EUR/GBP,ISO20022_pacs008,Enhanced_Due_Diligence,Cleared_FalsePositive,148.37,1
SWIFT_W92964,HSBCGB2L,SBININBB,DE,AU,1100.62,EUR/AED,Fedwire_Funds,Enhanced_Due_Diligence,Clean_NoHit,3.50,0
SWIFT_W92877,SANTRSMM,UBSWCHZH,IN,AU,955.69,EUR/AED,ISO20022_pacs008,Enhanced_Due_Diligence,Clean_NoHit,2.36,0
SWIFT_W92233,HDFCINBB,SMBCJPJT,FR,CA,77460.54,EUR/CHF,ISO20022_pacs008,Enhanced_Due_Diligence,Cleared_FalsePositive,95.91,1
SWIFT_W92759,HDFCINBB,SBININBB,FR,AU,22429.21,EUR/CHF,ISO20022_pacs008,Enhanced_Due_Diligence,Cleared_FalsePositive,63.32,0
SWIFT_W92376,HDFCINBB,SMBCJPJT,GB,JP,2892.79,EUR/GBP,SWIFT_MT103,Low_Risk,Clean_NoHit,18.57,0
SWIFT_W92790,HSBCGB2L,STANHKHH,AU,AU,12119.96,EUR/AED,Fedwire_Funds,Enhanced_Due_Diligence,Clean_NoHit,23.54,0
SWIFT_W92966,SANTRSMM,SBININBB,US,ES,809.34,EUR/AED,SWIFT_MT103,Enhanced_Due_Diligence,Clean_NoHit,1.68,0
SWIFT_W91927,HDFCINBB,STANHKHH,FR,ES,7957.99,EUR/CHF,SEPA_Instant_Credit,PEP_Politically_Exposed,Clean_NoHit,18.17,0
SWIFT_W92168,DEUTDEDD,SMBCJPJT,CH,CH,69712.22,EUR/GBP,ISO20022_pacs008,Low_Risk,Clean_NoHit,70.87,0
SWIFT_W92572,HDFCINBB,SMBCJPJT,AU,AU,22858.02,EUR/CHF,ISO20022_pacs008,Low_Risk,Cleared_FalsePositive,87.73,1
SWIFT_W92780,DEUTDEDD,BARCGB22,NL,ES,2757.91,EUR/CHF,SEPA_Instant_Credit,Enhanced_Due_Diligence,Clean_NoHit,67.93,0
SWIFT_W92160,SANTRSMM,UBSWCHZH,SG,SG,800.66,EUR/JPY,SWIFT_MT103,PEP_Politically_Exposed,Clean_NoHit,0.32,0
SWIFT_W92432,HSBCGB2L,UBSWCHZH,NL,ES,1437.11,EUR/CHF,SEPA_Instant_Credit,Enhanced_Due_Diligence,Clean_NoHit,6.59,0
SWIFT_W92436,DEUTDEDD,SMBCJPJT,AU,CA,62398.36,EUR/CHF,Fedwire_Funds,Low_Risk,Cleared_FalsePositive,102.82,1
SWIFT_W92743,DEUTDEDD,SMBCJPJT,FR,ES,2281.54,EUR/AED,SEPA_Instant_Credit,Low_Risk,Clean_NoHit,9.71,0
SWIFT_W92703,DEUTDEDD,BARCGB22,NL,DE,6043.00,EUR/GBP,SWIFT_MT103,Enhanced_Due_Diligence,Cleared_FalsePositive,158.94,0
SWIFT_W92570,DEUTDEDD,BCOPESMM,IN,DE,20846.71,EUR/GBP,SEPA_Instant_Credit,Enhanced_Due_Diligence,Cleared_FalsePositive,181.82,0
SWIFT_W91885,DBSSHKHH,SBININBB,DE,DE,315636.38,EUR/INR,ISO20022_pacs008,Low_Risk,Cleared_FalsePositive,183.26,1
SWIFT_W92743,HSBCGB2L,RABONL2U,NL,JP,807.54,EUR/CHF,SWIFT_MT103,PEP_Politically_Exposed,Clean_NoHit,1.54,0
SWIFT_W90923,HSBCGB2L,UBSWCHZH,AU,ES,2702.69,USD/CAD,SEPA_Instant_Credit,PEP_Politically_Exposed,Clean_NoHit,15.94,0
SWIFT_W91467,HSBCGB2L,UBSWCHZH,CH,JP,880.86,EUR/JPY,SWIFT_MT103,Standard_Risk,Clean_NoHit,2.11,0
SWIFT_W92632,SANTRSMM,UBSWCHZH,FR,US,800.53,EUR/USD,SWIFT_MT103,Standard_Risk,Clean_NoHit,0.21,0
SWIFT_W91969,SANTRSMM,UBSWCHZH,AU,CA,841.75,EUR/AED,ISO20022_pacs008,Standard_Risk,Clean_NoHit,0.68,0
SWIFT_W90839,HSBCGB2L,STANHKHH,CH,GB,1084.45,EUR/JPY,SWIFT_MT103,Standard_Risk,Clean_NoHit,3.83,0
SWIFT_W92789,HDFCINBB,STANHKHH,AE,AU,8689.76,EUR/CHF,Fedwire_Funds,PEP_Politically_Exposed,Clean_NoHit,16.72,0
SWIFT_W92501,DEUTDEDD,RABONL2U,CH,CA,37525.76,EUR/CHF,ISO20022_pacs008,Enhanced_Due_Diligence,Cleared_FalsePositive,85.80,1
SWIFT_W92123,HDFCINBB,SMBCJPJT,IN,DE,30742.42,EUR/INR,SEPA_Instant_Credit,Enhanced_Due_Diligence,Clean_NoHit,64.10,0
SWIFT_W92784,HSBCGB2L,SMBCJPJT,GB,CA,1070.54,EUR/AED,SEPA_Instant_Credit,Low_Risk,Clean_NoHit,2.78,0
SWIFT_W91674,HDFCINBB,SBININBB,AU,SG,801.52,EUR/SGD,SWIFT_MT103,Standard_Risk,Clean_NoHit,0.47,0
SWIFT_W92665,HSBCGB2L,STANHKHH,IN,GB,812.41,EUR/GBP,SWIFT_MT103,PEP_Politically_Exposed,Clean_NoHit,1.00,0
SWIFT_W90632,HDFCINBB,STANHKHH,AU,JP,2865.44,USD/CAD,SWIFT_MT103,PEP_Politically_Exposed,Clean_NoHit,20.95,0
SWIFT_W92298,DEUTDEDD,SMBCJPJT,AU,AU,49885.14,EUR/CHF,ISO20022_pacs008,Low_Risk,Cleared_FalsePositive,115.66,1
SWIFT_W92685,DBSGSGSG,BCOPESMM,AU,ES,14160.35,EUR/CHF,SEPA_Instant_Credit,PEP_Politically_Exposed,Cleared_FalsePositive,43.68,0
SWIFT_W92708,DBSSHKHH,BCOPESMM,CH,GB,10346.85,EUR/AED,SEPA_Instant_Credit,Low_Risk,Cleared_FalsePositive,51.87,0
SWIFT_W90528,HDFCINBB,STANHKHH,AU,GB,1994.24,USD/CAD,SWIFT_MT103,Standard_Risk,Clean_NoHit,8.07,0
SWIFT_W92415,HDFCINBB,STANHKHH,DE,CA,75003.61,EUR/GBP,ISO20022_pacs008,Enhanced_Due_Diligence,Clean_NoHit,89.59,0
SWIFT_W92465,DEUTDEDD,RABONL2U,FR,CA,25519.23,EUR/CHF,SEPA_Instant_Credit,Enhanced_Due_Diligence,Cleared_FalsePositive,147.99,1
SWIFT_W92085,DEUTDEDD,SBININBB,CH,CH,157286.03,EUR/INR,ISO20022_pacs008,Low_Risk,Cleared_FalsePositive,154.52,1
SWIFT_W92620,DBSSHKHH,FABAEADX,GB,CH,11917.26,EUR/CHF,SEPA_Instant_Credit,Enhanced_Due_Diligence,Cleared_FalsePositive,163.34,0
SWIFT_W92657,DBSGSGSG,FABAEADX,DE,GB,11292.91,EUR/CHF,SEPA_Instant_Credit,Low_Risk,Cleared_FalsePositive,57.60,0
SWIFT_W92849,HSBCGB2L,UBSWCHZH,AE,AU,3434.95,EUR/AED,Fedwire_Funds,Enhanced_Due_Diligence,Clean_NoHit,14.49,0
SWIFT_W92933,HSBCGB2L,BCOPESMM,SG,JP,818.13,EUR/AED,SWIFT_MT103,PEP_Politically_Exposed,Clean_NoHit,4.15,0
SWIFT_W92811,HDFCINBB,RABONL2U,NL,CH,2587.58,EUR/INR,SWIFT_MT103,Enhanced_Due_Diligence,Clean_NoHit,27.44,0
SWIFT_W92271,SANTRSMM,UBSWCHZH,FR,SG,800.56,USD/JPY,SWIFT_MT103,PEP_Politically_Exposed,Clean_NoHit,0.27,0
SWIFT_W92781,HSBCGB2L,SMBCJPJT,SG,CH,7433.26,EUR/CHF,ISO20022_pacs008,Enhanced_Due_Diligence,Clean_NoHit,20.13,0
SWIFT_W92137,DEUTDEDD,STANHKHH,AU,CA,62913.34,EUR/INR,ISO20022_pacs008,Low_Risk,Cleared_FalsePositive,134.96,1
SWIFT_W92720,HDFCINBB,SBININBB,IN,CH,15065.65,EUR/AED,ISO20022_pacs008,Enhanced_Due_Diligence,Clean_NoHit,64.79,0
SWIFT_W92293,HDFCINBB,SBININBB,NL,DE,17202.57,EUR/INR,SWIFT_MT103,Enhanced_Due_Diligence,Clean_NoHit,128.13,0
SWIFT_W90298,SANTRSMM,UBSWCHZH,AU,SG,801.52,USD/JPY,SWIFT_MT103,Standard_Risk,Clean_NoHit,0.43,0
SWIFT_W92740,HSBCGB2L,INGBNL2A,SG,CA,6449.30,EUR/CHF,SEPA_Instant_Credit,Enhanced_Due_Diligence,Clean_NoHit,55.72,0
SWIFT_W92254,HDFCINBB,STANHKHH,AU,CA,25589.15,EUR/GBP,ISO20022_pacs008,Enhanced_Due_Diligence,Clean_NoHit,83.04,1
SWIFT_W92915,SANTRSMM,UBSWCHZH,FR,DE,801.23,EUR/AED,SWIFT_MT103,PEP_Politically_Exposed,Clean_NoHit,0.28,0
SWIFT_W92957,SANTRSMM,STANHKHH,SG,CH,869.97,EUR/AED,SEPA_Instant_Credit,Enhanced_Due_Diligence,Clean_NoHit,2.60,0
SWIFT_W92550,DEUTDEDD,SMBCJPJT,AU,CA,56764.70,EUR/CHF,Fedwire_Funds,Enhanced_Due_Diligence,Cleared_FalsePositive,67.15,1
SWIFT_W91909,DEUTDEDD,SMBCJPJT,DE,CH,197267.30,EUR/INR,ISO20022_pacs008,Low_Risk,Cleared_FalsePositive,167.68,1
SWIFT_W92933,HDFCINBB,RABONL2U,IN,CH,954.79,EUR/AED,SEPA_Instant_Credit,PEP_Politically_Exposed,Clean_NoHit,2.43,0
SWIFT_W92663,HDFCINBB,BCOPESMM,NL,CH,27767.30,EUR/GBP,SEPA_Instant_Credit,Enhanced_Due_Diligence,Clean_NoHit,106.00,0
SWIFT_W91904,DEUTDEDD,STANHKHH,AU,CH,62978.15,EUR/JPY,ISO20022_pacs008,Low_Risk,Cleared_FalsePositive,157.70,1
SWIFT_W92558,DBSSHKHH,RABONL2U,GB,CH,41038.28,EUR/CHF,SEPA_Instant_Credit,Low_Risk,Clean_NoHit,73.76,0
SWIFT_W92584,HSBCGB2L,STANHKHH,CH,AU,1161.10,EUR/CHF,SEPA_Instant_Credit,PEP_Politically_Exposed,Clean_NoHit,2.14,0
SWIFT_W90879,HSBCGB2L,STANHKHH,CH,SG,815.44,USD/CAD,SWIFT_MT103,Standard_Risk,Clean_NoHit,1.53,0
SWIFT_W90550,HSBCGB2L,UBSWCHZH,AE,GB,1182.18,USD/CAD,SWIFT_MT103,Standard_Risk,Clean_NoHit,4.83,0
SWIFT_W91381,HSBCGB2L,UBSWCHZH,AE,ES,849.86,USD/CAD,SWIFT_MT103,Standard_Risk,Clean_NoHit,1.50,0
SWIFT_W91273,HSBCGB2L,UBSWCHZH,AE,CH,1532.07,EUR/GBP,SEPA_Instant_Credit,Standard_Risk,Clean_NoHit,4.44,0
SWIFT_W92238,DBSSHKHH,RABONL2U,CH,CH,125213.77,EUR/CHF,ISO20022_pacs008,Low_Risk,Cleared_FalsePositive,83.41,0
SWIFT_W92850,HSBCGB2L,UBSWCHZH,AU,AU,1754.65,EUR/AED,Fedwire_Funds,Enhanced_Due_Diligence,Clean_NoHit,6.66,0
SWIFT_W92414,HDFCINBB,STANHKHH,CH,CH,64566.94,EUR/GBP,ISO20022_pacs008,Low_Risk,Clean_NoHit,85.12,0
SWIFT_W90855,HSBCGB2L,STANHKHH,AU,GB,865.47,USD/JPY,SWIFT_MT103,Standard_Risk,Clean_NoHit,2.23,0
SWIFT_W92218,HDFCINBB,STANHKHH,AU,CA,21081.30,EUR/INR,ISO20022_pacs008,Low_Risk,Cleared_FalsePositive,139.80,1
SWIFT_W90719,HSBCGB2L,STANHKHH,AU,GB,2652.20,USD/CAD,SWIFT_MT103,PEP_Politically_Exposed,Clean_NoHit,12.99,0
SWIFT_W92246,HSBCGB2L,STANHKHH,NL,SG,825.06,EUR/GBP,SWIFT_MT103,Low_Risk,Clean_NoHit,2.07,0
SWIFT_W90547,SANTRSMM,UBSWCHZH,AE,SG,800.56,USD/CAD,SWIFT_MT103,Standard_Risk,Clean_NoHit,0.22,0
SWIFT_W92064,HSBCGB2L,STANHKHH,AE,DE,807.80,EUR/JPY,SWIFT_MT103,Standard_Risk,Clean_NoHit,0.62,0
SWIFT_W91095,HSBCGB2L,STANHKHH,FR,JP,2530.56,EUR/SGD,SWIFT_MT103,PEP_Politically_Exposed,Clean_NoHit,13.37,0
SWIFT_W92125,DBSSHKHH,INGBNL2A,DE,ES,15367.58,EUR/JPY,SWIFT_MT103,Low_Risk,Clean_NoHit,77.15,0
SWIFT_W92432,HDFCINBB,SBININBB,IN,CA,6259.30,EUR/GBP,SEPA_Instant_Credit,PEP_Politically_Exposed,Clean_NoHit,24.53,0
SWIFT_W91824,HDFCINBB,SMBCJPJT,FR,GB,2227.58,USD/CAD,SWIFT_MT103,Low_Risk,Clean_NoHit,21.73,0
SWIFT_W91980,DEUTDEDD,SMBCJPJT,AU,ES,49818.56,EUR/USD,SEPA_Instant_Credit,PEP_Politically_Exposed,Clean_NoHit,90.04,0
SWIFT_W92667,HSBCGB2L,SBININBB,SG,ES,887.01,EUR/AED,SWIFT_MT103,PEP_Politically_Exposed,Clean_NoHit,2.52,0
SWIFT_W91992,DBSSHKHH,RABONL2U,DE,DE,224585.88,EUR/INR,SEPA_Instant_Credit,Low_Risk,Cleared_FalsePositive,153.60,1
SWIFT_W92870,HSBCGB2L,STANHKHH,FR,AU,2607.97,EUR/AED,Fedwire_Funds,Enhanced_Due_Diligence,Clean_NoHit,7.96,0
SWIFT_W92913,HDFCINBB,STANHKHH,AE,CA,1947.25,EUR/AED,ISO20022_pacs008,PEP_Politically_Exposed,Clean_NoHit,6.37,0
SWIFT_W91346,DEUTDEDD,RABONL2U,FR,ES,57720.82,EUR/JPY,SEPA_Instant_Credit,PEP_Politically_Exposed,Clean_NoHit,49.83,0
SWIFT_W92038,HSBCGB2L,STANHKHH,FR,JP,841.52,EUR/SGD,SWIFT_MT103,PEP_Politically_Exposed,Clean_NoHit,2.06,0
SWIFT_W90556,HSBCGB2L,STANHKHH,AU,JP,1191.06,USD/JPY,SWIFT_MT103,Standard_Risk,Clean_NoHit,8.48,0
SWIFT_W91726,DEUTDEDD,SMBCJPJT,AU,CH,89336.02,EUR/INR,ISO20022_pacs008,Low_Risk,Clean_NoHit,57.14,0
SWIFT_W92284,HSBCGB2L,SMBCJPJT,NL,JP,1749.00,EUR/USD,SWIFT_MT103,Enhanced_Due_Diligence,Clean_NoHit,23.81,0
SWIFT_W92240,DEUTDEDD,SMBCJPJT,AU,CA,40693.40,EUR/CHF,ISO20022_pacs008,Low_Risk,Cleared_FalsePositive,90.27,1
SWIFT_W92304,DEUTDEDD,RABONL2U,DE,CH,250473.36,EUR/GBP,ISO20022_pacs008,Low_Risk,Cleared_FalsePositive,92.46,0
SWIFT_W90387,SANTRSMM,UBSWCHZH,AE,JP,817.06,USD/JPY,SWIFT_MT103,Standard_Risk,Clean_NoHit,2.11,0
SWIFT_W91264,HDFCINBB,STANHKHH,CH,DE,43954.44,EUR/USD,SEPA_Instant_Credit,Low_Risk,Clean_NoHit,69.58,0
SWIFT_W92579,SANTRSMM,STANHKHH,FR,US,800.56,EUR/INR,SWIFT_MT103,Standard_Risk,Clean_NoHit,0.26,0
SWIFT_W92353,DBSSHKHH,INGBNL2A,AU,CH,50344.30,EUR/CHF,SEPA_Instant_Credit,Enhanced_Due_Diligence,Cleared_FalsePositive,138.48,1
SWIFT_W92622,HDFCINBB,SBININBB,DE,JP,1200.41,EUR/GBP,SWIFT_MT103,PEP_Politically_Exposed,Clean_NoHit,4.67,0
SWIFT_W90272,HSBCGB2L,UBSWCHZH,AE,ES,874.51,USD/JPY,SWIFT_MT103,Standard_Risk,Clean_NoHit,2.67,0
SWIFT_W92820,HDFCINBB,FABAEADX,DE,SG,803.98,EUR/AED,SWIFT_MT103,Standard_Risk,Clean_NoHit,0.75,0
SWIFT_W91972,DEUTDEDD,STANHKHH,CH,DE,35857.97,EUR/CHF,ISO20022_pacs008,Low_Risk,Clean_NoHit,51.94,0
SWIFT_W90662,HSBCGB2L,UBSWCHZH,AE,SG,814.24,USD/CAD,SWIFT_MT103,Standard_Risk,Clean_NoHit,1.03,0
SWIFT_W92727,HSBCGB2L,STANHKHH,DE,ES,957.12,EUR/GBP,SWIFT_MT103,PEP_Politically_Exposed,Clean_NoHit,2.17,0
SWIFT_W92870,HSBCGB2L,SBININBB,SG,CA,2063.27,EUR/AED,SEPA_Instant_Credit,Enhanced_Due_Diligence,Clean_NoHit,29.13,0
SWIFT_W92026,HDFCINBB,SBININBB,DE,GB,1503.97,EUR/GBP,SWIFT_MT103,Standard_Risk,Clean_NoHit,8.28,0
SWIFT_W90804,SANTRSMM,UBSWCHZH,CH,GB,828.48,USD/CAD,SWIFT_MT103,Standard_Risk,Clean_NoHit,1.04,0
SWIFT_W92563,HSBCGB2L,UBSWCHZH,AE,AU,3263.22,EUR/CHF,Fedwire_Funds,Low_Risk,Clean_NoHit,29.88,0
SWIFT_W91676,DBSSHKHH,SBININBB,CH,ES,188284.73,EUR/JPY,SEPA_Instant_Credit,Low_Risk,Cleared_FalsePositive,133.09,1
SWIFT_W92350,HSBCGB2L,STANHKHH,CH,JP,860.80,EUR/CHF,SWIFT_MT103,PEP_Politically_Exposed,Clean_NoHit,1.96,0
SWIFT_W90898,SANTRSMM,UBSWCHZH,AE,SG,800.79,USD/JPY,SWIFT_MT103,Standard_Risk,Clean_NoHit,0.28,0
SWIFT_W92878,HSBCGB2L,STANHKHH,GB,JP,801.60,EUR/AED,SWIFT_MT103,Standard_Risk,Clean_NoHit,0.39,0
SWIFT_W91287,DEUTDEDD,SMBCJPJT,AU,ES,69092.38,EUR/SGD,SEPA_Instant_Credit,PEP_Politically_Exposed,Cleared_FalsePositive,114.88,1
SWIFT_W92011,HSBCGB2L,UBSWCHZH,CH,ES,898.37,EUR/CHF,SWIFT_MT103,PEP_Politically_Exposed,Clean_NoHit,1.32,0
SWIFT_W91429,DEUTDEDD,SMBCJPJT,CH,ES,13291.25,USD/CAD,SWIFT_MT103,Low_Risk,Clean_NoHit,73.26,0
SWIFT_W92799,SANTRSMM,UBSWCHZH,AE,SG,800.54,EUR/CHF,SWIFT_MT103,Standard_Risk,Clean_NoHit,0.21,0
SWIFT_W92116,DBSSHKHH,SBININBB,CH,CH,74457.54,EUR/GBP,SEPA_Instant_Credit,Low_Risk,Clean_NoHit,54.97,0
SWIFT_W92482,HSBCGB2L,RABONL2U,AU,JP,803.40,EUR/GBP,SWIFT_MT103,Standard_Risk,Clean_NoHit,0.51,0
SWIFT_W92433,HDFCINBB,FABAEADX,SG,ES,953.68,EUR/CHF,SWIFT_MT103,Low_Risk,Clean_NoHit,7.97,0
SWIFT_W92603,HSBCGB2L,STANHKHH,CH,AU,7926.94,EUR/AED,Fedwire_Funds,Enhanced_Due_Diligence,Clean_NoHit,37.75,1
SWIFT_W92333,HDFCINBB,SMBCJPJT,CH,CA,77316.24,EUR/CHF,ISO20022_pacs008,Low_Risk,Cleared_FalsePositive,71.75,0
SWIFT_W92447,DBSSHKHH,RABONL2U,IN,DE,35768.64,EUR/INR,SEPA_Instant_Credit,Enhanced_Due_Diligence,Cleared_FalsePositive,167.36,0
SWIFT_W91943,HSBCGB2L,STANHKHH,FR,GB,833.54,EUR/USD,SWIFT_MT103,PEP_Politically_Exposed,Clean_NoHit,2.13,0
SWIFT_W92871,SANTRSMM,UBSWCHZH,DE,ES,803.08,EUR/AED,SWIFT_MT103,PEP_Politically_Exposed,Clean_NoHit,0.35,0
SWIFT_W91954,DBSSHKHH,INGBNL2A,FR,DE,213835.81,EUR/INR,SEPA_Instant_Credit,Low_Risk,Cleared_FalsePositive,167.28,1
SWIFT_W92315,HDFCINBB,SMBCJPJT,GB,CA,78178.93,EUR/CHF,ISO20022_pacs008,Low_Risk,Cleared_FalsePositive,78.38,0
SWIFT_W92321,DEUTDEDD,SMBCJPJT,AU,CA,43697.62,EUR/CHF,ISO20022_pacs008,Low_Risk,Cleared_FalsePositive,102.99,1
SWIFT_W92507,SANTRSMM,STANHKHH,NL,SG,800.65,EUR/USD,SWIFT_MT103,PEP_Politically_Exposed,Clean_NoHit,0.36,0
SWIFT_W91881,DEUTDEDD,SMBCJPJT,DE,DE,13973.49,EUR/SGD,SWIFT_MT103,Low_Risk,Clean_NoHit,38.22,0
SWIFT_W91440,SANTRSMM,STANHKHH,CH,US,800.56,USD/CAD,SWIFT_MT103,Standard_Risk,Clean_NoHit,0.25,0
SWIFT_W92744,DEUTDEDD,BCOPESMM,GB,DE,3134.71,EUR/AED,SEPA_Instant_Credit,PEP_Politically_Exposed,Clean_NoHit,20.70,0
SWIFT_W92415,DBSSHKHH,FABAEADX,CH,DE,65085.97,EUR/GBP,SEPA_Instant_Credit,Enhanced_Due_Diligence,Cleared_FalsePositive,95.41,0
SWIFT_W92338,DBSSHKHH,INGBNL2A,FR,GB,15899.85,EUR/GBP,SWIFT_MT103,Low_Risk,Clean_NoHit,82.96,0
SWIFT_W92823,HDFCINBB,SBININBB,NL,AU,17328.32,EUR/GBP,SEPA_Instant_Credit,Enhanced_Due_Diligence,Clean_NoHit,78.59,0
SWIFT_W91405,HSBCGB2L,STANHKHH,AE,AU,8534.56,EUR/CHF,Fedwire_Funds,Standard_Risk,Clean_NoHit,32.66,0
SWIFT_W92462,DEUTDEDD,SMBCJPJT,AU,AU,38724.13,EUR/CHF,Fedwire_Funds,Enhanced_Due_Diligence,Cleared_FalsePositive,77.60,1
SWIFT_W90966,SANTRSMM,UBSWCHZH,AE,SG,800.68,USD/JPY,SWIFT_MT103,Standard_Risk,Clean_NoHit,0.25,0
SWIFT_W92311,DEUTDEDD,SBININBB,AU,CH,112094.49,EUR/CHF,ISO20022_pacs008,PEP_Politically_Exposed,Cleared_FalsePositive,95.29,1
SWIFT_W91712,DEUTDEDD,STANHKHH,AU,CH,45359.62,EUR/SGD,SEPA_Instant_Credit,PEP_Politically_Exposed,Clean_NoHit,54.82,0
SWIFT_W92739,DBSGSGSG,FABAEADX,AU,CH,19801.14,EUR/CHF,SEPA_Instant_Credit,PEP_Politically_Exposed,Cleared_FalsePositive,50.39,0
SWIFT_W92274,HDFCINBB,SBININBB,FR,CA,25388.60,EUR/CHF,SEPA_Instant_Credit,PEP_Politically_Exposed,Clean_NoHit,28.60,0
SWIFT_W92750,DBSSHKHH,FABAEADX,FR,JP,2402.57,EUR/AED,SEPA_Instant_Credit,PEP_Politically_Exposed,Clean_NoHit,16.01,0
SWIFT_W92435,DEUTDEDD,SMBCJPJT,AE,CA,23190.14,EUR/CHF,ISO20022_pacs008,Low_Risk,Cleared_FalsePositive,56.90,0
SWIFT_W92604,HDFCINBB,SMBCJPJT,AU,AU,11098.76,EUR/AED,ISO20022_pacs008,Enhanced_Due_Diligence,Cleared_FalsePositive,45.55,1
SWIFT_W92653,DBSSHKHH,RABONL2U,AU,ES,9936.21,EUR/CHF,SEPA_Instant_Credit,PEP_Politically_Exposed,Clean_NoHit,19.76,0
SWIFT_W92655,HSBCGB2L,SBININBB,IN,JP,809.08,EUR/CHF,SWIFT_MT103,PEP_Politically_Exposed,Clean_NoHit,1.07,0
SWIFT_W91552,HSBCGB2L,SMBCJPJT,CH,GB,1133.27,EUR/JPY,SWIFT_MT103,Standard_Risk,Clean_NoHit,3.67,0
SWIFT_W92506,DEUTDEDD,SBININBB,CH,CA,80044.76,EUR/CHF,ISO20022_pacs008,Low_Risk,Cleared_FalsePositive,76.95,0
SWIFT_W91923,HSBCGB2L,SMBCJPJT,AU,JP,823.14,EUR/CHF,SWIFT_MT103,Standard_Risk,Clean_NoHit,1.26,0
SWIFT_W92854,HDFCINBB,BCOPESMM,NL,CH,3790.92,EUR/CHF,SEPA_Instant_Credit,Enhanced_Due_Diligence,Clean_NoHit,50.23,0
SWIFT_W91694,DEUTDEDD,INGBNL2A,AU,DE,18878.34,EUR/INR,SEPA_Instant_Credit,Standard_Risk,Clean_NoHit,25.38,0
SWIFT_W91751,DBSSHKHH,INGBNL2A,CH,ES,153042.83,EUR/INR,SEPA_Instant_Credit,Low_Risk,Cleared_FalsePositive,122.78,0
SWIFT_W92045,HDFCINBB,STANHKHH,AU,CA,38393.96,EUR/INR,ISO20022_pacs008,Low_Risk,Clean_NoHit,73.26,0
SWIFT_W92796,HSBCGB2L,UBSWCHZH,AE,AU,5151.53,EUR/AED,Fedwire_Funds,Low_Risk,Clean_NoHit,12.18,0
SWIFT_W92399,HSBCGB2L,UBSWCHZH,AE,AU,5197.75,EUR/GBP,Fedwire_Funds,Low_Risk,Clean_NoHit,20.70,0
SWIFT_W90711,HSBCGB2L,UBSWCHZH,AE,ES,900.09,USD/JPY,SWIFT_MT103,PEP_Politically_Exposed,Clean_NoHit,7.12,0
SWIFT_W92779,HDFCINBB,BARCGB22,NL,GB,1006.82,EUR/CHF,SWIFT_MT103,Low_Risk,Clean_NoHit,19.63,0
SWIFT_W92412,DBSSHKHH,BCOPESMM,DE,DE,82970.98,EUR/GBP,SEPA_Instant_Credit,Low_Risk,Cleared_FalsePositive,110.38,0
SWIFT_W92902,HSBCGB2L,UBSWCHZH,FR,CH,1106.27,EUR/AED,SEPA_Instant_Credit,Low_Risk,Clean_NoHit,3.69,0
SWIFT_W91594,DEUTDEDD,SMBCJPJT,AU,DE,26453.87,EUR/GBP,SEPA_Instant_Credit,PEP_Politically_Exposed,Clean_NoHit,32.02,0
SWIFT_W92720,DEUTDEDD,BCOPESMM,IN,JP,880.69,EUR/CHF,SWIFT_MT103,PEP_Politically_Exposed,Clean_NoHit,7.56,0
SWIFT_W92455,DEUTDEDD,STANHKHH,CH,AU,16170.79,EUR/CHF,ISO20022_pacs008,Enhanced_Due_Diligence,Cleared_FalsePositive,91.21,1
SWIFT_W92284,HSBCGB2L,SMBCJPJT,NL,GB,2341.60,EUR/JPY,SWIFT_MT103,Low_Risk,Clean_NoHit,24.17,0
SWIFT_W92712,HDFCINBB,FABAEADX,CH,US,801.04,EUR/JPY,SWIFT_MT103,Standard_Risk,Clean_NoHit,0.57,0
SWIFT_W91605,HSBCGB2L,STANHKHH,GB,DE,1101.58,EUR/JPY,SWIFT_MT103,Low_Risk,Clean_NoHit,6.05,0
SWIFT_W91857,SANTRSMM,UBSWCHZH,AU,CA,944.11,EUR/SGD,SWIFT_MT103,PEP_Politically_Exposed,Clean_NoHit,2.24,0
SWIFT_W92333,HDFCINBB,STANHKHH,AU,CA,8830.22,EUR/CHF,SEPA_Instant_Credit,PEP_Politically_Exposed,Clean_NoHit,13.31,0
SWIFT_W92670,HSBCGB2L,INGBNL2A,US,ES,1491.63,EUR/AED,SWIFT_MT103,Enhanced_Due_Diligence,Clean_NoHit,37.43,0
SWIFT_W91803,DBSSHKHH,SMBCJPJT,CH,DE,142561.91,EUR/USD,SEPA_Instant_Credit,Low_Risk,Cleared_FalsePositive,153.37,0
SWIFT_W92462,DBSSHKHH,FABAEADX,FR,CH,49389.62,EUR/CHF,SEPA_Instant_Credit,Low_Risk,Cleared_FalsePositive,107.98,0
SWIFT_W91615,HSBCGB2L,UBSWCHZH,AE,CH,902.41,EUR/SGD,SWIFT_MT103,Standard_Risk,Clean_NoHit,1.56,0
SWIFT_W92512,DEUTDEDD,SMBCJPJT,AU,AU,22510.12,EUR/CHF,ISO20022_pacs008,Low_Risk,Cleared_FalsePositive,85.18,1
SWIFT_W92097,HDFCINBB,SMBCJPJT,FR,CH,6210.40,EUR/GBP,SWIFT_MT103,Low_Risk,Clean_NoHit,19.59,0
SWIFT_W92706,DBSSHKHH,INGBNL2A,DE,CH,18169.75,EUR/CHF,SEPA_Instant_Credit,Low_Risk,Cleared_FalsePositive,47.95,0
SWIFT_W92862,SANTRSMM,STANHKHH,NL,ES,805.71,EUR/CHF,SWIFT_MT103,PEP_Politically_Exposed,Clean_NoHit,0.64,0
SWIFT_W92809,HSBCGB2L,STANHKHH,AU,AE,1614.78,EUR/AED,ISO20022_pacs008,Enhanced_Due_Diligence,Cleared_FalsePositive,38.40,1
SWIFT_W92223,HSBCGB2L,STANHKHH,AU,CA,15682.98,EUR/GBP,ISO20022_pacs008,Low_Risk,Clean_NoHit,65.25,0
SWIFT_W92345,DEUTDEDD,SBININBB,DE,CH,70031.62,EUR/CHF,ISO20022_pacs008,Low_Risk,Clean_NoHit,60.19,0
SWIFT_W92263,HDFCINBB,STANHKHH,CH,CA,38582.40,EUR/CHF,Fedwire_Funds,Enhanced_Due_Diligence,Clean_NoHit,75.19,1
SWIFT_W92681,DEUTDEDD,SBININBB,FR,AU,21215.11,EUR/CHF,ISO20022_pacs008,Enhanced_Due_Diligence,Cleared_FalsePositive,67.96,0
SWIFT_W92439,DEUTDEDD,BCOPESMM,IN,ES,10750.16,EUR/CHF,SWIFT_MT103,Low_Risk,Clean_NoHit,87.48,0
SWIFT_W92122,DBSSHKHH,INGBNL2A,CH,DE,184067.98,EUR/GBP,SEPA_Instant_Credit,Low_Risk,Cleared_FalsePositive,125.29,1
SWIFT_W90184,SANTRSMM,UBSWCHZH,AE,JP,800.56,USD/JPY,SWIFT_MT103,Standard_Risk,Clean_NoHit,0.23,0
SWIFT_W92658,HDFCINBB,STANHKHH,AU,AU,15236.32,EUR/AED,Fedwire_Funds,Low_Risk,Cleared_FalsePositive,48.49,1
SWIFT_W92841,SANTRSMM,UBSWCHZH,US,DE,896.55,EUR/AED,SEPA_Instant_Credit,Enhanced_Due_Diligence,Clean_NoHit,3.38,0
SWIFT_W92281,HDFCINBB,SBININBB,FR,ES,2805.39,EUR/AED,SWIFT_MT103,PEP_Politically_Exposed,Clean_NoHit,7.07,0
SWIFT_W92883,SANTRSMM,STANHKHH,FR,SG,800.56,EUR/CHF,SWIFT_MT103,Standard_Risk,Clean_NoHit,0.22,0
SWIFT_W91069,HSBCGB2L,UBSWCHZH,CH,JP,1027.47,USD/JPY,SWIFT_MT103,Low_Risk,Clean_NoHit,11.03,0
SWIFT_W92806,HDFCINBB,INGBNL2A,CH,US,804.61,EUR/GBP,SWIFT_MT103,Standard_Risk,Clean_NoHit,0.79,0
SWIFT_W92911,HSBCGB2L,RABONL2U,IN,JP,807.55,EUR/AED,SWIFT_MT103,PEP_Politically_Exposed,Clean_NoHit,0.82,0
SWIFT_W92482,DBSGSGSG,FABAEADX,AU,ES,45167.34,EUR/GBP,SEPA_Instant_Credit,PEP_Politically_Exposed,Cleared_FalsePositive,69.14,0
SWIFT_W91523,HDFCINBB,STANHKHH,DE,ES,29510.56,EUR/JPY,SEPA_Instant_Credit,Enhanced_Due_Diligence,Clean_NoHit,75.44,0
SWIFT_W92430,HSBCGB2L,SMBCJPJT,IN,ES,834.78,EUR/CHF,SWIFT_MT103,PEP_Politically_Exposed,Clean_NoHit,1.88,0
SWIFT_W91101,SANTRSMM,UBSWCHZH,AU,SG,800.81,USD/JPY,SWIFT_MT103,Standard_Risk,Clean_NoHit,0.38,0
SWIFT_W91354,HSBCGB2L,STANHKHH,AU,SG,800.56,EUR/USD,SWIFT_MT103,Standard_Risk,Clean_NoHit,0.23,0
SWIFT_W92372,HSBCGB2L,STANHKHH,GB,JP,3011.18,EUR/SGD,SWIFT_MT103,Low_Risk,Clean_NoHit,18.95,0
SWIFT_W91732,HSBCGB2L,SMBCJPJT,AU,US,800.55,EUR/USD,SWIFT_MT103,Standard_Risk,Clean_NoHit,0.24,0
SWIFT_W90904,HDFCINBB,STANHKHH,AU,ES,2821.72,EUR/USD,SWIFT_MT103,Standard_Risk,Clean_NoHit,10.06,0
SWIFT_W92733,HDFCINBB,SBININBB,FR,AU,11084.09,EUR/AED,ISO20022_pacs008,Low_Risk,Clean_NoHit,17.56,0
SWIFT_W92588,HSBCGB2L,SBININBB,FR,SG,810.77,EUR/USD,SWIFT_MT103,Standard_Risk,Clean_NoHit,1.34,0
SWIFT_W91418,HSBCGB2L,STANHKHH,CH,JP,840.26,EUR/SGD,SWIFT_MT103,Standard_Risk,Clean_NoHit,1.41,0
SWIFT_W92416,DEUTDEDD,RABONL2U,GB,CH,60888.86,EUR/GBP,SEPA_Instant_Credit,Enhanced_Due_Diligence,Cleared_FalsePositive,196.61,1
SWIFT_W92650,DEUTDEDD,SMBCJPJT,AU,CH,62685.89,EUR/CHF,ISO20022_pacs008,Low_Risk,Cleared_FalsePositive,84.68,0
SWIFT_W92948,SANTRSMM,UBSWCHZH,SG,ES,811.30,EUR/AED,SWIFT_MT103,Enhanced_Due_Diligence,Clean_NoHit,0.78,0
SWIFT_W92501,DBSSHKHH,INGBNL2A,DE,CA,26364.32,EUR/CHF,SEPA_Instant_Credit,Low_Risk,Cleared_FalsePositive,77.52,0
SWIFT_W92835,HDFCINBB,STANHKHH,IN,AU,4787.04,EUR/AED,ISO20022_pacs008,Enhanced_Due_Diligence,Clean_NoHit,23.72,0
SWIFT_W92255,DBSSHKHH,RABONL2U,CH,CA,73555.10,EUR/GBP,SEPA_Instant_Credit,Low_Risk,Cleared_FalsePositive,156.69,1
SWIFT_W92276,DBSSHKHH,SBININBB,CH,CA,73318.25,EUR/CHF,SEPA_Instant_Credit,Enhanced_Due_Diligence,Cleared_FalsePositive,133.94,1
SWIFT_W92679,HSBCGB2L,SBININBB,SG,ES,1251.99,EUR/AED,SWIFT_MT103,Enhanced_Due_Diligence,Clean_NoHit,12.34,0
SWIFT_W92440,DEUTDEDD,FABAEADX,GB,CA,51061.32,EUR/GBP,SEPA_Instant_Credit,Enhanced_Due_Diligence,Cleared_FalsePositive,107.35,0
SWIFT_W91630,DEUTDEDD,SBININBB,AU,JP,3219.56,EUR/USD,SWIFT_MT103,PEP_Politically_Exposed,Clean_NoHit,20.59,0
SWIFT_W90887,SANTRSMM,UBSWCHZH,AE,JP,801.22,USD/JPY,SWIFT_MT103,Standard_Risk,Clean_NoHit,0.42,0
SWIFT_W92697,HDFCINBB,FABAEADX,NL,JP,4020.84,EUR/CHF,SEPA_Instant_Credit,Enhanced_Due_Diligence,Clean_NoHit,49.07,0
SWIFT_W92893,SANTRSMM,UBSWCHZH,AE,CA,800.93,EUR/CHF,SEPA_Instant_Credit,Standard_Risk,Clean_NoHit,0.24,0
SWIFT_W92661,HSBCGB2L,RABONL2U,NL,US,800.61,EUR/GBP,SWIFT_MT103,Standard_Risk,Clean_NoHit,0.37,0
SWIFT_W92874,HDFCINBB,RABONL2U,NL,DE,1099.12,EUR/AED,SWIFT_MT103,Low_Risk,Clean_NoHit,7.23,0
SWIFT_W92045,DEUTDEDD,INGBNL2A,DE,CH,240332.62,EUR/GBP,ISO20022_pacs008,PEP_Politically_Exposed,Cleared_FalsePositive,97.79,0
SWIFT_W92642,SANTRSMM,UBSWCHZH,AU,ES,821.34,EUR/CHF,SWIFT_MT103,Standard_Risk,Clean_NoHit,0.63,0
SWIFT_W92899,HSBCGB2L,BCOPESMM,SG,CA,1286.37,EUR/AED,SEPA_Instant_Credit,Enhanced_Due_Diligence,Clean_NoHit,57.99,0
SWIFT_W92663,SANTRSMM,UBSWCHZH,AE,US,800.53,EUR/INR,SWIFT_MT103,Standard_Risk,Clean_NoHit,0.20,0
SWIFT_W92312,DEUTDEDD,SMBCJPJT,AU,CA,31566.03,EUR/CHF,ISO20022_pacs008,Enhanced_Due_Diligence,Cleared_FalsePositive,118.92,1
SWIFT_W92936,SANTRSMM,STANHKHH,US,SG,800.71,EUR/AED,SWIFT_MT103,Low_Risk,Clean_NoHit,0.33,0
SWIFT_W92815,DEUTDEDD,SMBCJPJT,AU,ES,2398.92,EUR/AED,ISO20022_pacs008,Low_Risk,Clean_NoHit,6.50,0
SWIFT_W92356,DEUTDEDD,SBININBB,CH,CH,143965.39,EUR/GBP,ISO20022_pacs008,Low_Risk,Cleared_FalsePositive,93.80,0
SWIFT_W92478,HDFCINBB,SMBCJPJT,IN,DE,17019.97,EUR/CHF,SEPA_Instant_Credit,Enhanced_Due_Diligence,Clean_NoHit,65.53,0
SWIFT_W91320,SANTRSMM,UBSWCHZH,AE,DE,800.93,EUR/USD,SWIFT_MT103,Standard_Risk,Clean_NoHit,0.28,0
SWIFT_W90548,HDFCINBB,STANHKHH,AU,GB,1677.39,USD/CAD,SWIFT_MT103,Standard_Risk,Clean_NoHit,5.91,0
SWIFT_W91030,HDFCINBB,STANHKHH,AU,CH,29195.70,EUR/SGD,ISO20022_pacs008,PEP_Politically_Exposed,Clean_NoHit,57.41,0
SWIFT_W92815,HSBCGB2L,RABONL2U,NL,SG,800.97,EUR/GBP,SWIFT_MT103,PEP_Politically_Exposed,Clean_NoHit,0.71,0
SWIFT_W92462,DBSSHKHH,RABONL2U,DE,CH,35127.36,EUR/AED,ISO20022_pacs008,Low_Risk,Cleared_FalsePositive,73.73,0
SWIFT_W92843,HSBCGB2L,RABONL2U,DE,SG,803.39,EUR/GBP,SWIFT_MT103,Standard_Risk,Clean_NoHit,0.62,0
SWIFT_W91994,HSBCGB2L,STANHKHH,CH,CH,6207.61,EUR/INR,SEPA_Instant_Credit,Low_Risk,Clean_NoHit,19.40,0
SWIFT_W92823,DEUTDEDD,FABAEADX,GB,CH,3008.10,EUR/AED,SEPA_Instant_Credit,Low_Risk,Clean_NoHit,20.70,0
SWIFT_W90570,HSBCGB2L,STANHKHH,AE,GB,857.51,USD/CAD,SWIFT_MT103,Standard_Risk,Clean_NoHit,1.97,0
SWIFT_W91860,HSBCGB2L,UBSWCHZH,AE,DE,2232.11,EUR/USD,SEPA_Instant_Credit,Standard_Risk,Clean_NoHit,13.00,0
SWIFT_W91129,HSBCGB2L,UBSWCHZH,AE,CH,8479.05,EUR/SGD,ISO20022_pacs008,PEP_Politically_Exposed,Clean_NoHit,44.31,0
SWIFT_W92445,DEUTDEDD,SMBCJPJT,CH,AU,52720.43,EUR/CHF,ISO20022_pacs008,Enhanced_Due_Diligence,Cleared_FalsePositive,93.24,1
SWIFT_W92052,DBSSHKHH,INGBNL2A,DE,DE,171441.00,EUR/INR,SEPA_Instant_Credit,Low_Risk,Cleared_FalsePositive,156.68,1
SWIFT_W91557,SANTRSMM,STANHKHH,AU,JP,800.58,EUR/SGD,SWIFT_MT103,Standard_Risk,Clean_NoHit,0.23,0
SWIFT_W91518,DEUTDEDD,SMBCJPJT,CH,CH,109825.82,EUR/SGD,SEPA_Instant_Credit,Low_Risk,Cleared_FalsePositive,137.57,0
SWIFT_W91642,DEUTDEDD,STANHKHH,CH,CH,47872.02,EUR/SGD,SEPA_Instant_Credit,Low_Risk,Clean_NoHit,75.11,0
SWIFT_W92843,HSBCGB2L,RABONL2U,NL,JP,807.12,EUR/AED,SWIFT_MT103,Standard_Risk,Clean_NoHit,0.82,0
SWIFT_W91862,SANTRSMM,STANHKHH,AU,US,800.55,EUR/USD,SWIFT_MT103,Standard_Risk,Clean_NoHit,0.23,0
SWIFT_W92950,HSBCGB2L,SBININBB,SG,AU,1063.71,EUR/AED,ISO20022_pacs008,Enhanced_Due_Diligence,Clean_NoHit,6.35,0
SWIFT_W92909,HSBCGB2L,UBSWCHZH,AU,AU,1424.54,EUR/AED,Fedwire_Funds,Low_Risk,Clean_NoHit,2.52,0
SWIFT_W92756,DEUTDEDD,INGBNL2A,CH,CA,8091.11,EUR/AED,SEPA_Instant_Credit,Enhanced_Due_Diligence,Cleared_FalsePositive,35.87,0
SWIFT_W91895,DBSSHKHH,RABONL2U,DE,CH,315492.66,EUR/GBP,ISO20022_pacs008,Low_Risk,Cleared_FalsePositive,130.71,1
SWIFT_W92136,HSBCGB2L,SMBCJPJT,AU,SG,801.55,USD/CAD,SWIFT_MT103,Standard_Risk,Clean_NoHit,0.53,0
SWIFT_W92047,DEUTDEDD,SBININBB,CH,CH,113552.01,EUR/SGD,SEPA_Instant_Credit,PEP_Politically_Exposed,Clean_NoHit,94.72,0
SWIFT_W92092,DBSSHKHH,SBININBB,DE,CA,170686.30,EUR/GBP,SEPA_Instant_Credit,Low_Risk,Cleared_FalsePositive,142.60,1
SWIFT_W92509,DEUTDEDD,STANHKHH,AU,AU,36932.54,EUR/CHF,Fedwire_Funds,Low_Risk,Cleared_FalsePositive,77.38,1
SWIFT_W90197,SANTRSMM,UBSWCHZH,AE,JP,800.54,USD/JPY,SWIFT_MT103,Standard_Risk,Clean_NoHit,0.21,0
SWIFT_W92514,HSBCGB2L,INGBNL2A,SG,JP,805.32,EUR/GBP,SWIFT_MT103,PEP_Politically_Exposed,Clean_NoHit,2.05,0
SWIFT_W92773,HDFCINBB,STANHKHH,AU,AU,9554.04,EUR/AED,Fedwire_Funds,Enhanced_Due_Diligence,Clean_NoHit,18.13,0
SWIFT_W92709,HDFCINBB,SBININBB,IN,JP,1306.19,EUR/GBP,SWIFT_MT103,Low_Risk,Clean_NoHit,10.95,0
SWIFT_W92306,DEUTDEDD,SBININBB,NL,GB,2605.20,EUR/JPY,SWIFT_MT103,Enhanced_Due_Diligence,Clean_NoHit,42.80,0
SWIFT_W92632,HSBCGB2L,UBSWCHZH,AE,CH,972.41,EUR/INR,SEPA_Instant_Credit,Standard_Risk,Clean_NoHit,2.78,0
SWIFT_W92945,HSBCGB2L,SMBCJPJT,SG,GB,804.50,EUR/AED,SWIFT_MT103,Low_Risk,Clean_NoHit,0.75,0
SWIFT_W92171,DBSSHKHH,SBININBB,DE,CA,204992.84,EUR/INR,ISO20022_pacs008,Low_Risk,Cleared_FalsePositive,155.25,1
SWIFT_W92824,DEUTDEDD,BCOPESMM,GB,CH,4717.69,EUR/AED,SEPA_Instant_Credit,Enhanced_Due_Diligence,Clean_NoHit,35.33,0
SWIFT_W92388,DEUTDEDD,STANHKHH,FR,ES,26816.99,EUR/SGD,SEPA_Instant_Credit,Enhanced_Due_Diligence,Cleared_FalsePositive,187.16,0
SWIFT_W92790,HSBCGB2L,UBSWCHZH,AE,AU,3755.84,EUR/AED,Fedwire_Funds,Enhanced_Due_Diligence,Clean_NoHit,15.90,0
SWIFT_W92032,HDFCINBB,STANHKHH,AU,CH,51582.17,EUR/GBP,ISO20022_pacs008,Low_Risk,Clean_NoHit,71.70,0
SWIFT_W92222,HSBCGB2L,UBSWCHZH,AE,CA,1157.97,EUR/USD,SEPA_Instant_Credit,PEP_Politically_Exposed,Clean_NoHit,8.55,0
SWIFT_W92676,HSBCGB2L,RABONL2U,SG,SG,851.00,EUR/GBP,SWIFT_MT103,Low_Risk,Clean_NoHit,5.75,0
SWIFT_W92653,HDFCINBB,SBININBB,IN,ES,10036.30,EUR/CHF,SEPA_Instant_Credit,Enhanced_Due_Diligence,Clean_NoHit,44.61,0
SWIFT_W92266,HSBCGB2L,STANHKHH,CH,JP,802.28,EUR/SGD,SWIFT_MT103,Standard_Risk,Clean_NoHit,0.47,0
SWIFT_W92537,HDFCINBB,UBSWCHZH,AE,AU,7719.72,EUR/CHF,Fedwire_Funds,Enhanced_Due_Diligence,Cleared_FalsePositive,61.95,1
SWIFT_W92513,DEUTDEDD,RABONL2U,CH,CA,53928.62,EUR/CHF,ISO20022_pacs008,Low_Risk,Cleared_FalsePositive,72.29,1
SWIFT_W91443,HSBCGB2L,STANHKHH,IN,ES,1229.24,EUR/SGD,SWIFT_MT103,PEP_Politically_Exposed,Clean_NoHit,5.61,0
SWIFT_W91725,HDFCINBB,STANHKHH,AU,GB,26159.01,USD/CAD,SEPA_Instant_Credit,Low_Risk,Clean_NoHit,61.18,0
SWIFT_W92948,HSBCGB2L,SBININBB,SG,ES,897.39,EUR/AED,SEPA_Instant_Credit,Enhanced_Due_Diligence,Clean_NoHit,4.29,0
SWIFT_W92249,DEUTDEDD,RABONL2U,GB,DE,62735.41,EUR/GBP,SEPA_Instant_Credit,Low_Risk,Cleared_FalsePositive,132.84,0
SWIFT_W91977,HDFCINBB,STANHKHH,CH,GB,10814.44,USD/CAD,SWIFT_MT103,Enhanced_Due_Diligence,Clean_NoHit,93.88,0
SWIFT_W91975,DBSSHKHH,INGBNL2A,CH,ES,95745.76,EUR/GBP,SEPA_Instant_Credit,PEP_Politically_Exposed,Cleared_FalsePositive,85.59,0
SWIFT_W92386,HDFCINBB,RABONL2U,CH,JP,1185.55,EUR/JPY,SWIFT_MT103,Standard_Risk,Clean_NoHit,6.89,0
SWIFT_W91798,DEUTDEDD,SBININBB,AE,ES,3045.02,EUR/INR,SWIFT_MT103,Standard_Risk,Clean_NoHit,10.48,0
SWIFT_W92270,HSBCGB2L,UBSWCHZH,AU,CH,2188.00,EUR/AED,ISO20022_pacs008,Low_Risk,Clean_NoHit,6.21,0
SWIFT_W91239,HSBCGB2L,STANHKHH,AU,CH,9882.30,EUR/JPY,ISO20022_pacs008,PEP_Politically_Exposed,Clean_NoHit,26.87,0
SWIFT_W91721,HSBCGB2L,STANHKHH,DE,SG,804.02,EUR/USD,SWIFT_MT103,Standard_Risk,Clean_NoHit,0.78,0
SWIFT_W92345,HDFCINBB,STANHKHH,AE,CH,23569.76,EUR/CHF,Fedwire_Funds,PEP_Politically_Exposed,Cleared_FalsePositive,66.78,1
SWIFT_W92937,HSBCGB2L,UBSWCHZH,CH,AU,1397.88,EUR/AED,Fedwire_Funds,Enhanced_Due_Diligence,Clean_NoHit,3.65,0
SWIFT_W91782,DEUTDEDD,SBININBB,AU,DE,177399.80,EUR/JPY,ISO20022_pacs008,Low_Risk,Cleared_FalsePositive,149.89,1
SWIFT_W92041,DBSGSGSG,INGBNL2A,DE,DE,145392.77,EUR/INR,SEPA_Instant_Credit,Low_Risk,Cleared_FalsePositive,152.43,0
SWIFT_W92710,DEUTDEDD,SMBCJPJT,AU,CH,7827.29,EUR/CHF,SEPA_Instant_Credit,PEP_Politically_Exposed,Clean_NoHit,12.71,0
SWIFT_W92081,DBSGSGSG,FABAEADX,CH,GB,25265.65,EUR/GBP,SWIFT_MT103,PEP_Politically_Exposed,Cleared_FalsePositive,61.99,0
SWIFT_W92116,DBSSHKHH,SBININBB,CH,CA,208620.48,EUR/INR,ISO20022_pacs008,Low_Risk,Cleared_FalsePositive,119.24,1
SWIFT_W92687,DEUTDEDD,STANHKHH,AU,CH,33529.41,EUR/CHF,ISO20022_pacs008,Low_Risk,Cleared_FalsePositive,71.21,0
SWIFT_W91344,DEUTDEDD,SMBCJPJT,CH,ES,15569.25,EUR/GBP,SEPA_Instant_Credit,PEP_Politically_Exposed,Clean_NoHit,31.64,0
SWIFT_W92141,DEUTDEDD,SMBCJPJT,AU,CA,119201.59,EUR/GBP,ISO20022_pacs008,Low_Risk,Cleared_FalsePositive,95.58,1
SWIFT_W92326,DEUTDEDD,BCOPESMM,CH,GB,6832.56,EUR/CHF,SWIFT_MT103,PEP_Politically_Exposed,Clean_NoHit,29.36,0
SWIFT_W92675,HDFCINBB,RABONL2U,DE,AU,8425.38,EUR/AED,SEPA_Instant_Credit,Enhanced_Due_Diligence,Cleared_FalsePositive,82.36,1
SWIFT_W92231,HSBCGB2L,UBSWCHZH,FR,DE,1731.50,EUR/GBP,SEPA_Instant_Credit,Low_Risk,Clean_NoHit,6.99,0
SWIFT_W92283,HSBCGB2L,SMBCJPJT,NL,AU,13589.64,EUR/AED,ISO20022_pacs008,Low_Risk,Clean_NoHit,22.04,0
SWIFT_W91520,HSBCGB2L,SMBCJPJT,AU,JP,800.66,USD/CAD,SWIFT_MT103,Standard_Risk,Clean_NoHit,0.26,0
SWIFT_W92808,HDFCINBB,SMBCJPJT,GB,CH,4170.84,EUR/AED,ISO20022_pacs008,Low_Risk,Clean_NoHit,12.96,0
SWIFT_W92537,HDFCINBB,SMBCJPJT,IN,JP,836.47,EUR/CHF,SWIFT_MT103,Low_Risk,Clean_NoHit,3.09,0
SWIFT_W92454,DBSSHKHH,INGBNL2A,FR,CH,37165.31,EUR/CHF,SEPA_Instant_Credit,Low_Risk,Cleared_FalsePositive,77.77,0
SWIFT_W91875,DBSSHKHH,RABONL2U,CH,ES,37012.60,EUR/SGD,SWIFT_MT103,PEP_Politically_Exposed,Clean_NoHit,65.54,0
SWIFT_W90865,HSBCGB2L,STANHKHH,AU,CH,15085.26,EUR/USD,SEPA_Instant_Credit,Standard_Risk,Clean_NoHit,40.65,0
SWIFT_W92507,DBSGSGSG,FABAEADX,CH,DE,38949.31,EUR/CHF,SEPA_Instant_Credit,Low_Risk,Cleared_FalsePositive,96.02,0
SWIFT_W92444,DEUTDEDD,SMBCJPJT,CH,CA,50984.40,EUR/CHF,ISO20022_pacs008,Enhanced_Due_Diligence,Cleared_FalsePositive,117.39,1
SWIFT_W92587,HDFCINBB,SBININBB,IN,CA,25103.58,EUR/CHF,ISO20022_pacs008,Enhanced_Due_Diligence,Clean_NoHit,92.63,0
SWIFT_W90612,HSBCGB2L,UBSWCHZH,AE,DE,1964.59,USD/JPY,SWIFT_MT103,Standard_Risk,Clean_NoHit,16.69,0
SWIFT_W92068,DEUTDEDD,SBININBB,DE,CH,156825.55,EUR/GBP,ISO20022_pacs008,Low_Risk,Cleared_FalsePositive,134.18,1
SWIFT_W90755,SANTRSMM,UBSWCHZH,AU,SG,801.12,USD/JPY,SWIFT_MT103,Standard_Risk,Clean_NoHit,0.37,0
SWIFT_W92910,SANTRSMM,SMBCJPJT,FR,US,800.53,EUR/SGD,SWIFT_MT103,Standard_Risk,Clean_NoHit,0.20,0
SWIFT_W92199,HDFCINBB,STANHKHH,GB,ES,8032.55,EUR/INR,SEPA_Instant_Credit,Low_Risk,Clean_NoHit,31.16,0
SWIFT_W92669,HSBCGB2L,UBSWCHZH,AE,AU,6052.40,EUR/AED,Fedwire_Funds,Low_Risk,Clean_NoHit,19.20,0
SWIFT_W92198,DEUTDEDD,SBININBB,DE,CA,63671.26,EUR/CHF,ISO20022_pacs008,Enhanced_Due_Diligence,Cleared_FalsePositive,145.41,1
SWIFT_W92159,HDFCINBB,SMBCJPJT,AU,CA,106291.10,EUR/GBP,ISO20022_pacs008,Low_Risk,Cleared_FalsePositive,131.61,1
SWIFT_W92447,SANTRSMM,STANHKHH,CH,SG,800.55,EUR/GBP,SWIFT_MT103,Standard_Risk,Clean_NoHit,0.22,0
SWIFT_W92033,SANTRSMM,UBSWCHZH,AE,SG,800.54,EUR/SGD,SWIFT_MT103,Standard_Risk,Clean_NoHit,0.21,0
SWIFT_W92621,HSBCGB2L,UBSWCHZH,CH,CA,2064.17,EUR/AED,ISO20022_pacs008,Low_Risk,Clean_NoHit,5.25,0
SWIFT_W92564,DBSSHKHH,RABONL2U,AU,DE,37769.67,EUR/CHF,SEPA_Instant_Credit,Low_Risk,Cleared_FalsePositive,71.38,0
SWIFT_W92674,SANTRSMM,STANHKHH,US,ES,818.44,EUR/JPY,SWIFT_MT103,Enhanced_Due_Diligence,Clean_NoHit,2.47,0
SWIFT_W91941,SANTRSMM,STANHKHH,NL,GB,811.74,EUR/USD,SWIFT_MT103,PEP_Politically_Exposed,Clean_NoHit,1.20,0
SWIFT_W92111,DBSSHKHH,SBININBB,CH,CA,130086.59,EUR/GBP,SEPA_Instant_Credit,Low_Risk,Cleared_FalsePositive,161.01,1
SWIFT_W92848,HSBCGB2L,SMBCJPJT,SG,JP,808.32,EUR/AED,SWIFT_MT103,Low_Risk,Clean_NoHit,1.19,0
SWIFT_W91200,HDFCINBB,STANHKHH,AU,DE,8526.63,USD/CAD,SEPA_Instant_Credit,PEP_Politically_Exposed,Clean_NoHit,27.86,0
SWIFT_W92905,HDFCINBB,STANHKHH,AU,CH,2249.47,EUR/AED,ISO20022_pacs008,Low_Risk,Clean_NoHit,3.92,0
SWIFT_W92795,HDFCINBB,SBININBB,AU,AU,14321.56,EUR/AED,ISO20022_pacs008,Low_Risk,Cleared_FalsePositive,30.92,0
SWIFT_W91827,DEUTDEDD,RABONL2U,GB,ES,25976.08,EUR/INR,SEPA_Instant_Credit,Low_Risk,Clean_NoHit,84.32,0
SWIFT_W92437,DEUTDEDD,SBININBB,CH,DE,40221.19,EUR/INR,SEPA_Instant_Credit,PEP_Politically_Exposed,Clean_NoHit,42.75,0
SWIFT_W91279,HDFCINBB,STANHKHH,AU,GB,2587.00,USD/JPY,SWIFT_MT103,PEP_Politically_Exposed,Clean_NoHit,18.03,0
SWIFT_W92891,HSBCGB2L,INGBNL2A,US,CA,1713.65,EUR/AED,SEPA_Instant_Credit,Enhanced_Due_Diligence,Clean_NoHit,29.12,0
SWIFT_W92554,HDFCINBB,STANHKHH,AU,AU,13167.66,EUR/AED,Fedwire_Funds,Enhanced_Due_Diligence,Cleared_FalsePositive,43.90,1
SWIFT_W92631,DBSSHKHH,FABAEADX,CH,DE,28907.71,EUR/CHF,SEPA_Instant_Credit,Low_Risk,Cleared_FalsePositive,58.84,0
SWIFT_W92868,SANTRSMM,INGBNL2A,SG,US,800.54,EUR/CHF,SWIFT_MT103,PEP_Politically_Exposed,Clean_NoHit,0.26,0
SWIFT_W92386,DBSSHKHH,RABONL2U,GB,DE,45099.40,EUR/JPY,SEPA_Instant_Credit,Enhanced_Due_Diligence,Cleared_FalsePositive,137.55,0
SWIFT_W92153,DBSSHKHH,SMBCJPJT,CH,CH,90465.59,EUR/INR,SEPA_Instant_Credit,Enhanced_Due_Diligence,Cleared_FalsePositive,182.82,1
SWIFT_W91593,HSBCGB2L,UBSWCHZH,AU,AU,1193.72,EUR/CHF,SEPA_Instant_Credit,Standard_Risk,Clean_NoHit,2.75,0
SWIFT_W92690,HSBCGB2L,RABONL2U,DE,US,801.04,EUR/JPY,SWIFT_MT103,Standard_Risk,Clean_NoHit,0.48,0
SWIFT_W92700,HDFCINBB,STANHKHH,AU,CH,7398.43,EUR/AED,Fedwire_Funds,Low_Risk,Clean_NoHit,13.41,0
SWIFT_W92163,HDFCINBB,STANHKHH,AU,CA,44624.78,EUR/GBP,ISO20022_pacs008,Low_Risk,Cleared_FalsePositive,130.96,1
SWIFT_W92521,HDFCINBB,SBININBB,NL,JP,849.09,EUR/INR,SWIFT_MT103,Low_Risk,Clean_NoHit,5.17,0
SWIFT_W92723,HDFCINBB,STANHKHH,AU,AU,10685.05,EUR/AED,Fedwire_Funds,Enhanced_Due_Diligence,Clean_NoHit,34.48,0
SWIFT_W92026,DEUTDEDD,STANHKHH,FR,CH,55276.24,EUR/INR,SEPA_Instant_Credit,Enhanced_Due_Diligence,Cleared_FalsePositive,123.31,0
SWIFT_W91959,HSBCGB2L,STANHKHH,CH,CH,1079.44,EUR/INR,SWIFT_MT103,Standard_Risk,Clean_NoHit,2.72,0
SWIFT_W92558,HSBCGB2L,STANHKHH,IN,DE,1436.54,EUR/CHF,SEPA_Instant_Credit,Low_Risk,Clean_NoHit,5.58,0
SWIFT_W92736,SANTRSMM,STANHKHH,SG,GB,983.09,EUR/INR,SWIFT_MT103,Enhanced_Due_Diligence,Clean_NoHit,7.45,0
SWIFT_W92219,DBSGSGSG,FABAEADX,CH,GB,39367.47,EUR/GBP,SEPA_Instant_Credit,Low_Risk,Cleared_FalsePositive,106.58,0
SWIFT_W92899,HSBCGB2L,FABAEADX,NL,CH,1917.19,EUR/AED,SEPA_Instant_Credit,Enhanced_Due_Diligence,Clean_NoHit,30.37,0
SWIFT_W92251,DEUTDEDD,INGBNL2A,FR,CH,37301.24,EUR/CHF,SEPA_Instant_Credit,Low_Risk,Cleared_FalsePositive,137.89,0
SWIFT_W92206,DBSSHKHH,SBININBB,CH,CA,83070.93,EUR/GBP,SEPA_Instant_Credit,Enhanced_Due_Diligence,Cleared_FalsePositive,156.89,1
SWIFT_W90772,HSBCGB2L,STANHKHH,AU,DE,2237.17,EUR/USD,SWIFT_MT103,Standard_Risk,Clean_NoHit,7.63,0
SWIFT_W91561,HSBCGB2L,UBSWCHZH,CH,GB,1176.92,EUR/USD,SWIFT_MT103,Low_Risk,Clean_NoHit,10.04,0
SWIFT_W92490,DBSSHKHH,RABONL2U,DE,ES,64001.68,EUR/CHF,SEPA_Instant_Credit,Low_Risk,Cleared_FalsePositive,56.68,0
SWIFT_W91415,HSBCGB2L,UBSWCHZH,AE,CH,1873.21,EUR/SGD,ISO20022_pacs008,PEP_Politically_Exposed,Clean_NoHit,16.12,0
SWIFT_W92845,HSBCGB2L,SMBCJPJT,NL,DE,938.31,EUR/AED,SWIFT_MT103,Enhanced_Due_Diligence,Clean_NoHit,4.98,0
SWIFT_W92117,DBSSHKHH,SBININBB,AU,GB,8008.12,EUR/CHF,SWIFT_MT103,Standard_Risk,Clean_NoHit,23.74,0
SWIFT_W92779,HDFCINBB,RABONL2U,FR,AU,4502.50,EUR/AED,ISO20022_pacs008,Enhanced_Due_Diligence,Cleared_FalsePositive,40.51,0
SWIFT_W92714,HDFCINBB,SMBCJPJT,FR,CA,7264.63,EUR/AED,ISO20022_pacs008,Low_Risk,Clean_NoHit,14.77,0
SWIFT_W92050,SANTRSMM,STANHKHH,SG,SG,805.36,EUR/CHF,SWIFT_MT103,PEP_Politically_Exposed,Clean_NoHit,1.05,0
SWIFT_W91446,HDFCINBB,SMBCJPJT,FR,GB,25478.65,EUR/USD,SWIFT_MT103,Low_Risk,Clean_NoHit,70.54,0
SWIFT_W92020,DBSSHKHH,INGBNL2A,CH,ES,152445.44,EUR/INR,SEPA_Instant_Credit,Low_Risk,Cleared_FalsePositive,145.75,1
SWIFT_W92300,DBSSHKHH,RABONL2U,CH,CH,186793.95,EUR/GBP,ISO20022_pacs008,Low_Risk,Cleared_FalsePositive,113.24,0
SWIFT_W92561,DEUTDEDD,FABAEADX,AE,SG,854.17,EUR/SGD,SWIFT_MT103,Standard_Risk,Clean_NoHit,1.86,0
SWIFT_W90537,SANTRSMM,UBSWCHZH,AE,SG,800.54,USD/CAD,SWIFT_MT103,Standard_Risk,Clean_NoHit,0.21,0
SWIFT_W92052,DBSSHKHH,SBININBB,CH,CA,168844.77,EUR/GBP,SEPA_Instant_Credit,Low_Risk,Cleared_FalsePositive,169.79,1
SWIFT_W92466,DBSSHKHH,INGBNL2A,CH,CA,56456.32,EUR/CHF,SEPA_Instant_Credit,Low_Risk,Cleared_FalsePositive,102.97,1
SWIFT_W92914,HSBCGB2L,SBININBB,US,CA,1234.71,EUR/CHF,SEPA_Instant_Credit,Enhanced_Due_Diligence,Clean_NoHit,13.64,0
SWIFT_W91926,DBSSHKHH,SBININBB,CH,CH,214093.09,EUR/INR,ISO20022_pacs008,Low_Risk,Cleared_FalsePositive,179.82,1
SWIFT_W92163,HDFCINBB,SBININBB,GB,JP,1029.88,EUR/INR,SWIFT_MT103,Standard_Risk,Clean_NoHit,5.20,0
SWIFT_W92204,HDFCINBB,STANHKHH,DE,CA,62101.48,EUR/CHF,ISO20022_pacs008,Enhanced_Due_Diligence,Cleared_FalsePositive,97.28,1
SWIFT_W92637,HSBCGB2L,UBSWCHZH,IN,CA,5591.29,EUR/CHF,ISO20022_pacs008,Enhanced_Due_Diligence,Clean_NoHit,21.00,0
SWIFT_W90679,HSBCGB2L,UBSWCHZH,AU,ES,1876.37,USD/JPY,SWIFT_MT103,PEP_Politically_Exposed,Clean_NoHit,12.83,0
SWIFT_W92496,DEUTDEDD,BARCGB22,GB,DE,42351.02,EUR/CHF,SEPA_Instant_Credit,Low_Risk,Cleared_FalsePositive,139.47,0
SWIFT_W92237,DEUTDEDD,STANHKHH,AU,GB,2215.68,EUR/CHF,SWIFT_MT103,PEP_Politically_Exposed,Clean_NoHit,6.03,0
SWIFT_W92411,DEUTDEDD,SMBCJPJT,CH,CA,40961.27,EUR/CHF,ISO20022_pacs008,Enhanced_Due_Diligence,Cleared_FalsePositive,94.33,1
SWIFT_W91339,HSBCGB2L,STANHKHH,GB,GB,2485.41,EUR/SGD,SWIFT_MT103,Low_Risk,Clean_NoHit,19.58,0
SWIFT_W92281,DEUTDEDD,SBININBB,FR,CH,117757.44,EUR/GBP,ISO20022_pacs008,Enhanced_Due_Diligence,Cleared_FalsePositive,140.67,0
SWIFT_W92503,DEUTDEDD,RABONL2U,IN,DE,23225.99,EUR/JPY,SWIFT_MT103,Enhanced_Due_Diligence,Cleared_FalsePositive,160.36,0
SWIFT_W92227,DEUTDEDD,SMBCJPJT,AU,CA,47984.83,EUR/GBP,ISO20022_pacs008,Low_Risk,Cleared_FalsePositive,140.61,1
SWIFT_W91157,HSBCGB2L,STANHKHH,DE,JP,826.65,EUR/SGD,SWIFT_MT103,Standard_Risk,Clean_NoHit,1.78,0
SWIFT_W91907,DEUTDEDD,RABONL2U,GB,ES,5324.80,EUR/SGD,SWIFT_MT103,Low_Risk,Clean_NoHit,35.24,0
SWIFT_W92814,SANTRSMM,UBSWCHZH,SG,SG,800.64,EUR/CHF,SWIFT_MT103,Low_Risk,Clean_NoHit,0.30,0
SWIFT_W92367,HDFCINBB,UBSWCHZH,CH,AU,12584.26,EUR/AED,Fedwire_Funds,Low_Risk,Clean_NoHit,26.65,0
SWIFT_W90739,HSBCGB2L,UBSWCHZH,AE,JP,1095.70,USD/JPY,SWIFT_MT103,Standard_Risk,Clean_NoHit,6.00,0
SWIFT_W92229,HDFCINBB,STANHKHH,AU,CH,70384.78,EUR/GBP,ISO20022_pacs008,Low_Risk,Cleared_FalsePositive,119.77,1
SWIFT_W92521,HDFCINBB,STANHKHH,AU,AU,27544.38,EUR/CHF,Fedwire_Funds,Enhanced_Due_Diligence,Cleared_FalsePositive,61.37,1
SWIFT_W92446,HSBCGB2L,SMBCJPJT,FR,GB,1043.56,EUR/JPY,SWIFT_MT103,PEP_Politically_Exposed,Clean_NoHit,4.99,0
SWIFT_W91326,HSBCGB2L,UBSWCHZH,CH,DE,1753.60,EUR/INR,SEPA_Instant_Credit,PEP_Politically_Exposed,Clean_NoHit,5.55,0
SWIFT_W92175,HDFCINBB,INGBNL2A,FR,CH,16816.22,EUR/GBP,SEPA_Instant_Credit,PEP_Politically_Exposed,Clean_NoHit,27.83,0
SWIFT_W91474,HSBCGB2L,STANHKHH,CH,US,800.72,USD/CAD,SWIFT_MT103,Standard_Risk,Clean_NoHit,0.38,0
SWIFT_W92233,DEUTDEDD,FABAEADX,CH,GB,1697.41,EUR/INR,SWIFT_MT103,Standard_Risk,Clean_NoHit,12.20,0
SWIFT_W92178,HDFCINBB,SMBCJPJT,DE,ES,2159.51,EUR/INR,SWIFT_MT103,Standard_Risk,Clean_NoHit,6.88,0
SWIFT_W92803,HDFCINBB,STANHKHH,DE,CA,6097.16,EUR/AED,ISO20022_pacs008,Enhanced_Due_Diligence,Clean_NoHit,16.72,0
SWIFT_W91872,HSBCGB2L,UBSWCHZH,AE,AU,4179.66,EUR/CHF,Fedwire_Funds,PEP_Politically_Exposed,Clean_NoHit,25.84,0
SWIFT_W91878,DBSSHKHH,INGBNL2A,CH,DE,264549.22,EUR/INR,SEPA_Instant_Credit,Low_Risk,Cleared_FalsePositive,152.25,1
SWIFT_W91882,HDFCINBB,SMBCJPJT,AE,GB,1118.15,EUR/USD,SWIFT_MT103,Standard_Risk,Clean_NoHit,3.05,0
SWIFT_W91907,DEUTDEDD,RABONL2U,FR,JP,20648.87,EUR/INR,SWIFT_MT103,PEP_Politically_Exposed,Clean_NoHit,55.34,0
SWIFT_W92383,HSBCGB2L,UBSWCHZH,GB,JP,809.36,EUR/GBP,SWIFT_MT103,PEP_Politically_Exposed,Clean_NoHit,0.91,0
SWIFT_W91341,HSBCGB2L,UBSWCHZH,AE,ES,827.67,EUR/GBP,SWIFT_MT103,Standard_Risk,Clean_NoHit,0.83,0
SWIFT_W92455,HDFCINBB,SBININBB,CH,AU,36073.16,EUR/CHF,ISO20022_pacs008,Enhanced_Due_Diligence,Cleared_FalsePositive,93.50,1
SWIFT_W92438,HSBCGB2L,SBININBB,SG,JP,836.39,EUR/GBP,SWIFT_MT103,Low_Risk,Clean_NoHit,5.41,0
SWIFT_W92357,DEUTDEDD,STANHKHH,AU,CA,62498.99,EUR/CHF,ISO20022_pacs008,Low_Risk,Cleared_FalsePositive,99.78,1
SWIFT_W92303,DBSSHKHH,SMBCJPJT,CH,CA,72875.43,EUR/CHF,ISO20022_pacs008,Low_Risk,Cleared_FalsePositive,90.96,1
SWIFT_W92080,DEUTDEDD,INGBNL2A,GB,ES,21798.96,EUR/CHF,SEPA_Instant_Credit,Low_Risk,Clean_NoHit,72.91,0
SWIFT_W91843,DBSSHKHH,RABONL2U,DE,ES,117029.59,EUR/SGD,SEPA_Instant_Credit,Low_Risk,Cleared_FalsePositive,142.45,0
SWIFT_W92806,SANTRSMM,STANHKHH,DE,US,800.53,EUR/SGD,SWIFT_MT103,Standard_Risk,Clean_NoHit,0.20,0
SWIFT_W91831,HDFCINBB,SMBCJPJT,CH,CH,121107.72,EUR/GBP,ISO20022_pacs008,Low_Risk,Clean_NoHit,65.09,0
SWIFT_W91295,HSBCGB2L,STANHKHH,CH,SG,956.04,EUR/USD,SWIFT_MT103,PEP_Politically_Exposed,Clean_NoHit,3.15,0
SWIFT_W91804,DBSSHKHH,RABONL2U,DE,DE,294453.66,EUR/INR,ISO20022_pacs008,Low_Risk,Cleared_FalsePositive,164.93,1
SWIFT_W91917,HSBCGB2L,STANHKHH,DE,CA,16583.42,EUR/CHF,SEPA_Instant_Credit,Low_Risk,Clean_NoHit,23.82,0
SWIFT_W91895,HDFCINBB,INGBNL2A,GB,JP,1074.92,EUR/INR,SWIFT_MT103,PEP_Politically_Exposed,Clean_NoHit,8.17,0
SWIFT_W92302,DEUTDEDD,SBININBB,AU,CA,104113.25,EUR/GBP,ISO20022_pacs008,Low_Risk,Cleared_FalsePositive,131.46,1
SWIFT_W92505,HSBCGB2L,STANHKHH,GB,CH,3395.74,EUR/INR,SEPA_Instant_Credit,Enhanced_Due_Diligence,Clean_NoHit,17.90,0
SWIFT_W91774,HDFCINBB,RABONL2U,CH,DE,6779.29,EUR/JPY,SWIFT_MT103,Standard_Risk,Clean_NoHit,18.57,0
SWIFT_W90471,HSBCGB2L,STANHKHH,CH,GB,1689.71,EUR/INR,SWIFT_MT103,Standard_Risk,Clean_NoHit,7.78,0
SWIFT_W92045,DBSSHKHH,SBININBB,CH,CH,155358.27,EUR/INR,ISO20022_pacs008,Low_Risk,Cleared_FalsePositive,171.05,1
SWIFT_W92260,HSBCGB2L,SBININBB,NL,SG,806.12,EUR/INR,SWIFT_MT103,Standard_Risk,Clean_NoHit,1.21,0
SWIFT_W92210,DBSSHKHH,FABAEADX,CH,ES,32014.11,EUR/JPY,SWIFT_MT103,PEP_Politically_Exposed,Cleared_FalsePositive,72.61,0
SWIFT_W92828,HSBCGB2L,SMBCJPJT,SG,AU,2050.94,EUR/AED,ISO20022_pacs008,Enhanced_Due_Diligence,Clean_NoHit,13.27,0
SWIFT_W92880,HSBCGB2L,SMBCJPJT,GB,AU,3204.45,EUR/AED,ISO20022_pacs008,Enhanced_Due_Diligence,Clean_NoHit,16.22,0
SWIFT_W92193,DBSGSGSG,FABAEADX,AU,ES,56796.53,EUR/CHF,SEPA_Instant_Credit,PEP_Politically_Exposed,Cleared_FalsePositive,66.85,0
SWIFT_W92202,DBSSHKHH,SBININBB,DE,CH,66062.88,EUR/GBP,SEPA_Instant_Credit,Enhanced_Due_Diligence,Cleared_FalsePositive,193.22,1
SWIFT_W91790,DEUTDEDD,SMBCJPJT,AU,CH,147725.33,EUR/JPY,ISO20022_pacs008,Low_Risk,Cleared_FalsePositive,145.30,1
SWIFT_W92902,HDFCINBB,BARCGB22,GB,ES,1534.00,EUR/AED,SEPA_Instant_Credit,Enhanced_Due_Diligence,Clean_NoHit,16.17,0
SWIFT_W92019,HDFCINBB,SMBCJPJT,GB,CH,37132.72,EUR/INR,SEPA_Instant_Credit,Low_Risk,Clean_NoHit,70.19,0
SWIFT_W92729,SANTRSMM,UBSWCHZH,CH,JP,800.81,EUR/INR,SWIFT_MT103,Standard_Risk,Clean_NoHit,0.29,0
SWIFT_W91204,HDFCINBB,STANHKHH,CH,JP,857.67,USD/CAD,SWIFT_MT103,Standard_Risk,Clean_NoHit,3.66,0
SWIFT_W92509,DEUTDEDD,SBININBB,FR,AU,23994.89,EUR/CHF,SEPA_Instant_Credit,Enhanced_Due_Diligence,Cleared_FalsePositive,85.91,1
SWIFT_W91285,HDFCINBB,SMBCJPJT,DE,GB,3603.67,EUR/SGD,SWIFT_MT103,Standard_Risk,Clean_NoHit,14.29,0
SWIFT_W92921,HDFCINBB,INGBNL2A,NL,GB,1104.99,EUR/AED,SWIFT_MT103,Low_Risk,Clean_NoHit,8.21,0
SWIFT_W90967,HDFCINBB,STANHKHH,AU,ES,10554.95,USD/CAD,SWIFT_MT103,Low_Risk,Clean_NoHit,45.32,0
SWIFT_W92350,DEUTDEDD,RABONL2U,FR,CA,50421.60,EUR/GBP,SEPA_Instant_Credit,Enhanced_Due_Diligence,Cleared_FalsePositive,164.32,1
SWIFT_W91854,DEUTDEDD,SMBCJPJT,DE,CH,101066.31,EUR/INR,SEPA_Instant_Credit,Low_Risk,Clean_NoHit,75.88,0
SWIFT_W92516,DEUTDEDD,SMBCJPJT,AU,CA,42168.08,EUR/CHF,ISO20022_pacs008,Low_Risk,Cleared_FalsePositive,47.64,0
SWIFT_W92402,HDFCINBB,RABONL2U,NL,CH,23130.75,EUR/CHF,SEPA_Instant_Credit,Enhanced_Due_Diligence,Clean_NoHit,72.16,0
SWIFT_W91950,HSBCGB2L,STANHKHH,CH,CH,29494.46,EUR/GBP,ISO20022_pacs008,Enhanced_Due_Diligence,Clean_NoHit,64.89,0
SWIFT_W92449,HDFCINBB,SMBCJPJT,AU,AU,47337.86,EUR/CHF,ISO20022_pacs008,Enhanced_Due_Diligence,Cleared_FalsePositive,100.02,1
SWIFT_W92410,HDFCINBB,SMBCJPJT,CH,CA,85238.09,EUR/GBP,ISO20022_pacs008,Low_Risk,Clean_NoHit,77.78,0
SWIFT_W92779,HSBCGB2L,SBININBB,SG,DE,2302.87,EUR/CHF,SEPA_Instant_Credit,Low_Risk,Clean_NoHit,14.56,0
SWIFT_W92431,DEUTDEDD,STANHKHH,AU,AU,37788.30,EUR/CHF,ISO20022_pacs008,Enhanced_Due_Diligence,Cleared_FalsePositive,96.44,1
SWIFT_W91755,HDFCINBB,SMBCJPJT,DE,ES,12476.42,EUR/CHF,SEPA_Instant_Credit,PEP_Politically_Exposed,Clean_NoHit,22.23,0
SWIFT_W91084,SANTRSMM,UBSWCHZH,GB,SG,800.81,EUR/SGD,SWIFT_MT103,Standard_Risk,Clean_NoHit,0.34,0
SWIFT_W92211,DBSSHKHH,FABAEADX,DE,CH,115981.27,EUR/GBP,SEPA_Instant_Credit,Low_Risk,Cleared_FalsePositive,150.83,1
SWIFT_W92337,DEUTDEDD,SMBCJPJT,CH,CA,46243.78,EUR/CHF,ISO20022_pacs008,Low_Risk,Cleared_FalsePositive,74.38,1
SWIFT_W92661,HSBCGB2L,SMBCJPJT,DE,SG,803.44,EUR/GBP,SWIFT_MT103,PEP_Politically_Exposed,Clean_NoHit,0.66,0
SWIFT_W91741,DEUTDEDD,SBININBB,DE,DE,85524.94,EUR/JPY,SEPA_Instant_Credit,Low_Risk,Cleared_FalsePositive,149.19,0
SWIFT_W92431,DBSSHKHH,INGBNL2A,DE,ES,11666.98,EUR/GBP,SWIFT_MT103,Low_Risk,Clean_NoHit,40.12,0
SWIFT_W91487,DEUTDEDD,SMBCJPJT,AU,US,810.18,EUR/INR,SWIFT_MT103,Standard_Risk,Clean_NoHit,0.78,0
SWIFT_W92379,DEUTDEDD,SMBCJPJT,AU,CA,34388.90,EUR/CHF,ISO20022_pacs008,Enhanced_Due_Diligence,Cleared_FalsePositive,130.77,1
SWIFT_W92090,DBSSHKHH,STANHKHH,DE,JP,9514.85,EUR/JPY,SWIFT_MT103,Low_Risk,Clean_NoHit,37.85,0
SWIFT_W92513,HSBCGB2L,SMBCJPJT,GB,JP,982.67,EUR/CHF,SWIFT_MT103,PEP_Politically_Exposed,Clean_NoHit,4.17,0
SWIFT_W90991,HDFCINBB,SMBCJPJT,CH,DE,139197.72,EUR/JPY,ISO20022_pacs008,PEP_Politically_Exposed,Clean_NoHit,100.56,0
SWIFT_W91344,HDFCINBB,SMBCJPJT,CH,JP,2043.30,EUR/USD,SWIFT_MT103,Standard_Risk,Clean_NoHit,10.48,0
SWIFT_W92701,HDFCINBB,UBSWCHZH,AU,AU,6813.28,EUR/CHF,Fedwire_Funds,Enhanced_Due_Diligence,Clean_NoHit,44.19,1
SWIFT_W92657,HSBCGB2L,RABONL2U,US,GB,867.31,EUR/JPY,SWIFT_MT103,Enhanced_Due_Diligence,Clean_NoHit,8.70,0
SWIFT_W92322,DBSSHKHH,INGBNL2A,AU,CH,43331.95,EUR/GBP,ISO20022_pacs008,Low_Risk,Cleared_FalsePositive,99.55,1
SWIFT_W91563,SANTRSMM,UBSWCHZH,CH,US,800.53,USD/JPY,SWIFT_MT103,Standard_Risk,Clean_NoHit,0.21,0
SWIFT_W91298,DEUTDEDD,SMBCJPJT,CH,DE,183922.23,EUR/SGD,ISO20022_pacs008,PEP_Politically_Exposed,Cleared_FalsePositive,129.16,0
SWIFT_W92904,HSBCGB2L,STANHKHH,CH,AE,1704.97,EUR/AED,Fedwire_Funds,Enhanced_Due_Diligence,Clean_NoHit,8.80,0
SWIFT_W91991,HSBCGB2L,STANHKHH,AU,GB,824.76,EUR/USD,SWIFT_MT103,Standard_Risk,Clean_NoHit,0.94,0
SWIFT_W92867,HDFCINBB,BCOPESMM,IN,CH,2614.65,EUR/CHF,SEPA_Instant_Credit,Low_Risk,Clean_NoHit,26.56,0
SWIFT_W91865,DEUTDEDD,SMBCJPJT,AU,DE,40464.70,EUR/GBP,SEPA_Instant_Credit,PEP_Politically_Exposed,Clean_NoHit,48.43,0
SWIFT_W92916,SANTRSMM,UBSWCHZH,AU,AE,1292.14,EUR/AED,Fedwire_Funds,Enhanced_Due_Diligence,Clean_NoHit,3.56,0
SWIFT_W92936,HSBCGB2L,BCOPESMM,SG,CA,981.95,EUR/AED,SEPA_Instant_Credit,Enhanced_Due_Diligence,Clean_NoHit,22.99,0
SWIFT_W92367,DEUTDEDD,SBININBB,DE,CA,59755.91,EUR/CHF,ISO20022_pacs008,Enhanced_Due_Diligence,Cleared_FalsePositive,74.54,1
SWIFT_W91444,HDFCINBB,SMBCJPJT,AU,DE,71442.60,EUR/JPY,ISO20022_pacs008,PEP_Politically_Exposed,Clean_NoHit,77.10,0
SWIFT_W90626,HSBCGB2L,STANHKHH,AU,GB,1079.93,EUR/INR,SWIFT_MT103,Standard_Risk,Clean_NoHit,3.43,0
SWIFT_W91726,HDFCINBB,SBININBB,FR,ES,2555.29,EUR/CHF,SWIFT_MT103,PEP_Politically_Exposed,Clean_NoHit,10.80,0
SWIFT_W92871,HSBCGB2L,BCOPESMM,US,GB,1249.85,EUR/CHF,SWIFT_MT103,Enhanced_Due_Diligence,Clean_NoHit,52.97,0
SWIFT_W92326,DEUTDEDD,FABAEADX,GB,DE,19025.26,EUR/GBP,SWIFT_MT103,Low_Risk,Clean_NoHit,87.81,0
SWIFT_W91250,HDFCINBB,STANHKHH,AU,CH,30903.92,EUR/INR,ISO20022_pacs008,PEP_Politically_Exposed,Clean_NoHit,47.93,0
SWIFT_W92697,DBSSHKHH,RABONL2U,AU,CA,20678.66,EUR/CHF,ISO20022_pacs008,Low_Risk,Cleared_FalsePositive,38.56,0
SWIFT_W90543,HSBCGB2L,STANHKHH,DE,JP,1168.49,USD/CAD,SWIFT_MT103,Standard_Risk,Clean_NoHit,6.87,0
SWIFT_W92790,HDFCINBB,STANHKHH,DE,AU,10499.94,EUR/AED,ISO20022_pacs008,Enhanced_Due_Diligence,Clean_NoHit,25.42,0
SWIFT_W92873,SANTRSMM,STANHKHH,DE,JP,800.82,EUR/AED,SWIFT_MT103,Standard_Risk,Clean_NoHit,0.26,0
SWIFT_W92828,HSBCGB2L,SBININBB,NL,CA,2534.26,EUR/AED,SEPA_Instant_Credit,Enhanced_Due_Diligence,Clean_NoHit,51.45,0
SWIFT_W91622,HDFCINBB,STANHKHH,AU,CH,42495.44,EUR/JPY,ISO20022_pacs008,PEP_Politically_Exposed,Clean_NoHit,60.86,0
SWIFT_W91779,HSBCGB2L,STANHKHH,AE,DE,1240.44,EUR/INR,SEPA_Instant_Credit,Standard_Risk,Clean_NoHit,4.51,0
SWIFT_W92318,HSBCGB2L,SMBCJPJT,DE,CH,836.77,EUR/INR,SWIFT_MT103,Standard_Risk,Clean_NoHit,1.04,0
SWIFT_W92455,HDFCINBB,STANHKHH,DE,AU,42290.41,EUR/CHF,ISO20022_pacs008,Enhanced_Due_Diligence,Cleared_FalsePositive,74.08,1
SWIFT_W92287,DEUTDEDD,SMBCJPJT,DE,CA,28300.28,EUR/CHF,SEPA_Instant_Credit,Enhanced_Due_Diligence,Cleared_FalsePositive,146.36,1
SWIFT_W92042,DBSSHKHH,SMBCJPJT,CH,CH,140356.72,EUR/INR,ISO20022_pacs008,Low_Risk,Cleared_FalsePositive,166.55,1
SWIFT_W90405,HSBCGB2L,STANHKHH,AE,GB,1301.72,USD/CAD,SWIFT_MT103,Standard_Risk,Clean_NoHit,5.46,0
SWIFT_W92800,HDFCINBB,BCOPESMM,NL,CA,4049.16,EUR/CHF,SEPA_Instant_Credit,Enhanced_Due_Diligence,Clean_NoHit,112.48,0
SWIFT_W92387,DBSGSGSG,FABAEADX,FR,JP,36493.26,EUR/GBP,SEPA_Instant_Credit,PEP_Politically_Exposed,Clean_NoHit,60.20,0
SWIFT_W92583,HDFCINBB,STANHKHH,AE,DE,1254.01,EUR/GBP,SEPA_Instant_Credit,Standard_Risk,Clean_NoHit,2.38,0
SWIFT_W91552,HSBCGB2L,SMBCJPJT,AU,US,801.19,EUR/USD,SWIFT_MT103,Standard_Risk,Clean_NoHit,0.52,0
SWIFT_W92402,HSBCGB2L,UBSWCHZH,AU,CH,2923.08,EUR/GBP,SEPA_Instant_Credit,PEP_Politically_Exposed,Clean_NoHit,8.56,0
SWIFT_W92923,HSBCGB2L,FABAEADX,US,ES,814.92,EUR/AED,SWIFT_MT103,Enhanced_Due_Diligence,Clean_NoHit,2.16,0
SWIFT_W92785,HSBCGB2L,UBSWCHZH,AE,AU,1812.83,EUR/AED,Fedwire_Funds,Enhanced_Due_Diligence,Clean_NoHit,28.69,1
SWIFT_W92950,SANTRSMM,UBSWCHZH,NL,AU,912.33,EUR/AED,ISO20022_pacs008,Enhanced_Due_Diligence,Clean_NoHit,1.79,0
SWIFT_W91576,DEUTDEDD,RABONL2U,CH,DE,80928.06,EUR/INR,SEPA_Instant_Credit,Standard_Risk,Clean_NoHit,64.32,0
SWIFT_W92867,HDFCINBB,FABAEADX,NL,DE,3004.33,EUR/AED,SEPA_Instant_Credit,Enhanced_Due_Diligence,Clean_NoHit,37.16,0
SWIFT_W90505,SANTRSMM,UBSWCHZH,AE,GB,821.23,USD/JPY,SWIFT_MT103,Standard_Risk,Clean_NoHit,1.49,0
SWIFT_W91408,SANTRSMM,UBSWCHZH,DE,SG,800.54,USD/CAD,SWIFT_MT103,Standard_Risk,Clean_NoHit,0.22,0
SWIFT_W92803,HSBCGB2L,UBSWCHZH,GB,JP,802.16,EUR/CHF,SWIFT_MT103,PEP_Politically_Exposed,Clean_NoHit,0.45,0
SWIFT_W92758,HDFCINBB,RABONL2U,SG,DE,11591.90,EUR/CHF,SEPA_Instant_Credit,Enhanced_Due_Diligence,Clean_NoHit,92.18,0
SWIFT_W91780,DBSSHKHH,RABONL2U,DE,DE,393455.03,EUR/JPY,SEPA_Instant_Credit,Low_Risk,Cleared_FalsePositive,175.34,1
SWIFT_W92123,HDFCINBB,STANHKHH,AE,CA,17978.35,EUR/JPY,Fedwire_Funds,Low_Risk,Clean_NoHit,66.35,0
SWIFT_W91619,DEUTDEDD,STANHKHH,FR,GB,38381.24,EUR/JPY,SEPA_Instant_Credit,Low_Risk,Clean_NoHit,91.40,0
SWIFT_W92913,HDFCINBB,BARCGB22,GB,SG,802.90,EUR/GBP,SWIFT_MT103,Standard_Risk,Clean_NoHit,0.98,0
SWIFT_W91993,HDFCINBB,STANHKHH,FR,DE,34808.92,EUR/INR,SEPA_Instant_Credit,Low_Risk,Clean_NoHit,67.11,0
SWIFT_W92109,DBSSHKHH,SBININBB,DE,CH,170208.95,EUR/GBP,ISO20022_pacs008,Low_Risk,Cleared_FalsePositive,138.11,1
SWIFT_W91957,HSBCGB2L,UBSWCHZH,AE,CH,4146.98,EUR/USD,SEPA_Instant_Credit,Low_Risk,Clean_NoHit,24.25,0
SWIFT_W92504,HDFCINBB,SMBCJPJT,IN,CH,7990.89,EUR/AED,SEPA_Instant_Credit,Enhanced_Due_Diligence,Clean_NoHit,27.86,0
SWIFT_W92078,DEUTDEDD,INGBNL2A,GB,GB,4561.48,EUR/CHF,SWIFT_MT103,PEP_Politically_Exposed,Clean_NoHit,28.60,0
SWIFT_W92671,HDFCINBB,SMBCJPJT,SG,DE,6814.16,EUR/CHF,SEPA_Instant_Credit,Enhanced_Due_Diligence,Clean_NoHit,62.02,0
SWIFT_W92528,DEUTDEDD,FABAEADX,GB,CA,15062.35,EUR/CHF,SEPA_Instant_Credit,Enhanced_Due_Diligence,Cleared_FalsePositive,148.96,0
SWIFT_W92493,DEUTDEDD,INGBNL2A,GB,GB,11261.84,EUR/CHF,SEPA_Instant_Credit,Low_Risk,Clean_NoHit,41.51,0
SWIFT_W92667,HSBCGB2L,INGBNL2A,SG,JP,1106.34,EUR/GBP,SWIFT_MT103,Enhanced_Due_Diligence,Clean_NoHit,30.12,0
SWIFT_W92587,DEUTDEDD,SMBCJPJT,AU,CA,26530.19,EUR/AED,ISO20022_pacs008,Low_Risk,Clean_NoHit,25.62,0
SWIFT_W92377,HDFCINBB,BCOPESMM,GB,SG,802.35,EUR/INR,SWIFT_MT103,Standard_Risk,Clean_NoHit,1.09,0
SWIFT_W92122,DBSGSGSG,INGBNL2A,AU,GB,10784.39,EUR/CHF,SEPA_Instant_Credit,Standard_Risk,Clean_NoHit,21.37,0
SWIFT_W91802,HSBCGB2L,UBSWCHZH,CH,CH,3391.83,EUR/CHF,ISO20022_pacs008,Low_Risk,Clean_NoHit,12.34,0
SWIFT_W92726,HSBCGB2L,UBSWCHZH,AU,AU,5888.24,EUR/AED,Fedwire_Funds,Enhanced_Due_Diligence,Clean_NoHit,25.55,0
SWIFT_W91883,HDFCINBB,SBININBB,AE,GB,952.33,EUR/GBP,SWIFT_MT103,Standard_Risk,Clean_NoHit,2.08,0
SWIFT_W91625,DBSSHKHH,SBININBB,CH,DE,197710.78,EUR/GBP,SEPA_Instant_Credit,Low_Risk,Cleared_FalsePositive,114.60,0
SWIFT_W91419,DEUTDEDD,SMBCJPJT,AU,DE,14598.77,EUR/JPY,SEPA_Instant_Credit,Standard_Risk,Clean_NoHit,29.38,0
SWIFT_W92719,HDFCINBB,UBSWCHZH,AU,AU,11725.86,EUR/AED,Fedwire_Funds,Enhanced_Due_Diligence,Clean_NoHit,25.17,0
SWIFT_W90924,HSBCGB2L,STANHKHH,CH,JP,1117.74,USD/CAD,SWIFT_MT103,Standard_Risk,Clean_NoHit,4.03,0
SWIFT_W92019,DEUTDEDD,SBININBB,AE,ES,7846.17,EUR/GBP,SEPA_Instant_Credit,Standard_Risk,Clean_NoHit,18.91,0
SWIFT_W92912,HDFCINBB,BARCGB22,SG,CH,1118.93,EUR/AED,SWIFT_MT103,Enhanced_Due_Diligence,Clean_NoHit,60.73,0
SWIFT_W92843,HDFCINBB,INGBNL2A,CH,CA,3225.98,EUR/AED,SEPA_Instant_Credit,PEP_Politically_Exposed,Clean_NoHit,9.68,0
SWIFT_W92486,HDFCINBB,RABONL2U,FR,CA,66378.40,EUR/CHF,ISO20022_pacs008,Enhanced_Due_Diligence,Cleared_FalsePositive,75.28,1
SWIFT_W92465,HDFCINBB,STANHKHH,AU,AU,52512.81,EUR/CHF,Fedwire_Funds,Low_Risk,Cleared_FalsePositive,89.00,1
SWIFT_W92331,HDFCINBB,INGBNL2A,FR,GB,1678.41,EUR/GBP,SWIFT_MT103,PEP_Politically_Exposed,Clean_NoHit,11.75,0
SWIFT_W92611,HDFCINBB,INGBNL2A,NL,GB,3235.20,EUR/CHF,SWIFT_MT103,Enhanced_Due_Diligence,Clean_NoHit,42.76,0
SWIFT_W92946,SANTRSMM,INGBNL2A,US,DE,832.26,EUR/AED,SWIFT_MT103,Enhanced_Due_Diligence,Clean_NoHit,13.21,0
SWIFT_W92468,DEUTDEDD,RABONL2U,FR,CA,34596.00,EUR/GBP,SEPA_Instant_Credit,Enhanced_Due_Diligence,Cleared_FalsePositive,174.30,1
SWIFT_W92489,HDFCINBB,FABAEADX,GB,SG,893.04,EUR/JPY,SWIFT_MT103,PEP_Politically_Exposed,Clean_NoHit,7.77,0
SWIFT_W90923,HSBCGB2L,UBSWCHZH,AE,CH,1242.33,EUR/USD,SWIFT_MT103,Standard_Risk,Clean_NoHit,4.61,0
SWIFT_W92587,DEUTDEDD,BCOPESMM,IN,GB,3703.56,EUR/CHF,SWIFT_MT103,Low_Risk,Clean_NoHit,40.41,0
SWIFT_W92316,DEUTDEDD,RABONL2U,CH,CH,78515.86,EUR/CHF,ISO20022_pacs008,Low_Risk,Cleared_FalsePositive,94.36,0
SWIFT_W91214,HSBCGB2L,STANHKHH,CH,GB,806.54,USD/CAD,SWIFT_MT103,Standard_Risk,Clean_NoHit,0.73,0
SWIFT_W92818,HDFCINBB,BCOPESMM,NL,SG,836.03,EUR/CHF,SWIFT_MT103,PEP_Politically_Exposed,Clean_NoHit,4.63,0
SWIFT_W92761,DEUTDEDD,SBININBB,AU,CA,28670.73,EUR/AED,ISO20022_pacs008,Low_Risk,Cleared_FalsePositive,41.32,0
SWIFT_W92854,HSBCGB2L,INGBNL2A,NL,JP,802.95,EUR/CHF,SWIFT_MT103,Standard_Risk,Clean_NoHit,0.75,0
SWIFT_W92880,HSBCGB2L,UBSWCHZH,CH,AU,2167.03,EUR/AED,Fedwire_Funds,Enhanced_Due_Diligence,Clean_NoHit,4.52,0
SWIFT_W92210,DEUTDEDD,SBININBB,FR,CH,68509.22,EUR/CHF,SEPA_Instant_Credit,Low_Risk,Cleared_FalsePositive,104.24,0
SWIFT_W92088,HSBCGB2L,SBININBB,SG,ES,941.24,EUR/INR,SWIFT_MT103,Low_Risk,Clean_NoHit,7.73,0
SWIFT_W90988,SANTRSMM,UBSWCHZH,CH,GB,813.39,EUR/USD,SWIFT_MT103,Standard_Risk,Clean_NoHit,0.77,0
SWIFT_W91529,HSBCGB2L,UBSWCHZH,AE,CA,848.25,EUR/USD,SWIFT_MT103,Standard_Risk,Clean_NoHit,1.41,0
SWIFT_W92578,DEUTDEDD,FABAEADX,NL,GB,4937.47,EUR/GBP,SWIFT_MT103,Enhanced_Due_Diligence,Clean_NoHit,83.70,0
SWIFT_W92664,DEUTDEDD,SBININBB,DE,DE,3460.16,EUR/AED,SEPA_Instant_Credit,Low_Risk,Clean_NoHit,8.28,0
SWIFT_W92391,HSBCGB2L,SBININBB,US,GB,928.32,EUR/INR,SWIFT_MT103,Enhanced_Due_Diligence,Clean_NoHit,14.95,0
SWIFT_W91943,DBSSHKHH,RABONL2U,FR,DE,261550.64,EUR/GBP,ISO20022_pacs008,Low_Risk,Cleared_FalsePositive,161.70,0
SWIFT_W92196,HSBCGB2L,STANHKHH,AU,CA,12528.64,EUR/CHF,Fedwire_Funds,Low_Risk,Clean_NoHit,48.63,1
SWIFT_W91920,DBSSHKHH,RABONL2U,DE,DE,286515.38,EUR/INR,ISO20022_pacs008,Low_Risk,Cleared_FalsePositive,148.66,0
SWIFT_W92341,HDFCINBB,SBININBB,NL,ES,1418.69,EUR/INR,SWIFT_MT103,PEP_Politically_Exposed,Clean_NoHit,13.21,0
SWIFT_W92527,HSBCGB2L,STANHKHH,CH,AU,20011.78,EUR/AED,Fedwire_Funds,Low_Risk,Clean_NoHit,23.79,0
SWIFT_W92365,HDFCINBB,STANHKHH,GB,DE,22747.35,EUR/CHF,SEPA_Instant_Credit,Low_Risk,Clean_NoHit,43.17,0
SWIFT_W92593,HDFCINBB,SBININBB,CH,CA,36949.65,EUR/CHF,ISO20022_pacs008,Enhanced_Due_Diligence,Cleared_FalsePositive,51.80,0
SWIFT_W92482,HSBCGB2L,SMBCJPJT,AU,US,800.64,EUR/USD,SWIFT_MT103,Standard_Risk,Clean_NoHit,0.28,0
SWIFT_W92562,DEUTDEDD,INGBNL2A,GB,GB,20973.24,EUR/CHF,SEPA_Instant_Credit,Low_Risk,Clean_NoHit,64.38,0
SWIFT_W92751,HDFCINBB,STANHKHH,AU,AU,13092.40,EUR/AED,Fedwire_Funds,Low_Risk,Clean_NoHit,13.00,0
SWIFT_W91949,HDFCINBB,STANHKHH,FR,ES,12223.55,USD/CAD,SWIFT_MT103,Low_Risk,Clean_NoHit,61.49,0
SWIFT_W92598,HSBCGB2L,SMBCJPJT,SG,GB,1310.15,EUR/CHF,SWIFT_MT103,Low_Risk,Clean_NoHit,7.42,0
SWIFT_W92774,HDFCINBB,INGBNL2A,DE,JP,809.21,EUR/CHF,SWIFT_MT103,Standard_Risk,Clean_NoHit,0.72,0
SWIFT_W92215,HDFCINBB,SBININBB,FR,JP,1577.68,USD/CAD,SWIFT_MT103,Low_Risk,Clean_NoHit,19.63,0
SWIFT_W92743,HDFCINBB,UBSWCHZH,AU,DE,4224.39,EUR/CHF,SEPA_Instant_Credit,Low_Risk,Clean_NoHit,10.51,0
SWIFT_W92699,HDFCINBB,STANHKHH,AU,AU,9623.96,EUR/AED,Fedwire_Funds,Enhanced_Due_Diligence,Clean_NoHit,28.01,0
SWIFT_W90801,HDFCINBB,SMBCJPJT,DE,GB,6694.67,EUR/SGD,SWIFT_MT103,PEP_Politically_Exposed,Clean_NoHit,23.36,0
SWIFT_W92515,HDFCINBB,INGBNL2A,SG,CH,15258.24,EUR/GBP,SEPA_Instant_Credit,Enhanced_Due_Diligence,Clean_NoHit,118.09,0
SWIFT_W92235,DEUTDEDD,SBININBB,CH,CA,115503.11,EUR/CHF,ISO20022_pacs008,Low_Risk,Cleared_FalsePositive,112.77,1
SWIFT_W92840,HDFCINBB,INGBNL2A,CH,JP,813.95,EUR/AED,SWIFT_MT103,Standard_Risk,Clean_NoHit,0.58,0
SWIFT_W92585,HDFCINBB,STANHKHH,DE,CA,16559.06,EUR/AED,Fedwire_Funds,Enhanced_Due_Diligence,Clean_NoHit,19.38,0
SWIFT_W91536,SANTRSMM,UBSWCHZH,FR,DE,807.22,EUR/GBP,SWIFT_MT103,Standard_Risk,Clean_NoHit,0.55,0
SWIFT_W92594,DEUTDEDD,FABAEADX,NL,GB,2666.50,EUR/CHF,SWIFT_MT103,Enhanced_Due_Diligence,Clean_NoHit,48.28,0
SWIFT_W92847,HSBCGB2L,RABONL2U,SG,CH,1143.40,EUR/AED,SEPA_Instant_Credit,Low_Risk,Clean_NoHit,7.63,0
SWIFT_W91132,HSBCGB2L,STANHKHH,AE,CH,1475.21,EUR/SGD,SEPA_Instant_Credit,Standard_Risk,Clean_NoHit,9.58,0
SWIFT_W91769,DEUTDEDD,SMBCJPJT,CH,DE,195966.52,EUR/INR,ISO20022_pacs008,Low_Risk,Cleared_FalsePositive,115.29,0
SWIFT_W92778,HSBCGB2L,STANHKHH,FR,AU,1586.12,EUR/AED,ISO20022_pacs008,Enhanced_Due_Diligence,Clean_NoHit,4.68,0
SWIFT_W92218,DBSSHKHH,SBININBB,DE,CH,92553.08,EUR/GBP,SEPA_Instant_Credit,Enhanced_Due_Diligence,Cleared_FalsePositive,190.53,1
SWIFT_W92860,DEUTDEDD,SMBCJPJT,AE,CA,4205.01,EUR/AED,ISO20022_pacs008,PEP_Politically_Exposed,Clean_NoHit,8.93,0
SWIFT_W92792,HDFCINBB,SMBCJPJT,NL,DE,1613.99,EUR/CHF,SWIFT_MT103,Low_Risk,Clean_NoHit,9.25,0
SWIFT_W91832,DBSSHKHH,RABONL2U,AU,GB,58806.24,EUR/INR,SEPA_Instant_Credit,PEP_Politically_Exposed,Cleared_FalsePositive,88.49,0
SWIFT_W92402,HDFCINBB,STANHKHH,AU,AU,22508.77,EUR/CHF,ISO20022_pacs008,Enhanced_Due_Diligence,Cleared_FalsePositive,68.28,1
SWIFT_W92767,HSBCGB2L,SMBCJPJT,SG,JP,809.02,EUR/JPY,SWIFT_MT103,Low_Risk,Clean_NoHit,1.68,0
SWIFT_W90548,SANTRSMM,UBSWCHZH,AE,DE,833.77,USD/CAD,SWIFT_MT103,Standard_Risk,Clean_NoHit,1.22,0
SWIFT_W91945,DBSSHKHH,RABONL2U,CH,DE,26276.09,EUR/GBP,SEPA_Instant_Credit,PEP_Politically_Exposed,Clean_NoHit,36.72,0
SWIFT_W92312,HDFCINBB,STANHKHH,AU,CH,26474.40,EUR/GBP,ISO20022_pacs008,Low_Risk,Clean_NoHit,34.70,0
SWIFT_W91625,HSBCGB2L,SBININBB,GB,GB,3699.51,EUR/USD,SWIFT_MT103,PEP_Politically_Exposed,Clean_NoHit,15.77,0
SWIFT_W92865,HSBCGB2L,RABONL2U,NL,US,800.58,EUR/INR,SWIFT_MT103,PEP_Politically_Exposed,Clean_NoHit,0.39,0
SWIFT_W92234,HSBCGB2L,STANHKHH,AU,SG,806.83,EUR/USD,SWIFT_MT103,Standard_Risk,Clean_NoHit,0.69,0
SWIFT_W92678,HSBCGB2L,STANHKHH,DE,DE,1528.79,EUR/CHF,SEPA_Instant_Credit,Low_Risk,Clean_NoHit,4.12,0
SWIFT_W91823,HSBCGB2L,STANHKHH,FR,CA,18279.84,EUR/CHF,ISO20022_pacs008,Low_Risk,Clean_NoHit,30.72,0
SWIFT_W92860,SANTRSMM,UBSWCHZH,CH,AU,995.08,EUR/CHF,ISO20022_pacs008,Low_Risk,Clean_NoHit,1.33,0
SWIFT_W90823,HDFCINBB,SMBCJPJT,AU,ES,9575.75,USD/CAD,SWIFT_MT103,Standard_Risk,Clean_NoHit,22.54,0
SWIFT_W92462,HDFCINBB,SBININBB,NL,GB,873.56,EUR/USD,SWIFT_MT103,Low_Risk,Clean_NoHit,6.93,0
SWIFT_W92319,DEUTDEDD,RABONL2U,CH,CA,148239.45,EUR/GBP,ISO20022_pacs008,PEP_Politically_Exposed,Cleared_FalsePositive,107.27,1
SWIFT_W90822,HDFCINBB,RABONL2U,DE,JP,1111.24,EUR/SGD,SWIFT_MT103,Standard_Risk,Clean_NoHit,5.82,0
SWIFT_W91891,HSBCGB2L,STANHKHH,AU,CH,23115.02,EUR/INR,SEPA_Instant_Credit,Low_Risk,Clean_NoHit,50.48,0
