WireReferenceID,SenderInstitution_BIC,BeneficiaryInstitution_BIC,OriginCountry,DestinationCountry,TransferAmount_EUR,CurrencyPair,TransferMessageStandard,KYC_CustomerRiskRating,SanctionScreeningResult,SettlementDuration_Minutes,AML_SuspiciousActivityFlag
SWIFT_W91400,DBSGSGSG,INGBNL2A,FR,DE,9869.46,EUR/INR,ISO20022_pacs008,Low_Risk,Clean_NoHit,14.45,0
SWIFT_W91536,DBSSHKHH,RABONL2U,GB,ES,31932.34,EUR/SGD,SEPA_Instant_Credit,PEP_Politically_Exposed,Clean_NoHit,22.87,0
SWIFT_W91605,DBSSHKHH,RABONL2U,GB,ES,-21091.39,EUR/JPY,SEPA_Instant_Credit,PEP_Politically_Exposed,Clean_NoHit,13.42,0
SWIFT_W91500,DBSGSGSG,RABONL2U,GB,DE,96911.94,EUR/JPY,SEPA_Instant_Credit,PEP_Politically_Exposed,Clean_NoHit,18.40,0
SWIFT_W91435,DBSGSGSG,INGBNL2A,FR,DE,-23013.72,EUR/INR,ISO20022_pacs008,PEP_Politically_Exposed,Clean_NoHit,14.56,0
SWIFT_W91759,DBSSHKHH,RABONL2U,GB,ES,-19469.14,EUR/JPY,SEPA_Instant_Credit,PEP_Politically_Exposed,Clean_NoHit,28.72,0
SWIFT_W91386,DBSGSGSG,INGBNL2A,GB,DE,-120169.01,EUR/INR,ISO20022_pacs008,PEP_Politically_Exposed,Clean_NoHit,4.40,0
SWIFT_W91609,DBSSHKHH,RABONL2U,GB,ES,227338.38,EUR/JPY,SEPA_Instant_Credit,PEP_Politically_Exposed,Clean_NoHit,24.99,0
SWIFT_W91743,DBSSHKHH,RABONL2U,GB,ES,71261.30,EUR/JPY,SEPA_Instant_Credit,PEP_Politically_Exposed,Clean_NoHit,28.61,0
SWIFT_W91295,DBSGSGSG,INGBNL2A,FR,DE,-75873.96,EUR/INR,ISO20022_pacs008,Low_Risk,Clean_NoHit,19.36,0
SWIFT_W91285,DBSGSGSG,INGBNL2A,FR,DE,40851.58,EUR/INR,ISO20022_pacs008,Low_Risk,Clean_NoHit,24.59,0
SWIFT_W91356,DBSGSGSG,INGBNL2A,FR,DE,-77877.98,EUR/INR,ISO20022_pacs008,Low_Risk,Clean_NoHit,13.19,0
SWIFT_W91403,DBSGSGSG,INGBNL2A,FR,DE,-123537.60,EUR/INR,SEPA_Instant_Credit,Low_Risk,Clean_NoHit,10.53,0
SWIFT_W91548,DBSSHKHH,INGBNL2A,GB,ES,-20380.58,EUR/JPY,SEPA_Instant_Credit,PEP_Politically_Exposed,Clean_NoHit,17.10,0
SWIFT_W91220,DBSGSGSG,FABAEADX,DE,CH,-65165.14,EUR/INR,ISO20022_pacs008,Low_Risk,Clean_NoHit,18.92,0
SWIFT_W91651,DBSSHKHH,RABONL2U,GB,ES,82278.51,EUR/JPY,SEPA_Instant_Credit,PEP_Politically_Exposed,Clean_NoHit,33.52,0
SWIFT_W91267,DBSGSGSG,INGBNL2A,FR,DE,44932.84,EUR/JPY,ISO20022_pacs008,PEP_Politically_Exposed,Clean_NoHit,11.97,0
SWIFT_W91994,DEUTDEDD,SBININBB,IN,GB,192168.23,EUR/SGD,SWIFT_MT103,PEP_Politically_Exposed,Clean_NoHit,24.40,0
SWIFT_W91277,DBSGSGSG,INGBNL2A,FR,DE,-87019.86,EUR/INR,ISO20022_pacs008,Low_Risk,Clean_NoHit,6.39,0
SWIFT_W91492,DBSGSGSG,INGBNL2A,FR,DE,-28593.04,EUR/JPY,SEPA_Instant_Credit,PEP_Politically_Exposed,Clean_NoHit,32.20,0
SWIFT_W91649,DBSGSGSG,RABONL2U,FR,DE,99109.16,EUR/JPY,SEPA_Instant_Credit,PEP_Politically_Exposed,Clean_NoHit,9.32,0
SWIFT_W91278,DBSGSGSG,INGBNL2A,FR,DE,-39818.64,EUR/INR,ISO20022_pacs008,Low_Risk,Clean_NoHit,19.20,0
SWIFT_W91562,DBSSHKHH,INGBNL2A,GB,DE,-107198.06,EUR/JPY,SEPA_Instant_Credit,PEP_Politically_Exposed,Clean_NoHit,12.95,0
SWIFT_W91271,DBSGSGSG,INGBNL2A,FR,CH,-21797.71,EUR/INR,ISO20022_pacs008,Low_Risk,Clean_NoHit,19.41,0
SWIFT_W91496,DBSGSGSG,INGBNL2A,FR,DE,104166.51,EUR/JPY,SEPA_Instant_Credit,PEP_Politically_Exposed,Clean_NoHit,26.45,0
SWIFT_W91429,DBSGSGSG,INGBNL2A,FR,DE,-1875.02,EUR/JPY,SEPA_Instant_Credit,PEP_Politically_Exposed,Clean_NoHit,9.99,0
SWIFT_W91540,DBSSHKHH,RABONL2U,GB,DE,-34283.27,EUR/JPY,SEPA_Instant_Credit,PEP_Politically_Exposed,Clean_NoHit,23.30,0
SWIFT_W91582,DBSGSGSG,RABONL2U,GB,ES,13510.74,EUR/JPY,SEPA_Instant_Credit,PEP_Politically_Exposed,Clean_NoHit,23.90,0
SWIFT_W91252,DBSGSGSG,INGBNL2A,FR,DE,19509.75,EUR/INR,ISO20022_pacs008,Low_Risk,Clean_NoHit,14.55,0
SWIFT_W91559,DBSSHKHH,RABONL2U,GB,DE,-58190.64,EUR/JPY,SEPA_Instant_Credit,PEP_Politically_Exposed,Clean_NoHit,4.40,0
SWIFT_W91882,DBSSHKHH,RABONL2U,IN,GB,78479.21,EUR/JPY,SEPA_Instant_Credit,PEP_Politically_Exposed,Clean_NoHit,23.15,0
SWIFT_W91642,DBSSHKHH,RABONL2U,GB,DE,33405.98,EUR/JPY,SEPA_Instant_Credit,PEP_Politically_Exposed,Clean_NoHit,31.38,0
SWIFT_W91808,DBSSHKHH,SBININBB,GB,GB,214761.16,EUR/SGD,SWIFT_MT103,PEP_Politically_Exposed,Clean_NoHit,39.32,0
SWIFT_W91375,DBSGSGSG,INGBNL2A,FR,DE,-152711.97,EUR/INR,SEPA_Instant_Credit,Low_Risk,Clean_NoHit,7.71,0
SWIFT_W91586,DBSSHKHH,SBININBB,IN,GB,-3388.85,EUR/SGD,SWIFT_MT103,PEP_Politically_Exposed,Clean_NoHit,20.71,0
SWIFT_W91474,DBSGSGSG,FABAEADX,FR,DE,-1441.93,EUR/INR,ISO20022_pacs008,PEP_Politically_Exposed,Clean_NoHit,14.44,0
SWIFT_W91305,DBSGSGSG,INGBNL2A,FR,DE,-71308.33,EUR/INR,ISO20022_pacs008,Low_Risk,Clean_NoHit,10.11,0
SWIFT_W91542,DBSSHKHH,RABONL2U,GB,ES,-137023.47,EUR/JPY,SEPA_Instant_Credit,Low_Risk,Clean_NoHit,3.60,0
SWIFT_W91589,DBSSHKHH,RABONL2U,GB,ES,90317.18,EUR/JPY,SEPA_Instant_Credit,PEP_Politically_Exposed,Clean_NoHit,31.76,0
SWIFT_W91490,DBSSHKHH,RABONL2U,GB,ES,65661.31,EUR/JPY,SEPA_Instant_Credit,PEP_Politically_Exposed,Clean_NoHit,24.01,0
SWIFT_W91198,DBSGSGSG,INGBNL2A,FR,DE,-31980.43,EUR/INR,SEPA_Instant_Credit,Low_Risk,Clean_NoHit,25.72,0
SWIFT_W91439,DBSGSGSG,INGBNL2A,FR,DE,27184.48,EUR/JPY,SEPA_Instant_Credit,PEP_Politically_Exposed,Clean_NoHit,16.01,0
SWIFT_W91373,DBSGSGSG,INGBNL2A,FR,DE,-61092.55,EUR/JPY,ISO20022_pacs008,Low_Risk,Clean_NoHit,11.86,0
SWIFT_W91355,DBSSHKHH,INGBNL2A,FR,DE,-72314.24,EUR/JPY,SEPA_Instant_Credit,PEP_Politically_Exposed,Clean_NoHit,22.18,0
SWIFT_W91412,DBSGSGSG,INGBNL2A,FR,DE,-28052.78,EUR/INR,ISO20022_pacs008,Low_Risk,Clean_NoHit,13.49,0
SWIFT_W91355,DBSGSGSG,INGBNL2A,FR,DE,41138.23,EUR/JPY,SEPA_Instant_Credit,PEP_Politically_Exposed,Clean_NoHit,23.07,0
SWIFT_W91206,DBSGSGSG,FABAEADX,FR,CH,8277.14,EUR/INR,ISO20022_pacs008,PEP_Politically_Exposed,Clean_NoHit,19.41,0
SWIFT_W91340,DBSGSGSG,INGBNL2A,GB,DE,8048.98,EUR/JPY,ISO20022_pacs008,Low_Risk,Clean_NoHit,5.07,0
SWIFT_W91391,DBSSHKHH,RABONL2U,GB,ES,47223.78,EUR/JPY,SEPA_Instant_Credit,Low_Risk,Clean_NoHit,19.88,0
SWIFT_W91683,DBSSHKHH,RABONL2U,GB,ES,-42771.83,EUR/JPY,SEPA_Instant_Credit,PEP_Politically_Exposed,Clean_NoHit,20.53,0
SWIFT_W91609,DBSSHKHH,RABONL2U,IN,ES,-22111.98,EUR/JPY,SEPA_Instant_Credit,PEP_Politically_Exposed,Clean_NoHit,16.37,0
SWIFT_W91337,DBSGSGSG,FABAEADX,FR,DE,373.63,EUR/INR,ISO20022_pacs008,Low_Risk,Clean_NoHit,15.54,0
SWIFT_W91385,DBSGSGSG,INGBNL2A,GB,DE,-93344.73,EUR/INR,SEPA_Instant_Credit,Low_Risk,Clean_NoHit,10.24,0
SWIFT_W91524,DBSSHKHH,RABONL2U,GB,ES,64439.10,EUR/JPY,SEPA_Instant_Credit,PEP_Politically_Exposed,Clean_NoHit,42.46,0
SWIFT_W91429,DBSSHKHH,RABONL2U,FR,ES,153352.38,EUR/JPY,SEPA_Instant_Credit,PEP_Politically_Exposed,Clean_NoHit,24.31,0
SWIFT_W91489,DBSGSGSG,INGBNL2A,FR,DE,-70833.80,EUR/JPY,SEPA_Instant_Credit,PEP_Politically_Exposed,Clean_NoHit,27.99,0
SWIFT_W91575,DBSSHKHH,RABONL2U,GB,DE,27282.98,EUR/JPY,SEPA_Instant_Credit,PEP_Politically_Exposed,Clean_NoHit,21.82,0
SWIFT_W91956,DBSSHKHH,SBININBB,GB,GB,235905.38,EUR/JPY,SEPA_Instant_Credit,PEP_Politically_Exposed,Clean_NoHit,21.29,0
SWIFT_W91302,DBSGSGSG,INGBNL2A,FR,DE,-50763.26,EUR/INR,ISO20022_pacs008,Low_Risk,Clean_NoHit,9.29,0
SWIFT_W91362,DBSSHKHH,INGBNL2A,GB,DE,-98886.16,EUR/JPY,ISO20022_pacs008,PEP_Politically_Exposed,Clean_NoHit,15.71,0
SWIFT_W91663,DBSSHKHH,RABONL2U,GB,ES,116575.18,EUR/JPY,SEPA_Instant_Credit,PEP_Politically_Exposed,Clean_NoHit,25.22,0
SWIFT_W91500,DBSGSGSG,INGBNL2A,FR,DE,39520.70,EUR/JPY,SEPA_Instant_Credit,PEP_Politically_Exposed,Clean_NoHit,23.85,0
SWIFT_W91554,DBSSHKHH,INGBNL2A,FR,ES,26606.22,EUR/INR,SEPA_Instant_Credit,Low_Risk,Clean_NoHit,9.34,0
SWIFT_W91515,DBSSHKHH,INGBNL2A,GB,DE,4265.56,EUR/JPY,SEPA_Instant_Credit,PEP_Politically_Exposed,Clean_NoHit,42.65,0
SWIFT_W91576,DBSSHKHH,RABONL2U,GB,ES,72548.74,EUR/JPY,SEPA_Instant_Credit,PEP_Politically_Exposed,Clean_NoHit,8.69,0
SWIFT_W91616,DBSSHKHH,RABONL2U,GB,ES,95051.50,EUR/JPY,SEPA_Instant_Credit,PEP_Politically_Exposed,Clean_NoHit,28.48,0
SWIFT_W91554,DBSSHKHH,RABONL2U,FR,DE,6460.61,EUR/JPY,SEPA_Instant_Credit,PEP_Politically_Exposed,Clean_NoHit,20.36,0
SWIFT_W91540,DBSSHKHH,RABONL2U,FR,DE,7968.16,EUR/JPY,SEPA_Instant_Credit,PEP_Politically_Exposed,Clean_NoHit,25.09,0
SWIFT_W91517,DBSSHKHH,INGBNL2A,FR,DE,11980.83,EUR/JPY,SEPA_Instant_Credit,PEP_Politically_Exposed,Clean_NoHit,22.69,0
SWIFT_W91763,DEUTDEDD,SBININBB,IN,GB,21639.95,EUR/SGD,SEPA_Instant_Credit,PEP_Politically_Exposed,Clean_NoHit,33.81,0
SWIFT_W91597,DBSGSGSG,INGBNL2A,FR,DE,156782.84,EUR/JPY,SEPA_Instant_Credit,PEP_Politically_Exposed,Clean_NoHit,29.46,0
SWIFT_W91448,DBSGSGSG,INGBNL2A,FR,ES,-48834.48,EUR/JPY,SEPA_Instant_Credit,PEP_Politically_Exposed,Clean_NoHit,21.01,0
SWIFT_W91393,DBSSHKHH,RABONL2U,FR,DE,44230.90,EUR/JPY,SEPA_Instant_Credit,Low_Risk,Clean_NoHit,15.81,0
SWIFT_W91772,DBSSHKHH,RABONL2U,GB,ES,-46807.82,EUR/JPY,SEPA_Instant_Credit,PEP_Politically_Exposed,Clean_NoHit,23.02,0
SWIFT_W91559,DBSSHKHH,SBININBB,GB,ES,47149.34,EUR/JPY,SEPA_Instant_Credit,PEP_Politically_Exposed,Clean_NoHit,10.88,0
SWIFT_W91761,DEUTDEDD,RABONL2U,IN,GB,23007.92,EUR/JPY,SEPA_Instant_Credit,PEP_Politically_Exposed,Clean_NoHit,14.44,0
SWIFT_W91649,DBSSHKHH,INGBNL2A,FR,ES,-46843.08,EUR/JPY,SEPA_Instant_Credit,PEP_Politically_Exposed,Clean_NoHit,26.49,0
SWIFT_W91400,DBSSHKHH,INGBNL2A,FR,DE,-5460.78,EUR/JPY,SEPA_Instant_Credit,PEP_Politically_Exposed,Clean_NoHit,22.22,0
SWIFT_W91473,DBSSHKHH,INGBNL2A,GB,ES,-118795.20,EUR/JPY,SEPA_Instant_Credit,PEP_Politically_Exposed,Clean_NoHit,16.64,0
SWIFT_W91703,DBSSHKHH,RABONL2U,GB,DE,1962.31,EUR/JPY,SEPA_Instant_Credit,PEP_Politically_Exposed,Clean_NoHit,6.19,0
SWIFT_W91499,DBSSHKHH,INGBNL2A,FR,DE,-52982.48,EUR/JPY,SEPA_Instant_Credit,PEP_Politically_Exposed,Clean_NoHit,27.93,0
SWIFT_W91440,DBSGSGSG,INGBNL2A,FR,DE,64316.24,EUR/JPY,SEPA_Instant_Credit,Low_Risk,Clean_NoHit,17.47,0
SWIFT_W91398,DBSGSGSG,INGBNL2A,FR,DE,35848.22,EUR/INR,ISO20022_pacs008,Low_Risk,Clean_NoHit,19.69,0
SWIFT_W91183,DBSGSGSG,FABAEADX,DE,DE,-19022.00,EUR/INR,ISO20022_pacs008,Low_Risk,Clean_NoHit,20.20,0
SWIFT_W91526,DBSSHKHH,RABONL2U,FR,ES,59934.90,EUR/JPY,SEPA_Instant_Credit,Low_Risk,Clean_NoHit,10.93,0
SWIFT_W91571,DBSSHKHH,SBININBB,GB,ES,-33965.48,EUR/JPY,SEPA_Instant_Credit,PEP_Politically_Exposed,Clean_NoHit,12.15,0
SWIFT_W91343,DBSGSGSG,INGBNL2A,FR,DE,-41763.83,EUR/INR,ISO20022_pacs008,Low_Risk,Clean_NoHit,14.08,0
SWIFT_W91732,DBSSHKHH,SBININBB,GB,ES,113138.09,EUR/JPY,SEPA_Instant_Credit,PEP_Politically_Exposed,Clean_NoHit,18.16,0
SWIFT_W91397,DBSGSGSG,INGBNL2A,FR,DE,71723.42,EUR/INR,SEPA_Instant_Credit,PEP_Politically_Exposed,Clean_NoHit,24.25,0
SWIFT_W91386,DBSGSGSG,RABONL2U,GB,DE,60292.07,EUR/JPY,SEPA_Instant_Credit,PEP_Politically_Exposed,Clean_NoHit,27.80,0
SWIFT_W91393,DBSGSGSG,INGBNL2A,DE,DE,20451.39,EUR/INR,ISO20022_pacs008,Low_Risk,Clean_NoHit,20.99,0
SWIFT_W91737,DEUTDEDD,RABONL2U,GB,ES,109473.37,EUR/JPY,SEPA_Instant_Credit,PEP_Politically_Exposed,Clean_NoHit,22.96,0
SWIFT_W91358,DBSGSGSG,INGBNL2A,FR,DE,25854.74,EUR/JPY,ISO20022_pacs008,Low_Risk,Clean_NoHit,19.40,0
SWIFT_W91578,DBSSHKHH,RABONL2U,GB,ES,63608.98,EUR/JPY,SEPA_Instant_Credit,PEP_Politically_Exposed,Clean_NoHit,32.52,0
SWIFT_W91704,DBSSHKHH,RABONL2U,GB,DE,65843.83,EUR/JPY,SEPA_Instant_Credit,PEP_Politically_Exposed,Clean_NoHit,15.09,0
SWIFT_W91508,DBSGSGSG,RABONL2U,GB,ES,-18961.53,EUR/JPY,SEPA_Instant_Credit,PEP_Politically_Exposed,Clean_NoHit,13.28,0
SWIFT_W91454,DBSGSGSG,INGBNL2A,FR,CH,-89210.52,EUR/INR,ISO20022_pacs008,PEP_Politically_Exposed,Clean_NoHit,6.34,0
SWIFT_W91525,DBSGSGSG,RABONL2U,FR,DE,61109.65,EUR/JPY,SEPA_Instant_Credit,PEP_Politically_Exposed,Clean_NoHit,15.60,0
SWIFT_W91387,DBSGSGSG,INGBNL2A,FR,DE,67284.08,EUR/JPY,SEPA_Instant_Credit,Low_Risk,Clean_NoHit,31.48,0
SWIFT_W91554,DBSGSGSG,INGBNL2A,FR,ES,14138.91,EUR/JPY,ISO20022_pacs008,PEP_Politically_Exposed,Clean_NoHit,22.87,0
SWIFT_W91624,DBSSHKHH,RABONL2U,GB,ES,19922.81,EUR/JPY,SEPA_Instant_Credit,PEP_Politically_Exposed,Clean_NoHit,16.96,0
SWIFT_W91170,DBSGSGSG,FABAEADX,DE,CH,-37842.26,EUR/INR,ISO20022_pacs008,Low_Risk,Clean_NoHit,15.53,0
SWIFT_W91542,DBSGSGSG,INGBNL2A,FR,DE,5285.63,EUR/JPY,SEPA_Instant_Credit,PEP_Politically_Exposed,Clean_NoHit,30.33,0
SWIFT_W91354,DBSGSGSG,INGBNL2A,FR,DE,-9475.34,EUR/JPY,SEPA_Instant_Credit,PEP_Politically_Exposed,Clean_NoHit,8.03,0
SWIFT_W91446,DBSGSGSG,RABONL2U,FR,DE,43026.33,EUR/INR,ISO20022_pacs008,Low_Risk,Clean_NoHit,21.49,0
SWIFT_W91758,DBSSHKHH,RABONL2U,GB,ES,128867.49,EUR/JPY,SEPA_Instant_Credit,PEP_Politically_Exposed,Clean_NoHit,30.59,0
SWIFT_W91618,DBSSHKHH,RABONL2U,GB,ES,83013.42,EUR/JPY,SEPA_Instant_Credit,PEP_Politically_Exposed,Clean_NoHit,15.08,0
SWIFT_W91830,DBSSHKHH,RABONL2U,GB,ES,147718.42,EUR/JPY,SEPA_Instant_Credit,PEP_Politically_Exposed,Clean_NoHit,24.23,0
SWIFT_W91741,DEUTDEDD,RABONL2U,IN,ES,-31346.34,EUR/JPY,SEPA_Instant_Credit,PEP_Politically_Exposed,Clean_NoHit,-0.83,0
SWIFT_W91290,DBSSHKHH,INGBNL2A,GB,DE,-152926.75,EUR/INR,ISO20022_pacs008,Low_Risk,Clean_NoHit,5.15,0
SWIFT_W91404,DBSGSGSG,FABAEADX,FR,DE,-73401.33,EUR/JPY,ISO20022_pacs008,Low_Risk,Clean_NoHit,20.18,0
SWIFT_W91610,DBSGSGSG,INGBNL2A,FR,DE,61499.04,EUR/JPY,SEPA_Instant_Credit,PEP_Politically_Exposed,Clean_NoHit,19.28,0
SWIFT_W91641,DEUTDEDD,RABONL2U,IN,GB,17498.97,EUR/SGD,SEPA_Instant_Credit,PEP_Politically_Exposed,Clean_NoHit,13.46,0
SWIFT_W91414,DBSGSGSG,INGBNL2A,FR,DE,18592.36,EUR/JPY,ISO20022_pacs008,Low_Risk,Clean_NoHit,27.58,0
SWIFT_W91572,DBSSHKHH,RABONL2U,GB,ES,63113.60,EUR/JPY,SEPA_Instant_Credit,PEP_Politically_Exposed,Clean_NoHit,17.42,0
SWIFT_W91549,DEUTDEDD,RABONL2U,GB,ES,-171143.94,EUR/JPY,SEPA_Instant_Credit,PEP_Politically_Exposed,Clean_NoHit,12.05,0
SWIFT_W91519,DBSSHKHH,INGBNL2A,GB,DE,-21345.85,EUR/JPY,SEPA_Instant_Credit,PEP_Politically_Exposed,Clean_NoHit,-0.41,0
SWIFT_W91632,DEUTDEDD,RABONL2U,IN,ES,-10813.14,EUR/JPY,SEPA_Instant_Credit,PEP_Politically_Exposed,Clean_NoHit,15.53,0
SWIFT_W91669,DBSSHKHH,RABONL2U,GB,ES,-45957.56,EUR/JPY,SEPA_Instant_Credit,PEP_Politically_Exposed,Clean_NoHit,20.41,0
SWIFT_W91642,DEUTDEDD,SBININBB,IN,GB,7800.64,EUR/SGD,SWIFT_MT103,PEP_Politically_Exposed,Clean_NoHit,22.13,0
SWIFT_W91791,DBSSHKHH,RABONL2U,GB,ES,70061.76,EUR/JPY,SEPA_Instant_Credit,PEP_Politically_Exposed,Clean_NoHit,35.63,0
SWIFT_W91331,DBSGSGSG,INGBNL2A,FR,DE,-9359.38,EUR/INR,ISO20022_pacs008,Low_Risk,Clean_NoHit,10.46,0
SWIFT_W91696,DBSSHKHH,RABONL2U,GB,ES,78771.28,EUR/JPY,SEPA_Instant_Credit,PEP_Politically_Exposed,Clean_NoHit,18.78,0
SWIFT_W91413,DBSSHKHH,RABONL2U,GB,DE,119458.49,EUR/JPY,SEPA_Instant_Credit,PEP_Politically_Exposed,Clean_NoHit,24.17,0
SWIFT_W91420,DBSGSGSG,INGBNL2A,FR,DE,81994.31,EUR/INR,SEPA_Instant_Credit,PEP_Politically_Exposed,Clean_NoHit,17.05,0
SWIFT_W91359,DBSGSGSG,INGBNL2A,FR,DE,-28217.47,EUR/INR,ISO20022_pacs008,Low_Risk,Clean_NoHit,20.98,0
SWIFT_W91520,DBSSHKHH,INGBNL2A,GB,ES,68629.76,EUR/JPY,SEPA_Instant_Credit,PEP_Politically_Exposed,Clean_NoHit,9.48,0
SWIFT_W91756,DEUTDEDD,SBININBB,IN,GB,-131593.22,EUR/SGD,SEPA_Instant_Credit,PEP_Politically_Exposed,Clean_NoHit,14.21,0
SWIFT_W91454,DBSSHKHH,INGBNL2A,FR,DE,55756.74,EUR/JPY,SEPA_Instant_Credit,PEP_Politically_Exposed,Clean_NoHit,25.19,0
SWIFT_W91401,DBSGSGSG,INGBNL2A,FR,DE,-36564.48,EUR/JPY,ISO20022_pacs008,Low_Risk,Clean_NoHit,16.25,0
SWIFT_W91487,DBSSHKHH,RABONL2U,GB,DE,347.36,EUR/JPY,SEPA_Instant_Credit,PEP_Politically_Exposed,Clean_NoHit,21.58,0
SWIFT_W91567,DBSGSGSG,INGBNL2A,FR,DE,77613.40,EUR/JPY,SEPA_Instant_Credit,PEP_Politically_Exposed,Clean_NoHit,11.74,0
SWIFT_W91677,DBSSHKHH,RABONL2U,GB,ES,-6245.14,EUR/JPY,SEPA_Instant_Credit,PEP_Politically_Exposed,Clean_NoHit,19.64,0
SWIFT_W91217,DBSGSGSG,INGBNL2A,FR,DE,79591.66,EUR/INR,ISO20022_pacs008,Low_Risk,Clean_NoHit,28.16,0
SWIFT_W91366,DBSGSGSG,INGBNL2A,FR,DE,695.85,EUR/INR,SEPA_Instant_Credit,PEP_Politically_Exposed,Clean_NoHit,15.30,0
SWIFT_W91569,DBSGSGSG,INGBNL2A,FR,DE,11484.82,EUR/JPY,ISO20022_pacs008,PEP_Politically_Exposed,Clean_NoHit,19.85,0
SWIFT_W91322,DBSGSGSG,INGBNL2A,FR,DE,-19816.11,EUR/JPY,SEPA_Instant_Credit,Low_Risk,Clean_NoHit,16.86,0
SWIFT_W91526,DBSGSGSG,INGBNL2A,FR,DE,32021.82,EUR/JPY,SEPA_Instant_Credit,Low_Risk,Clean_NoHit,21.35,0
SWIFT_W91878,DEUTDEDD,SBININBB,IN,GB,155552.66,EUR/SGD,SWIFT_MT103,PEP_Politically_Exposed,Clean_NoHit,24.11,0
SWIFT_W91624,DBSGSGSG,INGBNL2A,FR,DE,66020.11,EUR/JPY,SEPA_Instant_Credit,PEP_Politically_Exposed,Clean_NoHit,17.53,0
SWIFT_W91197,DBSGSGSG,INGBNL2A,FR,DE,-82839.58,EUR/JPY,ISO20022_pacs008,Low_Risk,Clean_NoHit,18.16,0
SWIFT_W91385,DBSGSGSG,FABAEADX,DE,DE,-9534.40,EUR/INR,ISO20022_pacs008,Low_Risk,Clean_NoHit,16.37,0
SWIFT_W91572,DBSGSGSG,INGBNL2A,FR,DE,71258.34,EUR/JPY,SEPA_Instant_Credit,PEP_Politically_Exposed,Clean_NoHit,19.96,0
SWIFT_W91347,DBSGSGSG,INGBNL2A,FR,DE,5353.31,EUR/INR,ISO20022_pacs008,Low_Risk,Clean_NoHit,15.44,0
SWIFT_W91304,DBSGSGSG,FABAEADX,FR,DE,-108442.72,EUR/INR,ISO20022_pacs008,Low_Risk,Clean_NoHit,14.97,0
SWIFT_W91285,DBSGSGSG,INGBNL2A,FR,DE,47697.12,EUR/INR,SEPA_Instant_Credit,PEP_Politically_Exposed,Clean_NoHit,22.53,0
SWIFT_W91425,DBSSHKHH,INGBNL2A,GB,ES,-122884.11,EUR/JPY,SEPA_Instant_Credit,PEP_Politically_Exposed,Clean_NoHit,7.81,0
SWIFT_W91525,DBSSHKHH,RABONL2U,GB,ES,43420.62,EUR/JPY,SEPA_Instant_Credit,PEP_Politically_Exposed,Clean_NoHit,12.15,0
SWIFT_W91428,DBSGSGSG,RABONL2U,GB,DE,85494.34,EUR/INR,SEPA_Instant_Credit,Low_Risk,Clean_NoHit,30.04,0
SWIFT_W91438,DBSGSGSG,INGBNL2A,FR,DE,10215.52,EUR/INR,SEPA_Instant_Credit,PEP_Politically_Exposed,Clean_NoHit,15.52,0
SWIFT_W91362,DBSGSGSG,RABONL2U,FR,DE,3806.38,EUR/INR,SEPA_Instant_Credit,PEP_Politically_Exposed,Clean_NoHit,10.80,0
SWIFT_W91707,DBSSHKHH,RABONL2U,GB,GB,140585.02,EUR/JPY,SEPA_Instant_Credit,PEP_Politically_Exposed,Clean_NoHit,27.91,0
SWIFT_W91330,DBSGSGSG,INGBNL2A,FR,DE,2036.40,EUR/INR,ISO20022_pacs008,Low_Risk,Clean_NoHit,22.67,0
SWIFT_W91629,DBSSHKHH,RABONL2U,GB,GB,90464.18,EUR/SGD,SEPA_Instant_Credit,PEP_Politically_Exposed,Clean_NoHit,24.56,0
SWIFT_W91457,DBSGSGSG,INGBNL2A,FR,DE,45820.98,EUR/INR,ISO20022_pacs008,Low_Risk,Clean_NoHit,14.34,0
SWIFT_W91454,DBSGSGSG,INGBNL2A,FR,DE,75097.02,EUR/JPY,SEPA_Instant_Credit,PEP_Politically_Exposed,Clean_NoHit,18.32,0
SWIFT_W91522,DBSGSGSG,INGBNL2A,FR,DE,-82451.57,EUR/JPY,SEPA_Instant_Credit,Low_Risk,Clean_NoHit,12.50,0
SWIFT_W91476,DBSSHKHH,RABONL2U,GB,ES,100359.48,EUR/JPY,SEPA_Instant_Credit,PEP_Politically_Exposed,Clean_NoHit,12.93,0
SWIFT_W91459,DBSGSGSG,RABONL2U,FR,DE,-38504.19,EUR/INR,SEPA_Instant_Credit,PEP_Politically_Exposed,Clean_NoHit,21.56,0
SWIFT_W91288,DBSGSGSG,INGBNL2A,FR,DE,24978.18,EUR/JPY,ISO20022_pacs008,Low_Risk,Clean_NoHit,30.59,0
SWIFT_W91384,DBSSHKHH,INGBNL2A,FR,DE,-95858.83,EUR/JPY,SEPA_Instant_Credit,Low_Risk,Clean_NoHit,17.97,0
SWIFT_W91298,DBSGSGSG,INGBNL2A,FR,DE,15454.62,EUR/INR,ISO20022_pacs008,Low_Risk,Clean_NoHit,12.98,0
SWIFT_W91276,DBSGSGSG,INGBNL2A,FR,DE,-35688.81,EUR/JPY,ISO20022_pacs008,Low_Risk,Clean_NoHit,12.76,0
SWIFT_W91392,DBSGSGSG,INGBNL2A,FR,DE,-36400.66,EUR/INR,ISO20022_pacs008,Low_Risk,Clean_NoHit,3.81,0
SWIFT_W91257,DBSGSGSG,INGBNL2A,FR,DE,-4055.13,EUR/INR,ISO20022_pacs008,Low_Risk,Clean_NoHit,14.28,0
SWIFT_W91414,DBSGSGSG,INGBNL2A,FR,CH,42555.27,EUR/INR,ISO20022_pacs008,Low_Risk,Clean_NoHit,19.01,0
SWIFT_W91263,DBSGSGSG,INGBNL2A,GB,DE,-45150.36,EUR/INR,SEPA_Instant_Credit,Low_Risk,Clean_NoHit,19.81,0
SWIFT_W91857,DEUTDEDD,RABONL2U,GB,GB,38560.58,EUR/JPY,SEPA_Instant_Credit,PEP_Politically_Exposed,Clean_NoHit,29.86,0
SWIFT_W91350,DBSGSGSG,INGBNL2A,FR,DE,15367.51,EUR/JPY,SEPA_Instant_Credit,Low_Risk,Clean_NoHit,14.30,0
SWIFT_W91415,DBSGSGSG,INGBNL2A,FR,DE,82302.80,EUR/INR,SEPA_Instant_Credit,PEP_Politically_Exposed,Clean_NoHit,13.90,0
SWIFT_W91561,DBSSHKHH,INGBNL2A,FR,DE,43014.68,EUR/JPY,ISO20022_pacs008,PEP_Politically_Exposed,Clean_NoHit,22.49,0
SWIFT_W91584,DBSSHKHH,RABONL2U,GB,ES,23882.19,EUR/JPY,SEPA_Instant_Credit,PEP_Politically_Exposed,Clean_NoHit,20.23,0
SWIFT_W91779,DBSSHKHH,SBININBB,IN,ES,6443.86,EUR/JPY,SEPA_Instant_Credit,PEP_Politically_Exposed,Clean_NoHit,-8.40,0
SWIFT_W91390,DBSGSGSG,FABAEADX,FR,DE,-61136.48,EUR/INR,ISO20022_pacs008,Low_Risk,Clean_NoHit,11.17,0
SWIFT_W91339,DBSGSGSG,FABAEADX,DE,CH,35478.10,EUR/INR,ISO20022_pacs008,Low_Risk,Clean_NoHit,21.97,0
SWIFT_W91331,DBSGSGSG,INGBNL2A,FR,DE,-87642.13,EUR/JPY,ISO20022_pacs008,PEP_Politically_Exposed,Clean_NoHit,9.98,0
SWIFT_W91516,DBSSHKHH,INGBNL2A,GB,ES,71223.38,EUR/JPY,SEPA_Instant_Credit,Low_Risk,Clean_NoHit,15.92,0
SWIFT_W91700,DBSGSGSG,RABONL2U,GB,ES,124444.84,EUR/JPY,SEPA_Instant_Credit,PEP_Politically_Exposed,Clean_NoHit,25.37,0
SWIFT_W91480,DBSGSGSG,INGBNL2A,FR,DE,89570.88,EUR/INR,ISO20022_pacs008,Low_Risk,Clean_NoHit,19.08,0
SWIFT_W91917,DBSSHKHH,SBININBB,GB,GB,199054.91,EUR/SGD,SEPA_Instant_Credit,PEP_Politically_Exposed,Clean_NoHit,29.41,0
SWIFT_W91372,DBSGSGSG,INGBNL2A,FR,DE,-9118.23,EUR/JPY,SEPA_Instant_Credit,PEP_Politically_Exposed,Clean_NoHit,21.77,0
SWIFT_W91670,DBSSHKHH,RABONL2U,GB,ES,16971.91,EUR/JPY,SEPA_Instant_Credit,PEP_Politically_Exposed,Clean_NoHit,20.86,0
SWIFT_W91458,DBSGSGSG,RABONL2U,GB,DE,-21198.44,EUR/JPY,SEPA_Instant_Credit,PEP_Politically_Exposed,Clean_NoHit,8.27,0
SWIFT_W91420,DBSGSGSG,INGBNL2A,FR,DE,-30948.65,EUR/JPY,SEPA_Instant_Credit,Low_Risk,Clean_NoHit,10.12,0
SWIFT_W91454,DBSGSGSG,INGBNL2A,FR,DE,84420.12,EUR/JPY,SEPA_Instant_Credit,PEP_Politically_Exposed,Clean_NoHit,18.66,0
SWIFT_W91573,DBSSHKHH,INGBNL2A,FR,DE,54083.90,EUR/JPY,SEPA_Instant_Credit,PEP_Politically_Exposed,Clean_NoHit,8.67,0
SWIFT_W91608,DBSSHKHH,RABONL2U,GB,ES,42114.08,EUR/JPY,SEPA_Instant_Credit,PEP_Politically_Exposed,Clean_NoHit,41.30,0
SWIFT_W91486,DBSGSGSG,INGBNL2A,FR,DE,63169.91,EUR/JPY,SEPA_Instant_Credit,PEP_Politically_Exposed,Clean_NoHit,23.81,0
SWIFT_W91500,DBSGSGSG,INGBNL2A,FR,DE,55025.76,EUR/INR,ISO20022_pacs008,PEP_Politically_Exposed,Clean_NoHit,14.75,0
SWIFT_W91361,DBSGSGSG,INGBNL2A,FR,DE,-10186.09,EUR/INR,ISO20022_pacs008,Low_Risk,Clean_NoHit,23.32,0
SWIFT_W91765,DBSSHKHH,RABONL2U,GB,ES,17020.44,EUR/JPY,SEPA_Instant_Credit,PEP_Politically_Exposed,Clean_NoHit,25.65,0
SWIFT_W91510,DBSGSGSG,INGBNL2A,GB,DE,-60391.44,EUR/JPY,SEPA_Instant_Credit,PEP_Politically_Exposed,Clean_NoHit,24.83,0
SWIFT_W91361,DBSGSGSG,INGBNL2A,FR,DE,-59876.00,EUR/INR,ISO20022_pacs008,Low_Risk,Clean_NoHit,15.13,0
SWIFT_W91512,DBSSHKHH,INGBNL2A,FR,DE,-60916.04,EUR/JPY,SEPA_Instant_Credit,PEP_Politically_Exposed,Clean_NoHit,15.29,0
SWIFT_W91468,DBSGSGSG,RABONL2U,GB,DE,80270.42,EUR/JPY,SEPA_Instant_Credit,PEP_Politically_Exposed,Clean_NoHit,34.10,0
SWIFT_W91631,DBSGSGSG,INGBNL2A,GB,ES,-7125.16,EUR/JPY,SEPA_Instant_Credit,PEP_Politically_Exposed,Clean_NoHit,18.55,0
SWIFT_W91483,DBSSHKHH,RABONL2U,FR,ES,-69154.94,EUR/JPY,SEPA_Instant_Credit,Low_Risk,Clean_NoHit,23.18,0
SWIFT_W91329,DBSGSGSG,INGBNL2A,FR,DE,-12317.27,EUR/JPY,ISO20022_pacs008,Low_Risk,Clean_NoHit,15.69,0
SWIFT_W91463,DBSSHKHH,INGBNL2A,FR,DE,-11238.36,EUR/JPY,SEPA_Instant_Credit,PEP_Politically_Exposed,Clean_NoHit,26.99,0
SWIFT_W91454,DBSSHKHH,RABONL2U,FR,DE,-46159.68,EUR/JPY,SEPA_Instant_Credit,PEP_Politically_Exposed,Clean_NoHit,5.43,0
SWIFT_W91411,DBSSHKHH,INGBNL2A,GB,ES,-48173.10,EUR/JPY,SEPA_Instant_Credit,PEP_Politically_Exposed,Clean_NoHit,19.16,0
SWIFT_W91424,DBSSHKHH,RABONL2U,FR,DE,-100166.07,EUR/JPY,SEPA_Instant_Credit,PEP_Politically_Exposed,Clean_NoHit,14.59,0
SWIFT_W91790,DBSSHKHH,SBININBB,IN,GB,108944.70,EUR/JPY,SEPA_Instant_Credit,PEP_Politically_Exposed,Clean_NoHit,18.25,0
SWIFT_W91513,DBSSHKHH,RABONL2U,GB,ES,-105715.32,EUR/JPY,SEPA_Instant_Credit,PEP_Politically_Exposed,Clean_NoHit,31.76,0
SWIFT_W91491,DBSGSGSG,INGBNL2A,FR,DE,-13899.57,EUR/JPY,SEPA_Instant_Credit,Low_Risk,Clean_NoHit,16.60,0
SWIFT_W91130,DBSGSGSG,FABAEADX,FR,CH,-87750.70,EUR/INR,ISO20022_pacs008,Low_Risk,Clean_NoHit,2.11,0
SWIFT_W91513,DBSGSGSG,INGBNL2A,FR,DE,118315.20,EUR/INR,ISO20022_pacs008,Low_Risk,Clean_NoHit,17.66,0
SWIFT_W91469,DBSSHKHH,INGBNL2A,FR,DE,-97900.20,EUR/INR,ISO20022_pacs008,Low_Risk,Clean_NoHit,17.45,0
SWIFT_W91515,DBSSHKHH,INGBNL2A,GB,ES,123916.28,EUR/JPY,SEPA_Instant_Credit,PEP_Politically_Exposed,Clean_NoHit,26.41,0
SWIFT_W91608,DBSSHKHH,RABONL2U,GB,ES,165877.92,EUR/JPY,SEPA_Instant_Credit,PEP_Politically_Exposed,Clean_NoHit,27.32,0
SWIFT_W91460,DBSGSGSG,INGBNL2A,FR,DE,74209.42,EUR/JPY,ISO20022_pacs008,PEP_Politically_Exposed,Clean_NoHit,16.05,0
SWIFT_W91536,DBSSHKHH,INGBNL2A,FR,DE,-68164.29,EUR/JPY,SEPA_Instant_Credit,PEP_Politically_Exposed,Clean_NoHit,23.95,0
SWIFT_W91435,DBSGSGSG,INGBNL2A,FR,DE,-36589.32,EUR/JPY,SEPA_Instant_Credit,PEP_Politically_Exposed,Clean_NoHit,14.32,0
SWIFT_W91595,DBSSHKHH,RABONL2U,IN,GB,76944.12,EUR/SGD,SEPA_Instant_Credit,PEP_Politically_Exposed,Clean_NoHit,17.34,0
SWIFT_W91619,DBSSHKHH,RABONL2U,GB,ES,133920.98,EUR/JPY,SEPA_Instant_Credit,PEP_Politically_Exposed,Clean_NoHit,13.15,0
SWIFT_W91418,DBSSHKHH,RABONL2U,GB,ES,16465.96,EUR/JPY,SEPA_Instant_Credit,PEP_Politically_Exposed,Clean_NoHit,18.93,0
SWIFT_W91488,DBSSHKHH,INGBNL2A,FR,ES,-20882.34,EUR/JPY,SEPA_Instant_Credit,PEP_Politically_Exposed,Clean_NoHit,19.22,0
SWIFT_W91264,DBSGSGSG,INGBNL2A,FR,DE,-130126.20,EUR/INR,ISO20022_pacs008,Low_Risk,Clean_NoHit,19.67,0
SWIFT_W91610,DBSGSGSG,INGBNL2A,FR,ES,10232.03,EUR/JPY,ISO20022_pacs008,PEP_Politically_Exposed,Clean_NoHit,25.45,0
SWIFT_W91627,DBSSHKHH,RABONL2U,IN,ES,-23610.84,EUR/JPY,SEPA_Instant_Credit,PEP_Politically_Exposed,Clean_NoHit,27.65,0
SWIFT_W91622,DBSSHKHH,RABONL2U,GB,ES,20486.27,EUR/JPY,SEPA_Instant_Credit,Low_Risk,Clean_NoHit,28.08,0
SWIFT_W91496,DBSGSGSG,INGBNL2A,FR,DE,44867.39,EUR/JPY,ISO20022_pacs008,PEP_Politically_Exposed,Clean_NoHit,16.95,0
SWIFT_W91460,DBSSHKHH,INGBNL2A,FR,DE,-29808.50,EUR/INR,ISO20022_pacs008,Low_Risk,Clean_NoHit,23.12,0
SWIFT_W91185,DBSGSGSG,FABAEADX,FR,DE,-7539.68,EUR/JPY,ISO20022_pacs008,Low_Risk,Clean_NoHit,12.31,0
SWIFT_W91848,DBSSHKHH,RABONL2U,GB,ES,75503.64,EUR/JPY,SEPA_Instant_Credit,PEP_Politically_Exposed,Clean_NoHit,21.45,0
SWIFT_W91291,DBSGSGSG,INGBNL2A,FR,DE,-142901.55,EUR/JPY,SEPA_Instant_Credit,Low_Risk,Clean_NoHit,13.96,0
SWIFT_W91465,DBSSHKHH,INGBNL2A,GB,DE,-69042.82,EUR/JPY,SEPA_Instant_Credit,Low_Risk,Clean_NoHit,23.83,0
SWIFT_W91306,DBSGSGSG,INGBNL2A,FR,DE,-137537.48,EUR/INR,ISO20022_pacs008,Low_Risk,Clean_NoHit,12.63,0
SWIFT_W91415,DBSGSGSG,INGBNL2A,FR,DE,20417.30,EUR/JPY,SEPA_Instant_Credit,Low_Risk,Clean_NoHit,19.25,0
SWIFT_W91384,DBSSHKHH,RABONL2U,GB,DE,53757.96,EUR/JPY,SEPA_Instant_Credit,Low_Risk,Clean_NoHit,8.03,0
SWIFT_W91466,DBSGSGSG,INGBNL2A,FR,DE,37135.40,EUR/INR,ISO20022_pacs008,PEP_Politically_Exposed,Clean_NoHit,14.70,0
SWIFT_W91635,DBSSHKHH,RABONL2U,GB,ES,77148.30,EUR/JPY,SEPA_Instant_Credit,PEP_Politically_Exposed,Clean_NoHit,14.14,0
SWIFT_W91462,DBSSHKHH,INGBNL2A,FR,ES,-11885.56,EUR/JPY,SEPA_Instant_Credit,PEP_Politically_Exposed,Clean_NoHit,7.98,0
SWIFT_W91636,DBSSHKHH,RABONL2U,GB,DE,-55355.58,EUR/JPY,SEPA_Instant_Credit,PEP_Politically_Exposed,Clean_NoHit,20.81,0
SWIFT_W91833,DEUTDEDD,RABONL2U,GB,ES,171201.78,EUR/JPY,SEPA_Instant_Credit,PEP_Politically_Exposed,Clean_NoHit,25.19,0
SWIFT_W91383,DBSGSGSG,INGBNL2A,FR,DE,-24003.23,EUR/INR,SEPA_Instant_Credit,Low_Risk,Clean_NoHit,18.87,0
SWIFT_W91541,DBSSHKHH,RABONL2U,GB,DE,-32040.26,EUR/JPY,SEPA_Instant_Credit,PEP_Politically_Exposed,Clean_NoHit,17.45,0
SWIFT_W91424,DBSSHKHH,INGBNL2A,FR,DE,-25733.20,EUR/JPY,SEPA_Instant_Credit,PEP_Politically_Exposed,Clean_NoHit,28.59,0
SWIFT_W91800,DBSSHKHH,RABONL2U,GB,ES,14662.82,EUR/JPY,SEPA_Instant_Credit,PEP_Politically_Exposed,Clean_NoHit,28.44,0
SWIFT_W91819,DBSSHKHH,SBININBB,IN,GB,163339.05,EUR/JPY,SEPA_Instant_Credit,PEP_Politically_Exposed,Clean_NoHit,10.34,0
SWIFT_W91400,DBSGSGSG,INGBNL2A,FR,DE,-75655.78,EUR/JPY,SEPA_Instant_Credit,PEP_Politically_Exposed,Clean_NoHit,22.30,0
SWIFT_W91540,DBSGSGSG,RABONL2U,GB,ES,30147.66,EUR/JPY,SEPA_Instant_Credit,PEP_Politically_Exposed,Clean_NoHit,34.46,0
SWIFT_W91596,DBSSHKHH,RABONL2U,FR,ES,153462.16,EUR/JPY,SEPA_Instant_Credit,PEP_Politically_Exposed,Clean_NoHit,34.78,0
SWIFT_W91585,DBSSHKHH,INGBNL2A,GB,ES,72407.56,EUR/JPY,SEPA_Instant_Credit,PEP_Politically_Exposed,Clean_NoHit,12.98,0
SWIFT_W91531,DBSGSGSG,INGBNL2A,FR,DE,33985.02,EUR/JPY,SEPA_Instant_Credit,PEP_Politically_Exposed,Clean_NoHit,19.62,0
SWIFT_W91736,DBSSHKHH,RABONL2U,GB,ES,100237.66,EUR/JPY,SEPA_Instant_Credit,PEP_Politically_Exposed,Clean_NoHit,26.86,0
SWIFT_W91284,DBSGSGSG,FABAEADX,FR,DE,-13348.39,EUR/INR,ISO20022_pacs008,Low_Risk,Clean_NoHit,9.70,0
SWIFT_W91421,DBSGSGSG,INGBNL2A,FR,DE,-33367.45,EUR/JPY,ISO20022_pacs008,PEP_Politically_Exposed,Clean_NoHit,20.82,0
SWIFT_W91695,DBSSHKHH,RABONL2U,GB,ES,23680.24,EUR/JPY,SEPA_Instant_Credit,PEP_Politically_Exposed,Clean_NoHit,13.11,0
SWIFT_W91325,DBSGSGSG,INGBNL2A,FR,DE,-111119.16,EUR/JPY,ISO20022_pacs008,PEP_Politically_Exposed,Clean_NoHit,29.04,0
SWIFT_W91302,DBSGSGSG,RABONL2U,FR,DE,-104444.94,EUR/INR,SEPA_Instant_Credit,PEP_Politically_Exposed,Clean_NoHit,14.20,0
SWIFT_W91538,DBSSHKHH,RABONL2U,GB,ES,102762.57,EUR/JPY,ISO20022_pacs008,Low_Risk,Clean_NoHit,5.41,0
SWIFT_W91318,DBSGSGSG,INGBNL2A,FR,DE,-83813.72,EUR/JPY,ISO20022_pacs008,Low_Risk,Clean_NoHit,15.55,0
SWIFT_W91656,DBSGSGSG,INGBNL2A,GB,DE,-57590.98,EUR/JPY,SEPA_Instant_Credit,PEP_Politically_Exposed,Clean_NoHit,14.57,0
SWIFT_W91665,DBSSHKHH,RABONL2U,GB,DE,58083.92,EUR/JPY,SEPA_Instant_Credit,PEP_Politically_Exposed,Clean_NoHit,2.01,0
SWIFT_W91583,DBSGSGSG,INGBNL2A,FR,ES,67814.35,EUR/JPY,SEPA_Instant_Credit,PEP_Politically_Exposed,Clean_NoHit,23.82,0
SWIFT_W91477,DBSGSGSG,INGBNL2A,FR,DE,114842.95,EUR/INR,SEPA_Instant_Credit,Low_Risk,Clean_NoHit,22.47,0
SWIFT_W91363,DBSGSGSG,INGBNL2A,FR,DE,-44143.74,EUR/INR,ISO20022_pacs008,Low_Risk,Clean_NoHit,15.43,0
SWIFT_W91335,DBSGSGSG,INGBNL2A,FR,CH,-92421.78,EUR/INR,ISO20022_pacs008,Low_Risk,Clean_NoHit,1.88,0
SWIFT_W91630,DBSSHKHH,RABONL2U,GB,ES,-97278.13,EUR/JPY,SEPA_Instant_Credit,PEP_Politically_Exposed,Clean_NoHit,15.92,0
SWIFT_W91389,DBSGSGSG,INGBNL2A,FR,DE,96590.14,EUR/INR,ISO20022_pacs008,Low_Risk,Clean_NoHit,7.64,0
SWIFT_W91457,DBSGSGSG,INGBNL2A,FR,DE,-47461.36,EUR/JPY,SEPA_Instant_Credit,PEP_Politically_Exposed,Clean_NoHit,25.13,0
SWIFT_W91533,DBSGSGSG,INGBNL2A,FR,DE,67912.22,EUR/JPY,SEPA_Instant_Credit,Low_Risk,Clean_NoHit,18.51,0
SWIFT_W91383,DBSGSGSG,INGBNL2A,FR,DE,107754.30,EUR/JPY,SEPA_Instant_Credit,PEP_Politically_Exposed,Clean_NoHit,28.83,0
SWIFT_W91374,DBSGSGSG,INGBNL2A,FR,DE,1978.19,EUR/INR,ISO20022_pacs008,Low_Risk,Clean_NoHit,13.89,0
SWIFT_W91459,DBSSHKHH,RABONL2U,FR,ES,22457.30,EUR/JPY,SEPA_Instant_Credit,PEP_Politically_Exposed,Clean_NoHit,20.71,0
SWIFT_W91188,CITIUS33,FABAEADX,DE,CH,-21602.42,EUR/INR,ISO20022_pacs008,Low_Risk,Clean_NoHit,13.63,0
SWIFT_W91651,DBSSHKHH,RABONL2U,GB,ES,-9712.89,EUR/JPY,SEPA_Instant_Credit,PEP_Politically_Exposed,Clean_NoHit,17.54,0
SWIFT_W91424,DBSGSGSG,INGBNL2A,GB,DE,35630.62,EUR/JPY,SEPA_Instant_Credit,PEP_Politically_Exposed,Clean_NoHit,11.28,0
SWIFT_W91699,DBSSHKHH,RABONL2U,IN,ES,-207692.88,EUR/JPY,SEPA_Instant_Credit,PEP_Politically_Exposed,Clean_NoHit,6.01,0
SWIFT_W91474,DBSGSGSG,INGBNL2A,FR,DE,-94875.18,EUR/INR,ISO20022_pacs008,Low_Risk,Clean_NoHit,9.27,0
SWIFT_W91349,DBSSHKHH,FABAEADX,FR,DE,-68359.11,EUR/INR,SEPA_Instant_Credit,Low_Risk,Clean_NoHit,13.13,0
SWIFT_W91416,DBSGSGSG,INGBNL2A,FR,DE,-57539.10,EUR/INR,ISO20022_pacs008,Low_Risk,Clean_NoHit,7.81,0
SWIFT_W91374,DBSSHKHH,INGBNL2A,FR,DE,-144901.03,EUR/INR,SEPA_Instant_Credit,PEP_Politically_Exposed,Clean_NoHit,6.64,0
SWIFT_W91535,DBSSHKHH,INGBNL2A,FR,ES,111550.37,EUR/JPY,SEPA_Instant_Credit,PEP_Politically_Exposed,Clean_NoHit,27.91,0
SWIFT_W91238,DBSGSGSG,INGBNL2A,FR,DE,46529.56,EUR/INR,ISO20022_pacs008,Low_Risk,Clean_NoHit,17.10,0
SWIFT_W91591,DBSSHKHH,SBININBB,IN,ES,31598.10,EUR/JPY,SEPA_Instant_Credit,PEP_Politically_Exposed,Clean_NoHit,32.65,0
SWIFT_W91583,DBSGSGSG,INGBNL2A,FR,ES,-21800.66,EUR/JPY,SEPA_Instant_Credit,PEP_Politically_Exposed,Clean_NoHit,24.99,0
SWIFT_W91673,DBSGSGSG,INGBNL2A,FR,DE,31180.00,EUR/JPY,SEPA_Instant_Credit,PEP_Politically_Exposed,Clean_NoHit,24.01,0
SWIFT_W91372,DBSGSGSG,INGBNL2A,FR,DE,-17476.09,EUR/INR,ISO20022_pacs008,Low_Risk,Clean_NoHit,10.63,0
SWIFT_W91528,DBSSHKHH,RABONL2U,GB,ES,22313.79,EUR/JPY,SEPA_Instant_Credit,Low_Risk,Clean_NoHit,13.20,0
SWIFT_W91199,DBSGSGSG,FABAEADX,DE,CH,-38766.17,EUR/INR,ISO20022_pacs008,Low_Risk,Clean_NoHit,12.47,0
SWIFT_W91607,DBSGSGSG,INGBNL2A,FR,DE,-7394.56,EUR/INR,ISO20022_pacs008,Low_Risk,Clean_NoHit,14.74,0
SWIFT_W91263,DBSGSGSG,INGBNL2A,FR,DE,-35381.33,EUR/INR,SEPA_Instant_Credit,Low_Risk,Clean_NoHit,12.80,0
SWIFT_W91342,DBSGSGSG,FABAEADX,DE,CH,96131.12,EUR/INR,ISO20022_pacs008,Low_Risk,Clean_NoHit,13.61,0
SWIFT_W91768,DBSSHKHH,SBININBB,GB,ES,-3840.25,EUR/JPY,SEPA_Instant_Credit,PEP_Politically_Exposed,Clean_NoHit,16.15,0
SWIFT_W91407,DBSGSGSG,INGBNL2A,FR,DE,106697.14,EUR/JPY,SEPA_Instant_Credit,PEP_Politically_Exposed,Clean_NoHit,25.56,0
SWIFT_W91571,DBSSHKHH,INGBNL2A,FR,DE,35591.10,EUR/JPY,SEPA_Instant_Credit,PEP_Politically_Exposed,Clean_NoHit,16.18,0
SWIFT_W91925,DBSSHKHH,RABONL2U,IN,GB,126344.70,EUR/JPY,SEPA_Instant_Credit,PEP_Politically_Exposed,Clean_NoHit,14.10,0
SWIFT_W91383,DBSGSGSG,INGBNL2A,FR,DE,-15291.55,EUR/JPY,ISO20022_pacs008,Low_Risk,Clean_NoHit,21.31,0
SWIFT_W91297,DBSGSGSG,INGBNL2A,FR,DE,27174.29,EUR/JPY,SEPA_Instant_Credit,Low_Risk,Clean_NoHit,17.40,0
SWIFT_W91592,DBSSHKHH,RABONL2U,GB,ES,9571.42,EUR/JPY,SEPA_Instant_Credit,PEP_Politically_Exposed,Clean_NoHit,32.66,0
SWIFT_W91422,DBSGSGSG,INGBNL2A,DE,DE,-11708.88,EUR/INR,ISO20022_pacs008,PEP_Politically_Exposed,Clean_NoHit,20.01,0
SWIFT_W91563,DBSSHKHH,RABONL2U,GB,ES,-83172.76,EUR/JPY,SEPA_Instant_Credit,PEP_Politically_Exposed,Clean_NoHit,35.69,0
SWIFT_W91607,DEUTDEDD,RABONL2U,GB,ES,-147320.12,EUR/JPY,SEPA_Instant_Credit,PEP_Politically_Exposed,Clean_NoHit,4.06,0
SWIFT_W91561,DBSSHKHH,RABONL2U,GB,ES,10515.66,EUR/JPY,SEPA_Instant_Credit,PEP_Politically_Exposed,Clean_NoHit,31.81,0
SWIFT_W91284,DBSGSGSG,INGBNL2A,FR,DE,-152318.77,EUR/JPY,ISO20022_pacs008,Low_Risk,Clean_NoHit,4.39,0
SWIFT_W91343,DBSGSGSG,INGBNL2A,FR,CH,15629.18,EUR/INR,ISO20022_pacs008,Low_Risk,Clean_NoHit,25.38,0
SWIFT_W91332,DBSGSGSG,INGBNL2A,FR,DE,-78995.58,EUR/JPY,SEPA_Instant_Credit,PEP_Politically_Exposed,Clean_NoHit,12.33,0
SWIFT_W91353,DBSGSGSG,FABAEADX,FR,DE,32777.56,EUR/INR,ISO20022_pacs008,Low_Risk,Clean_NoHit,18.77,0
SWIFT_W91397,DBSSHKHH,INGBNL2A,GB,DE,11739.56,EUR/INR,SEPA_Instant_Credit,Low_Risk,Clean_NoHit,16.73,0
SWIFT_W91565,DBSGSGSG,INGBNL2A,FR,DE,11502.10,EUR/INR,ISO20022_pacs008,PEP_Politically_Exposed,Clean_NoHit,15.13,0
SWIFT_W91612,DBSSHKHH,RABONL2U,GB,ES,39536.58,EUR/JPY,SEPA_Instant_Credit,PEP_Politically_Exposed,Clean_NoHit,22.96,0
SWIFT_W91330,DBSGSGSG,INGBNL2A,FR,DE,-86631.81,EUR/JPY,ISO20022_pacs008,Low_Risk,Clean_NoHit,8.94,0
SWIFT_W91571,DBSSHKHH,RABONL2U,FR,ES,17503.26,EUR/JPY,SEPA_Instant_Credit,PEP_Politically_Exposed,Clean_NoHit,32.04,0
SWIFT_W91656,DBSSHKHH,RABONL2U,GB,ES,40419.38,EUR/JPY,SEPA_Instant_Credit,PEP_Politically_Exposed,Clean_NoHit,32.00,0
SWIFT_W91668,DBSGSGSG,INGBNL2A,GB,ES,186390.41,EUR/JPY,SEPA_Instant_Credit,PEP_Politically_Exposed,Clean_NoHit,20.27,0
SWIFT_W91866,DEUTDEDD,RABONL2U,GB,GB,115781.52,EUR/JPY,SEPA_Instant_Credit,PEP_Politically_Exposed,Clean_NoHit,25.93,0
SWIFT_W91378,DBSSHKHH,INGBNL2A,FR,DE,3197.21,EUR/INR,SEPA_Instant_Credit,PEP_Politically_Exposed,Clean_NoHit,14.01,0
SWIFT_W91339,DBSGSGSG,INGBNL2A,FR,DE,135597.30,EUR/JPY,SEPA_Instant_Credit,PEP_Politically_Exposed,Clean_NoHit,24.65,0
SWIFT_W91491,DBSSHKHH,RABONL2U,GB,ES,68495.34,EUR/JPY,SEPA_Instant_Credit,PEP_Politically_Exposed,Clean_NoHit,19.62,0
SWIFT_W91385,DBSGSGSG,INGBNL2A,FR,DE,-30888.30,EUR/JPY,ISO20022_pacs008,Low_Risk,Clean_NoHit,15.28,0
SWIFT_W91647,DBSSHKHH,RABONL2U,GB,ES,42656.52,EUR/JPY,SEPA_Instant_Credit,PEP_Politically_Exposed,Clean_NoHit,35.79,0
SWIFT_W91466,DBSGSGSG,RABONL2U,FR,DE,41776.84,EUR/INR,ISO20022_pacs008,Low_Risk,Clean_NoHit,11.18,0
SWIFT_W91367,DBSGSGSG,INGBNL2A,FR,DE,-66897.83,EUR/INR,ISO20022_pacs008,Low_Risk,Clean_NoHit,5.85,0
SWIFT_W91658,DBSSHKHH,INGBNL2A,GB,DE,119825.76,EUR/JPY,SEPA_Instant_Credit,PEP_Politically_Exposed,Clean_NoHit,30.67,0
SWIFT_W91269,DBSGSGSG,FABAEADX,FR,DE,-52403.36,EUR/INR,ISO20022_pacs008,Low_Risk,Clean_NoHit,12.02,0
SWIFT_W91555,DBSSHKHH,RABONL2U,GB,ES,141904.83,EUR/JPY,SEPA_Instant_Credit,PEP_Politically_Exposed,Clean_NoHit,14.24,0
SWIFT_W91473,DBSSHKHH,INGBNL2A,GB,DE,-133100.72,EUR/JPY,SEPA_Instant_Credit,PEP_Politically_Exposed,Clean_NoHit,9.13,0
SWIFT_W91485,DBSSHKHH,INGBNL2A,FR,ES,101719.23,EUR/JPY,SEPA_Instant_Credit,PEP_Politically_Exposed,Clean_NoHit,11.93,0
SWIFT_W91357,DBSGSGSG,INGBNL2A,FR,CH,-14720.13,EUR/INR,ISO20022_pacs008,PEP_Politically_Exposed,Clean_NoHit,13.17,0
SWIFT_W91526,DBSGSGSG,INGBNL2A,FR,DE,-1015.86,EUR/JPY,SEPA_Instant_Credit,PEP_Politically_Exposed,Clean_NoHit,14.51,0
SWIFT_W91212,DBSGSGSG,INGBNL2A,FR,DE,-53007.20,EUR/INR,SEPA_Instant_Credit,PEP_Politically_Exposed,Clean_NoHit,18.74,0
SWIFT_W91416,DBSSHKHH,INGBNL2A,FR,DE,20859.83,EUR/JPY,SEPA_Instant_Credit,Low_Risk,Clean_NoHit,10.60,0
SWIFT_W91588,DBSGSGSG,RABONL2U,GB,ES,-28239.62,EUR/JPY,SEPA_Instant_Credit,PEP_Politically_Exposed,Clean_NoHit,23.04,0
SWIFT_W91664,DBSSHKHH,RABONL2U,IN,ES,171554.19,EUR/JPY,SEPA_Instant_Credit,PEP_Politically_Exposed,Clean_NoHit,21.01,0
SWIFT_W91348,DBSGSGSG,INGBNL2A,FR,DE,61284.56,EUR/JPY,SEPA_Instant_Credit,PEP_Politically_Exposed,Clean_NoHit,34.86,0
SWIFT_W91421,DBSGSGSG,INGBNL2A,FR,DE,-38393.38,EUR/JPY,SEPA_Instant_Credit,PEP_Politically_Exposed,Clean_NoHit,29.77,0
SWIFT_W91375,DBSSHKHH,RABONL2U,FR,DE,-77009.30,EUR/INR,SEPA_Instant_Credit,Low_Risk,Clean_NoHit,9.67,0
SWIFT_W91745,DBSSHKHH,SBININBB,IN,ES,-28219.36,EUR/SGD,SEPA_Instant_Credit,PEP_Politically_Exposed,Clean_NoHit,24.92,0
SWIFT_W91116,DBSGSGSG,INGBNL2A,FR,CH,-56084.02,EUR/INR,ISO20022_pacs008,PEP_Politically_Exposed,Clean_NoHit,9.46,0
SWIFT_W91458,DBSSHKHH,INGBNL2A,GB,ES,-16344.22,EUR/JPY,SEPA_Instant_Credit,Low_Risk,Clean_NoHit,26.89,0
SWIFT_W91410,DBSGSGSG,INGBNL2A,FR,DE,-58371.27,EUR/JPY,SEPA_Instant_Credit,Low_Risk,Clean_NoHit,19.22,0
SWIFT_W91725,DBSSHKHH,INGBNL2A,FR,DE,15555.03,EUR/JPY,SEPA_Instant_Credit,PEP_Politically_Exposed,Clean_NoHit,13.88,0
SWIFT_W91702,DBSSHKHH,RABONL2U,IN,ES,171057.20,EUR/JPY,SEPA_Instant_Credit,Low_Risk,Clean_NoHit,9.42,0
SWIFT_W91283,DBSGSGSG,INGBNL2A,DE,CH,-95631.95,EUR/INR,ISO20022_pacs008,Low_Risk,Clean_NoHit,2.99,0
SWIFT_W91408,DBSSHKHH,INGBNL2A,FR,DE,46591.60,EUR/INR,SEPA_Instant_Credit,Low_Risk,Clean_NoHit,12.31,0
SWIFT_W91686,DBSSHKHH,RABONL2U,GB,ES,-61882.46,EUR/JPY,SEPA_Instant_Credit,PEP_Politically_Exposed,Clean_NoHit,29.62,0
SWIFT_W91785,DEUTDEDD,RABONL2U,GB,ES,-24061.89,EUR/INR,SEPA_Instant_Credit,PEP_Politically_Exposed,Clean_NoHit,18.68,0
SWIFT_W91472,DBSGSGSG,INGBNL2A,FR,DE,12333.85,EUR/JPY,SEPA_Instant_Credit,PEP_Politically_Exposed,Clean_NoHit,6.46,0
SWIFT_W91550,DBSSHKHH,INGBNL2A,GB,ES,142398.17,EUR/JPY,SEPA_Instant_Credit,PEP_Politically_Exposed,Clean_NoHit,37.98,0
SWIFT_W91336,DBSGSGSG,INGBNL2A,FR,DE,15392.78,EUR/INR,SEPA_Instant_Credit,Low_Risk,Clean_NoHit,26.66,0
SWIFT_W91386,DBSGSGSG,INGBNL2A,FR,DE,-81263.17,EUR/INR,ISO20022_pacs008,Low_Risk,Clean_NoHit,14.66,0
SWIFT_W91472,DBSSHKHH,RABONL2U,GB,ES,-200155.30,EUR/JPY,SEPA_Instant_Credit,PEP_Politically_Exposed,Clean_NoHit,18.74,0
SWIFT_W91520,DBSSHKHH,RABONL2U,GB,ES,-23324.04,EUR/SGD,SEPA_Instant_Credit,PEP_Politically_Exposed,Clean_NoHit,18.75,0
SWIFT_W91538,DBSGSGSG,INGBNL2A,GB,ES,-20137.34,EUR/JPY,SEPA_Instant_Credit,PEP_Politically_Exposed,Clean_NoHit,25.82,0
SWIFT_W91873,DBSSHKHH,RABONL2U,GB,ES,98452.34,EUR/JPY,SEPA_Instant_Credit,PEP_Politically_Exposed,Clean_NoHit,45.59,0
SWIFT_W91560,DBSSHKHH,INGBNL2A,GB,ES,40065.84,EUR/JPY,SEPA_Instant_Credit,PEP_Politically_Exposed,Clean_NoHit,39.79,0
SWIFT_W91328,DBSSHKHH,INGBNL2A,FR,DE,-38758.68,EUR/JPY,SEPA_Instant_Credit,Low_Risk,Clean_NoHit,15.98,0
SWIFT_W91639,DBSSHKHH,RABONL2U,GB,ES,83508.40,EUR/JPY,SEPA_Instant_Credit,PEP_Politically_Exposed,Clean_NoHit,14.34,0
SWIFT_W91668,DBSGSGSG,RABONL2U,GB,DE,80234.88,EUR/JPY,SEPA_Instant_Credit,PEP_Politically_Exposed,Clean_NoHit,22.31,0
SWIFT_W91861,DEUTDEDD,RABONL2U,IN,GB,-43839.44,EUR/SGD,SEPA_Instant_Credit,PEP_Politically_Exposed,Clean_NoHit,29.32,0
SWIFT_W91508,DBSGSGSG,INGBNL2A,FR,CH,-72500.70,EUR/INR,ISO20022_pacs008,PEP_Politically_Exposed,Clean_NoHit,12.84,0
SWIFT_W91638,DBSGSGSG,INGBNL2A,GB,ES,86154.70,EUR/JPY,SEPA_Instant_Credit,PEP_Politically_Exposed,Clean_NoHit,25.95,0
SWIFT_W91623,DBSSHKHH,RABONL2U,GB,ES,14347.90,EUR/JPY,SEPA_Instant_Credit,PEP_Politically_Exposed,Clean_NoHit,51.32,0
SWIFT_W91308,DBSGSGSG,INGBNL2A,FR,DE,-46627.45,EUR/JPY,ISO20022_pacs008,Low_Risk,Clean_NoHit,13.07,0
SWIFT_W91403,DBSSHKHH,INGBNL2A,FR,DE,-25114.02,EUR/INR,SEPA_Instant_Credit,PEP_Politically_Exposed,Clean_NoHit,23.89,0
SWIFT_W91789,DBSSHKHH,RABONL2U,IN,ES,64356.53,EUR/JPY,SEPA_Instant_Credit,PEP_Politically_Exposed,Clean_NoHit,27.60,0
SWIFT_W91550,DBSGSGSG,INGBNL2A,FR,DE,-47483.00,EUR/JPY,SEPA_Instant_Credit,Low_Risk,Clean_NoHit,23.61,0
SWIFT_W91617,DBSSHKHH,RABONL2U,GB,ES,-31444.98,EUR/JPY,SEPA_Instant_Credit,PEP_Politically_Exposed,Clean_NoHit,15.13,0
SWIFT_W91627,DBSSHKHH,RABONL2U,GB,ES,59389.41,EUR/JPY,SEPA_Instant_Credit,PEP_Politically_Exposed,Clean_NoHit,15.90,0
SWIFT_W91575,DBSSHKHH,RABONL2U,GB,ES,84248.95,EUR/JPY,SEPA_Instant_Credit,PEP_Politically_Exposed,Clean_NoHit,27.82,0
SWIFT_W91473,DBSSHKHH,INGBNL2A,FR,DE,-63413.36,EUR/JPY,SEPA_Instant_Credit,PEP_Politically_Exposed,Clean_NoHit,2.81,0
SWIFT_W91709,DBSGSGSG,RABONL2U,FR,DE,234657.73,EUR/JPY,SEPA_Instant_Credit,PEP_Politically_Exposed,Clean_NoHit,51.58,0
SWIFT_W91650,DBSGSGSG,INGBNL2A,FR,ES,17682.03,EUR/JPY,SEPA_Instant_Credit,PEP_Politically_Exposed,Clean_NoHit,18.58,0
SWIFT_W91385,DBSGSGSG,INGBNL2A,FR,DE,-16353.29,EUR/INR,ISO20022_pacs008,PEP_Politically_Exposed,Clean_NoHit,16.91,0
SWIFT_W91419,DBSSHKHH,RABONL2U,FR,DE,-5215.05,EUR/JPY,SEPA_Instant_Credit,PEP_Politically_Exposed,Clean_NoHit,22.76,0
SWIFT_W91803,DEUTDEDD,SBININBB,IN,ES,-159008.88,EUR/SGD,SEPA_Instant_Credit,PEP_Politically_Exposed,Clean_NoHit,15.53,0
SWIFT_W91606,DBSSHKHH,RABONL2U,FR,ES,-87979.84,EUR/JPY,SEPA_Instant_Credit,PEP_Politically_Exposed,Clean_NoHit,10.00,0
SWIFT_W91319,DBSGSGSG,INGBNL2A,FR,DE,-108074.82,EUR/INR,ISO20022_pacs008,Low_Risk,Clean_NoHit,2.16,0
SWIFT_W91467,DBSGSGSG,FABAEADX,FR,DE,24019.44,EUR/INR,ISO20022_pacs008,Low_Risk,Clean_NoHit,10.05,0
SWIFT_W91731,DEUTDEDD,RABONL2U,GB,GB,69769.99,EUR/JPY,SEPA_Instant_Credit,PEP_Politically_Exposed,Clean_NoHit,33.53,0
SWIFT_W91617,DBSGSGSG,RABONL2U,GB,DE,132001.72,EUR/JPY,SEPA_Instant_Credit,Low_Risk,Clean_NoHit,25.77,0
SWIFT_W91484,DBSSHKHH,INGBNL2A,FR,DE,31224.16,EUR/JPY,SEPA_Instant_Credit,PEP_Politically_Exposed,Clean_NoHit,22.92,0
SWIFT_W91492,DBSGSGSG,INGBNL2A,FR,DE,30504.13,EUR/JPY,SEPA_Instant_Credit,PEP_Politically_Exposed,Clean_NoHit,21.32,0
SWIFT_W91726,DBSSHKHH,RABONL2U,GB,ES,-66063.42,EUR/JPY,SEPA_Instant_Credit,PEP_Politically_Exposed,Clean_NoHit,20.40,0
SWIFT_W91419,DBSGSGSG,INGBNL2A,FR,DE,-64924.08,EUR/JPY,ISO20022_pacs008,Low_Risk,Clean_NoHit,22.42,0
SWIFT_W91358,DBSGSGSG,INGBNL2A,DE,DE,-2896.24,EUR/INR,ISO20022_pacs008,Low_Risk,Clean_NoHit,9.95,0
SWIFT_W91240,DBSGSGSG,INGBNL2A,FR,DE,40204.29,EUR/INR,ISO20022_pacs008,Low_Risk,Clean_NoHit,11.83,0
SWIFT_W91622,DBSSHKHH,SBININBB,GB,ES,78547.80,EUR/JPY,SEPA_Instant_Credit,PEP_Politically_Exposed,Clean_NoHit,11.19,0
SWIFT_W91471,DBSSHKHH,INGBNL2A,FR,DE,-6756.09,EUR/JPY,SEPA_Instant_Credit,PEP_Politically_Exposed,Clean_NoHit,13.03,0
SWIFT_W91204,DBSGSGSG,INGBNL2A,FR,DE,-1418.24,EUR/INR,SEPA_Instant_Credit,Low_Risk,Clean_NoHit,10.79,0
SWIFT_W91219,DBSGSGSG,INGBNL2A,FR,CH,32090.82,EUR/INR,ISO20022_pacs008,Low_Risk,Clean_NoHit,16.79,0
SWIFT_W91409,DBSGSGSG,INGBNL2A,FR,DE,-36967.15,EUR/INR,ISO20022_pacs008,Low_Risk,Clean_NoHit,9.83,0
SWIFT_W91427,DBSSHKHH,RABONL2U,FR,DE,96640.02,EUR/JPY,SEPA_Instant_Credit,PEP_Politically_Exposed,Clean_NoHit,17.57,0
SWIFT_W91608,DBSGSGSG,RABONL2U,FR,ES,205874.91,EUR/JPY,SEPA_Instant_Credit,PEP_Politically_Exposed,Clean_NoHit,40.28,0
SWIFT_W91639,DBSGSGSG,INGBNL2A,FR,DE,107462.30,EUR/JPY,SEPA_Instant_Credit,Low_Risk,Clean_NoHit,11.63,0
SWIFT_W91705,DBSSHKHH,RABONL2U,IN,ES,-70653.86,EUR/JPY,SEPA_Instant_Credit,PEP_Politically_Exposed,Clean_NoHit,10.02,0
SWIFT_W91391,DBSSHKHH,INGBNL2A,FR,DE,-89929.73,EUR/JPY,ISO20022_pacs008,PEP_Politically_Exposed,Clean_NoHit,15.50,0
SWIFT_W91820,DBSSHKHH,SBININBB,GB,ES,167304.92,EUR/JPY,SEPA_Instant_Credit,PEP_Politically_Exposed,Clean_NoHit,35.08,0
SWIFT_W91715,DBSSHKHH,RABONL2U,IN,ES,156147.78,EUR/JPY,SEPA_Instant_Credit,PEP_Politically_Exposed,Clean_NoHit,24.23,0
SWIFT_W91769,DBSSHKHH,RABONL2U,IN,ES,12438.47,EUR/JPY,SEPA_Instant_Credit,PEP_Politically_Exposed,Clean_NoHit,32.86,0
SWIFT_W91596,DBSSHKHH,RABONL2U,GB,ES,-109712.93,EUR/JPY,SEPA_Instant_Credit,PEP_Politically_Exposed,Clean_NoHit,3.05,0
SWIFT_W91537,DBSSHKHH,RABONL2U,GB,ES,-23200.13,EUR/JPY,SEPA_Instant_Credit,PEP_Politically_Exposed,Clean_NoHit,28.47,0
SWIFT_W91330,DBSGSGSG,INGBNL2A,FR,DE,-39650.43,EUR/INR,SEPA_Instant_Credit,Low_Risk,Clean_NoHit,18.87,0
SWIFT_W91387,DBSGSGSG,INGBNL2A,FR,DE,9691.52,EUR/JPY,SEPA_Instant_Credit,Low_Risk,Clean_NoHit,6.95,0
SWIFT_W91244,DBSGSGSG,INGBNL2A,FR,DE,-79514.08,EUR/INR,SEPA_Instant_Credit,Low_Risk,Clean_NoHit,10.59,0
SWIFT_W91676,DBSSHKHH,RABONL2U,GB,GB,122321.88,EUR/JPY,SEPA_Instant_Credit,PEP_Politically_Exposed,Clean_NoHit,20.79,0
SWIFT_W91809,DBSSHKHH,RABONL2U,GB,ES,64961.69,EUR/JPY,SEPA_Instant_Credit,PEP_Politically_Exposed,Clean_NoHit,16.92,0
SWIFT_W91397,DBSGSGSG,INGBNL2A,DE,DE,60826.66,EUR/INR,ISO20022_pacs008,Low_Risk,Clean_NoHit,30.76,0
SWIFT_W91818,DBSSHKHH,RABONL2U,GB,ES,140177.34,EUR/JPY,SEPA_Instant_Credit,PEP_Politically_Exposed,Clean_NoHit,31.48,0
SWIFT_W91805,DBSSHKHH,RABONL2U,GB,ES,115185.09,EUR/JPY,SEPA_Instant_Credit,PEP_Politically_Exposed,Clean_NoHit,20.83,0
SWIFT_W91727,DBSSHKHH,RABONL2U,GB,ES,52942.89,EUR/SGD,SEPA_Instant_Credit,PEP_Politically_Exposed,Clean_NoHit,34.05,0
SWIFT_W91403,DBSGSGSG,INGBNL2A,FR,DE,20443.54,EUR/INR,ISO20022_pacs008,PEP_Politically_Exposed,Clean_NoHit,23.23,0
SWIFT_W91338,DBSGSGSG,INGBNL2A,FR,DE,64907.38,EUR/INR,SEPA_Instant_Credit,PEP_Politically_Exposed,Clean_NoHit,37.51,0
SWIFT_W91722,DBSGSGSG,RABONL2U,GB,ES,155571.83,EUR/JPY,SEPA_Instant_Credit,PEP_Politically_Exposed,Clean_NoHit,28.99,0
SWIFT_W91608,DBSSHKHH,RABONL2U,GB,ES,46192.03,EUR/JPY,SEPA_Instant_Credit,PEP_Politically_Exposed,Clean_NoHit,30.00,0
SWIFT_W91368,DBSGSGSG,INGBNL2A,FR,DE,-18724.01,EUR/JPY,ISO20022_pacs008,Low_Risk,Clean_NoHit,17.39,0
SWIFT_W91659,DBSSHKHH,RABONL2U,GB,ES,52541.46,EUR/JPY,SEPA_Instant_Credit,PEP_Politically_Exposed,Clean_NoHit,9.65,0
SWIFT_W91284,DBSGSGSG,INGBNL2A,FR,CH,-33224.86,EUR/INR,ISO20022_pacs008,Low_Risk,Clean_NoHit,8.42,0
SWIFT_W91850,DEUTDEDD,SBININBB,GB,GB,-57995.59,EUR/JPY,SEPA_Instant_Credit,PEP_Politically_Exposed,Clean_NoHit,16.26,0
SWIFT_W91452,DBSSHKHH,RABONL2U,GB,ES,-2728.17,EUR/JPY,SEPA_Instant_Credit,PEP_Politically_Exposed,Clean_NoHit,17.31,0
SWIFT_W91634,DBSSHKHH,SBININBB,GB,ES,91458.38,EUR/JPY,SEPA_Instant_Credit,PEP_Politically_Exposed,Clean_NoHit,21.46,0
SWIFT_W91394,DBSGSGSG,INGBNL2A,FR,CH,-43697.20,EUR/INR,ISO20022_pacs008,Low_Risk,Clean_NoHit,24.76,0
SWIFT_W91522,DBSGSGSG,INGBNL2A,FR,DE,53953.86,EUR/JPY,SEPA_Instant_Credit,PEP_Politically_Exposed,Clean_NoHit,14.38,0
SWIFT_W91705,DBSSHKHH,INGBNL2A,GB,DE,-5384.43,EUR/JPY,SEPA_Instant_Credit,PEP_Politically_Exposed,Clean_NoHit,21.69,0
SWIFT_W91513,DBSGSGSG,INGBNL2A,GB,ES,-34494.95,EUR/JPY,SEPA_Instant_Credit,PEP_Politically_Exposed,Clean_NoHit,18.83,0
SWIFT_W91612,DBSSHKHH,RABONL2U,FR,ES,-141370.61,EUR/JPY,SEPA_Instant_Credit,PEP_Politically_Exposed,Clean_NoHit,19.34,0
SWIFT_W91697,DBSSHKHH,RABONL2U,GB,ES,79945.93,EUR/JPY,SEPA_Instant_Credit,PEP_Politically_Exposed,Clean_NoHit,32.57,0
SWIFT_W91355,CITIUS33,FABAEADX,FR,CH,-16441.60,EUR/INR,ISO20022_pacs008,Low_Risk,Clean_NoHit,18.99,0
SWIFT_W91416,DBSSHKHH,INGBNL2A,FR,DE,98063.90,EUR/JPY,SEPA_Instant_Credit,PEP_Politically_Exposed,Clean_NoHit,27.80,0
SWIFT_W91278,DBSSHKHH,INGBNL2A,FR,DE,-67617.42,EUR/JPY,SEPA_Instant_Credit,PEP_Politically_Exposed,Clean_NoHit,9.59,0
SWIFT_W91323,DBSGSGSG,INGBNL2A,FR,DE,424.48,EUR/INR,ISO20022_pacs008,Low_Risk,Clean_NoHit,14.76,0
SWIFT_W91338,DBSGSGSG,INGBNL2A,FR,DE,-19475.32,EUR/INR,ISO20022_pacs008,Low_Risk,Clean_NoHit,10.39,0
SWIFT_W91619,DBSSHKHH,SBININBB,IN,ES,100611.51,EUR/SGD,SEPA_Instant_Credit,PEP_Politically_Exposed,Clean_NoHit,20.14,0
SWIFT_W91491,DBSGSGSG,INGBNL2A,GB,ES,-3247.42,EUR/JPY,SEPA_Instant_Credit,Low_Risk,Clean_NoHit,21.50,0
SWIFT_W91369,DBSSHKHH,INGBNL2A,FR,DE,-133592.23,EUR/JPY,SEPA_Instant_Credit,Low_Risk,Clean_NoHit,18.05,0
SWIFT_W91382,DBSGSGSG,INGBNL2A,FR,DE,13605.23,EUR/INR,ISO20022_pacs008,Low_Risk,Clean_NoHit,23.39,0
SWIFT_W91483,DBSGSGSG,RABONL2U,GB,DE,43245.45,EUR/INR,SEPA_Instant_Credit,PEP_Politically_Exposed,Clean_NoHit,17.99,0
SWIFT_W91269,DBSGSGSG,FABAEADX,FR,DE,-76042.74,EUR/INR,ISO20022_pacs008,Low_Risk,Clean_NoHit,6.74,0
SWIFT_W91769,DBSGSGSG,RABONL2U,GB,ES,124258.94,EUR/JPY,SEPA_Instant_Credit,Low_Risk,Clean_NoHit,11.45,0
SWIFT_W91582,DBSSHKHH,RABONL2U,GB,ES,-51299.33,EUR/JPY,SEPA_Instant_Credit,PEP_Politically_Exposed,Clean_NoHit,3.43,0
SWIFT_W91384,DBSGSGSG,INGBNL2A,FR,DE,-47772.74,EUR/INR,ISO20022_pacs008,Low_Risk,Clean_NoHit,6.73,0
SWIFT_W91649,DBSSHKHH,SBININBB,GB,ES,211838.58,EUR/JPY,SEPA_Instant_Credit,PEP_Politically_Exposed,Clean_NoHit,33.15,0
SWIFT_W91392,DBSGSGSG,INGBNL2A,FR,DE,-36014.82,EUR/INR,SEPA_Instant_Credit,Low_Risk,Clean_NoHit,23.20,0
SWIFT_W91472,DBSSHKHH,INGBNL2A,FR,ES,66108.51,EUR/JPY,ISO20022_pacs008,Low_Risk,Clean_NoHit,25.96,0
SWIFT_W91346,DBSGSGSG,INGBNL2A,FR,DE,-39581.55,EUR/JPY,SEPA_Instant_Credit,PEP_Politically_Exposed,Clean_NoHit,15.81,0
SWIFT_W91306,DBSGSGSG,INGBNL2A,FR,DE,108655.21,EUR/JPY,SEPA_Instant_Credit,PEP_Politically_Exposed,Clean_NoHit,10.81,0
SWIFT_W91548,DBSSHKHH,RABONL2U,GB,ES,19041.52,EUR/JPY,SEPA_Instant_Credit,PEP_Politically_Exposed,Clean_NoHit,23.53,0
SWIFT_W91618,DBSSHKHH,RABONL2U,GB,DE,-3103.19,EUR/JPY,SEPA_Instant_Credit,PEP_Politically_Exposed,Clean_NoHit,36.91,0
SWIFT_W91637,DBSSHKHH,INGBNL2A,FR,DE,-45856.88,EUR/INR,SEPA_Instant_Credit,Low_Risk,Clean_NoHit,11.77,0
SWIFT_W91567,DBSGSGSG,INGBNL2A,GB,DE,-55720.42,EUR/JPY,SEPA_Instant_Credit,PEP_Politically_Exposed,Clean_NoHit,7.53,0
SWIFT_W91296,DBSGSGSG,INGBNL2A,FR,DE,-11886.56,EUR/INR,SEPA_Instant_Credit,Low_Risk,Clean_NoHit,10.49,0
SWIFT_W91370,DBSGSGSG,INGBNL2A,FR,DE,-54444.00,EUR/JPY,ISO20022_pacs008,Low_Risk,Clean_NoHit,21.04,0
SWIFT_W91598,DBSSHKHH,RABONL2U,GB,ES,-88940.47,EUR/JPY,SEPA_Instant_Credit,PEP_Politically_Exposed,Clean_NoHit,19.33,0
SWIFT_W91379,DBSGSGSG,INGBNL2A,FR,DE,90272.59,EUR/JPY,ISO20022_pacs008,PEP_Politically_Exposed,Clean_NoHit,24.83,0
SWIFT_W91399,DBSGSGSG,INGBNL2A,FR,DE,14448.74,EUR/JPY,SEPA_Instant_Credit,Low_Risk,Clean_NoHit,6.61,0
SWIFT_W91420,DBSSHKHH,INGBNL2A,GB,DE,7583.07,EUR/JPY,SEPA_Instant_Credit,Low_Risk,Clean_NoHit,23.50,0
SWIFT_W91809,DEUTDEDD,RABONL2U,GB,ES,-63894.19,EUR/JPY,SEPA_Instant_Credit,PEP_Politically_Exposed,Clean_NoHit,35.81,0
SWIFT_W91681,DBSSHKHH,RABONL2U,GB,ES,20212.06,EUR/JPY,SEPA_Instant_Credit,PEP_Politically_Exposed,Clean_NoHit,13.35,0
SWIFT_W91584,DBSSHKHH,RABONL2U,GB,ES,13610.33,EUR/JPY,SEPA_Instant_Credit,PEP_Politically_Exposed,Clean_NoHit,3.42,0
SWIFT_W91368,DBSGSGSG,INGBNL2A,FR,DE,106107.18,EUR/JPY,ISO20022_pacs008,PEP_Politically_Exposed,Clean_NoHit,21.93,0
SWIFT_W91401,DBSSHKHH,INGBNL2A,FR,DE,97288.02,EUR/JPY,SEPA_Instant_Credit,Low_Risk,Clean_NoHit,35.73,0
SWIFT_W91451,DBSSHKHH,INGBNL2A,FR,DE,-47513.85,EUR/JPY,SEPA_Instant_Credit,PEP_Politically_Exposed,Clean_NoHit,22.73,0
SWIFT_W91513,DBSSHKHH,RABONL2U,GB,DE,30443.01,EUR/JPY,SEPA_Instant_Credit,PEP_Politically_Exposed,Clean_NoHit,12.42,0
SWIFT_W91473,DBSGSGSG,INGBNL2A,FR,DE,84472.09,EUR/JPY,SEPA_Instant_Credit,PEP_Politically_Exposed,Clean_NoHit,20.08,0
SWIFT_W91467,DBSGSGSG,INGBNL2A,FR,DE,-25925.73,EUR/JPY,ISO20022_pacs008,PEP_Politically_Exposed,Clean_NoHit,20.91,0
SWIFT_W91328,DBSGSGSG,INGBNL2A,FR,DE,-47199.47,EUR/INR,ISO20022_pacs008,Low_Risk,Clean_NoHit,21.41,0
SWIFT_W91516,DBSSHKHH,RABONL2U,GB,ES,128596.95,EUR/JPY,SEPA_Instant_Credit,PEP_Politically_Exposed,Clean_NoHit,28.14,0
SWIFT_W91351,DBSGSGSG,RABONL2U,FR,DE,27412.35,EUR/JPY,SEPA_Instant_Credit,PEP_Politically_Exposed,Clean_NoHit,18.42,0
SWIFT_W91524,DBSGSGSG,INGBNL2A,FR,DE,3689.13,EUR/JPY,SEPA_Instant_Credit,PEP_Politically_Exposed,Clean_NoHit,23.47,0
SWIFT_W91746,DBSSHKHH,RABONL2U,GB,ES,2045.22,EUR/JPY,SEPA_Instant_Credit,PEP_Politically_Exposed,Clean_NoHit,15.69,0
SWIFT_W91458,DBSGSGSG,INGBNL2A,FR,DE,117483.99,EUR/JPY,SEPA_Instant_Credit,PEP_Politically_Exposed,Clean_NoHit,19.37,0
SWIFT_W91394,DBSGSGSG,INGBNL2A,FR,ES,90470.05,EUR/JPY,SEPA_Instant_Credit,Low_Risk,Clean_NoHit,14.49,0
SWIFT_W91391,DBSGSGSG,INGBNL2A,FR,DE,-2490.80,EUR/INR,ISO20022_pacs008,Low_Risk,Clean_NoHit,19.10,0
SWIFT_W91440,DBSGSGSG,INGBNL2A,FR,DE,125227.50,EUR/JPY,SEPA_Instant_Credit,PEP_Politically_Exposed,Clean_NoHit,15.45,0
SWIFT_W91619,DBSSHKHH,RABONL2U,GB,ES,-59295.16,EUR/JPY,SEPA_Instant_Credit,PEP_Politically_Exposed,Clean_NoHit,4.48,0
SWIFT_W91432,DBSGSGSG,INGBNL2A,FR,DE,65000.44,EUR/JPY,SEPA_Instant_Credit,PEP_Politically_Exposed,Clean_NoHit,36.02,0
SWIFT_W91558,DBSSHKHH,RABONL2U,GB,ES,-79797.02,EUR/JPY,SEPA_Instant_Credit,PEP_Politically_Exposed,Clean_NoHit,12.97,0
SWIFT_W91564,DBSSHKHH,SBININBB,IN,ES,-16559.18,EUR/SGD,SEPA_Instant_Credit,PEP_Politically_Exposed,Clean_NoHit,23.54,0
SWIFT_W91291,CITIUS33,FABAEADX,DE,CH,72158.06,EUR/INR,ISO20022_pacs008,Low_Risk,Clean_NoHit,17.19,0
SWIFT_W91224,DBSGSGSG,FABAEADX,DE,CH,-6506.18,EUR/INR,ISO20022_pacs008,Low_Risk,Clean_NoHit,15.63,0
SWIFT_W91363,DBSGSGSG,INGBNL2A,FR,DE,100587.21,EUR/JPY,SEPA_Instant_Credit,PEP_Politically_Exposed,Clean_NoHit,23.01,0
SWIFT_W91465,DBSGSGSG,INGBNL2A,FR,DE,6759.94,EUR/JPY,ISO20022_pacs008,Low_Risk,Clean_NoHit,23.13,0
SWIFT_W91349,DBSGSGSG,INGBNL2A,FR,DE,-72943.52,EUR/JPY,SEPA_Instant_Credit,Low_Risk,Clean_NoHit,14.33,0
SWIFT_W91419,DBSGSGSG,RABONL2U,GB,DE,-64142.38,EUR/JPY,SEPA_Instant_Credit,PEP_Politically_Exposed,Clean_NoHit,18.20,0
SWIFT_W91629,DEUTDEDD,SBININBB,IN,GB,112568.33,EUR/JPY,SEPA_Instant_Credit,PEP_Politically_Exposed,Clean_NoHit,23.34,0
SWIFT_W91447,DBSSHKHH,INGBNL2A,FR,DE,-75752.04,EUR/INR,SEPA_Instant_Credit,Low_Risk,Clean_NoHit,8.31,0
SWIFT_W91366,DBSGSGSG,INGBNL2A,FR,DE,-63343.66,EUR/INR,ISO20022_pacs008,PEP_Politically_Exposed,Clean_NoHit,26.36,0
SWIFT_W91520,DBSSHKHH,INGBNL2A,FR,DE,-61765.13,EUR/JPY,ISO20022_pacs008,Low_Risk,Clean_NoHit,26.89,0
SWIFT_W91058,CITIUS33,FABAEADX,DE,CH,-87875.12,EUR/INR,ISO20022_pacs008,Low_Risk,Clean_NoHit,6.96,0
SWIFT_W91575,DBSSHKHH,RABONL2U,FR,ES,97825.73,EUR/JPY,SEPA_Instant_Credit,PEP_Politically_Exposed,Clean_NoHit,27.98,0
SWIFT_W91462,DBSSHKHH,INGBNL2A,FR,DE,52520.74,EUR/INR,SEPA_Instant_Credit,PEP_Politically_Exposed,Clean_NoHit,21.11,0
SWIFT_W91503,DBSGSGSG,INGBNL2A,FR,DE,-3155.82,EUR/INR,ISO20022_pacs008,PEP_Politically_Exposed,Clean_NoHit,22.41,0
SWIFT_W91487,DBSSHKHH,INGBNL2A,FR,DE,-160.48,EUR/JPY,SEPA_Instant_Credit,PEP_Politically_Exposed,Clean_NoHit,25.99,0
SWIFT_W91409,DBSSHKHH,RABONL2U,GB,ES,-53948.84,EUR/JPY,SEPA_Instant_Credit,Low_Risk,Clean_NoHit,23.05,0
SWIFT_W91572,DBSSHKHH,INGBNL2A,FR,DE,89763.67,EUR/JPY,SEPA_Instant_Credit,PEP_Politically_Exposed,Clean_NoHit,29.97,0
SWIFT_W91379,DBSGSGSG,INGBNL2A,FR,DE,-41984.96,EUR/INR,ISO20022_pacs008,Low_Risk,Clean_NoHit,5.92,0
SWIFT_W91302,DBSGSGSG,INGBNL2A,GB,DE,-148649.97,EUR/JPY,SEPA_Instant_Credit,PEP_Politically_Exposed,Clean_NoHit,17.90,0
SWIFT_W91526,DBSSHKHH,RABONL2U,GB,ES,-4331.37,EUR/JPY,SEPA_Instant_Credit,PEP_Politically_Exposed,Clean_NoHit,20.99,0
SWIFT_W91541,DBSSHKHH,RABONL2U,GB,DE,18708.86,EUR/JPY,SEPA_Instant_Credit,Low_Risk,Clean_NoHit,27.62,0
SWIFT_W91524,DBSSHKHH,RABONL2U,GB,ES,-48519.04,EUR/JPY,SEPA_Instant_Credit,PEP_Politically_Exposed,Clean_NoHit,11.61,0
SWIFT_W91675,DBSSHKHH,INGBNL2A,FR,DE,22788.43,EUR/JPY,SEPA_Instant_Credit,PEP_Politically_Exposed,Clean_NoHit,15.18,0
SWIFT_W91893,DEUTDEDD,SBININBB,NL,GB,-105375.38,EUR/JPY,SEPA_Instant_Credit,PEP_Politically_Exposed,Clean_NoHit,23.00,0
SWIFT_W91553,DBSSHKHH,INGBNL2A,GB,ES,-67529.34,EUR/JPY,SEPA_Instant_Credit,PEP_Politically_Exposed,Clean_NoHit,24.25,0
SWIFT_W91463,DBSGSGSG,RABONL2U,GB,ES,101300.26,EUR/JPY,SEPA_Instant_Credit,PEP_Politically_Exposed,Clean_NoHit,23.78,0
SWIFT_W91808,DBSSHKHH,RABONL2U,GB,ES,16652.26,EUR/JPY,SEPA_Instant_Credit,PEP_Politically_Exposed,Clean_NoHit,31.74,0
SWIFT_W91870,DBSSHKHH,SBININBB,IN,GB,58235.27,EUR/SGD,SWIFT_MT103,PEP_Politically_Exposed,Clean_NoHit,27.42,0
SWIFT_W91276,DBSGSGSG,FABAEADX,DE,CH,-11842.20,EUR/INR,ISO20022_pacs008,Low_Risk,Clean_NoHit,15.44,0
SWIFT_W91449,DBSSHKHH,RABONL2U,GB,DE,61854.52,EUR/JPY,SEPA_Instant_Credit,PEP_Politically_Exposed,Clean_NoHit,18.59,0
SWIFT_W91348,DBSGSGSG,INGBNL2A,FR,DE,53719.18,EUR/JPY,SEPA_Instant_Credit,PEP_Politically_Exposed,Clean_NoHit,23.59,0
SWIFT_W91275,DBSGSGSG,FABAEADX,FR,DE,-58626.02,EUR/INR,ISO20022_pacs008,Low_Risk,Clean_NoHit,19.87,0
SWIFT_W91576,DBSSHKHH,INGBNL2A,GB,ES,68100.92,EUR/JPY,SEPA_Instant_Credit,Low_Risk,Clean_NoHit,18.31,0
SWIFT_W91324,DBSSHKHH,INGBNL2A,FR,DE,-60777.68,EUR/JPY,SEPA_Instant_Credit,Low_Risk,Clean_NoHit,4.67,0
SWIFT_W91559,DBSSHKHH,INGBNL2A,FR,DE,-29888.63,EUR/JPY,SEPA_Instant_Credit,PEP_Politically_Exposed,Clean_NoHit,22.56,0
SWIFT_W91288,DBSGSGSG,FABAEADX,DE,CH,-26389.38,EUR/INR,ISO20022_pacs008,Low_Risk,Clean_NoHit,2.18,0
SWIFT_W91702,DBSSHKHH,RABONL2U,GB,ES,72022.07,EUR/JPY,SEPA_Instant_Credit,PEP_Politically_Exposed,Clean_NoHit,15.28,0
SWIFT_W91460,DBSGSGSG,RABONL2U,GB,ES,84983.42,EUR/INR,SEPA_Instant_Credit,PEP_Politically_Exposed,Clean_NoHit,18.90,0
SWIFT_W91404,DBSSHKHH,INGBNL2A,FR,DE,-95881.69,EUR/JPY,SEPA_Instant_Credit,PEP_Politically_Exposed,Clean_NoHit,22.94,0
SWIFT_W91739,DBSSHKHH,SBININBB,GB,ES,178593.14,EUR/JPY,SEPA_Instant_Credit,PEP_Politically_Exposed,Clean_NoHit,43.39,0
SWIFT_W91469,DBSGSGSG,INGBNL2A,FR,DE,10155.51,EUR/JPY,ISO20022_pacs008,Low_Risk,Clean_NoHit,28.55,0
SWIFT_W91437,DBSGSGSG,INGBNL2A,FR,DE,63426.40,EUR/JPY,SEPA_Instant_Credit,PEP_Politically_Exposed,Clean_NoHit,17.80,0
SWIFT_W91586,DBSSHKHH,RABONL2U,GB,ES,24575.60,EUR/JPY,SEPA_Instant_Credit,PEP_Politically_Exposed,Clean_NoHit,8.33,0
SWIFT_W91467,DBSSHKHH,RABONL2U,GB,ES,28376.85,EUR/JPY,SEPA_Instant_Credit,PEP_Politically_Exposed,Clean_NoHit,20.67,0
SWIFT_W91671,DBSSHKHH,RABONL2U,GB,ES,28102.76,EUR/JPY,SEPA_Instant_Credit,PEP_Politically_Exposed,Clean_NoHit,17.72,0
SWIFT_W91460,DBSSHKHH,INGBNL2A,GB,ES,47888.00,EUR/JPY,SEPA_Instant_Credit,PEP_Politically_Exposed,Clean_NoHit,7.83,0
SWIFT_W91510,DBSSHKHH,RABONL2U,GB,ES,28423.52,EUR/JPY,SEPA_Instant_Credit,PEP_Politically_Exposed,Clean_NoHit,24.22,0
SWIFT_W91392,DBSSHKHH,INGBNL2A,FR,ES,-57313.22,EUR/JPY,ISO20022_pacs008,PEP_Politically_Exposed,Clean_NoHit,6.74,0
SWIFT_W91257,DBSGSGSG,INGBNL2A,FR,DE,-46221.58,EUR/JPY,SEPA_Instant_Credit,Low_Risk,Clean_NoHit,14.38,0
SWIFT_W91328,DBSGSGSG,INGBNL2A,FR,DE,19673.84,EUR/INR,ISO20022_pacs008,Low_Risk,Clean_NoHit,25.48,0
SWIFT_W91420,DBSSHKHH,RABONL2U,GB,DE,137087.03,EUR/JPY,SEPA_Instant_Credit,PEP_Politically_Exposed,Clean_NoHit,21.38,0
SWIFT_W91809,DEUTDEDD,SBININBB,GB,GB,88983.35,EUR/SGD,SEPA_Instant_Credit,PEP_Politically_Exposed,Clean_NoHit,30.48,0
SWIFT_W91294,DBSGSGSG,INGBNL2A,FR,DE,-11228.63,EUR/JPY,ISO20022_pacs008,Low_Risk,Clean_NoHit,24.81,0
SWIFT_W91926,DEUTDEDD,SBININBB,IN,GB,91394.86,EUR/JPY,SEPA_Instant_Credit,PEP_Politically_Exposed,Clean_NoHit,24.39,0
SWIFT_W91415,DBSGSGSG,INGBNL2A,GB,DE,-42189.51,EUR/JPY,SEPA_Instant_Credit,Low_Risk,Clean_NoHit,16.37,0
SWIFT_W91574,DBSSHKHH,RABONL2U,GB,ES,-32861.05,EUR/JPY,SEPA_Instant_Credit,PEP_Politically_Exposed,Clean_NoHit,27.61,0
SWIFT_W91599,DBSSHKHH,INGBNL2A,FR,ES,-5333.21,EUR/JPY,SEPA_Instant_Credit,PEP_Politically_Exposed,Clean_NoHit,15.67,0
SWIFT_W91760,DBSSHKHH,RABONL2U,GB,ES,351.33,EUR/JPY,SEPA_Instant_Credit,PEP_Politically_Exposed,Clean_NoHit,16.96,0
SWIFT_W91532,DBSGSGSG,INGBNL2A,FR,ES,87763.25,EUR/JPY,SEPA_Instant_Credit,PEP_Politically_Exposed,Clean_NoHit,25.05,0
SWIFT_W91600,DBSSHKHH,INGBNL2A,GB,DE,-51382.44,EUR/JPY,SEPA_Instant_Credit,PEP_Politically_Exposed,Clean_NoHit,35.30,0
SWIFT_W91689,DBSSHKHH,RABONL2U,FR,DE,-16279.60,EUR/JPY,SEPA_Instant_Credit,PEP_Politically_Exposed,Clean_NoHit,17.93,0
SWIFT_W91507,DBSSHKHH,RABONL2U,GB,ES,-24263.90,EUR/JPY,SEPA_Instant_Credit,PEP_Politically_Exposed,Clean_NoHit,15.65,0
SWIFT_W91666,DBSSHKHH,RABONL2U,GB,ES,138982.38,EUR/JPY,SEPA_Instant_Credit,PEP_Politically_Exposed,Clean_NoHit,29.07,0
SWIFT_W91142,DBSGSGSG,FABAEADX,DE,CH,-114710.36,EUR/INR,ISO20022_pacs008,Low_Risk,Clean_NoHit,20.18,0
SWIFT_W91421,DBSGSGSG,INGBNL2A,FR,DE,75686.28,EUR/JPY,SEPA_Instant_Credit,PEP_Politically_Exposed,Clean_NoHit,12.84,0
SWIFT_W91374,DBSGSGSG,INGBNL2A,FR,DE,-81714.08,EUR/INR,ISO20022_pacs008,Low_Risk,Clean_NoHit,8.02,0
SWIFT_W91774,DBSSHKHH,RABONL2U,GB,GB,111413.52,EUR/JPY,SEPA_Instant_Credit,PEP_Politically_Exposed,Clean_NoHit,39.90,0
SWIFT_W91730,DBSSHKHH,RABONL2U,GB,ES,186793.84,EUR/JPY,SEPA_Instant_Credit,PEP_Politically_Exposed,Clean_NoHit,23.42,0
SWIFT_W91747,DBSSHKHH,RABONL2U,GB,ES,107007.01,EUR/SGD,SEPA_Instant_Credit,PEP_Politically_Exposed,Clean_NoHit,30.26,0
SWIFT_W91490,DBSGSGSG,INGBNL2A,FR,DE,32791.30,EUR/JPY,SEPA_Instant_Credit,PEP_Politically_Exposed,Clean_NoHit,16.58,0
SWIFT_W91512,DBSSHKHH,RABONL2U,GB,ES,20276.54,EUR/JPY,SEPA_Instant_Credit,PEP_Politically_Exposed,Clean_NoHit,24.11,0
SWIFT_W91366,DBSGSGSG,INGBNL2A,FR,DE,-98129.30,EUR/INR,ISO20022_pacs008,PEP_Politically_Exposed,Clean_NoHit,22.72,0
SWIFT_W91531,DBSSHKHH,RABONL2U,GB,ES,145896.52,EUR/JPY,SEPA_Instant_Credit,PEP_Politically_Exposed,Clean_NoHit,32.94,0
SWIFT_W91752,DEUTDEDD,SBININBB,IN,GB,99016.09,EUR/SGD,SEPA_Instant_Credit,PEP_Politically_Exposed,Clean_NoHit,22.77,0
SWIFT_W91422,DBSSHKHH,RABONL2U,FR,DE,108933.94,EUR/JPY,SEPA_Instant_Credit,PEP_Politically_Exposed,Clean_NoHit,29.85,0
SWIFT_W91716,DBSSHKHH,RABONL2U,GB,ES,61777.30,EUR/JPY,SEPA_Instant_Credit,PEP_Politically_Exposed,Clean_NoHit,31.03,0
SWIFT_W91321,DBSGSGSG,FABAEADX,DE,DE,-59925.70,EUR/INR,ISO20022_pacs008,Low_Risk,Clean_NoHit,18.90,0
SWIFT_W91419,DBSSHKHH,INGBNL2A,FR,DE,-96856.84,EUR/JPY,SEPA_Instant_Credit,PEP_Politically_Exposed,Clean_NoHit,20.39,0
SWIFT_W91542,DBSSHKHH,INGBNL2A,GB,ES,-42670.86,EUR/JPY,SEPA_Instant_Credit,PEP_Politically_Exposed,Clean_NoHit,19.36,0
SWIFT_W91223,DBSGSGSG,FABAEADX,DE,CH,-6069.38,EUR/INR,ISO20022_pacs008,Low_Risk,Clean_NoHit,16.95,0
SWIFT_W91434,DBSGSGSG,INGBNL2A,FR,DE,-1309.87,EUR/JPY,ISO20022_pacs008,PEP_Politically_Exposed,Clean_NoHit,21.77,0
SWIFT_W91360,DBSGSGSG,INGBNL2A,FR,DE,44433.42,EUR/INR,ISO20022_pacs008,PEP_Politically_Exposed,Clean_NoHit,26.88,0
SWIFT_W91527,DBSGSGSG,INGBNL2A,FR,DE,74053.08,EUR/JPY,SEPA_Instant_Credit,Low_Risk,Clean_NoHit,31.57,0
SWIFT_W91328,DBSGSGSG,INGBNL2A,GB,DE,17995.30,EUR/INR,SEPA_Instant_Credit,Low_Risk,Clean_NoHit,16.75,0
SWIFT_W91860,DBSSHKHH,RABONL2U,IN,ES,202596.77,EUR/JPY,SEPA_Instant_Credit,PEP_Politically_Exposed,Clean_NoHit,42.29,0
SWIFT_W91243,DBSGSGSG,INGBNL2A,FR,DE,-10471.40,EUR/INR,ISO20022_pacs008,Low_Risk,Clean_NoHit,14.68,0
SWIFT_W91393,DBSGSGSG,INGBNL2A,FR,DE,-47260.51,EUR/JPY,ISO20022_pacs008,Low_Risk,Clean_NoHit,14.15,0
SWIFT_W91491,DBSSHKHH,RABONL2U,GB,ES,35045.95,EUR/JPY,SEPA_Instant_Credit,PEP_Politically_Exposed,Clean_NoHit,21.36,0
SWIFT_W91437,DBSSHKHH,INGBNL2A,FR,ES,14572.36,EUR/JPY,SEPA_Instant_Credit,Low_Risk,Clean_NoHit,11.42,0
SWIFT_W91518,DBSSHKHH,RABONL2U,GB,ES,45476.24,EUR/JPY,SEPA_Instant_Credit,PEP_Politically_Exposed,Clean_NoHit,24.22,0
SWIFT_W91352,DBSSHKHH,INGBNL2A,FR,ES,-23407.26,EUR/JPY,SEPA_Instant_Credit,Low_Risk,Clean_NoHit,21.92,0
SWIFT_W91638,DBSSHKHH,INGBNL2A,FR,DE,-73213.46,EUR/JPY,SEPA_Instant_Credit,PEP_Politically_Exposed,Clean_NoHit,34.46,0
SWIFT_W91403,DBSSHKHH,RABONL2U,GB,DE,43295.87,EUR/JPY,SEPA_Instant_Credit,PEP_Politically_Exposed,Clean_NoHit,13.23,0
SWIFT_W91459,DBSGSGSG,RABONL2U,GB,DE,158637.66,EUR/JPY,SEPA_Instant_Credit,PEP_Politically_Exposed,Clean_NoHit,23.68,0
SWIFT_W91424,DBSGSGSG,INGBNL2A,FR,DE,26924.29,EUR/INR,ISO20022_pacs008,Low_Risk,Clean_NoHit,24.95,0
SWIFT_W91676,DBSSHKHH,RABONL2U,GB,ES,139213.14,EUR/JPY,SEPA_Instant_Credit,PEP_Politically_Exposed,Clean_NoHit,27.93,0
SWIFT_W91565,DBSGSGSG,INGBNL2A,FR,DE,-188331.81,EUR/JPY,SEPA_Instant_Credit,PEP_Politically_Exposed,Clean_NoHit,17.18,0
SWIFT_W91722,DBSSHKHH,RABONL2U,IN,ES,51123.18,EUR/JPY,SEPA_Instant_Credit,PEP_Politically_Exposed,Clean_NoHit,25.50,0
SWIFT_W91879,DEUTDEDD,RABONL2U,GB,ES,-86881.67,EUR/SGD,SEPA_Instant_Credit,PEP_Politically_Exposed,Clean_NoHit,27.60,0
SWIFT_W91488,DBSGSGSG,INGBNL2A,FR,DE,41073.84,EUR/INR,ISO20022_pacs008,Low_Risk,Clean_NoHit,16.30,0
SWIFT_W91833,DEUTDEDD,SBININBB,NL,GB,115052.72,EUR/SGD,SEPA_Instant_Credit,PEP_Politically_Exposed,Clean_NoHit,19.44,0
SWIFT_W91324,DBSGSGSG,INGBNL2A,FR,DE,8179.58,EUR/JPY,SEPA_Instant_Credit,PEP_Politically_Exposed,Clean_NoHit,17.53,0
SWIFT_W91500,DBSSHKHH,RABONL2U,FR,ES,40505.00,EUR/JPY,SEPA_Instant_Credit,PEP_Politically_Exposed,Clean_NoHit,23.74,0
SWIFT_W91410,DBSGSGSG,INGBNL2A,FR,DE,32705.99,EUR/JPY,SEPA_Instant_Credit,Low_Risk,Clean_NoHit,16.49,0
SWIFT_W91321,DBSGSGSG,INGBNL2A,FR,DE,14688.26,EUR/INR,ISO20022_pacs008,Low_Risk,Clean_NoHit,17.64,0
SWIFT_W92129,DEUTDEDD,SMBCJPJT,IN,GB,194523.09,EUR/JPY,SWIFT_MT103,PEP_Politically_Exposed,Clean_NoHit,35.11,0
SWIFT_W91620,DBSSHKHH,RABONL2U,GB,ES,-23150.14,EUR/JPY,SEPA_Instant_Credit,PEP_Politically_Exposed,Clean_NoHit,3.28,0
SWIFT_W91291,DBSGSGSG,INGBNL2A,FR,DE,-83432.10,EUR/INR,ISO20022_pacs008,Low_Risk,Clean_NoHit,15.84,0
SWIFT_W91546,DBSGSGSG,INGBNL2A,GB,DE,38521.68,EUR/JPY,SEPA_Instant_Credit,PEP_Politically_Exposed,Clean_NoHit,29.67,0
SWIFT_W91506,DBSSHKHH,RABONL2U,GB,ES,104517.35,EUR/JPY,SEPA_Instant_Credit,PEP_Politically_Exposed,Clean_NoHit,26.07,0
SWIFT_W91782,DBSSHKHH,SBININBB,IN,GB,29908.65,EUR/SGD,SEPA_Instant_Credit,PEP_Politically_Exposed,Clean_NoHit,9.97,0
SWIFT_W91258,DBSGSGSG,INGBNL2A,DE,CH,73725.02,EUR/INR,ISO20022_pacs008,Low_Risk,Clean_NoHit,14.09,0
SWIFT_W91639,DBSSHKHH,RABONL2U,GB,GB,-20639.56,EUR/SGD,SEPA_Instant_Credit,PEP_Politically_Exposed,Clean_NoHit,44.31,0
SWIFT_W91615,DEUTDEDD,SBININBB,IN,GB,138106.92,EUR/SGD,SEPA_Instant_Credit,PEP_Politically_Exposed,Clean_NoHit,21.71,0
SWIFT_W91583,DBSSHKHH,RABONL2U,GB,ES,-6786.40,EUR/JPY,SEPA_Instant_Credit,PEP_Politically_Exposed,Clean_NoHit,25.78,0
SWIFT_W91672,DBSSHKHH,INGBNL2A,GB,ES,-187772.73,EUR/JPY,SEPA_Instant_Credit,PEP_Politically_Exposed,Clean_NoHit,20.96,0
SWIFT_W91439,DBSSHKHH,RABONL2U,GB,DE,32980.60,EUR/JPY,SEPA_Instant_Credit,PEP_Politically_Exposed,Clean_NoHit,26.54,0
SWIFT_W91640,DBSSHKHH,RABONL2U,GB,DE,-121273.96,EUR/JPY,SEPA_Instant_Credit,PEP_Politically_Exposed,Clean_NoHit,1.81,0
SWIFT_W91474,DBSSHKHH,INGBNL2A,FR,ES,-90089.41,EUR/JPY,SEPA_Instant_Credit,PEP_Politically_Exposed,Clean_NoHit,12.54,0
SWIFT_W91376,DBSGSGSG,FABAEADX,FR,DE,-97611.57,EUR/INR,ISO20022_pacs008,Low_Risk,Clean_NoHit,8.33,0
SWIFT_W91378,DBSGSGSG,INGBNL2A,FR,DE,18779.74,EUR/JPY,SEPA_Instant_Credit,PEP_Politically_Exposed,Clean_NoHit,21.78,0
SWIFT_W91713,DBSSHKHH,RABONL2U,GB,ES,89622.39,EUR/JPY,SEPA_Instant_Credit,PEP_Politically_Exposed,Clean_NoHit,28.36,0
SWIFT_W91442,DBSGSGSG,RABONL2U,FR,DE,28067.16,EUR/JPY,SEPA_Instant_Credit,PEP_Politically_Exposed,Clean_NoHit,21.75,0
SWIFT_W91425,DBSSHKHH,INGBNL2A,FR,DE,16197.25,EUR/JPY,ISO20022_pacs008,PEP_Politically_Exposed,Clean_NoHit,8.97,0
SWIFT_W91627,DBSGSGSG,INGBNL2A,FR,DE,84592.63,EUR/JPY,SEPA_Instant_Credit,PEP_Politically_Exposed,Clean_NoHit,27.15,0
SWIFT_W91411,DBSGSGSG,INGBNL2A,FR,DE,-59207.82,EUR/JPY,SEPA_Instant_Credit,Low_Risk,Clean_NoHit,20.65,0
SWIFT_W91498,DBSSHKHH,RABONL2U,IN,ES,-175342.95,EUR/JPY,SEPA_Instant_Credit,PEP_Politically_Exposed,Clean_NoHit,8.22,0
SWIFT_W91541,DBSGSGSG,RABONL2U,FR,DE,58794.56,EUR/JPY,SEPA_Instant_Credit,PEP_Politically_Exposed,Clean_NoHit,11.25,0
SWIFT_W91561,DBSSHKHH,INGBNL2A,FR,DE,-75925.20,EUR/JPY,ISO20022_pacs008,PEP_Politically_Exposed,Clean_NoHit,14.92,0
SWIFT_W91557,DBSGSGSG,RABONL2U,GB,DE,175772.09,EUR/JPY,SEPA_Instant_Credit,PEP_Politically_Exposed,Clean_NoHit,28.98,0
SWIFT_W91576,DBSGSGSG,INGBNL2A,FR,DE,91294.16,EUR/JPY,SEPA_Instant_Credit,PEP_Politically_Exposed,Clean_NoHit,22.93,0
SWIFT_W91516,DBSSHKHH,INGBNL2A,FR,DE,55316.56,EUR/JPY,SEPA_Instant_Credit,PEP_Politically_Exposed,Clean_NoHit,13.15,0
SWIFT_W91485,DBSSHKHH,INGBNL2A,FR,DE,144691.41,EUR/JPY,SEPA_Instant_Credit,Low_Risk,Clean_NoHit,26.14,0
SWIFT_W91577,DBSSHKHH,RABONL2U,GB,DE,47242.55,EUR/JPY,SEPA_Instant_Credit,PEP_Politically_Exposed,Clean_NoHit,25.58,0
SWIFT_W91560,DBSSHKHH,RABONL2U,GB,ES,-102690.70,EUR/JPY,SEPA_Instant_Credit,PEP_Politically_Exposed,Clean_NoHit,21.81,0
SWIFT_W91320,DBSSHKHH,INGBNL2A,FR,DE,-33926.60,EUR/INR,SEPA_Instant_Credit,Low_Risk,Clean_NoHit,24.69,0
SWIFT_W91411,DBSGSGSG,INGBNL2A,FR,DE,10173.57,EUR/INR,SEPA_Instant_Credit,Low_Risk,Clean_NoHit,22.88,0
SWIFT_W91671,DBSSHKHH,SBININBB,GB,GB,297915.84,EUR/JPY,SEPA_Instant_Credit,PEP_Politically_Exposed,Clean_NoHit,41.39,0
SWIFT_W91664,DBSSHKHH,RABONL2U,GB,ES,-115247.06,EUR/JPY,SEPA_Instant_Credit,PEP_Politically_Exposed,Clean_NoHit,20.82,0
SWIFT_W91634,DBSGSGSG,RABONL2U,GB,ES,115418.32,EUR/JPY,SEPA_Instant_Credit,PEP_Politically_Exposed,Clean_NoHit,13.69,0
SWIFT_W91641,DBSGSGSG,INGBNL2A,FR,ES,111039.91,EUR/JPY,SEPA_Instant_Credit,PEP_Politically_Exposed,Clean_NoHit,28.44,0
SWIFT_W91533,DBSGSGSG,INGBNL2A,FR,DE,103058.92,EUR/INR,SEPA_Instant_Credit,PEP_Politically_Exposed,Clean_NoHit,13.14,0
SWIFT_W91367,DBSGSGSG,INGBNL2A,FR,DE,104693.20,EUR/JPY,SEPA_Instant_Credit,PEP_Politically_Exposed,Clean_NoHit,14.67,0
SWIFT_W91527,DBSSHKHH,RABONL2U,FR,DE,52481.84,EUR/JPY,SEPA_Instant_Credit,PEP_Politically_Exposed,Clean_NoHit,19.55,0
SWIFT_W91849,DBSSHKHH,RABONL2U,GB,ES,89648.38,EUR/JPY,SEPA_Instant_Credit,PEP_Politically_Exposed,Clean_NoHit,15.78,0
SWIFT_W91665,DBSSHKHH,RABONL2U,GB,ES,32677.52,EUR/JPY,SEPA_Instant_Credit,PEP_Politically_Exposed,Clean_NoHit,26.02,0
SWIFT_W91395,DBSGSGSG,RABONL2U,GB,DE,-164056.67,EUR/INR,SEPA_Instant_Credit,PEP_Politically_Exposed,Clean_NoHit,10.26,0
SWIFT_W91766,DBSSHKHH,RABONL2U,GB,ES,121440.13,EUR/JPY,SEPA_Instant_Credit,PEP_Politically_Exposed,Clean_NoHit,19.84,0
SWIFT_W91447,DBSSHKHH,INGBNL2A,GB,ES,-70569.78,EUR/JPY,SEPA_Instant_Credit,PEP_Politically_Exposed,Clean_NoHit,26.90,0
SWIFT_W91421,DBSSHKHH,RABONL2U,FR,DE,-75318.39,EUR/JPY,SEPA_Instant_Credit,PEP_Politically_Exposed,Clean_NoHit,22.40,0
SWIFT_W91231,DBSGSGSG,INGBNL2A,FR,DE,86655.64,EUR/INR,ISO20022_pacs008,Low_Risk,Clean_NoHit,16.21,0
SWIFT_W91692,DBSSHKHH,RABONL2U,GB,ES,91978.30,EUR/JPY,SEPA_Instant_Credit,PEP_Politically_Exposed,Clean_NoHit,16.79,0
SWIFT_W91549,DBSSHKHH,INGBNL2A,FR,ES,-46350.10,EUR/JPY,SEPA_Instant_Credit,PEP_Politically_Exposed,Clean_NoHit,19.16,0
SWIFT_W91275,DBSGSGSG,INGBNL2A,FR,DE,10094.30,EUR/INR,ISO20022_pacs008,Low_Risk,Clean_NoHit,19.29,0
SWIFT_W91760,DBSSHKHH,INGBNL2A,GB,DE,-112929.45,EUR/JPY,SEPA_Instant_Credit,PEP_Politically_Exposed,Clean_NoHit,23.54,0
SWIFT_W91339,DBSGSGSG,INGBNL2A,FR,DE,-17173.90,EUR/INR,ISO20022_pacs008,Low_Risk,Clean_NoHit,12.02,0
SWIFT_W91503,DBSSHKHH,RABONL2U,FR,DE,42841.38,EUR/JPY,SEPA_Instant_Credit,PEP_Politically_Exposed,Clean_NoHit,25.93,0
SWIFT_W91475,DBSGSGSG,INGBNL2A,FR,DE,39487.87,EUR/JPY,SEPA_Instant_Credit,PEP_Politically_Exposed,Clean_NoHit,24.98,0
SWIFT_W91462,DBSGSGSG,INGBNL2A,FR,DE,62562.55,EUR/JPY,SEPA_Instant_Credit,PEP_Politically_Exposed,Clean_NoHit,14.65,0
SWIFT_W91525,DBSGSGSG,INGBNL2A,FR,DE,18055.62,EUR/JPY,ISO20022_pacs008,PEP_Politically_Exposed,Clean_NoHit,17.45,0
SWIFT_W91604,DBSSHKHH,RABONL2U,GB,ES,97880.18,EUR/JPY,SEPA_Instant_Credit,PEP_Politically_Exposed,Clean_NoHit,19.49,0
SWIFT_W91369,DBSGSGSG,INGBNL2A,FR,DE,52137.90,EUR/JPY,SEPA_Instant_Credit,Low_Risk,Clean_NoHit,27.02,0
SWIFT_W91336,DBSGSGSG,INGBNL2A,FR,DE,-58584.06,EUR/JPY,ISO20022_pacs008,Low_Risk,Clean_NoHit,19.45,0
SWIFT_W91440,DBSGSGSG,INGBNL2A,FR,DE,-56957.29,EUR/JPY,ISO20022_pacs008,Low_Risk,Clean_NoHit,14.33,0
SWIFT_W91216,DBSGSGSG,INGBNL2A,DE,CH,-68260.47,EUR/INR,ISO20022_pacs008,Low_Risk,Clean_NoHit,13.31,0
SWIFT_W91485,DBSGSGSG,INGBNL2A,FR,DE,-11863.44,EUR/INR,ISO20022_pacs008,Low_Risk,Clean_NoHit,12.18,0
SWIFT_W91535,DBSGSGSG,INGBNL2A,FR,ES,-54754.74,EUR/JPY,SEPA_Instant_Credit,Low_Risk,Clean_NoHit,13.37,0
SWIFT_W91468,DBSSHKHH,INGBNL2A,GB,ES,51524.50,EUR/JPY,SEPA_Instant_Credit,Low_Risk,Clean_NoHit,9.44,0
SWIFT_W91386,DBSSHKHH,INGBNL2A,GB,DE,40155.22,EUR/JPY,SEPA_Instant_Credit,PEP_Politically_Exposed,Clean_NoHit,17.88,0
SWIFT_W91467,DBSSHKHH,RABONL2U,GB,DE,-23542.32,EUR/JPY,SEPA_Instant_Credit,PEP_Politically_Exposed,Clean_NoHit,5.74,0
SWIFT_W91283,DBSGSGSG,INGBNL2A,FR,DE,-131762.08,EUR/INR,SEPA_Instant_Credit,Low_Risk,Clean_NoHit,22.07,0
SWIFT_W91463,DBSGSGSG,INGBNL2A,FR,DE,14285.88,EUR/INR,SEPA_Instant_Credit,PEP_Politically_Exposed,Clean_NoHit,27.81,0
SWIFT_W91516,DBSGSGSG,INGBNL2A,GB,DE,68541.14,EUR/JPY,SEPA_Instant_Credit,PEP_Politically_Exposed,Clean_NoHit,20.79,0
SWIFT_W91686,DBSGSGSG,RABONL2U,FR,DE,30787.18,EUR/JPY,SEPA_Instant_Credit,PEP_Politically_Exposed,Clean_NoHit,25.33,0
SWIFT_W91362,DBSGSGSG,INGBNL2A,FR,DE,83610.96,EUR/INR,ISO20022_pacs008,Low_Risk,Clean_NoHit,0.90,0
SWIFT_W91355,DBSGSGSG,INGBNL2A,FR,DE,82208.88,EUR/JPY,SEPA_Instant_Credit,PEP_Politically_Exposed,Clean_NoHit,9.22,0
SWIFT_W91578,DBSGSGSG,RABONL2U,FR,DE,35029.61,EUR/JPY,SEPA_Instant_Credit,PEP_Politically_Exposed,Clean_NoHit,19.70,0
SWIFT_W91383,DBSGSGSG,INGBNL2A,FR,DE,24284.74,EUR/JPY,SEPA_Instant_Credit,PEP_Politically_Exposed,Clean_NoHit,29.13,0
SWIFT_W91933,DBSSHKHH,RABONL2U,GB,ES,172191.00,EUR/JPY,SEPA_Instant_Credit,PEP_Politically_Exposed,Clean_NoHit,24.74,0
SWIFT_W91306,DBSGSGSG,INGBNL2A,FR,DE,-36582.08,EUR/INR,ISO20022_pacs008,Low_Risk,Clean_NoHit,21.48,0
SWIFT_W91501,DBSSHKHH,RABONL2U,GB,ES,16801.35,EUR/JPY,SEPA_Instant_Credit,PEP_Politically_Exposed,Clean_NoHit,16.53,0
SWIFT_W91451,DBSSHKHH,INGBNL2A,GB,DE,-31238.31,EUR/JPY,SEPA_Instant_Credit,Low_Risk,Clean_NoHit,10.22,0
SWIFT_W91523,DBSGSGSG,INGBNL2A,GB,ES,-23995.73,EUR/JPY,SEPA_Instant_Credit,PEP_Politically_Exposed,Clean_NoHit,9.52,0
SWIFT_W91633,DEUTDEDD,RABONL2U,IN,GB,137034.59,EUR/JPY,SEPA_Instant_Credit,PEP_Politically_Exposed,Clean_NoHit,15.04,0
SWIFT_W91384,DBSGSGSG,INGBNL2A,FR,DE,69759.94,EUR/JPY,SEPA_Instant_Credit,PEP_Politically_Exposed,Clean_NoHit,13.66,0
SWIFT_W91355,DBSGSGSG,INGBNL2A,FR,DE,48765.88,EUR/JPY,ISO20022_pacs008,PEP_Politically_Exposed,Clean_NoHit,15.66,0
SWIFT_W91532,DBSSHKHH,INGBNL2A,GB,DE,-93201.91,EUR/JPY,SEPA_Instant_Credit,PEP_Politically_Exposed,Clean_NoHit,38.40,0
SWIFT_W91509,DBSGSGSG,INGBNL2A,FR,DE,16881.91,EUR/INR,SEPA_Instant_Credit,Low_Risk,Clean_NoHit,12.96,0
SWIFT_W91768,DBSSHKHH,RABONL2U,IN,ES,28175.07,EUR/SGD,SEPA_Instant_Credit,PEP_Politically_Exposed,Clean_NoHit,19.71,0
SWIFT_W91184,DBSGSGSG,FABAEADX,DE,CH,-35460.91,EUR/INR,ISO20022_pacs008,Low_Risk,Clean_NoHit,6.61,0
SWIFT_W91551,DBSGSGSG,INGBNL2A,FR,DE,65844.60,EUR/INR,SEPA_Instant_Credit,Low_Risk,Clean_NoHit,20.97,0
SWIFT_W91508,DBSSHKHH,INGBNL2A,FR,DE,31861.62,EUR/JPY,SEPA_Instant_Credit,PEP_Politically_Exposed,Clean_NoHit,19.99,0
SWIFT_W91361,DBSGSGSG,INGBNL2A,FR,DE,-21113.25,EUR/JPY,ISO20022_pacs008,PEP_Politically_Exposed,Clean_NoHit,14.84,0
SWIFT_W91382,DBSSHKHH,INGBNL2A,FR,DE,-33548.08,EUR/JPY,SEPA_Instant_Credit,PEP_Politically_Exposed,Clean_NoHit,11.18,0
SWIFT_W91366,DBSGSGSG,INGBNL2A,FR,DE,-16528.74,EUR/JPY,SEPA_Instant_Credit,Low_Risk,Clean_NoHit,14.28,0
SWIFT_W91561,DBSSHKHH,RABONL2U,GB,DE,121189.16,EUR/INR,SEPA_Instant_Credit,PEP_Politically_Exposed,Clean_NoHit,24.87,0
SWIFT_W91390,DBSGSGSG,INGBNL2A,FR,DE,64930.16,EUR/INR,SEPA_Instant_Credit,Low_Risk,Clean_NoHit,21.91,0
SWIFT_W91472,DBSGSGSG,INGBNL2A,FR,DE,9349.04,EUR/JPY,SEPA_Instant_Credit,Low_Risk,Clean_NoHit,18.64,0
SWIFT_W91399,DBSGSGSG,INGBNL2A,FR,DE,46383.70,EUR/INR,ISO20022_pacs008,PEP_Politically_Exposed,Clean_NoHit,18.81,0
SWIFT_W91432,DBSGSGSG,INGBNL2A,FR,DE,-71775.72,EUR/INR,ISO20022_pacs008,Low_Risk,Clean_NoHit,6.18,0
SWIFT_W91676,DBSSHKHH,RABONL2U,GB,ES,36601.16,EUR/JPY,SEPA_Instant_Credit,PEP_Politically_Exposed,Clean_NoHit,19.08,0
SWIFT_W91583,DBSSHKHH,RABONL2U,IN,ES,-35890.19,EUR/JPY,SEPA_Instant_Credit,PEP_Politically_Exposed,Clean_NoHit,19.62,0
SWIFT_W91586,DBSSHKHH,RABONL2U,IN,ES,51009.80,EUR/JPY,SEPA_Instant_Credit,PEP_Politically_Exposed,Clean_NoHit,23.49,0
SWIFT_W91551,DBSSHKHH,RABONL2U,GB,ES,72844.78,EUR/JPY,SEPA_Instant_Credit,PEP_Politically_Exposed,Clean_NoHit,14.44,0
SWIFT_W91458,DBSGSGSG,INGBNL2A,FR,DE,30100.46,EUR/JPY,ISO20022_pacs008,Low_Risk,Clean_NoHit,23.34,0
SWIFT_W91571,DBSSHKHH,RABONL2U,GB,ES,115177.60,EUR/JPY,SEPA_Instant_Credit,Low_Risk,Clean_NoHit,-1.41,0
SWIFT_W91469,DBSSHKHH,RABONL2U,GB,ES,38998.92,EUR/JPY,SEPA_Instant_Credit,PEP_Politically_Exposed,Clean_NoHit,8.44,0
SWIFT_W91261,DBSGSGSG,FABAEADX,FR,DE,-6187.96,EUR/INR,ISO20022_pacs008,Low_Risk,Clean_NoHit,14.80,0
SWIFT_W91309,DBSGSGSG,INGBNL2A,FR,DE,57039.86,EUR/JPY,SEPA_Instant_Credit,Low_Risk,Clean_NoHit,4.13,0
SWIFT_W91409,DBSGSGSG,INGBNL2A,FR,DE,46771.18,EUR/INR,SEPA_Instant_Credit,Low_Risk,Clean_NoHit,16.90,0
SWIFT_W91520,DBSGSGSG,INGBNL2A,FR,DE,157218.27,EUR/JPY,SEPA_Instant_Credit,PEP_Politically_Exposed,Clean_NoHit,19.21,0
SWIFT_W91402,DBSSHKHH,INGBNL2A,FR,DE,-13932.94,EUR/JPY,SEPA_Instant_Credit,Low_Risk,Clean_NoHit,12.23,0
SWIFT_W91675,DBSSHKHH,RABONL2U,GB,GB,90757.68,EUR/JPY,SEPA_Instant_Credit,PEP_Politically_Exposed,Clean_NoHit,23.18,0
SWIFT_W91315,DBSGSGSG,FABAEADX,DE,DE,-99376.39,EUR/INR,SEPA_Instant_Credit,Low_Risk,Clean_NoHit,13.71,0
SWIFT_W91703,DBSSHKHH,RABONL2U,GB,ES,32200.08,EUR/SGD,SEPA_Instant_Credit,PEP_Politically_Exposed,Clean_NoHit,40.36,0
SWIFT_W91567,DBSGSGSG,INGBNL2A,GB,DE,-89371.41,EUR/JPY,SEPA_Instant_Credit,PEP_Politically_Exposed,Clean_NoHit,17.98,0
SWIFT_W91625,DBSSHKHH,RABONL2U,GB,ES,13301.81,EUR/JPY,SEPA_Instant_Credit,PEP_Politically_Exposed,Clean_NoHit,15.56,0
SWIFT_W91609,DBSSHKHH,RABONL2U,GB,ES,40527.98,EUR/JPY,SEPA_Instant_Credit,PEP_Politically_Exposed,Clean_NoHit,16.55,0
SWIFT_W91304,DBSGSGSG,INGBNL2A,FR,DE,-1436.24,EUR/INR,ISO20022_pacs008,Low_Risk,Clean_NoHit,20.07,0
SWIFT_W91401,DBSGSGSG,INGBNL2A,FR,DE,88717.50,EUR/INR,ISO20022_pacs008,Low_Risk,Clean_NoHit,18.01,0
SWIFT_W91456,DBSSHKHH,INGBNL2A,FR,DE,71732.50,EUR/JPY,SEPA_Instant_Credit,Low_Risk,Clean_NoHit,20.48,0
SWIFT_W91327,DBSSHKHH,INGBNL2A,FR,DE,374.43,EUR/JPY,ISO20022_pacs008,Low_Risk,Clean_NoHit,7.92,0
SWIFT_W91350,DBSSHKHH,INGBNL2A,FR,DE,90210.24,EUR/INR,SEPA_Instant_Credit,Low_Risk,Clean_NoHit,20.18,0
SWIFT_W91837,DEUTDEDD,SBININBB,IN,GB,62733.08,EUR/SGD,SWIFT_MT103,PEP_Politically_Exposed,Clean_NoHit,40.64,0
SWIFT_W91302,DBSGSGSG,INGBNL2A,FR,DE,-41549.84,EUR/INR,ISO20022_pacs008,Low_Risk,Clean_NoHit,5.36,0
SWIFT_W91199,DBSGSGSG,INGBNL2A,FR,DE,-35065.00,EUR/INR,SEPA_Instant_Credit,Low_Risk,Clean_NoHit,15.18,0
SWIFT_W91575,DBSSHKHH,INGBNL2A,GB,ES,61492.31,EUR/JPY,SEPA_Instant_Credit,Low_Risk,Clean_NoHit,20.56,0
SWIFT_W91676,DBSGSGSG,RABONL2U,GB,ES,97330.71,EUR/JPY,SEPA_Instant_Credit,PEP_Politically_Exposed,Clean_NoHit,23.90,0
SWIFT_W91734,DBSSHKHH,SBININBB,IN,ES,85861.49,EUR/JPY,SEPA_Instant_Credit,PEP_Politically_Exposed,Clean_NoHit,24.25,0
SWIFT_W91444,DBSSHKHH,INGBNL2A,GB,ES,-8619.16,EUR/JPY,SEPA_Instant_Credit,PEP_Politically_Exposed,Clean_NoHit,34.65,0
SWIFT_W91405,DBSGSGSG,INGBNL2A,FR,ES,22163.70,EUR/JPY,SEPA_Instant_Credit,Low_Risk,Clean_NoHit,22.48,0
SWIFT_W91500,DBSGSGSG,INGBNL2A,FR,DE,10053.12,EUR/JPY,ISO20022_pacs008,PEP_Politically_Exposed,Clean_NoHit,6.81,0
SWIFT_W91356,DBSSHKHH,RABONL2U,GB,ES,67482.25,EUR/JPY,SEPA_Instant_Credit,PEP_Politically_Exposed,Clean_NoHit,20.74,0
SWIFT_W91476,DBSSHKHH,INGBNL2A,FR,DE,-36814.34,EUR/JPY,SEPA_Instant_Credit,PEP_Politically_Exposed,Clean_NoHit,9.11,0
SWIFT_W91612,DBSSHKHH,INGBNL2A,GB,ES,-85360.17,EUR/JPY,SEPA_Instant_Credit,PEP_Politically_Exposed,Clean_NoHit,27.24,0
SWIFT_W91472,DBSSHKHH,RABONL2U,FR,DE,53190.68,EUR/JPY,SEPA_Instant_Credit,PEP_Politically_Exposed,Clean_NoHit,24.60,0
SWIFT_W91210,DBSGSGSG,INGBNL2A,FR,DE,45390.76,EUR/INR,SEPA_Instant_Credit,Low_Risk,Clean_NoHit,21.66,0
SWIFT_W91517,DBSSHKHH,RABONL2U,GB,ES,-73299.96,EUR/JPY,SEPA_Instant_Credit,PEP_Politically_Exposed,Clean_NoHit,34.93,0
SWIFT_W91188,DBSGSGSG,INGBNL2A,FR,DE,-101732.90,EUR/INR,ISO20022_pacs008,Low_Risk,Clean_NoHit,12.36,0
SWIFT_W91620,DBSSHKHH,INGBNL2A,GB,ES,126591.27,EUR/JPY,SEPA_Instant_Credit,PEP_Politically_Exposed,Clean_NoHit,23.14,0
SWIFT_W91404,DBSGSGSG,INGBNL2A,FR,DE,-110064.32,EUR/INR,SEPA_Instant_Credit,Low_Risk,Clean_NoHit,2.64,0
SWIFT_W91409,DBSGSGSG,INGBNL2A,FR,DE,-19051.02,EUR/INR,ISO20022_pacs008,PEP_Politically_Exposed,Clean_NoHit,12.77,0
SWIFT_W91536,DBSGSGSG,RABONL2U,FR,DE,-17410.82,EUR/JPY,SEPA_Instant_Credit,PEP_Politically_Exposed,Clean_NoHit,4.65,0
SWIFT_W91745,DBSSHKHH,RABONL2U,GB,ES,-33510.88,EUR/JPY,SEPA_Instant_Credit,PEP_Politically_Exposed,Clean_NoHit,15.14,0
SWIFT_W91543,DBSSHKHH,INGBNL2A,GB,ES,7824.82,EUR/JPY,SEPA_Instant_Credit,PEP_Politically_Exposed,Clean_NoHit,23.52,0
SWIFT_W91664,DBSSHKHH,RABONL2U,FR,ES,86269.88,EUR/JPY,SEPA_Instant_Credit,PEP_Politically_Exposed,Clean_NoHit,32.26,0
SWIFT_W91649,DBSSHKHH,RABONL2U,GB,ES,169187.91,EUR/JPY,SEPA_Instant_Credit,PEP_Politically_Exposed,Clean_NoHit,17.61,0
SWIFT_W91394,DBSGSGSG,INGBNL2A,FR,DE,3106.72,EUR/INR,ISO20022_pacs008,Low_Risk,Clean_NoHit,20.60,0
SWIFT_W91498,DBSGSGSG,INGBNL2A,GB,DE,-79702.79,EUR/JPY,SEPA_Instant_Credit,PEP_Politically_Exposed,Clean_NoHit,11.84,0
SWIFT_W91738,DBSSHKHH,RABONL2U,GB,GB,-53903.80,EUR/JPY,SEPA_Instant_Credit,PEP_Politically_Exposed,Clean_NoHit,33.28,0
SWIFT_W91704,DEUTDEDD,RABONL2U,IN,GB,-8523.60,EUR/SGD,SEPA_Instant_Credit,PEP_Politically_Exposed,Clean_NoHit,-8.66,0
SWIFT_W91794,DBSSHKHH,SBININBB,IN,ES,170001.08,EUR/JPY,SEPA_Instant_Credit,PEP_Politically_Exposed,Clean_NoHit,25.69,0
SWIFT_W91497,DBSGSGSG,RABONL2U,GB,DE,33791.62,EUR/JPY,SEPA_Instant_Credit,PEP_Politically_Exposed,Clean_NoHit,22.01,0
SWIFT_W91573,DBSGSGSG,RABONL2U,FR,DE,58185.74,EUR/JPY,SEPA_Instant_Credit,PEP_Politically_Exposed,Clean_NoHit,28.45,0
SWIFT_W91429,DBSSHKHH,INGBNL2A,GB,DE,-21653.96,EUR/JPY,SEPA_Instant_Credit,PEP_Politically_Exposed,Clean_NoHit,25.14,0
SWIFT_W91635,DBSSHKHH,RABONL2U,GB,ES,233777.31,EUR/JPY,SEPA_Instant_Credit,PEP_Politically_Exposed,Clean_NoHit,47.15,0
SWIFT_W91603,DBSSHKHH,INGBNL2A,GB,DE,59191.67,EUR/JPY,SEPA_Instant_Credit,PEP_Politically_Exposed,Clean_NoHit,12.84,0
SWIFT_W91465,DBSGSGSG,INGBNL2A,FR,ES,58437.59,EUR/INR,SEPA_Instant_Credit,Low_Risk,Clean_NoHit,20.48,0
SWIFT_W91603,DBSSHKHH,RABONL2U,GB,ES,153801.20,EUR/JPY,SEPA_Instant_Credit,PEP_Politically_Exposed,Clean_NoHit,51.01,0
SWIFT_W91369,DBSGSGSG,INGBNL2A,FR,DE,21393.39,EUR/JPY,SEPA_Instant_Credit,PEP_Politically_Exposed,Clean_NoHit,14.77,0
SWIFT_W91271,DBSGSGSG,INGBNL2A,FR,CH,-112022.99,EUR/INR,ISO20022_pacs008,Low_Risk,Clean_NoHit,8.49,0
SWIFT_W91577,DBSSHKHH,RABONL2U,GB,DE,102648.59,EUR/JPY,SEPA_Instant_Credit,PEP_Politically_Exposed,Clean_NoHit,14.35,0
SWIFT_W91659,DBSSHKHH,INGBNL2A,GB,ES,-86859.41,EUR/JPY,SEPA_Instant_Credit,PEP_Politically_Exposed,Clean_NoHit,18.03,0
SWIFT_W91416,DBSSHKHH,RABONL2U,GB,DE,-104629.83,EUR/JPY,SEPA_Instant_Credit,Low_Risk,Clean_NoHit,1.89,0
SWIFT_W91569,DBSSHKHH,RABONL2U,GB,ES,-25235.55,EUR/JPY,SEPA_Instant_Credit,PEP_Politically_Exposed,Clean_NoHit,26.08,0
SWIFT_W91505,DBSGSGSG,INGBNL2A,FR,DE,-51717.99,EUR/JPY,SEPA_Instant_Credit,PEP_Politically_Exposed,Clean_NoHit,8.15,0
SWIFT_W91622,DBSSHKHH,RABONL2U,GB,ES,25758.48,EUR/JPY,SEPA_Instant_Credit,PEP_Politically_Exposed,Clean_NoHit,17.09,0
SWIFT_W91479,DBSSHKHH,RABONL2U,GB,ES,-224547.55,EUR/JPY,SEPA_Instant_Credit,PEP_Politically_Exposed,Clean_NoHit,14.82,0
SWIFT_W91716,DBSSHKHH,RABONL2U,GB,ES,-71554.43,EUR/JPY,SEPA_Instant_Credit,PEP_Politically_Exposed,Clean_NoHit,28.01,0
SWIFT_W91315,DBSGSGSG,INGBNL2A,DE,CH,-31502.24,EUR/INR,ISO20022_pacs008,Low_Risk,Clean_NoHit,13.33,0
SWIFT_W91581,DBSGSGSG,INGBNL2A,FR,DE,79087.20,EUR/JPY,SEPA_Instant_Credit,PEP_Politically_Exposed,Clean_NoHit,21.06,0
SWIFT_W91373,DBSGSGSG,INGBNL2A,FR,DE,62016.63,EUR/JPY,ISO20022_pacs008,Low_Risk,Clean_NoHit,24.47,0
SWIFT_W91474,DBSGSGSG,INGBNL2A,FR,DE,90860.64,EUR/JPY,SEPA_Instant_Credit,PEP_Politically_Exposed,Clean_NoHit,23.23,0
SWIFT_W91854,DBSSHKHH,RABONL2U,GB,ES,143118.41,EUR/JPY,SEPA_Instant_Credit,PEP_Politically_Exposed,Clean_NoHit,36.37,0
SWIFT_W91337,DBSGSGSG,INGBNL2A,FR,DE,25084.06,EUR/JPY,ISO20022_pacs008,Low_Risk,Clean_NoHit,20.88,0
SWIFT_W91305,DBSGSGSG,FABAEADX,DE,CH,-69312.30,EUR/INR,ISO20022_pacs008,Low_Risk,Clean_NoHit,12.62,0
SWIFT_W91698,DBSGSGSG,RABONL2U,FR,ES,179102.86,EUR/SGD,SEPA_Instant_Credit,PEP_Politically_Exposed,Clean_NoHit,33.18,0
SWIFT_W91638,DBSSHKHH,SBININBB,IN,GB,-66395.72,EUR/SGD,SEPA_Instant_Credit,PEP_Politically_Exposed,Clean_NoHit,23.63,0
SWIFT_W91256,DBSGSGSG,INGBNL2A,FR,CH,-130334.70,EUR/INR,ISO20022_pacs008,Low_Risk,Clean_NoHit,10.09,0
SWIFT_W91666,DBSSHKHH,RABONL2U,GB,ES,42056.77,EUR/JPY,SEPA_Instant_Credit,PEP_Politically_Exposed,Clean_NoHit,22.34,0
SWIFT_W91871,DEUTDEDD,RABONL2U,GB,ES,205738.30,EUR/JPY,SEPA_Instant_Credit,PEP_Politically_Exposed,Clean_NoHit,30.85,0
SWIFT_W91685,DBSSHKHH,RABONL2U,GB,ES,14654.29,EUR/SGD,SEPA_Instant_Credit,PEP_Politically_Exposed,Clean_NoHit,17.64,0
SWIFT_W91616,DBSSHKHH,RABONL2U,GB,ES,113712.25,EUR/JPY,SEPA_Instant_Credit,PEP_Politically_Exposed,Clean_NoHit,42.52,0
SWIFT_W91631,DBSSHKHH,RABONL2U,GB,ES,150190.23,EUR/JPY,SEPA_Instant_Credit,PEP_Politically_Exposed,Clean_NoHit,32.72,0
SWIFT_W91287,DBSGSGSG,INGBNL2A,FR,DE,-97148.87,EUR/INR,ISO20022_pacs008,Low_Risk,Clean_NoHit,12.01,0
SWIFT_W91417,DBSGSGSG,INGBNL2A,GB,DE,-82154.56,EUR/INR,SEPA_Instant_Credit,Low_Risk,Clean_NoHit,15.80,0
SWIFT_W91523,DBSSHKHH,INGBNL2A,FR,ES,38195.91,EUR/JPY,SEPA_Instant_Credit,PEP_Politically_Exposed,Clean_NoHit,35.05,0
SWIFT_W91596,DBSSHKHH,RABONL2U,GB,ES,74115.42,EUR/JPY,SEPA_Instant_Credit,PEP_Politically_Exposed,Clean_NoHit,23.27,0
SWIFT_W91342,DBSGSGSG,INGBNL2A,FR,DE,86861.85,EUR/INR,ISO20022_pacs008,Low_Risk,Clean_NoHit,27.70,0
SWIFT_W91569,DBSGSGSG,INGBNL2A,FR,ES,56476.26,EUR/JPY,SEPA_Instant_Credit,PEP_Politically_Exposed,Clean_NoHit,26.37,0
SWIFT_W91383,DBSGSGSG,FABAEADX,FR,DE,-124480.75,EUR/INR,ISO20022_pacs008,Low_Risk,Clean_NoHit,17.63,0
SWIFT_W91175,DBSGSGSG,FABAEADX,FR,DE,-63822.24,EUR/INR,ISO20022_pacs008,Low_Risk,Clean_NoHit,10.50,0
SWIFT_W91561,DBSSHKHH,RABONL2U,GB,ES,-66333.62,EUR/JPY,SEPA_Instant_Credit,PEP_Politically_Exposed,Clean_NoHit,26.81,0
SWIFT_W91782,DEUTDEDD,SBININBB,IN,GB,128348.67,EUR/SGD,SEPA_Instant_Credit,PEP_Politically_Exposed,Clean_NoHit,32.00,0
SWIFT_W91274,DBSGSGSG,FABAEADX,FR,CH,-51312.64,EUR/INR,ISO20022_pacs008,Low_Risk,Clean_NoHit,19.12,0
SWIFT_W91808,DBSSHKHH,RABONL2U,IN,GB,157142.20,EUR/JPY,SEPA_Instant_Credit,PEP_Politically_Exposed,Clean_NoHit,8.41,0
SWIFT_W91659,DBSSHKHH,RABONL2U,FR,ES,-22098.90,EUR/JPY,SEPA_Instant_Credit,PEP_Politically_Exposed,Clean_NoHit,29.58,0
SWIFT_W91333,DBSGSGSG,FABAEADX,FR,CH,-37603.64,EUR/INR,ISO20022_pacs008,Low_Risk,Clean_NoHit,6.68,0
SWIFT_W91596,DBSSHKHH,RABONL2U,GB,ES,-54314.53,EUR/JPY,SEPA_Instant_Credit,PEP_Politically_Exposed,Clean_NoHit,16.08,0
SWIFT_W91361,DBSGSGSG,INGBNL2A,FR,DE,47952.02,EUR/INR,ISO20022_pacs008,Low_Risk,Clean_NoHit,14.39,0
SWIFT_W91464,DBSSHKHH,RABONL2U,FR,DE,-13665.00,EUR/JPY,SEPA_Instant_Credit,PEP_Politically_Exposed,Clean_NoHit,26.76,0
SWIFT_W91571,DBSGSGSG,RABONL2U,GB,ES,38639.50,EUR/JPY,SEPA_Instant_Credit,PEP_Politically_Exposed,Clean_NoHit,36.51,0
SWIFT_W91219,DBSGSGSG,INGBNL2A,FR,DE,-3179.37,EUR/INR,ISO20022_pacs008,Low_Risk,Clean_NoHit,21.16,0
SWIFT_W91341,DBSGSGSG,FABAEADX,FR,DE,26389.42,EUR/INR,ISO20022_pacs008,Low_Risk,Clean_NoHit,4.23,0
SWIFT_W91306,DBSGSGSG,INGBNL2A,DE,DE,-50902.10,EUR/INR,ISO20022_pacs008,Low_Risk,Clean_NoHit,7.75,0
SWIFT_W91179,DBSGSGSG,INGBNL2A,FR,DE,-113121.21,EUR/INR,ISO20022_pacs008,Low_Risk,Clean_NoHit,6.40,0
SWIFT_W91387,DBSSHKHH,RABONL2U,GB,DE,13131.20,EUR/JPY,SEPA_Instant_Credit,PEP_Politically_Exposed,Clean_NoHit,28.97,0
SWIFT_W91448,DBSSHKHH,INGBNL2A,GB,DE,-112101.80,EUR/JPY,SEPA_Instant_Credit,PEP_Politically_Exposed,Clean_NoHit,12.38,0
SWIFT_W91337,DBSGSGSG,INGBNL2A,FR,DE,-49099.74,EUR/INR,ISO20022_pacs008,Low_Risk,Clean_NoHit,9.73,0
SWIFT_W91508,DBSGSGSG,RABONL2U,FR,DE,132608.91,EUR/JPY,SEPA_Instant_Credit,PEP_Politically_Exposed,Clean_NoHit,11.58,0
SWIFT_W91530,DBSSHKHH,INGBNL2A,GB,ES,84829.77,EUR/JPY,SEPA_Instant_Credit,PEP_Politically_Exposed,Clean_NoHit,9.39,0
SWIFT_W91537,DBSSHKHH,INGBNL2A,GB,DE,3257.68,EUR/JPY,SEPA_Instant_Credit,PEP_Politically_Exposed,Clean_NoHit,12.71,0
SWIFT_W91334,DBSGSGSG,INGBNL2A,FR,DE,64762.58,EUR/INR,ISO20022_pacs008,PEP_Politically_Exposed,Clean_NoHit,22.05,0
SWIFT_W91554,DBSSHKHH,RABONL2U,GB,ES,-57411.58,EUR/JPY,SEPA_Instant_Credit,PEP_Politically_Exposed,Clean_NoHit,2.61,0
SWIFT_W91418,DBSGSGSG,INGBNL2A,FR,DE,-51950.76,EUR/JPY,SEPA_Instant_Credit,PEP_Politically_Exposed,Clean_NoHit,17.12,0
SWIFT_W91564,DBSSHKHH,RABONL2U,GB,ES,-160737.23,EUR/JPY,SEPA_Instant_Credit,Low_Risk,Clean_NoHit,1.59,0
SWIFT_W91508,DBSSHKHH,INGBNL2A,GB,ES,71075.14,EUR/JPY,SEPA_Instant_Credit,Low_Risk,Clean_NoHit,9.28,0
SWIFT_W91807,DBSSHKHH,RABONL2U,GB,ES,200413.62,EUR/JPY,SEPA_Instant_Credit,PEP_Politically_Exposed,Clean_NoHit,20.85,0
SWIFT_W91589,DBSSHKHH,RABONL2U,GB,ES,-149630.22,EUR/JPY,SEPA_Instant_Credit,PEP_Politically_Exposed,Clean_NoHit,12.27,0
SWIFT_W91560,DBSSHKHH,SBININBB,GB,ES,-2751.87,EUR/JPY,SEPA_Instant_Credit,PEP_Politically_Exposed,Clean_NoHit,24.13,0
SWIFT_W91523,DBSSHKHH,INGBNL2A,FR,DE,-69672.76,EUR/JPY,SEPA_Instant_Credit,PEP_Politically_Exposed,Clean_NoHit,16.20,0
SWIFT_W91534,DBSSHKHH,RABONL2U,GB,DE,211398.19,EUR/JPY,SEPA_Instant_Credit,PEP_Politically_Exposed,Clean_NoHit,20.46,0
SWIFT_W91495,DBSGSGSG,RABONL2U,FR,DE,100650.17,EUR/JPY,SEPA_Instant_Credit,PEP_Politically_Exposed,Clean_NoHit,32.73,0
SWIFT_W91354,DBSSHKHH,RABONL2U,GB,ES,-20156.17,EUR/JPY,SEPA_Instant_Credit,Low_Risk,Clean_NoHit,23.13,0
SWIFT_W91413,DBSSHKHH,RABONL2U,FR,ES,92797.22,EUR/JPY,SEPA_Instant_Credit,PEP_Politically_Exposed,Clean_NoHit,19.58,0
SWIFT_W91521,DBSGSGSG,INGBNL2A,FR,DE,-25652.90,EUR/INR,SEPA_Instant_Credit,PEP_Politically_Exposed,Clean_NoHit,7.01,0
SWIFT_W91531,DBSSHKHH,INGBNL2A,FR,DE,-39581.43,EUR/INR,SEPA_Instant_Credit,PEP_Politically_Exposed,Clean_NoHit,25.59,0
SWIFT_W91266,DBSGSGSG,INGBNL2A,FR,DE,1137.41,EUR/JPY,ISO20022_pacs008,Low_Risk,Clean_NoHit,19.21,0
SWIFT_W91525,DBSSHKHH,INGBNL2A,FR,DE,-27666.23,EUR/JPY,SEPA_Instant_Credit,PEP_Politically_Exposed,Clean_NoHit,33.02,0
SWIFT_W91363,DBSGSGSG,INGBNL2A,FR,DE,-12962.95,EUR/INR,SEPA_Instant_Credit,Low_Risk,Clean_NoHit,15.21,0
SWIFT_W91364,DBSGSGSG,INGBNL2A,FR,DE,-28382.24,EUR/INR,ISO20022_pacs008,Low_Risk,Clean_NoHit,16.12,0
SWIFT_W91511,DBSSHKHH,INGBNL2A,GB,DE,-88624.09,EUR/JPY,SEPA_Instant_Credit,PEP_Politically_Exposed,Clean_NoHit,18.66,0
SWIFT_W91601,DBSSHKHH,RABONL2U,GB,GB,-991.34,EUR/SGD,SEPA_Instant_Credit,PEP_Politically_Exposed,Clean_NoHit,43.52,0
SWIFT_W91304,DBSGSGSG,INGBNL2A,FR,CH,-48460.35,EUR/INR,ISO20022_pacs008,Low_Risk,Clean_NoHit,15.98,0
SWIFT_W91268,DBSGSGSG,FABAEADX,FR,DE,-165173.98,EUR/INR,ISO20022_pacs008,Low_Risk,Clean_NoHit,11.50,0
SWIFT_W91555,DBSSHKHH,RABONL2U,GB,ES,-17140.56,EUR/JPY,SEPA_Instant_Credit,PEP_Politically_Exposed,Clean_NoHit,28.38,0
SWIFT_W91561,DBSSHKHH,SBININBB,GB,ES,-29417.68,EUR/JPY,SEPA_Instant_Credit,PEP_Politically_Exposed,Clean_NoHit,19.19,0
SWIFT_W91646,DBSSHKHH,RABONL2U,GB,ES,15253.24,EUR/JPY,SEPA_Instant_Credit,PEP_Politically_Exposed,Clean_NoHit,10.75,0
SWIFT_W91637,DBSSHKHH,RABONL2U,IN,GB,-37789.20,EUR/SGD,SEPA_Instant_Credit,PEP_Politically_Exposed,Clean_NoHit,12.71,0
SWIFT_W91333,DBSGSGSG,INGBNL2A,FR,DE,-157566.19,EUR/JPY,ISO20022_pacs008,PEP_Politically_Exposed,Clean_NoHit,13.53,0
SWIFT_W91495,DBSGSGSG,INGBNL2A,FR,DE,67800.21,EUR/JPY,SEPA_Instant_Credit,PEP_Politically_Exposed,Clean_NoHit,22.89,0
SWIFT_W91381,DBSSHKHH,INGBNL2A,FR,DE,-51229.96,EUR/JPY,SEPA_Instant_Credit,PEP_Politically_Exposed,Clean_NoHit,18.01,0
SWIFT_W91418,DBSSHKHH,INGBNL2A,FR,ES,-30188.25,EUR/JPY,SEPA_Instant_Credit,PEP_Politically_Exposed,Clean_NoHit,15.74,0
SWIFT_W91531,DBSSHKHH,RABONL2U,GB,ES,29919.12,EUR/JPY,SEPA_Instant_Credit,Low_Risk,Clean_NoHit,16.53,0
SWIFT_W91518,DBSSHKHH,RABONL2U,GB,ES,-113775.13,EUR/JPY,SEPA_Instant_Credit,PEP_Politically_Exposed,Clean_NoHit,20.05,0
SWIFT_W91454,DBSGSGSG,INGBNL2A,FR,DE,44635.40,EUR/JPY,SEPA_Instant_Credit,Low_Risk,Clean_NoHit,16.36,0
SWIFT_W91407,DBSSHKHH,RABONL2U,FR,DE,-29171.04,EUR/JPY,SEPA_Instant_Credit,Low_Risk,Clean_NoHit,16.37,0
SWIFT_W91454,DBSSHKHH,INGBNL2A,FR,DE,-71403.36,EUR/JPY,SEPA_Instant_Credit,PEP_Politically_Exposed,Clean_NoHit,13.90,0
SWIFT_W91578,DBSSHKHH,RABONL2U,GB,ES,-130557.14,EUR/JPY,SEPA_Instant_Credit,PEP_Politically_Exposed,Clean_NoHit,14.49,0
SWIFT_W91562,DBSSHKHH,RABONL2U,FR,DE,93139.25,EUR/JPY,SEPA_Instant_Credit,PEP_Politically_Exposed,Clean_NoHit,24.59,0
SWIFT_W91385,DBSGSGSG,INGBNL2A,FR,DE,12507.95,EUR/INR,ISO20022_pacs008,Low_Risk,Clean_NoHit,13.83,0
SWIFT_W91541,DBSGSGSG,INGBNL2A,FR,DE,4651.71,EUR/JPY,SEPA_Instant_Credit,PEP_Politically_Exposed,Clean_NoHit,28.84,0
SWIFT_W91633,DBSGSGSG,INGBNL2A,FR,ES,123506.03,EUR/JPY,SEPA_Instant_Credit,PEP_Politically_Exposed,Clean_NoHit,28.77,0
SWIFT_W91474,DBSGSGSG,INGBNL2A,FR,DE,107953.24,EUR/JPY,ISO20022_pacs008,PEP_Politically_Exposed,Clean_NoHit,16.85,0
SWIFT_W91313,DBSGSGSG,INGBNL2A,FR,DE,-23738.04,EUR/INR,ISO20022_pacs008,Low_Risk,Clean_NoHit,9.81,0
SWIFT_W91749,DBSSHKHH,RABONL2U,GB,ES,110964.93,EUR/JPY,SEPA_Instant_Credit,PEP_Politically_Exposed,Clean_NoHit,16.87,0
SWIFT_W91460,DBSSHKHH,INGBNL2A,FR,DE,-8579.29,EUR/JPY,SEPA_Instant_Credit,PEP_Politically_Exposed,Clean_NoHit,31.83,0
SWIFT_W91699,DBSSHKHH,RABONL2U,GB,ES,51944.54,EUR/SGD,SEPA_Instant_Credit,PEP_Politically_Exposed,Clean_NoHit,20.47,0
SWIFT_W91968,DBSSHKHH,RABONL2U,IN,GB,-25942.58,EUR/JPY,SEPA_Instant_Credit,PEP_Politically_Exposed,Clean_NoHit,43.67,0
SWIFT_W91387,DBSGSGSG,INGBNL2A,FR,DE,-9687.16,EUR/INR,ISO20022_pacs008,Low_Risk,Clean_NoHit,5.58,0
SWIFT_W91433,DBSGSGSG,INGBNL2A,FR,DE,-126668.02,EUR/JPY,SEPA_Instant_Credit,Low_Risk,Clean_NoHit,14.97,0
SWIFT_W91562,DBSSHKHH,INGBNL2A,GB,DE,-33560.50,EUR/JPY,SEPA_Instant_Credit,PEP_Politically_Exposed,Clean_NoHit,30.82,0
SWIFT_W91358,DBSGSGSG,INGBNL2A,FR,DE,-35617.13,EUR/INR,ISO20022_pacs008,Low_Risk,Clean_NoHit,12.82,0
SWIFT_W91664,DBSSHKHH,RABONL2U,GB,ES,-14316.49,EUR/SGD,SEPA_Instant_Credit,PEP_Politically_Exposed,Clean_NoHit,8.92,0
SWIFT_W91575,DBSSHKHH,RABONL2U,GB,ES,-11402.33,EUR/JPY,SEPA_Instant_Credit,PEP_Politically_Exposed,Clean_NoHit,21.68,0
SWIFT_W91405,DBSGSGSG,INGBNL2A,FR,DE,-15689.84,EUR/INR,SEPA_Instant_Credit,PEP_Politically_Exposed,Clean_NoHit,12.83,0
SWIFT_W91830,DBSSHKHH,RABONL2U,IN,ES,130895.73,EUR/JPY,SEPA_Instant_Credit,PEP_Politically_Exposed,Clean_NoHit,26.05,0
SWIFT_W91600,DBSSHKHH,SBININBB,GB,ES,52281.30,EUR/JPY,SEPA_Instant_Credit,PEP_Politically_Exposed,Clean_NoHit,24.30,0
SWIFT_W91828,DBSSHKHH,RABONL2U,GB,ES,72430.22,EUR/JPY,SEPA_Instant_Credit,PEP_Politically_Exposed,Clean_NoHit,10.97,0
SWIFT_W91570,DBSSHKHH,INGBNL2A,FR,DE,-72162.04,EUR/JPY,SEPA_Instant_Credit,PEP_Politically_Exposed,Clean_NoHit,20.81,0
SWIFT_W91695,DBSSHKHH,RABONL2U,GB,ES,39762.82,EUR/SGD,SEPA_Instant_Credit,PEP_Politically_Exposed,Clean_NoHit,4.83,0
SWIFT_W91878,DBSSHKHH,SBININBB,GB,GB,298023.09,EUR/SGD,SEPA_Instant_Credit,PEP_Politically_Exposed,Clean_NoHit,34.17,0
SWIFT_W91662,DBSSHKHH,RABONL2U,GB,ES,114903.80,EUR/JPY,SEPA_Instant_Credit,PEP_Politically_Exposed,Clean_NoHit,33.76,0
SWIFT_W91343,DBSGSGSG,INGBNL2A,FR,DE,-110944.02,EUR/INR,ISO20022_pacs008,Low_Risk,Clean_NoHit,3.18,0
SWIFT_W91826,DBSSHKHH,SBININBB,IN,ES,91627.14,EUR/JPY,SEPA_Instant_Credit,PEP_Politically_Exposed,Clean_NoHit,22.55,0
SWIFT_W91495,DBSSHKHH,RABONL2U,GB,ES,-68679.25,EUR/JPY,SEPA_Instant_Credit,PEP_Politically_Exposed,Clean_NoHit,17.79,0
SWIFT_W91248,DBSGSGSG,FABAEADX,FR,CH,-38005.97,EUR/INR,ISO20022_pacs008,Low_Risk,Clean_NoHit,13.95,0
SWIFT_W91482,DBSSHKHH,RABONL2U,GB,ES,57518.02,EUR/JPY,SEPA_Instant_Credit,PEP_Politically_Exposed,Clean_NoHit,8.14,0
SWIFT_W91637,DBSSHKHH,RABONL2U,GB,ES,167163.84,EUR/JPY,SEPA_Instant_Credit,PEP_Politically_Exposed,Clean_NoHit,28.49,0
SWIFT_W91410,DBSGSGSG,INGBNL2A,FR,DE,-24742.66,EUR/JPY,SEPA_Instant_Credit,Low_Risk,Clean_NoHit,25.06,0
SWIFT_W91656,DBSGSGSG,RABONL2U,GB,ES,60233.52,EUR/JPY,SEPA_Instant_Credit,PEP_Politically_Exposed,Clean_NoHit,29.78,0
SWIFT_W91510,DBSGSGSG,INGBNL2A,GB,ES,93016.20,EUR/INR,SEPA_Instant_Credit,PEP_Politically_Exposed,Clean_NoHit,16.74,0
SWIFT_W91507,DBSGSGSG,INGBNL2A,FR,DE,57395.91,EUR/JPY,ISO20022_pacs008,PEP_Politically_Exposed,Clean_NoHit,26.38,0
SWIFT_W91400,DBSSHKHH,INGBNL2A,FR,DE,-88607.69,EUR/JPY,SEPA_Instant_Credit,Low_Risk,Clean_NoHit,24.19,0
SWIFT_W91605,DBSSHKHH,INGBNL2A,FR,DE,-51051.71,EUR/JPY,SEPA_Instant_Credit,PEP_Politically_Exposed,Clean_NoHit,15.59,0
SWIFT_W91436,DBSGSGSG,INGBNL2A,FR,DE,-26910.86,EUR/INR,ISO20022_pacs008,Low_Risk,Clean_NoHit,18.01,0
SWIFT_W91806,DEUTDEDD,SBININBB,GB,GB,295859.28,EUR/JPY,SWIFT_MT103,PEP_Politically_Exposed,Clean_NoHit,27.32,0
SWIFT_W91705,DBSGSGSG,INGBNL2A,GB,DE,123423.96,EUR/JPY,SEPA_Instant_Credit,PEP_Politically_Exposed,Clean_NoHit,24.40,0
SWIFT_W91359,DBSGSGSG,INGBNL2A,FR,DE,83611.22,EUR/JPY,SEPA_Instant_Credit,PEP_Politically_Exposed,Clean_NoHit,26.55,0
SWIFT_W91670,DBSSHKHH,RABONL2U,GB,ES,-22582.81,EUR/JPY,SEPA_Instant_Credit,PEP_Politically_Exposed,Clean_NoHit,9.98,0
SWIFT_W91688,DBSSHKHH,SBININBB,IN,GB,-88507.59,EUR/JPY,SEPA_Instant_Credit,PEP_Politically_Exposed,Clean_NoHit,10.22,0
SWIFT_W91631,DBSSHKHH,RABONL2U,GB,ES,-7412.39,EUR/JPY,SEPA_Instant_Credit,PEP_Politically_Exposed,Clean_NoHit,15.16,0
SWIFT_W91438,DBSGSGSG,INGBNL2A,FR,DE,77119.34,EUR/JPY,SEPA_Instant_Credit,PEP_Politically_Exposed,Clean_NoHit,14.97,0
SWIFT_W91606,DBSSHKHH,RABONL2U,GB,DE,-129623.58,EUR/JPY,SEPA_Instant_Credit,PEP_Politically_Exposed,Clean_NoHit,4.88,0
SWIFT_W91453,DBSGSGSG,INGBNL2A,FR,DE,-14714.15,EUR/JPY,SEPA_Instant_Credit,PEP_Politically_Exposed,Clean_NoHit,18.41,0
SWIFT_W91539,DBSGSGSG,INGBNL2A,GB,ES,69486.94,EUR/JPY,SEPA_Instant_Credit,PEP_Politically_Exposed,Clean_NoHit,11.22,0
SWIFT_W91377,DBSGSGSG,INGBNL2A,FR,DE,-22276.18,EUR/JPY,SEPA_Instant_Credit,PEP_Politically_Exposed,Clean_NoHit,8.55,0
SWIFT_W91791,DBSSHKHH,SBININBB,GB,ES,30869.88,EUR/JPY,SEPA_Instant_Credit,PEP_Politically_Exposed,Clean_NoHit,7.00,0
SWIFT_W91529,DBSSHKHH,INGBNL2A,FR,DE,85581.83,EUR/JPY,SEPA_Instant_Credit,PEP_Politically_Exposed,Clean_NoHit,19.79,0
SWIFT_W91373,DBSGSGSG,INGBNL2A,FR,DE,-21636.57,EUR/JPY,ISO20022_pacs008,Low_Risk,Clean_NoHit,15.38,0
SWIFT_W91724,DBSSHKHH,SBININBB,GB,ES,158178.02,EUR/SGD,SEPA_Instant_Credit,PEP_Politically_Exposed,Clean_NoHit,32.51,0
SWIFT_W91495,DBSGSGSG,INGBNL2A,GB,DE,-133484.64,EUR/JPY,SEPA_Instant_Credit,PEP_Politically_Exposed,Clean_NoHit,7.04,0
SWIFT_W91263,DBSGSGSG,INGBNL2A,FR,DE,-111595.74,EUR/INR,ISO20022_pacs008,Low_Risk,Clean_NoHit,15.48,0
SWIFT_W91555,DBSSHKHH,RABONL2U,GB,ES,41926.56,EUR/JPY,SEPA_Instant_Credit,PEP_Politically_Exposed,Clean_NoHit,35.95,0
SWIFT_W91528,DBSSHKHH,INGBNL2A,GB,ES,-234796.06,EUR/JPY,SEPA_Instant_Credit,PEP_Politically_Exposed,Clean_NoHit,19.33,0
SWIFT_W91699,DEUTDEDD,RABONL2U,GB,GB,80314.62,EUR/SGD,SEPA_Instant_Credit,PEP_Politically_Exposed,Clean_NoHit,36.53,0
SWIFT_W91532,DBSSHKHH,RABONL2U,FR,ES,143179.30,EUR/JPY,SEPA_Instant_Credit,PEP_Politically_Exposed,Clean_NoHit,22.29,0
SWIFT_W91521,DBSGSGSG,INGBNL2A,FR,DE,47338.79,EUR/JPY,SEPA_Instant_Credit,PEP_Politically_Exposed,Clean_NoHit,10.92,0
SWIFT_W91537,DBSSHKHH,RABONL2U,GB,DE,-64459.11,EUR/JPY,SEPA_Instant_Credit,PEP_Politically_Exposed,Clean_NoHit,15.48,0
SWIFT_W91739,DBSSHKHH,RABONL2U,GB,ES,59062.30,EUR/SGD,SEPA_Instant_Credit,PEP_Politically_Exposed,Clean_NoHit,23.18,0
SWIFT_W91399,DBSGSGSG,INGBNL2A,FR,DE,-68634.64,EUR/INR,ISO20022_pacs008,Low_Risk,Clean_NoHit,5.35,0
SWIFT_W91360,DBSGSGSG,INGBNL2A,FR,DE,-1955.32,EUR/JPY,ISO20022_pacs008,Low_Risk,Clean_NoHit,22.54,0
SWIFT_W91658,DBSGSGSG,RABONL2U,FR,DE,68925.36,EUR/JPY,SEPA_Instant_Credit,Low_Risk,Clean_NoHit,17.66,0
SWIFT_W91480,DBSSHKHH,RABONL2U,GB,ES,136797.19,EUR/JPY,SEPA_Instant_Credit,PEP_Politically_Exposed,Clean_NoHit,20.86,0
SWIFT_W91494,DBSGSGSG,INGBNL2A,FR,DE,78318.18,EUR/INR,SEPA_Instant_Credit,PEP_Politically_Exposed,Clean_NoHit,20.65,0
SWIFT_W91734,DEUTDEDD,SBININBB,IN,GB,100265.67,EUR/SGD,SEPA_Instant_Credit,PEP_Politically_Exposed,Clean_NoHit,29.72,0
SWIFT_W91574,DBSGSGSG,INGBNL2A,FR,DE,17397.15,EUR/JPY,SEPA_Instant_Credit,PEP_Politically_Exposed,Clean_NoHit,20.54,0
SWIFT_W91525,DBSGSGSG,INGBNL2A,GB,DE,110188.62,EUR/JPY,SEPA_Instant_Credit,PEP_Politically_Exposed,Clean_NoHit,15.05,0
SWIFT_W91615,DBSSHKHH,RABONL2U,GB,ES,3676.83,EUR/JPY,SEPA_Instant_Credit,PEP_Politically_Exposed,Clean_NoHit,7.25,0
SWIFT_W91474,DBSGSGSG,INGBNL2A,FR,DE,11799.29,EUR/INR,SEPA_Instant_Credit,Low_Risk,Clean_NoHit,3.75,0
SWIFT_W91563,DBSSHKHH,RABONL2U,GB,ES,72975.40,EUR/JPY,SEPA_Instant_Credit,PEP_Politically_Exposed,Clean_NoHit,30.30,0
SWIFT_W91507,DBSSHKHH,INGBNL2A,FR,ES,13877.26,EUR/JPY,SEPA_Instant_Credit,PEP_Politically_Exposed,Clean_NoHit,18.88,0
SWIFT_W91820,DEUTDEDD,RABONL2U,IN,GB,61324.99,EUR/JPY,SEPA_Instant_Credit,PEP_Politically_Exposed,Clean_NoHit,25.82,0
SWIFT_W91493,DBSSHKHH,RABONL2U,GB,ES,13096.06,EUR/JPY,SEPA_Instant_Credit,PEP_Politically_Exposed,Clean_NoHit,20.21,0
SWIFT_W91363,DBSGSGSG,INGBNL2A,FR,DE,43717.88,EUR/JPY,ISO20022_pacs008,PEP_Politically_Exposed,Clean_NoHit,20.00,0
SWIFT_W91560,DBSSHKHH,RABONL2U,GB,ES,38474.38,EUR/JPY,SEPA_Instant_Credit,PEP_Politically_Exposed,Clean_NoHit,14.03,0
SWIFT_W91550,DBSSHKHH,RABONL2U,GB,ES,83183.97,EUR/JPY,SEPA_Instant_Credit,PEP_Politically_Exposed,Clean_NoHit,18.47,0
SWIFT_W91577,DBSSHKHH,RABONL2U,GB,ES,68977.70,EUR/JPY,SEPA_Instant_Credit,PEP_Politically_Exposed,Clean_NoHit,17.50,0
SWIFT_W91432,DBSGSGSG,INGBNL2A,FR,DE,12781.59,EUR/JPY,ISO20022_pacs008,Low_Risk,Clean_NoHit,17.21,0
SWIFT_W91546,DBSSHKHH,RABONL2U,GB,ES,18897.76,EUR/JPY,SEPA_Instant_Credit,PEP_Politically_Exposed,Clean_NoHit,22.05,0
SWIFT_W91779,DBSSHKHH,RABONL2U,GB,ES,3688.62,EUR/JPY,SEPA_Instant_Credit,PEP_Politically_Exposed,Clean_NoHit,31.58,0
SWIFT_W91600,DBSSHKHH,INGBNL2A,FR,ES,-17583.86,EUR/INR,SEPA_Instant_Credit,PEP_Politically_Exposed,Clean_NoHit,24.91,0
SWIFT_W91350,DBSSHKHH,RABONL2U,FR,ES,-2172.89,EUR/JPY,SEPA_Instant_Credit,PEP_Politically_Exposed,Clean_NoHit,17.25,0
SWIFT_W91464,DBSGSGSG,INGBNL2A,GB,ES,-412.39,EUR/JPY,SEPA_Instant_Credit,Low_Risk,Clean_NoHit,2.45,0
SWIFT_W91492,DBSSHKHH,INGBNL2A,FR,DE,-125319.05,EUR/JPY,SEPA_Instant_Credit,PEP_Politically_Exposed,Clean_NoHit,22.97,0
SWIFT_W91154,DBSSHKHH,INGBNL2A,FR,DE,-108406.38,EUR/INR,SEPA_Instant_Credit,Low_Risk,Clean_NoHit,29.04,0
SWIFT_W91399,DBSGSGSG,INGBNL2A,FR,DE,53574.14,EUR/INR,ISO20022_pacs008,Low_Risk,Clean_NoHit,16.84,0
SWIFT_W91543,DBSGSGSG,RABONL2U,FR,DE,68716.54,EUR/JPY,SEPA_Instant_Credit,PEP_Politically_Exposed,Clean_NoHit,35.34,0
SWIFT_W91313,DBSGSGSG,INGBNL2A,FR,DE,-70158.19,EUR/INR,ISO20022_pacs008,Low_Risk,Clean_NoHit,18.57,0
SWIFT_W91409,DBSSHKHH,RABONL2U,GB,ES,125731.79,EUR/JPY,SEPA_Instant_Credit,PEP_Politically_Exposed,Clean_NoHit,27.69,0
SWIFT_W91693,DEUTDEDD,RABONL2U,IN,ES,-31736.16,EUR/JPY,SEPA_Instant_Credit,PEP_Politically_Exposed,Clean_NoHit,16.98,0
SWIFT_W91390,DBSGSGSG,INGBNL2A,FR,DE,35609.59,EUR/JPY,SEPA_Instant_Credit,PEP_Politically_Exposed,Clean_NoHit,19.44,0
SWIFT_W91548,DBSSHKHH,RABONL2U,GB,ES,31523.43,EUR/JPY,SEPA_Instant_Credit,Low_Risk,Clean_NoHit,20.38,0
SWIFT_W91273,DBSGSGSG,INGBNL2A,FR,DE,4865.39,EUR/INR,ISO20022_pacs008,Low_Risk,Clean_NoHit,12.47,0
SWIFT_W91410,DBSSHKHH,INGBNL2A,GB,ES,42829.80,EUR/JPY,SEPA_Instant_Credit,PEP_Politically_Exposed,Clean_NoHit,13.67,0
SWIFT_W91495,DBSGSGSG,RABONL2U,GB,ES,143252.56,EUR/JPY,SEPA_Instant_Credit,PEP_Politically_Exposed,Clean_NoHit,23.87,0
SWIFT_W91486,DBSSHKHH,RABONL2U,GB,ES,94027.40,EUR/JPY,SEPA_Instant_Credit,PEP_Politically_Exposed,Clean_NoHit,31.98,0
SWIFT_W91589,DBSSHKHH,RABONL2U,GB,ES,93472.63,EUR/JPY,SEPA_Instant_Credit,PEP_Politically_Exposed,Clean_NoHit,26.40,0
SWIFT_W91909,DBSSHKHH,RABONL2U,GB,DE,129800.23,EUR/JPY,SEPA_Instant_Credit,PEP_Politically_Exposed,Clean_NoHit,25.08,0
SWIFT_W91561,DBSGSGSG,RABONL2U,GB,DE,90633.37,EUR/JPY,SEPA_Instant_Credit,PEP_Politically_Exposed,Clean_NoHit,22.91,0
SWIFT_W91477,DBSSHKHH,RABONL2U,FR,ES,31035.74,EUR/JPY,SEPA_Instant_Credit,PEP_Politically_Exposed,Clean_NoHit,20.50,0
SWIFT_W91486,DBSSHKHH,INGBNL2A,GB,DE,-77735.44,EUR/JPY,SEPA_Instant_Credit,PEP_Politically_Exposed,Clean_NoHit,5.14,0
SWIFT_W91837,DBSSHKHH,SBININBB,GB,ES,-11615.01,EUR/JPY,SEPA_Instant_Credit,PEP_Politically_Exposed,Clean_NoHit,5.31,0
SWIFT_W91494,DBSSHKHH,RABONL2U,GB,ES,-60034.65,EUR/JPY,SEPA_Instant_Credit,PEP_Politically_Exposed,Clean_NoHit,2.43,0
SWIFT_W91502,DBSGSGSG,INGBNL2A,FR,DE,158710.80,EUR/JPY,SEPA_Instant_Credit,PEP_Politically_Exposed,Clean_NoHit,46.97,0
SWIFT_W91717,DBSGSGSG,RABONL2U,FR,DE,114561.42,EUR/JPY,SEPA_Instant_Credit,PEP_Politically_Exposed,Clean_NoHit,38.03,0
SWIFT_W91668,DEUTDEDD,SBININBB,IN,GB,21456.46,EUR/SGD,SEPA_Instant_Credit,PEP_Politically_Exposed,Clean_NoHit,33.86,0
SWIFT_W91574,DBSSHKHH,RABONL2U,FR,ES,2871.95,EUR/JPY,SEPA_Instant_Credit,PEP_Politically_Exposed,Clean_NoHit,34.73,0
SWIFT_W91487,DBSSHKHH,RABONL2U,GB,ES,29309.76,EUR/JPY,SEPA_Instant_Credit,PEP_Politically_Exposed,Clean_NoHit,26.54,0
SWIFT_W91720,DBSSHKHH,RABONL2U,IN,GB,35980.06,EUR/SGD,SEPA_Instant_Credit,PEP_Politically_Exposed,Clean_NoHit,27.59,0
SWIFT_W91342,DBSGSGSG,RABONL2U,GB,DE,21998.78,EUR/JPY,SEPA_Instant_Credit,PEP_Politically_Exposed,Clean_NoHit,14.06,0
SWIFT_W91782,DBSSHKHH,RABONL2U,GB,ES,172729.19,EUR/JPY,SEPA_Instant_Credit,PEP_Politically_Exposed,Clean_NoHit,26.10,0
SWIFT_W91389,DBSSHKHH,RABONL2U,GB,ES,-3659.50,EUR/JPY,SEPA_Instant_Credit,PEP_Politically_Exposed,Clean_NoHit,19.87,0
SWIFT_W91490,DBSGSGSG,INGBNL2A,FR,DE,48741.61,EUR/INR,ISO20022_pacs008,PEP_Politically_Exposed,Clean_NoHit,17.45,0
SWIFT_W91697,DBSSHKHH,RABONL2U,GB,ES,-4819.71,EUR/JPY,SEPA_Instant_Credit,PEP_Politically_Exposed,Clean_NoHit,26.95,0
SWIFT_W91529,DBSGSGSG,RABONL2U,FR,ES,184026.91,EUR/JPY,SEPA_Instant_Credit,PEP_Politically_Exposed,Clean_NoHit,25.10,0
SWIFT_W91407,DBSSHKHH,INGBNL2A,FR,DE,-34057.74,EUR/JPY,SEPA_Instant_Credit,Low_Risk,Clean_NoHit,32.25,0
SWIFT_W91388,DBSSHKHH,INGBNL2A,FR,DE,9727.81,EUR/JPY,SEPA_Instant_Credit,Low_Risk,Clean_NoHit,13.54,0
SWIFT_W91286,DBSSHKHH,INGBNL2A,GB,ES,-9092.53,EUR/JPY,SEPA_Instant_Credit,Low_Risk,Clean_NoHit,16.54,0
SWIFT_W91367,DBSGSGSG,FABAEADX,DE,CH,-103560.27,EUR/INR,ISO20022_pacs008,Low_Risk,Clean_NoHit,15.40,0
SWIFT_W91257,DBSGSGSG,INGBNL2A,FR,DE,-151580.75,EUR/JPY,ISO20022_pacs008,Low_Risk,Clean_NoHit,23.92,0
SWIFT_W91251,DBSGSGSG,FABAEADX,FR,DE,-102444.02,EUR/INR,ISO20022_pacs008,Low_Risk,Clean_NoHit,23.37,0
SWIFT_W91592,DBSSHKHH,RABONL2U,GB,ES,51602.86,EUR/JPY,SEPA_Instant_Credit,PEP_Politically_Exposed,Clean_NoHit,26.98,0
SWIFT_W91269,DBSGSGSG,INGBNL2A,FR,DE,62067.31,EUR/INR,ISO20022_pacs008,Low_Risk,Clean_NoHit,35.02,0
SWIFT_W91447,DBSSHKHH,INGBNL2A,FR,DE,2049.02,EUR/INR,SEPA_Instant_Credit,PEP_Politically_Exposed,Clean_NoHit,15.22,0
SWIFT_W91494,DBSGSGSG,INGBNL2A,GB,DE,77407.71,EUR/JPY,ISO20022_pacs008,PEP_Politically_Exposed,Clean_NoHit,8.19,0
SWIFT_W91316,DBSGSGSG,INGBNL2A,FR,DE,-40319.58,EUR/INR,ISO20022_pacs008,Low_Risk,Clean_NoHit,26.37,0
SWIFT_W91668,DBSSHKHH,SBININBB,IN,ES,68474.48,EUR/SGD,SEPA_Instant_Credit,PEP_Politically_Exposed,Clean_NoHit,28.16,0
SWIFT_W91610,DEUTDEDD,RABONL2U,IN,ES,-208224.09,EUR/SGD,SEPA_Instant_Credit,PEP_Politically_Exposed,Clean_NoHit,9.27,0
SWIFT_W91849,DBSSHKHH,RABONL2U,GB,ES,81734.53,EUR/JPY,SEPA_Instant_Credit,PEP_Politically_Exposed,Clean_NoHit,10.01,0
SWIFT_W91644,DBSSHKHH,INGBNL2A,FR,DE,-33218.73,EUR/JPY,SEPA_Instant_Credit,PEP_Politically_Exposed,Clean_NoHit,16.63,0
SWIFT_W91774,DBSSHKHH,RABONL2U,GB,ES,65933.60,EUR/JPY,SEPA_Instant_Credit,PEP_Politically_Exposed,Clean_NoHit,16.26,0
SWIFT_W91880,DBSSHKHH,SBININBB,IN,GB,214031.14,EUR/SGD,SEPA_Instant_Credit,PEP_Politically_Exposed,Clean_NoHit,32.25,0
SWIFT_W91490,DBSSHKHH,INGBNL2A,FR,ES,-106866.71,EUR/JPY,ISO20022_pacs008,Low_Risk,Clean_NoHit,24.02,0
SWIFT_W91269,DBSGSGSG,INGBNL2A,FR,DE,-20440.42,EUR/JPY,ISO20022_pacs008,Low_Risk,Clean_NoHit,18.39,0
SWIFT_W91706,DBSSHKHH,RABONL2U,GB,ES,129530.31,EUR/JPY,SEPA_Instant_Credit,PEP_Politically_Exposed,Clean_NoHit,32.06,0
SWIFT_W91538,DBSGSGSG,RABONL2U,GB,ES,77921.78,EUR/JPY,SEPA_Instant_Credit,PEP_Politically_Exposed,Clean_NoHit,15.80,0
SWIFT_W91630,DBSSHKHH,RABONL2U,GB,ES,58709.02,EUR/JPY,SEPA_Instant_Credit,PEP_Politically_Exposed,Clean_NoHit,23.35,0
SWIFT_W91404,DBSSHKHH,RABONL2U,GB,DE,109095.17,EUR/JPY,SEPA_Instant_Credit,PEP_Politically_Exposed,Clean_NoHit,20.24,0
SWIFT_W91675,DBSSHKHH,RABONL2U,GB,ES,164317.73,EUR/JPY,SEPA_Instant_Credit,PEP_Politically_Exposed,Clean_NoHit,27.37,0
SWIFT_W91480,DBSSHKHH,RABONL2U,GB,ES,47099.01,EUR/JPY,SEPA_Instant_Credit,PEP_Politically_Exposed,Clean_NoHit,22.33,0
SWIFT_W91547,DBSSHKHH,RABONL2U,GB,ES,430.40,EUR/SGD,SEPA_Instant_Credit,PEP_Politically_Exposed,Clean_NoHit,14.45,0
SWIFT_W91653,DBSGSGSG,INGBNL2A,FR,DE,49628.52,EUR/INR,ISO20022_pacs008,PEP_Politically_Exposed,Clean_NoHit,27.97,0
SWIFT_W91517,DBSGSGSG,INGBNL2A,GB,ES,-42547.76,EUR/JPY,SEPA_Instant_Credit,PEP_Politically_Exposed,Clean_NoHit,10.37,0
SWIFT_W91512,DBSSHKHH,INGBNL2A,FR,DE,-87256.17,EUR/JPY,SEPA_Instant_Credit,PEP_Politically_Exposed,Clean_NoHit,27.07,0
SWIFT_W91324,DBSGSGSG,FABAEADX,FR,DE,-59978.58,EUR/INR,ISO20022_pacs008,Low_Risk,Clean_NoHit,14.42,0
SWIFT_W91628,DBSSHKHH,RABONL2U,GB,ES,129775.45,EUR/JPY,SEPA_Instant_Credit,PEP_Politically_Exposed,Clean_NoHit,15.82,0
SWIFT_W91760,DBSSHKHH,RABONL2U,GB,ES,112996.89,EUR/JPY,SEPA_Instant_Credit,PEP_Politically_Exposed,Clean_NoHit,16.23,0
SWIFT_W91559,DBSGSGSG,INGBNL2A,FR,DE,103888.58,EUR/JPY,ISO20022_pacs008,PEP_Politically_Exposed,Clean_NoHit,32.42,0
SWIFT_W91499,DBSGSGSG,INGBNL2A,GB,ES,-53371.62,EUR/JPY,SEPA_Instant_Credit,Low_Risk,Clean_NoHit,9.89,0
SWIFT_W91651,DBSSHKHH,RABONL2U,GB,DE,-68608.56,EUR/JPY,SEPA_Instant_Credit,PEP_Politically_Exposed,Clean_NoHit,21.71,0
SWIFT_W91479,DBSSHKHH,RABONL2U,GB,ES,-64660.34,EUR/JPY,SEPA_Instant_Credit,PEP_Politically_Exposed,Clean_NoHit,16.49,0
SWIFT_W91320,DBSGSGSG,INGBNL2A,FR,DE,1516.86,EUR/INR,ISO20022_pacs008,Low_Risk,Clean_NoHit,4.45,0
SWIFT_W91400,DBSGSGSG,INGBNL2A,FR,DE,-77344.20,EUR/INR,ISO20022_pacs008,Low_Risk,Clean_NoHit,14.49,0
SWIFT_W91525,DBSSHKHH,INGBNL2A,GB,ES,-41174.84,EUR/JPY,SEPA_Instant_Credit,Low_Risk,Clean_NoHit,19.04,0
SWIFT_W91399,DBSSHKHH,INGBNL2A,FR,DE,-95836.82,EUR/JPY,SEPA_Instant_Credit,Low_Risk,Clean_NoHit,12.85,0
SWIFT_W91457,DBSGSGSG,INGBNL2A,FR,DE,25738.27,EUR/JPY,SEPA_Instant_Credit,PEP_Politically_Exposed,Clean_NoHit,23.27,0
SWIFT_W91404,DBSGSGSG,INGBNL2A,FR,DE,14721.03,EUR/INR,ISO20022_pacs008,Low_Risk,Clean_NoHit,21.21,0
SWIFT_W91605,DBSGSGSG,RABONL2U,GB,ES,97411.59,EUR/JPY,SEPA_Instant_Credit,PEP_Politically_Exposed,Clean_NoHit,31.55,0
SWIFT_W91401,DBSGSGSG,INGBNL2A,FR,DE,23368.40,EUR/INR,ISO20022_pacs008,PEP_Politically_Exposed,Clean_NoHit,13.00,0
SWIFT_W91598,DBSSHKHH,RABONL2U,FR,ES,52804.84,EUR/JPY,SEPA_Instant_Credit,PEP_Politically_Exposed,Clean_NoHit,32.29,0
SWIFT_W91575,DBSGSGSG,RABONL2U,GB,DE,-17916.93,EUR/JPY,SEPA_Instant_Credit,PEP_Politically_Exposed,Clean_NoHit,13.68,0
SWIFT_W91385,DBSSHKHH,RABONL2U,GB,ES,55663.94,EUR/JPY,SEPA_Instant_Credit,PEP_Politically_Exposed,Clean_NoHit,33.26,0
SWIFT_W91624,DBSSHKHH,INGBNL2A,GB,DE,80603.97,EUR/JPY,SEPA_Instant_Credit,PEP_Politically_Exposed,Clean_NoHit,12.79,0
SWIFT_W91490,DBSGSGSG,INGBNL2A,FR,DE,-101186.95,EUR/JPY,SEPA_Instant_Credit,PEP_Politically_Exposed,Clean_NoHit,22.19,0
SWIFT_W91643,DBSSHKHH,RABONL2U,GB,ES,-56424.73,EUR/JPY,SEPA_Instant_Credit,PEP_Politically_Exposed,Clean_NoHit,25.99,0
SWIFT_W91622,DBSSHKHH,RABONL2U,GB,ES,-7492.74,EUR/JPY,SEPA_Instant_Credit,PEP_Politically_Exposed,Clean_NoHit,21.13,0
SWIFT_W91703,DBSGSGSG,INGBNL2A,GB,ES,77695.28,EUR/JPY,SEPA_Instant_Credit,PEP_Politically_Exposed,Clean_NoHit,33.89,0
SWIFT_W91391,DBSGSGSG,INGBNL2A,FR,DE,-92967.25,EUR/JPY,SEPA_Instant_Credit,Low_Risk,Clean_NoHit,15.55,0
SWIFT_W91432,DBSGSGSG,INGBNL2A,GB,DE,55795.40,EUR/JPY,SEPA_Instant_Credit,PEP_Politically_Exposed,Clean_NoHit,19.81,0
SWIFT_W91646,DBSSHKHH,RABONL2U,GB,DE,137180.42,EUR/JPY,SEPA_Instant_Credit,PEP_Politically_Exposed,Clean_NoHit,1.92,0
SWIFT_W91339,DBSGSGSG,INGBNL2A,GB,DE,-498.27,EUR/INR,SEPA_Instant_Credit,Low_Risk,Clean_NoHit,15.19,0
SWIFT_W91469,DBSGSGSG,INGBNL2A,FR,DE,-65771.84,EUR/JPY,SEPA_Instant_Credit,Low_Risk,Clean_NoHit,25.06,0
SWIFT_W91599,DBSSHKHH,RABONL2U,GB,ES,70215.66,EUR/JPY,SEPA_Instant_Credit,PEP_Politically_Exposed,Clean_NoHit,9.68,0
SWIFT_W91438,DBSGSGSG,INGBNL2A,FR,DE,72335.60,EUR/JPY,SEPA_Instant_Credit,PEP_Politically_Exposed,Clean_NoHit,8.63,0
SWIFT_W91474,DBSSHKHH,RABONL2U,GB,ES,24238.04,EUR/JPY,SEPA_Instant_Credit,PEP_Politically_Exposed,Clean_NoHit,23.33,0
SWIFT_W91492,DBSGSGSG,RABONL2U,GB,ES,209436.66,EUR/JPY,SEPA_Instant_Credit,PEP_Politically_Exposed,Clean_NoHit,28.77,0
SWIFT_W91454,DBSSHKHH,INGBNL2A,FR,DE,-42275.44,EUR/INR,SEPA_Instant_Credit,Low_Risk,Clean_NoHit,17.07,0
SWIFT_W91574,DBSSHKHH,RABONL2U,GB,ES,135532.05,EUR/JPY,SEPA_Instant_Credit,PEP_Politically_Exposed,Clean_NoHit,21.72,0
SWIFT_W91472,DBSSHKHH,INGBNL2A,GB,ES,-134284.27,EUR/JPY,SEPA_Instant_Credit,PEP_Politically_Exposed,Clean_NoHit,6.73,0
