transaction_id,customer_id,age,account_type,transaction_type,merchant_category,amount,balance_before,balance_after,transaction_hour,location,device_type,payment_method,is_international,is_fraud
TXN-101025,CUST-1379,29,Savings,Deposit,Entertainment,128.07,19155.2,19027.13,6,London,Web Browser,Debit Card,0,0
TXN-100191,CUST-1444,23,Savings,Payment,Entertainment,32.83,586.74,553.91,5,London,Web Browser,Wire Transfer,0,0
TXN-100807,CUST-1446,52,Credit,Payment,Electronics,304.05,3570.8,3266.75,7,London,Mobile App,Wire Transfer,0,0
TXN-101921,CUST-1433,49,Savings,Payment,Electronics,233.42,3853.16,3619.74,8,London,POS Terminal,Wire Transfer,0,0
TXN-101745,CUST-1450,41,Credit,Payment,Entertainment,322.13,5172.81,4850.68,8,London,POS Terminal,Wire Transfer,1,0
TXN-100461,CUST-1444,32,Savings,Payment,Entertainment,227.24,7622.09,7394.85,10,London,Web Browser,UPI / Wallet,0,0
TXN-102127,CUST-1438,37,Savings,Deposit,Electronics,140.23,10728.76,10588.53,1,London,Web Browser,Wire Transfer,1,0
TXN-102149,CUST-1388,28,Savings,Payment,Entertainment,139.82,15601.1,15461.28,1,Berlin,Web Browser,Wire Transfer,0,0
TXN-101923,CUST-1432,34,Credit,Payment,Entertainment,846.85,5422.77,4575.92,4,London,POS Terminal,Wire Transfer,1,1
TXN-102141,CUST-1438,46,Checking,Deposit,Entertainment,277.23,6142.79,5865.56,3,Mumbai,POS Terminal,Wire Transfer,1,0
TXN-102018,CUST-1441,37,Credit,Payment,Entertainment,294.35,7051.74,6757.39,9,London,POS Terminal,UPI / Wallet,1,0
TXN-100974,CUST-1359,23,Credit,Payment,Entertainment,51.13,10253.33,10202.2,3,London,POS Terminal,Wire Transfer,0,0
TXN-102291,CUST-1433,44,Savings,Payment,Electronics,205.97,2303.59,2097.62,5,London,POS Terminal,Wire Transfer,1,0
TXN-102138,CUST-1454,21,Savings,Deposit,Entertainment,39.17,12500.73,12461.56,6,Mumbai,Web Browser,Credit Card,0,0
TXN-100400,CUST-1349,25,Savings,Deposit,Electronics,19.34,23981.01,23961.67,7,Berlin,Web Browser,Credit Card,0,0
TXN-102165,CUST-1269,46,Checking,Deposit,Entertainment,81.44,17947.54,17866.1,2,Mumbai,ATM,Debit Card,0,0
TXN-100542,CUST-1476,19,Savings,Deposit,Electronics,19.91,17656.73,17636.82,9,London,Web Browser,Credit Card,0,0
TXN-100165,CUST-1437,37,Savings,Payment,Electronics,198.75,6035.62,5836.87,15,London,POS Terminal,Credit Card,0,0
TXN-101781,CUST-1266,59,Checking,Deposit,Electronics,175.5,20651.81,20476.31,3,Mumbai,Mobile App,UPI / Wallet,0,0
TXN-101677,CUST-1478,22,Savings,Payment,Electronics,68.05,6335.87,6267.82,15,Berlin,Web Browser,Credit Card,0,0
TXN-101171,CUST-1333,38,Credit,Payment,Electronics,156.15,19595.55,19439.4,10,London,POS Terminal,Credit Card,0,0
TXN-100934,CUST-1410,40,Credit,Deposit,Entertainment,187.78,12976.99,12789.21,3,London,Web Browser,Wire Transfer,0,0
TXN-101498,CUST-1470,18,Savings,Deposit,Electronics,5.54,23210.2,23204.66,4,Berlin,Web Browser,Credit Card,0,0
TXN-102122,CUST-1206,24,Savings,Deposit,Groceries,32.66,17895.04,17862.38,1,Berlin,POS Terminal,Wire Transfer,0,0
TXN-100636,CUST-1374,34,Savings,Payment,Electronics,152.93,14062.34,13909.41,9,London,Web Browser,Credit Card,0,0
TXN-101893,CUST-1405,26,Credit,Payment,Entertainment,22.26,7202.74,7180.48,7,London,POS Terminal,UPI / Wallet,0,0
TXN-101565,CUST-1360,60,Credit,Payment,Electronics,369.68,8234.31,7864.63,6,Mumbai,Mobile App,UPI / Wallet,0,0
TXN-101192,CUST-1307,19,Savings,Deposit,Entertainment,7.74,24632.12,24774.38,0,Berlin,Web Browser,Debit Card,0,0
TXN-101665,CUST-1367,22,Credit,Deposit,Entertainment,17.33,18765.79,18748.46,10,London,POS Terminal,Credit Card,0,0
TXN-100397,CUST-1389,69,Credit,Deposit,Electronics,955.92,6953.9,5997.98,4,London,Mobile App,UPI / Wallet,1,1
TXN-101281,CUST-1464,61,Checking,Deposit,Electronics,362.88,4593.47,4230.59,2,New York,POS Terminal,Wire Transfer,1,0
TXN-101993,CUST-1372,40,Business,Deposit,Entertainment,89.0,11027.05,10938.05,1,New York,POS Terminal,Wire Transfer,0,0
TXN-100160,CUST-1394,51,Checking,Payment,Electronics,243.54,7766.12,7522.58,3,Mumbai,Mobile App,Wire Transfer,0,0
TXN-100447,CUST-1372,42,Savings,Deposit,Electronics,139.5,16539.82,16400.32,2,London,POS Terminal,Wire Transfer,1,0
TXN-100438,CUST-1409,31,Savings,Payment,Electronics,154.13,16030.2,15876.07,7,Berlin,Web Browser,Credit Card,0,0
TXN-101664,CUST-1472,19,Savings,Deposit,Entertainment,11.65,12899.05,12887.4,9,Berlin,Web Browser,Credit Card,0,0
TXN-101267,CUST-1362,28,Credit,Deposit,Entertainment,426.1,21952.47,21526.37,4,London,POS Terminal,Debit Card,1,1
TXN-100034,CUST-1423,25,Checking,Deposit,Entertainment,460.65,15622.36,15161.71,9,Mumbai,POS Terminal,Debit Card,1,1
TXN-101210,CUST-1488,19,Savings,Payment,Entertainment,19.52,955.09,935.57,14,Berlin,Web Browser,Debit Card,0,0
TXN-100464,CUST-1299,54,Business,Deposit,Electronics,77.48,18993.76,18916.28,1,London,POS Terminal,Wire Transfer,0,0
TXN-102250,CUST-1389,44,Credit,Payment,Entertainment,192.63,9328.18,9135.55,15,London,POS Terminal,Debit Card,0,0
TXN-101177,CUST-1482,30,Savings,Payment,Electronics,33.12,1389.62,1356.5,19,London,POS Terminal,Credit Card,0,0
TXN-100487,CUST-1452,20,Checking,Deposit,Entertainment,12.2,7078.39,7066.19,5,London,Web Browser,Debit Card,0,0
TXN-100836,CUST-1492,19,Business,Deposit,Entertainment,7.66,3018.31,3010.65,6,Singapore,Web Browser,Credit Card,0,0
TXN-101142,CUST-1489,18,Credit,Payment,Entertainment,7.76,1675.47,1667.71,8,Berlin,Web Browser,Debit Card,0,0
TXN-102277,CUST-1438,36,Savings,Payment,Electronics,214.99,8537.41,8322.42,4,London,Web Browser,UPI / Wallet,0,0
TXN-100517,CUST-1355,54,Credit,Deposit,Electronics,279.99,10948.8,10668.81,2,London,POS Terminal,Wire Transfer,1,0
TXN-100716,CUST-1281,50,Savings,Payment,Electronics,322.47,13120.01,12797.54,3,London,Mobile App,UPI / Wallet,0,0
TXN-100569,CUST-1412,23,Savings,Deposit,Entertainment,92.23,14878.9,14786.67,1,London,Web Browser,Wire Transfer,0,0
TXN-100126,CUST-1473,46,Credit,Payment,Electronics,307.98,2831.44,2523.46,10,London,POS Terminal,Wire Transfer,0,0
TXN-101029,CUST-1372,54,Checking,Deposit,Entertainment,396.4,13534.23,13137.83,5,Mumbai,POS Terminal,UPI / Wallet,1,0
TXN-102203,CUST-1498,18,Checking,Deposit,Entertainment,5.1,483.07,627.97,15,Berlin,Web Browser,Credit Card,0,0
TXN-100782,CUST-1475,59,Business,Deposit,Electronics,311.21,2523.55,2212.34,3,New York,POS Terminal,Wire Transfer,1,0
TXN-101900,CUST-1496,18,Savings,Payment,Entertainment,6.42,481.07,474.65,14,Berlin,Web Browser,Credit Card,0,0
TXN-101373,CUST-1344,25,Savings,Payment,Entertainment,117.72,11666.69,11548.97,5,London,POS Terminal,UPI / Wallet,0,0
TXN-100988,CUST-1424,40,Savings,Deposit,Electronics,235.42,3672.66,3437.24,2,London,POS Terminal,Wire Transfer,1,0
TXN-102178,CUST-1442,63,Credit,Payment,Electronics,264.47,3773.73,3509.26,6,London,Mobile App,Wire Transfer,0,0
TXN-100787,CUST-1403,41,Savings,Payment,Electronics,259.51,7379.09,7119.58,8,London,POS Terminal,UPI / Wallet,0,0
TXN-101810,CUST-1488,22,Savings,Transfer,Electronics,42.18,847.07,804.89,19,Berlin,Web Browser,Credit Card,0,0
TXN-101375,CUST-1444,51,Savings,Payment,Electronics,259.69,3616.44,3356.75,4,London,POS Terminal,Wire Transfer,0,0
TXN-100318,CUST-1424,49,Savings,Payment,Electronics,298.13,5789.49,5491.36,14,London,POS Terminal,Debit Card,0,0
TXN-101306,CUST-1472,21,Credit,Deposit,Entertainment,322.62,10450.71,10128.09,13,London,Web Browser,Credit Card,1,1
TXN-100719,CUST-1377,61,Savings,Payment,Electronics,320.75,9451.94,9131.19,7,London,POS Terminal,UPI / Wallet,0,0
TXN-101619,CUST-1480,26,Checking,Payment,Entertainment,82.94,1957.67,1874.73,13,Mumbai,Web Browser,UPI / Wallet,0,0
TXN-100346,CUST-1362,36,Credit,Payment,Entertainment,278.43,13529.27,13250.84,12,London,POS Terminal,UPI / Wallet,0,0
TXN-100557,CUST-1465,22,Credit,Payment,Groceries,51.14,2005.45,1954.31,8,Mumbai,Web Browser,UPI / Wallet,0,0
TXN-100635,CUST-1475,19,Credit,Deposit,Entertainment,6.99,265.34,258.35,2,London,Web Browser,Wire Transfer,0,0
TXN-101391,CUST-1471,21,Savings,Payment,Entertainment,21.22,4060.31,4039.09,14,London,Web Browser,Credit Card,0,0
TXN-100567,CUST-1409,24,Credit,Deposit,Groceries,26.99,17347.59,17470.6,6,London,Web Browser,Debit Card,0,0
TXN-100582,CUST-1482,22,Checking,Payment,Entertainment,19.3,1161.03,1141.73,11,New York,POS Terminal,UPI / Wallet,0,0
TXN-102266,CUST-1427,20,Credit,Deposit,Entertainment,11.67,21554.49,21542.82,0,London,Web Browser,UPI / Wallet,0,0
TXN-100566,CUST-1412,40,Credit,Payment,Entertainment,342.28,9996.17,9653.89,5,London,POS Terminal,Wire Transfer,1,0
TXN-101269,CUST-1463,28,Savings,Payment,Electronics,108.7,1825.77,1717.07,13,London,Web Browser,UPI / Wallet,0,0
TXN-101494,CUST-1461,39,Checking,Payment,Entertainment,151.86,2728.28,2576.42,6,Mumbai,POS Terminal,Wire Transfer,0,0
TXN-100028,CUST-1486,19,Savings,Payment,Entertainment,9.4,1448.31,1438.91,10,Berlin,Web Browser,Debit Card,0,0
TXN-100193,CUST-1457,25,Checking,Payment,Entertainment,42.45,5046.9,5004.45,9,New York,POS Terminal,Debit Card,0,0
TXN-100173,CUST-1428,36,Savings,Deposit,Electronics,189.76,3077.38,2887.62,2,London,POS Terminal,Wire Transfer,0,0
TXN-100169,CUST-1493,19,Checking,Deposit,Entertainment,6.51,6350.63,6344.12,9,Mumbai,Web Browser,Credit Card,0,0
TXN-100713,CUST-1391,32,Credit,Payment,Entertainment,65.92,10831.17,10765.25,10,London,Mobile App,Debit Card,0,0
TXN-100112,CUST-1432,50,Checking,Payment,Entertainment,336.22,4675.52,4339.3,5,Mumbai,POS Terminal,Wire Transfer,1,0
TXN-101335,CUST-1330,64,Credit,Deposit,Electronics,299.01,14035.7,13736.69,2,London,Mobile App,Wire Transfer,0,0
TXN-101333,CUST-1475,24,Savings,Payment,Electronics,83.92,1887.78,1803.86,15,London,Web Browser,Debit Card,0,0
TXN-100864,CUST-1421,57,Checking,Deposit,Electronics,232.11,6730.16,6498.05,1,Mumbai,POS Terminal,Wire Transfer,0,0
TXN-100728,CUST-1348,23,Savings,Deposit,Entertainment,50.14,22649.56,22599.42,0,Berlin,Web Browser,UPI / Wallet,0,0
TXN-102006,CUST-1302,22,Savings,Deposit,Entertainment,23.74,20522.76,20649.02,3,Berlin,POS Terminal,UPI / Wallet,0,0
TXN-101087,CUST-1433,45,Savings,Payment,Electronics,115.02,1114.34,999.32,6,London,Mobile App,Wire Transfer,0,0
TXN-100989,CUST-1487,18,Checking,Deposit,Entertainment,5.93,6797.91,6791.98,5,London,Web Browser,Credit Card,0,0
TXN-100212,CUST-1464,20,Checking,Deposit,Groceries,9.96,5687.6,5677.64,1,New York,Web Browser,Wire Transfer,0,0
TXN-101109,CUST-1389,32,Savings,Deposit,Electronics,139.81,17103.3,16963.49,5,London,Web Browser,Debit Card,0,0
TXN-102251,CUST-1485,18,Savings,Deposit,Entertainment,7.02,16562.06,16555.04,3,London,Web Browser,Credit Card,0,0
TXN-100995,CUST-1237,57,Credit,Deposit,Entertainment,965.7,15143.3,14177.6,5,London,Mobile App,UPI / Wallet,1,1
TXN-101699,CUST-1491,18,Savings,Deposit,Entertainment,6.16,11164.72,11158.56,4,Berlin,Web Browser,Credit Card,0,0
TXN-101723,CUST-1464,43,Credit,Payment,Electronics,152.48,1561.16,1408.68,8,London,POS Terminal,Wire Transfer,0,0
TXN-101916,CUST-1469,18,Savings,Deposit,Electronics,13.38,17967.45,17954.07,1,Berlin,Web Browser,Debit Card,0,0
TXN-100433,CUST-1323,43,Savings,Payment,Electronics,220.42,12706.51,12486.09,2,London,POS Terminal,Wire Transfer,0,0
TXN-100159,CUST-1223,39,Savings,Deposit,Electronics,97.53,23461.08,23363.55,2,London,POS Terminal,UPI / Wallet,0,0
TXN-100806,CUST-1410,44,Credit,Deposit,Entertainment,305.64,12521.71,12216.07,12,London,POS Terminal,Debit Card,0,0
TXN-101266,CUST-1445,62,Checking,Payment,Electronics,317.39,4466.77,4149.38,4,London,Mobile App,Wire Transfer,1,0
TXN-100805,CUST-1467,51,Savings,Payment,Electronics,271.05,2325.71,2054.66,7,London,Mobile App,Wire Transfer,0,0
TXN-100289,CUST-1458,38,Savings,Payment,Electronics,253.54,4124.54,3871.0,14,London,POS Terminal,UPI / Wallet,0,0
TXN-100467,CUST-1449,23,Savings,Payment,Electronics,86.3,3607.65,3521.35,4,Berlin,Web Browser,Wire Transfer,0,0
TXN-102270,CUST-1263,38,Savings,Payment,Entertainment,152.1,21227.65,21075.55,4,London,POS Terminal,Debit Card,0,0
TXN-101732,CUST-1465,55,Credit,Payment,Electronics,385.75,4150.71,3764.96,6,London,POS Terminal,Wire Transfer,1,0
TXN-100812,CUST-1402,28,Savings,Deposit,Entertainment,134.41,19560.52,19426.11,5,London,Web Browser,UPI / Wallet,0,0
TXN-100753,CUST-1433,21,Savings,Payment,Entertainment,32.38,2994.82,2962.44,7,London,Mobile App,Wire Transfer,0,0
TXN-101519,CUST-1302,24,Credit,Payment,Entertainment,35.76,10700.7,10664.94,2,London,Mobile App,Wire Transfer,0,0
TXN-100394,CUST-1455,26,Savings,Deposit,Electronics,88.92,12283.58,12194.66,3,Berlin,Web Browser,UPI / Wallet,0,0
TXN-100958,CUST-1227,25,Savings,Payment,Entertainment,108.07,11045.64,10937.57,1,Berlin,POS Terminal,Wire Transfer,0,0
TXN-100868,CUST-1486,29,Business,Deposit,Entertainment,29.48,796.55,767.07,7,New York,POS Terminal,Wire Transfer,0,0
TXN-100389,CUST-1492,19,Checking,Deposit,Groceries,7.81,3110.38,3102.57,8,London,Web Browser,Debit Card,0,0
TXN-100063,CUST-1470,23,Checking,Payment,Entertainment,32.65,6803.13,6770.48,10,Mumbai,POS Terminal,Debit Card,0,0
TXN-101709,CUST-1445,56,Credit,Deposit,Electronics,143.38,1370.71,1227.33,1,London,POS Terminal,Wire Transfer,0,0
TXN-102234,CUST-1487,19,Savings,Deposit,Electronics,6.18,8331.15,8324.97,13,Berlin,Web Browser,Credit Card,0,0
TXN-101755,CUST-1232,47,Savings,Deposit,Entertainment,212.09,17849.06,17636.97,6,London,Mobile App,UPI / Wallet,0,0
TXN-101419,CUST-1348,57,Credit,Payment,Entertainment,403.21,8424.6,8021.39,6,Mumbai,Mobile App,UPI / Wallet,1,0
TXN-100960,CUST-1419,32,Business,Deposit,Entertainment,323.85,16602.76,16278.91,0,Mumbai,POS Terminal,Wire Transfer,1,1
TXN-100673,CUST-1484,21,Checking,Payment,Entertainment,11.35,3506.57,3495.22,15,London,Web Browser,Credit Card,0,0
TXN-100957,CUST-1387,57,Savings,Payment,Electronics,331.73,7098.02,6766.29,9,London,Mobile App,UPI / Wallet,0,0
TXN-101125,CUST-1460,56,Savings,Payment,Electronics,258.05,2771.04,2512.99,12,Berlin,Mobile App,UPI / Wallet,0,0
TXN-100978,CUST-1468,18,Savings,Deposit,Groceries,5.94,703.29,697.35,1,Berlin,Web Browser,Wire Transfer,0,0
TXN-101430,CUST-1356,48,Credit,Deposit,Electronics,195.38,7508.49,7313.11,2,London,POS Terminal,Wire Transfer,0,0
TXN-100639,CUST-1485,18,Credit,Deposit,Entertainment,5.7,8618.16,8612.46,7,London,Web Browser,Credit Card,0,0
TXN-101288,CUST-1220,24,Savings,Deposit,Entertainment,30.5,20248.84,20218.34,3,Berlin,Mobile App,Wire Transfer,0,0
TXN-100395,CUST-1329,32,Savings,Payment,Entertainment,221.2,13516.32,13295.12,4,London,POS Terminal,UPI / Wallet,0,0
TXN-100802,CUST-1484,22,Credit,Payment,Entertainment,17.01,2822.66,2955.65,17,Mumbai,Web Browser,Credit Card,0,0
TXN-101508,CUST-1372,32,Savings,Payment,Electronics,168.08,6918.35,6750.27,7,London,POS Terminal,Wire Transfer,0,0
TXN-101106,CUST-1263,41,Credit,Payment,Entertainment,209.7,18725.58,18515.88,5,London,POS Terminal,UPI / Wallet,0,0
TXN-100444,CUST-1481,22,Savings,Payment,Entertainment,51.56,5054.16,5002.6,16,London,Web Browser,Credit Card,0,0
TXN-101078,CUST-1431,34,Credit,Payment,Entertainment,297.17,7882.06,7584.89,10,London,POS Terminal,UPI / Wallet,0,0
TXN-101426,CUST-1488,19,Credit,Deposit,Entertainment,7.76,7012.83,7005.07,8,London,Web Browser,Credit Card,0,0
TXN-101481,CUST-1418,42,Business,Payment,Entertainment,173.5,7452.59,7279.09,5,Mumbai,POS Terminal,Wire Transfer,0,0
TXN-102112,CUST-1483,20,Business,Deposit,Groceries,6.8,7642.1,7635.3,2,Mumbai,Web Browser,Debit Card,0,0
TXN-101314,CUST-1443,21,Savings,Deposit,Entertainment,45.67,11705.55,11659.88,1,Berlin,Web Browser,Wire Transfer,0,0
TXN-102200,CUST-1435,41,Savings,Payment,Electronics,226.12,3417.36,3191.24,9,London,Mobile App,Wire Transfer,0,0
TXN-100546,CUST-1452,35,Credit,Deposit,Electronics,155.13,2215.57,2060.44,4,London,POS Terminal,Wire Transfer,0,0
TXN-100445,CUST-1326,55,Savings,Payment,Electronics,288.5,15462.92,15324.42,6,London,POS Terminal,Debit Card,0,0
TXN-100529,CUST-1327,44,Savings,Payment,Electronics,228.08,6227.35,5999.27,4,London,POS Terminal,Wire Transfer,0,0
TXN-100249,CUST-1262,63,Credit,Payment,Electronics,261.6,15757.2,15495.6,7,London,Mobile App,UPI / Wallet,0,0
TXN-100135,CUST-1397,20,Savings,Deposit,Entertainment,32.57,22101.0,22068.43,5,London,Web Browser,Credit Card,0,0
TXN-100624,CUST-1469,22,Business,Deposit,Entertainment,20.38,1327.87,1307.49,4,Mumbai,POS Terminal,Wire Transfer,0,0
TXN-100887,CUST-1399,42,Checking,Deposit,Entertainment,159.03,16763.86,16604.83,1,Mumbai,POS Terminal,Wire Transfer,0,0
TXN-102021,CUST-1443,19,Savings,Deposit,Entertainment,6.66,22365.04,22358.38,0,London,Web Browser,Debit Card,0,0
TXN-100816,CUST-1391,32,Savings,Payment,Electronics,106.48,14915.73,14809.25,13,London,Web Browser,Credit Card,0,0
TXN-101041,CUST-1352,19,Savings,Payment,Entertainment,21.19,9848.28,9827.09,1,Berlin,POS Terminal,Wire Transfer,0,0
TXN-100970,CUST-1473,40,Savings,Payment,Electronics,147.07,1291.5,1144.43,7,London,POS Terminal,Wire Transfer,0,0
TXN-100074,CUST-1491,24,Credit,Payment,Entertainment,19.39,770.83,751.44,20,London,Web Browser,Credit Card,0,0
TXN-102058,CUST-1426,43,Credit,Payment,Electronics,281.35,4028.38,3747.03,9,London,POS Terminal,Wire Transfer,0,0
TXN-102078,CUST-1457,23,Savings,Payment,Electronics,67.92,9114.03,9046.11,14,London,Web Browser,Credit Card,0,0
TXN-100660,CUST-1431,29,Savings,Deposit,Entertainment,125.72,11659.56,11533.84,2,London,Web Browser,Wire Transfer,0,0
TXN-100058,CUST-1385,57,Credit,Deposit,Electronics,243.48,3385.65,3292.17,2,Mumbai,Mobile App,Wire Transfer,0,0
TXN-100375,CUST-1435,28,Savings,Deposit,Electronics,107.78,4356.58,4248.8,1,London,Web Browser,Wire Transfer,0,0
TXN-101073,CUST-1419,50,Credit,Deposit,Electronics,219.17,6151.6,5932.43,2,London,POS Terminal,Wire Transfer,1,0
TXN-102097,CUST-1444,23,Credit,Payment,Entertainment,43.22,2906.19,2862.97,13,London,POS Terminal,UPI / Wallet,0,0
TXN-100672,CUST-1391,30,Credit,Payment,Entertainment,156.98,10178.96,10021.98,10,London,POS Terminal,UPI / Wallet,0,0
TXN-101368,CUST-1444,28,Savings,Payment,Electronics,103.55,9950.82,9847.27,10,Berlin,Web Browser,Credit Card,0,0
TXN-101622,CUST-1412,47,Checking,Deposit,Electronics,75.54,3855.56,3780.02,5,Mumbai,ATM,Wire Transfer,0,0
TXN-101331,CUST-1262,59,Credit,Payment,Entertainment,344.71,18063.04,17718.33,5,London,POS Terminal,UPI / Wallet,0,0
TXN-101180,CUST-1407,40,Savings,Transfer,Electronics,616.82,1861.25,1244.43,11,Berlin,POS Terminal,UPI / Wallet,1,1
TXN-101283,CUST-1423,18,Savings,Deposit,Entertainment,7.19,22097.22,22090.03,0,Berlin,Web Browser,Debit Card,0,0
TXN-100013,CUST-1436,25,Credit,Deposit,Entertainment,29.09,19478.38,19449.29,10,London,Web Browser,Credit Card,0,0
TXN-102031,CUST-1441,29,Savings,Payment,Entertainment,180.13,7312.49,7132.36,10,London,Web Browser,Debit Card,0,0
TXN-101773,CUST-1399,20,Savings,Deposit,Entertainment,35.77,19877.48,19841.71,1,Berlin,Web Browser,UPI / Wallet,0,0
TXN-100150,CUST-1275,51,Savings,Payment,Electronics,162.68,18942.66,18779.98,8,Mumbai,Mobile App,Debit Card,0,0
TXN-101859,CUST-1475,21,Credit,Payment,Entertainment,20.51,734.15,863.64,11,London,Web Browser,UPI / Wallet,0,0
TXN-100143,CUST-1385,31,Savings,Payment,Electronics,94.71,16603.03,16508.32,14,London,Web Browser,Credit Card,0,0
TXN-101293,CUST-1491,20,Credit,Payment,Entertainment,13.62,896.42,882.8,12,London,Web Browser,UPI / Wallet,0,0
TXN-100223,CUST-1418,32,Savings,Payment,Electronics,136.31,9806.32,9670.01,11,London,Web Browser,Credit Card,0,0
TXN-100458,CUST-1429,46,Checking,Deposit,Entertainment,123.66,1653.32,1529.66,2,Mumbai,POS Terminal,Wire Transfer,0,0
TXN-101785,CUST-1489,18,Savings,Deposit,Electronics,5.84,7228.69,7222.85,12,Berlin,Web Browser,Credit Card,0,0
TXN-100797,CUST-1341,33,Credit,Deposit,Entertainment,87.68,21660.27,21572.59,6,Mumbai,POS Terminal,Debit Card,0,0
TXN-101865,CUST-1398,22,Savings,Deposit,Entertainment,31.74,19210.52,19178.78,2,London,Web Browser,UPI / Wallet,0,0
TXN-100650,CUST-1430,31,Business,Deposit,Entertainment,47.0,19543.28,19496.28,1,London,Web Browser,UPI / Wallet,0,0
TXN-100248,CUST-1447,48,Checking,Deposit,Electronics,242.06,3902.32,3660.26,4,New York,POS Terminal,Wire Transfer,1,0
TXN-100625,CUST-1446,52,Credit,Deposit,Electronics,222.83,2833.92,2611.09,2,London,Mobile App,Wire Transfer,1,0
TXN-100667,CUST-1376,34,Business,Deposit,Entertainment,66.19,17974.71,17908.52,1,Mumbai,POS Terminal,Wire Transfer,0,0
TXN-101480,CUST-1144,44,Savings,Deposit,Entertainment,174.58,20925.16,20900.58,3,London,POS Terminal,UPI / Wallet,0,0
TXN-100515,CUST-1457,43,Savings,Payment,Electronics,156.54,2472.67,2316.13,13,London,Mobile App,Wire Transfer,0,0
TXN-100010,CUST-1435,34,Savings,Payment,Electronics,226.43,4910.42,4683.99,5,London,POS Terminal,Wire Transfer,0,0
TXN-100679,CUST-1474,21,Savings,Payment,Electronics,34.67,3562.84,3528.17,8,Berlin,Web Browser,Debit Card,0,0
TXN-100759,CUST-1444,20,Savings,Deposit,Entertainment,22.7,11919.41,11896.71,2,London,Web Browser,UPI / Wallet,0,0
TXN-100702,CUST-1418,31,Checking,Payment,Entertainment,634.05,6938.61,6304.56,9,Mumbai,POS Terminal,UPI / Wallet,1,1
TXN-100690,CUST-1458,19,Savings,Deposit,Entertainment,21.1,9685.99,9664.89,7,Berlin,Web Browser,Credit Card,0,0
TXN-100894,CUST-1288,31,Savings,Deposit,Electronics,68.73,23072.12,23003.39,2,London,Web Browser,Debit Card,0,0
TXN-101086,CUST-1262,36,Savings,Deposit,Electronics,113.44,21235.01,21121.57,2,London,POS Terminal,UPI / Wallet,0,0
TXN-100820,CUST-1409,19,Savings,Payment,Entertainment,17.76,6309.35,6291.59,5,London,POS Terminal,UPI / Wallet,0,0
TXN-102206,CUST-1448,62,Credit,Deposit,Electronics,272.78,2975.22,2702.44,3,Mumbai,Mobile App,Wire Transfer,1,0
TXN-101827,CUST-1308,48,Savings,Payment,Electronics,270.83,17527.79,17256.96,10,London,POS Terminal,Debit Card,0,0
TXN-101641,CUST-1451,41,Savings,Payment,Electronics,152.85,1289.18,1136.33,3,London,Mobile App,Wire Transfer,0,0
TXN-102235,CUST-1451,25,Savings,Payment,Entertainment,433.12,13760.19,13327.07,13,London,Web Browser,Credit Card,1,1
TXN-101594,CUST-1447,22,Savings,Payment,Entertainment,66.47,5893.97,5827.5,9,Berlin,Web Browser,Debit Card,0,0
TXN-100731,CUST-1267,28,Savings,Deposit,Entertainment,67.18,22808.68,22741.5,4,London,POS Terminal,Debit Card,0,0
TXN-100320,CUST-1372,30,Credit,Payment,Entertainment,197.35,11482.26,11284.91,10,Mumbai,POS Terminal,UPI / Wallet,0,0
TXN-100174,CUST-1459,53,Savings,Payment,Electronics,115.93,425.47,309.54,1,London,Mobile App,Wire Transfer,0,0
TXN-101818,CUST-1432,42,Savings,Payment,Electronics,190.53,2475.18,2284.65,8,London,Mobile App,Wire Transfer,0,0
TXN-101943,CUST-1466,33,Savings,Transfer,Electronics,146.4,2738.16,2591.76,16,Berlin,Web Browser,Debit Card,0,0
TXN-101523,CUST-1434,35,Savings,Payment,Entertainment,267.62,6313.35,6045.73,14,London,POS Terminal,Debit Card,0,0
TXN-100704,CUST-1446,33,Savings,Payment,Electronics,182.91,3873.48,3690.57,11,London,Web Browser,UPI / Wallet,0,0
TXN-100478,CUST-1171,50,Credit,Deposit,Electronics,73.53,14491.25,14417.72,1,London,ATM,Wire Transfer,0,0
TXN-100676,CUST-1382,66,Credit,Deposit,Electronics,360.03,6166.08,5806.05,4,Mumbai,Mobile App,Wire Transfer,0,0
TXN-100881,CUST-1453,54,Checking,Payment,Electronics,275.52,2596.36,2320.84,6,Mumbai,Mobile App,Wire Transfer,1,0
TXN-101929,CUST-1384,32,Savings,Payment,Entertainment,168.91,9633.59,9464.68,4,London,Web Browser,Wire Transfer,0,0
TXN-100359,CUST-1170,37,Credit,Deposit,Electronics,72.43,19083.27,19010.84,0,London,Mobile App,Wire Transfer,0,0
TXN-100537,CUST-1396,51,Savings,Payment,Electronics,369.02,9088.91,8719.89,12,London,POS Terminal,Debit Card,0,0
TXN-101265,CUST-1465,25,Checking,Payment,Entertainment,76.6,2318.18,2241.58,12,New York,POS Terminal,Wire Transfer,0,0
TXN-100539,CUST-1438,30,Savings,Payment,Entertainment,137.45,1973.3,1985.85,7,London,POS Terminal,Wire Transfer,0,0
TXN-100492,CUST-1440,38,Savings,Payment,Electronics,737.15,5036.02,4298.87,7,London,POS Terminal,Wire Transfer,1,1
TXN-101019,CUST-1360,47,Credit,Payment,Entertainment,326.01,11297.06,10971.05,12,London,POS Terminal,Debit Card,0,0
TXN-102245,CUST-1405,23,Credit,Deposit,Entertainment,37.0,18930.45,18893.45,4,London,Web Browser,Debit Card,0,0
TXN-101188,CUST-1280,31,Credit,Deposit,Entertainment,108.21,21546.82,21438.61,3,London,POS Terminal,Debit Card,0,0
TXN-100437,CUST-1432,51,Checking,Deposit,Electronics,215.22,4367.54,4152.32,1,London,POS Terminal,Wire Transfer,1,0
TXN-101726,CUST-1389,54,Checking,Deposit,Electronics,207.51,4466.55,4259.04,2,Mumbai,Mobile App,Wire Transfer,0,0
TXN-101862,CUST-1381,54,Credit,Payment,Electronics,221.43,6947.04,6725.61,9,London,Mobile App,UPI / Wallet,0,0
TXN-100973,CUST-1303,27,Savings,Deposit,Electronics,14.57,24773.15,24758.58,1,London,POS Terminal,Credit Card,0,0
TXN-102197,CUST-1388,41,Savings,Payment,Electronics,163.42,1894.28,1730.86,4,London,POS Terminal,Wire Transfer,0,0
TXN-100796,CUST-1276,44,Credit,Payment,Entertainment,157.82,18250.76,18092.94,9,London,Mobile App,Debit Card,0,0
TXN-100938,CUST-1382,39,Savings,Payment,Entertainment,278.27,8076.15,7797.88,5,London,POS Terminal,UPI / Wallet,0,0
TXN-101438,CUST-1475,22,Savings,Payment,Electronics,47.57,6124.07,6076.5,12,London,Web Browser,Credit Card,0,0
TXN-100265,CUST-1382,44,Checking,Deposit,Electronics,217.88,12738.03,12520.15,2,London,POS Terminal,Wire Transfer,0,0
TXN-101182,CUST-1486,18,Savings,Deposit,Electronics,6.36,20087.3,20080.94,2,Berlin,Web Browser,Credit Card,0,0
TXN-101588,CUST-1380,32,Savings,Payment,Entertainment,173.18,12811.32,12638.14,3,London,Web Browser,UPI / Wallet,0,0
TXN-101557,CUST-1461,35,Savings,Payment,Electronics,264.69,3621.08,3356.39,14,London,POS Terminal,UPI / Wallet,0,0
TXN-100819,CUST-1389,24,Credit,Payment,Entertainment,38.98,13625.44,13586.46,4,Mumbai,POS Terminal,Debit Card,0,0
TXN-100783,CUST-1456,32,Savings,Transfer,Electronics,132.91,2189.46,2056.55,13,Berlin,POS Terminal,UPI / Wallet,0,0
TXN-102294,CUST-1494,19,Savings,Payment,Electronics,7.06,958.76,951.7,19,Berlin,Web Browser,Credit Card,0,0
TXN-100073,CUST-1471,38,Savings,Payment,Electronics,215.35,3380.63,3165.28,14,Berlin,POS Terminal,Debit Card,0,0
TXN-102278,CUST-1485,19,Savings,Deposit,Entertainment,334.32,11551.9,11217.58,10,London,Web Browser,Credit Card,1,1
TXN-101003,CUST-1459,28,Savings,Payment,Electronics,132.19,6377.26,6395.07,12,London,Web Browser,Credit Card,0,0
TXN-101648,CUST-1456,50,Credit,Payment,Electronics,343.16,3208.57,2865.41,6,London,POS Terminal,Wire Transfer,0,0
TXN-102046,CUST-1455,31,Savings,Payment,Electronics,104.2,6722.52,6618.32,16,Berlin,Web Browser,Credit Card,0,0
TXN-100324,CUST-1458,24,Savings,Payment,Entertainment,90.37,5466.4,5376.03,13,Berlin,Web Browser,Credit Card,0,0
TXN-101367,CUST-1462,24,Checking,Deposit,Entertainment,447.78,13181.26,12733.48,7,Mumbai,Web Browser,Debit Card,1,1
TXN-101263,CUST-1465,20,Savings,Payment,Entertainment,22.11,3239.93,3217.82,12,Berlin,Web Browser,Debit Card,0,0
TXN-101020,CUST-1400,37,Checking,Deposit,Entertainment,888.55,13798.02,12909.47,9,Mumbai,POS Terminal,UPI / Wallet,1,1
TXN-102030,CUST-1437,43,Savings,Payment,Electronics,196.67,1981.1,1784.43,2,London,POS Terminal,Wire Transfer,0,0
TXN-100855,CUST-1493,19,Credit,Deposit,Entertainment,6.04,8185.27,8179.23,15,London,Web Browser,Credit Card,0,0
TXN-102181,CUST-1364,25,Savings,Payment,Electronics,100.89,16038.26,15937.37,2,London,Web Browser,UPI / Wallet,0,0
TXN-100260,CUST-1377,26,Savings,Payment,Electronics,100.72,17919.19,17818.47,1,Berlin,Web Browser,UPI / Wallet,0,0
TXN-101372,CUST-1460,21,Savings,Deposit,Electronics,19.04,14997.31,14978.27,13,Berlin,Web Browser,Credit Card,0,0
TXN-101302,CUST-1460,19,Savings,Deposit,Electronics,9.75,24071.74,24211.99,3,Berlin,Web Browser,Credit Card,0,0
TXN-102158,CUST-1442,31,Checking,Payment,Entertainment,98.7,2333.7,2235.0,9,Mumbai,POS Terminal,Wire Transfer,0,0
TXN-101330,CUST-1360,38,Checking,Payment,Entertainment,194.76,9535.0,9340.24,4,London,Mobile App,Wire Transfer,0,0
TXN-100197,CUST-1407,39,Credit,Payment,Electronics,268.0,11109.31,10841.31,6,London,POS Terminal,UPI / Wallet,0,0
TXN-101021,CUST-1492,18,Checking,Deposit,Entertainment,314.72,2838.35,2523.63,5,Mumbai,Web Browser,Debit Card,1,1
TXN-100886,CUST-1356,53,Savings,Payment,Entertainment,341.27,10649.06,10307.79,13,London,Mobile App,Debit Card,0,0
TXN-100362,CUST-1473,39,Savings,Payment,Electronics,277.65,3901.07,3623.42,6,London,POS Terminal,Wire Transfer,0,0
TXN-100637,CUST-1465,23,Savings,Payment,Entertainment,35.08,8504.57,8469.49,15,London,Web Browser,Credit Card,0,0
TXN-100022,CUST-1338,29,Savings,Deposit,Electronics,41.13,22881.23,22840.1,3,London,Web Browser,Credit Card,0,0
TXN-101403,CUST-1449,37,Savings,Deposit,Electronics,143.84,5682.45,5538.61,1,London,Web Browser,Wire Transfer,1,0
TXN-101226,CUST-1418,22,Savings,Payment,Entertainment,41.6,2534.4,2492.8,5,London,POS Terminal,Wire Transfer,0,0
TXN-101646,CUST-1415,44,Savings,Payment,Electronics,294.56,4914.01,4619.45,7,London,POS Terminal,UPI / Wallet,0,0
TXN-100947,CUST-1417,36,Credit,Payment,Entertainment,219.81,9360.77,9140.96,4,Mumbai,POS Terminal,Wire Transfer,0,0
TXN-101198,CUST-1459,25,Savings,Payment,Entertainment,105.29,8345.99,8240.7,6,Berlin,Web Browser,UPI / Wallet,0,0
TXN-100463,CUST-1436,26,Savings,Payment,Entertainment,114.73,3549.79,3435.06,6,London,POS Terminal,Wire Transfer,0,0
TXN-101443,CUST-1431,27,Savings,Transfer,Electronics,57.7,1548.37,1490.67,10,Berlin,Mobile App,Wire Transfer,0,0
TXN-101396,CUST-1408,31,Savings,Payment,Entertainment,275.62,9063.15,8787.53,7,London,Web Browser,UPI / Wallet,0,0
TXN-101630,CUST-1454,21,Savings,Payment,Entertainment,24.0,12635.2,12611.2,10,Berlin,Web Browser,Credit Card,0,0
TXN-101107,CUST-1469,37,Savings,Payment,Electronics,84.94,2487.31,2402.37,17,London,POS Terminal,Debit Card,0,0
TXN-100626,CUST-1462,22,Credit,Deposit,Entertainment,29.82,12269.21,12239.39,14,Mumbai,Web Browser,Credit Card,0,0
TXN-101096,CUST-1260,43,Savings,Payment,Entertainment,146.1,18780.66,18634.56,7,London,Mobile App,Debit Card,0,0
TXN-100459,CUST-1368,21,Savings,Deposit,Entertainment,408.52,20273.17,19864.65,1,Berlin,Web Browser,UPI / Wallet,1,1
TXN-100726,CUST-1461,31,Savings,Transfer,Electronics,107.99,1786.79,1678.8,14,Berlin,POS Terminal,UPI / Wallet,0,0
TXN-100326,CUST-1494,18,Savings,Payment,Electronics,6.63,4068.32,4061.69,9,Berlin,Web Browser,Credit Card,0,0
TXN-100506,CUST-1430,56,Checking,Deposit,Electronics,404.6,8670.97,8266.37,4,Mumbai,POS Terminal,Wire Transfer,1,0
TXN-100037,CUST-1392,26,Business,Deposit,Entertainment,26.93,15192.26,15165.33,2,Mumbai,Web Browser,UPI / Wallet,0,0
TXN-100331,CUST-1414,53,Savings,Transfer,Electronics,218.7,4350.39,4131.69,10,London,Mobile App,UPI / Wallet,0,0
TXN-101495,CUST-1442,29,Credit,Transfer,Entertainment,828.32,5736.11,4907.79,15,London,POS Terminal,UPI / Wallet,1,1
TXN-101571,CUST-1394,53,Credit,Payment,Entertainment,347.45,7522.48,7175.03,12,London,POS Terminal,Debit Card,0,0
TXN-101654,CUST-1478,19,Savings,Payment,Entertainment,13.54,5146.32,5132.78,12,Berlin,Web Browser,Credit Card,0,0
TXN-101098,CUST-1312,44,Savings,Payment,Entertainment,233.61,5571.75,5338.14,4,London,POS Terminal,Wire Transfer,0,0
TXN-101384,CUST-1455,24,Savings,Deposit,Electronics,71.01,15134.33,15213.32,8,London,Web Browser,Credit Card,0,0
TXN-100310,CUST-1425,41,Savings,Payment,Electronics,283.03,3603.12,3320.09,6,London,POS Terminal,Wire Transfer,0,0
TXN-100677,CUST-1489,27,Credit,Payment,Electronics,16.44,331.61,315.17,16,London,POS Terminal,Wire Transfer,0,0
TXN-100508,CUST-1365,29,Credit,Deposit,Electronics,42.62,24280.75,24388.13,3,Mumbai,POS Terminal,Credit Card,0,0
TXN-102279,CUST-1441,55,Savings,Payment,Electronics,225.13,2623.92,2398.79,7,London,Mobile App,Wire Transfer,0,0
TXN-101433,CUST-1470,18,Savings,Payment,Entertainment,7.38,9531.82,9524.44,5,Berlin,Web Browser,Debit Card,0,0
TXN-101399,CUST-1397,21,Credit,Deposit,Entertainment,7.89,20850.4,20842.51,3,London,POS Terminal,Credit Card,0,0
TXN-102185,CUST-1451,37,Savings,Deposit,Electronics,33.88,14186.76,14152.88,15,London,POS Terminal,Credit Card,0,0
TXN-101456,CUST-1240,46,Savings,Deposit,Electronics,161.78,18446.42,18284.64,2,Berlin,POS Terminal,Wire Transfer,0,0
TXN-101115,CUST-1455,52,Credit,Payment,Electronics,251.51,2760.14,2508.63,10,Mumbai,Mobile App,Wire Transfer,0,0
TXN-100573,CUST-1431,22,Savings,Deposit,Entertainment,71.33,21815.8,21744.47,4,London,Web Browser,Credit Card,0,0
TXN-101902,CUST-1351,40,Savings,Payment,Entertainment,237.23,16481.33,16394.1,11,London,POS Terminal,Debit Card,0,0
TXN-100834,CUST-1409,32,Savings,Payment,Entertainment,194.91,6852.4,6657.49,3,London,POS Terminal,Wire Transfer,0,0
TXN-101520,CUST-1268,39,Credit,Payment,Electronics,172.77,20964.53,20791.76,2,London,POS Terminal,UPI / Wallet,0,0
TXN-101976,CUST-1396,20,Credit,Deposit,Entertainment,31.47,20589.47,20558.0,2,London,Web Browser,Debit Card,0,0
TXN-100457,CUST-1454,30,Savings,Payment,Entertainment,187.1,3675.83,3488.73,14,London,POS Terminal,UPI / Wallet,0,0
TXN-100972,CUST-1407,60,Checking,Deposit,Electronics,1254.95,5836.78,4581.83,3,Mumbai,Mobile App,Wire Transfer,1,1
TXN-101806,CUST-1373,59,Credit,Payment,Electronics,1271.0,8576.95,7455.95,8,Mumbai,Mobile App,UPI / Wallet,1,1
TXN-100491,CUST-1449,19,Savings,Deposit,Entertainment,12.82,20727.29,20714.47,1,Berlin,Web Browser,Credit Card,0,0
TXN-101022,CUST-1384,37,Savings,Payment,Entertainment,302.0,5681.78,5379.78,4,London,POS Terminal,Wire Transfer,0,0
TXN-100744,CUST-1269,29,Savings,Deposit,Electronics,42.3,23609.53,23567.23,5,London,POS Terminal,Credit Card,0,0
TXN-100085,CUST-1307,60,Credit,Deposit,Electronics,377.59,11851.39,11473.8,3,London,Mobile App,Wire Transfer,0,0
TXN-102074,CUST-1432,50,Checking,Payment,Entertainment,210.33,7368.58,7308.25,13,New York,Mobile App,Debit Card,0,0
TXN-100930,CUST-1417,49,Credit,Deposit,Electronics,281.4,7683.64,7402.24,3,London,POS Terminal,Wire Transfer,1,0
TXN-102274,CUST-1479,33,Checking,Payment,Entertainment,109.07,3834.99,3725.92,15,London,Web Browser,UPI / Wallet,0,0
TXN-100072,CUST-1448,35,Savings,Deposit,Electronics,238.81,5669.17,5430.36,3,London,POS Terminal,Wire Transfer,1,0
TXN-100644,CUST-1368,45,Credit,Payment,Entertainment,419.25,9905.07,9485.82,9,Mumbai,POS Terminal,UPI / Wallet,0,0
TXN-101987,CUST-1307,35,Savings,Deposit,Electronics,116.43,21706.9,21590.47,4,London,Web Browser,Debit Card,0,0
TXN-101134,CUST-1458,38,Savings,Payment,Electronics,81.75,4693.39,4611.64,19,London,POS Terminal,Credit Card,0,0
TXN-101529,CUST-1423,24,Checking,Deposit,Groceries,339.55,4655.42,4315.87,1,London,POS Terminal,Wire Transfer,1,1
TXN-100707,CUST-1411,36,Credit,Payment,Entertainment,265.82,10903.74,10637.92,9,Mumbai,POS Terminal,UPI / Wallet,0,0
TXN-101972,CUST-1247,59,Savings,Deposit,Electronics,128.08,21513.35,21385.27,10,London,POS Terminal,Credit Card,0,0
TXN-100336,CUST-1415,51,Credit,Deposit,Electronics,166.75,2020.05,1853.3,2,London,Mobile App,Wire Transfer,0,0
TXN-100311,CUST-1493,20,Savings,Payment,Electronics,9.4,4237.91,4228.51,21,Berlin,Web Browser,Credit Card,0,0
TXN-101457,CUST-1406,52,Checking,Payment,Electronics,369.52,9814.47,9444.95,4,Mumbai,POS Terminal,Wire Transfer,1,0
TXN-100920,CUST-1299,64,Credit,Deposit,Electronics,283.76,13455.78,13172.02,6,London,Mobile App,Debit Card,0,0
TXN-100211,CUST-1364,27,Credit,Deposit,Entertainment,45.14,10673.68,10628.54,4,Mumbai,Mobile App,UPI / Wallet,0,0
TXN-100725,CUST-1389,20,Savings,Payment,Entertainment,22.28,14519.5,14497.22,3,London,POS Terminal,Debit Card,0,0
TXN-100718,CUST-1464,56,Checking,Deposit,Electronics,106.07,807.57,701.5,1,Mumbai,Mobile App,Wire Transfer,0,0
TXN-100986,CUST-1359,44,Savings,Deposit,Electronics,149.7,18025.99,17876.29,6,Berlin,Web Browser,Debit Card,0,0
TXN-101675,CUST-1362,43,Credit,Deposit,Entertainment,156.65,4867.79,4711.14,3,London,POS Terminal,Wire Transfer,0,0
TXN-100280,CUST-1406,42,Credit,Payment,Electronics,248.58,6651.35,6402.77,3,London,POS Terminal,Wire Transfer,1,0
TXN-100681,CUST-1251,59,Savings,Payment,Electronics,283.43,14703.28,14419.85,6,London,Mobile App,UPI / Wallet,0,0
TXN-100141,CUST-1442,31,Credit,Deposit,Entertainment,174.48,13322.3,13147.82,5,London,Web Browser,Debit Card,0,0
TXN-101644,CUST-1371,59,Checking,Deposit,Electronics,399.66,14747.7,14348.04,3,Mumbai,POS Terminal,UPI / Wallet,0,0
TXN-100931,CUST-1428,40,Savings,Payment,Electronics,121.17,899.5,778.33,5,Mumbai,Mobile App,Wire Transfer,0,0
TXN-100185,CUST-1419,39,Credit,Payment,Entertainment,148.5,11858.39,11709.89,14,Mumbai,POS Terminal,Credit Card,0,0
TXN-100045,CUST-1446,45,Credit,Payment,Electronics,172.87,5223.46,5050.59,14,London,POS Terminal,UPI / Wallet,0,0
TXN-100027,CUST-1496,18,Savings,Payment,Electronics,5.98,395.79,389.81,21,Berlin,Web Browser,Credit Card,0,0
TXN-101774,CUST-1460,24,Savings,Payment,Entertainment,81.4,4026.73,3945.33,7,London,Web Browser,UPI / Wallet,0,0
TXN-100738,CUST-1473,21,Savings,Payment,Entertainment,39.6,3385.74,3346.14,16,London,Web Browser,Debit Card,0,0
TXN-100641,CUST-1455,28,Business,Deposit,Entertainment,37.31,12465.78,12428.47,4,New York,Web Browser,Debit Card,0,0
TXN-100858,CUST-1404,31,Credit,Payment,Entertainment,98.02,2712.53,2614.51,9,Mumbai,POS Terminal,Wire Transfer,0,0
TXN-102064,CUST-1483,25,Business,Deposit,Entertainment,7.46,3631.17,3623.71,1,New York,POS Terminal,UPI / Wallet,0,0
TXN-101013,CUST-1382,40,Credit,Payment,Entertainment,340.0,7964.45,7624.45,7,Mumbai,POS Terminal,Wire Transfer,0,0
TXN-100687,CUST-1420,20,Savings,Deposit,Entertainment,26.06,7836.59,7810.53,6,London,Web Browser,Debit Card,0,0
TXN-100250,CUST-1428,21,Savings,Deposit,Entertainment,46.81,23306.92,23260.11,1,London,Web Browser,Debit Card,0,0
TXN-101449,CUST-1415,42,Savings,Payment,Electronics,256.88,5567.87,5310.99,12,London,POS Terminal,UPI / Wallet,0,0
TXN-101316,CUST-1443,29,Savings,Deposit,Entertainment,153.32,13147.35,12994.03,3,London,Web Browser,Wire Transfer,0,0
TXN-100153,CUST-1444,34,Checking,Payment,Entertainment,72.03,3169.05,3097.02,7,Mumbai,POS Terminal,Wire Transfer,0,0
TXN-100167,CUST-1165,35,Credit,Deposit,Electronics,14.52,24204.97,24190.45,0,London,Mobile App,UPI / Wallet,0,0
TXN-100596,CUST-1489,20,Savings,Payment,Electronics,11.82,789.81,777.99,20,Berlin,POS Terminal,Debit Card,0,0
TXN-101194,CUST-1397,55,Credit,Payment,Entertainment,278.04,8508.21,8230.17,14,Mumbai,Mobile App,Debit Card,0,0
TXN-100869,CUST-1385,48,Credit,Payment,Entertainment,332.97,10870.79,10537.82,12,London,POS Terminal,Debit Card,0,0
TXN-101563,CUST-1364,25,Savings,Payment,Entertainment,63.59,2032.15,1968.56,3,London,POS Terminal,Wire Transfer,0,0
TXN-102272,CUST-1465,23,Credit,Payment,Entertainment,32.56,1743.9,1711.34,10,London,Web Browser,UPI / Wallet,0,0
TXN-101417,CUST-1490,19,Credit,Deposit,Entertainment,12.61,15677.98,15665.37,9,London,Web Browser,Credit Card,0,0
TXN-101085,CUST-1459,21,Credit,Deposit,Entertainment,17.43,1565.25,1547.82,4,London,Web Browser,Wire Transfer,0,0
TXN-100163,CUST-1496,18,Savings,Payment,Entertainment,6.24,673.99,667.75,15,Berlin,Web Browser,Credit Card,0,0
TXN-101157,CUST-1362,37,Credit,Deposit,Electronics,93.56,23085.34,22991.78,5,London,Web Browser,Credit Card,0,0
TXN-100736,CUST-1481,62,Credit,Deposit,Electronics,184.9,910.66,725.76,1,Mumbai,Mobile App,Wire Transfer,1,0
TXN-100821,CUST-1423,40,Savings,Payment,Electronics,241.06,7169.24,6928.18,12,London,POS Terminal,Debit Card,0,0
TXN-101313,CUST-1293,63,Credit,Deposit,Electronics,322.55,11839.17,11516.62,4,London,Mobile App,UPI / Wallet,0,0
TXN-100910,CUST-1403,35,Credit,Payment,Entertainment,303.96,13286.6,12982.64,6,London,POS Terminal,UPI / Wallet,0,0
TXN-101067,CUST-1372,29,Credit,Payment,Entertainment,76.92,7703.04,7626.12,9,London,POS Terminal,UPI / Wallet,0,0
TXN-101537,CUST-1420,31,Savings,Payment,Electronics,139.36,6615.62,6476.26,10,London,Web Browser,Debit Card,0,0
TXN-101905,CUST-1333,29,Savings,Payment,Entertainment,184.46,16093.97,15909.51,3,London,POS Terminal,UPI / Wallet,0,0
TXN-101137,CUST-1383,26,Savings,Payment,Entertainment,134.24,18163.69,18029.45,3,London,Web Browser,UPI / Wallet,0,0
TXN-100029,CUST-1410,21,Credit,Deposit,Groceries,16.17,13862.35,13846.18,4,London,Web Browser,Debit Card,0,0
TXN-100001,CUST-1373,54,Savings,Payment,Electronics,314.52,6486.36,6171.84,6,London,Mobile App,UPI / Wallet,0,0
TXN-101597,CUST-1475,22,Credit,Payment,Entertainment,371.75,7249.21,6877.46,14,London,Web Browser,Credit Card,1,1
TXN-101626,CUST-1261,33,Savings,Payment,Entertainment,168.33,14082.28,13913.95,2,London,POS Terminal,Wire Transfer,0,0
TXN-100632,CUST-1446,21,Savings,Payment,Entertainment,16.81,3022.64,3005.83,15,Berlin,POS Terminal,Debit Card,0,0
TXN-100399,CUST-1476,21,Savings,Payment,Entertainment,24.42,10614.33,10589.91,17,London,Web Browser,Credit Card,0,0
TXN-100347,CUST-1438,48,Credit,Payment,Entertainment,314.8,6222.12,5907.32,11,Mumbai,POS Terminal,UPI / Wallet,0,0
TXN-100175,CUST-1435,37,Savings,Payment,Electronics,201.54,3551.7,3350.16,6,London,POS Terminal,Wire Transfer,0,0
TXN-102045,CUST-1455,31,Savings,Payment,Electronics,187.64,5206.48,5018.84,11,London,Web Browser,Debit Card,0,0
TXN-101647,CUST-1420,32,Credit,Payment,Entertainment,110.42,11785.35,11674.93,13,London,Web Browser,Debit Card,0,0
TXN-100087,CUST-1412,25,Credit,Payment,Entertainment,82.97,6065.7,5982.73,11,Mumbai,POS Terminal,Wire Transfer,0,0
TXN-101436,CUST-1282,20,Savings,Deposit,Entertainment,18.54,24234.69,24216.15,0,Berlin,Web Browser,UPI / Wallet,0,0
TXN-100682,CUST-1453,67,Business,Deposit,Electronics,380.83,4675.91,4295.08,2,New York,POS Terminal,Wire Transfer,1,0
TXN-100944,CUST-1414,43,Savings,Payment,Electronics,215.78,4756.66,4540.88,3,London,POS Terminal,Wire Transfer,1,0
TXN-100155,CUST-1455,62,Credit,Payment,Electronics,317.11,4547.66,4230.55,8,London,Mobile App,UPI / Wallet,0,0
TXN-101149,CUST-1494,21,Savings,Payment,Electronics,12.3,773.37,761.07,21,Berlin,Web Browser,Credit Card,0,0
TXN-101898,CUST-1321,53,Credit,Deposit,Electronics,162.18,17823.27,17661.09,7,Mumbai,Mobile App,Debit Card,0,0
TXN-100325,CUST-1266,53,Savings,Payment,Electronics,257.29,15093.4,14836.11,5,London,Mobile App,UPI / Wallet,0,0
TXN-101713,CUST-1241,45,Savings,Payment,Entertainment,228.42,17224.82,16996.4,3,London,POS Terminal,UPI / Wallet,0,0
TXN-101700,CUST-1474,34,Credit,Deposit,Electronics,85.96,855.34,769.38,3,Mumbai,POS Terminal,Wire Transfer,0,0
TXN-100338,CUST-1459,21,Savings,Payment,Entertainment,41.07,8565.99,8524.92,8,Berlin,Web Browser,Credit Card,0,0
TXN-101688,CUST-1361,47,Checking,Payment,Entertainment,350.51,11496.71,11146.2,6,Mumbai,POS Terminal,Wire Transfer,1,0
TXN-100108,CUST-1455,29,Savings,Payment,Entertainment,188.71,6274.72,6086.01,16,London,Web Browser,Debit Card,0,0
TXN-102008,CUST-1378,48,Credit,Deposit,Electronics,222.03,6808.27,6586.24,2,London,Mobile App,Wire Transfer,0,0
TXN-100674,CUST-1496,18,Checking,Deposit,Entertainment,5.66,329.29,323.63,16,London,Web Browser,Debit Card,0,0
TXN-100401,CUST-1459,42,Savings,Payment,Electronics,201.17,4686.56,4485.39,16,Berlin,POS Terminal,Credit Card,0,0
TXN-101640,CUST-1429,52,Checking,Deposit,Electronics,356.39,9043.61,8687.22,3,Mumbai,POS Terminal,Wire Transfer,1,0
TXN-100837,CUST-1338,56,Savings,Payment,Electronics,315.0,13345.37,13030.37,8,London,POS Terminal,Debit Card,0,0
TXN-100231,CUST-1386,63,Credit,Deposit,Electronics,436.34,10122.36,9686.02,4,London,POS Terminal,UPI / Wallet,1,0
TXN-101918,CUST-1424,35,Credit,Deposit,Entertainment,211.52,8025.94,7814.42,3,London,POS Terminal,Wire Transfer,1,0
TXN-100543,CUST-1458,30,Savings,Payment,Electronics,126.79,1855.45,1728.66,10,London,POS Terminal,Wire Transfer,0,0
TXN-100956,CUST-1489,21,Savings,Payment,Electronics,31.93,1827.9,1795.97,20,Berlin,Web Browser,Credit Card,0,0
TXN-101370,CUST-1460,51,Credit,Payment,Electronics,339.6,3635.57,3295.97,8,Mumbai,POS Terminal,Wire Transfer,1,0
TXN-101968,CUST-1436,23,Savings,Deposit,Entertainment,73.97,11364.25,11290.28,2,Berlin,Web Browser,UPI / Wallet,0,0
TXN-102221,CUST-1278,37,Credit,Payment,Entertainment,153.85,16347.63,16193.78,5,London,Mobile App,UPI / Wallet,0,0
TXN-101321,CUST-1480,21,Credit,Payment,Entertainment,40.22,3101.84,3061.62,15,Mumbai,Web Browser,Debit Card,0,0
TXN-100305,CUST-1477,56,Checking,Deposit,Electronics,157.43,1259.85,1102.42,2,Mumbai,POS Terminal,Wire Transfer,1,0
TXN-101058,CUST-1394,22,Savings,Deposit,Entertainment,35.84,20314.44,20278.6,2,Berlin,Web Browser,Debit Card,0,0
TXN-102286,CUST-1410,39,Savings,Payment,Electronics,119.72,3022.64,2902.92,13,London,Mobile App,UPI / Wallet,0,0
TXN-101280,CUST-1482,19,Credit,Deposit,Groceries,11.53,9552.42,9540.89,6,London,Web Browser,Credit Card,0,0
TXN-100204,CUST-1426,33,Credit,Payment,Electronics,123.65,13079.4,12955.75,14,London,Web Browser,Credit Card,0,0
TXN-101838,CUST-1412,32,Savings,Payment,Entertainment,206.59,7221.69,7015.1,3,London,POS Terminal,Wire Transfer,0,0
TXN-101792,CUST-1282,41,Savings,Deposit,Entertainment,202.25,17211.73,17009.48,2,London,POS Terminal,UPI / Wallet,0,0
TXN-101830,CUST-1444,32,Credit,Deposit,Entertainment,165.46,8514.47,8349.01,3,London,Web Browser,Wire Transfer,1,0
TXN-101673,CUST-1437,52,Credit,Payment,Electronics,391.45,5170.67,4779.22,7,London,POS Terminal,UPI / Wallet,1,0
TXN-100233,CUST-1439,31,Savings,Payment,Entertainment,164.68,11603.2,11438.52,4,London,Web Browser,UPI / Wallet,0,0
TXN-101428,CUST-1410,34,Checking,Payment,Entertainment,202.57,6759.28,6556.71,4,Mumbai,POS Terminal,Wire Transfer,0,0
TXN-100171,CUST-1443,43,Credit,Deposit,Electronics,235.16,6464.11,6378.95,3,London,POS Terminal,Wire Transfer,1,0
TXN-102000,CUST-1482,53,Savings,Payment,Electronics,204.18,1344.66,1140.48,6,London,POS Terminal,Wire Transfer,0,0
TXN-101708,CUST-1405,28,Savings,Payment,Electronics,103.46,14123.2,14019.74,12,London,Web Browser,Credit Card,0,0
TXN-100630,CUST-1456,28,Checking,Payment,Entertainment,37.94,3814.95,3777.01,11,Mumbai,Mobile App,Debit Card,0,0
TXN-100827,CUST-1435,19,Credit,Payment,Groceries,10.06,6321.55,6311.49,2,Berlin,Web Browser,UPI / Wallet,0,0
TXN-100695,CUST-1466,21,Savings,Payment,Entertainment,17.49,562.56,545.07,5,London,Web Browser,Wire Transfer,0,0
TXN-100502,CUST-1416,25,Credit,Payment,Groceries,503.78,3985.69,3481.91,4,Mumbai,POS Terminal,Wire Transfer,1,1
TXN-101739,CUST-1381,36,Savings,Payment,Entertainment,222.86,7432.58,7209.72,2,London,POS Terminal,Wire Transfer,0,0
TXN-100290,CUST-1385,37,Savings,Payment,Entertainment,188.52,4441.77,4253.25,3,Mumbai,POS Terminal,Wire Transfer,0,0
TXN-102248,CUST-1448,44,Credit,Payment,Electronics,67.51,931.51,864.0,5,London,Mobile App,Wire Transfer,0,0
TXN-101427,CUST-1498,18,Savings,Deposit,Electronics,5.07,21731.32,21726.25,1,Berlin,Web Browser,Credit Card,0,0
TXN-101957,CUST-1451,22,Savings,Payment,Entertainment,116.49,12324.33,12207.84,8,Berlin,Web Browser,Debit Card,0,0
TXN-101477,CUST-1462,35,Checking,Payment,Entertainment,130.8,2317.22,2186.42,6,New York,POS Terminal,Wire Transfer,0,0
TXN-100729,CUST-1460,27,Credit,Payment,Entertainment,92.76,3705.3,3612.54,16,London,Web Browser,Debit Card,0,0
TXN-101352,CUST-1462,28,Savings,Payment,Electronics,117.66,5201.89,5084.23,11,Berlin,Web Browser,Debit Card,0,0
TXN-100465,CUST-1475,40,Savings,Payment,Electronics,94.09,851.42,757.33,7,London,POS Terminal,Wire Transfer,0,0
TXN-100572,CUST-1354,23,Checking,Deposit,Entertainment,10.18,2837.89,2827.71,1,London,Mobile App,Wire Transfer,0,0
TXN-100053,CUST-1266,34,Checking,Deposit,Entertainment,77.4,15243.1,15165.7,5,London,Mobile App,UPI / Wallet,0,0
TXN-101363,CUST-1382,19,Savings,Deposit,Electronics,323.05,24126.92,23803.87,1,London,Web Browser,Credit Card,1,1
TXN-100340,CUST-1382,21,Savings,Deposit,Entertainment,20.04,23680.55,23660.51,1,Berlin,Web Browser,Debit Card,0,0
TXN-101657,CUST-1483,25,Savings,Transfer,Electronics,41.69,782.55,890.86,18,Berlin,Web Browser,Debit Card,0,0
TXN-100526,CUST-1282,48,Savings,Deposit,Electronics,237.71,17428.71,17191.0,4,London,POS Terminal,UPI / Wallet,0,0
TXN-102104,CUST-1403,42,Credit,Deposit,Electronics,196.04,9938.82,9742.78,1,London,Web Browser,Wire Transfer,0,0
TXN-102225,CUST-1434,31,Credit,Payment,Entertainment,231.5,14223.72,13992.22,8,London,Web Browser,Debit Card,0,0
TXN-100664,CUST-1275,47,Savings,Payment,Electronics,202.39,5853.68,5651.29,2,London,Mobile App,Wire Transfer,0,0
TXN-101398,CUST-1378,40,Credit,Payment,Entertainment,179.0,4829.73,4650.73,5,Mumbai,Mobile App,Wire Transfer,0,0
TXN-101875,CUST-1481,18,Savings,Deposit,Entertainment,5.96,18780.28,18774.32,0,Berlin,Web Browser,Debit Card,0,0
TXN-101273,CUST-1462,22,Savings,Payment,Entertainment,83.17,4114.27,4181.1,8,Berlin,Web Browser,UPI / Wallet,0,0
TXN-102264,CUST-1417,56,Checking,Deposit,Entertainment,1278.32,8432.15,7303.83,5,Mumbai,POS Terminal,Wire Transfer,1,1
TXN-100852,CUST-1340,30,Credit,Payment,Entertainment,76.9,2431.93,2505.03,2,London,Mobile App,Wire Transfer,0,0
TXN-101285,CUST-1391,63,Business,Deposit,Electronics,31.97,16634.65,16602.68,1,New York,Mobile App,UPI / Wallet,0,0
TXN-101813,CUST-1307,37,Savings,Payment,Entertainment,158.75,7408.39,7249.64,3,London,POS Terminal,Wire Transfer,0,0
TXN-100913,CUST-1491,20,Savings,Payment,Electronics,16.53,2452.69,2436.16,20,Berlin,Web Browser,Credit Card,0,0
TXN-102142,CUST-1406,27,Credit,Payment,Entertainment,72.15,6310.99,6238.84,2,London,Web Browser,Wire Transfer,0,0
TXN-101049,CUST-1457,28,Savings,Payment,Electronics,106.55,6734.89,6628.34,15,Berlin,Web Browser,Credit Card,0,0
TXN-102113,CUST-1464,18,Savings,Deposit,Entertainment,7.08,15181.64,15174.56,1,Berlin,Web Browser,UPI / Wallet,0,0
TXN-101631,CUST-1455,32,Savings,Payment,Electronics,154.52,5607.62,5453.1,16,Berlin,Web Browser,Credit Card,0,0
TXN-101129,CUST-1425,32,Savings,Payment,Entertainment,681.52,5645.34,4963.82,9,London,POS Terminal,UPI / Wallet,1,1
TXN-101504,CUST-1423,25,Savings,Payment,Entertainment,94.99,3746.09,3651.1,6,London,Web Browser,UPI / Wallet,0,0
TXN-100078,CUST-1277,54,Savings,Payment,Electronics,141.15,17152.1,17010.95,11,London,Mobile App,Credit Card,0,0
TXN-101737,CUST-1486,20,Savings,Payment,Entertainment,19.05,2405.73,2536.68,20,London,Web Browser,Credit Card,0,0
TXN-100784,CUST-1410,34,Business,Deposit,Entertainment,21.11,4220.75,4199.64,0,Mumbai,Mobile App,Wire Transfer,0,0
TXN-101229,CUST-1346,42,Credit,Payment,Entertainment,194.84,15204.88,15010.04,4,London,POS Terminal,Wire Transfer,0,0
TXN-100046,CUST-1461,56,Savings,Deposit,Electronics,278.27,2737.58,2459.31,5,London,POS Terminal,Wire Transfer,1,0
TXN-101977,CUST-1436,29,Business,Deposit,Entertainment,73.16,7533.43,7460.27,3,Singapore,POS Terminal,UPI / Wallet,0,0
TXN-100304,CUST-1328,33,Savings,Deposit,Electronics,66.97,20750.46,20683.49,6,London,Web Browser,Credit Card,0,0
TXN-102047,CUST-1447,32,Credit,Payment,Entertainment,919.38,7068.1,6148.72,11,London,POS Terminal,UPI / Wallet,1,1
TXN-100570,CUST-1282,37,Savings,Deposit,Electronics,122.1,22258.31,22136.21,2,London,Web Browser,UPI / Wallet,0,0
TXN-101812,CUST-1316,28,Savings,Payment,Entertainment,125.5,14025.95,13900.45,1,London,POS Terminal,Wire Transfer,0,0
TXN-101825,CUST-1474,19,Savings,Deposit,Entertainment,16.08,16947.88,16931.8,2,Berlin,Web Browser,Credit Card,0,0
TXN-100711,CUST-1477,49,Credit,Deposit,Electronics,124.27,881.53,757.26,2,London,POS Terminal,Wire Transfer,1,0
TXN-100230,CUST-1346,30,Savings,Deposit,Electronics,57.86,24048.54,23990.68,3,London,Web Browser,Credit Card,0,0
TXN-102070,CUST-1436,21,Credit,Deposit,Entertainment,33.95,20176.04,20142.09,4,Mumbai,Web Browser,Credit Card,0,0
TXN-101551,CUST-1354,40,Credit,Deposit,Entertainment,122.81,9246.08,9123.27,1,London,POS Terminal,Wire Transfer,0,0
TXN-101513,CUST-1438,47,Credit,Payment,Electronics,237.12,2716.15,2629.03,10,Mumbai,Mobile App,UPI / Wallet,0,0
TXN-101799,CUST-1438,32,Savings,Payment,Electronics,117.95,1670.73,1552.78,8,London,POS Terminal,Wire Transfer,0,0
TXN-100842,CUST-1412,56,Credit,Payment,Entertainment,364.6,6554.78,6340.18,11,Mumbai,Mobile App,UPI / Wallet,0,0
TXN-101201,CUST-1437,27,Credit,Payment,Entertainment,158.14,11690.32,11532.18,5,London,Web Browser,UPI / Wallet,0,0
TXN-101979,CUST-1444,29,Credit,Payment,Entertainment,25.63,4253.72,4228.09,5,London,Mobile App,Wire Transfer,0,0
TXN-101046,CUST-1478,18,Savings,Deposit,Groceries,5.18,11956.08,11950.9,0,Berlin,Web Browser,Wire Transfer,0,0
TXN-101748,CUST-1302,40,Savings,Payment,Entertainment,189.26,18276.33,18087.07,3,London,POS Terminal,UPI / Wallet,0,0
TXN-100723,CUST-1378,21,Savings,Deposit,Electronics,16.66,24435.59,24418.93,2,Berlin,Web Browser,Credit Card,0,0
TXN-100598,CUST-1498,18,Business,Deposit,Entertainment,5.06,1171.25,1166.19,8,New York,Web Browser,Credit Card,0,0
TXN-101454,CUST-1323,51,Credit,Deposit,Entertainment,222.51,5694.86,5472.35,2,London,Mobile App,Wire Transfer,0,0
TXN-102087,CUST-1496,18,Savings,Deposit,Entertainment,5.26,2564.6,2559.34,8,Berlin,Web Browser,Credit Card,0,0
TXN-101465,CUST-1322,35,Savings,Deposit,Electronics,131.8,21897.68,21765.88,3,London,POS Terminal,Debit Card,0,0
TXN-101741,CUST-1416,50,Credit,Payment,Electronics,281.9,3854.72,3572.82,7,London,POS Terminal,Wire Transfer,0,0
TXN-100098,CUST-1443,28,Checking,Deposit,Entertainment,57.72,1668.61,1610.89,3,Mumbai,POS Terminal,Wire Transfer,0,0
TXN-100307,CUST-1489,19,Checking,Deposit,Groceries,6.47,2642.83,2636.36,2,Mumbai,Web Browser,UPI / Wallet,0,0
TXN-100489,CUST-1268,48,Credit,Payment,Entertainment,352.52,16709.67,16357.15,10,Mumbai,Mobile App,UPI / Wallet,0,0
TXN-101450,CUST-1478,21,Savings,Payment,Electronics,28.58,9826.9,9798.32,17,Berlin,Web Browser,Credit Card,0,0
TXN-100764,CUST-1452,40,Credit,Payment,Electronics,217.93,4147.45,3929.52,9,London,POS Terminal,Wire Transfer,0,0
TXN-101693,CUST-1438,33,Savings,Payment,Entertainment,204.37,11208.04,11003.67,7,London,Web Browser,UPI / Wallet,0,0
TXN-100761,CUST-1452,35,Checking,Payment,Entertainment,70.61,8799.41,8728.8,13,Mumbai,POS Terminal,Debit Card,0,0
TXN-101486,CUST-1483,19,Savings,Deposit,Electronics,9.74,22768.16,22758.42,2,Berlin,Web Browser,Credit Card,0,0
TXN-102011,CUST-1415,54,Credit,Payment,Electronics,264.41,4014.04,3749.63,2,London,Mobile App,Wire Transfer,1,0
TXN-101994,CUST-1424,21,Savings,Payment,Entertainment,42.58,15398.24,15355.66,4,London,Web Browser,Credit Card,0,0
TXN-102156,CUST-1486,18,Savings,Deposit,Entertainment,7.17,7426.3,7419.13,7,Berlin,Web Browser,Credit Card,0,0
TXN-100601,CUST-1431,48,Credit,Payment,Entertainment,407.05,8202.88,7795.83,5,Mumbai,POS Terminal,Wire Transfer,1,0
TXN-100148,CUST-1194,43,Savings,Deposit,Electronics,98.3,22909.26,22810.96,2,London,POS Terminal,UPI / Wallet,0,0
TXN-101722,CUST-1439,28,Savings,Payment,Electronics,521.1,2579.04,2057.94,8,Berlin,POS Terminal,Wire Transfer,1,1
TXN-101360,CUST-1379,33,Savings,Payment,Entertainment,221.67,4410.11,4188.44,4,London,POS Terminal,Wire Transfer,0,0
TXN-100892,CUST-1314,43,Business,Deposit,Entertainment,50.0,18940.94,18890.94,1,Mumbai,Mobile App,UPI / Wallet,0,0
TXN-100778,CUST-1357,60,Checking,Deposit,Electronics,289.1,17016.62,16727.52,5,Mumbai,POS Terminal,UPI / Wallet,0,0
TXN-100183,CUST-1413,31,Savings,Payment,Electronics,152.27,5825.79,5673.52,13,London,POS Terminal,Debit Card,0,0
TXN-100430,CUST-1408,59,Credit,Deposit,Electronics,253.0,4699.41,4446.41,4,London,Mobile App,Wire Transfer,1,0
TXN-100413,CUST-1430,21,Checking,Deposit,Entertainment,15.41,3807.85,3792.44,1,London,POS Terminal,Wire Transfer,0,0
TXN-101394,CUST-1429,32,Credit,Payment,Entertainment,208.83,11348.11,11139.28,6,London,POS Terminal,UPI / Wallet,0,0
TXN-100521,CUST-1421,64,Credit,Deposit,Electronics,278.22,4710.06,4431.84,3,London,Mobile App,Wire Transfer,1,0
TXN-100969,CUST-1465,29,Savings,Payment,Electronics,64.03,6275.49,6211.46,18,Berlin,Web Browser,Credit Card,0,0
TXN-101497,CUST-1403,48,Business,Deposit,Entertainment,79.44,7458.71,7529.27,2,Mumbai,POS Terminal,Wire Transfer,0,0
TXN-101771,CUST-1358,40,Credit,Payment,Entertainment,235.74,11292.93,11057.19,2,London,POS Terminal,Wire Transfer,0,0
TXN-100847,CUST-1480,20,Savings,Payment,Entertainment,36.1,2270.23,2234.13,9,Berlin,Web Browser,Debit Card,0,0
TXN-102109,CUST-1318,44,Credit,Payment,Entertainment,355.28,15886.95,15531.67,7,Mumbai,POS Terminal,Debit Card,0,0
TXN-101118,CUST-1480,21,Savings,Transfer,Electronics,28.69,710.78,682.09,15,Berlin,Web Browser,UPI / Wallet,0,0
TXN-101332,CUST-1466,38,Business,Deposit,Entertainment,34.8,4986.53,4951.73,0,Singapore,POS Terminal,Wire Transfer,0,0
TXN-101246,CUST-1472,24,Savings,Payment,Electronics,50.93,4958.07,4907.14,19,Berlin,Web Browser,Credit Card,0,0
TXN-100101,CUST-1312,27,Savings,Payment,Entertainment,114.77,18744.04,18629.27,1,London,Web Browser,UPI / Wallet,0,0
TXN-100769,CUST-1450,49,Credit,Payment,Electronics,932.25,2325.78,1393.53,6,London,Mobile App,Wire Transfer,1,1
TXN-100555,CUST-1431,23,Savings,Payment,Entertainment,109.86,12155.88,12046.02,4,London,Web Browser,Debit Card,0,0
TXN-101110,CUST-1490,20,Savings,Payment,Entertainment,21.8,1240.61,1218.81,20,Berlin,Web Browser,Credit Card,0,0
TXN-100888,CUST-1347,34,Credit,Payment,Entertainment,205.29,7261.92,7056.63,4,London,Mobile App,Wire Transfer,0,0
TXN-100551,CUST-1381,20,Savings,Deposit,Electronics,7.88,24343.1,24335.22,2,Berlin,Web Browser,Credit Card,0,0
TXN-101621,CUST-1473,28,Savings,Payment,Electronics,74.88,2608.62,2533.74,17,London,Web Browser,Debit Card,0,0
TXN-100907,CUST-1349,50,Business,Deposit,Entertainment,125.79,15766.52,15640.73,2,Mumbai,POS Terminal,UPI / Wallet,0,0
TXN-100168,CUST-1483,18,Savings,Payment,Electronics,8.42,9788.76,9780.34,6,Berlin,Web Browser,Credit Card,0,0
TXN-101353,CUST-1425,36,Credit,Payment,Entertainment,211.12,11670.58,11459.46,7,London,Web Browser,UPI / Wallet,0,0
TXN-102150,CUST-1444,31,Credit,Payment,Entertainment,157.82,4003.86,3846.04,9,London,Web Browser,Wire Transfer,0,0
TXN-100133,CUST-1342,56,Credit,Deposit,Electronics,314.56,10473.36,10158.8,3,Mumbai,Mobile App,Wire Transfer,1,0
TXN-100254,CUST-1310,24,Savings,Deposit,Entertainment,25.67,15483.59,15457.92,2,London,POS Terminal,UPI / Wallet,0,0
TXN-101336,CUST-1451,32,Savings,Payment,Electronics,148.64,5298.86,5150.22,3,Berlin,Web Browser,Wire Transfer,0,0
TXN-101681,CUST-1490,21,Savings,Transfer,Electronics,21.52,580.39,558.87,19,Berlin,Web Browser,Credit Card,0,0
TXN-100061,CUST-1317,35,Savings,Deposit,Entertainment,126.31,19455.27,19328.96,2,London,Web Browser,UPI / Wallet,0,0
TXN-101940,CUST-1284,27,Credit,Payment,Entertainment,125.43,12713.0,12587.57,5,Mumbai,POS Terminal,Wire Transfer,0,0
TXN-101517,CUST-1205,48,Savings,Deposit,Electronics,122.83,22258.92,22136.09,3,London,Mobile App,UPI / Wallet,0,0
TXN-100599,CUST-1225,52,Credit,Deposit,Entertainment,155.66,21484.62,21328.96,4,London,POS Terminal,Debit Card,0,0
TXN-100699,CUST-1423,43,Savings,Payment,Electronics,287.46,4434.89,4147.43,11,London,POS Terminal,UPI / Wallet,0,0
TXN-100274,CUST-1347,34,Checking,Deposit,Entertainment,80.68,19462.45,19381.77,5,Mumbai,Web Browser,Debit Card,0,0
TXN-100404,CUST-1324,48,Credit,Payment,Entertainment,399.43,13611.98,13212.55,8,Mumbai,POS Terminal,UPI / Wallet,0,0
TXN-100999,CUST-1465,28,Savings,Payment,Entertainment,127.08,4801.37,4674.29,15,Berlin,Web Browser,Debit Card,0,0
TXN-100498,CUST-1379,64,Checking,Deposit,Electronics,175.92,7236.69,7060.77,2,Mumbai,Mobile App,Wire Transfer,0,0
TXN-100412,CUST-1440,51,Credit,Payment,Electronics,260.72,4563.85,4303.13,5,London,Mobile App,Wire Transfer,1,0
TXN-102140,CUST-1366,21,Savings,Payment,Entertainment,48.29,11607.24,11558.95,3,Berlin,Web Browser,UPI / Wallet,0,0
TXN-100983,CUST-1335,34,Savings,Deposit,Entertainment,53.91,21546.02,21492.11,8,London,POS Terminal,Credit Card,0,0
TXN-100996,CUST-1420,45,Savings,Payment,Electronics,154.09,1801.09,1797.0,7,London,Mobile App,Wire Transfer,0,0
TXN-101999,CUST-1498,18,Checking,Deposit,Entertainment,5.03,10249.02,10243.99,3,London,Web Browser,Credit Card,0,0
TXN-100330,CUST-1430,18,Savings,Deposit,Entertainment,316.72,8406.36,8089.64,1,Berlin,Web Browser,UPI / Wallet,1,1
TXN-100495,CUST-1379,30,Savings,Payment,Entertainment,157.95,5824.73,5666.78,6,London,Web Browser,Wire Transfer,0,0
TXN-101440,CUST-1495,18,Business,Deposit,Retail,5.32,4544.22,4538.9,1,New York,Web Browser,Debit Card,0,0
TXN-100767,CUST-1392,29,Savings,Payment,Entertainment,125.13,7208.74,7083.61,6,London,Web Browser,UPI / Wallet,0,0
TXN-101881,CUST-1420,19,Savings,Deposit,Entertainment,320.8,18481.56,18160.76,8,Berlin,Web Browser,Credit Card,1,1
TXN-102287,CUST-1391,29,Savings,Payment,Entertainment,180.62,13517.62,13337.0,5,London,Web Browser,UPI / Wallet,0,0
TXN-100795,CUST-1435,21,Savings,Payment,Entertainment,406.7,14110.5,13703.8,2,Berlin,Web Browser,UPI / Wallet,1,1
TXN-101672,CUST-1345,40,Checking,Deposit,Entertainment,86.42,16666.55,16580.13,6,Mumbai,Mobile App,Debit Card,0,0
TXN-101535,CUST-1445,38,Savings,Payment,Electronics,186.28,2706.52,2520.24,9,London,Mobile App,Wire Transfer,0,0
TXN-100663,CUST-1494,18,Savings,Deposit,Electronics,5.57,13950.5,13944.93,15,Berlin,Web Browser,Credit Card,0,0
TXN-101950,CUST-1323,58,Savings,Payment,Electronics,296.31,9198.23,8901.92,8,London,Mobile App,UPI / Wallet,0,0
TXN-100540,CUST-1312,30,Savings,Deposit,Entertainment,482.35,21680.22,21197.87,2,London,Web Browser,Debit Card,1,1
TXN-101458,CUST-1406,33,Savings,Deposit,Electronics,137.58,16430.1,16292.52,7,London,Web Browser,Debit Card,0,0
TXN-100154,CUST-1479,21,Savings,Payment,Entertainment,40.66,4876.49,4835.83,13,London,Web Browser,Credit Card,0,0
TXN-100409,CUST-1187,49,Savings,Deposit,Electronics,117.0,23546.85,23579.85,3,London,Mobile App,Debit Card,0,0
TXN-100071,CUST-1412,53,Credit,Payment,Electronics,345.72,4608.44,4262.72,3,Mumbai,POS Terminal,Wire Transfer,0,0
TXN-102115,CUST-1364,27,Savings,Deposit,Electronics,42.24,20436.37,20394.13,10,Berlin,POS Terminal,Credit Card,0,0
TXN-101989,CUST-1410,43,Credit,Payment,Entertainment,361.02,6411.27,6050.25,9,Mumbai,POS Terminal,Wire Transfer,1,0
TXN-101747,CUST-1385,32,Credit,Payment,Entertainment,148.69,7166.53,7017.84,7,London,POS Terminal,UPI / Wallet,0,0
TXN-102159,CUST-1184,39,Savings,Deposit,Entertainment,128.25,22274.46,22146.21,2,London,POS Terminal,UPI / Wallet,0,0
TXN-100861,CUST-1426,65,Checking,Payment,Electronics,263.3,4252.64,3989.34,6,New York,Mobile App,Wire Transfer,0,0
TXN-100200,CUST-1391,62,Credit,Payment,Electronics,1112.77,7698.73,6585.96,7,London,Mobile App,UPI / Wallet,1,1
TXN-101334,CUST-1445,55,Credit,Deposit,Electronics,350.89,4965.64,4614.75,3,London,POS Terminal,Wire Transfer,1,0
TXN-101919,CUST-1434,26,Savings,Payment,Electronics,26.38,14287.56,14261.18,14,London,Web Browser,Credit Card,0,0
TXN-102072,CUST-1438,23,Savings,Deposit,Electronics,37.71,21279.51,21241.8,8,Berlin,Web Browser,Credit Card,0,0
TXN-101828,CUST-1463,21,Savings,Payment,Entertainment,55.8,9752.52,9696.72,13,London,Web Browser,Credit Card,0,0
TXN-100977,CUST-1447,59,Credit,Payment,Electronics,208.37,1719.37,1511.0,5,London,Mobile App,Wire Transfer,0,0
TXN-102054,CUST-1242,31,Savings,Payment,Entertainment,102.31,19456.57,19354.26,1,Berlin,POS Terminal,Wire Transfer,0,0
TXN-101463,CUST-1310,40,Credit,Deposit,Entertainment,151.64,19564.7,19413.06,5,London,POS Terminal,UPI / Wallet,0,0
TXN-101160,CUST-1475,19,Savings,Deposit,Entertainment,6.65,21652.2,21645.55,6,Berlin,Web Browser,Credit Card,0,0
TXN-100275,CUST-1470,22,Savings,Payment,Entertainment,32.45,1484.66,1452.21,17,London,Web Browser,Debit Card,0,0
TXN-102242,CUST-1430,36,Savings,Payment,Entertainment,248.78,6821.72,6572.94,14,London,POS Terminal,Debit Card,0,0
TXN-102180,CUST-1395,45,Checking,Payment,Entertainment,311.87,7128.3,6816.43,7,Mumbai,POS Terminal,Wire Transfer,0,0
TXN-100578,CUST-1408,33,Savings,Payment,Entertainment,196.08,6909.76,6713.68,2,London,Web Browser,Wire Transfer,0,0
TXN-100091,CUST-1420,22,Savings,Payment,Entertainment,58.71,18661.87,18753.16,7,London,Web Browser,Debit Card,0,0
TXN-102062,CUST-1419,46,Checking,Payment,Entertainment,981.62,4635.2,3653.58,10,Mumbai,Mobile App,Wire Transfer,1,1
TXN-101076,CUST-1433,26,Business,Deposit,Entertainment,323.3,20456.57,20133.27,3,Mumbai,POS Terminal,Credit Card,1,1
TXN-100766,CUST-1339,19,Savings,Deposit,Groceries,7.93,21365.91,21357.98,0,Berlin,Web Browser,Wire Transfer,0,0
TXN-100585,CUST-1390,40,Credit,Payment,Entertainment,213.59,3814.47,3600.88,8,Mumbai,Mobile App,Wire Transfer,0,0
TXN-100103,CUST-1190,41,Savings,Payment,Electronics,86.86,21499.23,21412.37,1,Berlin,POS Terminal,UPI / Wallet,0,0
TXN-100822,CUST-1287,54,Savings,Payment,Electronics,279.07,11382.07,11103.0,3,London,POS Terminal,UPI / Wallet,0,0
TXN-101048,CUST-1484,18,Savings,Deposit,Entertainment,5.42,16320.53,16315.11,0,Berlin,Web Browser,Debit Card,0,0
TXN-101826,CUST-1351,46,Credit,Deposit,Entertainment,198.06,5482.17,5284.11,3,London,POS Terminal,Wire Transfer,0,0
TXN-101552,CUST-1326,37,Credit,Deposit,Entertainment,156.22,20470.1,20313.88,8,London,POS Terminal,Debit Card,0,0
TXN-101250,CUST-1388,32,Credit,Deposit,Entertainment,217.11,14648.9,14431.79,5,London,POS Terminal,UPI / Wallet,0,0
TXN-101064,CUST-1322,22,Savings,Payment,Entertainment,65.41,16549.71,16484.3,1,Berlin,Web Browser,Wire Transfer,0,0
TXN-101401,CUST-1454,43,Savings,Payment,Electronics,231.97,2771.17,2539.2,5,London,POS Terminal,Wire Transfer,1,0
TXN-100571,CUST-1444,52,Credit,Payment,Electronics,317.79,4166.2,3848.41,6,London,Mobile App,Wire Transfer,1,0
TXN-100654,CUST-1389,25,Savings,Deposit,Electronics,52.38,22020.82,21968.44,6,London,Web Browser,Credit Card,0,0
TXN-100187,CUST-1421,44,Savings,Payment,Entertainment,343.45,9671.28,9327.83,7,London,POS Terminal,UPI / Wallet,0,0
TXN-100742,CUST-1419,23,Savings,Deposit,Entertainment,93.58,20101.66,20008.08,2,London,Web Browser,UPI / Wallet,0,0
TXN-100297,CUST-1420,55,Checking,Deposit,Electronics,71.3,6023.7,5952.4,6,London,Mobile App,UPI / Wallet,0,0
TXN-101069,CUST-1486,26,Credit,Payment,Electronics,24.84,2192.63,2167.79,20,London,Web Browser,Credit Card,0,0
TXN-100576,CUST-1405,54,Savings,Payment,Electronics,280.74,4722.88,4442.14,6,London,Mobile App,Wire Transfer,0,0
TXN-100926,CUST-1466,24,Savings,Deposit,Electronics,41.92,14769.88,14727.96,15,Berlin,Web Browser,Credit Card,0,0
TXN-101689,CUST-1361,37,Credit,Payment,Entertainment,258.57,13549.44,13290.87,6,London,POS Terminal,UPI / Wallet,1,0
TXN-100136,CUST-1334,32,Savings,Transfer,Entertainment,178.9,8131.1,7952.2,5,London,POS Terminal,UPI / Wallet,0,0
TXN-101967,CUST-1459,19,Savings,Deposit,Entertainment,13.21,18111.39,18098.18,3,Berlin,Web Browser,Credit Card,0,0
TXN-100937,CUST-1458,19,Savings,Payment,Entertainment,10.82,3705.23,3694.41,6,Berlin,Web Browser,Debit Card,0,0
TXN-100220,CUST-1424,40,Credit,Payment,Entertainment,309.65,7825.55,7515.9,5,Mumbai,POS Terminal,Wire Transfer,1,0
TXN-101275,CUST-1191,42,Savings,Deposit,Entertainment,594.28,22163.38,21569.1,4,Berlin,POS Terminal,Debit Card,1,1
TXN-102224,CUST-1485,19,Savings,Deposit,Electronics,11.75,9922.84,9911.09,6,Berlin,Web Browser,Credit Card,0,0
TXN-100642,CUST-1382,25,Savings,Payment,Entertainment,93.81,10152.85,10059.04,3,London,POS Terminal,UPI / Wallet,0,0
TXN-102059,CUST-1474,21,Credit,Deposit,Entertainment,17.59,9522.95,9505.36,13,London,Web Browser,Credit Card,0,0
TXN-102254,CUST-1448,18,Savings,Deposit,Entertainment,6.92,22787.93,22781.01,1,Berlin,Web Browser,Credit Card,0,0
TXN-100619,CUST-1369,32,Checking,Deposit,Entertainment,80.61,2111.29,2030.68,1,Mumbai,Mobile App,Wire Transfer,0,0
TXN-100410,CUST-1373,40,Credit,Deposit,Entertainment,142.25,3592.36,3450.11,3,London,POS Terminal,Wire Transfer,0,0
TXN-101126,CUST-1418,21,Savings,Payment,Entertainment,22.58,7770.24,7747.66,4,London,Web Browser,Debit Card,0,0
TXN-100622,CUST-1353,42,Savings,Payment,Electronics,247.96,13177.76,12929.8,10,London,POS Terminal,Debit Card,0,0
TXN-101343,CUST-1440,61,Checking,Payment,Electronics,383.02,4703.65,4470.63,6,Mumbai,Mobile App,Wire Transfer,0,0
TXN-100611,CUST-1457,22,Savings,Payment,Entertainment,29.49,9090.42,9060.93,11,London,Web Browser,Credit Card,0,0
TXN-101540,CUST-1370,22,Savings,Deposit,Entertainment,11.9,24554.06,24542.16,1,London,Web Browser,Credit Card,0,0
TXN-100475,CUST-1451,38,Savings,Payment,Electronics,108.74,1062.61,953.87,9,London,POS Terminal,Wire Transfer,0,0
TXN-101749,CUST-1479,51,Savings,Payment,Electronics,158.26,837.44,679.18,5,London,Mobile App,Wire Transfer,0,0
TXN-101962,CUST-1446,41,Credit,Deposit,Electronics,163.42,2756.2,2742.78,2,London,POS Terminal,Wire Transfer,1,0
TXN-102264,CUST-1417,56,Checking,Deposit,Entertainment,391.33,8432.15,8040.82,5,Mumbai,POS Terminal,Wire Transfer,1,0
TXN-100747,CUST-1450,62,Checking,Deposit,Electronics,893.65,3652.74,2759.09,1,London,POS Terminal,Wire Transfer,1,1
TXN-100176,CUST-1461,41,Credit,Payment,Electronics,93.3,824.68,731.38,5,Mumbai,Mobile App,Wire Transfer,0,0
TXN-100564,CUST-1303,36,Credit,Deposit,Entertainment,124.12,21694.35,21570.23,2,London,POS Terminal,UPI / Wallet,0,0
TXN-100099,CUST-1423,31,Savings,Payment,Entertainment,177.51,8120.55,7943.04,7,London,Web Browser,UPI / Wallet,0,0
TXN-100237,CUST-1393,37,Savings,Payment,Entertainment,169.66,11214.29,11044.63,14,London,POS Terminal,Debit Card,0,0
TXN-101783,CUST-1433,38,Credit,Payment,Electronics,236.81,4867.66,4630.85,2,London,POS Terminal,Wire Transfer,1,0
TXN-101796,CUST-1240,42,Savings,Payment,Entertainment,804.0,18258.7,17454.7,4,London,Mobile App,UPI / Wallet,1,1
TXN-102228,CUST-1442,49,Credit,Payment,Electronics,207.67,1734.83,1527.16,4,Mumbai,Mobile App,Wire Transfer,0,0
TXN-102208,CUST-1416,27,Credit,Payment,Entertainment,62.91,7665.18,7602.27,10,London,POS Terminal,Debit Card,0,0
TXN-101596,CUST-1452,58,Business,Deposit,Electronics,242.65,2944.65,2702.0,3,New York,Mobile App,Wire Transfer,0,0
TXN-101245,CUST-1450,20,Savings,Payment,Entertainment,28.57,11513.75,11485.18,9,London,Web Browser,Credit Card,0,0
TXN-100933,CUST-1491,19,Savings,Deposit,Electronics,7.15,12346.26,12339.11,18,Berlin,Web Browser,Credit Card,0,0
TXN-101982,CUST-1474,22,Savings,Payment,Electronics,29.9,1257.59,1227.69,13,London,POS Terminal,UPI / Wallet,0,0
TXN-101397,CUST-1421,29,Savings,Deposit,Electronics,123.67,12795.61,12671.94,3,London,Web Browser,UPI / Wallet,0,0
TXN-101671,CUST-1415,23,Credit,Payment,Entertainment,50.22,5900.24,5850.02,1,London,Web Browser,Wire Transfer,0,0
TXN-101613,CUST-1458,20,Checking,Deposit,Groceries,15.34,13020.13,13004.79,4,Mumbai,Web Browser,Debit Card,0,0
TXN-101308,CUST-1479,47,Savings,Payment,Electronics,176.37,1148.98,972.61,6,London,POS Terminal,Wire Transfer,0,0
TXN-100192,CUST-1479,50,Savings,Payment,Electronics,224.95,1282.22,1057.27,6,London,Mobile App,Wire Transfer,1,0
TXN-101744,CUST-1417,54,Business,Deposit,Electronics,74.25,3294.61,3220.36,1,Singapore,Mobile App,Wire Transfer,0,0
TXN-101197,CUST-1469,19,Savings,Deposit,Entertainment,12.87,5618.16,5605.29,3,London,Web Browser,UPI / Wallet,0,0
TXN-102151,CUST-1417,23,Savings,Payment,Entertainment,90.68,7914.47,7823.79,3,Berlin,Web Browser,UPI / Wallet,0,0
TXN-102285,CUST-1489,18,Credit,Deposit,Groceries,5.42,6279.44,6274.02,1,London,Web Browser,Debit Card,0,0
TXN-101522,CUST-1419,21,Credit,Deposit,Entertainment,339.85,9794.9,9455.05,3,London,Mobile App,UPI / Wallet,1,1
TXN-102068,CUST-1336,19,Savings,Deposit,Entertainment,336.05,13716.94,13530.89,1,Berlin,Web Browser,Wire Transfer,1,1
TXN-101878,CUST-1491,18,Savings,Payment,Entertainment,6.0,2982.87,2976.87,7,Berlin,Web Browser,Credit Card,0,0
TXN-102137,CUST-1402,23,Savings,Payment,Entertainment,68.68,4667.36,4598.68,3,Berlin,Web Browser,Wire Transfer,0,0
TXN-100268,CUST-1313,31,Credit,Deposit,Electronics,43.64,23186.82,23143.18,7,London,Web Browser,Credit Card,0,0
TXN-100048,CUST-1476,30,Savings,Payment,Electronics,81.68,1429.68,1348.0,17,London,POS Terminal,UPI / Wallet,0,0
TXN-101392,CUST-1340,44,Credit,Payment,Entertainment,257.87,15587.32,15329.45,6,London,POS Terminal,UPI / Wallet,0,0
TXN-102044,CUST-1452,21,Credit,Payment,Entertainment,12.21,3332.72,3320.51,5,London,POS Terminal,Wire Transfer,0,0
TXN-101954,CUST-1422,35,Savings,Payment,Electronics,216.16,6655.72,6439.56,6,London,POS Terminal,UPI / Wallet,0,0
TXN-100755,CUST-1476,38,Savings,Payment,Electronics,108.13,1155.25,1047.12,11,London,Mobile App,Wire Transfer,0,0
TXN-101304,CUST-1461,41,Credit,Deposit,Electronics,119.32,1447.47,1328.15,2,London,POS Terminal,Wire Transfer,1,0
TXN-100270,CUST-1302,42,Savings,Deposit,Electronics,139.71,22077.83,21938.12,6,London,POS Terminal,Credit Card,0,0
TXN-100615,CUST-1410,30,Savings,Payment,Entertainment,161.64,8520.85,8359.21,4,London,POS Terminal,Wire Transfer,0,0
TXN-101153,CUST-1441,56,Credit,Deposit,Electronics,203.22,1430.5,1227.28,2,Mumbai,Mobile App,Wire Transfer,0,0
TXN-101292,CUST-1422,33,Savings,Payment,Entertainment,353.1,9017.59,8814.49,11,London,POS Terminal,Debit Card,0,0
TXN-101242,CUST-1473,40,Savings,Transfer,Electronics,96.75,1762.77,1666.02,17,London,Mobile App,UPI / Wallet,0,0
TXN-100882,CUST-1467,19,Savings,Deposit,Entertainment,9.49,16982.02,17122.53,5,Berlin,Web Browser,Credit Card,0,0
TXN-100823,CUST-1353,29,Savings,Payment,Entertainment,168.79,17115.44,16946.65,8,Mumbai,Web Browser,Debit Card,0,0
TXN-102013,CUST-1451,55,Checking,Payment,Electronics,337.22,3758.38,3421.16,6,New York,Mobile App,Wire Transfer,0,0
TXN-100659,CUST-1429,31,Savings,Payment,Entertainment,191.96,8037.08,7845.12,13,London,Web Browser,Debit Card,0,0
TXN-101411,CUST-1470,23,Savings,Payment,Electronics,55.19,1161.98,1106.79,18,Berlin,Web Browser,Debit Card,0,0
TXN-101448,CUST-1411,55,Credit,Payment,Entertainment,334.08,5401.82,5067.74,9,Mumbai,Mobile App,UPI / Wallet,0,0
TXN-101539,CUST-1454,19,Savings,Deposit,Entertainment,12.68,20759.62,20746.94,0,Berlin,Web Browser,Debit Card,0,0
TXN-100519,CUST-1413,60,Credit,Payment,Entertainment,393.83,7128.53,6734.7,8,Mumbai,Mobile App,UPI / Wallet,0,0
TXN-101925,CUST-1449,58,Checking,Deposit,Electronics,351.87,2949.77,2747.9,2,Mumbai,Mobile App,Wire Transfer,1,0
TXN-100417,CUST-1468,31,Savings,Payment,Electronics,159.01,2930.09,2771.08,15,Berlin,Web Browser,Debit Card,0,0
TXN-100756,CUST-1435,27,Savings,Payment,Electronics,97.05,4641.83,4544.78,4,London,Web Browser,Wire Transfer,0,0
TXN-101489,CUST-1453,28,Business,Payment,Entertainment,109.99,13427.96,13317.97,7,New York,Web Browser,Debit Card,0,0
TXN-101660,CUST-1424,40,Credit,Deposit,Electronics,76.88,783.96,857.08,1,London,POS Terminal,Wire Transfer,0,0
TXN-100740,CUST-1436,47,Business,Deposit,Entertainment,64.88,3980.76,3915.88,6,Mumbai,POS Terminal,Wire Transfer,0,0
TXN-101628,CUST-1423,33,Savings,Payment,Electronics,242.26,8980.39,8738.13,7,London,POS Terminal,UPI / Wallet,0,0
TXN-100493,CUST-1478,32,Credit,Payment,Entertainment,92.35,1355.08,1412.73,14,London,POS Terminal,Wire Transfer,0,0
TXN-100261,CUST-1486,18,Savings,Deposit,Entertainment,5.54,6116.36,6110.82,4,Berlin,Web Browser,Credit Card,0,0
TXN-100874,CUST-1459,40,Savings,Payment,Electronics,231.97,3048.88,2816.91,11,Berlin,POS Terminal,UPI / Wallet,0,0
TXN-100813,CUST-1492,20,Savings,Payment,Electronics,29.08,2239.44,2210.36,14,Berlin,Web Browser,Credit Card,0,0
TXN-100854,CUST-1459,55,Credit,Payment,Electronics,192.84,1536.19,1343.35,6,London,Mobile App,Wire Transfer,0,0
TXN-100184,CUST-1362,32,Savings,Deposit,Entertainment,134.86,4436.03,4301.17,1,London,Web Browser,Wire Transfer,0,0
TXN-101072,CUST-1385,59,Credit,Deposit,Electronics,294.47,4045.69,3751.22,2,London,Mobile App,Wire Transfer,0,0
TXN-100531,CUST-1391,66,Checking,Deposit,Electronics,326.71,16109.51,15782.8,2,London,POS Terminal,Wire Transfer,1,0
TXN-100086,CUST-1477,22,Savings,Payment,Entertainment,37.96,2273.32,2235.36,12,London,Web Browser,Credit Card,0,0
TXN-101879,CUST-1268,28,Credit,Deposit,Entertainment,69.37,23575.09,23505.72,1,London,POS Terminal,Debit Card,0,0
TXN-100425,CUST-1448,20,Savings,Payment,Entertainment,29.86,15314.34,15284.48,5,Berlin,Web Browser,Credit Card,0,0
TXN-102253,CUST-1396,22,Savings,Deposit,Entertainment,366.75,9947.9,9581.15,2,London,Web Browser,Wire Transfer,1,1
TXN-101123,CUST-1496,18,Savings,Deposit,Electronics,5.98,5805.63,5799.65,15,London,Web Browser,Credit Card,0,0
TXN-100113,CUST-1331,39,Credit,Deposit,Entertainment,113.95,10022.73,9908.78,1,London,POS Terminal,Wire Transfer,0,0
TXN-101612,CUST-1366,34,Savings,Payment,Electronics,79.96,2759.48,2679.52,4,London,Mobile App,Wire Transfer,0,0
TXN-100896,CUST-1455,49,Checking,Deposit,Electronics,284.01,4459.99,4175.98,3,Mumbai,POS Terminal,Wire Transfer,1,0
TXN-101475,CUST-1471,24,Savings,Payment,Entertainment,61.2,7736.7,7675.5,15,London,Web Browser,Debit Card,0,0
TXN-101253,CUST-1442,56,Credit,Deposit,Electronics,255.64,3737.43,3481.79,4,London,POS Terminal,Wire Transfer,1,0
TXN-102051,CUST-1482,19,Savings,Deposit,Entertainment,8.89,13406.54,13397.65,11,Berlin,Web Browser,Credit Card,0,0
TXN-100214,CUST-1477,21,Savings,Payment,Electronics,17.63,2698.06,2680.43,20,Berlin,Web Browser,Credit Card,0,0
TXN-100608,CUST-1453,40,Savings,Payment,Electronics,205.37,4208.26,4002.89,16,London,POS Terminal,Debit Card,0,0
TXN-101307,CUST-1435,41,Savings,Payment,Electronics,292.9,3754.64,3461.74,8,London,POS Terminal,Wire Transfer,0,0
TXN-100128,CUST-1154,30,Savings,Deposit,Entertainment,63.77,21986.68,21922.91,1,Berlin,POS Terminal,UPI / Wallet,0,0
TXN-101576,CUST-1468,21,Credit,Deposit,Electronics,8.14,19370.17,19362.03,8,London,Web Browser,Credit Card,0,0
TXN-100319,CUST-1424,40,Savings,Payment,Electronics,177.97,4676.19,4498.22,12,London,POS Terminal,UPI / Wallet,0,0
TXN-101951,CUST-1477,31,Credit,Payment,Electronics,67.13,1049.69,982.56,14,Mumbai,Mobile App,Wire Transfer,0,0
TXN-101236,CUST-1459,21,Savings,Payment,Electronics,38.81,15107.34,15068.53,10,London,Web Browser,Credit Card,0,0
TXN-100772,CUST-1459,34,Checking,Payment,Entertainment,185.05,7081.08,6896.03,9,Mumbai,Web Browser,Wire Transfer,0,0
TXN-101528,CUST-1313,34,Credit,Payment,Entertainment,692.82,17761.69,17068.87,4,London,POS Terminal,UPI / Wallet,1,1
TXN-102050,CUST-1499,18,Business,Deposit,Entertainment,5.1,161.67,156.57,17,London,Web Browser,Debit Card,0,0
TXN-100737,CUST-1353,35,Savings,Payment,Entertainment,256.71,13307.16,13050.45,5,London,Web Browser,UPI / Wallet,0,0
TXN-101193,CUST-1422,54,Credit,Payment,Electronics,339.17,7001.03,6661.86,7,London,POS Terminal,Wire Transfer,1,0
TXN-101939,CUST-1393,54,Credit,Payment,Electronics,159.47,2364.01,2204.54,5,London,Mobile App,Wire Transfer,0,0
TXN-101592,CUST-1451,41,Business,Deposit,Entertainment,64.97,7596.63,7681.66,4,Singapore,POS Terminal,UPI / Wallet,0,0
TXN-101624,CUST-1468,69,Business,Deposit,Electronics,148.77,2274.45,2125.68,1,Singapore,POS Terminal,Wire Transfer,0,0
TXN-100149,CUST-1411,46,Checking,Payment,Entertainment,428.78,7333.26,6904.48,10,Mumbai,POS Terminal,UPI / Wallet,1,0
TXN-101547,CUST-1450,26,Savings,Payment,Entertainment,96.41,5864.99,5768.58,11,London,Web Browser,UPI / Wallet,0,0
TXN-101607,CUST-1442,24,Business,Deposit,Entertainment,12.08,4587.12,4575.04,2,London,Mobile App,Wire Transfer,0,0
TXN-101386,CUST-1471,20,Credit,Deposit,Groceries,12.9,6554.23,6541.33,5,London,Web Browser,Debit Card,0,0
TXN-102239,CUST-1475,20,Savings,Payment,Entertainment,32.29,1224.81,1192.52,11,Berlin,Web Browser,UPI / Wallet,0,0
TXN-101413,CUST-1349,24,Savings,Payment,Entertainment,50.54,13758.32,13707.78,6,London,POS Terminal,Debit Card,0,0
TXN-100843,CUST-1397,40,Savings,Payment,Entertainment,329.78,10740.14,10410.36,9,London,POS Terminal,Debit Card,0,0
TXN-101754,CUST-1444,55,Credit,Deposit,Electronics,338.94,3732.02,3393.08,5,Mumbai,POS Terminal,Wire Transfer,1,0
TXN-101601,CUST-1456,37,Savings,Payment,Electronics,263.24,5141.03,4877.79,11,London,Web Browser,Debit Card,0,0
TXN-101751,CUST-1478,19,Credit,Deposit,Entertainment,315.95,16367.1,16051.15,5,London,Web Browser,Credit Card,1,1
TXN-101135,CUST-1464,54,Credit,Payment,Electronics,243.5,2133.73,1890.23,9,Mumbai,Mobile App,Wire Transfer,0,0
TXN-100912,CUST-1490,21,Savings,Payment,Electronics,29.14,4105.09,4075.95,19,Berlin,Web Browser,Credit Card,0,0
TXN-101362,CUST-1484,19,Checking,Deposit,Groceries,17.97,4017.92,3999.95,7,Mumbai,Web Browser,Debit Card,0,0
TXN-100222,CUST-1413,25,Savings,Payment,Entertainment,102.73,8070.92,7968.19,9,London,POS Terminal,Debit Card,0,0
TXN-101887,CUST-1437,64,Credit,Payment,Electronics,374.2,5725.74,5351.54,8,Mumbai,Mobile App,UPI / Wallet,0,0
TXN-100132,CUST-1388,27,Savings,Payment,Entertainment,146.02,13757.5,13611.48,3,London,Web Browser,Wire Transfer,0,0
TXN-100151,CUST-1496,18,Savings,Deposit,Entertainment,5.05,15110.18,15105.13,1,London,Web Browser,Credit Card,0,0
TXN-100372,CUST-1460,41,Savings,Payment,Electronics,298.53,4478.0,4179.47,8,London,POS Terminal,UPI / Wallet,0,0
TXN-101083,CUST-1473,18,Savings,Deposit,Electronics,6.45,24511.02,24504.57,1,London,Web Browser,Credit Card,0,0
TXN-100381,CUST-1425,38,Savings,Payment,Electronics,246.6,3247.95,3001.35,7,London,POS Terminal,Wire Transfer,0,0
TXN-100052,CUST-1496,18,Savings,Payment,Electronics,5.85,1625.06,1619.21,20,Berlin,Web Browser,Credit Card,0,0
TXN-100172,CUST-1464,37,Savings,Payment,Electronics,193.39,3406.29,3212.9,4,London,POS Terminal,Wire Transfer,1,0
TXN-101104,CUST-1475,18,Savings,Deposit,Entertainment,6.67,21874.34,21867.67,2,Berlin,Web Browser,Credit Card,0,0
TXN-100533,CUST-1452,65,Credit,Deposit,Electronics,257.18,1542.68,1285.5,2,Mumbai,Mobile App,Wire Transfer,1,0
TXN-100662,CUST-1328,36,Credit,Payment,Entertainment,223.47,9473.84,9250.37,2,Mumbai,POS Terminal,Wire Transfer,0,0
TXN-101207,CUST-1489,19,Business,Deposit,Groceries,6.48,5432.25,5425.77,3,Mumbai,Web Browser,Debit Card,0,0
TXN-101483,CUST-1461,37,Savings,Deposit,Electronics,181.74,4393.79,4212.05,3,London,Web Browser,Wire Transfer,1,0
TXN-101849,CUST-1394,47,Savings,Transfer,Electronics,158.91,3593.42,3434.51,12,London,Mobile App,Wire Transfer,0,0
TXN-101684,CUST-1480,19,Savings,Deposit,Electronics,10.42,17956.25,17945.83,11,Berlin,Web Browser,Credit Card,0,0
TXN-100579,CUST-1158,23,Savings,Deposit,Entertainment,38.48,23146.55,23108.07,0,Berlin,POS Terminal,Wire Transfer,0,0
TXN-101340,CUST-1475,19,Savings,Deposit,Entertainment,20.7,7123.09,7102.39,4,Berlin,Web Browser,Debit Card,0,0
TXN-100079,CUST-1417,36,Credit,Payment,Entertainment,314.19,8684.81,8370.62,15,London,POS Terminal,Debit Card,0,0
TXN-100552,CUST-1234,35,Savings,Payment,Entertainment,176.39,21005.92,20829.53,2,London,POS Terminal,UPI / Wallet,0,0
TXN-102147,CUST-1321,25,Savings,Payment,Entertainment,101.78,21404.08,21302.3,3,London,POS Terminal,Debit Card,0,0
TXN-100044,CUST-1298,50,Checking,Deposit,Entertainment,93.37,20067.41,19974.04,2,London,POS Terminal,UPI / Wallet,0,0
TXN-100982,CUST-1494,19,Checking,Deposit,Entertainment,5.76,4712.59,4706.83,15,London,Web Browser,Credit Card,0,0
TXN-101567,CUST-1276,28,Savings,Payment,Entertainment,133.84,20956.73,20822.89,5,London,POS Terminal,UPI / Wallet,0,0
TXN-100241,CUST-1364,48,Credit,Payment,Electronics,864.58,5210.19,4345.61,2,London,POS Terminal,Wire Transfer,1,1
TXN-101643,CUST-1455,28,Savings,Payment,Electronics,654.22,3851.29,3347.07,8,London,POS Terminal,UPI / Wallet,1,1
TXN-101143,CUST-1300,37,Credit,Deposit,Entertainment,117.39,20927.94,20810.55,4,Mumbai,POS Terminal,Debit Card,0,0
TXN-101268,CUST-1421,48,Credit,Deposit,Electronics,196.85,3255.0,3058.15,1,London,POS Terminal,Wire Transfer,0,0
TXN-101836,CUST-1418,37,Savings,Payment,Electronics,88.43,941.5,1003.07,5,London,Mobile App,Wire Transfer,0,0
TXN-100505,CUST-1430,48,Credit,Payment,Entertainment,324.14,8492.91,8168.77,5,London,POS Terminal,Wire Transfer,1,0
TXN-101017,CUST-1355,31,Savings,Payment,Entertainment,191.68,10110.2,9918.52,2,London,Web Browser,Wire Transfer,0,0
TXN-101068,CUST-1428,31,Savings,Payment,Entertainment,169.91,3208.38,3038.47,9,London,Web Browser,UPI / Wallet,0,0
TXN-101001,CUST-1238,52,Savings,Deposit,Electronics,202.19,16750.4,16548.21,2,London,POS Terminal,Wire Transfer,0,0
TXN-100251,CUST-1405,39,Credit,Payment,Entertainment,336.72,12792.93,12606.21,7,London,POS Terminal,UPI / Wallet,1,0
TXN-101121,CUST-1273,60,Credit,Payment,Electronics,264.63,16582.93,16318.3,3,London,Mobile App,UPI / Wallet,0,0
TXN-102025,CUST-1368,60,Savings,Payment,Electronics,365.02,9402.76,9037.74,7,London,Mobile App,UPI / Wallet,0,0
TXN-101243,CUST-1449,21,Credit,Deposit,Entertainment,35.4,20671.97,20636.57,3,London,Web Browser,Debit Card,0,0
TXN-101179,CUST-1484,32,Business,Deposit,Entertainment,28.23,1879.67,1851.44,3,Singapore,POS Terminal,Wire Transfer,0,0
TXN-101382,CUST-1467,46,Savings,Payment,Electronics,192.77,2839.08,2646.31,15,London,POS Terminal,UPI / Wallet,0,0
TXN-100652,CUST-1457,19,Credit,Deposit,Entertainment,8.87,4231.83,4222.96,3,London,Web Browser,UPI / Wallet,0,0
TXN-100188,CUST-1388,45,Credit,Payment,Entertainment,384.45,7868.4,7483.95,5,Mumbai,POS Terminal,Wire Transfer,1,0
TXN-101831,CUST-1280,27,Savings,Payment,Entertainment,163.65,10192.76,10029.11,2,London,Mobile App,Wire Transfer,0,0
TXN-101716,CUST-1383,39,Credit,Payment,Electronics,158.46,3156.72,3148.26,4,Mumbai,Mobile App,Wire Transfer,0,0
TXN-101036,CUST-1492,18,Savings,Deposit,Electronics,6.66,22945.6,22938.94,1,Berlin,Web Browser,Credit Card,0,0
TXN-102066,CUST-1472,19,Savings,Payment,Entertainment,26.77,8242.34,8215.57,9,Berlin,Web Browser,Credit Card,0,0
TXN-100243,CUST-1437,34,Business,Deposit,Entertainment,50.46,14739.19,14838.73,5,Singapore,POS Terminal,Debit Card,0,0
TXN-100760,CUST-1440,44,Credit,Payment,Entertainment,353.37,7481.37,7128.0,5,London,POS Terminal,Wire Transfer,1,0
TXN-101897,CUST-1366,25,Savings,Payment,Entertainment,114.33,18679.17,18564.84,2,London,Web Browser,UPI / Wallet,0,0
TXN-100431,CUST-1449,29,Savings,Payment,Electronics,137.36,9313.85,9176.49,11,Berlin,Web Browser,Credit Card,0,0
TXN-100857,CUST-1368,56,Business,Deposit,Electronics,77.16,23623.08,23545.92,1,Mumbai,POS Terminal,Debit Card,0,0
TXN-101181,CUST-1472,25,Savings,Payment,Electronics,95.33,7159.31,7063.98,11,Berlin,Web Browser,Debit Card,0,0
TXN-100589,CUST-1334,52,Checking,Deposit,Electronics,83.34,7012.92,6929.58,1,Mumbai,Mobile App,Wire Transfer,0,0
TXN-101669,CUST-1455,19,Credit,Deposit,Entertainment,11.02,14183.29,14172.27,9,London,Web Browser,Credit Card,0,0
TXN-101364,CUST-1472,23,Checking,Payment,Groceries,36.97,3611.32,3574.35,9,Mumbai,Web Browser,UPI / Wallet,0,0
TXN-102238,CUST-1492,19,Savings,Deposit,Electronics,6.87,7696.26,7689.39,19,Berlin,Web Browser,Credit Card,0,0
TXN-101784,CUST-1368,27,Savings,Deposit,Entertainment,59.1,21836.68,21777.58,4,London,Web Browser,Debit Card,0,0
TXN-101023,CUST-1460,47,Credit,Deposit,Electronics,173.67,1902.43,1728.76,2,London,POS Terminal,Wire Transfer,1,0
TXN-101815,CUST-1455,22,Checking,Deposit,Entertainment,7.71,16429.0,16421.29,7,London,Web Browser,Credit Card,0,0
TXN-102157,CUST-1251,66,Savings,Payment,Electronics,218.9,12213.91,11995.01,5,London,Mobile App,UPI / Wallet,0,0
TXN-100263,CUST-1248,38,Checking,Deposit,Entertainment,70.75,22282.12,22211.37,1,London,POS Terminal,UPI / Wallet,0,0
TXN-101511,CUST-1489,19,Savings,Deposit,Electronics,7.79,8243.33,8385.54,14,Berlin,Web Browser,Credit Card,0,0
TXN-100436,CUST-1488,21,Savings,Payment,Electronics,14.96,2388.52,2373.56,21,Berlin,Web Browser,Credit Card,0,0
TXN-102255,CUST-1490,19,Business,Deposit,Entertainment,5.86,5729.39,5723.53,6,Mumbai,Web Browser,Credit Card,0,0
TXN-100033,CUST-1474,21,Savings,Payment,Entertainment,21.81,3710.89,3689.08,18,London,Web Browser,Credit Card,0,0
TXN-100161,CUST-1340,21,Credit,Deposit,Entertainment,371.05,22399.33,22178.28,2,London,POS Terminal,Debit Card,1,1
TXN-101642,CUST-1465,24,Savings,Payment,Electronics,61.57,3864.27,3802.7,16,Berlin,Web Browser,Credit Card,0,0
TXN-100683,CUST-1429,45,Credit,Payment,Electronics,253.31,4337.59,4084.28,5,London,POS Terminal,Wire Transfer,1,0
TXN-101822,CUST-1495,18,Credit,Deposit,Entertainment,5.31,4117.05,4261.74,8,Berlin,Web Browser,Credit Card,0,0
TXN-101146,CUST-1465,37,Savings,Payment,Electronics,142.14,1764.84,1622.7,4,London,POS Terminal,Wire Transfer,0,0
TXN-102267,CUST-1472,27,Business,Deposit,Groceries,26.78,8973.33,9096.55,2,New York,Web Browser,Wire Transfer,0,0
TXN-100773,CUST-1472,21,Savings,Payment,Entertainment,22.39,2095.47,2073.08,15,London,Web Browser,Credit Card,0,0
TXN-102099,CUST-1366,47,Credit,Deposit,Electronics,134.03,19469.42,19335.39,12,Mumbai,POS Terminal,Credit Card,0,0
TXN-100272,CUST-1354,34,Credit,Payment,Entertainment,250.24,17181.33,16931.09,5,London,Web Browser,Debit Card,0,0
TXN-102230,CUST-1476,25,Savings,Payment,Electronics,57.47,3333.26,3275.79,18,Berlin,Web Browser,Credit Card,0,0
TXN-102107,CUST-1492,28,Checking,Payment,Entertainment,27.71,858.9,831.19,18,Mumbai,POS Terminal,UPI / Wallet,0,0
TXN-100278,CUST-1366,23,Savings,Deposit,Entertainment,42.83,23311.61,23268.78,1,London,Web Browser,UPI / Wallet,0,0
TXN-101694,CUST-1373,22,Savings,Payment,Entertainment,54.17,16025.98,16121.81,1,Berlin,Web Browser,UPI / Wallet,0,0
TXN-101387,CUST-1469,25,Business,Payment,Entertainment,48.36,1854.21,1805.85,9,Mumbai,POS Terminal,Wire Transfer,0,0
TXN-100035,CUST-1442,21,Savings,Deposit,Electronics,46.0,19912.6,19866.6,2,Berlin,Web Browser,Debit Card,0,0
TXN-100522,CUST-1428,46,Savings,Payment,Electronics,312.64,7590.53,7277.89,8,London,POS Terminal,UPI / Wallet,1,0
TXN-102043,CUST-1345,49,Credit,Payment,Electronics,160.53,4510.79,4350.26,3,London,Mobile App,Wire Transfer,0,0
TXN-100800,CUST-1469,45,Credit,Deposit,Electronics,126.58,760.19,633.61,3,Mumbai,Mobile App,Wire Transfer,0,0
TXN-100853,CUST-1170,37,Savings,Deposit,Entertainment,108.32,23890.82,23782.5,2,London,Mobile App,Debit Card,0,0
TXN-100697,CUST-1364,36,Savings,Payment,Electronics,224.78,18087.68,17862.9,6,London,Web Browser,Debit Card,0,0
TXN-102271,CUST-1457,25,Savings,Payment,Electronics,36.75,4545.66,4508.91,17,Berlin,Web Browser,Credit Card,0,0
TXN-100119,CUST-1347,47,Credit,Payment,Electronics,190.98,10015.29,9824.31,4,London,POS Terminal,Wire Transfer,0,0
TXN-101099,CUST-1498,18,Savings,Payment,Electronics,5.21,176.2,170.99,20,Berlin,Web Browser,Credit Card,0,0
TXN-100147,CUST-1414,44,Savings,Payment,Electronics,355.5,8063.55,7708.05,11,London,POS Terminal,Debit Card,0,0
TXN-101603,CUST-1449,29,Checking,Deposit,Entertainment,70.71,2655.49,2584.78,5,Mumbai,POS Terminal,Wire Transfer,0,0
TXN-101290,CUST-1451,29,Checking,Payment,Entertainment,77.84,3852.31,3774.47,11,Mumbai,POS Terminal,Wire Transfer,0,0
TXN-100051,CUST-1462,26,Business,Payment,Entertainment,53.83,3224.09,3170.26,7,New York,POS Terminal,Wire Transfer,0,0
TXN-100182,CUST-1468,53,Credit,Payment,Electronics,336.57,3456.06,3119.49,7,London,POS Terminal,Wire Transfer,0,0
TXN-101704,CUST-1486,46,Credit,Deposit,Electronics,137.59,2076.87,1939.28,1,London,Web Browser,Wire Transfer,1,0
TXN-101714,CUST-1456,21,Savings,Payment,Entertainment,22.18,1443.22,1421.04,9,Berlin,POS Terminal,UPI / Wallet,0,0
TXN-100497,CUST-1486,18,Credit,Deposit,Entertainment,5.5,14773.65,14768.15,3,Berlin,Web Browser,Credit Card,0,0
TXN-101212,CUST-1232,57,Credit,Payment,Electronics,305.73,16109.59,15803.86,6,London,POS Terminal,UPI / Wallet,0,0
TXN-101932,CUST-1395,47,Business,Deposit,Entertainment,80.08,4794.5,4864.42,1,Mumbai,POS Terminal,Wire Transfer,0,0
TXN-100069,CUST-1439,37,Business,Deposit,Entertainment,144.66,18664.96,18520.3,5,Mumbai,Web Browser,Debit Card,0,0
TXN-102108,CUST-1481,19,Savings,Payment,Entertainment,12.2,911.61,1049.41,4,Berlin,Web Browser,Wire Transfer,0,0
TXN-101577,CUST-1394,33,Savings,Deposit,Electronics,179.8,15806.61,15626.81,5,London,Web Browser,UPI / Wallet,0,0
TXN-100170,CUST-1307,31,Savings,Deposit,Electronics,84.67,22451.65,22366.98,3,London,Web Browser,Debit Card,0,0
TXN-101507,CUST-1402,60,Credit,Deposit,Electronics,329.08,5578.66,5249.58,2,Mumbai,Mobile App,Wire Transfer,1,0
TXN-101845,CUST-1400,29,Credit,Deposit,Entertainment,98.46,3259.42,3160.96,1,London,POS Terminal,Wire Transfer,0,0
TXN-101237,CUST-1440,22,Savings,Payment,Entertainment,48.2,5001.05,4952.85,8,Berlin,Web Browser,Debit Card,0,0
TXN-101801,CUST-1497,18,Savings,Deposit,Electronics,5.13,18652.35,18647.22,3,Berlin,Web Browser,Credit Card,0,0
TXN-100006,CUST-1235,65,Credit,Deposit,Electronics,257.56,18053.27,17795.71,4,London,Mobile App,UPI / Wallet,0,0
TXN-100743,CUST-1424,27,Savings,Payment,Entertainment,161.92,17311.83,17149.91,7,London,Web Browser,Debit Card,0,0
TXN-100927,CUST-1445,21,Savings,Payment,Entertainment,48.02,10613.22,10565.2,8,London,Web Browser,Debit Card,0,0
TXN-101546,CUST-1353,52,Checking,Payment,Entertainment,381.72,12606.56,12224.84,6,New York,Mobile App,UPI / Wallet,1,0
TXN-100309,CUST-1422,31,Checking,Deposit,Entertainment,87.23,17868.49,17781.26,3,New York,Web Browser,Debit Card,0,0
TXN-101130,CUST-1478,19,Savings,Deposit,Electronics,319.0,20192.32,19873.32,11,London,Web Browser,Credit Card,1,1
TXN-100236,CUST-1462,42,Savings,Payment,Electronics,110.53,576.61,466.08,1,London,Mobile App,Wire Transfer,0,0
TXN-101852,CUST-1339,21,Savings,Payment,Entertainment,40.93,8405.65,8514.72,6,London,POS Terminal,UPI / Wallet,0,0
TXN-101312,CUST-1499,18,Savings,Deposit,Entertainment,5.01,1101.29,1246.28,4,Berlin,Web Browser,Credit Card,0,0
TXN-101580,CUST-1443,53,Credit,Payment,Electronics,388.15,5403.81,5015.66,8,London,Mobile App,Wire Transfer,1,0
TXN-101044,CUST-1440,19,Savings,Deposit,Entertainment,10.11,18644.6,18634.49,0,Berlin,Web Browser,Wire Transfer,0,0
TXN-101886,CUST-1425,29,Savings,Payment,Entertainment,162.03,9092.57,8930.54,12,London,POS Terminal,Debit Card,0,0
TXN-100932,CUST-1409,22,Savings,Payment,Entertainment,39.12,14370.83,14331.71,9,Berlin,Web Browser,Credit Card,0,0
TXN-101706,CUST-1423,19,Savings,Deposit,Entertainment,9.57,16125.38,16115.81,0,Berlin,Web Browser,Wire Transfer,0,0
TXN-100442,CUST-1406,35,Savings,Payment,Electronics,107.33,3007.97,2900.64,9,Mumbai,Mobile App,Wire Transfer,0,0
TXN-101544,CUST-1481,21,Checking,Deposit,Groceries,22.42,2415.61,2393.19,12,Mumbai,Web Browser,Debit Card,0,0
TXN-100472,CUST-1443,67,Checking,Deposit,Electronics,309.25,3330.95,3021.7,4,Mumbai,Mobile App,Wire Transfer,1,0
TXN-100734,CUST-1494,18,Savings,Deposit,Entertainment,5.39,12006.48,12151.09,2,London,Web Browser,Credit Card,0,0
TXN-102231,CUST-1497,18,Business,Deposit,Retail,5.14,1156.98,1151.84,2,London,Web Browser,Debit Card,0,0
TXN-100862,CUST-1354,48,Credit,Deposit,Entertainment,341.42,15932.33,15590.91,9,Mumbai,POS Terminal,Debit Card,0,0
TXN-100583,CUST-1484,60,Business,Deposit,Electronics,259.89,1414.32,1154.43,2,New York,POS Terminal,Wire Transfer,1,0
TXN-100322,CUST-1475,18,Savings,Payment,Entertainment,8.08,2982.38,2974.3,5,Berlin,Web Browser,Debit Card,0,0
TXN-101338,CUST-1471,28,Savings,Payment,Electronics,84.56,5546.28,5611.72,18,Berlin,Web Browser,Credit Card,0,0
TXN-101695,CUST-1495,19,Savings,Payment,Electronics,9.74,5898.02,5888.28,18,Berlin,Web Browser,Credit Card,0,0
TXN-100301,CUST-1460,21,Checking,Deposit,Entertainment,9.03,17800.2,17791.17,3,London,Web Browser,Credit Card,0,0
TXN-102056,CUST-1414,53,Savings,Payment,Electronics,253.38,4585.98,4332.6,9,London,Mobile App,Wire Transfer,0,0
TXN-100299,CUST-1485,19,Savings,Payment,Entertainment,6.38,902.71,896.33,7,Berlin,Web Browser,UPI / Wallet,0,0
TXN-100527,CUST-1467,30,Credit,Payment,Entertainment,106.84,3195.23,3088.39,18,London,POS Terminal,Debit Card,0,0
TXN-100482,CUST-1496,18,Savings,Deposit,Entertainment,5.17,14619.62,14614.45,8,Berlin,Web Browser,Credit Card,0,0
TXN-100939,CUST-1326,37,Savings,Payment,Entertainment,271.86,12189.9,11918.04,3,London,POS Terminal,Wire Transfer,0,0
TXN-100221,CUST-1444,31,Savings,Payment,Electronics,208.05,9673.08,9465.03,11,London,Web Browser,Debit Card,0,0
TXN-102215,CUST-1398,36,Savings,Deposit,Electronics,146.37,4660.58,4514.21,1,London,POS Terminal,Wire Transfer,0,0
TXN-101763,CUST-1453,27,Business,Deposit,Entertainment,27.03,8927.8,8900.77,6,Singapore,POS Terminal,Debit Card,0,0
TXN-101927,CUST-1434,21,Savings,Payment,Groceries,21.69,1876.95,1855.26,5,Berlin,Web Browser,Wire Transfer,0,0
TXN-100776,CUST-1428,55,Credit,Payment,Electronics,222.16,3587.5,3365.34,4,London,Mobile App,Wire Transfer,0,0
TXN-101088,CUST-1424,20,Savings,Deposit,Entertainment,20.11,7809.2,7789.09,2,Berlin,Web Browser,Wire Transfer,0,0
TXN-100093,CUST-1452,41,Credit,Payment,Electronics,383.38,6339.16,5955.78,10,London,POS Terminal,UPI / Wallet,1,0
TXN-101611,CUST-1459,24,Savings,Payment,Entertainment,84.32,9710.58,9776.26,10,London,Web Browser,Debit Card,0,0
TXN-101548,CUST-1272,50,Savings,Deposit,Electronics,224.67,19771.04,19546.37,4,Mumbai,POS Terminal,UPI / Wallet,0,0
TXN-101005,CUST-1370,28,Savings,Payment,Entertainment,154.69,14432.28,14277.59,3,London,Web Browser,UPI / Wallet,0,0
TXN-101840,CUST-1416,52,Savings,Payment,Electronics,426.6,9155.98,8729.38,7,London,POS Terminal,UPI / Wallet,0,0
TXN-100627,CUST-1422,21,Savings,Payment,Entertainment,60.14,3596.53,3536.39,10,London,POS Terminal,Wire Transfer,0,0
TXN-101586,CUST-1491,20,Savings,Payment,Electronics,16.63,2916.51,2899.88,19,Berlin,Web Browser,Credit Card,0,0
TXN-101219,CUST-1453,23,Savings,Deposit,Electronics,85.36,17385.68,17300.32,2,London,Web Browser,UPI / Wallet,0,0
TXN-101702,CUST-1483,19,Savings,Deposit,Entertainment,8.69,15538.87,15530.18,8,London,Web Browser,Credit Card,0,0
TXN-101549,CUST-1286,31,Savings,Payment,Entertainment,151.42,16488.15,16336.73,1,London,POS Terminal,Wire Transfer,0,0
TXN-100342,CUST-1475,24,Checking,Deposit,Entertainment,63.4,3526.69,3463.29,11,New York,POS Terminal,UPI / Wallet,0,0
TXN-101231,CUST-1498,18,Savings,Deposit,Electronics,5.1,10898.1,10893.0,3,Berlin,Web Browser,Credit Card,0,0
TXN-102089,CUST-1389,49,Credit,Deposit,Entertainment,327.35,13236.1,12908.75,4,Mumbai,POS Terminal,UPI / Wallet,1,0
TXN-101342,CUST-1389,54,Credit,Deposit,Electronics,265.54,6897.23,6631.69,2,London,Mobile App,Wire Transfer,1,0
TXN-101116,CUST-1486,20,Checking,Payment,Entertainment,8.69,887.78,879.09,9,London,Web Browser,Wire Transfer,0,0
TXN-100084,CUST-1457,18,Credit,Deposit,Groceries,7.03,11409.04,11402.01,2,London,Web Browser,Debit Card,0,0
TXN-101697,CUST-1401,63,Business,Deposit,Electronics,143.49,10845.96,10702.47,2,New York,POS Terminal,Wire Transfer,0,0
TXN-102217,CUST-1466,64,Credit,Deposit,Electronics,220.04,1666.18,1446.14,2,Mumbai,Mobile App,Wire Transfer,1,0
TXN-101996,CUST-1437,28,Savings,Transfer,Electronics,95.63,4472.46,4376.83,12,Berlin,Web Browser,Debit Card,0,0
TXN-100550,CUST-1339,48,Credit,Payment,Electronics,306.87,9494.38,9187.51,4,London,Mobile App,Wire Transfer,0,0
TXN-101439,CUST-1373,21,Savings,Deposit,Entertainment,26.29,23287.98,23261.69,1,London,Web Browser,Debit Card,0,0
TXN-100393,CUST-1323,40,Credit,Payment,Entertainment,257.94,15563.32,15305.38,5,Mumbai,POS Terminal,UPI / Wallet,0,0
TXN-101317,CUST-1405,67,Checking,Deposit,Electronics,243.96,8799.92,8555.96,1,London,POS Terminal,Wire Transfer,0,0
TXN-101525,CUST-1463,51,Checking,Deposit,Electronics,187.38,2843.46,2656.08,7,Mumbai,Mobile App,Wire Transfer,0,0
TXN-101680,CUST-1436,54,Credit,Payment,Electronics,181.26,2114.07,1932.81,7,London,Mobile App,Wire Transfer,0,0
TXN-101220,CUST-1431,54,Credit,Payment,Entertainment,316.57,6747.36,6430.79,13,London,POS Terminal,Debit Card,0,0
TXN-101221,CUST-1470,24,Checking,Deposit,Entertainment,45.15,13399.4,13354.25,10,Mumbai,Web Browser,Credit Card,0,0
TXN-102191,CUST-1164,37,Savings,Payment,Entertainment,133.66,20332.64,20198.98,2,Berlin,Mobile App,Wire Transfer,0,0
TXN-100548,CUST-1258,25,Savings,Deposit,Entertainment,85.4,21780.9,21695.5,5,London,POS Terminal,Debit Card,0,0
TXN-101011,CUST-1493,22,Checking,Deposit,Entertainment,6.95,598.6,591.65,16,London,POS Terminal,Debit Card,0,0
TXN-101510,CUST-1463,37,Business,Payment,Entertainment,147.27,4236.38,4089.11,11,New York,Web Browser,UPI / Wallet,0,0
TXN-100565,CUST-1332,39,Savings,Payment,Electronics,139.9,17959.67,17819.77,3,London,Web Browser,UPI / Wallet,0,0
TXN-101053,CUST-1477,23,Checking,Deposit,Entertainment,20.26,3644.84,3774.58,11,Mumbai,Web Browser,Debit Card,0,0
TXN-102170,CUST-1433,27,Savings,Payment,Entertainment,72.51,3786.19,3713.68,13,London,POS Terminal,UPI / Wallet,0,0
TXN-101444,CUST-1489,20,Savings,Payment,Electronics,12.62,1734.89,1722.27,21,Berlin,Web Browser,Credit Card,0,0
TXN-101337,CUST-1365,49,Checking,Deposit,Entertainment,300.57,15478.59,15178.02,5,New York,POS Terminal,UPI / Wallet,0,0
TXN-100092,CUST-1311,39,Checking,Deposit,Entertainment,115.02,19165.52,19050.5,2,London,Mobile App,Debit Card,0,0
TXN-100106,CUST-1424,32,Savings,Payment,Electronics,85.82,3109.62,3023.8,14,Berlin,POS Terminal,UPI / Wallet,0,0
TXN-101883,CUST-1420,63,Credit,Payment,Electronics,333.27,6252.84,5919.57,7,London,Mobile App,UPI / Wallet,0,0
TXN-101735,CUST-1258,28,Savings,Deposit,Entertainment,80.78,22361.84,22281.06,3,London,POS Terminal,UPI / Wallet,0,0
TXN-101472,CUST-1401,63,Credit,Deposit,Electronics,323.33,7307.1,6983.77,3,London,Mobile App,Wire Transfer,1,0
TXN-101768,CUST-1472,21,Savings,Payment,Entertainment,403.18,3299.87,2896.69,16,Berlin,Web Browser,Debit Card,1,1
TXN-101659,CUST-1460,29,Savings,Deposit,Electronics,110.69,2534.21,2423.52,1,London,Web Browser,Wire Transfer,0,0
TXN-101733,CUST-1394,55,Credit,Payment,Electronics,432.51,7678.82,7246.31,5,London,POS Terminal,UPI / Wallet,1,0
TXN-101132,CUST-1493,18,Savings,Deposit,Electronics,5.08,23744.44,23739.36,2,Berlin,Web Browser,Credit Card,0,0
TXN-101937,CUST-1280,27,Savings,Deposit,Electronics,76.09,22424.8,22348.71,1,Berlin,Web Browser,Debit Card,0,0
TXN-101431,CUST-1476,19,Savings,Payment,Entertainment,23.26,9375.26,9352.0,11,Berlin,Web Browser,Credit Card,0,0
TXN-101738,CUST-1286,22,Savings,Deposit,Groceries,41.03,8904.57,8863.54,1,Berlin,POS Terminal,Wire Transfer,0,0
TXN-101445,CUST-1473,20,Savings,Payment,Entertainment,16.56,2500.99,2484.43,15,Berlin,Web Browser,Credit Card,0,0
TXN-100794,CUST-1378,35,Checking,Deposit,Entertainment,119.24,20566.21,20446.97,5,Mumbai,Web Browser,Debit Card,0,0
TXN-100614,CUST-1415,34,Savings,Payment,Entertainment,244.12,11926.45,11682.33,9,London,Web Browser,Debit Card,0,0
TXN-102187,CUST-1436,23,Credit,Payment,Entertainment,36.22,1621.97,1585.75,7,London,POS Terminal,Wire Transfer,0,0
TXN-101215,CUST-1427,32,Savings,Payment,Electronics,416.92,11109.38,10692.46,16,Berlin,POS Terminal,Credit Card,1,1
TXN-100828,CUST-1448,41,Savings,Payment,Electronics,278.16,4625.42,4347.26,12,London,POS Terminal,UPI / Wallet,0,0
TXN-101185,CUST-1404,54,Checking,Deposit,Electronics,328.04,12404.27,12076.23,2,Mumbai,POS Terminal,Wire Transfer,1,0
TXN-100943,CUST-1440,30,Savings,Deposit,Electronics,135.17,4904.41,4769.24,3,London,POS Terminal,Wire Transfer,0,0
TXN-100356,CUST-1419,26,Credit,Deposit,Entertainment,83.15,17336.13,17252.98,5,Mumbai,Web Browser,Debit Card,0,0
TXN-102205,CUST-1493,19,Savings,Payment,Electronics,12.85,1409.51,1396.66,15,Berlin,Web Browser,Credit Card,0,0
TXN-100971,CUST-1378,23,Savings,Deposit,Entertainment,56.59,18970.88,18914.29,3,London,Web Browser,Debit Card,0,0
TXN-102195,CUST-1362,64,Checking,Deposit,Electronics,268.86,16333.62,16064.76,7,Mumbai,POS Terminal,Debit Card,0,0
TXN-101102,CUST-1346,25,Savings,Deposit,Entertainment,123.09,19694.09,19571.0,2,Berlin,Web Browser,UPI / Wallet,0,0
TXN-101776,CUST-1451,52,Credit,Payment,Electronics,202.82,1757.58,1554.76,4,London,Mobile App,Wire Transfer,0,0
TXN-101476,CUST-1437,50,Savings,Payment,Electronics,215.23,5716.9,5501.67,12,London,Mobile App,UPI / Wallet,0,0
TXN-101241,CUST-1454,19,Credit,Deposit,Entertainment,6.91,20550.3,20693.39,7,Berlin,Web Browser,Credit Card,0,0
TXN-101365,CUST-1461,20,Savings,Payment,Entertainment,20.98,19585.92,19564.94,9,Mumbai,Web Browser,Credit Card,0,0
TXN-100134,CUST-1350,30,Checking,Deposit,Entertainment,18.8,21862.65,21843.85,3,London,Mobile App,Credit Card,0,0
TXN-101772,CUST-1344,23,Savings,Deposit,Entertainment,79.8,16603.25,16523.45,1,London,Web Browser,UPI / Wallet,0,0
TXN-102125,CUST-1409,62,Checking,Deposit,Electronics,361.3,7412.88,7051.58,4,Mumbai,Mobile App,Wire Transfer,0,0
TXN-100114,CUST-1416,21,Savings,Deposit,Entertainment,12.99,9621.24,9608.25,8,Berlin,POS Terminal,Debit Card,0,0
TXN-100875,CUST-1369,31,Savings,Payment,Entertainment,126.69,3596.84,3470.15,3,London,POS Terminal,Wire Transfer,0,0
TXN-100547,CUST-1402,23,Savings,Deposit,Electronics,74.45,12597.58,12523.13,0,Berlin,Web Browser,Wire Transfer,0,0
TXN-100997,CUST-1471,60,Business,Deposit,Electronics,179.12,1036.21,857.09,1,Singapore,Mobile App,Wire Transfer,0,0
TXN-100090,CUST-1496,18,Credit,Deposit,Entertainment,5.41,813.65,808.24,15,London,Web Browser,Credit Card,0,0
TXN-101691,CUST-1320,38,Savings,Payment,Entertainment,216.21,13612.48,13396.27,2,London,POS Terminal,Wire Transfer,0,0
TXN-100181,CUST-1437,61,Savings,Payment,Electronics,219.19,3616.13,3396.94,7,London,Mobile App,Wire Transfer,0,0
TXN-101670,CUST-1427,31,Savings,Payment,Entertainment,209.46,4956.63,4747.17,6,Mumbai,POS Terminal,Wire Transfer,0,0
TXN-100703,CUST-1435,46,Business,Deposit,Entertainment,307.06,11364.35,11057.29,4,New York,POS Terminal,UPI / Wallet,0,0
TXN-101762,CUST-1430,38,Business,Deposit,Entertainment,88.71,15624.0,15535.29,2,Singapore,Web Browser,UPI / Wallet,0,0
TXN-100293,CUST-1389,45,Savings,Payment,Electronics,180.69,3795.6,3614.91,6,London,Mobile App,Wire Transfer,0,0
TXN-101542,CUST-1346,33,Savings,Payment,Electronics,125.72,3782.14,3656.42,3,Berlin,Mobile App,Wire Transfer,0,0
TXN-100985,CUST-1375,24,Savings,Deposit,Entertainment,45.3,21095.82,21050.52,1,London,Web Browser,UPI / Wallet,0,0
TXN-100040,CUST-1482,23,Savings,Payment,Electronics,56.68,3142.61,3085.93,14,Berlin,Web Browser,Credit Card,0,0
TXN-100107,CUST-1405,42,Credit,Payment,Entertainment,276.15,7513.6,7237.45,13,Mumbai,POS Terminal,Debit Card,0,0
TXN-102102,CUST-1383,38,Credit,Payment,Entertainment,258.63,11191.0,10932.37,5,London,POS Terminal,UPI / Wallet,0,0
TXN-102016,CUST-1218,39,Savings,Deposit,Electronics,67.57,23857.28,23789.71,3,Berlin,POS Terminal,Credit Card,0,0
TXN-100775,CUST-1477,30,Savings,Payment,Electronics,539.58,2394.34,1854.76,17,Berlin,Web Browser,Debit Card,1,1
TXN-101649,CUST-1341,37,Credit,Payment,Entertainment,189.96,9848.76,9658.8,11,London,POS Terminal,UPI / Wallet,0,0
TXN-100367,CUST-1421,41,Credit,Deposit,Electronics,225.1,5759.87,5534.77,3,London,POS Terminal,Wire Transfer,1,0
TXN-101983,CUST-1462,41,Credit,Payment,Electronics,182.29,2008.08,1825.79,12,London,POS Terminal,Wire Transfer,0,0
TXN-100039,CUST-1245,43,Savings,Deposit,Electronics,130.6,21821.7,21691.1,5,London,POS Terminal,Debit Card,0,0
TXN-100870,CUST-1244,40,Savings,Payment,Entertainment,676.18,16705.6,16029.42,4,London,Mobile App,UPI / Wallet,1,1
TXN-100597,CUST-1464,48,Savings,Payment,Electronics,305.85,2976.95,2671.1,5,London,POS Terminal,Wire Transfer,1,0
TXN-101339,CUST-1480,54,Credit,Payment,Electronics,107.46,837.43,729.97,11,Mumbai,Mobile App,Wire Transfer,0,0
TXN-102278,CUST-1485,19,Savings,Deposit,Entertainment,13.73,11551.9,11538.17,10,London,Web Browser,Credit Card,0,0
TXN-100863,CUST-1407,40,Savings,Payment,Electronics,824.42,5330.25,4505.83,11,London,POS Terminal,UPI / Wallet,1,1
TXN-101564,CUST-1412,27,Credit,Payment,Entertainment,83.14,9255.62,9172.48,10,London,POS Terminal,Debit Card,0,0
TXN-101323,CUST-1434,20,Savings,Deposit,Entertainment,30.8,18645.07,18614.27,1,Berlin,Web Browser,Debit Card,0,0
TXN-101636,CUST-1467,20,Savings,Payment,Entertainment,19.06,7266.15,7247.09,11,Berlin,Web Browser,Credit Card,0,0
TXN-102033,CUST-1455,53,Credit,Deposit,Electronics,97.92,549.02,451.1,1,London,Mobile App,Wire Transfer,0,0
TXN-100470,CUST-1415,28,Checking,Deposit,Entertainment,41.9,14085.82,14043.92,5,New York,Mobile App,Debit Card,0,0
TXN-102103,CUST-1460,48,Credit,Deposit,Electronics,265.93,2585.41,2319.48,5,Mumbai,POS Terminal,Wire Transfer,1,0
TXN-100015,CUST-1467,56,Business,Deposit,Electronics,324.11,3541.66,3217.55,2,New York,POS Terminal,Wire Transfer,1,0
TXN-100031,CUST-1480,27,Savings,Transfer,Electronics,58.57,1575.51,1516.94,18,London,POS Terminal,UPI / Wallet,0,0
TXN-102175,CUST-1391,48,Credit,Payment,Entertainment,367.39,9931.3,9563.91,6,London,POS Terminal,UPI / Wallet,0,0
TXN-101816,CUST-1429,25,Credit,Payment,Entertainment,67.39,1017.1,949.71,6,London,Web Browser,Wire Transfer,0,0
TXN-101715,CUST-1222,39,Credit,Deposit,Electronics,84.27,23068.48,22984.21,4,London,Mobile App,Debit Card,0,0
TXN-101166,CUST-1382,34,Credit,Deposit,Entertainment,200.5,17686.68,17486.18,9,Mumbai,POS Terminal,Debit Card,0,0
TXN-102154,CUST-1284,31,Savings,Payment,Entertainment,152.37,17028.52,16876.15,2,London,Web Browser,UPI / Wallet,0,0
TXN-100721,CUST-1407,42,Credit,Deposit,Electronics,184.32,3767.67,3583.35,3,London,Mobile App,Wire Transfer,0,0
TXN-100198,CUST-1487,18,Savings,Deposit,Entertainment,7.0,23802.45,23795.45,0,Berlin,Web Browser,Debit Card,0,0
TXN-100064,CUST-1380,26,Savings,Deposit,Entertainment,561.72,11783.35,11221.63,2,London,Web Browser,UPI / Wallet,1,1
TXN-101800,CUST-1457,38,Credit,Payment,Entertainment,187.11,3431.2,3244.09,14,London,POS Terminal,UPI / Wallet,0,0
TXN-100603,CUST-1489,20,Savings,Payment,Electronics,25.11,4652.47,4627.36,17,London,Web Browser,Credit Card,0,0
TXN-101944,CUST-1388,62,Credit,Payment,Electronics,279.76,4031.09,3751.33,4,London,Mobile App,Wire Transfer,0,0
TXN-102202,CUST-1487,28,Business,Payment,Entertainment,37.57,1284.57,1247.0,14,Mumbai,Web Browser,Debit Card,0,0
TXN-100629,CUST-1304,53,Credit,Payment,Entertainment,255.01,7578.63,7323.62,4,London,POS Terminal,Wire Transfer,0,0
TXN-101965,CUST-1457,19,Business,Deposit,Groceries,7.83,19720.21,19712.38,0,London,Web Browser,UPI / Wallet,0,0
TXN-102105,CUST-1360,36,Credit,Deposit,Entertainment,212.66,16763.81,16551.15,6,Mumbai,POS Terminal,UPI / Wallet,0,0
TXN-102111,CUST-1422,47,Credit,Deposit,Electronics,254.5,6812.26,6557.76,2,London,POS Terminal,Wire Transfer,1,0
TXN-100818,CUST-1464,19,Credit,Deposit,Groceries,8.95,13815.35,13806.4,3,Mumbai,Web Browser,Credit Card,0,0
TXN-101469,CUST-1281,49,Savings,Deposit,Electronics,226.73,14596.04,14369.31,3,London,POS Terminal,Wire Transfer,0,0
TXN-101655,CUST-1484,18,Savings,Deposit,Electronics,6.88,10053.51,10046.63,7,Berlin,Web Browser,Credit Card,0,0
TXN-101202,CUST-1371,35,Credit,Deposit,Electronics,123.89,21254.35,21130.46,3,London,POS Terminal,UPI / Wallet,0,0
TXN-101136,CUST-1484,23,Savings,Payment,Electronics,39.73,1427.42,1387.69,19,London,Web Browser,Credit Card,0,0
TXN-101165,CUST-1414,57,Checking,Deposit,Electronics,323.04,5682.81,5359.77,4,Mumbai,Mobile App,Wire Transfer,1,0
TXN-100245,CUST-1283,40,Savings,Payment,Entertainment,153.58,19183.61,19030.03,8,Mumbai,POS Terminal,Debit Card,0,0
TXN-101213,CUST-1485,63,Business,Deposit,Electronics,218.15,1302.51,1084.36,1,Mumbai,Mobile App,Wire Transfer,1,0
TXN-102292,CUST-1294,29,Savings,Payment,Electronics,121.69,8213.28,8091.59,2,London,Mobile App,Wire Transfer,0,0
TXN-101502,CUST-1398,43,Business,Deposit,Entertainment,65.9,16816.73,16750.83,5,Singapore,Mobile App,Debit Card,0,0
TXN-102155,CUST-1307,56,Savings,Payment,Electronics,304.29,12267.2,11962.91,7,London,POS Terminal,Debit Card,0,0
TXN-101156,CUST-1430,35,Savings,Deposit,Electronics,43.18,17058.12,17014.94,15,Berlin,Web Browser,Credit Card,0,0
TXN-100554,CUST-1364,31,Credit,Payment,Entertainment,125.31,5858.52,5733.21,4,Mumbai,Mobile App,Wire Transfer,0,0
TXN-100032,CUST-1465,44,Credit,Deposit,Electronics,247.85,3408.9,3311.05,3,London,POS Terminal,Wire Transfer,1,0
TXN-101915,CUST-1384,38,Savings,Payment,Electronics,131.34,1342.26,1210.92,2,London,Mobile App,Wire Transfer,0,0
TXN-100014,CUST-1458,27,Savings,Payment,Entertainment,123.48,5828.52,5705.04,15,London,Web Browser,Debit Card,0,0
TXN-100484,CUST-1452,26,Credit,Payment,Entertainment,53.16,5733.17,5680.01,15,Mumbai,POS Terminal,Debit Card,0,0
TXN-101861,CUST-1336,34,Savings,Payment,Entertainment,184.53,8824.96,8640.43,7,London,POS Terminal,UPI / Wallet,0,0
TXN-100157,CUST-1380,47,Credit,Payment,Entertainment,429.93,9172.26,8742.33,6,Mumbai,POS Terminal,UPI / Wallet,1,0
TXN-102019,CUST-1380,25,Savings,Deposit,Entertainment,69.19,20534.24,20465.05,2,London,Web Browser,Debit Card,0,0
TXN-101232,CUST-1398,23,Savings,Deposit,Entertainment,38.68,19774.94,19736.26,5,London,Web Browser,Credit Card,0,0
TXN-101259,CUST-1477,21,Savings,Payment,Entertainment,28.18,2019.83,1991.65,16,London,Web Browser,UPI / Wallet,0,0
TXN-100902,CUST-1376,34,Savings,Deposit,Electronics,134.66,6674.99,6540.33,1,London,POS Terminal,Wire Transfer,0,0
TXN-100370,CUST-1375,69,Credit,Deposit,Electronics,322.27,9742.4,9420.13,7,London,Mobile App,UPI / Wallet,0,0
TXN-100068,CUST-1461,52,Checking,Deposit,Electronics,271.79,3176.82,2905.03,3,Mumbai,Mobile App,Wire Transfer,1,0
TXN-101122,CUST-1433,48,Credit,Payment,Entertainment,367.12,6935.08,6567.96,6,Mumbai,POS Terminal,Wire Transfer,1,0
TXN-102207,CUST-1475,19,Savings,Deposit,Entertainment,9.31,20861.39,20852.08,1,Berlin,Web Browser,Credit Card,0,0
TXN-100097,CUST-1445,36,Savings,Payment,Electronics,255.87,5640.14,5384.27,7,London,POS Terminal,Wire Transfer,0,0
TXN-101324,CUST-1467,25,Credit,Payment,Entertainment,82.11,6991.45,6909.34,9,Mumbai,Web Browser,Debit Card,0,0
TXN-101892,CUST-1275,40,Credit,Payment,Entertainment,116.62,16283.45,16316.83,7,London,Mobile App,UPI / Wallet,0,0
TXN-100541,CUST-1259,30,Savings,Deposit,Entertainment,42.27,24192.37,24150.1,2,London,POS Terminal,Credit Card,0,0
TXN-102039,CUST-1469,35,Credit,Payment,Electronics,39.98,630.74,590.76,9,London,Mobile App,Wire Transfer,0,0
TXN-101054,CUST-1463,27,Savings,Payment,Electronics,62.94,2208.51,2145.57,18,London,Web Browser,Debit Card,0,0
TXN-100383,CUST-1429,25,Savings,Payment,Entertainment,94.69,3803.48,3708.79,6,London,Web Browser,Wire Transfer,0,0
TXN-100831,CUST-1422,34,Credit,Payment,Groceries,292.84,10707.12,10414.28,8,New York,Web Browser,Debit Card,0,0
TXN-101133,CUST-1354,30,Savings,Payment,Electronics,102.86,17814.68,17711.82,6,Berlin,POS Terminal,Debit Card,0,0
TXN-100205,CUST-1471,22,Business,Deposit,Entertainment,9.34,4911.77,4902.43,7,Mumbai,POS Terminal,Debit Card,0,0
TXN-102210,CUST-1358,30,Credit,Payment,Entertainment,80.01,5748.54,5668.53,3,London,POS Terminal,Wire Transfer,0,0
TXN-102036,CUST-1477,23,Savings,Payment,Electronics,52.18,2832.53,2780.35,14,London,Web Browser,Debit Card,0,0
TXN-100774,CUST-1480,21,Savings,Payment,Entertainment,47.12,2570.45,2673.33,9,London,Web Browser,Debit Card,0,0
TXN-102073,CUST-1479,24,Savings,Payment,Electronics,86.9,6013.89,5926.99,14,Berlin,Web Browser,Credit Card,0,0
TXN-100733,CUST-1259,53,Credit,Payment,Electronics,250.89,18009.12,17758.23,9,London,Mobile App,Debit Card,0,0
TXN-100844,CUST-1489,19,Credit,Payment,Entertainment,14.07,3381.39,3367.32,13,London,Web Browser,Credit Card,0,0
TXN-101278,CUST-1479,22,Savings,Payment,Entertainment,56.78,7448.03,7391.25,15,Berlin,Web Browser,Credit Card,0,0
TXN-102256,CUST-1400,19,Savings,Deposit,Electronics,6.51,23167.6,23161.09,1,London,Web Browser,Credit Card,0,0
TXN-100749,CUST-1485,18,Savings,Deposit,Electronics,5.08,24819.88,24814.8,0,Berlin,Web Browser,Credit Card,0,0
TXN-102060,CUST-1466,37,Savings,Payment,Electronics,224.38,2764.44,2540.06,8,London,POS Terminal,Wire Transfer,1,0
TXN-101712,CUST-1424,39,Credit,Payment,Entertainment,237.64,4017.92,3780.28,5,Mumbai,POS Terminal,Wire Transfer,1,0
TXN-101966,CUST-1474,21,Savings,Payment,Electronics,48.12,3879.56,3831.44,14,London,Web Browser,Debit Card,0,0
TXN-101286,CUST-1422,49,Credit,Deposit,Electronics,228.21,3691.82,3463.61,4,London,POS Terminal,Wire Transfer,1,0
TXN-101035,CUST-1386,50,Checking,Deposit,Entertainment,371.32,12997.99,12626.67,6,Mumbai,POS Terminal,UPI / Wallet,1,0
TXN-101583,CUST-1479,18,Savings,Deposit,Entertainment,6.02,20894.76,20888.74,6,Berlin,Web Browser,Credit Card,0,0
TXN-101821,CUST-1321,51,Checking,Deposit,Entertainment,114.89,10603.97,10489.08,2,London,Mobile App,Wire Transfer,0,0
TXN-100811,CUST-1415,31,Checking,Deposit,Entertainment,86.52,1890.24,1803.72,2,Mumbai,POS Terminal,Wire Transfer,0,0
TXN-101345,CUST-1467,53,Credit,Deposit,Electronics,150.79,1165.42,1014.63,2,London,Mobile App,Wire Transfer,1,0
TXN-100100,CUST-1448,20,Credit,Deposit,Entertainment,7.74,23087.22,23079.48,3,London,Web Browser,Credit Card,0,0
TXN-101793,CUST-1483,22,Savings,Payment,Electronics,46.99,2869.79,2822.8,13,London,Web Browser,Debit Card,0,0
TXN-101007,CUST-1476,26,Credit,Payment,Entertainment,54.03,5426.13,5372.1,17,London,Web Browser,Credit Card,0,0
TXN-101301,CUST-1463,19,Savings,Deposit,Entertainment,12.47,19145.31,19132.84,1,Berlin,Web Browser,Debit Card,0,0
TXN-100665,CUST-1481,19,Savings,Deposit,Entertainment,12.07,3201.65,3189.58,7,London,Web Browser,Debit Card,0,0
TXN-100189,CUST-1427,39,Savings,Payment,Electronics,825.42,3663.79,2988.37,11,London,POS Terminal,UPI / Wallet,1,1
TXN-101260,CUST-1425,59,Credit,Payment,Electronics,233.64,3121.47,2887.83,6,London,Mobile App,Wire Transfer,0,0
TXN-101295,CUST-1486,24,Business,Deposit,Entertainment,7.79,7211.0,7203.21,0,Tokyo,Web Browser,UPI / Wallet,0,0
TXN-100634,CUST-1491,20,Savings,Payment,Entertainment,14.48,1320.69,1306.21,19,London,POS Terminal,Credit Card,0,0
TXN-101988,CUST-1356,32,Business,Deposit,Electronics,34.46,21484.26,21449.8,1,Mumbai,POS Terminal,Debit Card,0,0
TXN-100360,CUST-1495,18,Savings,Deposit,Entertainment,5.04,17368.16,17363.12,4,London,Web Browser,Credit Card,0,0
TXN-100232,CUST-1452,28,Savings,Payment,Electronics,59.11,7638.97,7579.86,17,Berlin,Web Browser,Credit Card,0,0
TXN-102275,CUST-1427,33,Savings,Payment,Electronics,136.1,6366.93,6230.83,16,London,POS Terminal,Debit Card,0,0
TXN-100264,CUST-1423,25,Savings,Deposit,Entertainment,89.72,15932.05,15842.33,8,London,Web Browser,Credit Card,0,0
TXN-101814,CUST-1464,21,Savings,Payment,Entertainment,52.97,2907.7,2854.73,12,Berlin,Web Browser,Credit Card,0,0
TXN-102176,CUST-1479,21,Credit,Payment,Entertainment,13.14,2357.51,2344.37,15,London,POS Terminal,Debit Card,0,0
TXN-101390,CUST-1309,39,Savings,Payment,Entertainment,702.7,7361.07,6658.37,7,London,Mobile App,Wire Transfer,1,1
TXN-100966,CUST-1353,37,Credit,Payment,Entertainment,239.36,11469.07,11229.71,5,London,Mobile App,Wire Transfer,0,0
TXN-100137,CUST-1422,28,Checking,Deposit,Entertainment,21.62,5138.6,5116.98,7,London,Mobile App,Debit Card,0,0
TXN-101416,CUST-1413,44,Checking,Deposit,Entertainment,149.88,16481.18,16331.3,2,London,Web Browser,Wire Transfer,0,0
TXN-102269,CUST-1485,19,Credit,Deposit,Electronics,6.69,6957.34,6950.65,15,Berlin,POS Terminal,Credit Card,0,0
TXN-100893,CUST-1433,44,Credit,Payment,Entertainment,426.08,6676.48,6250.4,9,London,POS Terminal,UPI / Wallet,1,0
TXN-100671,CUST-1439,42,Savings,Payment,Electronics,169.67,4080.89,3911.22,15,London,POS Terminal,Debit Card,0,0
TXN-100234,CUST-1467,43,Credit,Payment,Electronics,235.92,2060.07,1824.15,7,London,POS Terminal,Wire Transfer,1,0
TXN-101208,CUST-1463,26,Savings,Payment,Electronics,108.49,7633.76,7525.27,4,Berlin,Web Browser,UPI / Wallet,0,0
TXN-100355,CUST-1353,51,Credit,Payment,Electronics,320.5,14659.94,14339.44,4,London,POS Terminal,UPI / Wallet,0,0
TXN-100514,CUST-1494,19,Credit,Deposit,Entertainment,7.53,1269.75,1262.22,11,London,Web Browser,Credit Card,0,0
TXN-101620,CUST-1210,58,Credit,Deposit,Electronics,175.15,17287.24,17112.09,1,London,Mobile App,Wire Transfer,0,0
TXN-102002,CUST-1433,47,Savings,Payment,Electronics,307.33,5169.1,4861.77,15,London,POS Terminal,Debit Card,0,0
TXN-101176,CUST-1363,27,Savings,Deposit,Electronics,91.76,21024.9,20933.14,3,London,Web Browser,Debit Card,0,0
TXN-101949,CUST-1191,40,Credit,Deposit,Entertainment,101.51,22003.18,21901.67,3,London,Mobile App,UPI / Wallet,0,0
TXN-100207,CUST-1487,19,Savings,Deposit,Electronics,7.49,7894.46,8036.97,18,London,Web Browser,Credit Card,0,0
TXN-101926,CUST-1387,35,Checking,Deposit,Entertainment,125.09,17577.0,17451.91,7,Mumbai,POS Terminal,Debit Card,0,0
TXN-100580,CUST-1312,24,Savings,Deposit,Electronics,29.74,24352.56,24322.82,1,Berlin,Web Browser,Debit Card,0,0
TXN-100455,CUST-1414,21,Savings,Payment,Groceries,425.85,6401.75,5975.9,5,London,Web Browser,UPI / Wallet,1,1
TXN-100361,CUST-1450,27,Savings,Payment,Electronics,131.91,4643.32,4511.41,14,Berlin,Web Browser,Debit Card,0,0
TXN-102198,CUST-1269,48,Savings,Payment,Electronics,242.87,19798.74,19555.87,8,London,POS Terminal,Debit Card,0,0
TXN-101808,CUST-1438,50,Savings,Payment,Electronics,184.77,4592.32,4407.55,13,Berlin,POS Terminal,Debit Card,0,0
TXN-101377,CUST-1261,35,Savings,Payment,Entertainment,125.54,17260.12,17134.58,3,London,POS Terminal,UPI / Wallet,0,0
TXN-100292,CUST-1461,23,Savings,Payment,Electronics,78.29,5473.62,5395.33,10,Berlin,Web Browser,Debit Card,0,0
TXN-100752,CUST-1475,37,Savings,Payment,Electronics,134.15,1617.26,1483.11,16,London,POS Terminal,UPI / Wallet,0,0
TXN-100235,CUST-1453,20,Savings,Payment,Entertainment,38.78,7985.06,7946.28,2,Berlin,Web Browser,UPI / Wallet,0,0
TXN-101415,CUST-1490,19,Business,Deposit,Entertainment,5.57,21458.94,21453.37,0,Singapore,Web Browser,Credit Card,0,0
TXN-100385,CUST-1371,55,Savings,Payment,Electronics,344.64,5414.9,5070.26,7,London,Mobile App,UPI / Wallet,0,0
TXN-101639,CUST-1370,21,Savings,Payment,Entertainment,20.74,16475.74,16455.0,7,Berlin,POS Terminal,Credit Card,0,0
TXN-102257,CUST-1392,45,Credit,Payment,Entertainment,256.77,4663.23,4406.46,7,Mumbai,Mobile App,Wire Transfer,0,0
TXN-101037,CUST-1373,25,Checking,Deposit,Entertainment,24.77,20068.57,20043.8,2,Mumbai,POS Terminal,Debit Card,0,0
TXN-100781,CUST-1441,22,Credit,Deposit,Entertainment,19.5,20268.24,20248.74,3,London,Web Browser,Credit Card,0,0
TXN-101777,CUST-1385,24,Checking,Deposit,Entertainment,11.18,14439.86,14428.68,3,London,Mobile App,Debit Card,0,0
TXN-100638,CUST-1350,50,Credit,Payment,Electronics,204.8,5401.45,5196.65,5,London,Mobile App,Wire Transfer,0,0
TXN-101608,CUST-1460,19,Savings,Deposit,Entertainment,7.11,22310.47,22303.36,1,Berlin,Web Browser,Credit Card,0,0
TXN-100422,CUST-1357,26,Credit,Deposit,Entertainment,23.81,12816.23,12792.42,3,London,POS Terminal,UPI / Wallet,0,0
TXN-100418,CUST-1383,56,Savings,Payment,Electronics,951.9,4995.93,4044.03,6,London,Mobile App,Wire Transfer,1,1
TXN-102143,CUST-1491,18,Checking,Deposit,Entertainment,5.09,8880.26,8875.17,3,London,Web Browser,Credit Card,0,0
TXN-102124,CUST-1483,20,Business,Deposit,Entertainment,9.44,9445.12,9435.68,9,Singapore,Web Browser,Credit Card,0,0
TXN-100511,CUST-1385,43,Checking,Payment,Electronics,199.23,6635.5,6586.27,3,London,Mobile App,Wire Transfer,0,0
TXN-100420,CUST-1333,52,Savings,Payment,Entertainment,356.7,9231.89,8875.19,6,London,POS Terminal,UPI / Wallet,0,0
TXN-101404,CUST-1469,19,Savings,Deposit,Electronics,10.48,17520.6,17510.12,4,Berlin,Web Browser,Credit Card,0,0
TXN-102121,CUST-1421,52,Checking,Payment,Entertainment,376.87,5696.56,5319.69,5,Mumbai,POS Terminal,Wire Transfer,1,0
TXN-100466,CUST-1465,59,Credit,Payment,Electronics,884.6,1572.71,688.11,4,Mumbai,Mobile App,Wire Transfer,1,1
TXN-102171,CUST-1482,20,Credit,Deposit,Entertainment,12.35,12854.34,12841.99,8,London,Web Browser,Credit Card,0,0
TXN-102179,CUST-1451,20,Credit,Deposit,Entertainment,22.86,10124.0,10101.14,3,London,Web Browser,UPI / Wallet,0,0
TXN-100735,CUST-1324,34,Credit,Deposit,Electronics,65.51,23673.11,23607.6,7,London,POS Terminal,Credit Card,0,0
TXN-100365,CUST-1444,36,Savings,Payment,Electronics,128.31,5691.9,5563.59,17,London,POS Terminal,Credit Card,0,0
TXN-100544,CUST-1452,58,Checking,Deposit,Electronics,322.34,4769.32,4446.98,1,Mumbai,POS Terminal,Wire Transfer,1,0
TXN-100788,CUST-1453,20,Credit,Deposit,Entertainment,20.06,19846.78,19826.72,2,Mumbai,Web Browser,Credit Card,0,0
TXN-100845,CUST-1482,47,Checking,Deposit,Electronics,183.99,1503.97,1319.98,6,Mumbai,POS Terminal,Wire Transfer,1,0
TXN-101366,CUST-1389,61,Checking,Deposit,Electronics,381.43,12103.53,11722.1,3,Mumbai,POS Terminal,Wire Transfer,1,0
TXN-102118,CUST-1344,37,Credit,Payment,Entertainment,278.15,9412.81,9134.66,4,Mumbai,POS Terminal,Wire Transfer,0,0
TXN-101055,CUST-1435,27,Savings,Payment,Electronics,48.54,3869.54,3821.0,16,London,POS Terminal,Debit Card,0,0
TXN-101985,CUST-1442,28,Credit,Payment,Entertainment,68.52,5689.91,5621.39,17,London,Web Browser,Debit Card,0,0
TXN-101155,CUST-1290,50,Savings,Payment,Electronics,250.01,12209.58,11959.57,3,London,POS Terminal,Wire Transfer,0,0
TXN-101329,CUST-1488,18,Checking,Deposit,Entertainment,5.86,21563.26,21557.4,5,London,Web Browser,Credit Card,0,0
TXN-102289,CUST-1414,49,Savings,Payment,Electronics,354.45,9167.2,8812.75,14,London,POS Terminal,Debit Card,0,0
TXN-101632,CUST-1311,41,Savings,Deposit,Electronics,112.79,21536.8,21424.01,2,London,POS Terminal,UPI / Wallet,0,0
TXN-100536,CUST-1477,31,Checking,Payment,Entertainment,40.23,656.44,616.21,6,Mumbai,POS Terminal,Wire Transfer,0,0
TXN-101651,CUST-1435,32,Credit,Payment,Entertainment,129.14,8250.78,8121.64,15,Mumbai,POS Terminal,Debit Card,0,0
TXN-102131,CUST-1466,29,Savings,Payment,Electronics,88.22,5575.43,5487.21,12,Berlin,Web Browser,Credit Card,0,0
TXN-101422,CUST-1378,33,Savings,Payment,Entertainment,164.0,5535.69,5371.69,5,London,POS Terminal,Wire Transfer,0,0
TXN-100873,CUST-1475,27,Savings,Payment,Electronics,67.13,1640.93,1573.8,17,London,POS Terminal,Debit Card,0,0
TXN-101175,CUST-1337,57,Credit,Payment,Electronics,282.98,9576.04,9293.06,3,London,Mobile App,Wire Transfer,0,0
TXN-101605,CUST-1383,35,Savings,Payment,Entertainment,211.28,6878.74,6667.46,12,London,POS Terminal,Debit Card,0,0
TXN-102293,CUST-1490,20,Savings,Payment,Electronics,14.26,3661.11,3646.85,20,London,Web Browser,Credit Card,0,0
TXN-102182,CUST-1486,18,Savings,Deposit,Entertainment,316.88,18424.59,18107.71,7,Berlin,Web Browser,Credit Card,1,1
TXN-100262,CUST-1304,28,Savings,Deposit,Electronics,124.45,18681.12,18556.67,1,Berlin,Web Browser,UPI / Wallet,0,0
TXN-101225,CUST-1478,20,Savings,Payment,Entertainment,16.92,1977.23,1960.31,18,Berlin,Web Browser,Credit Card,0,0
TXN-101120,CUST-1338,51,Credit,Deposit,Electronics,261.25,17926.79,17665.54,6,London,POS Terminal,Debit Card,0,0
TXN-100201,CUST-1449,29,Credit,Payment,Entertainment,476.4,5907.54,5581.14,14,Mumbai,POS Terminal,Debit Card,1,1
TXN-100666,CUST-1329,30,Savings,Payment,Entertainment,219.33,11981.87,11762.54,3,London,POS Terminal,Wire Transfer,0,0
TXN-100980,CUST-1498,18,Savings,Deposit,Groceries,5.02,10834.53,10829.51,0,Berlin,Web Browser,Credit Card,0,0
TXN-101466,CUST-1405,26,Savings,Payment,Electronics,60.1,1559.73,1499.63,7,London,POS Terminal,Wire Transfer,0,0
TXN-100348,CUST-1375,33,Savings,Deposit,Electronics,117.69,18984.12,18866.43,1,London,Web Browser,Wire Transfer,0,0
TXN-101512,CUST-1397,26,Savings,Payment,Entertainment,64.53,10172.57,10108.04,12,London,POS Terminal,Debit Card,0,0
TXN-101429,CUST-1493,18,Savings,Deposit,Electronics,5.38,20183.48,20178.1,4,Berlin,Web Browser,Credit Card,0,0
TXN-100371,CUST-1220,30,Savings,Deposit,Entertainment,96.11,11845.12,11749.01,3,London,Mobile App,Wire Transfer,0,0
TXN-101727,CUST-1391,20,Savings,Deposit,Entertainment,8.91,24033.79,24024.88,2,London,POS Terminal,Credit Card,0,0
TXN-100750,CUST-1456,43,Credit,Payment,Electronics,296.4,6443.37,6146.97,5,Mumbai,POS Terminal,Wire Transfer,1,0
TXN-100253,CUST-1426,44,Checking,Payment,Entertainment,308.41,5147.43,4839.02,7,Mumbai,POS Terminal,Wire Transfer,1,0
TXN-101683,CUST-1359,28,Savings,Deposit,Entertainment,96.73,17227.14,17130.41,1,London,Web Browser,Wire Transfer,0,0
TXN-100906,CUST-1462,19,Savings,Deposit,Electronics,8.72,23604.45,23595.73,2,London,Web Browser,Credit Card,0,0
TXN-101505,CUST-1302,57,Credit,Deposit,Entertainment,267.57,10525.85,10258.28,3,London,POS Terminal,Wire Transfer,0,0
TXN-100559,CUST-1490,20,Business,Deposit,Entertainment,8.13,3477.39,3469.26,11,Mumbai,Web Browser,Credit Card,0,0
TXN-100115,CUST-1471,19,Savings,Deposit,Electronics,7.94,4608.51,4600.57,12,Berlin,POS Terminal,Credit Card,0,0
TXN-100646,CUST-1424,50,Credit,Payment,Electronics,569.03,1095.28,526.25,2,Mumbai,Mobile App,Wire Transfer,1,1
TXN-102261,CUST-1439,49,Savings,Payment,Electronics,277.64,3932.86,3655.22,7,London,POS Terminal,Wire Transfer,0,0
TXN-100358,CUST-1333,56,Savings,Payment,Electronics,273.3,13802.41,13529.11,12,London,POS Terminal,Debit Card,0,0
TXN-101842,CUST-1441,43,Credit,Payment,Electronics,251.79,4478.16,4226.37,3,London,POS Terminal,Wire Transfer,1,0
TXN-100366,CUST-1330,46,Credit,Payment,Entertainment,301.62,5209.55,4907.93,4,London,Mobile App,Wire Transfer,0,0
TXN-100024,CUST-1403,40,Savings,Payment,Electronics,242.1,7877.47,7635.37,14,London,POS Terminal,Debit Card,0,0
TXN-100067,CUST-1471,66,Business,Deposit,Electronics,235.77,2909.96,2674.19,1,New York,POS Terminal,Wire Transfer,0,0
TXN-100065,CUST-1495,19,Savings,Deposit,Electronics,8.48,7710.64,7702.16,17,Berlin,Web Browser,Credit Card,0,0
TXN-100712,CUST-1470,48,Credit,Deposit,Electronics,157.14,949.48,792.34,1,Mumbai,POS Terminal,Wire Transfer,1,0
TXN-100446,CUST-1447,34,Savings,Payment,Electronics,245.66,7842.8,7597.14,11,London,Web Browser,Debit Card,0,0
TXN-101701,CUST-1360,37,Credit,Payment,Entertainment,212.06,6234.83,6022.77,5,Mumbai,Mobile App,Wire Transfer,0,0
TXN-102085,CUST-1487,20,Savings,Payment,Electronics,27.33,3364.68,3337.35,6,Berlin,Web Browser,Debit Card,0,0
TXN-100047,CUST-1277,38,Savings,Payment,Entertainment,209.57,8493.68,8284.11,3,Berlin,POS Terminal,Wire Transfer,0,0
TXN-101851,CUST-1329,42,Savings,Payment,Entertainment,242.76,13790.66,13547.9,7,London,POS Terminal,UPI / Wallet,0,0
TXN-100284,CUST-1470,28,Checking,Payment,Entertainment,23.3,1683.72,1660.42,8,Mumbai,Mobile App,Wire Transfer,0,0
TXN-102237,CUST-1291,38,Savings,Deposit,Electronics,79.99,23943.39,23863.4,2,London,Web Browser,Debit Card,0,0
TXN-101617,CUST-1273,32,Savings,Deposit,Electronics,123.69,19107.15,18983.46,1,London,POS Terminal,Wire Transfer,0,0
TXN-101610,CUST-1481,21,Savings,Payment,Electronics,28.12,1799.81,1771.69,17,Berlin,Web Browser,Debit Card,0,0
TXN-100104,CUST-1459,23,Savings,Payment,Entertainment,90.24,9091.73,9001.49,4,London,Web Browser,UPI / Wallet,0,0
TXN-101455,CUST-1456,34,Savings,Transfer,Electronics,103.87,2833.43,2729.56,18,Berlin,POS Terminal,Debit Card,0,0
TXN-100217,CUST-1437,39,Credit,Payment,Entertainment,306.57,8185.04,7878.47,8,London,POS Terminal,UPI / Wallet,1,0
TXN-101358,CUST-1456,49,Credit,Deposit,Electronics,268.83,4492.64,4373.81,5,London,POS Terminal,Wire Transfer,1,0
TXN-102299,CUST-1330,21,Savings,Deposit,Electronics,17.87,24818.17,24800.3,1,Berlin,Web Browser,Credit Card,0,0
TXN-101144,CUST-1458,32,Savings,Payment,Electronics,197.3,5550.04,5352.74,9,London,Web Browser,UPI / Wallet,0,0
TXN-100127,CUST-1370,19,Savings,Deposit,Groceries,12.4,9700.87,9688.47,1,Berlin,Web Browser,Wire Transfer,0,0
TXN-100516,CUST-1469,19,Credit,Deposit,Entertainment,12.47,12529.14,12516.67,4,London,Web Browser,Credit Card,0,0
TXN-102029,CUST-1383,28,Savings,Payment,Entertainment,137.25,14317.45,14180.2,4,London,POS Terminal,Debit Card,0,0
TXN-102184,CUST-1475,44,Credit,Deposit,Electronics,87.84,805.59,717.75,1,London,POS Terminal,Wire Transfer,1,0
TXN-101882,CUST-1429,55,Savings,Payment,Electronics,362.56,5666.37,5303.81,10,London,POS Terminal,Debit Card,0,0
TXN-100369,CUST-1391,36,Savings,Payment,Electronics,133.43,13342.68,13209.25,10,Berlin,POS Terminal,Credit Card,0,0
TXN-101248,CUST-1425,36,Credit,Payment,Entertainment,207.49,5156.72,4949.23,12,Mumbai,POS Terminal,UPI / Wallet,0,0
TXN-101930,CUST-1382,43,Checking,Payment,Entertainment,272.61,12515.23,12242.62,5,New York,POS Terminal,UPI / Wallet,0,0
TXN-101824,CUST-1476,48,Credit,Deposit,Electronics,93.77,585.7,491.93,3,Mumbai,Mobile App,Wire Transfer,0,0
TXN-101015,CUST-1305,30,Savings,Payment,Entertainment,63.75,4550.49,4486.74,2,London,Mobile App,Wire Transfer,0,0
TXN-101707,CUST-1377,35,Credit,Payment,Entertainment,113.93,4006.88,3892.95,3,London,Mobile App,Wire Transfer,0,0
TXN-100332,CUST-1259,51,Credit,Deposit,Electronics,230.64,18640.04,18409.4,4,London,POS Terminal,UPI / Wallet,0,0
TXN-101945,CUST-1392,51,Credit,Payment,Electronics,201.03,6711.77,6510.74,13,Mumbai,Mobile App,Debit Card,0,0
TXN-100288,CUST-1467,30,Business,Deposit,Electronics,20.0,415.36,395.36,1,New York,Mobile App,Wire Transfer,0,0
TXN-101820,CUST-1407,36,Checking,Payment,Entertainment,88.33,6567.28,6478.95,4,New York,Mobile App,Wire Transfer,0,0
TXN-100285,CUST-1397,29,Credit,Deposit,Entertainment,143.87,17429.34,17435.47,2,London,Web Browser,Wire Transfer,0,0
TXN-100994,CUST-1439,26,Savings,Payment,Entertainment,117.02,6363.74,6396.72,14,London,POS Terminal,UPI / Wallet,0,0
TXN-102040,CUST-1486,20,Credit,Payment,Entertainment,27.24,3895.36,3868.12,16,London,Web Browser,Credit Card,0,0
TXN-101736,CUST-1433,43,Business,Deposit,Entertainment,287.94,14321.83,14033.89,3,New York,POS Terminal,UPI / Wallet,0,0
TXN-101787,CUST-1424,45,Credit,Payment,Electronics,120.53,3304.97,3334.44,14,London,Mobile App,UPI / Wallet,0,0
TXN-100770,CUST-1493,18,Savings,Deposit,Entertainment,5.11,2689.54,2684.43,3,Berlin,Web Browser,Debit Card,0,0
TXN-100415,CUST-1459,50,Savings,Payment,Electronics,250.32,2567.64,2317.32,11,London,Mobile App,Wire Transfer,0,0
TXN-101958,CUST-1441,22,Savings,Deposit,Electronics,51.67,16426.99,16375.32,6,Berlin,Web Browser,Credit Card,0,0
TXN-101524,CUST-1412,58,Checking,Payment,Electronics,369.23,6354.4,5985.17,5,Mumbai,Mobile App,Wire Transfer,1,0
TXN-100109,CUST-1409,56,Savings,Payment,Electronics,264.55,5226.47,4961.92,9,Berlin,POS Terminal,UPI / Wallet,0,0
TXN-101543,CUST-1453,49,Checking,Payment,Entertainment,229.22,2021.93,1792.71,5,New York,POS Terminal,Wire Transfer,0,0
TXN-100094,CUST-1427,49,Business,Deposit,Electronics,249.9,5932.37,5682.47,2,New York,POS Terminal,Wire Transfer,1,0
TXN-100344,CUST-1450,39,Checking,Payment,Electronics,99.67,1773.54,1673.87,6,Mumbai,Mobile App,Wire Transfer,0,0
TXN-102232,CUST-1424,43,Credit,Payment,Entertainment,274.25,4321.75,4047.5,7,Mumbai,POS Terminal,Wire Transfer,1,0
TXN-101100,CUST-1284,30,Savings,Payment,Entertainment,133.3,12219.65,12086.35,2,Berlin,POS Terminal,Wire Transfer,0,0
TXN-101765,CUST-1424,48,Savings,Payment,Electronics,220.7,6089.6,5868.9,16,Berlin,POS Terminal,Credit Card,0,0
TXN-100277,CUST-1473,18,Savings,Deposit,Entertainment,10.12,14731.69,14721.57,3,London,Web Browser,Credit Card,0,0
TXN-100591,CUST-1478,20,Savings,Deposit,Electronics,20.61,16025.29,16004.68,10,Mumbai,Web Browser,Credit Card,0,0
TXN-101030,CUST-1431,31,Savings,Payment,Entertainment,181.51,7495.09,7313.58,6,London,Web Browser,UPI / Wallet,0,0
TXN-101574,CUST-1456,25,Savings,Payment,Entertainment,24.1,2831.03,2806.93,10,London,POS Terminal,Debit Card,0,0
TXN-101566,CUST-1424,29,Business,Deposit,Entertainment,18.24,6419.23,6400.99,3,Mumbai,Mobile App,UPI / Wallet,0,0
TXN-100884,CUST-1305,46,Checking,Payment,Entertainment,345.65,13617.56,13271.91,6,Mumbai,POS Terminal,UPI / Wallet,0,0
TXN-100228,CUST-1469,23,Savings,Payment,Electronics,82.51,2006.07,1923.56,9,London,Web Browser,Wire Transfer,0,0
TXN-101354,CUST-1238,27,Savings,Deposit,Entertainment,489.08,18558.86,18069.78,1,Berlin,POS Terminal,Wire Transfer,1,1
TXN-101247,CUST-1491,20,Savings,Payment,Electronics,16.42,534.59,518.17,20,Berlin,Web Browser,Credit Card,0,0
TXN-100924,CUST-1473,32,Savings,Payment,Electronics,166.54,3399.08,3232.54,10,Berlin,Web Browser,Debit Card,0,0
TXN-101090,CUST-1446,21,Savings,Deposit,Electronics,32.35,18529.13,18496.78,10,Berlin,Web Browser,Credit Card,0,0
TXN-100952,CUST-1406,31,Savings,Payment,Entertainment,185.47,15026.65,14841.18,12,London,Web Browser,Credit Card,0,0
TXN-101970,CUST-1495,19,Business,Deposit,Entertainment,7.26,6165.55,6158.29,15,London,Web Browser,Credit Card,0,0
TXN-101349,CUST-1301,20,Savings,Deposit,Entertainment,15.85,15180.88,15165.03,1,Berlin,POS Terminal,UPI / Wallet,0,0
TXN-101903,CUST-1440,34,Credit,Payment,Entertainment,213.3,12395.01,12181.71,5,London,Web Browser,UPI / Wallet,0,0
TXN-102226,CUST-1488,21,Savings,Payment,Electronics,33.63,1895.15,1861.52,19,Berlin,Web Browser,Credit Card,0,0
TXN-102079,CUST-1475,57,Checking,Deposit,Electronics,227.88,2422.61,2194.73,2,Mumbai,POS Terminal,Wire Transfer,1,0
TXN-101877,CUST-1450,33,Savings,Transfer,Electronics,144.18,2670.29,2526.11,13,Berlin,POS Terminal,Debit Card,0,0
TXN-100208,CUST-1477,23,Savings,Payment,Electronics,70.51,3639.06,3568.55,18,London,Web Browser,Credit Card,0,0
TXN-100890,CUST-1454,46,Savings,Payment,Electronics,221.22,2658.86,2437.64,2,London,POS Terminal,Wire Transfer,0,0
TXN-101371,CUST-1427,36,Credit,Payment,Entertainment,316.78,7698.69,7381.91,6,London,POS Terminal,Wire Transfer,1,0
TXN-102130,CUST-1466,34,Business,Deposit,Entertainment,29.84,4477.76,4447.92,6,New York,POS Terminal,Debit Card,0,0
TXN-100512,CUST-1340,58,Business,Deposit,Electronics,131.43,21532.89,21401.46,1,Mumbai,POS Terminal,UPI / Wallet,0,0
TXN-100328,CUST-1410,42,Savings,Payment,Entertainment,313.27,5973.22,5659.95,12,London,POS Terminal,UPI / Wallet,0,0
TXN-101487,CUST-1440,46,Credit,Payment,Electronics,242.14,2500.59,2258.45,6,London,Mobile App,Wire Transfer,1,0
TXN-101065,CUST-1427,50,Checking,Deposit,Electronics,207.95,4998.62,4790.67,1,Mumbai,POS Terminal,Wire Transfer,0,0
TXN-100948,CUST-1343,31,Savings,Payment,Entertainment,159.96,20107.28,19947.32,3,London,Web Browser,Debit Card,0,0
TXN-102034,CUST-1479,20,Savings,Deposit,Electronics,12.01,21830.01,21818.0,12,Berlin,Web Browser,Credit Card,0,0
TXN-100832,CUST-1404,41,Checking,Payment,Entertainment,241.41,6231.18,5989.77,6,Mumbai,POS Terminal,Wire Transfer,0,0
TXN-102163,CUST-1459,19,Savings,Deposit,Entertainment,15.88,22905.4,22889.52,0,Berlin,Web Browser,UPI / Wallet,0,0
TXN-102135,CUST-1306,59,Checking,Deposit,Entertainment,810.55,15658.29,14847.74,3,Mumbai,POS Terminal,UPI / Wallet,1,1
TXN-100503,CUST-1424,27,Savings,Payment,Electronics,72.86,1308.96,1236.1,6,London,POS Terminal,Wire Transfer,0,0
TXN-101811,CUST-1445,58,Business,Deposit,Electronics,293.29,4187.46,4044.17,3,New York,Mobile App,Wire Transfer,0,0
TXN-101960,CUST-1446,34,Savings,Payment,Electronics,141.06,9110.99,9119.93,15,Berlin,Web Browser,Credit Card,0,0
TXN-101418,CUST-1477,18,Savings,Deposit,Entertainment,6.0,4313.24,4307.24,2,Berlin,Web Browser,UPI / Wallet,0,0
TXN-102281,CUST-1472,42,Checking,Deposit,Entertainment,161.46,2047.56,1886.1,8,Mumbai,POS Terminal,Wire Transfer,0,0
TXN-102038,CUST-1401,27,Savings,Deposit,Entertainment,550.25,12057.59,11507.34,1,Berlin,Web Browser,Wire Transfer,1,1
TXN-101798,CUST-1387,55,Checking,Deposit,Electronics,182.25,6860.73,6678.48,2,Mumbai,Mobile App,Wire Transfer,0,0
TXN-100259,CUST-1437,26,Savings,Payment,Electronics,97.86,12522.78,12424.92,7,Berlin,Web Browser,Credit Card,0,0
TXN-100866,CUST-1458,22,Savings,Payment,Entertainment,40.81,1769.22,1728.41,12,London,POS Terminal,UPI / Wallet,0,0
TXN-100814,CUST-1440,41,Savings,Payment,Entertainment,233.93,5741.06,5507.13,14,London,POS Terminal,Debit Card,0,0
TXN-100586,CUST-1447,26,Savings,Payment,Electronics,79.34,11799.53,11720.19,8,London,Web Browser,Debit Card,0,0
TXN-101515,CUST-1432,23,Savings,Deposit,Electronics,481.0,16343.98,15862.98,3,Berlin,Web Browser,Debit Card,1,1
TXN-101805,CUST-1336,27,Savings,Payment,Entertainment,79.01,11531.88,11452.87,4,London,POS Terminal,Wire Transfer,0,0
TXN-101832,CUST-1385,50,Credit,Payment,Entertainment,399.71,10889.82,10490.11,5,London,POS Terminal,UPI / Wallet,1,0
TXN-101355,CUST-1440,20,Savings,Deposit,Electronics,18.74,22941.66,22922.92,1,Berlin,Web Browser,Debit Card,0,0
TXN-100657,CUST-1447,24,Savings,Payment,Entertainment,42.18,2581.79,2539.61,17,Berlin,POS Terminal,UPI / Wallet,0,0
TXN-100720,CUST-1433,30,Credit,Deposit,Entertainment,178.2,12898.77,12720.57,4,London,Web Browser,Wire Transfer,0,0
TXN-100895,CUST-1441,19,Savings,Deposit,Entertainment,7.7,23627.54,23769.84,1,Berlin,Web Browser,Credit Card,0,0
TXN-101407,CUST-1456,41,Credit,Payment,Electronics,284.56,4322.56,4038.0,5,London,POS Terminal,Wire Transfer,1,0
TXN-100903,CUST-1419,51,Credit,Deposit,Electronics,277.47,6965.16,6687.69,2,London,POS Terminal,Wire Transfer,1,0
TXN-102219,CUST-1419,50,Credit,Payment,Electronics,352.79,7564.7,7211.91,5,London,POS Terminal,Wire Transfer,1,0
TXN-101047,CUST-1456,20,Savings,Payment,Entertainment,40.13,12517.37,12477.24,10,London,Web Browser,Credit Card,0,0
TXN-100179,CUST-1469,44,Business,Deposit,Entertainment,85.63,2137.72,2052.09,2,Singapore,POS Terminal,Wire Transfer,0,0
TXN-101414,CUST-1310,24,Savings,Deposit,Electronics,45.36,22775.76,22730.4,1,Berlin,Web Browser,UPI / Wallet,0,0
TXN-100339,CUST-1476,19,Checking,Deposit,Entertainment,6.8,20940.37,20933.57,2,London,Web Browser,Credit Card,0,0
TXN-100117,CUST-1460,50,Savings,Transfer,Electronics,236.83,3108.05,2871.22,15,Berlin,POS Terminal,Debit Card,0,0
TXN-101209,CUST-1468,18,Savings,Deposit,Groceries,6.72,4064.39,4057.67,4,London,Web Browser,UPI / Wallet,0,0
TXN-101593,CUST-1446,54,Credit,Payment,Electronics,266.98,2632.24,2365.26,4,Mumbai,Mobile App,Wire Transfer,1,0
TXN-100900,CUST-1490,20,Credit,Payment,Entertainment,12.36,1326.25,1313.89,18,London,Web Browser,Credit Card,0,0
TXN-101992,CUST-1320,47,Credit,Payment,Entertainment,259.6,13240.09,12980.49,5,New York,Mobile App,UPI / Wallet,0,0
TXN-100867,CUST-1424,48,Savings,Payment,Electronics,218.19,4273.3,4055.11,11,London,Mobile App,UPI / Wallet,0,0
TXN-102024,CUST-1416,40,Checking,Payment,Entertainment,95.01,2208.22,2113.21,4,New York,POS Terminal,Wire Transfer,0,0
TXN-100841,CUST-1463,21,Savings,Transfer,Electronics,28.24,1030.66,1002.42,12,Berlin,Web Browser,UPI / Wallet,0,0
TXN-100553,CUST-1341,39,Savings,Payment,Electronics,174.38,9897.72,9723.34,5,London,POS Terminal,Wire Transfer,0,0
TXN-100990,CUST-1492,19,Checking,Payment,Entertainment,7.93,845.79,837.86,15,London,POS Terminal,Debit Card,0,0
TXN-100513,CUST-1398,23,Savings,Deposit,Entertainment,56.83,20377.83,20321.0,3,London,Web Browser,Debit Card,0,0
TXN-100350,CUST-1451,19,Savings,Deposit,Entertainment,7.9,20173.13,20165.23,4,Berlin,Web Browser,Credit Card,0,0
TXN-100023,CUST-1481,27,Savings,Payment,Electronics,92.9,1401.95,1309.05,16,London,Web Browser,UPI / Wallet,0,0
TXN-100407,CUST-1346,64,Credit,Deposit,Electronics,280.82,10668.6,10387.78,2,London,Mobile App,Wire Transfer,0,0
TXN-100156,CUST-1488,19,Credit,Deposit,Groceries,9.21,6842.25,6833.04,9,London,Web Browser,Credit Card,0,0
TXN-100443,CUST-1494,19,Credit,Payment,Entertainment,7.27,893.0,885.73,17,London,Web Browser,Credit Card,0,0
TXN-101437,CUST-1444,29,Savings,Payment,Electronics,143.21,4423.55,4280.34,3,London,Web Browser,Wire Transfer,0,0
TXN-100469,CUST-1317,61,Credit,Deposit,Electronics,249.51,15499.76,15250.25,10,London,POS Terminal,Debit Card,0,0
TXN-102009,CUST-1448,50,Checking,Deposit,Electronics,89.75,9922.06,9832.31,14,Mumbai,POS Terminal,Credit Card,0,0
TXN-100606,CUST-1406,32,Savings,Payment,Entertainment,224.56,9064.35,8839.79,13,London,POS Terminal,Credit Card,0,0
TXN-100121,CUST-1442,19,Savings,Deposit,Entertainment,6.76,2580.4,2573.64,2,Berlin,Web Browser,Wire Transfer,0,0
TXN-101276,CUST-1472,27,Savings,Payment,Electronics,113.87,3290.23,3176.36,14,Berlin,Web Browser,Debit Card,0,0
TXN-100282,CUST-1450,48,Savings,Payment,Electronics,361.9,5034.78,4672.88,14,London,POS Terminal,Debit Card,0,0
TXN-101568,CUST-1332,20,Savings,Deposit,Entertainment,22.56,18547.47,18524.91,3,London,POS Terminal,UPI / Wallet,0,0
TXN-100525,CUST-1453,27,Savings,Payment,Electronics,101.36,4000.34,3898.98,12,Berlin,Web Browser,Debit Card,0,0
TXN-101746,CUST-1221,47,Savings,Payment,Electronics,97.73,21897.34,21799.61,7,London,Mobile App,Credit Card,0,0
TXN-101991,CUST-1464,40,Business,Payment,Entertainment,203.4,4598.31,4394.91,10,Mumbai,Web Browser,UPI / Wallet,0,0
TXN-101310,CUST-1427,23,Credit,Payment,Entertainment,52.8,10620.14,10567.34,6,London,POS Terminal,UPI / Wallet,0,0
TXN-100070,CUST-1431,29,Savings,Payment,Entertainment,64.28,3396.35,3332.07,13,Berlin,POS Terminal,UPI / Wallet,0,0
TXN-100859,CUST-1417,42,Credit,Payment,Electronics,212.08,2914.74,2702.66,6,Mumbai,Mobile App,Wire Transfer,0,0
TXN-101863,CUST-1449,33,Credit,Deposit,Electronics,738.5,3742.73,3004.23,1,London,POS Terminal,Wire Transfer,1,1
TXN-101168,CUST-1390,45,Savings,Payment,Electronics,249.77,13685.72,13435.95,8,Berlin,POS Terminal,Debit Card,0,0
TXN-100186,CUST-1431,47,Savings,Payment,Electronics,420.01,5562.16,5292.15,10,London,POS Terminal,UPI / Wallet,0,0
TXN-102237,CUST-1291,38,Savings,Deposit,Electronics,499.97,23943.39,23443.42,2,London,Web Browser,Debit Card,1,1
TXN-101873,CUST-1496,18,Savings,Deposit,Entertainment,5.22,6605.23,6600.01,10,Berlin,Web Browser,Credit Card,0,0
TXN-100421,CUST-1459,50,Credit,Payment,Electronics,119.07,1112.64,993.57,8,London,Mobile App,Wire Transfer,0,0
TXN-100357,CUST-1425,38,Credit,Payment,Entertainment,359.83,6552.71,6192.88,9,Mumbai,POS Terminal,Wire Transfer,1,0
TXN-100089,CUST-1451,50,Checking,Deposit,Electronics,178.61,2513.7,2335.09,3,New York,Mobile App,Wire Transfer,0,0
TXN-101008,CUST-1435,39,Credit,Payment,Electronics,170.0,2678.79,2508.79,3,Mumbai,Mobile App,Wire Transfer,1,0
TXN-100162,CUST-1480,24,Savings,Payment,Electronics,70.37,4934.41,4864.04,17,Berlin,Web Browser,Credit Card,0,0
TXN-100017,CUST-1479,27,Checking,Payment,Entertainment,30.09,2895.44,2865.35,13,Mumbai,POS Terminal,UPI / Wallet,0,0
TXN-100416,CUST-1272,40,Credit,Deposit,Electronics,61.35,17879.77,17818.42,3,Mumbai,Mobile App,UPI / Wallet,0,0
TXN-101514,CUST-1330,32,Savings,Payment,Entertainment,123.02,10057.32,9934.3,6,Berlin,POS Terminal,Wire Transfer,0,0
TXN-101555,CUST-1379,49,Savings,Payment,Electronics,302.69,6257.51,5954.82,9,London,POS Terminal,UPI / Wallet,0,0
TXN-100771,CUST-1464,24,Checking,Payment,Entertainment,40.5,7943.16,7902.66,12,Mumbai,Web Browser,Credit Card,0,0
TXN-100036,CUST-1471,22,Checking,Payment,Groceries,29.92,2517.21,2487.29,9,Mumbai,Web Browser,UPI / Wallet,0,0
TXN-100708,CUST-1420,59,Savings,Payment,Electronics,375.4,4953.85,4578.45,6,London,Mobile App,UPI / Wallet,0,0
TXN-101614,CUST-1386,35,Credit,Payment,Entertainment,245.71,5590.97,5345.26,10,London,Mobile App,Wire Transfer,0,0
TXN-102183,CUST-1304,32,Credit,Deposit,Entertainment,49.74,10977.35,10927.61,2,London,Mobile App,Wire Transfer,0,0
TXN-100218,CUST-1451,48,Credit,Deposit,Electronics,252.85,2526.87,2274.02,4,Mumbai,POS Terminal,Wire Transfer,1,0
TXN-100144,CUST-1449,53,Business,Deposit,Electronics,164.72,3160.1,2995.38,2,New York,POS Terminal,Wire Transfer,0,0
TXN-101758,CUST-1445,46,Checking,Deposit,Entertainment,238.12,3989.16,3751.04,5,Mumbai,POS Terminal,Wire Transfer,1,0
TXN-102126,CUST-1354,49,Savings,Payment,Electronics,275.47,16116.21,15840.74,9,London,POS Terminal,Debit Card,0,0
TXN-101894,CUST-1246,28,Credit,Deposit,Entertainment,64.04,19263.06,19199.02,2,London,Mobile App,Wire Transfer,0,0
TXN-100483,CUST-1353,61,Savings,Payment,Electronics,283.08,6337.43,6054.35,4,London,Mobile App,Wire Transfer,0,0
TXN-101506,CUST-1454,23,Credit,Payment,Entertainment,42.48,1413.18,1370.7,10,Mumbai,POS Terminal,UPI / Wallet,0,0
TXN-101725,CUST-1453,23,Savings,Deposit,Entertainment,73.93,14255.81,14181.88,7,London,Web Browser,Debit Card,0,0
TXN-100768,CUST-1345,53,Savings,Payment,Electronics,357.66,11030.0,10672.34,5,London,POS Terminal,UPI / Wallet,1,0
TXN-101986,CUST-1482,23,Credit,Payment,Entertainment,34.42,3557.91,3523.49,18,London,Web Browser,Credit Card,0,0
TXN-101685,CUST-1356,42,Credit,Deposit,Entertainment,711.12,3037.59,2326.47,2,Mumbai,Mobile App,Wire Transfer,1,1
TXN-100809,CUST-1403,32,Savings,Deposit,Entertainment,157.9,10937.98,10780.08,2,London,Web Browser,Wire Transfer,0,0
TXN-100792,CUST-1408,49,Credit,Payment,Electronics,330.96,7938.41,7607.45,6,London,POS Terminal,UPI / Wallet,1,0
TXN-100746,CUST-1478,21,Savings,Payment,Entertainment,43.44,2745.19,2701.75,16,London,Web Browser,Credit Card,0,0
TXN-101956,CUST-1411,45,Savings,Payment,Electronics,177.46,3301.57,3124.11,4,London,Mobile App,Wire Transfer,0,0
TXN-100945,CUST-1426,35,Business,Deposit,Entertainment,35.49,12608.95,12573.46,7,Mumbai,POS Terminal,Credit Card,0,0
TXN-101223,CUST-1472,40,Savings,Payment,Electronics,172.95,2681.09,2508.14,18,Berlin,Web Browser,Debit Card,0,0
TXN-100528,CUST-1479,21,Credit,Payment,Entertainment,13.89,6017.29,6003.4,13,Mumbai,POS Terminal,Credit Card,0,0
TXN-100849,CUST-1479,51,Checking,Deposit,Electronics,293.03,3563.68,3270.65,2,Mumbai,POS Terminal,Wire Transfer,1,0
TXN-100741,CUST-1409,57,Business,Deposit,Entertainment,189.95,5944.95,5755.0,5,New York,Mobile App,UPI / Wallet,0,0
TXN-101963,CUST-1409,36,Savings,Payment,Electronics,223.12,10436.71,10213.59,12,London,POS Terminal,Debit Card,0,0
TXN-101039,CUST-1466,18,Savings,Deposit,Entertainment,5.63,6327.52,6321.89,1,Berlin,Web Browser,Wire Transfer,0,0
TXN-100545,CUST-1449,50,Savings,Payment,Electronics,352.57,5016.59,4664.02,10,London,POS Terminal,UPI / Wallet,0,0
TXN-101884,CUST-1309,33,Credit,Payment,Entertainment,183.69,19843.56,19659.87,6,Mumbai,POS Terminal,UPI / Wallet,0,0
TXN-101911,CUST-1447,45,Savings,Payment,Electronics,248.33,2698.86,2450.53,7,London,POS Terminal,Wire Transfer,0,0
TXN-101917,CUST-1251,43,Credit,Deposit,Entertainment,147.2,17891.22,17744.02,3,Mumbai,Mobile App,UPI / Wallet,0,0
TXN-101757,CUST-1458,50,Credit,Deposit,Electronics,994.32,3264.96,2270.64,3,Mumbai,POS Terminal,Wire Transfer,1,1
TXN-100374,CUST-1206,54,Savings,Deposit,Electronics,144.53,22534.32,22389.79,5,London,POS Terminal,Debit Card,0,0
TXN-101637,CUST-1381,27,Savings,Payment,Entertainment,126.67,9194.64,9067.97,2,London,Web Browser,Wire Transfer,0,0
TXN-101000,CUST-1430,44,Savings,Payment,Electronics,125.08,3801.56,3676.48,17,Berlin,POS Terminal,Credit Card,0,0
TXN-101705,CUST-1389,51,Credit,Payment,Electronics,291.63,9696.77,9405.14,7,London,Mobile App,UPI / Wallet,0,0
TXN-100216,CUST-1417,44,Credit,Payment,Entertainment,177.68,8851.78,8824.1,16,London,POS Terminal,Credit Card,0,0
TXN-101703,CUST-1263,56,Credit,Deposit,Electronics,271.12,19236.35,18965.23,5,London,POS Terminal,Debit Card,0,0
TXN-101326,CUST-1409,37,Credit,Payment,Entertainment,292.21,10374.26,10082.05,5,London,POS Terminal,Wire Transfer,1,0
TXN-100724,CUST-1474,21,Savings,Deposit,Electronics,15.89,12213.36,12197.47,16,Berlin,Web Browser,Credit Card,0,0
TXN-101018,CUST-1438,23,Savings,Payment,Entertainment,78.49,17530.99,17452.5,4,London,Web Browser,Debit Card,0,0
TXN-101908,CUST-1255,52,Checking,Deposit,Electronics,87.19,16181.24,16244.05,2,Mumbai,Mobile App,UPI / Wallet,0,0
TXN-100963,CUST-1490,18,Savings,Deposit,Entertainment,5.2,14502.01,14646.81,2,Berlin,Web Browser,Credit Card,0,0
TXN-102145,CUST-1435,22,Savings,Payment,Entertainment,65.38,6436.49,6371.11,4,London,Web Browser,UPI / Wallet,0,0
TXN-100002,CUST-1422,47,Credit,Payment,Electronics,368.44,7494.44,7126.0,4,London,POS Terminal,Wire Transfer,1,0
TXN-101319,CUST-1455,22,Checking,Deposit,Entertainment,10.36,461.49,601.13,1,London,POS Terminal,Wire Transfer,0,0
TXN-102241,CUST-1471,67,Checking,Deposit,Electronics,306.3,1809.67,1503.37,2,New York,Mobile App,Wire Transfer,1,0
TXN-101254,CUST-1428,22,Credit,Payment,Groceries,70.74,3998.43,3927.69,5,London,Web Browser,Wire Transfer,0,0
TXN-100621,CUST-1449,34,Savings,Payment,Entertainment,230.44,6900.76,6670.32,12,London,Web Browser,Debit Card,0,0
TXN-101095,CUST-1393,50,Checking,Payment,Entertainment,1124.9,13834.04,12709.14,9,London,POS Terminal,UPI / Wallet,1,1
TXN-100594,CUST-1283,41,Savings,Deposit,Electronics,160.46,19449.54,19439.08,3,London,POS Terminal,UPI / Wallet,0,0
TXN-101151,CUST-1366,22,Savings,Payment,Entertainment,33.74,2449.04,2415.3,1,Berlin,POS Terminal,Wire Transfer,0,0
TXN-102169,CUST-1313,44,Credit,Payment,Electronics,900.25,10459.41,9559.16,1,London,Mobile App,Wire Transfer,1,1
TXN-101191,CUST-1487,19,Checking,Deposit,Entertainment,6.1,4334.72,4328.62,9,London,Web Browser,Credit Card,0,0
TXN-101432,CUST-1353,41,Credit,Payment,Entertainment,372.03,10713.74,10341.71,7,London,POS Terminal,UPI / Wallet,0,0
TXN-101040,CUST-1322,44,Credit,Deposit,Electronics,90.81,17730.38,17639.57,11,London,POS Terminal,Credit Card,0,0
TXN-100056,CUST-1478,18,Savings,Deposit,Entertainment,6.92,19057.58,19050.66,0,Berlin,Web Browser,Debit Card,0,0
TXN-101931,CUST-1443,31,Credit,Payment,Entertainment,177.85,4237.53,4059.68,10,London,POS Terminal,Wire Transfer,0,0
TXN-100532,CUST-1493,18,Business,Deposit,Groceries,5.6,1603.01,1597.41,4,London,Web Browser,Debit Card,0,0
TXN-101947,CUST-1489,22,Business,Deposit,Entertainment,14.5,1893.96,1879.46,9,New York,Web Browser,UPI / Wallet,0,0
TXN-101946,CUST-1372,61,Savings,Payment,Electronics,377.16,11064.16,10687.0,6,London,POS Terminal,UPI / Wallet,0,0
TXN-101063,CUST-1388,36,Credit,Payment,Entertainment,220.89,11102.01,10881.12,13,London,POS Terminal,Debit Card,0,0
TXN-100628,CUST-1313,21,Savings,Payment,Entertainment,40.68,13738.82,13698.14,1,Berlin,Web Browser,UPI / Wallet,0,0
TXN-101572,CUST-1374,52,Checking,Payment,Entertainment,309.33,12339.74,12030.41,11,New York,Mobile App,Debit Card,0,0
TXN-100917,CUST-1467,41,Credit,Payment,Entertainment,165.25,2242.51,2077.26,11,Mumbai,POS Terminal,Wire Transfer,0,0
TXN-101591,CUST-1325,30,Savings,Payment,Electronics,128.88,15603.9,15475.02,2,London,Web Browser,Wire Transfer,0,0
TXN-101097,CUST-1472,23,Savings,Payment,Entertainment,13.39,1746.96,1733.57,13,London,POS Terminal,Debit Card,0,0
TXN-102174,CUST-1298,49,Credit,Payment,Entertainment,317.01,12195.13,11878.12,7,London,POS Terminal,UPI / Wallet,0,0
TXN-100423,CUST-1498,18,Credit,Deposit,Entertainment,5.04,469.17,464.13,9,Berlin,Web Browser,Credit Card,0,0
TXN-100427,CUST-1466,38,Credit,Deposit,Electronics,144.59,2865.14,2720.55,1,London,POS Terminal,Wire Transfer,1,0
TXN-100568,CUST-1478,19,Checking,Deposit,Groceries,8.1,2390.97,2382.87,6,London,POS Terminal,UPI / Wallet,0,0
TXN-100523,CUST-1300,50,Savings,Payment,Electronics,263.47,8258.97,7995.5,2,London,POS Terminal,Wire Transfer,0,0
TXN-101980,CUST-1417,23,Credit,Deposit,Entertainment,51.77,20613.21,20561.44,5,London,Web Browser,Credit Card,0,0
TXN-100754,CUST-1494,18,Savings,Deposit,Entertainment,5.18,5086.64,5081.46,3,Berlin,Web Browser,Credit Card,0,0
TXN-100238,CUST-1471,19,Savings,Payment,Entertainment,16.22,5480.45,5464.23,15,Berlin,Web Browser,Credit Card,0,0
TXN-101378,CUST-1412,22,Savings,Deposit,Entertainment,56.31,11684.16,11627.85,6,London,Web Browser,UPI / Wallet,0,0
TXN-101325,CUST-1444,53,Savings,Payment,Electronics,265.78,2684.25,2418.47,7,London,Mobile App,Wire Transfer,0,0
TXN-100025,CUST-1455,27,Savings,Deposit,Electronics,26.72,12151.22,12124.5,17,London,Web Browser,Credit Card,0,0
TXN-101161,CUST-1477,21,Savings,Payment,Entertainment,34.36,2785.13,2750.77,6,London,Web Browser,Debit Card,0,0
TXN-102236,CUST-1440,38,Savings,Payment,Electronics,275.08,6488.46,6213.38,7,London,Web Browser,UPI / Wallet,0,0
TXN-102053,CUST-1455,19,Savings,Deposit,Groceries,9.97,2178.43,2168.46,1,London,Web Browser,Wire Transfer,0,0
TXN-101778,CUST-1413,40,Credit,Payment,Entertainment,245.42,5206.11,4960.69,5,London,POS Terminal,Wire Transfer,1,0
TXN-101846,CUST-1432,34,Savings,Payment,Entertainment,272.04,10582.06,10310.02,7,London,POS Terminal,UPI / Wallet,1,0
TXN-101938,CUST-1456,19,Savings,Payment,Entertainment,16.79,9844.21,9977.42,7,Berlin,Web Browser,Debit Card,0,0
TXN-101405,CUST-1487,25,Savings,Payment,Electronics,43.57,1394.95,1351.38,18,London,Web Browser,UPI / Wallet,0,0
TXN-101599,CUST-1400,31,Savings,Payment,Electronics,162.56,9697.51,9534.95,1,Berlin,Web Browser,Wire Transfer,0,0
TXN-101092,CUST-1387,27,Checking,Payment,Entertainment,79.42,14556.29,14476.87,5,Mumbai,POS Terminal,Debit Card,0,0
TXN-100003,CUST-1473,21,Savings,Payment,Entertainment,26.8,3563.58,3536.78,17,London,Web Browser,Credit Card,0,0
TXN-100763,CUST-1323,54,Credit,Payment,Entertainment,1185.05,15463.57,14278.52,8,Mumbai,Mobile App,UPI / Wallet,1,1
TXN-100975,CUST-1366,22,Savings,Deposit,Electronics,373.18,23357.06,22983.88,0,Berlin,Web Browser,Wire Transfer,1,1
TXN-102246,CUST-1267,36,Savings,Payment,Entertainment,103.7,22423.1,22319.4,8,London,POS Terminal,Credit Card,0,0
TXN-101080,CUST-1358,21,Savings,Deposit,Entertainment,30.67,18382.02,18501.35,2,Berlin,Web Browser,Debit Card,0,0
TXN-102128,CUST-1384,27,Savings,Deposit,Entertainment,132.85,14995.08,14862.23,3,London,Web Browser,Wire Transfer,0,0
TXN-101435,CUST-1489,20,Savings,Payment,Electronics,11.63,3588.0,3576.37,20,Berlin,Web Browser,Credit Card,0,0
TXN-100846,CUST-1448,29,Savings,Payment,Electronics,152.59,9978.9,9826.31,4,London,Web Browser,UPI / Wallet,0,0
TXN-102088,CUST-1367,53,Credit,Payment,Entertainment,1291.8,13155.57,11863.77,7,Mumbai,POS Terminal,UPI / Wallet,1,1
TXN-100669,CUST-1487,19,Credit,Deposit,Entertainment,8.18,11685.99,11677.81,2,London,Web Browser,Credit Card,0,0
TXN-102004,CUST-1487,19,Savings,Payment,Electronics,16.75,4629.09,4612.34,9,Berlin,Web Browser,Credit Card,0,0
TXN-101060,CUST-1349,41,Savings,Payment,Entertainment,264.42,6374.52,6110.1,9,London,POS Terminal,UPI / Wallet,0,0
TXN-101978,CUST-1336,62,Savings,Payment,Electronics,330.9,13073.37,12742.47,9,London,Mobile App,Debit Card,0,0
TXN-100848,CUST-1471,21,Savings,Payment,Electronics,25.14,4159.77,4134.63,17,Berlin,Web Browser,Credit Card,0,0
TXN-100203,CUST-1363,61,Credit,Payment,Entertainment,301.44,11725.38,11423.94,11,London,Mobile App,Debit Card,0,0
TXN-100116,CUST-1469,33,Savings,Transfer,Electronics,113.09,1771.18,1658.09,15,Berlin,POS Terminal,UPI / Wallet,0,0
TXN-100225,CUST-1474,20,Savings,Payment,Electronics,24.07,10012.88,9988.81,13,Berlin,Web Browser,Credit Card,0,0
TXN-100928,CUST-1419,28,Savings,Payment,Entertainment,51.9,5058.14,5006.24,11,Berlin,POS Terminal,Debit Card,0,0
TXN-102194,CUST-1449,39,Savings,Payment,Electronics,189.4,3692.52,3503.12,14,London,POS Terminal,Debit Card,0,0
TXN-101147,CUST-1378,66,Checking,Deposit,Electronics,292.24,11683.1,11390.86,1,Mumbai,Mobile App,Wire Transfer,0,0
TXN-100368,CUST-1429,28,Savings,Payment,Entertainment,147.92,9197.01,9049.09,5,London,Web Browser,UPI / Wallet,0,0
TXN-101264,CUST-1315,31,Credit,Deposit,Entertainment,100.26,20560.99,20460.73,6,London,POS Terminal,Debit Card,0,0
TXN-100227,CUST-1494,19,Savings,Deposit,Electronics,8.13,8921.18,9063.05,10,London,Web Browser,Credit Card,0,0
TXN-101829,CUST-1353,29,Savings,Payment,Entertainment,149.04,9446.15,9297.11,1,London,POS Terminal,Wire Transfer,0,0
TXN-101791,CUST-1445,27,Credit,Deposit,Entertainment,88.24,16268.27,16180.03,10,London,Web Browser,Credit Card,0,0
TXN-101633,CUST-1396,21,Savings,Payment,Entertainment,19.64,3812.48,3792.84,5,Berlin,POS Terminal,Wire Transfer,0,0
TXN-101857,CUST-1405,52,Savings,Payment,Entertainment,364.87,5911.88,5697.01,12,London,Mobile App,UPI / Wallet,0,0
TXN-101975,CUST-1454,37,Savings,Payment,Electronics,92.52,3605.48,3512.96,19,Berlin,POS Terminal,Credit Card,0,0
TXN-100295,CUST-1466,26,Savings,Payment,Entertainment,98.27,3944.53,3846.26,14,London,Web Browser,UPI / Wallet,0,0
TXN-101299,CUST-1470,19,Savings,Deposit,Entertainment,6.23,21846.33,21840.1,6,Berlin,Web Browser,Credit Card,0,0
TXN-102083,CUST-1450,22,Savings,Payment,Electronics,50.65,7279.7,7379.05,10,London,Web Browser,Debit Card,0,0
TXN-101575,CUST-1395,31,Savings,Transfer,Entertainment,163.69,4504.19,4340.5,11,London,POS Terminal,UPI / Wallet,0,0
TXN-101162,CUST-1479,25,Savings,Payment,Electronics,516.5,2391.61,1875.11,17,Berlin,Web Browser,Debit Card,1,1
TXN-100562,CUST-1379,57,Credit,Payment,Electronics,1041.48,5318.14,4276.66,6,Mumbai,Mobile App,Wire Transfer,1,1
TXN-101492,CUST-1368,43,Credit,Payment,Entertainment,93.23,14298.63,14205.4,12,London,POS Terminal,Credit Card,0,0
TXN-101590,CUST-1227,62,Savings,Deposit,Electronics,234.9,17523.1,17288.2,5,London,Mobile App,UPI / Wallet,0,0
TXN-102080,CUST-1498,18,Savings,Deposit,Electronics,5.38,484.51,479.13,21,Berlin,Web Browser,Credit Card,0,0
TXN-101981,CUST-1399,22,Savings,Payment,Entertainment,372.75,10912.38,10539.63,15,Berlin,POS Terminal,Credit Card,1,1
TXN-101743,CUST-1384,42,Credit,Payment,Entertainment,434.25,11832.13,11397.88,9,London,POS Terminal,UPI / Wallet,0,0
TXN-101874,CUST-1400,62,Credit,Deposit,Electronics,342.0,8509.18,8167.18,3,London,POS Terminal,Wire Transfer,1,0
TXN-100059,CUST-1449,24,Credit,Deposit,Entertainment,89.01,5373.98,5284.97,2,Mumbai,Web Browser,UPI / Wallet,0,0
TXN-100060,CUST-1391,64,Business,Deposit,Electronics,213.99,6680.24,6466.25,4,Mumbai,Mobile App,UPI / Wallet,0,0
TXN-101584,CUST-1483,18,Savings,Deposit,Entertainment,7.08,11426.47,11419.39,5,London,Web Browser,Credit Card,0,0
TXN-101238,CUST-1443,57,Checking,Deposit,Electronics,970.32,4404.81,3434.49,5,Mumbai,Mobile App,Wire Transfer,1,1
TXN-101361,CUST-1404,51,Checking,Deposit,Entertainment,347.89,10861.1,10513.21,5,Mumbai,POS Terminal,Wire Transfer,1,0
TXN-100588,CUST-1328,60,Credit,Deposit,Electronics,335.83,11209.92,10874.09,3,London,Mobile App,Wire Transfer,0,0
TXN-101804,CUST-1273,47,Credit,Payment,Entertainment,283.44,17042.13,16758.69,7,Mumbai,Mobile App,UPI / Wallet,0,0
TXN-101668,CUST-1443,25,Savings,Payment,Entertainment,105.19,12849.41,12744.22,10,London,Web Browser,Credit Card,0,0
TXN-101585,CUST-1231,61,Savings,Deposit,Electronics,873.98,18295.67,17421.69,5,London,Mobile App,Debit Card,1,1
TXN-100675,CUST-1489,19,Savings,Payment,Electronics,10.29,3570.42,3560.13,17,Berlin,Web Browser,Credit Card,0,0
TXN-101484,CUST-1487,22,Savings,Payment,Electronics,328.6,590.88,262.28,15,London,POS Terminal,UPI / Wallet,1,1
TXN-101888,CUST-1442,35,Savings,Payment,Entertainment,229.88,7214.87,6984.99,15,London,POS Terminal,Debit Card,0,0
TXN-101255,CUST-1441,52,Credit,Deposit,Electronics,335.57,4907.39,4571.82,3,London,POS Terminal,Wire Transfer,1,0
TXN-101461,CUST-1434,28,Savings,Payment,Entertainment,113.95,9971.58,9857.63,14,London,Web Browser,Credit Card,0,0
TXN-101452,CUST-1433,41,Credit,Payment,Entertainment,352.77,7513.58,7160.81,7,Mumbai,POS Terminal,Wire Transfer,1,0
TXN-102153,CUST-1266,43,Savings,Deposit,Electronics,73.59,22718.23,22644.64,8,London,POS Terminal,Credit Card,0,0
TXN-102057,CUST-1457,58,Credit,Payment,Electronics,270.53,3198.54,2928.01,8,London,Mobile App,Wire Transfer,0,0
TXN-101538,CUST-1402,61,Checking,Deposit,Electronics,426.5,8838.35,8411.85,4,Mumbai,POS Terminal,Wire Transfer,1,0
TXN-101271,CUST-1472,20,Credit,Payment,Entertainment,15.95,5420.97,5405.02,13,Berlin,Web Browser,Debit Card,0,0
TXN-101131,CUST-1494,19,Savings,Payment,Electronics,7.99,985.91,977.92,21,Berlin,Web Browser,Credit Card,0,0
TXN-101848,CUST-1362,26,Savings,Deposit,Electronics,49.04,22792.06,22743.02,3,Berlin,Web Browser,Credit Card,0,0
TXN-100946,CUST-1465,20,Savings,Deposit,Electronics,30.45,18852.43,18821.98,4,London,Web Browser,Credit Card,0,0
TXN-100574,CUST-1432,38,Credit,Payment,Entertainment,189.75,6202.15,6012.4,16,Mumbai,POS Terminal,Debit Card,0,0
TXN-101298,CUST-1426,33,Savings,Payment,Entertainment,182.58,2678.25,2495.67,8,London,POS Terminal,Wire Transfer,0,0
TXN-100486,CUST-1447,48,Business,Deposit,Entertainment,263.25,7457.55,7194.3,5,New York,POS Terminal,Wire Transfer,0,0
TXN-100471,CUST-1391,30,Savings,Deposit,Electronics,136.71,14676.14,14539.43,10,London,Web Browser,Debit Card,0,0
TXN-101896,CUST-1481,23,Savings,Payment,Entertainment,107.31,3415.12,3307.81,14,London,Web Browser,Debit Card,0,0
TXN-100684,CUST-1485,20,Credit,Payment,Entertainment,14.35,4706.0,4691.65,17,London,Web Browser,Credit Card,0,0
TXN-101860,CUST-1453,35,Business,Deposit,Entertainment,77.96,3667.27,3589.31,2,Singapore,POS Terminal,Wire Transfer,0,0
TXN-101066,CUST-1406,24,Savings,Payment,Entertainment,94.82,5786.74,5691.92,4,Berlin,Web Browser,Wire Transfer,0,0
TXN-100210,CUST-1399,23,Credit,Payment,Entertainment,31.4,3552.74,3521.34,6,Mumbai,Mobile App,UPI / Wallet,0,0
TXN-100345,CUST-1264,54,Savings,Deposit,Electronics,150.8,7368.72,7217.92,1,London,Mobile App,Wire Transfer,0,0
TXN-100897,CUST-1409,22,Credit,Deposit,Groceries,25.69,20337.91,20312.22,3,Berlin,Web Browser,Debit Card,0,0
TXN-102288,CUST-1461,28,Savings,Payment,Electronics,112.47,2245.1,2282.63,13,Berlin,Web Browser,UPI / Wallet,0,0
TXN-102211,CUST-1415,22,Credit,Deposit,Entertainment,27.7,19147.99,19120.29,2,London,Web Browser,Debit Card,0,0
TXN-101016,CUST-1459,21,Savings,Payment,Entertainment,360.68,1702.85,1342.17,9,London,POS Terminal,Wire Transfer,1,1
TXN-102132,CUST-1412,22,Savings,Deposit,Entertainment,47.62,20296.27,20248.65,2,London,Web Browser,UPI / Wallet,0,0
TXN-100804,CUST-1426,41,Credit,Payment,Entertainment,1000.45,5852.45,4852.0,8,Mumbai,POS Terminal,Wire Transfer,1,1
TXN-101200,CUST-1498,18,Credit,Deposit,Entertainment,5.25,5036.32,5031.07,20,London,Web Browser,Credit Card,0,0
TXN-102249,CUST-1474,19,Savings,Deposit,Electronics,9.22,18639.66,18630.44,4,Berlin,Web Browser,Credit Card,0,0
TXN-100935,CUST-1341,55,Savings,Deposit,Electronics,194.13,11233.79,11039.66,1,London,POS Terminal,Wire Transfer,0,0
TXN-101061,CUST-1325,41,Credit,Deposit,Electronics,175.39,16306.82,16131.43,5,New York,Mobile App,UPI / Wallet,0,0
TXN-101024,CUST-1436,42,Credit,Payment,Electronics,324.74,4145.01,3970.27,8,London,POS Terminal,Wire Transfer,0,0
TXN-100229,CUST-1358,50,Savings,Payment,Electronics,238.92,14244.39,14005.47,11,London,POS Terminal,Debit Card,0,0
TXN-100005,CUST-1332,22,Checking,Deposit,Entertainment,12.22,20114.76,20102.54,1,London,Mobile App,UPI / Wallet,0,0
TXN-101719,CUST-1371,25,Savings,Deposit,Electronics,45.87,22659.14,22613.27,3,London,Web Browser,Credit Card,0,0
TXN-102052,CUST-1349,51,Savings,Payment,Electronics,257.27,15683.29,15426.02,10,London,POS Terminal,Debit Card,0,0
TXN-100300,CUST-1468,49,Credit,Payment,Electronics,185.0,1713.06,1528.06,5,London,Mobile App,Wire Transfer,1,0
TXN-102119,CUST-1460,44,Checking,Payment,Entertainment,199.03,2859.27,2660.24,5,Mumbai,POS Terminal,Wire Transfer,0,0
TXN-100504,CUST-1385,31,Credit,Payment,Entertainment,179.09,17207.55,17028.46,3,London,POS Terminal,UPI / Wallet,0,0
TXN-100095,CUST-1407,44,Credit,Payment,Entertainment,1010.0,5109.14,4099.14,3,Mumbai,POS Terminal,Wire Transfer,1,1
TXN-101478,CUST-1448,35,Credit,Deposit,Entertainment,996.25,7157.41,6161.16,8,Mumbai,POS Terminal,UPI / Wallet,1,1
TXN-102065,CUST-1281,29,Savings,Deposit,Entertainment,128.27,19231.58,19103.31,2,London,POS Terminal,Wire Transfer,0,0
TXN-101579,CUST-1393,48,Checking,Payment,Entertainment,1180.25,8170.43,6990.18,7,Mumbai,Mobile App,UPI / Wallet,1,1
TXN-100700,CUST-1381,24,Savings,Payment,Electronics,77.17,20798.82,20721.65,7,Berlin,Web Browser,Credit Card,0,0
TXN-100379,CUST-1349,40,Savings,Payment,Entertainment,1011.58,15244.32,14232.74,6,London,POS Terminal,Debit Card,1,1
TXN-101467,CUST-1434,62,Credit,Deposit,Electronics,229.0,1684.47,1455.47,1,Mumbai,Mobile App,Wire Transfer,0,0
TXN-101227,CUST-1446,24,Checking,Payment,Entertainment,34.66,11646.22,11611.56,9,Mumbai,POS Terminal,Debit Card,0,0
TXN-101997,CUST-1461,60,Business,Deposit,Electronics,146.05,1937.68,1791.63,2,New York,Mobile App,Wire Transfer,0,0
TXN-102259,CUST-1467,42,Credit,Deposit,Electronics,179.02,1793.92,1614.9,4,London,POS Terminal,Wire Transfer,1,0
TXN-100964,CUST-1357,27,Savings,Payment,Entertainment,171.4,15245.56,15074.16,3,Berlin,Web Browser,UPI / Wallet,0,0
TXN-101282,CUST-1469,49,Checking,Deposit,Electronics,908.28,3619.22,2710.94,4,Mumbai,POS Terminal,Wire Transfer,1,1
TXN-101652,CUST-1439,30,Savings,Payment,Entertainment,175.14,5303.61,5128.47,11,London,POS Terminal,UPI / Wallet,0,0
TXN-101359,CUST-1421,37,Credit,Payment,Entertainment,209.0,9576.23,9367.23,6,London,Web Browser,UPI / Wallet,0,0
TXN-101408,CUST-1432,30,Savings,Payment,Electronics,731.65,4613.03,3881.38,8,London,POS Terminal,UPI / Wallet,1,1
TXN-101698,CUST-1409,54,Checking,Payment,Entertainment,1341.88,4286.48,2944.6,7,New York,Mobile App,Wire Transfer,1,1
TXN-102091,CUST-1413,46,Credit,Payment,Electronics,186.48,2255.74,2069.26,5,London,Mobile App,Wire Transfer,0,0
TXN-102190,CUST-1331,24,Savings,Deposit,Entertainment,33.93,23929.33,23895.4,3,London,POS Terminal,Credit Card,0,0
TXN-100354,CUST-1410,22,Savings,Deposit,Groceries,23.4,11875.63,11852.23,4,Berlin,Web Browser,UPI / Wallet,0,0
TXN-100518,CUST-1432,53,Savings,Payment,Electronics,231.75,2966.02,2734.27,6,London,Mobile App,Wire Transfer,0,0
TXN-100146,CUST-1455,19,Savings,Payment,Electronics,23.07,11110.72,11087.65,8,Berlin,Web Browser,Credit Card,0,0
TXN-100891,CUST-1478,21,Savings,Deposit,Entertainment,14.95,12574.8,12559.85,16,London,Web Browser,Credit Card,0,0
TXN-101195,CUST-1402,33,Savings,Payment,Electronics,77.55,12046.56,11969.01,13,London,POS Terminal,Debit Card,0,0
TXN-100694,CUST-1408,31,Savings,Deposit,Electronics,110.46,17969.02,17858.56,7,London,Web Browser,Credit Card,0,0
TXN-101379,CUST-1435,31,Savings,Payment,Electronics,132.56,2336.67,2204.11,7,London,POS Terminal,Wire Transfer,0,0
TXN-100829,CUST-1365,51,Savings,Payment,Electronics,289.84,8599.12,8309.28,3,London,POS Terminal,Wire Transfer,0,0
TXN-100424,CUST-1397,57,Credit,Payment,Entertainment,377.01,6655.63,6278.62,5,Mumbai,POS Terminal,Wire Transfer,0,0
TXN-101089,CUST-1463,26,Savings,Payment,Entertainment,39.07,2349.5,2310.43,15,London,POS Terminal,Debit Card,0,0
TXN-101973,CUST-1397,65,Credit,Payment,Electronics,315.7,8095.5,7779.8,9,London,Mobile App,UPI / Wallet,0,0
TXN-102123,CUST-1444,31,Checking,Deposit,Entertainment,48.56,770.27,721.71,2,Mumbai,POS Terminal,Wire Transfer,0,0
TXN-101485,CUST-1379,47,Savings,Payment,Electronics,761.5,7998.58,7237.08,14,Berlin,POS Terminal,Debit Card,1,1
TXN-101627,CUST-1343,26,Savings,Payment,Entertainment,135.79,17297.48,17161.69,1,Berlin,Web Browser,Wire Transfer,0,0
TXN-101084,CUST-1427,19,Savings,Deposit,Entertainment,18.27,17723.36,17705.09,1,London,Web Browser,Debit Card,0,0
TXN-100538,CUST-1471,22,Business,Deposit,Entertainment,11.69,3052.0,3040.31,1,Singapore,POS Terminal,Wire Transfer,0,0
TXN-100038,CUST-1372,55,Credit,Payment,Electronics,287.98,6980.79,6692.81,4,London,POS Terminal,Wire Transfer,0,0
TXN-100698,CUST-1399,45,Business,Deposit,Entertainment,94.23,9464.86,9520.63,4,Mumbai,POS Terminal,Wire Transfer,0,0
TXN-100392,CUST-1361,21,Savings,Deposit,Entertainment,417.7,19660.4,19242.7,4,Berlin,Web Browser,Debit Card,1,1
TXN-100605,CUST-1237,24,Savings,Deposit,Entertainment,37.47,20960.99,20923.52,1,London,POS Terminal,UPI / Wallet,0,0
TXN-101152,CUST-1298,55,Savings,Payment,Electronics,910.75,13467.61,12556.86,4,London,Mobile App,UPI / Wallet,1,1
TXN-102096,CUST-1470,21,Savings,Payment,Entertainment,30.86,4736.62,4705.76,13,London,Web Browser,Credit Card,0,0
TXN-100213,CUST-1363,61,Business,Deposit,Electronics,128.05,16629.63,16501.58,5,Mumbai,POS Terminal,Debit Card,0,0
TXN-100872,CUST-1333,41,Checking,Deposit,Entertainment,105.23,17938.2,17832.97,1,Mumbai,POS Terminal,Wire Transfer,0,0
TXN-101159,CUST-1470,42,Credit,Deposit,Electronics,192.4,1962.8,1770.4,4,Mumbai,POS Terminal,Wire Transfer,1,0
TXN-102152,CUST-1212,39,Savings,Deposit,Electronics,85.33,23595.44,23510.11,3,London,POS Terminal,Debit Card,0,0
TXN-100984,CUST-1487,18,Savings,Deposit,Entertainment,6.17,1875.71,1869.54,8,Berlin,Web Browser,Credit Card,0,0
TXN-101841,CUST-1454,19,Savings,Deposit,Entertainment,6.45,22276.56,22270.11,2,London,Web Browser,Credit Card,0,0
TXN-100050,CUST-1406,57,Business,Deposit,Electronics,140.06,6142.89,6002.83,1,Singapore,POS Terminal,Wire Transfer,0,0
TXN-102117,CUST-1439,49,Credit,Deposit,Electronics,149.61,2505.79,2356.18,1,London,POS Terminal,Wire Transfer,1,0
TXN-101904,CUST-1493,20,Savings,Payment,Entertainment,28.75,1733.4,1704.65,20,London,Web Browser,Credit Card,0,0
TXN-101381,CUST-1477,32,Savings,Payment,Electronics,147.15,1795.1,1647.95,12,Berlin,Web Browser,UPI / Wallet,0,0
TXN-101868,CUST-1294,53,Savings,Payment,Electronics,250.93,17351.19,17100.26,4,London,POS Terminal,Debit Card,0,0
TXN-100923,CUST-1449,37,Savings,Transfer,Electronics,161.27,2094.01,1932.74,12,London,Mobile App,Wire Transfer,0,0
TXN-100396,CUST-1475,20,Savings,Deposit,Electronics,7.89,15646.39,15638.5,13,Berlin,Web Browser,Credit Card,0,0
TXN-101569,CUST-1163,34,Savings,Deposit,Entertainment,92.62,20940.26,20847.64,1,Berlin,POS Terminal,Wire Transfer,0,0
TXN-101867,CUST-1478,23,Credit,Payment,Entertainment,31.54,610.03,578.49,8,Mumbai,POS Terminal,Wire Transfer,0,0
TXN-102263,CUST-1443,19,Savings,Deposit,Entertainment,15.96,14354.87,14338.91,2,London,Web Browser,Debit Card,0,0
TXN-101183,CUST-1460,19,Savings,Deposit,Electronics,360.45,19696.77,19336.32,1,Berlin,Web Browser,Debit Card,1,1
TXN-100651,CUST-1375,46,Credit,Payment,Entertainment,300.98,12007.88,11706.9,6,London,POS Terminal,UPI / Wallet,0,0
TXN-100693,CUST-1357,63,Credit,Deposit,Electronics,379.95,9825.14,9445.19,2,London,POS Terminal,Wire Transfer,1,0
TXN-100247,CUST-1450,22,Savings,Payment,Entertainment,49.98,1750.74,1700.76,10,London,Web Browser,UPI / Wallet,0,0
TXN-101256,CUST-1438,24,Savings,Deposit,Electronics,86.46,15960.44,15873.98,7,London,Web Browser,Debit Card,0,0
TXN-101998,CUST-1482,23,Business,Payment,Entertainment,22.4,1363.34,1340.94,10,Mumbai,Web Browser,UPI / Wallet,0,0
TXN-101895,CUST-1494,19,Savings,Payment,Electronics,339.5,2679.19,2339.69,15,Berlin,Web Browser,Credit Card,1,1
TXN-101471,CUST-1433,31,Savings,Deposit,Entertainment,124.12,13924.3,13800.18,5,London,Web Browser,UPI / Wallet,0,0
TXN-102214,CUST-1461,28,Savings,Payment,Electronics,691.4,6694.12,6002.72,9,Berlin,Web Browser,Debit Card,1,1
TXN-101296,CUST-1390,33,Business,Payment,Entertainment,114.44,15695.96,15581.52,2,Mumbai,POS Terminal,UPI / Wallet,0,0
TXN-101721,CUST-1457,27,Savings,Payment,Electronics,151.98,4434.87,4282.89,12,London,Web Browser,UPI / Wallet,0,0
TXN-101578,CUST-1468,49,Credit,Payment,Electronics,260.95,2042.34,1781.39,6,London,POS Terminal,Wire Transfer,1,0
TXN-100242,CUST-1473,22,Checking,Deposit,Entertainment,37.64,9591.22,9553.58,9,London,Web Browser,Debit Card,0,0
TXN-100308,CUST-1494,19,Credit,Deposit,Entertainment,6.82,1933.53,1926.71,16,Berlin,Web Browser,Credit Card,0,0
TXN-101823,CUST-1431,41,Credit,Payment,Entertainment,303.27,6275.5,5972.23,11,Mumbai,POS Terminal,UPI / Wallet,1,0
TXN-100689,CUST-1454,21,Savings,Payment,Electronics,49.88,7178.43,7128.55,9,Berlin,Web Browser,Credit Card,0,0
TXN-100860,CUST-1411,57,Credit,Payment,Electronics,1140.15,6756.32,5616.17,10,London,Mobile App,UPI / Wallet,1,1
TXN-102077,CUST-1420,25,Savings,Payment,Entertainment,129.6,15105.29,14975.69,3,Berlin,Web Browser,Debit Card,0,0
TXN-101128,CUST-1484,20,Business,Deposit,Groceries,14.09,8124.38,8110.29,4,New York,Web Browser,Debit Card,0,0
TXN-100405,CUST-1258,33,Savings,Payment,Entertainment,56.55,12726.58,12670.03,6,Berlin,Mobile App,Wire Transfer,0,0
TXN-101462,CUST-1403,21,Savings,Deposit,Entertainment,34.31,22160.14,22125.83,2,Mumbai,Web Browser,Debit Card,0,0
TXN-100378,CUST-1471,18,Savings,Deposit,Entertainment,315.48,14680.56,14365.08,1,Berlin,Web Browser,Debit Card,1,1
TXN-101561,CUST-1497,18,Savings,Deposit,Entertainment,5.25,1479.05,1473.8,19,Berlin,Web Browser,Credit Card,0,0
TXN-100082,CUST-1468,24,Savings,Payment,Entertainment,85.92,5192.61,5106.69,18,London,Web Browser,Credit Card,0,0
TXN-101756,CUST-1321,50,Credit,Deposit,Electronics,210.19,8398.98,8188.79,1,London,Mobile App,Wire Transfer,0,0
TXN-100454,CUST-1420,20,Savings,Deposit,Entertainment,30.74,17070.14,17039.4,1,Berlin,Web Browser,Wire Transfer,0,0
TXN-101807,CUST-1450,19,Credit,Deposit,Entertainment,6.59,22907.15,22900.56,1,London,Web Browser,Credit Card,0,0
TXN-101488,CUST-1460,57,Business,Deposit,Electronics,311.98,4975.74,4663.76,4,New York,POS Terminal,Wire Transfer,1,0
TXN-100889,CUST-1487,19,Savings,Payment,Entertainment,10.42,3574.12,3563.7,12,London,Web Browser,Credit Card,0,0
TXN-101217,CUST-1412,38,Credit,Payment,Entertainment,259.38,11070.72,10811.34,10,London,POS Terminal,UPI / Wallet,0,0
TXN-100448,CUST-1465,22,Savings,Deposit,Entertainment,16.22,10383.62,10367.4,16,London,Web Browser,Credit Card,0,0
TXN-101380,CUST-1279,28,Savings,Deposit,Entertainment,76.35,22318.47,22242.12,4,London,POS Terminal,Debit Card,0,0
TXN-100825,CUST-1444,47,Credit,Payment,Entertainment,330.99,4761.68,4430.69,9,Mumbai,Mobile App,Wire Transfer,1,0
TXN-101913,CUST-1439,38,Credit,Payment,Electronics,282.22,5511.44,5229.22,9,London,POS Terminal,Wire Transfer,0,0
TXN-101995,CUST-1440,41,Savings,Payment,Electronics,273.78,4097.21,3823.43,8,London,Mobile App,Wire Transfer,0,0
TXN-100016,CUST-1456,32,Savings,Payment,Electronics,119.6,5442.46,5322.86,15,Berlin,POS Terminal,Debit Card,0,0
TXN-101062,CUST-1450,20,Business,Deposit,Groceries,7.31,7866.43,7859.12,1,Mumbai,POS Terminal,UPI / Wallet,0,0
TXN-101038,CUST-1302,45,Checking,Deposit,Electronics,405.22,21929.31,21524.09,0,London,Web Browser,Wire Transfer,1,1
TXN-100959,CUST-1480,23,Savings,Payment,Electronics,27.42,1069.58,1042.16,18,London,Web Browser,Debit Card,0,0
TXN-100494,CUST-1450,26,Business,Deposit,Entertainment,19.04,2923.5,2904.46,1,Mumbai,POS Terminal,Wire Transfer,0,0
TXN-101262,CUST-1350,26,Credit,Deposit,Groceries,34.71,3222.46,3187.75,3,London,POS Terminal,Wire Transfer,0,0
TXN-102243,CUST-1411,27,Savings,Payment,Electronics,106.23,3856.87,3750.64,4,Berlin,POS Terminal,Wire Transfer,0,0
TXN-102172,CUST-1495,18,Savings,Payment,Entertainment,8.66,778.1,769.44,18,Berlin,Web Browser,Credit Card,0,0
TXN-100878,CUST-1497,18,Business,Deposit,Entertainment,314.62,3131.26,2816.64,13,Mumbai,Web Browser,Credit Card,1,1
TXN-101650,CUST-1434,22,Savings,Payment,Electronics,31.08,632.74,601.66,7,London,POS Terminal,Wire Transfer,0,0
TXN-100315,CUST-1497,18,Credit,Deposit,Entertainment,5.14,1721.16,1716.02,11,London,Web Browser,Credit Card,0,0
TXN-102084,CUST-1439,23,Savings,Payment,Electronics,77.92,7403.56,7325.64,4,Berlin,Web Browser,UPI / Wallet,0,0
TXN-100560,CUST-1458,27,Savings,Deposit,Electronics,22.52,14519.53,14497.01,18,London,Web Browser,Credit Card,0,0
TXN-100432,CUST-1454,56,Credit,Payment,Electronics,210.35,1773.69,1563.34,3,London,Mobile App,Wire Transfer,1,0
TXN-101891,CUST-1468,25,Credit,Payment,Entertainment,68.69,1769.68,1700.99,4,Mumbai,Web Browser,Wire Transfer,0,0
TXN-100500,CUST-1436,19,Savings,Deposit,Entertainment,15.14,20777.62,20762.48,4,London,Web Browser,Credit Card,0,0
TXN-100965,CUST-1462,59,Credit,Deposit,Electronics,256.43,2673.97,2417.54,3,Mumbai,Mobile App,Wire Transfer,1,0
TXN-100587,CUST-1254,46,Credit,Deposit,Electronics,143.94,22822.71,22678.77,6,London,POS Terminal,Credit Card,0,0
TXN-100921,CUST-1394,42,Credit,Deposit,Electronics,283.78,8793.74,8509.96,2,London,POS Terminal,Wire Transfer,1,0
TXN-100954,CUST-1408,23,Savings,Payment,Entertainment,69.53,7883.82,7814.29,4,London,Web Browser,UPI / Wallet,0,0
TXN-101625,CUST-1446,24,Savings,Payment,Entertainment,99.49,2659.1,2559.61,8,London,Web Browser,Wire Transfer,0,0
TXN-101341,CUST-1301,52,Credit,Payment,Electronics,299.72,17895.06,17595.34,6,Mumbai,POS Terminal,UPI / Wallet,0,0
TXN-100341,CUST-1474,52,Credit,Deposit,Electronics,124.11,667.08,542.97,1,London,POS Terminal,Wire Transfer,1,0
TXN-100830,CUST-1413,28,Savings,Payment,Entertainment,172.02,7237.24,7065.22,5,London,Web Browser,Wire Transfer,0,0
TXN-100267,CUST-1305,48,Savings,Payment,Electronics,210.03,14078.11,13868.08,9,London,Mobile App,Debit Card,0,0
TXN-101482,CUST-1427,51,Checking,Deposit,Entertainment,1039.98,8393.37,7353.39,6,Mumbai,POS Terminal,Wire Transfer,1,1
TXN-102094,CUST-1373,39,Savings,Payment,Entertainment,338.89,6560.62,6371.73,4,London,POS Terminal,Wire Transfer,0,0
TXN-100377,CUST-1401,33,Savings,Payment,Entertainment,249.89,12695.94,12446.05,5,London,POS Terminal,UPI / Wallet,0,0
TXN-102010,CUST-1470,41,Checking,Payment,Entertainment,82.76,780.01,697.25,7,Mumbai,POS Terminal,Wire Transfer,0,0
TXN-101922,CUST-1380,22,Credit,Deposit,Entertainment,8.5,3518.22,3509.72,0,London,Mobile App,Wire Transfer,0,0
TXN-100426,CUST-1429,26,Savings,Payment,Entertainment,133.77,9684.91,9551.14,3,London,Web Browser,UPI / Wallet,0,0
TXN-101274,CUST-1436,23,Checking,Payment,Entertainment,31.13,7893.98,7862.85,8,New York,POS Terminal,Debit Card,0,0
TXN-102133,CUST-1407,27,Savings,Deposit,Electronics,33.43,19562.93,19529.5,8,Berlin,Web Browser,Credit Card,0,0
TXN-101004,CUST-1394,56,Checking,Deposit,Electronics,268.65,4750.8,4482.15,4,Mumbai,Mobile App,Wire Transfer,0,0
TXN-102216,CUST-1468,20,Checking,Deposit,Entertainment,12.02,18970.89,18958.87,2,Mumbai,Web Browser,Credit Card,0,0
TXN-100429,CUST-1472,50,Credit,Payment,Electronics,194.65,1261.93,1067.28,4,Mumbai,Mobile App,Wire Transfer,1,0
TXN-100967,CUST-1405,36,Savings,Payment,Entertainment,217.3,10132.42,9915.12,6,London,POS Terminal,UPI / Wallet,0,0
TXN-100178,CUST-1425,30,Savings,Payment,Entertainment,164.91,5155.43,4990.52,6,London,POS Terminal,UPI / Wallet,0,0
TXN-101953,CUST-1415,23,Savings,Payment,Entertainment,95.57,16767.26,16671.69,3,London,Web Browser,UPI / Wallet,0,0
TXN-101764,CUST-1400,22,Savings,Deposit,Entertainment,57.29,12707.04,12649.75,3,London,Web Browser,UPI / Wallet,0,0
TXN-101270,CUST-1391,47,Checking,Deposit,Electronics,283.2,15666.19,15382.99,5,Mumbai,POS Terminal,UPI / Wallet,1,0
TXN-101880,CUST-1476,60,Checking,Deposit,Electronics,182.01,842.58,660.57,2,Mumbai,Mobile App,Wire Transfer,1,0
TXN-101629,CUST-1441,30,Savings,Payment,Electronics,118.02,5219.9,5101.88,11,Berlin,Web Browser,UPI / Wallet,0,0
TXN-101731,CUST-1488,19,Business,Deposit,Groceries,6.43,7047.7,7041.27,3,Mumbai,Web Browser,Debit Card,0,0
TXN-102139,CUST-1446,56,Credit,Payment,Electronics,1000.35,4118.51,3118.16,4,London,POS Terminal,Wire Transfer,1,1
TXN-100838,CUST-1461,21,Savings,Payment,Entertainment,57.22,6009.96,5952.74,8,Berlin,Web Browser,Debit Card,0,0
TXN-101870,CUST-1434,52,Credit,Payment,Electronics,337.64,5179.76,4842.12,7,London,POS Terminal,UPI / Wallet,0,0
TXN-101402,CUST-1407,21,Credit,Payment,Groceries,31.65,1871.69,1840.04,4,London,Web Browser,Wire Transfer,0,0
TXN-101196,CUST-1457,27,Business,Deposit,Entertainment,21.64,2936.05,2914.41,2,Mumbai,POS Terminal,Wire Transfer,0,0
TXN-100871,CUST-1380,45,Credit,Payment,Entertainment,228.17,4721.45,4493.28,3,London,POS Terminal,Wire Transfer,0,0
TXN-102227,CUST-1475,20,Savings,Payment,Entertainment,12.96,3202.26,3189.3,13,London,Web Browser,Credit Card,0,0
TXN-100166,CUST-1444,53,Savings,Payment,Electronics,236.9,2774.97,2538.07,8,London,Mobile App,Wire Transfer,0,0
TXN-101214,CUST-1389,27,Savings,Payment,Electronics,50.26,1289.0,1238.74,3,Berlin,Mobile App,Wire Transfer,0,0
TXN-100419,CUST-1386,60,Business,Deposit,Entertainment,237.27,8168.43,7931.16,5,New York,POS Terminal,UPI / Wallet,0,0
TXN-100905,CUST-1429,49,Savings,Payment,Electronics,225.69,3378.93,3153.24,8,London,Mobile App,Wire Transfer,0,0
TXN-100287,CUST-1417,21,Savings,Deposit,Entertainment,23.01,7762.92,7739.91,7,Berlin,Web Browser,Debit Card,0,0
TXN-100610,CUST-1419,31,Savings,Payment,Electronics,117.94,2872.5,2754.56,1,London,Web Browser,Wire Transfer,0,0
TXN-102297,CUST-1421,40,Savings,Payment,Electronics,275.59,4953.09,4677.5,7,London,POS Terminal,UPI / Wallet,0,0
TXN-100901,CUST-1358,44,Savings,Payment,Entertainment,250.98,11142.99,10892.01,15,London,Mobile App,Debit Card,0,0
TXN-102235,CUST-1451,25,Savings,Payment,Entertainment,53.25,13760.19,13706.94,13,London,Web Browser,Credit Card,0,0
TXN-101864,CUST-1401,42,Credit,Payment,Entertainment,233.98,6933.75,6699.77,3,London,POS Terminal,Wire Transfer,0,0
TXN-100607,CUST-1434,49,Savings,Payment,Electronics,200.8,2179.31,1978.51,6,London,Mobile App,Wire Transfer,0,0
TXN-100411,CUST-1346,39,Savings,Deposit,Electronics,229.14,15383.9,15154.76,3,London,Web Browser,UPI / Wallet,0,0
TXN-101889,CUST-1392,33,Savings,Payment,Entertainment,107.32,8425.53,8318.21,13,Berlin,Web Browser,Debit Card,0,0
TXN-101730,CUST-1404,23,Savings,Deposit,Entertainment,58.41,13370.48,13312.07,2,Berlin,Web Browser,UPI / Wallet,0,0
TXN-102116,CUST-1354,27,Savings,Payment,Entertainment,139.35,6002.1,5862.75,4,London,POS Terminal,Wire Transfer,0,0
TXN-101190,CUST-1285,48,Savings,Payment,Entertainment,351.99,11465.61,11113.62,5,London,POS Terminal,UPI / Wallet,0,0
TXN-101782,CUST-1409,19,Savings,Deposit,Entertainment,8.37,18655.06,18646.69,3,London,POS Terminal,Credit Card,0,0
TXN-100524,CUST-1376,41,Savings,Payment,Electronics,242.62,14906.14,14663.52,11,London,POS Terminal,Debit Card,0,0
TXN-101346,CUST-1358,40,Credit,Payment,Entertainment,193.75,11111.64,10917.89,5,Mumbai,POS Terminal,UPI / Wallet,0,0
TXN-101158,CUST-1254,37,Savings,Payment,Entertainment,229.79,11427.16,11197.37,3,London,POS Terminal,Wire Transfer,0,0
TXN-100088,CUST-1453,23,Savings,Transfer,Entertainment,49.68,2484.15,2434.47,11,London,Web Browser,UPI / Wallet,0,0
TXN-100302,CUST-1413,41,Credit,Payment,Entertainment,99.94,3974.18,3874.24,11,Mumbai,Mobile App,Wire Transfer,0,0
TXN-100688,CUST-1470,55,Savings,Payment,Electronics,275.69,2553.21,2277.52,9,London,Mobile App,Wire Transfer,0,0
TXN-100257,CUST-1482,19,Savings,Payment,Entertainment,11.69,1360.75,1349.06,16,Berlin,Web Browser,Debit Card,0,0
TXN-101079,CUST-1470,19,Credit,Deposit,Entertainment,6.12,20118.4,20262.28,2,Berlin,Web Browser,Credit Card,0,0
TXN-100140,CUST-1477,20,Savings,Payment,Entertainment,33.8,11823.65,11789.85,2,London,Web Browser,Credit Card,0,0
TXN-102129,CUST-1470,23,Savings,Deposit,Electronics,39.91,12519.85,12479.94,14,London,Web Browser,Credit Card,0,0
TXN-100616,CUST-1389,55,Checking,Deposit,Electronics,248.34,8607.66,8509.32,2,London,POS Terminal,Wire Transfer,1,0
TXN-100012,CUST-1261,25,Savings,Payment,Entertainment,70.87,22010.9,21940.03,1,Berlin,POS Terminal,UPI / Wallet,0,0
TXN-101780,CUST-1480,23,Checking,Deposit,Entertainment,13.61,8231.44,8217.83,11,Mumbai,Web Browser,Credit Card,0,0
TXN-100793,CUST-1487,19,Savings,Payment,Entertainment,8.57,809.02,800.45,13,London,Web Browser,Debit Card,0,0
TXN-101752,CUST-1252,44,Credit,Deposit,Electronics,57.83,23863.08,23805.25,1,London,POS Terminal,Debit Card,0,0
TXN-100428,CUST-1402,28,Savings,Deposit,Entertainment,109.7,17864.47,17754.77,5,London,Web Browser,Credit Card,0,0
TXN-100403,CUST-1448,21,Business,Deposit,Entertainment,9.6,17266.56,17256.96,1,New York,Web Browser,UPI / Wallet,0,0
TXN-101291,CUST-1383,51,Credit,Deposit,Entertainment,333.39,9944.18,9610.79,4,London,POS Terminal,Wire Transfer,1,0
TXN-100777,CUST-1468,25,Savings,Payment,Electronics,64.36,9526.43,9462.07,11,Berlin,Web Browser,Credit Card,0,0
TXN-100808,CUST-1409,23,Savings,Deposit,Electronics,46.72,20152.81,20106.09,5,London,Web Browser,Credit Card,0,0
TXN-100391,CUST-1459,32,Savings,Payment,Electronics,709.15,6753.46,6044.31,9,Berlin,Web Browser,UPI / Wallet,1,1
TXN-100609,CUST-1470,26,Savings,Payment,Electronics,35.42,1155.02,1119.6,13,London,Mobile App,UPI / Wallet,0,0
TXN-100534,CUST-1325,33,Savings,Payment,Entertainment,196.86,18773.38,18576.52,5,London,POS Terminal,UPI / Wallet,0,0
TXN-100000,CUST-1491,19,Credit,Deposit,Entertainment,6.04,6381.52,6375.48,15,London,Web Browser,Credit Card,0,0
TXN-102148,CUST-1497,18,Savings,Deposit,Electronics,7.21,8464.01,8456.8,10,Berlin,Web Browser,Credit Card,0,0
TXN-100441,CUST-1438,41,Checking,Deposit,Entertainment,355.8,10050.66,9694.86,6,Mumbai,POS Terminal,Wire Transfer,1,0
TXN-100499,CUST-1335,38,Credit,Deposit,Entertainment,95.83,21166.64,21070.81,8,London,POS Terminal,Credit Card,0,0
TXN-100815,CUST-1242,64,Credit,Deposit,Electronics,1127.38,18132.41,17005.03,4,London,Mobile App,UPI / Wallet,1,1
TXN-101400,CUST-1448,26,Credit,Payment,Entertainment,596.8,5104.19,4507.39,14,London,Web Browser,Debit Card,1,1
TXN-101942,CUST-1293,29,Savings,Deposit,Electronics,22.38,23344.01,23321.63,3,London,POS Terminal,Credit Card,0,0
TXN-100343,CUST-1362,37,Savings,Deposit,Electronics,166.43,14677.37,14510.94,1,London,POS Terminal,Wire Transfer,0,0
TXN-102218,CUST-1442,46,Credit,Payment,Electronics,208.61,1927.15,1718.54,3,London,POS Terminal,Wire Transfer,1,0
TXN-101014,CUST-1484,18,Credit,Deposit,Entertainment,5.84,4056.72,4050.88,3,London,Web Browser,Debit Card,0,0
TXN-100258,CUST-1438,66,Credit,Payment,Electronics,263.8,4167.4,3903.6,6,London,Mobile App,UPI / Wallet,0,0
TXN-100885,CUST-1486,19,Savings,Deposit,Entertainment,10.42,10820.86,10810.44,5,London,Web Browser,Credit Card,0,0
TXN-101866,CUST-1363,38,Savings,Payment,Electronics,183.91,4806.4,4622.49,1,Berlin,POS Terminal,Wire Transfer,0,0
TXN-100909,CUST-1475,19,Credit,Deposit,Entertainment,6.51,21757.74,21751.23,2,London,Web Browser,Credit Card,0,0
TXN-101710,CUST-1461,46,Credit,Payment,Electronics,201.4,2304.19,2102.79,12,Mumbai,Mobile App,Wire Transfer,0,0
TXN-100202,CUST-1347,28,Credit,Deposit,Entertainment,34.62,16902.25,16867.63,5,London,POS Terminal,Debit Card,0,0
TXN-101645,CUST-1476,24,Savings,Payment,Electronics,54.97,2825.68,2770.71,18,Berlin,Web Browser,Debit Card,0,0
TXN-101105,CUST-1468,18,Savings,Deposit,Entertainment,6.14,18427.64,18421.5,4,London,Web Browser,Credit Card,0,0
TXN-101509,CUST-1461,24,Savings,Payment,Electronics,121.32,8601.17,8479.85,8,London,Web Browser,Debit Card,0,0
TXN-101006,CUST-1447,49,Savings,Payment,Electronics,210.98,2696.81,2485.83,7,London,Mobile App,Wire Transfer,0,0
TXN-101984,CUST-1290,50,Savings,Deposit,Electronics,123.6,21812.61,21689.01,10,Berlin,POS Terminal,Credit Card,0,0
TXN-101347,CUST-1491,18,Savings,Deposit,Entertainment,5.35,19807.31,19801.96,1,Berlin,Web Browser,Credit Card,0,0
TXN-102049,CUST-1451,36,Credit,Payment,Electronics,78.21,2604.74,2526.53,12,London,Mobile App,UPI / Wallet,0,0
TXN-100509,CUST-1422,37,Savings,Payment,Entertainment,215.49,3691.19,3475.7,4,London,POS Terminal,Wire Transfer,0,0
TXN-101964,CUST-1450,46,Business,Deposit,Electronics,167.98,1984.56,1816.58,2,New York,POS Terminal,Wire Transfer,0,0
TXN-101587,CUST-1404,34,Savings,Deposit,Electronics,147.88,3985.63,3837.75,1,London,POS Terminal,Wire Transfer,0,0
TXN-102110,CUST-1439,21,Savings,Deposit,Electronics,19.49,20970.21,20950.72,6,Berlin,Web Browser,Credit Card,0,0
TXN-101948,CUST-1461,30,Savings,Payment,Entertainment,174.5,4478.46,4453.96,14,London,POS Terminal,UPI / Wallet,0,0
TXN-100530,CUST-1309,30,Savings,Payment,Entertainment,145.15,18693.16,18548.01,3,London,POS Terminal,UPI / Wallet,0,0
TXN-101410,CUST-1305,36,Savings,Deposit,Electronics,82.72,22056.38,21973.66,6,London,Web Browser,Credit Card,0,0
TXN-101503,CUST-1473,46,Business,Deposit,Electronics,41.08,2283.7,2242.62,2,Singapore,Mobile App,Wire Transfer,0,0
TXN-102041,CUST-1205,22,Savings,Deposit,Entertainment,341.5,23939.32,23597.82,0,Berlin,Web Browser,Wire Transfer,1,1
TXN-101473,CUST-1288,25,Savings,Deposit,Entertainment,63.07,23820.32,23757.25,1,Berlin,POS Terminal,UPI / Wallet,0,0
TXN-100561,CUST-1445,36,Business,Deposit,Electronics,15.06,20403.84,20388.78,1,Singapore,POS Terminal,Debit Card,0,0
TXN-101667,CUST-1438,45,Checking,Deposit,Entertainment,390.84,11066.4,10675.56,7,Mumbai,POS Terminal,Wire Transfer,1,0
TXN-100914,CUST-1379,49,Savings,Payment,Electronics,368.27,9839.38,9621.11,9,London,POS Terminal,Debit Card,0,0
TXN-101797,CUST-1183,29,Savings,Payment,Entertainment,109.7,17553.81,17444.11,1,Berlin,POS Terminal,Wire Transfer,0,0
TXN-102167,CUST-1212,62,Savings,Deposit,Electronics,107.73,23241.08,23133.35,6,London,Mobile App,Credit Card,0,0
TXN-100833,CUST-1444,42,Credit,Payment,Electronics,272.12,5807.62,5535.5,3,London,POS Terminal,Wire Transfer,1,0
TXN-101327,CUST-1449,38,Business,Deposit,Entertainment,105.28,4995.26,4889.98,3,Singapore,POS Terminal,Wire Transfer,0,0
TXN-101389,CUST-1419,34,Checking,Payment,Entertainment,148.28,14775.33,14627.05,6,Mumbai,Web Browser,Debit Card,0,0
TXN-101526,CUST-1346,24,Savings,Deposit,Entertainment,102.1,20032.1,19930.0,1,Berlin,Web Browser,UPI / Wallet,0,0
TXN-101990,CUST-1358,25,Savings,Deposit,Electronics,30.08,23080.22,23050.14,3,Berlin,Web Browser,Credit Card,0,0
TXN-101252,CUST-1357,30,Savings,Payment,Entertainment,162.95,8037.98,7875.03,8,London,POS Terminal,Debit Card,0,0
TXN-101769,CUST-1449,36,Savings,Transfer,Electronics,237.89,3085.92,2848.03,11,London,POS Terminal,UPI / Wallet,0,0
TXN-101395,CUST-1479,29,Savings,Payment,Electronics,82.73,1923.59,1840.86,18,Berlin,Web Browser,Debit Card,0,0
TXN-101272,CUST-1451,19,Savings,Payment,Entertainment,17.68,5881.43,5863.75,5,Berlin,Web Browser,UPI / Wallet,0,0
TXN-101328,CUST-1425,35,Business,Deposit,Electronics,31.0,20215.34,20184.34,2,Singapore,POS Terminal,Debit Card,0,0
TXN-100142,CUST-1435,26,Business,Deposit,Entertainment,32.73,7637.03,7604.3,6,New York,POS Terminal,UPI / Wallet,0,0
TXN-101493,CUST-1419,26,Credit,Payment,Electronics,33.98,710.71,676.73,2,London,Mobile App,Wire Transfer,0,0
TXN-101460,CUST-1320,56,Savings,Payment,Electronics,286.43,13977.66,13691.23,10,London,POS Terminal,Debit Card,0,0
TXN-100406,CUST-1413,45,Credit,Payment,Entertainment,312.87,6748.12,6435.25,6,London,POS Terminal,Wire Transfer,0,0
TXN-101002,CUST-1424,43,Checking,Payment,Entertainment,324.63,11003.09,10678.46,7,Mumbai,POS Terminal,UPI / Wallet,0,0
TXN-100592,CUST-1324,34,Savings,Deposit,Electronics,147.77,20693.54,20545.77,4,London,POS Terminal,Debit Card,0,0
TXN-101899,CUST-1444,39,Savings,Payment,Electronics,1006.52,3247.09,2240.57,5,London,POS Terminal,Wire Transfer,1,1
TXN-100007,CUST-1474,47,Savings,Payment,Electronics,205.61,1431.74,1226.13,7,London,Mobile App,Wire Transfer,0,0
TXN-100164,CUST-1494,18,Savings,Deposit,Electronics,5.74,2737.69,2731.95,15,Berlin,Web Browser,Credit Card,0,0
TXN-100751,CUST-1381,31,Savings,Deposit,Electronics,84.36,21423.93,21339.57,2,London,Web Browser,UPI / Wallet,0,0
TXN-101442,CUST-1361,29,Savings,Payment,Entertainment,116.44,4207.9,4091.46,1,London,POS Terminal,Wire Transfer,0,0
TXN-101114,CUST-1496,18,Savings,Deposit,Entertainment,5.15,15452.98,15447.83,3,Berlin,Web Browser,Credit Card,0,0
TXN-102192,CUST-1430,31,Savings,Payment,Entertainment,207.89,12889.94,12682.05,6,London,Web Browser,UPI / Wallet,0,0
TXN-100620,CUST-1310,32,Credit,Deposit,Entertainment,115.64,16536.97,16421.33,4,London,POS Terminal,UPI / Wallet,0,0
TXN-100279,CUST-1388,21,Savings,Deposit,Entertainment,24.31,19297.97,19273.66,2,London,POS Terminal,Debit Card,0,0
TXN-101933,CUST-1453,24,Savings,Payment,Electronics,75.99,11690.1,11614.11,6,Berlin,Web Browser,Credit Card,0,0
TXN-100706,CUST-1468,65,Credit,Deposit,Electronics,343.4,2731.42,2388.02,3,Mumbai,Mobile App,Wire Transfer,1,0
TXN-100803,CUST-1337,35,Checking,Deposit,Entertainment,42.22,20040.67,19998.45,2,Mumbai,POS Terminal,Debit Card,0,0
TXN-102037,CUST-1487,21,Savings,Payment,Electronics,24.69,7244.32,7219.63,18,London,Web Browser,Credit Card,0,0
TXN-101093,CUST-1488,20,Savings,Deposit,Electronics,18.99,9791.92,9772.93,17,Berlin,Web Browser,Credit Card,0,0
TXN-100976,CUST-1350,31,Credit,Deposit,Entertainment,49.86,20214.18,20164.32,5,London,Web Browser,Credit Card,0,0
TXN-101786,CUST-1364,40,Savings,Payment,Electronics,120.26,2517.38,2397.12,3,London,Mobile App,Wire Transfer,0,0
TXN-100376,CUST-1260,40,Checking,Deposit,Entertainment,148.92,15086.2,14937.28,2,Mumbai,Mobile App,Wire Transfer,0,0
TXN-101656,CUST-1421,25,Savings,Payment,Electronics,73.81,14265.0,14191.19,10,London,Web Browser,Credit Card,0,0
TXN-101211,CUST-1473,19,Savings,Deposit,Electronics,14.63,14130.65,14116.02,6,Berlin,Web Browser,Credit Card,0,0
TXN-102199,CUST-1382,46,Credit,Payment,Entertainment,248.47,8972.51,8724.04,4,London,POS Terminal,Wire Transfer,0,0
TXN-102017,CUST-1415,45,Credit,Payment,Electronics,202.55,3322.07,3119.52,4,London,Mobile App,Wire Transfer,0,0
TXN-100949,CUST-1329,32,Savings,Deposit,Entertainment,118.16,19076.88,18958.72,1,London,POS Terminal,UPI / Wallet,0,0
TXN-101117,CUST-1381,35,Savings,Payment,Electronics,136.29,18223.2,18086.91,8,Berlin,Web Browser,Credit Card,0,0
TXN-100602,CUST-1475,19,Credit,Deposit,Entertainment,16.02,5086.33,5070.31,9,London,Web Browser,Debit Card,0,0
TXN-101853,CUST-1366,24,Savings,Payment,Entertainment,82.02,6752.86,6670.84,4,London,POS Terminal,Wire Transfer,0,0
TXN-100631,CUST-1433,67,Checking,Deposit,Electronics,252.45,3981.0,3728.55,3,Mumbai,Mobile App,Wire Transfer,0,0
TXN-100026,CUST-1350,35,Checking,Deposit,Entertainment,62.08,20369.8,20307.72,2,Mumbai,POS Terminal,UPI / Wallet,0,0
TXN-100335,CUST-1274,27,Savings,Payment,Entertainment,98.58,3821.71,3723.13,1,Berlin,POS Terminal,Wire Transfer,0,0
TXN-101186,CUST-1475,23,Credit,Payment,Entertainment,38.46,4562.72,4524.26,14,London,Web Browser,Credit Card,0,0
TXN-100876,CUST-1498,18,Savings,Deposit,Entertainment,5.12,14824.64,14819.52,7,Berlin,Web Browser,Credit Card,0,0
TXN-100398,CUST-1349,67,Savings,Deposit,Electronics,298.07,12833.89,12535.82,7,London,Mobile App,Debit Card,0,0
TXN-100329,CUST-1168,36,Savings,Payment,Entertainment,141.61,12954.29,12812.68,3,London,Mobile App,Wire Transfer,0,0
TXN-101423,CUST-1483,18,Savings,Deposit,Entertainment,6.24,8275.18,8268.94,5,London,Web Browser,Credit Card,0,0
TXN-100460,CUST-1471,28,Savings,Payment,Electronics,78.7,2631.51,2702.81,20,Berlin,Web Browser,Credit Card,0,0
TXN-100563,CUST-1461,18,Credit,Deposit,Groceries,313.83,3398.7,3084.87,1,Berlin,Web Browser,Wire Transfer,1,1
TXN-101635,CUST-1344,43,Savings,Payment,Electronics,234.24,12911.14,12676.9,4,London,POS Terminal,UPI / Wallet,0,0
TXN-102295,CUST-1481,21,Savings,Deposit,Electronics,30.91,13140.0,13109.09,14,London,Web Browser,Credit Card,0,0
TXN-100041,CUST-1337,42,Credit,Payment,Electronics,217.39,14401.53,14184.14,4,Mumbai,POS Terminal,UPI / Wallet,0,0
TXN-101847,CUST-1431,46,Business,Deposit,Electronics,122.99,2751.08,2628.09,2,Mumbai,Mobile App,Wire Transfer,0,0
TXN-100042,CUST-1484,19,Checking,Deposit,Entertainment,8.68,6396.67,6387.99,8,Mumbai,Web Browser,Credit Card,0,0
TXN-102048,CUST-1411,29,Savings,Payment,Electronics,155.2,4168.32,4013.12,5,London,POS Terminal,Wire Transfer,0,0
TXN-101356,CUST-1404,45,Checking,Deposit,Entertainment,295.25,11168.99,11023.74,10,London,POS Terminal,UPI / Wallet,0,0
TXN-102220,CUST-1327,19,Savings,Deposit,Entertainment,10.28,8929.16,8918.88,0,Berlin,POS Terminal,Wire Transfer,0,0
TXN-101178,CUST-1346,25,Savings,Payment,Electronics,86.43,12294.96,12208.53,1,Berlin,Web Browser,Wire Transfer,0,0
TXN-101163,CUST-1369,54,Credit,Payment,Entertainment,414.23,9903.51,9639.28,10,London,POS Terminal,UPI / Wallet,0,0
TXN-102209,CUST-1494,19,Business,Deposit,Groceries,5.31,2879.04,2873.73,3,London,Web Browser,Debit Card,0,0
TXN-101140,CUST-1466,21,Checking,Deposit,Entertainment,10.9,15363.19,15352.29,9,Mumbai,Web Browser,Credit Card,0,0
TXN-100850,CUST-1398,45,Credit,Payment,Entertainment,289.57,6860.47,6570.9,4,London,POS Terminal,Wire Transfer,0,0
TXN-102003,CUST-1238,24,Savings,Deposit,Groceries,57.0,8811.71,8754.71,1,Berlin,POS Terminal,Wire Transfer,0,0
TXN-100479,CUST-1494,19,Savings,Payment,Entertainment,9.37,2472.86,2463.49,18,Berlin,Web Browser,Credit Card,0,0
TXN-101534,CUST-1478,23,Business,Deposit,Entertainment,28.89,1042.64,1013.75,7,Singapore,POS Terminal,Wire Transfer,0,0
TXN-101203,CUST-1408,27,Savings,Transfer,Electronics,109.57,2037.83,1928.26,6,Berlin,POS Terminal,Wire Transfer,0,0
TXN-101050,CUST-1119,47,Savings,Deposit,Entertainment,81.5,22758.1,22676.6,1,Berlin,Mobile App,UPI / Wallet,0,0
TXN-100110,CUST-1388,53,Business,Deposit,Entertainment,180.37,12370.68,12190.31,4,New York,POS Terminal,UPI / Wallet,0,0
TXN-100269,CUST-1423,35,Savings,Payment,Entertainment,251.02,6700.35,6449.33,6,London,POS Terminal,Wire Transfer,0,0
TXN-100020,CUST-1416,42,Credit,Payment,Entertainment,275.09,8740.49,8615.4,3,London,POS Terminal,Wire Transfer,0,0
TXN-100613,CUST-1435,45,Credit,Payment,Electronics,224.09,3851.0,3626.91,7,London,POS Terminal,Wire Transfer,0,0
TXN-100798,CUST-1498,18,Savings,Payment,Entertainment,5.09,305.64,300.55,19,Berlin,Web Browser,Credit Card,0,0
TXN-100440,CUST-1366,44,Savings,Payment,Electronics,237.93,14589.18,14351.25,11,London,POS Terminal,Debit Card,0,0
TXN-102027,CUST-1465,22,Credit,Deposit,Entertainment,339.85,15336.9,14997.05,13,London,Web Browser,Credit Card,1,1
TXN-100722,CUST-1300,28,Savings,Deposit,Electronics,63.14,23180.04,23116.9,3,London,Web Browser,Credit Card,0,0
TXN-101533,CUST-1300,42,Savings,Deposit,Electronics,148.81,20115.67,19966.86,5,London,Web Browser,Credit Card,0,0
TXN-101344,CUST-1265,40,Credit,Payment,Entertainment,147.78,20918.29,20770.51,8,Mumbai,POS Terminal,Debit Card,0,0
TXN-101167,CUST-1497,18,Business,Deposit,Entertainment,5.05,9233.72,9228.67,2,London,Web Browser,Credit Card,0,0
TXN-100941,CUST-1495,21,Credit,Payment,Entertainment,10.33,395.57,385.24,20,London,Web Browser,Debit Card,0,0
TXN-100199,CUST-1455,71,Business,Deposit,Electronics,380.7,5084.3,4703.6,1,New York,POS Terminal,Wire Transfer,1,0
TXN-101662,CUST-1446,33,Credit,Payment,Entertainment,94.14,1102.77,1008.63,5,Mumbai,POS Terminal,Wire Transfer,0,0
TXN-100696,CUST-1417,47,Credit,Payment,Entertainment,316.51,3919.21,3602.7,6,Mumbai,Mobile App,Wire Transfer,1,0
TXN-101906,CUST-1267,61,Credit,Payment,Electronics,313.4,12430.37,12116.97,3,London,Mobile App,UPI / Wallet,0,0
TXN-102014,CUST-1313,52,Checking,Deposit,Entertainment,241.37,16613.56,16372.19,4,Mumbai,POS Terminal,Wire Transfer,0,0
TXN-101558,CUST-1452,29,Savings,Payment,Electronics,148.17,2741.37,2593.2,12,London,POS Terminal,UPI / Wallet,0,0
TXN-100337,CUST-1330,43,Savings,Payment,Entertainment,1124.95,13589.73,12464.78,6,London,POS Terminal,Debit Card,1,1
TXN-101914,CUST-1348,53,Checking,Deposit,Electronics,35.97,22390.12,22354.15,5,Mumbai,POS Terminal,Credit Card,0,0
TXN-102188,CUST-1454,51,Savings,Payment,Electronics,223.56,1878.24,1654.68,6,London,Mobile App,Wire Transfer,0,0
TXN-101941,CUST-1489,19,Savings,Payment,Electronics,14.15,11337.93,11323.78,9,Berlin,Web Browser,Credit Card,0,0
TXN-101803,CUST-1400,47,Business,Deposit,Entertainment,165.83,11520.3,11354.47,3,New York,POS Terminal,Wire Transfer,0,0
TXN-101318,CUST-1366,39,Savings,Payment,Entertainment,280.58,11469.79,11189.21,6,London,POS Terminal,UPI / Wallet,0,0
TXN-100349,CUST-1424,48,Credit,Payment,Electronics,284.51,5451.1,5166.59,11,London,Mobile App,UPI / Wallet,0,0
TXN-101224,CUST-1459,19,Credit,Deposit,Entertainment,8.23,6423.82,6415.59,2,London,POS Terminal,UPI / Wallet,0,0
TXN-100799,CUST-1488,18,Checking,Deposit,Groceries,5.55,11971.3,11965.75,2,London,Web Browser,Credit Card,0,0
TXN-102061,CUST-1219,26,Savings,Deposit,Entertainment,428.0,19109.83,18681.83,0,London,POS Terminal,Wire Transfer,1,1
TXN-101127,CUST-1474,26,Checking,Payment,Entertainment,29.81,1389.98,1360.17,12,Mumbai,POS Terminal,UPI / Wallet,0,0
TXN-102081,CUST-1465,19,Credit,Deposit,Entertainment,7.14,9511.35,9504.21,1,Mumbai,Web Browser,UPI / Wallet,0,0
TXN-100105,CUST-1264,32,Credit,Deposit,Entertainment,89.69,20046.51,19956.82,1,London,Mobile App,UPI / Wallet,0,0
TXN-101910,CUST-1407,21,Savings,Deposit,Entertainment,41.94,20140.48,20098.54,3,London,Web Browser,Credit Card,0,0
TXN-100658,CUST-1436,22,Savings,Deposit,Entertainment,27.84,23730.04,23702.2,1,Berlin,Web Browser,Debit Card,0,0
TXN-102258,CUST-1464,30,Savings,Payment,Electronics,174.02,5776.24,5602.22,5,London,Web Browser,Wire Transfer,0,0
TXN-102012,CUST-1458,21,Credit,Payment,Entertainment,15.0,4090.38,4075.38,13,London,POS Terminal,Debit Card,0,0
TXN-101690,CUST-1428,39,Savings,Payment,Electronics,231.16,7680.48,7449.32,12,Berlin,Web Browser,Credit Card,0,0
TXN-101119,CUST-1441,21,Savings,Payment,Entertainment,48.48,12399.75,12351.27,6,Berlin,Web Browser,Debit Card,0,0
TXN-100908,CUST-1444,18,Savings,Deposit,Entertainment,6.48,20334.67,20328.19,4,Berlin,Web Browser,Credit Card,0,0
TXN-100617,CUST-1298,60,Credit,Payment,Electronics,226.62,8102.36,7875.74,6,London,Mobile App,UPI / Wallet,0,0
TXN-101446,CUST-1424,45,Savings,Payment,Electronics,337.41,9680.15,9342.74,10,London,POS Terminal,Debit Card,0,0
TXN-101729,CUST-1476,19,Credit,Deposit,Entertainment,5.76,1330.71,1324.95,4,Berlin,POS Terminal,UPI / Wallet,0,0
TXN-102042,CUST-1327,28,Savings,Deposit,Electronics,65.17,23433.64,23368.47,2,Berlin,Web Browser,Debit Card,0,0
TXN-102162,CUST-1439,42,Savings,Payment,Electronics,268.64,4164.5,3895.86,8,London,POS Terminal,UPI / Wallet,0,0
TXN-101876,CUST-1327,20,Savings,Deposit,Entertainment,15.53,6901.31,6885.78,1,Berlin,POS Terminal,Wire Transfer,0,0
TXN-102067,CUST-1483,22,Savings,Transfer,Electronics,60.8,1624.5,1563.7,14,Berlin,Web Browser,Debit Card,0,0
TXN-102075,CUST-1411,34,Savings,Payment,Electronics,204.77,6346.0,6141.23,7,London,POS Terminal,UPI / Wallet,0,0
TXN-100991,CUST-1472,20,Credit,Deposit,Entertainment,13.17,7828.93,7815.76,14,London,Web Browser,Credit Card,0,0
TXN-100256,CUST-1370,28,Savings,Deposit,Electronics,35.76,20778.44,20742.68,7,Berlin,Web Browser,Credit Card,0,0
TXN-101077,CUST-1320,45,Savings,Deposit,Electronics,199.64,17928.93,17729.29,3,London,POS Terminal,UPI / Wallet,0,0
TXN-100131,CUST-1175,59,Credit,Deposit,Electronics,102.97,21801.88,21698.91,1,Berlin,POS Terminal,UPI / Wallet,0,0
TXN-101138,CUST-1491,18,Savings,Deposit,Entertainment,6.35,11398.56,11392.21,2,London,Web Browser,Credit Card,0,0
TXN-101674,CUST-1435,51,Business,Deposit,Electronics,144.24,3742.44,3598.2,1,New York,POS Terminal,Wire Transfer,0,0
TXN-102265,CUST-1309,47,Credit,Deposit,Entertainment,185.49,18749.96,18564.47,2,London,POS Terminal,Wire Transfer,0,0
TXN-102296,CUST-1483,22,Credit,Payment,Entertainment,21.43,532.58,511.15,12,London,Web Browser,Wire Transfer,0,0
TXN-101753,CUST-1442,44,Savings,Payment,Electronics,315.36,4078.93,3763.57,8,London,POS Terminal,Wire Transfer,0,0
TXN-100556,CUST-1458,19,Savings,Payment,Entertainment,23.77,2821.19,2797.42,13,Berlin,Web Browser,Debit Card,0,0
TXN-100604,CUST-1491,54,Business,Deposit,Electronics,96.35,1590.58,1494.23,3,Singapore,POS Terminal,Wire Transfer,0,0
TXN-101598,CUST-1499,18,Savings,Deposit,Electronics,5.31,1046.29,1040.98,16,Berlin,Web Browser,Credit Card,0,0
TXN-101678,CUST-1435,24,Business,Deposit,Entertainment,336.25,21031.87,20695.62,1,Singapore,POS Terminal,Credit Card,1,1
TXN-101453,CUST-1375,34,Savings,Payment,Entertainment,263.66,14176.9,13913.24,5,London,POS Terminal,Debit Card,0,0
TXN-100640,CUST-1370,42,Credit,Payment,Entertainment,264.83,4705.52,4440.69,6,Mumbai,Mobile App,Wire Transfer,0,0
TXN-100434,CUST-1441,22,Credit,Deposit,Entertainment,17.85,12182.86,12165.01,9,London,Web Browser,Credit Card,0,0
TXN-100273,CUST-1298,52,Credit,Payment,Entertainment,317.36,12762.33,12444.97,5,Mumbai,Mobile App,UPI / Wallet,0,0
TXN-102201,CUST-1481,19,Savings,Payment,Entertainment,11.36,426.39,415.03,13,London,Web Browser,UPI / Wallet,0,0
TXN-101734,CUST-1169,38,Savings,Deposit,Entertainment,107.34,22039.05,21931.71,3,London,Mobile App,UPI / Wallet,0,0
TXN-100779,CUST-1429,50,Checking,Payment,Entertainment,1114.48,7348.23,6233.75,5,London,POS Terminal,Wire Transfer,1,1
TXN-100727,CUST-1459,41,Credit,Deposit,Electronics,140.63,2028.54,1887.91,2,London,POS Terminal,Wire Transfer,1,0
TXN-100851,CUST-1379,28,Savings,Payment,Entertainment,143.3,15604.6,15461.3,3,London,Web Browser,UPI / Wallet,0,0
TXN-101843,CUST-1475,32,Checking,Payment,Entertainment,54.6,1844.29,1789.69,14,London,POS Terminal,UPI / Wallet,0,0
TXN-101835,CUST-1472,19,Checking,Deposit,Groceries,10.0,4711.28,4701.28,1,Mumbai,Web Browser,UPI / Wallet,0,0
TXN-100450,CUST-1442,38,Business,Deposit,Entertainment,51.62,7365.66,7314.04,8,Mumbai,POS Terminal,Debit Card,0,0
TXN-101616,CUST-1464,54,Business,Deposit,Entertainment,266.1,9119.83,8853.73,3,New York,Web Browser,Wire Transfer,0,0
TXN-101249,CUST-1459,25,Savings,Payment,Electronics,83.31,7976.8,7893.49,3,Berlin,Web Browser,UPI / Wallet,0,0
TXN-101230,CUST-1467,53,Credit,Deposit,Electronics,241.21,3602.57,3361.36,2,London,POS Terminal,Wire Transfer,1,0
TXN-100130,CUST-1471,19,Business,Deposit,Entertainment,317.33,22467.76,22150.43,1,Mumbai,Web Browser,Credit Card,1,1
TXN-101556,CUST-1406,27,Savings,Deposit,Electronics,111.58,16983.82,16872.24,4,Berlin,Web Browser,Debit Card,0,0
TXN-100196,CUST-1360,55,Checking,Deposit,Electronics,194.95,11471.53,11276.58,1,Mumbai,Mobile App,Wire Transfer,0,0
TXN-101634,CUST-1477,31,Savings,Transfer,Electronics,115.95,2080.37,1964.42,15,Berlin,Web Browser,Credit Card,0,0
TXN-100865,CUST-1438,47,Checking,Payment,Electronics,130.83,3127.02,2996.19,7,Mumbai,Mobile App,Wire Transfer,0,0
TXN-100904,CUST-1399,50,Savings,Transfer,Electronics,284.26,4698.14,4413.88,10,London,Mobile App,UPI / Wallet,0,0
TXN-100139,CUST-1356,46,Savings,Payment,Electronics,229.46,8593.61,8364.15,6,London,POS Terminal,UPI / Wallet,0,0
TXN-100899,CUST-1443,40,Credit,Payment,Entertainment,295.73,6927.04,6631.31,7,Mumbai,POS Terminal,Wire Transfer,1,0
TXN-101686,CUST-1459,61,Credit,Deposit,Electronics,245.45,2125.37,1879.92,3,Mumbai,Mobile App,Wire Transfer,1,0
TXN-100961,CUST-1491,18,Savings,Deposit,Entertainment,5.37,1148.09,1142.72,10,Berlin,Web Browser,Credit Card,0,0
TXN-100714,CUST-1463,21,Credit,Deposit,Entertainment,34.51,16747.19,16712.68,4,London,Web Browser,Debit Card,0,0
TXN-102082,CUST-1429,29,Savings,Payment,Entertainment,223.87,10994.84,10770.97,6,London,Web Browser,UPI / Wallet,0,0
TXN-100004,CUST-1483,23,Savings,Payment,Electronics,66.48,3565.88,3499.4,19,London,Web Browser,Credit Card,0,0
TXN-101560,CUST-1485,20,Savings,Payment,Electronics,24.85,10697.68,10672.83,16,London,Web Browser,Credit Card,0,0
TXN-101696,CUST-1454,19,Savings,Deposit,Electronics,14.59,24131.2,24116.61,1,Berlin,Web Browser,Credit Card,0,0
TXN-100877,CUST-1489,18,Savings,Deposit,Electronics,5.48,20049.46,20043.98,4,Berlin,Web Browser,Credit Card,0,0
TXN-102213,CUST-1435,24,Savings,Payment,Entertainment,93.9,4180.74,4086.84,6,London,POS Terminal,UPI / Wallet,0,0
TXN-100062,CUST-1453,20,Savings,Payment,Entertainment,30.29,11641.4,11611.11,6,Berlin,Web Browser,Credit Card,0,0
TXN-100879,CUST-1433,37,Savings,Payment,Electronics,213.33,5249.61,5036.28,14,London,POS Terminal,Debit Card,0,0
TXN-100066,CUST-1191,34,Savings,Payment,Entertainment,133.39,17605.98,17472.59,3,London,Mobile App,UPI / Wallet,0,0
TXN-101855,CUST-1398,23,Savings,Deposit,Electronics,41.46,20602.42,20560.96,8,London,Web Browser,Credit Card,0,0
TXN-102086,CUST-1495,19,Savings,Deposit,Electronics,7.09,8215.81,8208.72,18,Berlin,Web Browser,Credit Card,0,0
TXN-100633,CUST-1477,19,Savings,Deposit,Entertainment,7.83,7449.52,7591.69,7,Berlin,Web Browser,Credit Card,0,0
TXN-100408,CUST-1405,32,Checking,Payment,Entertainment,115.52,16676.38,16560.86,7,New York,POS Terminal,Debit Card,0,0
TXN-101531,CUST-1415,20,Savings,Deposit,Entertainment,12.04,22729.61,22717.57,1,Berlin,Web Browser,Credit Card,0,0
TXN-100435,CUST-1168,23,Savings,Deposit,Entertainment,30.41,21038.78,21008.37,0,Berlin,Mobile App,Wire Transfer,0,0
TXN-101154,CUST-1408,31,Savings,Payment,Electronics,141.64,11272.95,11281.31,9,Berlin,Web Browser,Credit Card,0,0
TXN-101258,CUST-1310,55,Savings,Deposit,Electronics,236.66,9578.56,9341.9,1,London,Mobile App,Wire Transfer,0,0
TXN-100686,CUST-1319,57,Checking,Deposit,Electronics,166.97,20908.4,20741.43,3,London,POS Terminal,Debit Card,0,0
TXN-100323,CUST-1354,25,Credit,Payment,Entertainment,27.32,14745.36,14718.04,4,London,POS Terminal,UPI / Wallet,0,0
TXN-101164,CUST-1403,37,Credit,Payment,Entertainment,324.2,11454.61,11130.41,8,Mumbai,POS Terminal,UPI / Wallet,1,0
TXN-101393,CUST-1409,39,Checking,Deposit,Entertainment,110.29,10159.09,10048.8,6,Singapore,Mobile App,UPI / Wallet,0,0
TXN-100685,CUST-1392,19,Credit,Deposit,Groceries,8.69,18308.44,18299.75,1,Berlin,Web Browser,UPI / Wallet,0,0
TXN-101421,CUST-1400,24,Savings,Payment,Entertainment,68.67,19083.58,19014.91,7,London,Web Browser,Credit Card,0,0
TXN-102076,CUST-1445,44,Credit,Payment,Electronics,194.77,2474.65,2279.88,6,London,Mobile App,Wire Transfer,1,0
TXN-100380,CUST-1380,28,Savings,Payment,Entertainment,113.78,11203.44,11089.66,10,London,Web Browser,Debit Card,0,0
TXN-101009,CUST-1445,21,Savings,Deposit,Electronics,17.69,23140.78,23123.09,10,Mumbai,Web Browser,Credit Card,0,0
TXN-100081,CUST-1352,63,Credit,Deposit,Electronics,379.23,11202.42,10823.19,4,London,Mobile App,UPI / Wallet,1,0
TXN-101718,CUST-1440,42,Credit,Deposit,Electronics,182.31,2010.92,1828.61,2,Mumbai,POS Terminal,Wire Transfer,0,0
TXN-101618,CUST-1461,22,Business,Deposit,Entertainment,8.49,7959.69,7951.2,3,London,POS Terminal,Debit Card,0,0
TXN-101766,CUST-1266,29,Credit,Deposit,Electronics,28.94,24512.08,24483.14,3,London,POS Terminal,Credit Card,0,0
TXN-100765,CUST-1483,21,Savings,Payment,Entertainment,20.92,2325.74,2304.82,13,London,Web Browser,Debit Card,0,0
TXN-102273,CUST-1450,19,Credit,Deposit,Entertainment,12.94,21285.19,21272.25,2,London,Web Browser,Credit Card,0,0
TXN-101082,CUST-1381,46,Credit,Payment,Entertainment,1093.0,6546.94,5453.94,4,London,POS Terminal,Wire Transfer,1,1
TXN-101357,CUST-1351,39,Credit,Payment,Entertainment,177.96,16719.52,16541.56,4,London,POS Terminal,UPI / Wallet,0,0
TXN-102284,CUST-1491,21,Savings,Transfer,Electronics,31.14,811.92,780.78,19,Berlin,Web Browser,Debit Card,0,0
TXN-102026,CUST-1443,39,Savings,Payment,Electronics,187.95,3922.32,3734.37,13,Berlin,POS Terminal,Debit Card,0,0
TXN-101521,CUST-1359,38,Credit,Payment,Entertainment,131.05,6004.92,5873.87,6,London,Mobile App,Wire Transfer,0,0
TXN-102069,CUST-1352,21,Savings,Deposit,Entertainment,26.52,23108.46,23081.94,0,Berlin,Web Browser,UPI / Wallet,0,0
TXN-100124,CUST-1394,41,Credit,Deposit,Electronics,119.36,20864.38,20745.02,9,Mumbai,POS Terminal,Credit Card,0,0
TXN-102134,CUST-1368,45,Credit,Payment,Entertainment,286.64,11558.65,11272.01,4,London,POS Terminal,Wire Transfer,0,0
TXN-102092,CUST-1402,55,Business,Deposit,Electronics,187.49,3356.03,3168.54,1,New York,Mobile App,Wire Transfer,0,0
TXN-101920,CUST-1417,31,Savings,Payment,Entertainment,222.47,9762.69,9540.22,12,London,Web Browser,Debit Card,0,0
TXN-101441,CUST-1333,25,Savings,Deposit,Electronics,29.22,24452.86,24423.64,2,London,Web Browser,Credit Card,0,0
TXN-101901,CUST-1412,27,Credit,Payment,Entertainment,94.35,15426.44,15332.09,7,Mumbai,POS Terminal,Debit Card,0,0
TXN-100327,CUST-1456,37,Business,Deposit,Entertainment,184.41,10539.28,10354.87,5,New York,POS Terminal,UPI / Wallet,0,0
TXN-100313,CUST-1353,22,Savings,Payment,Entertainment,44.06,5382.46,5338.4,1,Berlin,Web Browser,Wire Transfer,0,0
TXN-100593,CUST-1484,19,Checking,Deposit,Groceries,6.15,3803.79,3797.64,2,Mumbai,Web Browser,Debit Card,0,0
TXN-100271,CUST-1204,31,Savings,Deposit,Entertainment,81.12,18433.75,18352.63,1,Berlin,POS Terminal,Wire Transfer,0,0
TXN-101817,CUST-1447,50,Credit,Deposit,Electronics,301.78,7053.13,6751.35,2,London,POS Terminal,Wire Transfer,1,0
TXN-102146,CUST-1427,42,Credit,Payment,Entertainment,875.08,6382.45,5507.37,13,Mumbai,POS Terminal,Debit Card,1,1
TXN-102161,CUST-1483,20,Savings,Deposit,Electronics,11.59,6492.04,6480.45,15,London,Web Browser,Credit Card,0,0
TXN-101289,CUST-1395,59,Checking,Payment,Entertainment,415.61,9730.22,9314.61,7,Mumbai,POS Terminal,UPI / Wallet,1,0
TXN-100481,CUST-1419,24,Savings,Deposit,Electronics,41.86,19785.81,19743.95,4,Berlin,Web Browser,Credit Card,0,0
TXN-100790,CUST-1492,19,Savings,Deposit,Electronics,10.2,10913.03,10902.83,7,Berlin,Web Browser,Credit Card,0,0
TXN-101233,CUST-1488,21,Credit,Payment,Entertainment,22.19,1475.86,1453.67,18,London,Web Browser,Credit Card,0,0
TXN-100786,CUST-1409,56,Checking,Deposit,Electronics,270.05,7749.65,7479.6,2,London,POS Terminal,Wire Transfer,1,0
TXN-100757,CUST-1277,57,Savings,Deposit,Electronics,223.49,18951.95,18728.46,4,London,POS Terminal,Debit Card,0,0
TXN-102001,CUST-1465,27,Savings,Payment,Electronics,101.94,5725.69,5623.75,13,Berlin,Web Browser,Credit Card,0,0
TXN-100645,CUST-1309,22,Savings,Deposit,Entertainment,46.82,20260.54,20213.72,1,Berlin,Web Browser,Wire Transfer,0,0
TXN-102189,CUST-1460,24,Checking,Deposit,Electronics,11.94,21474.41,21462.47,7,London,Web Browser,Credit Card,0,0
TXN-101406,CUST-1398,33,Savings,Deposit,Electronics,161.06,3906.79,3745.73,2,London,POS Terminal,Wire Transfer,0,0
TXN-101376,CUST-1293,32,Savings,Payment,Entertainment,214.72,9864.62,9649.9,4,London,POS Terminal,Wire Transfer,0,0
TXN-101724,CUST-1439,36,Savings,Payment,Entertainment,263.26,7966.77,7703.51,10,London,POS Terminal,UPI / Wallet,0,0
TXN-101257,CUST-1439,26,Credit,Deposit,Entertainment,133.57,15773.12,15639.55,4,London,Web Browser,UPI / Wallet,0,0
TXN-100962,CUST-1347,22,Savings,Deposit,Electronics,27.02,23938.32,23911.3,1,Berlin,Web Browser,Debit Card,0,0
TXN-101222,CUST-1397,50,Checking,Deposit,Entertainment,391.93,11277.62,10885.69,5,Mumbai,POS Terminal,Wire Transfer,1,0
TXN-100898,CUST-1420,62,Checking,Deposit,Electronics,247.29,4234.93,3987.64,3,Mumbai,Mobile App,Wire Transfer,0,0
TXN-100649,CUST-1483,20,Checking,Deposit,Groceries,16.21,2535.4,2519.19,10,New York,Web Browser,Debit Card,0,0
TXN-101385,CUST-1326,48,Checking,Deposit,Electronics,62.51,23420.4,23507.89,5,Mumbai,POS Terminal,Credit Card,0,0
TXN-100936,CUST-1420,45,Business,Deposit,Entertainment,109.35,11882.52,11773.17,7,Mumbai,POS Terminal,Debit Card,0,0
TXN-101112,CUST-1481,21,Savings,Payment,Electronics,44.59,6026.36,5981.77,17,Berlin,Web Browser,Credit Card,0,0
TXN-101499,CUST-1456,50,Business,Deposit,Electronics,84.37,2368.12,2283.75,9,New York,Mobile App,Wire Transfer,0,0
TXN-100120,CUST-1469,20,Checking,Deposit,Groceries,16.48,3165.73,3149.25,7,Mumbai,POS Terminal,Wire Transfer,0,0
TXN-100102,CUST-1485,21,Savings,Payment,Electronics,44.18,1665.05,1620.87,17,Berlin,Web Browser,Credit Card,0,0
TXN-100643,CUST-1397,22,Savings,Transfer,Entertainment,54.03,6199.37,6295.34,7,London,POS Terminal,UPI / Wallet,0,0
TXN-101518,CUST-1384,18,Savings,Deposit,Entertainment,6.02,22871.94,22865.92,0,Berlin,Web Browser,Debit Card,0,0
TXN-101952,CUST-1300,21,Savings,Payment,Entertainment,34.86,9595.48,9710.62,1,Berlin,Web Browser,Wire Transfer,0,0
TXN-101303,CUST-1461,24,Savings,Payment,Electronics,21.71,821.64,799.93,15,London,POS Terminal,Debit Card,0,0
TXN-100294,CUST-1435,31,Savings,Deposit,Electronics,118.02,1551.23,1433.21,1,London,POS Terminal,Wire Transfer,0,0
TXN-100057,CUST-1413,32,Savings,Payment,Electronics,195.99,9894.82,9698.83,4,Mumbai,POS Terminal,Wire Transfer,1,0
TXN-102093,CUST-1435,27,Savings,Deposit,Electronics,121.25,12782.98,12661.73,2,London,Web Browser,UPI / Wallet,0,0
TXN-100296,CUST-1466,19,Checking,Deposit,Groceries,6.71,14503.33,14496.62,2,London,Web Browser,Debit Card,0,0
TXN-100919,CUST-1440,23,Credit,Payment,Entertainment,57.88,2697.12,2639.24,7,London,Web Browser,UPI / Wallet,0,0
TXN-101581,CUST-1488,22,Savings,Transfer,Electronics,30.63,1383.58,1352.95,21,Berlin,Web Browser,Credit Card,0,0
TXN-100476,CUST-1419,23,Credit,Deposit,Entertainment,33.97,17095.88,17061.91,5,Mumbai,Web Browser,Credit Card,0,0
TXN-100473,CUST-1437,27,Checking,Payment,Groceries,61.0,7079.24,7168.24,3,Mumbai,Web Browser,Wire Transfer,0,0
TXN-101034,CUST-1383,51,Savings,Payment,Electronics,314.7,5528.56,5213.86,9,London,Mobile App,UPI / Wallet,0,0
TXN-101309,CUST-1397,42,Credit,Deposit,Electronics,280.56,8683.14,8402.58,2,London,Web Browser,Wire Transfer,0,0
TXN-101311,CUST-1466,60,Credit,Payment,Electronics,301.16,2240.32,1939.16,9,Mumbai,Mobile App,Wire Transfer,0,0
TXN-101059,CUST-1441,25,Savings,Payment,Electronics,539.25,11965.18,11425.93,5,Berlin,Web Browser,Debit Card,1,1
TXN-101459,CUST-1293,36,Savings,Payment,Entertainment,102.9,8031.46,7928.56,6,London,Mobile App,Wire Transfer,0,0
TXN-100083,CUST-1472,36,Business,Deposit,Entertainment,58.69,1980.5,1921.81,3,Singapore,POS Terminal,Wire Transfer,0,0
TXN-100019,CUST-1480,21,Savings,Transfer,Electronics,21.1,787.72,766.62,16,Berlin,Web Browser,UPI / Wallet,0,0
TXN-102164,CUST-1337,20,Savings,Payment,Entertainment,10.47,8398.38,8387.91,2,Berlin,POS Terminal,Wire Transfer,0,0
TXN-100577,CUST-1425,24,Savings,Deposit,Entertainment,61.73,20235.37,20173.64,8,Mumbai,Web Browser,Credit Card,0,0
TXN-102240,CUST-1420,35,Business,Deposit,Entertainment,27.96,7966.59,7938.63,1,Mumbai,Mobile App,Wire Transfer,0,0
TXN-100352,CUST-1469,21,Savings,Deposit,Entertainment,33.59,18045.49,18011.9,3,London,Web Browser,Credit Card,0,0
TXN-101819,CUST-1421,26,Savings,Payment,Electronics,560.53,16123.01,15562.48,3,London,Web Browser,Debit Card,1,1
TXN-102020,CUST-1465,26,Savings,Transfer,Entertainment,62.52,2893.9,2831.38,18,Berlin,POS Terminal,Debit Card,0,0
TXN-102022,CUST-1435,21,Savings,Payment,Entertainment,21.64,12832.24,12810.6,6,Berlin,Web Browser,Credit Card,0,0
TXN-102063,CUST-1478,26,Savings,Payment,Electronics,89.46,3594.46,3655.0,17,Berlin,Web Browser,Credit Card,0,0
TXN-101802,CUST-1192,31,Savings,Payment,Entertainment,90.55,12128.74,12038.19,1,Berlin,Mobile App,Wire Transfer,0,0
TXN-100817,CUST-1434,22,Savings,Payment,Entertainment,60.48,10567.78,10507.3,9,London,Web Browser,Debit Card,0,0
TXN-100321,CUST-1396,26,Credit,Payment,Entertainment,120.63,17722.83,17752.2,6,London,Web Browser,Debit Card,0,0
TXN-101666,CUST-1464,25,Savings,Payment,Electronics,37.02,3461.58,3424.56,18,London,Web Browser,Credit Card,0,0
TXN-101609,CUST-1476,21,Savings,Payment,Entertainment,32.07,1013.27,981.2,15,London,Web Browser,Debit Card,0,0
TXN-100653,CUST-1357,42,Savings,Payment,Electronics,57.13,7274.59,7217.46,8,London,Mobile App,UPI / Wallet,0,0
TXN-100584,CUST-1469,37,Savings,Payment,Electronics,236.73,3383.3,3146.57,13,Berlin,Web Browser,Debit Card,0,0
TXN-102100,CUST-1440,50,Savings,Payment,Electronics,220.83,1761.44,1540.61,3,London,Mobile App,Wire Transfer,0,0
TXN-100462,CUST-1497,19,Business,Deposit,Entertainment,5.72,1444.96,1439.24,14,London,Web Browser,Credit Card,0,0
TXN-101955,CUST-1313,54,Savings,Deposit,Electronics,962.75,14087.08,13124.33,2,London,POS Terminal,Wire Transfer,1,1
TXN-100477,CUST-1443,19,Savings,Deposit,Entertainment,10.14,20375.98,20365.84,3,Berlin,Web Browser,Credit Card,0,0
TXN-101653,CUST-1338,22,Savings,Deposit,Electronics,60.78,22707.06,22646.28,1,Berlin,Web Browser,UPI / Wallet,0,0
TXN-100942,CUST-1460,35,Business,Deposit,Entertainment,101.18,7342.42,7241.24,9,Singapore,POS Terminal,Debit Card,0,0
TXN-100266,CUST-1330,61,Credit,Payment,Electronics,289.53,10668.53,10529.0,8,London,Mobile App,UPI / Wallet,0,0
TXN-101779,CUST-1496,20,Business,Deposit,Entertainment,7.01,495.91,488.9,9,New York,Web Browser,UPI / Wallet,0,0
TXN-100490,CUST-1385,41,Credit,Payment,Entertainment,214.07,6940.26,6726.19,4,London,POS Terminal,Wire Transfer,0,0
TXN-101606,CUST-1432,22,Savings,Deposit,Electronics,19.87,19675.77,19655.9,8,Berlin,Web Browser,Credit Card,0,0
TXN-101638,CUST-1418,42,Credit,Payment,Entertainment,1160.78,6869.79,5709.01,4,Mumbai,POS Terminal,Wire Transfer,1,1
TXN-100180,CUST-1485,21,Savings,Deposit,Entertainment,41.39,11404.69,11363.3,7,Berlin,Web Browser,Credit Card,0,0
TXN-101043,CUST-1373,39,Credit,Deposit,Electronics,216.87,18904.16,18687.29,5,London,Web Browser,UPI / Wallet,0,0
TXN-102007,CUST-1435,28,Credit,Payment,Entertainment,45.12,10694.56,10649.44,16,London,POS Terminal,Credit Card,0,0
TXN-101834,CUST-1471,20,Savings,Payment,Entertainment,32.17,4176.34,4144.17,5,London,Web Browser,UPI / Wallet,0,0
TXN-100414,CUST-1453,21,Savings,Payment,Entertainment,46.78,13819.97,13923.19,6,Berlin,Web Browser,Credit Card,0,0
TXN-100190,CUST-1247,21,Savings,Deposit,Entertainment,27.77,18274.91,18247.14,0,London,POS Terminal,Wire Transfer,0,0
TXN-100118,CUST-1391,49,Credit,Payment,Entertainment,357.47,5736.57,5379.1,6,Mumbai,Mobile App,Wire Transfer,1,0
TXN-100177,CUST-1413,24,Savings,Deposit,Electronics,93.14,19429.75,19486.61,2,Berlin,Web Browser,UPI / Wallet,0,0
TXN-100158,CUST-1377,28,Savings,Payment,Entertainment,137.0,13567.13,13430.13,1,London,Web Browser,Wire Transfer,0,0
TXN-101559,CUST-1441,22,Savings,Payment,Entertainment,68.97,14876.34,14807.37,6,London,Web Browser,Debit Card,0,0
TXN-100835,CUST-1171,27,Savings,Payment,Entertainment,70.8,16383.41,16312.61,1,Berlin,Mobile App,Wire Transfer,0,0
TXN-101602,CUST-1454,43,Credit,Deposit,Entertainment,364.51,6462.65,6098.14,5,London,POS Terminal,Wire Transfer,1,0
TXN-102222,CUST-1370,19,Savings,Deposit,Entertainment,7.9,23692.33,23684.43,0,Berlin,Web Browser,Debit Card,0,0
TXN-101740,CUST-1472,53,Savings,Deposit,Electronics,168.88,1522.05,1353.17,3,London,POS Terminal,Wire Transfer,1,0
TXN-101692,CUST-1396,21,Credit,Deposit,Entertainment,18.04,13951.5,13933.46,2,Mumbai,POS Terminal,UPI / Wallet,0,0
TXN-100950,CUST-1427,49,Credit,Payment,Electronics,372.03,5413.45,5041.42,6,Mumbai,Mobile App,Wire Transfer,1,0
TXN-101679,CUST-1426,24,Credit,Deposit,Entertainment,15.61,6082.43,6066.82,4,London,POS Terminal,UPI / Wallet,0,0
TXN-101113,CUST-1424,29,Credit,Payment,Entertainment,220.62,11816.17,11595.55,11,Mumbai,Web Browser,Debit Card,0,0
TXN-100618,CUST-1481,18,Savings,Deposit,Entertainment,5.22,17540.5,17535.28,3,Berlin,Web Browser,Credit Card,0,0
TXN-100748,CUST-1310,56,Credit,Payment,Electronics,234.95,15035.34,14800.39,6,London,Mobile App,UPI / Wallet,0,0
TXN-101742,CUST-1293,34,Savings,Deposit,Electronics,82.47,22693.89,22611.42,2,London,POS Terminal,Debit Card,0,0
TXN-100219,CUST-1485,18,Credit,Deposit,Entertainment,5.2,13599.62,13594.42,1,London,Web Browser,Credit Card,0,0
TXN-100501,CUST-1446,42,Checking,Payment,Entertainment,143.63,2802.19,2658.56,8,New York,POS Terminal,Wire Transfer,0,0
TXN-101305,CUST-1419,21,Savings,Payment,Entertainment,35.58,2479.24,2443.66,4,London,Web Browser,Wire Transfer,0,0
TXN-101500,CUST-1481,20,Savings,Deposit,Electronics,350.5,16799.78,16449.28,3,Berlin,Web Browser,Credit Card,1,1
TXN-101070,CUST-1409,53,Credit,Deposit,Electronics,338.23,7327.87,6989.64,3,London,POS Terminal,Wire Transfer,1,0
TXN-101490,CUST-1425,19,Savings,Payment,Entertainment,12.05,13619.8,13607.75,2,Berlin,Web Browser,UPI / Wallet,0,0
TXN-102090,CUST-1461,55,Business,Deposit,Electronics,316.35,3148.05,2831.7,4,New York,POS Terminal,Wire Transfer,1,0
TXN-101839,CUST-1320,45,Savings,Payment,Electronics,245.13,17706.12,17460.99,5,London,POS Terminal,UPI / Wallet,0,0
TXN-100390,CUST-1372,46,Credit,Deposit,Entertainment,198.05,8864.28,8666.23,1,London,POS Terminal,Wire Transfer,0,0
TXN-100226,CUST-1428,21,Credit,Deposit,Entertainment,15.72,21762.16,21746.44,3,London,Web Browser,Credit Card,0,0
TXN-102252,CUST-1360,39,Savings,Payment,Electronics,167.19,14213.13,14045.94,14,London,POS Terminal,Credit Card,0,0
TXN-100402,CUST-1467,21,Checking,Deposit,Entertainment,8.73,13597.59,13588.86,8,London,Web Browser,Credit Card,0,0
TXN-102144,CUST-1433,58,Credit,Payment,Electronics,254.35,2923.16,2668.81,8,London,Mobile App,Wire Transfer,0,0
TXN-100780,CUST-1396,48,Savings,Payment,Electronics,194.14,3652.49,3458.35,4,London,Mobile App,Wire Transfer,0,0
TXN-101928,CUST-1471,41,Credit,Deposit,Electronics,99.92,1274.22,1174.3,1,London,Web Browser,Wire Transfer,1,0
TXN-101261,CUST-1488,19,Credit,Deposit,Entertainment,7.47,5736.56,5729.09,7,London,Web Browser,Credit Card,0,0
TXN-101717,CUST-1440,62,Credit,Payment,Electronics,330.12,6970.46,6640.34,11,London,Mobile App,UPI / Wallet,0,0
TXN-101794,CUST-1433,31,Savings,Payment,Entertainment,272.82,10151.14,9878.32,7,London,Web Browser,UPI / Wallet,0,0
TXN-101790,CUST-1428,45,Credit,Payment,Entertainment,381.41,8005.96,7624.55,8,Mumbai,POS Terminal,UPI / Wallet,1,0
TXN-100021,CUST-1494,19,Savings,Payment,Electronics,353.52,1572.28,1218.76,18,Berlin,Web Browser,Credit Card,1,1
TXN-101912,CUST-1320,43,Credit,Payment,Entertainment,71.4,13251.08,13179.68,8,London,Mobile App,Debit Card,0,0
TXN-100600,CUST-1461,44,Credit,Deposit,Electronics,759.72,2837.3,2077.58,4,London,POS Terminal,Wire Transfer,1,1
TXN-100732,CUST-1220,25,Savings,Payment,Entertainment,66.26,13899.55,13833.29,1,Berlin,POS Terminal,Wire Transfer,0,0
TXN-102298,CUST-1461,28,Savings,Payment,Electronics,124.38,4014.22,3889.84,5,Berlin,Web Browser,UPI / Wallet,0,0
TXN-101139,CUST-1419,58,Savings,Payment,Electronics,357.64,6372.98,6015.34,9,London,Mobile App,UPI / Wallet,0,0
TXN-100680,CUST-1249,35,Savings,Deposit,Entertainment,125.69,22559.68,22433.99,3,London,POS Terminal,UPI / Wallet,0,0
TXN-101541,CUST-1330,26,Credit,Payment,Entertainment,41.91,8505.74,8463.83,4,London,Mobile App,UPI / Wallet,0,0
TXN-101789,CUST-1436,44,Checking,Deposit,Entertainment,67.05,8519.26,8452.21,13,London,POS Terminal,Debit Card,0,0
TXN-100152,CUST-1458,20,Savings,Deposit,Entertainment,21.24,15477.05,15455.81,4,Berlin,Web Browser,Credit Card,0,0
TXN-100953,CUST-1332,54,Credit,Payment,Entertainment,366.55,13141.58,12775.03,5,Mumbai,Mobile App,UPI / Wallet,0,0
TXN-101042,CUST-1363,28,Savings,Deposit,Electronics,92.19,18589.29,18497.1,9,London,Web Browser,Credit Card,0,0
TXN-100239,CUST-1451,40,Credit,Deposit,Electronics,127.4,1276.77,1149.37,2,London,POS Terminal,Wire Transfer,0,0
TXN-101795,CUST-1439,37,Savings,Payment,Entertainment,278.67,8934.82,8656.15,13,London,POS Terminal,Debit Card,0,0
TXN-100449,CUST-1359,36,Credit,Payment,Entertainment,244.33,14474.02,14229.69,6,London,POS Terminal,UPI / Wallet,0,0
TXN-101969,CUST-1374,43,Savings,Payment,Electronics,223.36,12118.4,11895.04,3,London,POS Terminal,Wire Transfer,0,0
TXN-100043,CUST-1411,47,Savings,Payment,Electronics,222.85,5731.9,5509.05,12,London,POS Terminal,UPI / Wallet,0,0
TXN-100745,CUST-1465,25,Savings,Payment,Electronics,55.5,7051.7,6996.2,18,Berlin,Web Browser,Credit Card,0,0
TXN-101720,CUST-1321,28,Credit,Deposit,Entertainment,57.33,19645.73,19588.4,7,London,POS Terminal,Debit Card,0,0
TXN-101676,CUST-1334,23,Savings,Deposit,Entertainment,36.01,21320.49,21284.48,4,Berlin,Web Browser,Credit Card,0,0
TXN-101501,CUST-1400,41,Savings,Payment,Electronics,245.77,7040.62,6794.85,3,London,POS Terminal,Wire Transfer,1,0
TXN-100011,CUST-1456,34,Savings,Payment,Entertainment,208.86,4756.98,4548.12,16,London,POS Terminal,Debit Card,0,0
TXN-101204,CUST-1471,44,Savings,Payment,Electronics,141.12,2397.21,2256.09,18,London,POS Terminal,Debit Card,0,0
TXN-101770,CUST-1252,53,Credit,Deposit,Electronics,169.27,22924.34,22755.07,5,London,POS Terminal,Credit Card,0,0
TXN-101760,CUST-1332,47,Credit,Payment,Entertainment,267.99,8335.66,8067.67,3,London,Mobile App,Wire Transfer,0,0
TXN-100678,CUST-1469,36,Checking,Payment,Entertainment,116.78,3497.89,3381.11,15,Mumbai,POS Terminal,UPI / Wallet,0,0
TXN-101468,CUST-1498,18,Business,Deposit,Groceries,5.02,7441.73,7586.71,2,London,Web Browser,Credit Card,0,0
TXN-101101,CUST-1440,60,Credit,Deposit,Electronics,260.86,4201.15,3940.29,1,London,POS Terminal,Wire Transfer,1,0
TXN-100915,CUST-1475,32,Business,Deposit,Entertainment,75.96,6252.74,6176.78,6,Singapore,Web Browser,UPI / Wallet,0,0
TXN-101240,CUST-1429,46,Credit,Payment,Electronics,251.31,3673.0,3421.69,8,London,POS Terminal,Wire Transfer,0,0
TXN-101767,CUST-1468,30,Savings,Payment,Electronics,136.18,2897.86,2761.68,10,London,POS Terminal,UPI / Wallet,0,0
TXN-102233,CUST-1438,58,Checking,Deposit,Electronics,416.55,8976.41,8559.86,3,Mumbai,POS Terminal,Wire Transfer,1,0
TXN-101052,CUST-1440,23,Credit,Payment,Entertainment,33.84,7132.96,7099.12,7,London,Web Browser,UPI / Wallet,0,0
TXN-101658,CUST-1374,48,Savings,Payment,Electronics,286.73,11655.23,11518.5,13,London,POS Terminal,Debit Card,0,0
TXN-101350,CUST-1444,37,Savings,Payment,Entertainment,193.71,4348.3,4154.59,16,London,POS Terminal,Credit Card,0,0
TXN-100785,CUST-1472,34,Checking,Payment,Entertainment,191.16,4387.14,4195.98,11,Mumbai,POS Terminal,Wire Transfer,0,0
TXN-101218,CUST-1389,62,Credit,Deposit,Electronics,320.06,7365.76,7045.7,3,London,Mobile App,Wire Transfer,1,0
TXN-101470,CUST-1461,44,Savings,Payment,Electronics,283.88,4001.59,3717.71,14,London,POS Terminal,Debit Card,0,0
TXN-100049,CUST-1456,54,Credit,Payment,Electronics,180.46,1471.02,1440.56,3,London,Mobile App,Wire Transfer,1,0
TXN-101170,CUST-1307,45,Checking,Deposit,Entertainment,111.13,15461.22,15350.09,1,London,POS Terminal,Wire Transfer,0,0
TXN-101425,CUST-1261,49,Savings,Payment,Electronics,115.75,3663.17,3547.42,2,London,Mobile App,Wire Transfer,0,0
TXN-100246,CUST-1479,52,Checking,Deposit,Electronics,223.33,1241.05,1017.72,2,Mumbai,Mobile App,Wire Transfer,1,0
TXN-100510,CUST-1463,42,Savings,Deposit,Electronics,101.72,940.38,838.66,2,London,POS Terminal,Wire Transfer,1,0
TXN-101184,CUST-1223,37,Savings,Deposit,Entertainment,515.62,15562.76,15047.14,2,London,Mobile App,Wire Transfer,1,1
TXN-101663,CUST-1457,43,Credit,Deposit,Electronics,808.7,3506.72,2698.02,2,London,POS Terminal,Wire Transfer,1,1
TXN-100129,CUST-1391,48,Credit,Payment,Electronics,306.59,11125.88,10819.29,11,London,POS Terminal,Debit Card,0,0
TXN-102166,CUST-1443,21,Checking,Deposit,Groceries,20.26,10830.85,10960.59,4,Mumbai,Web Browser,UPI / Wallet,0,0
TXN-101759,CUST-1414,30,Savings,Payment,Entertainment,123.94,9931.31,9807.37,13,Mumbai,POS Terminal,Debit Card,0,0
TXN-100911,CUST-1478,19,Checking,Deposit,Electronics,5.21,24342.96,24337.75,2,London,Web Browser,Credit Card,0,0
TXN-100993,CUST-1407,50,Credit,Payment,Electronics,194.19,4583.21,4389.02,8,London,Mobile App,Wire Transfer,0,0
TXN-101027,CUST-1409,63,Savings,Payment,Electronics,321.42,8316.66,7995.24,12,Berlin,POS Terminal,Debit Card,0,0
TXN-100480,CUST-1420,35,Credit,Payment,Entertainment,241.28,7347.35,7106.07,6,London,POS Terminal,Wire Transfer,0,0
TXN-100705,CUST-1308,29,Credit,Deposit,Entertainment,68.85,19055.38,18986.53,2,London,POS Terminal,Wire Transfer,0,0
TXN-100701,CUST-1438,28,Savings,Payment,Electronics,78.1,15824.45,15896.35,12,Berlin,Web Browser,Credit Card,0,0
TXN-100363,CUST-1454,31,Savings,Payment,Electronics,76.73,814.05,737.32,2,London,POS Terminal,Wire Transfer,0,0
TXN-101869,CUST-1332,58,Savings,Payment,Electronics,193.95,7429.9,7235.95,6,London,Mobile App,UPI / Wallet,0,0
TXN-101711,CUST-1449,55,Credit,Payment,Electronics,255.49,4531.01,4275.52,12,London,POS Terminal,UPI / Wallet,0,0
TXN-100668,CUST-1307,32,Savings,Payment,Entertainment,227.93,10806.44,10578.51,5,London,Web Browser,UPI / Wallet,0,0
TXN-102035,CUST-1450,50,Credit,Deposit,Electronics,377.67,4598.43,4220.76,4,London,POS Terminal,Wire Transfer,1,0
TXN-100507,CUST-1432,20,Savings,Payment,Electronics,28.35,11012.34,10983.99,8,Berlin,Web Browser,Credit Card,0,0
TXN-100590,CUST-1479,19,Savings,Deposit,Electronics,12.85,15035.06,15022.21,4,Berlin,Web Browser,Credit Card,0,0
TXN-100922,CUST-1295,40,Credit,Deposit,Entertainment,118.71,22827.24,22858.53,4,London,POS Terminal,Debit Card,0,0
TXN-100670,CUST-1178,47,Savings,Payment,Electronics,162.21,14946.13,14783.92,3,London,Mobile App,Wire Transfer,0,0
TXN-101103,CUST-1460,24,Savings,Payment,Electronics,81.85,12019.74,11937.89,6,Berlin,Web Browser,Debit Card,0,0
TXN-101279,CUST-1464,19,Credit,Deposit,Entertainment,9.67,20860.43,20850.76,1,London,Web Browser,Credit Card,0,0
TXN-101728,CUST-1384,55,Credit,Payment,Electronics,370.79,9383.14,9012.35,10,London,Mobile App,UPI / Wallet,0,0
TXN-100987,CUST-1405,33,Savings,Payment,Electronics,168.07,3645.44,3477.37,2,London,POS Terminal,Wire Transfer,0,0
TXN-100955,CUST-1389,56,Savings,Payment,Electronics,1243.52,7724.91,6631.39,9,London,POS Terminal,Debit Card,1,1
TXN-101589,CUST-1204,22,Savings,Deposit,Entertainment,24.51,11972.64,11948.13,0,Berlin,Mobile App,Wire Transfer,0,0
TXN-101111,CUST-1397,23,Savings,Deposit,Groceries,23.99,8329.51,8305.52,8,London,POS Terminal,UPI / Wallet,0,0
TXN-100008,CUST-1385,22,Savings,Deposit,Electronics,43.91,22120.3,22076.39,2,Berlin,Web Browser,Debit Card,0,0
TXN-100883,CUST-1394,31,Checking,Deposit,Entertainment,41.82,23059.57,23017.75,3,New York,POS Terminal,Credit Card,0,0
TXN-101148,CUST-1490,19,Savings,Deposit,Entertainment,8.06,15094.93,15086.87,6,London,Web Browser,Credit Card,0,0
TXN-101451,CUST-1326,46,Credit,Payment,Entertainment,270.27,12570.84,12300.57,10,Mumbai,POS Terminal,UPI / Wallet,0,0
TXN-101351,CUST-1394,26,Savings,Payment,Entertainment,60.97,6512.07,6451.1,11,London,Mobile App,UPI / Wallet,0,0
TXN-100981,CUST-1479,19,Checking,Deposit,Entertainment,9.61,9268.08,9408.47,7,London,Web Browser,Debit Card,0,0
TXN-100581,CUST-1390,38,Savings,Payment,Entertainment,280.33,12265.72,11985.39,7,London,POS Terminal,UPI / Wallet,0,0
TXN-101474,CUST-1445,33,Credit,Payment,Entertainment,187.92,4330.72,4142.8,11,Mumbai,POS Terminal,Wire Transfer,0,0
TXN-100122,CUST-1463,27,Savings,Transfer,Entertainment,72.02,1900.02,1828.0,16,London,Web Browser,Debit Card,0,0
TXN-100145,CUST-1457,34,Checking,Payment,Entertainment,121.61,4732.88,4611.27,13,London,Web Browser,Debit Card,0,0
TXN-101936,CUST-1143,27,Savings,Deposit,Entertainment,45.16,22740.03,22694.87,0,Berlin,POS Terminal,Wire Transfer,0,0
TXN-100925,CUST-1463,48,Credit,Payment,Electronics,368.8,4058.84,3690.04,6,London,POS Terminal,Wire Transfer,1,0
TXN-101412,CUST-1496,18,Savings,Deposit,Entertainment,6.36,3214.54,3208.18,16,Berlin,Web Browser,Credit Card,0,0
TXN-101661,CUST-1476,19,Savings,Payment,Entertainment,6.52,1127.67,1121.15,5,Berlin,POS Terminal,Wire Transfer,0,0
TXN-101961,CUST-1463,53,Credit,Deposit,Electronics,192.65,1914.31,1721.66,3,London,POS Terminal,Wire Transfer,1,0
TXN-101890,CUST-1451,59,Checking,Deposit,Electronics,220.77,1941.34,1720.57,4,Mumbai,Mobile App,Wire Transfer,0,0
TXN-100451,CUST-1452,23,Savings,Payment,Entertainment,106.24,9257.97,9151.73,4,London,Web Browser,UPI / Wallet,0,0
TXN-102032,CUST-1471,53,Credit,Deposit,Electronics,225.23,1367.03,1141.8,3,London,Mobile App,Wire Transfer,1,0
TXN-100333,CUST-1497,18,Credit,Deposit,Entertainment,5.31,14564.05,14558.74,5,London,Web Browser,Credit Card,0,0
TXN-101595,CUST-1370,37,Credit,Deposit,Entertainment,189.39,18892.79,18703.4,12,Mumbai,POS Terminal,Credit Card,0,0
TXN-100364,CUST-1366,26,Credit,Deposit,Entertainment,16.07,22715.04,22698.97,7,London,POS Terminal,Credit Card,0,0
TXN-100880,CUST-1494,19,Savings,Payment,Entertainment,6.92,493.21,486.29,16,Berlin,Web Browser,Debit Card,0,0
TXN-100968,CUST-1476,26,Savings,Transfer,Electronics,52.01,1519.58,1467.57,17,London,POS Terminal,UPI / Wallet,0,0
TXN-101045,CUST-1350,34,Savings,Payment,Electronics,87.27,9619.33,9532.06,5,London,POS Terminal,Wire Transfer,0,0
TXN-100080,CUST-1451,23,Checking,Payment,Entertainment,43.1,5680.32,5637.22,7,Mumbai,Web Browser,UPI / Wallet,0,0
TXN-101971,CUST-1486,18,Credit,Deposit,Entertainment,5.22,12794.61,12939.39,2,London,Web Browser,Credit Card,0,0
TXN-100009,CUST-1495,19,Business,Deposit,Entertainment,6.48,1879.54,1873.06,14,Mumbai,Web Browser,Credit Card,0,0
TXN-100439,CUST-1437,58,Checking,Payment,Electronics,386.26,4256.89,3870.63,6,New York,Mobile App,Wire Transfer,1,0
TXN-102186,CUST-1452,20,Savings,Deposit,Entertainment,18.0,20673.8,20655.8,3,Berlin,Web Browser,Credit Card,0,0
TXN-101909,CUST-1486,19,Savings,Deposit,Entertainment,12.06,11030.6,11018.54,6,London,Web Browser,Credit Card,0,0
TXN-100456,CUST-1348,20,Savings,Deposit,Groceries,13.05,21215.75,21202.7,1,London,Web Browser,Debit Card,0,0
TXN-100075,CUST-1469,18,Savings,Deposit,Entertainment,6.24,20088.12,20081.88,0,Berlin,Web Browser,Debit Card,0,0
TXN-101028,CUST-1309,20,Savings,Deposit,Entertainment,382.68,20915.67,20532.99,3,Berlin,Web Browser,UPI / Wallet,1,1
TXN-100252,CUST-1335,57,Savings,Deposit,Electronics,125.46,2240.29,2114.83,1,London,Mobile App,Wire Transfer,0,0
TXN-100096,CUST-1450,28,Credit,Payment,Entertainment,195.55,7819.8,7624.25,7,London,Web Browser,Wire Transfer,0,0
TXN-100206,CUST-1394,57,Savings,Payment,Electronics,956.68,3936.63,2979.95,7,London,Mobile App,Wire Transfer,1,1
TXN-102136,CUST-1377,27,Savings,Deposit,Electronics,27.43,24457.41,24429.98,2,London,Web Browser,Credit Card,0,0
TXN-100224,CUST-1447,37,Savings,Payment,Electronics,301.86,6980.99,6679.13,8,London,POS Terminal,UPI / Wallet,0,0
TXN-101885,CUST-1469,58,Savings,Payment,Electronics,179.95,1624.2,1444.25,9,London,Mobile App,Wire Transfer,0,0
TXN-101187,CUST-1402,42,Business,Deposit,Entertainment,67.82,21198.77,21130.95,1,New York,POS Terminal,Debit Card,0,0
TXN-100916,CUST-1465,18,Savings,Deposit,Entertainment,7.48,16614.86,16607.38,7,London,Web Browser,Credit Card,0,0
TXN-101844,CUST-1494,18,Savings,Deposit,Entertainment,5.52,4747.77,4742.25,3,Berlin,Web Browser,Credit Card,0,0
TXN-100076,CUST-1463,43,Checking,Deposit,Electronics,42.97,1001.1,1108.13,5,Mumbai,Mobile App,Wire Transfer,0,0
TXN-100286,CUST-1419,22,Savings,Deposit,Electronics,62.87,18790.86,18727.99,1,Berlin,Web Browser,UPI / Wallet,0,0
TXN-102196,CUST-1392,27,Savings,Deposit,Electronics,56.34,22580.36,22524.02,3,London,Web Browser,Credit Card,0,0
TXN-101081,CUST-1464,46,Business,Deposit,Electronics,58.8,1990.35,1931.55,2,New York,Mobile App,Wire Transfer,0,0
TXN-102168,CUST-1316,44,Savings,Payment,Entertainment,230.21,8719.61,8489.4,7,London,Mobile App,UPI / Wallet,0,0
TXN-100298,CUST-1441,40,Checking,Deposit,Entertainment,317.27,7761.31,7444.04,5,Mumbai,POS Terminal,Wire Transfer,1,0
TXN-101872,CUST-1322,43,Credit,Deposit,Entertainment,162.35,17323.86,17161.51,1,London,POS Terminal,Wire Transfer,0,0
TXN-101150,CUST-1490,19,Savings,Payment,Entertainment,7.82,605.9,598.08,12,London,Web Browser,Debit Card,0,0
TXN-101284,CUST-1442,27,Checking,Deposit,Entertainment,91.63,11645.42,11553.79,11,Mumbai,Web Browser,Debit Card,0,0
TXN-100452,CUST-1458,30,Savings,Payment,Electronics,131.94,2765.8,2633.86,14,London,POS Terminal,UPI / Wallet,0,0
TXN-101173,CUST-1461,19,Savings,Deposit,Entertainment,8.57,20086.77,20078.2,5,London,Web Browser,Credit Card,0,0
TXN-100386,CUST-1496,18,Savings,Deposit,Entertainment,5.07,13884.23,13879.16,1,Berlin,Web Browser,Credit Card,0,0
TXN-101075,CUST-1427,52,Checking,Deposit,Electronics,381.08,10112.17,9731.09,4,Mumbai,POS Terminal,Wire Transfer,1,0
TXN-102106,CUST-1434,49,Business,Deposit,Entertainment,67.91,4993.28,4925.37,3,New York,POS Terminal,UPI / Wallet,0,0
TXN-102223,CUST-1351,25,Checking,Deposit,Entertainment,41.74,22765.71,22723.97,1,Mumbai,POS Terminal,Debit Card,0,0
TXN-101687,CUST-1461,49,Credit,Payment,Electronics,227.66,2062.86,1835.2,3,London,Mobile App,Wire Transfer,1,0
TXN-101554,CUST-1451,20,Savings,Payment,Entertainment,28.27,5271.48,5243.21,9,London,Web Browser,Debit Card,0,0
TXN-101775,CUST-1378,34,Savings,Deposit,Electronics,88.7,18200.49,18111.79,14,London,POS Terminal,Credit Card,0,0
TXN-100992,CUST-1445,24,Savings,Payment,Electronics,70.39,12754.94,12834.55,5,London,Web Browser,Debit Card,0,0
TXN-101600,CUST-1370,28,Savings,Deposit,Electronics,128.34,18587.81,18459.47,2,London,Web Browser,UPI / Wallet,0,0
TXN-100283,CUST-1476,43,Savings,Payment,Electronics,107.93,953.9,845.97,10,London,POS Terminal,Wire Transfer,0,0
TXN-101032,CUST-1244,30,Savings,Deposit,Entertainment,99.56,17119.36,17169.8,1,Berlin,POS Terminal,Wire Transfer,0,0
TXN-101031,CUST-1494,18,Checking,Deposit,Entertainment,5.53,6371.93,6366.4,2,New York,Web Browser,Credit Card,0,0
TXN-100111,CUST-1484,20,Business,Deposit,Entertainment,8.62,7767.27,7758.65,6,Mumbai,Web Browser,Debit Card,0,0
TXN-100055,CUST-1299,32,Savings,Payment,Entertainment,112.2,7372.17,7259.97,2,London,Mobile App,Wire Transfer,0,0
TXN-101924,CUST-1473,18,Credit,Deposit,Groceries,6.43,16861.86,17005.43,1,London,Web Browser,Debit Card,0,0
TXN-100549,CUST-1409,49,Savings,Payment,Electronics,366.38,6887.48,6521.1,13,London,POS Terminal,Debit Card,0,0
TXN-100488,CUST-1288,39,Credit,Deposit,Electronics,71.05,23808.86,23737.81,4,Mumbai,POS Terminal,Debit Card,0,0
TXN-100316,CUST-1468,36,Checking,Deposit,Entertainment,177.3,7557.77,7380.47,10,Mumbai,Web Browser,UPI / Wallet,0,0
TXN-101907,CUST-1494,18,Savings,Deposit,Entertainment,5.11,15180.38,15175.27,3,Berlin,Web Browser,Credit Card,0,0
TXN-102160,CUST-1489,20,Business,Deposit,Groceries,16.01,5588.08,5572.07,12,New York,Web Browser,Credit Card,0,0
TXN-101244,CUST-1454,18,Savings,Payment,Entertainment,10.17,1515.01,1504.84,3,Berlin,Web Browser,Wire Transfer,0,0
TXN-100306,CUST-1410,35,Checking,Deposit,Entertainment,199.99,15687.68,15487.69,9,Mumbai,POS Terminal,Debit Card,0,0
TXN-101516,CUST-1177,32,Savings,Deposit,Entertainment,94.1,18719.68,18775.58,1,Berlin,POS Terminal,Wire Transfer,0,0
TXN-101374,CUST-1386,51,Checking,Deposit,Entertainment,217.12,15753.97,15536.85,11,Mumbai,POS Terminal,Credit Card,0,0
TXN-100940,CUST-1475,20,Savings,Deposit,Entertainment,23.33,12789.88,12766.55,6,Berlin,Web Browser,Credit Card,0,0
TXN-100209,CUST-1405,20,Savings,Deposit,Electronics,16.08,24107.99,24091.91,2,Berlin,Web Browser,Credit Card,0,0
TXN-101094,CUST-1282,32,Credit,Deposit,Entertainment,47.51,6386.0,6338.49,0,London,POS Terminal,Wire Transfer,0,0
TXN-101051,CUST-1491,18,Checking,Deposit,Groceries,314.35,3053.67,2739.32,6,Mumbai,Web Browser,Credit Card,1,1
TXN-101287,CUST-1452,19,Savings,Payment,Entertainment,16.95,2653.58,2636.63,7,Berlin,Web Browser,UPI / Wallet,0,0
TXN-101010,CUST-1309,66,Credit,Deposit,Electronics,327.11,13220.73,12893.62,3,London,Mobile App,UPI / Wallet,0,0
TXN-100558,CUST-1486,19,Business,Deposit,Groceries,6.15,2397.76,2391.61,0,New York,Web Browser,Wire Transfer,0,0
TXN-101145,CUST-1458,30,Savings,Payment,Electronics,163.59,3561.4,3397.81,14,London,POS Terminal,UPI / Wallet,0,0
TXN-100373,CUST-1424,19,Savings,Deposit,Entertainment,9.9,19657.66,19647.76,5,London,POS Terminal,Credit Card,0,0
TXN-100255,CUST-1387,69,Credit,Deposit,Electronics,308.22,7398.86,7090.64,4,London,Mobile App,UPI / Wallet,0,0
TXN-101682,CUST-1474,21,Savings,Payment,Entertainment,42.18,3524.33,3482.15,16,London,Web Browser,Credit Card,0,0
TXN-101320,CUST-1361,20,Savings,Payment,Entertainment,34.94,16350.99,16316.05,2,Berlin,Web Browser,UPI / Wallet,0,0
TXN-101854,CUST-1435,33,Savings,Payment,Electronics,157.41,6011.24,5853.83,10,Berlin,Web Browser,Debit Card,0,0
TXN-101464,CUST-1354,48,Credit,Payment,Entertainment,257.51,10828.25,10570.74,5,Mumbai,POS Terminal,Wire Transfer,0,0
TXN-100453,CUST-1403,42,Checking,Deposit,Entertainment,123.64,12411.44,12287.8,10,New York,POS Terminal,Debit Card,0,0
TXN-100125,CUST-1447,35,Savings,Payment,Entertainment,94.0,3638.56,3544.56,15,London,POS Terminal,Debit Card,0,0
TXN-100387,CUST-1439,42,Savings,Payment,Electronics,343.13,4687.77,4344.64,7,London,POS Terminal,UPI / Wallet,0,0
TXN-101294,CUST-1453,28,Savings,Payment,Electronics,591.53,6412.46,5820.93,6,London,Web Browser,UPI / Wallet,1,1
TXN-102071,CUST-1432,45,Savings,Payment,Electronics,229.13,2499.37,2270.24,5,London,POS Terminal,Wire Transfer,0,0
TXN-100762,CUST-1371,19,Savings,Deposit,Entertainment,7.92,21694.97,21687.05,0,Berlin,Web Browser,Debit Card,0,0
TXN-101322,CUST-1324,32,Savings,Deposit,Electronics,78.9,22718.3,22789.4,9,London,POS Terminal,Credit Card,0,0
TXN-102101,CUST-1492,20,Business,Deposit,Entertainment,8.05,1225.19,1217.14,12,Mumbai,POS Terminal,Debit Card,0,0
TXN-101026,CUST-1304,32,Savings,Deposit,Entertainment,85.75,19280.48,19194.73,0,Berlin,Web Browser,Wire Transfer,0,0
TXN-101850,CUST-1435,20,Credit,Deposit,Electronics,8.99,24436.5,24427.51,1,Mumbai,Web Browser,Credit Card,0,0
TXN-100575,CUST-1423,37,Credit,Deposit,Entertainment,71.49,8894.8,8823.31,16,Mumbai,POS Terminal,Credit Card,0,0
TXN-102173,CUST-1475,42,Business,Deposit,Entertainment,124.06,2173.3,2049.24,1,New York,Web Browser,Wire Transfer,0,0
TXN-100918,CUST-1201,42,Savings,Payment,Entertainment,144.53,15445.03,15300.5,4,London,Mobile App,Wire Transfer,0,0
TXN-101277,CUST-1364,64,Checking,Deposit,Electronics,263.04,11081.76,10818.72,1,Mumbai,Mobile App,Wire Transfer,0,0
TXN-101623,CUST-1495,19,Business,Deposit,Entertainment,6.62,3269.41,3412.79,13,London,Web Browser,Credit Card,0,0
TXN-100929,CUST-1408,39,Savings,Payment,Entertainment,206.22,10977.19,10770.97,12,London,POS Terminal,Credit Card,0,0
TXN-100951,CUST-1449,26,Savings,Payment,Entertainment,117.57,5387.88,5270.31,9,London,Web Browser,UPI / Wallet,0,0
TXN-100810,CUST-1461,34,Savings,Payment,Electronics,188.28,5916.7,5728.42,4,London,Web Browser,Wire Transfer,1,0
TXN-102177,CUST-1497,18,Business,Deposit,Entertainment,5.08,887.9,882.82,3,Mumbai,Web Browser,Debit Card,0,0
TXN-100138,CUST-1369,21,Savings,Payment,Electronics,33.39,15974.87,15941.48,6,Berlin,Web Browser,Credit Card,0,0
TXN-100661,CUST-1445,60,Checking,Payment,Electronics,431.34,5168.44,4737.1,6,New York,Mobile App,Wire Transfer,1,0
TXN-100535,CUST-1444,23,Savings,Payment,Electronics,79.34,10507.59,10428.25,4,Berlin,Web Browser,Debit Card,0,0
TXN-101833,CUST-1398,43,Credit,Deposit,Electronics,179.19,9177.74,8998.55,2,London,POS Terminal,Wire Transfer,1,0
TXN-101172,CUST-1392,48,Savings,Payment,Electronics,358.99,7791.94,7432.95,9,London,POS Terminal,UPI / Wallet,0,0
TXN-101091,CUST-1439,53,Checking,Deposit,Electronics,195.06,3218.01,3022.95,2,Mumbai,Mobile App,Wire Transfer,1,0
TXN-100824,CUST-1451,20,Savings,Deposit,Electronics,19.2,22302.53,22283.33,1,London,Web Browser,Debit Card,0,0
TXN-101315,CUST-1431,24,Savings,Deposit,Electronics,39.87,23081.38,23041.51,3,Berlin,Web Browser,Credit Card,0,0
TXN-101491,CUST-1497,18,Credit,Deposit,Entertainment,5.13,14626.28,14621.15,6,London,Web Browser,Credit Card,0,0
TXN-102015,CUST-1449,35,Savings,Payment,Electronics,156.26,2262.47,2106.21,14,London,POS Terminal,UPI / Wallet,0,0
TXN-101141,CUST-1470,20,Checking,Payment,Entertainment,15.08,1805.78,1790.7,5,Mumbai,POS Terminal,Wire Transfer,0,0
TXN-100077,CUST-1444,27,Savings,Deposit,Entertainment,136.01,8083.17,7947.16,8,London,Web Browser,UPI / Wallet,0,0
TXN-101108,CUST-1469,25,Savings,Payment,Electronics,105.14,3042.94,2937.8,15,Berlin,Web Browser,Debit Card,0,0
TXN-100215,CUST-1403,51,Checking,Payment,Entertainment,317.15,6430.53,6113.38,4,Mumbai,POS Terminal,Wire Transfer,0,0
TXN-100623,CUST-1328,32,Savings,Payment,Entertainment,135.21,6536.15,6400.94,1,London,Web Browser,Wire Transfer,0,0
TXN-101369,CUST-1331,48,Savings,Payment,Electronics,190.23,10976.66,10786.43,11,London,Mobile App,Debit Card,0,0
TXN-102120,CUST-1444,26,Checking,Payment,Groceries,53.72,2512.25,2458.53,6,Mumbai,POS Terminal,Wire Transfer,0,0
TXN-101216,CUST-1421,43,Credit,Deposit,Electronics,224.42,3954.88,3730.46,3,Mumbai,Mobile App,Wire Transfer,1,0
TXN-101234,CUST-1352,38,Credit,Deposit,Entertainment,218.74,16982.34,16763.6,6,London,POS Terminal,UPI / Wallet,0,0
TXN-101424,CUST-1494,18,Savings,Deposit,Entertainment,6.43,9852.43,9846.0,6,Berlin,Web Browser,Credit Card,0,0
TXN-101388,CUST-1288,62,Checking,Deposit,Entertainment,151.42,13100.82,12949.4,2,London,POS Terminal,Wire Transfer,0,0
TXN-100739,CUST-1362,20,Savings,Deposit,Entertainment,8.02,24202.19,24194.17,1,Berlin,Web Browser,Credit Card,0,0
TXN-101604,CUST-1482,23,Credit,Deposit,Entertainment,26.2,9047.73,9021.53,16,London,Web Browser,Credit Card,0,0
TXN-101071,CUST-1498,18,Checking,Deposit,Entertainment,5.78,1119.38,1113.6,18,London,Web Browser,Credit Card,0,0
TXN-100281,CUST-1478,57,Credit,Deposit,Electronics,222.42,1940.62,1718.2,1,London,POS Terminal,Wire Transfer,1,0
TXN-100384,CUST-1486,19,Savings,Deposit,Entertainment,7.85,11587.77,11579.92,8,Berlin,Web Browser,Credit Card,0,0
TXN-101935,CUST-1447,18,Savings,Deposit,Electronics,6.08,23526.06,23519.98,1,Berlin,Web Browser,Credit Card,0,0
TXN-102193,CUST-1450,52,Checking,Payment,Electronics,191.39,1329.7,1138.31,4,Mumbai,Mobile App,Wire Transfer,0,0
TXN-101570,CUST-1434,41,Credit,Deposit,Entertainment,962.6,6062.79,5100.19,5,Mumbai,POS Terminal,Wire Transfer,1,1
TXN-102276,CUST-1421,38,Checking,Payment,Entertainment,171.94,7155.07,6983.13,6,Mumbai,POS Terminal,Wire Transfer,0,0
TXN-101124,CUST-1354,24,Savings,Payment,Entertainment,43.8,14446.54,14402.74,7,London,Web Browser,Debit Card,0,0
TXN-101056,CUST-1333,25,Savings,Deposit,Entertainment,80.44,10429.08,10348.64,1,Berlin,Web Browser,Wire Transfer,0,0
TXN-101550,CUST-1439,24,Savings,Payment,Electronics,61.8,10013.46,9951.66,10,Berlin,Web Browser,Credit Card,0,0
TXN-100717,CUST-1448,51,Checking,Payment,Entertainment,255.97,5055.78,4799.81,14,Mumbai,Mobile App,UPI / Wallet,0,0
TXN-101871,CUST-1489,21,Business,Deposit,Entertainment,6.07,11465.33,11459.26,8,London,Web Browser,Credit Card,0,0
TXN-100840,CUST-1460,38,Credit,Payment,Electronics,140.55,1820.8,1680.25,10,London,POS Terminal,Wire Transfer,0,0
TXN-101750,CUST-1476,21,Business,Deposit,Groceries,13.7,2539.88,2526.18,6,New York,POS Terminal,Wire Transfer,0,0
TXN-100194,CUST-1481,31,Business,Deposit,Electronics,40.38,381.45,341.07,1,New York,Web Browser,Wire Transfer,0,0
TXN-100018,CUST-1311,41,Savings,Payment,Entertainment,232.41,8266.54,8034.13,4,London,Mobile App,Wire Transfer,0,0
TXN-101527,CUST-1225,43,Credit,Payment,Entertainment,266.63,17342.56,17075.93,4,London,Mobile App,UPI / Wallet,0,0
TXN-100710,CUST-1490,47,Business,Deposit,Electronics,216.7,1381.66,1164.96,1,New York,POS Terminal,Wire Transfer,1,0
TXN-100691,CUST-1398,36,Savings,Payment,Entertainment,275.93,9780.43,9504.5,8,London,Web Browser,Debit Card,0,0
TXN-100244,CUST-1448,19,Savings,Deposit,Entertainment,12.75,20939.44,20926.69,1,Berlin,Web Browser,Credit Card,0,0
TXN-101074,CUST-1481,19,Savings,Deposit,Entertainment,8.79,7812.39,7803.6,8,Berlin,Web Browser,Credit Card,0,0
TXN-100595,CUST-1414,41,Credit,Payment,Entertainment,225.74,3122.6,2896.86,5,Mumbai,Mobile App,Wire Transfer,0,0
TXN-101409,CUST-1491,18,Savings,Deposit,Electronics,6.24,17055.35,17049.11,8,Berlin,Web Browser,Credit Card,0,0
TXN-101837,CUST-1330,57,Credit,Payment,Electronics,324.74,12040.4,11715.66,7,London,Mobile App,UPI / Wallet,0,0
TXN-101536,CUST-1470,19,Savings,Payment,Electronics,10.53,8481.96,8471.43,6,Berlin,Web Browser,Credit Card,0,0
TXN-101447,CUST-1422,56,Credit,Payment,Electronics,154.26,2225.76,2071.5,3,London,Mobile App,Wire Transfer,0,0
TXN-100715,CUST-1450,42,Savings,Payment,Electronics,219.75,2453.81,2234.06,10,London,POS Terminal,Wire Transfer,0,0
TXN-101174,CUST-1373,41,Savings,Deposit,Electronics,119.45,17297.14,17177.69,11,London,Web Browser,Credit Card,0,0
TXN-100647,CUST-1444,41,Credit,Payment,Electronics,230.74,3384.82,3154.08,9,London,Mobile App,Wire Transfer,0,0
TXN-100496,CUST-1360,28,Savings,Payment,Entertainment,101.61,12239.31,12137.7,4,London,POS Terminal,UPI / Wallet,0,0
TXN-100612,CUST-1233,25,Savings,Deposit,Entertainment,45.0,6266.4,6221.4,1,Berlin,Mobile App,Wire Transfer,0,0
TXN-101809,CUST-1476,26,Credit,Payment,Entertainment,76.66,2707.45,2630.79,19,London,Web Browser,Debit Card,0,0
TXN-100240,CUST-1381,68,Business,Deposit,Electronics,291.48,15011.37,14719.89,4,New York,Mobile App,UPI / Wallet,0,0
TXN-100979,CUST-1473,28,Savings,Payment,Electronics,120.59,2329.27,2208.68,12,London,POS Terminal,Wire Transfer,0,0
TXN-102204,CUST-1490,19,Credit,Payment,Entertainment,7.4,395.45,388.05,11,London,Web Browser,UPI / Wallet,0,0
TXN-102229,CUST-1322,35,Credit,Deposit,Entertainment,90.19,5538.78,5448.59,2,Mumbai,ATM,Wire Transfer,0,0
TXN-101573,CUST-1403,43,Credit,Payment,Entertainment,290.82,7849.63,7558.81,8,Mumbai,POS Terminal,UPI / Wallet,0,0
TXN-101562,CUST-1392,38,Savings,Payment,Entertainment,262.44,3923.7,3661.26,3,London,POS Terminal,Wire Transfer,0,0
TXN-101169,CUST-1323,50,Savings,Payment,Electronics,260.05,10862.83,10602.78,4,London,POS Terminal,UPI / Wallet,0,0
TXN-100789,CUST-1450,61,Checking,Deposit,Electronics,358.22,5200.98,4842.76,4,Mumbai,Mobile App,Wire Transfer,1,0
TXN-100730,CUST-1328,31,Savings,Payment,Entertainment,175.38,16527.05,16351.67,4,London,POS Terminal,UPI / Wallet,0,0
TXN-101856,CUST-1427,53,Credit,Deposit,Electronics,416.51,7023.48,6756.97,6,Mumbai,POS Terminal,UPI / Wallet,1,0
TXN-100791,CUST-1455,20,Savings,Payment,Entertainment,329.75,1921.96,1592.21,4,Berlin,Web Browser,Wire Transfer,1,1
TXN-102098,CUST-1457,47,Savings,Payment,Electronics,265.07,3179.24,2914.17,10,London,Mobile App,UPI / Wallet,0,0
TXN-100520,CUST-1415,41,Credit,Payment,Entertainment,269.88,6724.3,6454.42,6,London,POS Terminal,Wire Transfer,1,0
TXN-100856,CUST-1212,40,Savings,Payment,Electronics,110.56,15158.83,15048.27,5,Berlin,POS Terminal,Debit Card,0,0
TXN-102268,CUST-1425,24,Savings,Payment,Electronics,92.12,12864.78,12772.66,2,Berlin,Web Browser,UPI / Wallet,0,0
TXN-101974,CUST-1345,39,Savings,Payment,Entertainment,206.22,12573.66,12367.44,5,London,POS Terminal,UPI / Wallet,0,0
TXN-102283,CUST-1450,29,Savings,Payment,Electronics,155.07,5739.59,5584.52,9,London,Web Browser,Debit Card,0,0
TXN-102114,CUST-1481,20,Savings,Deposit,Entertainment,12.68,12062.86,12050.18,12,Berlin,Web Browser,Credit Card,0,0
TXN-101858,CUST-1349,35,Savings,Deposit,Electronics,131.58,13049.93,12918.35,2,London,POS Terminal,Wire Transfer,0,0
TXN-100303,CUST-1439,35,Savings,Payment,Electronics,206.08,7511.45,7305.37,7,London,POS Terminal,UPI / Wallet,0,0
TXN-100839,CUST-1350,30,Savings,Deposit,Entertainment,47.58,22024.08,21976.5,11,London,POS Terminal,Credit Card,0,0
TXN-102005,CUST-1359,49,Checking,Payment,Entertainment,233.89,8761.1,8527.21,3,Mumbai,POS Terminal,Wire Transfer,0,0
TXN-101530,CUST-1449,22,Savings,Deposit,Electronics,39.13,15357.14,15318.01,10,Berlin,Web Browser,Credit Card,0,0
TXN-100030,CUST-1372,42,Credit,Deposit,Electronics,258.7,15277.6,15018.9,4,Mumbai,POS Terminal,UPI / Wallet,1,0
TXN-101033,CUST-1466,50,Credit,Deposit,Electronics,395.51,4746.66,4351.15,5,Mumbai,POS Terminal,Wire Transfer,1,0
TXN-101348,CUST-1466,45,Savings,Payment,Electronics,311.85,3891.33,3579.48,11,Berlin,POS Terminal,UPI / Wallet,0,0
TXN-101553,CUST-1415,24,Savings,Payment,Entertainment,51.53,7868.18,7816.65,8,London,POS Terminal,UPI / Wallet,0,0
TXN-102055,CUST-1436,42,Credit,Payment,Electronics,242.05,3797.96,3555.91,8,London,POS Terminal,Wire Transfer,0,0
TXN-101788,CUST-1485,21,Business,Deposit,Entertainment,14.5,4428.76,4414.26,5,New York,Web Browser,UPI / Wallet,0,0
TXN-101761,CUST-1394,50,Credit,Payment,Entertainment,350.71,9396.53,9045.82,8,Mumbai,POS Terminal,UPI / Wallet,1,0
TXN-101235,CUST-1407,44,Checking,Deposit,Electronics,90.78,6011.33,5920.55,8,London,Mobile App,Wire Transfer,0,0
TXN-100291,CUST-1487,23,Savings,Transfer,Electronics,37.97,920.95,882.98,17,Berlin,Web Browser,Credit Card,0,0
TXN-100334,CUST-1481,19,Savings,Payment,Electronics,29.48,8502.68,8473.2,6,London,Web Browser,Credit Card,0,0
TXN-101206,CUST-1490,22,Business,Deposit,Entertainment,21.07,772.67,751.6,12,Singapore,Web Browser,UPI / Wallet,0,0
TXN-102247,CUST-1464,19,Savings,Payment,Entertainment,9.0,4682.4,4673.4,5,London,Web Browser,Debit Card,0,0
TXN-101959,CUST-1455,26,Savings,Payment,Electronics,38.74,10909.91,10871.17,17,London,Web Browser,Credit Card,0,0
TXN-101297,CUST-1469,23,Business,Deposit,Entertainment,345.5,6823.79,6478.29,3,Singapore,POS Terminal,UPI / Wallet,1,1
TXN-102262,CUST-1464,21,Savings,Deposit,Electronics,28.96,18418.29,18389.33,11,Berlin,Web Browser,Credit Card,0,0
TXN-100276,CUST-1477,21,Savings,Payment,Entertainment,29.69,3952.53,3922.84,16,London,Web Browser,Debit Card,0,0
TXN-101532,CUST-1461,19,Savings,Deposit,Entertainment,9.26,19681.66,19672.4,2,Berlin,Web Browser,Credit Card,0,0
TXN-101199,CUST-1437,50,Savings,Payment,Electronics,265.36,5170.81,4905.45,13,Berlin,POS Terminal,Debit Card,0,0
TXN-100195,CUST-1445,38,Checking,Payment,Entertainment,256.41,7929.92,7673.51,9,Mumbai,POS Terminal,UPI / Wallet,0,0
TXN-100801,CUST-1442,37,Savings,Payment,Electronics,90.37,2052.58,1962.21,11,London,Mobile App,UPI / Wallet,0,0
TXN-100998,CUST-1422,52,Credit,Payment,Electronics,186.29,3765.66,3579.37,7,London,Mobile App,Wire Transfer,0,0
TXN-100656,CUST-1250,35,Savings,Deposit,Entertainment,115.2,10766.23,10651.03,1,London,Mobile App,Wire Transfer,0,0
TXN-100351,CUST-1237,56,Savings,Deposit,Electronics,255.23,17423.99,17168.76,11,London,Mobile App,Debit Card,0,0
TXN-100312,CUST-1396,47,Credit,Payment,Entertainment,184.34,9911.43,9727.09,16,London,POS Terminal,Credit Card,0,0
TXN-101300,CUST-1479,18,Savings,Deposit,Groceries,6.44,1743.53,1737.09,7,Berlin,Web Browser,Debit Card,0,0
TXN-100655,CUST-1382,21,Savings,Deposit,Entertainment,15.06,22759.69,22744.63,4,London,Web Browser,Credit Card,0,0
TXN-100382,CUST-1271,32,Savings,Payment,Entertainment,53.99,11294.39,11240.4,3,London,Mobile App,Wire Transfer,0,0
TXN-101239,CUST-1376,33,Savings,Payment,Entertainment,209.71,15907.98,15698.27,4,London,Web Browser,UPI / Wallet,0,0
TXN-101545,CUST-1468,19,Savings,Deposit,Entertainment,7.22,5841.23,5834.01,6,London,Web Browser,Credit Card,0,0
TXN-101934,CUST-1446,64,Credit,Payment,Electronics,299.93,4932.29,4632.36,11,Mumbai,Mobile App,UPI / Wallet,0,0
TXN-100353,CUST-1355,20,Savings,Deposit,Entertainment,11.92,9178.45,9166.53,1,Berlin,Web Browser,Wire Transfer,0,0
TXN-101383,CUST-1494,19,Savings,Payment,Entertainment,12.31,7894.85,7882.54,17,Berlin,Web Browser,Credit Card,0,0
TXN-101205,CUST-1364,49,Credit,Payment,Electronics,211.88,3385.62,3173.74,2,Mumbai,Mobile App,Wire Transfer,0,0
TXN-101420,CUST-1429,37,Savings,Payment,Electronics,229.81,9143.02,9063.21,8,London,POS Terminal,Debit Card,0,0
TXN-101012,CUST-1361,49,Credit,Payment,Entertainment,289.76,7863.95,7574.19,6,London,POS Terminal,Wire Transfer,0,0
TXN-102095,CUST-1462,22,Savings,Payment,Entertainment,50.69,3709.27,3658.58,10,London,Web Browser,UPI / Wallet,0,0
TXN-101057,CUST-1451,51,Credit,Payment,Entertainment,364.92,3884.86,3519.94,5,Mumbai,POS Terminal,Wire Transfer,1,0
TXN-101582,CUST-1378,27,Savings,Payment,Entertainment,107.67,3659.76,3552.09,3,London,POS Terminal,Wire Transfer,0,0
TXN-100474,CUST-1380,21,Savings,Deposit,Electronics,398.38,23476.34,23077.96,1,Berlin,Web Browser,UPI / Wallet,1,1
TXN-101615,CUST-1477,19,Credit,Payment,Entertainment,15.59,4606.0,4590.41,8,London,Web Browser,Debit Card,0,0
TXN-102028,CUST-1446,40,Business,Deposit,Entertainment,102.03,4004.46,3902.43,4,Singapore,POS Terminal,Wire Transfer,0,0
TXN-101228,CUST-1404,30,Credit,Payment,Groceries,83.92,9160.34,9076.42,5,Mumbai,POS Terminal,Wire Transfer,0,0
TXN-100468,CUST-1374,60,Savings,Payment,Electronics,228.91,4057.96,3829.05,3,London,Mobile App,Wire Transfer,0,0
TXN-102290,CUST-1470,19,Credit,Deposit,Entertainment,9.41,18933.71,18924.3,3,London,Web Browser,Credit Card,0,0
TXN-102280,CUST-1424,20,Savings,Deposit,Entertainment,28.05,20655.92,20627.87,1,Berlin,Web Browser,Debit Card,0,0
TXN-100826,CUST-1452,25,Savings,Payment,Electronics,53.77,4918.36,4864.59,18,Berlin,Web Browser,Credit Card,0,0
TXN-101496,CUST-1407,47,Savings,Payment,Electronics,946.07,6986.35,6040.28,12,London,POS Terminal,Debit Card,1,1
TXN-100758,CUST-1470,35,Credit,Payment,Electronics,100.8,1344.74,1243.94,13,London,POS Terminal,Wire Transfer,0,0
TXN-100314,CUST-1473,18,Savings,Deposit,Electronics,5.33,21352.27,21346.94,3,Berlin,Web Browser,Credit Card,0,0
TXN-100485,CUST-1433,39,Savings,Payment,Electronics,238.56,9054.64,8816.08,9,Berlin,POS Terminal,Debit Card,0,0
TXN-100054,CUST-1268,46,Savings,Deposit,Electronics,180.96,16526.11,16345.15,1,London,POS Terminal,Wire Transfer,0,0
TXN-102023,CUST-1414,22,Credit,Payment,Entertainment,43.78,6187.94,6144.16,4,Mumbai,POS Terminal,UPI / Wallet,0,0
TXN-102282,CUST-1402,43,Savings,Payment,Electronics,148.55,4428.75,4280.2,10,London,Mobile App,UPI / Wallet,0,0
TXN-100388,CUST-1382,22,Savings,Payment,Entertainment,24.87,3296.55,3421.68,8,Berlin,POS Terminal,UPI / Wallet,0,0
TXN-101189,CUST-1497,18,Savings,Deposit,Entertainment,5.4,1607.0,1601.6,17,Berlin,Web Browser,Credit Card,0,0
TXN-100692,CUST-1479,28,Business,Deposit,Entertainment,30.43,1866.56,1986.13,3,Tokyo,POS Terminal,UPI / Wallet,0,0
TXN-101251,CUST-1440,61,Credit,Deposit,Electronics,286.23,4604.6,4468.37,3,London,Mobile App,Wire Transfer,1,0
TXN-100123,CUST-1438,47,Credit,Payment,Electronics,196.08,2018.25,1822.17,3,London,Mobile App,Wire Transfer,0,0
