WireTransferID,OriginatingCountry,BeneficiaryCountry,Currency,TransferAmount,SenderAccountType,KYC_VerificationLevel,PEP_Status,SanctionsScreeningResult,TransactionsInLast24h,StructuringRiskIndex,AML_SuspiciousActivityFlag
SWIFT_00000001,SG,CY,EUR,241096.26,INDIVIDUAL_SAVINGS,TIER_1_STANDARD,NO,CLEAR,1,0.47,0
SWIFT_00000002,CH,US,USD,197592.78,CORPORATE_CURRENT,TIER_2_ENHANCED,NO,CLEAR,10,0.23,0
SWIFT_00000003,SG,GB,SGD,103858.54,OFFSHORE_TRUST,TIER_3_SIMPLIFIED,NO,CLEAR,15,0.69,0
SWIFT_00000004,SG,HK,EUR,232628.82,CORPORATE_CURRENT,TIER_2_ENHANCED,NO,CLEAR,3,0.38,0
SWIFT_00000005,GB,RU,INR,28776.12,CORPORATE_CURRENT,TIER_3_SIMPLIFIED,YES,CLEAR,14,0.26,1
SWIFT_00000006,KY,SG,SGD,77603.49,ESCROW,TIER_3_SIMPLIFIED,NO,CLEAR,1,0.41,1
SWIFT_00000007,GB,SG,GBP,102055.29,OFFSHORE_TRUST,TIER_3_SIMPLIFIED,NO,POTENTIAL_SANCTION_MATCH,1,0.92,1
SWIFT_00000008,SG,VG,EUR,31647.36,ESCROW,TIER_1_STANDARD,NO,CLEAR,15,0.72,0
SWIFT_00000009,SG,HK,GBP,170551.29,OFFSHORE_TRUST,TIER_1_STANDARD,YES,CLEAR,13,0.14,1
SWIFT_00000010,US,HK,SGD,177685.52,OFFSHORE_TRUST,TIER_2_ENHANCED,YES,CLEAR,8,0.55,1
SWIFT_00000011,CH,RU,USD,38107.90,CORPORATE_CURRENT,TIER_2_ENHANCED,NO,CLEAR,6,0.76,0
SWIFT_00000012,SG,RU,GBP,18468.72,ESCROW,TIER_2_ENHANCED,YES,POTENTIAL_SANCTION_MATCH,2,0.21,1
SWIFT_00000013,SG,CY,INR,54985.41,ESCROW,TIER_3_SIMPLIFIED,YES,CLEAR,1,0.50,1
SWIFT_00000014,PA,AE,USD,84526.16,OFFSHORE_TRUST,TIER_2_ENHANCED,NO,CLEAR,11,0.91,1
SWIFT_00000015,GB,US,USD,46365.48,ESCROW,TIER_2_ENHANCED,YES,CLEAR,9,0.88,1
SWIFT_00000016,AE,IN,AED,8325.62,ESCROW,TIER_2_ENHANCED,YES,CLEAR,13,0.41,1
SWIFT_00000017,DE,CY,INR,112940.14,OFFSHORE_TRUST,TIER_3_SIMPLIFIED,NO,CLEAR,7,0.82,0
SWIFT_00000018,IN,IN,AED,203593.07,OFFSHORE_TRUST,TIER_3_SIMPLIFIED,NO,CLEAR,10,0.69,0
SWIFT_00000019,CH,AE,SGD,45502.63,CORPORATE_CURRENT,TIER_3_SIMPLIFIED,NO,CLEAR,10,0.16,0
SWIFT_00000020,US,GB,EUR,34097.32,ESCROW,TIER_3_SIMPLIFIED,NO,POTENTIAL_SANCTION_MATCH,3,0.65,1
SWIFT_00000021,US,GB,GBP,70538.17,ESCROW,TIER_2_ENHANCED,NO,CLEAR,14,0.80,0
SWIFT_00000022,US,VG,GBP,210844.84,INDIVIDUAL_SAVINGS,TIER_1_STANDARD,NO,CLEAR,10,0.03,1
SWIFT_00000023,US,GB,INR,241609.32,ESCROW,TIER_3_SIMPLIFIED,NO,CLEAR,8,0.74,0
SWIFT_00000024,US,US,EUR,85838.97,ESCROW,TIER_3_SIMPLIFIED,NO,CLEAR,3,0.86,0
SWIFT_00000025,PA,CY,GBP,215776.11,INDIVIDUAL_SAVINGS,TIER_3_SIMPLIFIED,NO,CLEAR,11,0.36,1
SWIFT_00000026,AE,RU,EUR,61166.72,OFFSHORE_TRUST,TIER_1_STANDARD,YES,POTENTIAL_SANCTION_MATCH,3,0.16,1
SWIFT_00000027,AE,VG,AED,219417.33,CORPORATE_CURRENT,TIER_2_ENHANCED,YES,CLEAR,14,0.04,1
SWIFT_00000028,KY,SG,USD,142317.40,OFFSHORE_TRUST,TIER_1_STANDARD,NO,CLEAR,15,0.23,1
SWIFT_00000029,GB,AE,INR,107789.91,ESCROW,TIER_1_STANDARD,NO,POTENTIAL_SANCTION_MATCH,14,0.69,1
SWIFT_00000030,AE,CY,INR,60686.22,CORPORATE_CURRENT,TIER_2_ENHANCED,YES,POTENTIAL_SANCTION_MATCH,7,0.14,1
SWIFT_00000031,IN,GB,EUR,31214.17,CORPORATE_CURRENT,TIER_1_STANDARD,NO,CLEAR,3,0.73,0
SWIFT_00000032,US,RU,AED,47748.38,ESCROW,TIER_2_ENHANCED,YES,POTENTIAL_SANCTION_MATCH,5,0.80,1
SWIFT_00000033,GB,CY,USD,97842.79,CORPORATE_CURRENT,TIER_1_STANDARD,NO,CLEAR,10,0.03,0
SWIFT_00000034,DE,US,AED,175364.26,ESCROW,TIER_1_STANDARD,YES,POTENTIAL_SANCTION_MATCH,12,0.27,1
SWIFT_00000035,IN,US,GBP,180709.35,CORPORATE_CURRENT,TIER_3_SIMPLIFIED,NO,CLEAR,11,0.70,0
SWIFT_00000036,KY,GB,EUR,235504.63,OFFSHORE_TRUST,TIER_3_SIMPLIFIED,NO,CLEAR,12,0.63,1
SWIFT_00000037,DE,GB,AED,229006.26,CORPORATE_CURRENT,TIER_3_SIMPLIFIED,NO,POTENTIAL_SANCTION_MATCH,15,0.42,1
SWIFT_00000038,US,RU,USD,245015.13,ESCROW,TIER_1_STANDARD,NO,CLEAR,8,0.16,1
SWIFT_00000039,GB,HK,SGD,113356.43,CORPORATE_CURRENT,TIER_3_SIMPLIFIED,NO,CLEAR,11,0.34,0
SWIFT_00000040,US,US,GBP,21621.13,ESCROW,TIER_1_STANDARD,NO,CLEAR,9,1.00,0
SWIFT_00000041,GB,IN,USD,101935.17,INDIVIDUAL_SAVINGS,TIER_2_ENHANCED,YES,POTENTIAL_SANCTION_MATCH,15,0.03,1
SWIFT_00000042,KY,US,INR,174178.94,ESCROW,TIER_3_SIMPLIFIED,YES,CLEAR,2,0.68,1
SWIFT_00000043,KY,SG,AED,208789.61,CORPORATE_CURRENT,TIER_2_ENHANCED,NO,POTENTIAL_SANCTION_MATCH,9,0.75,1
SWIFT_00000044,IN,US,INR,194892.34,OFFSHORE_TRUST,TIER_3_SIMPLIFIED,NO,CLEAR,12,0.90,1
SWIFT_00000045,SG,AE,GBP,232730.01,CORPORATE_CURRENT,TIER_3_SIMPLIFIED,NO,CLEAR,13,0.60,1
SWIFT_00000046,CH,IN,AED,54325.86,ESCROW,TIER_1_STANDARD,NO,POTENTIAL_SANCTION_MATCH,12,0.51,1
SWIFT_00000047,SG,VG,GBP,74820.68,CORPORATE_CURRENT,TIER_1_STANDARD,NO,POTENTIAL_SANCTION_MATCH,12,0.66,1
SWIFT_00000048,PA,IN,USD,124368.33,OFFSHORE_TRUST,TIER_1_STANDARD,NO,CLEAR,3,0.39,1
SWIFT_00000049,IN,VG,EUR,172575.98,OFFSHORE_TRUST,TIER_1_STANDARD,NO,POTENTIAL_SANCTION_MATCH,7,0.52,1
SWIFT_00000050,US,HK,USD,123183.32,ESCROW,TIER_1_STANDARD,NO,CLEAR,14,0.82,0
SWIFT_00000051,KY,SG,GBP,86512.06,ESCROW,TIER_3_SIMPLIFIED,NO,CLEAR,11,0.82,1
SWIFT_00000052,IN,SG,SGD,197958.51,INDIVIDUAL_SAVINGS,TIER_3_SIMPLIFIED,NO,CLEAR,14,0.12,1
SWIFT_00000053,KY,HK,AED,73378.61,ESCROW,TIER_2_ENHANCED,YES,CLEAR,5,0.91,1
SWIFT_00000054,KY,GB,GBP,158717.21,INDIVIDUAL_SAVINGS,TIER_1_STANDARD,NO,CLEAR,9,0.98,1
SWIFT_00000055,CH,SG,USD,211185.88,CORPORATE_CURRENT,TIER_1_STANDARD,NO,CLEAR,9,0.02,0
SWIFT_00000056,AE,CY,USD,212802.89,OFFSHORE_TRUST,TIER_1_STANDARD,NO,POTENTIAL_SANCTION_MATCH,10,0.70,1
SWIFT_00000057,KY,SG,EUR,13881.68,OFFSHORE_TRUST,TIER_2_ENHANCED,NO,POTENTIAL_SANCTION_MATCH,3,0.71,1
SWIFT_00000058,GB,RU,AED,249888.33,CORPORATE_CURRENT,TIER_3_SIMPLIFIED,NO,CLEAR,5,0.04,1
SWIFT_00000059,AE,GB,INR,235476.06,INDIVIDUAL_SAVINGS,TIER_3_SIMPLIFIED,NO,POTENTIAL_SANCTION_MATCH,7,0.13,1
SWIFT_00000060,AE,VG,GBP,152164.15,CORPORATE_CURRENT,TIER_1_STANDARD,NO,POTENTIAL_SANCTION_MATCH,7,0.12,1
SWIFT_00000061,IN,CY,AED,12587.50,CORPORATE_CURRENT,TIER_1_STANDARD,NO,CLEAR,9,0.79,0
SWIFT_00000062,DE,RU,INR,5795.37,CORPORATE_CURRENT,TIER_3_SIMPLIFIED,YES,POTENTIAL_SANCTION_MATCH,9,1.00,1
SWIFT_00000063,IN,SG,INR,13515.86,INDIVIDUAL_SAVINGS,TIER_1_STANDARD,NO,POTENTIAL_SANCTION_MATCH,13,0.86,1
SWIFT_00000064,SG,AE,GBP,143334.53,OFFSHORE_TRUST,TIER_3_SIMPLIFIED,NO,POTENTIAL_SANCTION_MATCH,2,0.48,1
SWIFT_00000065,DE,AE,USD,237166.53,INDIVIDUAL_SAVINGS,TIER_1_STANDARD,NO,CLEAR,6,0.05,0
SWIFT_00000066,CH,GB,AED,192415.23,OFFSHORE_TRUST,TIER_2_ENHANCED,NO,CLEAR,6,0.77,1
SWIFT_00000067,GB,US,EUR,6361.81,CORPORATE_CURRENT,TIER_3_SIMPLIFIED,YES,POTENTIAL_SANCTION_MATCH,5,0.20,1
SWIFT_00000068,DE,CY,USD,29949.51,INDIVIDUAL_SAVINGS,TIER_1_STANDARD,NO,CLEAR,2,0.70,0
SWIFT_00000069,PA,US,SGD,143238.04,OFFSHORE_TRUST,TIER_3_SIMPLIFIED,NO,CLEAR,4,0.91,1
SWIFT_00000070,GB,HK,GBP,111748.74,ESCROW,TIER_1_STANDARD,NO,POTENTIAL_SANCTION_MATCH,5,0.11,1
SWIFT_00000071,CH,VG,INR,50264.26,OFFSHORE_TRUST,TIER_3_SIMPLIFIED,NO,CLEAR,11,0.85,0
SWIFT_00000072,DE,RU,SGD,193424.51,INDIVIDUAL_SAVINGS,TIER_1_STANDARD,NO,CLEAR,1,0.61,0
SWIFT_00000073,GB,SG,AED,20308.35,CORPORATE_CURRENT,TIER_1_STANDARD,NO,CLEAR,4,0.78,0
SWIFT_00000074,KY,GB,EUR,89332.60,CORPORATE_CURRENT,TIER_1_STANDARD,NO,CLEAR,13,0.85,1
SWIFT_00000075,GB,VG,GBP,224334.91,OFFSHORE_TRUST,TIER_1_STANDARD,YES,POTENTIAL_SANCTION_MATCH,5,0.93,1
SWIFT_00000076,KY,IN,SGD,17355.63,INDIVIDUAL_SAVINGS,TIER_2_ENHANCED,NO,CLEAR,11,0.60,1
SWIFT_00000077,CH,AE,GBP,93122.97,INDIVIDUAL_SAVINGS,TIER_1_STANDARD,NO,CLEAR,10,0.21,0
SWIFT_00000078,US,US,AED,230357.81,CORPORATE_CURRENT,TIER_3_SIMPLIFIED,NO,CLEAR,3,0.19,1
SWIFT_00000079,PA,CY,EUR,99261.65,INDIVIDUAL_SAVINGS,TIER_3_SIMPLIFIED,YES,POTENTIAL_SANCTION_MATCH,13,0.33,1
SWIFT_00000080,AE,US,GBP,168984.47,ESCROW,TIER_1_STANDARD,NO,CLEAR,7,0.81,1
SWIFT_00000081,IN,GB,AED,121763.83,INDIVIDUAL_SAVINGS,TIER_2_ENHANCED,YES,POTENTIAL_SANCTION_MATCH,14,0.63,1
SWIFT_00000082,US,RU,USD,131846.87,CORPORATE_CURRENT,TIER_2_ENHANCED,NO,CLEAR,13,0.22,0
SWIFT_00000083,CH,VG,SGD,105119.19,CORPORATE_CURRENT,TIER_1_STANDARD,NO,POTENTIAL_SANCTION_MATCH,4,0.98,1
SWIFT_00000084,AE,IN,AED,83255.29,INDIVIDUAL_SAVINGS,TIER_2_ENHANCED,NO,CLEAR,7,0.16,0
SWIFT_00000085,DE,GB,SGD,5323.04,OFFSHORE_TRUST,TIER_3_SIMPLIFIED,NO,CLEAR,7,0.25,0
SWIFT_00000086,KY,RU,USD,226050.40,OFFSHORE_TRUST,TIER_1_STANDARD,NO,CLEAR,13,0.33,1
SWIFT_00000087,IN,SG,GBP,112032.94,CORPORATE_CURRENT,TIER_1_STANDARD,NO,CLEAR,6,0.44,0
SWIFT_00000088,SG,US,EUR,210085.78,INDIVIDUAL_SAVINGS,TIER_2_ENHANCED,NO,CLEAR,12,0.27,1
SWIFT_00000089,AE,IN,EUR,8611.44,INDIVIDUAL_SAVINGS,TIER_1_STANDARD,NO,CLEAR,5,0.35,0
SWIFT_00000090,SG,US,AED,76691.47,ESCROW,TIER_3_SIMPLIFIED,NO,CLEAR,10,0.34,0
SWIFT_00000091,KY,CY,USD,66251.64,ESCROW,TIER_3_SIMPLIFIED,YES,CLEAR,2,0.57,1
SWIFT_00000092,KY,IN,SGD,3257.11,INDIVIDUAL_SAVINGS,TIER_2_ENHANCED,NO,POTENTIAL_SANCTION_MATCH,4,0.74,1
SWIFT_00000093,US,GB,USD,31140.23,ESCROW,TIER_3_SIMPLIFIED,NO,CLEAR,15,0.53,0
SWIFT_00000094,AE,GB,INR,18504.34,CORPORATE_CURRENT,TIER_2_ENHANCED,YES,CLEAR,9,0.57,1
SWIFT_00000095,US,GB,EUR,12464.75,CORPORATE_CURRENT,TIER_3_SIMPLIFIED,NO,CLEAR,9,0.54,0
SWIFT_00000096,PA,RU,USD,235409.25,OFFSHORE_TRUST,TIER_2_ENHANCED,NO,CLEAR,7,0.39,1
SWIFT_00000097,PA,IN,AED,243850.80,CORPORATE_CURRENT,TIER_3_SIMPLIFIED,NO,CLEAR,12,0.54,1
SWIFT_00000098,DE,US,AED,237875.43,ESCROW,TIER_1_STANDARD,YES,CLEAR,4,0.57,1
SWIFT_00000099,CH,SG,AED,153231.58,CORPORATE_CURRENT,TIER_3_SIMPLIFIED,NO,CLEAR,3,0.95,0
SWIFT_00000100,KY,RU,INR,16066.04,CORPORATE_CURRENT,TIER_2_ENHANCED,NO,CLEAR,6,0.48,1
SWIFT_00000101,GB,US,USD,29111.50,CORPORATE_CURRENT,TIER_3_SIMPLIFIED,NO,CLEAR,11,0.57,0
SWIFT_00000102,PA,HK,AED,45208.23,ESCROW,TIER_1_STANDARD,NO,POTENTIAL_SANCTION_MATCH,5,0.31,1
SWIFT_00000103,KY,GB,INR,70353.32,OFFSHORE_TRUST,TIER_2_ENHANCED,NO,CLEAR,3,0.86,1
SWIFT_00000104,CH,HK,USD,149148.34,ESCROW,TIER_2_ENHANCED,YES,CLEAR,10,0.05,1
SWIFT_00000105,DE,AE,AED,169688.03,OFFSHORE_TRUST,TIER_1_STANDARD,NO,CLEAR,2,0.95,0
SWIFT_00000106,PA,HK,GBP,128956.91,OFFSHORE_TRUST,TIER_2_ENHANCED,NO,CLEAR,11,0.73,1
SWIFT_00000107,US,RU,USD,121940.03,CORPORATE_CURRENT,TIER_2_ENHANCED,NO,POTENTIAL_SANCTION_MATCH,14,0.79,1
SWIFT_00000108,US,IN,GBP,239299.45,CORPORATE_CURRENT,TIER_2_ENHANCED,NO,CLEAR,6,0.35,1
SWIFT_00000109,CH,GB,INR,28577.37,ESCROW,TIER_2_ENHANCED,NO,CLEAR,3,0.45,0
SWIFT_00000110,SG,US,INR,68909.69,OFFSHORE_TRUST,TIER_1_STANDARD,NO,CLEAR,13,0.34,0
SWIFT_00000111,GB,HK,AED,158098.75,CORPORATE_CURRENT,TIER_3_SIMPLIFIED,NO,CLEAR,3,0.57,0
SWIFT_00000112,CH,RU,EUR,103044.23,ESCROW,TIER_3_SIMPLIFIED,NO,POTENTIAL_SANCTION_MATCH,4,0.65,1
SWIFT_00000113,PA,HK,SGD,60713.71,INDIVIDUAL_SAVINGS,TIER_2_ENHANCED,NO,POTENTIAL_SANCTION_MATCH,1,0.88,1
SWIFT_00000114,AE,GB,INR,59692.38,OFFSHORE_TRUST,TIER_2_ENHANCED,NO,CLEAR,11,0.64,0
SWIFT_00000115,PA,SG,EUR,213013.73,INDIVIDUAL_SAVINGS,TIER_2_ENHANCED,NO,CLEAR,9,0.83,1
SWIFT_00000116,US,SG,AED,208111.50,INDIVIDUAL_SAVINGS,TIER_3_SIMPLIFIED,NO,POTENTIAL_SANCTION_MATCH,11,0.63,1
SWIFT_00000117,KY,GB,USD,220272.46,ESCROW,TIER_2_ENHANCED,NO,CLEAR,14,0.46,1
SWIFT_00000118,DE,SG,SGD,208463.27,CORPORATE_CURRENT,TIER_3_SIMPLIFIED,NO,POTENTIAL_SANCTION_MATCH,8,0.33,1
SWIFT_00000119,DE,IN,GBP,246172.44,OFFSHORE_TRUST,TIER_3_SIMPLIFIED,NO,POTENTIAL_SANCTION_MATCH,14,0.66,1
SWIFT_00000120,AE,HK,AED,224405.62,INDIVIDUAL_SAVINGS,TIER_3_SIMPLIFIED,NO,CLEAR,9,0.49,1
SWIFT_00000121,PA,CY,EUR,233090.11,CORPORATE_CURRENT,TIER_2_ENHANCED,NO,CLEAR,13,0.69,1
SWIFT_00000122,IN,GB,INR,35354.15,ESCROW,TIER_2_ENHANCED,NO,POTENTIAL_SANCTION_MATCH,12,0.17,1
SWIFT_00000123,CH,IN,EUR,210128.09,ESCROW,TIER_2_ENHANCED,NO,CLEAR,13,0.12,0
SWIFT_00000124,PA,CY,AED,134762.03,ESCROW,TIER_1_STANDARD,NO,CLEAR,1,0.28,1
SWIFT_00000125,CH,GB,USD,9034.00,ESCROW,TIER_3_SIMPLIFIED,NO,CLEAR,1,0.64,0
SWIFT_00000126,IN,AE,SGD,74110.50,ESCROW,TIER_2_ENHANCED,NO,CLEAR,6,0.81,0
SWIFT_00000127,SG,HK,GBP,7412.46,INDIVIDUAL_SAVINGS,TIER_3_SIMPLIFIED,NO,CLEAR,8,0.12,0
SWIFT_00000128,US,CY,AED,106033.82,OFFSHORE_TRUST,TIER_3_SIMPLIFIED,NO,CLEAR,5,0.04,0
SWIFT_00000129,SG,IN,INR,141215.58,CORPORATE_CURRENT,TIER_1_STANDARD,NO,CLEAR,3,0.34,1
SWIFT_00000130,AE,IN,INR,173147.09,CORPORATE_CURRENT,TIER_1_STANDARD,YES,CLEAR,10,0.99,1
SWIFT_00000131,DE,VG,GBP,234361.99,OFFSHORE_TRUST,TIER_3_SIMPLIFIED,NO,CLEAR,9,0.89,1
SWIFT_00000132,CH,AE,USD,30255.51,ESCROW,TIER_1_STANDARD,NO,POTENTIAL_SANCTION_MATCH,15,0.84,1
SWIFT_00000133,PA,SG,GBP,39714.58,ESCROW,TIER_3_SIMPLIFIED,YES,CLEAR,14,0.29,1
SWIFT_00000134,AE,HK,INR,159851.24,CORPORATE_CURRENT,TIER_1_STANDARD,NO,POTENTIAL_SANCTION_MATCH,15,0.13,1
SWIFT_00000135,GB,US,EUR,216337.59,INDIVIDUAL_SAVINGS,TIER_2_ENHANCED,NO,CLEAR,5,0.94,0
SWIFT_00000136,KY,GB,SGD,34423.64,CORPORATE_CURRENT,TIER_3_SIMPLIFIED,NO,CLEAR,15,0.44,1
SWIFT_00000137,SG,HK,USD,130821.05,INDIVIDUAL_SAVINGS,TIER_2_ENHANCED,YES,CLEAR,15,0.77,1
SWIFT_00000138,PA,VG,USD,70313.55,OFFSHORE_TRUST,TIER_1_STANDARD,NO,CLEAR,12,0.43,1
SWIFT_00000139,DE,AE,INR,230380.60,INDIVIDUAL_SAVINGS,TIER_3_SIMPLIFIED,NO,CLEAR,5,0.62,0
SWIFT_00000140,IN,VG,GBP,46127.77,ESCROW,TIER_3_SIMPLIFIED,NO,CLEAR,13,0.22,0
SWIFT_00000141,KY,IN,SGD,121741.71,CORPORATE_CURRENT,TIER_1_STANDARD,NO,POTENTIAL_SANCTION_MATCH,4,0.29,1
SWIFT_00000142,US,RU,GBP,138176.30,INDIVIDUAL_SAVINGS,TIER_3_SIMPLIFIED,YES,CLEAR,13,0.86,1
SWIFT_00000143,AE,AE,EUR,25889.25,INDIVIDUAL_SAVINGS,TIER_3_SIMPLIFIED,YES,CLEAR,12,0.18,1
SWIFT_00000144,DE,HK,GBP,135903.80,ESCROW,TIER_3_SIMPLIFIED,NO,CLEAR,12,0.21,0
SWIFT_00000145,US,US,AED,194119.12,CORPORATE_CURRENT,TIER_3_SIMPLIFIED,NO,CLEAR,9,0.52,0
SWIFT_00000146,AE,IN,EUR,230222.10,CORPORATE_CURRENT,TIER_2_ENHANCED,NO,CLEAR,5,0.62,0
SWIFT_00000147,US,AE,USD,151754.39,OFFSHORE_TRUST,TIER_3_SIMPLIFIED,NO,CLEAR,2,0.14,1
SWIFT_00000148,SG,IN,SGD,26910.64,ESCROW,TIER_1_STANDARD,YES,CLEAR,2,0.92,1
SWIFT_00000149,SG,VG,INR,234336.52,OFFSHORE_TRUST,TIER_2_ENHANCED,NO,POTENTIAL_SANCTION_MATCH,3,0.92,1
SWIFT_00000150,IN,VG,GBP,243019.55,ESCROW,TIER_3_SIMPLIFIED,NO,CLEAR,10,0.84,1
SWIFT_00000151,AE,RU,USD,47890.21,OFFSHORE_TRUST,TIER_2_ENHANCED,YES,CLEAR,11,0.90,1
SWIFT_00000152,PA,CY,USD,789.89,ESCROW,TIER_2_ENHANCED,NO,POTENTIAL_SANCTION_MATCH,5,0.32,1
SWIFT_00000153,US,CY,SGD,99733.94,OFFSHORE_TRUST,TIER_2_ENHANCED,NO,POTENTIAL_SANCTION_MATCH,6,0.82,1
SWIFT_00000154,PA,SG,SGD,2890.54,OFFSHORE_TRUST,TIER_2_ENHANCED,YES,CLEAR,7,0.41,1
SWIFT_00000155,GB,IN,GBP,72866.05,OFFSHORE_TRUST,TIER_2_ENHANCED,NO,CLEAR,12,0.57,0
SWIFT_00000156,GB,CY,SGD,205795.98,INDIVIDUAL_SAVINGS,TIER_2_ENHANCED,NO,CLEAR,15,0.23,0
SWIFT_00000157,CH,CY,AED,249850.67,ESCROW,TIER_1_STANDARD,NO,CLEAR,5,0.76,0
SWIFT_00000158,PA,IN,INR,224495.68,ESCROW,TIER_2_ENHANCED,NO,POTENTIAL_SANCTION_MATCH,2,0.95,1
SWIFT_00000159,DE,HK,GBP,153942.20,INDIVIDUAL_SAVINGS,TIER_2_ENHANCED,NO,POTENTIAL_SANCTION_MATCH,9,0.15,1
SWIFT_00000160,US,VG,AED,160872.00,OFFSHORE_TRUST,TIER_1_STANDARD,NO,POTENTIAL_SANCTION_MATCH,3,0.34,1
SWIFT_00000161,KY,SG,SGD,31643.41,INDIVIDUAL_SAVINGS,TIER_3_SIMPLIFIED,NO,CLEAR,6,0.75,1
SWIFT_00000162,PA,AE,EUR,239661.32,CORPORATE_CURRENT,TIER_1_STANDARD,YES,CLEAR,6,0.74,1
SWIFT_00000163,US,CY,INR,92538.53,ESCROW,TIER_1_STANDARD,NO,CLEAR,3,0.16,0
SWIFT_00000164,US,IN,INR,52852.53,CORPORATE_CURRENT,TIER_1_STANDARD,YES,CLEAR,13,0.40,1
SWIFT_00000165,IN,SG,EUR,188350.68,ESCROW,TIER_3_SIMPLIFIED,NO,CLEAR,2,0.10,0
SWIFT_00000166,GB,IN,GBP,83447.19,ESCROW,TIER_3_SIMPLIFIED,NO,CLEAR,11,0.05,0
SWIFT_00000167,AE,GB,EUR,53360.47,ESCROW,TIER_1_STANDARD,NO,CLEAR,11,0.91,0
SWIFT_00000168,GB,HK,GBP,159025.81,CORPORATE_CURRENT,TIER_1_STANDARD,NO,CLEAR,13,0.24,0
SWIFT_00000169,IN,HK,EUR,50616.93,CORPORATE_CURRENT,TIER_3_SIMPLIFIED,NO,CLEAR,14,0.90,0
SWIFT_00000170,AE,HK,AED,167805.00,CORPORATE_CURRENT,TIER_1_STANDARD,NO,POTENTIAL_SANCTION_MATCH,1,0.38,1
SWIFT_00000171,KY,GB,INR,76792.45,INDIVIDUAL_SAVINGS,TIER_1_STANDARD,NO,CLEAR,6,0.21,1
SWIFT_00000172,AE,GB,USD,76357.52,ESCROW,TIER_3_SIMPLIFIED,YES,CLEAR,13,0.39,1
SWIFT_00000173,GB,SG,AED,2992.06,INDIVIDUAL_SAVINGS,TIER_1_STANDARD,NO,CLEAR,15,0.13,0
SWIFT_00000174,DE,AE,SGD,178827.02,ESCROW,TIER_3_SIMPLIFIED,NO,CLEAR,8,0.14,0
SWIFT_00000175,US,GB,EUR,49411.85,INDIVIDUAL_SAVINGS,TIER_1_STANDARD,NO,CLEAR,2,0.90,0
SWIFT_00000176,KY,VG,USD,25071.20,ESCROW,TIER_3_SIMPLIFIED,NO,POTENTIAL_SANCTION_MATCH,15,0.86,1
SWIFT_00000177,GB,US,INR,233059.29,CORPORATE_CURRENT,TIER_2_ENHANCED,NO,CLEAR,12,0.23,1
SWIFT_00000178,GB,US,USD,246459.26,INDIVIDUAL_SAVINGS,TIER_3_SIMPLIFIED,YES,POTENTIAL_SANCTION_MATCH,15,0.22,1
SWIFT_00000179,CH,US,USD,2493.37,INDIVIDUAL_SAVINGS,TIER_1_STANDARD,NO,CLEAR,13,0.61,0
SWIFT_00000180,SG,US,AED,83294.74,ESCROW,TIER_3_SIMPLIFIED,NO,CLEAR,15,0.05,0
SWIFT_00000181,GB,AE,INR,234523.58,ESCROW,TIER_3_SIMPLIFIED,YES,POTENTIAL_SANCTION_MATCH,2,0.60,1
SWIFT_00000182,US,IN,GBP,127333.04,ESCROW,TIER_1_STANDARD,NO,POTENTIAL_SANCTION_MATCH,9,0.33,1
SWIFT_00000183,KY,AE,AED,87653.93,ESCROW,TIER_2_ENHANCED,NO,POTENTIAL_SANCTION_MATCH,2,0.82,1
SWIFT_00000184,GB,US,EUR,129498.47,OFFSHORE_TRUST,TIER_3_SIMPLIFIED,NO,CLEAR,8,0.55,1
SWIFT_00000185,KY,RU,INR,226188.52,ESCROW,TIER_3_SIMPLIFIED,NO,CLEAR,7,0.70,1
SWIFT_00000186,GB,SG,INR,19306.31,CORPORATE_CURRENT,TIER_2_ENHANCED,NO,POTENTIAL_SANCTION_MATCH,14,0.10,1
SWIFT_00000187,GB,VG,EUR,59898.08,ESCROW,TIER_1_STANDARD,YES,POTENTIAL_SANCTION_MATCH,3,0.74,1
SWIFT_00000188,GB,RU,EUR,227062.03,ESCROW,TIER_1_STANDARD,NO,CLEAR,8,0.98,1
SWIFT_00000189,KY,IN,USD,18486.32,CORPORATE_CURRENT,TIER_2_ENHANCED,NO,POTENTIAL_SANCTION_MATCH,3,0.28,1
SWIFT_00000190,PA,GB,INR,44625.50,CORPORATE_CURRENT,TIER_3_SIMPLIFIED,NO,CLEAR,7,0.11,1
SWIFT_00000191,GB,CY,GBP,166479.89,CORPORATE_CURRENT,TIER_1_STANDARD,NO,POTENTIAL_SANCTION_MATCH,3,0.39,1
SWIFT_00000192,KY,IN,AED,107277.76,OFFSHORE_TRUST,TIER_1_STANDARD,NO,CLEAR,3,0.39,1
SWIFT_00000193,GB,RU,SGD,131218.10,OFFSHORE_TRUST,TIER_1_STANDARD,NO,CLEAR,6,0.26,0
SWIFT_00000194,US,GB,INR,192209.80,INDIVIDUAL_SAVINGS,TIER_1_STANDARD,NO,CLEAR,4,0.18,0
SWIFT_00000195,KY,HK,SGD,201877.51,ESCROW,TIER_3_SIMPLIFIED,NO,CLEAR,1,0.97,1
SWIFT_00000196,US,IN,GBP,97567.94,OFFSHORE_TRUST,TIER_1_STANDARD,NO,POTENTIAL_SANCTION_MATCH,8,0.99,1
SWIFT_00000197,CH,AE,INR,196286.80,INDIVIDUAL_SAVINGS,TIER_2_ENHANCED,NO,POTENTIAL_SANCTION_MATCH,2,0.91,1
SWIFT_00000198,GB,GB,EUR,10856.96,INDIVIDUAL_SAVINGS,TIER_1_STANDARD,NO,CLEAR,5,0.51,0
SWIFT_00000199,GB,CY,GBP,237891.82,CORPORATE_CURRENT,TIER_2_ENHANCED,NO,POTENTIAL_SANCTION_MATCH,11,0.51,1
SWIFT_00000200,DE,SG,EUR,37804.61,ESCROW,TIER_1_STANDARD,NO,CLEAR,15,0.87,0
SWIFT_00000201,SG,US,GBP,50460.57,CORPORATE_CURRENT,TIER_3_SIMPLIFIED,NO,CLEAR,11,0.61,0
SWIFT_00000202,GB,VG,EUR,138334.98,INDIVIDUAL_SAVINGS,TIER_1_STANDARD,NO,CLEAR,14,0.72,0
SWIFT_00000203,DE,IN,AED,79822.72,CORPORATE_CURRENT,TIER_1_STANDARD,NO,CLEAR,1,0.43,0
SWIFT_00000204,US,RU,EUR,232743.83,ESCROW,TIER_2_ENHANCED,NO,CLEAR,1,0.76,1
SWIFT_00000205,PA,CY,INR,86405.17,OFFSHORE_TRUST,TIER_3_SIMPLIFIED,NO,CLEAR,3,0.47,1
SWIFT_00000206,GB,RU,GBP,174091.36,ESCROW,TIER_2_ENHANCED,YES,CLEAR,7,0.79,1
SWIFT_00000207,IN,AE,GBP,1012.28,OFFSHORE_TRUST,TIER_3_SIMPLIFIED,YES,CLEAR,4,0.89,1
SWIFT_00000208,PA,RU,EUR,142533.60,OFFSHORE_TRUST,TIER_1_STANDARD,YES,CLEAR,4,0.16,1
SWIFT_00000209,DE,AE,USD,224306.97,OFFSHORE_TRUST,TIER_1_STANDARD,NO,CLEAR,2,0.34,0
SWIFT_00000210,KY,HK,AED,111816.23,ESCROW,TIER_3_SIMPLIFIED,NO,CLEAR,3,0.79,1
SWIFT_00000211,SG,RU,GBP,69847.28,ESCROW,TIER_1_STANDARD,YES,POTENTIAL_SANCTION_MATCH,11,0.50,1
SWIFT_00000212,AE,CY,AED,123662.00,ESCROW,TIER_2_ENHANCED,YES,CLEAR,10,0.61,1
SWIFT_00000213,PA,HK,INR,76397.17,INDIVIDUAL_SAVINGS,TIER_1_STANDARD,NO,CLEAR,11,0.34,1
SWIFT_00000214,US,AE,GBP,124445.90,CORPORATE_CURRENT,TIER_2_ENHANCED,NO,POTENTIAL_SANCTION_MATCH,12,0.40,1
SWIFT_00000215,DE,VG,INR,33775.44,ESCROW,TIER_2_ENHANCED,NO,CLEAR,1,0.38,0
SWIFT_00000216,CH,GB,USD,120092.55,CORPORATE_CURRENT,TIER_3_SIMPLIFIED,NO,CLEAR,4,0.01,1
SWIFT_00000217,GB,CY,GBP,10041.87,CORPORATE_CURRENT,TIER_1_STANDARD,NO,CLEAR,3,0.40,0
SWIFT_00000218,DE,US,INR,30857.96,CORPORATE_CURRENT,TIER_2_ENHANCED,YES,CLEAR,15,0.46,1
SWIFT_00000219,CH,CY,INR,245224.54,ESCROW,TIER_1_STANDARD,NO,CLEAR,1,0.40,1
SWIFT_00000220,PA,AE,GBP,198346.98,CORPORATE_CURRENT,TIER_1_STANDARD,YES,CLEAR,4,0.47,1
SWIFT_00000221,AE,VG,EUR,46900.90,OFFSHORE_TRUST,TIER_1_STANDARD,NO,CLEAR,8,0.64,0
SWIFT_00000222,CH,HK,EUR,137527.28,INDIVIDUAL_SAVINGS,TIER_1_STANDARD,YES,CLEAR,8,0.86,1
SWIFT_00000223,CH,HK,INR,28820.72,INDIVIDUAL_SAVINGS,TIER_1_STANDARD,NO,CLEAR,8,0.16,0
SWIFT_00000224,CH,IN,AED,120582.75,INDIVIDUAL_SAVINGS,TIER_3_SIMPLIFIED,YES,CLEAR,8,0.30,1
SWIFT_00000225,DE,AE,GBP,198227.38,INDIVIDUAL_SAVINGS,TIER_3_SIMPLIFIED,NO,CLEAR,7,0.73,1
SWIFT_00000226,SG,CY,GBP,89729.32,INDIVIDUAL_SAVINGS,TIER_2_ENHANCED,NO,POTENTIAL_SANCTION_MATCH,1,0.31,1
SWIFT_00000227,DE,GB,AED,185903.16,CORPORATE_CURRENT,TIER_1_STANDARD,NO,CLEAR,1,0.15,0
SWIFT_00000228,CH,SG,SGD,249063.68,OFFSHORE_TRUST,TIER_1_STANDARD,NO,CLEAR,2,0.21,0
SWIFT_00000229,US,CY,AED,10669.02,INDIVIDUAL_SAVINGS,TIER_1_STANDARD,NO,CLEAR,12,0.19,0
SWIFT_00000230,DE,AE,USD,179226.59,OFFSHORE_TRUST,TIER_3_SIMPLIFIED,YES,CLEAR,5,0.41,1
SWIFT_00000231,GB,VG,SGD,132244.40,CORPORATE_CURRENT,TIER_2_ENHANCED,NO,POTENTIAL_SANCTION_MATCH,12,0.34,1
SWIFT_00000232,GB,IN,SGD,103825.32,OFFSHORE_TRUST,TIER_3_SIMPLIFIED,NO,CLEAR,7,0.08,0
SWIFT_00000233,SG,AE,AED,4807.10,ESCROW,TIER_1_STANDARD,NO,CLEAR,10,0.42,0
SWIFT_00000234,DE,CY,USD,26060.59,ESCROW,TIER_3_SIMPLIFIED,NO,CLEAR,15,0.12,0
SWIFT_00000235,PA,IN,SGD,239316.33,CORPORATE_CURRENT,TIER_2_ENHANCED,NO,CLEAR,4,0.78,1
SWIFT_00000236,US,US,USD,170153.86,OFFSHORE_TRUST,TIER_1_STANDARD,NO,CLEAR,14,0.99,0
SWIFT_00000237,SG,HK,GBP,74003.76,CORPORATE_CURRENT,TIER_2_ENHANCED,NO,POTENTIAL_SANCTION_MATCH,15,0.12,1
SWIFT_00000238,AE,AE,GBP,151388.89,INDIVIDUAL_SAVINGS,TIER_2_ENHANCED,NO,CLEAR,2,0.49,1
SWIFT_00000239,SG,IN,SGD,79885.29,INDIVIDUAL_SAVINGS,TIER_2_ENHANCED,NO,POTENTIAL_SANCTION_MATCH,11,0.64,1
SWIFT_00000240,AE,US,SGD,36336.29,INDIVIDUAL_SAVINGS,TIER_1_STANDARD,YES,POTENTIAL_SANCTION_MATCH,2,0.58,1
SWIFT_00000241,GB,IN,USD,80251.10,CORPORATE_CURRENT,TIER_2_ENHANCED,NO,CLEAR,6,0.66,0
SWIFT_00000242,DE,GB,SGD,81274.69,CORPORATE_CURRENT,TIER_1_STANDARD,NO,CLEAR,2,0.72,0
SWIFT_00000243,IN,SG,INR,44033.58,ESCROW,TIER_2_ENHANCED,YES,CLEAR,12,0.84,1
SWIFT_00000244,PA,VG,AED,233930.46,INDIVIDUAL_SAVINGS,TIER_3_SIMPLIFIED,NO,CLEAR,1,0.08,1
SWIFT_00000245,GB,RU,GBP,46429.04,INDIVIDUAL_SAVINGS,TIER_1_STANDARD,NO,CLEAR,7,0.92,0
SWIFT_00000246,CH,US,SGD,24795.21,OFFSHORE_TRUST,TIER_1_STANDARD,YES,CLEAR,6,0.76,1
SWIFT_00000247,US,CY,INR,20301.97,OFFSHORE_TRUST,TIER_2_ENHANCED,NO,POTENTIAL_SANCTION_MATCH,7,0.51,1
SWIFT_00000248,KY,SG,EUR,53022.59,CORPORATE_CURRENT,TIER_3_SIMPLIFIED,NO,CLEAR,11,0.49,1
SWIFT_00000249,PA,VG,USD,45857.28,ESCROW,TIER_3_SIMPLIFIED,NO,CLEAR,3,0.38,1
SWIFT_00000250,GB,RU,GBP,218931.93,ESCROW,TIER_1_STANDARD,NO,CLEAR,10,0.92,1
SWIFT_00000251,CH,HK,AED,137795.26,INDIVIDUAL_SAVINGS,TIER_1_STANDARD,NO,CLEAR,5,0.66,0
SWIFT_00000252,KY,GB,INR,188943.59,INDIVIDUAL_SAVINGS,TIER_1_STANDARD,NO,CLEAR,1,0.01,1
SWIFT_00000253,CH,CY,USD,89816.25,INDIVIDUAL_SAVINGS,TIER_2_ENHANCED,NO,CLEAR,9,0.89,0
SWIFT_00000254,KY,CY,USD,46514.46,ESCROW,TIER_3_SIMPLIFIED,YES,CLEAR,8,0.70,1
SWIFT_00000255,KY,AE,USD,129511.28,OFFSHORE_TRUST,TIER_3_SIMPLIFIED,NO,CLEAR,5,0.56,1
SWIFT_00000256,IN,GB,USD,25961.71,ESCROW,TIER_3_SIMPLIFIED,NO,POTENTIAL_SANCTION_MATCH,15,0.31,1
SWIFT_00000257,GB,IN,EUR,59251.13,ESCROW,TIER_1_STANDARD,NO,CLEAR,11,0.23,0
SWIFT_00000258,IN,IN,EUR,18390.00,CORPORATE_CURRENT,TIER_3_SIMPLIFIED,NO,POTENTIAL_SANCTION_MATCH,8,0.69,1
SWIFT_00000259,US,CY,USD,122527.85,ESCROW,TIER_2_ENHANCED,NO,CLEAR,15,0.71,1
SWIFT_00000260,CH,VG,USD,205699.56,OFFSHORE_TRUST,TIER_1_STANDARD,NO,CLEAR,7,0.58,0
SWIFT_00000261,GB,AE,EUR,119673.80,CORPORATE_CURRENT,TIER_1_STANDARD,NO,POTENTIAL_SANCTION_MATCH,11,0.01,1
SWIFT_00000262,AE,IN,INR,77559.21,INDIVIDUAL_SAVINGS,TIER_1_STANDARD,NO,CLEAR,1,0.78,0
SWIFT_00000263,GB,IN,INR,229387.99,ESCROW,TIER_1_STANDARD,NO,CLEAR,7,0.52,1
SWIFT_00000264,AE,VG,GBP,237896.16,ESCROW,TIER_3_SIMPLIFIED,YES,CLEAR,6,0.64,1
SWIFT_00000265,KY,GB,EUR,141953.38,CORPORATE_CURRENT,TIER_3_SIMPLIFIED,NO,CLEAR,14,0.91,1
SWIFT_00000266,GB,HK,EUR,129762.32,ESCROW,TIER_2_ENHANCED,NO,CLEAR,2,0.93,1
SWIFT_00000267,US,AE,SGD,53490.04,INDIVIDUAL_SAVINGS,TIER_2_ENHANCED,NO,CLEAR,10,0.37,0
SWIFT_00000268,CH,US,SGD,104431.26,ESCROW,TIER_1_STANDARD,NO,CLEAR,6,0.30,0
SWIFT_00000269,PA,SG,AED,138458.31,INDIVIDUAL_SAVINGS,TIER_3_SIMPLIFIED,NO,CLEAR,9,0.05,1
SWIFT_00000270,GB,GB,EUR,154155.04,OFFSHORE_TRUST,TIER_1_STANDARD,NO,CLEAR,10,0.24,0
SWIFT_00000271,IN,IN,GBP,100324.68,INDIVIDUAL_SAVINGS,TIER_3_SIMPLIFIED,NO,CLEAR,10,0.03,0
SWIFT_00000272,PA,HK,AED,12520.06,INDIVIDUAL_SAVINGS,TIER_2_ENHANCED,YES,CLEAR,12,0.38,1
SWIFT_00000273,US,US,INR,2511.07,OFFSHORE_TRUST,TIER_2_ENHANCED,NO,CLEAR,4,0.34,0
SWIFT_00000274,PA,US,AED,221780.59,ESCROW,TIER_1_STANDARD,NO,CLEAR,13,0.78,1
SWIFT_00000275,KY,CY,USD,203965.62,CORPORATE_CURRENT,TIER_1_STANDARD,NO,CLEAR,11,0.73,1
SWIFT_00000276,AE,IN,GBP,19983.74,INDIVIDUAL_SAVINGS,TIER_1_STANDARD,NO,CLEAR,4,0.20,0
SWIFT_00000277,DE,CY,SGD,124184.84,CORPORATE_CURRENT,TIER_1_STANDARD,NO,CLEAR,9,0.97,0
SWIFT_00000278,IN,US,SGD,248355.61,OFFSHORE_TRUST,TIER_3_SIMPLIFIED,NO,CLEAR,14,0.23,0
SWIFT_00000279,US,IN,GBP,126198.95,INDIVIDUAL_SAVINGS,TIER_2_ENHANCED,YES,CLEAR,14,0.43,1
SWIFT_00000280,CH,US,SGD,205358.66,OFFSHORE_TRUST,TIER_3_SIMPLIFIED,NO,CLEAR,10,0.21,0
SWIFT_00000281,KY,AE,INR,140366.50,INDIVIDUAL_SAVINGS,TIER_1_STANDARD,NO,CLEAR,14,0.25,1
SWIFT_00000282,US,CY,AED,33218.54,INDIVIDUAL_SAVINGS,TIER_1_STANDARD,YES,CLEAR,13,0.56,1
SWIFT_00000283,KY,HK,AED,80478.74,INDIVIDUAL_SAVINGS,TIER_1_STANDARD,NO,CLEAR,7,0.27,1
SWIFT_00000284,US,CY,USD,52330.27,CORPORATE_CURRENT,TIER_3_SIMPLIFIED,YES,CLEAR,4,0.65,1
SWIFT_00000285,AE,US,INR,127189.53,INDIVIDUAL_SAVINGS,TIER_1_STANDARD,NO,CLEAR,11,0.15,0
SWIFT_00000286,PA,SG,USD,222985.37,INDIVIDUAL_SAVINGS,TIER_3_SIMPLIFIED,NO,POTENTIAL_SANCTION_MATCH,4,0.32,1
SWIFT_00000287,DE,GB,INR,134477.39,ESCROW,TIER_3_SIMPLIFIED,YES,CLEAR,5,0.87,1
SWIFT_00000288,PA,VG,GBP,201855.74,INDIVIDUAL_SAVINGS,TIER_1_STANDARD,YES,CLEAR,14,0.41,1
SWIFT_00000289,PA,VG,USD,205082.68,CORPORATE_CURRENT,TIER_3_SIMPLIFIED,NO,POTENTIAL_SANCTION_MATCH,3,0.05,1
SWIFT_00000290,US,GB,EUR,15503.44,CORPORATE_CURRENT,TIER_2_ENHANCED,NO,CLEAR,8,0.04,0
SWIFT_00000291,AE,SG,EUR,124548.47,INDIVIDUAL_SAVINGS,TIER_2_ENHANCED,NO,POTENTIAL_SANCTION_MATCH,11,0.75,1
SWIFT_00000292,AE,VG,INR,214651.52,CORPORATE_CURRENT,TIER_1_STANDARD,NO,POTENTIAL_SANCTION_MATCH,14,0.30,1
SWIFT_00000293,AE,RU,GBP,228854.45,OFFSHORE_TRUST,TIER_2_ENHANCED,NO,POTENTIAL_SANCTION_MATCH,3,0.39,1
SWIFT_00000294,AE,US,INR,47341.66,ESCROW,TIER_3_SIMPLIFIED,NO,CLEAR,6,0.53,0
SWIFT_00000295,US,US,EUR,165263.24,INDIVIDUAL_SAVINGS,TIER_2_ENHANCED,YES,POTENTIAL_SANCTION_MATCH,4,0.66,1
SWIFT_00000296,KY,HK,EUR,87774.78,CORPORATE_CURRENT,TIER_2_ENHANCED,NO,POTENTIAL_SANCTION_MATCH,5,0.08,1
SWIFT_00000297,GB,VG,INR,103327.48,CORPORATE_CURRENT,TIER_3_SIMPLIFIED,NO,CLEAR,11,0.29,1
SWIFT_00000298,IN,AE,AED,165705.99,CORPORATE_CURRENT,TIER_1_STANDARD,NO,CLEAR,4,0.84,1
SWIFT_00000299,PA,VG,EUR,133443.05,OFFSHORE_TRUST,TIER_2_ENHANCED,NO,CLEAR,9,0.40,1
SWIFT_00000300,IN,HK,AED,163751.81,CORPORATE_CURRENT,TIER_1_STANDARD,NO,CLEAR,1,0.50,0
SWIFT_00000301,IN,CY,AED,243908.96,OFFSHORE_TRUST,TIER_3_SIMPLIFIED,NO,CLEAR,2,0.47,1
SWIFT_00000302,US,HK,EUR,237954.92,ESCROW,TIER_2_ENHANCED,NO,POTENTIAL_SANCTION_MATCH,1,0.47,1
SWIFT_00000303,CH,RU,SGD,11921.11,OFFSHORE_TRUST,TIER_3_SIMPLIFIED,NO,CLEAR,12,0.90,0
SWIFT_00000304,SG,GB,INR,68208.78,ESCROW,TIER_3_SIMPLIFIED,YES,POTENTIAL_SANCTION_MATCH,10,0.66,1
SWIFT_00000305,KY,HK,EUR,154911.77,INDIVIDUAL_SAVINGS,TIER_2_ENHANCED,NO,CLEAR,2,0.84,1
SWIFT_00000306,AE,GB,SGD,227681.96,CORPORATE_CURRENT,TIER_1_STANDARD,NO,CLEAR,10,0.42,1
SWIFT_00000307,DE,CY,EUR,110575.27,ESCROW,TIER_2_ENHANCED,NO,POTENTIAL_SANCTION_MATCH,12,0.42,1
SWIFT_00000308,AE,RU,AED,32355.51,CORPORATE_CURRENT,TIER_2_ENHANCED,NO,CLEAR,9,0.29,0
SWIFT_00000309,US,US,GBP,28608.96,CORPORATE_CURRENT,TIER_3_SIMPLIFIED,YES,CLEAR,7,0.52,1
SWIFT_00000310,US,VG,AED,14464.67,ESCROW,TIER_1_STANDARD,NO,CLEAR,9,0.26,0
SWIFT_00000311,SG,SG,GBP,127535.11,CORPORATE_CURRENT,TIER_3_SIMPLIFIED,NO,CLEAR,4,0.39,0
SWIFT_00000312,SG,HK,INR,53478.91,INDIVIDUAL_SAVINGS,TIER_2_ENHANCED,NO,CLEAR,7,0.11,0
SWIFT_00000313,CH,IN,USD,179731.09,INDIVIDUAL_SAVINGS,TIER_3_SIMPLIFIED,YES,POTENTIAL_SANCTION_MATCH,13,0.97,1
SWIFT_00000314,PA,RU,GBP,170984.84,CORPORATE_CURRENT,TIER_2_ENHANCED,YES,CLEAR,3,0.66,1
SWIFT_00000315,SG,CY,USD,76408.06,ESCROW,TIER_2_ENHANCED,NO,CLEAR,10,0.20,0
SWIFT_00000316,PA,AE,INR,118032.61,ESCROW,TIER_1_STANDARD,NO,CLEAR,10,0.32,1
SWIFT_00000317,KY,HK,USD,103317.31,ESCROW,TIER_2_ENHANCED,YES,CLEAR,7,0.15,1
SWIFT_00000318,DE,GB,AED,246419.73,INDIVIDUAL_SAVINGS,TIER_3_SIMPLIFIED,YES,POTENTIAL_SANCTION_MATCH,5,0.78,1
SWIFT_00000319,CH,HK,USD,28155.22,INDIVIDUAL_SAVINGS,TIER_3_SIMPLIFIED,NO,CLEAR,12,0.50,0
SWIFT_00000320,AE,VG,SGD,162115.80,CORPORATE_CURRENT,TIER_2_ENHANCED,NO,CLEAR,5,0.51,1
SWIFT_00000321,SG,AE,EUR,27709.24,OFFSHORE_TRUST,TIER_1_STANDARD,NO,CLEAR,7,0.68,0
SWIFT_00000322,IN,CY,INR,102414.88,ESCROW,TIER_3_SIMPLIFIED,YES,CLEAR,14,0.47,1
SWIFT_00000323,SG,GB,AED,70572.70,OFFSHORE_TRUST,TIER_1_STANDARD,YES,CLEAR,10,0.82,1
SWIFT_00000324,PA,RU,EUR,157111.46,OFFSHORE_TRUST,TIER_3_SIMPLIFIED,NO,CLEAR,9,0.82,1
SWIFT_00000325,US,AE,SGD,35722.63,CORPORATE_CURRENT,TIER_2_ENHANCED,NO,CLEAR,9,0.86,0
SWIFT_00000326,IN,US,EUR,66744.34,CORPORATE_CURRENT,TIER_2_ENHANCED,NO,CLEAR,5,0.87,0
SWIFT_00000327,CH,HK,SGD,149368.80,CORPORATE_CURRENT,TIER_2_ENHANCED,NO,CLEAR,14,0.10,0
SWIFT_00000328,KY,RU,SGD,51402.81,ESCROW,TIER_2_ENHANCED,NO,CLEAR,4,0.65,1
SWIFT_00000329,GB,RU,INR,155340.61,CORPORATE_CURRENT,TIER_1_STANDARD,NO,POTENTIAL_SANCTION_MATCH,7,0.59,1
SWIFT_00000330,PA,CY,USD,117525.68,INDIVIDUAL_SAVINGS,TIER_3_SIMPLIFIED,NO,CLEAR,5,0.99,1
SWIFT_00000331,CH,AE,USD,100836.72,CORPORATE_CURRENT,TIER_1_STANDARD,NO,CLEAR,7,0.40,1
SWIFT_00000332,IN,SG,INR,178349.70,ESCROW,TIER_1_STANDARD,NO,CLEAR,2,0.56,0
SWIFT_00000333,GB,SG,USD,63353.35,INDIVIDUAL_SAVINGS,TIER_3_SIMPLIFIED,NO,CLEAR,7,0.82,0
SWIFT_00000334,IN,CY,SGD,204438.63,CORPORATE_CURRENT,TIER_3_SIMPLIFIED,NO,CLEAR,12,0.42,0
SWIFT_00000335,DE,VG,SGD,182087.59,OFFSHORE_TRUST,TIER_3_SIMPLIFIED,NO,CLEAR,10,0.04,0
SWIFT_00000336,IN,GB,USD,17322.77,CORPORATE_CURRENT,TIER_3_SIMPLIFIED,NO,POTENTIAL_SANCTION_MATCH,12,0.48,1
SWIFT_00000337,AE,HK,USD,57911.88,CORPORATE_CURRENT,TIER_1_STANDARD,NO,CLEAR,7,0.35,0
SWIFT_00000338,KY,VG,INR,59581.49,CORPORATE_CURRENT,TIER_2_ENHANCED,NO,CLEAR,9,0.41,1
SWIFT_00000339,DE,CY,INR,125376.17,INDIVIDUAL_SAVINGS,TIER_2_ENHANCED,NO,POTENTIAL_SANCTION_MATCH,12,0.33,1
SWIFT_00000340,SG,VG,AED,134464.83,INDIVIDUAL_SAVINGS,TIER_3_SIMPLIFIED,NO,CLEAR,5,0.76,0
SWIFT_00000341,US,HK,GBP,210816.97,OFFSHORE_TRUST,TIER_2_ENHANCED,NO,CLEAR,4,0.45,1
SWIFT_00000342,SG,US,USD,163994.90,OFFSHORE_TRUST,TIER_2_ENHANCED,YES,POTENTIAL_SANCTION_MATCH,2,0.46,1
SWIFT_00000343,KY,IN,SGD,111077.58,OFFSHORE_TRUST,TIER_2_ENHANCED,NO,CLEAR,10,0.09,1
SWIFT_00000344,DE,IN,GBP,106425.24,CORPORATE_CURRENT,TIER_1_STANDARD,NO,CLEAR,4,0.46,1
SWIFT_00000345,SG,GB,USD,50386.48,CORPORATE_CURRENT,TIER_3_SIMPLIFIED,NO,CLEAR,2,0.62,0
SWIFT_00000346,KY,GB,SGD,244732.78,INDIVIDUAL_SAVINGS,TIER_2_ENHANCED,YES,CLEAR,5,0.30,1
SWIFT_00000347,CH,RU,USD,91174.88,OFFSHORE_TRUST,TIER_3_SIMPLIFIED,NO,CLEAR,7,0.24,0
SWIFT_00000348,GB,HK,USD,159884.03,CORPORATE_CURRENT,TIER_3_SIMPLIFIED,NO,CLEAR,15,0.41,0
SWIFT_00000349,IN,GB,USD,58475.92,INDIVIDUAL_SAVINGS,TIER_2_ENHANCED,NO,CLEAR,13,0.88,0
SWIFT_00000350,IN,CY,USD,128143.51,INDIVIDUAL_SAVINGS,TIER_3_SIMPLIFIED,NO,CLEAR,11,0.21,0
SWIFT_00000351,AE,IN,AED,178456.72,ESCROW,TIER_1_STANDARD,YES,CLEAR,13,0.70,1
SWIFT_00000352,KY,SG,EUR,12862.29,ESCROW,TIER_2_ENHANCED,NO,CLEAR,14,0.87,1
SWIFT_00000353,IN,GB,USD,243388.66,ESCROW,TIER_2_ENHANCED,NO,CLEAR,8,0.23,1
SWIFT_00000354,SG,VG,SGD,108543.74,INDIVIDUAL_SAVINGS,TIER_3_SIMPLIFIED,NO,POTENTIAL_SANCTION_MATCH,4,0.55,1
SWIFT_00000355,DE,AE,INR,118270.07,CORPORATE_CURRENT,TIER_3_SIMPLIFIED,YES,CLEAR,7,0.87,1
SWIFT_00000356,SG,IN,USD,56912.26,ESCROW,TIER_1_STANDARD,NO,CLEAR,13,0.92,0
SWIFT_00000357,GB,SG,AED,141600.25,ESCROW,TIER_2_ENHANCED,NO,POTENTIAL_SANCTION_MATCH,12,0.53,1
SWIFT_00000358,CH,US,AED,109735.25,CORPORATE_CURRENT,TIER_1_STANDARD,NO,CLEAR,7,0.59,1
SWIFT_00000359,IN,SG,USD,249988.32,ESCROW,TIER_1_STANDARD,NO,CLEAR,4,0.93,0
SWIFT_00000360,DE,SG,GBP,105290.14,INDIVIDUAL_SAVINGS,TIER_3_SIMPLIFIED,NO,CLEAR,3,0.21,0
SWIFT_00000361,CH,HK,AED,61411.19,CORPORATE_CURRENT,TIER_3_SIMPLIFIED,NO,POTENTIAL_SANCTION_MATCH,12,0.92,1
SWIFT_00000362,DE,RU,AED,111089.65,OFFSHORE_TRUST,TIER_3_SIMPLIFIED,NO,POTENTIAL_SANCTION_MATCH,12,0.18,1
SWIFT_00000363,AE,US,AED,200111.51,CORPORATE_CURRENT,TIER_2_ENHANCED,YES,CLEAR,5,0.24,1
SWIFT_00000364,DE,US,USD,17985.46,CORPORATE_CURRENT,TIER_2_ENHANCED,NO,CLEAR,3,0.39,0
SWIFT_00000365,KY,US,INR,174204.63,ESCROW,TIER_3_SIMPLIFIED,NO,POTENTIAL_SANCTION_MATCH,15,0.82,1
SWIFT_00000366,US,US,AED,242793.42,INDIVIDUAL_SAVINGS,TIER_1_STANDARD,NO,POTENTIAL_SANCTION_MATCH,3,0.08,1
SWIFT_00000367,GB,IN,EUR,80303.16,INDIVIDUAL_SAVINGS,TIER_1_STANDARD,NO,CLEAR,7,0.94,0
SWIFT_00000368,GB,SG,EUR,32703.11,INDIVIDUAL_SAVINGS,TIER_3_SIMPLIFIED,YES,CLEAR,2,0.60,1
SWIFT_00000369,SG,IN,EUR,24115.08,ESCROW,TIER_2_ENHANCED,NO,CLEAR,11,0.73,0
SWIFT_00000370,SG,US,AED,18979.42,CORPORATE_CURRENT,TIER_1_STANDARD,YES,CLEAR,9,0.32,1
SWIFT_00000371,KY,CY,GBP,76671.17,CORPORATE_CURRENT,TIER_2_ENHANCED,NO,CLEAR,1,0.55,1
SWIFT_00000372,IN,US,USD,7097.15,INDIVIDUAL_SAVINGS,TIER_1_STANDARD,NO,CLEAR,4,0.58,0
SWIFT_00000373,KY,RU,USD,87439.85,ESCROW,TIER_2_ENHANCED,NO,CLEAR,12,0.51,1
SWIFT_00000374,US,CY,SGD,159586.01,OFFSHORE_TRUST,TIER_3_SIMPLIFIED,NO,CLEAR,11,0.67,0
SWIFT_00000375,DE,SG,SGD,158671.23,CORPORATE_CURRENT,TIER_1_STANDARD,NO,CLEAR,4,0.43,1
SWIFT_00000376,KY,US,AED,213606.66,ESCROW,TIER_3_SIMPLIFIED,NO,CLEAR,3,0.15,1
SWIFT_00000377,CH,VG,USD,146051.18,CORPORATE_CURRENT,TIER_1_STANDARD,NO,CLEAR,9,0.04,0
SWIFT_00000378,CH,HK,EUR,184510.28,CORPORATE_CURRENT,TIER_3_SIMPLIFIED,NO,CLEAR,5,0.46,0
SWIFT_00000379,US,VG,AED,117817.46,OFFSHORE_TRUST,TIER_1_STANDARD,NO,CLEAR,7,0.53,1
SWIFT_00000380,CH,RU,AED,83405.62,OFFSHORE_TRUST,TIER_3_SIMPLIFIED,NO,CLEAR,14,0.58,0
SWIFT_00000381,DE,CY,GBP,90805.52,INDIVIDUAL_SAVINGS,TIER_2_ENHANCED,NO,CLEAR,5,0.46,0
SWIFT_00000382,DE,GB,EUR,87491.85,OFFSHORE_TRUST,TIER_3_SIMPLIFIED,NO,CLEAR,14,0.23,0
SWIFT_00000383,KY,SG,AED,191866.75,CORPORATE_CURRENT,TIER_2_ENHANCED,NO,CLEAR,7,0.90,1
SWIFT_00000384,GB,CY,AED,40146.77,CORPORATE_CURRENT,TIER_1_STANDARD,NO,CLEAR,2,0.41,0
SWIFT_00000385,US,GB,AED,70408.67,ESCROW,TIER_2_ENHANCED,NO,POTENTIAL_SANCTION_MATCH,1,0.01,1
SWIFT_00000386,PA,HK,AED,173888.01,ESCROW,TIER_1_STANDARD,NO,CLEAR,12,0.70,1
SWIFT_00000387,IN,US,INR,149319.79,ESCROW,TIER_2_ENHANCED,NO,POTENTIAL_SANCTION_MATCH,3,0.15,1
SWIFT_00000388,PA,RU,GBP,199999.87,OFFSHORE_TRUST,TIER_1_STANDARD,NO,POTENTIAL_SANCTION_MATCH,4,0.88,1
SWIFT_00000389,AE,AE,SGD,96853.82,ESCROW,TIER_1_STANDARD,YES,CLEAR,1,0.28,1
SWIFT_00000390,KY,RU,GBP,73909.53,INDIVIDUAL_SAVINGS,TIER_1_STANDARD,YES,CLEAR,13,0.09,1
SWIFT_00000391,US,VG,GBP,96366.82,CORPORATE_CURRENT,TIER_3_SIMPLIFIED,NO,CLEAR,12,0.16,0
SWIFT_00000392,PA,HK,EUR,243443.25,ESCROW,TIER_2_ENHANCED,NO,CLEAR,11,0.98,1
SWIFT_00000393,SG,IN,INR,184265.93,INDIVIDUAL_SAVINGS,TIER_2_ENHANCED,NO,CLEAR,3,0.49,1
SWIFT_00000394,GB,SG,USD,135104.03,INDIVIDUAL_SAVINGS,TIER_3_SIMPLIFIED,NO,POTENTIAL_SANCTION_MATCH,13,0.15,1
SWIFT_00000395,CH,GB,INR,158548.26,INDIVIDUAL_SAVINGS,TIER_1_STANDARD,NO,POTENTIAL_SANCTION_MATCH,4,0.23,1
SWIFT_00000396,GB,AE,AED,206041.20,CORPORATE_CURRENT,TIER_2_ENHANCED,NO,POTENTIAL_SANCTION_MATCH,7,0.97,1
SWIFT_00000397,DE,SG,GBP,76276.99,OFFSHORE_TRUST,TIER_3_SIMPLIFIED,NO,CLEAR,7,0.53,0
SWIFT_00000398,US,HK,INR,154717.48,INDIVIDUAL_SAVINGS,TIER_2_ENHANCED,NO,CLEAR,10,0.81,1
SWIFT_00000399,US,CY,GBP,114285.35,ESCROW,TIER_2_ENHANCED,NO,POTENTIAL_SANCTION_MATCH,10,0.85,1
SWIFT_00000400,AE,RU,AED,15530.06,CORPORATE_CURRENT,TIER_2_ENHANCED,NO,CLEAR,11,0.02,0
SWIFT_00000401,IN,GB,INR,99404.49,CORPORATE_CURRENT,TIER_3_SIMPLIFIED,YES,CLEAR,10,0.87,1
SWIFT_00000402,SG,IN,INR,24253.20,CORPORATE_CURRENT,TIER_3_SIMPLIFIED,NO,CLEAR,3,0.71,0
SWIFT_00000403,DE,US,AED,151372.43,ESCROW,TIER_1_STANDARD,NO,CLEAR,3,0.20,1
SWIFT_00000404,AE,HK,EUR,201919.97,ESCROW,TIER_3_SIMPLIFIED,YES,CLEAR,15,0.65,1
SWIFT_00000405,DE,IN,INR,141645.43,CORPORATE_CURRENT,TIER_1_STANDARD,NO,CLEAR,12,0.40,0
SWIFT_00000406,AE,GB,EUR,241223.34,ESCROW,TIER_1_STANDARD,NO,CLEAR,6,0.50,0
SWIFT_00000407,DE,AE,SGD,60852.53,ESCROW,TIER_1_STANDARD,NO,CLEAR,10,0.25,0
SWIFT_00000408,KY,AE,AED,80511.83,ESCROW,TIER_2_ENHANCED,NO,CLEAR,2,0.60,1
SWIFT_00000409,GB,US,USD,80099.93,CORPORATE_CURRENT,TIER_3_SIMPLIFIED,NO,CLEAR,8,0.68,0
SWIFT_00000410,KY,US,USD,105582.88,ESCROW,TIER_3_SIMPLIFIED,NO,POTENTIAL_SANCTION_MATCH,13,0.19,1
SWIFT_00000411,CH,US,SGD,3340.04,OFFSHORE_TRUST,TIER_2_ENHANCED,NO,CLEAR,13,0.28,0
SWIFT_00000412,CH,IN,INR,214541.13,ESCROW,TIER_3_SIMPLIFIED,YES,CLEAR,6,0.29,1
SWIFT_00000413,SG,CY,INR,109990.03,OFFSHORE_TRUST,TIER_1_STANDARD,NO,CLEAR,11,0.86,0
SWIFT_00000414,AE,SG,GBP,223553.61,ESCROW,TIER_3_SIMPLIFIED,NO,CLEAR,14,0.10,1
SWIFT_00000415,US,IN,EUR,50635.39,OFFSHORE_TRUST,TIER_3_SIMPLIFIED,NO,CLEAR,15,0.30,0
SWIFT_00000416,DE,AE,USD,248242.49,OFFSHORE_TRUST,TIER_3_SIMPLIFIED,NO,POTENTIAL_SANCTION_MATCH,6,0.63,1
SWIFT_00000417,DE,IN,SGD,144219.58,ESCROW,TIER_3_SIMPLIFIED,NO,CLEAR,2,0.97,1
SWIFT_00000418,GB,CY,INR,39940.07,CORPORATE_CURRENT,TIER_3_SIMPLIFIED,NO,POTENTIAL_SANCTION_MATCH,2,0.01,1
SWIFT_00000419,SG,IN,INR,240200.27,CORPORATE_CURRENT,TIER_2_ENHANCED,NO,CLEAR,14,0.02,1
SWIFT_00000420,KY,CY,SGD,204295.11,INDIVIDUAL_SAVINGS,TIER_1_STANDARD,NO,CLEAR,6,0.76,1
SWIFT_00000421,US,VG,GBP,192967.97,CORPORATE_CURRENT,TIER_3_SIMPLIFIED,YES,CLEAR,2,0.90,1
SWIFT_00000422,CH,GB,SGD,189701.84,CORPORATE_CURRENT,TIER_3_SIMPLIFIED,NO,POTENTIAL_SANCTION_MATCH,7,0.81,1
SWIFT_00000423,AE,SG,SGD,55757.84,ESCROW,TIER_3_SIMPLIFIED,NO,CLEAR,2,0.58,0
SWIFT_00000424,CH,RU,EUR,38936.59,OFFSHORE_TRUST,TIER_2_ENHANCED,NO,CLEAR,5,0.38,0
SWIFT_00000425,US,VG,SGD,32288.03,CORPORATE_CURRENT,TIER_1_STANDARD,NO,POTENTIAL_SANCTION_MATCH,2,0.02,1
SWIFT_00000426,US,VG,SGD,49933.28,CORPORATE_CURRENT,TIER_2_ENHANCED,YES,POTENTIAL_SANCTION_MATCH,6,0.38,1
SWIFT_00000427,US,HK,EUR,16377.85,CORPORATE_CURRENT,TIER_1_STANDARD,NO,CLEAR,14,0.10,0
SWIFT_00000428,AE,GB,INR,19840.30,OFFSHORE_TRUST,TIER_3_SIMPLIFIED,NO,CLEAR,8,0.82,0
SWIFT_00000429,SG,HK,EUR,1007.33,OFFSHORE_TRUST,TIER_2_ENHANCED,YES,POTENTIAL_SANCTION_MATCH,2,0.05,1
SWIFT_00000430,GB,SG,USD,209457.69,INDIVIDUAL_SAVINGS,TIER_1_STANDARD,NO,CLEAR,9,0.47,1
SWIFT_00000431,DE,SG,SGD,24423.43,ESCROW,TIER_2_ENHANCED,NO,CLEAR,10,0.07,0
SWIFT_00000432,CH,US,GBP,216834.13,CORPORATE_CURRENT,TIER_3_SIMPLIFIED,NO,CLEAR,6,0.15,0
SWIFT_00000433,CH,AE,SGD,150144.38,OFFSHORE_TRUST,TIER_1_STANDARD,YES,CLEAR,10,0.75,1
SWIFT_00000434,KY,CY,USD,151356.88,CORPORATE_CURRENT,TIER_2_ENHANCED,YES,POTENTIAL_SANCTION_MATCH,10,0.94,1
SWIFT_00000435,US,HK,INR,171002.59,INDIVIDUAL_SAVINGS,TIER_2_ENHANCED,NO,POTENTIAL_SANCTION_MATCH,1,0.41,1
SWIFT_00000436,PA,IN,GBP,201110.51,ESCROW,TIER_3_SIMPLIFIED,NO,CLEAR,3,0.11,1
SWIFT_00000437,DE,CY,EUR,240294.52,ESCROW,TIER_2_ENHANCED,YES,CLEAR,4,0.93,1
SWIFT_00000438,US,VG,AED,168877.71,OFFSHORE_TRUST,TIER_2_ENHANCED,NO,CLEAR,4,0.35,1
SWIFT_00000439,SG,IN,AED,122075.96,ESCROW,TIER_3_SIMPLIFIED,NO,CLEAR,13,0.23,0
SWIFT_00000440,SG,VG,EUR,220867.51,INDIVIDUAL_SAVINGS,TIER_3_SIMPLIFIED,NO,POTENTIAL_SANCTION_MATCH,3,0.14,1
SWIFT_00000441,DE,US,USD,150040.26,OFFSHORE_TRUST,TIER_2_ENHANCED,NO,CLEAR,11,0.96,0
SWIFT_00000442,AE,IN,EUR,106036.87,OFFSHORE_TRUST,TIER_1_STANDARD,NO,CLEAR,15,0.61,0
SWIFT_00000443,AE,HK,EUR,6694.06,OFFSHORE_TRUST,TIER_1_STANDARD,NO,CLEAR,1,0.59,0
SWIFT_00000444,DE,CY,GBP,80948.95,ESCROW,TIER_3_SIMPLIFIED,YES,CLEAR,9,0.86,1
SWIFT_00000445,AE,SG,EUR,155405.80,OFFSHORE_TRUST,TIER_3_SIMPLIFIED,NO,CLEAR,13,0.38,1
SWIFT_00000446,US,HK,EUR,105277.04,ESCROW,TIER_2_ENHANCED,NO,CLEAR,12,0.44,0
SWIFT_00000447,IN,US,GBP,4188.16,OFFSHORE_TRUST,TIER_3_SIMPLIFIED,NO,CLEAR,6,0.20,0
SWIFT_00000448,SG,VG,EUR,83069.31,CORPORATE_CURRENT,TIER_2_ENHANCED,YES,CLEAR,10,0.89,1
SWIFT_00000449,SG,CY,GBP,53039.85,OFFSHORE_TRUST,TIER_3_SIMPLIFIED,NO,POTENTIAL_SANCTION_MATCH,9,0.69,1
SWIFT_00000450,PA,HK,GBP,4209.20,ESCROW,TIER_2_ENHANCED,NO,POTENTIAL_SANCTION_MATCH,13,0.52,1
SWIFT_00000451,AE,VG,USD,151179.92,INDIVIDUAL_SAVINGS,TIER_1_STANDARD,NO,CLEAR,12,0.94,1
SWIFT_00000452,KY,IN,SGD,20994.44,OFFSHORE_TRUST,TIER_3_SIMPLIFIED,NO,CLEAR,5,0.28,1
SWIFT_00000453,SG,US,EUR,140554.18,CORPORATE_CURRENT,TIER_2_ENHANCED,NO,CLEAR,4,0.55,0
SWIFT_00000454,GB,VG,USD,243565.17,ESCROW,TIER_2_ENHANCED,NO,CLEAR,12,0.49,1
SWIFT_00000455,US,CY,GBP,191981.87,OFFSHORE_TRUST,TIER_3_SIMPLIFIED,NO,CLEAR,3,0.13,1
SWIFT_00000456,SG,VG,GBP,214643.88,CORPORATE_CURRENT,TIER_3_SIMPLIFIED,NO,CLEAR,11,0.33,1
SWIFT_00000457,CH,VG,USD,8488.67,OFFSHORE_TRUST,TIER_3_SIMPLIFIED,NO,CLEAR,13,0.28,0
SWIFT_00000458,IN,IN,SGD,99132.22,OFFSHORE_TRUST,TIER_1_STANDARD,NO,POTENTIAL_SANCTION_MATCH,11,0.91,1
SWIFT_00000459,IN,SG,SGD,176222.77,INDIVIDUAL_SAVINGS,TIER_2_ENHANCED,NO,CLEAR,4,0.52,0
SWIFT_00000460,US,GB,GBP,160513.15,CORPORATE_CURRENT,TIER_1_STANDARD,NO,CLEAR,14,0.04,1
SWIFT_00000461,PA,GB,AED,6076.09,OFFSHORE_TRUST,TIER_3_SIMPLIFIED,YES,CLEAR,9,0.31,1
SWIFT_00000462,KY,CY,EUR,21989.10,INDIVIDUAL_SAVINGS,TIER_2_ENHANCED,YES,CLEAR,4,0.79,1
SWIFT_00000463,GB,IN,SGD,93415.57,INDIVIDUAL_SAVINGS,TIER_3_SIMPLIFIED,NO,POTENTIAL_SANCTION_MATCH,6,0.39,1
SWIFT_00000464,CH,RU,GBP,35642.96,CORPORATE_CURRENT,TIER_1_STANDARD,NO,POTENTIAL_SANCTION_MATCH,2,0.08,1
SWIFT_00000465,PA,VG,EUR,96224.59,CORPORATE_CURRENT,TIER_2_ENHANCED,YES,CLEAR,7,0.72,1
SWIFT_00000466,GB,GB,EUR,223005.30,ESCROW,TIER_3_SIMPLIFIED,NO,CLEAR,8,0.32,0
SWIFT_00000467,KY,SG,INR,239924.88,INDIVIDUAL_SAVINGS,TIER_3_SIMPLIFIED,NO,CLEAR,6,0.15,1
SWIFT_00000468,CH,VG,USD,10167.52,ESCROW,TIER_1_STANDARD,YES,CLEAR,5,0.10,1
SWIFT_00000469,SG,RU,SGD,50986.77,OFFSHORE_TRUST,TIER_1_STANDARD,NO,CLEAR,8,0.71,0
SWIFT_00000470,AE,VG,GBP,171264.35,INDIVIDUAL_SAVINGS,TIER_2_ENHANCED,NO,CLEAR,4,0.00,1
SWIFT_00000471,CH,RU,SGD,142027.90,CORPORATE_CURRENT,TIER_1_STANDARD,NO,CLEAR,4,0.82,0
SWIFT_00000472,PA,SG,INR,163045.86,CORPORATE_CURRENT,TIER_2_ENHANCED,YES,CLEAR,9,0.53,1
SWIFT_00000473,KY,VG,USD,240284.17,INDIVIDUAL_SAVINGS,TIER_2_ENHANCED,NO,CLEAR,8,0.12,1
SWIFT_00000474,CH,IN,AED,201109.30,ESCROW,TIER_1_STANDARD,NO,POTENTIAL_SANCTION_MATCH,4,0.82,1
SWIFT_00000475,DE,SG,USD,64013.50,ESCROW,TIER_1_STANDARD,NO,CLEAR,1,0.57,0
SWIFT_00000476,PA,GB,SGD,231598.86,INDIVIDUAL_SAVINGS,TIER_2_ENHANCED,NO,CLEAR,14,0.04,1
SWIFT_00000477,CH,IN,SGD,240957.03,ESCROW,TIER_1_STANDARD,NO,CLEAR,12,0.77,0
SWIFT_00000478,GB,IN,USD,12264.99,INDIVIDUAL_SAVINGS,TIER_3_SIMPLIFIED,NO,CLEAR,13,0.80,0
SWIFT_00000479,GB,US,AED,115220.99,ESCROW,TIER_3_SIMPLIFIED,NO,CLEAR,12,0.08,1
SWIFT_00000480,US,SG,EUR,216857.64,INDIVIDUAL_SAVINGS,TIER_1_STANDARD,NO,POTENTIAL_SANCTION_MATCH,12,0.11,1
SWIFT_00000481,CH,SG,EUR,129612.38,ESCROW,TIER_3_SIMPLIFIED,NO,CLEAR,7,0.73,1
SWIFT_00000482,PA,CY,EUR,239430.79,ESCROW,TIER_2_ENHANCED,NO,CLEAR,13,0.91,1
SWIFT_00000483,US,RU,AED,1191.81,INDIVIDUAL_SAVINGS,TIER_2_ENHANCED,NO,CLEAR,5,0.98,0
SWIFT_00000484,IN,IN,EUR,55657.49,ESCROW,TIER_1_STANDARD,NO,POTENTIAL_SANCTION_MATCH,8,0.09,1
SWIFT_00000485,KY,AE,EUR,172749.11,CORPORATE_CURRENT,TIER_2_ENHANCED,NO,CLEAR,11,0.13,1
SWIFT_00000486,GB,AE,EUR,126466.48,OFFSHORE_TRUST,TIER_3_SIMPLIFIED,NO,CLEAR,11,0.28,0
SWIFT_00000487,DE,US,INR,54143.95,ESCROW,TIER_3_SIMPLIFIED,YES,POTENTIAL_SANCTION_MATCH,8,0.66,1
SWIFT_00000488,DE,HK,USD,151774.41,INDIVIDUAL_SAVINGS,TIER_3_SIMPLIFIED,NO,CLEAR,2,0.48,1
SWIFT_00000489,CH,AE,SGD,195471.65,OFFSHORE_TRUST,TIER_1_STANDARD,NO,CLEAR,10,0.63,0
SWIFT_00000490,KY,HK,SGD,65586.21,ESCROW,TIER_1_STANDARD,NO,CLEAR,14,0.69,1
SWIFT_00000491,SG,SG,USD,47467.45,INDIVIDUAL_SAVINGS,TIER_2_ENHANCED,NO,POTENTIAL_SANCTION_MATCH,8,0.66,1
SWIFT_00000492,US,AE,USD,170993.41,OFFSHORE_TRUST,TIER_2_ENHANCED,YES,CLEAR,7,0.35,1
SWIFT_00000493,GB,CY,AED,68119.08,CORPORATE_CURRENT,TIER_3_SIMPLIFIED,NO,CLEAR,8,0.53,0
SWIFT_00000494,GB,GB,USD,9726.69,OFFSHORE_TRUST,TIER_1_STANDARD,NO,POTENTIAL_SANCTION_MATCH,15,0.31,1
SWIFT_00000495,CH,HK,EUR,133456.14,INDIVIDUAL_SAVINGS,TIER_1_STANDARD,NO,CLEAR,15,0.55,1
SWIFT_00000496,GB,HK,EUR,4575.67,INDIVIDUAL_SAVINGS,TIER_1_STANDARD,NO,CLEAR,8,0.13,0
SWIFT_00000497,SG,CY,AED,120051.29,CORPORATE_CURRENT,TIER_2_ENHANCED,NO,CLEAR,15,0.96,0
SWIFT_00000498,CH,IN,AED,137697.77,INDIVIDUAL_SAVINGS,TIER_1_STANDARD,NO,CLEAR,12,0.78,0
SWIFT_00000499,PA,CY,INR,1247.13,CORPORATE_CURRENT,TIER_1_STANDARD,YES,CLEAR,14,0.09,1
SWIFT_00000500,AE,VG,EUR,40120.37,ESCROW,TIER_2_ENHANCED,NO,CLEAR,7,0.51,0
SWIFT_00000501,DE,SG,SGD,122380.29,OFFSHORE_TRUST,TIER_1_STANDARD,YES,POTENTIAL_SANCTION_MATCH,8,0.05,1
SWIFT_00000502,KY,US,GBP,241930.40,INDIVIDUAL_SAVINGS,TIER_2_ENHANCED,NO,POTENTIAL_SANCTION_MATCH,6,0.80,1
SWIFT_00000503,GB,CY,GBP,132621.68,CORPORATE_CURRENT,TIER_3_SIMPLIFIED,NO,CLEAR,1,0.80,0
SWIFT_00000504,SG,AE,USD,179904.88,INDIVIDUAL_SAVINGS,TIER_2_ENHANCED,NO,CLEAR,3,0.09,1
SWIFT_00000505,PA,VG,EUR,114674.25,ESCROW,TIER_2_ENHANCED,NO,CLEAR,6,0.08,1
SWIFT_00000506,PA,AE,SGD,110701.76,CORPORATE_CURRENT,TIER_2_ENHANCED,NO,CLEAR,8,0.67,1
SWIFT_00000507,SG,VG,INR,129271.16,ESCROW,TIER_2_ENHANCED,NO,CLEAR,13,0.22,1
SWIFT_00000508,CH,US,INR,121669.71,INDIVIDUAL_SAVINGS,TIER_3_SIMPLIFIED,NO,CLEAR,7,0.12,0
SWIFT_00000509,IN,US,AED,134836.03,ESCROW,TIER_3_SIMPLIFIED,NO,CLEAR,8,0.26,0
SWIFT_00000510,SG,GB,AED,29955.34,CORPORATE_CURRENT,TIER_1_STANDARD,YES,CLEAR,1,0.14,1
SWIFT_00000511,PA,HK,INR,195477.01,OFFSHORE_TRUST,TIER_2_ENHANCED,NO,POTENTIAL_SANCTION_MATCH,12,0.19,1
SWIFT_00000512,IN,GB,GBP,167527.60,CORPORATE_CURRENT,TIER_1_STANDARD,NO,POTENTIAL_SANCTION_MATCH,4,0.04,1
SWIFT_00000513,IN,CY,EUR,1775.02,OFFSHORE_TRUST,TIER_3_SIMPLIFIED,YES,CLEAR,8,0.34,1
SWIFT_00000514,GB,HK,GBP,62357.48,OFFSHORE_TRUST,TIER_2_ENHANCED,NO,CLEAR,12,0.18,0
SWIFT_00000515,CH,AE,USD,145055.95,OFFSHORE_TRUST,TIER_2_ENHANCED,YES,CLEAR,7,0.00,1
SWIFT_00000516,SG,CY,USD,87614.81,ESCROW,TIER_1_STANDARD,NO,CLEAR,11,0.24,0
SWIFT_00000517,GB,RU,INR,180572.57,INDIVIDUAL_SAVINGS,TIER_1_STANDARD,NO,CLEAR,2,0.31,0
SWIFT_00000518,DE,IN,USD,155726.33,INDIVIDUAL_SAVINGS,TIER_2_ENHANCED,NO,CLEAR,5,0.05,1
SWIFT_00000519,PA,US,EUR,57774.82,INDIVIDUAL_SAVINGS,TIER_3_SIMPLIFIED,NO,CLEAR,5,0.92,1
SWIFT_00000520,PA,IN,USD,65934.60,CORPORATE_CURRENT,TIER_1_STANDARD,NO,POTENTIAL_SANCTION_MATCH,1,0.48,1
SWIFT_00000521,CH,SG,GBP,7074.61,OFFSHORE_TRUST,TIER_3_SIMPLIFIED,YES,CLEAR,10,0.99,1
SWIFT_00000522,SG,AE,USD,200400.68,INDIVIDUAL_SAVINGS,TIER_3_SIMPLIFIED,YES,CLEAR,10,0.47,1
SWIFT_00000523,DE,SG,AED,209741.21,CORPORATE_CURRENT,TIER_2_ENHANCED,NO,CLEAR,9,0.61,0
SWIFT_00000524,US,SG,EUR,11319.47,ESCROW,TIER_1_STANDARD,NO,CLEAR,13,0.13,0
SWIFT_00000525,DE,SG,EUR,64945.25,CORPORATE_CURRENT,TIER_2_ENHANCED,NO,CLEAR,6,0.38,0
SWIFT_00000526,PA,RU,USD,219835.46,INDIVIDUAL_SAVINGS,TIER_3_SIMPLIFIED,NO,CLEAR,15,0.46,1
SWIFT_00000527,AE,US,SGD,234837.25,CORPORATE_CURRENT,TIER_3_SIMPLIFIED,NO,CLEAR,3,0.05,0
SWIFT_00000528,DE,IN,INR,212780.07,OFFSHORE_TRUST,TIER_1_STANDARD,NO,CLEAR,13,0.27,1
SWIFT_00000529,IN,GB,GBP,112242.98,CORPORATE_CURRENT,TIER_3_SIMPLIFIED,NO,CLEAR,15,0.65,1
SWIFT_00000530,DE,IN,GBP,77680.94,OFFSHORE_TRUST,TIER_3_SIMPLIFIED,YES,CLEAR,1,0.97,1
SWIFT_00000531,AE,SG,AED,101042.57,OFFSHORE_TRUST,TIER_2_ENHANCED,NO,POTENTIAL_SANCTION_MATCH,15,0.13,1
SWIFT_00000532,AE,IN,EUR,194046.52,ESCROW,TIER_2_ENHANCED,NO,CLEAR,12,0.52,1
SWIFT_00000533,PA,CY,EUR,210180.06,INDIVIDUAL_SAVINGS,TIER_3_SIMPLIFIED,NO,CLEAR,2,0.49,1
SWIFT_00000534,KY,VG,GBP,179610.09,INDIVIDUAL_SAVINGS,TIER_2_ENHANCED,NO,CLEAR,2,0.17,1
SWIFT_00000535,SG,IN,GBP,204085.38,ESCROW,TIER_3_SIMPLIFIED,YES,POTENTIAL_SANCTION_MATCH,13,0.41,1
SWIFT_00000536,DE,US,GBP,142150.98,INDIVIDUAL_SAVINGS,TIER_2_ENHANCED,NO,CLEAR,1,0.63,0
SWIFT_00000537,KY,SG,EUR,199901.04,INDIVIDUAL_SAVINGS,TIER_2_ENHANCED,NO,CLEAR,15,0.28,1
SWIFT_00000538,DE,RU,SGD,91337.14,ESCROW,TIER_2_ENHANCED,NO,CLEAR,3,0.57,0
SWIFT_00000539,CH,US,GBP,171951.82,CORPORATE_CURRENT,TIER_3_SIMPLIFIED,NO,CLEAR,6,0.11,0
SWIFT_00000540,SG,SG,SGD,218805.66,CORPORATE_CURRENT,TIER_3_SIMPLIFIED,NO,POTENTIAL_SANCTION_MATCH,8,0.16,1
SWIFT_00000541,SG,HK,INR,45005.89,CORPORATE_CURRENT,TIER_3_SIMPLIFIED,YES,CLEAR,14,0.33,1
SWIFT_00000542,US,CY,AED,130507.62,ESCROW,TIER_1_STANDARD,YES,POTENTIAL_SANCTION_MATCH,7,0.68,1
SWIFT_00000543,KY,GB,GBP,248767.84,ESCROW,TIER_2_ENHANCED,NO,CLEAR,15,0.05,1
SWIFT_00000544,PA,RU,INR,57859.47,OFFSHORE_TRUST,TIER_1_STANDARD,NO,CLEAR,9,0.57,1
SWIFT_00000545,KY,IN,GBP,204876.08,INDIVIDUAL_SAVINGS,TIER_2_ENHANCED,NO,POTENTIAL_SANCTION_MATCH,8,0.74,1
SWIFT_00000546,KY,CY,AED,46583.98,ESCROW,TIER_1_STANDARD,YES,CLEAR,5,0.30,1
SWIFT_00000547,DE,RU,EUR,235837.30,CORPORATE_CURRENT,TIER_3_SIMPLIFIED,NO,CLEAR,12,0.56,0
SWIFT_00000548,DE,AE,SGD,190881.74,CORPORATE_CURRENT,TIER_3_SIMPLIFIED,NO,CLEAR,4,0.86,0
SWIFT_00000549,CH,AE,EUR,85203.95,CORPORATE_CURRENT,TIER_3_SIMPLIFIED,NO,POTENTIAL_SANCTION_MATCH,12,0.16,1
SWIFT_00000550,IN,US,SGD,68797.76,ESCROW,TIER_3_SIMPLIFIED,NO,CLEAR,11,0.57,0
SWIFT_00000551,US,VG,USD,2748.03,INDIVIDUAL_SAVINGS,TIER_1_STANDARD,NO,CLEAR,3,0.79,0
SWIFT_00000552,KY,US,INR,168710.94,CORPORATE_CURRENT,TIER_1_STANDARD,YES,POTENTIAL_SANCTION_MATCH,13,0.31,1
SWIFT_00000553,SG,US,GBP,143951.09,CORPORATE_CURRENT,TIER_1_STANDARD,NO,CLEAR,6,0.65,0
SWIFT_00000554,SG,AE,SGD,235623.41,CORPORATE_CURRENT,TIER_2_ENHANCED,NO,CLEAR,4,0.28,0
SWIFT_00000555,PA,AE,INR,227807.11,INDIVIDUAL_SAVINGS,TIER_3_SIMPLIFIED,NO,CLEAR,1,0.78,1
SWIFT_00000556,CH,US,GBP,50668.49,OFFSHORE_TRUST,TIER_1_STANDARD,NO,CLEAR,6,0.28,0
SWIFT_00000557,US,HK,INR,242485.87,INDIVIDUAL_SAVINGS,TIER_1_STANDARD,NO,CLEAR,4,0.97,1
SWIFT_00000558,DE,HK,USD,59072.86,INDIVIDUAL_SAVINGS,TIER_1_STANDARD,NO,POTENTIAL_SANCTION_MATCH,8,0.55,1
SWIFT_00000559,SG,GB,INR,49756.45,ESCROW,TIER_2_ENHANCED,NO,CLEAR,14,0.16,0
SWIFT_00000560,CH,AE,GBP,134595.66,CORPORATE_CURRENT,TIER_3_SIMPLIFIED,NO,CLEAR,1,0.49,1
SWIFT_00000561,AE,US,GBP,153060.02,ESCROW,TIER_1_STANDARD,NO,CLEAR,12,0.50,0
SWIFT_00000562,SG,IN,GBP,215888.03,OFFSHORE_TRUST,TIER_2_ENHANCED,NO,POTENTIAL_SANCTION_MATCH,2,0.63,1
SWIFT_00000563,KY,GB,SGD,224446.69,OFFSHORE_TRUST,TIER_1_STANDARD,NO,CLEAR,2,0.58,1
SWIFT_00000564,KY,RU,GBP,157591.33,INDIVIDUAL_SAVINGS,TIER_2_ENHANCED,NO,CLEAR,15,0.94,1
SWIFT_00000565,SG,RU,GBP,146670.46,OFFSHORE_TRUST,TIER_2_ENHANCED,NO,CLEAR,2,0.07,0
SWIFT_00000566,CH,CY,AED,226291.73,INDIVIDUAL_SAVINGS,TIER_3_SIMPLIFIED,NO,POTENTIAL_SANCTION_MATCH,15,0.37,1
SWIFT_00000567,PA,RU,AED,24209.72,ESCROW,TIER_2_ENHANCED,NO,POTENTIAL_SANCTION_MATCH,13,0.27,1
SWIFT_00000568,DE,RU,EUR,12156.29,INDIVIDUAL_SAVINGS,TIER_2_ENHANCED,YES,POTENTIAL_SANCTION_MATCH,3,0.89,1
SWIFT_00000569,KY,CY,EUR,172488.06,CORPORATE_CURRENT,TIER_1_STANDARD,NO,POTENTIAL_SANCTION_MATCH,4,0.81,1
SWIFT_00000570,IN,CY,INR,4105.06,ESCROW,TIER_1_STANDARD,YES,CLEAR,8,0.01,1
SWIFT_00000571,US,SG,GBP,150721.11,INDIVIDUAL_SAVINGS,TIER_2_ENHANCED,NO,CLEAR,5,0.89,1
SWIFT_00000572,PA,IN,GBP,125841.81,ESCROW,TIER_1_STANDARD,NO,CLEAR,5,0.32,1
SWIFT_00000573,CH,CY,USD,162856.79,OFFSHORE_TRUST,TIER_3_SIMPLIFIED,NO,CLEAR,3,0.41,0
SWIFT_00000574,AE,VG,USD,160872.49,ESCROW,TIER_1_STANDARD,NO,CLEAR,4,0.90,1
SWIFT_00000575,US,CY,INR,154855.93,CORPORATE_CURRENT,TIER_3_SIMPLIFIED,NO,POTENTIAL_SANCTION_MATCH,5,0.12,1
SWIFT_00000576,CH,VG,GBP,16541.77,CORPORATE_CURRENT,TIER_3_SIMPLIFIED,NO,POTENTIAL_SANCTION_MATCH,2,0.49,1
SWIFT_00000577,SG,IN,AED,63691.17,INDIVIDUAL_SAVINGS,TIER_1_STANDARD,NO,CLEAR,7,0.16,0
SWIFT_00000578,GB,GB,SGD,27232.15,ESCROW,TIER_1_STANDARD,YES,POTENTIAL_SANCTION_MATCH,14,0.04,1
SWIFT_00000579,PA,AE,AED,237332.95,OFFSHORE_TRUST,TIER_2_ENHANCED,YES,CLEAR,8,0.53,1
SWIFT_00000580,SG,SG,AED,247539.92,ESCROW,TIER_3_SIMPLIFIED,NO,CLEAR,11,0.63,1
SWIFT_00000581,DE,AE,EUR,222781.28,OFFSHORE_TRUST,TIER_3_SIMPLIFIED,YES,CLEAR,8,0.33,1
SWIFT_00000582,DE,CY,SGD,11707.36,CORPORATE_CURRENT,TIER_1_STANDARD,NO,POTENTIAL_SANCTION_MATCH,5,0.00,1
SWIFT_00000583,CH,IN,INR,3890.66,ESCROW,TIER_2_ENHANCED,NO,CLEAR,5,0.13,0
SWIFT_00000584,GB,RU,GBP,75817.32,ESCROW,TIER_3_SIMPLIFIED,NO,CLEAR,4,0.61,0
SWIFT_00000585,DE,US,GBP,243971.01,ESCROW,TIER_2_ENHANCED,NO,CLEAR,7,0.23,0
SWIFT_00000586,AE,HK,INR,241021.93,INDIVIDUAL_SAVINGS,TIER_1_STANDARD,NO,CLEAR,3,0.50,0
SWIFT_00000587,US,CY,AED,9547.27,CORPORATE_CURRENT,TIER_3_SIMPLIFIED,NO,CLEAR,9,0.01,0
SWIFT_00000588,CH,CY,EUR,231194.53,ESCROW,TIER_1_STANDARD,NO,CLEAR,10,0.25,0
SWIFT_00000589,IN,CY,GBP,238569.32,INDIVIDUAL_SAVINGS,TIER_3_SIMPLIFIED,NO,POTENTIAL_SANCTION_MATCH,5,0.58,1
SWIFT_00000590,IN,HK,USD,230678.27,CORPORATE_CURRENT,TIER_1_STANDARD,NO,CLEAR,10,0.76,1
SWIFT_00000591,KY,AE,USD,77151.56,CORPORATE_CURRENT,TIER_2_ENHANCED,NO,POTENTIAL_SANCTION_MATCH,3,0.61,1
SWIFT_00000592,PA,US,GBP,16272.86,CORPORATE_CURRENT,TIER_1_STANDARD,NO,CLEAR,3,0.15,1
SWIFT_00000593,SG,HK,USD,181341.77,ESCROW,TIER_2_ENHANCED,YES,CLEAR,11,0.44,1
SWIFT_00000594,KY,GB,GBP,61616.12,CORPORATE_CURRENT,TIER_3_SIMPLIFIED,NO,CLEAR,11,0.24,1
SWIFT_00000595,GB,AE,INR,243637.64,ESCROW,TIER_2_ENHANCED,NO,POTENTIAL_SANCTION_MATCH,1,0.57,1
SWIFT_00000596,GB,AE,INR,220505.95,INDIVIDUAL_SAVINGS,TIER_2_ENHANCED,NO,POTENTIAL_SANCTION_MATCH,2,0.02,1
SWIFT_00000597,US,RU,GBP,57467.01,INDIVIDUAL_SAVINGS,TIER_2_ENHANCED,NO,CLEAR,6,0.11,0
SWIFT_00000598,PA,GB,SGD,119494.28,CORPORATE_CURRENT,TIER_1_STANDARD,NO,CLEAR,12,0.55,1
SWIFT_00000599,CH,GB,SGD,39388.25,INDIVIDUAL_SAVINGS,TIER_3_SIMPLIFIED,NO,CLEAR,13,0.71,0
SWIFT_00000600,IN,RU,USD,62106.64,OFFSHORE_TRUST,TIER_2_ENHANCED,NO,CLEAR,9,0.46,0
SWIFT_00000601,SG,RU,EUR,86231.42,OFFSHORE_TRUST,TIER_1_STANDARD,YES,CLEAR,11,0.69,1
SWIFT_00000602,DE,CY,AED,147451.76,OFFSHORE_TRUST,TIER_3_SIMPLIFIED,YES,CLEAR,5,0.43,1
SWIFT_00000603,DE,VG,AED,187187.33,INDIVIDUAL_SAVINGS,TIER_1_STANDARD,NO,CLEAR,1,0.29,1
SWIFT_00000604,KY,IN,SGD,151878.70,INDIVIDUAL_SAVINGS,TIER_2_ENHANCED,NO,CLEAR,12,0.79,1
SWIFT_00000605,AE,SG,SGD,173905.46,CORPORATE_CURRENT,TIER_2_ENHANCED,NO,POTENTIAL_SANCTION_MATCH,7,0.81,1
SWIFT_00000606,CH,GB,USD,53471.09,CORPORATE_CURRENT,TIER_1_STANDARD,NO,CLEAR,10,0.06,0
SWIFT_00000607,AE,GB,GBP,127833.30,CORPORATE_CURRENT,TIER_2_ENHANCED,NO,CLEAR,3,0.24,1
SWIFT_00000608,SG,VG,GBP,172100.73,CORPORATE_CURRENT,TIER_3_SIMPLIFIED,NO,POTENTIAL_SANCTION_MATCH,6,0.37,1
SWIFT_00000609,CH,IN,AED,166431.08,CORPORATE_CURRENT,TIER_2_ENHANCED,NO,POTENTIAL_SANCTION_MATCH,13,0.33,1
SWIFT_00000610,DE,SG,INR,46681.97,INDIVIDUAL_SAVINGS,TIER_1_STANDARD,NO,CLEAR,5,0.08,0
SWIFT_00000611,GB,AE,SGD,59624.51,INDIVIDUAL_SAVINGS,TIER_2_ENHANCED,NO,CLEAR,10,0.71,0
SWIFT_00000612,KY,GB,EUR,51526.26,CORPORATE_CURRENT,TIER_3_SIMPLIFIED,NO,POTENTIAL_SANCTION_MATCH,11,0.03,1
SWIFT_00000613,US,IN,AED,4227.36,OFFSHORE_TRUST,TIER_2_ENHANCED,YES,CLEAR,7,0.88,1
SWIFT_00000614,KY,GB,SGD,156969.06,ESCROW,TIER_1_STANDARD,NO,CLEAR,1,0.17,1
SWIFT_00000615,PA,SG,USD,155355.85,OFFSHORE_TRUST,TIER_2_ENHANCED,YES,CLEAR,3,0.83,1
SWIFT_00000616,IN,CY,INR,217208.26,ESCROW,TIER_2_ENHANCED,NO,CLEAR,14,0.46,1
SWIFT_00000617,US,GB,GBP,144933.90,OFFSHORE_TRUST,TIER_3_SIMPLIFIED,NO,POTENTIAL_SANCTION_MATCH,1,0.92,1
SWIFT_00000618,AE,HK,INR,62287.22,INDIVIDUAL_SAVINGS,TIER_2_ENHANCED,NO,CLEAR,4,0.06,0
SWIFT_00000619,CH,HK,GBP,60252.71,ESCROW,TIER_3_SIMPLIFIED,NO,CLEAR,7,0.24,0
SWIFT_00000620,DE,GB,INR,160809.89,CORPORATE_CURRENT,TIER_3_SIMPLIFIED,NO,POTENTIAL_SANCTION_MATCH,11,0.27,1
SWIFT_00000621,IN,SG,EUR,143457.29,INDIVIDUAL_SAVINGS,TIER_3_SIMPLIFIED,YES,POTENTIAL_SANCTION_MATCH,10,0.08,1
SWIFT_00000622,CH,IN,EUR,216667.54,CORPORATE_CURRENT,TIER_3_SIMPLIFIED,YES,CLEAR,6,0.07,1
SWIFT_00000623,CH,SG,AED,10831.20,CORPORATE_CURRENT,TIER_3_SIMPLIFIED,NO,CLEAR,10,0.23,0
SWIFT_00000624,PA,RU,SGD,122460.52,INDIVIDUAL_SAVINGS,TIER_1_STANDARD,NO,CLEAR,13,0.40,1
SWIFT_00000625,SG,VG,EUR,130401.06,CORPORATE_CURRENT,TIER_1_STANDARD,NO,CLEAR,6,0.41,0
SWIFT_00000626,CH,VG,AED,16043.91,OFFSHORE_TRUST,TIER_1_STANDARD,NO,CLEAR,5,0.30,0
SWIFT_00000627,US,RU,SGD,114573.98,INDIVIDUAL_SAVINGS,TIER_3_SIMPLIFIED,YES,POTENTIAL_SANCTION_MATCH,15,0.55,1
SWIFT_00000628,SG,AE,EUR,143504.71,ESCROW,TIER_3_SIMPLIFIED,YES,POTENTIAL_SANCTION_MATCH,9,0.66,1
SWIFT_00000629,US,CY,AED,185947.12,INDIVIDUAL_SAVINGS,TIER_2_ENHANCED,NO,CLEAR,13,0.83,0
SWIFT_00000630,KY,AE,AED,20143.17,INDIVIDUAL_SAVINGS,TIER_2_ENHANCED,NO,CLEAR,10,0.51,1
SWIFT_00000631,PA,HK,EUR,172313.85,ESCROW,TIER_1_STANDARD,NO,CLEAR,2,0.03,1
SWIFT_00000632,AE,HK,EUR,22255.98,CORPORATE_CURRENT,TIER_1_STANDARD,NO,CLEAR,13,0.37,0
SWIFT_00000633,AE,US,AED,192583.43,ESCROW,TIER_1_STANDARD,NO,POTENTIAL_SANCTION_MATCH,4,0.40,1
SWIFT_00000634,US,RU,EUR,29388.62,ESCROW,TIER_1_STANDARD,NO,CLEAR,15,0.07,0
SWIFT_00000635,CH,HK,SGD,182815.46,ESCROW,TIER_2_ENHANCED,NO,CLEAR,2,0.59,1
SWIFT_00000636,DE,GB,SGD,177828.82,OFFSHORE_TRUST,TIER_1_STANDARD,NO,POTENTIAL_SANCTION_MATCH,11,0.98,1
SWIFT_00000637,US,VG,USD,233161.70,INDIVIDUAL_SAVINGS,TIER_2_ENHANCED,NO,CLEAR,8,0.79,1
SWIFT_00000638,AE,VG,GBP,148330.99,CORPORATE_CURRENT,TIER_3_SIMPLIFIED,NO,POTENTIAL_SANCTION_MATCH,2,0.77,1
SWIFT_00000639,CH,HK,SGD,18171.98,ESCROW,TIER_2_ENHANCED,YES,CLEAR,11,0.82,1
SWIFT_00000640,DE,HK,AED,51200.60,INDIVIDUAL_SAVINGS,TIER_2_ENHANCED,NO,POTENTIAL_SANCTION_MATCH,9,0.56,1
SWIFT_00000641,CH,CY,AED,162421.17,INDIVIDUAL_SAVINGS,TIER_1_STANDARD,NO,CLEAR,7,0.36,0
SWIFT_00000642,IN,IN,GBP,109336.59,OFFSHORE_TRUST,TIER_3_SIMPLIFIED,NO,CLEAR,13,0.47,0
SWIFT_00000643,CH,IN,EUR,49665.25,INDIVIDUAL_SAVINGS,TIER_1_STANDARD,YES,CLEAR,6,0.57,1
SWIFT_00000644,DE,SG,AED,187370.04,CORPORATE_CURRENT,TIER_2_ENHANCED,NO,CLEAR,14,0.08,1
SWIFT_00000645,DE,CY,AED,99607.48,CORPORATE_CURRENT,TIER_2_ENHANCED,NO,POTENTIAL_SANCTION_MATCH,1,0.36,1
SWIFT_00000646,KY,US,GBP,218223.40,OFFSHORE_TRUST,TIER_3_SIMPLIFIED,NO,CLEAR,13,0.02,1
SWIFT_00000647,CH,IN,EUR,75045.21,OFFSHORE_TRUST,TIER_2_ENHANCED,NO,CLEAR,10,0.20,0
SWIFT_00000648,CH,AE,INR,246016.99,OFFSHORE_TRUST,TIER_1_STANDARD,NO,CLEAR,2,0.65,1
SWIFT_00000649,US,IN,USD,20090.72,CORPORATE_CURRENT,TIER_1_STANDARD,NO,CLEAR,3,0.66,0
SWIFT_00000650,AE,CY,AED,116698.35,OFFSHORE_TRUST,TIER_1_STANDARD,NO,CLEAR,7,0.33,0
SWIFT_00000651,KY,HK,GBP,182193.27,ESCROW,TIER_2_ENHANCED,NO,POTENTIAL_SANCTION_MATCH,9,0.23,1
SWIFT_00000652,CH,VG,EUR,72099.04,OFFSHORE_TRUST,TIER_1_STANDARD,NO,CLEAR,11,0.04,0
SWIFT_00000653,AE,IN,AED,248235.37,CORPORATE_CURRENT,TIER_2_ENHANCED,NO,CLEAR,4,0.58,0
SWIFT_00000654,DE,US,AED,126929.82,CORPORATE_CURRENT,TIER_2_ENHANCED,NO,POTENTIAL_SANCTION_MATCH,6,0.42,1
SWIFT_00000655,KY,GB,AED,160164.10,OFFSHORE_TRUST,TIER_3_SIMPLIFIED,NO,CLEAR,15,0.07,1
SWIFT_00000656,DE,SG,SGD,221600.73,OFFSHORE_TRUST,TIER_2_ENHANCED,NO,CLEAR,14,0.41,0
SWIFT_00000657,CH,SG,USD,145146.14,INDIVIDUAL_SAVINGS,TIER_3_SIMPLIFIED,NO,CLEAR,15,0.63,0
SWIFT_00000658,GB,AE,EUR,219643.36,CORPORATE_CURRENT,TIER_2_ENHANCED,YES,CLEAR,2,0.74,1
SWIFT_00000659,CH,HK,INR,241465.44,CORPORATE_CURRENT,TIER_3_SIMPLIFIED,NO,CLEAR,5,0.06,0
SWIFT_00000660,GB,HK,AED,216000.71,INDIVIDUAL_SAVINGS,TIER_2_ENHANCED,NO,CLEAR,12,0.21,0
SWIFT_00000661,GB,GB,EUR,87388.85,OFFSHORE_TRUST,TIER_3_SIMPLIFIED,NO,CLEAR,15,0.96,0
SWIFT_00000662,GB,VG,INR,91845.72,ESCROW,TIER_1_STANDARD,NO,CLEAR,1,0.69,0
SWIFT_00000663,IN,CY,INR,210186.45,CORPORATE_CURRENT,TIER_1_STANDARD,YES,POTENTIAL_SANCTION_MATCH,8,0.01,1
SWIFT_00000664,CH,US,AED,163219.49,OFFSHORE_TRUST,TIER_3_SIMPLIFIED,NO,CLEAR,15,0.00,0
SWIFT_00000665,PA,HK,GBP,107872.60,CORPORATE_CURRENT,TIER_2_ENHANCED,NO,POTENTIAL_SANCTION_MATCH,8,0.98,1
SWIFT_00000666,DE,US,USD,219311.50,INDIVIDUAL_SAVINGS,TIER_3_SIMPLIFIED,NO,CLEAR,15,0.46,0
SWIFT_00000667,US,CY,SGD,32045.81,ESCROW,TIER_1_STANDARD,NO,CLEAR,14,0.90,0
SWIFT_00000668,KY,RU,AED,172922.23,OFFSHORE_TRUST,TIER_3_SIMPLIFIED,YES,CLEAR,8,0.56,1
SWIFT_00000669,IN,HK,INR,236157.95,CORPORATE_CURRENT,TIER_1_STANDARD,NO,CLEAR,3,0.39,1
SWIFT_00000670,US,CY,EUR,132820.42,ESCROW,TIER_1_STANDARD,NO,CLEAR,9,0.06,1
SWIFT_00000671,GB,GB,SGD,78501.57,CORPORATE_CURRENT,TIER_3_SIMPLIFIED,NO,CLEAR,8,0.70,0
SWIFT_00000672,KY,SG,AED,82008.07,OFFSHORE_TRUST,TIER_3_SIMPLIFIED,NO,CLEAR,4,0.47,1
SWIFT_00000673,IN,HK,SGD,174602.94,OFFSHORE_TRUST,TIER_2_ENHANCED,NO,CLEAR,9,0.64,1
SWIFT_00000674,SG,AE,GBP,224630.28,ESCROW,TIER_1_STANDARD,NO,POTENTIAL_SANCTION_MATCH,5,0.16,1
SWIFT_00000675,GB,HK,SGD,233984.32,CORPORATE_CURRENT,TIER_2_ENHANCED,NO,CLEAR,9,0.18,1
SWIFT_00000676,KY,VG,GBP,102361.89,CORPORATE_CURRENT,TIER_1_STANDARD,YES,CLEAR,8,0.63,1
SWIFT_00000677,US,IN,GBP,177182.57,OFFSHORE_TRUST,TIER_1_STANDARD,NO,CLEAR,1,0.97,0
SWIFT_00000678,SG,RU,SGD,241367.22,ESCROW,TIER_2_ENHANCED,YES,CLEAR,10,0.98,1
SWIFT_00000679,DE,CY,GBP,240510.29,CORPORATE_CURRENT,TIER_3_SIMPLIFIED,NO,POTENTIAL_SANCTION_MATCH,12,0.48,1
SWIFT_00000680,GB,IN,USD,204772.16,INDIVIDUAL_SAVINGS,TIER_1_STANDARD,NO,CLEAR,15,0.54,1
SWIFT_00000681,KY,HK,USD,88794.05,ESCROW,TIER_2_ENHANCED,NO,CLEAR,4,0.68,1
SWIFT_00000682,PA,RU,INR,133640.22,CORPORATE_CURRENT,TIER_3_SIMPLIFIED,YES,CLEAR,10,0.79,1
SWIFT_00000683,DE,US,GBP,228541.69,ESCROW,TIER_1_STANDARD,NO,POTENTIAL_SANCTION_MATCH,11,0.22,1
SWIFT_00000684,KY,GB,SGD,27728.61,CORPORATE_CURRENT,TIER_1_STANDARD,NO,POTENTIAL_SANCTION_MATCH,13,0.97,1
SWIFT_00000685,DE,CY,INR,93444.16,ESCROW,TIER_1_STANDARD,NO,CLEAR,13,0.04,0
SWIFT_00000686,AE,AE,SGD,246600.47,OFFSHORE_TRUST,TIER_2_ENHANCED,NO,CLEAR,5,0.01,1
SWIFT_00000687,CH,RU,AED,220673.30,INDIVIDUAL_SAVINGS,TIER_3_SIMPLIFIED,NO,POTENTIAL_SANCTION_MATCH,7,0.74,1
SWIFT_00000688,CH,US,SGD,93100.34,OFFSHORE_TRUST,TIER_1_STANDARD,NO,CLEAR,15,0.59,0
SWIFT_00000689,AE,SG,SGD,160975.91,ESCROW,TIER_2_ENHANCED,NO,CLEAR,13,0.71,0
SWIFT_00000690,CH,VG,AED,153172.42,OFFSHORE_TRUST,TIER_3_SIMPLIFIED,NO,CLEAR,12,0.49,1
SWIFT_00000691,AE,CY,USD,87913.40,ESCROW,TIER_2_ENHANCED,NO,CLEAR,12,0.37,0
SWIFT_00000692,SG,SG,INR,180253.09,OFFSHORE_TRUST,TIER_2_ENHANCED,YES,CLEAR,6,0.24,1
SWIFT_00000693,CH,IN,EUR,61341.18,ESCROW,TIER_3_SIMPLIFIED,NO,CLEAR,2,0.34,0
SWIFT_00000694,IN,CY,AED,85846.56,INDIVIDUAL_SAVINGS,TIER_1_STANDARD,YES,CLEAR,13,0.49,1
SWIFT_00000695,IN,GB,USD,41318.16,CORPORATE_CURRENT,TIER_3_SIMPLIFIED,NO,CLEAR,5,0.16,0
SWIFT_00000696,DE,AE,SGD,150965.31,INDIVIDUAL_SAVINGS,TIER_2_ENHANCED,YES,CLEAR,14,0.77,1
SWIFT_00000697,US,US,INR,59619.65,INDIVIDUAL_SAVINGS,TIER_1_STANDARD,YES,CLEAR,4,0.32,1
SWIFT_00000698,GB,US,GBP,3342.63,INDIVIDUAL_SAVINGS,TIER_2_ENHANCED,NO,POTENTIAL_SANCTION_MATCH,13,0.06,1
SWIFT_00000699,GB,AE,EUR,21885.77,INDIVIDUAL_SAVINGS,TIER_3_SIMPLIFIED,NO,CLEAR,2,0.72,0
SWIFT_00000700,GB,SG,USD,5435.88,OFFSHORE_TRUST,TIER_1_STANDARD,YES,CLEAR,4,0.43,1
SWIFT_00000701,DE,GB,INR,34539.42,OFFSHORE_TRUST,TIER_3_SIMPLIFIED,NO,CLEAR,11,0.65,0
SWIFT_00000702,SG,HK,AED,43915.68,CORPORATE_CURRENT,TIER_2_ENHANCED,NO,POTENTIAL_SANCTION_MATCH,7,0.47,1
SWIFT_00000703,SG,CY,USD,81794.92,OFFSHORE_TRUST,TIER_3_SIMPLIFIED,YES,CLEAR,4,0.91,1
SWIFT_00000704,SG,VG,GBP,1597.82,INDIVIDUAL_SAVINGS,TIER_2_ENHANCED,NO,POTENTIAL_SANCTION_MATCH,14,0.00,1
SWIFT_00000705,GB,HK,GBP,68178.74,INDIVIDUAL_SAVINGS,TIER_3_SIMPLIFIED,NO,POTENTIAL_SANCTION_MATCH,10,0.57,1
SWIFT_00000706,KY,CY,EUR,53350.35,OFFSHORE_TRUST,TIER_1_STANDARD,NO,CLEAR,5,0.73,1
SWIFT_00000707,AE,SG,EUR,200231.41,ESCROW,TIER_3_SIMPLIFIED,NO,CLEAR,12,0.16,1
SWIFT_00000708,DE,CY,GBP,31445.73,INDIVIDUAL_SAVINGS,TIER_2_ENHANCED,NO,POTENTIAL_SANCTION_MATCH,6,0.85,1
SWIFT_00000709,CH,VG,AED,232672.95,ESCROW,TIER_2_ENHANCED,NO,CLEAR,3,0.82,0
SWIFT_00000710,KY,AE,INR,84184.70,INDIVIDUAL_SAVINGS,TIER_2_ENHANCED,NO,CLEAR,12,0.21,1
SWIFT_00000711,GB,RU,SGD,135961.71,ESCROW,TIER_2_ENHANCED,NO,CLEAR,5,0.87,1
SWIFT_00000712,IN,VG,SGD,157307.26,CORPORATE_CURRENT,TIER_3_SIMPLIFIED,NO,POTENTIAL_SANCTION_MATCH,13,0.10,1
SWIFT_00000713,SG,IN,EUR,83260.44,ESCROW,TIER_2_ENHANCED,YES,POTENTIAL_SANCTION_MATCH,1,0.07,1
SWIFT_00000714,GB,HK,GBP,53678.03,OFFSHORE_TRUST,TIER_2_ENHANCED,YES,POTENTIAL_SANCTION_MATCH,3,0.87,1
SWIFT_00000715,DE,US,AED,87216.98,INDIVIDUAL_SAVINGS,TIER_1_STANDARD,NO,CLEAR,14,0.26,0
SWIFT_00000716,IN,RU,INR,62593.75,ESCROW,TIER_1_STANDARD,YES,CLEAR,15,0.17,1
SWIFT_00000717,GB,SG,USD,214029.77,ESCROW,TIER_2_ENHANCED,NO,CLEAR,7,0.27,0
SWIFT_00000718,CH,VG,INR,128285.43,OFFSHORE_TRUST,TIER_2_ENHANCED,YES,POTENTIAL_SANCTION_MATCH,2,0.90,1
SWIFT_00000719,CH,HK,GBP,93160.61,OFFSHORE_TRUST,TIER_2_ENHANCED,NO,CLEAR,10,0.77,0
SWIFT_00000720,SG,IN,SGD,200430.87,CORPORATE_CURRENT,TIER_1_STANDARD,YES,CLEAR,12,0.74,1
SWIFT_00000721,KY,RU,AED,106145.67,OFFSHORE_TRUST,TIER_2_ENHANCED,NO,POTENTIAL_SANCTION_MATCH,1,0.22,1
SWIFT_00000722,GB,GB,AED,140248.35,CORPORATE_CURRENT,TIER_2_ENHANCED,YES,CLEAR,11,0.99,1
SWIFT_00000723,PA,US,INR,184878.72,OFFSHORE_TRUST,TIER_1_STANDARD,NO,POTENTIAL_SANCTION_MATCH,10,0.46,1
SWIFT_00000724,KY,RU,AED,201433.53,INDIVIDUAL_SAVINGS,TIER_3_SIMPLIFIED,NO,POTENTIAL_SANCTION_MATCH,15,0.17,1
SWIFT_00000725,SG,AE,GBP,30749.52,OFFSHORE_TRUST,TIER_1_STANDARD,NO,CLEAR,10,0.14,0
SWIFT_00000726,DE,IN,INR,42374.99,INDIVIDUAL_SAVINGS,TIER_1_STANDARD,NO,CLEAR,3,0.43,0
SWIFT_00000727,CH,HK,USD,49978.38,ESCROW,TIER_3_SIMPLIFIED,YES,POTENTIAL_SANCTION_MATCH,12,0.16,1
SWIFT_00000728,IN,VG,USD,143983.90,INDIVIDUAL_SAVINGS,TIER_1_STANDARD,NO,CLEAR,15,0.15,1
SWIFT_00000729,PA,RU,SGD,205058.60,OFFSHORE_TRUST,TIER_3_SIMPLIFIED,NO,CLEAR,10,0.82,1
SWIFT_00000730,AE,US,GBP,141794.12,OFFSHORE_TRUST,TIER_1_STANDARD,NO,CLEAR,4,0.88,0
SWIFT_00000731,US,SG,GBP,987.39,ESCROW,TIER_3_SIMPLIFIED,NO,CLEAR,15,0.21,0
SWIFT_00000732,IN,VG,SGD,157540.98,CORPORATE_CURRENT,TIER_1_STANDARD,NO,CLEAR,9,0.37,1
SWIFT_00000733,AE,US,INR,232988.90,INDIVIDUAL_SAVINGS,TIER_1_STANDARD,NO,CLEAR,11,0.12,1
SWIFT_00000734,IN,IN,EUR,178271.88,ESCROW,TIER_3_SIMPLIFIED,NO,CLEAR,8,0.84,0
SWIFT_00000735,SG,VG,SGD,32274.56,INDIVIDUAL_SAVINGS,TIER_2_ENHANCED,NO,CLEAR,10,0.77,0
SWIFT_00000736,PA,IN,EUR,21862.32,INDIVIDUAL_SAVINGS,TIER_1_STANDARD,NO,CLEAR,2,0.99,1
SWIFT_00000737,DE,US,SGD,81497.53,CORPORATE_CURRENT,TIER_1_STANDARD,NO,POTENTIAL_SANCTION_MATCH,8,0.52,1
SWIFT_00000738,IN,US,GBP,153596.62,ESCROW,TIER_3_SIMPLIFIED,NO,CLEAR,6,0.03,0
SWIFT_00000739,GB,RU,USD,78697.83,INDIVIDUAL_SAVINGS,TIER_1_STANDARD,NO,POTENTIAL_SANCTION_MATCH,12,0.71,1
SWIFT_00000740,DE,CY,AED,50480.15,INDIVIDUAL_SAVINGS,TIER_3_SIMPLIFIED,YES,CLEAR,4,0.57,1
SWIFT_00000741,PA,SG,GBP,84966.95,ESCROW,TIER_3_SIMPLIFIED,NO,POTENTIAL_SANCTION_MATCH,2,0.54,1
SWIFT_00000742,PA,AE,AED,187283.91,ESCROW,TIER_2_ENHANCED,NO,POTENTIAL_SANCTION_MATCH,6,0.57,1
SWIFT_00000743,DE,SG,AED,132003.87,ESCROW,TIER_3_SIMPLIFIED,YES,CLEAR,6,0.07,1
SWIFT_00000744,GB,VG,EUR,45102.70,OFFSHORE_TRUST,TIER_1_STANDARD,YES,CLEAR,5,0.93,1
SWIFT_00000745,KY,RU,SGD,125799.54,INDIVIDUAL_SAVINGS,TIER_3_SIMPLIFIED,NO,CLEAR,14,0.01,1
SWIFT_00000746,AE,RU,USD,12091.18,OFFSHORE_TRUST,TIER_2_ENHANCED,NO,POTENTIAL_SANCTION_MATCH,2,0.52,1
SWIFT_00000747,KY,IN,USD,137322.48,INDIVIDUAL_SAVINGS,TIER_2_ENHANCED,NO,CLEAR,15,0.71,1
SWIFT_00000748,AE,AE,EUR,173253.29,INDIVIDUAL_SAVINGS,TIER_1_STANDARD,NO,CLEAR,3,0.83,0
SWIFT_00000749,DE,AE,GBP,233210.71,CORPORATE_CURRENT,TIER_3_SIMPLIFIED,NO,CLEAR,3,0.09,1
SWIFT_00000750,KY,CY,GBP,125385.32,ESCROW,TIER_3_SIMPLIFIED,YES,CLEAR,1,0.85,1
SWIFT_00000751,SG,GB,AED,33327.11,OFFSHORE_TRUST,TIER_3_SIMPLIFIED,NO,CLEAR,2,0.33,0
SWIFT_00000752,AE,RU,USD,81452.76,INDIVIDUAL_SAVINGS,TIER_3_SIMPLIFIED,YES,CLEAR,8,0.55,1
SWIFT_00000753,PA,AE,EUR,204196.01,INDIVIDUAL_SAVINGS,TIER_2_ENHANCED,YES,CLEAR,15,0.33,1
SWIFT_00000754,US,VG,SGD,185797.32,OFFSHORE_TRUST,TIER_1_STANDARD,NO,CLEAR,10,0.30,0
SWIFT_00000755,KY,CY,SGD,212356.04,INDIVIDUAL_SAVINGS,TIER_3_SIMPLIFIED,NO,CLEAR,5,0.51,1
SWIFT_00000756,US,AE,INR,18642.59,ESCROW,TIER_2_ENHANCED,NO,CLEAR,14,0.63,0
SWIFT_00000757,AE,US,GBP,30970.85,ESCROW,TIER_1_STANDARD,NO,CLEAR,8,0.52,0
SWIFT_00000758,PA,IN,INR,71572.05,INDIVIDUAL_SAVINGS,TIER_3_SIMPLIFIED,NO,POTENTIAL_SANCTION_MATCH,11,0.13,1
SWIFT_00000759,CH,AE,AED,231346.56,CORPORATE_CURRENT,TIER_2_ENHANCED,NO,CLEAR,15,0.04,0
SWIFT_00000760,DE,HK,EUR,229152.81,OFFSHORE_TRUST,TIER_3_SIMPLIFIED,NO,CLEAR,10,0.51,0
SWIFT_00000761,PA,GB,AED,135304.64,INDIVIDUAL_SAVINGS,TIER_1_STANDARD,NO,POTENTIAL_SANCTION_MATCH,5,0.79,1
SWIFT_00000762,US,CY,EUR,51814.29,ESCROW,TIER_2_ENHANCED,NO,CLEAR,13,0.58,0
SWIFT_00000763,PA,GB,SGD,204296.25,OFFSHORE_TRUST,TIER_2_ENHANCED,NO,POTENTIAL_SANCTION_MATCH,9,0.33,1
SWIFT_00000764,PA,SG,EUR,183250.25,INDIVIDUAL_SAVINGS,TIER_3_SIMPLIFIED,NO,POTENTIAL_SANCTION_MATCH,8,0.79,1
SWIFT_00000765,AE,VG,USD,141796.25,ESCROW,TIER_3_SIMPLIFIED,YES,CLEAR,2,0.39,1
SWIFT_00000766,SG,US,USD,87479.39,OFFSHORE_TRUST,TIER_1_STANDARD,NO,CLEAR,2,0.26,0
SWIFT_00000767,AE,RU,INR,216811.95,CORPORATE_CURRENT,TIER_2_ENHANCED,NO,CLEAR,8,0.57,0
SWIFT_00000768,AE,RU,INR,169775.50,CORPORATE_CURRENT,TIER_3_SIMPLIFIED,NO,CLEAR,11,0.70,1
SWIFT_00000769,SG,US,GBP,187821.91,INDIVIDUAL_SAVINGS,TIER_1_STANDARD,YES,CLEAR,13,0.19,1
SWIFT_00000770,PA,AE,EUR,184719.34,CORPORATE_CURRENT,TIER_1_STANDARD,NO,POTENTIAL_SANCTION_MATCH,12,0.47,1
SWIFT_00000771,AE,CY,INR,160841.94,CORPORATE_CURRENT,TIER_3_SIMPLIFIED,NO,CLEAR,6,0.99,0
SWIFT_00000772,US,AE,GBP,36834.68,OFFSHORE_TRUST,TIER_3_SIMPLIFIED,NO,CLEAR,7,0.17,0
SWIFT_00000773,AE,CY,GBP,17590.97,CORPORATE_CURRENT,TIER_3_SIMPLIFIED,NO,CLEAR,15,0.32,0
SWIFT_00000774,GB,RU,EUR,97004.39,ESCROW,TIER_1_STANDARD,YES,CLEAR,1,0.72,1
SWIFT_00000775,IN,GB,GBP,106109.61,OFFSHORE_TRUST,TIER_3_SIMPLIFIED,NO,CLEAR,9,0.66,1
SWIFT_00000776,KY,RU,SGD,219414.10,INDIVIDUAL_SAVINGS,TIER_2_ENHANCED,NO,CLEAR,12,0.97,1
SWIFT_00000777,SG,US,GBP,192556.39,OFFSHORE_TRUST,TIER_1_STANDARD,NO,CLEAR,6,0.87,1
SWIFT_00000778,US,HK,EUR,92012.24,CORPORATE_CURRENT,TIER_1_STANDARD,NO,CLEAR,15,0.56,0
SWIFT_00000779,CH,HK,INR,231829.43,ESCROW,TIER_2_ENHANCED,NO,CLEAR,9,0.25,1
SWIFT_00000780,IN,CY,SGD,111475.36,INDIVIDUAL_SAVINGS,TIER_1_STANDARD,NO,CLEAR,4,0.49,0
SWIFT_00000781,AE,HK,SGD,224248.56,ESCROW,TIER_3_SIMPLIFIED,NO,CLEAR,5,0.84,1
SWIFT_00000782,US,IN,AED,87272.46,ESCROW,TIER_2_ENHANCED,NO,CLEAR,11,0.96,0
SWIFT_00000783,PA,US,INR,238612.77,ESCROW,TIER_2_ENHANCED,NO,CLEAR,8,0.84,1
SWIFT_00000784,DE,SG,USD,127232.17,ESCROW,TIER_3_SIMPLIFIED,NO,CLEAR,13,0.47,0
SWIFT_00000785,CH,CY,USD,8683.47,INDIVIDUAL_SAVINGS,TIER_2_ENHANCED,NO,CLEAR,4,0.32,0
SWIFT_00000786,IN,SG,USD,242132.78,ESCROW,TIER_1_STANDARD,NO,POTENTIAL_SANCTION_MATCH,10,0.58,1
SWIFT_00000787,CH,HK,AED,144433.79,ESCROW,TIER_2_ENHANCED,NO,CLEAR,11,0.38,0
SWIFT_00000788,IN,AE,EUR,228178.01,INDIVIDUAL_SAVINGS,TIER_3_SIMPLIFIED,NO,POTENTIAL_SANCTION_MATCH,2,0.31,1
SWIFT_00000789,SG,VG,USD,48611.56,ESCROW,TIER_3_SIMPLIFIED,NO,CLEAR,15,0.73,0
SWIFT_00000790,PA,HK,AED,105509.81,ESCROW,TIER_3_SIMPLIFIED,YES,CLEAR,13,0.94,1
SWIFT_00000791,AE,SG,GBP,225680.05,INDIVIDUAL_SAVINGS,TIER_2_ENHANCED,YES,CLEAR,1,0.12,1
SWIFT_00000792,US,CY,SGD,15880.60,INDIVIDUAL_SAVINGS,TIER_2_ENHANCED,NO,CLEAR,14,0.76,0
SWIFT_00000793,CH,VG,EUR,225992.37,CORPORATE_CURRENT,TIER_3_SIMPLIFIED,NO,CLEAR,11,0.43,1
SWIFT_00000794,US,VG,AED,130403.15,OFFSHORE_TRUST,TIER_3_SIMPLIFIED,NO,CLEAR,11,0.91,1
SWIFT_00000795,PA,AE,EUR,119443.09,CORPORATE_CURRENT,TIER_1_STANDARD,NO,CLEAR,11,0.50,1
SWIFT_00000796,DE,CY,GBP,78973.20,CORPORATE_CURRENT,TIER_2_ENHANCED,NO,CLEAR,6,0.86,0
SWIFT_00000797,CH,RU,GBP,53405.86,INDIVIDUAL_SAVINGS,TIER_1_STANDARD,NO,CLEAR,13,0.68,0
SWIFT_00000798,DE,GB,INR,227751.02,INDIVIDUAL_SAVINGS,TIER_2_ENHANCED,NO,CLEAR,13,0.31,1
SWIFT_00000799,US,CY,INR,187004.60,OFFSHORE_TRUST,TIER_1_STANDARD,NO,POTENTIAL_SANCTION_MATCH,9,0.96,1
SWIFT_00000800,GB,HK,SGD,210664.00,OFFSHORE_TRUST,TIER_2_ENHANCED,NO,POTENTIAL_SANCTION_MATCH,13,0.38,1
SWIFT_00000801,PA,RU,GBP,220012.24,CORPORATE_CURRENT,TIER_3_SIMPLIFIED,NO,POTENTIAL_SANCTION_MATCH,5,0.89,1
SWIFT_00000802,SG,CY,GBP,118301.22,INDIVIDUAL_SAVINGS,TIER_3_SIMPLIFIED,NO,CLEAR,3,0.89,0
SWIFT_00000803,KY,US,SGD,162129.71,INDIVIDUAL_SAVINGS,TIER_1_STANDARD,NO,CLEAR,12,0.21,1
SWIFT_00000804,PA,HK,EUR,137500.93,OFFSHORE_TRUST,TIER_2_ENHANCED,YES,CLEAR,13,0.74,1
SWIFT_00000805,CH,AE,INR,168998.38,CORPORATE_CURRENT,TIER_1_STANDARD,NO,CLEAR,13,0.40,0
SWIFT_00000806,IN,CY,USD,168419.14,OFFSHORE_TRUST,TIER_1_STANDARD,NO,CLEAR,8,0.19,0
SWIFT_00000807,PA,AE,GBP,192984.21,CORPORATE_CURRENT,TIER_2_ENHANCED,NO,CLEAR,13,0.68,1
SWIFT_00000808,SG,HK,GBP,31962.21,OFFSHORE_TRUST,TIER_1_STANDARD,NO,CLEAR,10,0.11,0
SWIFT_00000809,PA,SG,USD,197606.06,ESCROW,TIER_3_SIMPLIFIED,YES,POTENTIAL_SANCTION_MATCH,9,0.37,1
SWIFT_00000810,SG,HK,EUR,35068.39,INDIVIDUAL_SAVINGS,TIER_3_SIMPLIFIED,NO,CLEAR,6,0.69,0
SWIFT_00000811,AE,SG,GBP,182626.81,INDIVIDUAL_SAVINGS,TIER_1_STANDARD,NO,CLEAR,9,0.32,0
SWIFT_00000812,IN,US,USD,118007.14,INDIVIDUAL_SAVINGS,TIER_1_STANDARD,NO,CLEAR,12,0.40,0
SWIFT_00000813,PA,CY,GBP,117323.36,ESCROW,TIER_1_STANDARD,NO,CLEAR,4,0.53,1
SWIFT_00000814,PA,VG,SGD,183227.17,INDIVIDUAL_SAVINGS,TIER_2_ENHANCED,NO,CLEAR,1,0.85,1
SWIFT_00000815,SG,AE,AED,66920.72,ESCROW,TIER_3_SIMPLIFIED,YES,CLEAR,14,0.07,1
SWIFT_00000816,US,CY,AED,198063.14,OFFSHORE_TRUST,TIER_3_SIMPLIFIED,NO,POTENTIAL_SANCTION_MATCH,11,0.94,1
SWIFT_00000817,IN,RU,SGD,40349.20,OFFSHORE_TRUST,TIER_3_SIMPLIFIED,YES,POTENTIAL_SANCTION_MATCH,11,0.41,1
SWIFT_00000818,US,RU,INR,10868.72,ESCROW,TIER_1_STANDARD,NO,POTENTIAL_SANCTION_MATCH,12,0.43,1
SWIFT_00000819,AE,VG,INR,148686.80,CORPORATE_CURRENT,TIER_2_ENHANCED,NO,CLEAR,4,0.38,0
SWIFT_00000820,IN,IN,AED,192015.98,INDIVIDUAL_SAVINGS,TIER_3_SIMPLIFIED,YES,CLEAR,5,0.52,1
SWIFT_00000821,DE,IN,AED,13483.00,CORPORATE_CURRENT,TIER_3_SIMPLIFIED,NO,CLEAR,2,0.88,0
SWIFT_00000822,PA,US,GBP,58020.53,INDIVIDUAL_SAVINGS,TIER_3_SIMPLIFIED,NO,CLEAR,12,0.85,1
SWIFT_00000823,PA,RU,GBP,81038.03,INDIVIDUAL_SAVINGS,TIER_3_SIMPLIFIED,NO,CLEAR,4,0.76,1
SWIFT_00000824,US,IN,SGD,126856.01,INDIVIDUAL_SAVINGS,TIER_3_SIMPLIFIED,NO,CLEAR,8,0.94,0
SWIFT_00000825,US,CY,EUR,120896.86,OFFSHORE_TRUST,TIER_1_STANDARD,NO,CLEAR,5,0.33,0
SWIFT_00000826,PA,CY,USD,1240.26,INDIVIDUAL_SAVINGS,TIER_2_ENHANCED,NO,CLEAR,5,0.14,1
SWIFT_00000827,DE,VG,AED,120859.09,CORPORATE_CURRENT,TIER_2_ENHANCED,NO,CLEAR,14,0.35,1
SWIFT_00000828,AE,VG,SGD,639.28,INDIVIDUAL_SAVINGS,TIER_2_ENHANCED,NO,CLEAR,1,0.09,0
SWIFT_00000829,DE,AE,GBP,111024.39,ESCROW,TIER_2_ENHANCED,NO,CLEAR,4,0.65,1
SWIFT_00000830,SG,CY,AED,171441.97,ESCROW,TIER_2_ENHANCED,NO,POTENTIAL_SANCTION_MATCH,11,0.83,1
SWIFT_00000831,SG,CY,INR,205496.25,ESCROW,TIER_2_ENHANCED,NO,CLEAR,6,0.26,1
SWIFT_00000832,SG,AE,USD,108948.35,ESCROW,TIER_1_STANDARD,NO,CLEAR,1,0.92,1
SWIFT_00000833,AE,GB,INR,17508.53,CORPORATE_CURRENT,TIER_1_STANDARD,NO,CLEAR,13,0.38,0
SWIFT_00000834,DE,US,USD,96285.29,INDIVIDUAL_SAVINGS,TIER_3_SIMPLIFIED,YES,CLEAR,8,0.96,1
SWIFT_00000835,DE,CY,EUR,225437.51,ESCROW,TIER_1_STANDARD,YES,POTENTIAL_SANCTION_MATCH,10,0.25,1
SWIFT_00000836,SG,GB,GBP,42384.17,ESCROW,TIER_2_ENHANCED,NO,CLEAR,13,0.73,0
SWIFT_00000837,CH,GB,AED,37920.99,ESCROW,TIER_2_ENHANCED,NO,CLEAR,9,0.60,0
SWIFT_00000838,GB,GB,USD,196457.99,CORPORATE_CURRENT,TIER_2_ENHANCED,NO,CLEAR,8,0.28,0
SWIFT_00000839,IN,AE,SGD,106831.64,INDIVIDUAL_SAVINGS,TIER_2_ENHANCED,NO,POTENTIAL_SANCTION_MATCH,5,0.96,1
SWIFT_00000840,SG,CY,EUR,195660.83,INDIVIDUAL_SAVINGS,TIER_2_ENHANCED,YES,CLEAR,5,0.03,1
SWIFT_00000841,SG,IN,USD,143309.35,ESCROW,TIER_2_ENHANCED,NO,CLEAR,5,0.56,0
SWIFT_00000842,AE,HK,USD,52257.85,INDIVIDUAL_SAVINGS,TIER_3_SIMPLIFIED,NO,CLEAR,3,0.17,0
SWIFT_00000843,GB,HK,GBP,13449.43,ESCROW,TIER_1_STANDARD,NO,CLEAR,9,0.29,0
SWIFT_00000844,KY,GB,USD,92735.01,OFFSHORE_TRUST,TIER_2_ENHANCED,NO,CLEAR,2,0.95,1
SWIFT_00000845,DE,HK,INR,77034.03,INDIVIDUAL_SAVINGS,TIER_1_STANDARD,YES,CLEAR,7,0.08,1
SWIFT_00000846,PA,SG,INR,174654.98,INDIVIDUAL_SAVINGS,TIER_2_ENHANCED,NO,CLEAR,11,0.35,1
SWIFT_00000847,KY,IN,SGD,27631.46,CORPORATE_CURRENT,TIER_2_ENHANCED,NO,CLEAR,6,0.54,1
SWIFT_00000848,AE,CY,EUR,219119.75,INDIVIDUAL_SAVINGS,TIER_3_SIMPLIFIED,NO,POTENTIAL_SANCTION_MATCH,3,0.63,1
SWIFT_00000849,US,IN,SGD,66007.34,CORPORATE_CURRENT,TIER_1_STANDARD,NO,POTENTIAL_SANCTION_MATCH,10,0.08,1
SWIFT_00000850,CH,AE,EUR,178767.86,CORPORATE_CURRENT,TIER_3_SIMPLIFIED,NO,POTENTIAL_SANCTION_MATCH,9,0.84,1
SWIFT_00000851,SG,RU,GBP,47218.29,OFFSHORE_TRUST,TIER_3_SIMPLIFIED,NO,POTENTIAL_SANCTION_MATCH,8,0.61,1
SWIFT_00000852,SG,AE,USD,204482.62,CORPORATE_CURRENT,TIER_3_SIMPLIFIED,YES,POTENTIAL_SANCTION_MATCH,5,0.60,1
SWIFT_00000853,GB,SG,GBP,30309.63,CORPORATE_CURRENT,TIER_2_ENHANCED,YES,CLEAR,4,0.70,1
SWIFT_00000854,KY,IN,GBP,195802.93,INDIVIDUAL_SAVINGS,TIER_1_STANDARD,NO,CLEAR,13,0.55,1
SWIFT_00000855,DE,VG,SGD,68972.86,OFFSHORE_TRUST,TIER_1_STANDARD,YES,CLEAR,11,0.51,1
SWIFT_00000856,PA,VG,INR,102280.25,ESCROW,TIER_3_SIMPLIFIED,NO,CLEAR,11,0.83,1
SWIFT_00000857,GB,CY,USD,26875.34,CORPORATE_CURRENT,TIER_2_ENHANCED,NO,CLEAR,9,0.60,0
SWIFT_00000858,PA,CY,GBP,56952.84,INDIVIDUAL_SAVINGS,TIER_3_SIMPLIFIED,YES,CLEAR,12,0.40,1
SWIFT_00000859,AE,CY,INR,212014.07,ESCROW,TIER_3_SIMPLIFIED,NO,CLEAR,14,0.76,1
SWIFT_00000860,AE,RU,EUR,152139.94,CORPORATE_CURRENT,TIER_3_SIMPLIFIED,YES,POTENTIAL_SANCTION_MATCH,14,0.34,1
SWIFT_00000861,GB,SG,EUR,130755.16,OFFSHORE_TRUST,TIER_2_ENHANCED,YES,CLEAR,7,0.65,1
SWIFT_00000862,SG,VG,SGD,54616.97,ESCROW,TIER_1_STANDARD,YES,CLEAR,1,0.67,1
SWIFT_00000863,GB,SG,INR,96583.23,INDIVIDUAL_SAVINGS,TIER_3_SIMPLIFIED,NO,CLEAR,13,0.71,0
SWIFT_00000864,US,AE,INR,71732.76,ESCROW,TIER_1_STANDARD,NO,CLEAR,11,0.37,0
SWIFT_00000865,PA,US,INR,102330.24,INDIVIDUAL_SAVINGS,TIER_3_SIMPLIFIED,NO,CLEAR,13,0.02,1
SWIFT_00000866,AE,CY,SGD,247569.79,ESCROW,TIER_1_STANDARD,NO,CLEAR,8,0.10,0
SWIFT_00000867,SG,US,GBP,62701.42,CORPORATE_CURRENT,TIER_1_STANDARD,NO,CLEAR,8,0.07,0
SWIFT_00000868,KY,SG,EUR,3285.81,OFFSHORE_TRUST,TIER_3_SIMPLIFIED,NO,POTENTIAL_SANCTION_MATCH,10,0.12,1
SWIFT_00000869,SG,AE,SGD,143047.30,ESCROW,TIER_2_ENHANCED,YES,CLEAR,1,0.34,1
SWIFT_00000870,DE,AE,USD,26609.35,ESCROW,TIER_1_STANDARD,NO,POTENTIAL_SANCTION_MATCH,15,0.57,1
SWIFT_00000871,CH,US,INR,150848.36,ESCROW,TIER_2_ENHANCED,NO,CLEAR,11,0.65,0
SWIFT_00000872,KY,IN,GBP,19246.85,OFFSHORE_TRUST,TIER_3_SIMPLIFIED,NO,POTENTIAL_SANCTION_MATCH,9,0.28,1
SWIFT_00000873,IN,CY,EUR,121497.68,OFFSHORE_TRUST,TIER_1_STANDARD,NO,CLEAR,13,0.05,1
SWIFT_00000874,CH,AE,AED,245067.85,OFFSHORE_TRUST,TIER_1_STANDARD,NO,POTENTIAL_SANCTION_MATCH,11,0.49,1
SWIFT_00000875,SG,IN,USD,194734.94,ESCROW,TIER_1_STANDARD,NO,CLEAR,3,0.78,0
SWIFT_00000876,US,SG,EUR,99841.37,CORPORATE_CURRENT,TIER_1_STANDARD,NO,CLEAR,15,0.80,0
SWIFT_00000877,AE,RU,EUR,144780.15,OFFSHORE_TRUST,TIER_1_STANDARD,YES,CLEAR,4,0.67,1
SWIFT_00000878,IN,VG,GBP,11041.15,OFFSHORE_TRUST,TIER_2_ENHANCED,NO,POTENTIAL_SANCTION_MATCH,3,0.08,1
SWIFT_00000879,US,CY,GBP,191691.07,OFFSHORE_TRUST,TIER_2_ENHANCED,NO,CLEAR,7,0.79,1
SWIFT_00000880,US,AE,EUR,215701.57,CORPORATE_CURRENT,TIER_2_ENHANCED,NO,CLEAR,9,0.88,1
SWIFT_00000881,AE,VG,USD,78671.67,CORPORATE_CURRENT,TIER_3_SIMPLIFIED,NO,CLEAR,8,0.47,0
SWIFT_00000882,US,AE,INR,52318.11,CORPORATE_CURRENT,TIER_3_SIMPLIFIED,NO,CLEAR,10,0.53,0
SWIFT_00000883,DE,GB,GBP,71466.52,ESCROW,TIER_1_STANDARD,NO,POTENTIAL_SANCTION_MATCH,1,0.42,1
SWIFT_00000884,SG,GB,INR,118177.91,CORPORATE_CURRENT,TIER_3_SIMPLIFIED,NO,CLEAR,13,0.93,1
SWIFT_00000885,SG,US,GBP,55346.97,ESCROW,TIER_3_SIMPLIFIED,NO,CLEAR,1,0.75,0
SWIFT_00000886,IN,AE,GBP,228385.72,OFFSHORE_TRUST,TIER_3_SIMPLIFIED,NO,CLEAR,10,0.99,1
SWIFT_00000887,DE,VG,INR,171625.56,INDIVIDUAL_SAVINGS,TIER_3_SIMPLIFIED,NO,POTENTIAL_SANCTION_MATCH,11,0.80,1
SWIFT_00000888,CH,AE,SGD,53766.85,CORPORATE_CURRENT,TIER_3_SIMPLIFIED,NO,CLEAR,14,0.09,0
SWIFT_00000889,CH,IN,GBP,74461.60,INDIVIDUAL_SAVINGS,TIER_1_STANDARD,NO,POTENTIAL_SANCTION_MATCH,15,0.97,1
SWIFT_00000890,CH,HK,SGD,103028.37,ESCROW,TIER_3_SIMPLIFIED,NO,CLEAR,2,0.01,1
SWIFT_00000891,SG,GB,USD,52559.92,CORPORATE_CURRENT,TIER_2_ENHANCED,NO,POTENTIAL_SANCTION_MATCH,5,0.25,1
SWIFT_00000892,PA,SG,EUR,1188.57,CORPORATE_CURRENT,TIER_1_STANDARD,NO,POTENTIAL_SANCTION_MATCH,14,0.95,1
SWIFT_00000893,CH,RU,EUR,119977.78,INDIVIDUAL_SAVINGS,TIER_1_STANDARD,NO,POTENTIAL_SANCTION_MATCH,13,0.10,1
SWIFT_00000894,AE,AE,SGD,149551.24,INDIVIDUAL_SAVINGS,TIER_3_SIMPLIFIED,NO,POTENTIAL_SANCTION_MATCH,8,0.90,1
SWIFT_00000895,SG,CY,INR,72635.98,CORPORATE_CURRENT,TIER_1_STANDARD,NO,CLEAR,7,0.34,0
SWIFT_00000896,SG,HK,USD,149838.03,CORPORATE_CURRENT,TIER_3_SIMPLIFIED,NO,CLEAR,10,0.97,0
SWIFT_00000897,KY,VG,GBP,197238.47,CORPORATE_CURRENT,TIER_1_STANDARD,YES,POTENTIAL_SANCTION_MATCH,12,0.91,1
SWIFT_00000898,IN,IN,AED,182815.54,INDIVIDUAL_SAVINGS,TIER_3_SIMPLIFIED,YES,CLEAR,8,0.95,1
SWIFT_00000899,IN,CY,EUR,72723.52,ESCROW,TIER_3_SIMPLIFIED,NO,CLEAR,8,0.16,0
SWIFT_00000900,KY,HK,AED,171294.56,ESCROW,TIER_2_ENHANCED,NO,POTENTIAL_SANCTION_MATCH,3,0.69,1
SWIFT_00000901,IN,IN,GBP,147451.12,OFFSHORE_TRUST,TIER_2_ENHANCED,NO,CLEAR,6,0.93,1
SWIFT_00000902,US,GB,AED,220665.20,ESCROW,TIER_3_SIMPLIFIED,NO,CLEAR,12,0.96,0
SWIFT_00000903,SG,SG,AED,111567.83,INDIVIDUAL_SAVINGS,TIER_1_STANDARD,YES,CLEAR,4,0.90,1
SWIFT_00000904,IN,CY,GBP,8224.19,CORPORATE_CURRENT,TIER_3_SIMPLIFIED,YES,CLEAR,14,0.80,1
SWIFT_00000905,PA,VG,SGD,20360.58,CORPORATE_CURRENT,TIER_3_SIMPLIFIED,NO,CLEAR,10,0.34,1
SWIFT_00000906,AE,HK,SGD,76495.27,OFFSHORE_TRUST,TIER_3_SIMPLIFIED,NO,CLEAR,14,0.72,0
SWIFT_00000907,KY,US,AED,134663.33,OFFSHORE_TRUST,TIER_1_STANDARD,NO,CLEAR,12,0.77,1
SWIFT_00000908,PA,AE,USD,69912.62,OFFSHORE_TRUST,TIER_2_ENHANCED,NO,CLEAR,12,0.76,1
SWIFT_00000909,US,VG,GBP,235692.33,OFFSHORE_TRUST,TIER_1_STANDARD,NO,CLEAR,13,0.05,0
SWIFT_00000910,SG,US,INR,131621.06,ESCROW,TIER_2_ENHANCED,YES,CLEAR,5,0.15,1
SWIFT_00000911,IN,VG,INR,80785.76,OFFSHORE_TRUST,TIER_3_SIMPLIFIED,NO,POTENTIAL_SANCTION_MATCH,5,0.26,1
SWIFT_00000912,CH,HK,EUR,125780.74,OFFSHORE_TRUST,TIER_3_SIMPLIFIED,NO,CLEAR,15,0.21,1
SWIFT_00000913,KY,IN,GBP,122867.40,ESCROW,TIER_2_ENHANCED,NO,CLEAR,8,0.20,1
SWIFT_00000914,AE,RU,EUR,22914.04,ESCROW,TIER_2_ENHANCED,NO,CLEAR,7,0.66,0
SWIFT_00000915,DE,SG,USD,91989.23,OFFSHORE_TRUST,TIER_2_ENHANCED,NO,CLEAR,13,0.12,0
SWIFT_00000916,CH,VG,USD,3203.96,OFFSHORE_TRUST,TIER_3_SIMPLIFIED,NO,CLEAR,8,0.47,0
SWIFT_00000917,KY,CY,EUR,112521.01,CORPORATE_CURRENT,TIER_2_ENHANCED,NO,CLEAR,14,0.89,1
SWIFT_00000918,IN,CY,EUR,107177.17,INDIVIDUAL_SAVINGS,TIER_1_STANDARD,NO,CLEAR,7,0.83,1
SWIFT_00000919,CH,RU,USD,126807.27,CORPORATE_CURRENT,TIER_2_ENHANCED,NO,POTENTIAL_SANCTION_MATCH,8,0.34,1
SWIFT_00000920,DE,CY,EUR,64293.98,ESCROW,TIER_3_SIMPLIFIED,NO,CLEAR,14,0.69,0
SWIFT_00000921,KY,SG,INR,232604.59,ESCROW,TIER_3_SIMPLIFIED,NO,CLEAR,1,0.58,1
SWIFT_00000922,CH,AE,AED,236093.60,OFFSHORE_TRUST,TIER_1_STANDARD,NO,CLEAR,12,0.07,1
SWIFT_00000923,SG,GB,USD,138310.96,OFFSHORE_TRUST,TIER_1_STANDARD,NO,CLEAR,1,0.87,1
SWIFT_00000924,GB,IN,USD,170096.73,INDIVIDUAL_SAVINGS,TIER_1_STANDARD,NO,CLEAR,3,0.90,0
SWIFT_00000925,KY,US,AED,176158.02,ESCROW,TIER_3_SIMPLIFIED,NO,CLEAR,6,0.28,1
SWIFT_00000926,US,IN,USD,52111.03,CORPORATE_CURRENT,TIER_1_STANDARD,NO,POTENTIAL_SANCTION_MATCH,15,0.45,1
SWIFT_00000927,CH,AE,AED,40355.54,CORPORATE_CURRENT,TIER_3_SIMPLIFIED,NO,CLEAR,4,0.37,0
SWIFT_00000928,CH,SG,SGD,245550.58,OFFSHORE_TRUST,TIER_2_ENHANCED,NO,CLEAR,4,0.81,0
SWIFT_00000929,CH,CY,EUR,112293.53,INDIVIDUAL_SAVINGS,TIER_1_STANDARD,NO,CLEAR,13,0.17,0
SWIFT_00000930,KY,SG,GBP,230786.59,INDIVIDUAL_SAVINGS,TIER_3_SIMPLIFIED,NO,CLEAR,15,0.84,1
SWIFT_00000931,PA,CY,USD,87270.00,CORPORATE_CURRENT,TIER_1_STANDARD,NO,CLEAR,11,0.98,1
SWIFT_00000932,PA,SG,SGD,104158.17,INDIVIDUAL_SAVINGS,TIER_3_SIMPLIFIED,NO,CLEAR,13,0.33,1
SWIFT_00000933,SG,US,GBP,62790.25,CORPORATE_CURRENT,TIER_3_SIMPLIFIED,YES,CLEAR,6,0.71,1
SWIFT_00000934,AE,SG,SGD,39049.81,CORPORATE_CURRENT,TIER_1_STANDARD,YES,POTENTIAL_SANCTION_MATCH,1,0.97,1
SWIFT_00000935,CH,IN,AED,209245.87,INDIVIDUAL_SAVINGS,TIER_1_STANDARD,NO,CLEAR,10,0.13,0
SWIFT_00000936,SG,AE,SGD,100735.39,INDIVIDUAL_SAVINGS,TIER_2_ENHANCED,NO,CLEAR,6,0.66,0
SWIFT_00000937,DE,CY,EUR,33665.94,CORPORATE_CURRENT,TIER_1_STANDARD,NO,CLEAR,3,0.53,0
SWIFT_00000938,KY,IN,SGD,169865.98,INDIVIDUAL_SAVINGS,TIER_1_STANDARD,NO,CLEAR,6,0.28,1
SWIFT_00000939,PA,RU,GBP,155495.73,ESCROW,TIER_1_STANDARD,NO,CLEAR,6,0.30,1
SWIFT_00000940,CH,GB,INR,64337.84,ESCROW,TIER_1_STANDARD,YES,CLEAR,12,0.67,1
SWIFT_00000941,DE,VG,SGD,172072.49,OFFSHORE_TRUST,TIER_2_ENHANCED,YES,CLEAR,10,0.17,1
SWIFT_00000942,DE,VG,SGD,169283.83,ESCROW,TIER_3_SIMPLIFIED,NO,CLEAR,4,0.68,0
SWIFT_00000943,IN,CY,SGD,138264.05,ESCROW,TIER_1_STANDARD,NO,CLEAR,6,0.82,0
SWIFT_00000944,CH,SG,GBP,153633.71,INDIVIDUAL_SAVINGS,TIER_3_SIMPLIFIED,NO,CLEAR,1,0.32,0
SWIFT_00000945,IN,SG,USD,32925.07,CORPORATE_CURRENT,TIER_1_STANDARD,NO,POTENTIAL_SANCTION_MATCH,8,0.63,1
SWIFT_00000946,IN,US,AED,121620.97,ESCROW,TIER_3_SIMPLIFIED,NO,CLEAR,11,0.88,1
SWIFT_00000947,SG,VG,GBP,32414.20,OFFSHORE_TRUST,TIER_2_ENHANCED,NO,CLEAR,4,0.51,0
SWIFT_00000948,US,CY,GBP,128005.02,CORPORATE_CURRENT,TIER_2_ENHANCED,YES,CLEAR,15,0.50,1
SWIFT_00000949,AE,AE,AED,115187.55,INDIVIDUAL_SAVINGS,TIER_1_STANDARD,NO,CLEAR,4,0.78,1
SWIFT_00000950,AE,VG,USD,231602.10,INDIVIDUAL_SAVINGS,TIER_2_ENHANCED,NO,CLEAR,11,0.41,0
SWIFT_00000951,SG,VG,INR,6915.65,CORPORATE_CURRENT,TIER_2_ENHANCED,NO,CLEAR,2,0.07,0
SWIFT_00000952,IN,IN,GBP,117131.03,INDIVIDUAL_SAVINGS,TIER_3_SIMPLIFIED,NO,CLEAR,12,0.03,1
SWIFT_00000953,US,GB,INR,158299.75,CORPORATE_CURRENT,TIER_3_SIMPLIFIED,NO,CLEAR,11,0.78,0
SWIFT_00000954,DE,US,INR,6622.69,OFFSHORE_TRUST,TIER_3_SIMPLIFIED,NO,CLEAR,15,0.94,0
SWIFT_00000955,IN,VG,USD,243282.64,INDIVIDUAL_SAVINGS,TIER_1_STANDARD,NO,POTENTIAL_SANCTION_MATCH,15,0.95,1
SWIFT_00000956,KY,AE,AED,187288.87,ESCROW,TIER_1_STANDARD,NO,CLEAR,15,0.29,1
SWIFT_00000957,IN,AE,AED,123416.31,ESCROW,TIER_2_ENHANCED,NO,POTENTIAL_SANCTION_MATCH,15,0.49,1
SWIFT_00000958,DE,AE,INR,46748.35,CORPORATE_CURRENT,TIER_3_SIMPLIFIED,NO,CLEAR,5,0.47,0
SWIFT_00000959,DE,US,EUR,222570.61,CORPORATE_CURRENT,TIER_3_SIMPLIFIED,NO,CLEAR,7,0.61,1
SWIFT_00000960,AE,CY,INR,185164.13,CORPORATE_CURRENT,TIER_1_STANDARD,NO,CLEAR,8,0.35,1
SWIFT_00000961,DE,RU,USD,43950.99,CORPORATE_CURRENT,TIER_2_ENHANCED,YES,CLEAR,12,0.33,1
SWIFT_00000962,SG,RU,INR,144098.13,CORPORATE_CURRENT,TIER_2_ENHANCED,NO,CLEAR,4,0.82,1
SWIFT_00000963,GB,VG,EUR,85525.62,OFFSHORE_TRUST,TIER_3_SIMPLIFIED,NO,CLEAR,8,0.17,0
SWIFT_00000964,SG,GB,USD,236291.89,OFFSHORE_TRUST,TIER_1_STANDARD,YES,CLEAR,8,0.91,1
SWIFT_00000965,DE,HK,USD,177136.75,OFFSHORE_TRUST,TIER_3_SIMPLIFIED,NO,POTENTIAL_SANCTION_MATCH,2,0.76,1
SWIFT_00000966,DE,GB,INR,128228.44,CORPORATE_CURRENT,TIER_2_ENHANCED,NO,POTENTIAL_SANCTION_MATCH,4,0.84,1
SWIFT_00000967,SG,VG,SGD,178344.35,CORPORATE_CURRENT,TIER_1_STANDARD,NO,CLEAR,11,0.26,0
SWIFT_00000968,KY,HK,INR,230823.73,ESCROW,TIER_2_ENHANCED,NO,CLEAR,4,0.36,1
SWIFT_00000969,US,AE,SGD,1682.17,INDIVIDUAL_SAVINGS,TIER_2_ENHANCED,NO,CLEAR,15,0.15,0
SWIFT_00000970,DE,HK,SGD,235874.38,CORPORATE_CURRENT,TIER_2_ENHANCED,NO,CLEAR,2,0.30,1
SWIFT_00000971,PA,CY,GBP,31024.30,INDIVIDUAL_SAVINGS,TIER_3_SIMPLIFIED,NO,CLEAR,2,0.05,1
SWIFT_00000972,SG,GB,GBP,217836.61,CORPORATE_CURRENT,TIER_2_ENHANCED,YES,CLEAR,13,0.72,1
SWIFT_00000973,PA,RU,GBP,105243.28,CORPORATE_CURRENT,TIER_2_ENHANCED,NO,POTENTIAL_SANCTION_MATCH,2,0.03,1
SWIFT_00000974,CH,RU,EUR,184255.42,CORPORATE_CURRENT,TIER_1_STANDARD,NO,POTENTIAL_SANCTION_MATCH,11,0.84,1
SWIFT_00000975,SG,US,GBP,11195.78,INDIVIDUAL_SAVINGS,TIER_1_STANDARD,NO,POTENTIAL_SANCTION_MATCH,5,0.49,1
SWIFT_00000976,PA,SG,SGD,222220.18,OFFSHORE_TRUST,TIER_2_ENHANCED,NO,CLEAR,10,0.61,1
SWIFT_00000977,US,IN,GBP,36845.96,INDIVIDUAL_SAVINGS,TIER_3_SIMPLIFIED,NO,CLEAR,15,0.58,0
SWIFT_00000978,PA,RU,USD,157198.19,INDIVIDUAL_SAVINGS,TIER_1_STANDARD,NO,CLEAR,10,0.50,1
SWIFT_00000979,US,US,SGD,112713.97,CORPORATE_CURRENT,TIER_1_STANDARD,NO,POTENTIAL_SANCTION_MATCH,3,0.05,1
SWIFT_00000980,AE,HK,EUR,11034.95,CORPORATE_CURRENT,TIER_2_ENHANCED,NO,CLEAR,11,0.98,0
SWIFT_00000981,SG,GB,INR,18579.12,OFFSHORE_TRUST,TIER_2_ENHANCED,NO,POTENTIAL_SANCTION_MATCH,10,0.64,1
SWIFT_00000982,SG,RU,SGD,234738.74,OFFSHORE_TRUST,TIER_3_SIMPLIFIED,NO,POTENTIAL_SANCTION_MATCH,15,0.76,1
SWIFT_00000983,US,CY,EUR,128845.50,CORPORATE_CURRENT,TIER_1_STANDARD,NO,CLEAR,8,0.44,1
SWIFT_00000984,KY,CY,INR,225339.90,OFFSHORE_TRUST,TIER_1_STANDARD,NO,POTENTIAL_SANCTION_MATCH,8,0.58,1
SWIFT_00000985,SG,US,INR,212162.51,INDIVIDUAL_SAVINGS,TIER_3_SIMPLIFIED,NO,CLEAR,3,0.38,1
SWIFT_00000986,KY,HK,SGD,150566.11,INDIVIDUAL_SAVINGS,TIER_2_ENHANCED,NO,POTENTIAL_SANCTION_MATCH,2,0.68,1
SWIFT_00000987,IN,HK,INR,192611.08,CORPORATE_CURRENT,TIER_1_STANDARD,NO,CLEAR,5,0.44,1
SWIFT_00000988,GB,US,AED,61036.93,INDIVIDUAL_SAVINGS,TIER_2_ENHANCED,NO,CLEAR,10,0.32,0
SWIFT_00000989,IN,IN,EUR,221216.56,INDIVIDUAL_SAVINGS,TIER_3_SIMPLIFIED,NO,CLEAR,5,0.31,1
SWIFT_00000990,SG,CY,SGD,29228.57,INDIVIDUAL_SAVINGS,TIER_2_ENHANCED,NO,POTENTIAL_SANCTION_MATCH,1,0.18,1
SWIFT_00000991,DE,AE,USD,220578.31,OFFSHORE_TRUST,TIER_2_ENHANCED,NO,POTENTIAL_SANCTION_MATCH,13,0.26,1
SWIFT_00000992,PA,US,USD,68584.97,ESCROW,TIER_1_STANDARD,NO,CLEAR,4,0.46,1
SWIFT_00000993,GB,VG,GBP,113059.41,INDIVIDUAL_SAVINGS,TIER_3_SIMPLIFIED,NO,CLEAR,15,0.64,0
SWIFT_00000994,AE,CY,INR,63030.20,CORPORATE_CURRENT,TIER_2_ENHANCED,YES,CLEAR,11,0.01,1
SWIFT_00000995,DE,AE,SGD,89847.78,INDIVIDUAL_SAVINGS,TIER_3_SIMPLIFIED,YES,CLEAR,2,0.10,1
SWIFT_00000996,SG,SG,GBP,80652.84,OFFSHORE_TRUST,TIER_1_STANDARD,NO,CLEAR,14,0.78,0
SWIFT_00000997,DE,HK,GBP,49716.28,INDIVIDUAL_SAVINGS,TIER_2_ENHANCED,NO,CLEAR,3,0.05,0
SWIFT_00000998,US,RU,INR,135834.41,INDIVIDUAL_SAVINGS,TIER_3_SIMPLIFIED,NO,CLEAR,4,0.30,0
SWIFT_00000999,AE,AE,EUR,161716.55,ESCROW,TIER_2_ENHANCED,NO,POTENTIAL_SANCTION_MATCH,7,0.39,1
SWIFT_00001000,IN,IN,EUR,115007.50,CORPORATE_CURRENT,TIER_2_ENHANCED,NO,CLEAR,9,0.13,0
SWIFT_00001001,KY,IN,INR,163480.00,OFFSHORE_TRUST,TIER_1_STANDARD,NO,POTENTIAL_SANCTION_MATCH,13,0.10,1
SWIFT_00001002,AE,HK,SGD,169067.78,OFFSHORE_TRUST,TIER_2_ENHANCED,NO,POTENTIAL_SANCTION_MATCH,6,0.58,1
SWIFT_00001003,DE,IN,INR,39622.51,INDIVIDUAL_SAVINGS,TIER_1_STANDARD,NO,POTENTIAL_SANCTION_MATCH,8,0.25,1
SWIFT_00001004,DE,SG,EUR,235815.18,CORPORATE_CURRENT,TIER_1_STANDARD,NO,CLEAR,4,0.40,0
SWIFT_00001005,AE,RU,SGD,101835.68,OFFSHORE_TRUST,TIER_3_SIMPLIFIED,NO,POTENTIAL_SANCTION_MATCH,3,0.97,1
SWIFT_00001006,CH,GB,SGD,237015.34,INDIVIDUAL_SAVINGS,TIER_1_STANDARD,YES,CLEAR,5,0.99,1
SWIFT_00001007,US,GB,EUR,48661.16,CORPORATE_CURRENT,TIER_3_SIMPLIFIED,NO,CLEAR,10,0.40,0
SWIFT_00001008,SG,RU,USD,4546.57,OFFSHORE_TRUST,TIER_2_ENHANCED,YES,CLEAR,12,0.53,1
SWIFT_00001009,KY,CY,AED,203704.54,INDIVIDUAL_SAVINGS,TIER_1_STANDARD,NO,CLEAR,13,0.71,1
SWIFT_00001010,PA,HK,SGD,133960.70,INDIVIDUAL_SAVINGS,TIER_1_STANDARD,YES,CLEAR,4,0.23,1
SWIFT_00001011,KY,GB,EUR,90620.67,OFFSHORE_TRUST,TIER_1_STANDARD,NO,CLEAR,15,0.01,1
SWIFT_00001012,IN,VG,SGD,17584.87,OFFSHORE_TRUST,TIER_2_ENHANCED,NO,CLEAR,3,0.68,0
SWIFT_00001013,DE,SG,USD,153388.68,CORPORATE_CURRENT,TIER_2_ENHANCED,NO,CLEAR,10,0.12,0
SWIFT_00001014,PA,US,INR,139286.12,OFFSHORE_TRUST,TIER_1_STANDARD,NO,CLEAR,6,0.93,1
SWIFT_00001015,GB,RU,USD,143603.22,OFFSHORE_TRUST,TIER_3_SIMPLIFIED,NO,CLEAR,11,0.94,0
SWIFT_00001016,KY,AE,GBP,144556.36,CORPORATE_CURRENT,TIER_1_STANDARD,NO,POTENTIAL_SANCTION_MATCH,11,0.32,1
SWIFT_00001017,GB,SG,GBP,50461.45,INDIVIDUAL_SAVINGS,TIER_1_STANDARD,NO,CLEAR,9,0.79,0
SWIFT_00001018,US,GB,EUR,25824.87,ESCROW,TIER_1_STANDARD,YES,POTENTIAL_SANCTION_MATCH,9,0.38,1
SWIFT_00001019,US,IN,GBP,153607.76,INDIVIDUAL_SAVINGS,TIER_1_STANDARD,NO,CLEAR,2,0.18,0
SWIFT_00001020,SG,AE,INR,239152.92,ESCROW,TIER_1_STANDARD,NO,CLEAR,14,0.54,0
SWIFT_00001021,AE,GB,SGD,32796.45,CORPORATE_CURRENT,TIER_2_ENHANCED,NO,CLEAR,10,0.45,0
SWIFT_00001022,PA,CY,USD,160150.84,ESCROW,TIER_1_STANDARD,NO,CLEAR,15,0.09,1
SWIFT_00001023,IN,IN,GBP,75320.46,ESCROW,TIER_3_SIMPLIFIED,YES,CLEAR,1,0.14,1
SWIFT_00001024,PA,HK,SGD,99858.85,CORPORATE_CURRENT,TIER_1_STANDARD,NO,POTENTIAL_SANCTION_MATCH,15,0.81,1
SWIFT_00001025,KY,VG,INR,52698.97,INDIVIDUAL_SAVINGS,TIER_2_ENHANCED,NO,POTENTIAL_SANCTION_MATCH,3,0.02,1
SWIFT_00001026,CH,GB,USD,24609.63,CORPORATE_CURRENT,TIER_2_ENHANCED,NO,CLEAR,12,0.51,0
SWIFT_00001027,IN,US,AED,248311.62,CORPORATE_CURRENT,TIER_3_SIMPLIFIED,NO,CLEAR,13,0.47,1
SWIFT_00001028,CH,RU,SGD,144741.26,OFFSHORE_TRUST,TIER_1_STANDARD,NO,POTENTIAL_SANCTION_MATCH,8,0.55,1
SWIFT_00001029,PA,AE,GBP,104174.34,CORPORATE_CURRENT,TIER_3_SIMPLIFIED,NO,CLEAR,10,0.97,1
SWIFT_00001030,GB,RU,SGD,115789.65,OFFSHORE_TRUST,TIER_1_STANDARD,NO,CLEAR,8,0.84,1
SWIFT_00001031,SG,IN,EUR,50357.44,CORPORATE_CURRENT,TIER_1_STANDARD,YES,CLEAR,6,0.27,1
SWIFT_00001032,IN,SG,AED,46439.83,ESCROW,TIER_1_STANDARD,NO,CLEAR,10,0.95,0
SWIFT_00001033,IN,HK,EUR,11628.69,INDIVIDUAL_SAVINGS,TIER_1_STANDARD,NO,CLEAR,6,0.06,0
SWIFT_00001034,DE,HK,USD,186463.19,ESCROW,TIER_2_ENHANCED,NO,CLEAR,6,0.73,1
SWIFT_00001035,US,IN,EUR,132745.32,OFFSHORE_TRUST,TIER_1_STANDARD,NO,POTENTIAL_SANCTION_MATCH,13,0.65,1
SWIFT_00001036,SG,IN,EUR,39899.65,CORPORATE_CURRENT,TIER_3_SIMPLIFIED,NO,CLEAR,11,0.77,0
SWIFT_00001037,CH,SG,AED,249598.38,ESCROW,TIER_1_STANDARD,NO,POTENTIAL_SANCTION_MATCH,7,0.30,1
SWIFT_00001038,KY,HK,GBP,209938.18,CORPORATE_CURRENT,TIER_2_ENHANCED,NO,POTENTIAL_SANCTION_MATCH,3,0.10,1
SWIFT_00001039,PA,RU,GBP,31466.95,OFFSHORE_TRUST,TIER_1_STANDARD,NO,POTENTIAL_SANCTION_MATCH,6,0.23,1
SWIFT_00001040,US,GB,USD,117952.11,ESCROW,TIER_1_STANDARD,NO,CLEAR,9,0.53,1
SWIFT_00001041,CH,IN,GBP,192441.05,CORPORATE_CURRENT,TIER_1_STANDARD,NO,CLEAR,11,0.94,0
SWIFT_00001042,KY,IN,GBP,137200.42,ESCROW,TIER_3_SIMPLIFIED,YES,CLEAR,10,0.01,1
SWIFT_00001043,US,VG,AED,246413.08,INDIVIDUAL_SAVINGS,TIER_2_ENHANCED,YES,CLEAR,6,0.32,1
SWIFT_00001044,PA,SG,SGD,38090.39,CORPORATE_CURRENT,TIER_1_STANDARD,NO,CLEAR,9,0.27,1
SWIFT_00001045,DE,AE,EUR,77049.35,ESCROW,TIER_1_STANDARD,YES,CLEAR,10,0.09,1
SWIFT_00001046,CH,RU,SGD,188305.72,ESCROW,TIER_1_STANDARD,NO,POTENTIAL_SANCTION_MATCH,10,0.72,1
SWIFT_00001047,US,GB,INR,34265.44,CORPORATE_CURRENT,TIER_1_STANDARD,NO,CLEAR,1,0.90,0
SWIFT_00001048,KY,AE,AED,189680.52,CORPORATE_CURRENT,TIER_3_SIMPLIFIED,NO,CLEAR,13,0.74,1
SWIFT_00001049,DE,IN,AED,115580.84,CORPORATE_CURRENT,TIER_1_STANDARD,NO,POTENTIAL_SANCTION_MATCH,10,0.14,1
SWIFT_00001050,GB,VG,EUR,162146.62,ESCROW,TIER_1_STANDARD,NO,CLEAR,4,0.56,1
SWIFT_00001051,PA,US,INR,14695.16,INDIVIDUAL_SAVINGS,TIER_1_STANDARD,NO,POTENTIAL_SANCTION_MATCH,5,0.34,1
SWIFT_00001052,IN,RU,INR,232609.39,OFFSHORE_TRUST,TIER_3_SIMPLIFIED,NO,CLEAR,14,0.41,1
SWIFT_00001053,PA,SG,USD,110540.17,ESCROW,TIER_1_STANDARD,NO,POTENTIAL_SANCTION_MATCH,8,0.92,1
SWIFT_00001054,CH,HK,USD,147042.59,CORPORATE_CURRENT,TIER_1_STANDARD,YES,CLEAR,3,0.71,1
SWIFT_00001055,GB,RU,INR,3024.04,CORPORATE_CURRENT,TIER_3_SIMPLIFIED,YES,CLEAR,3,0.45,1
SWIFT_00001056,CH,US,EUR,183820.34,OFFSHORE_TRUST,TIER_2_ENHANCED,YES,CLEAR,5,0.10,1
SWIFT_00001057,AE,IN,SGD,163822.58,CORPORATE_CURRENT,TIER_2_ENHANCED,NO,POTENTIAL_SANCTION_MATCH,5,0.31,1
SWIFT_00001058,AE,AE,SGD,142931.94,OFFSHORE_TRUST,TIER_2_ENHANCED,YES,CLEAR,10,0.95,1
SWIFT_00001059,KY,SG,GBP,198384.92,ESCROW,TIER_2_ENHANCED,NO,CLEAR,3,0.17,1
SWIFT_00001060,GB,US,SGD,96090.18,CORPORATE_CURRENT,TIER_1_STANDARD,YES,POTENTIAL_SANCTION_MATCH,1,0.43,1
SWIFT_00001061,US,RU,EUR,5978.47,CORPORATE_CURRENT,TIER_3_SIMPLIFIED,YES,POTENTIAL_SANCTION_MATCH,4,0.22,1
SWIFT_00001062,AE,US,EUR,153872.53,ESCROW,TIER_2_ENHANCED,NO,CLEAR,9,0.39,0
SWIFT_00001063,SG,AE,GBP,79262.41,CORPORATE_CURRENT,TIER_1_STANDARD,NO,CLEAR,1,0.31,0
SWIFT_00001064,CH,VG,INR,46989.29,OFFSHORE_TRUST,TIER_2_ENHANCED,NO,CLEAR,7,0.23,0
SWIFT_00001065,SG,RU,INR,4002.71,CORPORATE_CURRENT,TIER_1_STANDARD,NO,CLEAR,9,0.20,0
SWIFT_00001066,CH,US,AED,206833.10,INDIVIDUAL_SAVINGS,TIER_3_SIMPLIFIED,NO,CLEAR,5,0.95,0
SWIFT_00001067,PA,RU,USD,88320.59,CORPORATE_CURRENT,TIER_2_ENHANCED,NO,CLEAR,10,0.16,1
SWIFT_00001068,GB,CY,SGD,22073.30,ESCROW,TIER_3_SIMPLIFIED,NO,CLEAR,12,0.77,0
SWIFT_00001069,CH,AE,GBP,238914.51,OFFSHORE_TRUST,TIER_2_ENHANCED,NO,CLEAR,8,0.39,1
SWIFT_00001070,DE,GB,GBP,217273.43,INDIVIDUAL_SAVINGS,TIER_2_ENHANCED,NO,POTENTIAL_SANCTION_MATCH,5,0.38,1
SWIFT_00001071,AE,GB,SGD,107988.31,ESCROW,TIER_2_ENHANCED,NO,CLEAR,13,0.39,1
SWIFT_00001072,GB,HK,EUR,17987.92,ESCROW,TIER_2_ENHANCED,NO,CLEAR,9,0.62,0
SWIFT_00001073,US,CY,EUR,135012.38,CORPORATE_CURRENT,TIER_2_ENHANCED,NO,CLEAR,2,0.37,1
SWIFT_00001074,KY,HK,USD,174410.65,INDIVIDUAL_SAVINGS,TIER_3_SIMPLIFIED,NO,CLEAR,5,0.83,1
SWIFT_00001075,GB,SG,AED,208934.66,OFFSHORE_TRUST,TIER_2_ENHANCED,YES,CLEAR,8,0.63,1
SWIFT_00001076,SG,CY,EUR,38081.95,INDIVIDUAL_SAVINGS,TIER_1_STANDARD,NO,CLEAR,5,0.13,0
SWIFT_00001077,AE,HK,USD,99002.12,OFFSHORE_TRUST,TIER_1_STANDARD,NO,CLEAR,10,0.90,0
SWIFT_00001078,GB,GB,INR,207782.77,INDIVIDUAL_SAVINGS,TIER_2_ENHANCED,YES,POTENTIAL_SANCTION_MATCH,13,0.30,1
SWIFT_00001079,US,IN,GBP,42000.29,ESCROW,TIER_1_STANDARD,NO,CLEAR,3,0.12,0
SWIFT_00001080,PA,US,GBP,236487.28,OFFSHORE_TRUST,TIER_3_SIMPLIFIED,NO,CLEAR,2,0.22,1
SWIFT_00001081,US,GB,INR,5655.59,OFFSHORE_TRUST,TIER_1_STANDARD,NO,CLEAR,5,0.49,0
SWIFT_00001082,DE,GB,INR,115278.64,CORPORATE_CURRENT,TIER_2_ENHANCED,NO,CLEAR,6,0.47,0
SWIFT_00001083,SG,IN,GBP,136365.01,INDIVIDUAL_SAVINGS,TIER_1_STANDARD,NO,CLEAR,3,0.96,0
SWIFT_00001084,US,GB,SGD,120982.38,CORPORATE_CURRENT,TIER_3_SIMPLIFIED,NO,CLEAR,4,0.64,0
SWIFT_00001085,DE,GB,INR,97997.20,OFFSHORE_TRUST,TIER_2_ENHANCED,NO,CLEAR,13,0.51,0
SWIFT_00001086,IN,RU,AED,33363.36,INDIVIDUAL_SAVINGS,TIER_1_STANDARD,NO,POTENTIAL_SANCTION_MATCH,4,0.16,1
SWIFT_00001087,KY,GB,USD,164368.19,CORPORATE_CURRENT,TIER_2_ENHANCED,NO,CLEAR,10,0.81,1
SWIFT_00001088,DE,VG,EUR,104603.57,CORPORATE_CURRENT,TIER_3_SIMPLIFIED,NO,CLEAR,15,0.23,0
SWIFT_00001089,GB,CY,AED,245576.98,OFFSHORE_TRUST,TIER_2_ENHANCED,NO,CLEAR,6,0.29,1
SWIFT_00001090,GB,CY,EUR,15242.92,OFFSHORE_TRUST,TIER_3_SIMPLIFIED,YES,CLEAR,3,0.86,1
SWIFT_00001091,AE,IN,EUR,176645.55,INDIVIDUAL_SAVINGS,TIER_2_ENHANCED,NO,CLEAR,13,0.42,0
SWIFT_00001092,GB,IN,EUR,98981.02,INDIVIDUAL_SAVINGS,TIER_1_STANDARD,NO,CLEAR,9,0.70,0
SWIFT_00001093,DE,VG,EUR,18504.74,ESCROW,TIER_1_STANDARD,YES,POTENTIAL_SANCTION_MATCH,3,0.79,1
SWIFT_00001094,PA,AE,SGD,101604.57,OFFSHORE_TRUST,TIER_1_STANDARD,NO,CLEAR,1,0.50,1
SWIFT_00001095,GB,HK,GBP,186090.19,CORPORATE_CURRENT,TIER_1_STANDARD,NO,CLEAR,14,0.66,1
SWIFT_00001096,US,IN,AED,12104.52,CORPORATE_CURRENT,TIER_2_ENHANCED,NO,CLEAR,1,0.79,0
SWIFT_00001097,GB,US,EUR,55101.05,ESCROW,TIER_3_SIMPLIFIED,NO,CLEAR,11,0.61,0
SWIFT_00001098,KY,RU,EUR,230968.28,OFFSHORE_TRUST,TIER_2_ENHANCED,NO,CLEAR,14,0.01,1
SWIFT_00001099,PA,CY,AED,93101.83,ESCROW,TIER_1_STANDARD,YES,CLEAR,4,0.46,1
SWIFT_00001100,AE,GB,INR,232778.16,ESCROW,TIER_2_ENHANCED,NO,CLEAR,11,0.29,0
SWIFT_00001101,AE,VG,USD,198570.50,ESCROW,TIER_1_STANDARD,NO,POTENTIAL_SANCTION_MATCH,13,0.10,1
SWIFT_00001102,DE,US,USD,225007.92,OFFSHORE_TRUST,TIER_2_ENHANCED,NO,CLEAR,8,0.21,0
SWIFT_00001103,GB,GB,AED,38283.25,INDIVIDUAL_SAVINGS,TIER_1_STANDARD,YES,CLEAR,3,0.32,1
SWIFT_00001104,CH,AE,GBP,196149.86,INDIVIDUAL_SAVINGS,TIER_1_STANDARD,NO,CLEAR,10,0.30,0
SWIFT_00001105,GB,US,EUR,205041.31,ESCROW,TIER_1_STANDARD,YES,POTENTIAL_SANCTION_MATCH,3,0.64,1
SWIFT_00001106,IN,SG,SGD,2452.19,CORPORATE_CURRENT,TIER_3_SIMPLIFIED,NO,CLEAR,6,0.75,0
SWIFT_00001107,IN,HK,INR,174241.42,CORPORATE_CURRENT,TIER_2_ENHANCED,NO,POTENTIAL_SANCTION_MATCH,6,0.70,1
SWIFT_00001108,IN,RU,AED,105682.22,CORPORATE_CURRENT,TIER_3_SIMPLIFIED,NO,POTENTIAL_SANCTION_MATCH,8,0.53,1
SWIFT_00001109,US,CY,GBP,235458.04,OFFSHORE_TRUST,TIER_1_STANDARD,YES,CLEAR,9,0.12,1
SWIFT_00001110,CH,US,USD,236204.74,ESCROW,TIER_3_SIMPLIFIED,NO,CLEAR,10,0.48,0
SWIFT_00001111,US,HK,EUR,247676.49,INDIVIDUAL_SAVINGS,TIER_2_ENHANCED,NO,CLEAR,4,0.18,0
SWIFT_00001112,GB,GB,USD,134457.46,CORPORATE_CURRENT,TIER_2_ENHANCED,NO,CLEAR,1,0.08,0
SWIFT_00001113,PA,US,USD,85389.98,INDIVIDUAL_SAVINGS,TIER_2_ENHANCED,YES,POTENTIAL_SANCTION_MATCH,13,0.94,1
SWIFT_00001114,DE,SG,INR,233873.23,CORPORATE_CURRENT,TIER_2_ENHANCED,NO,CLEAR,1,0.23,1
SWIFT_00001115,US,IN,EUR,26162.91,CORPORATE_CURRENT,TIER_2_ENHANCED,NO,CLEAR,15,0.00,0
SWIFT_00001116,CH,HK,INR,155725.25,CORPORATE_CURRENT,TIER_3_SIMPLIFIED,NO,CLEAR,6,0.83,0
SWIFT_00001117,PA,IN,INR,129437.22,ESCROW,TIER_1_STANDARD,NO,CLEAR,15,0.37,1
SWIFT_00001118,IN,AE,SGD,102107.84,INDIVIDUAL_SAVINGS,TIER_3_SIMPLIFIED,NO,CLEAR,5,0.80,1
SWIFT_00001119,SG,GB,GBP,177111.72,OFFSHORE_TRUST,TIER_3_SIMPLIFIED,NO,CLEAR,10,0.49,1
SWIFT_00001120,AE,GB,AED,110643.20,CORPORATE_CURRENT,TIER_2_ENHANCED,NO,CLEAR,1,0.67,0
SWIFT_00001121,AE,RU,AED,141712.18,OFFSHORE_TRUST,TIER_3_SIMPLIFIED,YES,CLEAR,5,0.45,1
SWIFT_00001122,AE,AE,AED,99307.42,ESCROW,TIER_2_ENHANCED,NO,CLEAR,5,0.99,0
SWIFT_00001123,KY,IN,GBP,205928.38,ESCROW,TIER_2_ENHANCED,NO,CLEAR,1,0.41,1
SWIFT_00001124,CH,CY,USD,150078.56,INDIVIDUAL_SAVINGS,TIER_1_STANDARD,NO,CLEAR,2,0.79,1
SWIFT_00001125,DE,CY,EUR,16161.02,ESCROW,TIER_3_SIMPLIFIED,NO,CLEAR,8,0.61,0
SWIFT_00001126,KY,IN,GBP,15429.04,ESCROW,TIER_2_ENHANCED,NO,CLEAR,3,0.50,1
SWIFT_00001127,KY,IN,GBP,13256.90,CORPORATE_CURRENT,TIER_2_ENHANCED,NO,CLEAR,13,0.56,1
SWIFT_00001128,CH,SG,EUR,111772.60,OFFSHORE_TRUST,TIER_1_STANDARD,NO,CLEAR,2,0.78,1
SWIFT_00001129,IN,CY,AED,72011.26,INDIVIDUAL_SAVINGS,TIER_1_STANDARD,NO,CLEAR,14,0.32,0
SWIFT_00001130,GB,VG,EUR,177495.49,ESCROW,TIER_2_ENHANCED,NO,CLEAR,9,0.59,0
SWIFT_00001131,US,CY,AED,59111.23,OFFSHORE_TRUST,TIER_3_SIMPLIFIED,NO,CLEAR,1,0.37,0
SWIFT_00001132,DE,SG,INR,48338.85,CORPORATE_CURRENT,TIER_2_ENHANCED,NO,CLEAR,6,0.09,0
SWIFT_00001133,GB,CY,INR,43282.80,ESCROW,TIER_3_SIMPLIFIED,NO,CLEAR,3,0.49,0
SWIFT_00001134,SG,CY,USD,857.00,INDIVIDUAL_SAVINGS,TIER_3_SIMPLIFIED,YES,CLEAR,15,0.83,1
SWIFT_00001135,CH,GB,AED,61585.08,INDIVIDUAL_SAVINGS,TIER_1_STANDARD,NO,CLEAR,11,0.46,0
SWIFT_00001136,KY,CY,USD,102302.50,INDIVIDUAL_SAVINGS,TIER_1_STANDARD,NO,CLEAR,5,0.44,1
SWIFT_00001137,IN,HK,AED,165279.55,ESCROW,TIER_2_ENHANCED,YES,CLEAR,11,0.50,1
SWIFT_00001138,PA,IN,INR,223278.61,CORPORATE_CURRENT,TIER_3_SIMPLIFIED,NO,POTENTIAL_SANCTION_MATCH,11,0.98,1
SWIFT_00001139,KY,GB,USD,10014.34,INDIVIDUAL_SAVINGS,TIER_1_STANDARD,NO,CLEAR,7,0.40,1
SWIFT_00001140,IN,VG,INR,62470.58,CORPORATE_CURRENT,TIER_2_ENHANCED,NO,CLEAR,6,0.67,0
SWIFT_00001141,DE,GB,GBP,50086.43,ESCROW,TIER_1_STANDARD,YES,CLEAR,2,0.65,1
SWIFT_00001142,PA,RU,AED,221372.31,OFFSHORE_TRUST,TIER_3_SIMPLIFIED,NO,CLEAR,2,0.37,1
SWIFT_00001143,GB,VG,GBP,166624.86,OFFSHORE_TRUST,TIER_3_SIMPLIFIED,NO,POTENTIAL_SANCTION_MATCH,10,0.93,1
SWIFT_00001144,US,IN,USD,83963.36,INDIVIDUAL_SAVINGS,TIER_1_STANDARD,NO,CLEAR,5,0.68,0
SWIFT_00001145,IN,VG,GBP,142862.57,INDIVIDUAL_SAVINGS,TIER_2_ENHANCED,NO,CLEAR,9,0.32,0
SWIFT_00001146,IN,SG,USD,113152.54,OFFSHORE_TRUST,TIER_3_SIMPLIFIED,YES,CLEAR,12,0.52,1
SWIFT_00001147,AE,HK,SGD,23359.97,OFFSHORE_TRUST,TIER_1_STANDARD,NO,CLEAR,15,0.54,0
SWIFT_00001148,CH,VG,GBP,207657.28,ESCROW,TIER_3_SIMPLIFIED,NO,CLEAR,5,0.71,0
SWIFT_00001149,DE,US,AED,112683.72,ESCROW,TIER_2_ENHANCED,NO,CLEAR,14,0.13,1
SWIFT_00001150,US,SG,INR,237241.17,CORPORATE_CURRENT,TIER_2_ENHANCED,YES,CLEAR,12,0.28,1
SWIFT_00001151,SG,US,AED,17600.28,CORPORATE_CURRENT,TIER_3_SIMPLIFIED,NO,CLEAR,2,0.27,0
SWIFT_00001152,GB,VG,EUR,141114.35,CORPORATE_CURRENT,TIER_1_STANDARD,NO,CLEAR,11,0.88,0
SWIFT_00001153,IN,IN,INR,111640.49,CORPORATE_CURRENT,TIER_3_SIMPLIFIED,NO,CLEAR,4,0.86,1
SWIFT_00001154,DE,GB,SGD,239135.63,ESCROW,TIER_2_ENHANCED,NO,CLEAR,14,0.36,1
SWIFT_00001155,CH,VG,GBP,126659.83,CORPORATE_CURRENT,TIER_3_SIMPLIFIED,NO,CLEAR,6,0.41,1
SWIFT_00001156,KY,SG,GBP,171641.26,OFFSHORE_TRUST,TIER_2_ENHANCED,NO,CLEAR,13,0.32,1
SWIFT_00001157,GB,SG,SGD,45483.61,INDIVIDUAL_SAVINGS,TIER_3_SIMPLIFIED,NO,CLEAR,12,0.41,0
SWIFT_00001158,AE,CY,AED,38198.27,ESCROW,TIER_1_STANDARD,NO,CLEAR,14,0.14,0
SWIFT_00001159,IN,GB,USD,187071.39,OFFSHORE_TRUST,TIER_3_SIMPLIFIED,YES,CLEAR,6,0.37,1
SWIFT_00001160,DE,VG,AED,3352.89,INDIVIDUAL_SAVINGS,TIER_2_ENHANCED,NO,CLEAR,15,0.47,0
SWIFT_00001161,DE,IN,SGD,101133.92,ESCROW,TIER_2_ENHANCED,NO,CLEAR,11,0.01,1
SWIFT_00001162,KY,HK,AED,211469.53,ESCROW,TIER_1_STANDARD,NO,CLEAR,9,0.64,1
SWIFT_00001163,DE,HK,USD,101108.35,ESCROW,TIER_1_STANDARD,NO,POTENTIAL_SANCTION_MATCH,6,0.54,1
SWIFT_00001164,SG,US,SGD,180600.85,ESCROW,TIER_1_STANDARD,NO,POTENTIAL_SANCTION_MATCH,8,0.62,1
SWIFT_00001165,PA,IN,USD,34011.16,CORPORATE_CURRENT,TIER_3_SIMPLIFIED,NO,CLEAR,6,0.64,1
SWIFT_00001166,US,US,INR,234540.21,INDIVIDUAL_SAVINGS,TIER_1_STANDARD,NO,POTENTIAL_SANCTION_MATCH,10,0.70,1
SWIFT_00001167,GB,GB,AED,246902.18,CORPORATE_CURRENT,TIER_2_ENHANCED,NO,POTENTIAL_SANCTION_MATCH,6,0.21,1
SWIFT_00001168,KY,AE,GBP,115981.48,ESCROW,TIER_2_ENHANCED,NO,POTENTIAL_SANCTION_MATCH,6,0.40,1
SWIFT_00001169,PA,RU,GBP,86483.95,OFFSHORE_TRUST,TIER_3_SIMPLIFIED,NO,CLEAR,6,0.75,1
SWIFT_00001170,KY,US,USD,227686.72,ESCROW,TIER_2_ENHANCED,NO,CLEAR,1,0.67,1
SWIFT_00001171,US,CY,GBP,143231.88,ESCROW,TIER_3_SIMPLIFIED,NO,CLEAR,8,0.31,0
SWIFT_00001172,GB,CY,GBP,196296.83,ESCROW,TIER_1_STANDARD,NO,CLEAR,15,0.74,0
SWIFT_00001173,PA,HK,EUR,230044.90,ESCROW,TIER_3_SIMPLIFIED,NO,CLEAR,4,0.57,1
SWIFT_00001174,US,US,AED,154851.13,INDIVIDUAL_SAVINGS,TIER_2_ENHANCED,NO,CLEAR,14,0.76,1
SWIFT_00001175,CH,GB,USD,151579.12,INDIVIDUAL_SAVINGS,TIER_2_ENHANCED,YES,POTENTIAL_SANCTION_MATCH,7,0.44,1
SWIFT_00001176,GB,GB,SGD,214533.49,OFFSHORE_TRUST,TIER_1_STANDARD,NO,CLEAR,14,0.37,0
SWIFT_00001177,SG,AE,USD,189847.29,ESCROW,TIER_2_ENHANCED,NO,CLEAR,6,0.80,0
SWIFT_00001178,KY,CY,EUR,74034.79,CORPORATE_CURRENT,TIER_1_STANDARD,NO,CLEAR,3,0.84,1
SWIFT_00001179,DE,VG,USD,70961.45,OFFSHORE_TRUST,TIER_2_ENHANCED,YES,POTENTIAL_SANCTION_MATCH,7,0.32,1
SWIFT_00001180,KY,RU,USD,148605.74,OFFSHORE_TRUST,TIER_2_ENHANCED,NO,CLEAR,9,0.91,1
SWIFT_00001181,GB,CY,INR,13344.11,INDIVIDUAL_SAVINGS,TIER_1_STANDARD,NO,CLEAR,1,0.23,0
SWIFT_00001182,US,CY,INR,121313.27,CORPORATE_CURRENT,TIER_2_ENHANCED,NO,CLEAR,4,0.14,1
SWIFT_00001183,KY,IN,EUR,108380.69,ESCROW,TIER_2_ENHANCED,NO,CLEAR,6,0.75,1
SWIFT_00001184,DE,GB,SGD,113119.85,OFFSHORE_TRUST,TIER_1_STANDARD,YES,CLEAR,4,0.70,1
SWIFT_00001185,CH,RU,SGD,33625.46,INDIVIDUAL_SAVINGS,TIER_3_SIMPLIFIED,YES,CLEAR,12,0.13,1
SWIFT_00001186,US,AE,INR,145837.64,INDIVIDUAL_SAVINGS,TIER_3_SIMPLIFIED,NO,POTENTIAL_SANCTION_MATCH,9,0.96,1
SWIFT_00001187,IN,VG,SGD,193901.37,OFFSHORE_TRUST,TIER_1_STANDARD,NO,CLEAR,6,0.83,1
SWIFT_00001188,PA,RU,SGD,30856.40,ESCROW,TIER_2_ENHANCED,NO,CLEAR,10,0.29,1
SWIFT_00001189,SG,HK,SGD,181908.52,OFFSHORE_TRUST,TIER_1_STANDARD,NO,CLEAR,5,0.05,1
SWIFT_00001190,DE,AE,GBP,63821.51,OFFSHORE_TRUST,TIER_2_ENHANCED,NO,CLEAR,4,0.70,0
SWIFT_00001191,PA,HK,INR,93627.80,INDIVIDUAL_SAVINGS,TIER_1_STANDARD,YES,CLEAR,7,0.38,1
SWIFT_00001192,PA,HK,USD,80009.23,INDIVIDUAL_SAVINGS,TIER_3_SIMPLIFIED,NO,CLEAR,9,0.69,1
SWIFT_00001193,GB,US,SGD,169208.04,OFFSHORE_TRUST,TIER_2_ENHANCED,YES,CLEAR,12,0.89,1
SWIFT_00001194,PA,IN,AED,33572.41,OFFSHORE_TRUST,TIER_3_SIMPLIFIED,NO,POTENTIAL_SANCTION_MATCH,2,0.26,1
SWIFT_00001195,GB,HK,INR,221763.07,OFFSHORE_TRUST,TIER_3_SIMPLIFIED,NO,POTENTIAL_SANCTION_MATCH,11,0.51,1
SWIFT_00001196,PA,VG,INR,56238.69,INDIVIDUAL_SAVINGS,TIER_1_STANDARD,NO,POTENTIAL_SANCTION_MATCH,11,0.83,1
SWIFT_00001197,PA,IN,INR,150894.00,CORPORATE_CURRENT,TIER_2_ENHANCED,NO,CLEAR,3,0.84,1
SWIFT_00001198,GB,US,GBP,179918.28,CORPORATE_CURRENT,TIER_2_ENHANCED,NO,CLEAR,5,0.10,0
SWIFT_00001199,US,AE,EUR,44324.81,CORPORATE_CURRENT,TIER_3_SIMPLIFIED,YES,CLEAR,4,0.73,1
SWIFT_00001200,US,SG,USD,130085.78,ESCROW,TIER_1_STANDARD,YES,CLEAR,6,0.37,1
SWIFT_00001201,SG,US,SGD,20721.41,OFFSHORE_TRUST,TIER_1_STANDARD,NO,POTENTIAL_SANCTION_MATCH,2,0.30,1
SWIFT_00001202,PA,HK,SGD,8838.64,CORPORATE_CURRENT,TIER_3_SIMPLIFIED,NO,CLEAR,2,0.48,1
SWIFT_00001203,KY,RU,EUR,21847.70,OFFSHORE_TRUST,TIER_2_ENHANCED,NO,CLEAR,13,0.87,1
SWIFT_00001204,DE,US,USD,206926.94,INDIVIDUAL_SAVINGS,TIER_1_STANDARD,NO,POTENTIAL_SANCTION_MATCH,9,0.80,1
SWIFT_00001205,SG,SG,AED,240924.53,ESCROW,TIER_3_SIMPLIFIED,NO,CLEAR,13,0.38,0
SWIFT_00001206,US,GB,AED,193735.87,INDIVIDUAL_SAVINGS,TIER_1_STANDARD,NO,CLEAR,6,0.68,0
SWIFT_00001207,SG,VG,INR,115628.59,CORPORATE_CURRENT,TIER_1_STANDARD,YES,CLEAR,5,0.34,1
SWIFT_00001208,SG,GB,AED,145706.24,ESCROW,TIER_3_SIMPLIFIED,NO,POTENTIAL_SANCTION_MATCH,3,0.50,1
SWIFT_00001209,PA,SG,AED,242919.53,ESCROW,TIER_1_STANDARD,NO,POTENTIAL_SANCTION_MATCH,1,0.14,1
SWIFT_00001210,KY,HK,INR,226228.49,OFFSHORE_TRUST,TIER_1_STANDARD,NO,CLEAR,1,0.57,1
SWIFT_00001211,AE,HK,GBP,3999.85,CORPORATE_CURRENT,TIER_3_SIMPLIFIED,NO,CLEAR,13,0.30,0
SWIFT_00001212,SG,SG,EUR,7130.94,CORPORATE_CURRENT,TIER_1_STANDARD,NO,CLEAR,9,0.13,0
SWIFT_00001213,KY,IN,USD,87491.69,INDIVIDUAL_SAVINGS,TIER_3_SIMPLIFIED,NO,CLEAR,13,0.49,1
SWIFT_00001214,IN,GB,USD,191624.98,ESCROW,TIER_3_SIMPLIFIED,NO,POTENTIAL_SANCTION_MATCH,6,0.26,1
SWIFT_00001215,US,AE,INR,238698.64,ESCROW,TIER_1_STANDARD,NO,CLEAR,7,0.62,0
SWIFT_00001216,IN,VG,USD,83056.54,CORPORATE_CURRENT,TIER_1_STANDARD,NO,CLEAR,7,0.84,0
SWIFT_00001217,SG,IN,GBP,175231.26,OFFSHORE_TRUST,TIER_1_STANDARD,NO,CLEAR,9,0.29,1
SWIFT_00001218,GB,RU,GBP,237738.42,CORPORATE_CURRENT,TIER_1_STANDARD,NO,CLEAR,6,0.81,1
SWIFT_00001219,PA,SG,USD,18359.45,INDIVIDUAL_SAVINGS,TIER_2_ENHANCED,NO,CLEAR,14,0.04,1
SWIFT_00001220,GB,CY,USD,210931.18,INDIVIDUAL_SAVINGS,TIER_1_STANDARD,NO,CLEAR,11,0.88,1
SWIFT_00001221,PA,IN,USD,81557.18,CORPORATE_CURRENT,TIER_3_SIMPLIFIED,YES,POTENTIAL_SANCTION_MATCH,8,0.58,1
SWIFT_00001222,KY,CY,SGD,25762.75,INDIVIDUAL_SAVINGS,TIER_2_ENHANCED,NO,CLEAR,8,0.36,1
SWIFT_00001223,DE,IN,GBP,243078.62,CORPORATE_CURRENT,TIER_2_ENHANCED,NO,CLEAR,7,0.81,1
SWIFT_00001224,US,AE,AED,22100.66,ESCROW,TIER_3_SIMPLIFIED,NO,CLEAR,3,0.65,0
SWIFT_00001225,KY,CY,GBP,187024.29,ESCROW,TIER_3_SIMPLIFIED,YES,CLEAR,14,0.04,1
SWIFT_00001226,PA,IN,SGD,242954.91,ESCROW,TIER_1_STANDARD,NO,CLEAR,1,0.20,1
SWIFT_00001227,PA,CY,GBP,70439.27,CORPORATE_CURRENT,TIER_2_ENHANCED,NO,CLEAR,6,0.23,1
SWIFT_00001228,SG,AE,GBP,165421.55,CORPORATE_CURRENT,TIER_2_ENHANCED,NO,CLEAR,10,0.84,0
SWIFT_00001229,PA,CY,GBP,16846.07,OFFSHORE_TRUST,TIER_2_ENHANCED,YES,CLEAR,6,0.17,1
SWIFT_00001230,IN,IN,SGD,10360.44,CORPORATE_CURRENT,TIER_2_ENHANCED,YES,CLEAR,9,0.31,1
SWIFT_00001231,IN,HK,SGD,188970.26,ESCROW,TIER_2_ENHANCED,NO,CLEAR,9,0.29,0
SWIFT_00001232,AE,CY,GBP,179766.95,OFFSHORE_TRUST,TIER_3_SIMPLIFIED,NO,CLEAR,2,0.32,0
SWIFT_00001233,IN,GB,GBP,8415.41,CORPORATE_CURRENT,TIER_2_ENHANCED,YES,POTENTIAL_SANCTION_MATCH,13,0.56,1
SWIFT_00001234,CH,US,AED,240079.06,CORPORATE_CURRENT,TIER_3_SIMPLIFIED,NO,POTENTIAL_SANCTION_MATCH,6,0.31,1
SWIFT_00001235,US,HK,EUR,193437.15,INDIVIDUAL_SAVINGS,TIER_1_STANDARD,NO,CLEAR,13,0.35,1
SWIFT_00001236,IN,GB,EUR,101860.30,CORPORATE_CURRENT,TIER_2_ENHANCED,NO,CLEAR,5,0.72,0
SWIFT_00001237,CH,US,AED,26242.40,INDIVIDUAL_SAVINGS,TIER_1_STANDARD,NO,CLEAR,11,0.57,0
SWIFT_00001238,PA,HK,EUR,64096.00,INDIVIDUAL_SAVINGS,TIER_3_SIMPLIFIED,NO,POTENTIAL_SANCTION_MATCH,5,0.16,1
SWIFT_00001239,AE,VG,GBP,94749.69,ESCROW,TIER_1_STANDARD,NO,CLEAR,10,0.94,0
SWIFT_00001240,IN,IN,EUR,62079.63,INDIVIDUAL_SAVINGS,TIER_1_STANDARD,NO,CLEAR,10,0.49,0
SWIFT_00001241,PA,AE,AED,37323.22,ESCROW,TIER_1_STANDARD,NO,CLEAR,1,0.81,1
SWIFT_00001242,GB,US,GBP,54839.75,CORPORATE_CURRENT,TIER_1_STANDARD,NO,POTENTIAL_SANCTION_MATCH,12,0.78,1
SWIFT_00001243,SG,VG,GBP,49488.36,INDIVIDUAL_SAVINGS,TIER_1_STANDARD,NO,CLEAR,8,0.61,0
SWIFT_00001244,KY,US,AED,218252.71,ESCROW,TIER_1_STANDARD,NO,CLEAR,10,0.39,1
SWIFT_00001245,PA,US,GBP,94979.75,OFFSHORE_TRUST,TIER_2_ENHANCED,NO,CLEAR,6,0.20,1
SWIFT_00001246,US,CY,AED,214304.63,INDIVIDUAL_SAVINGS,TIER_1_STANDARD,YES,CLEAR,5,0.83,1
SWIFT_00001247,KY,HK,AED,136584.50,INDIVIDUAL_SAVINGS,TIER_2_ENHANCED,NO,CLEAR,10,0.91,1
SWIFT_00001248,AE,CY,SGD,134606.04,ESCROW,TIER_2_ENHANCED,YES,CLEAR,6,0.63,1
SWIFT_00001249,US,VG,SGD,237870.59,OFFSHORE_TRUST,TIER_1_STANDARD,NO,POTENTIAL_SANCTION_MATCH,7,0.79,1
SWIFT_00001250,CH,RU,EUR,29443.69,OFFSHORE_TRUST,TIER_2_ENHANCED,NO,POTENTIAL_SANCTION_MATCH,2,0.50,1
SWIFT_00001251,CH,US,AED,28857.72,OFFSHORE_TRUST,TIER_2_ENHANCED,NO,CLEAR,5,0.11,0
SWIFT_00001252,US,IN,SGD,155869.18,ESCROW,TIER_3_SIMPLIFIED,NO,POTENTIAL_SANCTION_MATCH,11,0.32,1
SWIFT_00001253,AE,CY,SGD,148916.89,CORPORATE_CURRENT,TIER_3_SIMPLIFIED,YES,CLEAR,2,0.49,1
SWIFT_00001254,DE,HK,AED,247245.64,CORPORATE_CURRENT,TIER_1_STANDARD,NO,CLEAR,7,0.95,0
SWIFT_00001255,SG,IN,EUR,44330.69,CORPORATE_CURRENT,TIER_1_STANDARD,NO,CLEAR,4,0.33,0
SWIFT_00001256,US,CY,INR,100490.28,CORPORATE_CURRENT,TIER_2_ENHANCED,NO,POTENTIAL_SANCTION_MATCH,11,0.60,1
SWIFT_00001257,US,IN,SGD,229465.65,OFFSHORE_TRUST,TIER_1_STANDARD,NO,CLEAR,9,0.03,0
SWIFT_00001258,PA,RU,EUR,3789.86,CORPORATE_CURRENT,TIER_1_STANDARD,NO,CLEAR,11,0.35,1
SWIFT_00001259,SG,SG,INR,34333.39,CORPORATE_CURRENT,TIER_2_ENHANCED,NO,CLEAR,3,0.40,0
SWIFT_00001260,CH,IN,GBP,235761.19,OFFSHORE_TRUST,TIER_2_ENHANCED,NO,CLEAR,12,0.35,1
SWIFT_00001261,KY,AE,EUR,100897.96,ESCROW,TIER_1_STANDARD,YES,CLEAR,3,0.36,1
SWIFT_00001262,AE,GB,INR,237396.97,OFFSHORE_TRUST,TIER_1_STANDARD,NO,CLEAR,10,0.43,0
SWIFT_00001263,KY,VG,INR,105668.81,ESCROW,TIER_3_SIMPLIFIED,NO,CLEAR,10,0.87,1
SWIFT_00001264,CH,SG,USD,68736.98,OFFSHORE_TRUST,TIER_3_SIMPLIFIED,NO,CLEAR,3,0.22,0
SWIFT_00001265,KY,GB,INR,113612.69,INDIVIDUAL_SAVINGS,TIER_3_SIMPLIFIED,NO,POTENTIAL_SANCTION_MATCH,9,0.32,1
SWIFT_00001266,AE,RU,GBP,152651.74,CORPORATE_CURRENT,TIER_1_STANDARD,NO,CLEAR,10,0.16,1
SWIFT_00001267,GB,GB,INR,138460.93,OFFSHORE_TRUST,TIER_2_ENHANCED,YES,CLEAR,3,0.26,1
SWIFT_00001268,KY,SG,INR,131511.49,CORPORATE_CURRENT,TIER_2_ENHANCED,NO,POTENTIAL_SANCTION_MATCH,2,0.83,1
SWIFT_00001269,CH,IN,EUR,88902.31,INDIVIDUAL_SAVINGS,TIER_3_SIMPLIFIED,NO,CLEAR,7,0.83,0
SWIFT_00001270,IN,IN,GBP,110245.12,CORPORATE_CURRENT,TIER_3_SIMPLIFIED,NO,CLEAR,12,0.07,0
SWIFT_00001271,CH,SG,AED,40410.85,OFFSHORE_TRUST,TIER_2_ENHANCED,NO,CLEAR,1,0.18,0
SWIFT_00001272,IN,VG,EUR,55373.42,CORPORATE_CURRENT,TIER_3_SIMPLIFIED,NO,CLEAR,9,0.08,0
SWIFT_00001273,US,CY,EUR,128163.16,ESCROW,TIER_3_SIMPLIFIED,NO,CLEAR,6,0.38,0
SWIFT_00001274,SG,RU,SGD,222476.56,ESCROW,TIER_3_SIMPLIFIED,YES,CLEAR,7,0.23,1
SWIFT_00001275,PA,HK,AED,182984.12,OFFSHORE_TRUST,TIER_3_SIMPLIFIED,NO,CLEAR,14,0.63,1
SWIFT_00001276,PA,RU,AED,155313.02,OFFSHORE_TRUST,TIER_1_STANDARD,YES,CLEAR,11,0.41,1
SWIFT_00001277,DE,RU,GBP,124801.87,ESCROW,TIER_3_SIMPLIFIED,YES,CLEAR,10,0.01,1
SWIFT_00001278,CH,CY,INR,120791.54,INDIVIDUAL_SAVINGS,TIER_2_ENHANCED,NO,POTENTIAL_SANCTION_MATCH,8,0.57,1
SWIFT_00001279,IN,HK,USD,173444.28,OFFSHORE_TRUST,TIER_2_ENHANCED,YES,CLEAR,8,0.04,1
SWIFT_00001280,SG,HK,GBP,50298.56,CORPORATE_CURRENT,TIER_3_SIMPLIFIED,NO,CLEAR,12,0.54,0
SWIFT_00001281,CH,GB,AED,131188.26,CORPORATE_CURRENT,TIER_2_ENHANCED,NO,CLEAR,13,0.77,1
SWIFT_00001282,KY,GB,INR,16013.46,INDIVIDUAL_SAVINGS,TIER_1_STANDARD,YES,POTENTIAL_SANCTION_MATCH,5,0.76,1
SWIFT_00001283,SG,CY,USD,93811.57,OFFSHORE_TRUST,TIER_1_STANDARD,NO,CLEAR,12,0.78,0
SWIFT_00001284,PA,GB,INR,93913.60,INDIVIDUAL_SAVINGS,TIER_1_STANDARD,YES,CLEAR,2,0.34,1
SWIFT_00001285,PA,AE,INR,186165.86,ESCROW,TIER_1_STANDARD,NO,CLEAR,15,0.77,1
SWIFT_00001286,IN,GB,AED,7266.36,CORPORATE_CURRENT,TIER_2_ENHANCED,NO,CLEAR,3,0.30,0
SWIFT_00001287,US,RU,AED,241711.45,OFFSHORE_TRUST,TIER_3_SIMPLIFIED,NO,POTENTIAL_SANCTION_MATCH,8,0.46,1
SWIFT_00001288,SG,GB,EUR,172474.08,OFFSHORE_TRUST,TIER_1_STANDARD,NO,POTENTIAL_SANCTION_MATCH,3,0.41,1
SWIFT_00001289,PA,SG,EUR,84721.63,CORPORATE_CURRENT,TIER_1_STANDARD,NO,POTENTIAL_SANCTION_MATCH,2,0.17,1
SWIFT_00001290,KY,RU,USD,200051.58,ESCROW,TIER_3_SIMPLIFIED,NO,CLEAR,10,0.31,1
SWIFT_00001291,CH,VG,GBP,27246.66,ESCROW,TIER_2_ENHANCED,NO,CLEAR,12,0.75,0
SWIFT_00001292,SG,AE,USD,81935.66,INDIVIDUAL_SAVINGS,TIER_1_STANDARD,YES,CLEAR,11,0.39,1
SWIFT_00001293,US,HK,USD,24992.82,ESCROW,TIER_2_ENHANCED,NO,CLEAR,9,0.78,0
SWIFT_00001294,CH,HK,INR,177789.79,INDIVIDUAL_SAVINGS,TIER_2_ENHANCED,NO,CLEAR,14,0.82,0
SWIFT_00001295,AE,GB,EUR,197745.55,ESCROW,TIER_3_SIMPLIFIED,NO,CLEAR,5,0.68,0
SWIFT_00001296,DE,GB,EUR,218643.77,OFFSHORE_TRUST,TIER_2_ENHANCED,NO,CLEAR,3,0.17,0
SWIFT_00001297,SG,US,INR,17615.62,OFFSHORE_TRUST,TIER_2_ENHANCED,NO,CLEAR,9,0.52,0
SWIFT_00001298,DE,GB,SGD,198206.08,ESCROW,TIER_2_ENHANCED,NO,POTENTIAL_SANCTION_MATCH,5,0.80,1
SWIFT_00001299,PA,HK,SGD,51229.91,ESCROW,TIER_3_SIMPLIFIED,NO,CLEAR,13,0.80,1
SWIFT_00001300,PA,IN,EUR,238424.29,INDIVIDUAL_SAVINGS,TIER_1_STANDARD,NO,CLEAR,15,0.04,1
SWIFT_00001301,CH,CY,GBP,204301.69,INDIVIDUAL_SAVINGS,TIER_1_STANDARD,YES,CLEAR,9,0.77,1
SWIFT_00001302,CH,US,USD,228190.11,ESCROW,TIER_3_SIMPLIFIED,NO,CLEAR,5,0.15,1
SWIFT_00001303,PA,HK,INR,126238.07,ESCROW,TIER_2_ENHANCED,NO,POTENTIAL_SANCTION_MATCH,14,0.95,1
SWIFT_00001304,KY,US,USD,133691.32,CORPORATE_CURRENT,TIER_2_ENHANCED,NO,CLEAR,12,0.18,1
SWIFT_00001305,SG,AE,INR,182461.86,OFFSHORE_TRUST,TIER_1_STANDARD,NO,CLEAR,1,0.06,0
SWIFT_00001306,KY,US,GBP,126639.47,INDIVIDUAL_SAVINGS,TIER_2_ENHANCED,NO,CLEAR,8,0.34,1
SWIFT_00001307,CH,HK,EUR,235752.85,ESCROW,TIER_1_STANDARD,NO,CLEAR,9,0.88,1
SWIFT_00001308,DE,US,EUR,224256.57,INDIVIDUAL_SAVINGS,TIER_3_SIMPLIFIED,YES,CLEAR,11,0.24,1
SWIFT_00001309,KY,VG,AED,65002.01,OFFSHORE_TRUST,TIER_3_SIMPLIFIED,YES,CLEAR,7,0.84,1
SWIFT_00001310,GB,US,GBP,19426.71,ESCROW,TIER_2_ENHANCED,YES,CLEAR,9,0.84,1
SWIFT_00001311,US,CY,GBP,200621.76,OFFSHORE_TRUST,TIER_2_ENHANCED,YES,CLEAR,10,0.59,1
SWIFT_00001312,CH,AE,USD,13445.78,CORPORATE_CURRENT,TIER_3_SIMPLIFIED,NO,CLEAR,9,0.59,0
SWIFT_00001313,PA,VG,USD,92273.13,OFFSHORE_TRUST,TIER_1_STANDARD,YES,CLEAR,9,0.27,1
SWIFT_00001314,DE,HK,INR,240657.84,ESCROW,TIER_1_STANDARD,NO,CLEAR,7,0.02,1
SWIFT_00001315,AE,IN,SGD,133639.62,ESCROW,TIER_3_SIMPLIFIED,YES,CLEAR,4,0.67,1
SWIFT_00001316,IN,IN,USD,34573.75,OFFSHORE_TRUST,TIER_3_SIMPLIFIED,YES,CLEAR,9,0.21,1
SWIFT_00001317,DE,GB,GBP,130315.13,OFFSHORE_TRUST,TIER_2_ENHANCED,NO,CLEAR,3,0.96,0
SWIFT_00001318,GB,HK,EUR,244959.30,INDIVIDUAL_SAVINGS,TIER_1_STANDARD,NO,CLEAR,2,0.37,0
SWIFT_00001319,GB,GB,GBP,201877.96,INDIVIDUAL_SAVINGS,TIER_3_SIMPLIFIED,NO,CLEAR,6,0.89,1
SWIFT_00001320,KY,RU,GBP,229317.00,INDIVIDUAL_SAVINGS,TIER_1_STANDARD,NO,POTENTIAL_SANCTION_MATCH,6,0.35,1
SWIFT_00001321,DE,RU,INR,16239.44,OFFSHORE_TRUST,TIER_1_STANDARD,NO,CLEAR,10,0.35,0
SWIFT_00001322,CH,US,USD,53342.62,INDIVIDUAL_SAVINGS,TIER_3_SIMPLIFIED,NO,CLEAR,3,0.79,0
SWIFT_00001323,AE,SG,SGD,220893.06,CORPORATE_CURRENT,TIER_2_ENHANCED,NO,POTENTIAL_SANCTION_MATCH,1,0.78,1
SWIFT_00001324,KY,US,EUR,234906.17,CORPORATE_CURRENT,TIER_1_STANDARD,YES,CLEAR,7,0.95,1
SWIFT_00001325,AE,CY,GBP,124321.32,ESCROW,TIER_1_STANDARD,NO,CLEAR,12,0.37,0
SWIFT_00001326,CH,US,EUR,843.78,OFFSHORE_TRUST,TIER_1_STANDARD,NO,CLEAR,13,0.44,0
SWIFT_00001327,DE,HK,EUR,28776.08,OFFSHORE_TRUST,TIER_3_SIMPLIFIED,NO,POTENTIAL_SANCTION_MATCH,2,0.09,1
SWIFT_00001328,AE,AE,SGD,182563.60,INDIVIDUAL_SAVINGS,TIER_1_STANDARD,NO,CLEAR,11,0.36,0
SWIFT_00001329,GB,CY,SGD,37857.56,CORPORATE_CURRENT,TIER_1_STANDARD,NO,CLEAR,2,0.65,0
SWIFT_00001330,PA,US,GBP,173788.60,OFFSHORE_TRUST,TIER_3_SIMPLIFIED,YES,POTENTIAL_SANCTION_MATCH,14,0.35,1
SWIFT_00001331,PA,HK,AED,103186.49,INDIVIDUAL_SAVINGS,TIER_1_STANDARD,NO,POTENTIAL_SANCTION_MATCH,14,0.37,1
SWIFT_00001332,AE,RU,AED,85835.10,OFFSHORE_TRUST,TIER_2_ENHANCED,NO,CLEAR,5,0.70,0
SWIFT_00001333,CH,AE,INR,136805.86,CORPORATE_CURRENT,TIER_2_ENHANCED,NO,CLEAR,8,0.20,1
SWIFT_00001334,KY,IN,SGD,5638.32,OFFSHORE_TRUST,TIER_3_SIMPLIFIED,NO,POTENTIAL_SANCTION_MATCH,6,0.66,1
SWIFT_00001335,CH,AE,AED,238904.24,ESCROW,TIER_1_STANDARD,YES,POTENTIAL_SANCTION_MATCH,7,0.55,1
SWIFT_00001336,DE,GB,USD,209744.87,CORPORATE_CURRENT,TIER_3_SIMPLIFIED,NO,CLEAR,6,0.81,0
SWIFT_00001337,DE,HK,EUR,117573.32,OFFSHORE_TRUST,TIER_1_STANDARD,NO,CLEAR,5,0.53,0
SWIFT_00001338,DE,GB,INR,138105.27,CORPORATE_CURRENT,TIER_3_SIMPLIFIED,NO,CLEAR,15,0.17,0
SWIFT_00001339,SG,VG,AED,223262.25,INDIVIDUAL_SAVINGS,TIER_2_ENHANCED,YES,CLEAR,15,0.09,1
SWIFT_00001340,CH,VG,SGD,34029.63,OFFSHORE_TRUST,TIER_1_STANDARD,NO,POTENTIAL_SANCTION_MATCH,12,0.61,1
SWIFT_00001341,IN,AE,USD,249692.07,OFFSHORE_TRUST,TIER_2_ENHANCED,NO,CLEAR,7,0.34,1
SWIFT_00001342,IN,CY,USD,197063.78,ESCROW,TIER_2_ENHANCED,NO,CLEAR,14,0.24,1
SWIFT_00001343,KY,CY,USD,117302.67,CORPORATE_CURRENT,TIER_3_SIMPLIFIED,NO,POTENTIAL_SANCTION_MATCH,3,0.19,1
SWIFT_00001344,AE,SG,SGD,102287.59,CORPORATE_CURRENT,TIER_3_SIMPLIFIED,NO,CLEAR,15,0.86,1
SWIFT_00001345,DE,GB,AED,17807.31,ESCROW,TIER_3_SIMPLIFIED,YES,POTENTIAL_SANCTION_MATCH,11,0.83,1
SWIFT_00001346,AE,IN,SGD,14975.49,OFFSHORE_TRUST,TIER_3_SIMPLIFIED,NO,CLEAR,12,0.47,0
SWIFT_00001347,GB,CY,GBP,23785.81,INDIVIDUAL_SAVINGS,TIER_2_ENHANCED,YES,CLEAR,4,0.92,1
SWIFT_00001348,PA,SG,AED,217862.04,OFFSHORE_TRUST,TIER_1_STANDARD,NO,CLEAR,15,0.61,1
SWIFT_00001349,SG,IN,SGD,123491.13,OFFSHORE_TRUST,TIER_3_SIMPLIFIED,NO,CLEAR,2,0.23,0
SWIFT_00001350,IN,SG,INR,85727.84,INDIVIDUAL_SAVINGS,TIER_3_SIMPLIFIED,NO,CLEAR,14,0.42,0
SWIFT_00001351,US,CY,EUR,187944.69,OFFSHORE_TRUST,TIER_2_ENHANCED,YES,CLEAR,12,0.88,1
SWIFT_00001352,KY,US,AED,125035.77,INDIVIDUAL_SAVINGS,TIER_2_ENHANCED,NO,CLEAR,5,0.90,1
SWIFT_00001353,SG,SG,INR,105337.86,INDIVIDUAL_SAVINGS,TIER_1_STANDARD,NO,CLEAR,8,0.32,0
SWIFT_00001354,GB,CY,EUR,113875.97,ESCROW,TIER_3_SIMPLIFIED,NO,POTENTIAL_SANCTION_MATCH,13,0.44,1
SWIFT_00001355,DE,SG,SGD,214265.13,INDIVIDUAL_SAVINGS,TIER_1_STANDARD,YES,CLEAR,12,0.68,1
SWIFT_00001356,US,VG,AED,109110.27,ESCROW,TIER_3_SIMPLIFIED,NO,CLEAR,11,0.26,0
SWIFT_00001357,DE,GB,GBP,194683.34,CORPORATE_CURRENT,TIER_1_STANDARD,NO,POTENTIAL_SANCTION_MATCH,15,0.54,1
SWIFT_00001358,IN,IN,USD,116077.85,ESCROW,TIER_2_ENHANCED,NO,CLEAR,11,0.30,0
SWIFT_00001359,KY,IN,EUR,243518.00,ESCROW,TIER_1_STANDARD,NO,CLEAR,5,0.27,1
SWIFT_00001360,CH,RU,AED,181476.28,OFFSHORE_TRUST,TIER_1_STANDARD,YES,CLEAR,4,0.94,1
SWIFT_00001361,SG,IN,INR,7602.19,INDIVIDUAL_SAVINGS,TIER_2_ENHANCED,NO,CLEAR,1,0.48,0
SWIFT_00001362,US,GB,EUR,22480.53,ESCROW,TIER_3_SIMPLIFIED,NO,CLEAR,6,0.78,0
SWIFT_00001363,AE,IN,EUR,201396.51,ESCROW,TIER_1_STANDARD,NO,CLEAR,3,0.73,0
SWIFT_00001364,PA,AE,EUR,89638.48,INDIVIDUAL_SAVINGS,TIER_1_STANDARD,NO,POTENTIAL_SANCTION_MATCH,7,0.63,1
SWIFT_00001365,IN,AE,USD,98843.70,ESCROW,TIER_1_STANDARD,NO,CLEAR,4,0.37,0
SWIFT_00001366,CH,RU,SGD,3347.77,INDIVIDUAL_SAVINGS,TIER_2_ENHANCED,YES,POTENTIAL_SANCTION_MATCH,12,0.96,1
SWIFT_00001367,IN,SG,SGD,108560.34,INDIVIDUAL_SAVINGS,TIER_3_SIMPLIFIED,NO,CLEAR,3,0.58,1
SWIFT_00001368,IN,SG,USD,11140.69,INDIVIDUAL_SAVINGS,TIER_1_STANDARD,NO,CLEAR,2,0.83,0
SWIFT_00001369,US,VG,INR,236744.14,ESCROW,TIER_2_ENHANCED,NO,CLEAR,3,0.92,0
SWIFT_00001370,KY,CY,SGD,92199.05,OFFSHORE_TRUST,TIER_1_STANDARD,NO,POTENTIAL_SANCTION_MATCH,9,0.46,1
SWIFT_00001371,KY,IN,INR,26110.88,INDIVIDUAL_SAVINGS,TIER_3_SIMPLIFIED,NO,CLEAR,10,0.74,1
SWIFT_00001372,CH,VG,USD,95797.29,ESCROW,TIER_2_ENHANCED,NO,CLEAR,10,0.63,0
SWIFT_00001373,AE,AE,EUR,110694.25,OFFSHORE_TRUST,TIER_1_STANDARD,NO,CLEAR,6,0.88,0
SWIFT_00001374,IN,GB,GBP,215511.97,ESCROW,TIER_3_SIMPLIFIED,NO,CLEAR,11,1.00,1
SWIFT_00001375,PA,SG,SGD,54736.72,OFFSHORE_TRUST,TIER_3_SIMPLIFIED,NO,CLEAR,8,0.42,1
SWIFT_00001376,AE,RU,EUR,10086.91,CORPORATE_CURRENT,TIER_2_ENHANCED,NO,CLEAR,8,0.26,0
SWIFT_00001377,AE,VG,EUR,40518.59,CORPORATE_CURRENT,TIER_1_STANDARD,NO,CLEAR,1,0.27,0
SWIFT_00001378,DE,AE,GBP,125323.43,ESCROW,TIER_3_SIMPLIFIED,NO,CLEAR,13,0.32,0
SWIFT_00001379,GB,RU,USD,227707.68,OFFSHORE_TRUST,TIER_3_SIMPLIFIED,NO,CLEAR,7,0.83,1
SWIFT_00001380,DE,VG,INR,215680.82,ESCROW,TIER_3_SIMPLIFIED,NO,POTENTIAL_SANCTION_MATCH,4,0.11,1
SWIFT_00001381,DE,IN,INR,141202.19,INDIVIDUAL_SAVINGS,TIER_3_SIMPLIFIED,NO,CLEAR,13,0.43,0
SWIFT_00001382,DE,RU,INR,115227.89,OFFSHORE_TRUST,TIER_1_STANDARD,NO,CLEAR,14,0.39,0
SWIFT_00001383,AE,SG,SGD,18241.59,CORPORATE_CURRENT,TIER_2_ENHANCED,YES,POTENTIAL_SANCTION_MATCH,9,0.03,1
SWIFT_00001384,PA,IN,EUR,133501.34,OFFSHORE_TRUST,TIER_3_SIMPLIFIED,NO,POTENTIAL_SANCTION_MATCH,7,0.58,1
SWIFT_00001385,DE,SG,SGD,228637.67,INDIVIDUAL_SAVINGS,TIER_1_STANDARD,NO,CLEAR,6,0.77,0
SWIFT_00001386,PA,VG,USD,122254.73,OFFSHORE_TRUST,TIER_1_STANDARD,NO,CLEAR,14,0.60,1
SWIFT_00001387,AE,SG,EUR,143776.66,CORPORATE_CURRENT,TIER_3_SIMPLIFIED,NO,CLEAR,7,0.11,1
SWIFT_00001388,AE,RU,USD,238306.74,INDIVIDUAL_SAVINGS,TIER_1_STANDARD,NO,CLEAR,10,0.39,1
SWIFT_00001389,GB,AE,SGD,106236.90,OFFSHORE_TRUST,TIER_3_SIMPLIFIED,YES,CLEAR,4,0.19,1
SWIFT_00001390,IN,SG,SGD,24267.93,INDIVIDUAL_SAVINGS,TIER_2_ENHANCED,NO,CLEAR,12,0.86,0
SWIFT_00001391,DE,VG,SGD,242524.88,CORPORATE_CURRENT,TIER_3_SIMPLIFIED,NO,CLEAR,3,0.97,0
SWIFT_00001392,US,GB,AED,243317.17,OFFSHORE_TRUST,TIER_1_STANDARD,YES,CLEAR,3,0.60,1
SWIFT_00001393,DE,US,EUR,146450.30,CORPORATE_CURRENT,TIER_2_ENHANCED,NO,CLEAR,14,0.98,0
SWIFT_00001394,DE,GB,INR,143992.02,INDIVIDUAL_SAVINGS,TIER_1_STANDARD,NO,POTENTIAL_SANCTION_MATCH,10,0.03,1
SWIFT_00001395,DE,SG,SGD,225463.76,INDIVIDUAL_SAVINGS,TIER_1_STANDARD,NO,CLEAR,9,0.72,1
SWIFT_00001396,AE,CY,SGD,9966.25,ESCROW,TIER_2_ENHANCED,NO,CLEAR,2,0.52,0
SWIFT_00001397,PA,AE,INR,144710.37,OFFSHORE_TRUST,TIER_1_STANDARD,NO,CLEAR,15,0.95,1
SWIFT_00001398,IN,AE,INR,150091.22,OFFSHORE_TRUST,TIER_1_STANDARD,NO,CLEAR,3,0.95,0
SWIFT_00001399,IN,IN,EUR,50842.77,CORPORATE_CURRENT,TIER_3_SIMPLIFIED,YES,POTENTIAL_SANCTION_MATCH,9,0.42,1
SWIFT_00001400,AE,IN,INR,85977.10,OFFSHORE_TRUST,TIER_2_ENHANCED,NO,CLEAR,6,0.75,0
SWIFT_00001401,DE,AE,SGD,108603.86,INDIVIDUAL_SAVINGS,TIER_3_SIMPLIFIED,YES,CLEAR,12,0.08,1
SWIFT_00001402,KY,US,AED,223087.64,OFFSHORE_TRUST,TIER_1_STANDARD,NO,CLEAR,9,0.50,1
SWIFT_00001403,DE,AE,USD,44194.48,CORPORATE_CURRENT,TIER_2_ENHANCED,NO,CLEAR,3,0.46,0
SWIFT_00001404,KY,VG,USD,57815.45,INDIVIDUAL_SAVINGS,TIER_2_ENHANCED,NO,POTENTIAL_SANCTION_MATCH,10,0.17,1
SWIFT_00001405,KY,SG,EUR,185422.26,CORPORATE_CURRENT,TIER_3_SIMPLIFIED,NO,CLEAR,1,0.36,1
SWIFT_00001406,KY,RU,EUR,33520.58,OFFSHORE_TRUST,TIER_2_ENHANCED,YES,POTENTIAL_SANCTION_MATCH,6,0.82,1
SWIFT_00001407,GB,SG,GBP,3836.10,ESCROW,TIER_2_ENHANCED,NO,CLEAR,7,0.46,0
SWIFT_00001408,GB,SG,USD,201333.08,ESCROW,TIER_1_STANDARD,NO,POTENTIAL_SANCTION_MATCH,4,0.19,1
SWIFT_00001409,PA,SG,SGD,185481.06,OFFSHORE_TRUST,TIER_2_ENHANCED,NO,CLEAR,3,0.36,1
SWIFT_00001410,GB,SG,SGD,204216.37,OFFSHORE_TRUST,TIER_1_STANDARD,NO,CLEAR,8,0.04,1
SWIFT_00001411,GB,GB,GBP,51549.21,CORPORATE_CURRENT,TIER_3_SIMPLIFIED,NO,POTENTIAL_SANCTION_MATCH,7,0.19,1
SWIFT_00001412,IN,RU,AED,145793.59,INDIVIDUAL_SAVINGS,TIER_3_SIMPLIFIED,NO,CLEAR,9,0.83,1
SWIFT_00001413,SG,VG,GBP,159522.59,INDIVIDUAL_SAVINGS,TIER_1_STANDARD,NO,CLEAR,6,0.19,1
SWIFT_00001414,CH,RU,INR,38889.24,INDIVIDUAL_SAVINGS,TIER_1_STANDARD,NO,CLEAR,8,0.33,0
SWIFT_00001415,DE,SG,AED,15445.65,ESCROW,TIER_1_STANDARD,NO,CLEAR,2,0.20,0
SWIFT_00001416,GB,RU,AED,185210.96,INDIVIDUAL_SAVINGS,TIER_1_STANDARD,NO,CLEAR,5,0.26,1
SWIFT_00001417,CH,GB,INR,67999.97,OFFSHORE_TRUST,TIER_2_ENHANCED,NO,CLEAR,2,0.94,0
SWIFT_00001418,PA,IN,AED,42005.20,OFFSHORE_TRUST,TIER_1_STANDARD,NO,CLEAR,10,0.03,1
SWIFT_00001419,SG,HK,SGD,34997.26,OFFSHORE_TRUST,TIER_1_STANDARD,YES,CLEAR,10,0.69,1
SWIFT_00001420,IN,GB,AED,46624.69,ESCROW,TIER_3_SIMPLIFIED,NO,POTENTIAL_SANCTION_MATCH,8,0.24,1
SWIFT_00001421,US,CY,AED,64931.35,ESCROW,TIER_1_STANDARD,NO,POTENTIAL_SANCTION_MATCH,5,0.37,1
SWIFT_00001422,US,AE,AED,236974.44,INDIVIDUAL_SAVINGS,TIER_1_STANDARD,NO,CLEAR,5,0.30,1
SWIFT_00001423,PA,AE,GBP,164198.10,ESCROW,TIER_3_SIMPLIFIED,NO,CLEAR,2,0.87,1
SWIFT_00001424,AE,IN,INR,185850.50,ESCROW,TIER_1_STANDARD,NO,CLEAR,6,0.91,0
SWIFT_00001425,CH,GB,EUR,171664.95,ESCROW,TIER_1_STANDARD,YES,POTENTIAL_SANCTION_MATCH,5,0.35,1
SWIFT_00001426,CH,HK,SGD,25307.08,INDIVIDUAL_SAVINGS,TIER_3_SIMPLIFIED,NO,CLEAR,14,0.29,0
SWIFT_00001427,AE,VG,AED,109048.89,INDIVIDUAL_SAVINGS,TIER_2_ENHANCED,NO,CLEAR,11,0.97,1
SWIFT_00001428,SG,IN,EUR,20426.40,OFFSHORE_TRUST,TIER_1_STANDARD,NO,CLEAR,9,0.76,0
SWIFT_00001429,CH,GB,EUR,84835.40,ESCROW,TIER_1_STANDARD,NO,CLEAR,15,0.72,0
SWIFT_00001430,CH,RU,GBP,9078.57,CORPORATE_CURRENT,TIER_3_SIMPLIFIED,NO,CLEAR,10,0.55,0
SWIFT_00001431,IN,SG,INR,39188.22,OFFSHORE_TRUST,TIER_1_STANDARD,NO,CLEAR,10,0.52,0
SWIFT_00001432,PA,HK,INR,134823.67,INDIVIDUAL_SAVINGS,TIER_2_ENHANCED,YES,CLEAR,8,0.78,1
SWIFT_00001433,DE,RU,INR,159501.50,CORPORATE_CURRENT,TIER_2_ENHANCED,NO,POTENTIAL_SANCTION_MATCH,12,0.99,1
SWIFT_00001434,PA,GB,USD,123891.97,OFFSHORE_TRUST,TIER_1_STANDARD,NO,POTENTIAL_SANCTION_MATCH,8,0.35,1
SWIFT_00001435,US,IN,USD,196988.02,OFFSHORE_TRUST,TIER_1_STANDARD,NO,CLEAR,10,0.35,0
SWIFT_00001436,PA,US,SGD,168515.60,CORPORATE_CURRENT,TIER_1_STANDARD,NO,CLEAR,10,0.93,1
SWIFT_00001437,IN,US,USD,32119.00,OFFSHORE_TRUST,TIER_3_SIMPLIFIED,NO,CLEAR,12,0.09,0
SWIFT_00001438,SG,AE,AED,157477.59,INDIVIDUAL_SAVINGS,TIER_2_ENHANCED,YES,POTENTIAL_SANCTION_MATCH,4,0.72,1
SWIFT_00001439,SG,HK,EUR,32789.85,ESCROW,TIER_3_SIMPLIFIED,YES,CLEAR,10,0.95,1
SWIFT_00001440,AE,CY,USD,113038.42,OFFSHORE_TRUST,TIER_3_SIMPLIFIED,YES,CLEAR,4,0.58,1
SWIFT_00001441,SG,VG,AED,51896.39,CORPORATE_CURRENT,TIER_2_ENHANCED,NO,POTENTIAL_SANCTION_MATCH,14,0.46,1
SWIFT_00001442,DE,SG,GBP,137874.09,ESCROW,TIER_3_SIMPLIFIED,NO,CLEAR,8,0.79,0
SWIFT_00001443,SG,VG,INR,65265.26,INDIVIDUAL_SAVINGS,TIER_3_SIMPLIFIED,NO,CLEAR,14,0.50,0
SWIFT_00001444,AE,SG,EUR,118989.51,CORPORATE_CURRENT,TIER_2_ENHANCED,NO,CLEAR,3,0.87,1
SWIFT_00001445,KY,SG,SGD,129602.96,CORPORATE_CURRENT,TIER_3_SIMPLIFIED,YES,CLEAR,9,0.16,1
SWIFT_00001446,KY,HK,USD,103539.00,ESCROW,TIER_1_STANDARD,YES,CLEAR,8,0.28,1
SWIFT_00001447,PA,CY,USD,129039.31,INDIVIDUAL_SAVINGS,TIER_1_STANDARD,NO,POTENTIAL_SANCTION_MATCH,7,0.59,1
SWIFT_00001448,IN,HK,EUR,54631.23,CORPORATE_CURRENT,TIER_2_ENHANCED,NO,CLEAR,4,0.07,0
SWIFT_00001449,DE,CY,INR,217990.17,OFFSHORE_TRUST,TIER_2_ENHANCED,NO,CLEAR,8,0.54,1
SWIFT_00001450,US,HK,SGD,64717.44,INDIVIDUAL_SAVINGS,TIER_2_ENHANCED,NO,CLEAR,12,0.33,0
SWIFT_00001451,PA,CY,GBP,226838.44,OFFSHORE_TRUST,TIER_1_STANDARD,NO,CLEAR,5,0.20,1
SWIFT_00001452,CH,HK,SGD,206281.58,OFFSHORE_TRUST,TIER_2_ENHANCED,YES,CLEAR,3,0.63,1
SWIFT_00001453,AE,US,EUR,2848.06,OFFSHORE_TRUST,TIER_1_STANDARD,NO,CLEAR,6,0.29,0
SWIFT_00001454,GB,IN,INR,137501.66,CORPORATE_CURRENT,TIER_2_ENHANCED,NO,CLEAR,5,0.70,1
SWIFT_00001455,SG,AE,EUR,187251.84,ESCROW,TIER_3_SIMPLIFIED,YES,CLEAR,10,0.07,1
SWIFT_00001456,KY,HK,GBP,119803.61,INDIVIDUAL_SAVINGS,TIER_3_SIMPLIFIED,NO,CLEAR,13,0.48,1
SWIFT_00001457,DE,RU,EUR,130083.28,ESCROW,TIER_1_STANDARD,NO,POTENTIAL_SANCTION_MATCH,3,0.39,1
SWIFT_00001458,GB,AE,USD,83739.57,ESCROW,TIER_2_ENHANCED,NO,CLEAR,6,0.68,0
SWIFT_00001459,AE,AE,INR,39131.18,INDIVIDUAL_SAVINGS,TIER_2_ENHANCED,YES,CLEAR,8,0.08,1
SWIFT_00001460,US,VG,SGD,54508.29,CORPORATE_CURRENT,TIER_3_SIMPLIFIED,NO,CLEAR,1,0.00,0
SWIFT_00001461,PA,GB,EUR,86982.85,ESCROW,TIER_3_SIMPLIFIED,NO,CLEAR,1,0.01,1
SWIFT_00001462,SG,AE,GBP,75051.82,INDIVIDUAL_SAVINGS,TIER_3_SIMPLIFIED,NO,POTENTIAL_SANCTION_MATCH,9,0.03,1
SWIFT_00001463,CH,US,AED,93795.72,INDIVIDUAL_SAVINGS,TIER_2_ENHANCED,NO,CLEAR,4,0.41,0
SWIFT_00001464,SG,GB,GBP,118085.64,CORPORATE_CURRENT,TIER_2_ENHANCED,NO,CLEAR,5,0.27,0
SWIFT_00001465,IN,SG,USD,8337.39,CORPORATE_CURRENT,TIER_3_SIMPLIFIED,YES,CLEAR,4,0.25,1
SWIFT_00001466,SG,SG,INR,44347.39,ESCROW,TIER_2_ENHANCED,YES,CLEAR,3,0.93,1
SWIFT_00001467,DE,GB,USD,227468.15,CORPORATE_CURRENT,TIER_2_ENHANCED,NO,POTENTIAL_SANCTION_MATCH,1,0.94,1
SWIFT_00001468,DE,US,INR,121230.63,OFFSHORE_TRUST,TIER_1_STANDARD,NO,CLEAR,15,0.65,1
SWIFT_00001469,IN,HK,INR,9087.48,OFFSHORE_TRUST,TIER_2_ENHANCED,NO,CLEAR,8,0.32,0
SWIFT_00001470,GB,GB,SGD,112780.82,OFFSHORE_TRUST,TIER_2_ENHANCED,YES,CLEAR,14,0.54,1
SWIFT_00001471,CH,HK,USD,100313.13,ESCROW,TIER_3_SIMPLIFIED,NO,POTENTIAL_SANCTION_MATCH,5,0.30,1
SWIFT_00001472,GB,RU,USD,20660.54,ESCROW,TIER_2_ENHANCED,NO,CLEAR,7,0.97,0
SWIFT_00001473,KY,US,EUR,4829.26,CORPORATE_CURRENT,TIER_3_SIMPLIFIED,NO,POTENTIAL_SANCTION_MATCH,10,0.64,1
SWIFT_00001474,CH,RU,AED,107059.16,OFFSHORE_TRUST,TIER_2_ENHANCED,YES,POTENTIAL_SANCTION_MATCH,15,0.61,1
SWIFT_00001475,GB,GB,AED,5210.01,OFFSHORE_TRUST,TIER_2_ENHANCED,NO,CLEAR,4,0.18,0
SWIFT_00001476,AE,GB,EUR,201650.68,INDIVIDUAL_SAVINGS,TIER_1_STANDARD,NO,CLEAR,13,0.85,0
SWIFT_00001477,KY,HK,USD,235270.34,INDIVIDUAL_SAVINGS,TIER_3_SIMPLIFIED,NO,POTENTIAL_SANCTION_MATCH,15,0.20,1
SWIFT_00001478,GB,GB,AED,81668.04,CORPORATE_CURRENT,TIER_3_SIMPLIFIED,NO,CLEAR,4,0.77,0
SWIFT_00001479,PA,VG,EUR,92292.01,CORPORATE_CURRENT,TIER_3_SIMPLIFIED,NO,CLEAR,3,0.05,1
SWIFT_00001480,PA,RU,AED,7839.44,OFFSHORE_TRUST,TIER_3_SIMPLIFIED,NO,CLEAR,13,0.87,1
SWIFT_00001481,IN,GB,AED,6017.91,ESCROW,TIER_1_STANDARD,NO,POTENTIAL_SANCTION_MATCH,12,0.01,1
SWIFT_00001482,US,HK,EUR,66129.72,ESCROW,TIER_2_ENHANCED,NO,POTENTIAL_SANCTION_MATCH,9,0.43,1
SWIFT_00001483,SG,US,INR,113638.36,OFFSHORE_TRUST,TIER_2_ENHANCED,NO,POTENTIAL_SANCTION_MATCH,6,0.79,1
SWIFT_00001484,IN,AE,GBP,109639.64,CORPORATE_CURRENT,TIER_1_STANDARD,YES,CLEAR,6,0.05,1
SWIFT_00001485,US,RU,AED,177132.90,INDIVIDUAL_SAVINGS,TIER_1_STANDARD,NO,CLEAR,3,0.83,1
SWIFT_00001486,SG,VG,INR,62924.52,ESCROW,TIER_2_ENHANCED,NO,CLEAR,15,0.37,0
SWIFT_00001487,CH,US,USD,126159.33,OFFSHORE_TRUST,TIER_3_SIMPLIFIED,NO,CLEAR,9,0.39,1
SWIFT_00001488,SG,IN,AED,26060.08,ESCROW,TIER_1_STANDARD,YES,CLEAR,3,0.69,1
SWIFT_00001489,IN,IN,SGD,211222.89,CORPORATE_CURRENT,TIER_3_SIMPLIFIED,NO,CLEAR,6,0.14,1
SWIFT_00001490,KY,US,AED,142367.62,ESCROW,TIER_3_SIMPLIFIED,NO,POTENTIAL_SANCTION_MATCH,12,0.37,1
SWIFT_00001491,PA,GB,GBP,238996.66,OFFSHORE_TRUST,TIER_1_STANDARD,YES,CLEAR,12,0.18,1
SWIFT_00001492,SG,RU,USD,159640.35,CORPORATE_CURRENT,TIER_1_STANDARD,YES,CLEAR,7,0.22,1
SWIFT_00001493,CH,SG,USD,120729.49,ESCROW,TIER_3_SIMPLIFIED,YES,CLEAR,2,0.10,1
SWIFT_00001494,PA,US,EUR,220095.45,OFFSHORE_TRUST,TIER_2_ENHANCED,NO,CLEAR,2,0.22,1
SWIFT_00001495,CH,IN,GBP,25578.24,OFFSHORE_TRUST,TIER_3_SIMPLIFIED,YES,CLEAR,2,0.87,1
SWIFT_00001496,AE,AE,USD,118729.09,OFFSHORE_TRUST,TIER_1_STANDARD,YES,CLEAR,2,0.46,1
SWIFT_00001497,CH,AE,INR,72102.35,OFFSHORE_TRUST,TIER_3_SIMPLIFIED,NO,CLEAR,7,0.78,0
SWIFT_00001498,GB,HK,USD,57277.36,CORPORATE_CURRENT,TIER_3_SIMPLIFIED,NO,CLEAR,5,0.31,0
SWIFT_00001499,GB,VG,INR,120672.52,ESCROW,TIER_2_ENHANCED,NO,CLEAR,8,0.54,1
SWIFT_00001500,US,HK,INR,215673.26,OFFSHORE_TRUST,TIER_1_STANDARD,NO,CLEAR,9,0.81,1
SWIFT_00001501,DE,AE,AED,37643.66,CORPORATE_CURRENT,TIER_2_ENHANCED,NO,CLEAR,5,0.26,0
SWIFT_00001502,SG,CY,AED,73632.46,OFFSHORE_TRUST,TIER_2_ENHANCED,NO,CLEAR,7,0.52,0
SWIFT_00001503,KY,US,INR,120368.36,INDIVIDUAL_SAVINGS,TIER_1_STANDARD,NO,CLEAR,4,0.25,1
SWIFT_00001504,SG,HK,GBP,41008.03,CORPORATE_CURRENT,TIER_1_STANDARD,NO,CLEAR,8,0.33,0
SWIFT_00001505,KY,US,SGD,86970.51,CORPORATE_CURRENT,TIER_2_ENHANCED,NO,CLEAR,14,0.82,1
SWIFT_00001506,CH,GB,USD,238284.30,OFFSHORE_TRUST,TIER_1_STANDARD,NO,CLEAR,4,0.40,0
SWIFT_00001507,SG,SG,EUR,90424.99,ESCROW,TIER_1_STANDARD,YES,CLEAR,5,0.05,1
SWIFT_00001508,PA,US,USD,190422.08,OFFSHORE_TRUST,TIER_2_ENHANCED,YES,POTENTIAL_SANCTION_MATCH,10,0.98,1
SWIFT_00001509,CH,HK,SGD,243392.19,OFFSHORE_TRUST,TIER_1_STANDARD,NO,CLEAR,9,0.90,1
SWIFT_00001510,PA,AE,AED,70176.29,ESCROW,TIER_2_ENHANCED,NO,CLEAR,1,0.85,1
SWIFT_00001511,DE,US,USD,235926.94,CORPORATE_CURRENT,TIER_1_STANDARD,YES,CLEAR,2,0.95,1
SWIFT_00001512,PA,SG,INR,168033.00,CORPORATE_CURRENT,TIER_3_SIMPLIFIED,YES,CLEAR,12,0.36,1
SWIFT_00001513,CH,GB,SGD,47061.01,CORPORATE_CURRENT,TIER_3_SIMPLIFIED,YES,POTENTIAL_SANCTION_MATCH,2,0.53,1
SWIFT_00001514,SG,CY,SGD,75085.81,ESCROW,TIER_1_STANDARD,NO,CLEAR,9,0.56,0
SWIFT_00001515,KY,AE,GBP,90226.46,INDIVIDUAL_SAVINGS,TIER_1_STANDARD,NO,CLEAR,9,0.95,1
SWIFT_00001516,IN,RU,SGD,230470.61,ESCROW,TIER_1_STANDARD,NO,CLEAR,12,0.24,0
SWIFT_00001517,KY,VG,INR,95571.82,ESCROW,TIER_3_SIMPLIFIED,NO,CLEAR,4,0.14,1
SWIFT_00001518,KY,HK,EUR,219869.77,CORPORATE_CURRENT,TIER_3_SIMPLIFIED,NO,CLEAR,12,0.02,1
SWIFT_00001519,US,SG,AED,48381.88,ESCROW,TIER_1_STANDARD,NO,CLEAR,13,0.15,0
SWIFT_00001520,IN,IN,INR,159507.02,ESCROW,TIER_2_ENHANCED,NO,CLEAR,8,0.77,0
SWIFT_00001521,IN,GB,GBP,229323.28,ESCROW,TIER_2_ENHANCED,NO,CLEAR,10,0.26,0
SWIFT_00001522,IN,IN,USD,158676.90,OFFSHORE_TRUST,TIER_2_ENHANCED,NO,CLEAR,15,0.34,1
SWIFT_00001523,US,US,SGD,27659.18,CORPORATE_CURRENT,TIER_2_ENHANCED,NO,CLEAR,5,0.42,0
SWIFT_00001524,CH,VG,SGD,228982.48,CORPORATE_CURRENT,TIER_2_ENHANCED,NO,POTENTIAL_SANCTION_MATCH,13,0.09,1
SWIFT_00001525,GB,HK,AED,176678.47,CORPORATE_CURRENT,TIER_2_ENHANCED,YES,CLEAR,7,0.83,1
SWIFT_00001526,AE,RU,INR,50107.55,ESCROW,TIER_2_ENHANCED,YES,POTENTIAL_SANCTION_MATCH,13,0.76,1
SWIFT_00001527,US,US,AED,238878.73,ESCROW,TIER_1_STANDARD,NO,CLEAR,4,0.49,0
SWIFT_00001528,AE,CY,INR,41079.54,OFFSHORE_TRUST,TIER_3_SIMPLIFIED,NO,POTENTIAL_SANCTION_MATCH,12,0.69,1
SWIFT_00001529,US,RU,AED,24696.41,ESCROW,TIER_3_SIMPLIFIED,NO,CLEAR,14,0.15,0
SWIFT_00001530,PA,HK,EUR,49925.22,ESCROW,TIER_3_SIMPLIFIED,YES,CLEAR,10,0.69,1
SWIFT_00001531,US,HK,AED,59502.34,INDIVIDUAL_SAVINGS,TIER_2_ENHANCED,NO,CLEAR,14,0.54,0
SWIFT_00001532,US,VG,AED,6246.72,CORPORATE_CURRENT,TIER_3_SIMPLIFIED,NO,CLEAR,9,0.89,0
SWIFT_00001533,SG,HK,AED,62950.66,INDIVIDUAL_SAVINGS,TIER_1_STANDARD,YES,POTENTIAL_SANCTION_MATCH,2,0.54,1
SWIFT_00001534,KY,CY,GBP,153373.05,ESCROW,TIER_1_STANDARD,NO,CLEAR,13,0.15,1
SWIFT_00001535,DE,IN,INR,219263.35,ESCROW,TIER_2_ENHANCED,NO,CLEAR,13,0.48,0
SWIFT_00001536,DE,AE,EUR,98624.37,CORPORATE_CURRENT,TIER_3_SIMPLIFIED,NO,POTENTIAL_SANCTION_MATCH,12,0.82,1
SWIFT_00001537,US,RU,INR,198032.24,CORPORATE_CURRENT,TIER_2_ENHANCED,NO,CLEAR,7,0.94,1
SWIFT_00001538,PA,GB,AED,220692.23,CORPORATE_CURRENT,TIER_3_SIMPLIFIED,NO,POTENTIAL_SANCTION_MATCH,7,0.21,1
SWIFT_00001539,AE,CY,INR,152034.03,OFFSHORE_TRUST,TIER_3_SIMPLIFIED,NO,CLEAR,5,0.10,0
SWIFT_00001540,DE,GB,USD,193530.34,CORPORATE_CURRENT,TIER_1_STANDARD,NO,CLEAR,2,0.84,0
SWIFT_00001541,CH,CY,INR,211842.28,CORPORATE_CURRENT,TIER_1_STANDARD,NO,POTENTIAL_SANCTION_MATCH,5,0.48,1
SWIFT_00001542,PA,SG,INR,229423.95,INDIVIDUAL_SAVINGS,TIER_1_STANDARD,NO,POTENTIAL_SANCTION_MATCH,14,0.44,1
SWIFT_00001543,US,VG,INR,80382.55,CORPORATE_CURRENT,TIER_2_ENHANCED,NO,CLEAR,11,0.70,0
SWIFT_00001544,DE,HK,EUR,172501.17,INDIVIDUAL_SAVINGS,TIER_1_STANDARD,NO,CLEAR,6,0.58,0
SWIFT_00001545,US,IN,GBP,207917.88,INDIVIDUAL_SAVINGS,TIER_1_STANDARD,NO,CLEAR,8,0.44,1
SWIFT_00001546,GB,HK,SGD,22092.53,INDIVIDUAL_SAVINGS,TIER_1_STANDARD,NO,POTENTIAL_SANCTION_MATCH,6,0.33,1
SWIFT_00001547,IN,GB,AED,86819.08,CORPORATE_CURRENT,TIER_1_STANDARD,NO,CLEAR,14,0.65,0
SWIFT_00001548,SG,US,USD,238890.01,ESCROW,TIER_2_ENHANCED,YES,CLEAR,13,0.57,1
SWIFT_00001549,KY,GB,AED,73596.66,ESCROW,TIER_3_SIMPLIFIED,YES,CLEAR,12,0.88,1
SWIFT_00001550,AE,HK,EUR,131873.43,ESCROW,TIER_1_STANDARD,NO,POTENTIAL_SANCTION_MATCH,8,0.17,1
SWIFT_00001551,US,CY,INR,156819.44,CORPORATE_CURRENT,TIER_1_STANDARD,YES,CLEAR,8,0.45,1
SWIFT_00001552,IN,HK,EUR,234466.98,CORPORATE_CURRENT,TIER_2_ENHANCED,YES,CLEAR,8,0.06,1
SWIFT_00001553,IN,VG,GBP,217621.76,ESCROW,TIER_3_SIMPLIFIED,NO,CLEAR,3,0.40,0
SWIFT_00001554,PA,CY,INR,112894.23,OFFSHORE_TRUST,TIER_2_ENHANCED,YES,CLEAR,7,0.66,1
SWIFT_00001555,KY,US,INR,246189.62,INDIVIDUAL_SAVINGS,TIER_3_SIMPLIFIED,NO,CLEAR,4,0.04,1
SWIFT_00001556,GB,AE,GBP,226952.26,OFFSHORE_TRUST,TIER_3_SIMPLIFIED,NO,CLEAR,2,0.55,1
SWIFT_00001557,SG,VG,GBP,152386.19,INDIVIDUAL_SAVINGS,TIER_3_SIMPLIFIED,NO,POTENTIAL_SANCTION_MATCH,6,0.80,1
SWIFT_00001558,DE,HK,AED,47614.13,ESCROW,TIER_1_STANDARD,NO,POTENTIAL_SANCTION_MATCH,6,0.81,1
SWIFT_00001559,US,GB,USD,136096.78,ESCROW,TIER_1_STANDARD,NO,POTENTIAL_SANCTION_MATCH,12,0.83,1
SWIFT_00001560,GB,US,EUR,135870.30,OFFSHORE_TRUST,TIER_2_ENHANCED,NO,POTENTIAL_SANCTION_MATCH,15,0.57,1
SWIFT_00001561,SG,VG,AED,136912.47,ESCROW,TIER_1_STANDARD,NO,POTENTIAL_SANCTION_MATCH,11,0.97,1
SWIFT_00001562,PA,SG,EUR,81098.41,CORPORATE_CURRENT,TIER_3_SIMPLIFIED,YES,CLEAR,13,0.84,1
SWIFT_00001563,KY,RU,AED,141409.51,CORPORATE_CURRENT,TIER_2_ENHANCED,YES,CLEAR,13,0.10,1
SWIFT_00001564,GB,VG,AED,70454.37,OFFSHORE_TRUST,TIER_1_STANDARD,NO,CLEAR,12,0.39,0
SWIFT_00001565,DE,US,SGD,189422.35,INDIVIDUAL_SAVINGS,TIER_3_SIMPLIFIED,NO,CLEAR,1,0.93,0
SWIFT_00001566,SG,SG,USD,183586.15,ESCROW,TIER_2_ENHANCED,NO,CLEAR,13,0.90,0
SWIFT_00001567,PA,CY,INR,233939.23,INDIVIDUAL_SAVINGS,TIER_2_ENHANCED,NO,CLEAR,5,0.20,1
SWIFT_00001568,AE,SG,AED,144941.48,OFFSHORE_TRUST,TIER_2_ENHANCED,YES,CLEAR,12,0.64,1
SWIFT_00001569,IN,GB,GBP,7348.44,ESCROW,TIER_1_STANDARD,NO,CLEAR,9,0.41,0
SWIFT_00001570,SG,VG,GBP,68152.61,ESCROW,TIER_3_SIMPLIFIED,NO,CLEAR,12,0.91,0
SWIFT_00001571,DE,VG,GBP,42206.91,OFFSHORE_TRUST,TIER_2_ENHANCED,NO,CLEAR,1,0.14,0
SWIFT_00001572,AE,RU,EUR,216868.91,OFFSHORE_TRUST,TIER_2_ENHANCED,NO,POTENTIAL_SANCTION_MATCH,7,0.99,1
SWIFT_00001573,SG,HK,INR,9550.93,CORPORATE_CURRENT,TIER_1_STANDARD,NO,POTENTIAL_SANCTION_MATCH,3,0.35,1
SWIFT_00001574,PA,SG,USD,102642.99,ESCROW,TIER_2_ENHANCED,NO,CLEAR,2,0.57,1
SWIFT_00001575,GB,SG,GBP,103693.35,ESCROW,TIER_2_ENHANCED,NO,CLEAR,10,0.21,1
SWIFT_00001576,CH,CY,GBP,178405.15,CORPORATE_CURRENT,TIER_1_STANDARD,NO,POTENTIAL_SANCTION_MATCH,11,0.63,1
SWIFT_00001577,KY,IN,INR,126900.17,ESCROW,TIER_2_ENHANCED,NO,CLEAR,1,0.00,1
SWIFT_00001578,PA,RU,EUR,38113.53,ESCROW,TIER_3_SIMPLIFIED,YES,POTENTIAL_SANCTION_MATCH,10,0.79,1
SWIFT_00001579,US,RU,GBP,93029.93,ESCROW,TIER_1_STANDARD,YES,CLEAR,11,0.09,1
SWIFT_00001580,IN,RU,GBP,222029.76,OFFSHORE_TRUST,TIER_1_STANDARD,YES,CLEAR,12,0.68,1
SWIFT_00001581,SG,HK,AED,241747.89,CORPORATE_CURRENT,TIER_3_SIMPLIFIED,YES,CLEAR,4,0.92,1
SWIFT_00001582,DE,US,GBP,211055.98,ESCROW,TIER_1_STANDARD,NO,POTENTIAL_SANCTION_MATCH,1,0.04,1
SWIFT_00001583,IN,RU,GBP,118172.44,ESCROW,TIER_2_ENHANCED,NO,POTENTIAL_SANCTION_MATCH,2,0.16,1
SWIFT_00001584,PA,HK,AED,41313.64,INDIVIDUAL_SAVINGS,TIER_1_STANDARD,NO,CLEAR,6,0.10,1
SWIFT_00001585,AE,IN,USD,90673.90,INDIVIDUAL_SAVINGS,TIER_1_STANDARD,YES,CLEAR,10,0.03,1
SWIFT_00001586,DE,GB,INR,67979.19,CORPORATE_CURRENT,TIER_3_SIMPLIFIED,NO,CLEAR,14,0.13,0
SWIFT_00001587,SG,HK,USD,165504.84,CORPORATE_CURRENT,TIER_1_STANDARD,NO,CLEAR,1,0.90,0
SWIFT_00001588,PA,HK,INR,2880.99,CORPORATE_CURRENT,TIER_3_SIMPLIFIED,NO,CLEAR,6,0.99,1
SWIFT_00001589,PA,VG,INR,35222.42,ESCROW,TIER_1_STANDARD,NO,CLEAR,5,0.41,1
SWIFT_00001590,PA,CY,USD,211603.56,INDIVIDUAL_SAVINGS,TIER_2_ENHANCED,NO,CLEAR,3,0.17,1
SWIFT_00001591,IN,RU,SGD,62163.70,OFFSHORE_TRUST,TIER_2_ENHANCED,NO,CLEAR,12,0.89,0
SWIFT_00001592,DE,RU,USD,22117.42,CORPORATE_CURRENT,TIER_2_ENHANCED,YES,CLEAR,2,0.32,1
SWIFT_00001593,IN,AE,GBP,115487.67,ESCROW,TIER_3_SIMPLIFIED,NO,POTENTIAL_SANCTION_MATCH,3,0.56,1
SWIFT_00001594,PA,AE,INR,114156.06,ESCROW,TIER_2_ENHANCED,NO,CLEAR,5,0.63,1
SWIFT_00001595,GB,VG,AED,145646.09,ESCROW,TIER_1_STANDARD,NO,CLEAR,5,0.09,0
SWIFT_00001596,GB,GB,USD,123742.09,OFFSHORE_TRUST,TIER_3_SIMPLIFIED,NO,CLEAR,13,0.80,0
SWIFT_00001597,CH,CY,SGD,193179.20,CORPORATE_CURRENT,TIER_2_ENHANCED,YES,CLEAR,4,0.74,1
SWIFT_00001598,PA,CY,INR,84164.09,INDIVIDUAL_SAVINGS,TIER_1_STANDARD,NO,POTENTIAL_SANCTION_MATCH,5,0.36,1
SWIFT_00001599,KY,SG,EUR,89248.55,ESCROW,TIER_3_SIMPLIFIED,NO,CLEAR,12,0.91,1
SWIFT_00001600,IN,US,GBP,32532.41,OFFSHORE_TRUST,TIER_1_STANDARD,NO,POTENTIAL_SANCTION_MATCH,6,0.05,1
SWIFT_00001601,KY,IN,USD,134097.54,ESCROW,TIER_1_STANDARD,NO,CLEAR,15,0.16,1
SWIFT_00001602,DE,GB,USD,102617.50,ESCROW,TIER_2_ENHANCED,YES,CLEAR,6,0.68,1
SWIFT_00001603,SG,AE,GBP,112617.22,CORPORATE_CURRENT,TIER_3_SIMPLIFIED,NO,CLEAR,12,0.60,1
SWIFT_00001604,DE,HK,INR,224511.18,ESCROW,TIER_2_ENHANCED,NO,CLEAR,12,0.02,1
SWIFT_00001605,AE,RU,SGD,122653.33,OFFSHORE_TRUST,TIER_2_ENHANCED,NO,CLEAR,8,0.06,1
SWIFT_00001606,PA,SG,SGD,101358.33,ESCROW,TIER_3_SIMPLIFIED,NO,CLEAR,4,0.82,1
SWIFT_00001607,SG,IN,EUR,209420.13,OFFSHORE_TRUST,TIER_2_ENHANCED,NO,CLEAR,13,0.53,0
SWIFT_00001608,CH,CY,AED,233949.36,OFFSHORE_TRUST,TIER_3_SIMPLIFIED,NO,CLEAR,4,0.44,1
SWIFT_00001609,US,CY,USD,91646.74,INDIVIDUAL_SAVINGS,TIER_3_SIMPLIFIED,YES,CLEAR,11,0.25,1
SWIFT_00001610,PA,GB,SGD,169098.82,INDIVIDUAL_SAVINGS,TIER_2_ENHANCED,NO,CLEAR,15,0.10,1
SWIFT_00001611,US,VG,EUR,150039.98,INDIVIDUAL_SAVINGS,TIER_2_ENHANCED,NO,CLEAR,13,0.72,0
SWIFT_00001612,SG,SG,USD,82175.21,OFFSHORE_TRUST,TIER_2_ENHANCED,NO,POTENTIAL_SANCTION_MATCH,12,0.12,1
SWIFT_00001613,KY,IN,AED,92221.97,OFFSHORE_TRUST,TIER_2_ENHANCED,YES,CLEAR,14,0.98,1
SWIFT_00001614,DE,SG,AED,101882.24,CORPORATE_CURRENT,TIER_2_ENHANCED,NO,CLEAR,4,0.16,0
SWIFT_00001615,SG,SG,SGD,7527.78,ESCROW,TIER_1_STANDARD,NO,CLEAR,12,0.60,0
SWIFT_00001616,PA,US,INR,113756.62,INDIVIDUAL_SAVINGS,TIER_1_STANDARD,NO,CLEAR,1,0.08,1
SWIFT_00001617,GB,CY,GBP,241024.39,INDIVIDUAL_SAVINGS,TIER_2_ENHANCED,NO,CLEAR,13,0.16,1
SWIFT_00001618,AE,GB,SGD,153375.18,CORPORATE_CURRENT,TIER_2_ENHANCED,NO,POTENTIAL_SANCTION_MATCH,2,0.54,1
SWIFT_00001619,DE,VG,INR,147240.11,CORPORATE_CURRENT,TIER_2_ENHANCED,NO,CLEAR,5,0.33,1
SWIFT_00001620,SG,RU,SGD,100019.59,CORPORATE_CURRENT,TIER_2_ENHANCED,YES,POTENTIAL_SANCTION_MATCH,11,0.98,1
SWIFT_00001621,PA,CY,EUR,225493.24,INDIVIDUAL_SAVINGS,TIER_1_STANDARD,NO,CLEAR,11,0.69,1
SWIFT_00001622,IN,HK,AED,222331.97,ESCROW,TIER_3_SIMPLIFIED,NO,CLEAR,14,0.38,0
SWIFT_00001623,PA,VG,EUR,96975.71,OFFSHORE_TRUST,TIER_3_SIMPLIFIED,NO,CLEAR,15,0.44,1
SWIFT_00001624,SG,VG,AED,148181.88,OFFSHORE_TRUST,TIER_3_SIMPLIFIED,NO,CLEAR,10,0.96,1
SWIFT_00001625,US,IN,USD,130736.50,ESCROW,TIER_3_SIMPLIFIED,NO,POTENTIAL_SANCTION_MATCH,1,0.70,1
SWIFT_00001626,KY,GB,SGD,172637.49,CORPORATE_CURRENT,TIER_3_SIMPLIFIED,NO,CLEAR,1,0.93,1
SWIFT_00001627,SG,CY,EUR,213471.95,ESCROW,TIER_1_STANDARD,NO,POTENTIAL_SANCTION_MATCH,15,0.24,1
SWIFT_00001628,CH,SG,EUR,226570.00,CORPORATE_CURRENT,TIER_1_STANDARD,NO,CLEAR,14,0.56,1
SWIFT_00001629,PA,HK,AED,62626.65,OFFSHORE_TRUST,TIER_1_STANDARD,NO,CLEAR,15,0.93,1
SWIFT_00001630,KY,HK,INR,209739.88,INDIVIDUAL_SAVINGS,TIER_2_ENHANCED,NO,CLEAR,3,0.61,1
SWIFT_00001631,DE,IN,EUR,84624.48,OFFSHORE_TRUST,TIER_2_ENHANCED,NO,CLEAR,14,0.59,0
SWIFT_00001632,PA,CY,SGD,9096.89,ESCROW,TIER_1_STANDARD,NO,CLEAR,9,0.96,1
SWIFT_00001633,SG,CY,SGD,55628.33,ESCROW,TIER_1_STANDARD,NO,POTENTIAL_SANCTION_MATCH,6,0.48,1
SWIFT_00001634,PA,CY,INR,126034.32,OFFSHORE_TRUST,TIER_1_STANDARD,NO,CLEAR,8,0.97,1
SWIFT_00001635,CH,HK,AED,227983.82,ESCROW,TIER_1_STANDARD,NO,CLEAR,14,0.68,0
SWIFT_00001636,GB,CY,SGD,1275.77,CORPORATE_CURRENT,TIER_2_ENHANCED,NO,CLEAR,5,0.29,0
SWIFT_00001637,DE,GB,INR,157453.50,OFFSHORE_TRUST,TIER_3_SIMPLIFIED,NO,POTENTIAL_SANCTION_MATCH,7,0.43,1
SWIFT_00001638,DE,AE,USD,156722.47,OFFSHORE_TRUST,TIER_1_STANDARD,YES,POTENTIAL_SANCTION_MATCH,10,0.50,1
SWIFT_00001639,DE,US,GBP,93250.63,OFFSHORE_TRUST,TIER_3_SIMPLIFIED,NO,POTENTIAL_SANCTION_MATCH,4,0.47,1
SWIFT_00001640,GB,RU,AED,105165.31,CORPORATE_CURRENT,TIER_1_STANDARD,NO,CLEAR,2,0.39,1
SWIFT_00001641,CH,RU,GBP,59435.84,OFFSHORE_TRUST,TIER_2_ENHANCED,NO,CLEAR,9,0.18,0
SWIFT_00001642,GB,SG,USD,127379.31,OFFSHORE_TRUST,TIER_3_SIMPLIFIED,NO,CLEAR,13,0.20,0
SWIFT_00001643,GB,SG,AED,196428.79,INDIVIDUAL_SAVINGS,TIER_2_ENHANCED,NO,CLEAR,6,0.55,1
SWIFT_00001644,KY,RU,EUR,27439.47,INDIVIDUAL_SAVINGS,TIER_3_SIMPLIFIED,NO,CLEAR,15,0.08,1
SWIFT_00001645,KY,HK,USD,158665.03,OFFSHORE_TRUST,TIER_1_STANDARD,NO,CLEAR,2,0.42,1
SWIFT_00001646,DE,CY,INR,216420.42,ESCROW,TIER_3_SIMPLIFIED,YES,POTENTIAL_SANCTION_MATCH,1,0.18,1
SWIFT_00001647,US,CY,INR,16329.47,INDIVIDUAL_SAVINGS,TIER_2_ENHANCED,YES,CLEAR,12,0.51,1
SWIFT_00001648,CH,HK,SGD,201242.83,ESCROW,TIER_1_STANDARD,NO,POTENTIAL_SANCTION_MATCH,10,0.59,1
SWIFT_00001649,GB,RU,GBP,241158.28,ESCROW,TIER_1_STANDARD,YES,POTENTIAL_SANCTION_MATCH,9,0.97,1
SWIFT_00001650,US,CY,USD,142640.53,ESCROW,TIER_3_SIMPLIFIED,YES,CLEAR,2,0.83,1
SWIFT_00001651,PA,AE,SGD,239081.11,OFFSHORE_TRUST,TIER_3_SIMPLIFIED,YES,CLEAR,8,0.41,1
SWIFT_00001652,GB,HK,AED,17884.22,CORPORATE_CURRENT,TIER_1_STANDARD,YES,CLEAR,2,0.62,1
SWIFT_00001653,GB,VG,INR,249948.38,INDIVIDUAL_SAVINGS,TIER_2_ENHANCED,NO,CLEAR,13,0.39,1
SWIFT_00001654,PA,IN,AED,91725.47,INDIVIDUAL_SAVINGS,TIER_2_ENHANCED,YES,CLEAR,10,0.23,1
SWIFT_00001655,US,VG,INR,27538.10,ESCROW,TIER_3_SIMPLIFIED,NO,CLEAR,14,0.56,0
SWIFT_00001656,SG,US,SGD,101808.65,CORPORATE_CURRENT,TIER_3_SIMPLIFIED,NO,CLEAR,12,0.63,1
SWIFT_00001657,US,RU,GBP,91865.28,ESCROW,TIER_3_SIMPLIFIED,NO,POTENTIAL_SANCTION_MATCH,2,0.41,1
SWIFT_00001658,PA,CY,EUR,133049.59,ESCROW,TIER_1_STANDARD,NO,CLEAR,2,0.60,1
SWIFT_00001659,CH,VG,SGD,205227.77,CORPORATE_CURRENT,TIER_1_STANDARD,YES,CLEAR,10,0.59,1
SWIFT_00001660,GB,AE,GBP,155965.89,OFFSHORE_TRUST,TIER_3_SIMPLIFIED,YES,CLEAR,11,0.59,1
SWIFT_00001661,GB,US,INR,15820.35,INDIVIDUAL_SAVINGS,TIER_3_SIMPLIFIED,NO,CLEAR,8,0.42,0
SWIFT_00001662,CH,IN,USD,187915.94,CORPORATE_CURRENT,TIER_2_ENHANCED,NO,CLEAR,13,0.61,0
SWIFT_00001663,PA,IN,GBP,210695.05,INDIVIDUAL_SAVINGS,TIER_1_STANDARD,NO,CLEAR,8,0.79,1
SWIFT_00001664,GB,SG,EUR,37626.31,ESCROW,TIER_2_ENHANCED,NO,CLEAR,3,0.74,0
SWIFT_00001665,DE,GB,SGD,179444.52,ESCROW,TIER_1_STANDARD,NO,POTENTIAL_SANCTION_MATCH,2,0.26,1
SWIFT_00001666,PA,RU,SGD,107623.72,INDIVIDUAL_SAVINGS,TIER_3_SIMPLIFIED,YES,CLEAR,11,0.60,1
SWIFT_00001667,AE,CY,GBP,77775.39,OFFSHORE_TRUST,TIER_2_ENHANCED,NO,CLEAR,10,0.09,0
SWIFT_00001668,DE,RU,EUR,113433.27,ESCROW,TIER_2_ENHANCED,NO,POTENTIAL_SANCTION_MATCH,6,0.92,1
SWIFT_00001669,PA,CY,USD,67085.18,CORPORATE_CURRENT,TIER_3_SIMPLIFIED,NO,CLEAR,7,0.54,1
SWIFT_00001670,US,US,AED,152336.09,ESCROW,TIER_2_ENHANCED,NO,POTENTIAL_SANCTION_MATCH,12,0.22,1
SWIFT_00001671,GB,HK,SGD,40151.27,ESCROW,TIER_1_STANDARD,NO,CLEAR,1,0.18,0
SWIFT_00001672,IN,AE,INR,44196.86,CORPORATE_CURRENT,TIER_3_SIMPLIFIED,NO,CLEAR,10,0.05,0
SWIFT_00001673,CH,US,AED,47005.48,INDIVIDUAL_SAVINGS,TIER_2_ENHANCED,NO,CLEAR,9,0.85,0
SWIFT_00001674,PA,VG,INR,73212.41,INDIVIDUAL_SAVINGS,TIER_3_SIMPLIFIED,NO,CLEAR,5,0.78,1
SWIFT_00001675,GB,RU,GBP,195631.13,CORPORATE_CURRENT,TIER_3_SIMPLIFIED,NO,POTENTIAL_SANCTION_MATCH,4,0.71,1
SWIFT_00001676,CH,SG,EUR,31446.56,OFFSHORE_TRUST,TIER_1_STANDARD,NO,CLEAR,12,0.34,0
SWIFT_00001677,US,IN,EUR,199497.16,CORPORATE_CURRENT,TIER_2_ENHANCED,YES,CLEAR,1,0.45,1
SWIFT_00001678,PA,SG,USD,240992.72,CORPORATE_CURRENT,TIER_1_STANDARD,YES,CLEAR,2,0.20,1
SWIFT_00001679,KY,US,SGD,84569.31,INDIVIDUAL_SAVINGS,TIER_2_ENHANCED,NO,POTENTIAL_SANCTION_MATCH,6,0.29,1
SWIFT_00001680,US,SG,USD,244369.25,CORPORATE_CURRENT,TIER_3_SIMPLIFIED,YES,POTENTIAL_SANCTION_MATCH,8,0.94,1
SWIFT_00001681,CH,VG,AED,63030.92,OFFSHORE_TRUST,TIER_1_STANDARD,NO,POTENTIAL_SANCTION_MATCH,3,0.22,1
SWIFT_00001682,DE,US,SGD,48840.12,ESCROW,TIER_2_ENHANCED,NO,POTENTIAL_SANCTION_MATCH,7,0.06,1
SWIFT_00001683,PA,US,GBP,22108.30,INDIVIDUAL_SAVINGS,TIER_1_STANDARD,YES,CLEAR,10,0.61,1
SWIFT_00001684,US,GB,GBP,179910.64,CORPORATE_CURRENT,TIER_3_SIMPLIFIED,NO,CLEAR,2,0.18,1
SWIFT_00001685,DE,HK,GBP,40593.24,ESCROW,TIER_1_STANDARD,NO,CLEAR,12,0.18,0
SWIFT_00001686,IN,GB,INR,150206.15,CORPORATE_CURRENT,TIER_2_ENHANCED,NO,CLEAR,8,0.72,1
SWIFT_00001687,US,VG,AED,53063.39,CORPORATE_CURRENT,TIER_2_ENHANCED,NO,CLEAR,5,0.27,0
SWIFT_00001688,DE,SG,EUR,159239.68,OFFSHORE_TRUST,TIER_3_SIMPLIFIED,NO,CLEAR,5,0.90,1
SWIFT_00001689,KY,IN,EUR,25035.37,CORPORATE_CURRENT,TIER_3_SIMPLIFIED,NO,CLEAR,7,0.63,1
SWIFT_00001690,AE,HK,USD,79898.76,ESCROW,TIER_1_STANDARD,NO,CLEAR,9,0.35,0
SWIFT_00001691,GB,GB,INR,67592.12,INDIVIDUAL_SAVINGS,TIER_3_SIMPLIFIED,NO,CLEAR,14,0.83,0
SWIFT_00001692,US,RU,USD,41105.26,OFFSHORE_TRUST,TIER_2_ENHANCED,NO,CLEAR,11,0.75,0
SWIFT_00001693,IN,GB,GBP,114104.52,CORPORATE_CURRENT,TIER_3_SIMPLIFIED,YES,POTENTIAL_SANCTION_MATCH,5,0.90,1
SWIFT_00001694,KY,CY,GBP,57976.87,OFFSHORE_TRUST,TIER_3_SIMPLIFIED,NO,CLEAR,13,0.33,1
SWIFT_00001695,GB,IN,EUR,159057.49,INDIVIDUAL_SAVINGS,TIER_3_SIMPLIFIED,NO,POTENTIAL_SANCTION_MATCH,6,0.16,1
SWIFT_00001696,DE,IN,GBP,11555.66,INDIVIDUAL_SAVINGS,TIER_3_SIMPLIFIED,NO,CLEAR,2,0.25,0
SWIFT_00001697,SG,VG,GBP,218780.93,OFFSHORE_TRUST,TIER_3_SIMPLIFIED,NO,CLEAR,6,0.80,0
SWIFT_00001698,IN,GB,GBP,227689.65,INDIVIDUAL_SAVINGS,TIER_2_ENHANCED,NO,POTENTIAL_SANCTION_MATCH,10,0.82,1
SWIFT_00001699,IN,CY,SGD,103083.72,OFFSHORE_TRUST,TIER_1_STANDARD,NO,POTENTIAL_SANCTION_MATCH,4,0.73,1
SWIFT_00001700,KY,GB,AED,76883.21,CORPORATE_CURRENT,TIER_1_STANDARD,NO,POTENTIAL_SANCTION_MATCH,5,0.81,1
SWIFT_00001701,GB,US,GBP,2394.30,OFFSHORE_TRUST,TIER_2_ENHANCED,NO,CLEAR,4,0.81,0
SWIFT_00001702,GB,VG,EUR,39205.62,CORPORATE_CURRENT,TIER_1_STANDARD,YES,CLEAR,10,0.49,1
SWIFT_00001703,PA,AE,USD,122248.77,ESCROW,TIER_2_ENHANCED,NO,CLEAR,7,0.56,1
SWIFT_00001704,GB,IN,EUR,146588.86,OFFSHORE_TRUST,TIER_3_SIMPLIFIED,NO,CLEAR,11,0.64,1
SWIFT_00001705,US,CY,INR,227279.27,CORPORATE_CURRENT,TIER_3_SIMPLIFIED,NO,POTENTIAL_SANCTION_MATCH,4,0.74,1
SWIFT_00001706,CH,GB,USD,243691.53,OFFSHORE_TRUST,TIER_1_STANDARD,NO,CLEAR,14,0.37,1
SWIFT_00001707,US,SG,USD,39752.40,CORPORATE_CURRENT,TIER_2_ENHANCED,NO,CLEAR,11,0.56,0
SWIFT_00001708,KY,CY,EUR,11317.00,OFFSHORE_TRUST,TIER_3_SIMPLIFIED,NO,CLEAR,15,0.16,1
SWIFT_00001709,CH,SG,SGD,211799.31,ESCROW,TIER_3_SIMPLIFIED,NO,CLEAR,10,0.05,1
SWIFT_00001710,DE,RU,GBP,229960.29,OFFSHORE_TRUST,TIER_1_STANDARD,NO,CLEAR,8,0.22,1
SWIFT_00001711,DE,AE,INR,138351.87,CORPORATE_CURRENT,TIER_1_STANDARD,YES,CLEAR,8,0.88,1
SWIFT_00001712,PA,CY,AED,136149.51,INDIVIDUAL_SAVINGS,TIER_1_STANDARD,NO,CLEAR,12,0.98,1
SWIFT_00001713,PA,VG,INR,188578.22,OFFSHORE_TRUST,TIER_1_STANDARD,NO,CLEAR,13,0.81,1
SWIFT_00001714,GB,VG,GBP,147145.08,INDIVIDUAL_SAVINGS,TIER_1_STANDARD,NO,CLEAR,4,0.78,0
SWIFT_00001715,AE,HK,USD,224499.05,INDIVIDUAL_SAVINGS,TIER_2_ENHANCED,NO,CLEAR,3,0.03,0
SWIFT_00001716,PA,GB,GBP,51867.03,CORPORATE_CURRENT,TIER_3_SIMPLIFIED,YES,CLEAR,8,0.03,1
SWIFT_00001717,GB,RU,SGD,6131.52,INDIVIDUAL_SAVINGS,TIER_3_SIMPLIFIED,NO,CLEAR,10,0.68,0
SWIFT_00001718,IN,AE,USD,83103.86,INDIVIDUAL_SAVINGS,TIER_1_STANDARD,NO,CLEAR,5,0.98,0
SWIFT_00001719,US,IN,USD,160279.68,ESCROW,TIER_1_STANDARD,NO,CLEAR,6,0.07,1
SWIFT_00001720,AE,HK,AED,220825.13,INDIVIDUAL_SAVINGS,TIER_1_STANDARD,NO,CLEAR,10,0.84,0
SWIFT_00001721,KY,VG,USD,64259.56,OFFSHORE_TRUST,TIER_1_STANDARD,NO,POTENTIAL_SANCTION_MATCH,12,0.23,1
SWIFT_00001722,PA,VG,GBP,81828.67,CORPORATE_CURRENT,TIER_2_ENHANCED,NO,CLEAR,3,0.06,1
SWIFT_00001723,IN,IN,SGD,91132.51,ESCROW,TIER_1_STANDARD,NO,CLEAR,12,0.82,0
SWIFT_00001724,KY,VG,AED,217053.32,CORPORATE_CURRENT,TIER_2_ENHANCED,NO,POTENTIAL_SANCTION_MATCH,12,0.37,1
SWIFT_00001725,KY,RU,SGD,227430.56,ESCROW,TIER_1_STANDARD,NO,POTENTIAL_SANCTION_MATCH,6,0.58,1
SWIFT_00001726,DE,GB,GBP,31570.00,CORPORATE_CURRENT,TIER_1_STANDARD,NO,CLEAR,6,0.86,0
SWIFT_00001727,GB,SG,EUR,40359.74,OFFSHORE_TRUST,TIER_3_SIMPLIFIED,NO,CLEAR,13,0.23,0
SWIFT_00001728,AE,IN,GBP,83174.48,CORPORATE_CURRENT,TIER_1_STANDARD,NO,CLEAR,4,0.90,0
SWIFT_00001729,US,SG,INR,71951.51,INDIVIDUAL_SAVINGS,TIER_2_ENHANCED,YES,CLEAR,10,0.06,1
SWIFT_00001730,DE,GB,EUR,12604.96,OFFSHORE_TRUST,TIER_3_SIMPLIFIED,NO,POTENTIAL_SANCTION_MATCH,2,0.88,1
SWIFT_00001731,KY,IN,SGD,3771.97,OFFSHORE_TRUST,TIER_3_SIMPLIFIED,YES,CLEAR,3,0.31,1
SWIFT_00001732,SG,GB,USD,115498.53,INDIVIDUAL_SAVINGS,TIER_1_STANDARD,NO,POTENTIAL_SANCTION_MATCH,12,0.90,1
SWIFT_00001733,DE,IN,USD,218242.60,OFFSHORE_TRUST,TIER_2_ENHANCED,NO,CLEAR,8,0.46,1
SWIFT_00001734,KY,US,AED,51499.51,INDIVIDUAL_SAVINGS,TIER_1_STANDARD,YES,CLEAR,4,0.18,1
SWIFT_00001735,DE,SG,AED,40874.57,OFFSHORE_TRUST,TIER_3_SIMPLIFIED,NO,CLEAR,7,0.24,0
SWIFT_00001736,US,IN,SGD,56849.74,ESCROW,TIER_1_STANDARD,YES,CLEAR,3,0.15,1
SWIFT_00001737,IN,CY,GBP,231808.54,ESCROW,TIER_2_ENHANCED,YES,CLEAR,4,0.69,1
SWIFT_00001738,PA,SG,GBP,98346.40,INDIVIDUAL_SAVINGS,TIER_1_STANDARD,NO,CLEAR,1,0.57,1
SWIFT_00001739,US,AE,USD,43170.18,CORPORATE_CURRENT,TIER_1_STANDARD,NO,CLEAR,7,0.11,0
SWIFT_00001740,PA,VG,SGD,180630.40,INDIVIDUAL_SAVINGS,TIER_2_ENHANCED,NO,CLEAR,14,0.17,1
SWIFT_00001741,AE,US,SGD,201554.75,CORPORATE_CURRENT,TIER_3_SIMPLIFIED,NO,CLEAR,1,0.76,0
SWIFT_00001742,SG,AE,EUR,108487.50,OFFSHORE_TRUST,TIER_3_SIMPLIFIED,NO,POTENTIAL_SANCTION_MATCH,13,0.34,1
SWIFT_00001743,US,VG,SGD,49272.78,ESCROW,TIER_1_STANDARD,NO,CLEAR,14,0.65,0
SWIFT_00001744,US,US,USD,228272.75,OFFSHORE_TRUST,TIER_2_ENHANCED,NO,CLEAR,11,0.83,0
SWIFT_00001745,AE,HK,AED,82601.59,ESCROW,TIER_3_SIMPLIFIED,YES,CLEAR,1,0.04,1
SWIFT_00001746,US,SG,AED,183670.37,ESCROW,TIER_2_ENHANCED,YES,CLEAR,3,0.31,1
SWIFT_00001747,IN,IN,AED,66000.46,CORPORATE_CURRENT,TIER_1_STANDARD,NO,CLEAR,13,0.14,0
SWIFT_00001748,IN,AE,AED,67891.03,INDIVIDUAL_SAVINGS,TIER_2_ENHANCED,NO,POTENTIAL_SANCTION_MATCH,14,0.94,1
SWIFT_00001749,PA,HK,INR,95082.37,INDIVIDUAL_SAVINGS,TIER_2_ENHANCED,NO,CLEAR,6,0.84,1
SWIFT_00001750,DE,US,GBP,200330.44,ESCROW,TIER_1_STANDARD,NO,POTENTIAL_SANCTION_MATCH,4,0.19,1
SWIFT_00001751,US,IN,EUR,75233.82,CORPORATE_CURRENT,TIER_3_SIMPLIFIED,NO,POTENTIAL_SANCTION_MATCH,15,0.19,1
SWIFT_00001752,GB,RU,GBP,164032.23,OFFSHORE_TRUST,TIER_1_STANDARD,NO,CLEAR,1,0.64,1
SWIFT_00001753,CH,SG,SGD,51802.72,OFFSHORE_TRUST,TIER_2_ENHANCED,NO,CLEAR,4,0.51,0
SWIFT_00001754,PA,GB,SGD,227893.37,CORPORATE_CURRENT,TIER_2_ENHANCED,NO,CLEAR,3,0.42,1
SWIFT_00001755,PA,SG,USD,170810.60,INDIVIDUAL_SAVINGS,TIER_3_SIMPLIFIED,NO,CLEAR,13,0.85,1
SWIFT_00001756,IN,US,SGD,130501.64,CORPORATE_CURRENT,TIER_3_SIMPLIFIED,YES,POTENTIAL_SANCTION_MATCH,7,0.75,1
SWIFT_00001757,IN,AE,SGD,98535.69,INDIVIDUAL_SAVINGS,TIER_2_ENHANCED,NO,POTENTIAL_SANCTION_MATCH,11,0.54,1
SWIFT_00001758,PA,IN,USD,195795.81,INDIVIDUAL_SAVINGS,TIER_3_SIMPLIFIED,YES,CLEAR,14,0.78,1
SWIFT_00001759,DE,VG,EUR,86141.09,ESCROW,TIER_3_SIMPLIFIED,NO,CLEAR,3,0.73,0
SWIFT_00001760,AE,GB,USD,106891.54,CORPORATE_CURRENT,TIER_1_STANDARD,YES,POTENTIAL_SANCTION_MATCH,12,0.40,1
SWIFT_00001761,KY,HK,GBP,207574.16,ESCROW,TIER_2_ENHANCED,NO,CLEAR,2,0.60,1
SWIFT_00001762,GB,CY,USD,130322.09,ESCROW,TIER_3_SIMPLIFIED,NO,CLEAR,12,0.12,0
SWIFT_00001763,PA,VG,INR,26524.40,ESCROW,TIER_3_SIMPLIFIED,YES,CLEAR,6,0.61,1
SWIFT_00001764,IN,AE,GBP,238394.62,ESCROW,TIER_1_STANDARD,NO,CLEAR,15,0.96,0
SWIFT_00001765,IN,IN,USD,27870.18,OFFSHORE_TRUST,TIER_2_ENHANCED,YES,CLEAR,3,0.04,1
SWIFT_00001766,CH,SG,INR,229997.29,OFFSHORE_TRUST,TIER_3_SIMPLIFIED,NO,CLEAR,2,0.94,1
SWIFT_00001767,GB,AE,AED,145166.13,OFFSHORE_TRUST,TIER_1_STANDARD,NO,CLEAR,12,0.09,1
SWIFT_00001768,CH,SG,SGD,203010.74,ESCROW,TIER_3_SIMPLIFIED,YES,CLEAR,14,0.57,1
SWIFT_00001769,AE,US,AED,1584.54,OFFSHORE_TRUST,TIER_3_SIMPLIFIED,NO,CLEAR,15,0.28,0
SWIFT_00001770,SG,HK,AED,113039.87,ESCROW,TIER_3_SIMPLIFIED,YES,CLEAR,15,0.62,1
SWIFT_00001771,AE,HK,USD,125757.65,ESCROW,TIER_3_SIMPLIFIED,NO,CLEAR,2,0.60,1
SWIFT_00001772,PA,VG,SGD,9363.18,ESCROW,TIER_3_SIMPLIFIED,NO,CLEAR,6,0.13,1
SWIFT_00001773,US,GB,GBP,104243.02,INDIVIDUAL_SAVINGS,TIER_3_SIMPLIFIED,NO,CLEAR,1,0.01,0
SWIFT_00001774,DE,US,INR,88716.62,INDIVIDUAL_SAVINGS,TIER_3_SIMPLIFIED,YES,CLEAR,4,0.76,1
SWIFT_00001775,DE,CY,USD,214181.28,CORPORATE_CURRENT,TIER_2_ENHANCED,NO,CLEAR,5,0.39,0
SWIFT_00001776,CH,IN,AED,188315.53,OFFSHORE_TRUST,TIER_3_SIMPLIFIED,YES,CLEAR,6,0.02,1
SWIFT_00001777,PA,VG,INR,93002.44,CORPORATE_CURRENT,TIER_1_STANDARD,NO,CLEAR,13,0.56,1
SWIFT_00001778,GB,HK,INR,176432.54,INDIVIDUAL_SAVINGS,TIER_3_SIMPLIFIED,NO,CLEAR,10,0.16,1
SWIFT_00001779,DE,GB,SGD,233791.53,OFFSHORE_TRUST,TIER_1_STANDARD,NO,CLEAR,12,0.44,1
SWIFT_00001780,SG,AE,GBP,8517.28,CORPORATE_CURRENT,TIER_3_SIMPLIFIED,NO,CLEAR,10,0.27,0
SWIFT_00001781,DE,AE,SGD,40884.80,INDIVIDUAL_SAVINGS,TIER_2_ENHANCED,NO,POTENTIAL_SANCTION_MATCH,2,0.10,1
SWIFT_00001782,US,CY,EUR,231346.36,INDIVIDUAL_SAVINGS,TIER_3_SIMPLIFIED,NO,CLEAR,1,0.47,1
SWIFT_00001783,CH,RU,AED,198318.06,OFFSHORE_TRUST,TIER_3_SIMPLIFIED,NO,CLEAR,14,0.24,1
SWIFT_00001784,US,CY,GBP,249365.68,INDIVIDUAL_SAVINGS,TIER_1_STANDARD,NO,CLEAR,12,0.69,0
SWIFT_00001785,AE,RU,SGD,89321.28,CORPORATE_CURRENT,TIER_1_STANDARD,NO,CLEAR,12,0.14,0
SWIFT_00001786,KY,IN,SGD,66172.49,OFFSHORE_TRUST,TIER_3_SIMPLIFIED,NO,POTENTIAL_SANCTION_MATCH,13,0.04,1
SWIFT_00001787,AE,VG,EUR,119789.73,INDIVIDUAL_SAVINGS,TIER_3_SIMPLIFIED,NO,POTENTIAL_SANCTION_MATCH,7,0.31,1
SWIFT_00001788,SG,GB,SGD,61839.01,CORPORATE_CURRENT,TIER_1_STANDARD,NO,CLEAR,11,0.56,0
SWIFT_00001789,CH,GB,SGD,121069.43,ESCROW,TIER_1_STANDARD,NO,CLEAR,11,0.61,1
SWIFT_00001790,AE,GB,AED,173026.06,INDIVIDUAL_SAVINGS,TIER_2_ENHANCED,YES,CLEAR,15,0.82,1
SWIFT_00001791,IN,US,USD,159207.42,ESCROW,TIER_2_ENHANCED,NO,CLEAR,1,0.37,0
SWIFT_00001792,CH,HK,AED,100095.56,ESCROW,TIER_3_SIMPLIFIED,YES,CLEAR,3,0.47,1
SWIFT_00001793,CH,IN,INR,24711.12,OFFSHORE_TRUST,TIER_3_SIMPLIFIED,NO,POTENTIAL_SANCTION_MATCH,5,0.39,1
SWIFT_00001794,GB,SG,AED,149786.84,CORPORATE_CURRENT,TIER_1_STANDARD,YES,CLEAR,2,0.67,1
SWIFT_00001795,US,US,GBP,156100.43,CORPORATE_CURRENT,TIER_3_SIMPLIFIED,NO,CLEAR,12,0.12,0
SWIFT_00001796,DE,AE,EUR,153597.07,OFFSHORE_TRUST,TIER_3_SIMPLIFIED,NO,CLEAR,9,0.00,0
SWIFT_00001797,PA,AE,AED,194557.31,OFFSHORE_TRUST,TIER_2_ENHANCED,NO,CLEAR,1,0.73,1
SWIFT_00001798,IN,HK,AED,48851.11,ESCROW,TIER_3_SIMPLIFIED,NO,CLEAR,2,0.31,0
SWIFT_00001799,US,IN,EUR,89783.04,INDIVIDUAL_SAVINGS,TIER_3_SIMPLIFIED,NO,CLEAR,3,0.49,0
SWIFT_00001800,IN,SG,EUR,167961.64,ESCROW,TIER_2_ENHANCED,NO,CLEAR,3,0.42,1
SWIFT_00001801,KY,SG,AED,166884.81,ESCROW,TIER_2_ENHANCED,NO,POTENTIAL_SANCTION_MATCH,12,0.72,1
SWIFT_00001802,DE,GB,SGD,45812.54,ESCROW,TIER_2_ENHANCED,YES,POTENTIAL_SANCTION_MATCH,12,0.86,1
SWIFT_00001803,CH,SG,AED,132358.12,INDIVIDUAL_SAVINGS,TIER_2_ENHANCED,NO,CLEAR,1,0.43,1
SWIFT_00001804,PA,AE,USD,46193.09,OFFSHORE_TRUST,TIER_3_SIMPLIFIED,NO,POTENTIAL_SANCTION_MATCH,8,0.66,1
SWIFT_00001805,AE,VG,SGD,227836.01,INDIVIDUAL_SAVINGS,TIER_3_SIMPLIFIED,NO,POTENTIAL_SANCTION_MATCH,11,0.16,1
SWIFT_00001806,AE,CY,EUR,145230.90,OFFSHORE_TRUST,TIER_3_SIMPLIFIED,NO,CLEAR,12,0.81,1
SWIFT_00001807,US,VG,USD,247620.59,INDIVIDUAL_SAVINGS,TIER_1_STANDARD,NO,POTENTIAL_SANCTION_MATCH,7,0.96,1
SWIFT_00001808,SG,US,USD,63117.96,OFFSHORE_TRUST,TIER_2_ENHANCED,YES,CLEAR,9,0.00,1
SWIFT_00001809,SG,HK,EUR,197205.10,INDIVIDUAL_SAVINGS,TIER_2_ENHANCED,YES,CLEAR,1,0.12,1
SWIFT_00001810,GB,RU,EUR,119907.89,OFFSHORE_TRUST,TIER_2_ENHANCED,YES,CLEAR,14,0.17,1
SWIFT_00001811,DE,GB,INR,56280.72,INDIVIDUAL_SAVINGS,TIER_1_STANDARD,NO,CLEAR,12,0.89,0
SWIFT_00001812,PA,HK,USD,39981.95,INDIVIDUAL_SAVINGS,TIER_1_STANDARD,NO,POTENTIAL_SANCTION_MATCH,5,0.62,1
SWIFT_00001813,PA,IN,INR,165364.94,ESCROW,TIER_1_STANDARD,NO,POTENTIAL_SANCTION_MATCH,7,0.98,1
SWIFT_00001814,AE,AE,USD,201661.55,CORPORATE_CURRENT,TIER_2_ENHANCED,NO,CLEAR,8,0.17,0
SWIFT_00001815,GB,CY,AED,188388.71,CORPORATE_CURRENT,TIER_3_SIMPLIFIED,NO,CLEAR,3,0.42,1
SWIFT_00001816,GB,IN,USD,74569.03,ESCROW,TIER_2_ENHANCED,NO,CLEAR,13,0.09,0
SWIFT_00001817,DE,VG,INR,106495.80,INDIVIDUAL_SAVINGS,TIER_1_STANDARD,NO,POTENTIAL_SANCTION_MATCH,1,0.17,1
SWIFT_00001818,GB,SG,GBP,109135.00,OFFSHORE_TRUST,TIER_1_STANDARD,NO,CLEAR,6,0.93,0
SWIFT_00001819,PA,US,EUR,67530.90,ESCROW,TIER_1_STANDARD,NO,CLEAR,12,0.23,1
SWIFT_00001820,IN,GB,USD,28576.04,INDIVIDUAL_SAVINGS,TIER_1_STANDARD,NO,CLEAR,13,0.82,0
SWIFT_00001821,GB,IN,SGD,87841.65,OFFSHORE_TRUST,TIER_2_ENHANCED,NO,CLEAR,2,0.34,0
SWIFT_00001822,GB,AE,EUR,166324.05,CORPORATE_CURRENT,TIER_2_ENHANCED,NO,POTENTIAL_SANCTION_MATCH,2,0.86,1
SWIFT_00001823,SG,AE,AED,194805.85,OFFSHORE_TRUST,TIER_2_ENHANCED,NO,CLEAR,5,0.62,1
SWIFT_00001824,PA,US,INR,56457.00,CORPORATE_CURRENT,TIER_1_STANDARD,NO,CLEAR,14,0.47,1
SWIFT_00001825,SG,VG,AED,54590.39,OFFSHORE_TRUST,TIER_3_SIMPLIFIED,YES,CLEAR,7,0.30,1
SWIFT_00001826,AE,HK,SGD,89544.37,ESCROW,TIER_1_STANDARD,NO,CLEAR,10,0.55,0
SWIFT_00001827,PA,US,SGD,54331.77,CORPORATE_CURRENT,TIER_1_STANDARD,YES,POTENTIAL_SANCTION_MATCH,8,0.08,1
SWIFT_00001828,PA,HK,AED,109156.83,CORPORATE_CURRENT,TIER_2_ENHANCED,NO,CLEAR,4,0.55,1
SWIFT_00001829,KY,IN,EUR,135264.71,INDIVIDUAL_SAVINGS,TIER_1_STANDARD,NO,CLEAR,12,0.43,1
SWIFT_00001830,CH,GB,GBP,241634.00,CORPORATE_CURRENT,TIER_2_ENHANCED,NO,POTENTIAL_SANCTION_MATCH,10,0.98,1
SWIFT_00001831,IN,VG,SGD,66116.47,OFFSHORE_TRUST,TIER_3_SIMPLIFIED,NO,CLEAR,5,0.31,0
SWIFT_00001832,KY,VG,EUR,120813.55,ESCROW,TIER_3_SIMPLIFIED,YES,CLEAR,15,0.02,1
SWIFT_00001833,AE,RU,USD,7572.45,OFFSHORE_TRUST,TIER_3_SIMPLIFIED,YES,CLEAR,11,0.55,1
SWIFT_00001834,PA,GB,GBP,241171.50,INDIVIDUAL_SAVINGS,TIER_3_SIMPLIFIED,NO,CLEAR,15,0.69,1
SWIFT_00001835,IN,VG,USD,231564.81,CORPORATE_CURRENT,TIER_3_SIMPLIFIED,NO,CLEAR,12,0.47,0
SWIFT_00001836,PA,GB,INR,135388.63,CORPORATE_CURRENT,TIER_3_SIMPLIFIED,NO,CLEAR,3,0.46,1
SWIFT_00001837,CH,US,EUR,178899.39,INDIVIDUAL_SAVINGS,TIER_3_SIMPLIFIED,YES,CLEAR,1,0.61,1
SWIFT_00001838,KY,GB,GBP,24635.64,OFFSHORE_TRUST,TIER_1_STANDARD,NO,CLEAR,2,0.11,1
SWIFT_00001839,CH,CY,GBP,81854.67,INDIVIDUAL_SAVINGS,TIER_1_STANDARD,NO,CLEAR,11,0.67,0
SWIFT_00001840,IN,VG,GBP,215924.73,ESCROW,TIER_1_STANDARD,NO,CLEAR,9,0.81,1
SWIFT_00001841,GB,SG,AED,117728.85,CORPORATE_CURRENT,TIER_3_SIMPLIFIED,NO,CLEAR,13,0.47,1
SWIFT_00001842,AE,US,INR,210333.27,ESCROW,TIER_3_SIMPLIFIED,NO,CLEAR,9,0.02,0
SWIFT_00001843,DE,VG,EUR,147569.09,INDIVIDUAL_SAVINGS,TIER_3_SIMPLIFIED,YES,POTENTIAL_SANCTION_MATCH,11,0.64,1
SWIFT_00001844,GB,RU,USD,22699.89,ESCROW,TIER_1_STANDARD,NO,CLEAR,6,0.89,0
SWIFT_00001845,DE,US,GBP,62615.81,OFFSHORE_TRUST,TIER_3_SIMPLIFIED,YES,CLEAR,11,0.46,1
SWIFT_00001846,PA,US,SGD,179430.91,ESCROW,TIER_1_STANDARD,NO,CLEAR,12,0.58,1
SWIFT_00001847,AE,CY,AED,152909.03,INDIVIDUAL_SAVINGS,TIER_3_SIMPLIFIED,YES,CLEAR,9,0.22,1
SWIFT_00001848,KY,VG,SGD,187348.65,ESCROW,TIER_2_ENHANCED,NO,POTENTIAL_SANCTION_MATCH,1,0.77,1
SWIFT_00001849,SG,CY,USD,39185.57,CORPORATE_CURRENT,TIER_2_ENHANCED,NO,CLEAR,4,0.32,0
SWIFT_00001850,SG,IN,EUR,183669.19,INDIVIDUAL_SAVINGS,TIER_2_ENHANCED,YES,CLEAR,9,0.53,1
SWIFT_00001851,PA,US,INR,161034.84,ESCROW,TIER_3_SIMPLIFIED,YES,POTENTIAL_SANCTION_MATCH,9,0.01,1
SWIFT_00001852,GB,VG,GBP,187466.21,INDIVIDUAL_SAVINGS,TIER_3_SIMPLIFIED,YES,CLEAR,2,0.43,1
SWIFT_00001853,KY,RU,INR,230917.03,CORPORATE_CURRENT,TIER_3_SIMPLIFIED,NO,CLEAR,2,0.70,1
SWIFT_00001854,US,HK,SGD,56125.05,CORPORATE_CURRENT,TIER_2_ENHANCED,NO,POTENTIAL_SANCTION_MATCH,10,0.33,1
SWIFT_00001855,KY,VG,GBP,223209.01,ESCROW,TIER_1_STANDARD,NO,CLEAR,12,0.87,1
SWIFT_00001856,KY,RU,SGD,124193.07,INDIVIDUAL_SAVINGS,TIER_1_STANDARD,NO,CLEAR,7,0.39,1
SWIFT_00001857,PA,GB,GBP,71205.83,OFFSHORE_TRUST,TIER_2_ENHANCED,NO,POTENTIAL_SANCTION_MATCH,6,0.31,1
SWIFT_00001858,SG,AE,INR,139700.39,OFFSHORE_TRUST,TIER_3_SIMPLIFIED,YES,CLEAR,11,0.41,1
SWIFT_00001859,DE,IN,SGD,74192.45,OFFSHORE_TRUST,TIER_3_SIMPLIFIED,NO,CLEAR,6,0.57,0
SWIFT_00001860,DE,RU,INR,31153.43,CORPORATE_CURRENT,TIER_1_STANDARD,NO,CLEAR,7,0.79,0
SWIFT_00001861,AE,AE,SGD,70860.30,OFFSHORE_TRUST,TIER_1_STANDARD,YES,CLEAR,6,0.47,1
SWIFT_00001862,GB,IN,USD,173408.91,ESCROW,TIER_3_SIMPLIFIED,NO,CLEAR,9,0.46,1
SWIFT_00001863,DE,RU,AED,66476.31,ESCROW,TIER_2_ENHANCED,NO,CLEAR,10,0.38,0
SWIFT_00001864,PA,AE,GBP,217122.84,CORPORATE_CURRENT,TIER_1_STANDARD,NO,CLEAR,6,0.60,1
SWIFT_00001865,PA,VG,INR,159054.15,OFFSHORE_TRUST,TIER_3_SIMPLIFIED,NO,CLEAR,4,0.82,1
SWIFT_00001866,CH,RU,INR,6968.89,CORPORATE_CURRENT,TIER_1_STANDARD,NO,CLEAR,10,0.30,0
SWIFT_00001867,KY,RU,EUR,98215.82,ESCROW,TIER_3_SIMPLIFIED,NO,CLEAR,8,0.22,1
SWIFT_00001868,IN,SG,AED,142259.16,ESCROW,TIER_2_ENHANCED,NO,CLEAR,7,0.68,1
SWIFT_00001869,CH,IN,AED,178056.12,OFFSHORE_TRUST,TIER_3_SIMPLIFIED,YES,CLEAR,3,1.00,1
SWIFT_00001870,SG,CY,GBP,174232.80,ESCROW,TIER_3_SIMPLIFIED,NO,CLEAR,1,0.93,1
SWIFT_00001871,PA,US,GBP,22427.87,INDIVIDUAL_SAVINGS,TIER_1_STANDARD,NO,POTENTIAL_SANCTION_MATCH,1,0.16,1
SWIFT_00001872,US,AE,USD,143641.16,INDIVIDUAL_SAVINGS,TIER_3_SIMPLIFIED,NO,CLEAR,8,0.81,0
SWIFT_00001873,US,RU,AED,58022.70,INDIVIDUAL_SAVINGS,TIER_1_STANDARD,NO,CLEAR,10,0.60,0
SWIFT_00001874,US,IN,INR,133743.66,OFFSHORE_TRUST,TIER_3_SIMPLIFIED,YES,POTENTIAL_SANCTION_MATCH,8,0.18,1
SWIFT_00001875,CH,GB,AED,4910.33,CORPORATE_CURRENT,TIER_1_STANDARD,NO,POTENTIAL_SANCTION_MATCH,2,0.14,1
SWIFT_00001876,CH,RU,USD,170398.12,INDIVIDUAL_SAVINGS,TIER_1_STANDARD,NO,CLEAR,1,0.23,1
SWIFT_00001877,IN,US,SGD,138726.88,ESCROW,TIER_1_STANDARD,NO,CLEAR,2,0.80,1
SWIFT_00001878,PA,HK,AED,183610.18,ESCROW,TIER_2_ENHANCED,NO,CLEAR,15,0.96,1
SWIFT_00001879,PA,IN,INR,109468.91,CORPORATE_CURRENT,TIER_2_ENHANCED,NO,CLEAR,4,0.90,1
SWIFT_00001880,CH,SG,AED,49455.10,ESCROW,TIER_2_ENHANCED,NO,CLEAR,2,0.58,0
SWIFT_00001881,IN,RU,GBP,50442.56,INDIVIDUAL_SAVINGS,TIER_2_ENHANCED,NO,CLEAR,9,0.94,0
SWIFT_00001882,IN,AE,USD,199163.63,CORPORATE_CURRENT,TIER_1_STANDARD,YES,CLEAR,5,0.83,1
SWIFT_00001883,KY,CY,AED,134992.62,ESCROW,TIER_1_STANDARD,NO,CLEAR,10,0.83,1
SWIFT_00001884,DE,SG,EUR,190482.37,CORPORATE_CURRENT,TIER_3_SIMPLIFIED,NO,CLEAR,1,0.68,0
SWIFT_00001885,AE,VG,USD,209030.78,ESCROW,TIER_2_ENHANCED,NO,CLEAR,15,0.27,0
SWIFT_00001886,CH,VG,SGD,180878.07,INDIVIDUAL_SAVINGS,TIER_1_STANDARD,NO,POTENTIAL_SANCTION_MATCH,14,0.89,1
SWIFT_00001887,IN,US,INR,76176.52,CORPORATE_CURRENT,TIER_1_STANDARD,NO,CLEAR,10,0.57,0
SWIFT_00001888,SG,IN,AED,41861.33,OFFSHORE_TRUST,TIER_3_SIMPLIFIED,NO,CLEAR,14,0.57,0
SWIFT_00001889,GB,AE,AED,140617.00,INDIVIDUAL_SAVINGS,TIER_2_ENHANCED,NO,CLEAR,15,0.72,1
SWIFT_00001890,GB,HK,USD,212182.60,INDIVIDUAL_SAVINGS,TIER_1_STANDARD,NO,CLEAR,4,0.46,1
SWIFT_00001891,GB,AE,EUR,117535.12,INDIVIDUAL_SAVINGS,TIER_2_ENHANCED,YES,POTENTIAL_SANCTION_MATCH,4,0.12,1
SWIFT_00001892,US,VG,EUR,195837.05,ESCROW,TIER_3_SIMPLIFIED,NO,POTENTIAL_SANCTION_MATCH,15,0.27,1
SWIFT_00001893,GB,AE,GBP,215977.66,ESCROW,TIER_2_ENHANCED,NO,POTENTIAL_SANCTION_MATCH,8,0.23,1
SWIFT_00001894,IN,HK,USD,140539.89,ESCROW,TIER_3_SIMPLIFIED,NO,CLEAR,14,0.20,0
SWIFT_00001895,PA,CY,INR,200147.65,INDIVIDUAL_SAVINGS,TIER_2_ENHANCED,NO,CLEAR,14,0.31,1
SWIFT_00001896,KY,HK,AED,127274.58,OFFSHORE_TRUST,TIER_3_SIMPLIFIED,NO,CLEAR,3,0.30,1
SWIFT_00001897,PA,US,SGD,160331.67,CORPORATE_CURRENT,TIER_2_ENHANCED,NO,POTENTIAL_SANCTION_MATCH,8,0.44,1
SWIFT_00001898,US,SG,SGD,61634.40,INDIVIDUAL_SAVINGS,TIER_1_STANDARD,NO,CLEAR,9,0.90,0
SWIFT_00001899,US,GB,INR,53591.23,INDIVIDUAL_SAVINGS,TIER_1_STANDARD,NO,CLEAR,12,0.03,0
SWIFT_00001900,CH,RU,EUR,61368.16,OFFSHORE_TRUST,TIER_1_STANDARD,YES,CLEAR,10,0.24,1
SWIFT_00001901,US,HK,AED,5494.56,CORPORATE_CURRENT,TIER_3_SIMPLIFIED,YES,POTENTIAL_SANCTION_MATCH,10,0.85,1
SWIFT_00001902,GB,US,GBP,26457.37,INDIVIDUAL_SAVINGS,TIER_2_ENHANCED,NO,CLEAR,14,0.74,0
SWIFT_00001903,AE,AE,SGD,175132.59,CORPORATE_CURRENT,TIER_2_ENHANCED,NO,CLEAR,11,0.71,1
SWIFT_00001904,IN,SG,USD,85001.34,CORPORATE_CURRENT,TIER_3_SIMPLIFIED,NO,POTENTIAL_SANCTION_MATCH,3,0.01,1
SWIFT_00001905,GB,HK,SGD,81376.69,OFFSHORE_TRUST,TIER_1_STANDARD,NO,POTENTIAL_SANCTION_MATCH,15,0.77,1
SWIFT_00001906,US,US,USD,81058.34,OFFSHORE_TRUST,TIER_2_ENHANCED,YES,POTENTIAL_SANCTION_MATCH,8,0.21,1
SWIFT_00001907,CH,SG,USD,230317.39,OFFSHORE_TRUST,TIER_2_ENHANCED,NO,CLEAR,15,0.97,0
SWIFT_00001908,US,CY,USD,55836.09,INDIVIDUAL_SAVINGS,TIER_3_SIMPLIFIED,NO,CLEAR,4,0.12,0
SWIFT_00001909,CH,US,GBP,47406.56,OFFSHORE_TRUST,TIER_3_SIMPLIFIED,YES,POTENTIAL_SANCTION_MATCH,10,0.94,1
SWIFT_00001910,GB,SG,GBP,139258.11,OFFSHORE_TRUST,TIER_3_SIMPLIFIED,NO,CLEAR,5,0.18,1
SWIFT_00001911,DE,US,SGD,25647.59,INDIVIDUAL_SAVINGS,TIER_3_SIMPLIFIED,NO,POTENTIAL_SANCTION_MATCH,10,0.74,1
SWIFT_00001912,AE,GB,GBP,188221.43,ESCROW,TIER_1_STANDARD,NO,CLEAR,10,0.14,1
SWIFT_00001913,CH,CY,AED,90936.66,ESCROW,TIER_1_STANDARD,NO,CLEAR,14,0.80,0
SWIFT_00001914,US,GB,SGD,95195.35,OFFSHORE_TRUST,TIER_1_STANDARD,NO,CLEAR,10,0.78,0
SWIFT_00001915,CH,AE,AED,241986.27,CORPORATE_CURRENT,TIER_1_STANDARD,NO,CLEAR,7,0.92,0
SWIFT_00001916,DE,VG,SGD,164454.16,OFFSHORE_TRUST,TIER_2_ENHANCED,NO,CLEAR,10,0.84,0
SWIFT_00001917,IN,US,INR,213668.55,OFFSHORE_TRUST,TIER_2_ENHANCED,NO,CLEAR,10,0.59,0
SWIFT_00001918,PA,IN,GBP,158748.18,ESCROW,TIER_2_ENHANCED,NO,CLEAR,9,1.00,1
SWIFT_00001919,US,AE,USD,136018.81,CORPORATE_CURRENT,TIER_1_STANDARD,NO,CLEAR,6,0.20,0
SWIFT_00001920,SG,HK,USD,133656.05,CORPORATE_CURRENT,TIER_2_ENHANCED,YES,CLEAR,13,0.09,1
SWIFT_00001921,CH,US,EUR,123968.86,OFFSHORE_TRUST,TIER_2_ENHANCED,YES,CLEAR,12,0.71,1
SWIFT_00001922,IN,SG,EUR,171075.77,CORPORATE_CURRENT,TIER_3_SIMPLIFIED,NO,POTENTIAL_SANCTION_MATCH,12,0.41,1
SWIFT_00001923,KY,RU,AED,206411.95,INDIVIDUAL_SAVINGS,TIER_3_SIMPLIFIED,NO,CLEAR,6,0.18,1
SWIFT_00001924,PA,CY,EUR,215867.99,CORPORATE_CURRENT,TIER_1_STANDARD,NO,POTENTIAL_SANCTION_MATCH,14,0.38,1
SWIFT_00001925,PA,SG,INR,189020.52,OFFSHORE_TRUST,TIER_2_ENHANCED,NO,CLEAR,3,0.85,1
SWIFT_00001926,IN,IN,USD,174872.91,CORPORATE_CURRENT,TIER_3_SIMPLIFIED,NO,CLEAR,11,0.88,0
SWIFT_00001927,GB,RU,AED,200381.25,ESCROW,TIER_3_SIMPLIFIED,NO,CLEAR,2,0.26,0
SWIFT_00001928,AE,AE,AED,98972.47,INDIVIDUAL_SAVINGS,TIER_2_ENHANCED,NO,POTENTIAL_SANCTION_MATCH,1,0.10,1
SWIFT_00001929,SG,RU,EUR,38907.29,ESCROW,TIER_1_STANDARD,NO,CLEAR,2,0.76,0
SWIFT_00001930,SG,GB,AED,170578.75,ESCROW,TIER_2_ENHANCED,YES,POTENTIAL_SANCTION_MATCH,9,0.32,1
SWIFT_00001931,IN,RU,USD,239468.03,CORPORATE_CURRENT,TIER_1_STANDARD,NO,CLEAR,15,0.15,1
SWIFT_00001932,AE,VG,USD,61212.09,OFFSHORE_TRUST,TIER_2_ENHANCED,NO,CLEAR,8,0.66,0
SWIFT_00001933,AE,SG,INR,166628.92,ESCROW,TIER_1_STANDARD,NO,CLEAR,11,0.57,1
SWIFT_00001934,CH,GB,EUR,90729.10,OFFSHORE_TRUST,TIER_1_STANDARD,NO,CLEAR,4,0.69,0
SWIFT_00001935,IN,HK,GBP,28980.10,CORPORATE_CURRENT,TIER_3_SIMPLIFIED,NO,CLEAR,11,0.26,0
SWIFT_00001936,CH,US,INR,221122.69,CORPORATE_CURRENT,TIER_3_SIMPLIFIED,NO,CLEAR,5,0.23,0
SWIFT_00001937,IN,VG,USD,163980.11,ESCROW,TIER_3_SIMPLIFIED,YES,CLEAR,3,0.22,1
SWIFT_00001938,IN,HK,AED,129843.63,ESCROW,TIER_2_ENHANCED,NO,CLEAR,8,0.69,1
SWIFT_00001939,US,GB,GBP,113422.54,CORPORATE_CURRENT,TIER_3_SIMPLIFIED,NO,CLEAR,10,0.47,1
SWIFT_00001940,GB,IN,SGD,205280.46,ESCROW,TIER_2_ENHANCED,NO,POTENTIAL_SANCTION_MATCH,6,0.72,1
SWIFT_00001941,KY,IN,EUR,235931.57,ESCROW,TIER_3_SIMPLIFIED,NO,CLEAR,15,0.94,1
SWIFT_00001942,SG,AE,INR,223584.22,INDIVIDUAL_SAVINGS,TIER_3_SIMPLIFIED,YES,POTENTIAL_SANCTION_MATCH,13,0.56,1
SWIFT_00001943,AE,US,INR,104252.28,ESCROW,TIER_3_SIMPLIFIED,NO,CLEAR,7,0.38,0
SWIFT_00001944,CH,SG,INR,127724.31,INDIVIDUAL_SAVINGS,TIER_1_STANDARD,NO,CLEAR,12,0.65,1
SWIFT_00001945,KY,HK,GBP,77904.17,CORPORATE_CURRENT,TIER_2_ENHANCED,NO,CLEAR,12,0.27,1
SWIFT_00001946,AE,IN,AED,155086.32,INDIVIDUAL_SAVINGS,TIER_1_STANDARD,NO,POTENTIAL_SANCTION_MATCH,6,0.95,1
SWIFT_00001947,KY,RU,USD,30568.28,INDIVIDUAL_SAVINGS,TIER_3_SIMPLIFIED,NO,CLEAR,13,0.44,1
SWIFT_00001948,SG,RU,INR,111207.19,ESCROW,TIER_2_ENHANCED,NO,CLEAR,5,0.13,0
SWIFT_00001949,IN,HK,SGD,44408.50,OFFSHORE_TRUST,TIER_3_SIMPLIFIED,NO,CLEAR,12,0.28,0
SWIFT_00001950,DE,RU,EUR,141795.37,OFFSHORE_TRUST,TIER_2_ENHANCED,YES,CLEAR,13,0.89,1
SWIFT_00001951,GB,IN,EUR,170676.30,CORPORATE_CURRENT,TIER_3_SIMPLIFIED,NO,CLEAR,11,0.40,0
SWIFT_00001952,SG,IN,EUR,45719.23,OFFSHORE_TRUST,TIER_2_ENHANCED,NO,CLEAR,4,0.70,0
SWIFT_00001953,PA,AE,GBP,17421.72,ESCROW,TIER_2_ENHANCED,NO,CLEAR,3,0.43,1
SWIFT_00001954,SG,US,INR,2025.61,OFFSHORE_TRUST,TIER_3_SIMPLIFIED,NO,CLEAR,2,0.54,0
SWIFT_00001955,PA,HK,USD,147333.01,OFFSHORE_TRUST,TIER_3_SIMPLIFIED,NO,CLEAR,7,0.82,1
SWIFT_00001956,AE,SG,AED,194448.89,OFFSHORE_TRUST,TIER_1_STANDARD,NO,POTENTIAL_SANCTION_MATCH,2,0.21,1
SWIFT_00001957,SG,GB,GBP,132998.21,INDIVIDUAL_SAVINGS,TIER_3_SIMPLIFIED,NO,CLEAR,1,0.36,1
SWIFT_00001958,IN,GB,SGD,105302.35,INDIVIDUAL_SAVINGS,TIER_3_SIMPLIFIED,NO,POTENTIAL_SANCTION_MATCH,10,0.47,1
SWIFT_00001959,CH,US,SGD,175861.48,CORPORATE_CURRENT,TIER_1_STANDARD,NO,CLEAR,8,0.83,0
SWIFT_00001960,IN,US,USD,118042.31,INDIVIDUAL_SAVINGS,TIER_2_ENHANCED,NO,CLEAR,13,0.58,1
SWIFT_00001961,KY,GB,GBP,203466.25,INDIVIDUAL_SAVINGS,TIER_3_SIMPLIFIED,NO,CLEAR,9,0.56,1
SWIFT_00001962,AE,IN,EUR,164400.51,CORPORATE_CURRENT,TIER_3_SIMPLIFIED,YES,CLEAR,8,0.07,1
SWIFT_00001963,AE,IN,GBP,209352.07,INDIVIDUAL_SAVINGS,TIER_1_STANDARD,NO,POTENTIAL_SANCTION_MATCH,11,0.10,1
SWIFT_00001964,DE,CY,SGD,97562.45,ESCROW,TIER_2_ENHANCED,NO,CLEAR,1,0.15,0
SWIFT_00001965,AE,CY,AED,38894.21,OFFSHORE_TRUST,TIER_2_ENHANCED,NO,POTENTIAL_SANCTION_MATCH,12,0.91,1
SWIFT_00001966,CH,VG,INR,49490.74,CORPORATE_CURRENT,TIER_1_STANDARD,NO,CLEAR,13,0.19,0
SWIFT_00001967,GB,US,INR,36918.00,OFFSHORE_TRUST,TIER_1_STANDARD,NO,CLEAR,8,0.08,0
SWIFT_00001968,AE,SG,USD,223564.55,ESCROW,TIER_3_SIMPLIFIED,NO,CLEAR,6,0.23,1
SWIFT_00001969,SG,GB,SGD,227327.54,ESCROW,TIER_1_STANDARD,YES,CLEAR,2,0.23,1
SWIFT_00001970,DE,HK,SGD,170260.32,OFFSHORE_TRUST,TIER_1_STANDARD,NO,CLEAR,8,0.90,0
SWIFT_00001971,SG,US,SGD,36572.49,ESCROW,TIER_3_SIMPLIFIED,YES,CLEAR,6,0.28,1
SWIFT_00001972,US,US,SGD,98337.56,INDIVIDUAL_SAVINGS,TIER_3_SIMPLIFIED,NO,CLEAR,12,0.11,0
SWIFT_00001973,IN,US,USD,233332.12,OFFSHORE_TRUST,TIER_1_STANDARD,YES,CLEAR,8,0.98,1
SWIFT_00001974,IN,CY,INR,7925.14,CORPORATE_CURRENT,TIER_3_SIMPLIFIED,NO,CLEAR,13,0.34,0
SWIFT_00001975,KY,VG,AED,126169.40,OFFSHORE_TRUST,TIER_3_SIMPLIFIED,YES,CLEAR,11,0.65,1
SWIFT_00001976,CH,IN,AED,236768.74,INDIVIDUAL_SAVINGS,TIER_3_SIMPLIFIED,NO,CLEAR,11,0.85,1
SWIFT_00001977,GB,IN,AED,66277.83,INDIVIDUAL_SAVINGS,TIER_2_ENHANCED,NO,CLEAR,12,0.61,0
SWIFT_00001978,PA,GB,SGD,145527.99,INDIVIDUAL_SAVINGS,TIER_2_ENHANCED,NO,CLEAR,10,0.28,1
SWIFT_00001979,CH,IN,INR,30003.08,CORPORATE_CURRENT,TIER_3_SIMPLIFIED,NO,CLEAR,11,0.33,0
SWIFT_00001980,SG,VG,SGD,104719.32,INDIVIDUAL_SAVINGS,TIER_3_SIMPLIFIED,NO,CLEAR,3,0.81,1
SWIFT_00001981,SG,RU,USD,7257.27,INDIVIDUAL_SAVINGS,TIER_3_SIMPLIFIED,NO,CLEAR,15,0.67,0
SWIFT_00001982,SG,GB,INR,31333.40,OFFSHORE_TRUST,TIER_3_SIMPLIFIED,NO,CLEAR,8,0.50,0
SWIFT_00001983,GB,GB,GBP,143725.83,OFFSHORE_TRUST,TIER_2_ENHANCED,NO,CLEAR,12,0.02,1
SWIFT_00001984,CH,RU,GBP,46381.56,INDIVIDUAL_SAVINGS,TIER_1_STANDARD,NO,POTENTIAL_SANCTION_MATCH,3,0.06,1
SWIFT_00001985,KY,VG,AED,170523.76,INDIVIDUAL_SAVINGS,TIER_2_ENHANCED,YES,POTENTIAL_SANCTION_MATCH,7,0.41,1
SWIFT_00001986,CH,HK,USD,179907.45,ESCROW,TIER_3_SIMPLIFIED,NO,CLEAR,13,0.02,0
SWIFT_00001987,GB,HK,GBP,78767.15,CORPORATE_CURRENT,TIER_1_STANDARD,NO,CLEAR,11,0.08,0
SWIFT_00001988,PA,VG,SGD,182183.05,OFFSHORE_TRUST,TIER_3_SIMPLIFIED,NO,CLEAR,5,0.75,1
SWIFT_00001989,IN,IN,SGD,37445.32,OFFSHORE_TRUST,TIER_1_STANDARD,NO,CLEAR,14,0.91,0
SWIFT_00001990,PA,GB,INR,184124.79,INDIVIDUAL_SAVINGS,TIER_1_STANDARD,NO,CLEAR,9,0.09,1
SWIFT_00001991,SG,HK,INR,231563.36,ESCROW,TIER_1_STANDARD,NO,POTENTIAL_SANCTION_MATCH,11,0.02,1
SWIFT_00001992,KY,AE,USD,164275.14,CORPORATE_CURRENT,TIER_1_STANDARD,YES,CLEAR,2,0.91,1
SWIFT_00001993,DE,HK,INR,66609.54,CORPORATE_CURRENT,TIER_1_STANDARD,NO,POTENTIAL_SANCTION_MATCH,13,0.58,1
SWIFT_00001994,KY,VG,GBP,6462.25,ESCROW,TIER_1_STANDARD,NO,POTENTIAL_SANCTION_MATCH,14,0.88,1
SWIFT_00001995,IN,RU,INR,166286.00,OFFSHORE_TRUST,TIER_2_ENHANCED,YES,CLEAR,9,0.51,1
SWIFT_00001996,GB,GB,EUR,208848.13,INDIVIDUAL_SAVINGS,TIER_3_SIMPLIFIED,YES,CLEAR,6,0.48,1
SWIFT_00001997,IN,AE,EUR,189355.65,INDIVIDUAL_SAVINGS,TIER_3_SIMPLIFIED,NO,CLEAR,4,0.09,0
SWIFT_00001998,GB,IN,GBP,178440.03,CORPORATE_CURRENT,TIER_2_ENHANCED,NO,POTENTIAL_SANCTION_MATCH,4,0.89,1
SWIFT_00001999,KY,HK,INR,119048.28,OFFSHORE_TRUST,TIER_1_STANDARD,NO,CLEAR,14,0.52,1
SWIFT_00002000,IN,SG,GBP,141730.29,OFFSHORE_TRUST,TIER_1_STANDARD,YES,POTENTIAL_SANCTION_MATCH,5,0.40,1
SWIFT_00002001,CH,CY,AED,183676.45,INDIVIDUAL_SAVINGS,TIER_1_STANDARD,NO,CLEAR,11,0.91,0
SWIFT_00002002,DE,GB,USD,15043.96,ESCROW,TIER_2_ENHANCED,NO,CLEAR,10,0.47,0
SWIFT_00002003,AE,SG,EUR,155783.57,CORPORATE_CURRENT,TIER_1_STANDARD,NO,CLEAR,14,0.07,1
SWIFT_00002004,PA,RU,USD,124360.08,OFFSHORE_TRUST,TIER_2_ENHANCED,NO,CLEAR,1,0.18,1
SWIFT_00002005,US,IN,USD,110335.20,ESCROW,TIER_1_STANDARD,NO,CLEAR,15,0.55,0
SWIFT_00002006,IN,AE,AED,20464.88,ESCROW,TIER_2_ENHANCED,NO,POTENTIAL_SANCTION_MATCH,13,0.76,1
SWIFT_00002007,CH,GB,USD,61059.01,OFFSHORE_TRUST,TIER_2_ENHANCED,YES,CLEAR,8,0.09,1
SWIFT_00002008,KY,IN,GBP,108271.74,ESCROW,TIER_2_ENHANCED,YES,CLEAR,11,0.12,1
SWIFT_00002009,CH,VG,AED,227380.34,OFFSHORE_TRUST,TIER_1_STANDARD,NO,CLEAR,11,0.40,1
SWIFT_00002010,SG,RU,GBP,14463.93,INDIVIDUAL_SAVINGS,TIER_2_ENHANCED,NO,CLEAR,3,0.45,0
SWIFT_00002011,GB,RU,INR,182827.47,ESCROW,TIER_2_ENHANCED,NO,CLEAR,11,0.32,0
SWIFT_00002012,US,VG,EUR,66179.08,CORPORATE_CURRENT,TIER_1_STANDARD,NO,CLEAR,9,0.59,0
SWIFT_00002013,CH,IN,EUR,223455.43,CORPORATE_CURRENT,TIER_3_SIMPLIFIED,NO,CLEAR,11,0.53,0
SWIFT_00002014,SG,US,SGD,190960.75,ESCROW,TIER_3_SIMPLIFIED,NO,POTENTIAL_SANCTION_MATCH,10,0.71,1
SWIFT_00002015,US,HK,SGD,203608.22,CORPORATE_CURRENT,TIER_1_STANDARD,NO,CLEAR,5,0.68,0
SWIFT_00002016,PA,CY,INR,86668.07,ESCROW,TIER_1_STANDARD,YES,CLEAR,11,0.35,1
SWIFT_00002017,DE,IN,SGD,149452.21,ESCROW,TIER_2_ENHANCED,NO,CLEAR,5,0.26,1
SWIFT_00002018,US,IN,AED,31535.79,INDIVIDUAL_SAVINGS,TIER_1_STANDARD,NO,CLEAR,14,0.09,0
SWIFT_00002019,KY,GB,SGD,56584.71,INDIVIDUAL_SAVINGS,TIER_2_ENHANCED,NO,POTENTIAL_SANCTION_MATCH,5,0.25,1
SWIFT_00002020,AE,AE,USD,133984.99,ESCROW,TIER_3_SIMPLIFIED,NO,CLEAR,1,0.60,1
SWIFT_00002021,GB,CY,EUR,33064.70,OFFSHORE_TRUST,TIER_1_STANDARD,NO,CLEAR,14,0.34,0
SWIFT_00002022,GB,CY,INR,106766.18,ESCROW,TIER_3_SIMPLIFIED,NO,CLEAR,3,0.54,0
SWIFT_00002023,PA,CY,INR,95474.28,INDIVIDUAL_SAVINGS,TIER_3_SIMPLIFIED,NO,CLEAR,10,0.33,1
SWIFT_00002024,AE,US,GBP,112737.18,CORPORATE_CURRENT,TIER_3_SIMPLIFIED,YES,CLEAR,15,0.17,1
SWIFT_00002025,CH,GB,GBP,232417.57,ESCROW,TIER_3_SIMPLIFIED,YES,CLEAR,12,0.61,1
SWIFT_00002026,AE,HK,GBP,246940.53,CORPORATE_CURRENT,TIER_2_ENHANCED,NO,CLEAR,9,0.96,0
SWIFT_00002027,GB,IN,GBP,196107.15,OFFSHORE_TRUST,TIER_3_SIMPLIFIED,NO,CLEAR,6,0.97,1
SWIFT_00002028,US,VG,INR,225476.53,ESCROW,TIER_1_STANDARD,NO,CLEAR,6,0.80,1
SWIFT_00002029,PA,AE,INR,165451.02,ESCROW,TIER_3_SIMPLIFIED,NO,CLEAR,10,0.87,1
SWIFT_00002030,GB,IN,EUR,147333.88,INDIVIDUAL_SAVINGS,TIER_3_SIMPLIFIED,NO,CLEAR,6,0.42,0
SWIFT_00002031,DE,HK,INR,64799.78,CORPORATE_CURRENT,TIER_1_STANDARD,NO,POTENTIAL_SANCTION_MATCH,14,0.97,1
SWIFT_00002032,PA,GB,GBP,126609.71,INDIVIDUAL_SAVINGS,TIER_1_STANDARD,NO,CLEAR,14,0.51,1
SWIFT_00002033,PA,RU,EUR,187680.36,INDIVIDUAL_SAVINGS,TIER_2_ENHANCED,NO,CLEAR,6,0.88,1
SWIFT_00002034,US,RU,EUR,197259.91,ESCROW,TIER_1_STANDARD,NO,POTENTIAL_SANCTION_MATCH,5,0.59,1
SWIFT_00002035,US,CY,USD,60424.93,ESCROW,TIER_2_ENHANCED,NO,CLEAR,13,0.89,0
SWIFT_00002036,KY,IN,AED,114570.31,OFFSHORE_TRUST,TIER_2_ENHANCED,YES,CLEAR,8,0.84,1
SWIFT_00002037,DE,CY,GBP,32241.86,ESCROW,TIER_2_ENHANCED,NO,POTENTIAL_SANCTION_MATCH,3,0.84,1
SWIFT_00002038,IN,CY,AED,195915.23,ESCROW,TIER_3_SIMPLIFIED,NO,CLEAR,9,0.27,0
SWIFT_00002039,KY,AE,EUR,77030.05,ESCROW,TIER_3_SIMPLIFIED,NO,CLEAR,7,0.04,1
SWIFT_00002040,PA,GB,AED,165812.87,CORPORATE_CURRENT,TIER_1_STANDARD,NO,CLEAR,2,0.04,1
SWIFT_00002041,US,US,AED,232128.78,ESCROW,TIER_2_ENHANCED,NO,POTENTIAL_SANCTION_MATCH,1,0.23,1
SWIFT_00002042,PA,RU,SGD,223908.34,CORPORATE_CURRENT,TIER_2_ENHANCED,NO,CLEAR,7,0.47,1
SWIFT_00002043,AE,CY,USD,42787.13,ESCROW,TIER_2_ENHANCED,NO,POTENTIAL_SANCTION_MATCH,9,0.79,1
SWIFT_00002044,IN,HK,EUR,67296.96,ESCROW,TIER_2_ENHANCED,YES,CLEAR,4,0.77,1
SWIFT_00002045,DE,AE,SGD,95997.81,ESCROW,TIER_2_ENHANCED,NO,POTENTIAL_SANCTION_MATCH,13,0.12,1
SWIFT_00002046,KY,US,GBP,179962.48,ESCROW,TIER_3_SIMPLIFIED,NO,POTENTIAL_SANCTION_MATCH,7,0.46,1
SWIFT_00002047,SG,AE,GBP,111923.52,OFFSHORE_TRUST,TIER_1_STANDARD,NO,POTENTIAL_SANCTION_MATCH,11,0.64,1
SWIFT_00002048,DE,IN,GBP,234752.96,CORPORATE_CURRENT,TIER_2_ENHANCED,YES,CLEAR,12,0.57,1
SWIFT_00002049,DE,CY,SGD,150494.80,ESCROW,TIER_1_STANDARD,NO,CLEAR,10,0.59,0
SWIFT_00002050,AE,HK,USD,247200.89,CORPORATE_CURRENT,TIER_1_STANDARD,YES,POTENTIAL_SANCTION_MATCH,3,0.17,1
SWIFT_00002051,GB,AE,SGD,32934.13,OFFSHORE_TRUST,TIER_3_SIMPLIFIED,NO,CLEAR,10,0.61,0
SWIFT_00002052,CH,CY,AED,238506.14,CORPORATE_CURRENT,TIER_1_STANDARD,NO,POTENTIAL_SANCTION_MATCH,9,0.03,1
SWIFT_00002053,PA,RU,USD,221713.56,OFFSHORE_TRUST,TIER_2_ENHANCED,NO,CLEAR,2,0.76,1
SWIFT_00002054,IN,VG,EUR,161279.82,ESCROW,TIER_3_SIMPLIFIED,YES,CLEAR,15,0.37,1
SWIFT_00002055,US,VG,SGD,32682.94,CORPORATE_CURRENT,TIER_2_ENHANCED,NO,CLEAR,13,0.57,0
SWIFT_00002056,US,IN,GBP,204095.94,CORPORATE_CURRENT,TIER_2_ENHANCED,NO,CLEAR,4,0.93,0
SWIFT_00002057,US,US,GBP,215738.65,CORPORATE_CURRENT,TIER_1_STANDARD,NO,POTENTIAL_SANCTION_MATCH,2,0.00,1
SWIFT_00002058,CH,US,USD,43185.73,CORPORATE_CURRENT,TIER_1_STANDARD,NO,CLEAR,7,0.98,0
SWIFT_00002059,DE,IN,INR,19087.88,ESCROW,TIER_3_SIMPLIFIED,NO,CLEAR,13,0.85,0
SWIFT_00002060,DE,VG,GBP,239299.81,CORPORATE_CURRENT,TIER_3_SIMPLIFIED,NO,CLEAR,12,0.39,1
SWIFT_00002061,CH,IN,INR,47145.70,CORPORATE_CURRENT,TIER_3_SIMPLIFIED,NO,POTENTIAL_SANCTION_MATCH,3,0.15,1
SWIFT_00002062,US,AE,GBP,164006.48,CORPORATE_CURRENT,TIER_2_ENHANCED,NO,CLEAR,14,0.58,1
SWIFT_00002063,GB,US,SGD,165615.32,ESCROW,TIER_1_STANDARD,NO,POTENTIAL_SANCTION_MATCH,15,0.30,1
SWIFT_00002064,IN,CY,USD,197750.81,INDIVIDUAL_SAVINGS,TIER_3_SIMPLIFIED,NO,CLEAR,14,0.74,1
SWIFT_00002065,CH,AE,GBP,24560.90,CORPORATE_CURRENT,TIER_3_SIMPLIFIED,NO,CLEAR,12,0.37,0
SWIFT_00002066,IN,GB,SGD,239851.24,OFFSHORE_TRUST,TIER_3_SIMPLIFIED,NO,CLEAR,9,0.33,1
SWIFT_00002067,IN,US,USD,117961.58,INDIVIDUAL_SAVINGS,TIER_3_SIMPLIFIED,NO,POTENTIAL_SANCTION_MATCH,5,0.92,1
SWIFT_00002068,GB,CY,AED,98531.68,ESCROW,TIER_2_ENHANCED,NO,CLEAR,6,0.20,0
SWIFT_00002069,PA,VG,GBP,647.98,CORPORATE_CURRENT,TIER_1_STANDARD,NO,CLEAR,10,0.05,1
SWIFT_00002070,AE,AE,SGD,9213.92,OFFSHORE_TRUST,TIER_1_STANDARD,NO,CLEAR,11,0.76,0
SWIFT_00002071,SG,CY,SGD,154544.09,INDIVIDUAL_SAVINGS,TIER_1_STANDARD,NO,POTENTIAL_SANCTION_MATCH,6,0.67,1
SWIFT_00002072,IN,HK,INR,56189.14,CORPORATE_CURRENT,TIER_3_SIMPLIFIED,NO,CLEAR,14,0.74,0
SWIFT_00002073,CH,VG,INR,120092.09,ESCROW,TIER_2_ENHANCED,NO,POTENTIAL_SANCTION_MATCH,13,0.51,1
SWIFT_00002074,KY,CY,EUR,111973.36,ESCROW,TIER_3_SIMPLIFIED,NO,CLEAR,3,0.43,1
SWIFT_00002075,PA,AE,INR,171264.39,ESCROW,TIER_1_STANDARD,YES,POTENTIAL_SANCTION_MATCH,3,0.48,1
SWIFT_00002076,CH,VG,EUR,116833.14,OFFSHORE_TRUST,TIER_3_SIMPLIFIED,NO,POTENTIAL_SANCTION_MATCH,11,0.66,1
SWIFT_00002077,CH,AE,GBP,205507.65,ESCROW,TIER_1_STANDARD,NO,CLEAR,5,0.05,0
SWIFT_00002078,US,CY,SGD,78107.72,CORPORATE_CURRENT,TIER_2_ENHANCED,NO,CLEAR,5,0.18,0
SWIFT_00002079,PA,GB,AED,186960.91,ESCROW,TIER_3_SIMPLIFIED,YES,POTENTIAL_SANCTION_MATCH,10,0.61,1
SWIFT_00002080,US,AE,GBP,97357.49,CORPORATE_CURRENT,TIER_3_SIMPLIFIED,YES,CLEAR,3,0.07,1
SWIFT_00002081,US,CY,SGD,108342.20,ESCROW,TIER_3_SIMPLIFIED,NO,CLEAR,11,0.06,0
SWIFT_00002082,AE,HK,USD,57509.69,OFFSHORE_TRUST,TIER_3_SIMPLIFIED,NO,CLEAR,12,0.34,0
SWIFT_00002083,AE,VG,SGD,152257.28,CORPORATE_CURRENT,TIER_3_SIMPLIFIED,NO,POTENTIAL_SANCTION_MATCH,11,0.23,1
SWIFT_00002084,KY,RU,USD,120041.27,ESCROW,TIER_3_SIMPLIFIED,YES,CLEAR,3,0.06,1
SWIFT_00002085,SG,US,USD,52702.97,INDIVIDUAL_SAVINGS,TIER_1_STANDARD,NO,CLEAR,5,0.38,0
SWIFT_00002086,SG,US,USD,148982.71,CORPORATE_CURRENT,TIER_3_SIMPLIFIED,NO,CLEAR,3,0.59,0
SWIFT_00002087,GB,US,GBP,123136.50,INDIVIDUAL_SAVINGS,TIER_3_SIMPLIFIED,NO,CLEAR,14,0.48,1
SWIFT_00002088,SG,GB,EUR,4638.23,CORPORATE_CURRENT,TIER_3_SIMPLIFIED,NO,CLEAR,8,0.91,0
SWIFT_00002089,IN,HK,GBP,58527.60,INDIVIDUAL_SAVINGS,TIER_3_SIMPLIFIED,NO,CLEAR,13,0.66,0
SWIFT_00002090,GB,IN,SGD,172967.10,INDIVIDUAL_SAVINGS,TIER_3_SIMPLIFIED,NO,CLEAR,5,0.02,0
SWIFT_00002091,GB,IN,INR,215653.91,INDIVIDUAL_SAVINGS,TIER_2_ENHANCED,NO,CLEAR,6,0.58,0
SWIFT_00002092,AE,SG,AED,114394.82,OFFSHORE_TRUST,TIER_2_ENHANCED,NO,CLEAR,12,0.48,1
SWIFT_00002093,AE,IN,SGD,91473.82,OFFSHORE_TRUST,TIER_3_SIMPLIFIED,NO,CLEAR,13,0.78,0
SWIFT_00002094,IN,CY,EUR,42057.66,ESCROW,TIER_1_STANDARD,NO,CLEAR,12,0.79,0
SWIFT_00002095,DE,US,EUR,141208.37,OFFSHORE_TRUST,TIER_1_STANDARD,NO,POTENTIAL_SANCTION_MATCH,2,0.76,1
SWIFT_00002096,KY,AE,SGD,189318.12,OFFSHORE_TRUST,TIER_2_ENHANCED,NO,CLEAR,13,0.47,1
SWIFT_00002097,AE,IN,USD,3059.15,INDIVIDUAL_SAVINGS,TIER_2_ENHANCED,NO,POTENTIAL_SANCTION_MATCH,3,0.20,1
SWIFT_00002098,IN,GB,INR,133765.28,OFFSHORE_TRUST,TIER_3_SIMPLIFIED,YES,CLEAR,7,0.42,1
SWIFT_00002099,PA,CY,GBP,231344.82,INDIVIDUAL_SAVINGS,TIER_3_SIMPLIFIED,NO,CLEAR,15,0.41,1
SWIFT_00002100,AE,GB,AED,143760.05,INDIVIDUAL_SAVINGS,TIER_3_SIMPLIFIED,YES,CLEAR,3,0.57,1
SWIFT_00002101,KY,AE,INR,35876.14,ESCROW,TIER_3_SIMPLIFIED,NO,CLEAR,10,0.71,1
SWIFT_00002102,IN,IN,INR,26807.22,CORPORATE_CURRENT,TIER_2_ENHANCED,YES,CLEAR,9,0.48,1
SWIFT_00002103,CH,IN,USD,172867.68,ESCROW,TIER_2_ENHANCED,NO,CLEAR,7,0.29,0
SWIFT_00002104,KY,US,USD,229711.34,ESCROW,TIER_3_SIMPLIFIED,NO,CLEAR,3,0.99,1
SWIFT_00002105,KY,AE,AED,226654.37,INDIVIDUAL_SAVINGS,TIER_3_SIMPLIFIED,YES,CLEAR,13,0.29,1
SWIFT_00002106,AE,SG,AED,32693.13,CORPORATE_CURRENT,TIER_3_SIMPLIFIED,NO,CLEAR,4,0.17,0
SWIFT_00002107,US,RU,INR,102299.86,CORPORATE_CURRENT,TIER_2_ENHANCED,NO,CLEAR,11,0.69,1
SWIFT_00002108,AE,CY,SGD,6709.43,INDIVIDUAL_SAVINGS,TIER_2_ENHANCED,YES,POTENTIAL_SANCTION_MATCH,12,0.62,1
SWIFT_00002109,US,AE,EUR,76045.15,INDIVIDUAL_SAVINGS,TIER_1_STANDARD,NO,CLEAR,4,0.55,0
SWIFT_00002110,IN,VG,INR,133542.57,INDIVIDUAL_SAVINGS,TIER_1_STANDARD,NO,CLEAR,1,0.70,0
SWIFT_00002111,PA,RU,INR,157431.60,OFFSHORE_TRUST,TIER_3_SIMPLIFIED,NO,CLEAR,9,0.34,1
SWIFT_00002112,CH,VG,USD,4009.23,CORPORATE_CURRENT,TIER_3_SIMPLIFIED,NO,CLEAR,1,0.17,0
SWIFT_00002113,KY,AE,GBP,25911.23,ESCROW,TIER_2_ENHANCED,NO,CLEAR,10,0.74,1
SWIFT_00002114,SG,US,GBP,240353.48,OFFSHORE_TRUST,TIER_1_STANDARD,NO,CLEAR,4,0.11,1
SWIFT_00002115,DE,CY,GBP,70371.09,INDIVIDUAL_SAVINGS,TIER_3_SIMPLIFIED,NO,CLEAR,3,0.41,0
SWIFT_00002116,IN,RU,SGD,115626.35,INDIVIDUAL_SAVINGS,TIER_2_ENHANCED,NO,CLEAR,9,0.65,0
SWIFT_00002117,PA,SG,GBP,146752.89,CORPORATE_CURRENT,TIER_1_STANDARD,NO,CLEAR,13,0.56,1
SWIFT_00002118,KY,VG,USD,135347.20,ESCROW,TIER_1_STANDARD,NO,CLEAR,7,0.21,1
SWIFT_00002119,KY,US,USD,70489.62,INDIVIDUAL_SAVINGS,TIER_3_SIMPLIFIED,NO,CLEAR,8,0.69,1
SWIFT_00002120,CH,AE,SGD,32812.60,ESCROW,TIER_3_SIMPLIFIED,NO,CLEAR,7,0.74,0
SWIFT_00002121,AE,SG,AED,34288.13,ESCROW,TIER_2_ENHANCED,NO,CLEAR,13,0.81,0
SWIFT_00002122,PA,RU,INR,11406.61,ESCROW,TIER_1_STANDARD,NO,CLEAR,7,0.58,1
SWIFT_00002123,US,VG,GBP,145626.64,CORPORATE_CURRENT,TIER_3_SIMPLIFIED,NO,CLEAR,12,0.28,1
SWIFT_00002124,CH,HK,GBP,162051.17,CORPORATE_CURRENT,TIER_1_STANDARD,NO,CLEAR,5,0.67,0
SWIFT_00002125,PA,HK,AED,144333.76,INDIVIDUAL_SAVINGS,TIER_3_SIMPLIFIED,NO,CLEAR,13,0.94,1
SWIFT_00002126,DE,US,INR,11514.64,CORPORATE_CURRENT,TIER_3_SIMPLIFIED,NO,POTENTIAL_SANCTION_MATCH,2,0.69,1
SWIFT_00002127,DE,SG,AED,174574.81,INDIVIDUAL_SAVINGS,TIER_3_SIMPLIFIED,NO,CLEAR,12,0.82,1
SWIFT_00002128,AE,SG,SGD,228195.69,OFFSHORE_TRUST,TIER_3_SIMPLIFIED,NO,CLEAR,13,0.74,1
SWIFT_00002129,SG,RU,USD,72600.81,ESCROW,TIER_3_SIMPLIFIED,YES,CLEAR,2,0.37,1
SWIFT_00002130,DE,CY,USD,148392.04,CORPORATE_CURRENT,TIER_1_STANDARD,NO,CLEAR,9,0.11,1
SWIFT_00002131,US,HK,SGD,139636.20,ESCROW,TIER_3_SIMPLIFIED,NO,CLEAR,8,0.58,0
SWIFT_00002132,AE,RU,SGD,68747.15,INDIVIDUAL_SAVINGS,TIER_1_STANDARD,NO,CLEAR,13,0.00,0
SWIFT_00002133,GB,US,AED,189950.82,INDIVIDUAL_SAVINGS,TIER_2_ENHANCED,NO,POTENTIAL_SANCTION_MATCH,5,0.61,1
SWIFT_00002134,GB,RU,EUR,123311.70,OFFSHORE_TRUST,TIER_2_ENHANCED,YES,CLEAR,6,0.29,1
SWIFT_00002135,AE,AE,USD,210104.05,CORPORATE_CURRENT,TIER_2_ENHANCED,YES,CLEAR,5,0.72,1
SWIFT_00002136,CH,HK,SGD,109358.22,CORPORATE_CURRENT,TIER_1_STANDARD,NO,CLEAR,2,0.52,1
SWIFT_00002137,SG,RU,AED,214642.38,OFFSHORE_TRUST,TIER_3_SIMPLIFIED,YES,POTENTIAL_SANCTION_MATCH,4,0.83,1
SWIFT_00002138,DE,VG,EUR,230609.88,INDIVIDUAL_SAVINGS,TIER_2_ENHANCED,NO,CLEAR,6,0.69,0
SWIFT_00002139,US,VG,INR,139426.84,OFFSHORE_TRUST,TIER_1_STANDARD,NO,CLEAR,11,0.72,0
SWIFT_00002140,KY,SG,INR,124738.70,INDIVIDUAL_SAVINGS,TIER_2_ENHANCED,NO,POTENTIAL_SANCTION_MATCH,1,0.18,1
SWIFT_00002141,IN,VG,INR,166999.38,ESCROW,TIER_3_SIMPLIFIED,NO,CLEAR,14,0.71,1
SWIFT_00002142,GB,IN,GBP,54820.45,INDIVIDUAL_SAVINGS,TIER_3_SIMPLIFIED,NO,CLEAR,8,0.78,0
SWIFT_00002143,AE,US,INR,218469.48,INDIVIDUAL_SAVINGS,TIER_1_STANDARD,NO,CLEAR,13,0.43,0
SWIFT_00002144,AE,RU,AED,42619.84,CORPORATE_CURRENT,TIER_2_ENHANCED,NO,CLEAR,4,0.58,0
SWIFT_00002145,SG,VG,INR,87686.65,CORPORATE_CURRENT,TIER_2_ENHANCED,NO,CLEAR,5,0.34,0
SWIFT_00002146,US,RU,GBP,161822.25,ESCROW,TIER_2_ENHANCED,NO,CLEAR,11,0.68,1
SWIFT_00002147,PA,SG,EUR,102266.62,CORPORATE_CURRENT,TIER_2_ENHANCED,NO,CLEAR,7,0.15,1
SWIFT_00002148,AE,CY,AED,161404.04,INDIVIDUAL_SAVINGS,TIER_2_ENHANCED,NO,POTENTIAL_SANCTION_MATCH,3,0.18,1
SWIFT_00002149,GB,GB,AED,78186.55,ESCROW,TIER_1_STANDARD,YES,CLEAR,14,0.93,1
SWIFT_00002150,US,AE,AED,209582.74,INDIVIDUAL_SAVINGS,TIER_2_ENHANCED,NO,POTENTIAL_SANCTION_MATCH,2,0.59,1
SWIFT_00002151,KY,CY,INR,207120.84,CORPORATE_CURRENT,TIER_3_SIMPLIFIED,NO,CLEAR,12,0.63,1
SWIFT_00002152,DE,CY,INR,238440.71,OFFSHORE_TRUST,TIER_3_SIMPLIFIED,NO,CLEAR,15,0.70,0
SWIFT_00002153,KY,RU,GBP,165887.11,ESCROW,TIER_2_ENHANCED,NO,CLEAR,15,0.60,1
SWIFT_00002154,KY,CY,EUR,95560.79,CORPORATE_CURRENT,TIER_3_SIMPLIFIED,NO,CLEAR,1,0.46,1
SWIFT_00002155,GB,RU,INR,35574.78,INDIVIDUAL_SAVINGS,TIER_1_STANDARD,YES,CLEAR,11,0.59,1
SWIFT_00002156,KY,US,GBP,80848.18,OFFSHORE_TRUST,TIER_2_ENHANCED,NO,CLEAR,5,1.00,1
SWIFT_00002157,AE,VG,USD,186493.60,CORPORATE_CURRENT,TIER_2_ENHANCED,NO,CLEAR,2,0.00,0
SWIFT_00002158,AE,US,SGD,40692.29,ESCROW,TIER_1_STANDARD,NO,CLEAR,14,0.34,0
SWIFT_00002159,PA,AE,INR,124599.98,CORPORATE_CURRENT,TIER_1_STANDARD,NO,POTENTIAL_SANCTION_MATCH,9,0.45,1
SWIFT_00002160,SG,IN,SGD,119740.92,INDIVIDUAL_SAVINGS,TIER_1_STANDARD,NO,CLEAR,5,0.60,0
SWIFT_00002161,GB,VG,SGD,121994.21,CORPORATE_CURRENT,TIER_3_SIMPLIFIED,NO,CLEAR,9,0.98,1
SWIFT_00002162,AE,HK,GBP,135268.51,CORPORATE_CURRENT,TIER_2_ENHANCED,YES,CLEAR,4,0.84,1
SWIFT_00002163,AE,GB,INR,191335.47,INDIVIDUAL_SAVINGS,TIER_2_ENHANCED,NO,CLEAR,12,0.94,0
SWIFT_00002164,IN,HK,USD,198992.49,INDIVIDUAL_SAVINGS,TIER_3_SIMPLIFIED,NO,CLEAR,9,0.94,0
SWIFT_00002165,IN,US,USD,222581.31,CORPORATE_CURRENT,TIER_3_SIMPLIFIED,NO,CLEAR,11,0.12,1
SWIFT_00002166,DE,GB,EUR,186346.83,OFFSHORE_TRUST,TIER_2_ENHANCED,NO,CLEAR,1,0.33,1
SWIFT_00002167,US,AE,AED,144066.42,ESCROW,TIER_2_ENHANCED,NO,CLEAR,8,0.90,0
SWIFT_00002168,DE,SG,AED,155429.06,ESCROW,TIER_1_STANDARD,NO,CLEAR,6,0.75,1
SWIFT_00002169,US,US,EUR,234911.17,INDIVIDUAL_SAVINGS,TIER_3_SIMPLIFIED,NO,POTENTIAL_SANCTION_MATCH,6,0.21,1
SWIFT_00002170,CH,AE,SGD,243552.99,CORPORATE_CURRENT,TIER_3_SIMPLIFIED,NO,POTENTIAL_SANCTION_MATCH,10,0.15,1
SWIFT_00002171,CH,SG,USD,153492.22,ESCROW,TIER_3_SIMPLIFIED,NO,CLEAR,10,0.00,0
SWIFT_00002172,SG,SG,INR,20465.36,INDIVIDUAL_SAVINGS,TIER_1_STANDARD,NO,POTENTIAL_SANCTION_MATCH,13,0.29,1
SWIFT_00002173,CH,AE,EUR,194736.45,CORPORATE_CURRENT,TIER_1_STANDARD,NO,CLEAR,7,0.40,0
SWIFT_00002174,AE,US,AED,136294.48,INDIVIDUAL_SAVINGS,TIER_3_SIMPLIFIED,NO,CLEAR,14,0.49,1
SWIFT_00002175,SG,SG,GBP,180891.80,INDIVIDUAL_SAVINGS,TIER_2_ENHANCED,NO,CLEAR,10,0.75,1
SWIFT_00002176,DE,RU,USD,210519.09,CORPORATE_CURRENT,TIER_2_ENHANCED,NO,CLEAR,14,0.54,0
SWIFT_00002177,KY,SG,INR,138513.09,OFFSHORE_TRUST,TIER_1_STANDARD,NO,CLEAR,3,0.38,1
SWIFT_00002178,CH,RU,AED,4133.73,OFFSHORE_TRUST,TIER_1_STANDARD,NO,CLEAR,10,0.00,0
SWIFT_00002179,DE,RU,INR,4452.69,OFFSHORE_TRUST,TIER_3_SIMPLIFIED,NO,CLEAR,10,0.29,0
SWIFT_00002180,GB,IN,GBP,3937.59,OFFSHORE_TRUST,TIER_1_STANDARD,NO,CLEAR,4,0.98,0
SWIFT_00002181,DE,GB,SGD,105357.60,OFFSHORE_TRUST,TIER_3_SIMPLIFIED,NO,CLEAR,4,0.18,0
SWIFT_00002182,SG,IN,EUR,90541.97,ESCROW,TIER_3_SIMPLIFIED,NO,POTENTIAL_SANCTION_MATCH,8,0.37,1
SWIFT_00002183,DE,SG,SGD,243093.65,ESCROW,TIER_1_STANDARD,YES,CLEAR,1,0.33,1
SWIFT_00002184,CH,IN,SGD,114353.67,INDIVIDUAL_SAVINGS,TIER_3_SIMPLIFIED,YES,POTENTIAL_SANCTION_MATCH,9,0.07,1
SWIFT_00002185,CH,IN,GBP,3528.09,INDIVIDUAL_SAVINGS,TIER_3_SIMPLIFIED,NO,CLEAR,5,0.18,0
SWIFT_00002186,GB,US,GBP,132788.14,INDIVIDUAL_SAVINGS,TIER_3_SIMPLIFIED,YES,CLEAR,13,0.33,1
SWIFT_00002187,KY,SG,INR,82800.57,CORPORATE_CURRENT,TIER_1_STANDARD,NO,CLEAR,2,0.85,1
SWIFT_00002188,IN,CY,EUR,87066.09,ESCROW,TIER_2_ENHANCED,YES,CLEAR,9,0.53,1
SWIFT_00002189,KY,US,USD,150003.58,OFFSHORE_TRUST,TIER_1_STANDARD,NO,CLEAR,11,0.55,1
SWIFT_00002190,AE,US,AED,74820.06,OFFSHORE_TRUST,TIER_1_STANDARD,NO,POTENTIAL_SANCTION_MATCH,5,0.08,1
SWIFT_00002191,GB,SG,SGD,184434.92,ESCROW,TIER_3_SIMPLIFIED,YES,CLEAR,6,0.32,1
SWIFT_00002192,CH,CY,GBP,95348.28,OFFSHORE_TRUST,TIER_2_ENHANCED,NO,CLEAR,2,0.11,0
SWIFT_00002193,US,US,EUR,90919.50,ESCROW,TIER_1_STANDARD,NO,CLEAR,1,0.60,0
SWIFT_00002194,IN,SG,SGD,164706.60,INDIVIDUAL_SAVINGS,TIER_2_ENHANCED,NO,CLEAR,6,0.44,0
SWIFT_00002195,DE,RU,USD,244430.45,OFFSHORE_TRUST,TIER_2_ENHANCED,YES,CLEAR,12,0.02,1
SWIFT_00002196,IN,AE,USD,170823.45,ESCROW,TIER_3_SIMPLIFIED,NO,POTENTIAL_SANCTION_MATCH,9,0.39,1
SWIFT_00002197,CH,IN,GBP,118443.01,INDIVIDUAL_SAVINGS,TIER_3_SIMPLIFIED,NO,CLEAR,4,0.73,1
SWIFT_00002198,IN,VG,USD,141384.82,ESCROW,TIER_2_ENHANCED,YES,CLEAR,12,0.82,1
SWIFT_00002199,DE,HK,AED,16670.16,INDIVIDUAL_SAVINGS,TIER_2_ENHANCED,NO,POTENTIAL_SANCTION_MATCH,6,0.65,1
SWIFT_00002200,CH,RU,GBP,211955.60,INDIVIDUAL_SAVINGS,TIER_2_ENHANCED,NO,CLEAR,4,0.25,1
SWIFT_00002201,GB,IN,AED,62502.43,CORPORATE_CURRENT,TIER_2_ENHANCED,NO,CLEAR,12,0.83,0
SWIFT_00002202,US,AE,EUR,185052.69,CORPORATE_CURRENT,TIER_2_ENHANCED,YES,CLEAR,11,0.23,1
SWIFT_00002203,SG,US,GBP,178322.92,ESCROW,TIER_2_ENHANCED,YES,CLEAR,13,0.60,1
SWIFT_00002204,GB,RU,AED,144355.22,ESCROW,TIER_1_STANDARD,NO,CLEAR,9,0.12,0
SWIFT_00002205,SG,GB,EUR,55025.88,CORPORATE_CURRENT,TIER_3_SIMPLIFIED,NO,CLEAR,3,0.34,0
SWIFT_00002206,DE,HK,GBP,96407.52,ESCROW,TIER_3_SIMPLIFIED,NO,CLEAR,3,0.09,0
SWIFT_00002207,US,AE,GBP,217744.55,INDIVIDUAL_SAVINGS,TIER_1_STANDARD,NO,CLEAR,10,0.93,0
SWIFT_00002208,US,US,SGD,193888.03,ESCROW,TIER_2_ENHANCED,NO,CLEAR,2,0.32,0
SWIFT_00002209,SG,AE,USD,118281.49,INDIVIDUAL_SAVINGS,TIER_2_ENHANCED,NO,CLEAR,10,0.87,0
SWIFT_00002210,KY,SG,USD,34811.92,ESCROW,TIER_3_SIMPLIFIED,NO,CLEAR,9,0.48,1
SWIFT_00002211,KY,SG,EUR,242540.48,CORPORATE_CURRENT,TIER_3_SIMPLIFIED,NO,CLEAR,2,0.34,1
SWIFT_00002212,US,AE,EUR,171818.19,ESCROW,TIER_2_ENHANCED,YES,CLEAR,12,0.39,1
SWIFT_00002213,CH,AE,INR,208582.26,ESCROW,TIER_2_ENHANCED,NO,CLEAR,12,0.85,1
SWIFT_00002214,US,HK,INR,131266.65,INDIVIDUAL_SAVINGS,TIER_3_SIMPLIFIED,NO,CLEAR,8,0.99,0
SWIFT_00002215,GB,US,INR,51433.27,OFFSHORE_TRUST,TIER_2_ENHANCED,NO,CLEAR,5,0.98,0
SWIFT_00002216,SG,VG,INR,167116.38,OFFSHORE_TRUST,TIER_1_STANDARD,YES,CLEAR,14,0.18,1
SWIFT_00002217,US,CY,EUR,3103.17,CORPORATE_CURRENT,TIER_1_STANDARD,NO,CLEAR,10,0.00,0
SWIFT_00002218,DE,AE,EUR,76115.65,ESCROW,TIER_1_STANDARD,NO,CLEAR,15,0.42,0
SWIFT_00002219,AE,GB,SGD,76113.08,CORPORATE_CURRENT,TIER_3_SIMPLIFIED,YES,CLEAR,8,0.52,1
SWIFT_00002220,CH,GB,AED,174478.91,ESCROW,TIER_3_SIMPLIFIED,NO,CLEAR,7,0.11,1
SWIFT_00002221,DE,GB,USD,224441.59,INDIVIDUAL_SAVINGS,TIER_1_STANDARD,NO,CLEAR,3,0.95,0
SWIFT_00002222,GB,HK,GBP,224889.57,OFFSHORE_TRUST,TIER_1_STANDARD,YES,CLEAR,11,0.39,1
SWIFT_00002223,GB,CY,USD,183622.39,OFFSHORE_TRUST,TIER_2_ENHANCED,NO,CLEAR,11,0.79,1
SWIFT_00002224,KY,AE,AED,130081.85,INDIVIDUAL_SAVINGS,TIER_3_SIMPLIFIED,NO,CLEAR,6,0.10,1
SWIFT_00002225,GB,VG,AED,174470.80,OFFSHORE_TRUST,TIER_1_STANDARD,NO,CLEAR,9,0.90,0
SWIFT_00002226,SG,SG,GBP,180530.17,ESCROW,TIER_2_ENHANCED,NO,CLEAR,9,0.46,1
SWIFT_00002227,GB,SG,EUR,69693.80,OFFSHORE_TRUST,TIER_2_ENHANCED,NO,CLEAR,1,0.89,0
SWIFT_00002228,SG,HK,USD,26798.89,INDIVIDUAL_SAVINGS,TIER_2_ENHANCED,NO,CLEAR,9,0.33,0
SWIFT_00002229,KY,IN,GBP,207111.58,INDIVIDUAL_SAVINGS,TIER_2_ENHANCED,YES,CLEAR,7,0.31,1
SWIFT_00002230,KY,CY,EUR,155966.79,OFFSHORE_TRUST,TIER_1_STANDARD,YES,POTENTIAL_SANCTION_MATCH,13,0.45,1
SWIFT_00002231,PA,SG,INR,57331.83,INDIVIDUAL_SAVINGS,TIER_1_STANDARD,NO,POTENTIAL_SANCTION_MATCH,8,0.14,1
SWIFT_00002232,AE,AE,SGD,102026.38,INDIVIDUAL_SAVINGS,TIER_1_STANDARD,NO,CLEAR,11,0.07,1
SWIFT_00002233,IN,IN,USD,204639.75,CORPORATE_CURRENT,TIER_3_SIMPLIFIED,NO,CLEAR,12,0.68,0
SWIFT_00002234,SG,RU,INR,78564.70,CORPORATE_CURRENT,TIER_2_ENHANCED,NO,CLEAR,2,0.61,0
SWIFT_00002235,US,AE,USD,228730.22,CORPORATE_CURRENT,TIER_2_ENHANCED,NO,POTENTIAL_SANCTION_MATCH,9,0.51,1
SWIFT_00002236,KY,VG,USD,216137.50,CORPORATE_CURRENT,TIER_1_STANDARD,NO,CLEAR,6,0.69,1
SWIFT_00002237,PA,AE,SGD,80129.31,ESCROW,TIER_1_STANDARD,NO,CLEAR,2,0.02,1
SWIFT_00002238,IN,RU,GBP,185944.44,CORPORATE_CURRENT,TIER_1_STANDARD,NO,CLEAR,8,0.19,0
SWIFT_00002239,CH,IN,EUR,208852.54,CORPORATE_CURRENT,TIER_2_ENHANCED,YES,POTENTIAL_SANCTION_MATCH,3,0.17,1
SWIFT_00002240,AE,RU,AED,173076.91,OFFSHORE_TRUST,TIER_3_SIMPLIFIED,NO,CLEAR,13,0.28,0
SWIFT_00002241,US,VG,EUR,152049.30,ESCROW,TIER_1_STANDARD,NO,CLEAR,14,0.63,1
SWIFT_00002242,AE,SG,USD,6301.69,ESCROW,TIER_3_SIMPLIFIED,NO,CLEAR,7,0.35,0
SWIFT_00002243,KY,RU,EUR,88942.56,INDIVIDUAL_SAVINGS,TIER_2_ENHANCED,NO,POTENTIAL_SANCTION_MATCH,11,0.18,1
SWIFT_00002244,PA,HK,GBP,151882.48,CORPORATE_CURRENT,TIER_2_ENHANCED,NO,CLEAR,15,0.08,1
SWIFT_00002245,KY,CY,SGD,59844.78,CORPORATE_CURRENT,TIER_3_SIMPLIFIED,NO,CLEAR,14,0.92,1
SWIFT_00002246,US,GB,INR,84255.65,ESCROW,TIER_1_STANDARD,NO,CLEAR,4,0.44,0
SWIFT_00002247,GB,HK,INR,194106.11,CORPORATE_CURRENT,TIER_2_ENHANCED,NO,CLEAR,1,0.18,0
SWIFT_00002248,CH,AE,USD,167944.86,ESCROW,TIER_2_ENHANCED,NO,CLEAR,13,0.28,0
SWIFT_00002249,SG,IN,INR,217241.92,ESCROW,TIER_2_ENHANCED,NO,CLEAR,2,0.78,0
SWIFT_00002250,CH,RU,GBP,117677.86,INDIVIDUAL_SAVINGS,TIER_2_ENHANCED,NO,CLEAR,15,0.66,1
SWIFT_00002251,SG,US,EUR,216001.22,CORPORATE_CURRENT,TIER_1_STANDARD,NO,CLEAR,8,0.99,0
SWIFT_00002252,US,GB,SGD,90461.70,CORPORATE_CURRENT,TIER_3_SIMPLIFIED,NO,CLEAR,2,0.60,0
SWIFT_00002253,IN,IN,GBP,99207.62,CORPORATE_CURRENT,TIER_2_ENHANCED,NO,CLEAR,3,0.11,0
SWIFT_00002254,SG,CY,GBP,151765.21,OFFSHORE_TRUST,TIER_2_ENHANCED,NO,CLEAR,2,0.14,0
SWIFT_00002255,US,US,USD,129879.06,INDIVIDUAL_SAVINGS,TIER_1_STANDARD,NO,POTENTIAL_SANCTION_MATCH,9,0.63,1
SWIFT_00002256,DE,RU,GBP,238442.20,INDIVIDUAL_SAVINGS,TIER_1_STANDARD,NO,CLEAR,7,0.03,1
SWIFT_00002257,DE,US,INR,105272.42,CORPORATE_CURRENT,TIER_3_SIMPLIFIED,NO,POTENTIAL_SANCTION_MATCH,6,0.01,1
SWIFT_00002258,IN,IN,SGD,236531.61,INDIVIDUAL_SAVINGS,TIER_1_STANDARD,NO,CLEAR,5,0.15,1
SWIFT_00002259,AE,IN,AED,223436.30,CORPORATE_CURRENT,TIER_2_ENHANCED,YES,CLEAR,5,0.73,1
SWIFT_00002260,KY,SG,EUR,49549.87,CORPORATE_CURRENT,TIER_1_STANDARD,NO,CLEAR,12,0.25,1
SWIFT_00002261,CH,VG,INR,90121.31,OFFSHORE_TRUST,TIER_3_SIMPLIFIED,YES,CLEAR,8,0.82,1
SWIFT_00002262,CH,CY,AED,236094.65,INDIVIDUAL_SAVINGS,TIER_2_ENHANCED,NO,CLEAR,9,0.34,0
SWIFT_00002263,KY,IN,INR,168520.35,ESCROW,TIER_1_STANDARD,NO,CLEAR,5,0.93,1
SWIFT_00002264,GB,VG,GBP,107948.02,CORPORATE_CURRENT,TIER_3_SIMPLIFIED,NO,CLEAR,11,0.41,0
SWIFT_00002265,CH,GB,SGD,238918.32,CORPORATE_CURRENT,TIER_3_SIMPLIFIED,NO,CLEAR,5,0.66,0
SWIFT_00002266,IN,GB,EUR,122876.86,ESCROW,TIER_3_SIMPLIFIED,NO,POTENTIAL_SANCTION_MATCH,4,0.67,1
SWIFT_00002267,DE,VG,AED,35082.61,ESCROW,TIER_2_ENHANCED,NO,POTENTIAL_SANCTION_MATCH,9,0.56,1
SWIFT_00002268,AE,HK,GBP,7720.72,ESCROW,TIER_2_ENHANCED,NO,CLEAR,15,0.18,0
SWIFT_00002269,AE,CY,SGD,200160.31,ESCROW,TIER_1_STANDARD,NO,POTENTIAL_SANCTION_MATCH,15,0.46,1
SWIFT_00002270,KY,SG,SGD,102608.47,OFFSHORE_TRUST,TIER_2_ENHANCED,NO,CLEAR,3,0.66,1
SWIFT_00002271,SG,CY,AED,194376.12,INDIVIDUAL_SAVINGS,TIER_3_SIMPLIFIED,NO,CLEAR,13,0.55,1
SWIFT_00002272,IN,AE,AED,176231.97,OFFSHORE_TRUST,TIER_2_ENHANCED,NO,CLEAR,5,0.76,1
SWIFT_00002273,PA,GB,INR,198677.23,INDIVIDUAL_SAVINGS,TIER_1_STANDARD,NO,POTENTIAL_SANCTION_MATCH,8,0.05,1
SWIFT_00002274,AE,RU,EUR,36310.98,OFFSHORE_TRUST,TIER_3_SIMPLIFIED,NO,CLEAR,2,0.10,0
SWIFT_00002275,DE,SG,USD,85261.97,CORPORATE_CURRENT,TIER_3_SIMPLIFIED,NO,CLEAR,10,0.34,0
SWIFT_00002276,US,IN,USD,91754.55,INDIVIDUAL_SAVINGS,TIER_2_ENHANCED,NO,CLEAR,10,0.22,0
SWIFT_00002277,AE,VG,GBP,193695.46,OFFSHORE_TRUST,TIER_1_STANDARD,NO,CLEAR,13,0.54,1
SWIFT_00002278,AE,RU,GBP,31399.28,INDIVIDUAL_SAVINGS,TIER_1_STANDARD,NO,CLEAR,1,0.64,0
SWIFT_00002279,KY,CY,SGD,99870.33,ESCROW,TIER_1_STANDARD,NO,CLEAR,12,0.40,1
SWIFT_00002280,IN,AE,USD,160941.86,OFFSHORE_TRUST,TIER_3_SIMPLIFIED,NO,POTENTIAL_SANCTION_MATCH,9,0.10,1
SWIFT_00002281,SG,CY,USD,29921.38,INDIVIDUAL_SAVINGS,TIER_1_STANDARD,YES,POTENTIAL_SANCTION_MATCH,11,0.98,1
SWIFT_00002282,SG,IN,USD,228329.82,INDIVIDUAL_SAVINGS,TIER_1_STANDARD,YES,CLEAR,5,0.61,1
SWIFT_00002283,SG,GB,INR,229161.59,INDIVIDUAL_SAVINGS,TIER_3_SIMPLIFIED,NO,CLEAR,4,0.88,0
SWIFT_00002284,IN,AE,GBP,159405.15,ESCROW,TIER_1_STANDARD,NO,POTENTIAL_SANCTION_MATCH,10,0.31,1
SWIFT_00002285,AE,AE,USD,203832.84,INDIVIDUAL_SAVINGS,TIER_3_SIMPLIFIED,YES,CLEAR,12,0.77,1
SWIFT_00002286,CH,VG,USD,241984.33,OFFSHORE_TRUST,TIER_2_ENHANCED,NO,CLEAR,9,0.19,1
SWIFT_00002287,KY,US,EUR,205043.98,CORPORATE_CURRENT,TIER_1_STANDARD,NO,CLEAR,6,0.07,1
SWIFT_00002288,DE,SG,SGD,12197.02,OFFSHORE_TRUST,TIER_1_STANDARD,NO,CLEAR,15,0.22,0
SWIFT_00002289,IN,US,GBP,82730.23,OFFSHORE_TRUST,TIER_1_STANDARD,NO,CLEAR,7,0.45,0
SWIFT_00002290,PA,SG,SGD,51235.01,CORPORATE_CURRENT,TIER_1_STANDARD,NO,CLEAR,14,0.25,1
SWIFT_00002291,AE,CY,GBP,201101.11,INDIVIDUAL_SAVINGS,TIER_2_ENHANCED,NO,CLEAR,11,0.76,1
SWIFT_00002292,IN,IN,INR,120636.79,INDIVIDUAL_SAVINGS,TIER_1_STANDARD,YES,CLEAR,5,0.46,1
SWIFT_00002293,SG,SG,EUR,33434.54,ESCROW,TIER_2_ENHANCED,NO,CLEAR,6,0.10,0
SWIFT_00002294,DE,US,USD,181580.19,INDIVIDUAL_SAVINGS,TIER_3_SIMPLIFIED,NO,CLEAR,6,0.10,1
SWIFT_00002295,KY,US,EUR,48153.80,INDIVIDUAL_SAVINGS,TIER_1_STANDARD,YES,POTENTIAL_SANCTION_MATCH,10,0.40,1
SWIFT_00002296,AE,VG,USD,203651.88,INDIVIDUAL_SAVINGS,TIER_1_STANDARD,NO,CLEAR,5,0.98,0
SWIFT_00002297,GB,AE,GBP,31496.72,CORPORATE_CURRENT,TIER_1_STANDARD,NO,POTENTIAL_SANCTION_MATCH,8,0.44,1
SWIFT_00002298,US,IN,AED,63139.24,OFFSHORE_TRUST,TIER_2_ENHANCED,NO,POTENTIAL_SANCTION_MATCH,10,0.40,1
SWIFT_00002299,US,SG,AED,68762.81,CORPORATE_CURRENT,TIER_1_STANDARD,NO,CLEAR,14,0.10,0
SWIFT_00002300,PA,HK,USD,52931.65,CORPORATE_CURRENT,TIER_1_STANDARD,NO,CLEAR,5,0.45,1
SWIFT_00002301,AE,US,AED,184363.11,ESCROW,TIER_1_STANDARD,NO,POTENTIAL_SANCTION_MATCH,2,0.47,1
SWIFT_00002302,PA,VG,GBP,114885.39,CORPORATE_CURRENT,TIER_2_ENHANCED,NO,CLEAR,4,0.89,1
SWIFT_00002303,PA,US,USD,109369.63,OFFSHORE_TRUST,TIER_2_ENHANCED,YES,CLEAR,13,0.94,1
SWIFT_00002304,CH,US,GBP,21927.64,CORPORATE_CURRENT,TIER_1_STANDARD,NO,CLEAR,8,0.05,0
SWIFT_00002305,CH,AE,GBP,144708.39,OFFSHORE_TRUST,TIER_1_STANDARD,NO,POTENTIAL_SANCTION_MATCH,11,0.53,1
SWIFT_00002306,US,AE,USD,126212.47,CORPORATE_CURRENT,TIER_2_ENHANCED,NO,CLEAR,6,0.79,0
SWIFT_00002307,CH,RU,SGD,156144.46,INDIVIDUAL_SAVINGS,TIER_2_ENHANCED,YES,CLEAR,10,0.68,1
SWIFT_00002308,GB,SG,SGD,9476.89,CORPORATE_CURRENT,TIER_3_SIMPLIFIED,NO,CLEAR,11,0.90,0
SWIFT_00002309,AE,US,INR,135714.37,OFFSHORE_TRUST,TIER_1_STANDARD,YES,POTENTIAL_SANCTION_MATCH,7,0.11,1
SWIFT_00002310,CH,SG,AED,209629.98,INDIVIDUAL_SAVINGS,TIER_1_STANDARD,YES,POTENTIAL_SANCTION_MATCH,10,0.60,1
SWIFT_00002311,GB,HK,USD,7889.74,OFFSHORE_TRUST,TIER_2_ENHANCED,YES,CLEAR,12,0.57,1
SWIFT_00002312,AE,HK,GBP,93945.07,ESCROW,TIER_3_SIMPLIFIED,NO,CLEAR,9,0.27,0
SWIFT_00002313,GB,AE,GBP,210866.19,INDIVIDUAL_SAVINGS,TIER_1_STANDARD,NO,CLEAR,4,0.81,0
SWIFT_00002314,US,VG,EUR,139055.92,INDIVIDUAL_SAVINGS,TIER_3_SIMPLIFIED,NO,POTENTIAL_SANCTION_MATCH,10,0.75,1
SWIFT_00002315,KY,GB,AED,207860.54,CORPORATE_CURRENT,TIER_2_ENHANCED,NO,CLEAR,15,0.88,1
SWIFT_00002316,SG,HK,EUR,113301.39,ESCROW,TIER_3_SIMPLIFIED,YES,CLEAR,7,0.86,1
SWIFT_00002317,DE,AE,AED,82022.72,CORPORATE_CURRENT,TIER_1_STANDARD,NO,POTENTIAL_SANCTION_MATCH,14,0.75,1
SWIFT_00002318,IN,CY,EUR,188029.14,OFFSHORE_TRUST,TIER_2_ENHANCED,NO,POTENTIAL_SANCTION_MATCH,11,0.21,1
SWIFT_00002319,SG,RU,GBP,98122.34,OFFSHORE_TRUST,TIER_1_STANDARD,YES,CLEAR,11,0.49,1
SWIFT_00002320,KY,SG,AED,209619.35,CORPORATE_CURRENT,TIER_3_SIMPLIFIED,YES,CLEAR,13,0.82,1
SWIFT_00002321,KY,AE,INR,50147.61,CORPORATE_CURRENT,TIER_3_SIMPLIFIED,YES,CLEAR,5,0.93,1
SWIFT_00002322,CH,GB,SGD,49834.74,ESCROW,TIER_3_SIMPLIFIED,YES,CLEAR,14,0.56,1
SWIFT_00002323,AE,AE,EUR,117061.41,ESCROW,TIER_1_STANDARD,NO,CLEAR,14,0.95,0
SWIFT_00002324,DE,HK,AED,185211.21,OFFSHORE_TRUST,TIER_3_SIMPLIFIED,NO,CLEAR,4,0.10,0
SWIFT_00002325,KY,VG,AED,55974.99,ESCROW,TIER_3_SIMPLIFIED,NO,POTENTIAL_SANCTION_MATCH,13,0.15,1
SWIFT_00002326,GB,SG,USD,172429.77,ESCROW,TIER_3_SIMPLIFIED,NO,POTENTIAL_SANCTION_MATCH,5,0.33,1
SWIFT_00002327,KY,VG,USD,37301.81,ESCROW,TIER_3_SIMPLIFIED,NO,CLEAR,15,0.74,1
SWIFT_00002328,AE,US,USD,111903.99,INDIVIDUAL_SAVINGS,TIER_3_SIMPLIFIED,NO,POTENTIAL_SANCTION_MATCH,11,0.23,1
SWIFT_00002329,CH,US,AED,164278.05,CORPORATE_CURRENT,TIER_3_SIMPLIFIED,NO,POTENTIAL_SANCTION_MATCH,5,0.70,1
SWIFT_00002330,KY,US,AED,91718.14,INDIVIDUAL_SAVINGS,TIER_1_STANDARD,NO,POTENTIAL_SANCTION_MATCH,3,0.24,1
SWIFT_00002331,US,AE,USD,82313.53,OFFSHORE_TRUST,TIER_3_SIMPLIFIED,NO,POTENTIAL_SANCTION_MATCH,1,0.43,1
SWIFT_00002332,GB,IN,GBP,69191.48,CORPORATE_CURRENT,TIER_2_ENHANCED,NO,CLEAR,3,0.94,0
SWIFT_00002333,GB,SG,EUR,237435.12,OFFSHORE_TRUST,TIER_3_SIMPLIFIED,YES,POTENTIAL_SANCTION_MATCH,4,0.06,1
SWIFT_00002334,DE,HK,EUR,196050.50,INDIVIDUAL_SAVINGS,TIER_1_STANDARD,NO,CLEAR,15,0.55,0
SWIFT_00002335,US,RU,USD,167448.25,CORPORATE_CURRENT,TIER_3_SIMPLIFIED,NO,CLEAR,5,0.89,0
SWIFT_00002336,PA,US,EUR,189791.72,INDIVIDUAL_SAVINGS,TIER_1_STANDARD,NO,CLEAR,6,0.28,1
SWIFT_00002337,GB,HK,INR,105095.76,OFFSHORE_TRUST,TIER_3_SIMPLIFIED,NO,CLEAR,12,0.09,1
SWIFT_00002338,SG,IN,USD,21053.68,ESCROW,TIER_2_ENHANCED,YES,CLEAR,7,0.07,1
SWIFT_00002339,AE,SG,AED,243652.19,INDIVIDUAL_SAVINGS,TIER_1_STANDARD,NO,CLEAR,2,0.34,1
SWIFT_00002340,CH,RU,USD,72809.98,CORPORATE_CURRENT,TIER_3_SIMPLIFIED,NO,CLEAR,14,0.11,0
SWIFT_00002341,AE,IN,INR,143360.03,ESCROW,TIER_2_ENHANCED,YES,CLEAR,3,0.12,1
SWIFT_00002342,CH,GB,GBP,247577.32,INDIVIDUAL_SAVINGS,TIER_1_STANDARD,NO,CLEAR,15,0.72,1
SWIFT_00002343,CH,RU,SGD,206490.10,ESCROW,TIER_3_SIMPLIFIED,YES,CLEAR,13,0.01,1
SWIFT_00002344,KY,HK,EUR,194701.23,ESCROW,TIER_1_STANDARD,NO,CLEAR,11,0.97,1
SWIFT_00002345,SG,RU,SGD,105158.49,OFFSHORE_TRUST,TIER_3_SIMPLIFIED,NO,CLEAR,4,0.86,1
SWIFT_00002346,AE,SG,AED,190986.11,ESCROW,TIER_1_STANDARD,NO,CLEAR,14,0.16,0
SWIFT_00002347,DE,AE,USD,55514.13,OFFSHORE_TRUST,TIER_2_ENHANCED,NO,CLEAR,3,0.81,0
SWIFT_00002348,DE,US,INR,56216.84,CORPORATE_CURRENT,TIER_3_SIMPLIFIED,NO,CLEAR,12,0.39,0
SWIFT_00002349,IN,HK,EUR,83775.58,CORPORATE_CURRENT,TIER_3_SIMPLIFIED,YES,CLEAR,15,0.74,1
SWIFT_00002350,GB,HK,AED,103263.92,CORPORATE_CURRENT,TIER_1_STANDARD,YES,CLEAR,4,0.08,1
SWIFT_00002351,AE,AE,AED,227467.00,INDIVIDUAL_SAVINGS,TIER_1_STANDARD,NO,CLEAR,2,0.81,1
SWIFT_00002352,US,CY,SGD,173129.02,INDIVIDUAL_SAVINGS,TIER_2_ENHANCED,NO,CLEAR,3,0.32,1
SWIFT_00002353,KY,AE,GBP,156844.34,INDIVIDUAL_SAVINGS,TIER_3_SIMPLIFIED,NO,CLEAR,14,0.08,1
SWIFT_00002354,SG,US,SGD,48835.89,ESCROW,TIER_3_SIMPLIFIED,YES,POTENTIAL_SANCTION_MATCH,11,0.15,1
SWIFT_00002355,CH,US,EUR,38546.61,INDIVIDUAL_SAVINGS,TIER_3_SIMPLIFIED,NO,CLEAR,15,0.32,0
SWIFT_00002356,CH,IN,AED,145175.36,CORPORATE_CURRENT,TIER_1_STANDARD,NO,CLEAR,7,0.18,1
SWIFT_00002357,GB,RU,EUR,216835.41,OFFSHORE_TRUST,TIER_2_ENHANCED,NO,CLEAR,3,0.96,0
SWIFT_00002358,KY,HK,INR,117645.86,ESCROW,TIER_1_STANDARD,NO,CLEAR,5,0.59,1
SWIFT_00002359,AE,VG,INR,90122.93,INDIVIDUAL_SAVINGS,TIER_3_SIMPLIFIED,NO,POTENTIAL_SANCTION_MATCH,10,0.69,1
SWIFT_00002360,DE,GB,INR,197790.90,CORPORATE_CURRENT,TIER_2_ENHANCED,NO,CLEAR,9,0.29,1
SWIFT_00002361,GB,US,USD,237883.76,ESCROW,TIER_3_SIMPLIFIED,NO,CLEAR,1,0.09,1
SWIFT_00002362,DE,GB,SGD,1624.12,INDIVIDUAL_SAVINGS,TIER_1_STANDARD,YES,CLEAR,7,0.84,1
SWIFT_00002363,CH,VG,GBP,98182.46,CORPORATE_CURRENT,TIER_2_ENHANCED,NO,CLEAR,6,0.68,0
SWIFT_00002364,US,SG,GBP,226298.20,OFFSHORE_TRUST,TIER_1_STANDARD,NO,CLEAR,4,0.05,0
SWIFT_00002365,DE,AE,USD,89740.45,INDIVIDUAL_SAVINGS,TIER_1_STANDARD,NO,CLEAR,10,0.88,0
SWIFT_00002366,PA,VG,GBP,137747.92,INDIVIDUAL_SAVINGS,TIER_3_SIMPLIFIED,NO,POTENTIAL_SANCTION_MATCH,10,0.82,1
SWIFT_00002367,KY,HK,INR,191726.65,ESCROW,TIER_2_ENHANCED,NO,CLEAR,10,0.43,1
SWIFT_00002368,KY,HK,SGD,158196.37,OFFSHORE_TRUST,TIER_3_SIMPLIFIED,NO,POTENTIAL_SANCTION_MATCH,10,0.37,1
SWIFT_00002369,GB,SG,EUR,46166.39,CORPORATE_CURRENT,TIER_3_SIMPLIFIED,NO,POTENTIAL_SANCTION_MATCH,15,0.49,1
SWIFT_00002370,KY,CY,EUR,195957.87,INDIVIDUAL_SAVINGS,TIER_1_STANDARD,YES,CLEAR,10,0.32,1
SWIFT_00002371,US,RU,EUR,225558.58,ESCROW,TIER_2_ENHANCED,YES,CLEAR,6,0.56,1
SWIFT_00002372,IN,IN,AED,202850.98,CORPORATE_CURRENT,TIER_1_STANDARD,NO,CLEAR,5,0.57,0
SWIFT_00002373,IN,CY,EUR,10938.27,INDIVIDUAL_SAVINGS,TIER_3_SIMPLIFIED,YES,CLEAR,7,0.61,1
SWIFT_00002374,IN,VG,USD,55327.04,CORPORATE_CURRENT,TIER_3_SIMPLIFIED,NO,CLEAR,7,0.95,0
SWIFT_00002375,SG,SG,AED,210318.76,ESCROW,TIER_2_ENHANCED,NO,POTENTIAL_SANCTION_MATCH,9,0.49,1
SWIFT_00002376,PA,GB,USD,123557.43,ESCROW,TIER_2_ENHANCED,NO,CLEAR,6,0.46,1
SWIFT_00002377,PA,SG,USD,179956.25,ESCROW,TIER_3_SIMPLIFIED,YES,CLEAR,7,0.59,1
SWIFT_00002378,GB,IN,INR,246704.84,CORPORATE_CURRENT,TIER_3_SIMPLIFIED,NO,CLEAR,9,0.44,0
SWIFT_00002379,CH,IN,EUR,229636.65,OFFSHORE_TRUST,TIER_1_STANDARD,NO,CLEAR,2,0.79,1
SWIFT_00002380,CH,VG,EUR,167096.60,INDIVIDUAL_SAVINGS,TIER_1_STANDARD,YES,CLEAR,2,0.18,1
SWIFT_00002381,DE,IN,EUR,234648.86,ESCROW,TIER_2_ENHANCED,NO,POTENTIAL_SANCTION_MATCH,7,0.82,1
SWIFT_00002382,CH,GB,SGD,55851.86,OFFSHORE_TRUST,TIER_2_ENHANCED,NO,POTENTIAL_SANCTION_MATCH,15,0.46,1
SWIFT_00002383,AE,US,EUR,70138.87,INDIVIDUAL_SAVINGS,TIER_1_STANDARD,NO,POTENTIAL_SANCTION_MATCH,14,0.31,1
SWIFT_00002384,CH,RU,USD,158206.44,CORPORATE_CURRENT,TIER_1_STANDARD,NO,CLEAR,12,0.76,1
SWIFT_00002385,PA,AE,EUR,218724.45,INDIVIDUAL_SAVINGS,TIER_3_SIMPLIFIED,NO,CLEAR,6,0.47,1
SWIFT_00002386,DE,US,USD,108802.69,OFFSHORE_TRUST,TIER_3_SIMPLIFIED,NO,CLEAR,13,0.84,1
SWIFT_00002387,GB,HK,INR,104679.82,OFFSHORE_TRUST,TIER_2_ENHANCED,YES,CLEAR,6,0.13,1
SWIFT_00002388,US,GB,SGD,209834.72,OFFSHORE_TRUST,TIER_1_STANDARD,YES,CLEAR,14,0.76,1
SWIFT_00002389,KY,US,USD,54759.87,ESCROW,TIER_3_SIMPLIFIED,NO,POTENTIAL_SANCTION_MATCH,12,0.79,1
SWIFT_00002390,AE,GB,SGD,244229.29,CORPORATE_CURRENT,TIER_2_ENHANCED,NO,CLEAR,10,0.79,0
SWIFT_00002391,AE,CY,INR,226409.56,ESCROW,TIER_1_STANDARD,YES,POTENTIAL_SANCTION_MATCH,1,0.66,1
SWIFT_00002392,CH,RU,GBP,11513.11,OFFSHORE_TRUST,TIER_3_SIMPLIFIED,YES,CLEAR,2,0.82,1
SWIFT_00002393,AE,RU,EUR,241141.80,INDIVIDUAL_SAVINGS,TIER_1_STANDARD,NO,POTENTIAL_SANCTION_MATCH,13,0.55,1
SWIFT_00002394,DE,CY,USD,93629.32,CORPORATE_CURRENT,TIER_3_SIMPLIFIED,NO,POTENTIAL_SANCTION_MATCH,8,0.79,1
SWIFT_00002395,AE,RU,GBP,144726.20,INDIVIDUAL_SAVINGS,TIER_1_STANDARD,NO,POTENTIAL_SANCTION_MATCH,9,0.17,1
SWIFT_00002396,KY,HK,SGD,110758.16,CORPORATE_CURRENT,TIER_2_ENHANCED,NO,CLEAR,8,0.72,1
SWIFT_00002397,US,CY,INR,144414.60,ESCROW,TIER_3_SIMPLIFIED,NO,CLEAR,6,0.31,1
SWIFT_00002398,AE,GB,EUR,142425.68,INDIVIDUAL_SAVINGS,TIER_1_STANDARD,NO,CLEAR,14,0.67,0
SWIFT_00002399,CH,HK,EUR,142662.36,CORPORATE_CURRENT,TIER_1_STANDARD,YES,POTENTIAL_SANCTION_MATCH,2,0.17,1
SWIFT_00002400,CH,VG,INR,60665.70,ESCROW,TIER_1_STANDARD,NO,CLEAR,15,0.57,0
SWIFT_00002401,IN,AE,INR,206874.46,CORPORATE_CURRENT,TIER_3_SIMPLIFIED,NO,CLEAR,4,0.33,1
SWIFT_00002402,KY,HK,SGD,227771.17,CORPORATE_CURRENT,TIER_3_SIMPLIFIED,NO,CLEAR,4,0.42,1
SWIFT_00002403,US,GB,GBP,200966.16,INDIVIDUAL_SAVINGS,TIER_2_ENHANCED,NO,CLEAR,9,0.19,1
SWIFT_00002404,IN,VG,GBP,240988.55,ESCROW,TIER_1_STANDARD,NO,CLEAR,7,0.14,1
SWIFT_00002405,GB,CY,SGD,91521.93,INDIVIDUAL_SAVINGS,TIER_1_STANDARD,NO,CLEAR,7,0.13,0
SWIFT_00002406,KY,AE,EUR,71765.26,CORPORATE_CURRENT,TIER_1_STANDARD,YES,CLEAR,9,0.57,1
SWIFT_00002407,SG,VG,SGD,201786.31,CORPORATE_CURRENT,TIER_1_STANDARD,YES,CLEAR,6,0.18,1
SWIFT_00002408,PA,HK,GBP,52028.82,OFFSHORE_TRUST,TIER_1_STANDARD,YES,CLEAR,7,0.58,1
SWIFT_00002409,PA,US,SGD,65959.19,CORPORATE_CURRENT,TIER_2_ENHANCED,NO,CLEAR,9,0.41,1
SWIFT_00002410,KY,AE,SGD,106021.37,OFFSHORE_TRUST,TIER_2_ENHANCED,YES,CLEAR,15,0.89,1
SWIFT_00002411,KY,SG,EUR,232748.17,ESCROW,TIER_3_SIMPLIFIED,NO,CLEAR,8,0.72,1
SWIFT_00002412,AE,GB,USD,157240.96,OFFSHORE_TRUST,TIER_3_SIMPLIFIED,NO,POTENTIAL_SANCTION_MATCH,3,0.70,1
SWIFT_00002413,IN,US,INR,73675.12,ESCROW,TIER_1_STANDARD,YES,CLEAR,14,0.57,1
SWIFT_00002414,GB,IN,GBP,148177.63,CORPORATE_CURRENT,TIER_1_STANDARD,YES,CLEAR,8,0.76,1
SWIFT_00002415,DE,RU,INR,87013.83,ESCROW,TIER_1_STANDARD,NO,POTENTIAL_SANCTION_MATCH,5,0.90,1
SWIFT_00002416,CH,SG,EUR,220956.64,ESCROW,TIER_3_SIMPLIFIED,NO,CLEAR,1,0.29,1
SWIFT_00002417,PA,GB,GBP,238415.04,OFFSHORE_TRUST,TIER_2_ENHANCED,NO,POTENTIAL_SANCTION_MATCH,4,0.44,1
SWIFT_00002418,CH,IN,AED,99856.26,OFFSHORE_TRUST,TIER_1_STANDARD,NO,POTENTIAL_SANCTION_MATCH,6,0.49,1
SWIFT_00002419,AE,VG,EUR,96758.65,CORPORATE_CURRENT,TIER_3_SIMPLIFIED,NO,CLEAR,9,0.87,0
SWIFT_00002420,GB,GB,INR,15884.00,OFFSHORE_TRUST,TIER_3_SIMPLIFIED,NO,CLEAR,1,0.65,0
SWIFT_00002421,US,GB,GBP,23823.66,CORPORATE_CURRENT,TIER_3_SIMPLIFIED,YES,POTENTIAL_SANCTION_MATCH,2,0.50,1
SWIFT_00002422,CH,HK,GBP,249589.45,OFFSHORE_TRUST,TIER_3_SIMPLIFIED,YES,CLEAR,10,0.43,1
SWIFT_00002423,AE,HK,EUR,148928.18,INDIVIDUAL_SAVINGS,TIER_3_SIMPLIFIED,NO,CLEAR,8,0.86,0
SWIFT_00002424,CH,CY,GBP,156539.69,OFFSHORE_TRUST,TIER_3_SIMPLIFIED,NO,CLEAR,3,0.72,0
SWIFT_00002425,US,IN,SGD,68448.33,INDIVIDUAL_SAVINGS,TIER_2_ENHANCED,NO,CLEAR,12,0.75,0
SWIFT_00002426,GB,IN,GBP,177743.91,INDIVIDUAL_SAVINGS,TIER_2_ENHANCED,NO,CLEAR,2,0.97,0
SWIFT_00002427,CH,IN,EUR,14917.48,OFFSHORE_TRUST,TIER_3_SIMPLIFIED,NO,CLEAR,1,0.17,0
SWIFT_00002428,DE,HK,AED,126039.21,OFFSHORE_TRUST,TIER_1_STANDARD,NO,CLEAR,5,0.73,0
SWIFT_00002429,US,AE,INR,66241.88,OFFSHORE_TRUST,TIER_1_STANDARD,YES,POTENTIAL_SANCTION_MATCH,2,0.43,1
SWIFT_00002430,PA,SG,SGD,153891.96,INDIVIDUAL_SAVINGS,TIER_2_ENHANCED,NO,CLEAR,7,0.98,1
SWIFT_00002431,KY,HK,EUR,42139.05,OFFSHORE_TRUST,TIER_2_ENHANCED,NO,CLEAR,4,0.86,1
SWIFT_00002432,KY,RU,INR,44753.13,INDIVIDUAL_SAVINGS,TIER_1_STANDARD,NO,POTENTIAL_SANCTION_MATCH,5,0.15,1
SWIFT_00002433,US,CY,SGD,49549.72,INDIVIDUAL_SAVINGS,TIER_1_STANDARD,YES,CLEAR,12,0.35,1
SWIFT_00002434,AE,HK,GBP,80063.24,ESCROW,TIER_1_STANDARD,NO,POTENTIAL_SANCTION_MATCH,12,0.80,1
SWIFT_00002435,CH,CY,INR,81570.64,CORPORATE_CURRENT,TIER_3_SIMPLIFIED,NO,CLEAR,5,0.24,0
SWIFT_00002436,SG,CY,INR,47138.38,CORPORATE_CURRENT,TIER_2_ENHANCED,NO,POTENTIAL_SANCTION_MATCH,8,0.11,1
SWIFT_00002437,CH,VG,USD,136923.07,OFFSHORE_TRUST,TIER_3_SIMPLIFIED,NO,CLEAR,2,0.10,1
SWIFT_00002438,US,AE,GBP,167974.67,OFFSHORE_TRUST,TIER_3_SIMPLIFIED,NO,POTENTIAL_SANCTION_MATCH,13,0.10,1
SWIFT_00002439,GB,IN,EUR,68604.22,CORPORATE_CURRENT,TIER_1_STANDARD,NO,CLEAR,2,0.39,0
SWIFT_00002440,CH,AE,SGD,209518.89,CORPORATE_CURRENT,TIER_2_ENHANCED,NO,POTENTIAL_SANCTION_MATCH,2,0.86,1
SWIFT_00002441,US,AE,USD,136199.45,INDIVIDUAL_SAVINGS,TIER_3_SIMPLIFIED,NO,POTENTIAL_SANCTION_MATCH,10,0.10,1
SWIFT_00002442,PA,SG,SGD,3623.17,CORPORATE_CURRENT,TIER_3_SIMPLIFIED,NO,CLEAR,10,0.04,1
SWIFT_00002443,SG,VG,INR,50299.32,CORPORATE_CURRENT,TIER_3_SIMPLIFIED,NO,POTENTIAL_SANCTION_MATCH,15,0.70,1
SWIFT_00002444,KY,RU,GBP,79769.66,CORPORATE_CURRENT,TIER_3_SIMPLIFIED,NO,CLEAR,13,0.22,1
SWIFT_00002445,GB,IN,GBP,200639.68,INDIVIDUAL_SAVINGS,TIER_2_ENHANCED,NO,CLEAR,7,0.62,1
SWIFT_00002446,IN,IN,EUR,221191.31,OFFSHORE_TRUST,TIER_2_ENHANCED,YES,CLEAR,5,0.19,1
SWIFT_00002447,KY,CY,INR,130107.52,ESCROW,TIER_3_SIMPLIFIED,YES,CLEAR,4,0.21,1
SWIFT_00002448,SG,US,INR,94016.80,CORPORATE_CURRENT,TIER_2_ENHANCED,NO,CLEAR,10,0.52,0
SWIFT_00002449,DE,HK,EUR,162526.86,OFFSHORE_TRUST,TIER_2_ENHANCED,NO,CLEAR,4,0.78,0
SWIFT_00002450,IN,VG,AED,211840.62,INDIVIDUAL_SAVINGS,TIER_3_SIMPLIFIED,NO,CLEAR,6,0.91,1
SWIFT_00002451,GB,VG,GBP,15876.13,OFFSHORE_TRUST,TIER_3_SIMPLIFIED,YES,CLEAR,1,0.77,1
SWIFT_00002452,US,RU,EUR,74631.57,CORPORATE_CURRENT,TIER_3_SIMPLIFIED,NO,CLEAR,13,0.61,0
SWIFT_00002453,CH,RU,AED,55726.13,CORPORATE_CURRENT,TIER_1_STANDARD,NO,CLEAR,1,0.87,0
SWIFT_00002454,GB,AE,AED,75990.78,CORPORATE_CURRENT,TIER_2_ENHANCED,NO,CLEAR,6,0.19,0
SWIFT_00002455,SG,US,USD,145431.23,ESCROW,TIER_2_ENHANCED,NO,CLEAR,1,0.68,0
SWIFT_00002456,CH,GB,GBP,214662.19,OFFSHORE_TRUST,TIER_2_ENHANCED,NO,CLEAR,1,0.93,1
SWIFT_00002457,PA,IN,EUR,89545.65,ESCROW,TIER_1_STANDARD,NO,CLEAR,10,0.07,1
SWIFT_00002458,CH,RU,AED,164096.02,CORPORATE_CURRENT,TIER_3_SIMPLIFIED,YES,CLEAR,15,0.88,1
SWIFT_00002459,KY,VG,USD,225419.52,ESCROW,TIER_3_SIMPLIFIED,NO,POTENTIAL_SANCTION_MATCH,11,0.82,1
SWIFT_00002460,GB,CY,EUR,112737.88,ESCROW,TIER_3_SIMPLIFIED,NO,POTENTIAL_SANCTION_MATCH,15,0.46,1
SWIFT_00002461,DE,GB,USD,23768.94,OFFSHORE_TRUST,TIER_3_SIMPLIFIED,NO,POTENTIAL_SANCTION_MATCH,5,0.55,1
SWIFT_00002462,DE,HK,USD,192089.08,OFFSHORE_TRUST,TIER_2_ENHANCED,YES,POTENTIAL_SANCTION_MATCH,1,0.87,1
SWIFT_00002463,IN,HK,SGD,40030.13,OFFSHORE_TRUST,TIER_3_SIMPLIFIED,NO,POTENTIAL_SANCTION_MATCH,5,0.02,1
SWIFT_00002464,PA,GB,GBP,108472.98,INDIVIDUAL_SAVINGS,TIER_3_SIMPLIFIED,NO,POTENTIAL_SANCTION_MATCH,14,0.29,1
SWIFT_00002465,KY,VG,AED,137416.33,ESCROW,TIER_2_ENHANCED,YES,CLEAR,10,0.67,1
SWIFT_00002466,DE,CY,USD,174643.98,OFFSHORE_TRUST,TIER_1_STANDARD,NO,POTENTIAL_SANCTION_MATCH,6,0.01,1
SWIFT_00002467,US,HK,USD,201023.55,CORPORATE_CURRENT,TIER_1_STANDARD,NO,CLEAR,5,0.98,0
SWIFT_00002468,KY,RU,EUR,101858.89,ESCROW,TIER_1_STANDARD,YES,CLEAR,5,0.06,1
SWIFT_00002469,AE,VG,GBP,89624.20,INDIVIDUAL_SAVINGS,TIER_2_ENHANCED,NO,POTENTIAL_SANCTION_MATCH,6,0.30,1
SWIFT_00002470,AE,AE,EUR,137958.19,INDIVIDUAL_SAVINGS,TIER_3_SIMPLIFIED,NO,CLEAR,2,0.72,0
SWIFT_00002471,PA,HK,GBP,158462.08,INDIVIDUAL_SAVINGS,TIER_1_STANDARD,NO,CLEAR,13,0.73,1
SWIFT_00002472,AE,VG,EUR,2379.96,ESCROW,TIER_3_SIMPLIFIED,YES,POTENTIAL_SANCTION_MATCH,8,0.35,1
SWIFT_00002473,GB,US,INR,16513.52,INDIVIDUAL_SAVINGS,TIER_2_ENHANCED,NO,CLEAR,6,0.80,0
SWIFT_00002474,IN,CY,INR,101552.11,ESCROW,TIER_3_SIMPLIFIED,NO,CLEAR,5,0.13,1
SWIFT_00002475,PA,HK,AED,215651.09,ESCROW,TIER_3_SIMPLIFIED,NO,CLEAR,8,0.61,1
SWIFT_00002476,CH,US,SGD,213369.50,OFFSHORE_TRUST,TIER_3_SIMPLIFIED,NO,POTENTIAL_SANCTION_MATCH,11,0.92,1
SWIFT_00002477,AE,CY,INR,165761.46,ESCROW,TIER_3_SIMPLIFIED,NO,CLEAR,7,0.63,0
SWIFT_00002478,US,VG,USD,164197.42,INDIVIDUAL_SAVINGS,TIER_1_STANDARD,NO,CLEAR,5,0.23,1
SWIFT_00002479,GB,HK,GBP,96810.97,CORPORATE_CURRENT,TIER_3_SIMPLIFIED,YES,POTENTIAL_SANCTION_MATCH,8,0.29,1
SWIFT_00002480,DE,CY,SGD,199599.97,INDIVIDUAL_SAVINGS,TIER_1_STANDARD,NO,CLEAR,3,0.24,0
SWIFT_00002481,SG,CY,EUR,182634.75,OFFSHORE_TRUST,TIER_1_STANDARD,NO,CLEAR,2,0.09,1
SWIFT_00002482,DE,CY,INR,116369.45,ESCROW,TIER_1_STANDARD,NO,CLEAR,12,0.02,0
SWIFT_00002483,KY,HK,GBP,186171.30,INDIVIDUAL_SAVINGS,TIER_2_ENHANCED,NO,CLEAR,4,0.49,1
SWIFT_00002484,GB,IN,INR,74867.15,CORPORATE_CURRENT,TIER_2_ENHANCED,NO,POTENTIAL_SANCTION_MATCH,13,0.74,1
SWIFT_00002485,DE,VG,AED,162272.05,OFFSHORE_TRUST,TIER_1_STANDARD,NO,CLEAR,7,0.96,0
SWIFT_00002486,IN,AE,GBP,129334.27,OFFSHORE_TRUST,TIER_3_SIMPLIFIED,YES,CLEAR,14,0.85,1
SWIFT_00002487,CH,SG,GBP,35261.80,INDIVIDUAL_SAVINGS,TIER_2_ENHANCED,NO,POTENTIAL_SANCTION_MATCH,12,0.53,1
SWIFT_00002488,CH,AE,INR,245883.89,INDIVIDUAL_SAVINGS,TIER_1_STANDARD,NO,POTENTIAL_SANCTION_MATCH,15,0.49,1
SWIFT_00002489,IN,RU,GBP,69699.41,INDIVIDUAL_SAVINGS,TIER_2_ENHANCED,NO,CLEAR,10,0.55,0
SWIFT_00002490,GB,HK,EUR,52894.92,CORPORATE_CURRENT,TIER_3_SIMPLIFIED,NO,CLEAR,9,0.96,0
SWIFT_00002491,CH,HK,EUR,209871.86,ESCROW,TIER_1_STANDARD,NO,CLEAR,15,0.06,0
SWIFT_00002492,IN,AE,AED,201803.65,INDIVIDUAL_SAVINGS,TIER_2_ENHANCED,NO,POTENTIAL_SANCTION_MATCH,9,1.00,1
SWIFT_00002493,CH,IN,EUR,207674.94,INDIVIDUAL_SAVINGS,TIER_2_ENHANCED,NO,CLEAR,8,0.31,0
SWIFT_00002494,IN,VG,EUR,114190.09,CORPORATE_CURRENT,TIER_1_STANDARD,NO,CLEAR,13,0.78,1
SWIFT_00002495,US,US,EUR,118589.96,CORPORATE_CURRENT,TIER_2_ENHANCED,NO,CLEAR,14,0.15,0
SWIFT_00002496,KY,SG,AED,27409.48,OFFSHORE_TRUST,TIER_3_SIMPLIFIED,NO,CLEAR,5,0.40,1
SWIFT_00002497,AE,AE,GBP,80730.76,CORPORATE_CURRENT,TIER_3_SIMPLIFIED,NO,CLEAR,2,0.04,0
SWIFT_00002498,GB,SG,USD,249590.44,ESCROW,TIER_2_ENHANCED,NO,CLEAR,10,0.91,0
SWIFT_00002499,AE,HK,INR,36241.70,CORPORATE_CURRENT,TIER_1_STANDARD,NO,CLEAR,6,0.39,0
SWIFT_00002500,IN,RU,USD,121567.89,OFFSHORE_TRUST,TIER_1_STANDARD,YES,CLEAR,13,0.98,1
SWIFT_00002501,CH,AE,USD,235373.19,INDIVIDUAL_SAVINGS,TIER_3_SIMPLIFIED,NO,CLEAR,11,0.87,0
SWIFT_00002502,US,SG,EUR,179199.60,OFFSHORE_TRUST,TIER_1_STANDARD,NO,CLEAR,7,0.56,1
SWIFT_00002503,IN,GB,AED,192387.80,OFFSHORE_TRUST,TIER_1_STANDARD,NO,CLEAR,9,0.49,1
SWIFT_00002504,DE,VG,SGD,97173.18,INDIVIDUAL_SAVINGS,TIER_3_SIMPLIFIED,NO,CLEAR,10,0.77,0
SWIFT_00002505,PA,US,USD,146955.23,OFFSHORE_TRUST,TIER_3_SIMPLIFIED,YES,CLEAR,5,0.10,1
SWIFT_00002506,GB,HK,GBP,213080.36,CORPORATE_CURRENT,TIER_2_ENHANCED,NO,CLEAR,9,0.40,1
SWIFT_00002507,DE,CY,EUR,201388.07,CORPORATE_CURRENT,TIER_2_ENHANCED,NO,CLEAR,8,0.93,0
SWIFT_00002508,KY,US,EUR,49374.04,OFFSHORE_TRUST,TIER_2_ENHANCED,NO,CLEAR,15,0.40,1
SWIFT_00002509,IN,HK,AED,203349.63,ESCROW,TIER_3_SIMPLIFIED,NO,CLEAR,3,0.65,0
SWIFT_00002510,KY,RU,AED,220617.69,ESCROW,TIER_3_SIMPLIFIED,NO,CLEAR,9,0.64,1
SWIFT_00002511,IN,SG,USD,145541.90,ESCROW,TIER_2_ENHANCED,NO,POTENTIAL_SANCTION_MATCH,6,0.67,1
SWIFT_00002512,SG,CY,AED,131416.43,INDIVIDUAL_SAVINGS,TIER_2_ENHANCED,NO,CLEAR,9,0.96,1
SWIFT_00002513,US,US,GBP,143165.59,OFFSHORE_TRUST,TIER_2_ENHANCED,NO,CLEAR,13,0.22,0
SWIFT_00002514,US,RU,AED,59518.73,ESCROW,TIER_2_ENHANCED,YES,CLEAR,6,0.03,1
SWIFT_00002515,SG,GB,EUR,102604.79,CORPORATE_CURRENT,TIER_3_SIMPLIFIED,NO,POTENTIAL_SANCTION_MATCH,2,0.23,1
SWIFT_00002516,GB,IN,INR,71951.73,CORPORATE_CURRENT,TIER_1_STANDARD,NO,CLEAR,15,0.31,0
SWIFT_00002517,SG,AE,GBP,171964.88,OFFSHORE_TRUST,TIER_3_SIMPLIFIED,NO,CLEAR,14,0.93,1
SWIFT_00002518,GB,GB,EUR,109187.56,OFFSHORE_TRUST,TIER_1_STANDARD,NO,CLEAR,6,0.99,0
SWIFT_00002519,DE,SG,INR,128058.53,CORPORATE_CURRENT,TIER_1_STANDARD,NO,CLEAR,4,0.77,0
SWIFT_00002520,AE,IN,INR,140364.98,CORPORATE_CURRENT,TIER_2_ENHANCED,NO,CLEAR,9,0.57,0
SWIFT_00002521,AE,AE,AED,41675.97,CORPORATE_CURRENT,TIER_1_STANDARD,NO,CLEAR,7,0.89,0
SWIFT_00002522,GB,GB,AED,165544.28,CORPORATE_CURRENT,TIER_2_ENHANCED,NO,CLEAR,15,0.02,0
SWIFT_00002523,GB,VG,GBP,139149.98,ESCROW,TIER_1_STANDARD,YES,CLEAR,2,0.99,1
SWIFT_00002524,KY,GB,AED,5562.34,INDIVIDUAL_SAVINGS,TIER_3_SIMPLIFIED,NO,CLEAR,12,0.51,1
SWIFT_00002525,PA,IN,USD,69092.08,ESCROW,TIER_3_SIMPLIFIED,NO,CLEAR,5,0.09,1
SWIFT_00002526,SG,US,INR,170103.51,INDIVIDUAL_SAVINGS,TIER_3_SIMPLIFIED,YES,CLEAR,5,0.18,1
SWIFT_00002527,GB,US,INR,225972.98,OFFSHORE_TRUST,TIER_1_STANDARD,YES,CLEAR,6,0.94,1
SWIFT_00002528,GB,SG,AED,129532.29,CORPORATE_CURRENT,TIER_1_STANDARD,YES,POTENTIAL_SANCTION_MATCH,14,0.68,1
SWIFT_00002529,CH,CY,AED,28122.99,CORPORATE_CURRENT,TIER_3_SIMPLIFIED,NO,CLEAR,4,0.09,0
SWIFT_00002530,SG,SG,EUR,100517.72,OFFSHORE_TRUST,TIER_2_ENHANCED,NO,CLEAR,10,0.51,1
SWIFT_00002531,IN,CY,SGD,138635.15,INDIVIDUAL_SAVINGS,TIER_1_STANDARD,NO,CLEAR,11,0.92,1
SWIFT_00002532,DE,HK,GBP,214064.69,OFFSHORE_TRUST,TIER_3_SIMPLIFIED,NO,POTENTIAL_SANCTION_MATCH,6,0.46,1
SWIFT_00002533,PA,SG,USD,147619.71,OFFSHORE_TRUST,TIER_3_SIMPLIFIED,NO,CLEAR,1,0.90,1
SWIFT_00002534,DE,RU,AED,138544.20,INDIVIDUAL_SAVINGS,TIER_1_STANDARD,NO,CLEAR,6,0.46,0
SWIFT_00002535,AE,RU,USD,190396.08,INDIVIDUAL_SAVINGS,TIER_3_SIMPLIFIED,NO,CLEAR,10,0.77,1
SWIFT_00002536,KY,SG,INR,235767.03,CORPORATE_CURRENT,TIER_3_SIMPLIFIED,NO,CLEAR,14,0.17,1
SWIFT_00002537,IN,AE,SGD,174757.34,INDIVIDUAL_SAVINGS,TIER_1_STANDARD,NO,CLEAR,15,0.45,1
SWIFT_00002538,PA,HK,AED,136764.95,CORPORATE_CURRENT,TIER_3_SIMPLIFIED,NO,CLEAR,13,0.90,1
SWIFT_00002539,CH,SG,AED,195643.66,OFFSHORE_TRUST,TIER_1_STANDARD,YES,CLEAR,2,0.65,1
SWIFT_00002540,GB,RU,EUR,55331.65,INDIVIDUAL_SAVINGS,TIER_2_ENHANCED,NO,CLEAR,4,0.14,0
SWIFT_00002541,KY,US,GBP,14756.12,CORPORATE_CURRENT,TIER_1_STANDARD,YES,CLEAR,15,0.56,1
SWIFT_00002542,GB,HK,SGD,96696.47,INDIVIDUAL_SAVINGS,TIER_2_ENHANCED,NO,CLEAR,3,0.44,0
SWIFT_00002543,GB,HK,USD,74152.81,CORPORATE_CURRENT,TIER_1_STANDARD,NO,CLEAR,3,0.96,0
SWIFT_00002544,SG,GB,AED,146407.83,OFFSHORE_TRUST,TIER_1_STANDARD,NO,CLEAR,10,0.86,0
SWIFT_00002545,DE,RU,GBP,64342.33,INDIVIDUAL_SAVINGS,TIER_3_SIMPLIFIED,NO,CLEAR,12,0.44,0
SWIFT_00002546,CH,VG,EUR,225808.13,ESCROW,TIER_1_STANDARD,NO,POTENTIAL_SANCTION_MATCH,5,0.31,1
SWIFT_00002547,AE,GB,EUR,238244.78,CORPORATE_CURRENT,TIER_3_SIMPLIFIED,NO,CLEAR,9,0.11,0
SWIFT_00002548,KY,AE,SGD,134029.60,INDIVIDUAL_SAVINGS,TIER_2_ENHANCED,YES,CLEAR,8,0.09,1
SWIFT_00002549,PA,HK,AED,30589.67,ESCROW,TIER_2_ENHANCED,YES,CLEAR,10,0.54,1
SWIFT_00002550,CH,VG,USD,97431.48,OFFSHORE_TRUST,TIER_1_STANDARD,NO,CLEAR,2,0.64,0
SWIFT_00002551,CH,CY,USD,146871.66,ESCROW,TIER_1_STANDARD,NO,CLEAR,1,0.07,0
SWIFT_00002552,DE,SG,EUR,221784.26,OFFSHORE_TRUST,TIER_3_SIMPLIFIED,YES,CLEAR,3,0.49,1
SWIFT_00002553,CH,SG,SGD,120292.01,ESCROW,TIER_3_SIMPLIFIED,NO,CLEAR,2,0.33,0
SWIFT_00002554,PA,CY,USD,242985.28,ESCROW,TIER_2_ENHANCED,YES,CLEAR,7,0.18,1
SWIFT_00002555,US,HK,USD,142959.09,ESCROW,TIER_3_SIMPLIFIED,NO,POTENTIAL_SANCTION_MATCH,12,0.12,1
SWIFT_00002556,KY,AE,EUR,157858.98,ESCROW,TIER_1_STANDARD,NO,CLEAR,8,0.58,1
SWIFT_00002557,GB,IN,USD,115641.59,CORPORATE_CURRENT,TIER_1_STANDARD,NO,CLEAR,4,0.59,0
SWIFT_00002558,SG,RU,GBP,162822.76,OFFSHORE_TRUST,TIER_2_ENHANCED,NO,CLEAR,3,0.27,0
SWIFT_00002559,CH,CY,AED,69432.84,OFFSHORE_TRUST,TIER_1_STANDARD,NO,CLEAR,4,0.36,0
SWIFT_00002560,PA,GB,USD,92051.46,ESCROW,TIER_3_SIMPLIFIED,NO,POTENTIAL_SANCTION_MATCH,14,0.11,1
SWIFT_00002561,DE,GB,INR,199807.72,OFFSHORE_TRUST,TIER_1_STANDARD,NO,CLEAR,11,0.10,0
SWIFT_00002562,CH,AE,EUR,214599.38,CORPORATE_CURRENT,TIER_1_STANDARD,NO,POTENTIAL_SANCTION_MATCH,13,0.47,1
SWIFT_00002563,DE,GB,GBP,75018.88,CORPORATE_CURRENT,TIER_1_STANDARD,NO,POTENTIAL_SANCTION_MATCH,1,0.50,1
SWIFT_00002564,KY,RU,INR,63422.51,INDIVIDUAL_SAVINGS,TIER_2_ENHANCED,NO,CLEAR,11,0.02,1
SWIFT_00002565,SG,IN,USD,243990.24,INDIVIDUAL_SAVINGS,TIER_2_ENHANCED,YES,POTENTIAL_SANCTION_MATCH,8,0.47,1
SWIFT_00002566,IN,IN,AED,226902.60,CORPORATE_CURRENT,TIER_3_SIMPLIFIED,NO,CLEAR,6,0.68,0
SWIFT_00002567,DE,CY,USD,114840.98,OFFSHORE_TRUST,TIER_3_SIMPLIFIED,YES,CLEAR,4,0.15,1
SWIFT_00002568,PA,GB,SGD,14591.51,OFFSHORE_TRUST,TIER_1_STANDARD,NO,CLEAR,2,0.70,1
SWIFT_00002569,IN,CY,EUR,66515.65,INDIVIDUAL_SAVINGS,TIER_3_SIMPLIFIED,NO,POTENTIAL_SANCTION_MATCH,13,0.96,1
SWIFT_00002570,PA,HK,AED,154333.35,OFFSHORE_TRUST,TIER_3_SIMPLIFIED,NO,CLEAR,9,0.63,1
SWIFT_00002571,SG,IN,GBP,189090.16,CORPORATE_CURRENT,TIER_3_SIMPLIFIED,NO,POTENTIAL_SANCTION_MATCH,3,0.79,1
SWIFT_00002572,US,US,GBP,161785.96,ESCROW,TIER_3_SIMPLIFIED,YES,POTENTIAL_SANCTION_MATCH,15,0.42,1
SWIFT_00002573,GB,SG,INR,171517.02,CORPORATE_CURRENT,TIER_1_STANDARD,YES,POTENTIAL_SANCTION_MATCH,7,0.94,1
SWIFT_00002574,SG,RU,SGD,209533.96,INDIVIDUAL_SAVINGS,TIER_1_STANDARD,NO,CLEAR,11,0.88,1
SWIFT_00002575,PA,IN,EUR,104089.30,CORPORATE_CURRENT,TIER_1_STANDARD,NO,POTENTIAL_SANCTION_MATCH,7,0.27,1
SWIFT_00002576,KY,US,INR,51560.94,OFFSHORE_TRUST,TIER_1_STANDARD,YES,CLEAR,11,0.66,1
SWIFT_00002577,IN,IN,AED,12910.97,OFFSHORE_TRUST,TIER_2_ENHANCED,NO,CLEAR,6,0.68,0
SWIFT_00002578,US,GB,GBP,71922.96,CORPORATE_CURRENT,TIER_3_SIMPLIFIED,YES,CLEAR,2,0.19,1
SWIFT_00002579,AE,GB,INR,187791.95,OFFSHORE_TRUST,TIER_1_STANDARD,NO,POTENTIAL_SANCTION_MATCH,2,0.59,1
SWIFT_00002580,PA,RU,EUR,1564.81,OFFSHORE_TRUST,TIER_3_SIMPLIFIED,NO,CLEAR,8,0.07,1
SWIFT_00002581,PA,US,EUR,86930.52,ESCROW,TIER_2_ENHANCED,NO,POTENTIAL_SANCTION_MATCH,14,0.49,1
SWIFT_00002582,AE,CY,AED,110300.77,INDIVIDUAL_SAVINGS,TIER_3_SIMPLIFIED,NO,CLEAR,10,0.80,1
SWIFT_00002583,AE,RU,INR,130648.12,CORPORATE_CURRENT,TIER_3_SIMPLIFIED,NO,CLEAR,9,0.09,0
SWIFT_00002584,SG,HK,EUR,128575.03,INDIVIDUAL_SAVINGS,TIER_1_STANDARD,NO,CLEAR,2,0.81,0
SWIFT_00002585,AE,CY,GBP,75345.01,INDIVIDUAL_SAVINGS,TIER_3_SIMPLIFIED,NO,CLEAR,8,0.27,0
SWIFT_00002586,IN,GB,EUR,82611.11,OFFSHORE_TRUST,TIER_1_STANDARD,NO,CLEAR,11,0.71,0
SWIFT_00002587,KY,SG,GBP,45504.77,ESCROW,TIER_2_ENHANCED,NO,CLEAR,15,0.69,1
SWIFT_00002588,GB,GB,GBP,95504.13,INDIVIDUAL_SAVINGS,TIER_1_STANDARD,NO,CLEAR,15,0.20,0
SWIFT_00002589,IN,SG,AED,19697.49,CORPORATE_CURRENT,TIER_1_STANDARD,NO,CLEAR,13,0.45,0
SWIFT_00002590,PA,RU,INR,95730.77,ESCROW,TIER_2_ENHANCED,NO,CLEAR,9,0.26,1
SWIFT_00002591,GB,VG,GBP,95135.71,INDIVIDUAL_SAVINGS,TIER_1_STANDARD,NO,CLEAR,9,0.96,0
SWIFT_00002592,SG,AE,USD,177996.80,CORPORATE_CURRENT,TIER_1_STANDARD,NO,POTENTIAL_SANCTION_MATCH,3,1.00,1
SWIFT_00002593,GB,IN,USD,42706.99,ESCROW,TIER_3_SIMPLIFIED,NO,POTENTIAL_SANCTION_MATCH,9,0.06,1
SWIFT_00002594,AE,US,AED,164031.34,INDIVIDUAL_SAVINGS,TIER_3_SIMPLIFIED,NO,CLEAR,14,0.99,0
SWIFT_00002595,CH,HK,USD,189178.61,INDIVIDUAL_SAVINGS,TIER_3_SIMPLIFIED,NO,CLEAR,8,0.49,1
SWIFT_00002596,PA,GB,GBP,111650.60,ESCROW,TIER_1_STANDARD,NO,POTENTIAL_SANCTION_MATCH,14,0.55,1
SWIFT_00002597,CH,SG,GBP,230946.19,OFFSHORE_TRUST,TIER_3_SIMPLIFIED,NO,CLEAR,2,0.48,0
SWIFT_00002598,DE,RU,AED,117548.47,CORPORATE_CURRENT,TIER_3_SIMPLIFIED,NO,CLEAR,6,0.00,1
SWIFT_00002599,US,IN,AED,25283.15,OFFSHORE_TRUST,TIER_2_ENHANCED,NO,CLEAR,11,0.40,0
SWIFT_00002600,DE,GB,USD,239032.63,INDIVIDUAL_SAVINGS,TIER_1_STANDARD,NO,POTENTIAL_SANCTION_MATCH,14,0.28,1
SWIFT_00002601,CH,US,SGD,111694.42,CORPORATE_CURRENT,TIER_3_SIMPLIFIED,NO,CLEAR,10,0.23,0
SWIFT_00002602,US,US,INR,132997.98,OFFSHORE_TRUST,TIER_2_ENHANCED,YES,CLEAR,6,0.00,1
SWIFT_00002603,GB,VG,EUR,4744.28,INDIVIDUAL_SAVINGS,TIER_1_STANDARD,NO,CLEAR,7,0.01,0
SWIFT_00002604,IN,IN,EUR,232941.85,CORPORATE_CURRENT,TIER_1_STANDARD,NO,CLEAR,4,0.44,1
SWIFT_00002605,IN,HK,AED,191291.87,ESCROW,TIER_3_SIMPLIFIED,YES,POTENTIAL_SANCTION_MATCH,9,0.14,1
SWIFT_00002606,IN,AE,SGD,203611.95,INDIVIDUAL_SAVINGS,TIER_2_ENHANCED,YES,CLEAR,8,0.50,1
SWIFT_00002607,GB,IN,SGD,232499.78,OFFSHORE_TRUST,TIER_2_ENHANCED,YES,CLEAR,7,0.55,1
SWIFT_00002608,KY,CY,EUR,72537.41,INDIVIDUAL_SAVINGS,TIER_2_ENHANCED,NO,CLEAR,15,0.77,1
SWIFT_00002609,CH,IN,GBP,28761.18,INDIVIDUAL_SAVINGS,TIER_1_STANDARD,NO,CLEAR,2,0.42,0
SWIFT_00002610,CH,GB,AED,102957.71,ESCROW,TIER_3_SIMPLIFIED,NO,POTENTIAL_SANCTION_MATCH,14,0.80,1
SWIFT_00002611,PA,AE,SGD,91969.09,OFFSHORE_TRUST,TIER_2_ENHANCED,NO,CLEAR,5,0.25,1
SWIFT_00002612,CH,SG,GBP,195867.95,CORPORATE_CURRENT,TIER_2_ENHANCED,NO,CLEAR,3,0.39,1
SWIFT_00002613,DE,US,SGD,148444.31,OFFSHORE_TRUST,TIER_1_STANDARD,NO,CLEAR,11,0.28,0
SWIFT_00002614,SG,RU,INR,214040.51,OFFSHORE_TRUST,TIER_3_SIMPLIFIED,NO,CLEAR,2,0.58,1
SWIFT_00002615,CH,US,SGD,136415.91,OFFSHORE_TRUST,TIER_3_SIMPLIFIED,NO,CLEAR,3,0.72,1
SWIFT_00002616,DE,HK,SGD,57668.81,CORPORATE_CURRENT,TIER_2_ENHANCED,NO,CLEAR,1,0.82,0
SWIFT_00002617,IN,HK,AED,192641.44,INDIVIDUAL_SAVINGS,TIER_2_ENHANCED,NO,CLEAR,9,0.07,1
SWIFT_00002618,IN,GB,INR,177814.70,INDIVIDUAL_SAVINGS,TIER_2_ENHANCED,YES,CLEAR,9,0.37,1
SWIFT_00002619,GB,HK,USD,34231.27,CORPORATE_CURRENT,TIER_2_ENHANCED,YES,CLEAR,5,0.39,1
SWIFT_00002620,PA,GB,SGD,30883.73,CORPORATE_CURRENT,TIER_1_STANDARD,NO,CLEAR,13,0.69,1
SWIFT_00002621,PA,IN,AED,2490.20,CORPORATE_CURRENT,TIER_1_STANDARD,NO,CLEAR,4,0.78,1
SWIFT_00002622,SG,AE,GBP,245266.73,OFFSHORE_TRUST,TIER_2_ENHANCED,NO,CLEAR,9,0.45,1
SWIFT_00002623,IN,HK,USD,161896.88,ESCROW,TIER_3_SIMPLIFIED,YES,POTENTIAL_SANCTION_MATCH,1,0.60,1
SWIFT_00002624,DE,US,AED,123221.52,CORPORATE_CURRENT,TIER_1_STANDARD,NO,CLEAR,12,0.28,1
SWIFT_00002625,SG,HK,SGD,60219.63,CORPORATE_CURRENT,TIER_1_STANDARD,NO,CLEAR,8,0.74,0
SWIFT_00002626,PA,RU,INR,168930.21,INDIVIDUAL_SAVINGS,TIER_2_ENHANCED,NO,CLEAR,15,0.00,1
SWIFT_00002627,DE,AE,EUR,156649.51,CORPORATE_CURRENT,TIER_2_ENHANCED,NO,CLEAR,3,0.92,1
SWIFT_00002628,DE,CY,SGD,238306.72,ESCROW,TIER_3_SIMPLIFIED,NO,POTENTIAL_SANCTION_MATCH,12,0.32,1
SWIFT_00002629,CH,GB,INR,100450.36,INDIVIDUAL_SAVINGS,TIER_3_SIMPLIFIED,YES,CLEAR,2,0.79,1
SWIFT_00002630,CH,SG,EUR,100540.73,INDIVIDUAL_SAVINGS,TIER_1_STANDARD,NO,CLEAR,12,0.99,0
SWIFT_00002631,GB,HK,INR,72586.05,OFFSHORE_TRUST,TIER_3_SIMPLIFIED,NO,CLEAR,12,0.18,0
SWIFT_00002632,PA,IN,USD,79428.14,INDIVIDUAL_SAVINGS,TIER_1_STANDARD,NO,POTENTIAL_SANCTION_MATCH,8,0.42,1
SWIFT_00002633,KY,CY,SGD,70476.17,CORPORATE_CURRENT,TIER_3_SIMPLIFIED,NO,POTENTIAL_SANCTION_MATCH,7,0.12,1
SWIFT_00002634,GB,VG,EUR,153000.55,CORPORATE_CURRENT,TIER_1_STANDARD,NO,POTENTIAL_SANCTION_MATCH,5,0.50,1
SWIFT_00002635,CH,IN,USD,25920.10,OFFSHORE_TRUST,TIER_3_SIMPLIFIED,YES,CLEAR,7,0.22,1
SWIFT_00002636,US,US,EUR,226963.40,CORPORATE_CURRENT,TIER_2_ENHANCED,NO,POTENTIAL_SANCTION_MATCH,14,0.93,1
SWIFT_00002637,DE,RU,INR,68828.78,CORPORATE_CURRENT,TIER_3_SIMPLIFIED,NO,CLEAR,11,0.24,0
SWIFT_00002638,AE,GB,INR,157334.54,CORPORATE_CURRENT,TIER_1_STANDARD,YES,CLEAR,7,0.13,1
SWIFT_00002639,KY,IN,SGD,76194.61,CORPORATE_CURRENT,TIER_2_ENHANCED,NO,CLEAR,1,0.40,1
SWIFT_00002640,IN,VG,AED,30441.05,INDIVIDUAL_SAVINGS,TIER_2_ENHANCED,YES,CLEAR,8,0.69,1
SWIFT_00002641,CH,VG,SGD,168823.23,INDIVIDUAL_SAVINGS,TIER_1_STANDARD,YES,CLEAR,6,0.35,1
SWIFT_00002642,GB,VG,SGD,244435.90,OFFSHORE_TRUST,TIER_2_ENHANCED,NO,CLEAR,2,0.36,0
SWIFT_00002643,PA,IN,EUR,191177.76,CORPORATE_CURRENT,TIER_2_ENHANCED,NO,CLEAR,3,0.87,1
SWIFT_00002644,DE,GB,GBP,83646.59,ESCROW,TIER_1_STANDARD,NO,CLEAR,11,0.39,0
SWIFT_00002645,CH,SG,USD,240724.09,ESCROW,TIER_2_ENHANCED,NO,POTENTIAL_SANCTION_MATCH,15,0.34,1
SWIFT_00002646,GB,VG,AED,160585.34,CORPORATE_CURRENT,TIER_1_STANDARD,NO,POTENTIAL_SANCTION_MATCH,10,0.60,1
SWIFT_00002647,PA,US,GBP,156661.02,ESCROW,TIER_1_STANDARD,NO,CLEAR,1,0.45,1
SWIFT_00002648,PA,CY,USD,249177.10,CORPORATE_CURRENT,TIER_2_ENHANCED,YES,POTENTIAL_SANCTION_MATCH,11,0.92,1
SWIFT_00002649,PA,GB,AED,95059.33,CORPORATE_CURRENT,TIER_3_SIMPLIFIED,YES,CLEAR,12,0.00,1
SWIFT_00002650,US,VG,INR,4215.13,ESCROW,TIER_3_SIMPLIFIED,NO,CLEAR,5,0.40,0
SWIFT_00002651,IN,SG,AED,64621.84,OFFSHORE_TRUST,TIER_2_ENHANCED,NO,CLEAR,10,0.39,0
SWIFT_00002652,AE,VG,SGD,217290.71,OFFSHORE_TRUST,TIER_2_ENHANCED,NO,CLEAR,12,0.62,0
SWIFT_00002653,IN,RU,USD,76622.68,CORPORATE_CURRENT,TIER_1_STANDARD,NO,CLEAR,9,0.27,0
SWIFT_00002654,US,US,USD,184408.83,OFFSHORE_TRUST,TIER_1_STANDARD,NO,CLEAR,1,0.54,1
SWIFT_00002655,CH,HK,INR,114010.63,OFFSHORE_TRUST,TIER_1_STANDARD,YES,CLEAR,7,0.27,1
SWIFT_00002656,CH,HK,EUR,86871.94,OFFSHORE_TRUST,TIER_2_ENHANCED,NO,POTENTIAL_SANCTION_MATCH,11,0.51,1
SWIFT_00002657,IN,SG,SGD,127684.14,ESCROW,TIER_1_STANDARD,NO,POTENTIAL_SANCTION_MATCH,1,0.44,1
SWIFT_00002658,PA,RU,AED,172176.89,OFFSHORE_TRUST,TIER_3_SIMPLIFIED,NO,POTENTIAL_SANCTION_MATCH,8,0.53,1
SWIFT_00002659,US,VG,INR,7913.66,CORPORATE_CURRENT,TIER_3_SIMPLIFIED,NO,CLEAR,14,0.59,0
SWIFT_00002660,CH,IN,AED,14188.96,OFFSHORE_TRUST,TIER_2_ENHANCED,NO,CLEAR,13,0.48,0
SWIFT_00002661,KY,VG,USD,205948.71,ESCROW,TIER_3_SIMPLIFIED,YES,CLEAR,14,0.73,1
SWIFT_00002662,PA,GB,USD,157752.55,ESCROW,TIER_1_STANDARD,NO,CLEAR,3,0.45,1
SWIFT_00002663,DE,US,AED,179525.51,ESCROW,TIER_2_ENHANCED,NO,POTENTIAL_SANCTION_MATCH,6,0.31,1
SWIFT_00002664,KY,US,SGD,80287.33,OFFSHORE_TRUST,TIER_2_ENHANCED,YES,CLEAR,11,0.38,1
SWIFT_00002665,PA,SG,GBP,30202.65,OFFSHORE_TRUST,TIER_1_STANDARD,NO,CLEAR,4,0.08,1
SWIFT_00002666,GB,US,USD,211799.07,CORPORATE_CURRENT,TIER_2_ENHANCED,YES,CLEAR,13,0.42,1
SWIFT_00002667,SG,HK,INR,24134.52,OFFSHORE_TRUST,TIER_3_SIMPLIFIED,NO,CLEAR,8,0.44,0
SWIFT_00002668,US,CY,AED,101717.98,INDIVIDUAL_SAVINGS,TIER_1_STANDARD,NO,CLEAR,15,0.61,0
SWIFT_00002669,CH,US,SGD,9215.98,INDIVIDUAL_SAVINGS,TIER_3_SIMPLIFIED,YES,CLEAR,1,0.53,1
SWIFT_00002670,IN,VG,GBP,104198.69,INDIVIDUAL_SAVINGS,TIER_1_STANDARD,NO,CLEAR,10,0.27,1
SWIFT_00002671,PA,AE,EUR,192666.50,CORPORATE_CURRENT,TIER_2_ENHANCED,NO,CLEAR,11,0.28,1
SWIFT_00002672,DE,AE,USD,249459.43,CORPORATE_CURRENT,TIER_1_STANDARD,NO,CLEAR,9,0.76,1
SWIFT_00002673,SG,HK,AED,56203.23,ESCROW,TIER_2_ENHANCED,NO,POTENTIAL_SANCTION_MATCH,5,0.28,1
SWIFT_00002674,AE,AE,AED,86354.96,CORPORATE_CURRENT,TIER_1_STANDARD,NO,CLEAR,14,0.96,0
SWIFT_00002675,US,HK,INR,149883.02,ESCROW,TIER_1_STANDARD,YES,CLEAR,4,0.29,1
SWIFT_00002676,US,RU,GBP,235299.91,CORPORATE_CURRENT,TIER_3_SIMPLIFIED,NO,CLEAR,3,0.90,1
SWIFT_00002677,DE,HK,SGD,200381.24,ESCROW,TIER_2_ENHANCED,NO,CLEAR,7,0.87,1
SWIFT_00002678,GB,CY,EUR,50442.71,ESCROW,TIER_2_ENHANCED,NO,CLEAR,4,0.00,0
SWIFT_00002679,IN,RU,GBP,34576.78,OFFSHORE_TRUST,TIER_1_STANDARD,NO,CLEAR,11,0.79,0
SWIFT_00002680,IN,AE,EUR,4229.58,OFFSHORE_TRUST,TIER_1_STANDARD,NO,POTENTIAL_SANCTION_MATCH,11,0.23,1
SWIFT_00002681,PA,AE,EUR,16637.48,OFFSHORE_TRUST,TIER_1_STANDARD,NO,CLEAR,14,0.11,1
SWIFT_00002682,AE,SG,GBP,139492.56,OFFSHORE_TRUST,TIER_2_ENHANCED,YES,CLEAR,1,0.35,1
SWIFT_00002683,SG,AE,EUR,195822.98,CORPORATE_CURRENT,TIER_3_SIMPLIFIED,NO,POTENTIAL_SANCTION_MATCH,15,0.30,1
SWIFT_00002684,SG,CY,INR,117117.40,CORPORATE_CURRENT,TIER_3_SIMPLIFIED,NO,CLEAR,4,0.55,0
SWIFT_00002685,US,IN,EUR,109869.11,CORPORATE_CURRENT,TIER_2_ENHANCED,NO,CLEAR,15,0.51,1
SWIFT_00002686,SG,GB,GBP,33012.97,OFFSHORE_TRUST,TIER_1_STANDARD,NO,POTENTIAL_SANCTION_MATCH,3,0.10,1
SWIFT_00002687,DE,SG,EUR,96986.12,CORPORATE_CURRENT,TIER_3_SIMPLIFIED,NO,CLEAR,3,0.78,0
SWIFT_00002688,CH,IN,GBP,4988.22,CORPORATE_CURRENT,TIER_1_STANDARD,NO,POTENTIAL_SANCTION_MATCH,14,0.54,1
SWIFT_00002689,AE,HK,USD,228227.46,INDIVIDUAL_SAVINGS,TIER_1_STANDARD,YES,CLEAR,10,0.10,1
SWIFT_00002690,SG,SG,EUR,147255.94,INDIVIDUAL_SAVINGS,TIER_1_STANDARD,NO,CLEAR,4,0.12,0
SWIFT_00002691,AE,AE,AED,35124.84,ESCROW,TIER_1_STANDARD,YES,CLEAR,15,0.39,1
SWIFT_00002692,SG,GB,EUR,244577.98,ESCROW,TIER_2_ENHANCED,NO,CLEAR,1,0.81,0
SWIFT_00002693,KY,HK,EUR,11675.98,INDIVIDUAL_SAVINGS,TIER_3_SIMPLIFIED,NO,CLEAR,11,0.60,1
SWIFT_00002694,CH,HK,SGD,35003.87,INDIVIDUAL_SAVINGS,TIER_3_SIMPLIFIED,NO,CLEAR,9,0.07,0
SWIFT_00002695,PA,CY,SGD,16450.40,INDIVIDUAL_SAVINGS,TIER_1_STANDARD,NO,CLEAR,1,0.28,1
SWIFT_00002696,GB,US,INR,231638.99,INDIVIDUAL_SAVINGS,TIER_2_ENHANCED,YES,CLEAR,9,0.82,1
SWIFT_00002697,AE,CY,SGD,245365.60,INDIVIDUAL_SAVINGS,TIER_3_SIMPLIFIED,NO,CLEAR,13,0.85,1
SWIFT_00002698,DE,US,GBP,94774.69,ESCROW,TIER_3_SIMPLIFIED,NO,CLEAR,11,0.72,0
SWIFT_00002699,GB,IN,EUR,220319.52,ESCROW,TIER_1_STANDARD,NO,POTENTIAL_SANCTION_MATCH,9,0.96,1
SWIFT_00002700,IN,US,SGD,248478.04,ESCROW,TIER_2_ENHANCED,YES,CLEAR,14,0.35,1
SWIFT_00002701,KY,CY,GBP,89455.61,ESCROW,TIER_3_SIMPLIFIED,NO,CLEAR,13,0.37,1
SWIFT_00002702,IN,CY,AED,7550.40,ESCROW,TIER_1_STANDARD,NO,CLEAR,15,0.85,0
SWIFT_00002703,GB,RU,USD,233541.49,INDIVIDUAL_SAVINGS,TIER_2_ENHANCED,NO,POTENTIAL_SANCTION_MATCH,14,0.71,1
SWIFT_00002704,GB,HK,GBP,239050.34,OFFSHORE_TRUST,TIER_3_SIMPLIFIED,NO,CLEAR,10,0.65,0
SWIFT_00002705,US,RU,AED,82782.36,CORPORATE_CURRENT,TIER_3_SIMPLIFIED,YES,CLEAR,3,0.87,1
SWIFT_00002706,GB,VG,AED,82287.24,ESCROW,TIER_2_ENHANCED,NO,CLEAR,6,0.38,0
SWIFT_00002707,DE,RU,GBP,78587.63,CORPORATE_CURRENT,TIER_2_ENHANCED,NO,POTENTIAL_SANCTION_MATCH,3,0.36,1
SWIFT_00002708,IN,VG,USD,50210.35,OFFSHORE_TRUST,TIER_2_ENHANCED,YES,CLEAR,13,0.03,1
SWIFT_00002709,AE,AE,INR,155894.30,OFFSHORE_TRUST,TIER_3_SIMPLIFIED,NO,CLEAR,6,0.74,0
SWIFT_00002710,CH,CY,USD,234506.53,OFFSHORE_TRUST,TIER_2_ENHANCED,NO,CLEAR,10,0.89,0
SWIFT_00002711,IN,IN,INR,93973.15,OFFSHORE_TRUST,TIER_1_STANDARD,YES,CLEAR,6,0.49,1
SWIFT_00002712,GB,US,USD,242119.84,ESCROW,TIER_3_SIMPLIFIED,NO,CLEAR,4,0.53,0
SWIFT_00002713,CH,RU,INR,72057.51,ESCROW,TIER_2_ENHANCED,NO,CLEAR,14,0.81,0
SWIFT_00002714,SG,HK,EUR,67166.18,CORPORATE_CURRENT,TIER_2_ENHANCED,YES,CLEAR,13,0.82,1
SWIFT_00002715,US,HK,EUR,56754.46,CORPORATE_CURRENT,TIER_1_STANDARD,YES,POTENTIAL_SANCTION_MATCH,1,0.08,1
SWIFT_00002716,IN,CY,GBP,156084.36,ESCROW,TIER_1_STANDARD,NO,CLEAR,9,0.59,1
SWIFT_00002717,IN,GB,SGD,36632.37,OFFSHORE_TRUST,TIER_1_STANDARD,YES,CLEAR,5,0.68,1
SWIFT_00002718,KY,SG,USD,207372.27,OFFSHORE_TRUST,TIER_2_ENHANCED,NO,CLEAR,6,0.18,1
SWIFT_00002719,PA,VG,AED,118481.91,CORPORATE_CURRENT,TIER_2_ENHANCED,NO,CLEAR,3,0.76,1
SWIFT_00002720,DE,RU,AED,239372.90,ESCROW,TIER_1_STANDARD,NO,CLEAR,6,0.01,0
SWIFT_00002721,US,AE,USD,175202.49,OFFSHORE_TRUST,TIER_1_STANDARD,YES,POTENTIAL_SANCTION_MATCH,7,0.42,1
SWIFT_00002722,CH,IN,GBP,7436.61,CORPORATE_CURRENT,TIER_3_SIMPLIFIED,NO,CLEAR,7,0.11,0
SWIFT_00002723,IN,RU,USD,220041.75,CORPORATE_CURRENT,TIER_1_STANDARD,NO,CLEAR,13,0.48,1
SWIFT_00002724,IN,AE,EUR,7934.27,ESCROW,TIER_2_ENHANCED,NO,CLEAR,11,0.40,0
SWIFT_00002725,DE,RU,AED,12006.54,ESCROW,TIER_2_ENHANCED,NO,CLEAR,13,0.23,0
SWIFT_00002726,GB,CY,USD,132836.39,CORPORATE_CURRENT,TIER_2_ENHANCED,NO,CLEAR,8,0.20,1
SWIFT_00002727,PA,AE,SGD,138772.00,CORPORATE_CURRENT,TIER_2_ENHANCED,NO,CLEAR,15,0.03,1
SWIFT_00002728,US,CY,SGD,229026.91,CORPORATE_CURRENT,TIER_2_ENHANCED,NO,CLEAR,7,0.52,0
SWIFT_00002729,IN,AE,EUR,147054.40,INDIVIDUAL_SAVINGS,TIER_1_STANDARD,NO,CLEAR,9,0.53,0
SWIFT_00002730,SG,RU,AED,165364.21,INDIVIDUAL_SAVINGS,TIER_2_ENHANCED,NO,POTENTIAL_SANCTION_MATCH,1,0.29,1
SWIFT_00002731,IN,CY,INR,218065.86,INDIVIDUAL_SAVINGS,TIER_1_STANDARD,NO,CLEAR,3,0.02,1
SWIFT_00002732,GB,HK,INR,85396.40,INDIVIDUAL_SAVINGS,TIER_1_STANDARD,NO,CLEAR,13,0.95,0
SWIFT_00002733,PA,IN,GBP,235191.65,ESCROW,TIER_3_SIMPLIFIED,YES,CLEAR,7,0.12,1
SWIFT_00002734,DE,GB,GBP,210309.56,CORPORATE_CURRENT,TIER_3_SIMPLIFIED,YES,CLEAR,1,0.18,1
SWIFT_00002735,DE,VG,AED,137627.88,OFFSHORE_TRUST,TIER_3_SIMPLIFIED,NO,CLEAR,9,0.46,0
SWIFT_00002736,US,RU,AED,36764.23,CORPORATE_CURRENT,TIER_1_STANDARD,YES,POTENTIAL_SANCTION_MATCH,8,0.32,1
SWIFT_00002737,PA,IN,GBP,197081.30,ESCROW,TIER_2_ENHANCED,NO,CLEAR,8,0.24,1
SWIFT_00002738,CH,RU,EUR,114151.94,ESCROW,TIER_2_ENHANCED,NO,POTENTIAL_SANCTION_MATCH,8,0.16,1
SWIFT_00002739,KY,CY,EUR,223690.24,ESCROW,TIER_3_SIMPLIFIED,NO,POTENTIAL_SANCTION_MATCH,5,0.12,1
SWIFT_00002740,KY,CY,EUR,133550.46,ESCROW,TIER_3_SIMPLIFIED,NO,CLEAR,4,0.21,1
SWIFT_00002741,AE,IN,INR,93449.53,INDIVIDUAL_SAVINGS,TIER_2_ENHANCED,YES,CLEAR,12,0.84,1
SWIFT_00002742,DE,AE,INR,25178.08,OFFSHORE_TRUST,TIER_2_ENHANCED,NO,CLEAR,1,0.52,0
SWIFT_00002743,SG,IN,INR,220712.74,CORPORATE_CURRENT,TIER_2_ENHANCED,NO,POTENTIAL_SANCTION_MATCH,6,0.15,1
SWIFT_00002744,GB,CY,GBP,179102.53,INDIVIDUAL_SAVINGS,TIER_1_STANDARD,NO,CLEAR,14,0.79,0
SWIFT_00002745,CH,GB,INR,221473.32,INDIVIDUAL_SAVINGS,TIER_3_SIMPLIFIED,NO,POTENTIAL_SANCTION_MATCH,7,0.36,1
SWIFT_00002746,IN,SG,AED,189699.43,ESCROW,TIER_1_STANDARD,NO,CLEAR,11,0.50,0
SWIFT_00002747,GB,RU,EUR,212835.14,CORPORATE_CURRENT,TIER_1_STANDARD,NO,POTENTIAL_SANCTION_MATCH,4,0.44,1
SWIFT_00002748,SG,RU,GBP,196189.90,INDIVIDUAL_SAVINGS,TIER_1_STANDARD,YES,CLEAR,10,0.37,1
SWIFT_00002749,KY,CY,AED,188136.55,OFFSHORE_TRUST,TIER_2_ENHANCED,NO,CLEAR,12,0.12,1
SWIFT_00002750,PA,IN,USD,199612.19,OFFSHORE_TRUST,TIER_1_STANDARD,NO,CLEAR,7,0.10,1
SWIFT_00002751,IN,HK,INR,64984.45,CORPORATE_CURRENT,TIER_3_SIMPLIFIED,YES,POTENTIAL_SANCTION_MATCH,7,0.09,1
SWIFT_00002752,US,AE,AED,164649.33,ESCROW,TIER_2_ENHANCED,NO,CLEAR,11,0.55,0
SWIFT_00002753,CH,CY,AED,109926.94,CORPORATE_CURRENT,TIER_3_SIMPLIFIED,NO,CLEAR,2,0.41,0
SWIFT_00002754,GB,SG,EUR,211524.56,CORPORATE_CURRENT,TIER_2_ENHANCED,NO,CLEAR,14,0.61,0
SWIFT_00002755,IN,HK,EUR,84420.93,ESCROW,TIER_2_ENHANCED,NO,CLEAR,7,0.64,0
SWIFT_00002756,DE,AE,EUR,171230.80,OFFSHORE_TRUST,TIER_2_ENHANCED,NO,CLEAR,7,0.10,1
SWIFT_00002757,PA,RU,EUR,136645.57,ESCROW,TIER_3_SIMPLIFIED,YES,CLEAR,12,0.89,1
SWIFT_00002758,SG,VG,SGD,127698.55,INDIVIDUAL_SAVINGS,TIER_3_SIMPLIFIED,NO,CLEAR,10,0.65,1
SWIFT_00002759,KY,RU,EUR,28346.09,OFFSHORE_TRUST,TIER_3_SIMPLIFIED,NO,CLEAR,13,0.83,1
SWIFT_00002760,US,IN,USD,221836.00,INDIVIDUAL_SAVINGS,TIER_2_ENHANCED,NO,CLEAR,14,0.70,0
SWIFT_00002761,US,GB,USD,157826.22,INDIVIDUAL_SAVINGS,TIER_1_STANDARD,NO,CLEAR,6,0.07,0
SWIFT_00002762,US,RU,USD,119267.87,OFFSHORE_TRUST,TIER_1_STANDARD,NO,CLEAR,4,0.48,0
SWIFT_00002763,AE,GB,SGD,24727.03,INDIVIDUAL_SAVINGS,TIER_2_ENHANCED,NO,CLEAR,1,0.38,0
SWIFT_00002764,SG,US,INR,187023.76,CORPORATE_CURRENT,TIER_1_STANDARD,NO,CLEAR,4,0.12,0
SWIFT_00002765,IN,GB,USD,196437.78,ESCROW,TIER_3_SIMPLIFIED,NO,CLEAR,6,0.44,1
SWIFT_00002766,CH,US,GBP,146664.25,CORPORATE_CURRENT,TIER_3_SIMPLIFIED,NO,CLEAR,11,0.56,0
SWIFT_00002767,GB,VG,SGD,78208.80,CORPORATE_CURRENT,TIER_2_ENHANCED,YES,CLEAR,3,0.26,1
SWIFT_00002768,US,IN,AED,70825.57,CORPORATE_CURRENT,TIER_2_ENHANCED,NO,CLEAR,10,0.74,0
SWIFT_00002769,DE,CY,AED,249970.21,OFFSHORE_TRUST,TIER_1_STANDARD,NO,CLEAR,7,0.36,1
SWIFT_00002770,US,IN,INR,217708.84,OFFSHORE_TRUST,TIER_2_ENHANCED,YES,POTENTIAL_SANCTION_MATCH,5,0.82,1
SWIFT_00002771,IN,AE,INR,154813.21,INDIVIDUAL_SAVINGS,TIER_1_STANDARD,NO,CLEAR,14,0.74,1
SWIFT_00002772,DE,IN,INR,123572.26,ESCROW,TIER_2_ENHANCED,NO,CLEAR,5,0.94,1
SWIFT_00002773,IN,VG,USD,103532.51,ESCROW,TIER_2_ENHANCED,NO,CLEAR,14,0.16,0
SWIFT_00002774,CH,AE,INR,244692.39,ESCROW,TIER_1_STANDARD,YES,CLEAR,8,0.93,1
SWIFT_00002775,GB,US,USD,216071.43,OFFSHORE_TRUST,TIER_3_SIMPLIFIED,NO,CLEAR,5,0.82,1
SWIFT_00002776,AE,RU,EUR,97708.63,ESCROW,TIER_1_STANDARD,NO,POTENTIAL_SANCTION_MATCH,10,0.66,1
SWIFT_00002777,IN,VG,SGD,140284.13,INDIVIDUAL_SAVINGS,TIER_2_ENHANCED,YES,CLEAR,13,0.22,1
SWIFT_00002778,KY,RU,GBP,61499.48,CORPORATE_CURRENT,TIER_2_ENHANCED,YES,POTENTIAL_SANCTION_MATCH,8,0.80,1
SWIFT_00002779,SG,HK,GBP,8118.07,OFFSHORE_TRUST,TIER_1_STANDARD,NO,CLEAR,1,0.86,0
SWIFT_00002780,AE,GB,USD,33939.44,ESCROW,TIER_1_STANDARD,NO,CLEAR,15,0.73,0
SWIFT_00002781,GB,AE,USD,114810.45,INDIVIDUAL_SAVINGS,TIER_3_SIMPLIFIED,YES,POTENTIAL_SANCTION_MATCH,13,0.99,1
SWIFT_00002782,US,IN,AED,122473.66,CORPORATE_CURRENT,TIER_3_SIMPLIFIED,NO,CLEAR,9,0.80,0
SWIFT_00002783,DE,CY,AED,206420.97,OFFSHORE_TRUST,TIER_1_STANDARD,NO,CLEAR,3,1.00,0
SWIFT_00002784,IN,AE,USD,222779.31,CORPORATE_CURRENT,TIER_3_SIMPLIFIED,NO,CLEAR,3,0.34,0
SWIFT_00002785,AE,IN,AED,24797.78,OFFSHORE_TRUST,TIER_3_SIMPLIFIED,NO,CLEAR,7,0.06,0
SWIFT_00002786,PA,RU,USD,143554.55,INDIVIDUAL_SAVINGS,TIER_3_SIMPLIFIED,NO,CLEAR,9,0.78,1
SWIFT_00002787,SG,VG,USD,22736.36,INDIVIDUAL_SAVINGS,TIER_1_STANDARD,NO,CLEAR,14,0.83,0
SWIFT_00002788,CH,IN,EUR,240653.41,ESCROW,TIER_1_STANDARD,NO,CLEAR,4,0.75,0
SWIFT_00002789,IN,AE,INR,58634.51,ESCROW,TIER_1_STANDARD,NO,CLEAR,9,0.36,0
SWIFT_00002790,AE,GB,EUR,127703.31,ESCROW,TIER_3_SIMPLIFIED,NO,CLEAR,15,0.46,0
SWIFT_00002791,SG,CY,INR,90168.79,CORPORATE_CURRENT,TIER_1_STANDARD,NO,CLEAR,14,0.87,0
SWIFT_00002792,KY,HK,INR,183027.91,CORPORATE_CURRENT,TIER_3_SIMPLIFIED,YES,CLEAR,7,0.79,1
SWIFT_00002793,SG,IN,SGD,81206.21,ESCROW,TIER_2_ENHANCED,NO,CLEAR,10,0.86,0
SWIFT_00002794,GB,IN,AED,234994.67,OFFSHORE_TRUST,TIER_3_SIMPLIFIED,YES,POTENTIAL_SANCTION_MATCH,1,0.79,1
SWIFT_00002795,GB,CY,SGD,141117.16,INDIVIDUAL_SAVINGS,TIER_3_SIMPLIFIED,NO,CLEAR,6,0.95,1
SWIFT_00002796,PA,IN,EUR,90422.96,INDIVIDUAL_SAVINGS,TIER_2_ENHANCED,NO,CLEAR,9,0.92,1
SWIFT_00002797,SG,US,EUR,43524.14,INDIVIDUAL_SAVINGS,TIER_1_STANDARD,NO,POTENTIAL_SANCTION_MATCH,10,0.76,1
SWIFT_00002798,IN,CY,AED,126122.55,OFFSHORE_TRUST,TIER_3_SIMPLIFIED,NO,POTENTIAL_SANCTION_MATCH,7,0.20,1
SWIFT_00002799,US,RU,GBP,181793.27,INDIVIDUAL_SAVINGS,TIER_1_STANDARD,NO,POTENTIAL_SANCTION_MATCH,5,0.20,1
SWIFT_00002800,SG,HK,USD,197393.18,CORPORATE_CURRENT,TIER_1_STANDARD,YES,CLEAR,8,0.05,1
SWIFT_00002801,PA,VG,SGD,212417.99,INDIVIDUAL_SAVINGS,TIER_2_ENHANCED,NO,POTENTIAL_SANCTION_MATCH,6,0.59,1
SWIFT_00002802,GB,HK,SGD,136371.22,INDIVIDUAL_SAVINGS,TIER_2_ENHANCED,YES,POTENTIAL_SANCTION_MATCH,1,0.95,1
SWIFT_00002803,PA,GB,INR,148722.15,ESCROW,TIER_3_SIMPLIFIED,YES,CLEAR,4,0.41,1
SWIFT_00002804,GB,GB,SGD,232625.66,CORPORATE_CURRENT,TIER_1_STANDARD,NO,CLEAR,4,0.55,1
SWIFT_00002805,SG,IN,USD,52180.69,OFFSHORE_TRUST,TIER_2_ENHANCED,NO,CLEAR,10,0.57,0
SWIFT_00002806,PA,AE,GBP,204861.47,ESCROW,TIER_1_STANDARD,YES,POTENTIAL_SANCTION_MATCH,3,0.81,1
SWIFT_00002807,CH,SG,USD,238763.23,ESCROW,TIER_3_SIMPLIFIED,NO,CLEAR,12,0.17,0
SWIFT_00002808,AE,RU,INR,23478.23,CORPORATE_CURRENT,TIER_2_ENHANCED,NO,CLEAR,11,0.83,0
SWIFT_00002809,GB,CY,GBP,194571.60,CORPORATE_CURRENT,TIER_1_STANDARD,NO,POTENTIAL_SANCTION_MATCH,6,0.91,1
SWIFT_00002810,KY,RU,GBP,233412.46,OFFSHORE_TRUST,TIER_1_STANDARD,NO,CLEAR,2,0.14,1
SWIFT_00002811,SG,CY,GBP,163680.07,CORPORATE_CURRENT,TIER_1_STANDARD,NO,CLEAR,14,0.22,1
SWIFT_00002812,KY,SG,AED,27582.59,INDIVIDUAL_SAVINGS,TIER_3_SIMPLIFIED,NO,CLEAR,13,0.98,1
SWIFT_00002813,AE,IN,SGD,87423.29,CORPORATE_CURRENT,TIER_3_SIMPLIFIED,NO,CLEAR,9,0.37,0
SWIFT_00002814,SG,SG,GBP,127388.23,ESCROW,TIER_2_ENHANCED,NO,CLEAR,8,0.18,0
SWIFT_00002815,DE,HK,GBP,18922.17,INDIVIDUAL_SAVINGS,TIER_2_ENHANCED,NO,CLEAR,3,0.39,0
SWIFT_00002816,IN,HK,AED,125119.08,INDIVIDUAL_SAVINGS,TIER_2_ENHANCED,NO,CLEAR,5,0.43,0
SWIFT_00002817,SG,CY,EUR,165933.67,CORPORATE_CURRENT,TIER_2_ENHANCED,NO,POTENTIAL_SANCTION_MATCH,1,0.08,1
SWIFT_00002818,DE,IN,SGD,147869.91,INDIVIDUAL_SAVINGS,TIER_1_STANDARD,NO,CLEAR,11,0.20,1
SWIFT_00002819,DE,GB,EUR,34958.23,ESCROW,TIER_1_STANDARD,YES,POTENTIAL_SANCTION_MATCH,12,0.67,1
SWIFT_00002820,CH,IN,EUR,81062.07,OFFSHORE_TRUST,TIER_2_ENHANCED,NO,CLEAR,7,0.12,0
SWIFT_00002821,IN,VG,AED,22315.37,INDIVIDUAL_SAVINGS,TIER_3_SIMPLIFIED,NO,POTENTIAL_SANCTION_MATCH,14,0.15,1
SWIFT_00002822,PA,VG,AED,245433.52,INDIVIDUAL_SAVINGS,TIER_1_STANDARD,NO,CLEAR,12,0.91,1
SWIFT_00002823,GB,HK,GBP,77626.91,INDIVIDUAL_SAVINGS,TIER_2_ENHANCED,NO,CLEAR,12,0.67,0
SWIFT_00002824,US,AE,AED,81071.41,CORPORATE_CURRENT,TIER_2_ENHANCED,NO,CLEAR,3,0.49,0
SWIFT_00002825,US,IN,EUR,174968.02,CORPORATE_CURRENT,TIER_2_ENHANCED,NO,CLEAR,15,0.94,0
SWIFT_00002826,AE,AE,SGD,74917.43,INDIVIDUAL_SAVINGS,TIER_2_ENHANCED,NO,POTENTIAL_SANCTION_MATCH,13,0.35,1
SWIFT_00002827,DE,VG,USD,237327.62,ESCROW,TIER_1_STANDARD,NO,CLEAR,3,0.04,0
SWIFT_00002828,US,US,EUR,111831.35,INDIVIDUAL_SAVINGS,TIER_1_STANDARD,YES,CLEAR,4,0.83,1
SWIFT_00002829,GB,CY,INR,52352.97,CORPORATE_CURRENT,TIER_3_SIMPLIFIED,NO,CLEAR,2,0.97,0
SWIFT_00002830,GB,CY,SGD,181663.27,INDIVIDUAL_SAVINGS,TIER_1_STANDARD,NO,POTENTIAL_SANCTION_MATCH,11,0.78,1
SWIFT_00002831,AE,HK,INR,74416.67,INDIVIDUAL_SAVINGS,TIER_3_SIMPLIFIED,NO,CLEAR,8,0.96,0
SWIFT_00002832,PA,HK,USD,117337.31,CORPORATE_CURRENT,TIER_2_ENHANCED,NO,POTENTIAL_SANCTION_MATCH,2,0.52,1
SWIFT_00002833,AE,CY,GBP,225574.11,ESCROW,TIER_2_ENHANCED,NO,CLEAR,14,0.69,0
SWIFT_00002834,PA,RU,USD,133921.40,OFFSHORE_TRUST,TIER_1_STANDARD,YES,CLEAR,14,0.81,1
SWIFT_00002835,PA,HK,SGD,169370.60,INDIVIDUAL_SAVINGS,TIER_2_ENHANCED,NO,CLEAR,8,0.61,1
SWIFT_00002836,DE,US,USD,39087.12,OFFSHORE_TRUST,TIER_3_SIMPLIFIED,NO,CLEAR,1,0.97,0
SWIFT_00002837,US,CY,EUR,106830.93,CORPORATE_CURRENT,TIER_1_STANDARD,YES,CLEAR,3,0.59,1
SWIFT_00002838,SG,HK,INR,21465.86,INDIVIDUAL_SAVINGS,TIER_2_ENHANCED,NO,POTENTIAL_SANCTION_MATCH,6,0.13,1
SWIFT_00002839,IN,VG,SGD,119528.41,OFFSHORE_TRUST,TIER_3_SIMPLIFIED,YES,CLEAR,8,0.13,1
SWIFT_00002840,CH,VG,EUR,104966.34,CORPORATE_CURRENT,TIER_2_ENHANCED,NO,CLEAR,2,0.24,0
SWIFT_00002841,IN,AE,EUR,202703.58,ESCROW,TIER_1_STANDARD,NO,CLEAR,9,0.74,0
SWIFT_00002842,PA,CY,EUR,240783.93,CORPORATE_CURRENT,TIER_3_SIMPLIFIED,NO,CLEAR,11,0.62,1
SWIFT_00002843,PA,RU,GBP,213963.31,CORPORATE_CURRENT,TIER_2_ENHANCED,YES,CLEAR,13,0.97,1
SWIFT_00002844,DE,CY,AED,203424.51,OFFSHORE_TRUST,TIER_1_STANDARD,NO,POTENTIAL_SANCTION_MATCH,4,0.50,1
SWIFT_00002845,CH,AE,GBP,60217.31,INDIVIDUAL_SAVINGS,TIER_3_SIMPLIFIED,NO,POTENTIAL_SANCTION_MATCH,13,0.74,1
SWIFT_00002846,GB,RU,GBP,224822.00,OFFSHORE_TRUST,TIER_2_ENHANCED,NO,CLEAR,9,0.39,1
SWIFT_00002847,GB,US,INR,166629.62,INDIVIDUAL_SAVINGS,TIER_2_ENHANCED,NO,CLEAR,12,0.77,1
SWIFT_00002848,SG,CY,EUR,74853.36,ESCROW,TIER_2_ENHANCED,NO,POTENTIAL_SANCTION_MATCH,7,0.99,1
SWIFT_00002849,CH,SG,AED,25115.11,ESCROW,TIER_1_STANDARD,NO,CLEAR,13,0.31,0
SWIFT_00002850,AE,SG,EUR,70749.11,ESCROW,TIER_3_SIMPLIFIED,NO,CLEAR,2,0.85,0
SWIFT_00002851,GB,SG,EUR,145252.69,ESCROW,TIER_3_SIMPLIFIED,NO,CLEAR,1,0.29,1
SWIFT_00002852,IN,IN,GBP,168261.76,ESCROW,TIER_3_SIMPLIFIED,NO,CLEAR,11,0.31,0
SWIFT_00002853,KY,GB,GBP,70778.33,ESCROW,TIER_2_ENHANCED,YES,CLEAR,14,0.14,1
SWIFT_00002854,CH,CY,AED,34550.82,OFFSHORE_TRUST,TIER_1_STANDARD,NO,CLEAR,9,0.77,0
SWIFT_00002855,AE,IN,GBP,75073.21,ESCROW,TIER_2_ENHANCED,YES,CLEAR,2,0.19,1
SWIFT_00002856,AE,IN,INR,177048.83,OFFSHORE_TRUST,TIER_3_SIMPLIFIED,NO,CLEAR,9,0.40,1
SWIFT_00002857,US,AE,EUR,196441.31,CORPORATE_CURRENT,TIER_3_SIMPLIFIED,NO,CLEAR,5,0.34,0
SWIFT_00002858,US,IN,GBP,144043.65,OFFSHORE_TRUST,TIER_2_ENHANCED,YES,CLEAR,3,0.31,1
SWIFT_00002859,DE,SG,USD,78577.67,ESCROW,TIER_1_STANDARD,NO,CLEAR,7,0.88,0
SWIFT_00002860,SG,HK,INR,111939.33,CORPORATE_CURRENT,TIER_2_ENHANCED,NO,POTENTIAL_SANCTION_MATCH,3,0.48,1
SWIFT_00002861,PA,VG,GBP,151008.16,CORPORATE_CURRENT,TIER_3_SIMPLIFIED,NO,POTENTIAL_SANCTION_MATCH,7,0.76,1
SWIFT_00002862,PA,VG,AED,165026.24,OFFSHORE_TRUST,TIER_3_SIMPLIFIED,YES,CLEAR,12,0.50,1
SWIFT_00002863,CH,US,INR,62778.89,ESCROW,TIER_3_SIMPLIFIED,NO,CLEAR,4,0.18,0
SWIFT_00002864,GB,US,GBP,70027.81,OFFSHORE_TRUST,TIER_3_SIMPLIFIED,NO,CLEAR,2,0.55,0
SWIFT_00002865,IN,SG,EUR,158382.19,ESCROW,TIER_2_ENHANCED,NO,CLEAR,5,0.93,0
SWIFT_00002866,DE,US,USD,249116.44,ESCROW,TIER_1_STANDARD,NO,POTENTIAL_SANCTION_MATCH,10,0.74,1
SWIFT_00002867,KY,US,USD,198597.22,OFFSHORE_TRUST,TIER_1_STANDARD,NO,CLEAR,10,0.54,1
SWIFT_00002868,SG,IN,AED,2882.24,OFFSHORE_TRUST,TIER_2_ENHANCED,NO,CLEAR,1,0.59,0
SWIFT_00002869,US,HK,SGD,145447.40,ESCROW,TIER_2_ENHANCED,YES,CLEAR,14,0.95,1
SWIFT_00002870,DE,CY,USD,225439.62,CORPORATE_CURRENT,TIER_3_SIMPLIFIED,NO,CLEAR,3,0.08,1
SWIFT_00002871,PA,CY,GBP,199957.13,ESCROW,TIER_1_STANDARD,NO,CLEAR,15,0.03,1
SWIFT_00002872,IN,US,INR,116191.99,CORPORATE_CURRENT,TIER_1_STANDARD,YES,CLEAR,12,0.74,1
SWIFT_00002873,DE,SG,AED,170900.19,CORPORATE_CURRENT,TIER_1_STANDARD,NO,POTENTIAL_SANCTION_MATCH,1,0.68,1
SWIFT_00002874,CH,AE,EUR,205014.44,OFFSHORE_TRUST,TIER_3_SIMPLIFIED,YES,CLEAR,2,0.45,1
SWIFT_00002875,PA,IN,INR,91077.69,CORPORATE_CURRENT,TIER_3_SIMPLIFIED,NO,CLEAR,14,0.81,1
SWIFT_00002876,KY,GB,SGD,77647.05,INDIVIDUAL_SAVINGS,TIER_2_ENHANCED,NO,CLEAR,3,0.57,1
SWIFT_00002877,GB,SG,GBP,208769.68,INDIVIDUAL_SAVINGS,TIER_3_SIMPLIFIED,YES,POTENTIAL_SANCTION_MATCH,1,0.53,1
SWIFT_00002878,IN,CY,GBP,67692.87,INDIVIDUAL_SAVINGS,TIER_3_SIMPLIFIED,NO,CLEAR,7,0.93,0
SWIFT_00002879,SG,US,EUR,230805.23,CORPORATE_CURRENT,TIER_1_STANDARD,NO,CLEAR,14,0.63,0
SWIFT_00002880,DE,GB,INR,95735.52,OFFSHORE_TRUST,TIER_3_SIMPLIFIED,NO,CLEAR,1,0.04,0
SWIFT_00002881,GB,RU,SGD,153401.08,INDIVIDUAL_SAVINGS,TIER_2_ENHANCED,NO,CLEAR,13,0.59,1
SWIFT_00002882,CH,CY,USD,36266.95,ESCROW,TIER_1_STANDARD,NO,CLEAR,6,0.78,0
SWIFT_00002883,IN,RU,SGD,156897.54,CORPORATE_CURRENT,TIER_3_SIMPLIFIED,NO,CLEAR,11,0.25,0
SWIFT_00002884,IN,GB,USD,182514.99,INDIVIDUAL_SAVINGS,TIER_1_STANDARD,YES,CLEAR,4,0.82,1
SWIFT_00002885,US,SG,INR,81368.43,CORPORATE_CURRENT,TIER_2_ENHANCED,NO,CLEAR,2,0.39,0
SWIFT_00002886,US,CY,AED,53740.25,OFFSHORE_TRUST,TIER_3_SIMPLIFIED,NO,CLEAR,11,0.16,0
SWIFT_00002887,CH,RU,EUR,142612.64,ESCROW,TIER_2_ENHANCED,NO,POTENTIAL_SANCTION_MATCH,13,0.15,1
SWIFT_00002888,PA,US,USD,154315.65,INDIVIDUAL_SAVINGS,TIER_2_ENHANCED,NO,CLEAR,6,0.29,1
SWIFT_00002889,KY,SG,GBP,56019.99,CORPORATE_CURRENT,TIER_1_STANDARD,NO,CLEAR,11,0.87,1
SWIFT_00002890,GB,VG,USD,63499.85,INDIVIDUAL_SAVINGS,TIER_3_SIMPLIFIED,NO,POTENTIAL_SANCTION_MATCH,14,0.17,1
SWIFT_00002891,IN,HK,AED,213912.16,ESCROW,TIER_1_STANDARD,NO,POTENTIAL_SANCTION_MATCH,13,0.59,1
SWIFT_00002892,IN,SG,INR,100686.47,ESCROW,TIER_3_SIMPLIFIED,NO,CLEAR,7,0.90,1
SWIFT_00002893,PA,HK,INR,90410.81,ESCROW,TIER_2_ENHANCED,NO,CLEAR,6,0.36,1
SWIFT_00002894,GB,HK,SGD,49127.30,OFFSHORE_TRUST,TIER_1_STANDARD,NO,POTENTIAL_SANCTION_MATCH,1,0.72,1
SWIFT_00002895,GB,HK,GBP,9286.18,ESCROW,TIER_2_ENHANCED,NO,CLEAR,10,0.21,0
SWIFT_00002896,SG,SG,INR,19575.25,OFFSHORE_TRUST,TIER_3_SIMPLIFIED,NO,POTENTIAL_SANCTION_MATCH,6,0.93,1
SWIFT_00002897,PA,HK,AED,28263.92,CORPORATE_CURRENT,TIER_3_SIMPLIFIED,NO,POTENTIAL_SANCTION_MATCH,3,0.56,1
SWIFT_00002898,AE,GB,GBP,244964.36,ESCROW,TIER_3_SIMPLIFIED,NO,CLEAR,1,0.68,1
SWIFT_00002899,DE,GB,GBP,117455.36,CORPORATE_CURRENT,TIER_3_SIMPLIFIED,NO,CLEAR,10,0.30,1
SWIFT_00002900,DE,GB,USD,187002.82,INDIVIDUAL_SAVINGS,TIER_2_ENHANCED,NO,CLEAR,11,0.31,0
SWIFT_00002901,CH,GB,AED,181626.96,OFFSHORE_TRUST,TIER_3_SIMPLIFIED,YES,CLEAR,9,0.55,1
SWIFT_00002902,US,US,GBP,188254.34,ESCROW,TIER_3_SIMPLIFIED,NO,POTENTIAL_SANCTION_MATCH,9,0.70,1
SWIFT_00002903,PA,CY,INR,178430.26,ESCROW,TIER_3_SIMPLIFIED,NO,CLEAR,3,0.25,1
SWIFT_00002904,AE,CY,AED,32355.08,ESCROW,TIER_1_STANDARD,NO,POTENTIAL_SANCTION_MATCH,13,0.37,1
SWIFT_00002905,GB,GB,SGD,79368.81,OFFSHORE_TRUST,TIER_3_SIMPLIFIED,YES,POTENTIAL_SANCTION_MATCH,14,0.24,1
SWIFT_00002906,CH,VG,USD,20216.84,CORPORATE_CURRENT,TIER_2_ENHANCED,YES,CLEAR,6,0.41,1
SWIFT_00002907,GB,HK,USD,26384.29,ESCROW,TIER_1_STANDARD,NO,POTENTIAL_SANCTION_MATCH,14,0.75,1
SWIFT_00002908,DE,GB,INR,78219.19,CORPORATE_CURRENT,TIER_1_STANDARD,YES,CLEAR,12,0.30,1
SWIFT_00002909,GB,AE,SGD,53269.93,INDIVIDUAL_SAVINGS,TIER_2_ENHANCED,NO,POTENTIAL_SANCTION_MATCH,14,0.27,1
SWIFT_00002910,IN,US,AED,131607.23,ESCROW,TIER_3_SIMPLIFIED,NO,CLEAR,9,0.48,1
SWIFT_00002911,GB,SG,SGD,18863.09,OFFSHORE_TRUST,TIER_3_SIMPLIFIED,NO,CLEAR,15,0.61,0
SWIFT_00002912,PA,US,EUR,90064.92,OFFSHORE_TRUST,TIER_1_STANDARD,NO,CLEAR,8,0.94,1
SWIFT_00002913,AE,RU,SGD,106847.73,INDIVIDUAL_SAVINGS,TIER_2_ENHANCED,NO,CLEAR,3,0.73,1
SWIFT_00002914,PA,US,EUR,5989.06,INDIVIDUAL_SAVINGS,TIER_3_SIMPLIFIED,YES,CLEAR,4,0.39,1
SWIFT_00002915,CH,VG,GBP,164517.88,OFFSHORE_TRUST,TIER_3_SIMPLIFIED,NO,CLEAR,9,0.16,1
SWIFT_00002916,AE,HK,INR,53672.79,OFFSHORE_TRUST,TIER_1_STANDARD,NO,POTENTIAL_SANCTION_MATCH,7,0.43,1
SWIFT_00002917,SG,HK,USD,206122.35,ESCROW,TIER_3_SIMPLIFIED,NO,POTENTIAL_SANCTION_MATCH,14,0.08,1
SWIFT_00002918,GB,US,SGD,7159.06,ESCROW,TIER_3_SIMPLIFIED,NO,CLEAR,15,0.59,0
SWIFT_00002919,IN,HK,AED,161630.96,INDIVIDUAL_SAVINGS,TIER_2_ENHANCED,YES,POTENTIAL_SANCTION_MATCH,11,0.79,1
SWIFT_00002920,AE,RU,EUR,63138.83,INDIVIDUAL_SAVINGS,TIER_1_STANDARD,NO,POTENTIAL_SANCTION_MATCH,6,0.54,1
SWIFT_00002921,US,HK,AED,157076.00,CORPORATE_CURRENT,TIER_3_SIMPLIFIED,NO,POTENTIAL_SANCTION_MATCH,14,0.14,1
SWIFT_00002922,PA,RU,AED,144949.63,ESCROW,TIER_3_SIMPLIFIED,YES,POTENTIAL_SANCTION_MATCH,9,0.89,1
SWIFT_00002923,DE,IN,EUR,56137.67,OFFSHORE_TRUST,TIER_1_STANDARD,NO,POTENTIAL_SANCTION_MATCH,14,0.69,1
SWIFT_00002924,IN,VG,INR,20633.72,INDIVIDUAL_SAVINGS,TIER_3_SIMPLIFIED,NO,CLEAR,5,0.37,0
SWIFT_00002925,KY,IN,USD,231007.51,CORPORATE_CURRENT,TIER_2_ENHANCED,NO,CLEAR,13,0.61,1
SWIFT_00002926,US,CY,GBP,180447.08,ESCROW,TIER_2_ENHANCED,NO,POTENTIAL_SANCTION_MATCH,2,0.40,1
SWIFT_00002927,SG,GB,GBP,205253.60,CORPORATE_CURRENT,TIER_3_SIMPLIFIED,NO,CLEAR,6,0.32,0
SWIFT_00002928,CH,VG,AED,172380.94,OFFSHORE_TRUST,TIER_3_SIMPLIFIED,YES,POTENTIAL_SANCTION_MATCH,10,0.29,1
SWIFT_00002929,GB,HK,GBP,158582.61,CORPORATE_CURRENT,TIER_2_ENHANCED,NO,CLEAR,6,0.73,1
SWIFT_00002930,IN,SG,GBP,125331.16,OFFSHORE_TRUST,TIER_3_SIMPLIFIED,NO,POTENTIAL_SANCTION_MATCH,6,0.41,1
SWIFT_00002931,KY,US,USD,172631.33,INDIVIDUAL_SAVINGS,TIER_1_STANDARD,NO,CLEAR,9,0.99,1
SWIFT_00002932,SG,AE,AED,145248.47,INDIVIDUAL_SAVINGS,TIER_2_ENHANCED,NO,CLEAR,11,0.91,1
SWIFT_00002933,KY,HK,EUR,210348.30,ESCROW,TIER_2_ENHANCED,NO,CLEAR,3,0.69,1
SWIFT_00002934,DE,AE,GBP,147651.58,INDIVIDUAL_SAVINGS,TIER_3_SIMPLIFIED,NO,CLEAR,15,0.41,0
SWIFT_00002935,CH,HK,AED,185793.35,OFFSHORE_TRUST,TIER_3_SIMPLIFIED,NO,CLEAR,2,0.60,1
SWIFT_00002936,GB,AE,USD,210269.93,CORPORATE_CURRENT,TIER_2_ENHANCED,NO,CLEAR,8,0.32,0
SWIFT_00002937,IN,AE,USD,102368.09,INDIVIDUAL_SAVINGS,TIER_1_STANDARD,NO,POTENTIAL_SANCTION_MATCH,7,0.27,1
SWIFT_00002938,GB,IN,SGD,169311.73,OFFSHORE_TRUST,TIER_1_STANDARD,NO,CLEAR,11,0.13,1
SWIFT_00002939,SG,SG,GBP,44452.73,OFFSHORE_TRUST,TIER_1_STANDARD,NO,POTENTIAL_SANCTION_MATCH,7,0.15,1
SWIFT_00002940,KY,US,GBP,115502.11,CORPORATE_CURRENT,TIER_2_ENHANCED,NO,CLEAR,1,0.28,1
SWIFT_00002941,GB,RU,USD,83586.11,INDIVIDUAL_SAVINGS,TIER_2_ENHANCED,NO,CLEAR,10,0.80,0
SWIFT_00002942,US,GB,GBP,194410.46,INDIVIDUAL_SAVINGS,TIER_1_STANDARD,NO,CLEAR,11,0.14,0
SWIFT_00002943,CH,RU,GBP,98356.91,ESCROW,TIER_3_SIMPLIFIED,NO,CLEAR,3,0.24,0
SWIFT_00002944,GB,AE,INR,167558.13,ESCROW,TIER_2_ENHANCED,NO,CLEAR,11,0.31,1
SWIFT_00002945,GB,IN,SGD,11504.69,INDIVIDUAL_SAVINGS,TIER_1_STANDARD,NO,CLEAR,4,0.07,0
SWIFT_00002946,GB,GB,GBP,139608.02,OFFSHORE_TRUST,TIER_3_SIMPLIFIED,YES,CLEAR,3,0.36,1
SWIFT_00002947,DE,VG,EUR,182778.03,INDIVIDUAL_SAVINGS,TIER_1_STANDARD,NO,CLEAR,7,0.99,0
SWIFT_00002948,GB,VG,EUR,229396.59,INDIVIDUAL_SAVINGS,TIER_3_SIMPLIFIED,NO,POTENTIAL_SANCTION_MATCH,9,0.27,1
SWIFT_00002949,KY,GB,EUR,72119.63,OFFSHORE_TRUST,TIER_3_SIMPLIFIED,YES,CLEAR,7,0.56,1
SWIFT_00002950,KY,SG,EUR,1143.38,OFFSHORE_TRUST,TIER_2_ENHANCED,YES,CLEAR,1,0.44,1
SWIFT_00002951,AE,IN,AED,232302.72,CORPORATE_CURRENT,TIER_2_ENHANCED,NO,CLEAR,3,0.44,1
SWIFT_00002952,SG,IN,EUR,246948.09,CORPORATE_CURRENT,TIER_1_STANDARD,NO,POTENTIAL_SANCTION_MATCH,13,0.60,1
SWIFT_00002953,KY,HK,INR,131725.03,ESCROW,TIER_1_STANDARD,NO,CLEAR,6,0.97,1
SWIFT_00002954,PA,VG,INR,167180.08,INDIVIDUAL_SAVINGS,TIER_1_STANDARD,NO,CLEAR,14,0.30,1
SWIFT_00002955,IN,VG,GBP,170123.54,OFFSHORE_TRUST,TIER_3_SIMPLIFIED,NO,CLEAR,8,0.12,1
SWIFT_00002956,IN,US,SGD,64533.61,CORPORATE_CURRENT,TIER_3_SIMPLIFIED,NO,POTENTIAL_SANCTION_MATCH,13,0.78,1
SWIFT_00002957,US,IN,SGD,9222.73,OFFSHORE_TRUST,TIER_1_STANDARD,NO,CLEAR,3,0.87,0
SWIFT_00002958,IN,IN,EUR,81586.12,INDIVIDUAL_SAVINGS,TIER_1_STANDARD,NO,CLEAR,13,0.46,0
SWIFT_00002959,AE,VG,INR,136313.74,ESCROW,TIER_3_SIMPLIFIED,NO,CLEAR,4,0.10,0
SWIFT_00002960,CH,RU,SGD,174009.33,INDIVIDUAL_SAVINGS,TIER_3_SIMPLIFIED,NO,CLEAR,8,0.10,1
SWIFT_00002961,PA,US,EUR,39904.64,CORPORATE_CURRENT,TIER_1_STANDARD,NO,CLEAR,3,0.97,1
SWIFT_00002962,PA,GB,SGD,246146.94,ESCROW,TIER_1_STANDARD,YES,CLEAR,12,0.65,1
SWIFT_00002963,KY,SG,SGD,119991.85,INDIVIDUAL_SAVINGS,TIER_1_STANDARD,NO,CLEAR,7,0.37,1
SWIFT_00002964,AE,SG,USD,103019.31,INDIVIDUAL_SAVINGS,TIER_1_STANDARD,NO,POTENTIAL_SANCTION_MATCH,15,0.17,1
SWIFT_00002965,CH,SG,AED,17398.25,INDIVIDUAL_SAVINGS,TIER_1_STANDARD,NO,CLEAR,6,0.80,0
SWIFT_00002966,SG,CY,AED,30496.50,CORPORATE_CURRENT,TIER_1_STANDARD,YES,CLEAR,8,0.91,1
SWIFT_00002967,PA,SG,GBP,147511.88,ESCROW,TIER_2_ENHANCED,YES,POTENTIAL_SANCTION_MATCH,10,0.06,1
SWIFT_00002968,GB,CY,EUR,130821.52,ESCROW,TIER_3_SIMPLIFIED,NO,CLEAR,2,0.41,1
SWIFT_00002969,IN,SG,INR,21584.33,ESCROW,TIER_1_STANDARD,NO,CLEAR,4,0.19,0
SWIFT_00002970,AE,SG,AED,5205.88,OFFSHORE_TRUST,TIER_3_SIMPLIFIED,YES,CLEAR,2,0.04,1
SWIFT_00002971,SG,HK,EUR,60318.91,ESCROW,TIER_2_ENHANCED,NO,CLEAR,2,0.02,0
SWIFT_00002972,DE,IN,USD,85134.25,OFFSHORE_TRUST,TIER_3_SIMPLIFIED,YES,POTENTIAL_SANCTION_MATCH,15,0.97,1
SWIFT_00002973,PA,IN,SGD,15399.39,INDIVIDUAL_SAVINGS,TIER_3_SIMPLIFIED,NO,POTENTIAL_SANCTION_MATCH,4,0.80,1
SWIFT_00002974,US,VG,INR,23038.53,INDIVIDUAL_SAVINGS,TIER_3_SIMPLIFIED,NO,CLEAR,1,0.94,0
SWIFT_00002975,SG,AE,EUR,146090.71,ESCROW,TIER_1_STANDARD,NO,CLEAR,9,0.49,0
SWIFT_00002976,IN,RU,SGD,101240.33,OFFSHORE_TRUST,TIER_2_ENHANCED,NO,CLEAR,9,0.58,1
SWIFT_00002977,IN,VG,EUR,129875.49,ESCROW,TIER_2_ENHANCED,NO,CLEAR,12,0.09,1
SWIFT_00002978,AE,US,EUR,122000.14,CORPORATE_CURRENT,TIER_1_STANDARD,NO,CLEAR,6,0.12,1
SWIFT_00002979,US,VG,GBP,159181.78,CORPORATE_CURRENT,TIER_3_SIMPLIFIED,NO,POTENTIAL_SANCTION_MATCH,10,0.73,1
SWIFT_00002980,SG,VG,AED,23133.22,ESCROW,TIER_1_STANDARD,NO,CLEAR,7,0.65,0
SWIFT_00002981,IN,GB,USD,18981.44,CORPORATE_CURRENT,TIER_3_SIMPLIFIED,NO,CLEAR,1,0.82,0
SWIFT_00002982,PA,SG,USD,181900.47,ESCROW,TIER_1_STANDARD,NO,CLEAR,11,0.16,1
SWIFT_00002983,IN,HK,AED,171951.71,CORPORATE_CURRENT,TIER_2_ENHANCED,NO,CLEAR,2,0.44,1
SWIFT_00002984,GB,CY,USD,187455.43,CORPORATE_CURRENT,TIER_1_STANDARD,NO,CLEAR,13,0.16,0
SWIFT_00002985,GB,IN,AED,36172.86,OFFSHORE_TRUST,TIER_3_SIMPLIFIED,YES,CLEAR,4,0.44,1
SWIFT_00002986,GB,IN,EUR,194050.81,OFFSHORE_TRUST,TIER_1_STANDARD,YES,CLEAR,13,0.85,1
SWIFT_00002987,PA,AE,SGD,155453.26,OFFSHORE_TRUST,TIER_1_STANDARD,NO,POTENTIAL_SANCTION_MATCH,4,0.77,1
SWIFT_00002988,DE,GB,GBP,145319.66,ESCROW,TIER_3_SIMPLIFIED,YES,CLEAR,10,0.80,1
SWIFT_00002989,CH,RU,EUR,69855.24,INDIVIDUAL_SAVINGS,TIER_3_SIMPLIFIED,NO,CLEAR,1,0.86,0
SWIFT_00002990,KY,VG,GBP,193389.81,OFFSHORE_TRUST,TIER_1_STANDARD,NO,POTENTIAL_SANCTION_MATCH,14,0.97,1
SWIFT_00002991,PA,SG,AED,187599.64,ESCROW,TIER_1_STANDARD,NO,CLEAR,5,0.04,1
SWIFT_00002992,KY,SG,INR,35664.03,CORPORATE_CURRENT,TIER_3_SIMPLIFIED,NO,CLEAR,3,0.56,1
SWIFT_00002993,IN,IN,GBP,144248.30,ESCROW,TIER_3_SIMPLIFIED,YES,POTENTIAL_SANCTION_MATCH,11,0.06,1
SWIFT_00002994,PA,AE,EUR,227397.32,CORPORATE_CURRENT,TIER_1_STANDARD,NO,CLEAR,13,0.14,1
SWIFT_00002995,CH,HK,GBP,138857.82,INDIVIDUAL_SAVINGS,TIER_2_ENHANCED,NO,POTENTIAL_SANCTION_MATCH,12,0.90,1
SWIFT_00002996,DE,CY,GBP,105652.96,INDIVIDUAL_SAVINGS,TIER_3_SIMPLIFIED,YES,POTENTIAL_SANCTION_MATCH,9,0.71,1
SWIFT_00002997,SG,CY,EUR,26382.09,OFFSHORE_TRUST,TIER_2_ENHANCED,NO,POTENTIAL_SANCTION_MATCH,13,0.91,1
SWIFT_00002998,KY,AE,GBP,220523.55,OFFSHORE_TRUST,TIER_3_SIMPLIFIED,NO,POTENTIAL_SANCTION_MATCH,9,0.10,1
SWIFT_00002999,IN,HK,INR,201708.40,OFFSHORE_TRUST,TIER_3_SIMPLIFIED,YES,CLEAR,9,0.01,1
SWIFT_00003000,CH,CY,SGD,166214.92,INDIVIDUAL_SAVINGS,TIER_2_ENHANCED,NO,CLEAR,6,0.67,1
