ApplicantID,EmploymentType,AnnualIncome_USD,CreditScore_FICO,LoanAmount_USD,LoanTerm_Months,DebtToIncome_Ratio,InterestRate_Pct,ExistingLiabilities_Count,HomeOwnership,LoanPurpose,MissedPaymentsLast2Yrs,LoanDefaultRisk
APP_10001,Small_Business_Owner,33263.61,717,20236.27,36,0.39,9.48,3,Mortgage,Home_Improvement,0,0
APP_10002,Salaried_Corporate,116932.74,683,69720.96,24,0.49,12.53,0,Rent,Business_Expansion,0,0
APP_10003,Salaried_Corporate,155394.24,633,100591.72,36,0.49,12.78,3,Rent,Debt_Consolidation,0,0
APP_10004,Small_Business_Owner,79228.04,654,37928.71,36,0.32,12.38,2,Mortgage,Home_Improvement,0,0
APP_10005,Small_Business_Owner,56423.10,817,47192.99,12,0.70,6.30,1,Mortgage,Debt_Consolidation,0,0
APP_10006,Salaried_Corporate,56755.54,655,31374.97,36,0.48,12.79,1,Own_Outright,Medical_Emergency,0,0
APP_10007,Salaried_Corporate,80418.73,802,56983.61,24,0.27,9.25,4,Mortgage,Debt_Consolidation,0,0
APP_10008,Salaried_Corporate,68906.11,663,32804.08,24,0.19,14.48,1,Mortgage,Education_Tuition,0,0
APP_10009,Self_Employed_Professional,80498.04,669,31064.26,36,0.24,11.86,1,Rent,Debt_Consolidation,0,0
APP_10010,Salaried_Corporate,81021.93,695,41893.12,48,0.42,11.44,2,Mortgage,Business_Expansion,0,0
APP_10011,Self_Employed_Professional,47468.32,679,26300.94,36,0.23,12.45,3,Own_Outright,Debt_Consolidation,0,0
APP_10012,Salaried_Corporate,45693.48,629,16727.27,12,0.32,14.48,0,Mortgage,Education_Tuition,1,0
APP_10013,Self_Employed_Professional,58327.31,689,39546.27,36,0.29,11.83,3,Mortgage,Debt_Consolidation,0,0
APP_10014,Small_Business_Owner,81665.45,594,36701.56,24,0.34,15.62,3,Mortgage,Debt_Consolidation,1,1
APP_10015,Government_Public,32802.73,714,20088.39,48,0.51,10.75,1,Mortgage,Education_Tuition,0,0
APP_10016,Salaried_Corporate,59700.91,705,20994.74,60,0.13,10.24,4,Rent,Debt_Consolidation,0,0
APP_10017,Salaried_Corporate,65108.11,737,31837.32,48,0.42,10.48,1,Rent,Medical_Emergency,0,0
APP_10018,Salaried_Corporate,53154.29,658,21087.68,36,0.34,12.54,2,Own_Outright,Auto_Purchase,0,0
APP_10019,Salaried_Corporate,124395.78,738,55135.70,48,0.19,9.83,1,Rent,Home_Improvement,0,0
APP_10020,Salaried_Corporate,115198.77,718,71787.15,36,0.30,9.20,5,Mortgage,Debt_Consolidation,1,0
APP_10021,Salaried_Corporate,79777.90,698,20704.80,48,0.23,10.38,2,Own_Outright,Education_Tuition,0,0
APP_10022,Government_Public,146778.67,819,47234.60,36,0.30,6.35,1,Rent,Medical_Emergency,0,0
APP_10023,Government_Public,98248.70,721,39480.41,36,0.26,10.59,1,Own_Outright,Education_Tuition,0,0
APP_10024,Small_Business_Owner,70287.60,660,23981.81,48,0.14,13.80,2,Employer_Provided,Auto_Purchase,0,0
APP_10025,Salaried_Corporate,53390.11,790,14529.50,48,0.14,8.32,2,Own_Outright,Auto_Purchase,1,0
APP_10026,Small_Business_Owner,55389.07,723,39984.14,36,0.40,9.96,1,Employer_Provided,Medical_Emergency,0,0
APP_10027,Self_Employed_Professional,78529.61,806,20704.89,60,0.19,6.33,3,Mortgage,Debt_Consolidation,0,0
APP_10028,Self_Employed_Professional,55976.84,569,33541.87,36,0.47,16.63,1,Mortgage,Education_Tuition,2,1
APP_10029,Salaried_Corporate,33435.51,670,15577.10,36,0.33,12.26,1,Mortgage,Education_Tuition,0,0
APP_10030,Government_Public,55753.25,671,14742.32,36,0.23,9.41,3,Rent,Auto_Purchase,1,0
APP_10031,Salaried_Corporate,105074.16,567,37569.00,48,0.13,16.53,3,Mortgage,Education_Tuition,2,0
APP_10032,Salaried_Corporate,22000.00,701,4985.45,84,0.13,11.19,1,Mortgage,Debt_Consolidation,0,0
APP_10033,Salaried_Corporate,124414.40,666,27009.66,48,0.11,10.43,2,Employer_Provided,Debt_Consolidation,0,0
APP_10034,Salaried_Corporate,85675.79,560,34376.33,36,0.32,16.45,2,Own_Outright,Debt_Consolidation,4,1
APP_10035,Retired,59546.45,640,40407.87,36,0.52,13.15,1,Mortgage,Medical_Emergency,0,0
APP_10036,Self_Employed_Professional,75315.75,780,32264.01,36,0.38,7.00,0,Mortgage,Home_Improvement,0,0
APP_10037,Government_Public,101976.46,749,55908.10,48,0.29,10.80,1,Rent,Debt_Consolidation,0,0
APP_10038,Retired,67173.19,644,16100.91,84,0.21,13.29,4,Rent,Medical_Emergency,0,0
APP_10039,Self_Employed_Professional,101406.40,642,77775.81,60,0.52,12.62,0,Rent,Debt_Consolidation,0,0
APP_10040,Small_Business_Owner,97039.23,746,36998.50,36,0.17,8.65,0,Mortgage,Home_Improvement,0,0
APP_10041,Government_Public,71597.99,562,20227.85,36,0.24,15.73,1,Own_Outright,Debt_Consolidation,0,0
APP_10042,Salaried_Corporate,40142.04,729,15956.98,36,0.20,9.76,5,Mortgage,Debt_Consolidation,0,0
APP_10043,Salaried_Corporate,63323.36,571,52477.99,36,0.67,16.02,2,Rent,Home_Improvement,2,1
APP_10044,Salaried_Corporate,26407.50,797,15606.80,84,0.40,7.25,2,Rent,Debt_Consolidation,1,0
APP_10045,Self_Employed_Professional,80867.47,733,18980.50,24,0.15,9.41,4,Rent,Home_Improvement,0,0
APP_10046,Small_Business_Owner,54783.03,570,14427.37,48,0.18,15.72,4,Mortgage,Home_Improvement,4,1
APP_10047,Salaried_Corporate,50167.58,665,34309.30,36,0.64,11.83,2,Mortgage,Business_Expansion,0,0
APP_10048,Government_Public,88874.29,711,65923.76,48,0.52,10.44,1,Rent,Debt_Consolidation,1,1
APP_10049,Self_Employed_Professional,37358.32,561,7759.71,60,0.08,17.02,2,Own_Outright,Debt_Consolidation,2,1
APP_10050,Salaried_Corporate,69595.24,687,24751.54,36,0.33,11.00,2,Mortgage,Auto_Purchase,0,0
APP_10051,Small_Business_Owner,56788.44,721,10396.57,36,0.10,10.03,1,Rent,Debt_Consolidation,0,0
APP_10052,Government_Public,61011.28,556,14459.19,12,0.15,15.44,1,Mortgage,Home_Improvement,1,1
APP_10053,Salaried_Corporate,75201.68,738,18534.57,24,0.21,10.40,3,Rent,Auto_Purchase,0,0
APP_10054,Salaried_Corporate,150323.73,682,68552.72,36,0.18,10.18,3,Rent,Debt_Consolidation,0,0
APP_10055,Small_Business_Owner,79167.51,750,12577.07,36,0.08,8.43,1,Mortgage,Business_Expansion,0,0
APP_10056,Salaried_Corporate,121932.41,675,79168.58,36,0.57,12.35,0,Rent,Home_Improvement,0,0
APP_10057,Salaried_Corporate,123990.99,621,53602.12,36,0.18,13.60,2,Mortgage,Auto_Purchase,0,0
APP_10058,Government_Public,93559.79,615,40314.65,24,0.28,14.64,1,Own_Outright,Education_Tuition,2,1
APP_10059,Salaried_Corporate,28860.89,670,23762.84,48,0.38,11.81,1,Employer_Provided,Education_Tuition,0,0
APP_10060,Salaried_Corporate,59406.21,678,22680.10,60,0.21,11.14,1,Rent,Debt_Consolidation,0,0
APP_10061,Government_Public,40506.34,759,7245.69,84,0.15,8.67,1,Mortgage,Home_Improvement,0,0
APP_10062,Self_Employed_Professional,240059.92,672,104042.27,24,0.40,10.86,4,Rent,Home_Improvement,0,0
APP_10063,Salaried_Corporate,42120.90,589,20088.89,36,0.33,14.21,2,Own_Outright,Home_Improvement,1,0
APP_10064,Salaried_Corporate,33733.28,660,16170.74,36,0.27,13.05,5,Rent,Auto_Purchase,0,0
APP_10065,Salaried_Corporate,22000.00,591,10441.48,60,0.19,14.59,1,Mortgage,Home_Improvement,3,1
APP_10066,Salaried_Corporate,41509.64,713,15939.68,36,0.23,10.39,4,Own_Outright,Home_Improvement,0,0
APP_10067,Government_Public,69932.19,728,37227.78,60,0.45,9.98,0,Mortgage,Medical_Emergency,0,0
APP_10068,Salaried_Corporate,107932.55,739,81973.13,60,0.61,8.23,4,Rent,Debt_Consolidation,0,0
APP_10069,Salaried_Corporate,40881.07,670,16385.43,36,0.23,10.71,4,Rent,Medical_Emergency,0,0
APP_10070,Small_Business_Owner,112101.95,645,58798.20,36,0.24,13.16,3,Mortgage,Debt_Consolidation,0,0
APP_10071,Government_Public,64301.55,657,47794.24,36,0.50,12.10,4,Own_Outright,Medical_Emergency,0,0
APP_10072,Small_Business_Owner,53186.69,684,22817.95,36,0.36,11.28,2,Mortgage,Debt_Consolidation,0,0
APP_10073,Salaried_Corporate,71523.22,657,17553.00,84,0.17,12.92,3,Mortgage,Auto_Purchase,0,0
APP_10074,Salaried_Corporate,125230.01,795,56694.89,24,0.31,6.73,3,Mortgage,Debt_Consolidation,0,0
APP_10075,Retired,67710.65,666,34072.72,48,0.39,11.65,2,Rent,Medical_Emergency,0,0
APP_10076,Small_Business_Owner,40186.33,683,30461.64,24,0.32,11.21,2,Mortgage,Medical_Emergency,0,1
APP_10077,Government_Public,80086.59,641,59832.26,48,0.54,13.27,6,Own_Outright,Home_Improvement,0,0
APP_10078,Salaried_Corporate,79512.04,643,54699.90,24,0.27,12.64,4,Rent,Medical_Emergency,0,0
APP_10079,Small_Business_Owner,60741.10,607,25381.87,36,0.19,13.72,4,Mortgage,Education_Tuition,1,1
APP_10080,Retired,104788.05,623,36031.89,48,0.13,15.00,4,Own_Outright,Debt_Consolidation,0,0
APP_10081,Salaried_Corporate,23620.84,812,10842.17,36,0.33,6.90,3,Rent,Medical_Emergency,0,0
APP_10082,Salaried_Corporate,77705.62,725,29039.51,84,0.35,10.51,1,Rent,Home_Improvement,1,0
APP_10083,Salaried_Corporate,94179.42,668,78728.75,48,0.37,10.59,0,Mortgage,Medical_Emergency,1,0
APP_10084,Small_Business_Owner,34476.48,647,7208.63,24,0.13,11.76,3,Mortgage,Education_Tuition,0,0
APP_10085,Salaried_Corporate,33946.22,770,17110.99,36,0.45,8.84,2,Rent,Medical_Emergency,0,0
APP_10086,Salaried_Corporate,103689.67,636,43434.51,36,0.36,12.99,5,Mortgage,Debt_Consolidation,0,0
APP_10087,Self_Employed_Professional,112252.31,579,77531.16,36,0.42,14.92,2,Own_Outright,Home_Improvement,1,1
APP_10088,Small_Business_Owner,122014.64,721,69239.87,24,0.45,9.37,2,Mortgage,Home_Improvement,0,0
APP_10089,Salaried_Corporate,48443.56,630,9307.02,24,0.07,14.18,3,Rent,Debt_Consolidation,1,1
APP_10090,Retired,72437.55,607,45005.87,60,0.50,14.75,2,Mortgage,Medical_Emergency,0,0
APP_10091,Salaried_Corporate,76877.69,619,38042.07,84,0.39,13.74,1,Mortgage,Auto_Purchase,2,1
APP_10092,Self_Employed_Professional,30691.98,717,17842.59,24,0.41,10.47,6,Rent,Auto_Purchase,0,0
APP_10093,Self_Employed_Professional,71023.58,683,15204.62,48,0.09,11.25,1,Mortgage,Debt_Consolidation,1,0
APP_10094,Self_Employed_Professional,70433.13,626,35698.10,24,0.27,12.99,0,Own_Outright,Medical_Emergency,0,0
APP_10095,Self_Employed_Professional,92539.40,721,48106.60,36,0.24,9.72,4,Employer_Provided,Home_Improvement,0,0
APP_10096,Self_Employed_Professional,51164.18,636,12912.35,24,0.10,13.79,1,Own_Outright,Debt_Consolidation,0,0
APP_10097,Small_Business_Owner,116156.86,584,67400.43,36,0.52,14.73,2,Mortgage,Home_Improvement,2,1
APP_10098,Small_Business_Owner,68607.15,605,53942.39,36,0.36,14.34,2,Rent,Medical_Emergency,7,1
APP_10099,Retired,142824.72,691,23962.80,48,0.08,10.86,1,Mortgage,Home_Improvement,0,0
APP_10100,Government_Public,92593.48,639,30279.72,36,0.25,13.83,3,Mortgage,Education_Tuition,0,0
APP_10101,Self_Employed_Professional,74979.04,697,28519.36,60,0.21,10.47,2,Mortgage,Debt_Consolidation,1,0
APP_10102,Small_Business_Owner,38876.56,762,20642.35,24,0.32,9.88,2,Rent,Home_Improvement,0,0
APP_10103,Salaried_Corporate,36534.02,649,24407.08,36,0.26,12.26,5,Mortgage,Debt_Consolidation,1,0
APP_10104,Self_Employed_Professional,135997.25,850,83324.93,24,0.56,5.04,2,Mortgage,Debt_Consolidation,2,0
APP_10105,Salaried_Corporate,98221.29,708,46485.75,24,0.45,12.20,3,Mortgage,Debt_Consolidation,1,0
APP_10106,Salaried_Corporate,58204.20,679,47842.71,36,0.47,10.79,1,Mortgage,Auto_Purchase,0,0
APP_10107,Government_Public,54854.38,603,21354.47,24,0.19,14.34,0,Rent,Home_Improvement,0,0
APP_10108,Small_Business_Owner,73119.32,667,51097.85,48,0.54,12.88,1,Own_Outright,Home_Improvement,2,0
APP_10109,Salaried_Corporate,36122.28,674,26306.96,36,0.59,10.58,4,Own_Outright,Home_Improvement,0,0
APP_10110,Self_Employed_Professional,53612.88,739,11830.40,48,0.10,9.69,0,Mortgage,Debt_Consolidation,0,0
APP_10111,Salaried_Corporate,87172.32,651,15749.30,12,0.12,11.41,3,Rent,Debt_Consolidation,0,0
APP_10112,Small_Business_Owner,92580.87,718,77808.40,24,0.39,10.27,5,Mortgage,Medical_Emergency,1,0
APP_10113,Salaried_Corporate,56070.17,693,22479.99,36,0.20,12.76,2,Mortgage,Auto_Purchase,0,0
APP_10114,Self_Employed_Professional,135959.42,753,84002.35,24,0.40,7.10,3,Mortgage,Auto_Purchase,0,0
APP_10115,Small_Business_Owner,105899.25,758,18053.39,24,0.10,8.74,2,Employer_Provided,Debt_Consolidation,3,0
APP_10116,Self_Employed_Professional,46819.54,712,32056.91,12,0.43,10.09,1,Own_Outright,Home_Improvement,3,1
APP_10117,Salaried_Corporate,37267.76,740,14776.91,60,0.23,8.64,2,Mortgage,Home_Improvement,0,0
APP_10118,Small_Business_Owner,86470.24,763,48156.52,36,0.22,7.40,1,Mortgage,Auto_Purchase,0,0
APP_10119,Small_Business_Owner,54039.37,725,9922.40,12,0.07,10.87,4,Own_Outright,Debt_Consolidation,0,0
APP_10120,Salaried_Corporate,49611.71,708,11188.71,36,0.11,10.76,1,Mortgage,Debt_Consolidation,0,0
APP_10121,Salaried_Corporate,73152.44,717,53121.34,60,0.48,8.79,1,Own_Outright,Business_Expansion,0,0
APP_10122,Self_Employed_Professional,91465.92,795,49200.69,24,0.26,6.72,0,Mortgage,Debt_Consolidation,1,0
APP_10123,Salaried_Corporate,94501.06,697,65573.22,36,0.50,10.55,2,Mortgage,Business_Expansion,0,0
APP_10124,Salaried_Corporate,67834.94,737,17834.09,84,0.21,8.30,1,Rent,Medical_Emergency,0,0
APP_10125,Self_Employed_Professional,23570.25,646,8943.61,60,0.34,12.89,1,Own_Outright,Home_Improvement,0,1
APP_10126,Self_Employed_Professional,101670.17,788,75825.64,36,0.68,7.93,1,Mortgage,Debt_Consolidation,0,0
APP_10127,Government_Public,46039.97,719,25790.24,24,0.32,10.40,4,Mortgage,Education_Tuition,0,0
APP_10128,Retired,76021.41,668,47008.10,24,0.57,13.65,3,Rent,Debt_Consolidation,0,0
APP_10129,Small_Business_Owner,62631.81,685,18445.98,60,0.26,10.67,2,Rent,Home_Improvement,0,0
APP_10130,Salaried_Corporate,181647.84,676,97921.08,48,0.29,11.37,4,Rent,Debt_Consolidation,0,0
APP_10131,Salaried_Corporate,167050.77,690,110890.99,36,0.38,10.82,4,Rent,Debt_Consolidation,0,0
APP_10132,Salaried_Corporate,53811.22,704,14578.80,12,0.12,11.42,2,Mortgage,Auto_Purchase,0,0
APP_10133,Self_Employed_Professional,36131.23,677,12991.52,24,0.31,12.31,0,Mortgage,Debt_Consolidation,0,0
APP_10134,Self_Employed_Professional,37425.60,587,5846.91,48,0.10,14.04,4,Mortgage,Medical_Emergency,2,1
APP_10135,Retired,74772.44,805,61615.62,48,0.39,8.27,4,Mortgage,Auto_Purchase,0,0
APP_10136,Salaried_Corporate,51902.02,707,40331.27,36,0.65,9.91,1,Rent,Home_Improvement,0,0
APP_10137,Salaried_Corporate,40134.59,708,8610.39,36,0.18,11.28,0,Mortgage,Medical_Emergency,0,0
APP_10138,Self_Employed_Professional,52278.85,687,38298.71,48,0.54,11.99,2,Own_Outright,Debt_Consolidation,0,1
APP_10139,Salaried_Corporate,81067.37,749,43145.34,48,0.31,9.44,1,Mortgage,Auto_Purchase,0,0
APP_10140,Salaried_Corporate,63881.25,693,52712.45,36,0.40,10.87,1,Rent,Debt_Consolidation,0,0
APP_10141,Salaried_Corporate,53259.16,670,26983.01,84,0.41,11.71,4,Rent,Medical_Emergency,1,0
APP_10142,Salaried_Corporate,56353.67,674,16609.33,12,0.24,12.20,5,Rent,Education_Tuition,0,0
APP_10143,Salaried_Corporate,61520.85,771,46102.16,36,0.49,8.76,3,Mortgage,Auto_Purchase,0,0
APP_10144,Self_Employed_Professional,73143.79,703,59000.56,24,0.64,11.34,3,Rent,Debt_Consolidation,2,0
APP_10145,Small_Business_Owner,75100.14,688,39162.50,48,0.24,11.88,3,Rent,Home_Improvement,1,0
APP_10146,Government_Public,31515.09,662,13721.39,36,0.29,12.52,4,Own_Outright,Education_Tuition,0,0
APP_10147,Salaried_Corporate,71325.85,669,49398.06,24,0.38,13.13,1,Own_Outright,Education_Tuition,0,1
APP_10148,Salaried_Corporate,56222.68,760,11745.66,36,0.20,8.25,1,Mortgage,Medical_Emergency,0,0
APP_10149,Government_Public,41931.48,630,31024.73,36,0.45,13.43,2,Rent,Debt_Consolidation,0,0
APP_10150,Retired,55953.69,734,42108.95,36,0.36,9.22,3,Rent,Home_Improvement,1,0
APP_10151,Government_Public,111330.81,736,39753.57,12,0.17,11.55,0,Mortgage,Business_Expansion,0,0
APP_10152,Self_Employed_Professional,95213.84,704,15034.64,24,0.15,11.35,0,Mortgage,Debt_Consolidation,1,0
APP_10153,Government_Public,69129.94,678,10844.34,84,0.15,12.49,4,Mortgage,Auto_Purchase,0,0
APP_10154,Small_Business_Owner,44192.30,594,36884.65,24,0.69,15.05,8,Employer_Provided,Home_Improvement,2,1
APP_10155,Salaried_Corporate,35888.32,733,24988.90,36,0.44,9.65,2,Own_Outright,Auto_Purchase,1,0
APP_10156,Salaried_Corporate,43311.91,586,17372.39,36,0.30,17.11,2,Employer_Provided,Debt_Consolidation,2,1
APP_10157,Government_Public,66535.72,701,51404.86,48,0.60,11.82,6,Own_Outright,Debt_Consolidation,1,0
APP_10158,Government_Public,67169.71,693,52028.84,36,0.33,10.88,2,Mortgage,Debt_Consolidation,0,0
APP_10159,Self_Employed_Professional,49359.60,740,38784.47,48,0.34,9.23,1,Own_Outright,Education_Tuition,0,0
APP_10160,Self_Employed_Professional,98224.42,632,49232.82,48,0.29,13.50,3,Mortgage,Medical_Emergency,1,1
APP_10161,Salaried_Corporate,78670.27,629,56981.93,36,0.42,13.00,6,Own_Outright,Medical_Emergency,0,0
APP_10162,Small_Business_Owner,22000.00,725,4000.00,84,0.12,9.71,5,Own_Outright,Business_Expansion,1,0
APP_10163,Salaried_Corporate,69503.15,679,18209.39,48,0.14,10.42,1,Own_Outright,Debt_Consolidation,2,0
APP_10164,Salaried_Corporate,92963.65,559,55101.95,48,0.43,14.03,2,Mortgage,Education_Tuition,3,1
APP_10165,Salaried_Corporate,72482.15,690,16149.79,48,0.18,12.83,1,Own_Outright,Debt_Consolidation,0,0
APP_10166,Self_Employed_Professional,85963.52,808,15502.10,36,0.16,6.60,1,Rent,Debt_Consolidation,2,0
APP_10167,Retired,58772.91,726,13274.62,48,0.14,9.71,3,Mortgage,Home_Improvement,0,0
APP_10168,Government_Public,64256.32,613,30077.98,36,0.25,14.06,7,Rent,Business_Expansion,1,0
APP_10169,Salaried_Corporate,64863.62,721,31901.11,60,0.22,10.69,1,Own_Outright,Medical_Emergency,0,0
APP_10170,Salaried_Corporate,71885.96,754,57379.72,84,0.55,9.57,4,Own_Outright,Debt_Consolidation,0,0
APP_10171,Salaried_Corporate,50990.88,578,22703.87,36,0.17,16.09,2,Mortgage,Business_Expansion,4,0
APP_10172,Salaried_Corporate,108187.17,671,55182.90,36,0.44,12.39,6,Mortgage,Auto_Purchase,0,0
APP_10173,Self_Employed_Professional,125523.91,774,90546.93,36,0.46,8.01,3,Rent,Auto_Purchase,0,1
APP_10174,Self_Employed_Professional,52106.28,591,37532.02,60,0.52,15.81,2,Rent,Home_Improvement,2,1
APP_10175,Salaried_Corporate,39108.04,672,14806.48,48,0.22,11.75,2,Own_Outright,Home_Improvement,0,0
APP_10176,Retired,36121.24,676,23738.90,60,0.23,12.57,2,Mortgage,Debt_Consolidation,0,0
APP_10177,Small_Business_Owner,79398.51,663,61145.18,36,0.63,10.98,1,Rent,Medical_Emergency,0,0
APP_10178,Salaried_Corporate,86208.72,779,62619.90,48,0.46,9.09,3,Rent,Debt_Consolidation,2,0
APP_10179,Small_Business_Owner,79548.88,769,30216.32,24,0.23,7.69,1,Own_Outright,Medical_Emergency,0,0
APP_10180,Salaried_Corporate,82687.25,670,55234.46,36,0.54,10.80,3,Mortgage,Home_Improvement,0,0
APP_10181,Self_Employed_Professional,51237.75,624,34146.87,36,0.37,12.57,2,Mortgage,Medical_Emergency,0,1
APP_10182,Self_Employed_Professional,27022.70,773,8631.53,36,0.24,8.43,3,Rent,Auto_Purchase,0,0
APP_10183,Salaried_Corporate,52903.29,740,32737.58,36,0.49,11.28,5,Mortgage,Home_Improvement,0,0
APP_10184,Self_Employed_Professional,139279.66,689,29463.87,36,0.20,11.12,0,Mortgage,Home_Improvement,0,1
APP_10185,Retired,74545.05,733,25487.23,60,0.28,9.61,1,Rent,Debt_Consolidation,0,0
APP_10186,Small_Business_Owner,80100.89,732,13604.49,36,0.06,10.35,2,Own_Outright,Debt_Consolidation,0,0
APP_10187,Self_Employed_Professional,99422.55,633,24025.36,36,0.17,12.83,0,Mortgage,Debt_Consolidation,0,0
APP_10188,Government_Public,45340.75,651,10179.55,48,0.16,12.52,5,Own_Outright,Debt_Consolidation,0,0
APP_10189,Government_Public,73171.78,690,59469.69,12,0.34,10.96,2,Rent,Home_Improvement,1,0
APP_10190,Government_Public,83324.00,564,22054.18,36,0.21,17.34,1,Rent,Home_Improvement,0,0
APP_10191,Salaried_Corporate,43493.49,668,8732.17,36,0.12,12.09,4,Mortgage,Business_Expansion,0,0
APP_10192,Salaried_Corporate,77943.30,638,52625.83,24,0.49,13.71,1,Rent,Debt_Consolidation,1,1
APP_10193,Small_Business_Owner,118529.18,701,71586.87,60,0.31,10.28,3,Own_Outright,Debt_Consolidation,0,0
APP_10194,Retired,55253.33,617,32890.25,48,0.27,12.95,1,Mortgage,Auto_Purchase,1,0
APP_10195,Self_Employed_Professional,30483.37,718,23605.01,48,0.46,10.77,3,Mortgage,Debt_Consolidation,0,0
APP_10196,Retired,71515.35,704,44090.57,36,0.29,10.94,4,Employer_Provided,Medical_Emergency,0,0
APP_10197,Self_Employed_Professional,49244.54,683,30422.85,36,0.58,12.32,3,Mortgage,Auto_Purchase,0,0
APP_10198,Salaried_Corporate,71789.14,720,33731.38,48,0.37,9.46,5,Mortgage,Medical_Emergency,0,0
APP_10199,Government_Public,45298.66,729,24732.07,48,0.20,9.77,4,Own_Outright,Debt_Consolidation,0,0
APP_10200,Government_Public,68011.86,675,46667.47,36,0.40,10.75,2,Rent,Debt_Consolidation,0,0
APP_10201,Self_Employed_Professional,114949.88,692,46138.57,36,0.36,10.78,0,Mortgage,Business_Expansion,0,0
APP_10202,Small_Business_Owner,65348.51,646,11451.59,24,0.12,11.67,0,Rent,Education_Tuition,0,0
APP_10203,Salaried_Corporate,31504.38,645,14130.51,24,0.29,12.63,2,Rent,Auto_Purchase,1,0
APP_10204,Self_Employed_Professional,78360.65,793,32427.74,12,0.28,8.59,2,Rent,Debt_Consolidation,0,0
APP_10205,Salaried_Corporate,66766.59,677,18510.22,48,0.15,11.02,1,Rent,Home_Improvement,0,0
APP_10206,Self_Employed_Professional,72835.01,689,47061.88,36,0.38,10.58,4,Mortgage,Medical_Emergency,0,1
APP_10207,Self_Employed_Professional,102532.84,685,73120.88,48,0.33,11.29,1,Rent,Debt_Consolidation,1,1
APP_10208,Salaried_Corporate,52246.03,714,13635.82,36,0.20,10.23,3,Own_Outright,Business_Expansion,0,0
APP_10209,Salaried_Corporate,58126.75,655,28298.95,36,0.24,13.12,3,Own_Outright,Business_Expansion,1,0
APP_10210,Salaried_Corporate,41637.60,661,15751.02,36,0.23,11.25,1,Mortgage,Debt_Consolidation,1,0
APP_10211,Self_Employed_Professional,72186.73,751,39527.90,24,0.50,7.05,1,Own_Outright,Debt_Consolidation,1,0
APP_10212,Salaried_Corporate,71339.97,593,15392.41,84,0.13,14.78,3,Mortgage,Home_Improvement,1,1
APP_10213,Self_Employed_Professional,58872.12,702,47326.48,36,0.44,12.17,2,Own_Outright,Home_Improvement,0,0
APP_10214,Self_Employed_Professional,92613.26,637,18018.31,48,0.12,12.99,1,Mortgage,Home_Improvement,1,0
APP_10215,Salaried_Corporate,41501.63,559,30120.54,36,0.36,16.26,5,Own_Outright,Medical_Emergency,1,1
APP_10216,Small_Business_Owner,70061.45,685,20051.84,36,0.23,11.36,1,Mortgage,Home_Improvement,0,0
APP_10217,Small_Business_Owner,86725.22,615,59808.01,36,0.52,14.53,1,Own_Outright,Debt_Consolidation,1,0
APP_10218,Small_Business_Owner,51848.16,603,18015.12,36,0.17,14.13,1,Own_Outright,Debt_Consolidation,2,0
APP_10219,Salaried_Corporate,35664.46,850,25066.61,36,0.42,5.44,4,Mortgage,Home_Improvement,1,0
APP_10220,Self_Employed_Professional,30856.06,725,24406.53,36,0.53,11.30,2,Rent,Home_Improvement,0,0
APP_10221,Self_Employed_Professional,70961.42,727,57121.48,60,0.70,10.83,0,Own_Outright,Education_Tuition,1,1
APP_10222,Small_Business_Owner,141819.72,687,107001.89,36,0.42,10.80,1,Rent,Debt_Consolidation,0,0
APP_10223,Salaried_Corporate,50293.23,612,22518.36,24,0.31,13.51,4,Own_Outright,Auto_Purchase,1,0
APP_10224,Small_Business_Owner,81072.15,679,36491.73,24,0.41,11.16,2,Rent,Debt_Consolidation,0,0
APP_10225,Retired,22216.72,667,18145.34,84,0.41,11.17,2,Rent,Auto_Purchase,0,0
APP_10226,Government_Public,78274.20,565,60575.20,24,0.61,15.29,2,Mortgage,Debt_Consolidation,2,0
APP_10227,Government_Public,40547.04,806,19845.89,48,0.36,6.98,0,Employer_Provided,Home_Improvement,0,0
APP_10228,Salaried_Corporate,55437.13,684,23757.58,24,0.19,10.84,2,Mortgage,Home_Improvement,0,0
APP_10229,Self_Employed_Professional,68561.77,636,14805.68,36,0.20,13.59,2,Rent,Auto_Purchase,0,0
APP_10230,Salaried_Corporate,31339.89,698,12631.08,36,0.33,9.62,3,Own_Outright,Debt_Consolidation,0,0
APP_10231,Self_Employed_Professional,272539.45,600,130743.96,84,0.29,13.53,2,Mortgage,Debt_Consolidation,2,0
APP_10232,Small_Business_Owner,50393.07,629,36860.41,36,0.50,13.96,2,Own_Outright,Home_Improvement,0,0
APP_10233,Small_Business_Owner,86955.61,790,32767.63,36,0.21,9.17,2,Mortgage,Medical_Emergency,0,0
APP_10234,Retired,129534.21,656,46867.43,36,0.18,12.67,2,Rent,Debt_Consolidation,0,0
APP_10235,Retired,75503.70,689,12721.76,12,0.15,10.61,4,Rent,Debt_Consolidation,0,0
APP_10236,Salaried_Corporate,38083.10,697,6768.08,60,0.12,10.10,0,Own_Outright,Auto_Purchase,0,0
APP_10237,Government_Public,69301.15,679,49594.35,36,0.41,11.34,2,Mortgage,Home_Improvement,0,1
APP_10238,Government_Public,28942.36,655,7667.08,60,0.23,13.51,3,Employer_Provided,Debt_Consolidation,0,0
APP_10239,Small_Business_Owner,57014.17,837,47121.13,48,0.51,6.38,1,Rent,Debt_Consolidation,0,0
APP_10240,Salaried_Corporate,140730.49,642,27036.71,24,0.09,11.98,2,Rent,Medical_Emergency,0,0
APP_10241,Salaried_Corporate,35065.05,632,25050.36,84,0.32,13.62,0,Mortgage,Business_Expansion,1,0
APP_10242,Salaried_Corporate,45666.62,722,10529.26,84,0.21,11.24,3,Own_Outright,Auto_Purchase,0,0
APP_10243,Salaried_Corporate,152378.48,606,90577.96,48,0.34,15.20,1,Mortgage,Auto_Purchase,1,1
APP_10244,Salaried_Corporate,61181.10,756,41587.60,36,0.40,9.94,1,Rent,Medical_Emergency,0,0
APP_10245,Salaried_Corporate,44259.91,677,13644.64,48,0.21,12.35,2,Mortgage,Home_Improvement,0,0
APP_10246,Self_Employed_Professional,78837.40,698,42783.06,24,0.38,9.93,2,Mortgage,Business_Expansion,0,0
APP_10247,Self_Employed_Professional,53585.86,709,37323.09,60,0.42,9.92,3,Mortgage,Debt_Consolidation,0,0
APP_10248,Salaried_Corporate,22000.00,668,5929.98,24,0.25,13.42,3,Mortgage,Auto_Purchase,1,0
APP_10249,Government_Public,35874.94,750,18501.74,48,0.28,8.82,3,Own_Outright,Debt_Consolidation,0,0
APP_10250,Salaried_Corporate,166982.83,732,87306.40,48,0.22,8.22,3,Rent,Medical_Emergency,0,0
APP_10251,Salaried_Corporate,76700.71,724,52723.90,84,0.65,10.51,3,Rent,Business_Expansion,1,0
APP_10252,Self_Employed_Professional,127855.92,592,51528.21,60,0.19,15.61,3,Mortgage,Education_Tuition,2,1
APP_10253,Self_Employed_Professional,41641.87,667,25056.31,60,0.55,12.00,1,Mortgage,Education_Tuition,0,0
APP_10254,Salaried_Corporate,64552.51,683,52611.64,48,0.70,11.93,1,Mortgage,Auto_Purchase,0,1
APP_10255,Small_Business_Owner,61328.30,803,39633.28,36,0.53,6.52,5,Rent,Home_Improvement,0,0
APP_10256,Salaried_Corporate,51726.13,598,8408.18,12,0.07,14.17,1,Rent,Home_Improvement,1,0
APP_10257,Salaried_Corporate,72736.99,649,18592.35,84,0.10,11.27,1,Mortgage,Home_Improvement,0,0
APP_10258,Self_Employed_Professional,40068.88,760,17177.39,36,0.19,7.87,2,Mortgage,Debt_Consolidation,1,0
APP_10259,Salaried_Corporate,114035.85,629,49385.05,48,0.26,14.58,1,Rent,Home_Improvement,0,0
APP_10260,Retired,81655.56,647,31145.15,36,0.32,10.14,1,Own_Outright,Debt_Consolidation,0,0
APP_10261,Self_Employed_Professional,61184.76,799,28156.34,36,0.27,7.02,1,Mortgage,Education_Tuition,0,0
APP_10262,Salaried_Corporate,70261.20,714,56937.06,36,0.30,9.96,0,Mortgage,Auto_Purchase,0,0
APP_10263,Small_Business_Owner,57753.58,746,41186.98,84,0.28,9.71,2,Mortgage,Debt_Consolidation,0,0
APP_10264,Small_Business_Owner,30467.31,737,7531.95,24,0.15,7.85,1,Mortgage,Medical_Emergency,0,0
APP_10265,Salaried_Corporate,42369.99,698,19532.13,36,0.17,10.35,4,Own_Outright,Auto_Purchase,0,0
APP_10266,Retired,61020.62,696,38266.77,24,0.50,10.56,2,Rent,Education_Tuition,0,0
APP_10267,Self_Employed_Professional,56457.14,748,14940.71,36,0.13,9.49,3,Mortgage,Debt_Consolidation,0,0
APP_10268,Salaried_Corporate,88558.02,635,16426.23,36,0.12,13.21,6,Own_Outright,Medical_Emergency,0,0
APP_10269,Small_Business_Owner,85149.52,803,69856.44,24,0.68,5.86,1,Mortgage,Debt_Consolidation,1,0
APP_10270,Government_Public,51434.79,655,35966.19,48,0.48,12.23,1,Mortgage,Education_Tuition,0,0
APP_10271,Salaried_Corporate,43017.25,757,33108.35,60,0.68,8.22,2,Mortgage,Education_Tuition,1,0
APP_10272,Salaried_Corporate,92936.48,723,64773.37,60,0.60,10.43,3,Mortgage,Debt_Consolidation,0,0
APP_10273,Self_Employed_Professional,72054.74,654,45056.62,48,0.28,12.34,6,Employer_Provided,Debt_Consolidation,0,1
APP_10274,Small_Business_Owner,50025.28,721,34295.32,24,0.25,11.53,3,Mortgage,Debt_Consolidation,0,0
APP_10275,Salaried_Corporate,39581.36,698,20491.64,36,0.45,10.43,0,Mortgage,Home_Improvement,1,1
APP_10276,Retired,48818.97,575,16109.75,48,0.24,14.92,3,Rent,Debt_Consolidation,0,1
APP_10277,Salaried_Corporate,78934.87,684,17059.17,48,0.20,11.03,2,Mortgage,Auto_Purchase,1,0
APP_10278,Small_Business_Owner,141359.66,609,80328.48,48,0.23,14.00,1,Mortgage,Home_Improvement,0,0
APP_10279,Government_Public,60152.63,723,18260.25,36,0.29,10.73,0,Mortgage,Home_Improvement,0,0
APP_10280,Salaried_Corporate,45485.66,681,33028.87,48,0.68,11.21,2,Mortgage,Auto_Purchase,0,0
APP_10281,Self_Employed_Professional,174685.57,747,91632.70,60,0.27,8.88,4,Mortgage,Auto_Purchase,0,0
APP_10282,Salaried_Corporate,55974.35,645,47396.68,36,0.33,13.14,1,Own_Outright,Debt_Consolidation,0,0
APP_10283,Self_Employed_Professional,46288.59,606,19430.29,24,0.24,13.50,1,Own_Outright,Auto_Purchase,0,1
APP_10284,Self_Employed_Professional,55089.34,620,24435.01,60,0.27,14.26,0,Mortgage,Medical_Emergency,1,0
APP_10285,Small_Business_Owner,53868.37,821,18242.40,48,0.17,6.24,3,Rent,Debt_Consolidation,2,0
APP_10286,Self_Employed_Professional,117212.99,850,41046.77,48,0.13,4.78,2,Mortgage,Debt_Consolidation,0,0
APP_10287,Salaried_Corporate,31157.81,820,15086.67,36,0.42,5.11,1,Own_Outright,Auto_Purchase,0,0
APP_10288,Salaried_Corporate,86468.08,590,16876.51,24,0.09,13.95,4,Mortgage,Debt_Consolidation,2,0
APP_10289,Salaried_Corporate,65845.68,600,48290.40,48,0.64,14.31,3,Mortgage,Debt_Consolidation,3,1
APP_10290,Self_Employed_Professional,51507.75,621,11282.72,12,0.11,13.65,3,Own_Outright,Home_Improvement,0,0
APP_10291,Government_Public,56887.84,740,44633.82,36,0.68,9.22,0,Mortgage,Education_Tuition,2,1
APP_10292,Small_Business_Owner,59112.27,827,25378.89,36,0.22,5.14,1,Mortgage,Auto_Purchase,0,0
APP_10293,Salaried_Corporate,68846.57,749,32488.47,12,0.19,8.96,3,Own_Outright,Auto_Purchase,2,0
APP_10294,Retired,54008.85,702,44552.81,36,0.70,9.57,5,Rent,Debt_Consolidation,0,0
APP_10295,Salaried_Corporate,64248.99,630,42873.95,24,0.34,12.38,2,Own_Outright,Education_Tuition,0,0
APP_10296,Retired,46639.13,671,16099.30,36,0.18,12.79,3,Mortgage,Home_Improvement,0,0
APP_10297,Salaried_Corporate,176639.39,696,64281.71,84,0.22,10.92,0,Mortgage,Business_Expansion,0,0
APP_10298,Salaried_Corporate,104210.79,747,26560.24,36,0.18,9.54,0,Own_Outright,Home_Improvement,0,0
APP_10299,Government_Public,82442.20,658,49231.66,84,0.44,13.51,0,Mortgage,Medical_Emergency,0,0
APP_10300,Self_Employed_Professional,54191.65,716,33198.16,36,0.24,10.24,1,Mortgage,Education_Tuition,0,0
APP_10301,Government_Public,95765.61,708,73978.71,48,0.71,11.34,1,Own_Outright,Business_Expansion,0,0
APP_10302,Small_Business_Owner,75711.03,697,26415.39,12,0.13,11.28,2,Rent,Debt_Consolidation,0,0
APP_10303,Salaried_Corporate,69812.84,664,13761.03,36,0.17,11.58,2,Rent,Debt_Consolidation,0,0
APP_10304,Salaried_Corporate,52059.36,698,15825.69,36,0.24,10.81,2,Mortgage,Medical_Emergency,0,0
APP_10305,Salaried_Corporate,74873.94,684,61709.58,12,0.43,10.83,2,Rent,Debt_Consolidation,0,0
APP_10306,Self_Employed_Professional,141153.37,639,118815.42,84,0.60,13.54,5,Mortgage,Debt_Consolidation,0,0
APP_10307,Salaried_Corporate,68617.50,747,27267.19,36,0.27,9.97,2,Rent,Debt_Consolidation,0,0
APP_10308,Salaried_Corporate,58767.43,792,28968.45,36,0.37,6.46,4,Own_Outright,Home_Improvement,0,0
APP_10309,Salaried_Corporate,69193.04,701,51368.79,36,0.59,10.12,1,Own_Outright,Medical_Emergency,0,0
APP_10310,Self_Employed_Professional,67487.97,687,32692.94,36,0.32,11.04,5,Mortgage,Debt_Consolidation,0,0
APP_10311,Salaried_Corporate,51729.91,739,42484.69,60,0.64,8.81,1,Rent,Home_Improvement,0,0
APP_10312,Salaried_Corporate,47403.70,702,34905.36,48,0.34,10.60,2,Own_Outright,Home_Improvement,0,0
APP_10313,Salaried_Corporate,94557.93,764,63260.43,24,0.51,8.85,3,Own_Outright,Business_Expansion,0,0
APP_10314,Government_Public,113823.50,697,67153.15,36,0.36,11.99,2,Own_Outright,Debt_Consolidation,0,0
APP_10315,Self_Employed_Professional,183436.69,728,54017.77,12,0.27,9.45,1,Mortgage,Education_Tuition,1,0
APP_10316,Salaried_Corporate,81325.73,803,22609.05,48,0.24,6.72,5,Own_Outright,Business_Expansion,0,0
APP_10317,Small_Business_Owner,69739.28,772,52764.82,36,0.27,8.57,3,Mortgage,Home_Improvement,0,0
APP_10318,Self_Employed_Professional,99290.27,680,31634.37,60,0.26,11.53,2,Mortgage,Medical_Emergency,1,0
APP_10319,Self_Employed_Professional,43975.81,760,14093.84,60,0.23,7.46,1,Own_Outright,Debt_Consolidation,0,0
APP_10320,Salaried_Corporate,88358.70,621,65583.57,24,0.58,13.00,3,Mortgage,Home_Improvement,0,0
APP_10321,Salaried_Corporate,105603.39,677,19265.36,24,0.09,11.40,3,Mortgage,Debt_Consolidation,0,0
APP_10322,Government_Public,104914.44,744,68450.99,60,0.54,9.90,4,Mortgage,Medical_Emergency,1,0
APP_10323,Salaried_Corporate,140122.97,789,81428.28,36,0.25,8.55,1,Own_Outright,Business_Expansion,0,0
APP_10324,Self_Employed_Professional,50549.86,641,8924.86,36,0.16,12.12,2,Employer_Provided,Debt_Consolidation,0,0
APP_10325,Salaried_Corporate,53021.12,688,14678.54,36,0.17,10.67,2,Own_Outright,Home_Improvement,1,0
APP_10326,Salaried_Corporate,60064.84,690,21620.17,36,0.15,11.90,2,Rent,Auto_Purchase,1,1
APP_10327,Self_Employed_Professional,40054.61,684,12375.76,36,0.24,11.06,1,Own_Outright,Home_Improvement,0,0
APP_10328,Salaried_Corporate,84312.13,611,22634.00,60,0.16,14.33,2,Mortgage,Home_Improvement,4,0
APP_10329,Salaried_Corporate,89663.37,723,67036.95,36,0.38,9.87,1,Mortgage,Home_Improvement,0,0
APP_10330,Self_Employed_Professional,85195.16,607,67938.11,36,0.60,14.22,0,Mortgage,Medical_Emergency,5,1
APP_10331,Salaried_Corporate,70772.27,764,19289.92,24,0.15,8.22,3,Rent,Debt_Consolidation,1,0
APP_10332,Government_Public,104048.73,778,57727.18,84,0.27,8.95,3,Mortgage,Home_Improvement,0,0
APP_10333,Small_Business_Owner,85719.02,648,38851.37,36,0.32,11.48,2,Mortgage,Home_Improvement,0,0
APP_10334,Government_Public,50456.58,608,20861.24,36,0.23,13.84,3,Own_Outright,Debt_Consolidation,1,0
APP_10335,Government_Public,22000.00,688,17977.66,12,0.31,12.10,3,Rent,Home_Improvement,0,0
APP_10336,Salaried_Corporate,57018.11,656,10380.45,60,0.09,12.26,4,Own_Outright,Home_Improvement,0,0
APP_10337,Government_Public,67344.30,676,56049.68,36,0.52,11.62,3,Mortgage,Medical_Emergency,0,0
APP_10338,Retired,67596.37,696,25169.06,84,0.26,11.76,1,Rent,Home_Improvement,0,0
APP_10339,Self_Employed_Professional,61044.15,630,33492.52,24,0.35,13.73,3,Mortgage,Home_Improvement,0,0
APP_10340,Self_Employed_Professional,51970.50,798,41676.45,36,0.72,8.00,3,Mortgage,Auto_Purchase,1,0
APP_10341,Salaried_Corporate,45203.92,648,27194.67,24,0.33,13.67,1,Rent,Home_Improvement,0,0
APP_10342,Salaried_Corporate,41571.31,751,28557.93,36,0.60,7.86,1,Rent,Home_Improvement,0,0
APP_10343,Salaried_Corporate,80477.32,632,17525.70,84,0.14,12.92,0,Rent,Home_Improvement,0,0
APP_10344,Salaried_Corporate,107983.01,694,59269.15,36,0.42,10.40,5,Own_Outright,Home_Improvement,1,0
APP_10345,Self_Employed_Professional,37682.26,719,13845.90,60,0.25,10.42,1,Rent,Auto_Purchase,0,0
APP_10346,Self_Employed_Professional,64371.05,699,28555.97,48,0.18,11.71,3,Mortgage,Medical_Emergency,2,0
APP_10347,Salaried_Corporate,94365.04,673,29838.72,36,0.19,9.81,4,Rent,Debt_Consolidation,2,0
APP_10348,Salaried_Corporate,60779.11,658,35310.67,36,0.44,11.08,1,Rent,Home_Improvement,0,0
APP_10349,Salaried_Corporate,91327.10,664,47959.00,60,0.27,10.47,1,Mortgage,Debt_Consolidation,0,0
APP_10350,Retired,107501.10,646,25778.03,36,0.13,12.08,2,Mortgage,Auto_Purchase,0,0
APP_10351,Small_Business_Owner,79021.89,712,52198.55,36,0.51,10.43,3,Rent,Business_Expansion,0,0
APP_10352,Salaried_Corporate,52941.63,809,18480.46,60,0.28,8.20,2,Own_Outright,Medical_Emergency,0,0
APP_10353,Small_Business_Owner,119584.28,713,67043.37,36,0.38,9.31,1,Employer_Provided,Home_Improvement,1,0
APP_10354,Government_Public,58667.58,729,44460.99,84,0.60,11.69,2,Rent,Debt_Consolidation,0,0
APP_10355,Small_Business_Owner,58668.34,760,25131.51,48,0.37,9.08,1,Rent,Debt_Consolidation,1,0
APP_10356,Government_Public,83424.69,661,49867.57,36,0.39,12.66,6,Mortgage,Home_Improvement,0,0
APP_10357,Self_Employed_Professional,57776.39,573,43537.64,36,0.58,15.94,4,Rent,Education_Tuition,1,0
APP_10358,Salaried_Corporate,59831.32,690,35038.62,60,0.21,10.04,2,Rent,Home_Improvement,0,0
APP_10359,Government_Public,55927.88,746,46874.08,84,0.31,8.69,2,Mortgage,Business_Expansion,1,0
APP_10360,Government_Public,61004.44,821,12623.35,36,0.15,5.65,3,Mortgage,Home_Improvement,0,0
APP_10361,Salaried_Corporate,72303.98,626,29205.28,24,0.29,13.98,2,Rent,Debt_Consolidation,0,0
APP_10362,Self_Employed_Professional,27235.79,761,17480.29,12,0.34,7.89,3,Mortgage,Medical_Emergency,0,0
APP_10363,Self_Employed_Professional,63318.67,707,31142.06,36,0.35,10.38,1,Mortgage,Debt_Consolidation,2,0
APP_10364,Self_Employed_Professional,29904.62,665,9896.29,36,0.14,11.53,4,Mortgage,Debt_Consolidation,0,0
APP_10365,Self_Employed_Professional,55106.95,622,21176.54,36,0.31,14.75,7,Mortgage,Debt_Consolidation,0,0
APP_10366,Salaried_Corporate,77045.40,652,50615.47,24,0.37,12.04,2,Own_Outright,Home_Improvement,1,0
APP_10367,Self_Employed_Professional,57104.54,727,40001.52,36,0.48,8.95,0,Mortgage,Debt_Consolidation,0,1
APP_10368,Salaried_Corporate,90792.17,769,53958.35,60,0.56,8.71,2,Own_Outright,Business_Expansion,0,0
APP_10369,Salaried_Corporate,77375.86,513,59743.40,36,0.51,17.47,4,Rent,Education_Tuition,3,1
APP_10370,Self_Employed_Professional,25078.51,723,12919.39,48,0.34,11.10,1,Own_Outright,Auto_Purchase,1,1
APP_10371,Salaried_Corporate,113445.20,653,82426.64,12,0.30,12.74,3,Own_Outright,Home_Improvement,0,0
APP_10372,Salaried_Corporate,74039.98,659,16665.85,48,0.09,12.49,2,Mortgage,Debt_Consolidation,1,0
APP_10373,Salaried_Corporate,51218.10,717,43022.26,60,0.72,10.90,2,Own_Outright,Medical_Emergency,0,0
APP_10374,Self_Employed_Professional,53561.74,815,40825.12,36,0.66,7.04,1,Own_Outright,Debt_Consolidation,0,0
APP_10375,Salaried_Corporate,25897.58,643,20081.50,60,0.65,13.48,3,Rent,Home_Improvement,0,0
APP_10376,Salaried_Corporate,72984.93,684,55921.98,24,0.72,11.95,3,Rent,Debt_Consolidation,1,1
APP_10377,Small_Business_Owner,88702.36,588,65603.70,36,0.30,14.56,1,Own_Outright,Home_Improvement,2,0
APP_10378,Self_Employed_Professional,48727.34,719,10213.93,12,0.17,9.16,4,Mortgage,Home_Improvement,1,0
APP_10379,Self_Employed_Professional,44036.28,645,34667.54,36,0.33,12.64,2,Rent,Home_Improvement,0,1
APP_10380,Self_Employed_Professional,70490.80,792,18903.32,36,0.20,5.90,0,Rent,Auto_Purchase,0,0
APP_10381,Salaried_Corporate,113277.87,713,85804.54,48,0.59,9.75,1,Rent,Debt_Consolidation,0,0
APP_10382,Salaried_Corporate,108106.08,672,58480.98,36,0.41,11.49,1,Employer_Provided,Debt_Consolidation,0,0
APP_10383,Salaried_Corporate,96087.66,672,33441.04,60,0.18,12.85,2,Mortgage,Home_Improvement,0,0
APP_10384,Small_Business_Owner,164235.99,714,60830.23,36,0.33,10.18,3,Rent,Medical_Emergency,0,0
APP_10385,Self_Employed_Professional,100303.44,735,33985.01,24,0.23,10.95,0,Mortgage,Debt_Consolidation,0,0
APP_10386,Small_Business_Owner,111357.34,614,73243.59,36,0.59,14.27,4,Mortgage,Education_Tuition,2,1
APP_10387,Government_Public,68815.69,680,45758.54,48,0.41,10.22,2,Own_Outright,Debt_Consolidation,0,0
APP_10388,Salaried_Corporate,56612.86,690,25437.72,60,0.25,12.08,6,Mortgage,Debt_Consolidation,0,0
APP_10389,Government_Public,110260.86,704,49525.81,60,0.40,11.50,1,Mortgage,Medical_Emergency,0,0
APP_10390,Self_Employed_Professional,42554.09,775,12737.52,36,0.25,6.77,1,Mortgage,Debt_Consolidation,0,0
APP_10391,Self_Employed_Professional,80073.84,597,34328.44,84,0.17,15.08,3,Mortgage,Home_Improvement,2,1
APP_10392,Self_Employed_Professional,50333.93,752,30899.13,36,0.38,10.10,3,Mortgage,Debt_Consolidation,0,0
APP_10393,Self_Employed_Professional,77084.97,714,45300.91,84,0.23,8.59,2,Own_Outright,Home_Improvement,0,0
APP_10394,Salaried_Corporate,74649.25,658,17981.46,36,0.21,11.45,0,Mortgage,Debt_Consolidation,0,0
APP_10395,Salaried_Corporate,71206.57,742,47139.67,36,0.42,10.06,1,Own_Outright,Debt_Consolidation,0,0
APP_10396,Salaried_Corporate,65645.67,665,55328.55,36,0.43,11.92,2,Own_Outright,Home_Improvement,0,0
APP_10397,Salaried_Corporate,84089.76,572,60345.93,36,0.28,16.59,4,Mortgage,Auto_Purchase,1,0
APP_10398,Salaried_Corporate,90378.42,467,14058.10,36,0.08,19.93,1,Rent,Auto_Purchase,2,1
APP_10399,Salaried_Corporate,35259.65,611,25580.25,12,0.41,14.68,5,Mortgage,Home_Improvement,2,1
APP_10400,Retired,64833.97,655,11086.32,36,0.16,13.37,2,Rent,Business_Expansion,0,0
APP_10401,Salaried_Corporate,54822.85,701,13376.01,36,0.23,10.13,2,Employer_Provided,Debt_Consolidation,0,0
APP_10402,Retired,72211.75,729,23090.66,48,0.20,9.53,1,Rent,Education_Tuition,0,0
APP_10403,Self_Employed_Professional,54871.22,673,27130.87,84,0.44,13.34,1,Own_Outright,Business_Expansion,0,0
APP_10404,Salaried_Corporate,117452.92,598,87059.92,84,0.61,14.20,2,Rent,Medical_Emergency,6,1
APP_10405,Salaried_Corporate,64169.36,665,46191.03,36,0.58,12.95,3,Mortgage,Debt_Consolidation,0,0
APP_10406,Salaried_Corporate,103150.68,676,42364.31,36,0.21,11.52,2,Rent,Education_Tuition,0,0
APP_10407,Salaried_Corporate,43110.59,803,20769.32,48,0.38,6.51,0,Mortgage,Home_Improvement,0,0
APP_10408,Salaried_Corporate,58318.24,726,15703.12,60,0.25,9.10,1,Own_Outright,Debt_Consolidation,2,0
APP_10409,Government_Public,50180.61,582,40963.77,48,0.70,15.50,1,Own_Outright,Education_Tuition,4,1
APP_10410,Salaried_Corporate,78996.31,670,26954.79,48,0.23,12.94,0,Rent,Home_Improvement,1,0
APP_10411,Self_Employed_Professional,38822.66,735,11393.44,36,0.10,9.95,2,Rent,Home_Improvement,0,0
APP_10412,Self_Employed_Professional,30669.56,691,25800.91,60,0.48,11.35,1,Mortgage,Medical_Emergency,0,0
APP_10413,Self_Employed_Professional,49935.07,584,14889.26,48,0.22,14.06,1,Mortgage,Education_Tuition,0,0
APP_10414,Retired,85177.87,743,23608.27,24,0.12,9.28,4,Rent,Home_Improvement,0,0
APP_10415,Salaried_Corporate,45964.03,714,38518.26,36,0.50,10.46,2,Employer_Provided,Education_Tuition,1,0
APP_10416,Salaried_Corporate,74571.20,680,15182.57,36,0.16,10.83,3,Mortgage,Debt_Consolidation,0,0
APP_10417,Retired,49449.46,638,8565.13,24,0.15,13.39,0,Rent,Medical_Emergency,0,0
APP_10418,Retired,30068.20,756,14105.79,48,0.36,8.26,1,Own_Outright,Home_Improvement,0,0
APP_10419,Small_Business_Owner,97088.31,572,34724.76,48,0.26,15.10,1,Mortgage,Debt_Consolidation,2,1
APP_10420,Small_Business_Owner,88628.98,589,67271.41,84,0.37,15.42,2,Mortgage,Debt_Consolidation,3,1
APP_10421,Salaried_Corporate,64995.76,642,43188.23,84,0.50,14.18,0,Rent,Debt_Consolidation,0,0
APP_10422,Self_Employed_Professional,67460.77,710,35649.63,36,0.45,11.67,2,Mortgage,Debt_Consolidation,0,0
APP_10423,Salaried_Corporate,60271.33,601,9465.08,24,0.10,14.26,1,Rent,Medical_Emergency,1,0
APP_10424,Self_Employed_Professional,41578.60,655,13965.43,24,0.30,12.88,1,Mortgage,Debt_Consolidation,0,0
APP_10425,Government_Public,119098.09,668,92104.63,84,0.43,12.48,1,Own_Outright,Auto_Purchase,1,0
APP_10426,Salaried_Corporate,63242.09,712,20479.31,36,0.24,10.89,1,Mortgage,Education_Tuition,3,0
APP_10427,Self_Employed_Professional,77865.53,672,13189.21,36,0.14,11.93,4,Rent,Medical_Emergency,0,0
APP_10428,Small_Business_Owner,52866.76,672,16479.64,36,0.28,12.86,2,Mortgage,Auto_Purchase,0,0
APP_10429,Salaried_Corporate,80764.55,644,54889.29,12,0.43,12.34,3,Mortgage,Medical_Emergency,0,1
APP_10430,Self_Employed_Professional,110782.29,761,83286.77,48,0.47,7.72,3,Own_Outright,Business_Expansion,0,0
APP_10431,Small_Business_Owner,71323.48,733,24940.65,60,0.32,9.92,3,Own_Outright,Auto_Purchase,0,0
APP_10432,Salaried_Corporate,77827.81,731,24325.83,48,0.20,9.46,3,Own_Outright,Debt_Consolidation,1,0
APP_10433,Salaried_Corporate,98233.38,639,72321.32,36,0.26,14.55,4,Mortgage,Auto_Purchase,0,0
APP_10434,Salaried_Corporate,90971.89,657,26141.68,24,0.18,12.00,4,Mortgage,Medical_Emergency,0,0
APP_10435,Salaried_Corporate,105859.12,721,42800.88,36,0.29,10.90,2,Mortgage,Auto_Purchase,0,0
APP_10436,Self_Employed_Professional,76449.90,652,31835.97,36,0.33,12.93,2,Mortgage,Debt_Consolidation,0,0
APP_10437,Small_Business_Owner,76431.20,630,32651.88,36,0.17,12.22,0,Mortgage,Home_Improvement,0,0
APP_10438,Salaried_Corporate,73696.89,709,14924.57,24,0.14,10.98,1,Mortgage,Education_Tuition,1,0
APP_10439,Self_Employed_Professional,97649.42,605,72325.54,36,0.53,13.71,3,Own_Outright,Business_Expansion,3,1
APP_10440,Salaried_Corporate,54486.74,676,16374.57,36,0.23,13.61,1,Mortgage,Home_Improvement,0,0
APP_10441,Government_Public,84014.77,748,34181.28,36,0.21,8.47,3,Mortgage,Home_Improvement,0,0
APP_10442,Salaried_Corporate,186064.12,699,110916.82,36,0.48,10.12,3,Rent,Debt_Consolidation,0,0
APP_10443,Small_Business_Owner,77771.41,622,55414.74,36,0.59,11.88,3,Rent,Auto_Purchase,0,0
APP_10444,Salaried_Corporate,38610.50,721,21658.66,48,0.24,9.46,3,Own_Outright,Debt_Consolidation,0,0
APP_10445,Small_Business_Owner,58071.48,651,23411.97,24,0.33,13.17,1,Mortgage,Business_Expansion,1,1
APP_10446,Self_Employed_Professional,87496.68,745,13448.60,36,0.11,8.38,2,Own_Outright,Home_Improvement,0,0
APP_10447,Retired,48934.26,723,24298.89,36,0.30,10.41,1,Mortgage,Debt_Consolidation,1,0
APP_10448,Salaried_Corporate,42614.35,667,23163.87,48,0.44,12.22,3,Own_Outright,Debt_Consolidation,0,0
APP_10449,Government_Public,35572.57,641,14287.59,60,0.17,12.16,0,Rent,Home_Improvement,0,0
APP_10450,Salaried_Corporate,60250.81,635,35587.26,48,0.33,13.06,1,Own_Outright,Medical_Emergency,0,0
APP_10451,Salaried_Corporate,136662.44,850,95866.83,48,0.62,4.69,3,Rent,Medical_Emergency,0,0
APP_10452,Small_Business_Owner,52102.28,541,9111.99,60,0.08,17.22,1,Mortgage,Home_Improvement,3,1
APP_10453,Salaried_Corporate,98137.46,576,70463.22,60,0.65,13.82,2,Mortgage,Home_Improvement,1,1
APP_10454,Small_Business_Owner,58362.47,762,32877.70,60,0.41,9.19,3,Mortgage,Debt_Consolidation,0,0
APP_10455,Salaried_Corporate,55588.26,748,21005.74,36,0.13,8.52,2,Mortgage,Debt_Consolidation,0,0
APP_10456,Small_Business_Owner,83502.23,713,53083.27,60,0.28,10.45,2,Mortgage,Debt_Consolidation,0,0
APP_10457,Self_Employed_Professional,33184.38,561,21327.56,36,0.24,16.19,1,Rent,Home_Improvement,1,1
APP_10458,Self_Employed_Professional,140254.73,725,95450.03,84,0.55,10.04,4,Own_Outright,Auto_Purchase,1,0
APP_10459,Small_Business_Owner,84270.97,626,36984.09,24,0.22,15.13,2,Rent,Debt_Consolidation,1,0
APP_10460,Self_Employed_Professional,106206.11,684,58786.95,24,0.38,11.07,1,Rent,Medical_Emergency,0,0
APP_10461,Self_Employed_Professional,58921.12,716,28486.74,24,0.42,9.16,1,Rent,Debt_Consolidation,0,0
APP_10462,Self_Employed_Professional,82733.04,723,33486.57,48,0.36,11.74,1,Rent,Debt_Consolidation,0,0
APP_10463,Self_Employed_Professional,100686.03,648,24212.43,36,0.21,12.99,1,Mortgage,Debt_Consolidation,0,0
APP_10464,Small_Business_Owner,63524.50,774,50395.41,48,0.52,8.29,2,Rent,Home_Improvement,0,0
APP_10465,Salaried_Corporate,44670.05,743,10684.17,36,0.10,11.08,0,Own_Outright,Debt_Consolidation,0,0
APP_10466,Salaried_Corporate,43286.40,628,26148.39,36,0.34,12.37,2,Own_Outright,Education_Tuition,0,0
APP_10467,Small_Business_Owner,54706.20,659,23521.12,60,0.24,12.23,0,Own_Outright,Debt_Consolidation,1,0
APP_10468,Self_Employed_Professional,73287.29,641,53132.80,36,0.69,12.08,6,Rent,Home_Improvement,0,1
APP_10469,Government_Public,61496.02,686,29515.25,36,0.40,11.25,5,Rent,Business_Expansion,0,0
APP_10470,Retired,53091.05,731,14893.37,60,0.15,8.57,1,Mortgage,Debt_Consolidation,1,0
APP_10471,Government_Public,89779.42,570,22936.19,24,0.15,15.57,1,Mortgage,Medical_Emergency,2,0
APP_10472,Self_Employed_Professional,53772.70,561,22803.76,36,0.22,15.84,2,Mortgage,Auto_Purchase,1,1
APP_10473,Small_Business_Owner,50568.24,636,26519.41,24,0.31,13.10,5,Rent,Debt_Consolidation,0,0
APP_10474,Salaried_Corporate,100984.34,778,59640.60,36,0.23,6.22,2,Mortgage,Debt_Consolidation,0,0
APP_10475,Salaried_Corporate,84774.65,705,63088.26,48,0.63,11.27,1,Own_Outright,Auto_Purchase,0,0
APP_10476,Small_Business_Owner,38129.28,793,15710.09,12,0.28,7.31,1,Mortgage,Debt_Consolidation,1,0
APP_10477,Small_Business_Owner,36356.25,680,25334.66,12,0.50,13.66,4,Rent,Debt_Consolidation,0,0
APP_10478,Salaried_Corporate,40195.86,635,12354.81,48,0.14,12.79,3,Rent,Home_Improvement,0,0
APP_10479,Government_Public,65265.48,581,49913.74,48,0.47,14.60,3,Own_Outright,Debt_Consolidation,1,1
APP_10480,Government_Public,112454.11,636,24528.77,36,0.14,13.27,3,Mortgage,Education_Tuition,0,1
APP_10481,Salaried_Corporate,126921.03,650,90451.43,36,0.29,11.65,0,Rent,Education_Tuition,0,0
APP_10482,Salaried_Corporate,92755.38,532,31318.91,36,0.12,17.85,1,Mortgage,Education_Tuition,2,1
APP_10483,Government_Public,156497.87,635,95417.88,12,0.44,12.43,0,Own_Outright,Debt_Consolidation,1,0
APP_10484,Salaried_Corporate,72455.75,635,38455.88,36,0.37,12.51,0,Rent,Business_Expansion,0,0
APP_10485,Salaried_Corporate,108995.57,691,60458.18,36,0.41,11.84,0,Own_Outright,Medical_Emergency,0,0
APP_10486,Self_Employed_Professional,51172.50,687,42795.73,60,0.72,11.52,0,Rent,Medical_Emergency,0,1
APP_10487,Small_Business_Owner,32851.51,711,18690.37,36,0.54,10.64,2,Own_Outright,Auto_Purchase,0,0
APP_10488,Small_Business_Owner,57590.14,585,17312.56,24,0.26,13.93,3,Own_Outright,Auto_Purchase,2,1
APP_10489,Small_Business_Owner,62547.77,616,27356.62,36,0.16,14.68,3,Rent,Home_Improvement,2,0
APP_10490,Government_Public,211756.08,750,46095.64,48,0.12,8.26,2,Rent,Medical_Emergency,1,0
APP_10491,Small_Business_Owner,66158.26,673,25457.86,36,0.31,10.47,3,Rent,Medical_Emergency,0,0
APP_10492,Self_Employed_Professional,41855.81,745,14861.71,48,0.32,9.56,1,Rent,Debt_Consolidation,0,0
APP_10493,Salaried_Corporate,102139.18,681,61342.03,36,0.54,11.39,3,Mortgage,Debt_Consolidation,0,0
APP_10494,Salaried_Corporate,47013.31,702,37126.35,12,0.59,10.62,1,Mortgage,Home_Improvement,1,0
APP_10495,Self_Employed_Professional,70586.42,724,24492.21,60,0.30,10.56,2,Rent,Home_Improvement,0,0
APP_10496,Salaried_Corporate,98201.68,654,72993.92,36,0.33,12.28,3,Rent,Medical_Emergency,0,0
APP_10497,Salaried_Corporate,43510.73,647,33209.55,24,0.45,11.39,0,Rent,Auto_Purchase,0,0
APP_10498,Salaried_Corporate,130987.47,646,77655.46,36,0.24,12.55,3,Mortgage,Medical_Emergency,0,0
APP_10499,Salaried_Corporate,109870.89,685,70228.89,48,0.34,11.65,2,Own_Outright,Debt_Consolidation,0,0
APP_10500,Self_Employed_Professional,77573.09,727,54980.84,36,0.58,10.06,0,Own_Outright,Medical_Emergency,0,0
APP_10501,Salaried_Corporate,145547.34,664,59750.33,36,0.19,12.03,0,Own_Outright,Debt_Consolidation,1,0
APP_10502,Salaried_Corporate,55714.08,765,46829.27,36,0.67,10.48,2,Own_Outright,Auto_Purchase,1,0
APP_10503,Small_Business_Owner,94596.45,804,39470.92,60,0.34,8.48,1,Employer_Provided,Home_Improvement,0,0
APP_10504,Small_Business_Owner,75016.87,633,15708.68,48,0.18,12.33,1,Own_Outright,Education_Tuition,0,0
APP_10505,Self_Employed_Professional,49660.73,767,32924.88,48,0.62,7.38,1,Mortgage,Debt_Consolidation,0,0
APP_10506,Salaried_Corporate,50337.14,689,19354.11,12,0.31,12.34,2,Own_Outright,Medical_Emergency,0,0
APP_10507,Self_Employed_Professional,165046.40,715,27961.37,36,0.13,11.20,4,Mortgage,Home_Improvement,1,0
APP_10508,Small_Business_Owner,106584.30,681,29347.77,48,0.23,12.75,5,Own_Outright,Debt_Consolidation,0,0
APP_10509,Salaried_Corporate,98743.25,769,40340.36,36,0.19,8.05,1,Rent,Home_Improvement,0,0
APP_10510,Salaried_Corporate,49942.58,713,14929.59,36,0.24,10.29,1,Own_Outright,Debt_Consolidation,1,0
APP_10511,Salaried_Corporate,90996.40,667,22337.65,60,0.22,10.65,4,Rent,Debt_Consolidation,0,0
APP_10512,Salaried_Corporate,56071.62,663,14791.65,60,0.16,12.33,0,Rent,Home_Improvement,1,0
APP_10513,Salaried_Corporate,142076.02,612,83618.58,84,0.21,13.53,1,Own_Outright,Home_Improvement,1,1
APP_10514,Salaried_Corporate,114211.54,653,27395.26,36,0.13,11.95,3,Own_Outright,Home_Improvement,1,0
APP_10515,Self_Employed_Professional,100077.18,769,69886.13,24,0.28,9.15,4,Own_Outright,Home_Improvement,0,0
APP_10516,Self_Employed_Professional,95606.56,760,70674.45,12,0.54,8.61,2,Mortgage,Debt_Consolidation,1,0
APP_10517,Self_Employed_Professional,63608.11,648,41754.81,48,0.56,13.41,2,Mortgage,Home_Improvement,0,0
APP_10518,Retired,82390.85,619,26496.24,60,0.13,13.71,2,Rent,Home_Improvement,1,0
APP_10519,Salaried_Corporate,132402.36,752,73284.53,36,0.34,9.46,0,Mortgage,Medical_Emergency,0,0
APP_10520,Small_Business_Owner,81633.61,718,15733.67,36,0.14,9.19,0,Mortgage,Home_Improvement,0,0
APP_10521,Salaried_Corporate,45327.74,562,36710.38,60,0.72,15.05,0,Own_Outright,Debt_Consolidation,1,1
APP_10522,Small_Business_Owner,116392.81,850,18059.43,24,0.07,5.86,1,Employer_Provided,Medical_Emergency,0,0
APP_10523,Small_Business_Owner,48740.10,691,14868.47,12,0.20,12.56,1,Mortgage,Debt_Consolidation,0,0
APP_10524,Self_Employed_Professional,65296.75,801,13587.88,84,0.07,7.63,0,Rent,Debt_Consolidation,1,0
APP_10525,Self_Employed_Professional,53468.44,701,45250.48,36,0.49,10.86,1,Mortgage,Medical_Emergency,0,0
APP_10526,Self_Employed_Professional,22000.00,622,4000.00,48,0.10,14.89,1,Mortgage,Medical_Emergency,0,0
APP_10527,Small_Business_Owner,71601.65,703,10826.54,84,0.07,10.60,0,Mortgage,Debt_Consolidation,0,0
APP_10528,Salaried_Corporate,175913.62,595,38780.02,60,0.10,14.02,1,Mortgage,Debt_Consolidation,2,0
APP_10529,Salaried_Corporate,76419.52,682,58604.27,36,0.44,11.54,2,Mortgage,Home_Improvement,0,0
APP_10530,Government_Public,251069.70,619,108089.16,48,0.17,14.09,2,Mortgage,Home_Improvement,4,1
APP_10531,Self_Employed_Professional,61762.52,677,50108.36,48,0.72,10.70,4,Own_Outright,Medical_Emergency,0,0
APP_10532,Salaried_Corporate,73104.97,706,60066.29,60,0.72,10.77,1,Mortgage,Auto_Purchase,0,0
APP_10533,Retired,63139.15,709,41562.78,24,0.57,9.18,2,Mortgage,Debt_Consolidation,0,0
APP_10534,Retired,67992.30,595,18236.11,48,0.09,14.41,2,Mortgage,Auto_Purchase,0,0
APP_10535,Self_Employed_Professional,78158.95,648,64852.88,60,0.46,12.63,2,Rent,Education_Tuition,0,0
APP_10536,Self_Employed_Professional,130566.08,562,59634.11,36,0.28,15.81,0,Mortgage,Education_Tuition,1,1
APP_10537,Salaried_Corporate,45365.99,730,21556.09,48,0.26,8.24,1,Own_Outright,Debt_Consolidation,0,0
APP_10538,Self_Employed_Professional,66431.19,703,39578.28,36,0.49,10.86,0,Rent,Education_Tuition,1,0
APP_10539,Retired,87298.11,614,56855.22,24,0.49,14.67,3,Mortgage,Debt_Consolidation,1,0
APP_10540,Salaried_Corporate,117716.79,781,96968.50,12,0.39,9.10,4,Mortgage,Debt_Consolidation,0,0
APP_10541,Salaried_Corporate,25059.25,720,20790.24,36,0.33,11.33,2,Own_Outright,Home_Improvement,0,0
APP_10542,Government_Public,35268.04,683,15501.23,12,0.31,11.52,0,Rent,Debt_Consolidation,1,0
APP_10543,Salaried_Corporate,67391.71,659,16813.27,36,0.21,14.34,3,Rent,Debt_Consolidation,0,0
APP_10544,Retired,109500.38,649,86605.46,36,0.58,12.11,2,Mortgage,Debt_Consolidation,0,0
APP_10545,Salaried_Corporate,53300.71,639,12433.68,12,0.12,12.49,1,Mortgage,Medical_Emergency,0,0
APP_10546,Salaried_Corporate,89414.07,766,48003.38,24,0.37,8.53,3,Mortgage,Medical_Emergency,0,0
APP_10547,Retired,161141.97,708,42917.60,48,0.18,11.26,0,Mortgage,Medical_Emergency,1,0
APP_10548,Salaried_Corporate,66480.00,622,26644.16,36,0.33,14.20,2,Employer_Provided,Home_Improvement,0,0
APP_10549,Small_Business_Owner,59714.39,774,31100.09,48,0.32,6.33,2,Mortgage,Debt_Consolidation,2,0
APP_10550,Salaried_Corporate,81824.80,684,52654.13,60,0.50,10.69,1,Mortgage,Medical_Emergency,1,0
APP_10551,Small_Business_Owner,71754.93,630,59746.75,48,0.42,14.01,4,Mortgage,Medical_Emergency,1,1
APP_10552,Salaried_Corporate,74225.44,818,58862.09,48,0.29,5.94,1,Rent,Debt_Consolidation,2,0
APP_10553,Small_Business_Owner,60998.95,619,31372.49,48,0.42,13.69,0,Own_Outright,Business_Expansion,1,1
APP_10554,Retired,58940.79,636,21731.18,36,0.35,13.47,5,Mortgage,Medical_Emergency,1,0
APP_10555,Salaried_Corporate,42108.57,690,22143.49,36,0.49,11.63,2,Mortgage,Medical_Emergency,1,1
APP_10556,Salaried_Corporate,87201.82,711,35462.16,12,0.33,11.18,0,Mortgage,Home_Improvement,0,0
APP_10557,Small_Business_Owner,41444.54,641,19547.00,84,0.35,14.02,3,Mortgage,Medical_Emergency,2,0
APP_10558,Retired,45811.43,546,36193.29,60,0.45,16.92,0,Rent,Medical_Emergency,2,1
APP_10559,Salaried_Corporate,38598.32,692,19684.19,48,0.46,10.19,4,Own_Outright,Auto_Purchase,0,0
APP_10560,Retired,57138.40,622,10236.71,48,0.11,14.15,0,Own_Outright,Debt_Consolidation,0,0
APP_10561,Government_Public,66947.78,667,42099.19,36,0.49,12.93,1,Own_Outright,Debt_Consolidation,1,0
APP_10562,Small_Business_Owner,40341.40,637,13985.69,24,0.24,13.51,1,Own_Outright,Debt_Consolidation,1,0
APP_10563,Salaried_Corporate,58697.65,620,17591.51,36,0.27,14.79,2,Rent,Business_Expansion,0,0
APP_10564,Self_Employed_Professional,71166.56,673,48859.65,36,0.52,12.04,4,Mortgage,Home_Improvement,1,0
APP_10565,Small_Business_Owner,32656.71,649,8682.96,48,0.14,12.61,1,Own_Outright,Debt_Consolidation,0,0
APP_10566,Small_Business_Owner,47016.27,635,27104.60,36,0.52,12.54,2,Own_Outright,Debt_Consolidation,0,0
APP_10567,Salaried_Corporate,149058.23,753,107621.61,36,0.33,10.61,0,Mortgage,Home_Improvement,0,0
APP_10568,Self_Employed_Professional,48103.82,625,17335.94,36,0.17,12.74,2,Mortgage,Education_Tuition,0,0
APP_10569,Government_Public,91016.13,674,43739.23,60,0.27,11.81,0,Rent,Medical_Emergency,0,0
APP_10570,Self_Employed_Professional,52660.65,688,29192.32,48,0.32,11.03,1,Rent,Debt_Consolidation,1,0
APP_10571,Self_Employed_Professional,72406.30,580,43354.98,60,0.51,14.12,1,Mortgage,Education_Tuition,0,0
APP_10572,Salaried_Corporate,46222.10,617,38380.55,36,0.51,14.57,2,Mortgage,Business_Expansion,5,1
APP_10573,Salaried_Corporate,28119.28,687,21713.03,36,0.68,11.75,5,Own_Outright,Auto_Purchase,1,1
APP_10574,Salaried_Corporate,54260.67,685,16078.38,36,0.16,11.62,2,Rent,Medical_Emergency,0,0
APP_10575,Salaried_Corporate,80726.62,639,42950.04,24,0.31,12.57,0,Own_Outright,Medical_Emergency,0,0
APP_10576,Self_Employed_Professional,89789.59,688,23389.24,36,0.21,11.77,4,Rent,Auto_Purchase,0,0
APP_10577,Small_Business_Owner,70570.24,707,13550.02,36,0.10,10.42,3,Rent,Education_Tuition,0,0
APP_10578,Salaried_Corporate,46638.08,728,19013.16,48,0.17,10.26,0,Mortgage,Medical_Emergency,0,0
APP_10579,Salaried_Corporate,100118.80,733,37430.68,36,0.16,10.85,1,Mortgage,Home_Improvement,0,0
APP_10580,Small_Business_Owner,47815.89,769,26266.51,24,0.27,6.45,0,Mortgage,Debt_Consolidation,0,0
APP_10581,Salaried_Corporate,49152.19,697,29436.07,36,0.42,11.79,5,Rent,Home_Improvement,0,0
APP_10582,Retired,42569.60,600,17875.69,36,0.16,16.37,2,Own_Outright,Debt_Consolidation,3,1
APP_10583,Self_Employed_Professional,54700.71,671,41412.33,48,0.57,13.30,4,Rent,Auto_Purchase,0,1
APP_10584,Retired,57929.87,608,42823.16,60,0.60,14.81,7,Rent,Business_Expansion,3,1
APP_10585,Small_Business_Owner,75507.92,745,49443.07,36,0.52,10.25,0,Rent,Debt_Consolidation,0,0
APP_10586,Retired,35997.15,779,14237.62,36,0.29,7.37,5,Mortgage,Home_Improvement,0,0
APP_10587,Self_Employed_Professional,53789.70,690,17187.41,36,0.20,11.44,2,Mortgage,Medical_Emergency,0,0
APP_10588,Salaried_Corporate,46153.88,766,10672.78,48,0.22,8.40,3,Rent,Debt_Consolidation,0,0
APP_10589,Small_Business_Owner,80210.17,761,26094.16,60,0.13,8.32,2,Own_Outright,Home_Improvement,1,0
APP_10590,Salaried_Corporate,75821.88,710,62278.22,36,0.66,11.32,1,Employer_Provided,Auto_Purchase,0,0
APP_10591,Self_Employed_Professional,41636.18,724,18418.33,60,0.26,9.87,3,Mortgage,Debt_Consolidation,0,0
APP_10592,Salaried_Corporate,82578.85,752,36416.77,12,0.37,7.53,5,Own_Outright,Medical_Emergency,0,0
APP_10593,Small_Business_Owner,64630.38,599,30989.52,60,0.35,14.86,2,Own_Outright,Medical_Emergency,3,1
APP_10594,Small_Business_Owner,94554.33,706,57072.85,48,0.26,10.65,0,Mortgage,Medical_Emergency,0,0
APP_10595,Government_Public,49475.83,726,39283.82,24,0.68,10.51,4,Own_Outright,Debt_Consolidation,0,0
APP_10596,Salaried_Corporate,86309.94,597,19842.13,48,0.09,14.25,2,Rent,Debt_Consolidation,3,0
APP_10597,Retired,97659.60,814,70725.03,36,0.61,5.41,1,Own_Outright,Debt_Consolidation,0,0
APP_10598,Small_Business_Owner,68255.60,761,31688.01,84,0.32,7.92,0,Own_Outright,Home_Improvement,0,0
APP_10599,Salaried_Corporate,170080.71,762,58219.34,36,0.15,7.93,2,Rent,Debt_Consolidation,0,0
APP_10600,Salaried_Corporate,82550.44,717,43809.46,36,0.38,9.45,1,Rent,Medical_Emergency,0,0
APP_10601,Salaried_Corporate,146277.68,628,77274.24,36,0.36,13.02,3,Rent,Home_Improvement,0,0
APP_10602,Salaried_Corporate,205835.43,608,50093.44,24,0.13,14.77,0,Own_Outright,Education_Tuition,2,0
APP_10603,Self_Employed_Professional,31169.61,684,6791.86,60,0.18,10.35,2,Own_Outright,Auto_Purchase,1,0
APP_10604,Salaried_Corporate,111106.46,735,65421.05,48,0.25,10.33,0,Own_Outright,Home_Improvement,0,0
APP_10605,Salaried_Corporate,83479.22,725,55494.21,36,0.29,8.97,2,Employer_Provided,Debt_Consolidation,0,0
APP_10606,Self_Employed_Professional,73830.85,801,42849.82,60,0.29,6.95,2,Rent,Debt_Consolidation,1,0
APP_10607,Self_Employed_Professional,49149.07,670,19514.10,60,0.34,11.93,4,Own_Outright,Auto_Purchase,0,0
APP_10608,Government_Public,44307.63,667,23886.19,60,0.24,11.83,2,Mortgage,Home_Improvement,1,0
APP_10609,Salaried_Corporate,41195.66,691,32316.00,24,0.65,11.71,0,Rent,Debt_Consolidation,0,0
APP_10610,Self_Employed_Professional,179958.98,615,143376.60,60,0.65,13.85,3,Mortgage,Medical_Emergency,2,1
APP_10611,Government_Public,82398.47,788,25757.95,36,0.22,7.60,4,Mortgage,Debt_Consolidation,0,0
APP_10612,Salaried_Corporate,35895.60,674,7773.35,36,0.14,9.92,2,Mortgage,Home_Improvement,0,0
APP_10613,Self_Employed_Professional,41205.35,706,25023.17,84,0.34,10.99,3,Own_Outright,Home_Improvement,1,0
APP_10614,Government_Public,26600.81,743,7237.52,36,0.13,10.84,2,Mortgage,Debt_Consolidation,0,0
APP_10615,Self_Employed_Professional,113094.29,641,80381.06,24,0.55,12.61,2,Mortgage,Auto_Purchase,0,0
APP_10616,Government_Public,67533.48,708,23405.68,60,0.22,11.13,4,Rent,Medical_Emergency,0,0
APP_10617,Retired,83210.63,690,21246.53,12,0.13,10.58,4,Own_Outright,Home_Improvement,0,0
APP_10618,Salaried_Corporate,66243.62,753,47779.05,24,0.39,9.77,1,Mortgage,Medical_Emergency,0,0
APP_10619,Small_Business_Owner,101367.85,691,30000.41,36,0.13,11.62,1,Mortgage,Debt_Consolidation,0,0
APP_10620,Self_Employed_Professional,55349.24,504,8644.84,48,0.06,17.63,5,Rent,Home_Improvement,2,1
APP_10621,Retired,75580.21,629,54813.33,36,0.45,13.09,3,Mortgage,Medical_Emergency,0,0
APP_10622,Self_Employed_Professional,74856.07,593,16144.32,36,0.20,15.24,1,Mortgage,Home_Improvement,0,0
APP_10623,Small_Business_Owner,39256.26,815,17422.55,60,0.41,6.79,2,Employer_Provided,Auto_Purchase,0,0
APP_10624,Salaried_Corporate,47792.94,782,20410.82,48,0.18,6.96,3,Own_Outright,Home_Improvement,0,0
APP_10625,Self_Employed_Professional,57739.35,550,14440.18,48,0.17,15.05,1,Own_Outright,Home_Improvement,2,0
APP_10626,Small_Business_Owner,76454.40,624,13350.96,36,0.10,14.08,4,Own_Outright,Home_Improvement,0,0
APP_10627,Retired,123598.11,600,25866.96,60,0.15,13.86,1,Own_Outright,Auto_Purchase,1,0
APP_10628,Salaried_Corporate,69708.80,704,31317.36,36,0.17,10.77,3,Own_Outright,Debt_Consolidation,1,0
APP_10629,Salaried_Corporate,63610.14,628,52157.96,60,0.55,13.94,2,Own_Outright,Education_Tuition,0,1
APP_10630,Retired,76076.06,673,50016.97,36,0.41,10.89,1,Rent,Debt_Consolidation,0,0
APP_10631,Self_Employed_Professional,61655.67,600,40098.05,60,0.45,13.66,1,Mortgage,Debt_Consolidation,0,0
APP_10632,Salaried_Corporate,65498.56,718,40530.41,60,0.27,11.54,3,Own_Outright,Auto_Purchase,0,0
APP_10633,Self_Employed_Professional,130896.06,581,90106.57,24,0.50,14.83,1,Mortgage,Home_Improvement,3,1
APP_10634,Government_Public,59851.45,850,31159.16,24,0.28,6.32,2,Rent,Home_Improvement,0,0
APP_10635,Retired,74449.30,788,62531.60,12,0.55,9.73,1,Rent,Home_Improvement,0,0
APP_10636,Salaried_Corporate,49502.07,850,28484.01,36,0.50,5.69,4,Rent,Debt_Consolidation,0,1
APP_10637,Small_Business_Owner,116702.01,729,69042.07,36,0.24,9.15,1,Own_Outright,Medical_Emergency,0,0
APP_10638,Self_Employed_Professional,43908.87,791,7237.03,24,0.10,7.72,1,Own_Outright,Medical_Emergency,0,0
APP_10639,Salaried_Corporate,64064.88,748,43452.39,24,0.46,9.01,1,Rent,Debt_Consolidation,0,0
APP_10640,Small_Business_Owner,102962.94,625,41093.89,36,0.24,13.63,1,Mortgage,Auto_Purchase,0,0
APP_10641,Salaried_Corporate,44815.38,666,30996.23,24,0.44,12.68,2,Employer_Provided,Debt_Consolidation,0,0
APP_10642,Salaried_Corporate,97787.01,718,72677.90,48,0.58,10.90,2,Mortgage,Auto_Purchase,0,0
APP_10643,Salaried_Corporate,26315.50,765,4357.93,36,0.12,6.95,1,Own_Outright,Medical_Emergency,0,0
APP_10644,Salaried_Corporate,40482.70,690,16975.52,12,0.27,12.20,4,Rent,Education_Tuition,0,0
APP_10645,Salaried_Corporate,63425.14,726,49691.13,24,0.40,10.17,3,Rent,Auto_Purchase,0,0
APP_10646,Retired,195700.02,668,46882.27,36,0.12,11.57,4,Own_Outright,Education_Tuition,0,0
APP_10647,Salaried_Corporate,70647.71,663,47405.61,24,0.54,12.80,1,Mortgage,Business_Expansion,0,0
APP_10648,Small_Business_Owner,71328.13,594,26837.50,24,0.23,13.85,1,Own_Outright,Education_Tuition,2,1
APP_10649,Salaried_Corporate,110910.20,719,56181.63,24,0.28,9.40,3,Own_Outright,Auto_Purchase,0,0
APP_10650,Government_Public,40584.50,658,31758.86,36,0.60,13.24,4,Own_Outright,Debt_Consolidation,0,0
APP_10651,Self_Employed_Professional,22000.00,606,13047.48,36,0.39,14.31,5,Rent,Auto_Purchase,0,1
APP_10652,Retired,144384.23,651,65490.36,36,0.28,13.90,0,Mortgage,Medical_Emergency,0,0
APP_10653,Salaried_Corporate,86863.76,709,55415.78,60,0.28,10.01,4,Own_Outright,Business_Expansion,0,0
APP_10654,Self_Employed_Professional,54156.13,733,16573.08,48,0.27,9.93,2,Mortgage,Auto_Purchase,0,0
APP_10655,Salaried_Corporate,67901.35,678,10769.28,24,0.14,11.98,5,Rent,Debt_Consolidation,1,0
APP_10656,Salaried_Corporate,106240.55,759,61941.09,36,0.50,9.09,3,Mortgage,Debt_Consolidation,2,0
APP_10657,Self_Employed_Professional,62431.82,787,46997.86,48,0.35,8.26,1,Own_Outright,Debt_Consolidation,1,0
APP_10658,Small_Business_Owner,70629.19,671,45181.71,36,0.42,12.29,3,Mortgage,Home_Improvement,0,0
APP_10659,Salaried_Corporate,165363.51,753,84929.10,24,0.47,9.00,1,Mortgage,Medical_Emergency,1,0
APP_10660,Small_Business_Owner,37812.74,647,9465.59,48,0.23,11.23,2,Own_Outright,Debt_Consolidation,0,0
APP_10661,Small_Business_Owner,83511.97,605,17491.52,24,0.08,14.99,4,Own_Outright,Debt_Consolidation,0,0
APP_10662,Self_Employed_Professional,38180.96,629,13207.33,36,0.12,11.53,2,Own_Outright,Debt_Consolidation,0,0
APP_10663,Small_Business_Owner,133712.58,634,110214.01,48,0.54,12.27,3,Employer_Provided,Auto_Purchase,0,1
APP_10664,Self_Employed_Professional,75500.74,662,35737.33,84,0.23,11.68,2,Mortgage,Home_Improvement,0,0
APP_10665,Retired,48578.08,819,34649.61,60,0.34,7.34,1,Mortgage,Debt_Consolidation,2,0
APP_10666,Small_Business_Owner,33682.79,656,5357.19,84,0.10,12.29,2,Own_Outright,Home_Improvement,0,0
APP_10667,Government_Public,56523.55,666,27175.86,36,0.18,13.61,7,Rent,Debt_Consolidation,0,0
APP_10668,Salaried_Corporate,71936.03,700,23221.50,36,0.24,9.78,1,Mortgage,Medical_Emergency,0,0
APP_10669,Small_Business_Owner,111445.84,604,91042.28,24,0.46,13.45,3,Mortgage,Education_Tuition,0,0
APP_10670,Retired,40452.14,699,11693.56,36,0.11,9.12,0,Rent,Debt_Consolidation,0,0
APP_10671,Salaried_Corporate,45657.38,733,8437.53,48,0.16,8.78,6,Own_Outright,Education_Tuition,0,0
APP_10672,Self_Employed_Professional,52909.21,786,13936.80,12,0.17,7.29,2,Rent,Medical_Emergency,0,0
APP_10673,Government_Public,46684.46,775,9063.70,36,0.17,9.36,1,Mortgage,Debt_Consolidation,0,0
APP_10674,Salaried_Corporate,52493.84,714,19463.20,60,0.13,11.22,2,Mortgage,Debt_Consolidation,0,0
APP_10675,Self_Employed_Professional,43246.54,675,36629.77,24,0.59,11.97,1,Own_Outright,Debt_Consolidation,0,0
APP_10676,Small_Business_Owner,79834.65,679,63977.89,36,0.51,11.39,2,Mortgage,Debt_Consolidation,0,0
APP_10677,Government_Public,53245.98,716,29304.78,60,0.50,10.92,6,Own_Outright,Debt_Consolidation,0,0
APP_10678,Salaried_Corporate,66493.75,687,48654.71,36,0.33,12.37,0,Mortgage,Education_Tuition,0,0
APP_10679,Salaried_Corporate,75882.16,684,32624.83,60,0.29,10.94,3,Own_Outright,Debt_Consolidation,0,0
APP_10680,Salaried_Corporate,35570.34,629,27521.16,36,0.35,13.00,2,Rent,Education_Tuition,1,1
APP_10681,Salaried_Corporate,86433.61,734,25678.05,36,0.26,9.32,1,Rent,Home_Improvement,0,0
APP_10682,Salaried_Corporate,72711.45,709,31427.25,24,0.24,9.17,2,Mortgage,Home_Improvement,0,0
APP_10683,Small_Business_Owner,72745.23,641,17053.54,12,0.14,13.97,0,Mortgage,Medical_Emergency,0,0
APP_10684,Government_Public,62318.45,787,50204.91,36,0.61,7.29,5,Rent,Auto_Purchase,0,0
APP_10685,Retired,58611.72,704,22666.61,48,0.20,10.51,0,Own_Outright,Business_Expansion,0,0
APP_10686,Retired,67792.96,597,21842.35,36,0.14,15.75,1,Own_Outright,Debt_Consolidation,1,0
APP_10687,Retired,69083.18,751,21090.02,36,0.19,8.62,1,Rent,Home_Improvement,0,0
APP_10688,Salaried_Corporate,38906.60,646,18743.65,24,0.28,13.84,0,Mortgage,Debt_Consolidation,1,0
APP_10689,Salaried_Corporate,134441.54,663,67603.91,48,0.28,10.81,5,Own_Outright,Debt_Consolidation,0,0
APP_10690,Salaried_Corporate,48383.21,678,30043.11,36,0.22,12.12,4,Rent,Debt_Consolidation,0,0
APP_10691,Small_Business_Owner,68187.62,746,48850.22,12,0.59,8.88,3,Own_Outright,Medical_Emergency,0,0
APP_10692,Retired,111785.99,686,71753.02,84,0.51,10.12,2,Rent,Debt_Consolidation,0,0
APP_10693,Salaried_Corporate,56738.03,730,28074.06,60,0.38,8.90,2,Rent,Education_Tuition,0,0
APP_10694,Self_Employed_Professional,73617.55,588,38647.72,24,0.31,15.02,7,Mortgage,Auto_Purchase,1,1
APP_10695,Self_Employed_Professional,24684.83,618,20556.56,36,0.54,13.06,2,Rent,Home_Improvement,0,1
APP_10696,Salaried_Corporate,27124.37,692,12557.49,36,0.35,11.48,4,Mortgage,Home_Improvement,0,0
APP_10697,Government_Public,65413.71,643,24533.10,36,0.35,12.33,2,Rent,Medical_Emergency,1,0
APP_10698,Salaried_Corporate,72060.42,677,43376.59,60,0.31,10.41,2,Mortgage,Debt_Consolidation,0,0
APP_10699,Salaried_Corporate,108853.35,738,67592.55,36,0.50,10.30,4,Mortgage,Home_Improvement,0,0
APP_10700,Retired,94894.49,638,76501.68,24,0.58,13.35,2,Rent,Debt_Consolidation,0,0
APP_10701,Salaried_Corporate,32324.42,642,12817.73,36,0.29,11.52,4,Rent,Debt_Consolidation,0,0
APP_10702,Salaried_Corporate,117092.53,697,59339.83,24,0.21,11.51,2,Rent,Home_Improvement,0,0
APP_10703,Small_Business_Owner,38725.19,552,22732.60,36,0.47,16.30,3,Rent,Debt_Consolidation,1,1
APP_10704,Self_Employed_Professional,97562.76,755,63039.25,36,0.39,8.56,2,Employer_Provided,Home_Improvement,0,0
APP_10705,Self_Employed_Professional,53999.47,698,9613.97,60,0.10,10.64,1,Own_Outright,Auto_Purchase,0,0
APP_10706,Self_Employed_Professional,224607.36,696,150000.00,36,0.41,12.10,1,Rent,Medical_Emergency,1,0
APP_10707,Salaried_Corporate,50733.56,655,13917.51,48,0.24,12.76,2,Mortgage,Debt_Consolidation,0,0
APP_10708,Salaried_Corporate,64003.07,735,19690.15,12,0.23,10.74,2,Mortgage,Debt_Consolidation,0,0
APP_10709,Government_Public,71056.91,680,45196.33,60,0.23,11.98,2,Mortgage,Debt_Consolidation,0,0
APP_10710,Salaried_Corporate,59329.88,770,17158.25,36,0.14,8.56,4,Rent,Home_Improvement,0,0
APP_10711,Retired,42246.40,579,10286.41,36,0.19,14.62,2,Mortgage,Home_Improvement,3,0
APP_10712,Salaried_Corporate,178411.15,694,145323.11,24,0.71,11.23,0,Mortgage,Auto_Purchase,0,0
APP_10713,Government_Public,50271.87,693,30170.53,48,0.40,11.95,0,Mortgage,Debt_Consolidation,0,0
APP_10714,Retired,49467.83,710,40224.92,12,0.57,10.59,1,Mortgage,Education_Tuition,0,0
APP_10715,Salaried_Corporate,62992.46,781,12231.34,36,0.10,9.53,0,Own_Outright,Debt_Consolidation,0,0
APP_10716,Self_Employed_Professional,72183.16,601,12618.75,36,0.08,15.25,3,Mortgage,Home_Improvement,2,1
APP_10717,Small_Business_Owner,48621.08,599,16802.01,48,0.21,13.55,2,Rent,Education_Tuition,0,0
APP_10718,Self_Employed_Professional,101627.57,667,17976.72,84,0.12,11.68,3,Rent,Education_Tuition,0,0
APP_10719,Government_Public,70878.84,567,32390.16,36,0.32,16.20,0,Own_Outright,Home_Improvement,1,0
APP_10720,Salaried_Corporate,66772.27,840,54958.39,36,0.38,4.64,6,Mortgage,Debt_Consolidation,1,0
APP_10721,Retired,85062.72,751,34009.63,36,0.16,8.96,0,Rent,Medical_Emergency,0,0
APP_10722,Self_Employed_Professional,45167.38,724,29926.64,36,0.36,9.28,3,Own_Outright,Auto_Purchase,0,0
APP_10723,Salaried_Corporate,50855.03,741,30640.37,24,0.50,9.45,1,Mortgage,Debt_Consolidation,1,0
APP_10724,Self_Employed_Professional,65517.87,773,11306.34,24,0.09,7.52,1,Mortgage,Debt_Consolidation,1,0
APP_10725,Salaried_Corporate,100555.45,650,31418.29,48,0.24,13.52,3,Mortgage,Home_Improvement,1,0
APP_10726,Self_Employed_Professional,59293.43,667,35044.60,36,0.30,11.66,1,Own_Outright,Auto_Purchase,0,0
APP_10727,Salaried_Corporate,57371.62,712,12301.95,12,0.10,10.99,2,Mortgage,Home_Improvement,0,0
APP_10728,Government_Public,25622.25,657,12046.20,36,0.22,11.23,3,Rent,Debt_Consolidation,1,0
APP_10729,Salaried_Corporate,48432.07,630,30236.94,48,0.38,13.15,3,Own_Outright,Education_Tuition,0,0
APP_10730,Self_Employed_Professional,31484.62,656,12211.86,84,0.20,11.44,0,Mortgage,Education_Tuition,0,0
APP_10731,Government_Public,35218.96,715,12977.96,60,0.21,11.30,3,Mortgage,Medical_Emergency,0,0
APP_10732,Government_Public,78010.36,749,51196.09,48,0.46,8.51,3,Rent,Debt_Consolidation,0,0
APP_10733,Small_Business_Owner,294632.77,607,130578.01,60,0.38,14.15,1,Mortgage,Debt_Consolidation,0,0
APP_10734,Salaried_Corporate,72215.14,678,37724.16,48,0.42,11.96,3,Mortgage,Medical_Emergency,0,0
APP_10735,Government_Public,76859.91,686,22276.45,36,0.18,10.79,1,Rent,Auto_Purchase,0,0
APP_10736,Salaried_Corporate,46993.88,600,33023.03,36,0.37,13.51,0,Mortgage,Home_Improvement,1,1
APP_10737,Salaried_Corporate,41283.57,719,23524.04,60,0.42,10.35,2,Mortgage,Debt_Consolidation,0,0
APP_10738,Government_Public,166919.01,683,138717.10,12,0.51,9.95,2,Own_Outright,Education_Tuition,0,1
APP_10739,Salaried_Corporate,46054.62,629,31280.84,36,0.55,14.51,4,Own_Outright,Home_Improvement,0,0
APP_10740,Salaried_Corporate,26904.63,659,15323.90,48,0.49,12.25,1,Mortgage,Education_Tuition,0,0
APP_10741,Self_Employed_Professional,73902.44,725,42870.39,12,0.30,8.81,0,Rent,Home_Improvement,0,0
APP_10742,Self_Employed_Professional,54535.43,754,20891.98,60,0.22,8.73,2,Own_Outright,Medical_Emergency,0,0
APP_10743,Salaried_Corporate,86520.29,712,39955.45,60,0.17,10.92,2,Mortgage,Debt_Consolidation,0,0
APP_10744,Small_Business_Owner,133977.88,814,83240.04,36,0.38,6.14,1,Rent,Debt_Consolidation,0,0
APP_10745,Government_Public,78123.67,763,39883.90,60,0.31,7.07,5,Own_Outright,Business_Expansion,0,0
APP_10746,Retired,73285.08,726,59946.36,24,0.72,9.85,1,Employer_Provided,Auto_Purchase,0,0
APP_10747,Salaried_Corporate,89038.79,644,47847.67,60,0.32,13.50,4,Mortgage,Home_Improvement,0,1
APP_10748,Small_Business_Owner,223488.80,764,35511.94,12,0.10,8.77,3,Mortgage,Home_Improvement,0,0
APP_10749,Government_Public,184485.64,640,43976.69,12,0.13,13.36,4,Own_Outright,Debt_Consolidation,1,0
APP_10750,Salaried_Corporate,57401.02,739,10464.37,36,0.07,10.25,2,Rent,Auto_Purchase,0,0
APP_10751,Self_Employed_Professional,101459.08,531,79360.21,48,0.56,18.22,1,Rent,Debt_Consolidation,2,0
APP_10752,Salaried_Corporate,147818.28,658,54783.18,48,0.18,10.24,2,Own_Outright,Home_Improvement,0,0
APP_10753,Salaried_Corporate,90404.03,599,66473.89,36,0.49,13.45,1,Rent,Home_Improvement,0,1
APP_10754,Salaried_Corporate,64225.22,671,29665.88,48,0.38,12.06,1,Mortgage,Medical_Emergency,0,0
APP_10755,Small_Business_Owner,52890.31,590,42012.79,36,0.63,15.05,1,Rent,Home_Improvement,1,1
APP_10756,Self_Employed_Professional,69174.01,692,33725.78,60,0.20,9.93,0,Own_Outright,Business_Expansion,0,0
APP_10757,Salaried_Corporate,39619.63,720,29797.46,24,0.45,9.54,2,Mortgage,Auto_Purchase,0,0
APP_10758,Self_Employed_Professional,99002.50,648,61400.51,84,0.52,14.13,4,Mortgage,Business_Expansion,0,0
APP_10759,Salaried_Corporate,123737.25,669,41618.66,60,0.12,11.71,0,Mortgage,Home_Improvement,0,1
APP_10760,Salaried_Corporate,55346.81,704,30639.20,60,0.24,10.91,1,Mortgage,Debt_Consolidation,0,0
APP_10761,Government_Public,54028.03,687,18240.75,36,0.20,12.78,2,Mortgage,Business_Expansion,0,0
APP_10762,Salaried_Corporate,41140.21,778,11927.64,60,0.19,8.16,2,Mortgage,Debt_Consolidation,0,0
APP_10763,Small_Business_Owner,81643.96,645,30489.38,24,0.25,13.49,0,Own_Outright,Education_Tuition,0,0
APP_10764,Salaried_Corporate,65848.14,725,23552.60,12,0.32,10.44,0,Own_Outright,Debt_Consolidation,0,0
APP_10765,Salaried_Corporate,34560.75,707,17197.19,36,0.40,10.36,2,Mortgage,Auto_Purchase,0,0
APP_10766,Government_Public,245661.93,587,146400.82,60,0.55,14.63,2,Own_Outright,Auto_Purchase,2,0
APP_10767,Salaried_Corporate,29725.64,696,24589.00,84,0.72,11.97,3,Mortgage,Medical_Emergency,0,1
APP_10768,Salaried_Corporate,34616.79,684,16561.34,36,0.18,11.45,2,Own_Outright,Auto_Purchase,0,0
APP_10769,Small_Business_Owner,100990.79,658,68944.24,48,0.28,11.59,2,Rent,Debt_Consolidation,0,0
APP_10770,Self_Employed_Professional,88938.00,805,43911.28,36,0.41,7.98,2,Rent,Home_Improvement,1,0
APP_10771,Government_Public,47981.15,774,21767.32,24,0.41,5.94,0,Own_Outright,Debt_Consolidation,0,0
APP_10772,Retired,46610.18,640,20444.59,48,0.33,14.30,3,Own_Outright,Business_Expansion,0,0
APP_10773,Salaried_Corporate,81311.99,731,62040.00,24,0.27,9.62,2,Mortgage,Home_Improvement,0,0
APP_10774,Salaried_Corporate,78445.19,738,19795.01,48,0.10,9.53,0,Own_Outright,Debt_Consolidation,0,0
APP_10775,Self_Employed_Professional,48206.23,699,17023.19,36,0.33,10.99,2,Mortgage,Debt_Consolidation,1,0
APP_10776,Salaried_Corporate,103490.89,619,67747.48,36,0.26,14.86,4,Own_Outright,Education_Tuition,5,1
APP_10777,Self_Employed_Professional,85591.11,628,30560.20,48,0.32,13.61,2,Rent,Education_Tuition,0,0
APP_10778,Salaried_Corporate,120742.65,724,18298.49,36,0.09,10.00,0,Rent,Education_Tuition,0,0
APP_10779,Government_Public,64704.08,723,19521.48,60,0.27,9.30,2,Own_Outright,Debt_Consolidation,0,0
APP_10780,Government_Public,95281.04,671,16252.17,48,0.08,11.35,3,Rent,Medical_Emergency,0,0
APP_10781,Salaried_Corporate,59711.34,776,21177.33,36,0.33,8.67,1,Rent,Home_Improvement,0,0
APP_10782,Salaried_Corporate,84413.81,787,31967.77,48,0.25,7.94,0,Own_Outright,Auto_Purchase,0,0
APP_10783,Retired,77731.79,786,63527.11,12,0.66,9.15,4,Rent,Auto_Purchase,0,0
APP_10784,Salaried_Corporate,96920.24,787,69355.69,48,0.34,7.11,2,Own_Outright,Debt_Consolidation,0,0
APP_10785,Salaried_Corporate,83597.90,689,19697.07,36,0.10,10.36,3,Rent,Home_Improvement,0,0
APP_10786,Salaried_Corporate,28283.08,603,6674.55,36,0.12,14.61,5,Mortgage,Debt_Consolidation,2,0
APP_10787,Salaried_Corporate,49914.21,669,42322.04,36,0.68,11.93,2,Own_Outright,Home_Improvement,0,1
APP_10788,Salaried_Corporate,68694.73,683,42595.75,60,0.22,10.54,3,Mortgage,Debt_Consolidation,0,0
APP_10789,Salaried_Corporate,81623.08,649,47982.07,36,0.45,12.30,2,Mortgage,Debt_Consolidation,0,0
APP_10790,Salaried_Corporate,95912.12,665,53897.17,84,0.23,12.70,1,Own_Outright,Debt_Consolidation,0,0
APP_10791,Small_Business_Owner,84703.25,615,21582.11,36,0.19,12.88,3,Rent,Debt_Consolidation,0,0
APP_10792,Salaried_Corporate,48189.13,736,16146.39,36,0.18,8.68,2,Rent,Medical_Emergency,1,0
APP_10793,Small_Business_Owner,100022.72,796,45276.56,48,0.40,6.86,0,Mortgage,Medical_Emergency,0,0
APP_10794,Self_Employed_Professional,45978.54,845,21262.71,48,0.25,5.11,3,Mortgage,Education_Tuition,0,0
APP_10795,Self_Employed_Professional,116828.82,706,96914.08,36,0.72,11.30,1,Mortgage,Home_Improvement,0,1
APP_10796,Retired,120389.41,679,21746.70,24,0.12,11.19,5,Mortgage,Medical_Emergency,0,0
APP_10797,Salaried_Corporate,65871.05,688,10558.56,60,0.08,12.62,1,Mortgage,Business_Expansion,1,0
APP_10798,Salaried_Corporate,49433.67,778,39073.47,60,0.68,7.25,2,Mortgage,Home_Improvement,0,0
APP_10799,Self_Employed_Professional,48376.95,777,36974.02,48,0.41,8.41,4,Mortgage,Auto_Purchase,0,0
APP_10800,Salaried_Corporate,40445.15,674,14265.49,48,0.25,11.79,4,Mortgage,Business_Expansion,1,0
APP_10801,Salaried_Corporate,43687.62,768,16379.69,36,0.25,8.45,2,Mortgage,Auto_Purchase,0,0
APP_10802,Government_Public,61010.12,701,34435.58,36,0.46,8.88,3,Rent,Debt_Consolidation,1,0
APP_10803,Government_Public,51444.54,642,14992.54,48,0.15,12.09,2,Employer_Provided,Debt_Consolidation,0,0
APP_10804,Self_Employed_Professional,32065.69,680,24460.67,24,0.32,11.47,2,Rent,Debt_Consolidation,0,0
APP_10805,Self_Employed_Professional,53230.84,801,18028.77,36,0.30,5.68,5,Mortgage,Medical_Emergency,1,0
APP_10806,Self_Employed_Professional,68995.77,737,13243.35,24,0.10,7.22,2,Mortgage,Medical_Emergency,0,0
APP_10807,Salaried_Corporate,56806.13,657,29705.10,60,0.38,11.44,2,Own_Outright,Debt_Consolidation,1,0
APP_10808,Salaried_Corporate,44235.70,751,29346.31,24,0.58,9.32,2,Rent,Home_Improvement,0,0
APP_10809,Self_Employed_Professional,22560.70,736,18485.51,48,0.33,9.97,4,Own_Outright,Home_Improvement,0,0
APP_10810,Salaried_Corporate,110796.15,670,65083.23,24,0.31,10.98,1,Rent,Medical_Emergency,0,0
APP_10811,Salaried_Corporate,65002.01,641,14384.89,60,0.09,12.84,1,Own_Outright,Debt_Consolidation,0,0
APP_10812,Self_Employed_Professional,76444.11,618,46908.94,48,0.55,14.17,4,Employer_Provided,Debt_Consolidation,1,0
APP_10813,Self_Employed_Professional,71780.58,583,15416.02,36,0.20,16.14,3,Rent,Medical_Emergency,0,0
APP_10814,Salaried_Corporate,82769.58,647,23666.67,12,0.26,13.82,1,Mortgage,Debt_Consolidation,0,1
APP_10815,Government_Public,73737.22,678,26370.72,36,0.20,12.40,2,Mortgage,Medical_Emergency,0,0
APP_10816,Small_Business_Owner,69173.58,772,13062.10,36,0.12,7.87,2,Own_Outright,Home_Improvement,0,0
APP_10817,Self_Employed_Professional,93291.39,744,37887.14,48,0.36,9.27,1,Mortgage,Home_Improvement,0,0
APP_10818,Salaried_Corporate,102749.23,703,70579.95,48,0.60,10.83,3,Mortgage,Auto_Purchase,0,0
APP_10819,Self_Employed_Professional,123313.26,568,23134.82,48,0.07,15.45,0,Own_Outright,Debt_Consolidation,1,1
APP_10820,Small_Business_Owner,45507.78,709,22621.73,36,0.23,9.46,1,Own_Outright,Debt_Consolidation,1,0
APP_10821,Self_Employed_Professional,74031.35,583,22832.11,24,0.18,16.24,3,Rent,Education_Tuition,3,1
APP_10822,Self_Employed_Professional,32131.10,747,17558.52,36,0.44,9.54,3,Mortgage,Auto_Purchase,0,0
APP_10823,Salaried_Corporate,53282.66,749,26356.30,36,0.29,9.82,1,Rent,Debt_Consolidation,0,0
APP_10824,Salaried_Corporate,60558.13,693,16122.12,48,0.13,11.66,2,Mortgage,Auto_Purchase,0,0
APP_10825,Government_Public,92356.27,743,68975.17,36,0.63,8.99,3,Rent,Home_Improvement,0,0
APP_10826,Salaried_Corporate,62754.95,756,31398.13,36,0.28,7.68,3,Mortgage,Medical_Emergency,0,0
APP_10827,Self_Employed_Professional,89568.88,697,75235.21,36,0.35,11.59,1,Own_Outright,Auto_Purchase,0,0
APP_10828,Government_Public,56653.32,681,47548.13,36,0.61,12.12,1,Rent,Debt_Consolidation,0,0
APP_10829,Salaried_Corporate,51023.07,604,16620.38,60,0.28,14.56,3,Mortgage,Medical_Emergency,0,0
APP_10830,Retired,46121.44,667,35427.50,24,0.54,13.79,2,Rent,Debt_Consolidation,0,0
APP_10831,Government_Public,90293.97,625,59023.84,12,0.62,13.12,0,Own_Outright,Home_Improvement,0,1
APP_10832,Small_Business_Owner,55810.82,625,25257.43,24,0.40,13.33,2,Mortgage,Home_Improvement,2,1
APP_10833,Small_Business_Owner,22205.14,642,16000.75,36,0.36,13.13,2,Own_Outright,Business_Expansion,0,0
APP_10834,Government_Public,88087.33,563,39135.64,36,0.24,15.40,1,Mortgage,Medical_Emergency,2,1
APP_10835,Salaried_Corporate,43557.14,754,21547.09,60,0.23,8.76,6,Own_Outright,Education_Tuition,1,0
APP_10836,Small_Business_Owner,72181.27,704,29613.57,48,0.28,11.57,3,Mortgage,Debt_Consolidation,0,0
APP_10837,Salaried_Corporate,39811.05,765,29480.33,84,0.55,8.03,1,Rent,Home_Improvement,0,0
APP_10838,Government_Public,66611.28,742,52269.47,12,0.63,8.91,1,Own_Outright,Auto_Purchase,0,0
APP_10839,Self_Employed_Professional,22000.00,722,5629.50,24,0.17,10.56,3,Mortgage,Debt_Consolidation,0,0
APP_10840,Small_Business_Owner,65175.66,742,36685.50,24,0.24,8.32,0,Mortgage,Business_Expansion,0,0
APP_10841,Salaried_Corporate,44630.56,700,10347.18,48,0.12,10.82,4,Own_Outright,Medical_Emergency,0,0
APP_10842,Salaried_Corporate,37403.48,775,28792.57,36,0.49,8.08,1,Mortgage,Education_Tuition,0,0
APP_10843,Government_Public,93328.57,657,28386.17,36,0.16,12.93,2,Own_Outright,Debt_Consolidation,0,0
APP_10844,Salaried_Corporate,62730.08,689,10993.63,36,0.07,11.92,2,Employer_Provided,Home_Improvement,2,0
APP_10845,Self_Employed_Professional,59287.31,672,39837.58,60,0.59,11.76,1,Mortgage,Debt_Consolidation,1,1
APP_10846,Small_Business_Owner,47765.65,821,29440.87,12,0.41,6.47,1,Own_Outright,Business_Expansion,1,0
APP_10847,Salaried_Corporate,98968.40,649,43322.04,36,0.31,12.69,2,Rent,Debt_Consolidation,0,0
APP_10848,Salaried_Corporate,54413.57,774,31744.96,36,0.24,7.98,1,Rent,Auto_Purchase,1,0
APP_10849,Salaried_Corporate,129247.31,601,89161.15,36,0.62,15.47,2,Mortgage,Medical_Emergency,4,1
APP_10850,Government_Public,115071.12,697,30963.32,48,0.23,11.39,4,Rent,Education_Tuition,0,0
APP_10851,Salaried_Corporate,125666.28,678,45639.46,36,0.21,12.69,1,Mortgage,Business_Expansion,1,0
APP_10852,Salaried_Corporate,102293.95,624,50113.17,48,0.23,12.91,0,Rent,Auto_Purchase,0,0
APP_10853,Retired,50371.44,647,29880.68,60,0.49,13.79,3,Mortgage,Debt_Consolidation,0,1
APP_10854,Government_Public,67751.54,723,39267.04,36,0.40,10.15,0,Mortgage,Education_Tuition,0,1
APP_10855,Small_Business_Owner,60392.49,668,29929.10,60,0.42,12.58,3,Own_Outright,Home_Improvement,0,0
APP_10856,Self_Employed_Professional,96488.14,627,59148.90,48,0.39,11.98,2,Mortgage,Medical_Emergency,0,0
APP_10857,Government_Public,65856.39,748,10846.88,60,0.15,10.46,1,Own_Outright,Debt_Consolidation,1,0
APP_10858,Retired,59310.44,689,22329.14,36,0.29,11.63,1,Mortgage,Auto_Purchase,1,0
APP_10859,Government_Public,139540.89,712,76846.70,12,0.31,11.94,2,Employer_Provided,Home_Improvement,0,0
APP_10860,Self_Employed_Professional,57105.74,761,20806.67,48,0.29,9.58,3,Own_Outright,Auto_Purchase,0,0
APP_10861,Small_Business_Owner,49961.24,790,40423.43,84,0.44,6.02,2,Own_Outright,Home_Improvement,0,0
APP_10862,Small_Business_Owner,55222.38,541,45533.25,60,0.50,17.81,1,Mortgage,Medical_Emergency,1,1
APP_10863,Small_Business_Owner,107157.51,683,43930.09,24,0.24,11.64,2,Employer_Provided,Debt_Consolidation,0,0
APP_10864,Small_Business_Owner,72005.87,581,22470.92,36,0.19,15.67,4,Own_Outright,Debt_Consolidation,2,1
APP_10865,Salaried_Corporate,81332.78,850,24966.70,60,0.24,5.93,2,Mortgage,Business_Expansion,1,0
APP_10866,Small_Business_Owner,73585.13,700,33906.46,36,0.23,10.81,2,Own_Outright,Auto_Purchase,1,0
APP_10867,Salaried_Corporate,24666.36,753,20233.19,36,0.45,8.66,1,Mortgage,Debt_Consolidation,0,1
APP_10868,Salaried_Corporate,40906.13,649,12907.35,84,0.21,13.28,0,Mortgage,Medical_Emergency,1,0
APP_10869,Salaried_Corporate,58369.83,667,22282.98,36,0.20,11.40,0,Mortgage,Auto_Purchase,1,0
APP_10870,Salaried_Corporate,76239.60,761,41277.40,24,0.23,8.72,5,Own_Outright,Medical_Emergency,0,0
APP_10871,Self_Employed_Professional,42491.63,723,23324.62,12,0.42,11.18,4,Mortgage,Home_Improvement,1,0
APP_10872,Salaried_Corporate,41906.09,799,25721.70,36,0.43,6.36,6,Rent,Education_Tuition,0,0
APP_10873,Self_Employed_Professional,57495.71,636,37922.76,36,0.60,13.02,3,Mortgage,Debt_Consolidation,1,1
APP_10874,Retired,120189.68,676,84604.04,60,0.56,12.68,2,Mortgage,Medical_Emergency,2,1
APP_10875,Salaried_Corporate,25114.74,723,12403.50,48,0.34,9.40,3,Mortgage,Home_Improvement,0,0
APP_10876,Salaried_Corporate,22000.00,733,4395.69,12,0.10,8.17,0,Mortgage,Medical_Emergency,0,0
APP_10877,Salaried_Corporate,144481.32,717,90067.03,60,0.29,8.69,6,Mortgage,Debt_Consolidation,0,0
APP_10878,Small_Business_Owner,33233.96,604,18769.91,12,0.38,13.95,2,Mortgage,Debt_Consolidation,6,1
APP_10879,Salaried_Corporate,55138.58,629,16533.78,12,0.19,14.78,4,Mortgage,Business_Expansion,0,0
APP_10880,Salaried_Corporate,33679.95,712,25182.75,36,0.44,9.84,1,Employer_Provided,Education_Tuition,0,0
APP_10881,Salaried_Corporate,57748.05,590,38636.64,36,0.41,14.60,2,Mortgage,Education_Tuition,4,1
APP_10882,Salaried_Corporate,62239.39,632,27717.45,36,0.21,13.37,5,Mortgage,Auto_Purchase,0,0
APP_10883,Small_Business_Owner,136598.33,692,113123.27,36,0.50,12.06,2,Own_Outright,Debt_Consolidation,2,1
APP_10884,Small_Business_Owner,91519.17,640,57085.90,60,0.23,13.72,9,Own_Outright,Medical_Emergency,1,0
APP_10885,Salaried_Corporate,37145.36,705,29752.15,48,0.55,10.58,2,Mortgage,Home_Improvement,0,0
APP_10886,Salaried_Corporate,28040.72,684,18509.37,36,0.45,11.94,3,Rent,Debt_Consolidation,0,0
APP_10887,Self_Employed_Professional,82855.69,639,53637.74,60,0.49,13.92,4,Own_Outright,Debt_Consolidation,0,1
APP_10888,Retired,52374.47,640,15845.04,24,0.23,11.72,4,Own_Outright,Debt_Consolidation,0,1
APP_10889,Small_Business_Owner,47791.52,773,21191.13,24,0.33,7.96,0,Own_Outright,Debt_Consolidation,0,0
APP_10890,Small_Business_Owner,112775.28,715,67119.28,36,0.49,9.39,0,Rent,Debt_Consolidation,0,0
APP_10891,Retired,30019.46,706,21907.57,36,0.31,10.09,4,Mortgage,Auto_Purchase,0,0
APP_10892,Salaried_Corporate,56115.04,694,44210.04,12,0.69,11.62,6,Rent,Business_Expansion,0,0
APP_10893,Salaried_Corporate,87890.74,631,18215.81,36,0.12,12.40,3,Mortgage,Home_Improvement,0,0
APP_10894,Small_Business_Owner,38904.41,653,25302.18,36,0.49,14.42,1,Own_Outright,Debt_Consolidation,1,0
APP_10895,Salaried_Corporate,118675.40,534,39901.12,24,0.14,17.37,1,Mortgage,Debt_Consolidation,2,1
APP_10896,Salaried_Corporate,41971.84,649,27154.16,24,0.31,12.25,3,Own_Outright,Auto_Purchase,0,0
APP_10897,Small_Business_Owner,64107.23,650,23859.88,48,0.34,12.57,2,Rent,Debt_Consolidation,1,0
APP_10898,Self_Employed_Professional,48436.60,726,26623.14,36,0.24,8.92,0,Own_Outright,Medical_Emergency,0,0
APP_10899,Salaried_Corporate,22000.00,651,11412.10,48,0.33,11.46,1,Mortgage,Debt_Consolidation,0,0
APP_10900,Self_Employed_Professional,54761.12,741,41642.49,36,0.31,9.10,1,Rent,Auto_Purchase,0,0
APP_10901,Salaried_Corporate,94515.83,673,57436.57,48,0.25,12.90,7,Rent,Medical_Emergency,0,0
APP_10902,Salaried_Corporate,41541.91,700,13296.73,84,0.30,9.76,1,Mortgage,Debt_Consolidation,0,0
APP_10903,Salaried_Corporate,49876.56,688,29439.94,36,0.43,12.30,0,Mortgage,Business_Expansion,0,0
APP_10904,Salaried_Corporate,52448.87,735,31393.86,48,0.44,9.48,3,Own_Outright,Home_Improvement,0,1
APP_10905,Retired,84223.47,768,34112.43,48,0.21,8.63,3,Rent,Debt_Consolidation,0,0
APP_10906,Salaried_Corporate,56281.07,626,18795.30,36,0.15,13.60,4,Mortgage,Home_Improvement,1,0
APP_10907,Government_Public,66864.63,804,52605.74,36,0.56,7.77,1,Mortgage,Home_Improvement,0,1
APP_10908,Retired,67258.97,634,17336.68,24,0.13,14.13,2,Own_Outright,Education_Tuition,0,1
APP_10909,Salaried_Corporate,52284.58,678,13029.01,48,0.13,11.50,2,Rent,Debt_Consolidation,0,0
APP_10910,Salaried_Corporate,141538.96,656,79601.19,36,0.34,12.87,3,Mortgage,Education_Tuition,0,0
APP_10911,Government_Public,41715.04,788,15262.10,60,0.18,8.77,2,Own_Outright,Auto_Purchase,0,0
APP_10912,Salaried_Corporate,90792.82,621,45665.21,24,0.46,14.37,1,Rent,Medical_Emergency,0,0
APP_10913,Self_Employed_Professional,117490.36,737,39646.28,12,0.23,9.23,2,Mortgage,Debt_Consolidation,1,0
APP_10914,Salaried_Corporate,62178.49,546,25347.95,36,0.16,16.26,5,Mortgage,Debt_Consolidation,1,0
APP_10915,Small_Business_Owner,68007.92,743,29634.12,36,0.28,8.55,1,Mortgage,Education_Tuition,0,0
APP_10916,Government_Public,84007.76,678,45651.01,48,0.37,13.13,2,Rent,Medical_Emergency,0,0
APP_10917,Self_Employed_Professional,55990.34,666,11486.29,24,0.12,12.35,3,Own_Outright,Business_Expansion,0,0
APP_10918,Salaried_Corporate,28190.98,645,12757.40,36,0.40,11.74,3,Rent,Home_Improvement,0,0
APP_10919,Self_Employed_Professional,59147.06,686,37328.69,60,0.42,10.72,2,Own_Outright,Medical_Emergency,0,0
APP_10920,Self_Employed_Professional,138775.23,667,89706.66,60,0.32,11.95,0,Mortgage,Business_Expansion,1,0
APP_10921,Self_Employed_Professional,85475.15,593,29031.30,60,0.23,15.80,4,Own_Outright,Auto_Purchase,0,1
APP_10922,Government_Public,68508.46,639,36338.85,36,0.42,12.92,3,Mortgage,Home_Improvement,1,0
APP_10923,Salaried_Corporate,92995.91,742,38960.04,60,0.22,9.86,3,Own_Outright,Auto_Purchase,0,0
APP_10924,Salaried_Corporate,62008.20,664,10899.41,36,0.15,11.61,5,Rent,Debt_Consolidation,1,0
APP_10925,Salaried_Corporate,67054.69,639,30328.34,12,0.17,13.59,3,Own_Outright,Home_Improvement,0,1
APP_10926,Small_Business_Owner,54499.66,693,33873.03,84,0.33,12.18,3,Own_Outright,Debt_Consolidation,0,0
APP_10927,Government_Public,82033.05,722,66594.24,12,0.72,10.73,2,Mortgage,Business_Expansion,0,0
APP_10928,Salaried_Corporate,51986.49,732,11878.90,36,0.12,7.77,0,Own_Outright,Business_Expansion,1,0
APP_10929,Salaried_Corporate,57418.59,712,25792.85,12,0.18,10.33,0,Rent,Education_Tuition,0,0
APP_10930,Retired,98276.21,769,79486.70,36,0.30,7.56,2,Rent,Home_Improvement,0,0
APP_10931,Salaried_Corporate,60630.99,693,29019.46,36,0.38,11.67,3,Employer_Provided,Auto_Purchase,0,0
APP_10932,Government_Public,85337.12,675,66187.42,48,0.43,11.84,0,Employer_Provided,Debt_Consolidation,0,0
APP_10933,Retired,88572.21,747,55580.06,24,0.51,10.57,3,Own_Outright,Home_Improvement,0,0
APP_10934,Small_Business_Owner,63926.03,644,48340.71,12,0.56,12.63,4,Rent,Auto_Purchase,0,0
APP_10935,Salaried_Corporate,56540.83,664,38493.13,36,0.55,12.24,5,Rent,Debt_Consolidation,1,1
APP_10936,Self_Employed_Professional,36538.06,586,7327.54,12,0.18,14.88,3,Own_Outright,Debt_Consolidation,3,1
APP_10937,Salaried_Corporate,40401.59,808,27624.81,12,0.57,7.58,2,Mortgage,Medical_Emergency,0,0
APP_10938,Salaried_Corporate,87037.74,826,20845.36,36,0.11,5.58,2,Employer_Provided,Auto_Purchase,0,0
APP_10939,Salaried_Corporate,86316.63,679,58178.77,84,0.60,10.84,2,Employer_Provided,Home_Improvement,0,0
APP_10940,Salaried_Corporate,42385.64,740,18791.04,48,0.24,9.00,3,Own_Outright,Medical_Emergency,0,0
APP_10941,Retired,79093.34,735,49776.08,36,0.52,10.10,1,Mortgage,Education_Tuition,0,0
APP_10942,Self_Employed_Professional,72937.27,702,14030.94,36,0.13,11.64,0,Mortgage,Debt_Consolidation,1,0
APP_10943,Salaried_Corporate,100808.74,769,23166.66,60,0.10,8.33,2,Mortgage,Education_Tuition,0,0
APP_10944,Self_Employed_Professional,175338.00,608,39382.26,48,0.17,14.66,4,Rent,Medical_Emergency,1,0
APP_10945,Self_Employed_Professional,85705.46,678,35384.47,60,0.31,12.08,4,Mortgage,Home_Improvement,0,0
APP_10946,Salaried_Corporate,48491.43,554,13032.50,60,0.24,16.08,2,Own_Outright,Debt_Consolidation,0,1
APP_10947,Salaried_Corporate,92459.43,624,14380.59,24,0.09,13.55,4,Mortgage,Home_Improvement,0,0
APP_10948,Self_Employed_Professional,41403.78,584,31690.30,12,0.60,15.66,3,Own_Outright,Auto_Purchase,3,1
APP_10949,Government_Public,179804.68,571,121575.74,36,0.45,17.05,3,Rent,Home_Improvement,1,0
APP_10950,Salaried_Corporate,38105.91,658,20879.49,36,0.37,13.18,1,Rent,Debt_Consolidation,0,0
APP_10951,Government_Public,80606.37,714,52954.95,60,0.36,11.34,3,Own_Outright,Debt_Consolidation,0,0
APP_10952,Self_Employed_Professional,66226.86,647,23951.75,36,0.20,14.42,3,Mortgage,Education_Tuition,0,0
APP_10953,Self_Employed_Professional,54931.59,655,35371.82,60,0.54,11.94,3,Mortgage,Home_Improvement,0,0
APP_10954,Salaried_Corporate,53397.99,642,27446.75,48,0.38,13.53,1,Rent,Debt_Consolidation,1,0
APP_10955,Self_Employed_Professional,122125.97,699,25913.60,48,0.16,12.09,2,Rent,Business_Expansion,0,0
APP_10956,Salaried_Corporate,85383.05,651,52530.36,48,0.56,13.39,1,Mortgage,Debt_Consolidation,0,0
APP_10957,Salaried_Corporate,61786.55,625,52237.96,36,0.65,13.10,2,Mortgage,Auto_Purchase,0,1
APP_10958,Government_Public,144276.93,751,47500.48,48,0.26,8.42,2,Own_Outright,Debt_Consolidation,0,0
APP_10959,Self_Employed_Professional,62729.90,633,9609.29,48,0.12,14.60,3,Rent,Debt_Consolidation,1,0
APP_10960,Salaried_Corporate,92105.91,607,62218.10,36,0.41,14.56,2,Rent,Debt_Consolidation,2,0
APP_10961,Salaried_Corporate,36200.17,738,12495.64,12,0.22,9.76,4,Mortgage,Education_Tuition,0,0
APP_10962,Salaried_Corporate,37081.00,581,16080.26,36,0.41,15.17,3,Employer_Provided,Auto_Purchase,1,1
APP_10963,Government_Public,91070.43,770,14155.99,36,0.11,9.58,0,Own_Outright,Debt_Consolidation,0,0
APP_10964,Salaried_Corporate,76010.52,623,14832.64,60,0.11,14.43,4,Own_Outright,Auto_Purchase,1,0
APP_10965,Self_Employed_Professional,173864.25,695,112360.09,12,0.25,10.92,4,Mortgage,Auto_Purchase,0,0
APP_10966,Small_Business_Owner,48175.50,625,39738.48,12,0.40,14.31,1,Mortgage,Home_Improvement,1,1
APP_10967,Salaried_Corporate,89686.26,691,50526.34,36,0.46,11.35,3,Mortgage,Home_Improvement,0,0
APP_10968,Salaried_Corporate,59243.90,656,43819.08,48,0.67,13.16,1,Mortgage,Home_Improvement,0,0
APP_10969,Self_Employed_Professional,96925.97,626,28502.30,36,0.24,14.63,0,Rent,Debt_Consolidation,0,0
APP_10970,Government_Public,93522.92,586,18454.99,36,0.16,15.97,3,Rent,Auto_Purchase,2,0
APP_10971,Self_Employed_Professional,65356.59,655,25680.61,48,0.34,11.12,2,Employer_Provided,Auto_Purchase,0,0
APP_10972,Salaried_Corporate,47418.05,721,14022.90,36,0.18,10.54,3,Own_Outright,Education_Tuition,0,0
APP_10973,Salaried_Corporate,56803.52,734,33040.16,36,0.25,10.85,2,Mortgage,Auto_Purchase,0,0
APP_10974,Salaried_Corporate,40104.66,643,32862.56,36,0.59,12.36,3,Own_Outright,Auto_Purchase,1,1
APP_10975,Salaried_Corporate,77975.85,643,24317.06,48,0.28,14.52,3,Own_Outright,Auto_Purchase,0,0
APP_10976,Retired,22000.00,679,17187.61,12,0.48,12.14,2,Rent,Business_Expansion,1,0
APP_10977,Salaried_Corporate,50944.71,690,26797.95,12,0.44,12.01,2,Own_Outright,Medical_Emergency,0,0
APP_10978,Salaried_Corporate,99393.97,690,22009.37,48,0.19,12.01,1,Mortgage,Auto_Purchase,0,0
APP_10979,Self_Employed_Professional,98329.79,662,51642.46,12,0.21,11.17,7,Rent,Auto_Purchase,1,0
APP_10980,Salaried_Corporate,32034.14,666,15278.48,36,0.29,12.90,5,Rent,Debt_Consolidation,1,0
APP_10981,Self_Employed_Professional,86017.38,671,58002.42,36,0.42,12.32,1,Own_Outright,Home_Improvement,0,0
APP_10982,Salaried_Corporate,39595.42,533,26690.46,36,0.41,16.52,1,Mortgage,Auto_Purchase,1,1
APP_10983,Government_Public,55812.82,664,33415.99,48,0.30,13.48,3,Mortgage,Debt_Consolidation,0,0
APP_10984,Salaried_Corporate,93403.31,741,57675.54,60,0.40,7.90,1,Rent,Home_Improvement,0,0
APP_10985,Self_Employed_Professional,42667.25,781,24538.33,36,0.45,7.49,4,Mortgage,Debt_Consolidation,1,0
APP_10986,Self_Employed_Professional,125758.62,766,39707.01,24,0.24,9.68,0,Rent,Debt_Consolidation,1,0
APP_10987,Salaried_Corporate,74280.93,696,59267.08,84,0.72,11.84,1,Mortgage,Home_Improvement,1,0
APP_10988,Salaried_Corporate,81488.63,613,24304.20,12,0.24,13.58,0,Mortgage,Debt_Consolidation,2,0
APP_10989,Self_Employed_Professional,107446.80,654,60880.10,60,0.46,11.97,1,Mortgage,Auto_Purchase,0,1
APP_10990,Small_Business_Owner,98786.27,640,68324.53,12,0.36,12.91,6,Mortgage,Medical_Emergency,0,0
APP_10991,Self_Employed_Professional,94982.99,598,19811.17,36,0.08,14.86,1,Mortgage,Debt_Consolidation,2,0
APP_10992,Self_Employed_Professional,49218.24,629,22892.47,48,0.31,13.16,2,Rent,Debt_Consolidation,0,0
APP_10993,Self_Employed_Professional,40138.15,643,6860.28,36,0.14,12.94,3,Mortgage,Debt_Consolidation,0,0
APP_10994,Salaried_Corporate,58277.67,599,17970.10,36,0.18,14.66,6,Mortgage,Home_Improvement,1,1
APP_10995,Small_Business_Owner,81918.78,751,48767.05,12,0.50,8.88,3,Rent,Auto_Purchase,0,0
APP_10996,Salaried_Corporate,37104.15,730,29288.38,24,0.57,9.55,4,Own_Outright,Medical_Emergency,0,1
APP_10997,Self_Employed_Professional,86015.70,687,31220.93,36,0.20,10.51,2,Own_Outright,Debt_Consolidation,0,0
APP_10998,Government_Public,78316.33,715,57517.75,60,0.41,10.43,1,Rent,Home_Improvement,1,0
APP_10999,Self_Employed_Professional,60973.00,710,31547.52,36,0.39,10.59,0,Mortgage,Business_Expansion,1,0
APP_11000,Self_Employed_Professional,68028.73,642,46435.86,36,0.47,12.32,0,Own_Outright,Education_Tuition,0,0
APP_11001,Small_Business_Owner,68138.64,807,48860.82,84,0.28,7.37,3,Mortgage,Auto_Purchase,0,0
APP_11002,Salaried_Corporate,80718.73,640,48039.49,36,0.41,14.08,3,Mortgage,Debt_Consolidation,0,1
APP_11003,Self_Employed_Professional,92585.53,582,41284.71,36,0.17,15.27,3,Mortgage,Debt_Consolidation,0,0
APP_11004,Salaried_Corporate,240901.99,700,134630.65,12,0.38,11.33,1,Rent,Home_Improvement,0,0
APP_11005,Salaried_Corporate,71402.32,727,45256.21,48,0.57,10.81,2,Mortgage,Home_Improvement,0,0
APP_11006,Salaried_Corporate,49520.92,670,37279.00,12,0.30,12.04,4,Rent,Medical_Emergency,0,0
APP_11007,Small_Business_Owner,28063.27,771,14981.37,24,0.34,9.15,2,Rent,Debt_Consolidation,0,0
APP_11008,Self_Employed_Professional,35116.16,702,26742.29,12,0.62,9.07,2,Mortgage,Education_Tuition,0,0
APP_11009,Government_Public,47060.24,637,19862.87,24,0.26,12.68,2,Mortgage,Auto_Purchase,0,0
APP_11010,Salaried_Corporate,90241.82,651,61505.40,36,0.39,11.86,3,Mortgage,Business_Expansion,1,0
APP_11011,Salaried_Corporate,55398.44,700,31950.45,12,0.40,12.11,1,Mortgage,Education_Tuition,0,0
APP_11012,Self_Employed_Professional,79461.48,695,16230.98,36,0.18,11.67,3,Rent,Home_Improvement,0,0
APP_11013,Salaried_Corporate,47599.49,769,23869.89,36,0.44,7.54,4,Mortgage,Medical_Emergency,0,0
APP_11014,Self_Employed_Professional,81222.58,744,55603.65,24,0.35,8.62,3,Own_Outright,Education_Tuition,0,0
APP_11015,Salaried_Corporate,97986.68,588,60811.36,12,0.58,13.91,1,Mortgage,Debt_Consolidation,2,1
APP_11016,Salaried_Corporate,55215.92,679,30062.64,36,0.24,12.00,1,Own_Outright,Debt_Consolidation,0,0
APP_11017,Self_Employed_Professional,80478.17,609,56732.58,48,0.34,14.41,5,Mortgage,Debt_Consolidation,3,0
APP_11018,Self_Employed_Professional,54274.94,785,42455.62,36,0.60,7.60,3,Mortgage,Home_Improvement,1,0
APP_11019,Salaried_Corporate,38012.02,627,9517.97,24,0.22,12.90,3,Mortgage,Medical_Emergency,0,0
APP_11020,Salaried_Corporate,84894.37,703,27908.53,24,0.15,10.85,3,Rent,Debt_Consolidation,0,0
APP_11021,Salaried_Corporate,79677.03,645,67102.18,24,0.46,15.02,6,Own_Outright,Home_Improvement,0,0
APP_11022,Salaried_Corporate,86427.07,561,27583.54,60,0.13,15.67,2,Mortgage,Medical_Emergency,4,1
APP_11023,Retired,101721.06,608,74167.80,60,0.46,15.20,3,Rent,Auto_Purchase,0,1
APP_11024,Small_Business_Owner,59162.08,674,30910.90,36,0.34,11.68,7,Rent,Debt_Consolidation,0,0
APP_11025,Salaried_Corporate,61156.00,727,25650.51,60,0.29,10.79,2,Own_Outright,Auto_Purchase,0,0
APP_11026,Salaried_Corporate,58209.45,725,38367.96,24,0.30,10.57,2,Employer_Provided,Business_Expansion,0,0
APP_11027,Salaried_Corporate,77294.63,604,52353.36,48,0.35,14.40,1,Mortgage,Home_Improvement,2,1
APP_11028,Salaried_Corporate,62166.01,710,21166.49,48,0.27,11.14,3,Rent,Home_Improvement,0,0
APP_11029,Government_Public,70028.75,752,11045.01,36,0.07,10.07,3,Rent,Debt_Consolidation,0,0
APP_11030,Salaried_Corporate,47844.44,723,33245.23,48,0.24,10.21,2,Own_Outright,Auto_Purchase,0,0
APP_11031,Government_Public,41671.89,666,26362.70,36,0.37,12.06,1,Own_Outright,Education_Tuition,0,0
APP_11032,Government_Public,43961.65,693,10298.19,60,0.16,11.77,2,Mortgage,Debt_Consolidation,0,0
APP_11033,Small_Business_Owner,79814.93,700,14032.97,24,0.16,12.29,2,Mortgage,Education_Tuition,0,0
APP_11034,Self_Employed_Professional,64907.09,781,39750.51,12,0.23,6.96,3,Own_Outright,Debt_Consolidation,0,0
APP_11035,Salaried_Corporate,52992.62,801,30249.70,36,0.31,6.34,0,Rent,Education_Tuition,0,0
APP_11036,Government_Public,89188.02,732,61022.64,24,0.59,10.97,2,Mortgage,Home_Improvement,1,0
APP_11037,Government_Public,127519.26,693,97073.87,24,0.59,10.80,2,Own_Outright,Home_Improvement,0,0
APP_11038,Self_Employed_Professional,52963.20,688,32562.63,12,0.45,12.41,4,Mortgage,Business_Expansion,0,0
APP_11039,Salaried_Corporate,40627.59,695,24170.75,36,0.21,10.62,4,Mortgage,Medical_Emergency,0,0
APP_11040,Salaried_Corporate,101245.76,703,52086.28,48,0.32,10.50,1,Mortgage,Debt_Consolidation,0,0
APP_11041,Salaried_Corporate,66632.19,656,36406.84,36,0.51,13.39,3,Employer_Provided,Auto_Purchase,0,1
APP_11042,Salaried_Corporate,60929.98,818,50682.29,36,0.63,7.33,1,Mortgage,Debt_Consolidation,0,0
APP_11043,Self_Employed_Professional,104609.41,639,19101.02,12,0.15,12.26,3,Mortgage,Education_Tuition,2,0
APP_11044,Government_Public,58797.48,774,31194.64,36,0.35,8.80,1,Mortgage,Debt_Consolidation,0,0
APP_11045,Self_Employed_Professional,79116.57,547,25575.46,36,0.18,15.94,3,Own_Outright,Home_Improvement,0,0
APP_11046,Self_Employed_Professional,71119.68,672,46780.32,36,0.36,12.34,2,Own_Outright,Home_Improvement,0,1
APP_11047,Small_Business_Owner,284937.51,668,150000.00,36,0.44,12.18,2,Mortgage,Home_Improvement,0,0
APP_11048,Self_Employed_Professional,62290.76,705,20912.64,24,0.21,10.67,1,Mortgage,Home_Improvement,1,0
APP_11049,Salaried_Corporate,100867.95,666,68678.43,36,0.37,11.71,4,Mortgage,Home_Improvement,0,0
APP_11050,Small_Business_Owner,59112.88,780,35513.92,60,0.45,6.77,1,Mortgage,Auto_Purchase,0,0
APP_11051,Salaried_Corporate,81025.49,674,65843.95,36,0.72,11.41,2,Rent,Debt_Consolidation,0,0
APP_11052,Government_Public,60585.39,623,43676.20,84,0.44,14.30,2,Rent,Auto_Purchase,1,1
APP_11053,Salaried_Corporate,94649.06,627,65340.03,36,0.31,13.97,0,Mortgage,Debt_Consolidation,0,0
APP_11054,Self_Employed_Professional,63382.59,659,15739.80,24,0.18,11.79,3,Own_Outright,Education_Tuition,1,0
APP_11055,Self_Employed_Professional,82998.27,737,69778.62,48,0.50,10.54,3,Mortgage,Auto_Purchase,0,0
APP_11056,Salaried_Corporate,47089.34,749,33309.60,60,0.50,9.52,1,Mortgage,Auto_Purchase,2,0
APP_11057,Salaried_Corporate,46235.95,612,34205.78,60,0.70,14.64,1,Own_Outright,Debt_Consolidation,3,1
APP_11058,Salaried_Corporate,28369.45,638,19182.46,36,0.42,12.39,1,Rent,Education_Tuition,0,0
APP_11059,Small_Business_Owner,78011.45,621,58369.81,24,0.40,15.27,3,Mortgage,Medical_Emergency,0,1
APP_11060,Salaried_Corporate,49412.23,671,28470.33,48,0.54,12.42,6,Mortgage,Business_Expansion,0,0
APP_11061,Self_Employed_Professional,177721.56,753,28290.93,24,0.12,10.32,1,Mortgage,Debt_Consolidation,0,0
APP_11062,Government_Public,53500.99,701,25381.38,12,0.25,10.46,4,Mortgage,Auto_Purchase,0,0
APP_11063,Self_Employed_Professional,115946.11,726,37548.50,24,0.17,8.60,3,Own_Outright,Medical_Emergency,0,0
APP_11064,Government_Public,110742.63,739,40739.06,24,0.26,8.84,1,Rent,Business_Expansion,1,0
APP_11065,Salaried_Corporate,59236.60,652,20311.85,36,0.20,13.56,2,Mortgage,Home_Improvement,0,0
APP_11066,Salaried_Corporate,47499.26,607,28114.32,60,0.48,13.44,2,Rent,Debt_Consolidation,2,1
APP_11067,Salaried_Corporate,62279.58,652,43693.66,48,0.33,13.92,0,Employer_Provided,Education_Tuition,0,0
APP_11068,Government_Public,110271.85,743,83656.02,48,0.35,8.88,0,Mortgage,Debt_Consolidation,0,0
APP_11069,Small_Business_Owner,185066.26,729,140989.26,48,0.37,10.27,2,Own_Outright,Medical_Emergency,0,0
APP_11070,Government_Public,37961.39,695,6231.14,36,0.14,11.37,4,Mortgage,Debt_Consolidation,0,0
APP_11071,Self_Employed_Professional,66597.68,752,45148.70,36,0.27,8.89,2,Own_Outright,Business_Expansion,0,0
APP_11072,Salaried_Corporate,50411.02,699,40379.31,48,0.57,10.79,2,Rent,Home_Improvement,0,0
APP_11073,Salaried_Corporate,56231.15,668,38887.49,36,0.60,11.36,3,Rent,Debt_Consolidation,0,0
APP_11074,Self_Employed_Professional,142641.34,588,33027.41,36,0.11,16.59,4,Own_Outright,Auto_Purchase,2,0
APP_11075,Salaried_Corporate,46802.54,773,38387.17,48,0.72,8.79,2,Rent,Debt_Consolidation,0,0
APP_11076,Self_Employed_Professional,32101.88,684,16098.65,48,0.39,10.28,1,Own_Outright,Debt_Consolidation,0,0
APP_11077,Government_Public,72468.76,661,39996.96,36,0.27,11.32,1,Rent,Education_Tuition,0,0
APP_11078,Salaried_Corporate,78496.63,683,27322.14,36,0.33,12.04,1,Rent,Debt_Consolidation,0,0
APP_11079,Small_Business_Owner,54749.09,787,40659.34,48,0.63,7.87,0,Rent,Debt_Consolidation,0,0
APP_11080,Self_Employed_Professional,48697.77,755,37202.14,60,0.29,7.57,3,Mortgage,Medical_Emergency,0,0
APP_11081,Salaried_Corporate,71122.05,667,51288.33,48,0.61,14.22,3,Mortgage,Debt_Consolidation,0,1
APP_11082,Salaried_Corporate,36045.72,721,10632.73,24,0.20,8.02,0,Rent,Business_Expansion,0,0
APP_11083,Self_Employed_Professional,80001.06,770,19122.89,36,0.21,8.12,1,Mortgage,Auto_Purchase,0,0
APP_11084,Small_Business_Owner,56586.67,713,47165.03,84,0.59,10.55,0,Own_Outright,Education_Tuition,0,0
APP_11085,Salaried_Corporate,123519.29,698,93952.28,36,0.63,10.53,4,Own_Outright,Education_Tuition,0,0
APP_11086,Salaried_Corporate,76365.50,554,57238.30,48,0.64,16.92,1,Rent,Education_Tuition,2,1
APP_11087,Salaried_Corporate,61755.51,771,42977.20,36,0.58,8.86,4,Rent,Debt_Consolidation,1,0
APP_11088,Small_Business_Owner,59673.06,623,13400.59,36,0.09,13.88,4,Mortgage,Medical_Emergency,1,0
APP_11089,Salaried_Corporate,27717.76,568,14144.29,36,0.38,15.68,5,Own_Outright,Education_Tuition,1,1
APP_11090,Self_Employed_Professional,62576.79,573,14442.18,36,0.20,15.99,1,Rent,Medical_Emergency,2,1
APP_11091,Salaried_Corporate,60387.60,634,26922.79,36,0.41,13.20,1,Mortgage,Business_Expansion,0,1
APP_11092,Small_Business_Owner,67720.06,722,17817.24,48,0.21,9.00,4,Own_Outright,Education_Tuition,0,0
APP_11093,Salaried_Corporate,60740.50,765,29497.55,36,0.26,9.44,2,Own_Outright,Debt_Consolidation,0,0
APP_11094,Salaried_Corporate,125836.53,712,78037.30,60,0.54,11.97,1,Mortgage,Home_Improvement,0,0
APP_11095,Self_Employed_Professional,58628.85,803,43310.17,12,0.27,7.37,1,Mortgage,Debt_Consolidation,0,0
APP_11096,Small_Business_Owner,45262.86,664,9343.73,48,0.17,12.38,4,Mortgage,Education_Tuition,0,0
APP_11097,Government_Public,31284.54,675,24228.45,24,0.50,11.87,2,Rent,Business_Expansion,0,0
APP_11098,Retired,54140.38,569,15309.46,48,0.25,14.65,0,Mortgage,Home_Improvement,1,1
APP_11099,Self_Employed_Professional,41308.91,653,33478.21,60,0.53,12.25,4,Own_Outright,Debt_Consolidation,0,1
APP_11100,Self_Employed_Professional,36898.82,557,17979.29,48,0.29,16.77,3,Own_Outright,Debt_Consolidation,1,0
APP_11101,Self_Employed_Professional,57509.82,603,10912.49,36,0.16,14.69,0,Mortgage,Debt_Consolidation,2,0
APP_11102,Self_Employed_Professional,110440.13,731,77707.92,24,0.39,11.26,0,Own_Outright,Home_Improvement,0,0
APP_11103,Salaried_Corporate,100786.60,580,18448.55,84,0.12,15.91,1,Mortgage,Business_Expansion,4,1
APP_11104,Small_Business_Owner,37164.25,587,21896.98,36,0.50,14.73,0,Mortgage,Debt_Consolidation,3,1
APP_11105,Retired,67272.68,576,47618.02,12,0.25,15.99,3,Mortgage,Auto_Purchase,3,1
APP_11106,Salaried_Corporate,80050.47,740,37946.02,12,0.27,9.41,1,Own_Outright,Education_Tuition,1,0
APP_11107,Salaried_Corporate,86086.77,797,53960.66,48,0.53,6.20,1,Own_Outright,Education_Tuition,0,0
APP_11108,Salaried_Corporate,136168.49,685,74996.86,60,0.48,12.38,2,Mortgage,Debt_Consolidation,0,0
APP_11109,Salaried_Corporate,39090.91,751,7787.71,48,0.09,9.58,1,Mortgage,Debt_Consolidation,1,0
APP_11110,Self_Employed_Professional,44417.06,614,28222.27,36,0.39,16.45,0,Mortgage,Debt_Consolidation,2,0
APP_11111,Salaried_Corporate,49110.44,770,40116.45,48,0.45,8.06,2,Mortgage,Debt_Consolidation,0,0
APP_11112,Self_Employed_Professional,78030.93,643,30430.46,60,0.36,13.64,1,Mortgage,Debt_Consolidation,0,1
APP_11113,Small_Business_Owner,22000.00,733,5242.79,48,0.16,9.23,3,Mortgage,Home_Improvement,0,0
APP_11114,Salaried_Corporate,59700.77,688,19667.53,36,0.19,10.74,2,Own_Outright,Auto_Purchase,0,0
APP_11115,Small_Business_Owner,29670.93,565,17650.73,84,0.52,17.72,0,Rent,Debt_Consolidation,2,1
APP_11116,Small_Business_Owner,66101.90,632,55419.95,84,0.65,11.80,1,Mortgage,Medical_Emergency,0,1
APP_11117,Self_Employed_Professional,167969.14,701,120637.38,36,0.56,10.94,1,Rent,Home_Improvement,0,0
APP_11118,Salaried_Corporate,99255.40,570,69155.28,36,0.50,17.06,1,Mortgage,Debt_Consolidation,0,0
APP_11119,Government_Public,38108.63,709,15328.88,60,0.24,9.44,0,Mortgage,Debt_Consolidation,1,0
APP_11120,Salaried_Corporate,54809.26,598,31625.81,48,0.24,14.25,2,Mortgage,Debt_Consolidation,0,0
APP_11121,Salaried_Corporate,44338.02,725,19194.89,24,0.32,10.83,3,Mortgage,Home_Improvement,1,0
APP_11122,Salaried_Corporate,118486.86,602,22644.16,84,0.11,13.55,3,Own_Outright,Medical_Emergency,3,0
APP_11123,Government_Public,24567.62,719,12135.23,48,0.31,10.58,2,Mortgage,Debt_Consolidation,0,0
APP_11124,Salaried_Corporate,54303.61,743,28972.09,48,0.48,8.82,3,Rent,Debt_Consolidation,0,0
APP_11125,Salaried_Corporate,48365.89,679,35950.97,36,0.58,12.82,4,Own_Outright,Debt_Consolidation,0,0
APP_11126,Small_Business_Owner,39028.88,685,26703.55,12,0.56,12.58,6,Rent,Debt_Consolidation,2,1
APP_11127,Self_Employed_Professional,139572.74,787,65307.41,36,0.38,7.49,2,Mortgage,Auto_Purchase,0,0
APP_11128,Self_Employed_Professional,32702.95,639,16295.54,36,0.30,10.89,6,Mortgage,Medical_Emergency,0,1
APP_11129,Salaried_Corporate,38660.51,655,27248.86,36,0.48,13.03,3,Rent,Medical_Emergency,0,0
APP_11130,Self_Employed_Professional,135671.23,732,47804.00,48,0.24,10.67,0,Own_Outright,Medical_Emergency,1,0
APP_11131,Salaried_Corporate,63271.14,717,25431.48,36,0.20,10.81,4,Own_Outright,Debt_Consolidation,0,0
APP_11132,Salaried_Corporate,61146.06,674,47848.78,36,0.57,12.25,3,Mortgage,Debt_Consolidation,0,0
APP_11133,Salaried_Corporate,49940.86,611,34067.79,36,0.39,14.40,1,Own_Outright,Medical_Emergency,3,0
APP_11134,Self_Employed_Professional,66106.20,753,53566.73,48,0.31,8.82,1,Own_Outright,Auto_Purchase,0,0
APP_11135,Salaried_Corporate,54550.24,610,41741.77,48,0.71,13.62,1,Mortgage,Auto_Purchase,0,1
APP_11136,Self_Employed_Professional,47544.57,838,32507.45,36,0.41,6.07,5,Rent,Auto_Purchase,0,0
APP_11137,Salaried_Corporate,35219.74,612,11727.62,24,0.19,13.96,1,Rent,Medical_Emergency,3,1
APP_11138,Salaried_Corporate,67380.62,618,34680.40,24,0.37,14.48,7,Mortgage,Auto_Purchase,4,1
APP_11139,Salaried_Corporate,50580.85,712,22340.64,48,0.28,9.87,1,Mortgage,Auto_Purchase,1,0
APP_11140,Salaried_Corporate,53577.96,726,22673.52,48,0.40,9.70,6,Rent,Business_Expansion,0,0
APP_11141,Small_Business_Owner,89040.70,627,61919.51,48,0.26,13.66,5,Own_Outright,Debt_Consolidation,0,0
APP_11142,Salaried_Corporate,52703.00,800,22202.48,60,0.35,6.78,1,Rent,Debt_Consolidation,0,0
APP_11143,Small_Business_Owner,62978.25,711,15958.46,48,0.09,9.46,5,Own_Outright,Medical_Emergency,0,0
APP_11144,Salaried_Corporate,140528.10,674,55367.50,36,0.18,12.42,2,Mortgage,Home_Improvement,1,0
APP_11145,Salaried_Corporate,78640.09,715,56230.66,36,0.33,9.39,1,Mortgage,Debt_Consolidation,1,0
APP_11146,Salaried_Corporate,51901.81,769,26233.20,36,0.28,8.64,3,Own_Outright,Auto_Purchase,0,0
APP_11147,Salaried_Corporate,40387.70,795,6415.61,36,0.14,7.98,3,Own_Outright,Home_Improvement,1,0
APP_11148,Small_Business_Owner,62337.54,703,36541.11,24,0.29,12.00,3,Rent,Home_Improvement,0,0
APP_11149,Salaried_Corporate,94322.14,607,25692.98,24,0.18,16.15,3,Rent,Debt_Consolidation,1,0
APP_11150,Retired,50739.14,608,11436.92,12,0.14,15.32,2,Rent,Home_Improvement,2,0
APP_11151,Small_Business_Owner,64894.02,598,23560.71,24,0.18,14.06,1,Rent,Medical_Emergency,0,0
APP_11152,Salaried_Corporate,50160.71,648,34568.30,60,0.43,12.59,2,Own_Outright,Debt_Consolidation,0,0
APP_11153,Retired,55078.74,692,10191.86,36,0.16,11.49,5,Own_Outright,Debt_Consolidation,2,0
APP_11154,Salaried_Corporate,37241.59,704,10988.12,36,0.23,10.77,1,Own_Outright,Home_Improvement,0,0
APP_11155,Small_Business_Owner,72742.14,763,21233.78,36,0.17,8.83,2,Own_Outright,Education_Tuition,0,0
APP_11156,Salaried_Corporate,68710.64,555,49879.77,36,0.37,17.17,2,Rent,Debt_Consolidation,2,1
APP_11157,Self_Employed_Professional,125030.99,689,40648.94,84,0.21,11.46,1,Mortgage,Debt_Consolidation,2,0
APP_11158,Salaried_Corporate,67474.35,720,37485.03,36,0.27,10.98,2,Rent,Debt_Consolidation,0,0
APP_11159,Government_Public,46624.67,507,11114.57,60,0.11,16.99,2,Own_Outright,Debt_Consolidation,1,1
APP_11160,Salaried_Corporate,123510.77,719,86915.45,60,0.27,10.66,2,Own_Outright,Medical_Emergency,0,0
APP_11161,Self_Employed_Professional,75695.35,850,25171.60,48,0.12,4.24,2,Mortgage,Debt_Consolidation,2,0
APP_11162,Government_Public,69952.90,740,33075.21,36,0.44,10.42,3,Mortgage,Home_Improvement,0,0
APP_11163,Salaried_Corporate,63828.46,710,24404.47,36,0.22,10.45,5,Own_Outright,Business_Expansion,1,0
APP_11164,Retired,68752.09,672,41954.02,12,0.23,10.86,4,Mortgage,Debt_Consolidation,0,0
APP_11165,Self_Employed_Professional,43507.16,705,14397.01,48,0.23,10.56,1,Mortgage,Home_Improvement,0,0
APP_11166,Small_Business_Owner,61768.98,790,9283.45,84,0.10,8.11,1,Mortgage,Business_Expansion,0,0
APP_11167,Self_Employed_Professional,58061.40,667,30067.14,48,0.36,11.15,2,Mortgage,Home_Improvement,0,0
APP_11168,Small_Business_Owner,75241.67,768,62633.30,12,0.56,7.81,3,Rent,Debt_Consolidation,0,0
APP_11169,Government_Public,105912.50,720,77485.95,24,0.30,9.92,1,Own_Outright,Debt_Consolidation,1,0
APP_11170,Salaried_Corporate,98979.06,796,83643.00,36,0.68,8.18,1,Mortgage,Education_Tuition,1,0
APP_11171,Small_Business_Owner,80660.90,761,37210.67,84,0.27,7.16,2,Employer_Provided,Education_Tuition,1,0
APP_11172,Retired,29506.90,702,16153.80,24,0.52,11.25,5,Mortgage,Debt_Consolidation,0,0
APP_11173,Small_Business_Owner,52695.32,698,37327.40,36,0.50,10.82,1,Rent,Medical_Emergency,0,0
APP_11174,Retired,28227.42,670,10898.74,36,0.25,12.89,4,Rent,Debt_Consolidation,0,0
APP_11175,Small_Business_Owner,104289.97,753,23885.25,24,0.13,9.37,3,Own_Outright,Debt_Consolidation,0,0
APP_11176,Salaried_Corporate,60704.61,652,16279.77,24,0.18,13.77,2,Own_Outright,Education_Tuition,0,0
APP_11177,Government_Public,59978.62,697,49408.55,12,0.52,11.39,1,Rent,Home_Improvement,0,0
APP_11178,Self_Employed_Professional,47071.44,677,33100.12,36,0.47,10.81,2,Mortgage,Debt_Consolidation,0,0
APP_11179,Salaried_Corporate,113189.15,603,39868.40,36,0.33,14.78,2,Mortgage,Home_Improvement,4,1
APP_11180,Salaried_Corporate,67088.37,704,46731.28,12,0.41,11.21,2,Mortgage,Education_Tuition,0,0
APP_11181,Salaried_Corporate,60874.58,591,39170.66,36,0.33,14.31,3,Mortgage,Education_Tuition,2,1
APP_11182,Small_Business_Owner,67806.49,661,32445.94,48,0.29,11.92,2,Mortgage,Medical_Emergency,0,0
APP_11183,Small_Business_Owner,70189.41,733,11646.35,48,0.06,7.84,2,Rent,Auto_Purchase,0,0
APP_11184,Government_Public,60320.90,701,39786.99,48,0.41,11.50,1,Mortgage,Auto_Purchase,0,0
APP_11185,Salaried_Corporate,113122.32,700,39965.83,36,0.32,10.83,4,Own_Outright,Business_Expansion,0,0
APP_11186,Salaried_Corporate,112600.58,634,38293.47,48,0.16,12.85,4,Mortgage,Medical_Emergency,0,0
APP_11187,Salaried_Corporate,66858.04,758,34648.88,12,0.21,8.05,1,Mortgage,Medical_Emergency,0,0
APP_11188,Small_Business_Owner,45166.28,632,15182.78,24,0.12,12.98,0,Rent,Education_Tuition,0,0
APP_11189,Government_Public,74252.01,736,48374.39,48,0.48,10.00,5,Rent,Home_Improvement,0,0
APP_11190,Government_Public,49033.42,774,17376.43,36,0.29,8.43,2,Own_Outright,Home_Improvement,0,0
APP_11191,Salaried_Corporate,121818.15,591,87066.34,36,0.54,14.58,1,Own_Outright,Education_Tuition,2,1
APP_11192,Small_Business_Owner,129963.66,664,59275.70,12,0.34,11.25,0,Rent,Business_Expansion,0,0
APP_11193,Self_Employed_Professional,88647.96,658,45349.98,60,0.43,12.17,3,Mortgage,Home_Improvement,0,0
APP_11194,Government_Public,38027.07,708,6636.60,60,0.15,9.98,4,Own_Outright,Medical_Emergency,0,0
APP_11195,Small_Business_Owner,51984.41,629,8539.58,12,0.09,13.30,4,Mortgage,Education_Tuition,0,1
APP_11196,Self_Employed_Professional,58585.20,614,17473.45,36,0.21,14.51,2,Mortgage,Home_Improvement,0,0
APP_11197,Small_Business_Owner,43923.07,687,17285.02,24,0.29,10.96,2,Rent,Home_Improvement,1,0
APP_11198,Salaried_Corporate,55950.54,654,15294.54,24,0.15,13.91,5,Rent,Debt_Consolidation,0,0
APP_11199,Small_Business_Owner,71204.36,681,35721.61,36,0.37,11.15,4,Own_Outright,Debt_Consolidation,0,0
APP_11200,Small_Business_Owner,81300.72,748,46411.32,36,0.43,7.83,2,Mortgage,Debt_Consolidation,0,0
APP_11201,Government_Public,114491.58,585,81550.62,48,0.25,14.87,5,Rent,Home_Improvement,3,1
APP_11202,Salaried_Corporate,63517.91,683,32375.53,84,0.20,11.05,2,Rent,Auto_Purchase,0,0
APP_11203,Government_Public,56040.82,652,22813.21,12,0.32,15.37,1,Rent,Debt_Consolidation,0,0
APP_11204,Salaried_Corporate,35928.41,692,28622.71,36,0.32,10.84,0,Rent,Debt_Consolidation,0,0
APP_11205,Small_Business_Owner,75002.70,652,34127.22,48,0.30,11.42,4,Own_Outright,Medical_Emergency,0,0
APP_11206,Government_Public,52329.50,613,18139.88,36,0.13,14.04,5,Mortgage,Debt_Consolidation,1,0
APP_11207,Salaried_Corporate,58414.89,716,11868.41,24,0.17,10.18,2,Mortgage,Business_Expansion,0,0
APP_11208,Self_Employed_Professional,49745.76,850,13888.81,24,0.19,4.57,4,Mortgage,Debt_Consolidation,1,0
APP_11209,Self_Employed_Professional,50383.45,683,31932.03,36,0.30,11.78,2,Own_Outright,Education_Tuition,0,1
APP_11210,Small_Business_Owner,88648.35,643,25613.18,24,0.25,13.38,3,Rent,Home_Improvement,0,0
APP_11211,Salaried_Corporate,62561.19,643,25364.92,24,0.17,13.00,2,Rent,Business_Expansion,1,0
APP_11212,Government_Public,129631.49,751,21938.54,48,0.15,8.84,0,Mortgage,Home_Improvement,0,0
APP_11213,Retired,38810.97,633,16093.32,36,0.39,13.00,1,Mortgage,Business_Expansion,0,0
APP_11214,Small_Business_Owner,112680.73,774,68015.10,60,0.45,7.73,0,Mortgage,Home_Improvement,0,0
APP_11215,Salaried_Corporate,51417.43,584,15608.04,36,0.26,14.02,3,Own_Outright,Auto_Purchase,3,1
APP_11216,Self_Employed_Professional,62616.28,703,9561.12,24,0.13,11.96,1,Rent,Debt_Consolidation,1,0
APP_11217,Salaried_Corporate,80190.29,733,58809.40,24,0.46,11.65,2,Rent,Home_Improvement,0,0
APP_11218,Small_Business_Owner,101887.72,740,66708.09,60,0.28,8.63,2,Rent,Debt_Consolidation,0,0
APP_11219,Salaried_Corporate,103710.70,735,87624.49,24,0.34,9.15,4,Own_Outright,Auto_Purchase,0,0
APP_11220,Salaried_Corporate,102808.91,707,25174.31,36,0.10,9.77,3,Own_Outright,Home_Improvement,0,0
APP_11221,Salaried_Corporate,58465.60,765,36496.93,36,0.41,9.26,3,Rent,Medical_Emergency,0,0
APP_11222,Small_Business_Owner,145159.04,626,47924.40,84,0.12,12.73,1,Own_Outright,Debt_Consolidation,0,0
APP_11223,Self_Employed_Professional,84679.00,648,42474.75,84,0.32,13.31,3,Mortgage,Debt_Consolidation,0,1
APP_11224,Small_Business_Owner,22000.00,664,14799.31,48,0.35,12.52,0,Mortgage,Medical_Emergency,0,0
APP_11225,Salaried_Corporate,65947.40,786,17662.63,36,0.23,7.67,1,Mortgage,Home_Improvement,1,0
APP_11226,Salaried_Corporate,54736.26,720,26045.19,24,0.19,11.25,2,Mortgage,Home_Improvement,0,0
APP_11227,Salaried_Corporate,56436.26,734,19096.55,12,0.26,9.38,2,Own_Outright,Business_Expansion,0,0
APP_11228,Self_Employed_Professional,86537.08,678,22366.02,12,0.10,11.68,2,Rent,Debt_Consolidation,0,1
APP_11229,Salaried_Corporate,74611.19,743,48942.94,60,0.44,8.37,1,Mortgage,Medical_Emergency,0,0
APP_11230,Self_Employed_Professional,47937.23,589,15861.97,36,0.18,12.92,4,Mortgage,Debt_Consolidation,0,0
APP_11231,Salaried_Corporate,127817.82,663,66545.69,24,0.35,13.06,3,Mortgage,Medical_Emergency,0,0
APP_11232,Government_Public,36450.28,676,23139.59,48,0.25,11.25,2,Rent,Home_Improvement,0,0
APP_11233,Salaried_Corporate,35359.09,659,16269.85,12,0.30,13.28,2,Mortgage,Auto_Purchase,0,0
APP_11234,Salaried_Corporate,39865.59,669,9701.56,36,0.16,11.72,1,Mortgage,Auto_Purchase,0,0
APP_11235,Salaried_Corporate,79374.35,726,12584.42,24,0.14,9.86,1,Own_Outright,Debt_Consolidation,0,0
APP_11236,Salaried_Corporate,76674.66,705,32009.79,36,0.16,10.87,1,Own_Outright,Debt_Consolidation,1,0
APP_11237,Salaried_Corporate,45091.42,768,38028.20,24,0.36,8.01,3,Mortgage,Debt_Consolidation,1,0
APP_11238,Small_Business_Owner,49720.23,554,41314.42,24,0.72,14.83,1,Rent,Medical_Emergency,4,1
APP_11239,Small_Business_Owner,64871.18,787,30088.33,60,0.30,7.06,5,Own_Outright,Debt_Consolidation,0,0
APP_11240,Salaried_Corporate,40182.08,648,17726.99,60,0.34,11.99,0,Own_Outright,Home_Improvement,0,1
APP_11241,Government_Public,93096.46,776,56073.85,36,0.32,8.13,4,Own_Outright,Home_Improvement,1,0
APP_11242,Salaried_Corporate,131508.23,663,96370.03,48,0.53,13.11,0,Mortgage,Medical_Emergency,1,1
APP_11243,Small_Business_Owner,60001.05,714,33286.28,24,0.34,9.80,2,Mortgage,Home_Improvement,1,0
APP_11244,Salaried_Corporate,75965.70,620,49900.19,36,0.56,13.68,1,Own_Outright,Education_Tuition,0,0
APP_11245,Salaried_Corporate,68245.97,611,11382.79,24,0.10,14.27,2,Mortgage,Business_Expansion,2,0
APP_11246,Small_Business_Owner,120262.24,728,91995.83,24,0.58,9.24,4,Mortgage,Home_Improvement,0,0
APP_11247,Salaried_Corporate,155668.60,517,82071.64,36,0.29,17.76,2,Mortgage,Education_Tuition,2,1
APP_11248,Salaried_Corporate,55335.06,611,27373.84,48,0.23,14.96,1,Own_Outright,Auto_Purchase,2,1
APP_11249,Small_Business_Owner,65950.07,740,19867.54,48,0.14,9.76,1,Rent,Debt_Consolidation,0,0
APP_11250,Small_Business_Owner,95636.18,663,23441.23,36,0.17,12.17,6,Own_Outright,Home_Improvement,1,0
APP_11251,Government_Public,75913.96,633,30949.54,36,0.26,12.62,4,Rent,Home_Improvement,0,0
APP_11252,Self_Employed_Professional,43124.64,789,34242.60,36,0.61,7.59,1,Own_Outright,Auto_Purchase,1,0
APP_11253,Salaried_Corporate,28798.13,812,15592.16,60,0.47,6.26,4,Own_Outright,Education_Tuition,0,0
APP_11254,Self_Employed_Professional,49681.30,690,21779.29,24,0.16,10.77,5,Mortgage,Medical_Emergency,1,0
APP_11255,Government_Public,75335.65,773,18640.06,36,0.20,8.17,0,Mortgage,Medical_Emergency,1,0
APP_11256,Salaried_Corporate,54439.35,789,10524.32,60,0.17,7.52,6,Mortgage,Auto_Purchase,0,0
APP_11257,Salaried_Corporate,40438.57,689,23228.58,36,0.45,12.11,4,Mortgage,Home_Improvement,1,0
APP_11258,Small_Business_Owner,50063.82,657,41089.11,48,0.62,11.96,2,Rent,Home_Improvement,0,1
APP_11259,Small_Business_Owner,148158.29,696,68677.78,36,0.42,11.34,4,Mortgage,Home_Improvement,0,0
APP_11260,Salaried_Corporate,39118.46,595,12357.38,60,0.28,14.28,3,Mortgage,Auto_Purchase,0,0
APP_11261,Small_Business_Owner,56418.46,727,23342.21,60,0.24,9.19,5,Rent,Medical_Emergency,0,0
APP_11262,Salaried_Corporate,51531.09,669,26134.05,36,0.37,12.48,3,Mortgage,Debt_Consolidation,0,0
APP_11263,Salaried_Corporate,156763.33,694,106215.91,12,0.46,11.44,2,Rent,Debt_Consolidation,0,0
APP_11264,Small_Business_Owner,33509.83,693,15664.15,36,0.19,10.66,1,Rent,Home_Improvement,0,0
APP_11265,Salaried_Corporate,45653.92,635,36459.91,24,0.39,10.72,1,Mortgage,Medical_Emergency,0,1
APP_11266,Salaried_Corporate,66927.90,688,40059.06,36,0.39,12.21,3,Mortgage,Home_Improvement,0,0
APP_11267,Self_Employed_Professional,70146.12,602,16443.08,36,0.15,15.02,1,Employer_Provided,Home_Improvement,0,0
APP_11268,Salaried_Corporate,107740.98,659,24780.24,36,0.16,13.28,5,Rent,Education_Tuition,0,0
APP_11269,Government_Public,102847.13,618,55131.14,60,0.44,14.79,1,Rent,Education_Tuition,1,1
APP_11270,Retired,47382.30,633,33734.39,12,0.59,13.30,3,Mortgage,Home_Improvement,0,0
APP_11271,Self_Employed_Professional,74897.49,543,39194.56,36,0.27,16.19,2,Own_Outright,Auto_Purchase,1,1
APP_11272,Small_Business_Owner,60169.87,662,42884.96,48,0.36,10.82,0,Mortgage,Home_Improvement,1,1
APP_11273,Government_Public,52936.84,722,10917.73,36,0.15,10.20,0,Mortgage,Medical_Emergency,0,0
APP_11274,Small_Business_Owner,102755.84,702,39071.34,36,0.22,10.45,3,Mortgage,Debt_Consolidation,0,0
APP_11275,Small_Business_Owner,72935.75,760,13394.91,24,0.17,8.10,1,Rent,Home_Improvement,0,0
APP_11276,Salaried_Corporate,133304.24,628,53222.99,36,0.29,12.38,2,Own_Outright,Medical_Emergency,0,1
APP_11277,Government_Public,80584.17,659,44171.86,60,0.28,11.53,1,Rent,Home_Improvement,0,0
APP_11278,Salaried_Corporate,98728.06,750,78775.12,36,0.33,8.01,1,Mortgage,Auto_Purchase,1,0
APP_11279,Salaried_Corporate,22000.00,684,10386.34,36,0.37,12.25,3,Employer_Provided,Debt_Consolidation,0,0
APP_11280,Self_Employed_Professional,67752.45,702,27969.87,60,0.22,11.71,2,Mortgage,Debt_Consolidation,1,0
APP_11281,Salaried_Corporate,79077.14,827,49475.82,24,0.29,5.73,4,Rent,Education_Tuition,1,0
APP_11282,Salaried_Corporate,82432.10,673,53804.26,60,0.33,12.83,2,Own_Outright,Home_Improvement,0,0
APP_11283,Self_Employed_Professional,130585.47,659,35230.59,48,0.21,12.44,3,Mortgage,Debt_Consolidation,0,0
APP_11284,Salaried_Corporate,86059.11,625,55112.55,36,0.48,14.75,4,Rent,Home_Improvement,0,1
APP_11285,Government_Public,37766.05,671,19931.38,60,0.22,12.40,3,Own_Outright,Debt_Consolidation,2,0
APP_11286,Retired,83066.88,756,42066.57,12,0.38,9.38,0,Mortgage,Auto_Purchase,0,0
APP_11287,Small_Business_Owner,95027.09,727,79532.16,60,0.60,10.11,0,Mortgage,Debt_Consolidation,1,0
APP_11288,Salaried_Corporate,49553.16,783,34182.79,24,0.57,7.33,0,Rent,Business_Expansion,0,0
APP_11289,Self_Employed_Professional,54189.07,713,39037.90,36,0.29,9.36,1,Employer_Provided,Debt_Consolidation,0,0
APP_11290,Salaried_Corporate,92957.69,544,67387.52,24,0.37,16.65,0,Own_Outright,Home_Improvement,2,0
APP_11291,Self_Employed_Professional,65354.14,731,39429.05,36,0.50,9.70,5,Mortgage,Home_Improvement,0,0
APP_11292,Salaried_Corporate,106815.43,697,17940.52,24,0.10,13.07,3,Mortgage,Debt_Consolidation,0,0
APP_11293,Self_Employed_Professional,71002.62,690,28964.11,36,0.36,11.84,5,Mortgage,Debt_Consolidation,0,0
APP_11294,Salaried_Corporate,24467.33,769,16804.37,12,0.53,7.73,0,Own_Outright,Debt_Consolidation,1,0
APP_11295,Retired,67082.45,672,18504.11,36,0.11,11.82,0,Mortgage,Debt_Consolidation,0,0
APP_11296,Salaried_Corporate,54651.77,728,44824.31,24,0.51,9.58,2,Mortgage,Auto_Purchase,0,0
APP_11297,Salaried_Corporate,86259.75,620,13367.53,48,0.08,13.72,5,Rent,Education_Tuition,0,0
APP_11298,Salaried_Corporate,79113.38,591,42791.71,48,0.44,13.75,4,Employer_Provided,Home_Improvement,0,0
APP_11299,Self_Employed_Professional,42794.06,651,8950.50,48,0.09,13.37,1,Mortgage,Home_Improvement,0,0
APP_11300,Government_Public,71512.24,670,48792.88,48,0.60,11.65,2,Mortgage,Medical_Emergency,1,0
APP_11301,Salaried_Corporate,83250.84,726,48433.87,24,0.46,10.47,2,Own_Outright,Debt_Consolidation,0,0
APP_11302,Salaried_Corporate,79879.82,619,34621.67,24,0.30,13.31,0,Mortgage,Home_Improvement,1,0
APP_11303,Salaried_Corporate,101534.51,788,22435.18,48,0.15,7.41,0,Mortgage,Business_Expansion,0,0
APP_11304,Self_Employed_Professional,41292.58,627,19251.09,36,0.43,13.98,1,Mortgage,Debt_Consolidation,0,0
APP_11305,Self_Employed_Professional,60978.03,684,24071.08,48,0.34,9.80,3,Mortgage,Debt_Consolidation,0,0
APP_11306,Government_Public,24003.16,691,6757.87,12,0.25,12.00,1,Rent,Debt_Consolidation,1,0
APP_11307,Government_Public,111250.43,709,30992.94,36,0.23,11.74,2,Mortgage,Home_Improvement,0,0
APP_11308,Salaried_Corporate,69110.75,719,51365.49,36,0.42,11.36,2,Rent,Education_Tuition,0,0
APP_11309,Government_Public,62924.93,837,23918.35,48,0.17,5.41,3,Mortgage,Home_Improvement,1,0
APP_11310,Government_Public,62465.80,651,13715.74,60,0.12,12.88,1,Own_Outright,Debt_Consolidation,0,0
APP_11311,Self_Employed_Professional,82134.24,710,21412.87,36,0.24,10.17,3,Own_Outright,Debt_Consolidation,1,0
APP_11312,Salaried_Corporate,105694.03,685,64763.31,48,0.57,10.23,0,Rent,Education_Tuition,1,0
APP_11313,Small_Business_Owner,58044.64,754,23725.52,48,0.19,9.02,5,Mortgage,Home_Improvement,2,0
APP_11314,Self_Employed_Professional,79560.80,719,15072.29,60,0.09,9.04,2,Own_Outright,Debt_Consolidation,0,0
APP_11315,Salaried_Corporate,79145.06,704,14911.69,60,0.14,11.22,2,Rent,Debt_Consolidation,0,0
APP_11316,Salaried_Corporate,24604.60,593,4714.78,36,0.13,15.38,2,Mortgage,Debt_Consolidation,1,1
APP_11317,Self_Employed_Professional,48117.26,661,32051.23,24,0.46,13.32,5,Mortgage,Business_Expansion,0,1
APP_11318,Self_Employed_Professional,80496.85,627,59970.20,60,0.67,13.92,3,Mortgage,Home_Improvement,0,1
APP_11319,Salaried_Corporate,115293.12,661,85506.06,36,0.51,11.95,3,Employer_Provided,Debt_Consolidation,0,1
APP_11320,Government_Public,121976.39,636,64883.45,36,0.37,13.03,1,Mortgage,Education_Tuition,0,0
APP_11321,Salaried_Corporate,38135.42,656,16190.74,48,0.32,12.56,1,Mortgage,Business_Expansion,1,1
APP_11322,Salaried_Corporate,103749.69,663,38605.70,36,0.24,13.38,2,Employer_Provided,Debt_Consolidation,0,0
APP_11323,Salaried_Corporate,105337.01,664,70761.36,48,0.47,13.36,0,Mortgage,Debt_Consolidation,0,0
APP_11324,Small_Business_Owner,79676.45,671,57010.36,36,0.57,11.86,4,Mortgage,Business_Expansion,0,0
APP_11325,Salaried_Corporate,26664.06,630,21524.52,60,0.72,14.18,0,Own_Outright,Debt_Consolidation,0,1
APP_11326,Small_Business_Owner,51963.23,692,43616.68,48,0.72,10.76,2,Mortgage,Debt_Consolidation,0,0
APP_11327,Salaried_Corporate,69476.29,631,44706.58,36,0.48,13.71,2,Own_Outright,Home_Improvement,0,1
APP_11328,Salaried_Corporate,59506.03,651,16938.32,84,0.15,12.36,3,Mortgage,Auto_Purchase,1,0
APP_11329,Salaried_Corporate,24937.58,687,20536.60,36,0.72,11.55,3,Own_Outright,Home_Improvement,0,0
APP_11330,Salaried_Corporate,58830.87,522,13876.81,48,0.18,16.62,1,Own_Outright,Debt_Consolidation,4,1
APP_11331,Salaried_Corporate,43529.76,850,15038.32,36,0.20,4.36,3,Mortgage,Auto_Purchase,1,0
APP_11332,Salaried_Corporate,86324.92,724,63243.70,36,0.53,9.03,2,Own_Outright,Education_Tuition,0,0
APP_11333,Self_Employed_Professional,82122.58,711,41937.48,48,0.31,10.96,1,Rent,Debt_Consolidation,0,0
APP_11334,Self_Employed_Professional,83732.81,656,26878.74,48,0.27,11.57,2,Mortgage,Debt_Consolidation,0,0
APP_11335,Retired,56037.78,696,28954.27,60,0.28,10.76,1,Rent,Medical_Emergency,0,0
APP_11336,Small_Business_Owner,66777.89,611,46031.40,48,0.42,14.79,0,Employer_Provided,Debt_Consolidation,2,0
APP_11337,Salaried_Corporate,63719.16,722,21766.82,36,0.28,10.99,5,Mortgage,Medical_Emergency,0,0
APP_11338,Self_Employed_Professional,99821.02,581,49979.18,60,0.23,14.37,0,Own_Outright,Debt_Consolidation,1,0
APP_11339,Salaried_Corporate,52052.21,608,18271.78,60,0.24,12.27,2,Rent,Auto_Purchase,2,1
APP_11340,Self_Employed_Professional,47063.96,644,20166.94,84,0.27,12.25,3,Rent,Debt_Consolidation,0,1
APP_11341,Salaried_Corporate,101996.06,788,30435.97,60,0.17,7.89,3,Rent,Debt_Consolidation,0,0
APP_11342,Government_Public,95739.73,618,61778.90,48,0.27,14.37,2,Mortgage,Debt_Consolidation,2,0
APP_11343,Self_Employed_Professional,81606.99,712,30186.68,48,0.13,9.51,1,Rent,Debt_Consolidation,2,0
APP_11344,Government_Public,134686.69,556,67981.72,48,0.36,14.64,2,Mortgage,Medical_Emergency,1,1
APP_11345,Self_Employed_Professional,169360.34,692,120784.97,36,0.49,10.45,1,Own_Outright,Medical_Emergency,0,0
APP_11346,Salaried_Corporate,115127.22,803,28680.01,60,0.23,6.77,2,Rent,Auto_Purchase,0,0
APP_11347,Salaried_Corporate,47273.06,723,28984.51,24,0.33,11.73,0,Mortgage,Medical_Emergency,0,0
APP_11348,Salaried_Corporate,96181.62,555,36683.39,36,0.14,16.18,1,Own_Outright,Home_Improvement,4,1
APP_11349,Small_Business_Owner,69536.36,693,34184.95,36,0.31,11.65,2,Own_Outright,Auto_Purchase,1,0
APP_11350,Government_Public,51377.93,660,33459.48,24,0.24,13.20,2,Rent,Debt_Consolidation,1,0
APP_11351,Salaried_Corporate,47405.50,770,37757.47,48,0.40,8.01,3,Own_Outright,Medical_Emergency,0,0
APP_11352,Self_Employed_Professional,74695.34,683,56203.10,36,0.56,11.58,3,Own_Outright,Home_Improvement,0,0
APP_11353,Salaried_Corporate,95566.66,596,74548.33,36,0.49,14.82,3,Mortgage,Debt_Consolidation,0,0
APP_11354,Self_Employed_Professional,123092.96,681,22739.22,36,0.10,12.05,4,Mortgage,Medical_Emergency,0,0
APP_11355,Government_Public,89621.57,645,39853.49,48,0.37,12.76,6,Mortgage,Business_Expansion,0,1
APP_11356,Salaried_Corporate,85670.95,550,60904.60,24,0.39,17.10,3,Own_Outright,Debt_Consolidation,2,1
APP_11357,Salaried_Corporate,60316.42,679,43309.64,36,0.32,12.52,1,Own_Outright,Medical_Emergency,0,0
APP_11358,Small_Business_Owner,72943.19,690,32372.66,36,0.23,11.02,1,Mortgage,Home_Improvement,0,0
APP_11359,Salaried_Corporate,33769.00,715,11812.02,84,0.32,10.95,0,Mortgage,Home_Improvement,0,0
APP_11360,Salaried_Corporate,85336.95,756,45581.55,12,0.27,9.19,0,Mortgage,Debt_Consolidation,0,0
APP_11361,Salaried_Corporate,80360.05,672,54049.77,60,0.38,14.02,0,Rent,Debt_Consolidation,0,0
APP_11362,Small_Business_Owner,156592.01,592,99295.35,12,0.29,15.48,3,Mortgage,Debt_Consolidation,3,1
APP_11363,Retired,64999.54,636,21153.33,24,0.24,13.49,1,Own_Outright,Auto_Purchase,0,1
APP_11364,Government_Public,113105.07,689,16987.81,60,0.08,10.82,1,Rent,Debt_Consolidation,0,0
APP_11365,Self_Employed_Professional,53451.53,769,41177.42,48,0.37,7.58,2,Rent,Home_Improvement,1,0
APP_11366,Small_Business_Owner,142011.71,690,65574.79,36,0.32,11.67,1,Own_Outright,Debt_Consolidation,2,0
APP_11367,Self_Employed_Professional,127041.27,681,93086.99,36,0.59,10.20,2,Mortgage,Debt_Consolidation,0,0
APP_11368,Self_Employed_Professional,110125.24,675,83689.41,24,0.54,13.08,3,Mortgage,Medical_Emergency,1,0
APP_11369,Salaried_Corporate,67989.09,689,54877.91,12,0.52,9.63,0,Mortgage,Medical_Emergency,0,0
APP_11370,Salaried_Corporate,59873.78,814,23767.75,12,0.37,5.97,0,Rent,Home_Improvement,0,0
APP_11371,Self_Employed_Professional,55997.36,685,34260.09,36,0.32,12.22,5,Mortgage,Medical_Emergency,0,0
APP_11372,Retired,42713.59,673,24236.43,24,0.36,11.83,2,Mortgage,Medical_Emergency,0,0
APP_11373,Self_Employed_Professional,81669.78,692,21634.03,36,0.12,11.32,5,Mortgage,Debt_Consolidation,1,0
APP_11374,Retired,59173.80,646,26975.46,60,0.30,12.27,2,Own_Outright,Debt_Consolidation,0,0
APP_11375,Salaried_Corporate,78606.20,589,35483.91,36,0.29,14.77,1,Mortgage,Debt_Consolidation,3,0
APP_11376,Salaried_Corporate,71426.64,577,20256.21,36,0.23,15.85,2,Mortgage,Home_Improvement,1,1
APP_11377,Retired,40815.28,643,16834.35,24,0.26,12.26,3,Mortgage,Debt_Consolidation,0,0
APP_11378,Salaried_Corporate,106678.61,767,48580.25,84,0.20,8.27,0,Own_Outright,Home_Improvement,0,0
APP_11379,Self_Employed_Professional,69095.26,766,49046.06,24,0.65,8.52,2,Mortgage,Debt_Consolidation,0,0
APP_11380,Salaried_Corporate,97537.37,617,73228.67,36,0.38,13.65,6,Own_Outright,Home_Improvement,3,1
APP_11381,Government_Public,39166.53,680,25535.74,60,0.32,12.20,0,Own_Outright,Home_Improvement,0,0
APP_11382,Salaried_Corporate,46921.84,699,33482.50,36,0.64,11.29,3,Own_Outright,Business_Expansion,0,0
APP_11383,Government_Public,55461.08,643,12142.13,36,0.16,12.85,1,Mortgage,Education_Tuition,0,0
APP_11384,Salaried_Corporate,73814.30,775,39853.14,48,0.48,6.83,2,Own_Outright,Business_Expansion,0,0
APP_11385,Salaried_Corporate,63157.92,740,20916.06,12,0.17,10.39,4,Mortgage,Medical_Emergency,0,0
APP_11386,Government_Public,122266.38,713,54170.15,36,0.17,9.68,2,Mortgage,Business_Expansion,0,0
APP_11387,Salaried_Corporate,105406.38,694,67684.96,36,0.39,12.52,3,Mortgage,Debt_Consolidation,0,0
APP_11388,Salaried_Corporate,47623.62,588,38710.59,84,0.40,14.23,1,Employer_Provided,Home_Improvement,0,0
APP_11389,Self_Employed_Professional,249152.29,778,99607.49,84,0.32,8.29,0,Mortgage,Auto_Purchase,0,0
APP_11390,Salaried_Corporate,63693.02,728,35301.08,36,0.27,10.39,1,Own_Outright,Home_Improvement,0,0
APP_11391,Salaried_Corporate,118308.45,717,26615.61,36,0.09,10.12,2,Mortgage,Debt_Consolidation,1,0
APP_11392,Salaried_Corporate,58217.79,642,36547.99,36,0.40,13.22,2,Own_Outright,Medical_Emergency,1,0
APP_11393,Self_Employed_Professional,87651.66,648,27754.37,60,0.16,12.53,2,Mortgage,Business_Expansion,0,0
APP_11394,Salaried_Corporate,101463.14,722,48531.91,48,0.24,11.61,2,Rent,Home_Improvement,1,0
APP_11395,Government_Public,33626.61,762,12713.08,24,0.20,8.82,2,Mortgage,Debt_Consolidation,0,0
APP_11396,Small_Business_Owner,145235.75,802,26935.20,84,0.10,7.13,3,Mortgage,Debt_Consolidation,0,0
APP_11397,Salaried_Corporate,46556.08,642,31123.83,60,0.41,13.16,1,Rent,Debt_Consolidation,1,1
APP_11398,Self_Employed_Professional,56551.37,680,33001.33,24,0.41,12.51,4,Mortgage,Auto_Purchase,1,0
APP_11399,Self_Employed_Professional,50396.30,554,36402.64,48,0.49,16.44,3,Mortgage,Home_Improvement,2,1
APP_11400,Self_Employed_Professional,51264.20,530,41648.07,60,0.57,17.13,2,Rent,Debt_Consolidation,1,1
APP_11401,Salaried_Corporate,52362.64,724,22914.06,24,0.19,8.88,2,Employer_Provided,Education_Tuition,2,0
APP_11402,Self_Employed_Professional,38665.68,635,26269.53,60,0.26,14.14,5,Mortgage,Home_Improvement,0,0
APP_11403,Salaried_Corporate,93205.03,562,34196.77,24,0.33,16.12,0,Own_Outright,Auto_Purchase,1,0
APP_11404,Self_Employed_Professional,69693.47,614,31571.07,36,0.22,13.62,8,Mortgage,Auto_Purchase,3,0
APP_11405,Salaried_Corporate,62178.71,712,45709.89,60,0.62,10.72,1,Own_Outright,Auto_Purchase,1,1
APP_11406,Retired,104531.08,715,81424.93,60,0.30,11.46,1,Rent,Business_Expansion,0,0
APP_11407,Salaried_Corporate,146516.27,584,60535.30,12,0.31,15.62,1,Own_Outright,Education_Tuition,1,0
APP_11408,Self_Employed_Professional,32793.27,770,23346.97,60,0.51,9.95,2,Mortgage,Debt_Consolidation,1,0
APP_11409,Self_Employed_Professional,137393.00,645,94268.51,48,0.43,13.56,3,Mortgage,Debt_Consolidation,0,0
APP_11410,Salaried_Corporate,65484.81,708,18371.21,60,0.16,9.05,3,Own_Outright,Business_Expansion,0,0
APP_11411,Salaried_Corporate,36028.98,692,21182.33,36,0.51,12.18,4,Own_Outright,Medical_Emergency,0,0
APP_11412,Salaried_Corporate,79675.56,689,39621.03,84,0.38,9.88,2,Own_Outright,Home_Improvement,0,0
APP_11413,Small_Business_Owner,62779.71,629,12178.01,48,0.14,14.51,1,Mortgage,Education_Tuition,1,0
APP_11414,Self_Employed_Professional,97464.49,688,51950.55,48,0.48,12.02,4,Mortgage,Medical_Emergency,0,0
APP_11415,Salaried_Corporate,70645.23,708,59035.96,36,0.33,11.94,2,Rent,Home_Improvement,0,0
APP_11416,Self_Employed_Professional,77696.15,677,54071.10,36,0.56,12.06,1,Mortgage,Debt_Consolidation,0,0
APP_11417,Salaried_Corporate,54401.83,697,15810.81,24,0.27,11.22,5,Rent,Education_Tuition,0,0
APP_11418,Self_Employed_Professional,41656.22,762,12694.76,12,0.28,9.65,2,Own_Outright,Education_Tuition,0,0
APP_11419,Salaried_Corporate,92391.71,659,34491.11,60,0.17,11.41,4,Rent,Education_Tuition,0,0
APP_11420,Government_Public,52248.60,732,8495.31,36,0.14,9.77,3,Mortgage,Auto_Purchase,0,0
APP_11421,Self_Employed_Professional,79306.41,676,15983.10,36,0.08,11.56,5,Mortgage,Debt_Consolidation,0,0
APP_11422,Salaried_Corporate,129137.61,783,84388.12,36,0.50,7.56,1,Employer_Provided,Home_Improvement,1,0
APP_11423,Small_Business_Owner,61580.05,599,32800.91,48,0.39,14.05,3,Own_Outright,Debt_Consolidation,1,0
APP_11424,Small_Business_Owner,90674.95,775,57781.63,36,0.40,8.32,2,Mortgage,Debt_Consolidation,1,0
APP_11425,Salaried_Corporate,65266.40,655,42474.73,48,0.36,13.07,2,Rent,Auto_Purchase,0,0
APP_11426,Salaried_Corporate,56157.01,827,11319.39,12,0.10,7.52,5,Mortgage,Debt_Consolidation,0,0
APP_11427,Salaried_Corporate,32759.32,718,26604.23,36,0.45,10.01,2,Rent,Home_Improvement,0,0
APP_11428,Salaried_Corporate,65008.33,745,53862.60,36,0.34,8.98,1,Mortgage,Education_Tuition,0,0
APP_11429,Small_Business_Owner,61457.18,680,10687.25,12,0.09,9.35,1,Rent,Auto_Purchase,1,0
APP_11430,Self_Employed_Professional,44718.41,734,8829.97,48,0.13,10.84,2,Rent,Debt_Consolidation,0,0
APP_11431,Salaried_Corporate,26481.74,734,19166.99,48,0.48,8.58,1,Mortgage,Debt_Consolidation,0,0
APP_11432,Salaried_Corporate,31207.93,681,17963.39,36,0.40,11.95,2,Mortgage,Home_Improvement,0,0
APP_11433,Self_Employed_Professional,147762.40,740,124741.16,48,0.66,9.68,3,Own_Outright,Medical_Emergency,0,0
APP_11434,Self_Employed_Professional,67306.67,472,21729.02,84,0.14,19.86,3,Mortgage,Education_Tuition,1,1
APP_11435,Small_Business_Owner,34672.56,648,24507.97,48,0.61,12.05,2,Own_Outright,Home_Improvement,0,0
APP_11436,Small_Business_Owner,50465.57,691,26104.42,48,0.29,11.67,3,Own_Outright,Debt_Consolidation,0,0
APP_11437,Salaried_Corporate,66473.72,723,35804.63,36,0.25,11.36,1,Mortgage,Medical_Emergency,0,0
APP_11438,Small_Business_Owner,80981.85,753,23988.58,36,0.14,9.17,1,Rent,Home_Improvement,0,0
APP_11439,Self_Employed_Professional,59578.42,674,34240.86,36,0.48,11.12,2,Rent,Auto_Purchase,0,1
APP_11440,Self_Employed_Professional,164315.89,665,71883.75,36,0.28,10.97,2,Mortgage,Debt_Consolidation,0,0
APP_11441,Salaried_Corporate,167839.20,747,51096.08,12,0.15,10.39,5,Mortgage,Home_Improvement,1,0
APP_11442,Small_Business_Owner,78616.91,765,57857.57,36,0.67,8.20,2,Rent,Home_Improvement,0,0
APP_11443,Salaried_Corporate,56116.82,738,16831.80,24,0.21,9.33,1,Own_Outright,Medical_Emergency,0,0
APP_11444,Salaried_Corporate,78603.08,680,28314.32,36,0.26,13.63,2,Employer_Provided,Home_Improvement,0,0
APP_11445,Salaried_Corporate,36387.96,850,7670.55,60,0.10,6.24,0,Mortgage,Home_Improvement,0,0
APP_11446,Small_Business_Owner,103752.62,695,64675.05,36,0.37,11.98,3,Mortgage,Auto_Purchase,0,0
APP_11447,Small_Business_Owner,71487.37,704,24928.40,36,0.19,12.05,2,Own_Outright,Debt_Consolidation,0,0
APP_11448,Salaried_Corporate,38439.50,796,31540.32,36,0.41,6.19,3,Mortgage,Debt_Consolidation,1,0
APP_11449,Salaried_Corporate,50872.70,789,34037.18,36,0.59,8.92,3,Mortgage,Debt_Consolidation,0,0
APP_11450,Salaried_Corporate,85652.66,736,66879.64,36,0.33,10.93,4,Own_Outright,Debt_Consolidation,0,0
APP_11451,Small_Business_Owner,31277.77,631,8992.12,36,0.12,13.00,2,Mortgage,Home_Improvement,0,0
APP_11452,Self_Employed_Professional,44263.65,697,26462.81,12,0.35,11.59,3,Mortgage,Debt_Consolidation,0,0
APP_11453,Small_Business_Owner,53656.62,724,41094.99,36,0.57,10.80,3,Mortgage,Debt_Consolidation,2,0
APP_11454,Small_Business_Owner,102626.10,817,84467.56,48,0.44,6.12,5,Mortgage,Business_Expansion,1,0
APP_11455,Government_Public,143123.59,850,86611.21,36,0.28,6.23,3,Mortgage,Home_Improvement,0,0
APP_11456,Salaried_Corporate,78466.73,651,63818.60,84,0.31,12.14,3,Mortgage,Education_Tuition,0,1
APP_11457,Government_Public,22000.00,745,5573.46,24,0.21,11.34,1,Rent,Auto_Purchase,0,0
APP_11458,Salaried_Corporate,40032.78,637,7141.63,36,0.14,13.28,1,Mortgage,Debt_Consolidation,0,0
APP_11459,Small_Business_Owner,319030.01,682,150000.00,36,0.35,11.98,2,Mortgage,Home_Improvement,1,0
APP_11460,Self_Employed_Professional,71028.42,634,26431.06,60,0.29,11.95,2,Rent,Home_Improvement,0,0
APP_11461,Government_Public,22000.00,799,17560.36,24,0.68,7.65,0,Rent,Debt_Consolidation,0,0
APP_11462,Salaried_Corporate,192479.93,705,31039.14,36,0.08,11.68,4,Mortgage,Debt_Consolidation,0,0
APP_11463,Small_Business_Owner,36271.84,709,13490.76,36,0.31,9.85,2,Rent,Debt_Consolidation,1,0
APP_11464,Self_Employed_Professional,85653.52,693,33817.98,60,0.16,10.72,0,Rent,Debt_Consolidation,0,0
APP_11465,Retired,39504.39,714,25641.68,36,0.59,9.81,2,Rent,Debt_Consolidation,0,0
APP_11466,Salaried_Corporate,178256.62,717,26970.58,36,0.10,9.35,2,Own_Outright,Debt_Consolidation,0,0
APP_11467,Self_Employed_Professional,34975.32,645,26054.24,36,0.60,11.82,3,Own_Outright,Home_Improvement,1,1
APP_11468,Salaried_Corporate,50848.80,580,40888.24,48,0.52,16.02,4,Employer_Provided,Debt_Consolidation,0,0
APP_11469,Government_Public,106090.49,604,51865.46,12,0.29,13.32,5,Own_Outright,Auto_Purchase,2,1
APP_11470,Small_Business_Owner,51590.54,585,11645.20,36,0.17,13.59,2,Rent,Debt_Consolidation,1,0
APP_11471,Self_Employed_Professional,82360.17,703,15277.42,36,0.10,10.35,4,Mortgage,Medical_Emergency,0,0
APP_11472,Self_Employed_Professional,96164.31,637,31821.31,36,0.23,13.19,3,Rent,Auto_Purchase,0,0
APP_11473,Small_Business_Owner,71661.20,754,17499.97,36,0.09,9.41,2,Employer_Provided,Home_Improvement,1,0
APP_11474,Self_Employed_Professional,40135.27,706,20150.43,60,0.43,9.96,2,Mortgage,Debt_Consolidation,0,0
APP_11475,Salaried_Corporate,46436.68,571,20298.56,36,0.20,15.04,2,Mortgage,Debt_Consolidation,2,1
APP_11476,Small_Business_Owner,55684.54,663,15827.41,24,0.20,12.65,2,Rent,Debt_Consolidation,1,0
APP_11477,Self_Employed_Professional,86190.21,552,63196.50,36,0.63,16.92,6,Rent,Debt_Consolidation,4,1
APP_11478,Salaried_Corporate,95345.59,616,54366.89,36,0.43,14.89,4,Rent,Medical_Emergency,1,1
APP_11479,Self_Employed_Professional,72569.57,658,42700.51,48,0.37,12.78,4,Employer_Provided,Medical_Emergency,0,0
APP_11480,Salaried_Corporate,90759.99,629,57028.05,48,0.41,12.11,1,Mortgage,Home_Improvement,0,0
APP_11481,Small_Business_Owner,32330.38,813,24421.30,48,0.46,6.13,1,Own_Outright,Business_Expansion,0,0
APP_11482,Self_Employed_Professional,75657.11,739,47092.76,84,0.23,10.49,1,Own_Outright,Education_Tuition,0,0
APP_11483,Self_Employed_Professional,64266.96,669,15622.50,12,0.20,13.41,3,Mortgage,Debt_Consolidation,0,0
APP_11484,Salaried_Corporate,82689.77,783,34578.36,48,0.39,7.83,4,Mortgage,Auto_Purchase,1,0
APP_11485,Small_Business_Owner,92829.74,627,47818.83,60,0.40,13.36,0,Own_Outright,Debt_Consolidation,0,0
APP_11486,Small_Business_Owner,41233.48,668,11531.11,36,0.25,11.23,9,Own_Outright,Auto_Purchase,1,0
APP_11487,Small_Business_Owner,62975.47,746,50894.71,48,0.70,10.37,0,Own_Outright,Auto_Purchase,1,0
APP_11488,Self_Employed_Professional,120633.79,617,39401.82,24,0.18,13.02,2,Own_Outright,Home_Improvement,1,0
APP_11489,Self_Employed_Professional,75870.28,735,52384.46,36,0.39,11.20,4,Own_Outright,Home_Improvement,0,0
APP_11490,Self_Employed_Professional,63252.32,709,51621.72,36,0.51,10.50,0,Mortgage,Medical_Emergency,0,0
APP_11491,Salaried_Corporate,38252.39,728,13096.37,24,0.14,9.19,0,Mortgage,Debt_Consolidation,0,0
APP_11492,Salaried_Corporate,84480.30,807,39617.92,48,0.18,5.62,1,Own_Outright,Medical_Emergency,1,0
APP_11493,Salaried_Corporate,35397.01,720,11474.10,36,0.11,9.95,0,Own_Outright,Education_Tuition,1,0
APP_11494,Small_Business_Owner,61066.56,698,44318.81,24,0.48,10.86,1,Rent,Home_Improvement,0,0
APP_11495,Salaried_Corporate,53047.86,593,37487.35,36,0.48,14.47,4,Mortgage,Debt_Consolidation,1,1
APP_11496,Small_Business_Owner,78987.48,704,61241.25,36,0.31,10.75,1,Rent,Home_Improvement,0,0
APP_11497,Self_Employed_Professional,50543.46,659,9799.86,12,0.09,13.46,3,Rent,Medical_Emergency,0,0
APP_11498,Salaried_Corporate,57079.17,682,38130.89,60,0.53,12.03,2,Own_Outright,Home_Improvement,1,0
APP_11499,Salaried_Corporate,43922.45,659,24410.08,84,0.37,12.51,0,Own_Outright,Debt_Consolidation,0,0
APP_11500,Salaried_Corporate,59172.03,722,26416.69,36,0.36,11.01,3,Rent,Medical_Emergency,1,1
APP_11501,Salaried_Corporate,72884.39,626,56313.09,84,0.36,12.81,1,Mortgage,Debt_Consolidation,1,0
APP_11502,Salaried_Corporate,56595.02,704,42850.65,84,0.53,11.31,3,Rent,Home_Improvement,0,0
APP_11503,Small_Business_Owner,57464.14,622,36766.41,36,0.32,14.24,4,Own_Outright,Home_Improvement,0,0
APP_11504,Retired,71256.32,573,19271.20,60,0.25,16.64,3,Mortgage,Education_Tuition,0,0
APP_11505,Salaried_Corporate,103828.33,668,34443.56,48,0.30,10.94,1,Rent,Education_Tuition,0,0
APP_11506,Salaried_Corporate,92510.26,720,23983.84,60,0.14,9.47,4,Mortgage,Auto_Purchase,1,0
APP_11507,Self_Employed_Professional,36967.65,639,12176.01,24,0.15,12.43,1,Mortgage,Auto_Purchase,0,0
APP_11508,Retired,93463.46,699,64603.34,48,0.30,11.30,0,Mortgage,Debt_Consolidation,0,0
APP_11509,Government_Public,122459.25,666,46965.72,36,0.17,12.28,2,Rent,Auto_Purchase,0,0
APP_11510,Government_Public,90904.16,623,31619.30,48,0.25,14.10,1,Mortgage,Auto_Purchase,0,1
APP_11511,Salaried_Corporate,22335.24,726,7241.69,36,0.15,8.27,3,Own_Outright,Auto_Purchase,1,0
APP_11512,Retired,74543.62,648,13815.32,48,0.09,13.93,0,Mortgage,Auto_Purchase,0,0
APP_11513,Salaried_Corporate,123323.64,714,47868.08,60,0.23,10.57,1,Own_Outright,Debt_Consolidation,1,0
APP_11514,Salaried_Corporate,54074.73,595,11686.56,36,0.18,15.10,3,Own_Outright,Debt_Consolidation,0,0
APP_11515,Small_Business_Owner,244034.77,699,132594.97,36,0.23,11.22,1,Mortgage,Auto_Purchase,0,0
APP_11516,Self_Employed_Professional,24807.00,731,6932.33,24,0.12,9.27,3,Mortgage,Debt_Consolidation,0,0
APP_11517,Small_Business_Owner,70669.30,713,24041.26,36,0.13,10.83,2,Mortgage,Debt_Consolidation,0,0
APP_11518,Self_Employed_Professional,91630.96,748,44427.36,84,0.19,9.22,6,Mortgage,Business_Expansion,0,0
APP_11519,Government_Public,71498.95,732,29798.37,48,0.19,9.79,2,Own_Outright,Business_Expansion,0,0
APP_11520,Salaried_Corporate,70919.39,709,26598.60,48,0.31,10.96,3,Own_Outright,Debt_Consolidation,0,0
APP_11521,Salaried_Corporate,41437.45,745,33962.71,60,0.72,9.19,1,Mortgage,Debt_Consolidation,1,0
APP_11522,Small_Business_Owner,51077.88,666,9747.91,36,0.09,11.02,0,Mortgage,Home_Improvement,0,0
APP_11523,Self_Employed_Professional,85660.65,724,65637.38,36,0.35,9.88,0,Own_Outright,Debt_Consolidation,0,0
APP_11524,Salaried_Corporate,25560.87,691,20448.05,36,0.36,12.51,1,Rent,Debt_Consolidation,0,0
APP_11525,Salaried_Corporate,99448.22,810,82296.70,12,0.31,6.49,2,Own_Outright,Debt_Consolidation,1,0
APP_11526,Small_Business_Owner,62860.87,708,47362.13,48,0.64,10.67,1,Rent,Education_Tuition,0,0
APP_11527,Government_Public,84840.10,606,60821.37,60,0.47,14.93,2,Own_Outright,Home_Improvement,1,1
APP_11528,Small_Business_Owner,96845.61,706,30574.78,36,0.17,12.36,2,Rent,Debt_Consolidation,0,0
APP_11529,Small_Business_Owner,354553.94,628,97893.79,36,0.13,13.26,3,Mortgage,Medical_Emergency,1,0
APP_11530,Small_Business_Owner,124171.75,737,71014.51,36,0.26,8.57,2,Own_Outright,Debt_Consolidation,0,0
APP_11531,Salaried_Corporate,38530.93,739,20222.99,48,0.22,10.02,4,Mortgage,Education_Tuition,0,0
APP_11532,Self_Employed_Professional,175040.33,650,114583.93,48,0.49,12.03,1,Rent,Debt_Consolidation,0,0
APP_11533,Self_Employed_Professional,22000.00,623,5109.14,24,0.17,13.88,3,Rent,Debt_Consolidation,0,0
APP_11534,Retired,54193.54,699,18981.59,48,0.15,11.41,4,Rent,Home_Improvement,0,0
APP_11535,Salaried_Corporate,71547.83,631,44400.04,48,0.30,12.98,1,Mortgage,Debt_Consolidation,1,0
APP_11536,Retired,57193.71,636,33076.12,12,0.49,12.96,4,Own_Outright,Debt_Consolidation,0,0
APP_11537,Small_Business_Owner,75116.16,657,29598.10,36,0.26,13.08,3,Rent,Education_Tuition,0,0
APP_11538,Salaried_Corporate,61332.31,731,15557.73,36,0.12,10.65,2,Mortgage,Education_Tuition,0,0
APP_11539,Self_Employed_Professional,117964.39,594,88533.37,60,0.56,14.73,2,Mortgage,Education_Tuition,0,1
APP_11540,Salaried_Corporate,53262.58,641,38977.19,60,0.63,13.14,4,Own_Outright,Medical_Emergency,0,0
APP_11541,Self_Employed_Professional,62815.81,846,15851.29,36,0.14,4.74,3,Mortgage,Debt_Consolidation,0,0
APP_11542,Self_Employed_Professional,146851.22,817,99052.40,36,0.54,6.78,2,Mortgage,Business_Expansion,0,0
APP_11543,Small_Business_Owner,102299.16,769,25507.58,60,0.21,8.09,3,Rent,Medical_Emergency,0,0
APP_11544,Self_Employed_Professional,61301.05,693,28566.58,36,0.26,11.20,1,Rent,Home_Improvement,0,0
APP_11545,Small_Business_Owner,81841.72,739,38979.69,36,0.43,10.62,4,Mortgage,Auto_Purchase,0,0
APP_11546,Salaried_Corporate,153690.21,665,66282.10,36,0.26,11.24,3,Employer_Provided,Home_Improvement,1,0
APP_11547,Government_Public,35487.76,514,13823.03,24,0.16,18.50,2,Rent,Medical_Emergency,3,1
APP_11548,Government_Public,40563.95,653,19360.76,60,0.38,12.73,3,Own_Outright,Auto_Purchase,1,0
APP_11549,Self_Employed_Professional,51094.26,659,33120.22,36,0.29,12.33,2,Rent,Business_Expansion,0,1
APP_11550,Salaried_Corporate,72965.09,692,27853.25,48,0.18,10.48,2,Rent,Auto_Purchase,0,0
APP_11551,Retired,102311.05,721,56894.65,48,0.41,10.35,3,Rent,Education_Tuition,0,0
APP_11552,Small_Business_Owner,46901.69,797,18809.40,48,0.26,9.14,0,Mortgage,Home_Improvement,0,0
APP_11553,Government_Public,43315.31,692,35941.28,24,0.33,9.13,3,Mortgage,Debt_Consolidation,0,0
APP_11554,Salaried_Corporate,36671.64,625,23052.29,36,0.52,12.01,1,Own_Outright,Medical_Emergency,0,0
APP_11555,Government_Public,43303.20,677,32329.74,60,0.27,11.57,1,Mortgage,Home_Improvement,0,0
APP_11556,Salaried_Corporate,49262.20,732,22289.59,36,0.21,10.00,2,Mortgage,Debt_Consolidation,0,0
APP_11557,Self_Employed_Professional,24995.35,683,8234.56,12,0.24,12.25,1,Own_Outright,Medical_Emergency,0,0
APP_11558,Small_Business_Owner,51400.54,638,10552.04,48,0.17,13.47,1,Mortgage,Home_Improvement,0,1
APP_11559,Salaried_Corporate,41262.89,724,29789.21,48,0.45,8.71,4,Mortgage,Home_Improvement,0,0
APP_11560,Salaried_Corporate,61466.47,616,39258.47,36,0.40,14.39,2,Rent,Auto_Purchase,1,0
APP_11561,Self_Employed_Professional,142077.59,633,102986.06,36,0.66,13.15,1,Mortgage,Education_Tuition,0,1
APP_11562,Salaried_Corporate,32304.03,717,20202.95,36,0.33,10.98,5,Own_Outright,Debt_Consolidation,0,0
APP_11563,Self_Employed_Professional,104429.92,639,18426.62,24,0.12,12.50,2,Own_Outright,Auto_Purchase,1,0
APP_11564,Salaried_Corporate,140148.97,667,62702.33,36,0.33,10.84,4,Employer_Provided,Debt_Consolidation,1,0
APP_11565,Salaried_Corporate,102149.40,691,39028.04,84,0.35,10.85,2,Mortgage,Medical_Emergency,0,0
APP_11566,Self_Employed_Professional,77194.32,687,35005.38,48,0.37,11.74,1,Mortgage,Education_Tuition,0,0
APP_11567,Retired,119526.23,627,73820.59,48,0.26,13.81,2,Own_Outright,Education_Tuition,0,0
APP_11568,Self_Employed_Professional,87974.69,711,48066.25,36,0.44,10.50,4,Own_Outright,Debt_Consolidation,2,0
APP_11569,Salaried_Corporate,109077.35,630,64894.53,48,0.43,12.91,2,Rent,Auto_Purchase,0,1
APP_11570,Retired,69800.99,797,20754.37,36,0.24,7.30,6,Mortgage,Education_Tuition,0,0
APP_11571,Government_Public,41062.81,664,20422.33,60,0.20,13.36,2,Mortgage,Debt_Consolidation,0,0
APP_11572,Small_Business_Owner,111713.03,730,35146.78,36,0.28,11.85,5,Mortgage,Home_Improvement,2,0
APP_11573,Self_Employed_Professional,214128.64,738,108731.79,36,0.42,9.86,3,Rent,Auto_Purchase,0,0
APP_11574,Salaried_Corporate,56772.84,667,20240.48,36,0.31,12.89,2,Mortgage,Debt_Consolidation,1,0
APP_11575,Self_Employed_Professional,66846.98,627,20187.74,36,0.27,12.92,2,Mortgage,Medical_Emergency,0,0
APP_11576,Government_Public,69591.65,737,56245.35,36,0.33,10.64,1,Own_Outright,Home_Improvement,0,0
APP_11577,Retired,34164.35,598,11534.08,48,0.28,14.27,6,Mortgage,Home_Improvement,2,1
APP_11578,Salaried_Corporate,45174.06,607,26569.33,48,0.45,13.21,0,Mortgage,Home_Improvement,3,1
APP_11579,Salaried_Corporate,75889.59,729,44660.24,36,0.45,10.77,3,Mortgage,Debt_Consolidation,0,0
APP_11580,Government_Public,63433.78,677,35122.07,48,0.32,11.78,1,Rent,Debt_Consolidation,1,1
APP_11581,Government_Public,66670.82,644,43545.22,24,0.33,14.01,3,Own_Outright,Education_Tuition,0,0
APP_11582,Small_Business_Owner,66965.44,658,38561.99,48,0.41,13.05,2,Own_Outright,Medical_Emergency,0,0
APP_11583,Salaried_Corporate,62799.62,638,46769.14,36,0.39,12.08,8,Own_Outright,Home_Improvement,0,0
APP_11584,Small_Business_Owner,46883.70,832,7868.73,36,0.15,6.29,1,Employer_Provided,Medical_Emergency,0,0
APP_11585,Self_Employed_Professional,80476.16,756,16227.05,60,0.14,8.16,1,Mortgage,Debt_Consolidation,0,0
APP_11586,Salaried_Corporate,76713.48,636,41262.87,24,0.30,14.19,4,Mortgage,Debt_Consolidation,0,0
APP_11587,Salaried_Corporate,44528.51,670,19136.65,48,0.16,12.03,5,Rent,Home_Improvement,2,1
APP_11588,Salaried_Corporate,79748.34,729,23799.46,48,0.13,9.32,3,Own_Outright,Debt_Consolidation,0,0
APP_11589,Self_Employed_Professional,49983.72,627,19840.53,48,0.21,11.88,2,Employer_Provided,Debt_Consolidation,0,0
APP_11590,Salaried_Corporate,88777.64,654,53675.68,84,0.27,13.47,2,Own_Outright,Auto_Purchase,0,0
APP_11591,Self_Employed_Professional,64898.09,671,48491.92,36,0.51,11.65,6,Rent,Education_Tuition,0,0
APP_11592,Salaried_Corporate,79014.74,633,21893.30,24,0.22,13.08,2,Own_Outright,Debt_Consolidation,0,0
APP_11593,Salaried_Corporate,71625.69,761,25400.05,48,0.31,9.08,1,Mortgage,Home_Improvement,1,0
APP_11594,Retired,64515.12,644,16001.31,36,0.18,12.19,4,Rent,Medical_Emergency,0,0
APP_11595,Small_Business_Owner,76663.39,682,64982.29,60,0.59,10.32,1,Own_Outright,Auto_Purchase,1,1
APP_11596,Salaried_Corporate,96659.79,698,15846.12,48,0.08,11.11,2,Mortgage,Debt_Consolidation,1,0
APP_11597,Small_Business_Owner,69858.31,793,18191.79,48,0.23,6.80,0,Mortgage,Auto_Purchase,0,0
APP_11598,Salaried_Corporate,69349.82,684,29081.99,36,0.23,11.40,2,Mortgage,Business_Expansion,0,0
APP_11599,Self_Employed_Professional,56430.00,829,16322.33,36,0.22,5.56,4,Mortgage,Debt_Consolidation,0,0
APP_11600,Salaried_Corporate,29190.30,666,18277.04,60,0.50,11.02,3,Mortgage,Debt_Consolidation,0,0
APP_11601,Government_Public,67183.74,676,11152.83,36,0.06,10.43,2,Mortgage,Auto_Purchase,0,0
APP_11602,Salaried_Corporate,37427.17,751,19102.21,36,0.38,9.13,4,Rent,Debt_Consolidation,0,0
APP_11603,Government_Public,51293.71,815,14755.08,48,0.26,7.63,5,Own_Outright,Debt_Consolidation,0,0
APP_11604,Small_Business_Owner,44814.73,673,26546.97,24,0.45,12.64,4,Mortgage,Education_Tuition,2,1
APP_11605,Salaried_Corporate,47910.64,770,11119.18,48,0.15,8.39,1,Mortgage,Medical_Emergency,0,0
APP_11606,Government_Public,49274.79,745,14202.57,12,0.17,10.41,3,Rent,Medical_Emergency,0,0
APP_11607,Salaried_Corporate,82329.92,641,60183.45,84,0.32,12.57,5,Rent,Medical_Emergency,0,0
APP_11608,Small_Business_Owner,76859.63,689,59952.97,36,0.38,11.93,4,Mortgage,Home_Improvement,0,0
APP_11609,Small_Business_Owner,69558.97,687,28028.15,24,0.36,10.96,0,Employer_Provided,Auto_Purchase,1,0
APP_11610,Salaried_Corporate,114034.12,623,64008.34,48,0.33,13.07,4,Mortgage,Education_Tuition,0,0
APP_11611,Salaried_Corporate,262057.77,701,150000.00,60,0.26,11.50,2,Mortgage,Auto_Purchase,1,0
APP_11612,Government_Public,83145.83,695,56755.75,24,0.40,11.41,1,Mortgage,Home_Improvement,1,0
APP_11613,Salaried_Corporate,99571.19,714,52275.73,12,0.32,10.89,3,Employer_Provided,Auto_Purchase,3,0
APP_11614,Government_Public,75068.12,695,41665.72,36,0.31,9.87,2,Rent,Auto_Purchase,0,0
APP_11615,Salaried_Corporate,88572.08,647,61868.78,48,0.25,13.61,1,Own_Outright,Home_Improvement,1,1
APP_11616,Salaried_Corporate,31858.01,849,16964.17,24,0.30,6.08,2,Own_Outright,Debt_Consolidation,0,0
APP_11617,Salaried_Corporate,22000.00,704,11582.99,36,0.47,10.42,1,Mortgage,Home_Improvement,0,0
APP_11618,Self_Employed_Professional,25557.63,774,8896.77,36,0.18,8.69,3,Mortgage,Home_Improvement,0,0
APP_11619,Retired,49957.86,718,36806.21,60,0.42,11.12,8,Mortgage,Debt_Consolidation,0,0
APP_11620,Salaried_Corporate,122404.96,788,56218.09,60,0.36,7.14,1,Rent,Debt_Consolidation,0,1
APP_11621,Self_Employed_Professional,74229.10,640,39853.54,24,0.24,12.45,3,Own_Outright,Debt_Consolidation,0,0
APP_11622,Salaried_Corporate,55503.60,684,32896.91,48,0.51,11.23,0,Mortgage,Debt_Consolidation,0,0
APP_11623,Salaried_Corporate,85498.02,661,45182.90,36,0.36,10.51,2,Employer_Provided,Home_Improvement,0,0
APP_11624,Salaried_Corporate,77567.45,653,35655.68,36,0.31,12.84,3,Mortgage,Medical_Emergency,0,0
APP_11625,Self_Employed_Professional,35960.66,707,17616.26,24,0.21,11.36,1,Mortgage,Medical_Emergency,0,0
APP_11626,Self_Employed_Professional,81715.70,674,17974.20,48,0.09,12.27,1,Mortgage,Auto_Purchase,0,0
APP_11627,Salaried_Corporate,96235.00,597,69827.67,60,0.62,14.97,0,Employer_Provided,Home_Improvement,4,1
APP_11628,Retired,170308.33,670,35187.83,24,0.10,12.78,4,Mortgage,Auto_Purchase,0,0
APP_11629,Salaried_Corporate,63844.57,665,53688.61,12,0.51,12.06,4,Mortgage,Auto_Purchase,0,0
APP_11630,Government_Public,141803.29,747,117536.25,36,0.54,7.94,3,Mortgage,Auto_Purchase,0,0
APP_11631,Salaried_Corporate,55151.75,596,42336.36,84,0.28,14.72,4,Employer_Provided,Auto_Purchase,0,0
APP_11632,Small_Business_Owner,188510.36,657,38388.62,48,0.16,13.47,0,Mortgage,Debt_Consolidation,0,0
APP_11633,Salaried_Corporate,50627.69,641,8512.83,36,0.11,13.29,1,Own_Outright,Home_Improvement,1,1
APP_11634,Self_Employed_Professional,88361.87,738,51438.99,60,0.52,9.22,3,Rent,Auto_Purchase,0,0
APP_11635,Government_Public,75281.20,655,20009.08,36,0.11,13.13,1,Own_Outright,Debt_Consolidation,0,0
APP_11636,Small_Business_Owner,129366.10,758,104582.05,36,0.36,9.11,3,Mortgage,Debt_Consolidation,0,0
APP_11637,Salaried_Corporate,121742.83,687,74268.56,12,0.31,11.18,1,Mortgage,Home_Improvement,0,0
APP_11638,Small_Business_Owner,41394.28,722,31101.50,12,0.40,10.19,2,Mortgage,Home_Improvement,0,0
APP_11639,Salaried_Corporate,56879.59,762,48114.73,36,0.72,8.41,1,Rent,Education_Tuition,0,0
APP_11640,Salaried_Corporate,172275.23,612,138994.45,48,0.56,14.54,0,Rent,Auto_Purchase,0,1
APP_11641,Self_Employed_Professional,69188.56,674,15472.07,48,0.12,11.10,3,Mortgage,Debt_Consolidation,0,0
APP_11642,Government_Public,95441.59,717,79958.30,60,0.40,10.54,3,Mortgage,Home_Improvement,2,1
APP_11643,Salaried_Corporate,40877.83,703,8142.38,36,0.13,11.47,4,Mortgage,Auto_Purchase,1,0
APP_11644,Small_Business_Owner,59239.64,606,41165.58,36,0.33,14.45,3,Own_Outright,Medical_Emergency,1,0
APP_11645,Government_Public,48102.43,735,32446.78,36,0.27,9.83,4,Mortgage,Home_Improvement,0,0
APP_11646,Self_Employed_Professional,100377.83,693,30019.97,36,0.22,11.19,3,Employer_Provided,Debt_Consolidation,0,0
APP_11647,Self_Employed_Professional,92219.02,698,38509.80,12,0.31,11.38,3,Mortgage,Education_Tuition,0,0
APP_11648,Salaried_Corporate,114762.83,676,67875.36,60,0.23,11.46,2,Mortgage,Home_Improvement,0,0
APP_11649,Salaried_Corporate,40604.11,483,20234.59,12,0.33,18.57,1,Own_Outright,Debt_Consolidation,3,1
APP_11650,Salaried_Corporate,84702.55,725,54439.08,84,0.45,9.27,5,Rent,Debt_Consolidation,0,0
APP_11651,Self_Employed_Professional,66774.92,728,16142.19,60,0.18,9.66,3,Mortgage,Auto_Purchase,0,0
APP_11652,Salaried_Corporate,22024.06,663,9579.79,24,0.15,10.61,5,Rent,Medical_Emergency,0,0
APP_11653,Self_Employed_Professional,81506.50,594,53151.12,24,0.54,14.71,4,Mortgage,Debt_Consolidation,0,0
APP_11654,Self_Employed_Professional,118350.31,655,18418.20,48,0.10,12.99,3,Own_Outright,Home_Improvement,1,0
APP_11655,Salaried_Corporate,134166.25,755,81199.99,36,0.36,8.86,5,Own_Outright,Business_Expansion,0,0
APP_11656,Small_Business_Owner,65126.92,663,34426.47,48,0.32,12.95,2,Rent,Home_Improvement,0,0
APP_11657,Self_Employed_Professional,96114.84,691,76644.82,36,0.50,12.28,2,Own_Outright,Home_Improvement,0,1
APP_11658,Self_Employed_Professional,84577.05,668,69649.86,60,0.71,12.02,3,Mortgage,Debt_Consolidation,2,1
APP_11659,Self_Employed_Professional,47001.71,710,29720.69,36,0.48,9.73,1,Rent,Debt_Consolidation,0,0
APP_11660,Salaried_Corporate,44200.94,604,23300.52,36,0.28,15.20,5,Mortgage,Education_Tuition,0,1
APP_11661,Self_Employed_Professional,64760.87,677,33767.23,84,0.19,12.42,3,Mortgage,Debt_Consolidation,0,0
APP_11662,Small_Business_Owner,59510.51,761,27447.26,48,0.27,9.05,2,Mortgage,Debt_Consolidation,0,0
APP_11663,Small_Business_Owner,68850.70,630,47843.89,48,0.32,12.98,3,Own_Outright,Debt_Consolidation,0,0
APP_11664,Small_Business_Owner,54831.46,672,21056.10,60,0.27,12.19,2,Rent,Debt_Consolidation,0,0
APP_11665,Salaried_Corporate,72810.04,758,23263.93,84,0.23,8.55,0,Own_Outright,Home_Improvement,0,0
APP_11666,Small_Business_Owner,40950.66,739,18798.08,60,0.25,8.90,2,Own_Outright,Education_Tuition,0,0
APP_11667,Salaried_Corporate,131345.78,719,50281.09,48,0.33,10.49,2,Mortgage,Debt_Consolidation,1,0
APP_11668,Salaried_Corporate,29174.22,715,21004.38,24,0.68,9.57,3,Employer_Provided,Debt_Consolidation,1,0
APP_11669,Salaried_Corporate,63801.59,714,21860.73,60,0.22,10.99,1,Mortgage,Home_Improvement,0,0
APP_11670,Government_Public,60378.24,675,26049.19,60,0.27,12.01,2,Mortgage,Education_Tuition,1,0
APP_11671,Self_Employed_Professional,62258.16,762,21110.96,36,0.14,8.57,5,Rent,Education_Tuition,0,0
APP_11672,Government_Public,45261.78,660,23843.26,48,0.46,12.29,0,Rent,Business_Expansion,1,0
APP_11673,Self_Employed_Professional,33524.20,625,12212.26,36,0.16,12.72,0,Mortgage,Debt_Consolidation,0,0
APP_11674,Government_Public,73729.46,600,43402.91,36,0.43,13.66,3,Own_Outright,Medical_Emergency,1,0
APP_11675,Self_Employed_Professional,60343.01,650,43109.02,24,0.53,14.07,0,Rent,Medical_Emergency,0,1
APP_11676,Self_Employed_Professional,78670.27,649,53086.15,48,0.38,12.59,5,Mortgage,Debt_Consolidation,0,1
APP_11677,Salaried_Corporate,31492.71,644,11372.43,36,0.15,11.76,1,Employer_Provided,Medical_Emergency,1,0
APP_11678,Self_Employed_Professional,143266.15,614,78200.19,36,0.41,14.71,4,Mortgage,Medical_Emergency,3,1
APP_11679,Self_Employed_Professional,63835.62,714,26674.86,60,0.23,9.56,3,Own_Outright,Medical_Emergency,0,0
APP_11680,Salaried_Corporate,22000.00,628,13313.02,24,0.27,13.93,0,Mortgage,Debt_Consolidation,1,0
APP_11681,Salaried_Corporate,72038.11,726,54754.49,84,0.68,11.13,3,Mortgage,Debt_Consolidation,2,0
APP_11682,Salaried_Corporate,53510.65,737,39500.56,36,0.47,9.38,1,Mortgage,Home_Improvement,0,0
APP_11683,Salaried_Corporate,39737.58,850,30640.01,60,0.59,6.43,4,Mortgage,Debt_Consolidation,0,0
APP_11684,Self_Employed_Professional,115198.40,660,49750.78,24,0.23,12.91,1,Rent,Debt_Consolidation,1,0
APP_11685,Self_Employed_Professional,100546.10,680,72183.96,12,0.32,12.86,3,Own_Outright,Medical_Emergency,0,1
APP_11686,Government_Public,77172.30,641,31922.49,36,0.15,13.47,1,Mortgage,Debt_Consolidation,1,0
APP_11687,Self_Employed_Professional,68504.61,614,15147.52,36,0.12,13.55,2,Own_Outright,Debt_Consolidation,2,0
APP_11688,Small_Business_Owner,83048.80,663,46684.01,48,0.21,10.55,0,Mortgage,Debt_Consolidation,1,0
APP_11689,Self_Employed_Professional,32530.59,640,18462.22,36,0.54,12.40,2,Own_Outright,Debt_Consolidation,0,1
APP_11690,Small_Business_Owner,72132.35,613,49240.20,36,0.33,13.61,1,Own_Outright,Debt_Consolidation,1,0
APP_11691,Salaried_Corporate,115487.39,705,85267.44,60,0.31,11.50,4,Mortgage,Auto_Purchase,0,0
APP_11692,Salaried_Corporate,105664.96,620,82067.14,36,0.66,14.73,0,Own_Outright,Auto_Purchase,0,1
APP_11693,Salaried_Corporate,41242.90,727,26457.08,36,0.53,9.04,2,Mortgage,Debt_Consolidation,0,0
APP_11694,Self_Employed_Professional,71933.84,746,42346.61,48,0.56,10.21,0,Rent,Medical_Emergency,0,0
APP_11695,Salaried_Corporate,39924.40,634,6424.04,36,0.08,12.64,2,Own_Outright,Debt_Consolidation,1,0
APP_11696,Self_Employed_Professional,71016.92,781,16297.96,36,0.09,7.31,2,Mortgage,Debt_Consolidation,0,0
APP_11697,Government_Public,47170.00,716,11699.18,36,0.19,9.20,2,Mortgage,Auto_Purchase,0,0
APP_11698,Small_Business_Owner,44734.33,685,14825.62,36,0.28,11.69,4,Mortgage,Business_Expansion,1,0
APP_11699,Salaried_Corporate,77741.98,574,60270.94,36,0.43,14.94,1,Rent,Debt_Consolidation,0,1
APP_11700,Self_Employed_Professional,47734.54,579,31421.00,12,0.60,16.28,1,Rent,Auto_Purchase,1,1
APP_11701,Self_Employed_Professional,46276.62,792,27454.61,36,0.48,6.86,0,Employer_Provided,Debt_Consolidation,1,0
APP_11702,Government_Public,77515.77,776,18378.27,36,0.14,8.74,1,Rent,Auto_Purchase,0,0
APP_11703,Small_Business_Owner,33973.16,794,20675.23,12,0.48,6.54,0,Rent,Medical_Emergency,0,0
APP_11704,Salaried_Corporate,57244.96,811,37844.85,60,0.23,7.73,3,Mortgage,Home_Improvement,0,0
APP_11705,Government_Public,33134.58,779,12112.93,60,0.20,8.14,1,Own_Outright,Auto_Purchase,0,0
APP_11706,Salaried_Corporate,35962.79,705,11529.83,24,0.14,10.94,2,Mortgage,Medical_Emergency,0,0
APP_11707,Salaried_Corporate,112063.12,726,70662.53,36,0.34,9.66,2,Rent,Business_Expansion,0,0
APP_11708,Salaried_Corporate,54865.59,646,12853.85,36,0.11,12.49,1,Employer_Provided,Home_Improvement,0,0
APP_11709,Salaried_Corporate,47917.78,706,26696.62,24,0.43,11.07,1,Rent,Business_Expansion,0,0
APP_11710,Salaried_Corporate,97044.48,738,80813.01,12,0.71,10.97,3,Rent,Auto_Purchase,0,0
APP_11711,Salaried_Corporate,136926.14,740,22903.05,48,0.08,8.61,0,Rent,Home_Improvement,1,0
APP_11712,Salaried_Corporate,74104.67,682,20579.39,12,0.17,11.26,0,Mortgage,Home_Improvement,0,0
APP_11713,Salaried_Corporate,104749.20,558,54586.12,60,0.37,15.49,1,Own_Outright,Education_Tuition,3,1
APP_11714,Government_Public,51625.42,592,10308.16,48,0.09,13.55,4,Rent,Medical_Emergency,1,0
APP_11715,Small_Business_Owner,67810.45,721,43767.48,48,0.37,8.91,3,Own_Outright,Debt_Consolidation,1,0
APP_11716,Small_Business_Owner,66389.70,657,13710.65,60,0.10,11.84,4,Own_Outright,Debt_Consolidation,0,0
APP_11717,Small_Business_Owner,76552.43,733,21750.62,24,0.20,9.38,4,Mortgage,Debt_Consolidation,0,0
APP_11718,Small_Business_Owner,102138.57,611,54480.46,36,0.47,15.21,2,Mortgage,Debt_Consolidation,2,0
APP_11719,Salaried_Corporate,34156.66,779,24619.06,24,0.45,8.84,3,Rent,Debt_Consolidation,0,0
APP_11720,Government_Public,44331.23,629,18036.61,36,0.31,12.78,1,Rent,Medical_Emergency,0,0
APP_11721,Salaried_Corporate,53189.97,786,10077.75,36,0.15,8.42,2,Own_Outright,Home_Improvement,0,0
APP_11722,Self_Employed_Professional,42763.01,589,16826.91,24,0.37,14.23,3,Mortgage,Debt_Consolidation,0,0
APP_11723,Government_Public,73380.36,729,14791.56,48,0.15,9.77,2,Mortgage,Debt_Consolidation,0,0
APP_11724,Salaried_Corporate,72970.44,629,20566.57,36,0.13,13.69,3,Own_Outright,Debt_Consolidation,1,1
APP_11725,Salaried_Corporate,67939.54,689,32455.76,24,0.17,12.97,2,Mortgage,Medical_Emergency,1,0
APP_11726,Government_Public,55203.87,760,42319.09,60,0.33,8.95,4,Mortgage,Home_Improvement,0,0
APP_11727,Self_Employed_Professional,121357.37,749,94111.74,24,0.33,7.94,0,Mortgage,Business_Expansion,0,0
APP_11728,Salaried_Corporate,72946.27,636,46897.02,24,0.43,13.78,1,Mortgage,Medical_Emergency,0,0
APP_11729,Retired,61846.12,650,45743.34,12,0.45,13.59,2,Mortgage,Auto_Purchase,0,0
APP_11730,Government_Public,68182.59,588,35755.42,36,0.38,15.62,2,Rent,Debt_Consolidation,1,1
APP_11731,Government_Public,92498.65,574,75745.57,60,0.33,14.61,2,Own_Outright,Auto_Purchase,3,0
APP_11732,Salaried_Corporate,72858.26,636,53495.09,60,0.62,13.28,2,Own_Outright,Auto_Purchase,0,0
APP_11733,Government_Public,44851.49,634,27357.30,48,0.25,13.24,2,Employer_Provided,Business_Expansion,0,0
APP_11734,Self_Employed_Professional,146280.08,592,45898.40,36,0.24,16.18,2,Own_Outright,Medical_Emergency,1,0
APP_11735,Small_Business_Owner,81461.51,677,55617.19,60,0.52,12.20,2,Rent,Education_Tuition,0,0
APP_11736,Salaried_Corporate,39402.87,688,30046.85,48,0.53,12.69,1,Mortgage,Education_Tuition,0,1
APP_11737,Self_Employed_Professional,29227.21,689,14176.05,60,0.22,10.71,3,Mortgage,Education_Tuition,0,0
APP_11738,Salaried_Corporate,90216.31,638,36486.39,36,0.29,12.94,0,Mortgage,Medical_Emergency,0,0
APP_11739,Government_Public,118380.13,652,47986.52,36,0.37,12.18,6,Employer_Provided,Debt_Consolidation,0,0
APP_11740,Self_Employed_Professional,81096.76,669,54864.79,12,0.56,12.78,0,Rent,Medical_Emergency,0,1
APP_11741,Self_Employed_Professional,87178.02,743,71050.69,36,0.35,10.25,2,Own_Outright,Education_Tuition,0,0
APP_11742,Salaried_Corporate,88171.64,646,37944.84,60,0.24,13.14,2,Rent,Business_Expansion,0,0
APP_11743,Salaried_Corporate,66312.95,581,14889.03,48,0.18,15.23,4,Mortgage,Business_Expansion,2,1
APP_11744,Self_Employed_Professional,31049.39,669,5572.80,48,0.08,12.33,2,Own_Outright,Home_Improvement,0,0
APP_11745,Small_Business_Owner,48315.32,662,35372.76,36,0.57,11.14,4,Mortgage,Auto_Purchase,1,0
APP_11746,Self_Employed_Professional,94613.55,585,34772.82,36,0.33,14.68,1,Own_Outright,Home_Improvement,1,0
APP_11747,Salaried_Corporate,86139.45,664,62547.31,84,0.38,11.91,1,Mortgage,Medical_Emergency,0,0
APP_11748,Self_Employed_Professional,60594.88,632,14005.28,36,0.09,13.31,1,Own_Outright,Home_Improvement,0,0
APP_11749,Salaried_Corporate,51706.22,685,9183.28,24,0.11,10.90,2,Own_Outright,Debt_Consolidation,0,0
APP_11750,Self_Employed_Professional,71556.14,717,26241.69,36,0.20,9.59,1,Own_Outright,Home_Improvement,0,0
APP_11751,Self_Employed_Professional,56703.51,655,21035.04,48,0.24,11.22,1,Mortgage,Debt_Consolidation,0,1
APP_11752,Salaried_Corporate,63844.97,723,54157.24,36,0.45,10.40,3,Own_Outright,Home_Improvement,0,0
APP_11753,Salaried_Corporate,70228.24,670,22273.31,12,0.21,10.86,4,Mortgage,Medical_Emergency,0,0
APP_11754,Self_Employed_Professional,46642.00,673,31201.20,48,0.30,12.65,3,Mortgage,Debt_Consolidation,1,0
APP_11755,Self_Employed_Professional,94847.40,670,75372.15,48,0.36,12.22,1,Own_Outright,Medical_Emergency,0,0
APP_11756,Salaried_Corporate,61444.27,677,42876.67,36,0.41,12.42,3,Mortgage,Debt_Consolidation,0,0
APP_11757,Self_Employed_Professional,82405.82,601,68559.52,24,0.34,13.73,3,Own_Outright,Debt_Consolidation,0,1
APP_11758,Self_Employed_Professional,68088.59,571,18194.00,24,0.25,17.01,2,Mortgage,Debt_Consolidation,0,0
APP_11759,Salaried_Corporate,132457.89,763,83243.01,36,0.34,10.40,1,Own_Outright,Debt_Consolidation,0,0
APP_11760,Salaried_Corporate,84483.29,704,43544.57,36,0.24,10.77,2,Own_Outright,Education_Tuition,0,0
APP_11761,Salaried_Corporate,79492.49,655,60334.51,24,0.59,12.81,2,Mortgage,Auto_Purchase,0,0
APP_11762,Small_Business_Owner,78204.11,759,52402.06,60,0.40,8.76,1,Mortgage,Medical_Emergency,0,0
APP_11763,Salaried_Corporate,169023.12,850,117521.15,60,0.64,6.31,2,Own_Outright,Medical_Emergency,1,0
APP_11764,Retired,64869.99,592,27272.84,24,0.16,15.40,4,Rent,Medical_Emergency,1,0
APP_11765,Self_Employed_Professional,71236.36,687,44439.79,36,0.40,9.93,1,Mortgage,Auto_Purchase,0,0
APP_11766,Small_Business_Owner,69366.58,733,53196.56,36,0.38,9.04,2,Mortgage,Home_Improvement,0,0
APP_11767,Retired,27318.10,584,7868.64,36,0.22,15.36,5,Rent,Debt_Consolidation,1,1
APP_11768,Salaried_Corporate,68999.61,591,11867.60,36,0.12,15.42,4,Mortgage,Education_Tuition,1,1
APP_11769,Self_Employed_Professional,104539.82,752,38475.78,36,0.18,9.14,2,Mortgage,Home_Improvement,1,0
APP_11770,Salaried_Corporate,83420.70,686,62914.95,36,0.50,10.03,5,Mortgage,Education_Tuition,1,0
APP_11771,Salaried_Corporate,130611.18,645,62088.37,24,0.39,13.30,2,Employer_Provided,Education_Tuition,0,0
APP_11772,Small_Business_Owner,94230.85,583,31084.35,48,0.31,16.54,3,Own_Outright,Home_Improvement,2,0
APP_11773,Salaried_Corporate,82943.70,711,65321.96,36,0.38,8.65,2,Mortgage,Business_Expansion,0,0
APP_11774,Government_Public,98713.72,599,17723.70,12,0.07,15.26,2,Mortgage,Debt_Consolidation,1,1
APP_11775,Small_Business_Owner,77974.85,624,55720.09,36,0.49,15.08,3,Mortgage,Medical_Emergency,0,0
APP_11776,Self_Employed_Professional,58320.99,628,41370.44,24,0.38,14.22,2,Mortgage,Medical_Emergency,0,0
APP_11777,Self_Employed_Professional,62452.59,668,32057.84,36,0.41,11.97,2,Employer_Provided,Education_Tuition,2,0
APP_11778,Government_Public,22643.61,618,7578.42,24,0.27,14.55,3,Own_Outright,Home_Improvement,1,1
APP_11779,Salaried_Corporate,135642.69,628,61607.82,36,0.21,13.40,2,Own_Outright,Debt_Consolidation,0,0
APP_11780,Small_Business_Owner,60522.77,751,24082.31,36,0.25,9.49,4,Rent,Debt_Consolidation,0,0
APP_11781,Salaried_Corporate,41375.53,701,10309.83,36,0.09,10.92,3,Mortgage,Home_Improvement,1,0
APP_11782,Salaried_Corporate,56114.86,691,31791.66,36,0.45,11.30,3,Mortgage,Home_Improvement,0,0
APP_11783,Salaried_Corporate,145906.03,718,41872.28,48,0.20,9.63,3,Mortgage,Home_Improvement,0,0
APP_11784,Salaried_Corporate,68345.46,621,57907.70,60,0.72,13.35,2,Rent,Medical_Emergency,0,0
APP_11785,Salaried_Corporate,74282.66,714,41010.92,36,0.30,11.68,1,Mortgage,Home_Improvement,0,0
APP_11786,Small_Business_Owner,169191.57,718,39230.70,36,0.17,9.74,4,Own_Outright,Debt_Consolidation,0,0
APP_11787,Self_Employed_Professional,96369.45,623,55915.50,60,0.40,12.08,0,Mortgage,Debt_Consolidation,0,0
APP_11788,Government_Public,58123.11,729,24184.27,36,0.28,12.66,1,Mortgage,Education_Tuition,0,0
APP_11789,Small_Business_Owner,30793.99,705,8621.43,36,0.17,10.36,3,Mortgage,Auto_Purchase,0,0
APP_11790,Government_Public,88217.19,707,31584.54,48,0.20,10.42,2,Mortgage,Home_Improvement,1,0
APP_11791,Government_Public,48766.46,798,16050.80,36,0.16,7.05,1,Rent,Home_Improvement,0,0
APP_11792,Small_Business_Owner,89050.79,698,49680.57,12,0.43,10.97,3,Rent,Debt_Consolidation,0,0
APP_11793,Salaried_Corporate,64751.00,630,22208.55,48,0.27,12.79,0,Rent,Debt_Consolidation,0,0
APP_11794,Salaried_Corporate,79534.45,698,14599.53,48,0.14,12.15,2,Own_Outright,Auto_Purchase,0,0
APP_11795,Salaried_Corporate,99025.53,691,71552.36,36,0.68,11.05,2,Mortgage,Debt_Consolidation,0,0
APP_11796,Salaried_Corporate,30388.94,618,10630.16,12,0.19,12.99,0,Own_Outright,Debt_Consolidation,2,0
APP_11797,Government_Public,70117.36,558,25471.00,60,0.16,13.69,3,Mortgage,Home_Improvement,3,1
APP_11798,Self_Employed_Professional,65631.76,686,29752.01,48,0.17,12.26,1,Rent,Education_Tuition,0,0
APP_11799,Government_Public,75324.94,751,53127.10,36,0.30,8.70,2,Own_Outright,Home_Improvement,0,0
APP_11800,Salaried_Corporate,83031.58,752,48206.15,24,0.30,9.32,2,Mortgage,Medical_Emergency,0,0
APP_11801,Government_Public,70855.67,708,14976.88,36,0.08,9.85,1,Rent,Education_Tuition,0,1
APP_11802,Salaried_Corporate,49437.60,792,23322.61,12,0.43,7.66,2,Mortgage,Education_Tuition,1,0
APP_11803,Salaried_Corporate,39805.82,701,27055.45,36,0.37,10.83,3,Rent,Home_Improvement,0,0
APP_11804,Government_Public,32387.65,677,5781.74,84,0.16,12.45,4,Mortgage,Debt_Consolidation,1,0
APP_11805,Salaried_Corporate,69832.39,703,12450.32,48,0.10,10.91,1,Rent,Medical_Emergency,0,0
APP_11806,Small_Business_Owner,83869.83,642,53793.56,84,0.43,12.07,1,Employer_Provided,Education_Tuition,0,0
APP_11807,Salaried_Corporate,56731.96,608,28427.53,36,0.35,16.11,2,Mortgage,Medical_Emergency,0,0
APP_11808,Government_Public,96166.22,626,25449.66,24,0.16,13.89,4,Own_Outright,Business_Expansion,0,0
APP_11809,Self_Employed_Professional,62848.72,659,38914.76,84,0.35,11.60,1,Mortgage,Medical_Emergency,0,0
APP_11810,Small_Business_Owner,63669.84,746,13196.06,60,0.15,9.38,1,Rent,Debt_Consolidation,0,0
APP_11811,Self_Employed_Professional,34641.15,596,15978.13,36,0.41,14.93,1,Own_Outright,Home_Improvement,1,1
APP_11812,Self_Employed_Professional,54202.65,627,39237.63,24,0.58,13.89,4,Employer_Provided,Education_Tuition,0,1
APP_11813,Self_Employed_Professional,100138.07,742,27436.37,48,0.17,9.67,2,Rent,Debt_Consolidation,0,0
APP_11814,Self_Employed_Professional,124106.73,667,69840.06,12,0.46,12.27,2,Mortgage,Medical_Emergency,0,0
APP_11815,Small_Business_Owner,60740.31,677,24875.28,60,0.30,12.44,0,Mortgage,Home_Improvement,2,0
APP_11816,Salaried_Corporate,97754.14,666,75792.72,48,0.51,12.69,4,Own_Outright,Home_Improvement,0,1
APP_11817,Small_Business_Owner,125053.33,816,75360.33,24,0.53,7.32,1,Mortgage,Home_Improvement,0,0
APP_11818,Salaried_Corporate,43398.46,726,17421.45,24,0.26,8.53,4,Mortgage,Home_Improvement,0,0
APP_11819,Salaried_Corporate,76332.42,706,37589.42,12,0.30,9.28,1,Own_Outright,Education_Tuition,0,0
APP_11820,Self_Employed_Professional,72088.47,703,37358.17,48,0.39,10.14,2,Own_Outright,Debt_Consolidation,0,0
APP_11821,Self_Employed_Professional,107340.26,717,90068.92,24,0.51,10.08,0,Own_Outright,Auto_Purchase,1,0
APP_11822,Small_Business_Owner,45442.21,810,30524.74,36,0.35,6.33,1,Mortgage,Debt_Consolidation,0,0
APP_11823,Retired,76272.58,666,49559.59,36,0.43,11.29,3,Mortgage,Debt_Consolidation,0,0
APP_11824,Self_Employed_Professional,58909.63,701,49400.43,36,0.72,11.04,1,Mortgage,Debt_Consolidation,0,0
APP_11825,Retired,80116.52,692,20609.06,48,0.17,10.47,3,Rent,Debt_Consolidation,0,0
APP_11826,Self_Employed_Professional,114648.43,749,54688.90,24,0.45,7.20,3,Own_Outright,Home_Improvement,1,0
APP_11827,Salaried_Corporate,128641.32,801,105900.78,24,0.69,6.17,0,Own_Outright,Debt_Consolidation,0,0
APP_11828,Small_Business_Owner,115102.74,652,85941.65,36,0.48,12.12,2,Employer_Provided,Debt_Consolidation,1,1
APP_11829,Salaried_Corporate,42377.94,719,12435.13,60,0.16,10.00,5,Rent,Education_Tuition,1,0
APP_11830,Retired,53486.14,701,23802.41,36,0.33,11.57,1,Mortgage,Medical_Emergency,0,0
APP_11831,Salaried_Corporate,104074.32,599,29301.12,36,0.26,14.86,2,Rent,Business_Expansion,2,1
APP_11832,Salaried_Corporate,86870.35,753,55639.64,36,0.38,7.38,2,Mortgage,Auto_Purchase,1,0
APP_11833,Self_Employed_Professional,58793.02,792,34224.86,24,0.28,8.74,3,Rent,Home_Improvement,0,0
APP_11834,Salaried_Corporate,43808.95,743,24395.52,48,0.24,9.18,0,Mortgage,Home_Improvement,0,0
APP_11835,Salaried_Corporate,22000.00,649,17207.15,36,0.52,12.77,1,Mortgage,Business_Expansion,0,0
APP_11836,Salaried_Corporate,32293.66,602,7113.31,84,0.14,14.50,2,Rent,Home_Improvement,1,1
APP_11837,Government_Public,57672.68,732,46619.65,36,0.53,9.05,1,Own_Outright,Home_Improvement,0,0
APP_11838,Salaried_Corporate,58068.19,620,28405.53,36,0.31,14.21,1,Mortgage,Debt_Consolidation,1,0
APP_11839,Self_Employed_Professional,79617.15,626,13448.73,36,0.12,11.98,2,Rent,Debt_Consolidation,0,0
APP_11840,Self_Employed_Professional,86745.68,704,68559.62,24,0.42,11.81,2,Mortgage,Education_Tuition,1,0
APP_11841,Government_Public,182875.63,738,146637.15,12,0.51,9.67,3,Mortgage,Debt_Consolidation,0,0
APP_11842,Government_Public,46797.34,668,37934.58,60,0.49,12.32,5,Mortgage,Debt_Consolidation,1,0
APP_11843,Government_Public,27500.83,677,20195.41,84,0.49,12.13,4,Rent,Auto_Purchase,0,0
APP_11844,Salaried_Corporate,43564.37,683,15025.27,24,0.21,11.14,4,Own_Outright,Education_Tuition,1,0
APP_11845,Self_Employed_Professional,140720.47,630,49326.88,84,0.26,14.41,5,Own_Outright,Education_Tuition,0,1
APP_11846,Government_Public,66556.02,665,25267.73,36,0.29,11.56,2,Own_Outright,Medical_Emergency,0,0
APP_11847,Salaried_Corporate,104356.57,585,32130.96,48,0.18,14.21,9,Own_Outright,Debt_Consolidation,0,0
APP_11848,Salaried_Corporate,51365.11,738,40363.01,84,0.62,9.64,1,Mortgage,Home_Improvement,0,0
APP_11849,Government_Public,52805.04,850,27689.22,84,0.47,4.40,2,Mortgage,Debt_Consolidation,1,0
APP_11850,Salaried_Corporate,30595.66,694,10290.28,36,0.27,10.65,4,Mortgage,Debt_Consolidation,0,0
APP_11851,Salaried_Corporate,57020.35,767,39376.66,36,0.56,8.69,0,Rent,Education_Tuition,0,0
APP_11852,Salaried_Corporate,66495.59,673,39191.96,48,0.47,12.44,4,Rent,Education_Tuition,0,0
APP_11853,Salaried_Corporate,97771.74,602,40623.23,24,0.24,14.37,4,Mortgage,Debt_Consolidation,0,1
APP_11854,Retired,85175.97,836,67282.30,36,0.72,5.28,4,Mortgage,Home_Improvement,0,0
APP_11855,Salaried_Corporate,161812.35,635,87193.61,60,0.25,12.95,2,Own_Outright,Business_Expansion,1,1
APP_11856,Salaried_Corporate,61745.63,752,36413.06,24,0.31,8.48,4,Mortgage,Home_Improvement,0,0
APP_11857,Salaried_Corporate,73801.25,704,12755.70,36,0.08,10.66,3,Own_Outright,Debt_Consolidation,0,0
APP_11858,Self_Employed_Professional,65708.26,767,38828.11,36,0.38,7.98,3,Own_Outright,Debt_Consolidation,1,0
APP_11859,Small_Business_Owner,48397.61,686,21246.14,36,0.35,10.61,6,Own_Outright,Home_Improvement,1,1
APP_11860,Self_Employed_Professional,79566.51,614,53598.38,24,0.34,13.09,5,Mortgage,Home_Improvement,3,1
APP_11861,Self_Employed_Professional,58450.21,647,10559.95,60,0.17,11.32,1,Rent,Auto_Purchase,0,0
APP_11862,Self_Employed_Professional,139865.26,843,58758.73,48,0.31,6.62,1,Mortgage,Debt_Consolidation,0,0
APP_11863,Salaried_Corporate,46385.95,711,9088.15,24,0.18,11.06,1,Mortgage,Home_Improvement,0,0
APP_11864,Salaried_Corporate,56788.11,832,45540.80,36,0.57,5.16,1,Mortgage,Debt_Consolidation,0,0
APP_11865,Government_Public,37809.37,666,16784.05,12,0.31,12.63,1,Rent,Debt_Consolidation,0,0
APP_11866,Government_Public,77054.57,736,19065.66,24,0.23,9.63,5,Rent,Debt_Consolidation,1,0
APP_11867,Salaried_Corporate,36410.63,607,24404.37,36,0.61,13.19,1,Own_Outright,Home_Improvement,1,0
APP_11868,Government_Public,65930.13,692,50587.71,36,0.59,10.33,3,Own_Outright,Home_Improvement,0,0
APP_11869,Government_Public,39103.72,835,27088.99,36,0.29,5.92,3,Own_Outright,Debt_Consolidation,0,0
APP_11870,Small_Business_Owner,42504.75,639,31681.52,36,0.31,13.67,5,Mortgage,Business_Expansion,0,0
APP_11871,Small_Business_Owner,46900.42,645,34839.05,36,0.28,13.33,6,Mortgage,Debt_Consolidation,1,1
APP_11872,Retired,91883.35,744,77414.07,84,0.37,8.87,1,Mortgage,Auto_Purchase,0,0
APP_11873,Salaried_Corporate,63414.46,697,25641.86,60,0.27,11.36,1,Own_Outright,Education_Tuition,0,0
APP_11874,Salaried_Corporate,62614.95,813,24670.30,12,0.24,6.70,1,Own_Outright,Debt_Consolidation,0,0
APP_11875,Retired,85228.84,674,19442.87,36,0.17,11.23,5,Employer_Provided,Debt_Consolidation,0,0
APP_11876,Self_Employed_Professional,49166.35,694,36888.84,24,0.66,11.87,0,Own_Outright,Debt_Consolidation,1,0
APP_11877,Small_Business_Owner,27321.11,711,21894.47,48,0.46,10.61,2,Own_Outright,Education_Tuition,0,0
APP_11878,Salaried_Corporate,40355.58,620,14029.18,60,0.30,14.17,4,Employer_Provided,Home_Improvement,0,0
APP_11879,Salaried_Corporate,58182.18,606,33777.56,48,0.52,13.38,1,Mortgage,Debt_Consolidation,1,1
APP_11880,Retired,64729.45,600,20807.73,48,0.24,14.06,3,Own_Outright,Debt_Consolidation,4,1
APP_11881,Salaried_Corporate,85087.62,475,64103.28,60,0.64,19.62,2,Rent,Debt_Consolidation,1,1
APP_11882,Self_Employed_Professional,61984.67,684,9596.47,24,0.14,11.23,3,Own_Outright,Medical_Emergency,0,0
APP_11883,Salaried_Corporate,104570.33,605,66567.03,48,0.40,14.12,1,Rent,Medical_Emergency,0,1
APP_11884,Retired,77861.53,655,41271.43,24,0.35,11.65,1,Own_Outright,Home_Improvement,0,0
APP_11885,Salaried_Corporate,35113.69,756,12297.90,12,0.23,9.03,2,Rent,Debt_Consolidation,0,0
APP_11886,Government_Public,22000.00,629,17514.70,48,0.50,12.57,2,Mortgage,Auto_Purchase,1,0
APP_11887,Salaried_Corporate,42052.10,735,20424.50,36,0.45,9.92,2,Rent,Education_Tuition,0,0
APP_11888,Retired,70405.53,587,36411.78,12,0.21,14.15,3,Mortgage,Home_Improvement,1,0
APP_11889,Salaried_Corporate,78195.75,645,16287.48,12,0.12,12.69,8,Mortgage,Auto_Purchase,0,0
APP_11890,Government_Public,63104.67,803,27659.14,84,0.39,8.45,2,Mortgage,Education_Tuition,1,0
APP_11891,Self_Employed_Professional,69849.96,662,18252.43,24,0.21,12.54,0,Own_Outright,Home_Improvement,0,0
APP_11892,Salaried_Corporate,119880.37,774,64494.89,36,0.28,7.95,3,Mortgage,Debt_Consolidation,1,0
APP_11893,Salaried_Corporate,66589.89,843,36949.39,36,0.41,6.44,2,Mortgage,Home_Improvement,0,0
APP_11894,Small_Business_Owner,77454.11,663,24853.85,60,0.11,11.63,2,Own_Outright,Debt_Consolidation,0,0
APP_11895,Self_Employed_Professional,135730.51,647,109997.45,12,0.54,12.00,1,Own_Outright,Debt_Consolidation,0,0
APP_11896,Salaried_Corporate,29287.00,550,10601.28,36,0.33,15.98,0,Mortgage,Auto_Purchase,2,0
APP_11897,Salaried_Corporate,142822.63,709,86830.76,36,0.44,11.44,1,Own_Outright,Education_Tuition,0,0
APP_11898,Government_Public,22000.00,715,18378.38,48,0.72,11.18,4,Rent,Medical_Emergency,0,0
APP_11899,Self_Employed_Professional,45628.49,740,32512.18,60,0.28,9.05,3,Rent,Education_Tuition,0,0
APP_11900,Small_Business_Owner,51451.09,780,34592.75,12,0.45,7.79,1,Own_Outright,Business_Expansion,0,0
APP_11901,Self_Employed_Professional,31730.17,623,6075.06,12,0.15,13.98,3,Rent,Medical_Emergency,0,1
APP_11902,Salaried_Corporate,61439.76,812,31758.77,36,0.19,8.81,2,Rent,Education_Tuition,1,0
APP_11903,Salaried_Corporate,64664.67,672,43824.14,36,0.59,11.70,1,Mortgage,Education_Tuition,0,0
APP_11904,Salaried_Corporate,92320.05,714,56530.24,60,0.31,11.49,2,Mortgage,Debt_Consolidation,0,0
APP_11905,Retired,90991.47,686,49810.66,36,0.48,11.59,4,Mortgage,Business_Expansion,0,1
APP_11906,Salaried_Corporate,71546.24,640,56859.87,60,0.41,13.72,6,Own_Outright,Business_Expansion,0,0
APP_11907,Self_Employed_Professional,109457.05,612,59291.97,24,0.51,14.85,2,Rent,Debt_Consolidation,1,0
APP_11908,Salaried_Corporate,88451.93,704,65130.50,12,0.65,10.88,1,Mortgage,Medical_Emergency,1,0
APP_11909,Salaried_Corporate,57169.81,627,44025.16,48,0.67,13.48,3,Own_Outright,Debt_Consolidation,0,0
APP_11910,Small_Business_Owner,69813.60,676,48894.67,48,0.53,11.58,2,Mortgage,Home_Improvement,1,0
APP_11911,Small_Business_Owner,49708.47,663,12671.40,24,0.15,12.49,1,Own_Outright,Medical_Emergency,0,1
APP_11912,Small_Business_Owner,38121.42,666,26400.60,84,0.43,13.06,1,Rent,Debt_Consolidation,0,0
APP_11913,Salaried_Corporate,80222.66,573,56240.62,24,0.49,16.50,0,Rent,Medical_Emergency,1,1
APP_11914,Government_Public,33708.35,484,20952.62,60,0.32,19.61,3,Employer_Provided,Home_Improvement,1,1
APP_11915,Retired,60818.43,745,24936.97,24,0.21,8.90,3,Own_Outright,Debt_Consolidation,0,0
APP_11916,Retired,23526.79,763,8288.57,12,0.23,8.17,2,Own_Outright,Medical_Emergency,1,0
APP_11917,Salaried_Corporate,68318.82,523,41369.97,60,0.40,16.58,1,Rent,Business_Expansion,0,1
APP_11918,Self_Employed_Professional,47708.28,717,31526.55,24,0.55,10.40,1,Own_Outright,Debt_Consolidation,1,1
APP_11919,Government_Public,85450.24,704,67845.16,36,0.63,11.49,2,Employer_Provided,Home_Improvement,0,1
APP_11920,Small_Business_Owner,59867.43,604,23288.20,60,0.28,13.88,3,Mortgage,Debt_Consolidation,3,1
APP_11921,Salaried_Corporate,62479.06,748,22015.02,24,0.26,9.02,0,Mortgage,Debt_Consolidation,0,0
APP_11922,Government_Public,67743.57,764,45320.27,48,0.58,9.10,2,Mortgage,Home_Improvement,0,0
APP_11923,Government_Public,50253.98,759,41957.83,36,0.32,8.51,1,Rent,Debt_Consolidation,0,0
APP_11924,Small_Business_Owner,51279.70,803,18119.16,36,0.24,7.03,1,Mortgage,Medical_Emergency,1,0
APP_11925,Salaried_Corporate,51289.78,755,17542.13,12,0.13,9.80,2,Rent,Debt_Consolidation,0,0
APP_11926,Self_Employed_Professional,62547.02,636,48510.81,36,0.32,13.20,1,Own_Outright,Auto_Purchase,1,0
APP_11927,Small_Business_Owner,51501.76,691,17269.42,36,0.21,10.63,2,Own_Outright,Debt_Consolidation,0,0
APP_11928,Salaried_Corporate,81040.71,715,35718.72,36,0.26,10.42,2,Rent,Education_Tuition,0,0
APP_11929,Small_Business_Owner,29840.26,789,25198.12,48,0.67,8.04,2,Own_Outright,Home_Improvement,0,0
APP_11930,Salaried_Corporate,33704.42,674,23949.03,36,0.60,13.82,5,Mortgage,Debt_Consolidation,0,0
APP_11931,Salaried_Corporate,154795.71,649,50289.80,36,0.27,13.93,3,Own_Outright,Debt_Consolidation,0,0
APP_11932,Government_Public,54428.09,582,44452.13,60,0.57,17.67,1,Rent,Home_Improvement,0,1
APP_11933,Salaried_Corporate,41914.42,747,31038.39,36,0.26,8.35,2,Mortgage,Education_Tuition,0,0
APP_11934,Salaried_Corporate,65416.31,704,54415.39,84,0.30,11.85,5,Mortgage,Home_Improvement,0,0
APP_11935,Government_Public,93451.15,634,40390.63,36,0.20,14.50,3,Rent,Home_Improvement,1,1
APP_11936,Small_Business_Owner,88296.80,740,54482.04,60,0.32,9.47,2,Mortgage,Auto_Purchase,2,0
APP_11937,Small_Business_Owner,47254.85,668,19717.96,60,0.26,11.72,3,Mortgage,Debt_Consolidation,0,0
APP_11938,Salaried_Corporate,52538.31,604,24139.94,36,0.27,14.92,1,Rent,Medical_Emergency,0,1
APP_11939,Self_Employed_Professional,56943.75,777,35296.21,36,0.27,7.86,2,Rent,Debt_Consolidation,0,0
APP_11940,Salaried_Corporate,76124.18,556,33515.61,24,0.18,15.14,1,Mortgage,Education_Tuition,3,0
APP_11941,Salaried_Corporate,67539.33,699,29940.79,36,0.16,9.79,4,Employer_Provided,Education_Tuition,0,0
APP_11942,Salaried_Corporate,43798.06,683,23180.75,36,0.21,10.30,3,Rent,Debt_Consolidation,0,0
APP_11943,Self_Employed_Professional,52612.93,583,11841.81,36,0.08,15.27,2,Mortgage,Debt_Consolidation,3,1
APP_11944,Self_Employed_Professional,58724.62,711,49335.25,24,0.31,11.03,3,Own_Outright,Auto_Purchase,0,0
APP_11945,Salaried_Corporate,128916.48,645,93963.23,60,0.45,12.08,0,Rent,Medical_Emergency,0,0
APP_11946,Government_Public,61095.15,799,29796.04,12,0.37,7.72,1,Own_Outright,Medical_Emergency,0,0
APP_11947,Retired,293290.52,755,150000.00,48,0.31,9.29,2,Own_Outright,Home_Improvement,0,0
APP_11948,Salaried_Corporate,58621.24,704,49724.63,60,0.43,11.02,2,Mortgage,Debt_Consolidation,0,0
APP_11949,Government_Public,31026.11,528,15870.42,24,0.37,17.60,2,Mortgage,Auto_Purchase,1,1
APP_11950,Self_Employed_Professional,77501.13,654,50885.39,36,0.48,12.71,1,Own_Outright,Debt_Consolidation,2,0
APP_11951,Self_Employed_Professional,106004.78,649,22207.97,36,0.16,13.78,1,Mortgage,Home_Improvement,1,0
APP_11952,Self_Employed_Professional,81944.03,769,67142.65,84,0.43,8.91,2,Rent,Debt_Consolidation,0,0
APP_11953,Small_Business_Owner,72294.78,702,19235.84,60,0.25,9.81,3,Mortgage,Debt_Consolidation,0,0
APP_11954,Salaried_Corporate,55778.28,711,39640.39,36,0.32,11.96,5,Mortgage,Education_Tuition,0,0
APP_11955,Self_Employed_Professional,58205.16,756,28601.23,84,0.46,8.11,5,Mortgage,Home_Improvement,0,0
APP_11956,Salaried_Corporate,23217.23,796,13955.39,36,0.44,7.43,5,Rent,Home_Improvement,0,0
APP_11957,Salaried_Corporate,97399.23,785,55245.61,36,0.29,9.88,0,Own_Outright,Education_Tuition,0,0
APP_11958,Self_Employed_Professional,55791.72,726,24594.60,36,0.21,10.34,2,Mortgage,Home_Improvement,0,0
APP_11959,Salaried_Corporate,110843.03,672,90505.17,48,0.40,11.23,0,Own_Outright,Auto_Purchase,0,0
APP_11960,Small_Business_Owner,52069.03,718,19115.99,24,0.27,10.51,3,Own_Outright,Education_Tuition,2,0
APP_11961,Self_Employed_Professional,64597.53,688,20141.20,48,0.29,11.73,2,Rent,Medical_Emergency,0,0
APP_11962,Salaried_Corporate,116091.71,741,90080.18,12,0.68,9.57,1,Mortgage,Debt_Consolidation,1,0
APP_11963,Government_Public,120711.17,653,42964.66,36,0.33,12.17,1,Mortgage,Debt_Consolidation,0,0
APP_11964,Salaried_Corporate,96620.92,749,21785.20,84,0.12,8.10,0,Rent,Home_Improvement,0,0
APP_11965,Small_Business_Owner,28509.33,693,7402.11,48,0.15,10.20,2,Own_Outright,Debt_Consolidation,0,0
APP_11966,Salaried_Corporate,37247.24,715,14898.79,36,0.32,9.72,1,Own_Outright,Debt_Consolidation,0,0
APP_11967,Salaried_Corporate,90717.65,612,69388.38,48,0.38,15.08,1,Mortgage,Debt_Consolidation,2,0
APP_11968,Government_Public,48325.23,672,29703.68,36,0.34,10.91,1,Rent,Debt_Consolidation,0,0
APP_11969,Government_Public,68404.12,719,16326.76,24,0.12,10.33,2,Rent,Home_Improvement,0,0
APP_11970,Salaried_Corporate,72645.20,678,38116.90,36,0.31,12.79,1,Own_Outright,Debt_Consolidation,1,0
APP_11971,Salaried_Corporate,74256.32,537,43510.58,84,0.48,17.26,1,Mortgage,Debt_Consolidation,2,0
APP_11972,Small_Business_Owner,41147.49,610,29446.36,36,0.25,15.25,4,Mortgage,Auto_Purchase,1,0
APP_11973,Salaried_Corporate,104849.95,712,57095.61,12,0.20,9.98,2,Mortgage,Education_Tuition,0,0
APP_11974,Government_Public,52260.54,788,20403.95,48,0.14,8.23,3,Own_Outright,Medical_Emergency,0,0
APP_11975,Salaried_Corporate,86287.33,675,73094.88,36,0.62,12.70,3,Own_Outright,Education_Tuition,0,1
APP_11976,Salaried_Corporate,60280.90,658,19996.19,36,0.19,13.15,5,Own_Outright,Debt_Consolidation,0,0
APP_11977,Salaried_Corporate,157060.22,758,129605.61,36,0.52,9.51,1,Mortgage,Auto_Purchase,0,0
APP_11978,Salaried_Corporate,126985.23,691,37648.14,60,0.19,10.25,1,Mortgage,Home_Improvement,0,0
APP_11979,Government_Public,172684.55,738,88520.32,36,0.24,10.05,1,Employer_Provided,Home_Improvement,0,0
APP_11980,Self_Employed_Professional,139212.57,671,31649.07,24,0.19,12.32,0,Mortgage,Medical_Emergency,0,0
APP_11981,Salaried_Corporate,62290.67,664,48281.48,36,0.36,12.06,3,Rent,Auto_Purchase,0,0
APP_11982,Salaried_Corporate,52037.75,743,25631.93,36,0.38,8.86,2,Own_Outright,Debt_Consolidation,1,0
APP_11983,Salaried_Corporate,39698.10,734,30519.35,24,0.61,10.02,0,Mortgage,Home_Improvement,0,0
APP_11984,Self_Employed_Professional,74593.03,669,54264.05,36,0.37,11.21,1,Own_Outright,Auto_Purchase,0,0
APP_11985,Self_Employed_Professional,66900.10,617,18935.78,36,0.22,13.52,3,Employer_Provided,Home_Improvement,5,1
APP_11986,Salaried_Corporate,64902.61,582,12393.82,36,0.09,15.87,2,Rent,Debt_Consolidation,4,1
APP_11987,Small_Business_Owner,45565.84,590,36073.77,36,0.53,15.67,1,Mortgage,Debt_Consolidation,1,1
APP_11988,Self_Employed_Professional,77842.70,649,42307.30,36,0.42,13.10,1,Mortgage,Debt_Consolidation,0,0
APP_11989,Retired,55723.44,711,41614.58,36,0.33,10.12,3,Own_Outright,Home_Improvement,0,0
APP_11990,Self_Employed_Professional,53255.75,582,33705.02,60,0.48,14.23,2,Mortgage,Home_Improvement,2,1
APP_11991,Salaried_Corporate,71235.71,586,49061.27,36,0.30,14.35,2,Mortgage,Debt_Consolidation,1,0
APP_11992,Salaried_Corporate,63892.57,715,31199.82,36,0.19,11.37,1,Rent,Auto_Purchase,0,0
APP_11993,Government_Public,34829.46,792,23103.12,36,0.37,7.74,3,Own_Outright,Auto_Purchase,0,0
APP_11994,Salaried_Corporate,46422.03,761,36816.80,36,0.38,8.61,3,Rent,Debt_Consolidation,0,0
APP_11995,Salaried_Corporate,84092.64,570,54367.76,60,0.28,15.68,3,Own_Outright,Debt_Consolidation,1,1
APP_11996,Self_Employed_Professional,64765.04,715,51958.36,48,0.41,10.89,1,Mortgage,Education_Tuition,0,0
APP_11997,Self_Employed_Professional,27607.82,752,8807.00,24,0.26,8.20,5,Mortgage,Education_Tuition,1,0
APP_11998,Self_Employed_Professional,90622.75,658,64528.14,12,0.62,12.00,3,Rent,Business_Expansion,0,0
APP_11999,Small_Business_Owner,64715.25,675,33705.40,12,0.47,12.30,3,Own_Outright,Medical_Emergency,0,0
APP_12000,Salaried_Corporate,41036.59,712,7900.77,12,0.18,10.65,2,Own_Outright,Education_Tuition,3,0
APP_12001,Small_Business_Owner,48971.09,722,29468.13,36,0.44,10.98,1,Mortgage,Debt_Consolidation,0,1
APP_12002,Government_Public,71278.58,715,41991.61,24,0.45,10.95,2,Mortgage,Debt_Consolidation,1,0
APP_12003,Salaried_Corporate,24492.40,737,20662.65,48,0.45,8.94,2,Mortgage,Debt_Consolidation,0,0
APP_12004,Salaried_Corporate,79956.24,704,48362.49,36,0.54,8.07,0,Mortgage,Home_Improvement,0,0
APP_12005,Retired,103159.55,649,24913.79,24,0.14,12.88,8,Rent,Debt_Consolidation,0,0
APP_12006,Salaried_Corporate,98790.46,661,83361.68,12,0.67,11.45,1,Rent,Home_Improvement,0,0
APP_12007,Self_Employed_Professional,111236.16,639,41201.41,12,0.30,13.48,2,Rent,Debt_Consolidation,0,0
APP_12008,Salaried_Corporate,46584.74,660,29724.86,36,0.60,13.59,3,Rent,Home_Improvement,0,0
APP_12009,Self_Employed_Professional,105375.72,727,59936.32,36,0.21,9.09,3,Own_Outright,Education_Tuition,1,0
APP_12010,Small_Business_Owner,74797.55,640,29829.97,36,0.20,13.56,2,Mortgage,Auto_Purchase,0,0
APP_12011,Small_Business_Owner,45438.46,760,19750.49,12,0.28,9.43,1,Own_Outright,Home_Improvement,0,0
APP_12012,Salaried_Corporate,81638.72,626,49563.64,60,0.50,13.82,4,Mortgage,Debt_Consolidation,1,1
APP_12013,Salaried_Corporate,80530.10,703,61218.01,36,0.60,11.04,2,Rent,Debt_Consolidation,0,1
APP_12014,Self_Employed_Professional,132353.26,744,107554.80,36,0.32,7.64,2,Rent,Home_Improvement,0,0
APP_12015,Salaried_Corporate,113405.84,719,95681.16,36,0.72,10.25,2,Own_Outright,Debt_Consolidation,1,1
APP_12016,Self_Employed_Professional,48496.20,570,11237.46,12,0.14,15.54,1,Mortgage,Auto_Purchase,4,1
APP_12017,Self_Employed_Professional,77134.23,699,21716.00,48,0.24,11.76,4,Mortgage,Business_Expansion,1,0
APP_12018,Government_Public,76763.28,642,22562.62,48,0.26,13.73,2,Mortgage,Debt_Consolidation,3,0
APP_12019,Salaried_Corporate,74093.81,604,61595.83,24,0.72,13.92,3,Mortgage,Debt_Consolidation,1,1
APP_12020,Salaried_Corporate,57688.93,704,12588.50,36,0.18,9.22,2,Rent,Debt_Consolidation,0,0
APP_12021,Small_Business_Owner,145744.04,609,92975.61,36,0.51,12.87,3,Mortgage,Auto_Purchase,0,1
APP_12022,Self_Employed_Professional,49991.01,706,41013.56,36,0.54,11.80,0,Rent,Debt_Consolidation,0,0
APP_12023,Salaried_Corporate,140066.67,785,77416.09,84,0.38,7.77,0,Own_Outright,Auto_Purchase,0,0
APP_12024,Retired,34851.00,710,5418.70,36,0.10,9.37,2,Own_Outright,Home_Improvement,0,0
APP_12025,Self_Employed_Professional,55734.87,675,10922.15,60,0.13,10.72,3,Mortgage,Home_Improvement,0,0
APP_12026,Self_Employed_Professional,93344.96,680,60382.15,24,0.31,11.79,2,Mortgage,Auto_Purchase,1,1
APP_12027,Small_Business_Owner,41201.33,749,17669.22,36,0.23,9.22,5,Own_Outright,Debt_Consolidation,0,0
APP_12028,Self_Employed_Professional,47536.36,670,23957.49,36,0.23,13.29,0,Own_Outright,Auto_Purchase,1,0
APP_12029,Salaried_Corporate,84181.64,660,15291.05,60,0.14,12.26,0,Own_Outright,Debt_Consolidation,0,0
APP_12030,Salaried_Corporate,30400.91,629,23677.21,36,0.47,13.74,0,Mortgage,Auto_Purchase,0,0
APP_12031,Self_Employed_Professional,108787.62,632,85264.82,48,0.39,13.29,2,Mortgage,Education_Tuition,0,1
APP_12032,Self_Employed_Professional,128714.60,748,73557.19,12,0.47,9.82,2,Mortgage,Debt_Consolidation,0,0
APP_12033,Small_Business_Owner,131224.56,658,63434.72,36,0.43,13.80,5,Rent,Home_Improvement,0,0
APP_12034,Self_Employed_Professional,76610.44,726,32601.97,36,0.15,10.71,0,Own_Outright,Medical_Emergency,0,0
APP_12035,Salaried_Corporate,54583.79,731,15747.59,36,0.25,11.35,0,Mortgage,Debt_Consolidation,1,0
APP_12036,Small_Business_Owner,56213.14,628,45409.05,48,0.30,13.90,2,Rent,Home_Improvement,0,0
APP_12037,Salaried_Corporate,75305.60,638,37089.49,36,0.38,11.84,3,Mortgage,Debt_Consolidation,0,0
APP_12038,Government_Public,70144.53,728,15827.77,36,0.20,9.22,1,Rent,Auto_Purchase,0,0
APP_12039,Small_Business_Owner,55764.94,699,39310.00,36,0.35,11.58,1,Own_Outright,Home_Improvement,0,0
APP_12040,Self_Employed_Professional,134966.17,678,112061.16,48,0.72,11.48,3,Rent,Home_Improvement,0,0
APP_12041,Self_Employed_Professional,59232.01,720,20594.45,24,0.27,10.17,1,Mortgage,Auto_Purchase,1,0
APP_12042,Salaried_Corporate,126345.73,756,79723.57,36,0.59,8.23,1,Rent,Auto_Purchase,0,0
APP_12043,Self_Employed_Professional,69214.52,687,58678.51,60,0.40,12.51,3,Rent,Debt_Consolidation,0,0
APP_12044,Salaried_Corporate,67309.33,653,15508.97,36,0.10,13.80,3,Mortgage,Debt_Consolidation,0,0
APP_12045,Self_Employed_Professional,83543.27,698,60053.51,60,0.54,10.77,5,Mortgage,Debt_Consolidation,0,0
APP_12046,Salaried_Corporate,83056.59,638,41431.77,60,0.33,12.93,4,Rent,Education_Tuition,0,0
APP_12047,Self_Employed_Professional,62003.66,699,38350.36,36,0.52,11.94,3,Mortgage,Home_Improvement,0,0
APP_12048,Salaried_Corporate,85315.21,690,23590.44,24,0.17,12.08,1,Own_Outright,Debt_Consolidation,2,1
APP_12049,Salaried_Corporate,90165.29,637,27281.47,48,0.11,11.84,0,Mortgage,Home_Improvement,1,1
APP_12050,Self_Employed_Professional,139240.22,664,75081.05,84,0.35,12.72,2,Mortgage,Home_Improvement,0,0
APP_12051,Small_Business_Owner,68329.31,669,22231.31,36,0.24,12.39,1,Rent,Home_Improvement,0,0
APP_12052,Salaried_Corporate,46565.92,738,26436.73,60,0.30,9.67,4,Mortgage,Home_Improvement,0,0
APP_12053,Self_Employed_Professional,48779.53,633,10311.60,24,0.14,12.59,1,Mortgage,Debt_Consolidation,0,0
APP_12054,Small_Business_Owner,192060.32,637,133933.53,36,0.50,12.46,4,Mortgage,Debt_Consolidation,1,0
APP_12055,Self_Employed_Professional,28398.80,666,9706.17,60,0.27,9.63,3,Rent,Auto_Purchase,0,0
APP_12056,Self_Employed_Professional,38736.30,727,25794.53,36,0.33,9.39,2,Mortgage,Medical_Emergency,0,0
APP_12057,Salaried_Corporate,66948.88,737,17682.45,48,0.14,7.98,6,Own_Outright,Medical_Emergency,0,0
APP_12058,Salaried_Corporate,50170.84,707,35605.59,24,0.54,10.20,3,Own_Outright,Debt_Consolidation,0,0
APP_12059,Salaried_Corporate,95653.46,736,15252.33,36,0.09,9.91,4,Mortgage,Business_Expansion,0,0
APP_12060,Retired,91962.40,766,24790.07,60,0.22,7.58,0,Mortgage,Debt_Consolidation,0,0
APP_12061,Salaried_Corporate,52021.22,700,20107.09,24,0.20,11.95,3,Mortgage,Medical_Emergency,0,0
APP_12062,Salaried_Corporate,130181.39,638,90599.94,48,0.56,14.68,3,Mortgage,Auto_Purchase,0,0
APP_12063,Salaried_Corporate,40275.63,685,6935.20,60,0.08,11.61,1,Rent,Debt_Consolidation,0,0
APP_12064,Small_Business_Owner,47488.22,601,31732.26,48,0.41,14.93,2,Rent,Debt_Consolidation,1,0
APP_12065,Salaried_Corporate,134269.35,716,42259.67,60,0.15,9.02,6,Rent,Auto_Purchase,2,0
APP_12066,Small_Business_Owner,36774.53,658,31171.94,60,0.56,12.54,1,Rent,Home_Improvement,0,1
APP_12067,Salaried_Corporate,77349.78,697,27135.10,24,0.27,9.87,2,Mortgage,Business_Expansion,0,0
APP_12068,Small_Business_Owner,134015.59,684,33774.57,36,0.17,10.08,0,Rent,Auto_Purchase,1,0
APP_12069,Government_Public,22000.00,665,13822.22,36,0.28,11.13,2,Own_Outright,Education_Tuition,0,0
APP_12070,Salaried_Corporate,56842.58,705,19534.96,48,0.31,10.58,1,Rent,Medical_Emergency,0,0
APP_12071,Retired,101357.33,682,53532.72,48,0.19,11.50,2,Rent,Home_Improvement,0,0
APP_12072,Government_Public,58599.29,649,40462.35,36,0.54,12.66,2,Mortgage,Business_Expansion,1,1
APP_12073,Salaried_Corporate,67960.91,619,48248.34,48,0.56,12.86,4,Own_Outright,Auto_Purchase,1,1
APP_12074,Self_Employed_Professional,72013.82,713,21925.10,36,0.27,10.50,2,Mortgage,Debt_Consolidation,1,0
APP_12075,Self_Employed_Professional,76170.64,612,22610.69,48,0.26,13.49,2,Rent,Medical_Emergency,0,1
APP_12076,Government_Public,46044.26,807,15652.12,36,0.15,7.15,0,Mortgage,Debt_Consolidation,0,0
APP_12077,Small_Business_Owner,93415.04,774,39822.35,36,0.39,8.04,2,Mortgage,Business_Expansion,1,0
APP_12078,Small_Business_Owner,74217.23,587,49939.19,48,0.30,13.50,0,Rent,Medical_Emergency,4,0
APP_12079,Salaried_Corporate,39508.16,731,20916.20,36,0.36,9.23,2,Mortgage,Home_Improvement,0,0
APP_12080,Government_Public,53661.75,764,41100.15,60,0.34,9.02,1,Own_Outright,Business_Expansion,0,0
APP_12081,Salaried_Corporate,35034.23,652,22385.32,48,0.37,13.28,3,Own_Outright,Debt_Consolidation,0,0
APP_12082,Self_Employed_Professional,72855.20,713,42204.86,60,0.48,9.43,4,Own_Outright,Home_Improvement,0,0
APP_12083,Salaried_Corporate,82519.77,682,42452.34,48,0.47,10.92,1,Mortgage,Home_Improvement,1,0
APP_12084,Small_Business_Owner,72799.78,734,31947.75,60,0.24,9.31,2,Mortgage,Debt_Consolidation,0,0
APP_12085,Small_Business_Owner,84746.73,661,33232.65,24,0.24,13.22,4,Mortgage,Debt_Consolidation,0,0
APP_12086,Salaried_Corporate,70267.45,756,19143.13,48,0.23,9.25,2,Own_Outright,Medical_Emergency,0,0
APP_12087,Small_Business_Owner,93241.82,681,31616.24,24,0.24,10.54,2,Rent,Debt_Consolidation,1,1
APP_12088,Government_Public,62470.08,669,48769.33,36,0.69,12.39,3,Rent,Business_Expansion,0,1
APP_12089,Salaried_Corporate,90745.28,732,66300.32,60,0.40,10.75,0,Own_Outright,Debt_Consolidation,0,0
APP_12090,Salaried_Corporate,37099.43,749,5681.67,48,0.07,9.30,1,Mortgage,Debt_Consolidation,1,0
APP_12091,Salaried_Corporate,35285.81,538,10826.75,36,0.21,16.08,2,Rent,Debt_Consolidation,1,1
APP_12092,Salaried_Corporate,68801.21,501,49199.58,48,0.45,18.71,3,Mortgage,Home_Improvement,0,1
APP_12093,Small_Business_Owner,90039.90,712,50412.73,24,0.49,10.60,1,Rent,Medical_Emergency,1,0
APP_12094,Salaried_Corporate,58422.39,647,11678.43,60,0.08,12.59,2,Rent,Business_Expansion,0,0
APP_12095,Self_Employed_Professional,88181.28,604,63067.15,24,0.27,15.05,0,Employer_Provided,Debt_Consolidation,2,1
APP_12096,Salaried_Corporate,76072.70,666,51528.97,24,0.31,12.10,4,Mortgage,Debt_Consolidation,0,0
APP_12097,Salaried_Corporate,26318.33,850,9135.73,24,0.26,5.56,3,Mortgage,Debt_Consolidation,0,0
APP_12098,Self_Employed_Professional,188248.61,604,126265.37,60,0.37,15.02,3,Own_Outright,Medical_Emergency,3,1
APP_12099,Salaried_Corporate,37556.27,748,28945.01,36,0.32,8.76,2,Own_Outright,Debt_Consolidation,0,0
APP_12100,Government_Public,43255.11,641,26084.71,36,0.53,12.08,2,Mortgage,Debt_Consolidation,0,0
APP_12101,Salaried_Corporate,111002.24,596,74433.63,36,0.54,14.88,3,Own_Outright,Auto_Purchase,4,1
APP_12102,Self_Employed_Professional,66761.77,650,12303.67,12,0.16,13.92,4,Own_Outright,Auto_Purchase,0,0
APP_12103,Small_Business_Owner,46839.71,598,25553.46,12,0.23,12.73,4,Mortgage,Debt_Consolidation,0,1
APP_12104,Self_Employed_Professional,53566.42,588,36292.82,12,0.36,15.49,3,Mortgage,Medical_Emergency,1,1
APP_12105,Small_Business_Owner,44524.67,643,21096.65,36,0.34,12.96,5,Own_Outright,Auto_Purchase,0,0
APP_12106,Salaried_Corporate,46159.87,619,19996.52,24,0.17,13.36,0,Mortgage,Debt_Consolidation,2,0
APP_12107,Small_Business_Owner,94389.52,681,51355.87,36,0.51,11.05,3,Own_Outright,Medical_Emergency,2,0
APP_12108,Self_Employed_Professional,52883.40,701,32913.20,36,0.59,11.57,2,Rent,Debt_Consolidation,0,1
APP_12109,Small_Business_Owner,40912.98,639,29524.56,36,0.48,13.62,2,Rent,Home_Improvement,0,0
APP_12110,Salaried_Corporate,47004.35,731,33911.25,60,0.68,8.94,3,Rent,Home_Improvement,0,0
APP_12111,Salaried_Corporate,61703.43,647,39622.52,12,0.59,13.03,1,Own_Outright,Auto_Purchase,0,1
APP_12112,Salaried_Corporate,47235.98,680,39608.42,36,0.60,12.70,3,Rent,Home_Improvement,0,0
APP_12113,Salaried_Corporate,57607.35,549,30338.26,24,0.21,16.86,1,Own_Outright,Auto_Purchase,1,1
APP_12114,Salaried_Corporate,77393.16,695,35623.11,60,0.20,9.73,5,Rent,Debt_Consolidation,1,0
APP_12115,Salaried_Corporate,53296.80,836,20335.33,60,0.20,6.52,2,Mortgage,Home_Improvement,0,0
APP_12116,Salaried_Corporate,44941.87,742,10653.59,24,0.20,8.38,3,Rent,Education_Tuition,0,0
APP_12117,Salaried_Corporate,48360.37,679,14785.50,24,0.21,11.81,1,Mortgage,Home_Improvement,2,0
APP_12118,Salaried_Corporate,123804.78,615,45096.29,24,0.31,13.34,2,Mortgage,Medical_Emergency,3,1
APP_12119,Small_Business_Owner,176085.42,796,88848.18,24,0.39,7.76,3,Own_Outright,Medical_Emergency,0,0
APP_12120,Government_Public,67558.62,680,57319.30,24,0.71,11.07,0,Mortgage,Education_Tuition,1,1
APP_12121,Salaried_Corporate,91693.19,646,63527.06,24,0.35,11.99,3,Mortgage,Medical_Emergency,0,0
APP_12122,Salaried_Corporate,43349.27,648,33442.06,24,0.59,13.00,0,Rent,Medical_Emergency,0,0
APP_12123,Salaried_Corporate,50737.85,825,14052.10,24,0.11,6.49,0,Own_Outright,Education_Tuition,0,0
APP_12124,Small_Business_Owner,81022.12,682,13518.82,36,0.13,12.19,0,Rent,Business_Expansion,0,0
APP_12125,Government_Public,22842.17,719,4000.00,36,0.11,9.78,3,Rent,Education_Tuition,0,0
APP_12126,Salaried_Corporate,93683.78,677,47014.32,36,0.28,10.50,1,Own_Outright,Debt_Consolidation,0,0
APP_12127,Salaried_Corporate,51325.38,686,11921.57,60,0.18,11.93,1,Employer_Provided,Medical_Emergency,0,0
APP_12128,Salaried_Corporate,40739.59,662,11510.81,36,0.10,13.41,3,Mortgage,Debt_Consolidation,0,0
APP_12129,Salaried_Corporate,78800.75,782,21620.47,36,0.22,7.48,2,Mortgage,Home_Improvement,0,0
APP_12130,Salaried_Corporate,126639.12,693,82266.93,60,0.44,11.52,4,Mortgage,Medical_Emergency,0,0
APP_12131,Small_Business_Owner,57477.17,598,46973.64,36,0.50,14.30,1,Rent,Debt_Consolidation,1,1
APP_12132,Salaried_Corporate,75467.89,716,17721.71,24,0.16,11.86,3,Mortgage,Medical_Emergency,0,0
APP_12133,Salaried_Corporate,81158.30,683,18244.28,36,0.12,11.07,3,Own_Outright,Debt_Consolidation,0,0
APP_12134,Small_Business_Owner,73717.95,715,28070.18,36,0.27,10.31,0,Own_Outright,Auto_Purchase,0,0
APP_12135,Small_Business_Owner,42255.39,668,25198.58,36,0.29,10.42,1,Rent,Home_Improvement,1,0
APP_12136,Salaried_Corporate,73173.18,655,29892.54,48,0.37,13.76,0,Rent,Debt_Consolidation,0,0
APP_12137,Small_Business_Owner,71888.67,748,24795.67,36,0.28,8.73,2,Mortgage,Medical_Emergency,2,0
APP_12138,Salaried_Corporate,22000.00,811,5073.91,48,0.20,7.94,4,Mortgage,Auto_Purchase,0,0
APP_12139,Salaried_Corporate,97334.41,569,45804.77,36,0.37,15.05,3,Own_Outright,Medical_Emergency,0,1
APP_12140,Salaried_Corporate,33636.07,695,5875.60,24,0.07,11.00,2,Rent,Auto_Purchase,0,0
APP_12141,Salaried_Corporate,70102.23,655,41341.19,36,0.39,11.87,3,Mortgage,Auto_Purchase,0,0
APP_12142,Salaried_Corporate,131005.10,631,95170.38,36,0.56,12.61,2,Rent,Debt_Consolidation,0,0
APP_12143,Small_Business_Owner,59295.04,550,49096.62,48,0.60,16.03,0,Mortgage,Debt_Consolidation,4,1
APP_12144,Government_Public,41326.09,713,15522.05,48,0.29,10.31,1,Mortgage,Debt_Consolidation,0,0
APP_12145,Salaried_Corporate,85102.96,659,61918.38,36,0.49,12.06,3,Mortgage,Debt_Consolidation,0,0
APP_12146,Salaried_Corporate,124349.75,655,62776.07,60,0.37,11.28,5,Rent,Home_Improvement,0,0
APP_12147,Salaried_Corporate,40180.11,768,13555.48,36,0.23,8.67,4,Rent,Debt_Consolidation,0,0
APP_12148,Salaried_Corporate,22883.53,661,4977.31,84,0.09,10.72,4,Own_Outright,Home_Improvement,0,0
APP_12149,Government_Public,112668.22,659,52152.28,12,0.33,12.09,3,Rent,Home_Improvement,0,0
APP_12150,Salaried_Corporate,97186.06,603,73576.80,48,0.48,13.10,3,Mortgage,Medical_Emergency,1,1
APP_12151,Self_Employed_Professional,78684.32,631,63991.04,36,0.53,14.08,3,Mortgage,Business_Expansion,0,0
APP_12152,Self_Employed_Professional,29439.15,785,13936.73,36,0.19,8.82,2,Rent,Medical_Emergency,0,0
APP_12153,Government_Public,86591.27,730,59849.96,48,0.62,10.28,3,Mortgage,Debt_Consolidation,0,0
APP_12154,Salaried_Corporate,105355.93,774,31511.94,36,0.26,7.85,4,Rent,Home_Improvement,0,0
APP_12155,Salaried_Corporate,174621.91,635,117141.36,36,0.26,12.62,1,Rent,Debt_Consolidation,0,0
APP_12156,Salaried_Corporate,58299.43,713,9622.88,60,0.15,10.21,5,Rent,Home_Improvement,0,0
APP_12157,Self_Employed_Professional,71080.80,758,31470.01,24,0.38,8.76,3,Own_Outright,Medical_Emergency,0,0
APP_12158,Self_Employed_Professional,25116.99,728,17296.69,36,0.56,10.27,2,Rent,Business_Expansion,1,0
APP_12159,Self_Employed_Professional,102309.67,793,41601.85,48,0.37,7.86,7,Mortgage,Debt_Consolidation,1,0
APP_12160,Salaried_Corporate,101203.85,716,22493.57,36,0.17,8.68,1,Own_Outright,Debt_Consolidation,0,0
APP_12161,Salaried_Corporate,79358.53,690,65847.31,24,0.35,11.77,2,Mortgage,Debt_Consolidation,0,0
APP_12162,Self_Employed_Professional,112919.66,537,40565.13,24,0.16,17.04,4,Own_Outright,Medical_Emergency,2,1
APP_12163,Salaried_Corporate,46546.20,717,8357.37,36,0.07,9.65,3,Own_Outright,Business_Expansion,0,0
APP_12164,Government_Public,59984.26,729,26132.51,48,0.26,9.07,3,Mortgage,Home_Improvement,0,0
APP_12165,Small_Business_Owner,61047.87,765,38941.57,36,0.29,8.60,4,Mortgage,Home_Improvement,0,0
APP_12166,Salaried_Corporate,108515.08,638,45425.63,24,0.15,13.25,3,Own_Outright,Debt_Consolidation,0,0
APP_12167,Self_Employed_Professional,109616.47,688,85550.22,36,0.52,10.43,4,Rent,Medical_Emergency,0,0
APP_12168,Salaried_Corporate,76341.13,587,22838.22,24,0.16,14.99,6,Own_Outright,Debt_Consolidation,1,1
APP_12169,Government_Public,74562.00,585,41390.42,60,0.26,15.16,4,Own_Outright,Debt_Consolidation,0,0
APP_12170,Self_Employed_Professional,84788.62,723,19068.00,48,0.17,10.75,2,Rent,Medical_Emergency,0,0
APP_12171,Salaried_Corporate,56872.95,772,13231.37,24,0.16,8.21,2,Rent,Debt_Consolidation,0,0
APP_12172,Small_Business_Owner,122120.41,775,35012.93,36,0.20,6.57,6,Rent,Debt_Consolidation,0,0
APP_12173,Salaried_Corporate,53994.08,719,16325.93,60,0.17,10.40,3,Own_Outright,Debt_Consolidation,1,0
APP_12174,Salaried_Corporate,80281.74,823,49106.88,36,0.49,5.12,1,Own_Outright,Debt_Consolidation,0,0
APP_12175,Salaried_Corporate,50598.42,664,37645.33,36,0.33,11.50,1,Mortgage,Medical_Emergency,0,0
APP_12176,Salaried_Corporate,101323.46,748,76585.40,36,0.47,8.08,2,Rent,Debt_Consolidation,0,0
APP_12177,Salaried_Corporate,63270.92,604,37317.29,36,0.34,14.73,1,Mortgage,Medical_Emergency,1,1
APP_12178,Retired,167703.70,486,72920.75,60,0.36,17.70,2,Rent,Home_Improvement,3,1
APP_12179,Self_Employed_Professional,62510.82,659,20958.59,60,0.15,13.16,4,Rent,Home_Improvement,1,0
APP_12180,Government_Public,100892.95,682,35839.92,24,0.34,10.60,2,Own_Outright,Debt_Consolidation,1,1
APP_12181,Salaried_Corporate,49825.27,705,23269.34,48,0.21,9.09,4,Mortgage,Medical_Emergency,0,0
APP_12182,Government_Public,57626.77,678,34016.53,60,0.36,11.40,1,Mortgage,Home_Improvement,0,0
APP_12183,Self_Employed_Professional,64930.86,713,34977.47,24,0.39,9.36,3,Own_Outright,Auto_Purchase,0,0
APP_12184,Small_Business_Owner,77506.79,803,52947.61,60,0.41,8.24,2,Mortgage,Home_Improvement,0,0
APP_12185,Small_Business_Owner,47290.88,738,11341.42,36,0.21,8.98,0,Mortgage,Auto_Purchase,0,0
APP_12186,Self_Employed_Professional,51181.89,640,11722.41,36,0.17,13.96,2,Mortgage,Home_Improvement,0,0
APP_12187,Self_Employed_Professional,68883.80,527,58107.28,84,0.64,16.85,2,Own_Outright,Auto_Purchase,0,0
APP_12188,Government_Public,79174.84,620,29388.19,48,0.33,14.04,1,Own_Outright,Home_Improvement,2,0
APP_12189,Salaried_Corporate,65098.98,777,54030.30,36,0.35,7.70,0,Mortgage,Business_Expansion,0,0
APP_12190,Salaried_Corporate,61038.53,657,21522.30,36,0.22,14.33,1,Own_Outright,Education_Tuition,0,1
APP_12191,Retired,36413.01,734,7109.30,48,0.12,8.75,1,Mortgage,Debt_Consolidation,0,0
APP_12192,Government_Public,82882.23,732,41877.11,48,0.40,7.29,2,Own_Outright,Auto_Purchase,1,0
APP_12193,Self_Employed_Professional,96692.24,686,27862.52,24,0.25,11.60,4,Rent,Debt_Consolidation,1,0
APP_12194,Small_Business_Owner,101980.58,684,79511.04,36,0.48,10.64,1,Mortgage,Education_Tuition,1,0
APP_12195,Government_Public,70796.16,647,32051.13,60,0.19,12.95,3,Own_Outright,Debt_Consolidation,0,0
APP_12196,Self_Employed_Professional,50437.98,835,23135.80,48,0.37,5.98,5,Mortgage,Home_Improvement,0,0
APP_12197,Salaried_Corporate,57250.74,628,24201.28,36,0.35,13.05,4,Mortgage,Debt_Consolidation,0,0
APP_12198,Self_Employed_Professional,70928.75,763,16152.79,84,0.12,8.30,2,Own_Outright,Education_Tuition,1,0
APP_12199,Salaried_Corporate,65614.91,744,38469.19,12,0.27,9.63,2,Own_Outright,Business_Expansion,0,0
APP_12200,Salaried_Corporate,45236.97,730,11681.64,48,0.11,9.52,0,Own_Outright,Home_Improvement,1,0
APP_12201,Retired,31037.27,682,18554.03,36,0.24,11.41,3,Rent,Debt_Consolidation,2,0
APP_12202,Small_Business_Owner,51532.93,594,22166.07,60,0.23,14.29,4,Rent,Medical_Emergency,2,1
APP_12203,Small_Business_Owner,58419.01,615,43645.27,60,0.58,15.24,1,Mortgage,Debt_Consolidation,2,1
APP_12204,Self_Employed_Professional,76047.87,640,39112.76,60,0.27,14.09,1,Own_Outright,Business_Expansion,0,1
APP_12205,Salaried_Corporate,55030.48,714,42476.38,36,0.66,9.20,4,Own_Outright,Debt_Consolidation,0,0
APP_12206,Self_Employed_Professional,59090.47,748,9910.15,48,0.09,9.16,4,Own_Outright,Medical_Emergency,0,0
APP_12207,Small_Business_Owner,69579.64,710,45769.55,36,0.51,9.87,3,Own_Outright,Debt_Consolidation,0,1
APP_12208,Self_Employed_Professional,133920.14,707,72475.67,36,0.26,9.64,3,Rent,Business_Expansion,0,0
APP_12209,Salaried_Corporate,61398.10,758,16470.51,60,0.11,6.24,3,Own_Outright,Medical_Emergency,1,0
APP_12210,Small_Business_Owner,32961.52,554,7384.17,48,0.11,15.87,2,Rent,Business_Expansion,1,1
APP_12211,Salaried_Corporate,48628.55,547,32386.60,48,0.48,16.18,1,Own_Outright,Debt_Consolidation,3,1
APP_12212,Salaried_Corporate,149282.58,589,61633.55,24,0.31,15.95,2,Rent,Home_Improvement,0,1
APP_12213,Self_Employed_Professional,126166.42,750,25669.82,36,0.15,9.93,0,Mortgage,Debt_Consolidation,2,0
APP_12214,Retired,100994.47,559,64287.08,24,0.38,16.34,1,Mortgage,Auto_Purchase,2,1
APP_12215,Salaried_Corporate,90733.85,689,32086.43,12,0.24,11.87,4,Own_Outright,Debt_Consolidation,2,0
APP_12216,Salaried_Corporate,91202.06,631,32834.69,60,0.33,14.04,3,Own_Outright,Home_Improvement,0,0
APP_12217,Retired,59424.63,700,12328.95,36,0.08,11.27,0,Mortgage,Medical_Emergency,0,0
APP_12218,Retired,97761.26,681,43583.23,12,0.18,12.67,1,Own_Outright,Debt_Consolidation,0,0
APP_12219,Salaried_Corporate,99488.32,706,78515.73,36,0.51,9.65,3,Rent,Auto_Purchase,0,0
APP_12220,Government_Public,96762.02,664,72779.93,36,0.62,11.79,0,Rent,Auto_Purchase,0,1
APP_12221,Government_Public,50544.85,736,19294.75,24,0.34,9.09,2,Mortgage,Home_Improvement,0,0
APP_12222,Salaried_Corporate,57175.46,785,20855.43,60,0.29,7.39,5,Mortgage,Medical_Emergency,1,0
APP_12223,Small_Business_Owner,49573.26,772,37498.60,24,0.36,8.18,1,Rent,Debt_Consolidation,0,0
APP_12224,Salaried_Corporate,103634.16,666,69198.11,24,0.54,13.41,2,Employer_Provided,Home_Improvement,0,0
APP_12225,Government_Public,75842.13,634,22194.66,36,0.14,13.97,0,Mortgage,Education_Tuition,0,0
APP_12226,Salaried_Corporate,78941.56,703,61479.42,48,0.28,11.76,1,Mortgage,Debt_Consolidation,2,0
APP_12227,Small_Business_Owner,85733.85,818,67591.58,24,0.35,6.59,2,Mortgage,Business_Expansion,0,0
APP_12228,Small_Business_Owner,35052.02,687,13610.95,36,0.36,11.25,3,Own_Outright,Home_Improvement,0,0
APP_12229,Salaried_Corporate,98404.00,745,76261.87,60,0.60,9.73,0,Rent,Debt_Consolidation,0,0
APP_12230,Small_Business_Owner,51875.71,741,31879.35,36,0.27,9.76,1,Mortgage,Debt_Consolidation,0,0
APP_12231,Salaried_Corporate,54042.01,740,41230.49,24,0.41,9.79,2,Own_Outright,Home_Improvement,0,0
APP_12232,Salaried_Corporate,45429.91,773,19070.63,60,0.37,10.12,2,Mortgage,Business_Expansion,0,0
APP_12233,Government_Public,68596.91,604,29407.58,36,0.33,14.80,1,Mortgage,Medical_Emergency,0,1
APP_12234,Government_Public,64210.96,627,32231.95,60,0.25,12.88,4,Own_Outright,Medical_Emergency,0,0
APP_12235,Small_Business_Owner,35384.29,693,11835.98,12,0.31,10.57,4,Own_Outright,Business_Expansion,0,0
APP_12236,Government_Public,29581.41,770,15563.87,24,0.37,9.05,3,Mortgage,Debt_Consolidation,0,0
APP_12237,Salaried_Corporate,60407.68,770,30589.91,24,0.34,8.98,1,Mortgage,Home_Improvement,0,0
APP_12238,Self_Employed_Professional,95442.81,687,26883.12,36,0.20,12.13,3,Mortgage,Auto_Purchase,1,0
APP_12239,Government_Public,91387.00,755,70996.81,36,0.61,9.33,3,Rent,Medical_Emergency,0,0
APP_12240,Government_Public,103806.49,663,23171.85,36,0.11,11.38,2,Rent,Debt_Consolidation,0,0
APP_12241,Salaried_Corporate,60536.72,636,46468.27,36,0.28,14.41,3,Own_Outright,Auto_Purchase,0,0
APP_12242,Salaried_Corporate,56434.75,604,29714.29,36,0.39,15.41,4,Employer_Provided,Debt_Consolidation,4,1
APP_12243,Small_Business_Owner,62945.53,681,30682.03,36,0.31,11.26,2,Own_Outright,Home_Improvement,0,0
APP_12244,Salaried_Corporate,95036.53,667,71366.38,24,0.63,12.36,4,Mortgage,Education_Tuition,0,0
APP_12245,Small_Business_Owner,136717.12,755,63883.19,36,0.42,9.06,5,Own_Outright,Debt_Consolidation,1,0
APP_12246,Salaried_Corporate,53789.72,727,19474.38,60,0.26,9.62,2,Rent,Auto_Purchase,0,0
APP_12247,Self_Employed_Professional,58711.26,694,15298.00,84,0.18,10.17,4,Own_Outright,Education_Tuition,0,0
APP_12248,Salaried_Corporate,67097.94,694,42371.20,24,0.46,11.56,4,Rent,Debt_Consolidation,0,0
APP_12249,Small_Business_Owner,58725.81,663,43054.49,36,0.29,11.02,1,Own_Outright,Debt_Consolidation,1,0
APP_12250,Retired,50954.53,574,25841.77,36,0.29,14.93,1,Rent,Education_Tuition,1,0
APP_12251,Self_Employed_Professional,62533.31,613,21745.96,36,0.26,15.38,3,Rent,Home_Improvement,2,0
APP_12252,Retired,46360.34,741,37486.01,36,0.54,9.75,1,Rent,Debt_Consolidation,0,0
APP_12253,Salaried_Corporate,91720.99,681,55270.41,60,0.49,11.87,2,Employer_Provided,Debt_Consolidation,2,1
APP_12254,Salaried_Corporate,128441.99,605,68253.91,60,0.22,14.06,2,Mortgage,Debt_Consolidation,0,0
APP_12255,Government_Public,58233.85,779,41024.95,36,0.52,6.80,7,Own_Outright,Home_Improvement,0,0
APP_12256,Salaried_Corporate,139857.76,800,53686.70,36,0.33,7.63,1,Mortgage,Auto_Purchase,0,0
APP_12257,Salaried_Corporate,63033.99,768,41944.00,36,0.50,8.84,0,Rent,Home_Improvement,1,0
APP_12258,Small_Business_Owner,48346.97,718,19120.24,48,0.16,10.87,1,Own_Outright,Debt_Consolidation,0,0
APP_12259,Salaried_Corporate,90116.01,709,29795.54,48,0.25,10.25,2,Mortgage,Education_Tuition,0,0
APP_12260,Government_Public,43656.56,688,13659.64,24,0.27,10.99,3,Own_Outright,Home_Improvement,1,0
APP_12261,Self_Employed_Professional,87620.97,701,67336.96,12,0.34,11.30,3,Mortgage,Debt_Consolidation,0,0
APP_12262,Salaried_Corporate,74181.11,731,52952.87,48,0.52,8.77,2,Own_Outright,Business_Expansion,0,0
APP_12263,Salaried_Corporate,55179.51,736,16320.41,36,0.19,10.24,2,Mortgage,Home_Improvement,0,0
APP_12264,Salaried_Corporate,52615.74,720,10477.71,48,0.10,10.04,2,Employer_Provided,Home_Improvement,0,0
APP_12265,Small_Business_Owner,44678.66,477,11536.91,36,0.16,19.12,6,Own_Outright,Auto_Purchase,1,1
APP_12266,Salaried_Corporate,105263.01,765,38451.62,24,0.22,10.40,2,Employer_Provided,Debt_Consolidation,0,0
APP_12267,Government_Public,59860.54,703,34532.20,24,0.40,10.56,2,Mortgage,Home_Improvement,0,0
APP_12268,Salaried_Corporate,76118.64,602,46874.78,48,0.49,14.51,0,Mortgage,Education_Tuition,1,0
APP_12269,Salaried_Corporate,65844.30,703,15127.93,36,0.09,10.80,1,Rent,Debt_Consolidation,0,0
APP_12270,Self_Employed_Professional,60147.27,710,28164.19,24,0.22,8.94,3,Own_Outright,Education_Tuition,0,0
APP_12271,Salaried_Corporate,76640.05,588,39445.05,36,0.38,15.39,2,Mortgage,Debt_Consolidation,1,0
APP_12272,Self_Employed_Professional,83316.32,648,27614.41,60,0.14,10.88,0,Rent,Education_Tuition,0,0
APP_12273,Self_Employed_Professional,70426.87,618,46543.15,36,0.49,14.43,3,Mortgage,Home_Improvement,5,1
APP_12274,Salaried_Corporate,60778.86,627,34440.06,60,0.42,12.95,1,Mortgage,Home_Improvement,1,1
APP_12275,Self_Employed_Professional,40578.90,727,26846.17,60,0.36,9.32,3,Rent,Home_Improvement,0,0
APP_12276,Government_Public,50433.77,650,32224.21,12,0.60,12.65,2,Rent,Debt_Consolidation,0,1
APP_12277,Salaried_Corporate,57656.69,696,44847.01,60,0.49,9.97,1,Own_Outright,Debt_Consolidation,0,0
APP_12278,Self_Employed_Professional,66650.82,738,41399.10,36,0.58,9.43,4,Mortgage,Auto_Purchase,0,0
APP_12279,Salaried_Corporate,30254.72,662,21483.38,48,0.33,11.37,2,Mortgage,Auto_Purchase,0,1
APP_12280,Government_Public,87444.47,741,44299.85,36,0.46,8.38,3,Mortgage,Debt_Consolidation,0,0
APP_12281,Salaried_Corporate,76457.44,778,24164.87,36,0.22,7.91,1,Mortgage,Auto_Purchase,0,0
APP_12282,Salaried_Corporate,50925.77,745,10878.35,48,0.20,10.25,2,Mortgage,Debt_Consolidation,0,0
APP_12283,Salaried_Corporate,43812.48,729,21582.79,24,0.35,10.42,2,Own_Outright,Medical_Emergency,0,0
APP_12284,Small_Business_Owner,48582.24,746,34436.83,36,0.64,8.80,6,Rent,Home_Improvement,0,0
APP_12285,Salaried_Corporate,36473.55,716,20364.46,24,0.31,10.18,3,Employer_Provided,Auto_Purchase,0,0
APP_12286,Small_Business_Owner,56800.62,745,9546.74,24,0.12,8.83,3,Rent,Home_Improvement,0,0
APP_12287,Salaried_Corporate,61036.55,614,19375.77,36,0.12,13.02,2,Mortgage,Debt_Consolidation,1,0
APP_12288,Government_Public,100038.37,685,45892.58,48,0.32,10.59,3,Own_Outright,Debt_Consolidation,0,0
APP_12289,Government_Public,81914.65,715,35349.86,36,0.25,10.56,4,Rent,Home_Improvement,0,0
APP_12290,Small_Business_Owner,115983.66,685,74011.15,12,0.54,10.84,3,Mortgage,Medical_Emergency,0,0
APP_12291,Small_Business_Owner,69598.49,850,19001.53,84,0.18,5.45,1,Mortgage,Debt_Consolidation,0,0
APP_12292,Self_Employed_Professional,43914.46,678,17955.27,36,0.27,10.86,1,Mortgage,Debt_Consolidation,0,0
APP_12293,Small_Business_Owner,144829.60,574,76064.17,48,0.49,16.04,4,Own_Outright,Debt_Consolidation,1,1
APP_12294,Salaried_Corporate,57334.18,694,48080.98,12,0.72,11.61,3,Rent,Debt_Consolidation,0,0
APP_12295,Small_Business_Owner,33006.99,744,26327.79,36,0.72,10.55,2,Own_Outright,Home_Improvement,0,0
APP_12296,Self_Employed_Professional,73066.73,633,30482.90,48,0.19,14.38,0,Own_Outright,Business_Expansion,0,0
APP_12297,Small_Business_Owner,32356.37,688,12419.54,12,0.34,10.58,1,Own_Outright,Debt_Consolidation,0,0
APP_12298,Self_Employed_Professional,63698.44,685,51900.57,36,0.49,10.74,2,Rent,Debt_Consolidation,0,0
APP_12299,Self_Employed_Professional,53429.38,686,40238.19,24,0.65,11.67,0,Mortgage,Home_Improvement,0,0
APP_12300,Salaried_Corporate,83755.79,651,54201.42,24,0.42,11.93,1,Own_Outright,Medical_Emergency,0,1
APP_12301,Salaried_Corporate,101629.72,761,59467.27,36,0.44,8.88,2,Rent,Medical_Emergency,1,0
APP_12302,Salaried_Corporate,57173.98,831,37746.80,36,0.33,5.91,4,Rent,Debt_Consolidation,0,0
APP_12303,Small_Business_Owner,55366.82,635,35811.66,36,0.30,13.95,2,Mortgage,Debt_Consolidation,0,0
APP_12304,Salaried_Corporate,93075.51,605,68477.05,36,0.50,15.05,1,Mortgage,Education_Tuition,0,0
APP_12305,Government_Public,46861.61,662,30763.57,36,0.29,12.00,3,Rent,Home_Improvement,1,0
APP_12306,Government_Public,68118.96,781,41221.96,36,0.44,6.51,1,Rent,Auto_Purchase,0,0
APP_12307,Government_Public,84429.45,673,68030.55,36,0.30,12.66,2,Mortgage,Home_Improvement,0,0
APP_12308,Government_Public,46361.80,714,37482.46,36,0.38,9.89,3,Mortgage,Education_Tuition,1,0
APP_12309,Salaried_Corporate,57798.05,631,25535.25,36,0.23,13.34,2,Mortgage,Auto_Purchase,0,0
APP_12310,Government_Public,69245.06,806,58787.13,60,0.38,6.97,1,Own_Outright,Debt_Consolidation,0,0
APP_12311,Salaried_Corporate,120430.47,671,51205.62,36,0.18,12.23,0,Mortgage,Debt_Consolidation,0,0
APP_12312,Salaried_Corporate,38397.08,706,12452.06,36,0.26,10.17,1,Mortgage,Debt_Consolidation,0,0
APP_12313,Salaried_Corporate,61874.49,638,18263.21,36,0.18,12.22,2,Rent,Auto_Purchase,0,0
APP_12314,Salaried_Corporate,121684.33,632,28381.81,48,0.12,13.45,2,Mortgage,Debt_Consolidation,0,1
APP_12315,Salaried_Corporate,102447.61,690,41537.29,48,0.22,11.90,2,Employer_Provided,Home_Improvement,0,0
APP_12316,Salaried_Corporate,58453.90,697,48380.25,48,0.68,10.89,6,Own_Outright,Medical_Emergency,1,0
APP_12317,Retired,64081.28,746,24168.45,36,0.18,9.13,5,Own_Outright,Medical_Emergency,1,0
APP_12318,Salaried_Corporate,81368.44,580,64581.14,24,0.64,14.24,2,Rent,Home_Improvement,1,0
APP_12319,Government_Public,82129.91,628,18481.84,60,0.18,13.88,0,Mortgage,Home_Improvement,1,0
APP_12320,Small_Business_Owner,123027.52,645,31064.75,60,0.10,13.33,4,Mortgage,Debt_Consolidation,0,0
APP_12321,Government_Public,110101.36,698,29084.53,60,0.24,10.87,1,Own_Outright,Debt_Consolidation,0,0
APP_12322,Small_Business_Owner,35524.19,617,18992.97,60,0.37,13.08,3,Own_Outright,Debt_Consolidation,1,0
APP_12323,Retired,32280.78,684,27255.27,36,0.72,11.52,6,Own_Outright,Education_Tuition,0,0
APP_12324,Salaried_Corporate,51810.45,648,15171.33,24,0.16,12.88,4,Rent,Business_Expansion,0,0
APP_12325,Self_Employed_Professional,28749.37,681,11030.15,48,0.29,11.53,1,Employer_Provided,Auto_Purchase,0,0
APP_12326,Salaried_Corporate,119443.28,640,89265.09,48,0.53,12.17,1,Mortgage,Debt_Consolidation,0,0
APP_12327,Salaried_Corporate,33753.81,624,17614.31,36,0.27,13.82,5,Mortgage,Debt_Consolidation,0,0
APP_12328,Salaried_Corporate,57836.32,709,22636.24,36,0.34,10.69,1,Own_Outright,Home_Improvement,0,0
APP_12329,Self_Employed_Professional,44710.85,762,19936.54,84,0.37,8.99,3,Rent,Debt_Consolidation,0,0
APP_12330,Retired,32396.64,743,21529.28,24,0.50,9.23,3,Mortgage,Education_Tuition,1,0
APP_12331,Salaried_Corporate,112571.00,762,45440.72,36,0.35,9.69,3,Mortgage,Auto_Purchase,0,0
APP_12332,Government_Public,51045.32,770,31322.74,36,0.29,8.37,2,Mortgage,Business_Expansion,0,0
APP_12333,Salaried_Corporate,156087.41,680,110922.46,24,0.55,12.72,3,Employer_Provided,Education_Tuition,1,0
APP_12334,Self_Employed_Professional,124546.21,812,23640.73,48,0.10,7.04,3,Mortgage,Home_Improvement,0,0
APP_12335,Salaried_Corporate,66076.88,739,44595.74,48,0.62,8.56,3,Own_Outright,Debt_Consolidation,0,0
APP_12336,Retired,25774.79,628,20903.46,24,0.56,14.14,2,Mortgage,Education_Tuition,0,0
APP_12337,Self_Employed_Professional,56778.31,647,11711.61,60,0.18,12.50,0,Own_Outright,Medical_Emergency,0,1
APP_12338,Salaried_Corporate,185100.65,700,38353.31,36,0.10,10.53,2,Mortgage,Education_Tuition,0,0
APP_12339,Government_Public,80232.82,747,46600.36,36,0.31,10.03,2,Own_Outright,Debt_Consolidation,0,0
APP_12340,Salaried_Corporate,61372.26,675,38265.89,48,0.50,10.78,1,Mortgage,Home_Improvement,0,0
APP_12341,Government_Public,50253.99,627,23799.91,60,0.27,12.10,3,Mortgage,Home_Improvement,1,1
APP_12342,Salaried_Corporate,98640.47,741,79395.50,24,0.33,9.24,1,Mortgage,Debt_Consolidation,0,0
APP_12343,Salaried_Corporate,78148.59,617,18649.76,36,0.18,14.11,2,Rent,Home_Improvement,2,0
APP_12344,Salaried_Corporate,75188.36,710,17514.79,48,0.10,11.22,3,Rent,Debt_Consolidation,1,0
APP_12345,Small_Business_Owner,110331.81,693,17344.28,60,0.11,11.25,2,Mortgage,Home_Improvement,0,0
APP_12346,Small_Business_Owner,107696.92,603,78127.76,48,0.62,12.57,3,Mortgage,Home_Improvement,2,1
APP_12347,Self_Employed_Professional,80560.03,806,17168.07,60,0.15,6.30,1,Own_Outright,Debt_Consolidation,0,0
APP_12348,Salaried_Corporate,32399.87,691,18544.75,12,0.37,10.20,6,Mortgage,Auto_Purchase,0,0
APP_12349,Salaried_Corporate,42529.96,613,34054.89,36,0.39,12.50,0,Rent,Debt_Consolidation,2,1
APP_12350,Self_Employed_Professional,50138.12,693,9368.83,36,0.08,11.00,2,Mortgage,Auto_Purchase,0,0
APP_12351,Salaried_Corporate,65070.64,578,15107.05,36,0.08,15.67,5,Own_Outright,Debt_Consolidation,4,1
APP_12352,Salaried_Corporate,129904.42,713,98692.23,60,0.63,11.19,4,Own_Outright,Medical_Emergency,1,1
APP_12353,Self_Employed_Professional,166653.56,746,57376.94,36,0.13,9.63,2,Rent,Home_Improvement,0,0
APP_12354,Self_Employed_Professional,78925.09,850,35171.68,12,0.39,5.05,0,Rent,Auto_Purchase,0,0
APP_12355,Self_Employed_Professional,84761.05,696,47142.75,48,0.33,11.89,0,Mortgage,Home_Improvement,0,0
APP_12356,Salaried_Corporate,33521.86,647,21842.22,12,0.58,12.62,3,Mortgage,Home_Improvement,0,0
APP_12357,Government_Public,54707.17,703,15250.80,24,0.12,10.83,2,Own_Outright,Medical_Emergency,1,0
APP_12358,Government_Public,51590.33,784,39292.37,48,0.64,7.34,5,Mortgage,Home_Improvement,0,0
APP_12359,Small_Business_Owner,49687.44,723,34378.72,60,0.60,9.86,4,Mortgage,Home_Improvement,0,0
APP_12360,Small_Business_Owner,85894.27,744,18331.35,36,0.13,8.97,1,Employer_Provided,Home_Improvement,0,0
APP_12361,Self_Employed_Professional,54017.67,739,12195.38,36,0.21,8.38,0,Mortgage,Auto_Purchase,0,0
APP_12362,Retired,28203.11,723,18192.23,36,0.31,10.57,3,Rent,Medical_Emergency,1,0
APP_12363,Salaried_Corporate,96680.64,599,46493.59,12,0.20,14.64,4,Mortgage,Education_Tuition,4,0
APP_12364,Salaried_Corporate,113728.82,595,53083.46,36,0.43,15.29,1,Mortgage,Debt_Consolidation,1,1
APP_12365,Small_Business_Owner,75336.59,587,22772.72,12,0.15,14.38,2,Mortgage,Debt_Consolidation,0,1
APP_12366,Government_Public,61347.10,612,39791.80,60,0.24,14.61,3,Mortgage,Home_Improvement,2,0
APP_12367,Salaried_Corporate,44146.78,620,10147.75,48,0.14,12.50,3,Mortgage,Medical_Emergency,0,0
APP_12368,Government_Public,45397.63,811,18672.35,36,0.39,7.33,5,Employer_Provided,Debt_Consolidation,0,0
APP_12369,Self_Employed_Professional,107144.44,644,70236.87,36,0.56,13.44,4,Own_Outright,Debt_Consolidation,0,0
APP_12370,Salaried_Corporate,47251.09,696,39523.36,24,0.34,10.20,2,Mortgage,Business_Expansion,0,0
APP_12371,Government_Public,163684.20,674,48884.85,84,0.17,12.71,3,Mortgage,Debt_Consolidation,0,0
APP_12372,Self_Employed_Professional,101450.59,703,60379.22,60,0.40,12.02,0,Employer_Provided,Home_Improvement,0,0
APP_12373,Government_Public,77098.83,695,15028.18,60,0.16,10.60,2,Mortgage,Debt_Consolidation,0,0
APP_12374,Small_Business_Owner,224481.68,608,75624.26,36,0.16,15.35,0,Mortgage,Debt_Consolidation,0,0
APP_12375,Salaried_Corporate,117486.47,729,25558.10,60,0.09,8.48,5,Rent,Debt_Consolidation,0,0
APP_12376,Government_Public,54519.21,646,39880.46,36,0.58,12.71,1,Own_Outright,Debt_Consolidation,0,1
APP_12377,Salaried_Corporate,41745.98,644,18478.73,36,0.16,10.80,3,Mortgage,Home_Improvement,1,0
APP_12378,Small_Business_Owner,54677.26,670,42320.11,36,0.51,12.71,3,Own_Outright,Debt_Consolidation,0,0
APP_12379,Small_Business_Owner,63182.82,743,11255.84,36,0.14,8.12,2,Mortgage,Home_Improvement,0,0
APP_12380,Small_Business_Owner,47039.76,649,30050.81,36,0.48,11.15,1,Own_Outright,Debt_Consolidation,0,0
APP_12381,Government_Public,39894.61,696,20349.60,36,0.34,11.24,2,Mortgage,Education_Tuition,0,0
APP_12382,Self_Employed_Professional,73566.43,716,46748.63,36,0.52,11.14,4,Rent,Debt_Consolidation,0,0
APP_12383,Salaried_Corporate,98685.61,707,81587.69,36,0.58,10.31,1,Own_Outright,Debt_Consolidation,0,0
APP_12384,Self_Employed_Professional,152659.49,703,126845.68,24,0.70,10.89,3,Mortgage,Auto_Purchase,0,0
APP_12385,Small_Business_Owner,68494.77,599,50103.85,24,0.51,15.92,1,Own_Outright,Auto_Purchase,1,1
APP_12386,Salaried_Corporate,86779.47,698,25814.03,48,0.18,10.20,1,Mortgage,Home_Improvement,0,0
APP_12387,Salaried_Corporate,28766.55,631,19605.78,36,0.48,12.58,3,Rent,Debt_Consolidation,0,1
APP_12388,Self_Employed_Professional,97380.40,576,79863.87,36,0.50,16.20,1,Mortgage,Education_Tuition,4,1
APP_12389,Government_Public,42025.10,660,16490.85,60,0.19,12.50,2,Mortgage,Medical_Emergency,0,0
APP_12390,Self_Employed_Professional,75899.21,656,29945.81,36,0.25,13.60,4,Rent,Home_Improvement,0,0
APP_12391,Government_Public,64899.37,850,31445.40,36,0.45,4.46,1,Mortgage,Home_Improvement,0,0
APP_12392,Self_Employed_Professional,59347.25,753,37778.93,24,0.45,7.55,4,Mortgage,Debt_Consolidation,0,0
APP_12393,Retired,33939.15,741,10977.36,36,0.26,8.27,2,Rent,Debt_Consolidation,0,0
APP_12394,Small_Business_Owner,47067.97,663,12269.94,36,0.19,12.78,3,Rent,Debt_Consolidation,0,0
APP_12395,Salaried_Corporate,43064.82,678,15097.10,60,0.22,12.63,3,Mortgage,Debt_Consolidation,1,0
APP_12396,Salaried_Corporate,50648.24,850,30485.74,60,0.36,6.36,3,Own_Outright,Education_Tuition,0,0
APP_12397,Retired,112656.18,649,20218.38,36,0.08,13.16,0,Own_Outright,Auto_Purchase,0,0
APP_12398,Retired,56459.71,707,45127.15,36,0.29,11.64,4,Rent,Debt_Consolidation,1,0
APP_12399,Salaried_Corporate,48883.37,810,26411.50,24,0.47,6.45,2,Own_Outright,Debt_Consolidation,0,0
APP_12400,Government_Public,88636.60,643,19883.41,48,0.12,11.34,4,Own_Outright,Medical_Emergency,0,0
APP_12401,Government_Public,76646.71,700,50294.85,60,0.46,9.59,2,Rent,Home_Improvement,1,0
APP_12402,Salaried_Corporate,165136.93,689,57914.95,36,0.22,10.12,1,Mortgage,Auto_Purchase,0,0
APP_12403,Self_Employed_Professional,104297.87,632,71613.47,60,0.28,11.78,4,Own_Outright,Business_Expansion,0,0
APP_12404,Small_Business_Owner,27038.11,740,20715.22,36,0.28,8.36,4,Own_Outright,Home_Improvement,1,0
APP_12405,Salaried_Corporate,95066.24,618,47780.53,36,0.46,13.09,1,Mortgage,Debt_Consolidation,5,1
APP_12406,Small_Business_Owner,90108.38,740,25158.99,24,0.16,9.93,0,Own_Outright,Education_Tuition,0,0
APP_12407,Salaried_Corporate,139632.81,718,67125.87,36,0.26,10.47,2,Mortgage,Home_Improvement,0,0
APP_12408,Self_Employed_Professional,60517.12,748,33273.91,48,0.22,10.37,5,Own_Outright,Home_Improvement,0,0
APP_12409,Salaried_Corporate,108376.92,677,43546.67,48,0.14,10.72,2,Own_Outright,Medical_Emergency,0,0
APP_12410,Small_Business_Owner,56411.06,715,38840.65,48,0.54,10.64,3,Rent,Home_Improvement,0,0
APP_12411,Salaried_Corporate,75409.91,757,25641.21,24,0.30,9.89,0,Mortgage,Debt_Consolidation,0,0
APP_12412,Self_Employed_Professional,41162.34,598,30418.55,36,0.37,14.14,0,Rent,Auto_Purchase,1,0
APP_12413,Salaried_Corporate,35649.78,611,16265.87,48,0.28,13.72,2,Mortgage,Debt_Consolidation,1,0
APP_12414,Salaried_Corporate,97863.23,728,54858.59,36,0.41,10.98,1,Rent,Debt_Consolidation,0,0
APP_12415,Government_Public,66277.50,743,12540.66,60,0.09,9.06,4,Own_Outright,Home_Improvement,0,0
APP_12416,Salaried_Corporate,37184.79,699,11047.49,48,0.17,12.07,0,Mortgage,Debt_Consolidation,0,0
APP_12417,Salaried_Corporate,95466.53,750,43628.42,36,0.29,7.90,2,Rent,Auto_Purchase,0,0
APP_12418,Salaried_Corporate,22000.00,666,14679.97,36,0.49,13.40,3,Own_Outright,Business_Expansion,0,0
APP_12419,Self_Employed_Professional,45961.23,772,38144.20,48,0.72,9.31,5,Mortgage,Business_Expansion,0,0
APP_12420,Salaried_Corporate,31340.65,685,6292.67,12,0.13,10.66,3,Own_Outright,Debt_Consolidation,0,0
APP_12421,Self_Employed_Professional,113508.09,639,91470.24,36,0.41,12.83,2,Own_Outright,Business_Expansion,1,0
APP_12422,Small_Business_Owner,54442.44,783,19907.30,24,0.27,6.91,5,Rent,Debt_Consolidation,0,0
APP_12423,Salaried_Corporate,68562.93,744,57448.36,36,0.35,8.91,0,Mortgage,Home_Improvement,0,0
APP_12424,Salaried_Corporate,75878.91,661,13755.21,60,0.06,11.03,2,Mortgage,Debt_Consolidation,0,1
APP_12425,Salaried_Corporate,95212.26,662,48202.05,36,0.29,10.82,1,Mortgage,Auto_Purchase,1,1
APP_12426,Government_Public,90481.06,729,62818.53,60,0.27,8.84,4,Own_Outright,Debt_Consolidation,0,0
APP_12427,Salaried_Corporate,94898.14,625,37515.29,60,0.25,14.41,2,Own_Outright,Medical_Emergency,0,0
APP_12428,Small_Business_Owner,58719.34,711,48833.09,48,0.45,9.00,2,Rent,Auto_Purchase,0,0
APP_12429,Retired,97139.28,679,77451.65,48,0.71,12.74,3,Mortgage,Home_Improvement,1,1
APP_12430,Salaried_Corporate,49269.81,704,18813.16,24,0.17,11.47,1,Own_Outright,Auto_Purchase,0,0
APP_12431,Salaried_Corporate,55221.18,559,8439.77,36,0.12,17.00,2,Employer_Provided,Debt_Consolidation,4,1
APP_12432,Small_Business_Owner,33138.47,631,9038.30,48,0.20,13.64,2,Mortgage,Debt_Consolidation,1,1
APP_12433,Government_Public,140698.46,706,24309.84,36,0.16,11.99,1,Own_Outright,Home_Improvement,0,0
APP_12434,Salaried_Corporate,42313.41,758,26479.05,36,0.43,7.66,1,Employer_Provided,Auto_Purchase,0,0
APP_12435,Self_Employed_Professional,124850.14,681,31050.86,60,0.21,12.66,1,Mortgage,Debt_Consolidation,0,0
APP_12436,Small_Business_Owner,84270.38,737,40939.94,48,0.27,11.99,1,Own_Outright,Auto_Purchase,1,0
APP_12437,Salaried_Corporate,72379.04,594,20353.73,24,0.11,14.48,2,Mortgage,Debt_Consolidation,1,0
APP_12438,Self_Employed_Professional,78053.40,661,59075.83,48,0.45,12.24,2,Mortgage,Medical_Emergency,0,0
APP_12439,Self_Employed_Professional,40971.68,708,14592.65,48,0.27,9.86,1,Rent,Debt_Consolidation,0,0
APP_12440,Government_Public,136284.71,686,87018.86,60,0.32,11.44,1,Mortgage,Home_Improvement,0,0
APP_12441,Self_Employed_Professional,56231.81,740,31497.56,48,0.24,9.60,4,Rent,Home_Improvement,0,0
APP_12442,Self_Employed_Professional,104381.36,673,43092.35,24,0.17,9.96,5,Mortgage,Home_Improvement,1,1
APP_12443,Self_Employed_Professional,51820.01,674,35337.07,48,0.46,12.31,2,Mortgage,Debt_Consolidation,0,0
APP_12444,Salaried_Corporate,34747.77,732,7995.47,48,0.13,10.62,0,Mortgage,Home_Improvement,1,0
APP_12445,Self_Employed_Professional,161544.81,655,104629.90,36,0.52,11.80,1,Rent,Debt_Consolidation,0,0
APP_12446,Salaried_Corporate,50434.84,631,13900.68,48,0.20,13.02,4,Mortgage,Debt_Consolidation,0,0
APP_12447,Self_Employed_Professional,81456.81,720,16887.80,36,0.19,10.85,2,Mortgage,Debt_Consolidation,0,0
APP_12448,Self_Employed_Professional,22000.00,627,18206.20,60,0.72,12.76,3,Mortgage,Education_Tuition,0,1
APP_12449,Government_Public,64092.53,782,17331.75,60,0.10,8.54,4,Own_Outright,Debt_Consolidation,2,0
APP_12450,Small_Business_Owner,86840.34,570,29119.20,24,0.17,15.78,3,Mortgage,Home_Improvement,5,1
APP_12451,Salaried_Corporate,70553.98,671,11086.03,36,0.08,13.79,3,Rent,Debt_Consolidation,0,0
APP_12452,Self_Employed_Professional,63316.07,796,39501.77,24,0.55,7.34,1,Mortgage,Medical_Emergency,0,0
APP_12453,Salaried_Corporate,60176.26,818,41036.53,36,0.29,6.22,1,Mortgage,Debt_Consolidation,1,0
APP_12454,Salaried_Corporate,97905.44,684,16100.61,24,0.10,11.66,2,Own_Outright,Debt_Consolidation,0,0
APP_12455,Salaried_Corporate,36969.53,762,18927.14,36,0.20,8.75,5,Mortgage,Business_Expansion,1,0
APP_12456,Salaried_Corporate,59484.69,740,44236.02,12,0.47,10.75,6,Rent,Business_Expansion,0,0
APP_12457,Small_Business_Owner,126198.41,658,88467.33,48,0.26,13.66,3,Rent,Debt_Consolidation,0,0
APP_12458,Retired,33954.75,720,24200.07,24,0.56,9.58,3,Own_Outright,Medical_Emergency,0,0
APP_12459,Self_Employed_Professional,63074.98,634,12471.81,36,0.13,13.10,5,Rent,Education_Tuition,0,0
APP_12460,Salaried_Corporate,40276.25,588,14019.63,24,0.33,14.35,3,Rent,Business_Expansion,2,1
APP_12461,Salaried_Corporate,75769.12,723,39003.96,36,0.48,9.36,2,Mortgage,Debt_Consolidation,2,1
APP_12462,Salaried_Corporate,67162.19,727,34090.52,12,0.42,7.31,0,Mortgage,Auto_Purchase,0,0
APP_12463,Government_Public,43269.55,613,29435.65,60,0.36,15.36,4,Own_Outright,Debt_Consolidation,2,1
APP_12464,Salaried_Corporate,66897.09,681,53101.46,36,0.33,11.03,1,Employer_Provided,Medical_Emergency,0,0
APP_12465,Government_Public,68158.24,613,44420.74,60,0.29,13.65,4,Rent,Home_Improvement,1,0
APP_12466,Salaried_Corporate,50303.49,660,24505.91,12,0.37,14.54,2,Own_Outright,Medical_Emergency,0,0
APP_12467,Self_Employed_Professional,54860.22,662,30903.34,24,0.24,11.74,2,Mortgage,Education_Tuition,0,0
APP_12468,Small_Business_Owner,49433.61,738,7546.21,60,0.08,9.37,4,Rent,Debt_Consolidation,0,0
APP_12469,Salaried_Corporate,23713.10,657,11037.62,36,0.19,12.64,0,Own_Outright,Debt_Consolidation,0,0
APP_12470,Small_Business_Owner,100419.56,608,23053.38,12,0.09,14.46,1,Rent,Medical_Emergency,1,1
APP_12471,Small_Business_Owner,113286.61,802,75004.62,12,0.39,6.73,2,Rent,Home_Improvement,0,0
APP_12472,Salaried_Corporate,30103.69,722,20979.77,60,0.42,10.99,2,Mortgage,Home_Improvement,0,0
APP_12473,Salaried_Corporate,113961.78,748,96840.37,36,0.40,9.29,1,Own_Outright,Auto_Purchase,4,0
APP_12474,Self_Employed_Professional,79274.16,730,37575.16,36,0.43,9.90,2,Mortgage,Medical_Emergency,2,0
APP_12475,Retired,40296.84,751,8499.67,60,0.15,8.51,2,Own_Outright,Auto_Purchase,0,0
APP_12476,Retired,60225.43,718,14886.01,48,0.13,10.13,5,Own_Outright,Debt_Consolidation,0,0
APP_12477,Salaried_Corporate,48169.82,720,37830.39,48,0.67,10.95,3,Rent,Debt_Consolidation,0,0
APP_12478,Small_Business_Owner,100257.32,698,28784.93,36,0.20,11.74,2,Rent,Education_Tuition,0,0
APP_12479,Small_Business_Owner,43786.76,661,17696.03,48,0.25,11.94,2,Mortgage,Home_Improvement,0,0
APP_12480,Government_Public,172011.19,748,41867.89,36,0.20,8.54,4,Mortgage,Medical_Emergency,0,0
APP_12481,Salaried_Corporate,111451.75,673,80607.25,24,0.41,12.56,4,Mortgage,Debt_Consolidation,0,0
APP_12482,Retired,38130.66,698,13758.68,36,0.30,11.20,4,Own_Outright,Medical_Emergency,1,0
APP_12483,Government_Public,138315.48,714,56793.54,60,0.14,11.08,3,Own_Outright,Debt_Consolidation,1,0
APP_12484,Self_Employed_Professional,91897.40,720,61545.51,36,0.33,9.39,3,Own_Outright,Auto_Purchase,0,0
APP_12485,Salaried_Corporate,61834.67,624,35133.52,36,0.38,13.60,2,Own_Outright,Debt_Consolidation,0,0
APP_12486,Salaried_Corporate,89687.12,703,50836.73,36,0.48,11.48,1,Rent,Debt_Consolidation,1,0
APP_12487,Salaried_Corporate,100317.39,624,18604.47,48,0.15,13.04,2,Mortgage,Debt_Consolidation,2,0
APP_12488,Government_Public,47040.07,702,14242.83,36,0.28,12.32,2,Own_Outright,Debt_Consolidation,0,0
APP_12489,Small_Business_Owner,96349.09,741,33035.71,36,0.17,10.72,0,Rent,Business_Expansion,0,0
APP_12490,Retired,54462.88,807,46100.47,12,0.72,6.88,3,Mortgage,Home_Improvement,0,0
APP_12491,Salaried_Corporate,95455.77,728,29332.97,36,0.13,9.72,2,Mortgage,Home_Improvement,0,0
APP_12492,Government_Public,62231.28,746,25595.55,36,0.19,9.49,1,Own_Outright,Debt_Consolidation,0,0
APP_12493,Government_Public,42053.49,619,11976.23,48,0.18,13.93,1,Mortgage,Home_Improvement,1,0
APP_12494,Salaried_Corporate,87868.64,725,42334.98,36,0.23,10.96,2,Own_Outright,Debt_Consolidation,0,0
APP_12495,Salaried_Corporate,55802.96,617,8373.22,36,0.06,13.16,1,Rent,Medical_Emergency,1,0
APP_12496,Small_Business_Owner,70936.77,768,50540.55,36,0.52,7.75,3,Mortgage,Business_Expansion,0,0
APP_12497,Self_Employed_Professional,79537.77,621,61080.46,36,0.46,13.94,2,Rent,Debt_Consolidation,0,0
APP_12498,Salaried_Corporate,128177.31,626,63226.71,48,0.45,13.94,2,Mortgage,Auto_Purchase,0,1
APP_12499,Small_Business_Owner,54387.89,739,40331.79,48,0.70,9.46,1,Own_Outright,Business_Expansion,0,0
APP_12500,Salaried_Corporate,45177.26,799,6934.47,48,0.14,8.05,2,Mortgage,Business_Expansion,0,0
APP_12501,Self_Employed_Professional,138775.27,759,63301.68,24,0.30,9.86,4,Rent,Auto_Purchase,3,0
APP_12502,Government_Public,66266.01,667,17836.59,48,0.14,12.67,1,Employer_Provided,Education_Tuition,1,0
APP_12503,Salaried_Corporate,51776.12,626,21916.94,36,0.39,13.84,3,Mortgage,Home_Improvement,0,0
APP_12504,Salaried_Corporate,77888.83,662,34694.20,12,0.26,12.08,2,Rent,Medical_Emergency,1,0
APP_12505,Self_Employed_Professional,56690.94,698,35443.20,48,0.36,11.02,1,Rent,Medical_Emergency,0,0
APP_12506,Small_Business_Owner,58659.71,685,41737.91,12,0.52,10.33,2,Employer_Provided,Debt_Consolidation,0,0
APP_12507,Salaried_Corporate,210692.06,623,150000.00,24,0.52,12.70,2,Own_Outright,Debt_Consolidation,0,0
APP_12508,Self_Employed_Professional,42420.83,774,15261.90,12,0.15,9.24,2,Own_Outright,Home_Improvement,0,0
APP_12509,Self_Employed_Professional,34643.66,775,21909.89,36,0.29,9.60,1,Rent,Debt_Consolidation,0,0
APP_12510,Small_Business_Owner,114862.32,813,84562.89,24,0.26,5.74,2,Rent,Home_Improvement,0,0
APP_12511,Small_Business_Owner,55790.51,582,23990.36,48,0.18,15.56,4,Rent,Auto_Purchase,0,1
APP_12512,Salaried_Corporate,76389.02,637,41439.93,36,0.30,11.93,1,Mortgage,Medical_Emergency,0,1
APP_12513,Salaried_Corporate,88186.19,706,55621.31,36,0.58,11.99,1,Mortgage,Medical_Emergency,1,0
APP_12514,Salaried_Corporate,30109.05,690,6181.10,36,0.17,11.23,0,Own_Outright,Medical_Emergency,0,0
APP_12515,Salaried_Corporate,110554.85,661,64681.57,48,0.28,14.30,3,Mortgage,Debt_Consolidation,0,0
APP_12516,Salaried_Corporate,51399.64,634,27238.69,48,0.22,12.74,3,Own_Outright,Debt_Consolidation,0,0
APP_12517,Small_Business_Owner,155513.89,625,56925.94,24,0.35,13.17,5,Rent,Debt_Consolidation,1,0
APP_12518,Government_Public,46243.93,822,39145.27,48,0.66,6.82,3,Own_Outright,Education_Tuition,1,0
APP_12519,Salaried_Corporate,133863.37,597,27726.68,36,0.14,15.31,2,Rent,Education_Tuition,2,1
APP_12520,Government_Public,145222.76,589,118418.95,84,0.72,15.52,2,Mortgage,Medical_Emergency,0,1
APP_12521,Self_Employed_Professional,53089.08,613,31658.16,36,0.55,14.79,0,Mortgage,Home_Improvement,2,1
APP_12522,Small_Business_Owner,60740.30,702,11635.58,36,0.08,10.63,4,Mortgage,Business_Expansion,0,0
APP_12523,Government_Public,57450.46,672,15890.33,48,0.20,12.68,0,Employer_Provided,Debt_Consolidation,0,0
APP_12524,Salaried_Corporate,131116.33,717,91435.21,12,0.53,12.05,1,Own_Outright,Debt_Consolidation,0,0
APP_12525,Self_Employed_Professional,71735.46,644,20602.86,48,0.25,13.54,3,Rent,Medical_Emergency,0,0
APP_12526,Salaried_Corporate,84097.51,696,15366.71,36,0.12,10.37,2,Mortgage,Home_Improvement,0,0
APP_12527,Government_Public,62032.59,696,33065.97,24,0.40,11.37,0,Mortgage,Business_Expansion,0,0
APP_12528,Salaried_Corporate,81834.07,792,69478.13,12,0.48,6.02,4,Rent,Auto_Purchase,0,0
APP_12529,Self_Employed_Professional,84265.29,806,35014.61,12,0.24,7.64,2,Own_Outright,Business_Expansion,0,0
APP_12530,Salaried_Corporate,50586.71,680,23236.21,24,0.32,10.27,2,Own_Outright,Auto_Purchase,0,0
APP_12531,Salaried_Corporate,146915.51,746,101630.13,36,0.33,9.81,3,Own_Outright,Education_Tuition,0,0
APP_12532,Salaried_Corporate,60375.18,701,34361.96,48,0.47,10.82,3,Own_Outright,Medical_Emergency,1,0
APP_12533,Small_Business_Owner,105187.31,740,35676.56,24,0.22,10.25,0,Rent,Home_Improvement,0,0
APP_12534,Salaried_Corporate,37504.11,715,20002.39,24,0.46,10.38,3,Mortgage,Medical_Emergency,1,0
APP_12535,Salaried_Corporate,90021.43,738,42502.64,60,0.39,10.65,4,Mortgage,Education_Tuition,0,0
APP_12536,Salaried_Corporate,106851.08,745,17247.58,24,0.11,9.73,0,Mortgage,Debt_Consolidation,0,0
APP_12537,Salaried_Corporate,74581.97,718,16799.16,60,0.17,11.12,1,Own_Outright,Home_Improvement,0,0
APP_12538,Salaried_Corporate,107382.68,699,61576.09,24,0.49,10.61,5,Rent,Home_Improvement,1,0
APP_12539,Self_Employed_Professional,48133.03,758,12234.57,60,0.14,8.45,2,Own_Outright,Medical_Emergency,0,0
APP_12540,Salaried_Corporate,81849.44,681,56339.55,48,0.54,10.45,4,Employer_Provided,Medical_Emergency,0,0
APP_12541,Retired,33378.62,653,16482.39,24,0.45,11.66,3,Own_Outright,Home_Improvement,0,0
APP_12542,Self_Employed_Professional,70746.18,589,14867.74,36,0.08,14.95,0,Own_Outright,Medical_Emergency,2,0
APP_12543,Salaried_Corporate,46313.78,718,37801.69,36,0.53,10.29,3,Own_Outright,Home_Improvement,0,0
APP_12544,Small_Business_Owner,64155.05,735,47271.80,24,0.32,9.95,2,Rent,Debt_Consolidation,0,0
APP_12545,Salaried_Corporate,123088.47,578,73517.20,36,0.35,14.71,1,Mortgage,Medical_Emergency,1,1
APP_12546,Government_Public,144643.28,650,97182.41,48,0.57,12.82,5,Own_Outright,Debt_Consolidation,0,0
APP_12547,Salaried_Corporate,37157.50,739,22875.81,48,0.29,10.56,2,Mortgage,Auto_Purchase,0,0
APP_12548,Salaried_Corporate,115887.30,681,18430.59,24,0.06,11.91,7,Rent,Education_Tuition,0,0
APP_12549,Retired,124194.62,694,72588.55,48,0.30,11.13,6,Mortgage,Debt_Consolidation,0,0
APP_12550,Self_Employed_Professional,76580.22,749,24599.49,36,0.26,9.35,1,Mortgage,Debt_Consolidation,0,0
APP_12551,Government_Public,121914.79,683,99178.78,12,0.34,12.49,1,Own_Outright,Debt_Consolidation,0,0
APP_12552,Salaried_Corporate,54899.54,715,23954.73,24,0.31,10.49,1,Own_Outright,Auto_Purchase,0,0
APP_12553,Self_Employed_Professional,52508.96,620,33778.24,36,0.51,13.34,5,Mortgage,Debt_Consolidation,0,0
APP_12554,Salaried_Corporate,52611.22,713,13373.91,12,0.18,10.01,4,Own_Outright,Home_Improvement,0,0
APP_12555,Salaried_Corporate,91242.46,603,43900.66,24,0.44,13.93,1,Own_Outright,Home_Improvement,0,0
APP_12556,Small_Business_Owner,63337.62,606,14128.16,36,0.18,13.80,1,Mortgage,Auto_Purchase,1,1
APP_12557,Salaried_Corporate,47948.46,657,20836.51,60,0.17,13.06,3,Own_Outright,Medical_Emergency,0,0
APP_12558,Self_Employed_Professional,48993.63,726,26567.88,48,0.47,11.31,2,Mortgage,Home_Improvement,0,0
APP_12559,Salaried_Corporate,66207.31,693,39244.31,60,0.40,10.81,3,Rent,Home_Improvement,0,0
APP_12560,Self_Employed_Professional,45155.19,639,19273.79,12,0.40,12.35,5,Mortgage,Auto_Purchase,0,0
APP_12561,Salaried_Corporate,89390.18,747,23349.79,60,0.25,8.18,3,Own_Outright,Home_Improvement,0,0
APP_12562,Salaried_Corporate,113299.38,711,69310.89,24,0.27,11.87,2,Own_Outright,Home_Improvement,0,0
APP_12563,Self_Employed_Professional,102562.91,758,16240.22,36,0.08,9.58,4,Mortgage,Debt_Consolidation,0,0
APP_12564,Small_Business_Owner,245240.78,632,150000.00,24,0.45,12.78,2,Rent,Debt_Consolidation,0,1
APP_12565,Retired,79608.25,783,49572.39,36,0.24,8.02,6,Mortgage,Home_Improvement,1,0
APP_12566,Salaried_Corporate,141896.25,793,98187.55,24,0.41,8.67,3,Mortgage,Medical_Emergency,0,0
APP_12567,Self_Employed_Professional,71877.06,749,59770.20,48,0.72,9.07,2,Rent,Medical_Emergency,0,0
APP_12568,Salaried_Corporate,58378.93,722,22123.70,48,0.25,10.78,1,Rent,Business_Expansion,0,0
APP_12569,Self_Employed_Professional,69815.16,722,36505.58,36,0.29,9.97,2,Rent,Debt_Consolidation,2,0
APP_12570,Salaried_Corporate,71315.52,711,42277.59,48,0.27,10.25,4,Own_Outright,Home_Improvement,0,0
APP_12571,Salaried_Corporate,62590.79,601,35055.67,24,0.45,12.32,4,Own_Outright,Auto_Purchase,1,0
APP_12572,Self_Employed_Professional,40654.62,651,24131.81,12,0.54,12.32,1,Mortgage,Debt_Consolidation,0,0
APP_12573,Salaried_Corporate,42584.87,683,34467.78,24,0.72,11.07,3,Mortgage,Home_Improvement,0,1
APP_12574,Salaried_Corporate,110186.66,623,53852.79,36,0.19,14.07,0,Own_Outright,Home_Improvement,0,0
APP_12575,Government_Public,96312.98,783,72542.96,12,0.30,8.10,1,Rent,Home_Improvement,0,0
APP_12576,Government_Public,147330.68,723,87200.12,24,0.56,10.22,3,Own_Outright,Debt_Consolidation,0,0
APP_12577,Self_Employed_Professional,55451.11,806,38692.38,36,0.64,7.84,6,Rent,Debt_Consolidation,1,0
APP_12578,Salaried_Corporate,53171.74,741,20181.45,60,0.18,7.54,3,Mortgage,Debt_Consolidation,0,0
APP_12579,Salaried_Corporate,39453.03,599,15007.81,60,0.18,14.47,4,Mortgage,Education_Tuition,0,1
APP_12580,Salaried_Corporate,106422.94,775,85636.16,84,0.57,7.26,5,Own_Outright,Debt_Consolidation,1,0
APP_12581,Small_Business_Owner,44291.22,661,32469.76,24,0.40,11.28,5,Rent,Debt_Consolidation,1,1
APP_12582,Small_Business_Owner,65258.78,779,32916.58,12,0.39,7.82,4,Mortgage,Medical_Emergency,0,0
APP_12583,Salaried_Corporate,76187.34,788,36000.06,36,0.22,7.74,1,Mortgage,Business_Expansion,0,0
APP_12584,Salaried_Corporate,32742.77,778,10667.84,36,0.27,8.49,4,Rent,Debt_Consolidation,0,0
APP_12585,Salaried_Corporate,93865.88,760,27716.01,36,0.15,9.08,2,Own_Outright,Auto_Purchase,1,0
APP_12586,Small_Business_Owner,104248.05,718,32105.23,48,0.13,9.58,2,Mortgage,Debt_Consolidation,1,0
APP_12587,Salaried_Corporate,74948.25,689,60647.20,84,0.45,11.12,4,Own_Outright,Debt_Consolidation,0,0
APP_12588,Small_Business_Owner,63636.35,813,21420.97,36,0.12,7.98,2,Rent,Business_Expansion,0,0
APP_12589,Small_Business_Owner,65217.06,708,30159.94,60,0.34,11.89,1,Own_Outright,Medical_Emergency,0,0
APP_12590,Salaried_Corporate,124255.50,665,77954.32,24,0.24,11.90,1,Rent,Home_Improvement,0,0
APP_12591,Government_Public,67778.46,719,40791.79,36,0.26,10.28,1,Mortgage,Debt_Consolidation,1,0
APP_12592,Government_Public,65572.98,765,45224.14,24,0.57,7.83,1,Own_Outright,Home_Improvement,0,0
APP_12593,Self_Employed_Professional,48582.24,762,20181.10,36,0.27,9.48,4,Mortgage,Debt_Consolidation,0,0
APP_12594,Salaried_Corporate,22000.00,619,8419.35,12,0.27,15.65,4,Employer_Provided,Home_Improvement,1,0
APP_12595,Salaried_Corporate,108373.31,760,54386.22,36,0.26,8.30,2,Mortgage,Medical_Emergency,0,0
APP_12596,Salaried_Corporate,66085.13,735,39274.92,24,0.56,10.57,3,Rent,Home_Improvement,0,0
APP_12597,Self_Employed_Professional,44626.38,668,37763.80,36,0.72,12.62,3,Mortgage,Medical_Emergency,1,0
APP_12598,Salaried_Corporate,171037.21,636,95983.32,48,0.32,13.05,3,Own_Outright,Debt_Consolidation,0,1
APP_12599,Government_Public,80638.71,783,55432.66,36,0.57,7.35,3,Own_Outright,Auto_Purchase,0,0
APP_12600,Salaried_Corporate,60312.47,789,48078.81,36,0.66,9.67,1,Mortgage,Business_Expansion,0,0
APP_12601,Self_Employed_Professional,104630.06,792,15939.10,84,0.14,8.19,4,Mortgage,Education_Tuition,0,0
APP_12602,Government_Public,78086.70,605,25597.28,60,0.28,15.06,1,Mortgage,Debt_Consolidation,2,1
APP_12603,Self_Employed_Professional,77407.07,676,11787.09,84,0.09,11.58,1,Rent,Debt_Consolidation,0,0
APP_12604,Salaried_Corporate,50316.90,694,39367.92,24,0.44,11.15,1,Rent,Home_Improvement,1,0
APP_12605,Retired,90522.11,788,38128.34,36,0.38,6.75,2,Employer_Provided,Home_Improvement,0,0
APP_12606,Self_Employed_Professional,101025.33,742,56172.83,48,0.33,9.99,2,Mortgage,Education_Tuition,0,0
APP_12607,Self_Employed_Professional,50439.58,675,24631.93,60,0.32,11.48,5,Rent,Home_Improvement,0,0
APP_12608,Salaried_Corporate,28206.23,701,19104.77,36,0.28,10.03,2,Mortgage,Home_Improvement,0,0
APP_12609,Self_Employed_Professional,101470.73,736,41373.11,84,0.21,8.91,6,Own_Outright,Debt_Consolidation,0,0
APP_12610,Small_Business_Owner,87799.06,739,13920.03,36,0.07,11.41,0,Mortgage,Business_Expansion,0,0
APP_12611,Self_Employed_Professional,96658.91,799,38782.37,48,0.16,7.09,2,Rent,Debt_Consolidation,0,0
APP_12612,Salaried_Corporate,67560.72,785,32378.19,36,0.27,8.13,2,Own_Outright,Education_Tuition,0,0
APP_12613,Retired,102050.06,771,44270.52,36,0.29,7.38,2,Own_Outright,Education_Tuition,1,0
APP_12614,Self_Employed_Professional,49326.12,640,16825.61,24,0.28,12.89,0,Mortgage,Debt_Consolidation,0,0
APP_12615,Government_Public,60841.62,644,13237.36,24,0.15,11.80,1,Own_Outright,Auto_Purchase,1,0
APP_12616,Salaried_Corporate,41310.89,626,7008.79,48,0.14,13.84,0,Mortgage,Debt_Consolidation,0,0
APP_12617,Self_Employed_Professional,111398.08,718,87750.47,36,0.39,9.51,4,Own_Outright,Debt_Consolidation,0,0
APP_12618,Government_Public,64793.56,659,12709.91,36,0.16,12.99,4,Own_Outright,Home_Improvement,0,0
APP_12619,Small_Business_Owner,73447.66,729,31429.35,36,0.16,8.41,3,Mortgage,Education_Tuition,1,0
APP_12620,Salaried_Corporate,80417.27,738,16471.18,36,0.11,9.01,2,Mortgage,Home_Improvement,0,0
APP_12621,Small_Business_Owner,59435.49,706,13538.22,24,0.14,11.61,0,Mortgage,Debt_Consolidation,0,0
APP_12622,Salaried_Corporate,95806.72,749,57792.93,36,0.56,10.35,3,Own_Outright,Home_Improvement,0,0
APP_12623,Salaried_Corporate,139539.84,650,111174.49,36,0.32,12.68,1,Mortgage,Home_Improvement,0,1
APP_12624,Salaried_Corporate,102833.14,596,40490.28,36,0.20,14.31,5,Mortgage,Debt_Consolidation,1,1
APP_12625,Salaried_Corporate,30470.94,646,20474.70,60,0.30,12.92,4,Mortgage,Debt_Consolidation,1,0
APP_12626,Salaried_Corporate,69522.77,746,48412.39,60,0.42,10.87,3,Mortgage,Debt_Consolidation,0,0
APP_12627,Self_Employed_Professional,70958.35,812,42451.79,36,0.33,6.65,4,Own_Outright,Home_Improvement,0,0
APP_12628,Small_Business_Owner,115729.94,788,87735.85,36,0.31,7.73,1,Own_Outright,Medical_Emergency,1,0
APP_12629,Salaried_Corporate,51684.36,679,14506.85,48,0.18,10.80,0,Mortgage,Auto_Purchase,0,0
APP_12630,Self_Employed_Professional,41431.99,755,8393.81,24,0.13,8.37,3,Own_Outright,Debt_Consolidation,0,0
APP_12631,Self_Employed_Professional,96376.93,602,45223.93,36,0.34,14.76,2,Own_Outright,Auto_Purchase,2,0
APP_12632,Retired,65601.08,793,34362.50,84,0.45,8.26,0,Mortgage,Home_Improvement,1,0
APP_12633,Small_Business_Owner,49976.43,727,20511.11,60,0.38,10.16,0,Employer_Provided,Debt_Consolidation,0,0
APP_12634,Retired,58861.92,744,46814.61,60,0.33,9.97,3,Own_Outright,Education_Tuition,0,0
APP_12635,Government_Public,35066.75,568,8289.52,24,0.13,14.82,2,Own_Outright,Medical_Emergency,3,1
APP_12636,Self_Employed_Professional,71435.77,723,57368.16,36,0.72,9.18,0,Own_Outright,Home_Improvement,0,0
APP_12637,Salaried_Corporate,57716.30,813,25727.12,48,0.31,7.46,2,Own_Outright,Debt_Consolidation,0,0
APP_12638,Government_Public,84106.76,712,61675.99,24,0.43,10.07,2,Mortgage,Debt_Consolidation,0,0
APP_12639,Small_Business_Owner,60341.43,687,25010.88,48,0.25,10.41,5,Mortgage,Home_Improvement,0,0
APP_12640,Salaried_Corporate,67236.69,676,33995.14,36,0.43,11.91,0,Rent,Education_Tuition,0,0
APP_12641,Salaried_Corporate,53912.22,646,34056.24,60,0.55,12.89,1,Rent,Medical_Emergency,0,0
APP_12642,Self_Employed_Professional,59007.53,699,28422.24,36,0.25,10.77,1,Employer_Provided,Debt_Consolidation,0,0
APP_12643,Salaried_Corporate,39799.43,614,30320.41,36,0.41,15.24,3,Mortgage,Medical_Emergency,2,1
APP_12644,Retired,105292.44,722,55376.77,60,0.41,11.59,2,Rent,Debt_Consolidation,0,0
APP_12645,Salaried_Corporate,64941.56,765,10565.33,48,0.06,9.32,2,Rent,Debt_Consolidation,1,0
APP_12646,Salaried_Corporate,27035.06,665,19168.26,36,0.61,12.48,6,Own_Outright,Auto_Purchase,0,1
APP_12647,Salaried_Corporate,32421.72,718,16078.55,84,0.18,11.34,2,Rent,Medical_Emergency,1,0
APP_12648,Self_Employed_Professional,105545.36,689,65583.61,36,0.39,11.41,0,Employer_Provided,Auto_Purchase,0,0
APP_12649,Small_Business_Owner,64896.23,719,24430.73,36,0.31,10.05,1,Own_Outright,Debt_Consolidation,0,0
APP_12650,Self_Employed_Professional,65580.72,752,41921.89,36,0.57,8.55,0,Rent,Debt_Consolidation,1,0
APP_12651,Salaried_Corporate,66090.96,720,43331.55,60,0.48,9.54,5,Rent,Home_Improvement,2,0
APP_12652,Government_Public,82398.12,749,69954.68,36,0.57,9.87,2,Own_Outright,Home_Improvement,0,0
APP_12653,Salaried_Corporate,131763.29,727,53411.47,36,0.31,8.71,5,Own_Outright,Medical_Emergency,0,0
APP_12654,Salaried_Corporate,80846.20,749,24556.84,60,0.26,8.65,1,Mortgage,Auto_Purchase,0,0
APP_12655,Salaried_Corporate,75986.81,714,37028.68,36,0.17,10.10,1,Employer_Provided,Medical_Emergency,0,0
APP_12656,Salaried_Corporate,51170.79,715,32455.57,48,0.45,9.22,4,Mortgage,Medical_Emergency,0,0
APP_12657,Self_Employed_Professional,33051.28,738,16102.45,60,0.40,9.21,4,Mortgage,Debt_Consolidation,0,0
APP_12658,Self_Employed_Professional,81921.18,689,61701.06,12,0.68,11.35,1,Mortgage,Home_Improvement,0,0
APP_12659,Salaried_Corporate,84953.82,722,70021.02,48,0.49,10.92,2,Mortgage,Medical_Emergency,0,0
APP_12660,Government_Public,108537.02,635,90731.19,60,0.72,12.81,2,Mortgage,Home_Improvement,0,1
APP_12661,Salaried_Corporate,142980.48,575,34048.80,36,0.17,15.45,2,Mortgage,Debt_Consolidation,4,1
APP_12662,Salaried_Corporate,39263.50,699,12582.89,24,0.18,9.73,2,Rent,Business_Expansion,0,0
APP_12663,Small_Business_Owner,50196.37,641,17879.76,12,0.34,12.03,2,Own_Outright,Debt_Consolidation,1,0
APP_12664,Self_Employed_Professional,89385.95,819,71514.59,12,0.31,5.09,0,Employer_Provided,Business_Expansion,0,0
APP_12665,Retired,66206.54,641,46136.99,36,0.61,13.79,5,Rent,Auto_Purchase,0,1
APP_12666,Salaried_Corporate,126693.42,743,29767.87,36,0.16,9.08,2,Own_Outright,Medical_Emergency,0,0
APP_12667,Salaried_Corporate,60650.83,647,27709.01,36,0.32,12.96,2,Mortgage,Debt_Consolidation,0,0
APP_12668,Retired,162828.56,691,130337.01,36,0.68,11.63,0,Mortgage,Home_Improvement,1,1
APP_12669,Self_Employed_Professional,67859.38,620,19976.01,36,0.27,14.40,2,Employer_Provided,Debt_Consolidation,0,0
APP_12670,Self_Employed_Professional,137647.46,614,73979.94,48,0.48,15.58,4,Own_Outright,Business_Expansion,3,1
APP_12671,Salaried_Corporate,22402.20,711,14168.53,60,0.40,10.46,4,Rent,Debt_Consolidation,0,1
APP_12672,Salaried_Corporate,82360.19,667,16090.05,60,0.15,11.50,5,Employer_Provided,Home_Improvement,0,0
APP_12673,Retired,66868.84,741,30244.09,48,0.36,9.97,1,Mortgage,Medical_Emergency,1,0
APP_12674,Retired,25793.16,774,20446.01,36,0.44,10.12,3,Rent,Debt_Consolidation,1,0
APP_12675,Retired,65716.68,589,10400.20,60,0.08,14.44,2,Rent,Home_Improvement,1,0
APP_12676,Government_Public,37911.47,761,22495.69,60,0.50,8.06,4,Own_Outright,Auto_Purchase,1,0
APP_12677,Self_Employed_Professional,52373.48,628,39901.87,60,0.51,11.43,4,Rent,Debt_Consolidation,0,1
APP_12678,Self_Employed_Professional,75912.22,668,34234.50,36,0.22,10.38,1,Own_Outright,Debt_Consolidation,1,0
APP_12679,Salaried_Corporate,62611.00,599,20741.77,36,0.29,15.65,0,Mortgage,Home_Improvement,0,0
APP_12680,Small_Business_Owner,77679.08,601,51164.19,36,0.43,14.30,2,Mortgage,Home_Improvement,2,1
APP_12681,Small_Business_Owner,71020.74,564,28896.28,36,0.35,14.86,1,Rent,Home_Improvement,2,0
APP_12682,Small_Business_Owner,190893.35,664,73321.54,36,0.17,12.18,0,Rent,Debt_Consolidation,0,0
APP_12683,Salaried_Corporate,74359.15,694,24711.23,36,0.29,13.18,2,Mortgage,Home_Improvement,0,0
APP_12684,Salaried_Corporate,69607.52,666,57255.81,60,0.49,12.11,2,Mortgage,Debt_Consolidation,0,0
APP_12685,Small_Business_Owner,79970.39,574,53720.47,36,0.35,16.94,1,Mortgage,Debt_Consolidation,4,0
APP_12686,Retired,65394.32,563,16154.75,36,0.14,15.05,0,Own_Outright,Home_Improvement,1,0
APP_12687,Salaried_Corporate,32442.10,691,11621.30,48,0.26,12.38,2,Own_Outright,Home_Improvement,0,0
APP_12688,Salaried_Corporate,90339.28,741,70250.25,36,0.41,8.96,0,Rent,Home_Improvement,1,1
APP_12689,Government_Public,118281.26,706,86435.08,12,0.54,10.05,3,Mortgage,Debt_Consolidation,0,0
APP_12690,Small_Business_Owner,133233.14,811,52829.10,48,0.26,6.15,4,Mortgage,Medical_Emergency,0,0
APP_12691,Small_Business_Owner,90239.05,688,58331.73,36,0.48,11.06,1,Mortgage,Debt_Consolidation,0,1
APP_12692,Retired,58630.47,711,12932.09,36,0.12,11.27,1,Rent,Debt_Consolidation,0,0
APP_12693,Small_Business_Owner,74482.64,689,18938.78,36,0.13,10.89,3,Own_Outright,Auto_Purchase,0,0
APP_12694,Self_Employed_Professional,147836.79,639,115401.14,24,0.59,13.93,0,Mortgage,Business_Expansion,1,1
APP_12695,Small_Business_Owner,59827.33,679,31730.08,36,0.35,11.06,2,Mortgage,Business_Expansion,0,0
APP_12696,Self_Employed_Professional,38674.01,745,9488.15,36,0.11,9.20,5,Mortgage,Medical_Emergency,1,0
APP_12697,Salaried_Corporate,178832.77,747,88234.54,84,0.37,8.77,1,Rent,Debt_Consolidation,0,0
APP_12698,Salaried_Corporate,41850.09,713,19869.48,36,0.24,11.87,1,Own_Outright,Education_Tuition,0,0
APP_12699,Small_Business_Owner,32620.02,793,27655.44,36,0.48,7.96,1,Rent,Medical_Emergency,1,0
APP_12700,Salaried_Corporate,76390.27,720,12240.75,36,0.14,10.39,1,Mortgage,Business_Expansion,0,0
APP_12701,Government_Public,79534.61,711,53108.92,48,0.32,10.27,3,Own_Outright,Home_Improvement,0,0
APP_12702,Salaried_Corporate,81318.27,788,55251.28,36,0.41,7.26,2,Own_Outright,Home_Improvement,0,0
APP_12703,Self_Employed_Professional,98244.35,644,68037.54,48,0.28,12.09,2,Mortgage,Debt_Consolidation,0,0
APP_12704,Salaried_Corporate,61527.87,783,42719.63,60,0.43,8.96,1,Mortgage,Debt_Consolidation,0,0
APP_12705,Salaried_Corporate,61928.08,627,40052.09,36,0.58,12.21,2,Mortgage,Medical_Emergency,0,0
APP_12706,Salaried_Corporate,51126.39,673,22836.36,60,0.31,11.56,2,Rent,Business_Expansion,0,0
APP_12707,Small_Business_Owner,70372.59,571,12990.24,36,0.16,16.22,4,Own_Outright,Home_Improvement,2,0
APP_12708,Salaried_Corporate,84445.96,706,69863.14,48,0.56,9.33,2,Own_Outright,Debt_Consolidation,0,0
APP_12709,Salaried_Corporate,99513.54,776,31797.77,48,0.12,8.30,3,Own_Outright,Home_Improvement,0,0
APP_12710,Government_Public,44178.31,629,16065.90,36,0.24,12.74,3,Mortgage,Debt_Consolidation,0,0
APP_12711,Self_Employed_Professional,37767.13,672,9703.20,36,0.13,11.91,1,Rent,Business_Expansion,0,0
APP_12712,Small_Business_Owner,98542.62,676,37666.39,36,0.23,11.61,5,Rent,Debt_Consolidation,0,0
APP_12713,Small_Business_Owner,52153.36,676,19790.81,36,0.19,9.94,7,Mortgage,Debt_Consolidation,0,0
APP_12714,Self_Employed_Professional,42475.30,622,17066.04,36,0.17,14.20,1,Rent,Home_Improvement,0,0
APP_12715,Salaried_Corporate,28780.12,692,12447.46,36,0.21,10.38,2,Mortgage,Home_Improvement,0,0
APP_12716,Salaried_Corporate,124657.82,792,76978.59,36,0.36,7.14,2,Own_Outright,Auto_Purchase,0,0
APP_12717,Salaried_Corporate,74910.46,657,62146.76,36,0.70,12.47,2,Own_Outright,Home_Improvement,0,1
APP_12718,Salaried_Corporate,84581.48,705,43617.77,36,0.42,11.01,3,Rent,Education_Tuition,0,0
APP_12719,Self_Employed_Professional,80566.50,704,68148.50,60,0.32,11.10,1,Mortgage,Medical_Emergency,0,0
APP_12720,Government_Public,72812.38,664,13730.19,36,0.15,12.81,4,Mortgage,Debt_Consolidation,0,0
APP_12721,Self_Employed_Professional,65483.41,708,27044.03,36,0.15,8.62,2,Rent,Debt_Consolidation,0,0
APP_12722,Salaried_Corporate,64110.97,665,10970.43,84,0.07,12.53,1,Rent,Home_Improvement,0,0
APP_12723,Government_Public,42633.33,717,24220.74,12,0.46,10.28,5,Rent,Home_Improvement,0,1
APP_12724,Salaried_Corporate,29898.90,685,24977.32,24,0.49,10.98,1,Mortgage,Home_Improvement,0,0
APP_12725,Salaried_Corporate,181776.43,599,54273.27,60,0.16,14.72,2,Own_Outright,Debt_Consolidation,0,0
APP_12726,Salaried_Corporate,67311.74,573,43909.44,48,0.38,16.18,2,Own_Outright,Debt_Consolidation,1,1
APP_12727,Government_Public,54344.74,551,37182.34,36,0.46,15.53,1,Mortgage,Debt_Consolidation,1,1
APP_12728,Self_Employed_Professional,46146.09,663,10267.16,24,0.16,13.33,2,Mortgage,Auto_Purchase,0,0
APP_12729,Self_Employed_Professional,106118.55,744,48059.24,36,0.34,10.22,1,Rent,Medical_Emergency,0,0
APP_12730,Small_Business_Owner,70624.08,643,17502.28,48,0.10,13.23,3,Mortgage,Debt_Consolidation,0,0
APP_12731,Self_Employed_Professional,44867.44,674,17791.25,36,0.18,10.84,0,Mortgage,Home_Improvement,0,0
APP_12732,Salaried_Corporate,57721.80,648,41258.57,60,0.44,14.48,0,Mortgage,Business_Expansion,0,0
APP_12733,Self_Employed_Professional,76121.61,636,26904.29,36,0.31,13.41,4,Own_Outright,Debt_Consolidation,0,0
APP_12734,Salaried_Corporate,55604.33,833,44668.41,36,0.65,6.23,2,Rent,Debt_Consolidation,0,0
APP_12735,Salaried_Corporate,95490.97,638,66210.61,24,0.32,13.20,0,Mortgage,Home_Improvement,0,0
APP_12736,Self_Employed_Professional,172101.78,602,57521.98,36,0.17,14.84,3,Rent,Debt_Consolidation,1,1
APP_12737,Salaried_Corporate,54727.27,632,24536.09,60,0.26,14.07,2,Mortgage,Debt_Consolidation,0,0
APP_12738,Government_Public,58207.72,695,33901.27,24,0.50,11.04,3,Mortgage,Business_Expansion,0,0
APP_12739,Salaried_Corporate,45548.46,653,26177.36,36,0.54,11.58,0,Mortgage,Auto_Purchase,0,1
APP_12740,Salaried_Corporate,61754.80,709,33602.11,36,0.21,11.39,3,Own_Outright,Auto_Purchase,0,0
APP_12741,Self_Employed_Professional,27387.20,643,11320.47,36,0.27,12.28,1,Employer_Provided,Business_Expansion,2,0
APP_12742,Small_Business_Owner,108521.41,652,87991.87,12,0.46,11.80,1,Rent,Debt_Consolidation,1,0
APP_12743,Salaried_Corporate,36301.91,644,7679.08,36,0.12,12.84,2,Mortgage,Education_Tuition,0,0
APP_12744,Government_Public,46035.22,684,27305.97,84,0.39,11.09,0,Employer_Provided,Business_Expansion,0,0
APP_12745,Salaried_Corporate,68714.56,736,12018.59,24,0.14,9.90,2,Own_Outright,Medical_Emergency,0,0
APP_12746,Salaried_Corporate,122988.39,743,66291.39,36,0.38,9.80,2,Own_Outright,Education_Tuition,1,0
APP_12747,Salaried_Corporate,45052.52,781,12570.34,24,0.17,7.60,5,Rent,Auto_Purchase,1,0
APP_12748,Government_Public,60839.70,605,12716.16,36,0.16,14.39,2,Rent,Debt_Consolidation,2,0
APP_12749,Salaried_Corporate,75514.91,622,14118.42,24,0.11,13.30,0,Rent,Debt_Consolidation,0,0
APP_12750,Salaried_Corporate,48912.60,630,40055.72,84,0.61,14.01,1,Mortgage,Medical_Emergency,0,1
APP_12751,Salaried_Corporate,62678.96,690,15037.23,48,0.11,11.64,2,Mortgage,Home_Improvement,0,0
APP_12752,Self_Employed_Professional,32346.99,620,12990.66,36,0.22,14.33,3,Rent,Home_Improvement,0,0
APP_12753,Salaried_Corporate,52184.41,645,25007.99,12,0.33,12.63,1,Own_Outright,Debt_Consolidation,0,1
APP_12754,Salaried_Corporate,115117.08,734,19232.58,36,0.15,9.87,5,Rent,Debt_Consolidation,0,0
APP_12755,Small_Business_Owner,95515.99,760,76149.47,48,0.29,9.14,4,Rent,Debt_Consolidation,1,0
APP_12756,Government_Public,54192.94,735,8710.11,36,0.13,10.23,1,Rent,Home_Improvement,0,0
APP_12757,Salaried_Corporate,41945.08,711,33055.51,48,0.51,11.02,0,Mortgage,Debt_Consolidation,0,0
APP_12758,Salaried_Corporate,60140.40,647,10359.50,48,0.14,12.69,2,Mortgage,Debt_Consolidation,0,0
APP_12759,Salaried_Corporate,34246.95,691,14972.88,60,0.18,10.29,2,Mortgage,Business_Expansion,0,0
APP_12760,Government_Public,60563.88,764,42277.21,36,0.49,8.99,2,Mortgage,Home_Improvement,0,0
APP_12761,Self_Employed_Professional,55021.75,733,9207.61,60,0.10,10.06,0,Own_Outright,Business_Expansion,0,0
APP_12762,Salaried_Corporate,54123.73,748,38799.65,36,0.39,8.28,3,Own_Outright,Debt_Consolidation,1,0
APP_12763,Self_Employed_Professional,62098.68,752,29762.45,36,0.18,9.70,4,Mortgage,Home_Improvement,1,0
APP_12764,Salaried_Corporate,84250.51,669,40430.38,36,0.32,12.12,0,Own_Outright,Medical_Emergency,0,0
APP_12765,Salaried_Corporate,41465.20,731,11623.25,36,0.16,9.67,4,Mortgage,Business_Expansion,0,0
APP_12766,Retired,101818.03,665,31917.89,24,0.28,12.31,0,Own_Outright,Medical_Emergency,0,0
APP_12767,Salaried_Corporate,109794.05,729,77846.37,36,0.57,10.59,1,Own_Outright,Education_Tuition,1,0
APP_12768,Salaried_Corporate,178060.96,770,28004.87,24,0.06,9.62,1,Mortgage,Debt_Consolidation,0,0
APP_12769,Self_Employed_Professional,75610.34,791,28213.60,36,0.20,7.58,1,Own_Outright,Debt_Consolidation,0,0
APP_12770,Self_Employed_Professional,128394.87,729,48050.78,12,0.19,9.66,3,Own_Outright,Education_Tuition,1,0
APP_12771,Salaried_Corporate,102682.85,716,34870.17,36,0.26,10.80,4,Own_Outright,Home_Improvement,0,0
APP_12772,Self_Employed_Professional,72091.93,780,26496.35,36,0.26,6.94,3,Mortgage,Debt_Consolidation,0,0
APP_12773,Small_Business_Owner,38265.94,634,9022.24,12,0.13,13.94,1,Mortgage,Debt_Consolidation,0,0
APP_12774,Government_Public,98998.81,784,26402.65,36,0.13,6.79,6,Rent,Auto_Purchase,0,0
APP_12775,Salaried_Corporate,73709.00,698,39803.62,36,0.33,9.86,1,Employer_Provided,Debt_Consolidation,1,0
APP_12776,Salaried_Corporate,147902.58,699,80337.90,36,0.27,12.16,0,Mortgage,Home_Improvement,0,0
APP_12777,Retired,92327.15,661,73933.00,60,0.37,10.62,1,Mortgage,Debt_Consolidation,1,0
APP_12778,Small_Business_Owner,106416.84,614,55609.34,60,0.44,15.02,3,Rent,Debt_Consolidation,2,0
APP_12779,Self_Employed_Professional,51009.22,786,23285.24,36,0.42,9.05,2,Rent,Home_Improvement,0,0
APP_12780,Small_Business_Owner,73870.24,716,16000.45,36,0.17,10.58,1,Mortgage,Debt_Consolidation,0,0
APP_12781,Salaried_Corporate,27844.17,666,18523.21,36,0.26,12.59,6,Own_Outright,Medical_Emergency,0,0
APP_12782,Retired,84925.25,713,39256.21,36,0.42,9.16,4,Rent,Debt_Consolidation,0,0
APP_12783,Self_Employed_Professional,114461.75,668,77994.44,36,0.42,11.64,1,Mortgage,Auto_Purchase,0,0
APP_12784,Government_Public,123792.99,579,35337.24,24,0.14,15.51,4,Own_Outright,Home_Improvement,1,0
APP_12785,Self_Employed_Professional,56403.28,678,32751.04,60,0.47,11.94,2,Rent,Debt_Consolidation,0,0
APP_12786,Small_Business_Owner,29255.29,599,19219.65,12,0.23,14.87,3,Mortgage,Medical_Emergency,4,1
APP_12787,Salaried_Corporate,51952.13,705,20948.23,36,0.15,10.97,3,Rent,Home_Improvement,0,0
APP_12788,Salaried_Corporate,63893.50,793,31047.65,24,0.39,7.56,3,Rent,Debt_Consolidation,0,0
APP_12789,Salaried_Corporate,79535.96,648,15513.23,12,0.09,11.77,2,Rent,Debt_Consolidation,0,0
APP_12790,Government_Public,26549.14,741,9005.62,24,0.21,9.69,0,Own_Outright,Home_Improvement,0,0
APP_12791,Small_Business_Owner,63130.04,648,16738.28,36,0.18,11.84,8,Own_Outright,Debt_Consolidation,0,0
APP_12792,Self_Employed_Professional,41486.67,689,17103.25,36,0.39,10.99,2,Own_Outright,Auto_Purchase,1,0
APP_12793,Salaried_Corporate,126871.61,633,26951.06,60,0.12,14.40,1,Mortgage,Home_Improvement,0,0
APP_12794,Self_Employed_Professional,23139.21,730,16892.11,48,0.39,8.56,2,Mortgage,Debt_Consolidation,0,0
APP_12795,Self_Employed_Professional,104371.57,778,69253.11,48,0.42,7.99,1,Mortgage,Debt_Consolidation,1,0
APP_12796,Self_Employed_Professional,61587.40,703,46553.88,36,0.48,11.47,2,Mortgage,Debt_Consolidation,0,0
APP_12797,Small_Business_Owner,26341.40,725,21426.83,24,0.55,10.50,2,Rent,Debt_Consolidation,0,0
APP_12798,Salaried_Corporate,140764.16,725,76705.63,60,0.48,10.23,2,Rent,Home_Improvement,0,0
APP_12799,Self_Employed_Professional,121491.36,674,81595.29,36,0.52,11.28,2,Mortgage,Debt_Consolidation,1,1
APP_12800,Salaried_Corporate,116133.75,775,57264.89,48,0.43,9.24,1,Own_Outright,Home_Improvement,0,0
APP_12801,Salaried_Corporate,69002.87,656,48306.87,12,0.41,11.48,2,Own_Outright,Debt_Consolidation,0,1
APP_12802,Salaried_Corporate,48913.04,588,25713.88,36,0.43,15.46,3,Own_Outright,Business_Expansion,4,0
APP_12803,Small_Business_Owner,68138.51,630,45340.75,36,0.62,13.52,1,Own_Outright,Home_Improvement,1,0
APP_12804,Salaried_Corporate,84602.73,730,28978.50,36,0.14,9.18,0,Mortgage,Auto_Purchase,0,0
APP_12805,Salaried_Corporate,51839.45,665,32702.58,48,0.39,11.83,2,Mortgage,Home_Improvement,0,0
APP_12806,Self_Employed_Professional,44980.59,696,24963.30,60,0.39,12.48,2,Mortgage,Debt_Consolidation,1,0
APP_12807,Salaried_Corporate,82612.45,674,26839.65,60,0.23,10.89,1,Employer_Provided,Home_Improvement,0,0
APP_12808,Government_Public,72253.73,702,45517.48,48,0.41,9.40,0,Rent,Home_Improvement,0,0
APP_12809,Small_Business_Owner,100375.79,761,41073.30,60,0.34,8.18,0,Own_Outright,Medical_Emergency,0,0
APP_12810,Small_Business_Owner,131316.63,789,77516.91,60,0.28,8.02,1,Own_Outright,Education_Tuition,0,0
APP_12811,Salaried_Corporate,97280.46,627,59417.02,48,0.57,14.64,2,Own_Outright,Debt_Consolidation,0,0
APP_12812,Salaried_Corporate,39397.85,751,24420.78,48,0.52,9.07,4,Own_Outright,Debt_Consolidation,0,0
APP_12813,Salaried_Corporate,65785.34,703,41347.33,24,0.33,9.47,0,Mortgage,Auto_Purchase,1,0
APP_12814,Self_Employed_Professional,78758.42,610,34823.30,84,0.16,14.19,3,Mortgage,Debt_Consolidation,2,0
APP_12815,Salaried_Corporate,95238.30,722,55931.24,36,0.46,10.78,2,Mortgage,Auto_Purchase,0,0
APP_12816,Government_Public,97357.42,810,76398.59,36,0.29,7.19,4,Employer_Provided,Auto_Purchase,0,0
APP_12817,Retired,64465.24,642,12743.56,36,0.13,13.36,1,Rent,Auto_Purchase,1,0
APP_12818,Small_Business_Owner,53066.85,675,37053.07,60,0.49,10.28,5,Own_Outright,Debt_Consolidation,0,0
APP_12819,Salaried_Corporate,104183.53,586,25018.50,48,0.23,13.90,3,Rent,Debt_Consolidation,1,0
APP_12820,Small_Business_Owner,78427.64,682,37324.46,24,0.26,11.42,4,Own_Outright,Home_Improvement,0,0
APP_12821,Salaried_Corporate,75107.12,700,19892.43,36,0.21,11.79,3,Own_Outright,Debt_Consolidation,1,1
APP_12822,Retired,48189.90,818,33621.81,48,0.64,6.02,2,Rent,Education_Tuition,0,0
APP_12823,Salaried_Corporate,170232.00,629,29963.36,48,0.11,13.60,5,Mortgage,Home_Improvement,0,0
APP_12824,Small_Business_Owner,74018.41,753,47430.80,24,0.27,9.12,2,Mortgage,Home_Improvement,1,0
APP_12825,Salaried_Corporate,63635.82,710,27430.68,48,0.18,9.69,2,Own_Outright,Debt_Consolidation,0,0
APP_12826,Self_Employed_Professional,74020.50,835,24836.53,48,0.20,5.45,0,Mortgage,Home_Improvement,0,0
APP_12827,Salaried_Corporate,62365.29,701,51284.40,36,0.45,10.83,3,Own_Outright,Debt_Consolidation,0,0
APP_12828,Salaried_Corporate,37051.25,687,13132.57,36,0.19,11.06,1,Rent,Home_Improvement,1,0
APP_12829,Salaried_Corporate,75690.26,745,22570.26,36,0.19,9.93,3,Rent,Debt_Consolidation,0,0
APP_12830,Salaried_Corporate,34433.31,722,15564.72,48,0.30,9.76,1,Mortgage,Medical_Emergency,1,0
APP_12831,Salaried_Corporate,69313.38,751,25061.74,84,0.18,9.76,3,Mortgage,Education_Tuition,0,0
APP_12832,Government_Public,32307.73,726,21305.86,84,0.41,9.66,1,Rent,Debt_Consolidation,0,0
APP_12833,Salaried_Corporate,25098.41,594,4294.63,48,0.13,14.71,2,Rent,Debt_Consolidation,0,1
APP_12834,Self_Employed_Professional,87190.59,724,55317.27,36,0.43,10.66,3,Mortgage,Medical_Emergency,0,0
APP_12835,Salaried_Corporate,40269.92,722,17939.33,12,0.36,10.01,1,Rent,Medical_Emergency,0,0
APP_12836,Small_Business_Owner,80450.29,642,56215.04,36,0.36,12.63,4,Rent,Debt_Consolidation,0,0
APP_12837,Retired,71410.19,709,27402.09,36,0.22,10.51,4,Mortgage,Debt_Consolidation,2,0
APP_12838,Salaried_Corporate,70692.32,571,11501.21,48,0.11,16.23,0,Mortgage,Auto_Purchase,1,1
APP_12839,Retired,49902.26,707,34147.84,84,0.61,10.90,3,Rent,Home_Improvement,0,1
APP_12840,Self_Employed_Professional,62382.75,735,15145.09,24,0.17,7.91,4,Rent,Home_Improvement,0,0
APP_12841,Self_Employed_Professional,49249.79,752,23858.73,36,0.25,8.44,3,Own_Outright,Debt_Consolidation,1,0
APP_12842,Salaried_Corporate,101231.84,736,74212.75,36,0.27,9.02,1,Rent,Medical_Emergency,1,0
APP_12843,Retired,53244.16,632,42462.03,36,0.53,13.79,2,Rent,Debt_Consolidation,0,1
APP_12844,Government_Public,59173.13,595,19065.94,24,0.30,13.12,0,Mortgage,Medical_Emergency,1,1
APP_12845,Salaried_Corporate,92514.58,751,68156.96,36,0.55,9.28,1,Own_Outright,Auto_Purchase,0,0
APP_12846,Salaried_Corporate,50026.79,716,34682.36,12,0.42,10.82,2,Rent,Home_Improvement,0,0
APP_12847,Salaried_Corporate,29553.14,722,23538.96,36,0.32,10.60,0,Mortgage,Debt_Consolidation,0,0
APP_12848,Salaried_Corporate,41051.04,799,29581.66,84,0.30,7.26,1,Mortgage,Debt_Consolidation,0,0
APP_12849,Salaried_Corporate,106414.39,586,22628.66,36,0.17,13.68,1,Rent,Medical_Emergency,1,1
APP_12850,Retired,68677.07,807,55701.83,24,0.44,6.84,1,Rent,Education_Tuition,0,0
APP_12851,Government_Public,75468.34,653,12625.37,60,0.09,13.75,2,Mortgage,Business_Expansion,0,0
APP_12852,Salaried_Corporate,75589.69,744,29516.96,24,0.19,8.83,3,Mortgage,Auto_Purchase,0,0
APP_12853,Salaried_Corporate,147962.62,689,62508.97,36,0.38,13.02,0,Rent,Medical_Emergency,0,1
APP_12854,Self_Employed_Professional,26008.44,668,12735.95,84,0.26,12.68,1,Mortgage,Education_Tuition,1,0
APP_12855,Government_Public,62472.86,592,19657.74,48,0.14,14.65,0,Mortgage,Home_Improvement,2,1
APP_12856,Small_Business_Owner,67072.42,646,15873.24,36,0.14,13.00,3,Rent,Education_Tuition,1,0
APP_12857,Government_Public,65570.12,720,48255.23,48,0.57,10.47,1,Rent,Home_Improvement,0,0
APP_12858,Small_Business_Owner,94823.99,713,56825.52,36,0.36,9.96,4,Mortgage,Medical_Emergency,0,1
APP_12859,Self_Employed_Professional,95912.71,752,46270.71,60,0.39,8.69,5,Own_Outright,Debt_Consolidation,0,0
APP_12860,Salaried_Corporate,60037.54,645,41559.33,36,0.53,14.45,3,Own_Outright,Home_Improvement,0,1
APP_12861,Small_Business_Owner,30937.40,739,24459.42,48,0.45,10.68,3,Mortgage,Debt_Consolidation,0,1
APP_12862,Self_Employed_Professional,204598.16,694,62760.20,24,0.27,10.80,4,Employer_Provided,Home_Improvement,1,1
APP_12863,Small_Business_Owner,65985.73,731,24813.09,36,0.15,9.15,0,Own_Outright,Medical_Emergency,0,0
APP_12864,Small_Business_Owner,68827.98,723,55339.45,12,0.64,8.78,2,Own_Outright,Education_Tuition,0,0
APP_12865,Salaried_Corporate,116778.02,659,61989.32,36,0.35,14.08,2,Mortgage,Auto_Purchase,0,0
APP_12866,Salaried_Corporate,55438.16,706,19229.70,36,0.19,11.49,2,Own_Outright,Debt_Consolidation,1,0
APP_12867,Government_Public,118334.57,720,30856.38,36,0.15,11.16,0,Mortgage,Auto_Purchase,1,0
APP_12868,Salaried_Corporate,57644.42,741,48542.20,36,0.59,8.98,3,Own_Outright,Home_Improvement,0,0
APP_12869,Salaried_Corporate,150707.54,788,79048.63,36,0.27,7.24,4,Own_Outright,Debt_Consolidation,0,0
APP_12870,Self_Employed_Professional,81218.18,649,61204.42,24,0.54,11.98,3,Rent,Education_Tuition,0,1
APP_12871,Salaried_Corporate,48827.31,614,29061.90,60,0.40,11.44,3,Rent,Debt_Consolidation,1,0
APP_12872,Self_Employed_Professional,176516.16,774,81297.13,60,0.37,7.53,3,Mortgage,Auto_Purchase,0,0
APP_12873,Self_Employed_Professional,86775.40,606,65151.72,36,0.34,14.51,0,Own_Outright,Debt_Consolidation,3,1
APP_12874,Self_Employed_Professional,50312.43,757,20102.62,60,0.23,9.04,0,Mortgage,Education_Tuition,0,0
APP_12875,Retired,35129.24,631,24166.47,36,0.45,12.87,0,Own_Outright,Auto_Purchase,0,0
APP_12876,Salaried_Corporate,90572.88,649,42332.97,36,0.37,13.24,1,Rent,Home_Improvement,0,0
APP_12877,Retired,123356.37,685,95992.58,36,0.43,10.88,2,Rent,Debt_Consolidation,0,0
APP_12878,Small_Business_Owner,78761.20,596,39558.02,24,0.27,15.23,4,Mortgage,Debt_Consolidation,1,0
APP_12879,Government_Public,76766.92,627,29023.41,24,0.34,14.11,1,Rent,Debt_Consolidation,0,0
APP_12880,Small_Business_Owner,133435.94,581,87803.65,36,0.27,15.81,1,Mortgage,Auto_Purchase,3,1
APP_12881,Salaried_Corporate,86616.95,733,65144.06,24,0.59,9.76,2,Mortgage,Medical_Emergency,0,0
APP_12882,Self_Employed_Professional,49214.65,689,36699.99,48,0.62,10.63,1,Mortgage,Debt_Consolidation,0,0
APP_12883,Salaried_Corporate,50175.25,691,24329.16,24,0.25,10.25,1,Mortgage,Home_Improvement,0,0
APP_12884,Small_Business_Owner,84966.11,686,38924.65,36,0.28,9.65,2,Own_Outright,Debt_Consolidation,0,0
APP_12885,Salaried_Corporate,82947.05,689,21110.46,36,0.17,11.89,0,Mortgage,Medical_Emergency,0,0
APP_12886,Salaried_Corporate,107966.81,659,19160.91,24,0.14,11.01,5,Own_Outright,Debt_Consolidation,2,0
APP_12887,Government_Public,78110.50,752,62649.65,36,0.70,8.91,2,Mortgage,Auto_Purchase,1,0
APP_12888,Government_Public,89853.89,575,59093.39,36,0.39,15.55,3,Own_Outright,Medical_Emergency,3,1
APP_12889,Self_Employed_Professional,77392.97,596,42856.14,24,0.31,13.76,4,Mortgage,Debt_Consolidation,3,1
APP_12890,Self_Employed_Professional,102120.76,778,57022.70,24,0.31,7.99,1,Mortgage,Debt_Consolidation,1,0
APP_12891,Government_Public,92561.73,707,15396.98,12,0.08,10.89,3,Own_Outright,Home_Improvement,1,0
APP_12892,Retired,58908.72,558,27547.25,36,0.18,15.76,5,Mortgage,Education_Tuition,1,1
APP_12893,Salaried_Corporate,60793.21,711,48326.18,60,0.70,10.86,3,Mortgage,Debt_Consolidation,0,0
APP_12894,Salaried_Corporate,76554.58,587,36242.93,60,0.25,14.59,4,Rent,Home_Improvement,2,0
APP_12895,Government_Public,69593.88,775,38733.79,36,0.20,7.97,6,Mortgage,Medical_Emergency,0,0
APP_12896,Salaried_Corporate,119540.07,750,49486.10,48,0.18,8.38,2,Rent,Debt_Consolidation,0,0
APP_12897,Small_Business_Owner,72792.19,826,16270.81,84,0.20,6.25,3,Mortgage,Debt_Consolidation,0,0
APP_12898,Self_Employed_Professional,34872.92,671,13129.59,36,0.15,11.93,2,Rent,Home_Improvement,1,0
APP_12899,Self_Employed_Professional,38875.15,611,8146.77,60,0.16,13.34,3,Mortgage,Debt_Consolidation,3,0
APP_12900,Salaried_Corporate,59420.54,655,32978.74,48,0.45,12.84,2,Rent,Medical_Emergency,0,1
APP_12901,Small_Business_Owner,91565.09,656,76660.85,24,0.67,10.49,4,Mortgage,Education_Tuition,0,1
APP_12902,Self_Employed_Professional,47745.30,715,19283.81,36,0.22,11.21,4,Employer_Provided,Education_Tuition,0,0
APP_12903,Government_Public,88707.30,571,66610.98,60,0.55,14.38,1,Mortgage,Home_Improvement,2,1
APP_12904,Self_Employed_Professional,46855.86,690,8431.55,24,0.09,12.08,0,Rent,Debt_Consolidation,0,0
APP_12905,Government_Public,71072.02,624,35785.68,12,0.30,14.11,0,Mortgage,Home_Improvement,2,0
APP_12906,Salaried_Corporate,79740.97,657,48492.69,36,0.52,13.24,1,Mortgage,Debt_Consolidation,2,0
APP_12907,Salaried_Corporate,39557.96,780,14773.27,12,0.27,7.11,1,Mortgage,Medical_Emergency,0,0
APP_12908,Retired,79065.81,755,17303.00,24,0.14,8.75,2,Mortgage,Debt_Consolidation,1,0
APP_12909,Salaried_Corporate,136898.96,737,41416.08,36,0.23,9.79,1,Mortgage,Debt_Consolidation,0,0
APP_12910,Salaried_Corporate,60542.63,731,12048.40,48,0.16,10.11,3,Own_Outright,Debt_Consolidation,0,0
APP_12911,Salaried_Corporate,68487.02,673,52855.12,24,0.70,12.53,4,Own_Outright,Debt_Consolidation,0,1
APP_12912,Small_Business_Owner,74163.05,687,11362.33,60,0.12,11.87,0,Own_Outright,Medical_Emergency,0,0
APP_12913,Small_Business_Owner,68925.69,588,13685.92,84,0.13,15.29,1,Mortgage,Business_Expansion,2,0
APP_12914,Government_Public,66891.16,610,47290.90,36,0.34,14.51,1,Own_Outright,Medical_Emergency,3,0
APP_12915,Salaried_Corporate,64605.11,698,23245.63,84,0.23,11.50,1,Rent,Debt_Consolidation,1,0
APP_12916,Salaried_Corporate,32684.43,617,13248.04,36,0.25,13.88,1,Mortgage,Home_Improvement,2,0
APP_12917,Salaried_Corporate,81131.12,735,29586.97,12,0.26,10.54,3,Rent,Medical_Emergency,0,0
APP_12918,Retired,40792.82,687,31553.03,24,0.56,11.29,3,Mortgage,Education_Tuition,0,0
APP_12919,Self_Employed_Professional,78387.47,671,62719.16,36,0.38,10.57,3,Own_Outright,Auto_Purchase,0,0
APP_12920,Salaried_Corporate,90719.71,651,72591.16,60,0.67,13.64,2,Rent,Debt_Consolidation,0,1
APP_12921,Salaried_Corporate,79467.56,719,29016.81,24,0.22,10.58,0,Own_Outright,Medical_Emergency,0,0
APP_12922,Salaried_Corporate,44460.19,734,12905.25,36,0.24,9.54,3,Own_Outright,Debt_Consolidation,0,0
APP_12923,Small_Business_Owner,76262.27,633,55640.75,60,0.26,13.38,0,Mortgage,Home_Improvement,0,0
APP_12924,Self_Employed_Professional,60105.61,656,44735.13,84,0.60,13.67,2,Own_Outright,Business_Expansion,2,1
APP_12925,Self_Employed_Professional,50744.58,678,20195.98,60,0.27,11.75,0,Own_Outright,Education_Tuition,0,0
APP_12926,Self_Employed_Professional,167479.29,711,92884.67,24,0.34,11.70,2,Employer_Provided,Debt_Consolidation,0,0
APP_12927,Salaried_Corporate,44170.60,710,18706.66,12,0.18,10.90,1,Rent,Auto_Purchase,0,0
APP_12928,Small_Business_Owner,82671.42,683,13267.58,24,0.14,11.20,3,Mortgage,Debt_Consolidation,0,0
APP_12929,Small_Business_Owner,131478.09,736,57518.14,36,0.17,8.54,4,Mortgage,Debt_Consolidation,0,0
APP_12930,Salaried_Corporate,78610.05,681,61037.42,60,0.33,11.64,1,Own_Outright,Education_Tuition,0,0
APP_12931,Self_Employed_Professional,50170.96,599,37656.04,48,0.64,15.56,1,Rent,Auto_Purchase,1,1
APP_12932,Government_Public,51634.09,777,11496.20,60,0.17,7.67,4,Mortgage,Debt_Consolidation,0,0
APP_12933,Self_Employed_Professional,35290.42,754,12876.44,36,0.31,9.24,5,Rent,Auto_Purchase,0,0
APP_12934,Self_Employed_Professional,69013.83,600,13920.13,36,0.19,15.70,0,Own_Outright,Debt_Consolidation,3,0
APP_12935,Small_Business_Owner,70165.53,702,25163.10,36,0.20,9.39,2,Mortgage,Home_Improvement,1,0
APP_12936,Salaried_Corporate,59111.95,775,21184.36,36,0.30,8.51,2,Mortgage,Business_Expansion,0,0
APP_12937,Salaried_Corporate,125582.08,670,23512.35,48,0.07,12.40,2,Own_Outright,Auto_Purchase,0,0
APP_12938,Self_Employed_Professional,65068.80,740,50537.09,48,0.70,9.73,1,Rent,Medical_Emergency,0,0
APP_12939,Salaried_Corporate,32941.46,762,24307.96,48,0.54,7.30,2,Mortgage,Home_Improvement,0,0
APP_12940,Small_Business_Owner,130929.50,707,104733.71,60,0.71,10.03,1,Mortgage,Auto_Purchase,0,0
APP_12941,Small_Business_Owner,39465.98,829,26483.69,12,0.46,4.59,4,Mortgage,Business_Expansion,0,0
APP_12942,Salaried_Corporate,84660.22,732,57741.21,36,0.50,8.68,2,Mortgage,Debt_Consolidation,0,0
APP_12943,Retired,89806.40,697,62960.52,48,0.64,11.67,2,Own_Outright,Debt_Consolidation,0,0
APP_12944,Government_Public,65040.52,679,40498.95,36,0.33,11.37,2,Mortgage,Home_Improvement,1,0
APP_12945,Salaried_Corporate,102621.83,687,28033.61,24,0.15,12.01,2,Rent,Home_Improvement,0,0
APP_12946,Self_Employed_Professional,69810.64,653,19157.10,12,0.24,13.18,0,Mortgage,Debt_Consolidation,0,0
APP_12947,Salaried_Corporate,57366.76,618,28697.82,60,0.47,12.93,6,Rent,Medical_Emergency,2,0
APP_12948,Retired,26395.40,632,16719.40,60,0.47,13.46,2,Rent,Debt_Consolidation,0,1
APP_12949,Self_Employed_Professional,30940.74,681,5284.76,36,0.10,10.30,0,Mortgage,Business_Expansion,0,0
APP_12950,Small_Business_Owner,232910.95,742,124020.94,48,0.22,9.60,3,Rent,Debt_Consolidation,0,0
APP_12951,Retired,93925.81,711,72416.18,24,0.55,10.83,1,Rent,Auto_Purchase,0,0
APP_12952,Small_Business_Owner,118750.83,701,28288.01,24,0.20,10.67,4,Rent,Business_Expansion,1,0
APP_12953,Government_Public,209335.33,828,77257.56,36,0.15,4.94,3,Mortgage,Home_Improvement,0,0
APP_12954,Salaried_Corporate,57438.63,799,48290.09,36,0.44,6.14,4,Rent,Debt_Consolidation,0,0
APP_12955,Salaried_Corporate,63466.53,631,24130.65,84,0.16,15.40,1,Own_Outright,Education_Tuition,0,0
APP_12956,Salaried_Corporate,32185.52,736,5475.51,12,0.09,10.09,1,Mortgage,Home_Improvement,0,0
APP_12957,Government_Public,59366.36,613,37314.61,36,0.44,13.78,5,Employer_Provided,Home_Improvement,1,1
APP_12958,Salaried_Corporate,58669.49,707,49155.99,60,0.36,11.40,1,Rent,Debt_Consolidation,0,0
APP_12959,Salaried_Corporate,56725.56,601,17667.85,12,0.20,15.62,0,Mortgage,Debt_Consolidation,3,1
APP_12960,Government_Public,108559.08,651,32703.12,36,0.11,13.61,4,Own_Outright,Home_Improvement,0,0
APP_12961,Salaried_Corporate,93335.34,731,42217.24,36,0.38,9.62,1,Employer_Provided,Medical_Emergency,1,0
APP_12962,Self_Employed_Professional,102352.50,660,53748.90,24,0.40,12.05,2,Own_Outright,Business_Expansion,0,0
APP_12963,Salaried_Corporate,39070.14,620,28141.58,36,0.53,14.39,2,Own_Outright,Medical_Emergency,1,1
APP_12964,Salaried_Corporate,68521.20,645,57930.61,60,0.72,12.67,3,Mortgage,Debt_Consolidation,0,1
APP_12965,Salaried_Corporate,78946.89,629,56772.03,36,0.31,14.39,5,Mortgage,Home_Improvement,0,0
APP_12966,Small_Business_Owner,156766.91,717,55438.34,12,0.33,10.36,4,Own_Outright,Debt_Consolidation,1,0
APP_12967,Salaried_Corporate,71283.64,768,49921.28,36,0.27,9.08,2,Rent,Debt_Consolidation,0,0
APP_12968,Salaried_Corporate,62832.41,677,37172.26,60,0.36,12.54,2,Own_Outright,Home_Improvement,0,1
APP_12969,Small_Business_Owner,110289.63,757,54446.24,48,0.17,7.80,1,Own_Outright,Debt_Consolidation,0,0
APP_12970,Salaried_Corporate,60214.47,653,35783.43,84,0.54,12.69,3,Mortgage,Debt_Consolidation,0,0
APP_12971,Self_Employed_Professional,83567.49,683,38260.14,48,0.29,12.41,2,Rent,Debt_Consolidation,0,0
APP_12972,Self_Employed_Professional,82460.32,806,48861.62,24,0.30,6.43,3,Mortgage,Debt_Consolidation,0,0
APP_12973,Government_Public,53521.44,678,35633.38,12,0.41,11.24,1,Own_Outright,Auto_Purchase,1,0
APP_12974,Government_Public,49551.13,760,7908.61,36,0.15,9.69,1,Rent,Home_Improvement,0,0
APP_12975,Salaried_Corporate,65237.86,643,37927.05,36,0.28,14.15,1,Rent,Education_Tuition,0,1
APP_12976,Small_Business_Owner,54460.58,689,14003.66,36,0.14,8.46,2,Mortgage,Education_Tuition,0,0
APP_12977,Self_Employed_Professional,33716.98,634,13002.95,48,0.14,14.21,4,Rent,Education_Tuition,0,0
APP_12978,Salaried_Corporate,91553.56,694,42164.68,36,0.22,9.24,2,Mortgage,Debt_Consolidation,1,0
APP_12979,Self_Employed_Professional,85532.96,706,71041.01,84,0.72,10.62,1,Mortgage,Debt_Consolidation,0,0
APP_12980,Government_Public,47370.19,739,17900.98,36,0.24,8.38,2,Rent,Home_Improvement,0,0
APP_12981,Small_Business_Owner,45346.71,652,32809.29,48,0.30,12.17,3,Mortgage,Home_Improvement,0,0
APP_12982,Self_Employed_Professional,82444.17,679,31818.64,36,0.33,11.72,3,Own_Outright,Debt_Consolidation,0,0
APP_12983,Salaried_Corporate,145574.06,767,45204.75,48,0.27,8.90,0,Rent,Debt_Consolidation,0,0
APP_12984,Self_Employed_Professional,104751.82,611,47536.97,84,0.42,15.22,2,Mortgage,Medical_Emergency,1,0
APP_12985,Self_Employed_Professional,113582.71,529,24182.33,24,0.08,15.95,2,Rent,Medical_Emergency,3,1
APP_12986,Salaried_Corporate,57698.57,648,41745.66,36,0.44,13.68,1,Own_Outright,Home_Improvement,0,0
APP_12987,Retired,79774.25,730,39793.16,48,0.44,9.59,1,Mortgage,Debt_Consolidation,0,0
APP_12988,Retired,62343.83,695,39356.16,60,0.27,10.86,2,Own_Outright,Medical_Emergency,0,0
APP_12989,Retired,47727.67,628,33811.09,48,0.40,14.83,4,Mortgage,Medical_Emergency,2,1
APP_12990,Small_Business_Owner,72261.58,695,31523.30,36,0.39,11.74,3,Rent,Auto_Purchase,0,0
APP_12991,Self_Employed_Professional,44779.73,666,20844.96,48,0.19,10.76,2,Rent,Auto_Purchase,1,0
APP_12992,Salaried_Corporate,47319.97,588,15497.12,36,0.26,14.84,1,Mortgage,Medical_Emergency,0,0
APP_12993,Retired,54160.49,668,35205.55,12,0.60,11.44,4,Own_Outright,Home_Improvement,0,0
APP_12994,Self_Employed_Professional,56822.24,738,41626.97,36,0.52,9.17,6,Own_Outright,Debt_Consolidation,0,0
APP_12995,Salaried_Corporate,65299.23,672,36039.08,36,0.48,11.78,3,Rent,Debt_Consolidation,0,0
APP_12996,Salaried_Corporate,26112.58,592,4622.34,36,0.15,15.13,2,Mortgage,Home_Improvement,1,1
APP_12997,Government_Public,43496.80,802,28191.59,36,0.54,6.22,1,Mortgage,Education_Tuition,0,0
APP_12998,Salaried_Corporate,134174.06,625,82760.16,48,0.45,13.40,4,Mortgage,Medical_Emergency,0,0
APP_12999,Small_Business_Owner,65908.16,714,25691.36,12,0.15,10.07,5,Own_Outright,Medical_Emergency,0,0
APP_13000,Self_Employed_Professional,85188.80,744,37181.99,36,0.26,9.61,0,Mortgage,Debt_Consolidation,0,0
