transaction_id,timestamp,customer_id,account_number,transaction_type,debit_amount,credit_amount,merchant_category,channel,city,balance,is_fraud
TXN000001,2026-03-05 23:06:43,CUST1758,ACC671858,NET_BANKING_DEBIT,1714.40,0.00,ELECTRONICS,BRANCH,Kolkata,72549.59,0
TXN000002,2026-03-01 17:12:45,CUST1665,ACC835392,POS_DEBIT,495.47,0.00,UTILITIES,WEB_PORTAL,Ahmedabad,133758.49,0
TXN000003,2026-03-25 05:44:27,CUST1348,ACC391369,INTEREST_CREDIT,0.00,24473.35,DINING,WEB_PORTAL,Pune,219285.58,0
TXN000004,2026-03-20 08:51:02,CUST1747,ACC581741,POS_DEBIT,1436.55,0.00,ELECTRONICS,ATM_KIOSK,Delhi,214161.18,0
TXN000005,2026-03-28 11:36:12,CUST1721,ACC172933,INTEREST_CREDIT,0.00,25522.48,GROCERY,WEB_PORTAL,Chennai,162730.35,0
TXN000006,2026-03-13 08:29:40,CUST1854,ACC482554,POS_DEBIT,12837.00,0.00,DINING,POS_TERMINAL,Pune,218623.66,1
TXN000007,2026-03-22 20:04:38,CUST1650,ACC279451,ATM_WITHDRAWAL,10069.12,0.00,ENTERTAINMENT,WEB_PORTAL,Ahmedabad,179927.77,1
TXN000008,2026-03-23 17:14:43,CUST1332,ACC983794,SALARY_CREDIT,0.00,23896.35,GROCERY,WEB_PORTAL,Mumbai,232466.93,0
TXN000009,2026-03-19 22:20:13,CUST1671,ACC623481,UPI_TRANSFER,6047.41,0.00,UTILITIES,ATM_KIOSK,Bengaluru,229586.99,0
TXN000010,2026-03-24 18:27:57,CUST1597,ACC518801,UPI_TRANSFER,2137.47,0.00,HEALTHCARE,WEB_PORTAL,Bengaluru,141659.66,0
TXN000011,2026-03-28 03:09:40,CUST1163,ACC930555,INTEREST_CREDIT,0.00,39546.11,UTILITIES,BRANCH,Delhi,192608.81,0
TXN000012,2026-03-17 08:35:55,CUST1965,ACC112038,SALARY_CREDIT,0.00,31713.35,ELECTRONICS,BRANCH,Chennai,249088.52,0
TXN000013,2026-03-01 23:56:46,CUST1269,ACC624902,NET_BANKING_DEBIT,5135.62,0.00,DINING,BRANCH,Delhi,52167.07,0
TXN000014,2026-03-05 11:48:10,CUST1552,ACC916449,NET_BANKING_DEBIT,4511.75,0.00,GROCERY,BRANCH,Pune,158108.00,0
TXN000015,2026-03-27 09:15:03,CUST1246,ACC694916,SALARY_CREDIT,0.00,6363.37,ELECTRONICS,MOBILE_APP,Ahmedabad,233338.17,0
TXN000016,2026-03-05 04:42:30,CUST1969,ACC676510,POS_DEBIT,14670.87,0.00,DINING,POS_TERMINAL,Kolkata,140185.95,1
TXN000017,2026-03-23 06:45:19,CUST1408,ACC804314,ATM_WITHDRAWAL,13937.26,0.00,HEALTHCARE,ATM_KIOSK,Ahmedabad,192487.32,1
TXN000018,2026-03-18 07:37:14,CUST1007,ACC174441,POS_DEBIT,3756.19,0.00,GROCERY,WEB_PORTAL,Delhi,19943.05,0
TXN000019,2026-03-08 08:42:31,CUST1219,ACC665427,POS_DEBIT,12901.55,0.00,DINING,BRANCH,Ahmedabad,31651.48,1
TXN000020,2026-03-07 03:06:42,CUST1441,ACC471507,ATM_WITHDRAWAL,11780.06,0.00,UTILITIES,ATM_KIOSK,Ahmedabad,204761.79,1
TXN000021,2026-03-02 12:46:21,CUST1819,ACC214576,NET_BANKING_DEBIT,859.86,0.00,ENTERTAINMENT,WEB_PORTAL,Hyderabad,166852.24,0
TXN000022,2026-03-09 14:15:55,CUST1945,ACC179046,INTEREST_CREDIT,0.00,36402.95,INVESTMENT,BRANCH,Delhi,114142.19,0
TXN000023,2026-03-03 07:10:26,CUST1497,ACC604740,POS_DEBIT,9799.57,0.00,ENTERTAINMENT,ATM_KIOSK,Mumbai,18468.10,0
TXN000024,2026-03-26 14:18:27,CUST1713,ACC865990,ATM_WITHDRAWAL,5715.65,0.00,INVESTMENT,WEB_PORTAL,Hyderabad,77322.72,0
TXN000025,2026-03-02 23:20:03,CUST1051,ACC712554,UPI_TRANSFER,3304.63,0.00,INVESTMENT,BRANCH,Bengaluru,187898.24,0
TXN000026,2026-03-06 02:38:04,CUST1691,ACC346629,POS_DEBIT,14413.64,0.00,UTILITIES,MOBILE_APP,Hyderabad,33826.19,1
TXN000027,2026-03-14 21:37:36,CUST1535,ACC431737,INTEREST_CREDIT,0.00,46616.34,TRAVEL,WEB_PORTAL,Pune,160554.65,0
TXN000028,2026-03-15 10:59:48,CUST1958,ACC176066,ATM_WITHDRAWAL,4020.94,0.00,GROCERY,ATM_KIOSK,Delhi,166692.69,0
TXN000029,2026-03-12 02:56:15,CUST1378,ACC398830,POS_DEBIT,8087.63,0.00,DINING,ATM_KIOSK,Chennai,46127.29,0
TXN000030,2026-03-17 00:42:52,CUST1567,ACC413921,INTEREST_CREDIT,0.00,73869.73,ELECTRONICS,WEB_PORTAL,Chennai,204668.49,0
TXN000031,2026-03-05 08:18:38,CUST1215,ACC852470,POS_DEBIT,13351.20,0.00,HEALTHCARE,WEB_PORTAL,Chennai,189467.92,1
TXN000032,2026-03-28 01:05:40,CUST1433,ACC969634,INTEREST_CREDIT,0.00,39197.23,TRAVEL,MOBILE_APP,Mumbai,227754.08,0
TXN000033,2026-03-09 05:47:28,CUST1564,ACC839945,UPI_TRANSFER,11578.23,0.00,UTILITIES,BRANCH,Mumbai,164721.64,1
TXN000034,2026-03-18 01:53:23,CUST1596,ACC679364,POS_DEBIT,1174.90,0.00,DINING,ATM_KIOSK,Bengaluru,227423.21,0
TXN000035,2026-03-28 01:57:22,CUST1215,ACC815198,POS_DEBIT,4658.46,0.00,ENTERTAINMENT,MOBILE_APP,Pune,202088.74,0
TXN000036,2026-03-20 23:09:59,CUST1952,ACC348237,INTEREST_CREDIT,0.00,66889.43,DINING,WEB_PORTAL,Kolkata,110498.69,0
TXN000037,2026-03-14 21:55:47,CUST1830,ACC360222,POS_DEBIT,2731.44,0.00,TRAVEL,WEB_PORTAL,Delhi,198860.83,0
TXN000038,2026-03-08 06:52:58,CUST1471,ACC466643,SALARY_CREDIT,0.00,66051.67,TRAVEL,WEB_PORTAL,Hyderabad,216769.41,0
TXN000039,2026-03-03 08:22:41,CUST1521,ACC519093,POS_DEBIT,9917.50,0.00,HEALTHCARE,MOBILE_APP,Delhi,80471.72,0
TXN000040,2026-03-04 19:27:22,CUST1746,ACC924629,UPI_TRANSFER,2719.59,0.00,HEALTHCARE,ATM_KIOSK,Delhi,77384.60,0
TXN000041,2026-03-02 22:27:00,CUST1532,ACC945687,SALARY_CREDIT,0.00,67965.33,ENTERTAINMENT,POS_TERMINAL,Kolkata,59668.51,0
TXN000042,2026-03-20 10:42:54,CUST1127,ACC854717,POS_DEBIT,14235.67,0.00,TRAVEL,BRANCH,Chennai,231381.15,1
TXN000043,2026-03-05 06:26:42,CUST1962,ACC497562,NET_BANKING_DEBIT,6155.47,0.00,DINING,BRANCH,Chennai,84478.97,0
TXN000044,2026-03-10 06:27:50,CUST1593,ACC736130,SALARY_CREDIT,0.00,43355.60,HEALTHCARE,ATM_KIOSK,Ahmedabad,15095.40,0
TXN000045,2026-03-26 23:10:42,CUST1086,ACC397571,SALARY_CREDIT,0.00,52293.91,HEALTHCARE,MOBILE_APP,Hyderabad,135125.89,0
TXN000046,2026-03-02 07:30:39,CUST1870,ACC905819,NET_BANKING_DEBIT,4690.77,0.00,ELECTRONICS,ATM_KIOSK,Kolkata,49628.18,0
TXN000047,2026-03-13 07:09:41,CUST1704,ACC105814,NET_BANKING_DEBIT,8656.28,0.00,ELECTRONICS,ATM_KIOSK,Hyderabad,105234.94,0
TXN000048,2026-03-15 01:35:15,CUST1939,ACC989545,ATM_WITHDRAWAL,12071.44,0.00,ELECTRONICS,ATM_KIOSK,Bengaluru,178539.27,1
TXN000049,2026-03-20 10:48:57,CUST1453,ACC742412,SALARY_CREDIT,0.00,51730.44,UTILITIES,BRANCH,Ahmedabad,247154.73,0
TXN000050,2026-03-09 07:53:40,CUST1283,ACC903013,ATM_WITHDRAWAL,11167.65,0.00,INVESTMENT,WEB_PORTAL,Chennai,126548.49,1
TXN000051,2026-03-09 10:20:57,CUST1553,ACC184491,SALARY_CREDIT,0.00,10423.83,DINING,WEB_PORTAL,Hyderabad,82146.12,0
TXN000052,2026-03-03 13:26:21,CUST1555,ACC588557,SALARY_CREDIT,0.00,53576.49,UTILITIES,MOBILE_APP,Hyderabad,181008.50,0
TXN000053,2026-03-23 00:54:56,CUST1783,ACC703655,SALARY_CREDIT,0.00,32263.38,UTILITIES,ATM_KIOSK,Mumbai,195902.01,0
TXN000054,2026-03-27 13:34:47,CUST1752,ACC672661,UPI_TRANSFER,4514.26,0.00,ENTERTAINMENT,ATM_KIOSK,Hyderabad,224535.76,0
TXN000055,2026-03-22 12:46:10,CUST1860,ACC590094,UPI_TRANSFER,6565.75,0.00,DINING,BRANCH,Mumbai,93990.44,1
TXN000056,2026-03-03 20:27:08,CUST1887,ACC584125,SALARY_CREDIT,0.00,46432.49,DINING,MOBILE_APP,Chennai,170804.94,0
TXN000057,2026-03-11 12:17:48,CUST1974,ACC972335,SALARY_CREDIT,0.00,27914.69,UTILITIES,POS_TERMINAL,Delhi,121854.34,0
TXN000058,2026-03-12 07:41:04,CUST1799,ACC783414,SALARY_CREDIT,0.00,6356.83,GROCERY,MOBILE_APP,Hyderabad,141763.48,0
TXN000059,2026-03-08 04:30:42,CUST1117,ACC691364,ATM_WITHDRAWAL,12596.47,0.00,ENTERTAINMENT,ATM_KIOSK,Chennai,161013.88,1
TXN000060,2026-03-04 05:19:06,CUST1592,ACC126925,UPI_TRANSFER,2558.45,0.00,TRAVEL,BRANCH,Kolkata,190762.53,0
TXN000061,2026-03-19 22:53:40,CUST1248,ACC206851,SALARY_CREDIT,0.00,70902.94,TRAVEL,BRANCH,Delhi,61607.50,0
TXN000062,2026-03-14 21:23:04,CUST1518,ACC778998,INTEREST_CREDIT,0.00,59784.47,HEALTHCARE,MOBILE_APP,Kolkata,96592.88,0
TXN000063,2026-03-21 14:45:09,CUST1445,ACC284692,SALARY_CREDIT,0.00,12387.72,TRAVEL,BRANCH,Ahmedabad,240785.08,0
TXN000064,2026-03-09 10:54:15,CUST1850,ACC190872,SALARY_CREDIT,0.00,35490.21,TRAVEL,ATM_KIOSK,Hyderabad,186791.16,0
TXN000065,2026-03-11 00:31:54,CUST1332,ACC290672,SALARY_CREDIT,0.00,44889.48,INVESTMENT,WEB_PORTAL,Pune,172024.29,0
TXN000066,2026-03-09 17:00:33,CUST1970,ACC300337,UPI_TRANSFER,5138.07,0.00,ELECTRONICS,WEB_PORTAL,Kolkata,179778.18,0
TXN000067,2026-03-16 20:45:31,CUST1458,ACC931450,SALARY_CREDIT,0.00,43862.33,GROCERY,MOBILE_APP,Chennai,71476.12,0
TXN000068,2026-03-12 15:35:33,CUST1352,ACC546173,ATM_WITHDRAWAL,6095.80,0.00,HEALTHCARE,POS_TERMINAL,Ahmedabad,171030.61,0
TXN000069,2026-03-11 03:47:34,CUST1973,ACC899213,UPI_TRANSFER,4634.01,0.00,DINING,WEB_PORTAL,Hyderabad,184501.82,0
TXN000070,2026-03-17 19:18:06,CUST1852,ACC303547,NET_BANKING_DEBIT,7288.77,0.00,TRAVEL,WEB_PORTAL,Pune,244502.65,0
TXN000071,2026-03-02 01:35:18,CUST1714,ACC232413,ATM_WITHDRAWAL,4568.90,0.00,INVESTMENT,MOBILE_APP,Mumbai,44747.00,0
TXN000072,2026-03-11 05:03:16,CUST1963,ACC600935,INTEREST_CREDIT,0.00,24903.75,ELECTRONICS,MOBILE_APP,Kolkata,127497.84,0
TXN000073,2026-03-02 04:09:51,CUST1576,ACC418594,SALARY_CREDIT,0.00,10185.75,ELECTRONICS,WEB_PORTAL,Delhi,162919.74,0
TXN000074,2026-03-26 19:14:49,CUST1535,ACC498855,INTEREST_CREDIT,0.00,58511.04,INVESTMENT,ATM_KIOSK,Chennai,157484.65,0
TXN000075,2026-03-20 01:39:47,CUST1101,ACC899787,INTEREST_CREDIT,0.00,74302.19,ENTERTAINMENT,WEB_PORTAL,Chennai,86764.36,0
TXN000076,2026-03-06 00:26:28,CUST1705,ACC722656,NET_BANKING_DEBIT,1263.75,0.00,INVESTMENT,POS_TERMINAL,Mumbai,144718.18,0
TXN000077,2026-03-03 21:14:59,CUST1270,ACC926097,ATM_WITHDRAWAL,4357.17,0.00,ENTERTAINMENT,ATM_KIOSK,Delhi,217007.58,0
TXN000078,2026-03-09 04:04:03,CUST1169,ACC931131,INTEREST_CREDIT,0.00,20736.66,TRAVEL,BRANCH,Chennai,50012.51,0
TXN000079,2026-03-23 12:17:32,CUST1552,ACC617781,SALARY_CREDIT,0.00,13704.76,INVESTMENT,MOBILE_APP,Mumbai,176839.33,0
TXN000080,2026-03-01 02:14:43,CUST1856,ACC703139,SALARY_CREDIT,0.00,56417.37,GROCERY,POS_TERMINAL,Mumbai,156872.71,0
TXN000081,2026-03-06 18:27:40,CUST1833,ACC615611,ATM_WITHDRAWAL,7083.99,0.00,ELECTRONICS,ATM_KIOSK,Pune,230277.11,0
TXN000082,2026-03-28 05:21:26,CUST1710,ACC619536,SALARY_CREDIT,0.00,28331.59,TRAVEL,ATM_KIOSK,Mumbai,172481.37,0
TXN000083,2026-03-04 12:55:32,CUST1844,ACC101206,SALARY_CREDIT,0.00,11164.19,INVESTMENT,ATM_KIOSK,Mumbai,74313.73,0
TXN000084,2026-03-15 01:13:17,CUST1562,ACC237377,ATM_WITHDRAWAL,7800.67,0.00,TRAVEL,ATM_KIOSK,Ahmedabad,132145.88,0
TXN000085,2026-03-23 05:19:35,CUST1014,ACC679077,POS_DEBIT,481.60,0.00,UTILITIES,MOBILE_APP,Hyderabad,202838.73,0
TXN000086,2026-03-16 22:18:32,CUST1722,ACC386706,POS_DEBIT,6948.65,0.00,UTILITIES,ATM_KIOSK,Ahmedabad,210553.65,0
TXN000087,2026-03-20 16:47:56,CUST1139,ACC173201,ATM_WITHDRAWAL,6878.96,0.00,TRAVEL,ATM_KIOSK,Pune,59793.44,0
TXN000088,2026-03-24 09:53:37,CUST1593,ACC791998,INTEREST_CREDIT,0.00,23702.09,INVESTMENT,WEB_PORTAL,Ahmedabad,15602.84,0
TXN000089,2026-03-25 17:24:29,CUST1955,ACC437408,INTEREST_CREDIT,0.00,38903.90,ENTERTAINMENT,WEB_PORTAL,Kolkata,93123.39,0
TXN000090,2026-03-11 23:30:45,CUST1935,ACC950823,ATM_WITHDRAWAL,12847.39,0.00,UTILITIES,ATM_KIOSK,Bengaluru,111532.15,1
TXN000091,2026-03-19 10:55:06,CUST1895,ACC986088,SALARY_CREDIT,0.00,72537.71,INVESTMENT,MOBILE_APP,Ahmedabad,44667.87,0
TXN000092,2026-03-21 04:04:30,CUST1800,ACC377896,POS_DEBIT,10850.54,0.00,HEALTHCARE,BRANCH,Kolkata,111344.98,1
TXN000093,2026-03-18 12:20:40,CUST1735,ACC896290,NET_BANKING_DEBIT,1250.71,0.00,INVESTMENT,BRANCH,Mumbai,173474.01,0
TXN000094,2026-03-10 07:47:05,CUST1444,ACC203225,INTEREST_CREDIT,0.00,9789.45,ELECTRONICS,ATM_KIOSK,Bengaluru,163322.84,0
TXN000095,2026-03-02 09:22:23,CUST1441,ACC252640,NET_BANKING_DEBIT,4527.02,0.00,ENTERTAINMENT,BRANCH,Kolkata,91228.05,1
TXN000096,2026-03-06 02:39:55,CUST1391,ACC749813,INTEREST_CREDIT,0.00,52726.03,ENTERTAINMENT,ATM_KIOSK,Bengaluru,57313.37,0
TXN000097,2026-03-01 14:57:18,CUST1693,ACC673149,ATM_WITHDRAWAL,6944.19,0.00,DINING,MOBILE_APP,Ahmedabad,75001.78,0
TXN000098,2026-03-14 22:16:29,CUST1865,ACC416797,UPI_TRANSFER,14815.39,0.00,ENTERTAINMENT,ATM_KIOSK,Ahmedabad,85301.25,1
TXN000099,2026-03-23 09:01:53,CUST1674,ACC515032,POS_DEBIT,3596.23,0.00,TRAVEL,MOBILE_APP,Mumbai,150080.80,0
TXN000100,2026-03-10 07:38:51,CUST1360,ACC329642,INTEREST_CREDIT,0.00,57162.05,ENTERTAINMENT,BRANCH,Chennai,210717.14,0
TXN000101,2026-03-22 04:40:06,CUST1925,ACC757937,NET_BANKING_DEBIT,11345.88,0.00,GROCERY,POS_TERMINAL,Ahmedabad,195355.63,1
TXN000102,2026-03-10 10:47:26,CUST1179,ACC310548,POS_DEBIT,8714.63,0.00,DINING,BRANCH,Pune,36181.34,0
TXN000103,2026-03-06 08:58:52,CUST1966,ACC605254,INTEREST_CREDIT,0.00,40125.63,TRAVEL,POS_TERMINAL,Delhi,79043.93,0
TXN000104,2026-03-08 21:46:43,CUST1406,ACC986827,SALARY_CREDIT,0.00,72402.53,HEALTHCARE,MOBILE_APP,Kolkata,48077.90,0
TXN000105,2026-03-24 21:16:37,CUST1390,ACC962367,POS_DEBIT,4003.66,0.00,HEALTHCARE,MOBILE_APP,Hyderabad,101617.63,0
TXN000106,2026-03-18 10:58:39,CUST1226,ACC779112,SALARY_CREDIT,0.00,6751.73,ELECTRONICS,ATM_KIOSK,Chennai,222795.19,0
TXN000107,2026-03-10 15:07:06,CUST1240,ACC663658,NET_BANKING_DEBIT,6154.02,0.00,DINING,ATM_KIOSK,Ahmedabad,237371.46,0
TXN000108,2026-03-18 13:37:47,CUST1744,ACC262029,UPI_TRANSFER,10073.77,0.00,UTILITIES,MOBILE_APP,Ahmedabad,189637.93,1
TXN000109,2026-03-02 22:23:13,CUST1454,ACC566297,INTEREST_CREDIT,0.00,33568.11,ENTERTAINMENT,POS_TERMINAL,Delhi,238607.56,0
TXN000110,2026-03-02 12:17:12,CUST1991,ACC228093,NET_BANKING_DEBIT,5541.66,0.00,INVESTMENT,MOBILE_APP,Hyderabad,166534.30,0
TXN000111,2026-03-11 07:08:50,CUST1578,ACC315173,NET_BANKING_DEBIT,9610.42,0.00,ELECTRONICS,BRANCH,Hyderabad,26885.95,0
TXN000112,2026-03-11 04:50:57,CUST1610,ACC102973,INTEREST_CREDIT,0.00,20116.59,TRAVEL,WEB_PORTAL,Bengaluru,219378.43,0
TXN000113,2026-03-22 00:08:00,CUST1366,ACC928358,INTEREST_CREDIT,0.00,22545.79,ENTERTAINMENT,BRANCH,Pune,56006.82,0
TXN000114,2026-03-17 03:47:04,CUST1487,ACC570050,POS_DEBIT,2654.98,0.00,HEALTHCARE,BRANCH,Delhi,189303.74,0
TXN000115,2026-03-02 23:50:58,CUST1887,ACC790909,SALARY_CREDIT,0.00,40268.71,TRAVEL,ATM_KIOSK,Mumbai,237172.68,0
TXN000116,2026-03-14 21:06:31,CUST1729,ACC565108,POS_DEBIT,14978.87,0.00,ELECTRONICS,MOBILE_APP,Pune,214115.16,1
TXN000117,2026-03-20 20:37:35,CUST1729,ACC440981,INTEREST_CREDIT,0.00,15383.37,UTILITIES,BRANCH,Chennai,44655.02,0
TXN000118,2026-03-26 22:07:54,CUST1670,ACC782535,SALARY_CREDIT,0.00,40388.58,ENTERTAINMENT,ATM_KIOSK,Ahmedabad,116096.84,0
TXN000119,2026-03-24 03:20:27,CUST1320,ACC797416,ATM_WITHDRAWAL,6236.51,0.00,TRAVEL,POS_TERMINAL,Bengaluru,108701.59,0
TXN000120,2026-03-27 02:05:27,CUST1098,ACC880758,NET_BANKING_DEBIT,13848.63,0.00,HEALTHCARE,WEB_PORTAL,Mumbai,30776.33,1
TXN000121,2026-03-22 03:26:22,CUST1894,ACC797660,INTEREST_CREDIT,0.00,71963.72,UTILITIES,MOBILE_APP,Chennai,146995.59,0
TXN000122,2026-03-17 06:09:42,CUST1493,ACC335137,INTEREST_CREDIT,0.00,26871.42,ELECTRONICS,POS_TERMINAL,Pune,39346.13,0
TXN000123,2026-03-26 13:54:35,CUST1997,ACC904711,POS_DEBIT,11450.95,0.00,GROCERY,BRANCH,Chennai,149913.50,1
TXN000124,2026-03-11 11:00:11,CUST1890,ACC250210,POS_DEBIT,2747.22,0.00,UTILITIES,MOBILE_APP,Bengaluru,87611.40,0
TXN000125,2026-03-07 12:26:29,CUST1349,ACC265055,NET_BANKING_DEBIT,9515.92,0.00,HEALTHCARE,POS_TERMINAL,Pune,190336.26,1
TXN000126,2026-03-05 05:48:39,CUST1050,ACC806707,INTEREST_CREDIT,0.00,46735.66,ELECTRONICS,POS_TERMINAL,Ahmedabad,222585.41,0
TXN000127,2026-03-07 16:07:22,CUST1440,ACC216276,NET_BANKING_DEBIT,6389.02,0.00,TRAVEL,BRANCH,Ahmedabad,112333.18,0
TXN000128,2026-03-13 19:03:00,CUST1209,ACC416061,INTEREST_CREDIT,0.00,51699.28,ENTERTAINMENT,WEB_PORTAL,Chennai,25673.08,0
TXN000129,2026-03-06 04:24:34,CUST1720,ACC341288,UPI_TRANSFER,4955.43,0.00,HEALTHCARE,MOBILE_APP,Kolkata,190548.32,1
TXN000130,2026-03-28 10:36:27,CUST1587,ACC524068,NET_BANKING_DEBIT,682.42,0.00,UTILITIES,POS_TERMINAL,Delhi,231473.17,1
TXN000131,2026-03-26 19:29:53,CUST1706,ACC479430,SALARY_CREDIT,0.00,6459.96,ELECTRONICS,ATM_KIOSK,Delhi,91320.52,0
TXN000132,2026-03-28 09:47:21,CUST1226,ACC449247,ATM_WITHDRAWAL,6563.36,0.00,DINING,MOBILE_APP,Delhi,33482.07,0
TXN000133,2026-03-12 11:46:52,CUST1660,ACC954628,INTEREST_CREDIT,0.00,40696.64,DINING,WEB_PORTAL,Delhi,227891.84,0
TXN000134,2026-03-25 20:04:11,CUST1974,ACC910389,ATM_WITHDRAWAL,3876.72,0.00,INVESTMENT,ATM_KIOSK,Ahmedabad,50924.40,0
TXN000135,2026-03-21 19:20:55,CUST1994,ACC757685,NET_BANKING_DEBIT,13866.11,0.00,HEALTHCARE,WEB_PORTAL,Ahmedabad,147655.57,1
TXN000136,2026-03-19 01:22:32,CUST1075,ACC425486,POS_DEBIT,7060.37,0.00,INVESTMENT,ATM_KIOSK,Mumbai,202137.47,0
TXN000137,2026-03-28 02:39:38,CUST1519,ACC503159,POS_DEBIT,5562.63,0.00,INVESTMENT,BRANCH,Mumbai,166496.62,0
TXN000138,2026-03-07 10:38:30,CUST1513,ACC258189,SALARY_CREDIT,0.00,68633.50,GROCERY,ATM_KIOSK,Delhi,149339.32,0
TXN000139,2026-03-21 05:02:15,CUST1724,ACC559022,UPI_TRANSFER,14736.66,0.00,INVESTMENT,BRANCH,Bengaluru,34817.35,1
TXN000140,2026-03-11 21:38:03,CUST1808,ACC761532,UPI_TRANSFER,5624.14,0.00,HEALTHCARE,MOBILE_APP,Pune,111060.81,0
TXN000141,2026-03-28 21:58:38,CUST1894,ACC257677,POS_DEBIT,8391.55,0.00,HEALTHCARE,MOBILE_APP,Bengaluru,74219.01,0
TXN000142,2026-03-05 19:45:05,CUST1317,ACC686072,UPI_TRANSFER,4687.96,0.00,UTILITIES,POS_TERMINAL,Bengaluru,170601.76,0
TXN000143,2026-03-22 16:05:41,CUST1686,ACC543973,NET_BANKING_DEBIT,10557.32,0.00,HEALTHCARE,MOBILE_APP,Pune,237570.53,1
TXN000144,2026-03-16 06:14:08,CUST1158,ACC180913,UPI_TRANSFER,2744.93,0.00,TRAVEL,MOBILE_APP,Mumbai,237702.04,0
TXN000145,2026-03-13 04:10:11,CUST1851,ACC826501,NET_BANKING_DEBIT,5084.63,0.00,DINING,ATM_KIOSK,Mumbai,45796.52,0
TXN000146,2026-03-15 19:18:48,CUST1766,ACC921874,SALARY_CREDIT,0.00,30500.96,INVESTMENT,WEB_PORTAL,Hyderabad,184102.63,0
TXN000147,2026-03-27 06:23:43,CUST1969,ACC698128,UPI_TRANSFER,14485.67,0.00,INVESTMENT,ATM_KIOSK,Chennai,199327.01,1
TXN000148,2026-03-06 06:51:38,CUST1141,ACC362147,SALARY_CREDIT,0.00,40203.47,GROCERY,ATM_KIOSK,Pune,113385.29,0
TXN000149,2026-03-17 03:18:05,CUST1781,ACC268099,INTEREST_CREDIT,0.00,70400.55,TRAVEL,ATM_KIOSK,Bengaluru,182179.23,0
TXN000150,2026-03-27 14:56:22,CUST1952,ACC127965,SALARY_CREDIT,0.00,11419.95,UTILITIES,MOBILE_APP,Kolkata,228968.66,0
TXN000151,2026-03-03 11:14:01,CUST1326,ACC203896,INTEREST_CREDIT,0.00,31177.30,HEALTHCARE,WEB_PORTAL,Bengaluru,105749.04,0
TXN000152,2026-03-05 22:30:28,CUST1630,ACC105506,POS_DEBIT,4338.85,0.00,ELECTRONICS,MOBILE_APP,Chennai,178576.92,0
TXN000153,2026-03-24 19:33:27,CUST1113,ACC913875,ATM_WITHDRAWAL,12532.70,0.00,TRAVEL,WEB_PORTAL,Chennai,143969.00,1
TXN000154,2026-03-15 02:07:53,CUST1926,ACC624108,POS_DEBIT,763.85,0.00,GROCERY,BRANCH,Hyderabad,201566.29,0
TXN000155,2026-03-08 18:26:11,CUST1680,ACC800674,NET_BANKING_DEBIT,2196.47,0.00,ELECTRONICS,BRANCH,Pune,159480.25,0
TXN000156,2026-03-26 16:35:01,CUST1399,ACC592972,POS_DEBIT,14303.38,0.00,GROCERY,ATM_KIOSK,Pune,142859.26,1
TXN000157,2026-03-03 11:15:46,CUST1672,ACC758775,UPI_TRANSFER,11222.38,0.00,ELECTRONICS,BRANCH,Pune,98917.06,1
TXN000158,2026-03-06 21:29:44,CUST1490,ACC762423,ATM_WITHDRAWAL,712.82,0.00,DINING,WEB_PORTAL,Delhi,206174.58,0
TXN000159,2026-03-10 06:02:50,CUST1204,ACC143941,NET_BANKING_DEBIT,11654.05,0.00,HEALTHCARE,POS_TERMINAL,Kolkata,122554.70,1
TXN000160,2026-03-21 06:18:22,CUST1882,ACC918771,INTEREST_CREDIT,0.00,38137.98,GROCERY,POS_TERMINAL,Chennai,23605.88,0
TXN000161,2026-03-13 23:28:57,CUST1979,ACC505426,POS_DEBIT,12000.17,0.00,HEALTHCARE,WEB_PORTAL,Ahmedabad,117683.58,1
TXN000162,2026-03-26 02:46:27,CUST1080,ACC551524,NET_BANKING_DEBIT,7487.97,0.00,DINING,BRANCH,Chennai,137029.83,0
TXN000163,2026-03-15 19:45:27,CUST1170,ACC823270,UPI_TRANSFER,1583.84,0.00,INVESTMENT,POS_TERMINAL,Ahmedabad,84475.39,0
TXN000164,2026-03-20 13:17:40,CUST1810,ACC160144,POS_DEBIT,10915.88,0.00,ELECTRONICS,ATM_KIOSK,Pune,229227.70,1
TXN000165,2026-03-01 04:54:38,CUST1694,ACC919264,INTEREST_CREDIT,0.00,61076.72,INVESTMENT,MOBILE_APP,Bengaluru,174661.49,0
TXN000166,2026-03-19 01:38:09,CUST1695,ACC571778,POS_DEBIT,3578.13,0.00,HEALTHCARE,POS_TERMINAL,Ahmedabad,100105.39,0
TXN000167,2026-03-21 08:15:07,CUST1026,ACC871411,POS_DEBIT,8630.13,0.00,DINING,ATM_KIOSK,Kolkata,108538.00,0
TXN000168,2026-03-23 14:13:39,CUST1292,ACC827691,INTEREST_CREDIT,0.00,13243.27,INVESTMENT,WEB_PORTAL,Delhi,197116.65,0
TXN000169,2026-03-23 14:05:51,CUST1698,ACC986593,ATM_WITHDRAWAL,12799.75,0.00,HEALTHCARE,POS_TERMINAL,Delhi,121230.03,1
TXN000170,2026-03-28 05:45:45,CUST1949,ACC834233,INTEREST_CREDIT,0.00,42952.00,DINING,POS_TERMINAL,Hyderabad,224462.95,0
TXN000171,2026-03-08 15:01:23,CUST1567,ACC700076,POS_DEBIT,14777.73,0.00,HEALTHCARE,ATM_KIOSK,Bengaluru,201135.43,1
TXN000172,2026-03-13 22:46:30,CUST1538,ACC530749,INTEREST_CREDIT,0.00,66897.25,UTILITIES,BRANCH,Delhi,30450.80,0
TXN000173,2026-03-15 14:43:33,CUST1352,ACC234568,ATM_WITHDRAWAL,14587.08,0.00,DINING,WEB_PORTAL,Kolkata,165949.57,1
TXN000174,2026-03-04 16:09:19,CUST1168,ACC269834,INTEREST_CREDIT,0.00,68749.86,HEALTHCARE,WEB_PORTAL,Pune,28022.02,0
TXN000175,2026-03-09 06:40:35,CUST1281,ACC231250,INTEREST_CREDIT,0.00,67644.81,TRAVEL,BRANCH,Delhi,213794.42,0
TXN000176,2026-03-19 04:10:42,CUST1639,ACC855638,INTEREST_CREDIT,0.00,49869.12,HEALTHCARE,BRANCH,Mumbai,154074.98,0
TXN000177,2026-03-09 20:13:49,CUST1585,ACC536822,POS_DEBIT,1264.28,0.00,GROCERY,ATM_KIOSK,Chennai,196190.26,0
TXN000178,2026-03-26 21:25:19,CUST1464,ACC176517,NET_BANKING_DEBIT,14351.92,0.00,GROCERY,WEB_PORTAL,Ahmedabad,128492.03,1
TXN000179,2026-03-20 04:20:55,CUST1735,ACC434827,SALARY_CREDIT,0.00,38897.58,HEALTHCARE,ATM_KIOSK,Bengaluru,62945.41,0
TXN000180,2026-03-04 08:28:15,CUST1144,ACC201514,UPI_TRANSFER,7748.95,0.00,GROCERY,POS_TERMINAL,Kolkata,71808.40,0
TXN000181,2026-03-06 10:59:36,CUST1738,ACC427905,INTEREST_CREDIT,0.00,34269.43,ENTERTAINMENT,WEB_PORTAL,Ahmedabad,241231.18,0
TXN000182,2026-03-16 00:05:25,CUST1517,ACC579441,INTEREST_CREDIT,0.00,37677.06,ENTERTAINMENT,WEB_PORTAL,Pune,221582.78,0
TXN000183,2026-03-21 21:30:18,CUST1549,ACC108574,POS_DEBIT,805.58,0.00,ELECTRONICS,ATM_KIOSK,Bengaluru,222349.78,0
TXN000184,2026-03-12 01:25:03,CUST1583,ACC689107,UPI_TRANSFER,10926.25,0.00,ENTERTAINMENT,POS_TERMINAL,Chennai,194506.34,1
TXN000185,2026-03-27 19:43:39,CUST1121,ACC234913,POS_DEBIT,5825.91,0.00,ELECTRONICS,ATM_KIOSK,Pune,144216.42,0
TXN000186,2026-03-20 16:25:32,CUST1041,ACC147504,UPI_TRANSFER,8389.59,0.00,GROCERY,WEB_PORTAL,Pune,48902.83,0
TXN000187,2026-03-17 04:20:59,CUST1627,ACC434002,SALARY_CREDIT,0.00,41353.29,DINING,ATM_KIOSK,Chennai,50001.06,0
TXN000188,2026-03-18 15:45:36,CUST1306,ACC597960,INTEREST_CREDIT,0.00,28546.14,GROCERY,POS_TERMINAL,Pune,209648.01,0
TXN000189,2026-03-24 22:40:01,CUST1611,ACC597643,NET_BANKING_DEBIT,1688.59,0.00,TRAVEL,BRANCH,Hyderabad,87304.29,0
TXN000190,2026-03-24 19:49:53,CUST1389,ACC254954,NET_BANKING_DEBIT,817.76,0.00,ENTERTAINMENT,MOBILE_APP,Delhi,138194.60,0
TXN000191,2026-03-23 06:26:32,CUST1793,ACC741181,ATM_WITHDRAWAL,333.11,0.00,INVESTMENT,MOBILE_APP,Bengaluru,50586.35,0
TXN000192,2026-03-22 15:33:24,CUST1321,ACC281594,INTEREST_CREDIT,0.00,19513.92,INVESTMENT,BRANCH,Pune,91386.64,0
TXN000193,2026-03-24 21:41:51,CUST1709,ACC377203,INTEREST_CREDIT,0.00,29800.09,INVESTMENT,WEB_PORTAL,Hyderabad,196417.60,0
TXN000194,2026-03-10 09:45:13,CUST1706,ACC839233,UPI_TRANSFER,8393.40,0.00,INVESTMENT,POS_TERMINAL,Ahmedabad,243634.00,0
TXN000195,2026-03-10 03:36:43,CUST1556,ACC498138,UPI_TRANSFER,8429.29,0.00,UTILITIES,POS_TERMINAL,Bengaluru,184591.13,0
TXN000196,2026-03-15 20:16:47,CUST1490,ACC324381,UPI_TRANSFER,678.89,0.00,ENTERTAINMENT,BRANCH,Chennai,33571.92,0
TXN000197,2026-03-20 23:37:15,CUST1248,ACC153231,INTEREST_CREDIT,0.00,53731.99,ENTERTAINMENT,WEB_PORTAL,Mumbai,47259.14,0
TXN000198,2026-03-25 04:00:35,CUST1951,ACC265613,POS_DEBIT,6228.86,0.00,UTILITIES,ATM_KIOSK,Ahmedabad,38628.05,0
TXN000199,2026-03-21 01:58:49,CUST1091,ACC783984,NET_BANKING_DEBIT,3031.87,0.00,ENTERTAINMENT,BRANCH,Mumbai,90474.41,0
TXN000200,2026-03-02 12:50:31,CUST1190,ACC885386,ATM_WITHDRAWAL,6297.38,0.00,TRAVEL,MOBILE_APP,Mumbai,234471.81,0
TXN000201,2026-03-10 14:41:34,CUST1536,ACC617904,UPI_TRANSFER,8541.03,0.00,DINING,BRANCH,Ahmedabad,246003.56,0
TXN000202,2026-03-15 20:16:45,CUST1190,ACC114768,UPI_TRANSFER,2932.53,0.00,HEALTHCARE,POS_TERMINAL,Hyderabad,53186.15,0
TXN000203,2026-03-14 16:20:05,CUST1410,ACC801765,ATM_WITHDRAWAL,9183.77,0.00,ELECTRONICS,WEB_PORTAL,Bengaluru,110290.24,0
TXN000204,2026-03-09 12:15:28,CUST1771,ACC379963,SALARY_CREDIT,0.00,27652.12,HEALTHCARE,POS_TERMINAL,Mumbai,73291.06,0
TXN000205,2026-03-04 14:19:10,CUST1415,ACC819400,UPI_TRANSFER,9822.57,0.00,TRAVEL,MOBILE_APP,Chennai,29599.22,0
TXN000206,2026-03-05 14:47:38,CUST1382,ACC536045,UPI_TRANSFER,9238.65,0.00,INVESTMENT,BRANCH,Hyderabad,46388.66,0
TXN000207,2026-03-26 02:33:28,CUST1540,ACC837952,ATM_WITHDRAWAL,10221.11,0.00,HEALTHCARE,MOBILE_APP,Delhi,155016.40,1
TXN000208,2026-03-07 18:34:09,CUST1168,ACC444056,POS_DEBIT,12440.17,0.00,INVESTMENT,MOBILE_APP,Hyderabad,227178.72,1
TXN000209,2026-03-26 01:29:08,CUST1525,ACC535604,NET_BANKING_DEBIT,8768.06,0.00,INVESTMENT,BRANCH,Mumbai,134938.21,0
TXN000210,2026-03-24 00:25:16,CUST1836,ACC103161,INTEREST_CREDIT,0.00,37366.48,ENTERTAINMENT,BRANCH,Delhi,204625.11,0
TXN000211,2026-03-02 02:59:30,CUST1032,ACC401036,POS_DEBIT,6384.28,0.00,UTILITIES,WEB_PORTAL,Bengaluru,142173.42,0
TXN000212,2026-03-14 11:57:24,CUST1459,ACC495833,NET_BANKING_DEBIT,14676.08,0.00,UTILITIES,MOBILE_APP,Bengaluru,166781.99,1
TXN000213,2026-03-18 12:33:08,CUST1745,ACC333507,NET_BANKING_DEBIT,12911.28,0.00,GROCERY,MOBILE_APP,Chennai,42878.79,1
TXN000214,2026-03-18 12:52:14,CUST1253,ACC583000,SALARY_CREDIT,0.00,52144.99,HEALTHCARE,WEB_PORTAL,Chennai,142944.65,0
TXN000215,2026-03-04 01:51:42,CUST1429,ACC744793,ATM_WITHDRAWAL,14064.28,0.00,GROCERY,WEB_PORTAL,Hyderabad,185380.63,1
TXN000216,2026-03-23 01:15:47,CUST1045,ACC521805,POS_DEBIT,1558.41,0.00,INVESTMENT,WEB_PORTAL,Hyderabad,155479.45,1
TXN000217,2026-03-24 18:20:36,CUST1612,ACC910065,POS_DEBIT,2145.03,0.00,HEALTHCARE,WEB_PORTAL,Chennai,70027.96,0
TXN000218,2026-03-14 09:17:03,CUST1570,ACC720407,ATM_WITHDRAWAL,14786.15,0.00,DINING,ATM_KIOSK,Ahmedabad,137494.00,1
TXN000219,2026-03-22 12:50:33,CUST1326,ACC830132,POS_DEBIT,14585.74,0.00,UTILITIES,ATM_KIOSK,Bengaluru,236272.81,1
TXN000220,2026-03-28 07:19:54,CUST1724,ACC251363,UPI_TRANSFER,5678.08,0.00,INVESTMENT,MOBILE_APP,Kolkata,126276.92,0
TXN000221,2026-03-08 08:13:21,CUST1662,ACC182911,SALARY_CREDIT,0.00,44010.07,INVESTMENT,POS_TERMINAL,Delhi,46511.80,0
TXN000222,2026-03-09 12:43:38,CUST1617,ACC141468,INTEREST_CREDIT,0.00,55720.93,ELECTRONICS,WEB_PORTAL,Hyderabad,59763.18,0
TXN000223,2026-03-10 00:13:59,CUST1194,ACC877493,SALARY_CREDIT,0.00,19622.24,ELECTRONICS,ATM_KIOSK,Hyderabad,228152.71,0
TXN000224,2026-03-18 10:49:18,CUST1389,ACC588899,NET_BANKING_DEBIT,9085.80,0.00,HEALTHCARE,POS_TERMINAL,Chennai,230054.72,0
TXN000225,2026-03-24 15:48:53,CUST1327,ACC312994,UPI_TRANSFER,7716.61,0.00,HEALTHCARE,POS_TERMINAL,Kolkata,38172.93,0
TXN000226,2026-03-09 17:59:37,CUST1593,ACC854987,POS_DEBIT,8459.74,0.00,UTILITIES,POS_TERMINAL,Bengaluru,49291.84,0
TXN000227,2026-03-16 17:41:43,CUST1345,ACC369826,ATM_WITHDRAWAL,4981.49,0.00,INVESTMENT,ATM_KIOSK,Ahmedabad,210840.24,0
TXN000228,2026-03-05 23:34:31,CUST1188,ACC668471,ATM_WITHDRAWAL,11004.94,0.00,GROCERY,BRANCH,Mumbai,97761.40,1
TXN000229,2026-03-25 00:26:08,CUST1862,ACC761338,POS_DEBIT,14180.56,0.00,ENTERTAINMENT,MOBILE_APP,Bengaluru,172030.65,1
TXN000230,2026-03-21 21:59:39,CUST1934,ACC606676,POS_DEBIT,3319.86,0.00,INVESTMENT,MOBILE_APP,Mumbai,29205.78,0
TXN000231,2026-03-17 23:17:34,CUST1293,ACC117975,INTEREST_CREDIT,0.00,43615.05,UTILITIES,WEB_PORTAL,Delhi,17784.98,0
TXN000232,2026-03-09 11:17:50,CUST1406,ACC182857,POS_DEBIT,7889.56,0.00,HEALTHCARE,ATM_KIOSK,Ahmedabad,160648.50,0
TXN000233,2026-03-10 21:52:54,CUST1082,ACC785491,INTEREST_CREDIT,0.00,22024.55,GROCERY,MOBILE_APP,Kolkata,178850.53,0
TXN000234,2026-03-21 00:44:10,CUST1084,ACC624139,SALARY_CREDIT,0.00,31401.87,UTILITIES,POS_TERMINAL,Delhi,126861.20,0
TXN000235,2026-03-28 22:56:36,CUST1486,ACC384263,INTEREST_CREDIT,0.00,69340.66,GROCERY,MOBILE_APP,Chennai,68995.13,0
TXN000236,2026-03-28 10:01:13,CUST1601,ACC251195,INTEREST_CREDIT,0.00,44445.69,UTILITIES,MOBILE_APP,Chennai,22731.92,0
TXN000237,2026-03-22 17:21:24,CUST1773,ACC875679,ATM_WITHDRAWAL,8481.18,0.00,DINING,MOBILE_APP,Pune,214618.97,0
TXN000238,2026-03-20 19:38:25,CUST1992,ACC911131,POS_DEBIT,1510.40,0.00,HEALTHCARE,MOBILE_APP,Chennai,32864.29,0
TXN000239,2026-03-13 13:11:43,CUST1599,ACC792764,SALARY_CREDIT,0.00,39342.24,UTILITIES,MOBILE_APP,Chennai,98615.63,0
TXN000240,2026-03-05 12:45:50,CUST1649,ACC261771,ATM_WITHDRAWAL,10710.97,0.00,UTILITIES,POS_TERMINAL,Pune,34278.93,1
TXN000241,2026-03-25 08:06:08,CUST1089,ACC296494,POS_DEBIT,1418.23,0.00,UTILITIES,ATM_KIOSK,Kolkata,119512.93,0
TXN000242,2026-03-20 10:55:24,CUST1012,ACC406024,POS_DEBIT,442.62,0.00,UTILITIES,ATM_KIOSK,Delhi,36870.10,0
TXN000243,2026-03-08 18:33:10,CUST1701,ACC499226,NET_BANKING_DEBIT,13521.98,0.00,DINING,WEB_PORTAL,Chennai,227723.78,1
TXN000244,2026-03-09 13:19:30,CUST1801,ACC180657,UPI_TRANSFER,4062.68,0.00,HEALTHCARE,POS_TERMINAL,Hyderabad,54293.74,0
TXN000245,2026-03-04 04:19:00,CUST1971,ACC514913,NET_BANKING_DEBIT,9394.25,0.00,HEALTHCARE,BRANCH,Kolkata,60953.83,0
TXN000246,2026-03-21 19:08:19,CUST1328,ACC732512,UPI_TRANSFER,6631.33,0.00,ENTERTAINMENT,ATM_KIOSK,Pune,208530.78,0
TXN000247,2026-03-10 23:44:40,CUST1502,ACC703853,ATM_WITHDRAWAL,14470.39,0.00,ENTERTAINMENT,POS_TERMINAL,Kolkata,242650.43,1
TXN000248,2026-03-04 18:12:37,CUST1558,ACC288667,UPI_TRANSFER,12256.59,0.00,GROCERY,ATM_KIOSK,Hyderabad,107339.76,1
TXN000249,2026-03-03 13:43:31,CUST1142,ACC764100,SALARY_CREDIT,0.00,60837.99,TRAVEL,WEB_PORTAL,Chennai,210351.23,0
TXN000250,2026-03-15 19:30:37,CUST1410,ACC660324,NET_BANKING_DEBIT,2354.44,0.00,UTILITIES,BRANCH,Mumbai,103592.84,0
TXN000251,2026-03-20 20:58:05,CUST1111,ACC906306,UPI_TRANSFER,10539.43,0.00,ENTERTAINMENT,POS_TERMINAL,Bengaluru,205889.79,1
TXN000252,2026-03-21 12:48:21,CUST1988,ACC934908,NET_BANKING_DEBIT,9209.53,0.00,UTILITIES,MOBILE_APP,Mumbai,166582.33,0
TXN000253,2026-03-19 22:36:14,CUST1456,ACC492292,POS_DEBIT,3918.14,0.00,UTILITIES,ATM_KIOSK,Bengaluru,136917.48,0
TXN000254,2026-03-10 13:58:05,CUST1118,ACC971699,UPI_TRANSFER,14965.66,0.00,DINING,POS_TERMINAL,Chennai,128451.20,1
TXN000255,2026-03-16 03:28:46,CUST1713,ACC574425,UPI_TRANSFER,6857.22,0.00,HEALTHCARE,MOBILE_APP,Chennai,128487.61,0
TXN000256,2026-03-28 10:41:06,CUST1693,ACC938913,POS_DEBIT,12162.28,0.00,DINING,WEB_PORTAL,Bengaluru,42045.04,1
TXN000257,2026-03-15 07:51:25,CUST1644,ACC293411,INTEREST_CREDIT,0.00,16209.50,DINING,ATM_KIOSK,Kolkata,146564.50,0
TXN000258,2026-03-15 18:27:24,CUST1004,ACC838968,POS_DEBIT,11073.96,0.00,ENTERTAINMENT,WEB_PORTAL,Chennai,222527.88,1
TXN000259,2026-03-04 17:11:23,CUST1333,ACC306647,NET_BANKING_DEBIT,12140.51,0.00,INVESTMENT,MOBILE_APP,Chennai,29702.48,1
TXN000260,2026-03-21 10:38:24,CUST1625,ACC511612,NET_BANKING_DEBIT,12946.42,0.00,ELECTRONICS,POS_TERMINAL,Pune,139013.03,1
TXN000261,2026-03-23 09:58:39,CUST1604,ACC188868,SALARY_CREDIT,0.00,48215.39,DINING,POS_TERMINAL,Delhi,206228.49,0
TXN000262,2026-03-17 12:26:38,CUST1141,ACC702727,ATM_WITHDRAWAL,4615.43,0.00,UTILITIES,ATM_KIOSK,Bengaluru,177957.59,0
TXN000263,2026-03-21 05:35:10,CUST1501,ACC402865,SALARY_CREDIT,0.00,49485.11,DINING,WEB_PORTAL,Pune,177956.74,0
TXN000264,2026-03-01 15:08:12,CUST1834,ACC502594,SALARY_CREDIT,0.00,48358.70,INVESTMENT,ATM_KIOSK,Ahmedabad,218397.72,0
TXN000265,2026-03-06 02:36:01,CUST1814,ACC898025,SALARY_CREDIT,0.00,54709.97,ENTERTAINMENT,POS_TERMINAL,Mumbai,119305.16,0
TXN000266,2026-03-19 23:49:49,CUST1507,ACC676429,UPI_TRANSFER,3411.41,0.00,ELECTRONICS,BRANCH,Delhi,198473.95,0
TXN000267,2026-03-12 17:52:48,CUST1042,ACC896922,UPI_TRANSFER,11637.94,0.00,INVESTMENT,BRANCH,Hyderabad,208471.46,1
TXN000268,2026-03-25 07:19:55,CUST1033,ACC571578,SALARY_CREDIT,0.00,12169.15,TRAVEL,POS_TERMINAL,Delhi,210066.62,0
TXN000269,2026-03-26 07:13:51,CUST1755,ACC716482,SALARY_CREDIT,0.00,65570.33,HEALTHCARE,BRANCH,Kolkata,42585.72,0
TXN000270,2026-03-26 01:36:22,CUST1545,ACC394739,ATM_WITHDRAWAL,9261.46,0.00,DINING,POS_TERMINAL,Chennai,206179.52,0
TXN000271,2026-03-22 03:08:48,CUST1804,ACC531589,UPI_TRANSFER,8612.40,0.00,GROCERY,POS_TERMINAL,Bengaluru,135887.52,0
TXN000272,2026-03-23 10:53:15,CUST1779,ACC984532,NET_BANKING_DEBIT,12997.88,0.00,UTILITIES,ATM_KIOSK,Bengaluru,73674.15,1
TXN000273,2026-03-13 14:04:40,CUST1813,ACC906233,INTEREST_CREDIT,0.00,49268.14,ELECTRONICS,ATM_KIOSK,Chennai,162536.01,0
TXN000274,2026-03-16 10:37:00,CUST1889,ACC911739,NET_BANKING_DEBIT,14048.22,0.00,ELECTRONICS,ATM_KIOSK,Pune,101731.73,1
TXN000275,2026-03-14 06:31:17,CUST1330,ACC968581,POS_DEBIT,11945.39,0.00,TRAVEL,POS_TERMINAL,Bengaluru,108463.23,1
TXN000276,2026-03-22 01:02:06,CUST1641,ACC921967,INTEREST_CREDIT,0.00,64669.58,INVESTMENT,MOBILE_APP,Delhi,200251.36,0
TXN000277,2026-03-07 22:58:08,CUST1903,ACC781571,ATM_WITHDRAWAL,6647.22,0.00,TRAVEL,WEB_PORTAL,Chennai,240137.47,1
TXN000278,2026-03-21 05:03:25,CUST1640,ACC420349,POS_DEBIT,9836.09,0.00,ENTERTAINMENT,ATM_KIOSK,Delhi,102383.29,0
TXN000279,2026-03-19 07:33:43,CUST1455,ACC109738,NET_BANKING_DEBIT,1473.00,0.00,GROCERY,POS_TERMINAL,Delhi,33315.60,0
TXN000280,2026-03-08 12:05:46,CUST1825,ACC207402,SALARY_CREDIT,0.00,53582.17,ELECTRONICS,POS_TERMINAL,Pune,127259.56,0
TXN000281,2026-03-05 20:43:09,CUST1070,ACC656278,UPI_TRANSFER,2100.08,0.00,GROCERY,BRANCH,Bengaluru,191992.08,0
TXN000282,2026-03-24 04:58:26,CUST1630,ACC819916,SALARY_CREDIT,0.00,29583.14,INVESTMENT,WEB_PORTAL,Delhi,65068.03,0
TXN000283,2026-03-12 13:20:50,CUST1143,ACC359822,POS_DEBIT,2143.20,0.00,TRAVEL,MOBILE_APP,Hyderabad,186552.15,0
TXN000284,2026-03-10 22:01:54,CUST1867,ACC790388,INTEREST_CREDIT,0.00,47069.93,TRAVEL,WEB_PORTAL,Hyderabad,184477.22,0
TXN000285,2026-03-26 07:31:24,CUST1115,ACC352792,NET_BANKING_DEBIT,5906.68,0.00,INVESTMENT,BRANCH,Delhi,199193.38,0
TXN000286,2026-03-12 10:08:24,CUST1881,ACC979727,INTEREST_CREDIT,0.00,67210.72,UTILITIES,POS_TERMINAL,Bengaluru,17835.75,0
TXN000287,2026-03-01 18:04:00,CUST1268,ACC326222,SALARY_CREDIT,0.00,71811.71,GROCERY,MOBILE_APP,Kolkata,196036.26,0
TXN000288,2026-03-25 13:27:44,CUST1411,ACC186431,INTEREST_CREDIT,0.00,25054.15,DINING,POS_TERMINAL,Delhi,182467.83,0
TXN000289,2026-03-05 17:20:25,CUST1600,ACC765105,UPI_TRANSFER,1231.37,0.00,ELECTRONICS,POS_TERMINAL,Kolkata,243963.65,0
TXN000290,2026-03-08 02:59:27,CUST1118,ACC575394,NET_BANKING_DEBIT,14303.75,0.00,GROCERY,POS_TERMINAL,Bengaluru,71079.79,1
TXN000291,2026-03-16 11:33:33,CUST1801,ACC962460,POS_DEBIT,239.34,0.00,TRAVEL,WEB_PORTAL,Pune,17667.39,0
TXN000292,2026-03-24 03:49:57,CUST1030,ACC451284,ATM_WITHDRAWAL,11259.16,0.00,UTILITIES,POS_TERMINAL,Delhi,220263.11,1
TXN000293,2026-03-03 15:29:32,CUST1368,ACC158132,UPI_TRANSFER,10699.23,0.00,INVESTMENT,BRANCH,Bengaluru,150513.14,1
TXN000294,2026-03-22 23:07:14,CUST1758,ACC633541,UPI_TRANSFER,2401.78,0.00,GROCERY,MOBILE_APP,Mumbai,225153.08,0
TXN000295,2026-03-06 01:35:51,CUST1935,ACC848705,ATM_WITHDRAWAL,737.42,0.00,UTILITIES,WEB_PORTAL,Pune,231253.24,0
TXN000296,2026-03-03 18:23:07,CUST1514,ACC806033,ATM_WITHDRAWAL,6273.04,0.00,GROCERY,WEB_PORTAL,Hyderabad,78745.62,0
TXN000297,2026-03-03 14:55:18,CUST1792,ACC985885,INTEREST_CREDIT,0.00,73698.97,TRAVEL,POS_TERMINAL,Delhi,239208.66,0
TXN000298,2026-03-10 18:50:19,CUST1757,ACC752966,INTEREST_CREDIT,0.00,36972.23,ENTERTAINMENT,ATM_KIOSK,Pune,101696.05,0
TXN000299,2026-03-25 06:46:57,CUST1559,ACC897423,INTEREST_CREDIT,0.00,73030.04,ENTERTAINMENT,WEB_PORTAL,Mumbai,249479.97,0
TXN000300,2026-03-21 22:56:00,CUST1973,ACC451291,SALARY_CREDIT,0.00,6673.72,GROCERY,ATM_KIOSK,Chennai,142263.12,0
TXN000301,2026-03-02 04:45:17,CUST1095,ACC146032,POS_DEBIT,3117.66,0.00,ENTERTAINMENT,BRANCH,Kolkata,113656.72,0
TXN000302,2026-03-24 02:37:06,CUST1517,ACC239999,NET_BANKING_DEBIT,13438.89,0.00,UTILITIES,MOBILE_APP,Mumbai,122737.64,1
TXN000303,2026-03-10 08:54:20,CUST1948,ACC939717,SALARY_CREDIT,0.00,51371.07,UTILITIES,POS_TERMINAL,Pune,45716.45,0
TXN000304,2026-03-07 04:49:49,CUST1598,ACC214266,SALARY_CREDIT,0.00,24036.91,DINING,MOBILE_APP,Bengaluru,32551.55,0
TXN000305,2026-03-18 11:49:13,CUST1462,ACC423284,SALARY_CREDIT,0.00,37623.86,INVESTMENT,POS_TERMINAL,Delhi,110530.45,0
TXN000306,2026-03-23 19:02:13,CUST1855,ACC998182,POS_DEBIT,2406.35,0.00,HEALTHCARE,WEB_PORTAL,Delhi,209200.87,0
TXN000307,2026-03-22 09:16:52,CUST1178,ACC132591,NET_BANKING_DEBIT,3760.87,0.00,UTILITIES,ATM_KIOSK,Hyderabad,135663.02,0
TXN000308,2026-03-01 01:53:49,CUST1227,ACC237064,POS_DEBIT,6957.55,0.00,ENTERTAINMENT,ATM_KIOSK,Pune,47851.36,0
TXN000309,2026-03-09 02:01:04,CUST1202,ACC777366,NET_BANKING_DEBIT,9472.95,0.00,INVESTMENT,WEB_PORTAL,Delhi,151846.09,0
TXN000310,2026-03-19 13:52:46,CUST1404,ACC620226,UPI_TRANSFER,1881.79,0.00,GROCERY,ATM_KIOSK,Kolkata,26899.86,0
TXN000311,2026-03-15 04:02:39,CUST1634,ACC746947,ATM_WITHDRAWAL,5341.45,0.00,ENTERTAINMENT,POS_TERMINAL,Ahmedabad,79620.72,0
TXN000312,2026-03-03 08:24:08,CUST1429,ACC309146,SALARY_CREDIT,0.00,66794.50,ENTERTAINMENT,BRANCH,Mumbai,127572.27,0
TXN000313,2026-03-18 15:22:58,CUST1579,ACC626797,SALARY_CREDIT,0.00,59734.10,HEALTHCARE,ATM_KIOSK,Chennai,99391.35,0
TXN000314,2026-03-26 08:03:51,CUST1483,ACC655149,ATM_WITHDRAWAL,439.64,0.00,HEALTHCARE,BRANCH,Hyderabad,21886.31,0
TXN000315,2026-03-27 23:03:48,CUST1970,ACC330069,ATM_WITHDRAWAL,1547.01,0.00,UTILITIES,POS_TERMINAL,Bengaluru,77633.85,0
TXN000316,2026-03-12 18:01:45,CUST1717,ACC468765,ATM_WITHDRAWAL,3586.44,0.00,DINING,BRANCH,Hyderabad,188454.70,0
TXN000317,2026-03-02 02:03:14,CUST1616,ACC329437,SALARY_CREDIT,0.00,42948.72,GROCERY,BRANCH,Ahmedabad,56255.84,0
TXN000318,2026-03-11 22:11:58,CUST1821,ACC985296,POS_DEBIT,5009.42,0.00,HEALTHCARE,MOBILE_APP,Mumbai,204514.67,0
TXN000319,2026-03-28 16:55:23,CUST1983,ACC176054,ATM_WITHDRAWAL,8819.81,0.00,HEALTHCARE,ATM_KIOSK,Delhi,196976.13,0
TXN000320,2026-03-14 20:31:41,CUST1324,ACC282664,UPI_TRANSFER,4561.39,0.00,HEALTHCARE,WEB_PORTAL,Bengaluru,52013.41,0
TXN000321,2026-03-05 05:46:00,CUST1971,ACC836109,SALARY_CREDIT,0.00,26477.63,UTILITIES,BRANCH,Mumbai,176797.13,0
TXN000322,2026-03-08 20:36:06,CUST1959,ACC620287,ATM_WITHDRAWAL,9055.71,0.00,DINING,POS_TERMINAL,Delhi,242369.95,0
TXN000323,2026-03-03 22:42:40,CUST1746,ACC452058,ATM_WITHDRAWAL,5234.81,0.00,INVESTMENT,MOBILE_APP,Chennai,164503.89,0
TXN000324,2026-03-04 23:00:03,CUST1395,ACC559507,ATM_WITHDRAWAL,3780.64,0.00,UTILITIES,WEB_PORTAL,Kolkata,75314.62,0
TXN000325,2026-03-13 03:53:30,CUST1807,ACC706135,SALARY_CREDIT,0.00,66723.95,ENTERTAINMENT,WEB_PORTAL,Ahmedabad,97539.32,0
TXN000326,2026-03-01 10:16:06,CUST1075,ACC458411,POS_DEBIT,11997.96,0.00,DINING,ATM_KIOSK,Bengaluru,22852.00,1
TXN000327,2026-03-11 19:39:57,CUST1494,ACC838726,NET_BANKING_DEBIT,1171.29,0.00,GROCERY,ATM_KIOSK,Bengaluru,244839.76,0
TXN000328,2026-03-04 10:13:12,CUST1419,ACC831063,INTEREST_CREDIT,0.00,67282.73,TRAVEL,POS_TERMINAL,Chennai,51919.39,0
TXN000329,2026-03-16 04:03:23,CUST1003,ACC548377,ATM_WITHDRAWAL,1483.94,0.00,ELECTRONICS,POS_TERMINAL,Ahmedabad,144170.72,0
TXN000330,2026-03-03 15:54:07,CUST1315,ACC923002,ATM_WITHDRAWAL,1499.95,0.00,UTILITIES,ATM_KIOSK,Ahmedabad,164974.80,0
TXN000331,2026-03-12 12:23:11,CUST1456,ACC146784,NET_BANKING_DEBIT,4011.82,0.00,TRAVEL,ATM_KIOSK,Ahmedabad,106068.87,0
TXN000332,2026-03-25 22:42:06,CUST1087,ACC800596,UPI_TRANSFER,3432.32,0.00,HEALTHCARE,BRANCH,Kolkata,29485.25,0
TXN000333,2026-03-13 16:26:34,CUST1703,ACC597889,INTEREST_CREDIT,0.00,20925.89,ENTERTAINMENT,ATM_KIOSK,Chennai,29331.18,0
TXN000334,2026-03-19 16:51:36,CUST1693,ACC750403,POS_DEBIT,5952.33,0.00,DINING,MOBILE_APP,Ahmedabad,23161.20,0
TXN000335,2026-03-07 06:08:02,CUST1433,ACC182175,ATM_WITHDRAWAL,14238.47,0.00,UTILITIES,WEB_PORTAL,Bengaluru,54283.73,1
TXN000336,2026-03-26 02:05:24,CUST1569,ACC516656,INTEREST_CREDIT,0.00,23052.05,HEALTHCARE,POS_TERMINAL,Ahmedabad,229039.05,0
TXN000337,2026-03-17 13:07:26,CUST1153,ACC255398,POS_DEBIT,11808.93,0.00,ELECTRONICS,MOBILE_APP,Delhi,161418.61,1
TXN000338,2026-03-14 08:24:41,CUST1497,ACC699809,UPI_TRANSFER,13018.76,0.00,INVESTMENT,MOBILE_APP,Bengaluru,221831.91,1
TXN000339,2026-03-13 01:25:56,CUST1900,ACC447596,UPI_TRANSFER,6074.46,0.00,ENTERTAINMENT,MOBILE_APP,Ahmedabad,174991.02,0
TXN000340,2026-03-27 09:19:17,CUST1863,ACC615500,UPI_TRANSFER,13460.62,0.00,ELECTRONICS,WEB_PORTAL,Bengaluru,19754.73,1
TXN000341,2026-03-27 10:17:46,CUST1426,ACC734366,UPI_TRANSFER,14614.58,0.00,ELECTRONICS,WEB_PORTAL,Ahmedabad,119130.99,1
TXN000342,2026-03-16 16:55:23,CUST1840,ACC158936,ATM_WITHDRAWAL,13705.82,0.00,DINING,MOBILE_APP,Chennai,110685.03,1
TXN000343,2026-03-19 00:11:12,CUST1896,ACC973390,NET_BANKING_DEBIT,7626.59,0.00,ENTERTAINMENT,MOBILE_APP,Hyderabad,215054.41,0
TXN000344,2026-03-09 11:52:29,CUST1517,ACC516224,POS_DEBIT,6873.91,0.00,ELECTRONICS,MOBILE_APP,Hyderabad,180588.98,0
TXN000345,2026-03-16 18:35:22,CUST1352,ACC271456,UPI_TRANSFER,7357.36,0.00,TRAVEL,MOBILE_APP,Chennai,240722.29,0
TXN000346,2026-03-07 07:41:14,CUST1693,ACC316773,POS_DEBIT,5829.16,0.00,TRAVEL,ATM_KIOSK,Mumbai,149480.64,0
TXN000347,2026-03-20 00:14:16,CUST1622,ACC944193,NET_BANKING_DEBIT,183.02,0.00,TRAVEL,POS_TERMINAL,Kolkata,167132.32,0
TXN000348,2026-03-07 14:19:43,CUST1533,ACC964352,SALARY_CREDIT,0.00,64611.03,UTILITIES,BRANCH,Delhi,122864.53,0
TXN000349,2026-03-12 17:41:38,CUST1623,ACC396408,POS_DEBIT,7697.13,0.00,TRAVEL,MOBILE_APP,Ahmedabad,213171.73,0
TXN000350,2026-03-09 08:41:45,CUST1975,ACC783112,POS_DEBIT,5077.44,0.00,TRAVEL,WEB_PORTAL,Bengaluru,91407.21,0
TXN000351,2026-03-26 19:25:42,CUST1327,ACC813824,INTEREST_CREDIT,0.00,58583.21,DINING,MOBILE_APP,Ahmedabad,226426.46,0
TXN000352,2026-03-02 18:45:36,CUST1835,ACC299140,UPI_TRANSFER,3928.42,0.00,HEALTHCARE,WEB_PORTAL,Ahmedabad,106244.61,0
TXN000353,2026-03-22 17:11:18,CUST1099,ACC593649,NET_BANKING_DEBIT,5409.53,0.00,DINING,POS_TERMINAL,Bengaluru,54946.87,0
TXN000354,2026-03-08 11:14:47,CUST1892,ACC422002,NET_BANKING_DEBIT,13498.89,0.00,UTILITIES,POS_TERMINAL,Pune,168792.14,1
TXN000355,2026-03-02 20:37:37,CUST1966,ACC750803,UPI_TRANSFER,8804.28,0.00,ELECTRONICS,ATM_KIOSK,Hyderabad,42678.65,0
TXN000356,2026-03-17 09:26:03,CUST1891,ACC995735,INTEREST_CREDIT,0.00,13387.12,DINING,WEB_PORTAL,Hyderabad,174963.97,0
TXN000357,2026-03-15 04:20:55,CUST1732,ACC289117,UPI_TRANSFER,6167.42,0.00,ELECTRONICS,ATM_KIOSK,Pune,228055.92,0
TXN000358,2026-03-02 00:28:17,CUST1214,ACC898169,NET_BANKING_DEBIT,14800.27,0.00,DINING,BRANCH,Bengaluru,88652.31,1
TXN000359,2026-03-05 19:27:40,CUST1439,ACC522988,SALARY_CREDIT,0.00,59964.76,UTILITIES,ATM_KIOSK,Kolkata,198241.83,0
TXN000360,2026-03-01 10:48:53,CUST1543,ACC299834,POS_DEBIT,613.99,0.00,GROCERY,MOBILE_APP,Hyderabad,102678.83,0
TXN000361,2026-03-05 03:24:32,CUST1602,ACC420984,ATM_WITHDRAWAL,10418.19,0.00,DINING,MOBILE_APP,Mumbai,95922.20,1
TXN000362,2026-03-17 19:33:21,CUST1444,ACC820141,UPI_TRANSFER,14229.53,0.00,DINING,POS_TERMINAL,Ahmedabad,122142.68,1
TXN000363,2026-03-26 12:01:14,CUST1229,ACC862491,UPI_TRANSFER,11264.23,0.00,DINING,WEB_PORTAL,Mumbai,53747.62,1
TXN000364,2026-03-23 20:50:02,CUST1384,ACC771425,INTEREST_CREDIT,0.00,40324.35,TRAVEL,BRANCH,Mumbai,43943.07,0
TXN000365,2026-03-21 00:03:44,CUST1118,ACC537020,INTEREST_CREDIT,0.00,74627.62,INVESTMENT,ATM_KIOSK,Delhi,170562.93,0
TXN000366,2026-03-07 22:43:40,CUST1009,ACC415743,INTEREST_CREDIT,0.00,22691.68,UTILITIES,MOBILE_APP,Chennai,179939.03,0
TXN000367,2026-03-27 03:32:46,CUST1632,ACC223453,INTEREST_CREDIT,0.00,47394.40,TRAVEL,MOBILE_APP,Delhi,47233.43,0
TXN000368,2026-03-09 16:12:22,CUST1720,ACC529660,SALARY_CREDIT,0.00,18905.27,TRAVEL,WEB_PORTAL,Mumbai,61941.11,0
TXN000369,2026-03-16 10:15:00,CUST1013,ACC804258,INTEREST_CREDIT,0.00,39744.83,ELECTRONICS,MOBILE_APP,Ahmedabad,63808.09,0
TXN000370,2026-03-03 23:46:06,CUST1926,ACC368322,ATM_WITHDRAWAL,14244.22,0.00,ENTERTAINMENT,ATM_KIOSK,Chennai,198188.66,1
TXN000371,2026-03-02 09:23:51,CUST1693,ACC427897,UPI_TRANSFER,6990.95,0.00,UTILITIES,MOBILE_APP,Delhi,56054.93,0
TXN000372,2026-03-11 11:57:28,CUST1978,ACC752011,POS_DEBIT,194.60,0.00,TRAVEL,MOBILE_APP,Pune,167091.68,0
TXN000373,2026-03-09 12:44:54,CUST1489,ACC938754,UPI_TRANSFER,2783.90,0.00,UTILITIES,WEB_PORTAL,Delhi,241142.83,0
TXN000374,2026-03-28 05:06:26,CUST1933,ACC719446,ATM_WITHDRAWAL,10457.74,0.00,INVESTMENT,BRANCH,Ahmedabad,28781.90,1
TXN000375,2026-03-28 21:56:53,CUST1744,ACC237002,ATM_WITHDRAWAL,9189.28,0.00,INVESTMENT,ATM_KIOSK,Delhi,158669.23,0
TXN000376,2026-03-21 10:00:45,CUST1889,ACC810859,SALARY_CREDIT,0.00,35848.15,ENTERTAINMENT,POS_TERMINAL,Delhi,29883.97,0
TXN000377,2026-03-12 21:43:41,CUST1394,ACC255875,SALARY_CREDIT,0.00,51319.93,GROCERY,MOBILE_APP,Bengaluru,73415.59,0
TXN000378,2026-03-28 05:04:48,CUST1503,ACC436208,INTEREST_CREDIT,0.00,64419.19,ENTERTAINMENT,POS_TERMINAL,Chennai,215189.72,0
TXN000379,2026-03-27 07:05:29,CUST1454,ACC940183,POS_DEBIT,7628.59,0.00,INVESTMENT,MOBILE_APP,Ahmedabad,103979.83,0
TXN000380,2026-03-24 20:01:06,CUST1413,ACC532368,SALARY_CREDIT,0.00,27124.31,GROCERY,BRANCH,Mumbai,245457.62,0
TXN000381,2026-03-21 09:56:32,CUST1575,ACC316899,POS_DEBIT,11887.16,0.00,INVESTMENT,POS_TERMINAL,Pune,241345.24,1
TXN000382,2026-03-11 17:49:39,CUST1614,ACC596116,POS_DEBIT,12258.00,0.00,HEALTHCARE,ATM_KIOSK,Delhi,213414.60,1
TXN000383,2026-03-11 11:53:40,CUST1987,ACC938769,POS_DEBIT,11401.83,0.00,TRAVEL,BRANCH,Pune,67110.57,1
TXN000384,2026-03-27 22:47:46,CUST1419,ACC212157,NET_BANKING_DEBIT,1639.52,0.00,TRAVEL,BRANCH,Hyderabad,130719.20,0
TXN000385,2026-03-27 06:45:21,CUST1110,ACC893928,ATM_WITHDRAWAL,1855.15,0.00,UTILITIES,MOBILE_APP,Delhi,65663.53,0
TXN000386,2026-03-17 04:31:00,CUST1543,ACC871976,SALARY_CREDIT,0.00,37017.15,GROCERY,BRANCH,Kolkata,153489.30,0
TXN000387,2026-03-06 22:37:11,CUST1748,ACC954845,INTEREST_CREDIT,0.00,38805.24,DINING,MOBILE_APP,Kolkata,134458.23,0
TXN000388,2026-03-13 13:38:58,CUST1709,ACC899407,NET_BANKING_DEBIT,9028.16,0.00,ENTERTAINMENT,POS_TERMINAL,Kolkata,133465.88,0
TXN000389,2026-03-05 04:26:38,CUST1716,ACC884782,UPI_TRANSFER,14558.85,0.00,TRAVEL,BRANCH,Pune,121418.74,1
TXN000390,2026-03-07 06:13:39,CUST1731,ACC404694,NET_BANKING_DEBIT,11065.44,0.00,HEALTHCARE,WEB_PORTAL,Bengaluru,145091.67,1
TXN000391,2026-03-23 03:48:22,CUST1575,ACC603704,INTEREST_CREDIT,0.00,42974.40,UTILITIES,BRANCH,Chennai,164666.20,0
TXN000392,2026-03-01 12:09:03,CUST1686,ACC159354,SALARY_CREDIT,0.00,61581.33,ENTERTAINMENT,POS_TERMINAL,Bengaluru,137841.55,0
TXN000393,2026-03-02 22:50:18,CUST1208,ACC890200,UPI_TRANSFER,10266.69,0.00,GROCERY,POS_TERMINAL,Ahmedabad,49410.67,1
TXN000394,2026-03-08 23:41:35,CUST1398,ACC349136,POS_DEBIT,9260.83,0.00,TRAVEL,MOBILE_APP,Kolkata,147042.97,0
TXN000395,2026-03-22 10:35:03,CUST1013,ACC879794,SALARY_CREDIT,0.00,34159.64,TRAVEL,WEB_PORTAL,Ahmedabad,200206.21,0
TXN000396,2026-03-21 11:48:37,CUST1559,ACC874320,ATM_WITHDRAWAL,13676.72,0.00,ENTERTAINMENT,WEB_PORTAL,Chennai,180587.83,1
TXN000397,2026-03-06 05:47:32,CUST1122,ACC495521,SALARY_CREDIT,0.00,17419.81,GROCERY,ATM_KIOSK,Chennai,175424.83,0
TXN000398,2026-03-28 08:00:21,CUST1477,ACC844163,INTEREST_CREDIT,0.00,23496.77,DINING,MOBILE_APP,Bengaluru,52818.28,0
TXN000399,2026-03-27 21:19:31,CUST1808,ACC700495,UPI_TRANSFER,8973.36,0.00,HEALTHCARE,MOBILE_APP,Pune,161961.17,0
TXN000400,2026-03-03 16:10:26,CUST1556,ACC663123,INTEREST_CREDIT,0.00,20397.34,UTILITIES,MOBILE_APP,Pune,58209.24,0
TXN000401,2026-03-11 11:18:13,CUST1973,ACC889216,ATM_WITHDRAWAL,13256.78,0.00,INVESTMENT,BRANCH,Mumbai,170883.60,1
TXN000402,2026-03-21 19:58:39,CUST1249,ACC141814,POS_DEBIT,10050.63,0.00,HEALTHCARE,ATM_KIOSK,Delhi,119731.80,1
TXN000403,2026-03-01 16:52:49,CUST1383,ACC639292,SALARY_CREDIT,0.00,22961.34,INVESTMENT,ATM_KIOSK,Mumbai,185134.27,0
TXN000404,2026-03-17 02:06:10,CUST1994,ACC910883,UPI_TRANSFER,13479.31,0.00,GROCERY,MOBILE_APP,Hyderabad,60240.41,1
TXN000405,2026-03-27 03:13:34,CUST1848,ACC836879,NET_BANKING_DEBIT,9461.24,0.00,UTILITIES,MOBILE_APP,Bengaluru,176070.22,0
TXN000406,2026-03-02 05:50:16,CUST1571,ACC173863,POS_DEBIT,6915.42,0.00,ENTERTAINMENT,POS_TERMINAL,Kolkata,35567.41,0
TXN000407,2026-03-11 00:24:43,CUST1121,ACC660814,SALARY_CREDIT,0.00,36578.80,GROCERY,BRANCH,Delhi,110045.28,0
TXN000408,2026-03-17 03:18:50,CUST1702,ACC415989,NET_BANKING_DEBIT,8804.84,0.00,ELECTRONICS,POS_TERMINAL,Ahmedabad,32058.52,0
TXN000409,2026-03-16 05:34:14,CUST1139,ACC883028,SALARY_CREDIT,0.00,32657.93,UTILITIES,BRANCH,Chennai,170269.94,0
TXN000410,2026-03-26 23:41:23,CUST1980,ACC111691,NET_BANKING_DEBIT,2203.93,0.00,DINING,MOBILE_APP,Mumbai,229829.70,0
TXN000411,2026-03-03 09:13:47,CUST1759,ACC861200,POS_DEBIT,8612.14,0.00,HEALTHCARE,WEB_PORTAL,Kolkata,143668.48,0
TXN000412,2026-03-06 07:39:53,CUST1258,ACC303765,NET_BANKING_DEBIT,12779.31,0.00,ELECTRONICS,WEB_PORTAL,Mumbai,48476.95,1
TXN000413,2026-03-10 21:04:16,CUST1100,ACC307007,INTEREST_CREDIT,0.00,37288.56,INVESTMENT,POS_TERMINAL,Pune,144171.18,0
TXN000414,2026-03-10 19:04:57,CUST1198,ACC433222,ATM_WITHDRAWAL,10085.87,0.00,INVESTMENT,ATM_KIOSK,Pune,70115.22,1
TXN000415,2026-03-05 18:36:23,CUST1827,ACC431699,INTEREST_CREDIT,0.00,51159.56,UTILITIES,WEB_PORTAL,Mumbai,177962.66,0
TXN000416,2026-03-14 08:53:23,CUST1137,ACC812591,UPI_TRANSFER,3730.32,0.00,HEALTHCARE,ATM_KIOSK,Ahmedabad,188856.81,0
TXN000417,2026-03-18 03:11:41,CUST1621,ACC185955,SALARY_CREDIT,0.00,30111.91,TRAVEL,WEB_PORTAL,Hyderabad,86785.87,0
TXN000418,2026-03-24 02:57:01,CUST1869,ACC631815,UPI_TRANSFER,11016.49,0.00,GROCERY,BRANCH,Kolkata,162255.44,1
TXN000419,2026-03-09 17:57:34,CUST1483,ACC785672,INTEREST_CREDIT,0.00,19893.25,DINING,POS_TERMINAL,Kolkata,23614.23,0
TXN000420,2026-03-28 09:08:29,CUST1513,ACC635205,ATM_WITHDRAWAL,13376.99,0.00,ELECTRONICS,ATM_KIOSK,Pune,153556.18,1
TXN000421,2026-03-26 19:43:10,CUST1775,ACC639111,INTEREST_CREDIT,0.00,5741.42,DINING,ATM_KIOSK,Bengaluru,71136.99,0
TXN000422,2026-03-05 23:46:30,CUST1961,ACC476224,ATM_WITHDRAWAL,8517.04,0.00,GROCERY,WEB_PORTAL,Ahmedabad,219965.86,0
TXN000423,2026-03-07 16:58:50,CUST1369,ACC506945,ATM_WITHDRAWAL,989.77,0.00,INVESTMENT,ATM_KIOSK,Mumbai,25059.98,0
TXN000424,2026-03-23 16:40:53,CUST1280,ACC975427,POS_DEBIT,14709.82,0.00,TRAVEL,BRANCH,Bengaluru,91156.71,1
TXN000425,2026-03-21 02:33:16,CUST1385,ACC333726,SALARY_CREDIT,0.00,50757.27,UTILITIES,POS_TERMINAL,Pune,100844.74,0
TXN000426,2026-03-01 16:56:08,CUST1450,ACC273650,SALARY_CREDIT,0.00,60486.02,ENTERTAINMENT,MOBILE_APP,Chennai,223485.41,0
TXN000427,2026-03-27 03:42:14,CUST1424,ACC950576,ATM_WITHDRAWAL,2296.09,0.00,HEALTHCARE,MOBILE_APP,Ahmedabad,156474.76,0
TXN000428,2026-03-27 13:01:15,CUST1044,ACC234097,NET_BANKING_DEBIT,7208.28,0.00,DINING,WEB_PORTAL,Mumbai,52892.87,0
TXN000429,2026-03-06 16:25:38,CUST1992,ACC690982,INTEREST_CREDIT,0.00,15280.56,GROCERY,POS_TERMINAL,Delhi,54090.22,0
TXN000430,2026-03-06 07:53:26,CUST1615,ACC249644,ATM_WITHDRAWAL,6765.59,0.00,DINING,BRANCH,Chennai,218816.06,0
TXN000431,2026-03-15 19:37:04,CUST1235,ACC496583,ATM_WITHDRAWAL,10876.59,0.00,UTILITIES,WEB_PORTAL,Delhi,95527.75,1
TXN000432,2026-03-14 04:38:06,CUST1181,ACC598985,POS_DEBIT,3075.11,0.00,GROCERY,BRANCH,Delhi,133524.49,0
TXN000433,2026-03-27 00:57:49,CUST1694,ACC780768,POS_DEBIT,7259.50,0.00,UTILITIES,BRANCH,Kolkata,156816.54,0
TXN000434,2026-03-14 07:51:30,CUST1808,ACC906010,UPI_TRANSFER,13128.62,0.00,UTILITIES,POS_TERMINAL,Delhi,178946.06,1
TXN000435,2026-03-08 02:18:38,CUST1897,ACC670143,SALARY_CREDIT,0.00,14371.82,UTILITIES,POS_TERMINAL,Hyderabad,127128.19,0
TXN000436,2026-03-19 16:07:33,CUST1007,ACC493247,POS_DEBIT,10651.78,0.00,ENTERTAINMENT,POS_TERMINAL,Kolkata,200514.28,1
TXN000437,2026-03-09 17:27:36,CUST1374,ACC741603,UPI_TRANSFER,1643.42,0.00,TRAVEL,ATM_KIOSK,Hyderabad,152561.99,0
TXN000438,2026-03-06 11:35:35,CUST1495,ACC366105,SALARY_CREDIT,0.00,43647.35,TRAVEL,BRANCH,Pune,146027.23,0
TXN000439,2026-03-04 23:14:28,CUST1801,ACC833281,NET_BANKING_DEBIT,6002.04,0.00,DINING,MOBILE_APP,Hyderabad,218000.17,0
TXN000440,2026-03-18 19:44:43,CUST1723,ACC154581,INTEREST_CREDIT,0.00,33039.26,DINING,ATM_KIOSK,Mumbai,94532.89,0
TXN000441,2026-03-20 13:05:04,CUST1269,ACC332542,POS_DEBIT,12357.67,0.00,HEALTHCARE,MOBILE_APP,Mumbai,125842.14,1
TXN000442,2026-03-17 09:45:38,CUST1058,ACC911187,NET_BANKING_DEBIT,5795.67,0.00,DINING,ATM_KIOSK,Ahmedabad,159281.91,0
TXN000443,2026-03-10 06:02:50,CUST1613,ACC635348,POS_DEBIT,3065.52,0.00,ENTERTAINMENT,BRANCH,Bengaluru,203918.83,0
TXN000444,2026-03-06 02:17:49,CUST1409,ACC470281,NET_BANKING_DEBIT,589.11,0.00,UTILITIES,ATM_KIOSK,Hyderabad,15067.51,0
TXN000445,2026-03-03 17:18:46,CUST1849,ACC686273,INTEREST_CREDIT,0.00,6075.66,HEALTHCARE,POS_TERMINAL,Chennai,180351.15,0
TXN000446,2026-03-19 00:16:11,CUST1416,ACC630829,ATM_WITHDRAWAL,9115.13,0.00,ELECTRONICS,BRANCH,Delhi,233482.75,0
TXN000447,2026-03-26 16:16:56,CUST1550,ACC952646,INTEREST_CREDIT,0.00,25597.63,TRAVEL,ATM_KIOSK,Kolkata,237548.63,0
TXN000448,2026-03-11 14:43:29,CUST1918,ACC715332,INTEREST_CREDIT,0.00,38854.09,GROCERY,ATM_KIOSK,Delhi,72169.22,0
TXN000449,2026-03-22 22:14:51,CUST1323,ACC532459,UPI_TRANSFER,1059.94,0.00,HEALTHCARE,BRANCH,Mumbai,248636.54,0
TXN000450,2026-03-03 12:43:47,CUST1840,ACC458605,NET_BANKING_DEBIT,12491.05,0.00,ELECTRONICS,BRANCH,Bengaluru,73340.54,1
TXN000451,2026-03-19 08:11:47,CUST1699,ACC299405,SALARY_CREDIT,0.00,26971.09,INVESTMENT,WEB_PORTAL,Hyderabad,66363.04,0
TXN000452,2026-03-27 07:53:39,CUST1364,ACC263573,NET_BANKING_DEBIT,3668.74,0.00,ELECTRONICS,MOBILE_APP,Delhi,68863.77,0
TXN000453,2026-03-01 17:02:54,CUST1493,ACC489227,NET_BANKING_DEBIT,14338.91,0.00,HEALTHCARE,ATM_KIOSK,Chennai,130776.24,1
TXN000454,2026-03-17 08:25:14,CUST1768,ACC704677,SALARY_CREDIT,0.00,17801.03,DINING,MOBILE_APP,Kolkata,194601.65,0
TXN000455,2026-03-12 12:55:43,CUST1794,ACC283291,SALARY_CREDIT,0.00,70775.81,INVESTMENT,MOBILE_APP,Ahmedabad,22652.22,0
TXN000456,2026-03-07 12:37:06,CUST1333,ACC479167,UPI_TRANSFER,10353.70,0.00,TRAVEL,WEB_PORTAL,Chennai,17777.69,1
TXN000457,2026-03-06 15:27:13,CUST1429,ACC834750,ATM_WITHDRAWAL,4077.65,0.00,HEALTHCARE,POS_TERMINAL,Kolkata,95627.67,0
TXN000458,2026-03-22 07:52:06,CUST1738,ACC383062,UPI_TRANSFER,6788.40,0.00,ENTERTAINMENT,BRANCH,Kolkata,245129.03,0
TXN000459,2026-03-24 04:30:51,CUST1009,ACC285186,SALARY_CREDIT,0.00,18724.42,UTILITIES,ATM_KIOSK,Bengaluru,203008.80,0
TXN000460,2026-03-10 08:35:54,CUST1581,ACC150026,NET_BANKING_DEBIT,7779.25,0.00,UTILITIES,MOBILE_APP,Bengaluru,199553.24,0
TXN000461,2026-03-04 14:47:21,CUST1266,ACC478496,POS_DEBIT,3271.24,0.00,HEALTHCARE,BRANCH,Chennai,212158.35,0
TXN000462,2026-03-20 06:36:36,CUST1665,ACC780663,UPI_TRANSFER,346.54,0.00,DINING,POS_TERMINAL,Pune,218831.62,0
TXN000463,2026-03-24 14:56:05,CUST1390,ACC743473,UPI_TRANSFER,10114.23,0.00,TRAVEL,ATM_KIOSK,Bengaluru,129561.03,1
TXN000464,2026-03-20 18:25:54,CUST1928,ACC174809,ATM_WITHDRAWAL,9626.68,0.00,ELECTRONICS,WEB_PORTAL,Pune,114126.87,0
TXN000465,2026-03-20 20:25:17,CUST1908,ACC566509,ATM_WITHDRAWAL,4736.56,0.00,HEALTHCARE,BRANCH,Ahmedabad,181951.87,0
TXN000466,2026-03-05 23:15:42,CUST1257,ACC880009,SALARY_CREDIT,0.00,16712.27,ELECTRONICS,WEB_PORTAL,Bengaluru,215739.78,0
TXN000467,2026-03-16 17:03:01,CUST1789,ACC516297,SALARY_CREDIT,0.00,12210.65,ELECTRONICS,MOBILE_APP,Chennai,29991.21,0
TXN000468,2026-03-13 09:14:15,CUST1755,ACC397979,INTEREST_CREDIT,0.00,15869.21,INVESTMENT,WEB_PORTAL,Bengaluru,168885.68,0
TXN000469,2026-03-22 11:55:58,CUST1333,ACC599284,INTEREST_CREDIT,0.00,63696.24,INVESTMENT,BRANCH,Chennai,21714.25,0
TXN000470,2026-03-23 17:11:37,CUST1611,ACC578720,INTEREST_CREDIT,0.00,36139.15,UTILITIES,BRANCH,Chennai,242842.43,0
TXN000471,2026-03-10 11:26:16,CUST1159,ACC418319,UPI_TRANSFER,7250.69,0.00,GROCERY,MOBILE_APP,Bengaluru,36045.20,0
TXN000472,2026-03-16 15:19:00,CUST1784,ACC551344,UPI_TRANSFER,4337.10,0.00,TRAVEL,BRANCH,Hyderabad,176625.94,0
TXN000473,2026-03-14 12:15:10,CUST1732,ACC872924,POS_DEBIT,8245.77,0.00,UTILITIES,ATM_KIOSK,Hyderabad,222308.09,0
TXN000474,2026-03-26 19:51:44,CUST1701,ACC385071,UPI_TRANSFER,1234.19,0.00,TRAVEL,BRANCH,Chennai,136403.36,0
TXN000475,2026-03-05 09:07:40,CUST1466,ACC747736,SALARY_CREDIT,0.00,18160.04,INVESTMENT,POS_TERMINAL,Ahmedabad,31089.03,0
TXN000476,2026-03-01 05:06:18,CUST1275,ACC231113,ATM_WITHDRAWAL,4843.62,0.00,INVESTMENT,MOBILE_APP,Hyderabad,242883.31,0
TXN000477,2026-03-10 15:23:29,CUST1713,ACC929868,POS_DEBIT,2302.72,0.00,GROCERY,POS_TERMINAL,Delhi,95349.52,0
TXN000478,2026-03-16 05:12:57,CUST1861,ACC362227,ATM_WITHDRAWAL,887.77,0.00,UTILITIES,MOBILE_APP,Delhi,31775.40,0
TXN000479,2026-03-24 01:12:29,CUST1752,ACC908447,NET_BANKING_DEBIT,3771.99,0.00,ELECTRONICS,BRANCH,Hyderabad,119095.82,0
TXN000480,2026-03-11 05:40:46,CUST1043,ACC880900,SALARY_CREDIT,0.00,32238.61,ELECTRONICS,POS_TERMINAL,Ahmedabad,240885.27,0
TXN000481,2026-03-22 06:07:15,CUST1648,ACC555251,NET_BANKING_DEBIT,4517.26,0.00,HEALTHCARE,MOBILE_APP,Bengaluru,27240.57,0
TXN000482,2026-03-02 18:50:44,CUST1486,ACC821846,UPI_TRANSFER,8791.22,0.00,DINING,POS_TERMINAL,Delhi,72125.99,0
TXN000483,2026-03-25 20:03:03,CUST1364,ACC775885,ATM_WITHDRAWAL,2407.59,0.00,DINING,BRANCH,Delhi,160381.54,0
TXN000484,2026-03-21 11:51:57,CUST1449,ACC868804,ATM_WITHDRAWAL,7343.25,0.00,ENTERTAINMENT,MOBILE_APP,Kolkata,146212.35,0
TXN000485,2026-03-02 15:45:28,CUST1572,ACC409030,UPI_TRANSFER,10879.77,0.00,INVESTMENT,WEB_PORTAL,Bengaluru,73913.62,1
TXN000486,2026-03-09 19:58:55,CUST1567,ACC268132,INTEREST_CREDIT,0.00,29336.53,ELECTRONICS,BRANCH,Bengaluru,187114.57,0
TXN000487,2026-03-12 14:00:49,CUST1653,ACC630535,SALARY_CREDIT,0.00,25697.09,UTILITIES,WEB_PORTAL,Mumbai,76887.08,0
TXN000488,2026-03-08 10:46:04,CUST1674,ACC665136,INTEREST_CREDIT,0.00,64978.05,UTILITIES,WEB_PORTAL,Ahmedabad,197363.89,0
TXN000489,2026-03-14 20:20:07,CUST1098,ACC648615,INTEREST_CREDIT,0.00,15789.21,ELECTRONICS,MOBILE_APP,Bengaluru,81535.33,0
TXN000490,2026-03-16 06:06:02,CUST1584,ACC772925,ATM_WITHDRAWAL,13108.72,0.00,UTILITIES,ATM_KIOSK,Chennai,62488.57,1
TXN000491,2026-03-07 20:31:59,CUST1911,ACC972496,POS_DEBIT,5526.99,0.00,ELECTRONICS,ATM_KIOSK,Mumbai,31655.38,0
TXN000492,2026-03-12 22:03:52,CUST1631,ACC378727,UPI_TRANSFER,8392.40,0.00,GROCERY,MOBILE_APP,Chennai,112749.00,0
TXN000493,2026-03-04 03:46:14,CUST1544,ACC504048,POS_DEBIT,14171.82,0.00,ENTERTAINMENT,WEB_PORTAL,Hyderabad,240737.89,1
TXN000494,2026-03-24 17:26:47,CUST1108,ACC903506,INTEREST_CREDIT,0.00,48772.75,HEALTHCARE,ATM_KIOSK,Kolkata,57041.00,0
TXN000495,2026-03-11 21:10:34,CUST1614,ACC564531,POS_DEBIT,2543.80,0.00,HEALTHCARE,POS_TERMINAL,Pune,109365.94,0
TXN000496,2026-03-11 19:15:36,CUST1558,ACC324319,UPI_TRANSFER,6214.53,0.00,UTILITIES,BRANCH,Chennai,209146.42,0
TXN000497,2026-03-13 00:46:02,CUST1291,ACC724702,UPI_TRANSFER,14426.69,0.00,GROCERY,BRANCH,Bengaluru,120162.45,1
TXN000498,2026-03-11 00:49:52,CUST1965,ACC823222,UPI_TRANSFER,148.20,0.00,TRAVEL,BRANCH,Bengaluru,65483.36,0
TXN000499,2026-03-12 18:15:14,CUST1262,ACC950472,POS_DEBIT,614.16,0.00,TRAVEL,MOBILE_APP,Kolkata,47525.93,0
TXN000500,2026-03-24 10:50:30,CUST1177,ACC611994,INTEREST_CREDIT,0.00,69251.73,ELECTRONICS,BRANCH,Chennai,187552.50,0
TXN000501,2026-03-03 01:58:49,CUST1342,ACC464831,POS_DEBIT,10975.30,0.00,UTILITIES,ATM_KIOSK,Delhi,150426.67,1
TXN000502,2026-03-01 20:49:40,CUST1391,ACC156757,ATM_WITHDRAWAL,11227.80,0.00,TRAVEL,BRANCH,Mumbai,214627.37,1
TXN000503,2026-03-08 04:03:43,CUST1749,ACC511967,UPI_TRANSFER,8121.95,0.00,INVESTMENT,BRANCH,Delhi,133064.38,0
TXN000504,2026-03-11 02:30:36,CUST1763,ACC151706,ATM_WITHDRAWAL,6507.44,0.00,UTILITIES,POS_TERMINAL,Delhi,49782.91,0
TXN000505,2026-03-05 04:30:35,CUST1202,ACC611559,SALARY_CREDIT,0.00,40127.62,UTILITIES,BRANCH,Hyderabad,196848.91,0
TXN000506,2026-03-08 07:04:17,CUST1795,ACC550956,INTEREST_CREDIT,0.00,48119.78,HEALTHCARE,BRANCH,Delhi,187881.92,0
TXN000507,2026-03-12 06:20:22,CUST1608,ACC787247,POS_DEBIT,10092.63,0.00,GROCERY,POS_TERMINAL,Bengaluru,114532.04,1
TXN000508,2026-03-05 14:02:59,CUST1837,ACC344831,UPI_TRANSFER,9262.50,0.00,ENTERTAINMENT,POS_TERMINAL,Bengaluru,118919.37,0
TXN000509,2026-03-02 07:39:59,CUST1151,ACC972881,NET_BANKING_DEBIT,12798.82,0.00,TRAVEL,MOBILE_APP,Pune,41407.36,1
TXN000510,2026-03-16 00:21:13,CUST1757,ACC664139,NET_BANKING_DEBIT,12074.00,0.00,ENTERTAINMENT,WEB_PORTAL,Chennai,86702.74,1
TXN000511,2026-03-05 22:44:42,CUST1018,ACC494900,INTEREST_CREDIT,0.00,38811.84,GROCERY,POS_TERMINAL,Bengaluru,186532.04,0
TXN000512,2026-03-02 14:41:00,CUST1068,ACC507523,POS_DEBIT,4296.00,0.00,TRAVEL,POS_TERMINAL,Delhi,160221.72,0
TXN000513,2026-03-13 16:45:06,CUST1925,ACC430779,POS_DEBIT,4422.81,0.00,INVESTMENT,BRANCH,Delhi,105832.96,0
TXN000514,2026-03-23 00:02:15,CUST1944,ACC655132,ATM_WITHDRAWAL,3023.18,0.00,TRAVEL,POS_TERMINAL,Ahmedabad,146761.57,0
TXN000515,2026-03-22 11:22:40,CUST1309,ACC347678,SALARY_CREDIT,0.00,57107.35,TRAVEL,MOBILE_APP,Chennai,19317.47,0
TXN000516,2026-03-01 17:17:14,CUST1155,ACC458388,SALARY_CREDIT,0.00,67328.15,UTILITIES,WEB_PORTAL,Delhi,206491.78,0
TXN000517,2026-03-21 21:14:26,CUST1246,ACC700727,NET_BANKING_DEBIT,5764.00,0.00,DINING,ATM_KIOSK,Chennai,158925.37,0
TXN000518,2026-03-07 20:08:37,CUST1554,ACC817276,INTEREST_CREDIT,0.00,28049.93,ENTERTAINMENT,WEB_PORTAL,Chennai,142424.93,0
TXN000519,2026-03-05 13:58:49,CUST1148,ACC788108,NET_BANKING_DEBIT,10591.79,0.00,DINING,POS_TERMINAL,Delhi,138094.29,1
TXN000520,2026-03-06 10:53:56,CUST1149,ACC862398,INTEREST_CREDIT,0.00,42307.31,GROCERY,POS_TERMINAL,Kolkata,184068.52,0
TXN000521,2026-03-27 20:59:47,CUST1280,ACC259338,SALARY_CREDIT,0.00,26234.37,ENTERTAINMENT,MOBILE_APP,Bengaluru,190218.29,0
TXN000522,2026-03-20 18:39:14,CUST1610,ACC343461,ATM_WITHDRAWAL,441.66,0.00,ENTERTAINMENT,MOBILE_APP,Pune,159982.43,0
TXN000523,2026-03-17 19:30:45,CUST1665,ACC492124,POS_DEBIT,10337.71,0.00,DINING,ATM_KIOSK,Ahmedabad,127001.52,1
TXN000524,2026-03-02 13:48:00,CUST1947,ACC382967,SALARY_CREDIT,0.00,14625.89,UTILITIES,WEB_PORTAL,Hyderabad,60416.06,0
TXN000525,2026-03-28 19:31:44,CUST1332,ACC579770,ATM_WITHDRAWAL,1038.74,0.00,ENTERTAINMENT,ATM_KIOSK,Kolkata,246622.50,0
TXN000526,2026-03-13 19:47:36,CUST1608,ACC662203,POS_DEBIT,9138.55,0.00,GROCERY,BRANCH,Delhi,184247.21,0
TXN000527,2026-03-08 16:34:25,CUST1752,ACC141158,SALARY_CREDIT,0.00,36983.03,UTILITIES,BRANCH,Mumbai,221275.24,0
TXN000528,2026-03-27 09:29:10,CUST1432,ACC408721,ATM_WITHDRAWAL,4403.13,0.00,GROCERY,BRANCH,Bengaluru,86570.22,0
TXN000529,2026-03-24 16:07:11,CUST1797,ACC713886,SALARY_CREDIT,0.00,63092.55,DINING,ATM_KIOSK,Kolkata,121149.05,0
TXN000530,2026-03-23 06:56:29,CUST1092,ACC362230,UPI_TRANSFER,6790.74,0.00,HEALTHCARE,WEB_PORTAL,Delhi,153724.14,0
TXN000531,2026-03-17 22:24:46,CUST1810,ACC636521,POS_DEBIT,1756.77,0.00,DINING,ATM_KIOSK,Kolkata,100291.70,0
TXN000532,2026-03-19 21:55:09,CUST1166,ACC251631,POS_DEBIT,11535.49,0.00,DINING,MOBILE_APP,Kolkata,229379.40,1
TXN000533,2026-03-21 05:07:57,CUST1134,ACC312705,UPI_TRANSFER,4677.30,0.00,GROCERY,BRANCH,Chennai,119870.69,0
TXN000534,2026-03-01 19:56:31,CUST1243,ACC327408,POS_DEBIT,6906.71,0.00,INVESTMENT,ATM_KIOSK,Kolkata,142722.77,0
TXN000535,2026-03-08 17:17:39,CUST1643,ACC684632,SALARY_CREDIT,0.00,10558.34,ENTERTAINMENT,MOBILE_APP,Bengaluru,156023.99,0
TXN000536,2026-03-02 21:36:53,CUST1617,ACC412938,ATM_WITHDRAWAL,873.21,0.00,HEALTHCARE,MOBILE_APP,Mumbai,49162.99,0
TXN000537,2026-03-20 21:44:44,CUST1609,ACC700081,POS_DEBIT,6283.51,0.00,DINING,ATM_KIOSK,Pune,172941.27,0
TXN000538,2026-03-13 02:48:27,CUST1863,ACC677210,POS_DEBIT,1442.24,0.00,ELECTRONICS,POS_TERMINAL,Ahmedabad,101613.81,0
TXN000539,2026-03-14 16:13:44,CUST1214,ACC741784,ATM_WITHDRAWAL,1874.25,0.00,GROCERY,MOBILE_APP,Delhi,92364.00,0
TXN000540,2026-03-26 22:18:27,CUST1623,ACC988980,SALARY_CREDIT,0.00,55685.19,HEALTHCARE,POS_TERMINAL,Pune,157122.83,0
TXN000541,2026-03-16 15:51:11,CUST1904,ACC739008,ATM_WITHDRAWAL,9233.64,0.00,ENTERTAINMENT,POS_TERMINAL,Hyderabad,186358.41,0
TXN000542,2026-03-24 06:51:39,CUST1424,ACC534153,POS_DEBIT,1817.20,0.00,GROCERY,POS_TERMINAL,Pune,202232.15,0
TXN000543,2026-03-21 06:44:18,CUST1260,ACC928580,INTEREST_CREDIT,0.00,61423.05,ELECTRONICS,POS_TERMINAL,Chennai,64899.41,0
TXN000544,2026-03-04 21:21:21,CUST1405,ACC859584,INTEREST_CREDIT,0.00,43499.55,GROCERY,WEB_PORTAL,Hyderabad,195252.66,0
TXN000545,2026-03-16 15:51:02,CUST1661,ACC242348,UPI_TRANSFER,12515.69,0.00,INVESTMENT,WEB_PORTAL,Ahmedabad,231735.74,1
TXN000546,2026-03-27 13:59:47,CUST1057,ACC975671,INTEREST_CREDIT,0.00,67715.00,TRAVEL,BRANCH,Pune,123680.47,0
TXN000547,2026-03-22 10:51:58,CUST1909,ACC934438,INTEREST_CREDIT,0.00,42511.98,HEALTHCARE,MOBILE_APP,Bengaluru,63941.68,0
TXN000548,2026-03-13 20:34:53,CUST1169,ACC698717,UPI_TRANSFER,12619.05,0.00,UTILITIES,WEB_PORTAL,Delhi,94700.82,1
TXN000549,2026-03-02 08:26:05,CUST1508,ACC349185,UPI_TRANSFER,10593.73,0.00,HEALTHCARE,ATM_KIOSK,Chennai,88907.36,1
TXN000550,2026-03-02 06:58:05,CUST1454,ACC630573,ATM_WITHDRAWAL,7900.25,0.00,GROCERY,ATM_KIOSK,Bengaluru,102940.69,0
TXN000551,2026-03-10 10:09:49,CUST1892,ACC203024,ATM_WITHDRAWAL,5134.73,0.00,DINING,WEB_PORTAL,Mumbai,220361.59,0
TXN000552,2026-03-04 00:19:59,CUST1045,ACC820426,SALARY_CREDIT,0.00,32131.18,ELECTRONICS,POS_TERMINAL,Ahmedabad,218230.40,0
TXN000553,2026-03-01 18:48:19,CUST1654,ACC320039,POS_DEBIT,1591.39,0.00,HEALTHCARE,WEB_PORTAL,Hyderabad,190205.36,0
TXN000554,2026-03-04 08:09:10,CUST1280,ACC220020,UPI_TRANSFER,4185.91,0.00,GROCERY,BRANCH,Delhi,118662.17,0
TXN000555,2026-03-23 09:36:15,CUST1175,ACC174703,ATM_WITHDRAWAL,8160.80,0.00,TRAVEL,BRANCH,Pune,78697.24,0
TXN000556,2026-03-16 21:03:06,CUST1392,ACC156413,INTEREST_CREDIT,0.00,36055.33,ELECTRONICS,ATM_KIOSK,Kolkata,45567.39,0
TXN000557,2026-03-21 22:44:28,CUST1631,ACC472899,ATM_WITHDRAWAL,10584.93,0.00,TRAVEL,POS_TERMINAL,Hyderabad,224449.84,1
TXN000558,2026-03-03 14:36:08,CUST1095,ACC952336,NET_BANKING_DEBIT,11388.12,0.00,INVESTMENT,MOBILE_APP,Ahmedabad,205185.46,1
TXN000559,2026-03-15 15:14:14,CUST1147,ACC746910,UPI_TRANSFER,10282.95,0.00,TRAVEL,POS_TERMINAL,Kolkata,181900.74,1
TXN000560,2026-03-26 10:29:31,CUST1030,ACC168540,ATM_WITHDRAWAL,10509.24,0.00,INVESTMENT,MOBILE_APP,Pune,171317.45,1
TXN000561,2026-03-25 11:38:36,CUST1130,ACC632623,SALARY_CREDIT,0.00,37286.92,ELECTRONICS,ATM_KIOSK,Delhi,55138.36,0
TXN000562,2026-03-15 12:37:26,CUST1244,ACC751034,UPI_TRANSFER,8364.44,0.00,ENTERTAINMENT,BRANCH,Bengaluru,85997.76,0
TXN000563,2026-03-27 22:37:27,CUST1803,ACC556501,SALARY_CREDIT,0.00,31867.15,HEALTHCARE,BRANCH,Hyderabad,95067.83,0
TXN000564,2026-03-19 15:07:37,CUST1610,ACC585394,ATM_WITHDRAWAL,9956.05,0.00,HEALTHCARE,BRANCH,Delhi,233752.87,0
TXN000565,2026-03-03 19:06:43,CUST1833,ACC725376,SALARY_CREDIT,0.00,17332.18,UTILITIES,POS_TERMINAL,Ahmedabad,239632.61,0
TXN000566,2026-03-19 20:51:00,CUST1775,ACC253852,NET_BANKING_DEBIT,9919.46,0.00,DINING,ATM_KIOSK,Chennai,207002.89,0
TXN000567,2026-03-07 21:56:20,CUST1306,ACC697978,SALARY_CREDIT,0.00,48090.05,TRAVEL,ATM_KIOSK,Pune,120082.55,0
TXN000568,2026-03-28 04:54:18,CUST1063,ACC487158,POS_DEBIT,8761.77,0.00,GROCERY,MOBILE_APP,Pune,134949.61,0
TXN000569,2026-03-08 13:44:37,CUST1403,ACC755584,POS_DEBIT,12925.66,0.00,HEALTHCARE,ATM_KIOSK,Kolkata,218434.71,1
TXN000570,2026-03-06 15:08:12,CUST1568,ACC503277,SALARY_CREDIT,0.00,35463.30,HEALTHCARE,ATM_KIOSK,Bengaluru,64635.78,0
TXN000571,2026-03-05 00:04:41,CUST1016,ACC250990,UPI_TRANSFER,14961.97,0.00,INVESTMENT,ATM_KIOSK,Bengaluru,172465.53,1
TXN000572,2026-03-26 22:38:59,CUST1435,ACC753523,POS_DEBIT,2101.44,0.00,DINING,ATM_KIOSK,Kolkata,217135.90,0
TXN000573,2026-03-08 05:27:38,CUST1007,ACC706012,INTEREST_CREDIT,0.00,62405.00,INVESTMENT,WEB_PORTAL,Chennai,105407.96,0
TXN000574,2026-03-02 01:36:30,CUST1721,ACC486482,SALARY_CREDIT,0.00,69859.51,ELECTRONICS,BRANCH,Ahmedabad,150442.80,0
TXN000575,2026-03-28 08:29:33,CUST1080,ACC648779,NET_BANKING_DEBIT,1246.94,0.00,ELECTRONICS,WEB_PORTAL,Ahmedabad,138705.89,0
TXN000576,2026-03-03 21:40:34,CUST1817,ACC707784,NET_BANKING_DEBIT,11138.21,0.00,TRAVEL,BRANCH,Mumbai,240696.60,1
TXN000577,2026-03-16 18:46:21,CUST1431,ACC470057,UPI_TRANSFER,8048.75,0.00,TRAVEL,POS_TERMINAL,Bengaluru,121698.17,1
TXN000578,2026-03-10 23:50:36,CUST1266,ACC164401,POS_DEBIT,10441.01,0.00,INVESTMENT,BRANCH,Bengaluru,155444.58,1
TXN000579,2026-03-26 23:39:01,CUST1293,ACC608307,INTEREST_CREDIT,0.00,8613.39,ELECTRONICS,WEB_PORTAL,Delhi,247735.73,0
TXN000580,2026-03-09 00:47:07,CUST1618,ACC283095,UPI_TRANSFER,3818.16,0.00,DINING,ATM_KIOSK,Pune,79676.02,0
TXN000581,2026-03-26 16:55:02,CUST1351,ACC188501,ATM_WITHDRAWAL,3955.73,0.00,DINING,BRANCH,Bengaluru,128955.85,0
TXN000582,2026-03-13 07:42:28,CUST1743,ACC768545,SALARY_CREDIT,0.00,57693.29,DINING,WEB_PORTAL,Pune,112042.75,0
TXN000583,2026-03-06 14:25:30,CUST1308,ACC599401,POS_DEBIT,9651.80,0.00,ENTERTAINMENT,ATM_KIOSK,Kolkata,42258.68,0
TXN000584,2026-03-14 00:18:59,CUST1816,ACC570622,SALARY_CREDIT,0.00,23383.76,UTILITIES,POS_TERMINAL,Mumbai,139653.90,0
TXN000585,2026-03-28 13:39:58,CUST1667,ACC385831,POS_DEBIT,13769.80,0.00,HEALTHCARE,POS_TERMINAL,Chennai,164794.68,1
TXN000586,2026-03-22 23:15:46,CUST1688,ACC717322,POS_DEBIT,3867.39,0.00,ENTERTAINMENT,BRANCH,Pune,123360.52,0
TXN000587,2026-03-18 00:43:00,CUST1851,ACC171252,NET_BANKING_DEBIT,10369.66,0.00,GROCERY,ATM_KIOSK,Delhi,57280.41,1
TXN000588,2026-03-08 23:18:16,CUST1197,ACC135695,INTEREST_CREDIT,0.00,12273.51,GROCERY,BRANCH,Delhi,119796.42,0
TXN000589,2026-03-27 06:38:40,CUST1124,ACC842470,POS_DEBIT,14080.66,0.00,ELECTRONICS,MOBILE_APP,Bengaluru,169302.30,1
TXN000590,2026-03-19 05:57:07,CUST1712,ACC293213,SALARY_CREDIT,0.00,50947.62,TRAVEL,POS_TERMINAL,Ahmedabad,226475.85,0
TXN000591,2026-03-09 13:44:57,CUST1683,ACC907278,NET_BANKING_DEBIT,14045.92,0.00,HEALTHCARE,POS_TERMINAL,Bengaluru,165113.42,1
TXN000592,2026-03-02 08:52:16,CUST1182,ACC561976,POS_DEBIT,4195.45,0.00,ELECTRONICS,ATM_KIOSK,Hyderabad,106318.75,0
TXN000593,2026-03-04 04:34:49,CUST1441,ACC328994,INTEREST_CREDIT,0.00,32484.41,ELECTRONICS,ATM_KIOSK,Chennai,166688.55,0
TXN000594,2026-03-25 14:01:57,CUST1509,ACC256085,POS_DEBIT,571.17,0.00,GROCERY,MOBILE_APP,Kolkata,185973.11,0
TXN000595,2026-03-01 16:45:49,CUST1502,ACC601365,UPI_TRANSFER,2316.53,0.00,UTILITIES,ATM_KIOSK,Delhi,106962.64,0
TXN000596,2026-03-23 15:07:36,CUST1548,ACC476353,INTEREST_CREDIT,0.00,20809.28,HEALTHCARE,POS_TERMINAL,Kolkata,105339.61,0
TXN000597,2026-03-18 10:05:53,CUST1470,ACC897392,POS_DEBIT,9502.47,0.00,TRAVEL,WEB_PORTAL,Bengaluru,36306.74,0
TXN000598,2026-03-07 09:44:24,CUST1917,ACC211954,INTEREST_CREDIT,0.00,7753.18,HEALTHCARE,ATM_KIOSK,Delhi,105278.46,0
TXN000599,2026-03-01 23:37:15,CUST1500,ACC507652,NET_BANKING_DEBIT,6597.86,0.00,ELECTRONICS,BRANCH,Chennai,23389.10,0
TXN000600,2026-03-15 00:02:21,CUST1057,ACC454123,SALARY_CREDIT,0.00,42375.80,GROCERY,ATM_KIOSK,Delhi,211048.82,0
TXN000601,2026-03-15 21:55:55,CUST1549,ACC256189,ATM_WITHDRAWAL,12116.20,0.00,ENTERTAINMENT,MOBILE_APP,Mumbai,171819.36,1
TXN000602,2026-03-20 01:15:44,CUST1664,ACC236878,NET_BANKING_DEBIT,2166.78,0.00,GROCERY,WEB_PORTAL,Mumbai,125736.61,0
TXN000603,2026-03-20 05:53:37,CUST1065,ACC957525,UPI_TRANSFER,12320.05,0.00,ELECTRONICS,MOBILE_APP,Ahmedabad,37863.68,1
TXN000604,2026-03-26 06:27:21,CUST1830,ACC976500,INTEREST_CREDIT,0.00,60942.27,UTILITIES,POS_TERMINAL,Delhi,66834.54,0
TXN000605,2026-03-26 06:48:02,CUST1607,ACC281873,NET_BANKING_DEBIT,8660.71,0.00,HEALTHCARE,MOBILE_APP,Delhi,211560.37,0
TXN000606,2026-03-18 05:28:15,CUST1947,ACC710256,UPI_TRANSFER,2161.49,0.00,GROCERY,WEB_PORTAL,Delhi,178629.51,0
TXN000607,2026-03-16 02:00:00,CUST1183,ACC193471,NET_BANKING_DEBIT,9206.00,0.00,TRAVEL,ATM_KIOSK,Ahmedabad,18673.13,0
TXN000608,2026-03-15 13:15:11,CUST1625,ACC825272,NET_BANKING_DEBIT,1947.04,0.00,GROCERY,BRANCH,Bengaluru,78673.19,0
TXN000609,2026-03-26 09:22:26,CUST1004,ACC684801,NET_BANKING_DEBIT,7523.32,0.00,ENTERTAINMENT,WEB_PORTAL,Delhi,162390.04,0
TXN000610,2026-03-28 17:32:14,CUST1475,ACC907750,INTEREST_CREDIT,0.00,73375.40,ENTERTAINMENT,POS_TERMINAL,Mumbai,160446.42,0
TXN000611,2026-03-16 15:11:10,CUST1686,ACC145209,ATM_WITHDRAWAL,1734.55,0.00,GROCERY,POS_TERMINAL,Chennai,213288.70,0
TXN000612,2026-03-25 14:02:06,CUST1758,ACC155004,ATM_WITHDRAWAL,6548.34,0.00,DINING,WEB_PORTAL,Mumbai,204211.11,0
TXN000613,2026-03-08 23:28:37,CUST1593,ACC441806,SALARY_CREDIT,0.00,41043.26,UTILITIES,WEB_PORTAL,Pune,31651.98,0
TXN000614,2026-03-04 07:47:26,CUST1890,ACC309668,ATM_WITHDRAWAL,11695.68,0.00,UTILITIES,WEB_PORTAL,Delhi,91641.07,1
TXN000615,2026-03-14 04:13:59,CUST1624,ACC577092,SALARY_CREDIT,0.00,45956.46,DINING,ATM_KIOSK,Pune,27769.75,0
TXN000616,2026-03-09 06:21:08,CUST1032,ACC825835,ATM_WITHDRAWAL,6893.22,0.00,GROCERY,POS_TERMINAL,Bengaluru,99268.69,0
TXN000617,2026-03-06 10:14:56,CUST1302,ACC732958,POS_DEBIT,12782.19,0.00,DINING,BRANCH,Bengaluru,122766.05,1
TXN000618,2026-03-03 13:54:33,CUST1500,ACC326956,INTEREST_CREDIT,0.00,72909.51,INVESTMENT,ATM_KIOSK,Chennai,215925.95,0
TXN000619,2026-03-08 07:20:27,CUST1593,ACC333210,POS_DEBIT,10963.77,0.00,DINING,BRANCH,Mumbai,188002.03,1
TXN000620,2026-03-16 23:49:32,CUST1034,ACC546376,SALARY_CREDIT,0.00,73612.88,UTILITIES,ATM_KIOSK,Delhi,24413.79,0
TXN000621,2026-03-25 00:44:46,CUST1416,ACC328596,SALARY_CREDIT,0.00,39669.95,DINING,POS_TERMINAL,Chennai,34526.51,0
TXN000622,2026-03-10 05:45:29,CUST1878,ACC698087,ATM_WITHDRAWAL,9732.22,0.00,GROCERY,ATM_KIOSK,Ahmedabad,127748.99,0
TXN000623,2026-03-26 11:40:29,CUST1720,ACC764170,ATM_WITHDRAWAL,13119.28,0.00,GROCERY,MOBILE_APP,Kolkata,110259.69,1
TXN000624,2026-03-09 22:39:34,CUST1589,ACC933071,NET_BANKING_DEBIT,5026.95,0.00,ENTERTAINMENT,MOBILE_APP,Pune,115087.03,1
TXN000625,2026-03-22 11:56:03,CUST1113,ACC501557,NET_BANKING_DEBIT,13987.04,0.00,HEALTHCARE,ATM_KIOSK,Mumbai,135963.07,1
TXN000626,2026-03-18 22:49:13,CUST1141,ACC451199,UPI_TRANSFER,5528.17,0.00,ENTERTAINMENT,BRANCH,Delhi,180645.31,0
TXN000627,2026-03-23 06:48:47,CUST1779,ACC336388,NET_BANKING_DEBIT,7203.48,0.00,HEALTHCARE,POS_TERMINAL,Chennai,151328.06,0
TXN000628,2026-03-03 11:22:28,CUST1497,ACC625808,INTEREST_CREDIT,0.00,52615.87,ELECTRONICS,ATM_KIOSK,Chennai,80129.15,0
TXN000629,2026-03-23 02:12:57,CUST1905,ACC580115,SALARY_CREDIT,0.00,48466.59,ELECTRONICS,MOBILE_APP,Kolkata,202977.41,0
TXN000630,2026-03-09 03:44:09,CUST1508,ACC257808,ATM_WITHDRAWAL,4361.17,0.00,ENTERTAINMENT,BRANCH,Mumbai,40700.76,0
TXN000631,2026-03-16 11:26:28,CUST1755,ACC776000,UPI_TRANSFER,6277.22,0.00,GROCERY,POS_TERMINAL,Hyderabad,233954.55,0
TXN000632,2026-03-17 20:21:26,CUST1592,ACC459443,POS_DEBIT,379.45,0.00,HEALTHCARE,ATM_KIOSK,Ahmedabad,211212.67,0
TXN000633,2026-03-26 09:10:50,CUST1266,ACC337798,SALARY_CREDIT,0.00,26285.76,INVESTMENT,POS_TERMINAL,Chennai,46009.25,0
TXN000634,2026-03-20 05:45:34,CUST1292,ACC291134,POS_DEBIT,2267.66,0.00,DINING,WEB_PORTAL,Bengaluru,239710.26,0
TXN000635,2026-03-15 08:23:11,CUST1210,ACC689810,ATM_WITHDRAWAL,1797.91,0.00,GROCERY,POS_TERMINAL,Pune,150013.42,0
TXN000636,2026-03-10 03:58:01,CUST1414,ACC623676,ATM_WITHDRAWAL,5625.08,0.00,DINING,ATM_KIOSK,Pune,53210.44,0
TXN000637,2026-03-11 20:45:18,CUST1485,ACC403905,ATM_WITHDRAWAL,114.20,0.00,DINING,BRANCH,Ahmedabad,244266.24,0
TXN000638,2026-03-02 04:43:35,CUST1119,ACC423047,UPI_TRANSFER,10352.75,0.00,GROCERY,ATM_KIOSK,Hyderabad,186935.52,1
TXN000639,2026-03-20 20:12:37,CUST1539,ACC332934,SALARY_CREDIT,0.00,30017.55,TRAVEL,WEB_PORTAL,Mumbai,91696.12,0
TXN000640,2026-03-03 16:25:12,CUST1502,ACC433193,POS_DEBIT,8099.26,0.00,GROCERY,POS_TERMINAL,Kolkata,172816.08,0
TXN000641,2026-03-13 11:00:18,CUST1353,ACC468422,ATM_WITHDRAWAL,10753.66,0.00,TRAVEL,ATM_KIOSK,Delhi,115495.51,1
TXN000642,2026-03-14 14:18:10,CUST1825,ACC863364,ATM_WITHDRAWAL,10931.41,0.00,UTILITIES,ATM_KIOSK,Bengaluru,119391.79,1
TXN000643,2026-03-10 15:55:33,CUST1343,ACC169327,INTEREST_CREDIT,0.00,46855.50,UTILITIES,MOBILE_APP,Mumbai,48755.23,0
TXN000644,2026-03-06 17:29:45,CUST1581,ACC891930,SALARY_CREDIT,0.00,49716.42,DINING,WEB_PORTAL,Bengaluru,79232.28,0
TXN000645,2026-03-27 09:53:37,CUST1311,ACC618101,SALARY_CREDIT,0.00,25262.42,INVESTMENT,WEB_PORTAL,Mumbai,130287.62,0
TXN000646,2026-03-21 15:07:41,CUST1681,ACC401663,POS_DEBIT,2352.66,0.00,UTILITIES,WEB_PORTAL,Ahmedabad,165530.47,0
TXN000647,2026-03-16 02:38:47,CUST1370,ACC709291,NET_BANKING_DEBIT,9689.55,0.00,INVESTMENT,BRANCH,Kolkata,194708.81,1
TXN000648,2026-03-04 11:32:46,CUST1589,ACC118397,UPI_TRANSFER,9438.54,0.00,TRAVEL,WEB_PORTAL,Mumbai,178147.60,0
TXN000649,2026-03-06 01:17:23,CUST1429,ACC767153,ATM_WITHDRAWAL,4829.23,0.00,HEALTHCARE,MOBILE_APP,Chennai,46841.89,0
TXN000650,2026-03-25 20:11:48,CUST1096,ACC727847,UPI_TRANSFER,7967.70,0.00,DINING,BRANCH,Pune,135758.63,0
TXN000651,2026-03-10 08:43:44,CUST1704,ACC480132,UPI_TRANSFER,12410.99,0.00,ELECTRONICS,BRANCH,Pune,175967.28,1
TXN000652,2026-03-16 13:21:58,CUST1932,ACC270948,ATM_WITHDRAWAL,242.82,0.00,ELECTRONICS,WEB_PORTAL,Bengaluru,102658.34,0
TXN000653,2026-03-18 19:44:53,CUST1975,ACC651186,INTEREST_CREDIT,0.00,20477.95,ELECTRONICS,ATM_KIOSK,Ahmedabad,59277.94,0
TXN000654,2026-03-12 09:44:23,CUST1142,ACC956727,POS_DEBIT,1792.66,0.00,INVESTMENT,BRANCH,Pune,19084.16,0
TXN000655,2026-03-27 03:14:08,CUST1877,ACC827967,ATM_WITHDRAWAL,10662.93,0.00,DINING,WEB_PORTAL,Chennai,21758.49,1
TXN000656,2026-03-25 03:04:01,CUST1793,ACC607778,ATM_WITHDRAWAL,3187.12,0.00,UTILITIES,MOBILE_APP,Hyderabad,114829.19,0
TXN000657,2026-03-16 03:58:16,CUST1044,ACC169465,POS_DEBIT,540.25,0.00,TRAVEL,MOBILE_APP,Delhi,154396.40,0
TXN000658,2026-03-07 05:42:22,CUST1029,ACC195189,POS_DEBIT,13805.47,0.00,DINING,POS_TERMINAL,Pune,63269.28,1
TXN000659,2026-03-08 16:36:04,CUST1101,ACC959398,UPI_TRANSFER,2450.33,0.00,GROCERY,BRANCH,Hyderabad,186210.21,0
TXN000660,2026-03-18 00:46:06,CUST1946,ACC324411,NET_BANKING_DEBIT,2913.64,0.00,INVESTMENT,POS_TERMINAL,Bengaluru,226890.17,0
TXN000661,2026-03-27 11:24:27,CUST1219,ACC639231,SALARY_CREDIT,0.00,52146.80,ENTERTAINMENT,ATM_KIOSK,Delhi,40221.26,0
TXN000662,2026-03-25 11:45:18,CUST1570,ACC857215,UPI_TRANSFER,1898.05,0.00,GROCERY,MOBILE_APP,Pune,46939.41,0
TXN000663,2026-03-20 23:19:43,CUST1999,ACC981946,SALARY_CREDIT,0.00,13100.58,INVESTMENT,WEB_PORTAL,Kolkata,81648.69,0
TXN000664,2026-03-28 02:57:53,CUST1821,ACC598783,UPI_TRANSFER,14775.19,0.00,HEALTHCARE,WEB_PORTAL,Mumbai,115570.99,1
TXN000665,2026-03-22 21:05:07,CUST1146,ACC513989,NET_BANKING_DEBIT,7400.14,0.00,UTILITIES,BRANCH,Delhi,117943.71,0
TXN000666,2026-03-03 11:12:21,CUST1205,ACC723861,NET_BANKING_DEBIT,13883.09,0.00,UTILITIES,MOBILE_APP,Hyderabad,244795.53,1
TXN000667,2026-03-23 18:37:17,CUST1774,ACC927843,SALARY_CREDIT,0.00,55764.04,UTILITIES,POS_TERMINAL,Ahmedabad,80451.81,0
TXN000668,2026-03-09 04:49:29,CUST1110,ACC228125,NET_BANKING_DEBIT,9067.32,0.00,TRAVEL,ATM_KIOSK,Ahmedabad,128865.22,0
TXN000669,2026-03-02 02:31:43,CUST1027,ACC287795,ATM_WITHDRAWAL,9444.15,0.00,UTILITIES,BRANCH,Pune,38406.80,0
TXN000670,2026-03-22 16:49:31,CUST1811,ACC588659,ATM_WITHDRAWAL,4576.15,0.00,ENTERTAINMENT,POS_TERMINAL,Ahmedabad,193640.29,0
TXN000671,2026-03-26 17:34:01,CUST1975,ACC901075,SALARY_CREDIT,0.00,40335.63,GROCERY,ATM_KIOSK,Delhi,142472.96,0
TXN000672,2026-03-15 14:02:02,CUST1181,ACC683707,SALARY_CREDIT,0.00,36508.09,TRAVEL,WEB_PORTAL,Ahmedabad,215425.46,0
TXN000673,2026-03-16 03:36:43,CUST1502,ACC792142,SALARY_CREDIT,0.00,14414.18,INVESTMENT,ATM_KIOSK,Bengaluru,183194.95,0
TXN000674,2026-03-19 12:39:43,CUST1361,ACC903702,INTEREST_CREDIT,0.00,8901.60,TRAVEL,POS_TERMINAL,Mumbai,76896.88,0
TXN000675,2026-03-26 23:37:01,CUST1783,ACC755520,POS_DEBIT,8877.43,0.00,HEALTHCARE,ATM_KIOSK,Delhi,101106.37,0
TXN000676,2026-03-12 01:42:15,CUST1253,ACC346019,SALARY_CREDIT,0.00,29160.01,TRAVEL,BRANCH,Delhi,98981.03,0
TXN000677,2026-03-01 17:20:02,CUST1471,ACC789719,NET_BANKING_DEBIT,1029.23,0.00,UTILITIES,BRANCH,Kolkata,94334.65,0
TXN000678,2026-03-11 12:36:24,CUST1330,ACC700350,UPI_TRANSFER,355.01,0.00,ELECTRONICS,ATM_KIOSK,Delhi,20225.57,0
TXN000679,2026-03-17 21:21:10,CUST1629,ACC414070,NET_BANKING_DEBIT,10142.91,0.00,HEALTHCARE,ATM_KIOSK,Hyderabad,93952.35,1
TXN000680,2026-03-03 17:13:18,CUST1271,ACC149840,SALARY_CREDIT,0.00,49481.09,TRAVEL,BRANCH,Kolkata,243915.21,0
TXN000681,2026-03-19 03:37:21,CUST1279,ACC170537,ATM_WITHDRAWAL,9387.36,0.00,INVESTMENT,ATM_KIOSK,Hyderabad,183661.11,0
TXN000682,2026-03-10 16:51:19,CUST1443,ACC795684,UPI_TRANSFER,11944.99,0.00,HEALTHCARE,WEB_PORTAL,Kolkata,168111.15,1
TXN000683,2026-03-22 17:11:56,CUST1019,ACC758342,SALARY_CREDIT,0.00,22588.54,DINING,BRANCH,Ahmedabad,136111.77,0
TXN000684,2026-03-09 20:34:51,CUST1629,ACC994199,ATM_WITHDRAWAL,9929.05,0.00,UTILITIES,BRANCH,Mumbai,235454.20,0
TXN000685,2026-03-08 04:47:43,CUST1783,ACC414861,INTEREST_CREDIT,0.00,19045.36,UTILITIES,ATM_KIOSK,Pune,123684.37,0
TXN000686,2026-03-10 20:10:16,CUST1703,ACC730437,POS_DEBIT,9527.22,0.00,ENTERTAINMENT,ATM_KIOSK,Hyderabad,77729.67,0
TXN000687,2026-03-10 14:31:35,CUST1446,ACC542519,POS_DEBIT,2291.94,0.00,GROCERY,WEB_PORTAL,Bengaluru,202305.52,1
TXN000688,2026-03-22 17:11:41,CUST1872,ACC144283,UPI_TRANSFER,2089.64,0.00,INVESTMENT,MOBILE_APP,Mumbai,203831.47,0
TXN000689,2026-03-14 11:42:42,CUST1906,ACC194693,POS_DEBIT,4742.88,0.00,UTILITIES,WEB_PORTAL,Hyderabad,29941.70,0
TXN000690,2026-03-22 18:49:59,CUST1537,ACC364039,POS_DEBIT,8586.05,0.00,INVESTMENT,MOBILE_APP,Hyderabad,43351.01,0
TXN000691,2026-03-11 18:47:24,CUST1825,ACC884727,INTEREST_CREDIT,0.00,13559.38,ENTERTAINMENT,ATM_KIOSK,Hyderabad,204571.50,0
TXN000692,2026-03-14 08:55:37,CUST1057,ACC614178,ATM_WITHDRAWAL,1646.87,0.00,HEALTHCARE,MOBILE_APP,Pune,79518.62,0
TXN000693,2026-03-09 04:23:30,CUST1732,ACC485602,INTEREST_CREDIT,0.00,34664.69,TRAVEL,MOBILE_APP,Mumbai,175443.54,0
TXN000694,2026-03-26 21:15:16,CUST1565,ACC503376,NET_BANKING_DEBIT,9950.24,0.00,TRAVEL,POS_TERMINAL,Delhi,177310.38,0
TXN000695,2026-03-13 00:58:25,CUST1949,ACC367946,INTEREST_CREDIT,0.00,65686.71,TRAVEL,MOBILE_APP,Hyderabad,216547.08,0
TXN000696,2026-03-21 10:56:51,CUST1785,ACC775733,UPI_TRANSFER,3195.28,0.00,UTILITIES,MOBILE_APP,Chennai,230234.34,0
TXN000697,2026-03-16 23:26:59,CUST1861,ACC448884,POS_DEBIT,12356.81,0.00,UTILITIES,MOBILE_APP,Bengaluru,236016.42,1
TXN000698,2026-03-24 17:47:20,CUST1464,ACC828980,NET_BANKING_DEBIT,3951.50,0.00,GROCERY,MOBILE_APP,Bengaluru,113904.58,0
TXN000699,2026-03-07 20:19:20,CUST1589,ACC186226,NET_BANKING_DEBIT,6678.90,0.00,ELECTRONICS,WEB_PORTAL,Hyderabad,15722.81,0
TXN000700,2026-03-21 04:54:38,CUST1702,ACC530247,INTEREST_CREDIT,0.00,54949.48,HEALTHCARE,ATM_KIOSK,Ahmedabad,195387.73,0
TXN000701,2026-03-11 09:12:05,CUST1424,ACC485456,NET_BANKING_DEBIT,2045.97,0.00,DINING,ATM_KIOSK,Kolkata,154359.80,0
TXN000702,2026-03-18 20:39:40,CUST1234,ACC193298,INTEREST_CREDIT,0.00,20714.10,INVESTMENT,WEB_PORTAL,Chennai,237805.67,0
TXN000703,2026-03-20 13:38:16,CUST1152,ACC193387,NET_BANKING_DEBIT,12784.87,0.00,HEALTHCARE,WEB_PORTAL,Delhi,26699.00,1
TXN000704,2026-03-15 21:31:07,CUST1229,ACC848225,POS_DEBIT,10792.82,0.00,ENTERTAINMENT,WEB_PORTAL,Chennai,117262.30,1
TXN000705,2026-03-14 06:38:13,CUST1843,ACC396712,UPI_TRANSFER,11209.32,0.00,ENTERTAINMENT,ATM_KIOSK,Bengaluru,104787.28,1
TXN000706,2026-03-09 07:39:28,CUST1929,ACC360380,SALARY_CREDIT,0.00,60472.45,HEALTHCARE,BRANCH,Ahmedabad,21761.68,0
TXN000707,2026-03-23 12:43:13,CUST1730,ACC502124,POS_DEBIT,204.29,0.00,UTILITIES,BRANCH,Chennai,90962.81,0
TXN000708,2026-03-08 15:58:22,CUST1620,ACC803375,POS_DEBIT,1474.43,0.00,GROCERY,MOBILE_APP,Chennai,93222.70,0
TXN000709,2026-03-13 21:23:08,CUST1991,ACC686741,INTEREST_CREDIT,0.00,48376.05,GROCERY,BRANCH,Bengaluru,86089.23,0
TXN000710,2026-03-15 04:05:20,CUST1727,ACC656189,UPI_TRANSFER,2589.50,0.00,UTILITIES,WEB_PORTAL,Chennai,94706.53,0
TXN000711,2026-03-27 08:47:23,CUST1948,ACC550977,POS_DEBIT,4733.38,0.00,TRAVEL,POS_TERMINAL,Chennai,132314.50,0
TXN000712,2026-03-11 23:31:48,CUST1972,ACC258612,INTEREST_CREDIT,0.00,26910.72,INVESTMENT,MOBILE_APP,Hyderabad,224777.88,0
TXN000713,2026-03-06 22:29:27,CUST1118,ACC618951,ATM_WITHDRAWAL,865.78,0.00,GROCERY,ATM_KIOSK,Pune,125508.17,0
TXN000714,2026-03-24 04:07:22,CUST1095,ACC313630,NET_BANKING_DEBIT,8434.78,0.00,TRAVEL,WEB_PORTAL,Bengaluru,41435.36,0
TXN000715,2026-03-19 06:37:00,CUST1538,ACC904098,NET_BANKING_DEBIT,7655.63,0.00,DINING,ATM_KIOSK,Delhi,224360.21,0
TXN000716,2026-03-11 00:18:43,CUST1696,ACC227916,ATM_WITHDRAWAL,11535.39,0.00,UTILITIES,POS_TERMINAL,Delhi,174073.50,1
TXN000717,2026-03-22 15:29:40,CUST1978,ACC382400,UPI_TRANSFER,2348.94,0.00,GROCERY,POS_TERMINAL,Mumbai,210214.32,0
TXN000718,2026-03-24 18:08:13,CUST1883,ACC151047,NET_BANKING_DEBIT,9354.35,0.00,TRAVEL,POS_TERMINAL,Mumbai,237643.32,0
TXN000719,2026-03-13 08:11:15,CUST1988,ACC908323,NET_BANKING_DEBIT,1107.33,0.00,UTILITIES,MOBILE_APP,Mumbai,104626.87,0
TXN000720,2026-03-25 20:09:07,CUST1305,ACC614688,ATM_WITHDRAWAL,2485.96,0.00,UTILITIES,POS_TERMINAL,Bengaluru,81959.93,0
TXN000721,2026-03-16 14:56:24,CUST1487,ACC381521,UPI_TRANSFER,9999.53,0.00,UTILITIES,MOBILE_APP,Kolkata,135473.51,0
TXN000722,2026-03-02 16:21:29,CUST1692,ACC335122,UPI_TRANSFER,9227.32,0.00,DINING,ATM_KIOSK,Delhi,115114.02,0
TXN000723,2026-03-10 04:08:43,CUST1924,ACC415001,UPI_TRANSFER,7049.88,0.00,ENTERTAINMENT,BRANCH,Kolkata,203363.00,0
TXN000724,2026-03-17 03:32:27,CUST1422,ACC199074,UPI_TRANSFER,8549.61,0.00,INVESTMENT,BRANCH,Chennai,230565.97,0
TXN000725,2026-03-04 23:42:29,CUST1183,ACC924366,UPI_TRANSFER,3860.16,0.00,DINING,ATM_KIOSK,Mumbai,133309.47,0
TXN000726,2026-03-24 14:48:42,CUST1460,ACC754112,POS_DEBIT,6272.96,0.00,TRAVEL,POS_TERMINAL,Bengaluru,88777.39,0
TXN000727,2026-03-28 21:06:27,CUST1547,ACC118785,ATM_WITHDRAWAL,2817.06,0.00,GROCERY,ATM_KIOSK,Delhi,156952.43,0
TXN000728,2026-03-28 21:47:38,CUST1743,ACC610365,POS_DEBIT,2617.44,0.00,TRAVEL,BRANCH,Pune,177574.46,0
TXN000729,2026-03-13 09:05:08,CUST1138,ACC114549,NET_BANKING_DEBIT,10123.36,0.00,ENTERTAINMENT,MOBILE_APP,Mumbai,177218.94,1
TXN000730,2026-03-07 15:41:09,CUST1665,ACC353524,NET_BANKING_DEBIT,14559.28,0.00,UTILITIES,BRANCH,Hyderabad,216867.83,1
TXN000731,2026-03-01 03:10:57,CUST1156,ACC874668,POS_DEBIT,4548.72,0.00,INVESTMENT,ATM_KIOSK,Ahmedabad,126387.44,0
TXN000732,2026-03-07 09:36:53,CUST1853,ACC510762,POS_DEBIT,12903.96,0.00,GROCERY,POS_TERMINAL,Mumbai,152528.17,1
TXN000733,2026-03-28 15:47:37,CUST1610,ACC866591,POS_DEBIT,9474.63,0.00,TRAVEL,MOBILE_APP,Ahmedabad,245179.43,0
TXN000734,2026-03-20 21:57:52,CUST1888,ACC611601,SALARY_CREDIT,0.00,39027.07,ENTERTAINMENT,MOBILE_APP,Mumbai,153894.23,0
TXN000735,2026-03-09 20:26:56,CUST1484,ACC222621,SALARY_CREDIT,0.00,45348.23,INVESTMENT,BRANCH,Pune,145015.09,0
TXN000736,2026-03-10 23:12:30,CUST1352,ACC559392,SALARY_CREDIT,0.00,53826.01,ENTERTAINMENT,BRANCH,Hyderabad,19889.63,0
TXN000737,2026-03-20 22:42:29,CUST1134,ACC407645,INTEREST_CREDIT,0.00,68634.91,UTILITIES,ATM_KIOSK,Pune,94700.95,0
TXN000738,2026-03-20 06:18:44,CUST1767,ACC190378,SALARY_CREDIT,0.00,60982.85,INVESTMENT,WEB_PORTAL,Bengaluru,213464.85,0
TXN000739,2026-03-16 09:15:13,CUST1570,ACC149334,ATM_WITHDRAWAL,2386.90,0.00,GROCERY,POS_TERMINAL,Chennai,201468.38,0
TXN000740,2026-03-28 16:02:51,CUST1065,ACC454140,UPI_TRANSFER,10170.07,0.00,UTILITIES,MOBILE_APP,Hyderabad,56057.98,1
TXN000741,2026-03-26 11:49:02,CUST1788,ACC684080,POS_DEBIT,8451.62,0.00,TRAVEL,WEB_PORTAL,Delhi,248510.76,0
TXN000742,2026-03-27 03:06:50,CUST1625,ACC739270,NET_BANKING_DEBIT,803.81,0.00,ELECTRONICS,BRANCH,Mumbai,202761.92,0
TXN000743,2026-03-28 06:58:23,CUST1160,ACC863729,INTEREST_CREDIT,0.00,12378.78,TRAVEL,ATM_KIOSK,Ahmedabad,163032.64,0
TXN000744,2026-03-12 10:52:08,CUST1125,ACC989816,NET_BANKING_DEBIT,13063.87,0.00,ENTERTAINMENT,ATM_KIOSK,Kolkata,51259.50,1
TXN000745,2026-03-17 05:05:17,CUST1381,ACC849941,POS_DEBIT,3717.48,0.00,UTILITIES,POS_TERMINAL,Hyderabad,95210.22,0
TXN000746,2026-03-26 07:08:51,CUST1439,ACC533491,ATM_WITHDRAWAL,11310.43,0.00,UTILITIES,ATM_KIOSK,Pune,139467.81,1
TXN000747,2026-03-17 02:05:21,CUST1322,ACC521161,POS_DEBIT,6666.55,0.00,DINING,ATM_KIOSK,Mumbai,183642.05,0
TXN000748,2026-03-21 04:57:36,CUST1059,ACC762288,SALARY_CREDIT,0.00,58143.47,TRAVEL,ATM_KIOSK,Kolkata,170141.40,0
TXN000749,2026-03-24 23:20:58,CUST1352,ACC108286,NET_BANKING_DEBIT,10526.82,0.00,TRAVEL,BRANCH,Bengaluru,220283.40,1
TXN000750,2026-03-20 19:41:28,CUST1714,ACC462021,NET_BANKING_DEBIT,6088.87,0.00,UTILITIES,WEB_PORTAL,Chennai,223581.24,0
TXN000751,2026-03-24 04:33:34,CUST1290,ACC324116,POS_DEBIT,602.70,0.00,ELECTRONICS,BRANCH,Chennai,185398.19,0
TXN000752,2026-03-01 00:56:50,CUST1552,ACC721285,INTEREST_CREDIT,0.00,28849.62,TRAVEL,WEB_PORTAL,Chennai,164386.09,0
TXN000753,2026-03-27 11:16:40,CUST1519,ACC471692,NET_BANKING_DEBIT,6370.05,0.00,ELECTRONICS,MOBILE_APP,Delhi,187016.75,0
TXN000754,2026-03-15 10:15:51,CUST1763,ACC709845,SALARY_CREDIT,0.00,25857.28,ENTERTAINMENT,POS_TERMINAL,Chennai,188161.79,0
TXN000755,2026-03-19 21:08:45,CUST1386,ACC644909,UPI_TRANSFER,10020.49,0.00,ENTERTAINMENT,MOBILE_APP,Pune,206543.62,1
TXN000756,2026-03-12 14:06:09,CUST1728,ACC546370,INTEREST_CREDIT,0.00,45765.83,UTILITIES,MOBILE_APP,Delhi,208368.04,0
TXN000757,2026-03-03 11:43:33,CUST1412,ACC716813,POS_DEBIT,6402.06,0.00,UTILITIES,POS_TERMINAL,Ahmedabad,65474.33,0
TXN000758,2026-03-16 23:26:52,CUST1166,ACC251357,NET_BANKING_DEBIT,6380.16,0.00,DINING,ATM_KIOSK,Ahmedabad,233793.37,0
TXN000759,2026-03-17 03:44:13,CUST1466,ACC596349,ATM_WITHDRAWAL,14522.08,0.00,GROCERY,WEB_PORTAL,Pune,135598.59,1
TXN000760,2026-03-19 09:02:33,CUST1156,ACC223461,POS_DEBIT,9043.92,0.00,HEALTHCARE,POS_TERMINAL,Pune,43403.61,0
TXN000761,2026-03-26 18:26:03,CUST1959,ACC419987,UPI_TRANSFER,4445.02,0.00,TRAVEL,WEB_PORTAL,Bengaluru,48574.31,1
TXN000762,2026-03-28 01:26:30,CUST1586,ACC424745,NET_BANKING_DEBIT,7357.47,0.00,INVESTMENT,POS_TERMINAL,Kolkata,96932.50,0
TXN000763,2026-03-05 04:32:40,CUST1471,ACC898678,SALARY_CREDIT,0.00,63412.20,INVESTMENT,ATM_KIOSK,Bengaluru,210915.61,0
TXN000764,2026-03-14 12:14:57,CUST1404,ACC455465,NET_BANKING_DEBIT,4911.98,0.00,GROCERY,ATM_KIOSK,Chennai,171158.04,0
TXN000765,2026-03-21 22:19:35,CUST1660,ACC229794,NET_BANKING_DEBIT,1373.52,0.00,ELECTRONICS,WEB_PORTAL,Mumbai,20828.96,0
TXN000766,2026-03-17 00:07:42,CUST1958,ACC657695,INTEREST_CREDIT,0.00,41522.77,DINING,MOBILE_APP,Chennai,191381.26,0
TXN000767,2026-03-15 02:51:34,CUST1621,ACC435996,ATM_WITHDRAWAL,3717.04,0.00,UTILITIES,BRANCH,Mumbai,223599.12,0
TXN000768,2026-03-14 05:26:01,CUST1880,ACC653545,SALARY_CREDIT,0.00,65338.20,HEALTHCARE,ATM_KIOSK,Chennai,20466.86,0
TXN000769,2026-03-05 05:16:49,CUST1091,ACC261719,POS_DEBIT,1763.94,0.00,TRAVEL,ATM_KIOSK,Bengaluru,54516.66,0
TXN000770,2026-03-02 09:24:06,CUST1327,ACC249380,POS_DEBIT,9236.41,0.00,UTILITIES,POS_TERMINAL,Chennai,21385.23,0
TXN000771,2026-03-02 06:15:48,CUST1611,ACC714496,SALARY_CREDIT,0.00,70910.43,ENTERTAINMENT,ATM_KIOSK,Kolkata,226382.85,0
TXN000772,2026-03-03 15:01:26,CUST1648,ACC345094,POS_DEBIT,4075.85,0.00,GROCERY,POS_TERMINAL,Delhi,144983.46,0
TXN000773,2026-03-05 09:36:26,CUST1456,ACC187984,ATM_WITHDRAWAL,11456.53,0.00,ENTERTAINMENT,WEB_PORTAL,Pune,168114.46,1
TXN000774,2026-03-18 13:58:35,CUST1462,ACC143822,INTEREST_CREDIT,0.00,73971.61,GROCERY,ATM_KIOSK,Chennai,198775.56,0
TXN000775,2026-03-16 08:38:16,CUST1859,ACC813029,NET_BANKING_DEBIT,14582.62,0.00,UTILITIES,POS_TERMINAL,Hyderabad,15127.59,1
TXN000776,2026-03-06 23:34:36,CUST1071,ACC415242,INTEREST_CREDIT,0.00,63847.89,ELECTRONICS,ATM_KIOSK,Delhi,81108.15,0
TXN000777,2026-03-14 06:39:32,CUST1980,ACC941017,ATM_WITHDRAWAL,10889.85,0.00,HEALTHCARE,POS_TERMINAL,Chennai,249722.99,1
TXN000778,2026-03-11 06:29:38,CUST1336,ACC116645,NET_BANKING_DEBIT,6818.14,0.00,DINING,MOBILE_APP,Ahmedabad,246010.16,0
TXN000779,2026-03-14 17:57:44,CUST1720,ACC612729,POS_DEBIT,13526.60,0.00,UTILITIES,BRANCH,Delhi,173086.00,1
TXN000780,2026-03-27 21:28:43,CUST1126,ACC470141,NET_BANKING_DEBIT,9786.43,0.00,UTILITIES,BRANCH,Pune,224754.47,0
TXN000781,2026-03-23 00:07:29,CUST1379,ACC302365,SALARY_CREDIT,0.00,17403.06,INVESTMENT,MOBILE_APP,Hyderabad,195471.97,0
TXN000782,2026-03-12 06:05:52,CUST1628,ACC755608,NET_BANKING_DEBIT,345.74,0.00,TRAVEL,WEB_PORTAL,Hyderabad,231528.69,0
TXN000783,2026-03-16 22:45:38,CUST1214,ACC107482,SALARY_CREDIT,0.00,72710.76,ENTERTAINMENT,ATM_KIOSK,Delhi,23647.07,0
TXN000784,2026-03-22 23:36:43,CUST1698,ACC732262,UPI_TRANSFER,8558.08,0.00,DINING,MOBILE_APP,Bengaluru,144669.52,0
TXN000785,2026-03-08 16:46:50,CUST1280,ACC301170,NET_BANKING_DEBIT,1022.49,0.00,GROCERY,BRANCH,Chennai,148927.27,0
TXN000786,2026-03-21 21:41:03,CUST1874,ACC438689,NET_BANKING_DEBIT,8423.73,0.00,UTILITIES,ATM_KIOSK,Chennai,235404.24,0
TXN000787,2026-03-12 16:48:02,CUST1905,ACC856254,POS_DEBIT,10218.59,0.00,ENTERTAINMENT,MOBILE_APP,Chennai,124647.88,1
TXN000788,2026-03-13 06:21:05,CUST1901,ACC699596,SALARY_CREDIT,0.00,42268.72,GROCERY,WEB_PORTAL,Kolkata,89316.86,0
TXN000789,2026-03-11 09:04:40,CUST1640,ACC201424,POS_DEBIT,13759.08,0.00,GROCERY,ATM_KIOSK,Kolkata,61266.05,1
TXN000790,2026-03-09 07:06:30,CUST1244,ACC457356,POS_DEBIT,8908.34,0.00,GROCERY,POS_TERMINAL,Hyderabad,93561.10,0
TXN000791,2026-03-25 03:40:28,CUST1592,ACC230889,POS_DEBIT,11647.45,0.00,ELECTRONICS,MOBILE_APP,Mumbai,160598.14,1
TXN000792,2026-03-03 04:03:58,CUST1821,ACC563385,SALARY_CREDIT,0.00,26929.56,GROCERY,POS_TERMINAL,Kolkata,214207.65,0
TXN000793,2026-03-28 12:25:06,CUST1632,ACC888490,POS_DEBIT,1572.32,0.00,UTILITIES,WEB_PORTAL,Mumbai,27267.74,0
TXN000794,2026-03-20 19:06:21,CUST1666,ACC808602,SALARY_CREDIT,0.00,31874.40,GROCERY,ATM_KIOSK,Pune,201863.70,0
TXN000795,2026-03-20 22:04:37,CUST1808,ACC981621,INTEREST_CREDIT,0.00,18473.69,ENTERTAINMENT,BRANCH,Bengaluru,39132.07,0
TXN000796,2026-03-20 14:11:15,CUST1140,ACC935741,NET_BANKING_DEBIT,7658.03,0.00,GROCERY,MOBILE_APP,Bengaluru,128128.84,0
TXN000797,2026-03-12 09:37:56,CUST1554,ACC913166,UPI_TRANSFER,8788.61,0.00,DINING,WEB_PORTAL,Ahmedabad,168150.67,0
TXN000798,2026-03-17 18:42:43,CUST1148,ACC160101,UPI_TRANSFER,9069.78,0.00,ENTERTAINMENT,BRANCH,Mumbai,243013.70,0
TXN000799,2026-03-21 06:50:04,CUST1349,ACC298553,SALARY_CREDIT,0.00,29067.13,INVESTMENT,ATM_KIOSK,Pune,244480.03,0
TXN000800,2026-03-10 13:21:10,CUST1107,ACC576370,INTEREST_CREDIT,0.00,44626.78,GROCERY,ATM_KIOSK,Hyderabad,93880.21,0
TXN000801,2026-03-07 07:30:47,CUST1786,ACC954225,POS_DEBIT,9599.57,0.00,HEALTHCARE,ATM_KIOSK,Hyderabad,124636.14,0
TXN000802,2026-03-12 00:04:22,CUST1030,ACC681636,SALARY_CREDIT,0.00,17897.12,ELECTRONICS,WEB_PORTAL,Chennai,247621.34,0
TXN000803,2026-03-25 11:02:01,CUST1203,ACC307434,SALARY_CREDIT,0.00,18608.24,TRAVEL,WEB_PORTAL,Hyderabad,152636.30,0
TXN000804,2026-03-18 07:11:12,CUST1022,ACC284630,UPI_TRANSFER,10796.61,0.00,TRAVEL,MOBILE_APP,Mumbai,94857.11,1
TXN000805,2026-03-11 06:19:29,CUST1245,ACC487596,NET_BANKING_DEBIT,2101.79,0.00,HEALTHCARE,WEB_PORTAL,Kolkata,222977.71,0
TXN000806,2026-03-26 06:12:34,CUST1387,ACC828082,NET_BANKING_DEBIT,1027.39,0.00,HEALTHCARE,POS_TERMINAL,Kolkata,232176.53,0
TXN000807,2026-03-07 17:18:50,CUST1152,ACC443598,NET_BANKING_DEBIT,3706.02,0.00,ENTERTAINMENT,MOBILE_APP,Chennai,159766.58,0
TXN000808,2026-03-16 06:46:05,CUST1803,ACC593530,ATM_WITHDRAWAL,12779.96,0.00,ELECTRONICS,WEB_PORTAL,Kolkata,242570.31,1
TXN000809,2026-03-17 14:11:20,CUST1729,ACC492040,NET_BANKING_DEBIT,11279.49,0.00,INVESTMENT,ATM_KIOSK,Ahmedabad,102952.53,1
TXN000810,2026-03-21 01:13:14,CUST1916,ACC312861,UPI_TRANSFER,8738.74,0.00,INVESTMENT,WEB_PORTAL,Kolkata,200796.75,0
TXN000811,2026-03-27 11:16:35,CUST1086,ACC240855,ATM_WITHDRAWAL,4624.69,0.00,ELECTRONICS,POS_TERMINAL,Ahmedabad,149272.04,0
TXN000812,2026-03-15 16:39:21,CUST1436,ACC573066,INTEREST_CREDIT,0.00,29610.25,INVESTMENT,ATM_KIOSK,Kolkata,152231.12,0
TXN000813,2026-03-13 00:11:28,CUST1239,ACC378527,UPI_TRANSFER,12077.34,0.00,ELECTRONICS,POS_TERMINAL,Delhi,89499.80,1
TXN000814,2026-03-21 02:50:17,CUST1948,ACC338804,UPI_TRANSFER,12646.92,0.00,ELECTRONICS,MOBILE_APP,Delhi,135505.88,1
TXN000815,2026-03-11 08:19:47,CUST1835,ACC905812,UPI_TRANSFER,622.31,0.00,TRAVEL,WEB_PORTAL,Bengaluru,61211.89,0
TXN000816,2026-03-01 09:18:52,CUST1354,ACC921169,NET_BANKING_DEBIT,11110.32,0.00,UTILITIES,ATM_KIOSK,Mumbai,229409.89,1
TXN000817,2026-03-05 12:14:14,CUST1740,ACC885527,SALARY_CREDIT,0.00,50786.37,ENTERTAINMENT,ATM_KIOSK,Hyderabad,247479.54,0
TXN000818,2026-03-15 23:52:29,CUST1348,ACC930382,INTEREST_CREDIT,0.00,46090.25,ELECTRONICS,POS_TERMINAL,Hyderabad,144864.58,0
TXN000819,2026-03-07 14:28:54,CUST1571,ACC131566,SALARY_CREDIT,0.00,58909.17,HEALTHCARE,WEB_PORTAL,Bengaluru,179016.20,0
TXN000820,2026-03-26 21:53:22,CUST1347,ACC336444,UPI_TRANSFER,14153.14,0.00,UTILITIES,ATM_KIOSK,Kolkata,17275.07,1
TXN000821,2026-03-26 01:59:08,CUST1157,ACC446292,NET_BANKING_DEBIT,8087.18,0.00,UTILITIES,ATM_KIOSK,Hyderabad,20461.36,0
TXN000822,2026-03-16 03:21:36,CUST1985,ACC573469,SALARY_CREDIT,0.00,9459.65,TRAVEL,MOBILE_APP,Bengaluru,105811.95,0
TXN000823,2026-03-27 22:38:31,CUST1027,ACC295760,POS_DEBIT,10139.54,0.00,ENTERTAINMENT,MOBILE_APP,Kolkata,56744.48,1
TXN000824,2026-03-15 01:23:33,CUST1011,ACC280172,UPI_TRANSFER,3128.09,0.00,HEALTHCARE,ATM_KIOSK,Kolkata,138232.99,0
TXN000825,2026-03-14 15:47:04,CUST1398,ACC316509,ATM_WITHDRAWAL,14844.45,0.00,DINING,WEB_PORTAL,Chennai,45347.35,1
TXN000826,2026-03-06 19:36:19,CUST1601,ACC312832,SALARY_CREDIT,0.00,62252.73,INVESTMENT,POS_TERMINAL,Hyderabad,171226.27,0
TXN000827,2026-03-27 12:38:51,CUST1252,ACC651400,POS_DEBIT,14866.72,0.00,HEALTHCARE,BRANCH,Ahmedabad,119746.92,1
TXN000828,2026-03-03 09:41:56,CUST1940,ACC578472,SALARY_CREDIT,0.00,37388.68,HEALTHCARE,POS_TERMINAL,Kolkata,24184.93,0
TXN000829,2026-03-14 07:11:57,CUST1632,ACC868862,INTEREST_CREDIT,0.00,62640.07,UTILITIES,ATM_KIOSK,Kolkata,214713.31,0
TXN000830,2026-03-02 07:56:55,CUST1161,ACC387075,NET_BANKING_DEBIT,2792.49,0.00,TRAVEL,MOBILE_APP,Hyderabad,107484.56,0
TXN000831,2026-03-04 11:04:48,CUST1107,ACC628896,SALARY_CREDIT,0.00,33789.47,HEALTHCARE,ATM_KIOSK,Ahmedabad,194037.29,0
TXN000832,2026-03-03 20:44:43,CUST1767,ACC584341,ATM_WITHDRAWAL,3828.86,0.00,UTILITIES,POS_TERMINAL,Kolkata,123609.36,0
TXN000833,2026-03-05 10:42:47,CUST1475,ACC608306,ATM_WITHDRAWAL,5980.28,0.00,INVESTMENT,MOBILE_APP,Delhi,41950.44,1
TXN000834,2026-03-15 04:30:52,CUST1285,ACC982442,INTEREST_CREDIT,0.00,50991.58,DINING,WEB_PORTAL,Mumbai,182691.66,0
TXN000835,2026-03-18 23:25:10,CUST1079,ACC804005,INTEREST_CREDIT,0.00,12036.06,GROCERY,POS_TERMINAL,Bengaluru,84123.99,0
TXN000836,2026-03-02 21:34:13,CUST1452,ACC830587,SALARY_CREDIT,0.00,30066.09,GROCERY,BRANCH,Delhi,65918.02,0
TXN000837,2026-03-20 00:03:49,CUST1386,ACC904377,SALARY_CREDIT,0.00,53324.27,ENTERTAINMENT,WEB_PORTAL,Pune,119336.87,0
TXN000838,2026-03-01 10:52:12,CUST1696,ACC801444,ATM_WITHDRAWAL,3039.79,0.00,ELECTRONICS,WEB_PORTAL,Delhi,21566.88,1
TXN000839,2026-03-04 10:20:35,CUST1641,ACC298754,NET_BANKING_DEBIT,2559.85,0.00,ENTERTAINMENT,BRANCH,Kolkata,112684.80,0
TXN000840,2026-03-12 10:11:00,CUST1411,ACC785761,SALARY_CREDIT,0.00,13456.28,HEALTHCARE,MOBILE_APP,Kolkata,65238.30,0
TXN000841,2026-03-21 19:23:02,CUST1068,ACC329177,ATM_WITHDRAWAL,6908.70,0.00,UTILITIES,POS_TERMINAL,Ahmedabad,206544.95,0
TXN000842,2026-03-28 18:10:16,CUST1982,ACC199346,POS_DEBIT,10702.34,0.00,HEALTHCARE,ATM_KIOSK,Bengaluru,200946.05,1
TXN000843,2026-03-28 21:30:04,CUST1343,ACC118506,UPI_TRANSFER,2671.20,0.00,INVESTMENT,ATM_KIOSK,Hyderabad,176591.90,0
TXN000844,2026-03-08 00:39:48,CUST1918,ACC230082,INTEREST_CREDIT,0.00,46122.80,TRAVEL,WEB_PORTAL,Kolkata,247269.50,0
TXN000845,2026-03-10 06:09:24,CUST1209,ACC773226,ATM_WITHDRAWAL,9315.51,0.00,GROCERY,WEB_PORTAL,Ahmedabad,103013.05,0
TXN000846,2026-03-11 20:50:48,CUST1040,ACC646174,NET_BANKING_DEBIT,13166.11,0.00,UTILITIES,POS_TERMINAL,Mumbai,46552.75,1
TXN000847,2026-03-08 06:34:03,CUST1928,ACC797309,ATM_WITHDRAWAL,12711.68,0.00,ENTERTAINMENT,WEB_PORTAL,Kolkata,92848.51,1
TXN000848,2026-03-01 02:55:31,CUST1071,ACC301814,INTEREST_CREDIT,0.00,27514.59,GROCERY,WEB_PORTAL,Hyderabad,118954.81,0
TXN000849,2026-03-07 07:32:05,CUST1436,ACC860206,ATM_WITHDRAWAL,1421.80,0.00,INVESTMENT,POS_TERMINAL,Bengaluru,210336.91,0
TXN000850,2026-03-10 09:36:28,CUST1990,ACC766478,NET_BANKING_DEBIT,3003.17,0.00,ENTERTAINMENT,POS_TERMINAL,Ahmedabad,157375.04,0
TXN000851,2026-03-13 05:30:28,CUST1432,ACC629837,POS_DEBIT,14267.65,0.00,UTILITIES,WEB_PORTAL,Ahmedabad,99501.75,1
TXN000852,2026-03-03 09:38:34,CUST1156,ACC679707,POS_DEBIT,11440.84,0.00,DINING,POS_TERMINAL,Kolkata,115438.36,1
TXN000853,2026-03-18 19:30:04,CUST1341,ACC243294,SALARY_CREDIT,0.00,26409.31,INVESTMENT,WEB_PORTAL,Bengaluru,81558.05,0
TXN000854,2026-03-12 15:25:59,CUST1425,ACC513820,ATM_WITHDRAWAL,112.50,0.00,HEALTHCARE,ATM_KIOSK,Ahmedabad,186636.63,0
TXN000855,2026-03-02 03:24:59,CUST1579,ACC270249,UPI_TRANSFER,9633.68,0.00,ENTERTAINMENT,ATM_KIOSK,Chennai,111065.08,0
TXN000856,2026-03-12 22:03:41,CUST1394,ACC544638,NET_BANKING_DEBIT,5261.25,0.00,ENTERTAINMENT,WEB_PORTAL,Ahmedabad,164220.24,0
TXN000857,2026-03-23 21:01:44,CUST1681,ACC776681,POS_DEBIT,13825.95,0.00,DINING,POS_TERMINAL,Ahmedabad,99932.36,1
TXN000858,2026-03-22 05:00:07,CUST1789,ACC196789,NET_BANKING_DEBIT,2253.14,0.00,UTILITIES,ATM_KIOSK,Delhi,150910.32,0
TXN000859,2026-03-06 13:16:44,CUST1309,ACC624966,INTEREST_CREDIT,0.00,68696.44,UTILITIES,BRANCH,Chennai,220861.45,0
TXN000860,2026-03-03 03:40:36,CUST1795,ACC936274,NET_BANKING_DEBIT,6203.55,0.00,HEALTHCARE,WEB_PORTAL,Chennai,185998.24,0
TXN000861,2026-03-01 05:52:31,CUST1001,ACC201576,NET_BANKING_DEBIT,3182.41,0.00,ELECTRONICS,ATM_KIOSK,Kolkata,179267.11,0
TXN000862,2026-03-06 22:08:12,CUST1498,ACC290824,NET_BANKING_DEBIT,4360.69,0.00,ELECTRONICS,ATM_KIOSK,Hyderabad,56454.30,0
TXN000863,2026-03-07 08:57:55,CUST1418,ACC562139,ATM_WITHDRAWAL,3054.07,0.00,ELECTRONICS,WEB_PORTAL,Delhi,205156.98,0
TXN000864,2026-03-01 18:15:30,CUST1496,ACC805486,UPI_TRANSFER,1331.32,0.00,ELECTRONICS,MOBILE_APP,Mumbai,30101.67,0
TXN000865,2026-03-19 01:06:13,CUST1534,ACC930248,UPI_TRANSFER,11289.39,0.00,GROCERY,ATM_KIOSK,Chennai,16698.26,1
TXN000866,2026-03-14 10:23:43,CUST1911,ACC459742,SALARY_CREDIT,0.00,38126.22,HEALTHCARE,WEB_PORTAL,Pune,94202.04,0
TXN000867,2026-03-28 10:51:06,CUST1003,ACC579114,NET_BANKING_DEBIT,6007.15,0.00,UTILITIES,WEB_PORTAL,Mumbai,244196.69,0
TXN000868,2026-03-23 07:23:28,CUST1633,ACC819517,INTEREST_CREDIT,0.00,13602.62,INVESTMENT,BRANCH,Kolkata,139697.89,0
TXN000869,2026-03-27 10:01:40,CUST1368,ACC147976,NET_BANKING_DEBIT,2859.63,0.00,HEALTHCARE,ATM_KIOSK,Hyderabad,240023.58,0
TXN000870,2026-03-26 02:22:27,CUST1961,ACC599250,INTEREST_CREDIT,0.00,38917.53,ELECTRONICS,ATM_KIOSK,Chennai,188713.09,0
TXN000871,2026-03-17 18:50:54,CUST1733,ACC629149,INTEREST_CREDIT,0.00,18655.39,GROCERY,WEB_PORTAL,Ahmedabad,48642.94,0
TXN000872,2026-03-28 14:10:57,CUST1456,ACC221297,POS_DEBIT,4555.16,0.00,INVESTMENT,BRANCH,Hyderabad,143955.47,0
TXN000873,2026-03-03 03:27:45,CUST1029,ACC268018,ATM_WITHDRAWAL,3214.03,0.00,HEALTHCARE,ATM_KIOSK,Chennai,170040.10,0
TXN000874,2026-03-22 03:42:08,CUST1944,ACC660509,ATM_WITHDRAWAL,10801.67,0.00,INVESTMENT,MOBILE_APP,Pune,171494.18,1
TXN000875,2026-03-20 02:41:21,CUST1386,ACC852293,ATM_WITHDRAWAL,13980.11,0.00,UTILITIES,BRANCH,Kolkata,195089.29,1
TXN000876,2026-03-03 10:47:37,CUST1959,ACC297296,ATM_WITHDRAWAL,3392.08,0.00,ELECTRONICS,BRANCH,Pune,35604.88,0
TXN000877,2026-03-19 23:00:19,CUST1063,ACC718722,ATM_WITHDRAWAL,12807.29,0.00,ENTERTAINMENT,ATM_KIOSK,Kolkata,239206.13,1
TXN000878,2026-03-26 04:33:42,CUST1616,ACC719473,UPI_TRANSFER,11580.65,0.00,ENTERTAINMENT,MOBILE_APP,Kolkata,202416.76,1
TXN000879,2026-03-10 07:31:43,CUST1466,ACC254586,POS_DEBIT,8097.48,0.00,TRAVEL,WEB_PORTAL,Mumbai,49004.68,0
TXN000880,2026-03-23 03:17:54,CUST1723,ACC701853,INTEREST_CREDIT,0.00,27409.76,INVESTMENT,WEB_PORTAL,Ahmedabad,133058.83,0
TXN000881,2026-03-26 10:09:52,CUST1733,ACC320843,UPI_TRANSFER,10576.90,0.00,ENTERTAINMENT,MOBILE_APP,Bengaluru,103526.53,1
TXN000882,2026-03-27 21:58:54,CUST1163,ACC122613,SALARY_CREDIT,0.00,55917.68,UTILITIES,POS_TERMINAL,Kolkata,85288.92,0
TXN000883,2026-03-03 16:46:18,CUST1289,ACC830203,NET_BANKING_DEBIT,7127.65,0.00,ENTERTAINMENT,BRANCH,Kolkata,106970.24,0
TXN000884,2026-03-26 01:54:59,CUST1726,ACC418844,POS_DEBIT,2006.97,0.00,INVESTMENT,WEB_PORTAL,Bengaluru,151390.16,0
TXN000885,2026-03-05 06:13:51,CUST1766,ACC305159,SALARY_CREDIT,0.00,53716.89,GROCERY,POS_TERMINAL,Delhi,83404.17,0
TXN000886,2026-03-13 13:43:53,CUST1172,ACC159067,NET_BANKING_DEBIT,11793.21,0.00,ELECTRONICS,POS_TERMINAL,Ahmedabad,216731.23,1
TXN000887,2026-03-17 20:21:37,CUST1444,ACC255785,ATM_WITHDRAWAL,14178.69,0.00,UTILITIES,WEB_PORTAL,Mumbai,42576.51,1
TXN000888,2026-03-06 20:47:24,CUST1794,ACC825399,POS_DEBIT,3650.79,0.00,ELECTRONICS,ATM_KIOSK,Kolkata,176676.26,0
TXN000889,2026-03-04 02:07:31,CUST1656,ACC801279,UPI_TRANSFER,9503.39,0.00,ENTERTAINMENT,MOBILE_APP,Ahmedabad,17726.57,0
TXN000890,2026-03-19 05:24:30,CUST1660,ACC836873,UPI_TRANSFER,10421.20,0.00,UTILITIES,POS_TERMINAL,Bengaluru,37220.01,1
TXN000891,2026-03-18 05:25:52,CUST1717,ACC120705,POS_DEBIT,4912.17,0.00,UTILITIES,BRANCH,Ahmedabad,217619.46,0
TXN000892,2026-03-26 20:07:48,CUST1771,ACC317541,POS_DEBIT,7807.57,0.00,ELECTRONICS,WEB_PORTAL,Bengaluru,182731.04,0
TXN000893,2026-03-05 18:13:41,CUST1165,ACC192086,POS_DEBIT,8343.09,0.00,TRAVEL,MOBILE_APP,Delhi,43915.65,0
TXN000894,2026-03-14 21:00:15,CUST1307,ACC148408,POS_DEBIT,7616.92,0.00,TRAVEL,BRANCH,Ahmedabad,142940.38,0
TXN000895,2026-03-12 19:34:32,CUST1214,ACC821347,ATM_WITHDRAWAL,8677.22,0.00,ELECTRONICS,MOBILE_APP,Hyderabad,137826.57,0
TXN000896,2026-03-05 19:35:13,CUST1605,ACC476507,POS_DEBIT,2861.70,0.00,TRAVEL,WEB_PORTAL,Kolkata,210667.53,0
TXN000897,2026-03-06 12:29:05,CUST1967,ACC366526,POS_DEBIT,8270.24,0.00,UTILITIES,WEB_PORTAL,Hyderabad,167695.70,0
TXN000898,2026-03-21 06:45:23,CUST1577,ACC789247,POS_DEBIT,9462.04,0.00,DINING,ATM_KIOSK,Bengaluru,163783.16,0
TXN000899,2026-03-01 19:15:04,CUST1276,ACC230674,UPI_TRANSFER,14887.11,0.00,ELECTRONICS,BRANCH,Kolkata,116902.38,1
TXN000900,2026-03-25 08:09:55,CUST1817,ACC336732,POS_DEBIT,4973.89,0.00,TRAVEL,MOBILE_APP,Delhi,228672.67,0
TXN000901,2026-03-04 03:11:33,CUST1745,ACC421440,SALARY_CREDIT,0.00,73563.96,INVESTMENT,MOBILE_APP,Pune,67223.01,0
TXN000902,2026-03-04 01:10:20,CUST1969,ACC888395,NET_BANKING_DEBIT,8603.76,0.00,UTILITIES,WEB_PORTAL,Pune,78697.68,0
TXN000903,2026-03-18 19:56:54,CUST1412,ACC600025,NET_BANKING_DEBIT,10183.29,0.00,DINING,POS_TERMINAL,Mumbai,200355.64,1
TXN000904,2026-03-13 18:47:17,CUST1054,ACC860657,NET_BANKING_DEBIT,7727.80,0.00,HEALTHCARE,WEB_PORTAL,Kolkata,44696.56,0
TXN000905,2026-03-15 16:18:17,CUST1975,ACC548544,NET_BANKING_DEBIT,6893.91,0.00,ENTERTAINMENT,POS_TERMINAL,Delhi,98190.33,0
TXN000906,2026-03-03 02:46:15,CUST1967,ACC198181,UPI_TRANSFER,6127.40,0.00,DINING,BRANCH,Mumbai,36183.04,0
TXN000907,2026-03-16 00:27:43,CUST1520,ACC866296,POS_DEBIT,11163.97,0.00,DINING,ATM_KIOSK,Ahmedabad,145227.55,1
TXN000908,2026-03-18 22:07:25,CUST1014,ACC746223,INTEREST_CREDIT,0.00,52958.53,ENTERTAINMENT,MOBILE_APP,Kolkata,174041.93,0
TXN000909,2026-03-22 16:43:38,CUST1043,ACC736877,NET_BANKING_DEBIT,8038.16,0.00,INVESTMENT,WEB_PORTAL,Hyderabad,248642.16,0
TXN000910,2026-03-02 13:31:24,CUST1174,ACC491416,ATM_WITHDRAWAL,1173.08,0.00,ELECTRONICS,POS_TERMINAL,Hyderabad,135715.85,0
TXN000911,2026-03-10 09:30:18,CUST1271,ACC323415,INTEREST_CREDIT,0.00,64554.39,GROCERY,BRANCH,Kolkata,216584.45,0
TXN000912,2026-03-21 16:52:57,CUST1036,ACC585550,ATM_WITHDRAWAL,13849.69,0.00,INVESTMENT,MOBILE_APP,Pune,233340.62,1
TXN000913,2026-03-01 11:56:46,CUST1190,ACC521598,POS_DEBIT,9252.18,0.00,HEALTHCARE,MOBILE_APP,Delhi,98164.79,0
TXN000914,2026-03-17 04:26:07,CUST1935,ACC611088,SALARY_CREDIT,0.00,39443.23,GROCERY,WEB_PORTAL,Chennai,34914.79,0
TXN000915,2026-03-06 17:51:17,CUST1111,ACC559876,ATM_WITHDRAWAL,7086.95,0.00,INVESTMENT,WEB_PORTAL,Bengaluru,100656.49,0
TXN000916,2026-03-28 22:12:07,CUST1194,ACC398739,UPI_TRANSFER,11219.01,0.00,GROCERY,WEB_PORTAL,Kolkata,16365.40,1
TXN000917,2026-03-06 21:12:30,CUST1982,ACC797557,SALARY_CREDIT,0.00,57074.68,TRAVEL,MOBILE_APP,Kolkata,226734.49,0
TXN000918,2026-03-23 04:20:48,CUST1782,ACC918243,SALARY_CREDIT,0.00,43508.66,UTILITIES,BRANCH,Kolkata,202957.72,0
TXN000919,2026-03-05 11:32:00,CUST1785,ACC817684,ATM_WITHDRAWAL,1690.51,0.00,ENTERTAINMENT,MOBILE_APP,Pune,19970.77,0
TXN000920,2026-03-14 15:18:18,CUST1497,ACC186627,SALARY_CREDIT,0.00,73350.70,UTILITIES,WEB_PORTAL,Bengaluru,188296.42,0
TXN000921,2026-03-28 08:44:15,CUST1682,ACC960471,NET_BANKING_DEBIT,7693.04,0.00,UTILITIES,WEB_PORTAL,Ahmedabad,195180.99,0
TXN000922,2026-03-24 16:39:11,CUST1193,ACC996398,NET_BANKING_DEBIT,11751.62,0.00,DINING,WEB_PORTAL,Delhi,39220.25,1
TXN000923,2026-03-05 13:01:39,CUST1204,ACC195352,ATM_WITHDRAWAL,6049.18,0.00,GROCERY,ATM_KIOSK,Kolkata,60161.69,0
TXN000924,2026-03-08 07:21:27,CUST1490,ACC164329,INTEREST_CREDIT,0.00,26451.22,UTILITIES,MOBILE_APP,Chennai,163827.84,0
TXN000925,2026-03-14 07:20:57,CUST1048,ACC290580,POS_DEBIT,4075.23,0.00,GROCERY,MOBILE_APP,Mumbai,97490.76,0
TXN000926,2026-03-16 08:58:38,CUST1103,ACC551839,NET_BANKING_DEBIT,11184.08,0.00,DINING,POS_TERMINAL,Ahmedabad,64814.72,1
TXN000927,2026-03-22 17:49:55,CUST1133,ACC447300,UPI_TRANSFER,5047.52,0.00,HEALTHCARE,POS_TERMINAL,Pune,172202.67,0
TXN000928,2026-03-04 04:40:47,CUST1616,ACC226200,ATM_WITHDRAWAL,9771.21,0.00,GROCERY,BRANCH,Hyderabad,105251.60,0
TXN000929,2026-03-03 17:39:21,CUST1308,ACC860585,ATM_WITHDRAWAL,10584.67,0.00,INVESTMENT,WEB_PORTAL,Bengaluru,232492.65,1
TXN000930,2026-03-25 17:22:57,CUST1374,ACC570267,POS_DEBIT,1961.09,0.00,ELECTRONICS,ATM_KIOSK,Delhi,182226.74,0
TXN000931,2026-03-17 00:10:38,CUST1280,ACC830549,SALARY_CREDIT,0.00,34330.29,DINING,POS_TERMINAL,Mumbai,233863.10,0
TXN000932,2026-03-07 23:52:25,CUST1506,ACC817953,INTEREST_CREDIT,0.00,9255.54,ELECTRONICS,WEB_PORTAL,Ahmedabad,243531.39,0
TXN000933,2026-03-13 19:17:13,CUST1188,ACC103775,INTEREST_CREDIT,0.00,31890.53,DINING,BRANCH,Hyderabad,198152.46,0
TXN000934,2026-03-26 16:29:32,CUST1724,ACC855582,INTEREST_CREDIT,0.00,53770.52,TRAVEL,POS_TERMINAL,Hyderabad,221601.43,0
TXN000935,2026-03-06 07:02:34,CUST1243,ACC406019,UPI_TRANSFER,10638.41,0.00,GROCERY,WEB_PORTAL,Chennai,144755.47,1
TXN000936,2026-03-08 06:34:07,CUST1001,ACC780154,ATM_WITHDRAWAL,4093.00,0.00,HEALTHCARE,BRANCH,Pune,165967.08,0
TXN000937,2026-03-24 04:26:57,CUST1626,ACC409220,UPI_TRANSFER,1294.53,0.00,HEALTHCARE,MOBILE_APP,Mumbai,144079.64,0
TXN000938,2026-03-01 17:42:55,CUST1796,ACC918427,UPI_TRANSFER,3328.23,0.00,ELECTRONICS,ATM_KIOSK,Chennai,56532.78,0
TXN000939,2026-03-08 10:17:13,CUST1595,ACC760393,NET_BANKING_DEBIT,9532.87,0.00,UTILITIES,WEB_PORTAL,Ahmedabad,206959.05,0
TXN000940,2026-03-05 15:05:31,CUST1185,ACC581705,ATM_WITHDRAWAL,10960.69,0.00,DINING,WEB_PORTAL,Hyderabad,116967.34,1
TXN000941,2026-03-21 09:01:19,CUST1166,ACC286367,INTEREST_CREDIT,0.00,39336.29,UTILITIES,BRANCH,Hyderabad,186427.80,0
TXN000942,2026-03-21 12:06:46,CUST1539,ACC243960,POS_DEBIT,2195.66,0.00,GROCERY,BRANCH,Delhi,121930.68,0
TXN000943,2026-03-01 20:59:02,CUST1135,ACC360406,SALARY_CREDIT,0.00,31879.34,ELECTRONICS,POS_TERMINAL,Bengaluru,40858.35,0
TXN000944,2026-03-26 03:34:47,CUST1837,ACC454827,NET_BANKING_DEBIT,9014.58,0.00,ELECTRONICS,WEB_PORTAL,Bengaluru,17208.10,0
TXN000945,2026-03-27 05:19:21,CUST1490,ACC262018,SALARY_CREDIT,0.00,58177.02,ENTERTAINMENT,MOBILE_APP,Chennai,224711.72,0
TXN000946,2026-03-18 09:06:32,CUST1907,ACC977116,NET_BANKING_DEBIT,8177.01,0.00,UTILITIES,WEB_PORTAL,Mumbai,25463.57,1
TXN000947,2026-03-21 09:14:58,CUST1900,ACC817663,ATM_WITHDRAWAL,408.81,0.00,UTILITIES,MOBILE_APP,Ahmedabad,49633.48,0
TXN000948,2026-03-10 11:04:39,CUST1341,ACC224099,ATM_WITHDRAWAL,14861.98,0.00,HEALTHCARE,MOBILE_APP,Mumbai,67762.78,1
TXN000949,2026-03-11 19:11:43,CUST1435,ACC257517,INTEREST_CREDIT,0.00,15577.21,TRAVEL,BRANCH,Chennai,115727.67,0
TXN000950,2026-03-16 21:23:59,CUST1271,ACC950100,UPI_TRANSFER,13137.26,0.00,ELECTRONICS,MOBILE_APP,Bengaluru,78706.92,1
TXN000951,2026-03-26 15:52:04,CUST1115,ACC705912,NET_BANKING_DEBIT,2241.51,0.00,UTILITIES,POS_TERMINAL,Bengaluru,119973.42,0
TXN000952,2026-03-12 10:31:27,CUST1492,ACC827104,POS_DEBIT,4879.65,0.00,UTILITIES,BRANCH,Pune,195370.82,0
TXN000953,2026-03-08 12:26:35,CUST1509,ACC664917,ATM_WITHDRAWAL,12042.01,0.00,INVESTMENT,BRANCH,Hyderabad,168679.24,1
TXN000954,2026-03-17 18:49:44,CUST1830,ACC884632,SALARY_CREDIT,0.00,10853.24,ENTERTAINMENT,MOBILE_APP,Hyderabad,183006.45,0
TXN000955,2026-03-18 15:08:58,CUST1112,ACC162471,UPI_TRANSFER,92.85,0.00,HEALTHCARE,POS_TERMINAL,Bengaluru,19031.34,0
TXN000956,2026-03-14 07:13:52,CUST1229,ACC158579,UPI_TRANSFER,6932.81,0.00,DINING,MOBILE_APP,Bengaluru,144602.59,0
TXN000957,2026-03-14 11:03:44,CUST1108,ACC794940,SALARY_CREDIT,0.00,56315.71,ELECTRONICS,ATM_KIOSK,Bengaluru,178588.80,0
TXN000958,2026-03-01 18:53:52,CUST1426,ACC256989,POS_DEBIT,2245.96,0.00,DINING,ATM_KIOSK,Bengaluru,72585.76,0
TXN000959,2026-03-24 10:28:50,CUST1660,ACC829019,NET_BANKING_DEBIT,7935.38,0.00,GROCERY,POS_TERMINAL,Delhi,125493.36,0
TXN000960,2026-03-06 16:10:00,CUST1405,ACC973128,ATM_WITHDRAWAL,947.01,0.00,UTILITIES,ATM_KIOSK,Chennai,156980.80,0
TXN000961,2026-03-14 05:17:05,CUST1534,ACC495900,INTEREST_CREDIT,0.00,40131.07,DINING,WEB_PORTAL,Kolkata,181697.91,0
TXN000962,2026-03-27 23:35:38,CUST1861,ACC180959,INTEREST_CREDIT,0.00,8919.78,INVESTMENT,ATM_KIOSK,Pune,107188.38,0
TXN000963,2026-03-26 11:41:27,CUST1199,ACC383031,NET_BANKING_DEBIT,9646.27,0.00,ELECTRONICS,MOBILE_APP,Delhi,53733.72,0
TXN000964,2026-03-10 05:34:06,CUST1066,ACC322203,UPI_TRANSFER,9067.69,0.00,GROCERY,POS_TERMINAL,Hyderabad,21591.48,0
TXN000965,2026-03-08 08:05:36,CUST1578,ACC147054,INTEREST_CREDIT,0.00,19120.81,INVESTMENT,MOBILE_APP,Mumbai,233362.45,0
TXN000966,2026-03-25 09:25:32,CUST1199,ACC429748,UPI_TRANSFER,1443.50,0.00,UTILITIES,POS_TERMINAL,Bengaluru,245427.28,0
TXN000967,2026-03-24 16:06:32,CUST1826,ACC912709,NET_BANKING_DEBIT,10136.56,0.00,DINING,MOBILE_APP,Kolkata,92859.77,1
TXN000968,2026-03-10 05:09:43,CUST1474,ACC182578,SALARY_CREDIT,0.00,46045.07,ELECTRONICS,WEB_PORTAL,Hyderabad,215226.37,0
TXN000969,2026-03-17 16:46:38,CUST1667,ACC648706,NET_BANKING_DEBIT,9830.59,0.00,HEALTHCARE,ATM_KIOSK,Bengaluru,52846.05,0
TXN000970,2026-03-02 22:49:43,CUST1396,ACC350725,UPI_TRANSFER,4398.08,0.00,ENTERTAINMENT,BRANCH,Delhi,235933.17,0
TXN000971,2026-03-01 04:49:55,CUST1316,ACC673713,ATM_WITHDRAWAL,8525.17,0.00,ELECTRONICS,ATM_KIOSK,Delhi,37890.42,0
TXN000972,2026-03-06 02:17:36,CUST1372,ACC470533,SALARY_CREDIT,0.00,26960.31,ELECTRONICS,MOBILE_APP,Bengaluru,234503.15,0
TXN000973,2026-03-16 08:48:56,CUST1452,ACC781880,NET_BANKING_DEBIT,11590.51,0.00,DINING,MOBILE_APP,Ahmedabad,75616.86,1
TXN000974,2026-03-20 21:08:28,CUST1375,ACC637373,POS_DEBIT,5483.91,0.00,HEALTHCARE,POS_TERMINAL,Delhi,111122.81,0
TXN000975,2026-03-22 01:39:41,CUST1058,ACC877039,NET_BANKING_DEBIT,6227.25,0.00,ENTERTAINMENT,BRANCH,Mumbai,221191.03,0
TXN000976,2026-03-06 18:25:54,CUST1074,ACC333886,ATM_WITHDRAWAL,12803.24,0.00,UTILITIES,ATM_KIOSK,Delhi,83305.24,1
TXN000977,2026-03-15 03:05:11,CUST1749,ACC213611,UPI_TRANSFER,7014.87,0.00,UTILITIES,ATM_KIOSK,Hyderabad,226529.73,0
TXN000978,2026-03-20 15:13:44,CUST1759,ACC599352,SALARY_CREDIT,0.00,28010.44,ELECTRONICS,POS_TERMINAL,Ahmedabad,89561.94,0
TXN000979,2026-03-07 10:36:02,CUST1615,ACC911813,POS_DEBIT,8198.96,0.00,UTILITIES,MOBILE_APP,Pune,49195.74,0
TXN000980,2026-03-07 00:48:43,CUST1433,ACC382956,SALARY_CREDIT,0.00,73499.26,TRAVEL,WEB_PORTAL,Delhi,65153.90,0
TXN000981,2026-03-23 14:55:26,CUST1537,ACC324505,ATM_WITHDRAWAL,1085.42,0.00,TRAVEL,WEB_PORTAL,Mumbai,85109.15,0
TXN000982,2026-03-25 09:10:12,CUST1357,ACC539459,POS_DEBIT,13429.60,0.00,INVESTMENT,ATM_KIOSK,Bengaluru,115705.56,1
TXN000983,2026-03-27 00:35:50,CUST1915,ACC726134,NET_BANKING_DEBIT,6579.92,0.00,ENTERTAINMENT,MOBILE_APP,Bengaluru,149024.46,0
TXN000984,2026-03-27 23:46:20,CUST1014,ACC257817,UPI_TRANSFER,9977.74,0.00,INVESTMENT,WEB_PORTAL,Ahmedabad,187573.80,0
TXN000985,2026-03-17 23:00:28,CUST1965,ACC972950,UPI_TRANSFER,1748.42,0.00,DINING,ATM_KIOSK,Delhi,110500.86,0
TXN000986,2026-03-18 05:38:24,CUST1221,ACC464994,POS_DEBIT,3318.41,0.00,ENTERTAINMENT,WEB_PORTAL,Mumbai,113741.39,0
TXN000987,2026-03-10 16:52:55,CUST1127,ACC833287,UPI_TRANSFER,12216.00,0.00,INVESTMENT,ATM_KIOSK,Kolkata,18804.95,1
TXN000988,2026-03-14 16:48:21,CUST1116,ACC284354,SALARY_CREDIT,0.00,29621.03,INVESTMENT,ATM_KIOSK,Pune,209623.68,0
TXN000989,2026-03-10 21:44:43,CUST1447,ACC764909,ATM_WITHDRAWAL,8313.67,0.00,TRAVEL,BRANCH,Delhi,117430.90,0
TXN000990,2026-03-21 00:39:59,CUST1421,ACC208711,POS_DEBIT,12098.80,0.00,INVESTMENT,BRANCH,Delhi,39395.83,1
TXN000991,2026-03-10 13:13:14,CUST1795,ACC576713,NET_BANKING_DEBIT,6689.35,0.00,UTILITIES,MOBILE_APP,Hyderabad,22669.35,0
TXN000992,2026-03-26 14:26:58,CUST1840,ACC776184,SALARY_CREDIT,0.00,71538.60,UTILITIES,MOBILE_APP,Pune,97394.22,0
TXN000993,2026-03-10 13:43:15,CUST1004,ACC534694,ATM_WITHDRAWAL,7638.03,0.00,GROCERY,MOBILE_APP,Mumbai,169790.23,0
TXN000994,2026-03-17 23:38:20,CUST1343,ACC278688,ATM_WITHDRAWAL,11868.13,0.00,UTILITIES,WEB_PORTAL,Kolkata,212580.86,1
TXN000995,2026-03-19 13:08:40,CUST1399,ACC863481,ATM_WITHDRAWAL,9263.21,0.00,DINING,ATM_KIOSK,Pune,27121.53,0
TXN000996,2026-03-23 04:32:07,CUST1646,ACC704958,INTEREST_CREDIT,0.00,16091.06,UTILITIES,POS_TERMINAL,Bengaluru,69277.83,0
TXN000997,2026-03-21 18:09:01,CUST1632,ACC841947,UPI_TRANSFER,3096.25,0.00,ELECTRONICS,BRANCH,Kolkata,117793.94,0
TXN000998,2026-03-15 20:40:49,CUST1366,ACC295617,POS_DEBIT,11147.98,0.00,ENTERTAINMENT,WEB_PORTAL,Chennai,45678.78,1
TXN000999,2026-03-26 12:49:16,CUST1675,ACC154262,ATM_WITHDRAWAL,8054.49,0.00,TRAVEL,MOBILE_APP,Bengaluru,198306.80,0
TXN001000,2026-03-04 14:59:38,CUST1125,ACC212278,NET_BANKING_DEBIT,395.96,0.00,DINING,POS_TERMINAL,Chennai,218730.68,0
